Idx,Token,Lemma,PoS,Dependency,Dependency_head_idx,Dependency_head_text
0,Achim,Achim,PROPN,ROOT,0,Achim
1,von,von,ADP,pg,0,Achim
2,Arnim,Arnim,PROPN,nk,1,von
3,Frau,Frau,NOUN,ROOT,3,Frau
4,von,von,ADP,pg,3,Frau
5,Saverne,Saverne,PROPN,nk,4,von
6,(,--,PUNCT,punct,7,1817
7,1817,1817,NUM,ROOT,7,1817
8,),--,PUNCT,punct,7,1817
9,Der,der,DET,nk,11,Krieg
10,amerikanische,amerikanisch,ADJ,nk,11,Krieg
11,Krieg,Krieg,NOUN,sb,12,hatte
12,hatte,haben,AUX,ROOT,12,hatte
13,England,England,PROPN,oa,14,gedemütigt
14,gedemütigt,demütigen,VERB,oc,12,hatte
15,und,und,CCONJ,cd,14,gedemütigt
16,den,der,DET,nk,17,Ruhm
17,Ruhm,Ruhm,NOUN,cj,15,und
18,der,der,DET,nk,19,französischen
19,französischen,französisch,ADJ,ag,17,Ruhm
20,Waffen,Waffe,NOUN,sb,25,jubelte
21,hergestellt,herstellen,VERB,oc,20,Waffen
22,",",--,PUNCT,punct,25,jubelte
23,ganz,ganz,ADV,mo,24,Frankreich
24,Frankreich,Frankreich,PROPN,oa,25,jubelte
25,jubelte,jubeln,VERB,ROOT,25,jubelte
26,und,und,CCONJ,cd,25,jubelte
27,besang,besingen,VERB,cj,26,und
28,die,der,DET,nk,29,Weisheit
29,Weisheit,Weisheit,NOUN,oa,27,besang
30,seines,sein,DET,punct,25,jubelte
31,Königs,Königs,PROPN,pnc,32,Ludwig
32,Ludwig,Ludwig,PROPN,ROOT,32,Ludwig
33,des,der,DET,nk,34,Sechzehnten
34,Sechzehnten,Sechzehnte,NOUN,ag,32,Ludwig
35,.,--,PUNCT,punct,32,Ludwig
36,Weil,weil,SCONJ,cp,39,Geschlecht
37,das,der,DET,nk,39,Geschlecht
38,weibliche,weiblich,ADJ,nk,39,Geschlecht
39,Geschlecht,Geschlecht,NOUN,ROOT,39,Geschlecht
40,dort,dort,ADV,mnr,39,Geschlecht
41,etwas,etwas,ADV,mo,42,mehr
42,mehr,mehr,PRON,mo,40,dort
43,als,als,SCONJ,cp,51,teilnahm
44,in,in,ADP,mo,51,teilnahm
45,andern,anderer,ADJ,nk,46,Ländern
46,Ländern,Land,NOUN,nk,44,in
47,an,an,ADP,op,51,teilnahm
48,den,der,DET,nk,50,Angelegenheiten
49,öffentlichen,öffentlich,ADJ,nk,50,Angelegenheiten
50,Angelegenheiten,Angelegenheit,NOUN,nk,47,an
51,teilnahm,teilnehmen,VERB,re,53,so
52,",",--,PUNCT,punct,53,so
53,so,so,ADV,mo,54,wurde
54,wurde,werden,AUX,ROOT,54,wurde
55,auch,auch,ADV,mo,57,Frau
56,manche,mancher,DET,nk,57,Frau
57,Frau,Frau,NOUN,sb,67,hielt
58,von,von,ADP,sbp,64,ergriffen
59,der,der,DET,nk,60,Begeisterung
60,Begeisterung,Begeisterung,NOUN,nk,58,von
61,für,für,ADP,mnr,60,Begeisterung
62,den,der,DET,nk,63,König
63,König,König,NOUN,nk,61,für
64,ergriffen,ergreifen,VERB,oc,57,Frau
65,",",--,PUNCT,punct,67,hielt
66,nur,nur,ADV,mo,67,hielt
67,hielt,halten,VERB,ROOT,67,hielt
68,sich,sich,PRON,oa,67,hielt
69,diese,dieser,PRON,nk,70,mehr
70,mehr,mehr,ADV,ROOT,70,mehr
71,an,an,ADP,mnr,70,mehr
72,die,der,DET,nk,73,Gestalt
73,Gestalt,Gestalt,NOUN,nk,71,an
74,und,und,CCONJ,cd,73,Gestalt
75,Person,Person,NOUN,cj,74,und
76,als,als,ADP,cm,77,an
77,an,an,ADP,cc,71,an
78,die,der,DET,nk,79,Weisheit
79,Weisheit,Weisheit,NOUN,nk,77,an
80,",",--,PUNCT,punct,79,Weisheit
81,die,der,PRON,sb,83,eine
82,nur,nur,ADV,mo,83,eine
83,eine,ein,PRON,ROOT,83,eine
84,allegorische,allegorisch,ADJ,nk,85,Figur
85,Figur,Figur,NOUN,pd,86,sein
86,sein,sein,AUX,oc,87,kann
87,kann,können,AUX,ROOT,87,kann
88,.,--,PUNCT,punct,87,kann
89,Es,es,PRON,sb,90,war
90,war,sein,AUX,ROOT,90,war
91,nichts,nichts,DET,nk,92,Seltenes
92,Seltenes,Seltenes,NOUN,pd,90,war
93,in,in,ADP,mnr,92,Seltenes
94,Frankreich,Frankreich,PROPN,nk,93,in
95,",",--,PUNCT,punct,92,Seltenes
96,des,der,DET,nk,97,Königs
97,Königs,König,NOUN,dep,90,war
98,Brustbild,Brustbild,NOUN,ROOT,98,Brustbild
99,",",--,PUNCT,punct,98,Brustbild
100,mit,mit,ADP,mo,102,geschmückt
101,Blumen,Blume,NOUN,nk,100,mit
102,geschmückt,schmücken,VERB,oc,98,Brustbild
103,",",--,PUNCT,punct,102,geschmückt
104,wie,wie,ADP,cm,106,Hausgott
105,einen,ein,DET,nk,106,Hausgott
106,Hausgott,Hausgott,NOUN,mo,102,geschmückt
107,in,in,ADP,mnr,106,Hausgott
108,den,der,DET,nk,109,Schlafzimmern
109,Schlafzimmern,Schlafzimmer,NOUN,nk,107,in
110,reicher,reich,ADJ,nk,111,Frauen
111,Frauen,Frau,NOUN,da,113,finden
112,zu,zu,PART,pm,113,finden
113,finden,finden,VERB,ROOT,113,finden
114,",",--,PUNCT,punct,113,finden
115,wo,wo,SCONJ,mo,118,Haubenstöcke
116,sonst,sonst,ADV,mo,118,Haubenstöcke
117,nur,nur,ADV,mo,118,Haubenstöcke
118,Haubenstöcke,Haubenstöck,NOUN,app,113,finden
119,und,und,CCONJ,cd,118,Haubenstöcke
120,Modepuppen,Modepuppe,NOUN,cj,119,und
121,gesehen,sehen,VERB,oc,118,Haubenstöcke
122,wurden,werden,AUX,ROOT,122,wurden
123,.,--,PUNCT,punct,122,wurden
124,Allmählich,allmählich,ADV,pd,125,war
125,war,sein,AUX,ROOT,125,war
126,dieser,dieser,DET,nk,127,Enthusiasmus
127,Enthusiasmus,Enthusiasmus,NOUN,sb,125,war
128,",",--,PUNCT,punct,125,war
129,wie,wie,ADP,cm,130,alles
130,alles,alle,PRON,mo,125,war
131,in,in,ADP,mnr,130,alles
132,der,der,DET,nk,133,unruhigen
133,unruhigen,unruhig,NOUN,nk,131,in
134,",",--,PUNCT,punct,125,war
135,tadelsüchtigen,tadelsüchtig,ADJ,nk,136,Hauptstadt
136,Hauptstadt,Hauptstadt,NOUN,ROOT,136,Hauptstadt
137,verschwunden,verschwinden,VERB,oc,136,Hauptstadt
138,;,--,PUNCT,punct,136,Hauptstadt
139,der,der,DET,nk,140,König
140,König,König,NOUN,sb,141,wurde
141,wurde,werden,AUX,ROOT,141,wurde
142,um,um,ADP,mo,141,wurde
143,schlechtes,schlecht,ADJ,nk,144,Wetter
144,Wetter,Wetter,NOUN,nk,142,um
145,",",--,PUNCT,punct,141,wurde
146,verdorbenes,verdorben,ADJ,nk,147,Mittagessen
147,Mittagessen,Mittagessen,NOUN,ROOT,147,Mittagessen
148,und,und,CCONJ,cd,147,Mittagessen
149,langweilige,langweilig,ADJ,nk,150,Liebhaber
150,Liebhaber,Liebhaber,NOUN,cj,148,und
151,verlästert,verlästern,VERB,oc,147,Mittagessen
152,",",--,PUNCT,punct,151,verlästert
153,erst,erst,ADV,mo,154,schwanden
154,schwanden,schwanden,VERB,par,147,Mittagessen
155,die,der,DET,nk,156,Blumen
156,Blumen,Blume,NOUN,re,158,dann
157,",",--,PUNCT,punct,158,dann
158,dann,dann,ADV,mo,164,gebraucht
159,wurden,werden,AUX,ROOT,159,wurden
160,die,der,DET,nk,161,Brustbilder
161,Brustbilder,Brustbilder,NOUN,sb,159,wurden
162,als,als,ADP,mo,164,gebraucht
163,Haubenstöcke,Haubenstöck,NOUN,nk,162,als
164,gebraucht,brauchen,VERB,oc,159,wurden
165,",",--,PUNCT,punct,159,wurden
166,bald,bald,ADV,dep,159,wurden
167,erschienen,erscheinen,VERB,ROOT,167,erschienen
168,Karikaturen,Karikatur,NOUN,oa,167,erschienen
169,",",--,PUNCT,punct,167,erschienen
170,während,während,SCONJ,cp,172,Provinzen
171,entferntere,entfernt,ADJ,nk,172,Provinzen
172,Provinzen,Provinz,NOUN,mo,167,erschienen
173,noch,noch,CCONJ,cd,172,Provinzen
174,in,in,ADP,cj,173,noch
175,Ehrfurcht,Ehrfurcht,NOUN,nk,174,in
176,und,und,CCONJ,cd,172,Provinzen
177,Bewunderung,Bewunderung,NOUN,oa,182,verharrten
178,zu,zu,ADP,mnr,177,Bewunderung
179,dem,der,DET,nk,181,Könige
180,fernen,fern,ADJ,nk,181,Könige
181,Könige,König,NOUN,nk,178,zu
182,verharrten,verharren,VERB,ROOT,182,verharrten
183,.,--,PUNCT,punct,182,verharrten
184,Niemand,niemand,PRON,sb,185,war
185,war,sein,AUX,ROOT,185,war
186,so,so,ADV,mo,187,eifrig
187,eifrig,eifrig,ADV,pd,185,war
188,in,in,ADP,mo,185,war
189,ihrer,ihr,DET,da,187,eifrig
190,Verehrung,Verehrung,NOUN,ROOT,190,Verehrung
191,wie,wie,ADP,cm,192,Frau
192,Frau,Frau,NOUN,cc,190,Verehrung
193,von,von,ADP,pg,192,Frau
194,Saverne,Saverne,PROPN,nk,193,von
195,",",--,PUNCT,punct,190,Verehrung
196,die,der,DET,nk,198,Witwe
197,reiche,reich,ADJ,nk,198,Witwe
198,Witwe,Witwe,NOUN,cj,190,Verehrung
199,eines,ein,DET,nk,201,Beamten
200,päpstlichen,päpstlich,ADJ,nk,201,Beamten
201,Beamten,Beamter,NOUN,ag,198,Witwe
202,zu,zu,ADP,mnr,190,Verehrung
203,Avignon,Avignon,PROPN,ROOT,203,Avignon
204,.,--,PUNCT,punct,203,Avignon
205,Als,als,ADP,mo,211,war
206,eine,ein,DET,nk,208,Französin
207,geborne,geborn,ADJ,nk,208,Französin
208,Französin,Französin,NOUN,nk,205,Als
209,–,--,PUNCT,punct,211,war
210,sie,sie,PRON,sb,211,war
211,war,sein,AUX,ROOT,211,war
212,Tochter,Tochter,NOUN,pd,211,war
213,des,der,DET,nk,214,reichen
214,reichen,reich,ADJ,ag,212,Tochter
215,Seidenfabrikanten,Seidenfabrikant,ADJ,ag,216,Lonny
216,Lonny,Lonny,NOUN,sb,220,hatte
217,in,in,ADP,mnr,216,Lonny
218,Lyon,Lyon,PROPN,nk,217,in
219,–,--,PUNCT,punct,220,hatte
220,hatte,haben,AUX,ROOT,220,hatte
221,sie,sie,PRON,sb,220,hatte
222,das,der,DET,nk,223,Recht
223,Recht,Recht,NOUN,oa,220,hatte
224,",",--,PUNCT,punct,223,Recht
225,in,in,ADP,mo,227,Könige
226,dem,der,PRON,nk,225,in
227,Könige,König,NOUN,dep,220,hatte
228,den,der,DET,oa,220,hatte
229,Landesvater,Landesvater,NOUN,ROOT,229,Landesvater
230,zu,zu,PART,pm,231,ehren
231,ehren,ehren,VERB,oc,229,Landesvater
232,;,--,PUNCT,punct,229,Landesvater
233,sein,sein,DET,nk,234,Brustbild
234,Brustbild,Brustbild,NOUN,sb,235,war
235,war,sein,AUX,ROOT,235,war
236,ihr,ihr,DET,nk,238,Schatz
237,höchster,hoch,ADJ,nk,238,Schatz
238,Schatz,Schatz,NOUN,pd,235,war
239,",",--,PUNCT,punct,238,Schatz
240,zum,zu,ADP,app,238,Schatz
241,Ärger,Ärger,NOUN,nk,240,zum
242,des,der,DET,punct,235,war
243,Beichtvaters,Beichtvater,PROPN,ROOT,243,Beichtvaters
244,",",--,PUNCT,punct,243,Beichtvaters
245,der,der,PRON,da,254,gesetzt
246,lieber,lieber,ADV,mo,254,gesetzt
247,das,der,DET,nk,248,Bild
248,Bild,Bild,NOUN,oa,254,gesetzt
249,ihres,ihr,DET,nk,250,Schutzpatrons
250,Schutzpatrons,Schutzpatron,NOUN,ag,248,Bild
251,an,an,ADP,mo,254,gesetzt
252,die,der,DET,nk,253,Stelle
253,Stelle,Stelle,NOUN,nk,251,an
254,gesetzt,setzen,VERB,rc,243,Beichtvaters
255,hätte,haben,AUX,ROOT,255,hätte
256,.,--,PUNCT,punct,255,hätte
257,Sie,sie,PRON,sb,258,vergaß
258,vergaß,vergessen,VERB,ROOT,258,vergaß
259,alle,aller,DET,nk,260,Freunde
260,Freunde,Freund,NOUN,oa,258,vergaß
261,und,und,CCONJ,cd,260,Freunde
262,Verehrer,Verehrer,NOUN,cj,261,und
263,bei,bei,ADP,mnr,260,Freunde
264,dem,der,DET,nk,265,Wunsche
265,Wunsche,Wunsche,NOUN,nk,263,bei
266,",",--,PUNCT,punct,263,bei
267,in,in,ADP,cj,263,bei
268,Paris,Paris,PROPN,nk,267,in
269,die,der,DET,svp,258,vergaß
270,Strahlen,strahlen,NOUN,ROOT,270,Strahlen
271,der,der,DET,nk,273,Huld
272,königlichen,königlich,ADJ,nk,273,Huld
273,Huld,Huld,NOUN,ag,270,Strahlen
274,in,in,ADP,mnr,270,Strahlen
275,der,der,DET,nk,276,Nähe
276,Nähe,Nähe,NOUN,nk,274,in
277,mitzugenießen,mitzugenießen,ADV,oc,270,Strahlen
278,.,--,PUNCT,punct,270,Strahlen
279,Vergebens,vergebens,ADV,mo,280,suchte
280,suchte,suchen,VERB,ROOT,280,suchte
281,ihr,ihr,PRON,da,280,suchte
282,Beichtvater,Beichtvater,NOUN,sb,286,hindern
283,diesen,dieser,DET,nk,284,Entschluß
284,Entschluß,Entschluß,NOUN,oa,286,hindern
285,zu,zu,PART,pm,286,hindern
286,hindern,hindern,VERB,ROOT,286,hindern
287,",",--,PUNCT,punct,286,hindern
288,er,er,PRON,sb,289,sprach
289,sprach,sprechen,VERB,cj,286,hindern
290,zu,zu,ADP,op,289,sprach
291,ihr,ihr,PRON,nk,290,zu
292,von,von,ADP,op,289,sprach
293,der,der,DET,nk,294,Neigung
294,Neigung,Neigung,NOUN,nk,292,von
295,seines,sein,DET,nk,298,Bruders
296,damals,damals,ADV,mo,297,abwesenden
297,abwesenden,abwesend,ADJ,nk,298,Bruders
298,Bruders,Bruder,NOUN,ROOT,298,Bruders
299,",",--,PUNCT,punct,298,Bruders
300,des,der,DET,nk,302,Hauptmanns
301,päpstlichen,päpstlich,ADJ,nk,302,Hauptmanns
302,Hauptmanns,Hauptmann,NOUN,app,298,Bruders
303,",",--,PUNCT,punct,298,Bruders
304,aber,aber,CCONJ,cd,298,Bruders
305,Frau,Frau,NOUN,cj,304,aber
306,von,von,ADP,pg,305,Frau
307,Saverne,Saverne,NOUN,sb,308,wollte
308,wollte,wollen,AUX,ROOT,308,wollte
309,wenigstens,wenigstens,ADV,mo,310,einmal
310,einmal,einmal,ADV,mo,308,wollte
311,den,der,DET,nk,312,König
312,König,König,NOUN,oa,313,sehen
313,sehen,sehen,VERB,oc,308,wollte
314,",",--,PUNCT,punct,313,sehen
315,sie,sie,PRON,sb,316,glaubte
316,glaubte,glauben,VERB,cj,313,sehen
317,sonst,sonst,ADV,mo,316,glaubte
318,nicht,nicht,PART,ng,316,glaubte
319,ruhig,ruhig,ADV,mo,316,glaubte
320,leben,leben,VERB,oc,322,können
321,zu,zu,PART,pm,322,können
322,können,können,AUX,ROOT,322,können
323,und,und,CCONJ,cd,322,können
324,meinte,meinen,VERB,cj,323,und
325,",",--,PUNCT,punct,324,meinte
326,der,der,DET,nk,327,Wunsch
327,Wunsch,Wunsch,NOUN,sb,328,sei
328,sei,sein,AUX,oc,324,meinte
329,so,so,ADV,mo,330,unschuldig
330,unschuldig,unschuldig,ADV,pd,328,sei
331,",",--,PUNCT,punct,330,unschuldig
332,so,so,ADV,mo,333,natürlich
333,natürlich,natürlich,ADV,mo,328,sei
334,",",--,PUNCT,punct,328,sei
335,und,und,CCONJ,cd,328,sei
336,wenn,wenn,SCONJ,cp,344,begäben
337,sich,sich,PRON,oa,344,begäben
338,andre,andr,ADJ,nk,339,Frauen
339,Frauen,Frau,NOUN,sb,344,begäben
340,der,der,DET,nk,341,Gegend
341,Gegend,Gegend,NOUN,ag,339,Frauen
342,nach,nach,ADP,mnr,341,Gegend
343,Paris,Paris,PROPN,nk,342,nach
344,begäben,begäben,VERB,ROOT,344,begäben
345,",",--,PUNCT,punct,344,begäben
346,um,um,SCONJ,cp,348,ungezwungen
347,dort,dort,ADV,mo,348,ungezwungen
348,ungezwungen,ungezwungen,NOUN,mo,344,begäben
349,mit,mit,ADP,mo,348,ungezwungen
350,Liebhabern,Liebhaber,NOUN,oa,352,schwärmen
351,zu,zu,PART,pm,352,schwärmen
352,schwärmen,schwärmen,VERB,re,354,so
353,",",--,PUNCT,punct,354,so
354,so,so,ADV,mo,355,sei
355,sei,sein,AUX,ROOT,355,sei
356,es,es,PRON,sb,355,sei
357,wohl,wohl,ADV,mo,359,vergönnt
358,ihr,ihr,PRON,da,359,vergönnt
359,vergönnt,vergönnen,VERB,oc,355,sei
360,",",--,PUNCT,punct,355,sei
361,der,der,DET,nk,363,Schwärmerei
362,reinsten,reinst,ADJ,nk,363,Schwärmerei
363,Schwärmerei,Schwärmerei,NOUN,dep,355,sei
364,etwas,etwas,PRON,oa,366,erlauben
365,zu,zu,PART,pm,366,erlauben
366,erlauben,erlauben,VERB,ROOT,366,erlauben
367,",",--,PUNCT,punct,366,erlauben
368,welche,welcher,PRON,app,364,etwas
369,die,der,DET,nk,370,Anhänglichkeit
370,Anhänglichkeit,Anhänglichkeit,NOUN,dep,366,erlauben
371,an,an,ADP,mnr,370,Anhänglichkeit
372,den,der,DET,nk,373,Vater
373,Vater,Vater,NOUN,nk,371,an
374,ihres,ihr,DET,nk,375,Vaterlandes
375,Vaterlandes,Vaterland,NOUN,ag,373,Vater
376,erzeugt,erzeugen,VERB,oc,377,habe
377,habe,haben,AUX,ROOT,377,habe
378,.,--,PUNCT,punct,377,habe
379,Der,der,DET,nk,380,Beichtvater
380,Beichtvater,Beichtvater,NOUN,sb,382,blieb
381,aber,aber,ADV,mo,382,blieb
382,blieb,bleiben,VERB,ROOT,382,blieb
383,dabei,dabei,ADV,mo,382,blieb
384,:,--,PUNCT,punct,382,blieb
385,kein,kein,DET,nk,386,Mensch
386,Mensch,Mensch,NOUN,sb,387,müsse
387,müsse,müssen,AUX,oc,382,blieb
388,in,in,ADP,mo,387,müsse
389,guter,gut,ADJ,nk,388,in
390,Absicht,Absicht,NOUN,oa,398,betrogen
391,nach,nach,ADP,mnr,390,Absicht
392,Paris,Paris,PROPN,nk,391,nach
393,gehen,gehen,VERB,oc,390,Absicht
394,",",--,PUNCT,punct,396,werde
395,sonst,sonst,ADV,mo,398,betrogen
396,werde,werden,AUX,ROOT,396,werde
397,er,er,PRON,sb,396,werde
398,betrogen,betrügen,VERB,oc,396,werde
399,;,--,PUNCT,punct,396,werde
400,habe,haben,AUX,ROOT,400,habe
401,einer,ein,PRON,nk,403,Böses
402,etwas,etwas,DET,nk,403,Böses
403,Böses,böse,NOUN,sb,400,habe
404,vor,vor,ADP,svp,400,habe
405,",",--,PUNCT,punct,400,habe
406,nun,nun,ADV,mo,409,fände
407,",",--,PUNCT,punct,408,so
408,so,so,ADV,mo,409,fände
409,fände,fände,VERB,ROOT,409,fände
410,er,er,PRON,sb,409,fände
411,da,da,ADV,mo,409,fände
412,seinen,sein,DET,nk,413,Spielraum
413,Spielraum,Spielraum,NOUN,oa,409,fände
414,.,--,PUNCT,punct,409,fände
415,Unterwegs,unterwegs,ADV,mo,416,erinnerte
416,erinnerte,erinnern,VERB,ROOT,416,erinnerte
417,sie,sie,PRON,sb,416,erinnerte
418,sich,sich,PRON,oa,416,erinnerte
419,oft,oft,ADV,mo,416,erinnerte
420,des,der,DET,nk,421,Gesprächs
421,Gesprächs,Gespräch,NOUN,og,416,erinnerte
422,und,und,CCONJ,cd,416,erinnerte
423,mußte,müssen,AUX,cj,422,und
424,des,der,DET,nk,425,Erbfeindes
425,Erbfeindes,Erbfeind,NOUN,da,423,mußte
426,von,von,ADP,pg,425,Erbfeindes
427,Paris,Paris,PROPN,sb,428,lachen
428,lachen,lachen,VERB,ROOT,428,lachen
429,",",--,PUNCT,punct,428,lachen
430,der,der,PRON,sb,441,verdammte
431,",",--,PUNCT,punct,441,verdammte
432,ohne,ohne,SCONJ,cp,435,kennen
433,sie,sie,PRON,oa,435,kennen
434,zu,zu,PART,pm,435,kennen
435,kennen,kennen,VERB,mo,441,verdammte
436,",",--,PUNCT,punct,441,verdammte
437,eine,ein,DET,nmc,439,Million
438,halbe,halb,ADJ,nmc,439,Million
439,Million,Million,NOUN,oa,441,verdammte
440,Menschen,Mensch,NOUN,nk,439,Million
441,verdammte,verdammen,VERB,rc,428,lachen
442,;,--,PUNCT,punct,428,lachen
443,aber,aber,CCONJ,ju,445,blieb
444,unangenehm,unangenehm,ADV,mo,445,blieb
445,blieb,bleiben,VERB,ROOT,445,blieb
446,ihr,ihr,PRON,da,445,blieb
447,immer,immer,ADV,mo,445,blieb
448,sein,sein,DET,nk,450,Wort
449,letztes,letzter,ADJ,nk,450,Wort
450,Wort,Wort,NOUN,pd,445,blieb
451,",",--,PUNCT,punct,445,blieb
452,als,als,SCONJ,cm,453,sie
453,sie,sie,PRON,cc,450,Wort
454,des,der,DET,nk,455,Königs
455,Königs,König,NOUN,ag,456,Büste
456,Büste,Büste,PROPN,pd,453,sie
457,sauber,Sauber,PROPN,mo,458,einpackte
458,einpackte,einpacken,VERB,ROOT,458,einpackte
459,:,--,PUNCT,punct,458,einpackte
460,«,--,PUNCT,punct,462,beschweren
461,Jetzt,jetzt,ADV,mo,462,beschweren
462,beschweren,beschweren,VERB,rs,458,einpackte
463,Sie,sie,PRON,sb,462,beschweren
464,ihren,ihr,DET,nk,465,Wagen
465,Wagen,Wagen,NOUN,oa,462,beschweren
466,mit,mit,ADP,mo,462,beschweren
467,dem,der,DET,nk,468,Bilde
468,Bilde,Bilde,NOUN,nk,466,mit
469,",",--,PUNCT,punct,462,beschweren
470,und,und,CCONJ,cd,462,beschweren
471,werden,werden,AUX,cj,470,und
472,die,der,DET,nk,473,Kiste
473,Kiste,Kiste,NOUN,sb,481,wiegen
474,sorgsam,sorgsam,ADV,mo,481,wiegen
475,wie,wie,ADP,cm,477,Kind
476,ein,ein,DET,nk,477,Kind
477,Kind,Kind,NOUN,mo,481,wiegen
478,auf,auf,ADP,mo,481,wiegen
479,ihrem,ihr,DET,nk,480,Schoß
480,Schoß,Schoß,NOUN,nk,478,auf
481,wiegen,wiegen,VERB,ROOT,481,wiegen
482,",",--,PUNCT,punct,481,wiegen
483,aber,aber,CCONJ,cd,481,wiegen
484,wenn,wenn,SCONJ,ROOT,484,wenn
485,Sie,sie,PRON,sb,484,wenn
486,zurückkommen,zurückkommen,VERB,mo,488,nehmen
487,",",--,PUNCT,punct,488,nehmen
488,nehmen,nehmen,VERB,ROOT,488,nehmen
489,Sie,sie,PRON,sb,488,nehmen
490,kein,kein,DET,nk,491,Geldstück
491,Geldstück,Geldstück,NOUN,oa,488,nehmen
492,mit,mit,ADP,mnr,491,Geldstück
493,dem,der,DET,nk,494,Bilde
494,Bilde,Bild,NOUN,nk,492,mit
495,ohne,ohne,ADP,mnr,494,Bilde
496,Schauder,Schauder,NOUN,nk,495,ohne
497,in,in,ADP,mo,488,nehmen
498,die,der,DET,nk,497,in
499,Hand,Hand,NOUN,ROOT,499,Hand
500,;,--,PUNCT,punct,499,Hand
501,so,so,ADV,mo,506,büßen
502,werden,werden,AUX,ROOT,502,werden
503,Sie,sie,PRON,sb,502,werden
504,Ihre,ihr,DET,nk,505,Lust
505,Lust,Lust,NOUN,oa,506,büßen
506,büßen,büßen,VERB,oc,502,werden
507,.,--,PUNCT,punct,502,werden
508,»,--,PUNCT,punct,502,werden
509,Aber,aber,CCONJ,ju,511,schob
510,sie,sie,PRON,sb,511,schob
511,schob,schieben,VERB,ROOT,511,schob
512,das,der,DET,nk,513,alles
513,alles,alle,PRON,oa,511,schob
514,auf,auf,ADP,mo,511,schob
515,den,der,DET,nk,516,Ärger
516,Ärger,Ärger,NOUN,nk,514,auf
517,",",--,PUNCT,punct,511,schob
518,den,der,PRON,ROOT,518,den
519,der,der,DET,nk,520,Mann
520,Mann,Mann,NOUN,ag,518,den
521,empfunden,empfinden,VERB,oc,518,den
522,",",--,PUNCT,punct,521,empfunden
523,daß,daß,SCONJ,cp,529,habe
524,sie,sie,PRON,sb,529,habe
525,ihr,ihr,DET,nk,527,Vermögen
526,dortiges,dortig,ADJ,nk,527,Vermögen
527,Vermögen,Vermögen,NOUN,oa,528,einkassiert
528,einkassiert,einkassieren,VERB,oc,529,habe
529,habe,haben,AUX,oc,521,empfunden
530,",",--,PUNCT,punct,529,habe
531,statt,statt,SCONJ,mnr,518,den
532,es,es,PRON,ph,536,vermachen
533,dem,der,DET,nk,534,Kloster
534,Kloster,Kloster,NOUN,da,536,vermachen
535,zu,zu,PART,pm,536,vermachen
536,vermachen,vermach,VERB,ROOT,536,vermachen
537,",",--,PUNCT,punct,536,vermachen
538,noch,noch,ADV,mo,539,mehr
539,mehr,mehr,ADV,mo,540,auf
540,auf,auf,ADP,op,536,vermachen
541,den,der,DET,nk,542,Verlust
542,Verlust,Verlust,NOUN,nk,540,auf
543,des,der,DET,nk,545,Tisches
544,guten,gut,ADJ,nk,545,Tisches
545,Tisches,Tisch,NOUN,ag,542,Verlust
546,in,in,ADP,mo,536,vermachen
547,ihrem,ihr,DET,nk,548,Hause
548,Hause,Haus,NOUN,ROOT,548,Hause
549,.,--,PUNCT,punct,548,Hause
550,Am,am,PART,pm,551,verdrießlichsten
551,verdrießlichsten,verdrießlichsten,ADV,oc,552,war
552,war,sein,AUX,ROOT,552,war
553,es,es,PRON,sb,552,war
554,ihr,ihr,PRON,da,552,war
555,",",--,PUNCT,punct,552,war
556,daß,daß,SCONJ,cp,560,abgeredet
557,er,er,PRON,sb,560,abgeredet
558,ihrem,ihr,DET,nk,559,Mädchen
559,Mädchen,Mädchen,NOUN,da,560,abgeredet
560,abgeredet,abgereden,VERB,re,553,es
561,hatte,haben,AUX,ROOT,561,hatte
562,",",--,PUNCT,punct,561,hatte
563,sie,sie,PRON,oa,568,begleiten
564,nach,nach,ADP,mo,568,begleiten
565,der,der,DET,nk,566,Frevelstadt
566,Frevelstadt,Frevelstadt,NOUN,nk,564,nach
567,zu,zu,PART,pm,568,begleiten
568,begleiten,begleiten,VERB,oc,561,hatte
569,;,--,PUNCT,punct,561,hatte
570,sie,sie,PRON,sb,571,mußte
571,mußte,müssen,AUX,ROOT,571,mußte
572,nun,nun,ADV,mo,571,mußte
573,eine,ein,DET,nk,574,Pariserin
574,Pariserin,Pariserin,NOUN,oc,571,mußte
575,mitnehmen,mitnehmen,VERB,ROOT,575,mitnehmen
576,",",--,PUNCT,punct,575,mitnehmen
577,welche,welcher,PRON,sb,582,hatte
578,gleichfalls,gleichfalls,ADV,mo,581,gehegt
579,den,der,DET,nk,580,Wunsch
580,Wunsch,Wunsch,NOUN,oa,581,gehegt
581,gehegt,hegen,VERB,oc,582,hatte
582,hatte,haben,AUX,rc,575,mitnehmen
583,",",--,PUNCT,punct,585,zurückzukehren
584,dahin,dahin,ADV,mo,585,zurückzukehren
585,zurückzukehren,zurückkehren,VERB,oc,575,mitnehmen
586,.,--,PUNCT,punct,575,mitnehmen
587,Dies,dieser,PRON,nk,588,Mädchen
588,Mädchen,Mädchen,NOUN,oa,589,hieß
589,hieß,heißen,VERB,ROOT,589,hieß
590,Manon,Manon,PROPN,sb,589,hieß
591,",",--,PUNCT,punct,589,hieß
592,war,sein,AUX,oc,589,hieß
593,längst,längst,ADV,mo,592,war
594,über,über,ADP,mo,592,war
595,die,der,DET,nk,596,Jugend
596,Jugend,Jugend,NOUN,nk,594,über
597,hinaus,hinaus,ADV,ac,594,über
598,und,und,CCONJ,cd,592,war
599,hatte,haben,AUX,cj,598,und
600,im,in,ADP,mo,599,hatte
601,Auslande,auslande,NOUN,ROOT,601,Auslande
602,die,der,DET,nk,603,Kinderlehrerin
603,Kinderlehrerin,Kinderlehrerin,NOUN,sb,601,Auslande
604,gespielt,spielen,VERB,oc,601,Auslande
605,;,--,PUNCT,punct,601,Auslande
606,sie,sie,PRON,sb,607,wußte
607,wußte,wissen,VERB,ROOT,607,wußte
608,viel,viel,PRON,oa,607,wußte
609,von,von,ADP,op,607,wußte
610,ihren,ihr,DET,nk,611,Schicksalen
611,Schicksalen,Schicksale,NOUN,nk,609,von
612,zu,zu,ADP,svp,607,wußte
613,erzählen,erzählen,VERB,ROOT,613,erzählen
614,",",--,PUNCT,punct,613,erzählen
615,aber,aber,CCONJ,cd,613,erzählen
616,es,es,PRON,sb,617,war
617,war,sein,AUX,cj,615,aber
618,immer,immer,ADV,mo,617,war
619,",",--,PUNCT,punct,617,war
620,als,als,SCONJ,cm,624,fehlte
621,ob,ob,SCONJ,cp,624,fehlte
622,der,der,DET,nk,623,Faden
623,Faden,Faden,NOUN,sb,624,fehlte
624,fehlte,fehlen,VERB,cc,618,immer
625,",",--,PUNCT,punct,624,fehlte
626,der,der,PRON,sb,629,Seltsame
627,all,all,DET,nk,629,Seltsame
628,das,der,DET,nk,629,Seltsame
629,Seltsame,Seltsame,NOUN,dep,613,erzählen
630,verbinden,verbinden,VERB,oc,631,sollte
631,sollte,sollen,AUX,ROOT,631,sollte
632,;,--,PUNCT,punct,631,sollte
633,Frau,Frau,NOUN,sb,636,konnte
634,von,von,ADP,pg,633,Frau
635,Saverne,Saverne,PROPN,nk,634,von
636,konnte,können,AUX,ROOT,636,konnte
637,ihr,ihr,PRON,oa,640,vertrauen
638,nicht,nicht,PART,ng,636,konnte
639,recht,recht,ADV,mo,636,konnte
640,vertrauen,vertrauen,VERB,oc,636,konnte
641,.,--,PUNCT,punct,636,konnte
642,Übrigens,übrigens,ADV,ROOT,642,Übrigens
643,wußte,wissen,VERB,ROOT,643,wußte
644,das,der,DET,nk,645,Mädchen
645,Mädchen,Mädchen,NOUN,sb,643,wußte
646,in,in,ADP,mnr,645,Mädchen
647,Paris,Paris,PROPN,nk,646,in
648,Bescheid,Bescheid,NOUN,oa,643,wußte
649,",",--,PUNCT,punct,643,wußte
650,nannte,nennen,VERB,cj,643,wußte
651,die,der,DET,nk,652,Straße
652,Straße,Straße,NOUN,oa,650,nannte
653,",",--,PUNCT,punct,652,Straße
654,durch,durch,ADP,mo,650,nannte
655,welche,welcher,PRON,nk,654,durch
656,sie,sie,PRON,oa,650,nannte
657,einfuhren,einfuhren,VERB,sb,659,ließ
658,",",--,PUNCT,punct,659,ließ
659,ließ,lassen,VERB,ROOT,659,ließ
660,den,der,DET,nk,661,Wagen
661,Wagen,Wagen,NOUN,oa,659,ließ
662,bei,bei,ADP,mo,665,stillehalten
663,einem,ein,DET,nk,664,Hotel
664,Hotel,Hotel,NOUN,nk,662,bei
665,stillehalten,stillehalen,VERB,oc,659,ließ
666,",",--,PUNCT,punct,665,stillehalten
667,wo,wo,SCONJ,mo,669,Wirtin
668,die,der,DET,nk,669,Wirtin
669,Wirtin,Wirtin,NOUN,dep,665,stillehalten
670,sie,sie,PRON,oa,665,stillehalten
671,freundlich,freundlich,ADV,mo,672,bewillkommte
672,bewillkommte,bewillkommen,VERB,ROOT,672,bewillkommte
673,",",--,PUNCT,punct,672,bewillkommte
674,auch,auch,ADV,mo,675,sogleich
675,sogleich,sogleich,ADV,mo,679,einräumte
676,die,der,DET,nk,678,Wohnung
677,gewünschte,gewünscht,ADJ,nk,678,Wohnung
678,Wohnung,Wohnung,NOUN,oa,679,einräumte
679,einräumte,einräumen,VERB,oc,672,bewillkommte
680,.,--,PUNCT,punct,672,bewillkommte
681,Ehe,ehe,ADV,ROOT,681,Ehe
682,noch,noch,ADV,mo,685,Schatulle
683,die,der,DET,nk,685,Schatulle
684,schwere,schwer,ADJ,nk,685,Schatulle
685,Schatulle,Schatulle,NOUN,ROOT,685,Schatulle
686,und,und,CCONJ,cd,685,Schatulle
687,die,der,DET,nk,688,Büste
688,Büste,Büste,NOUN,cj,686,und
689,",",--,PUNCT,punct,685,Schatulle
690,auch,auch,ADV,mo,694,Sachen
691,alle,aller,DET,nk,694,Sachen
692,andre,Andre,ADJ,mo,693,mitgebrachten
693,mitgebrachten,mitgebracht,ADJ,nk,694,Sachen
694,Sachen,Sache,NOUN,app,685,Schatulle
695,aufgestellt,aufstellen,VERB,oc,696,worden
696,worden,werden,AUX,mo,698,wollte
697,",",--,PUNCT,punct,698,wollte
698,wollte,wollen,AUX,ROOT,698,wollte
699,Frau,Frau,NOUN,sb,698,wollte
700,von,von,ADP,pg,699,Frau
701,Saverne,Saverne,PROPN,nk,700,von
702,nach,nach,ADP,mo,705,eilen
703,den,der,DET,nk,704,Tuilerien
704,Tuilerien,Tuilerie,NOUN,nk,702,nach
705,eilen,eilen,VERB,oc,698,wollte
706,",",--,PUNCT,punct,705,eilen
707,unter,unter,ADP,mo,698,wollte
708,Führung,Führung,NOUN,ROOT,708,Führung
709,ihrer,ihr,DET,nk,710,Wirtin
710,Wirtin,Wirtin,NOUN,ag,708,Führung
711,",",--,PUNCT,punct,708,Führung
712,um,um,SCONJ,cp,716,verlieren
713,keinen,kein,DET,nk,714,Augenblick
714,Augenblick,Augenblick,NOUN,oa,716,verlieren
715,zu,zu,PART,pm,716,verlieren
716,verlieren,verlieren,VERB,mo,708,Führung
717,",",--,PUNCT,punct,716,verlieren
718,wo,wo,SCONJ,mo,719,sie
719,sie,sie,PRON,ROOT,719,sie
720,vielleicht,vielleicht,ADV,mo,719,sie
721,den,der,DET,pd,719,sie
722,geliebten,geliebt,ADJ,nk,723,König
723,König,König,NOUN,da,724,erblicken
724,erblicken,erblicken,VERB,oc,725,könne
725,könne,können,AUX,ROOT,725,könne
726,.,--,PUNCT,punct,725,könne
727,Als,als,SCONJ,ROOT,727,Als
728,die,der,DET,nk,729,Wirtin
729,Wirtin,Wirtin,NOUN,nk,727,Als
730,diesen,dieser,DET,nk,731,Grund
731,Grund,Grund,NOUN,mo,727,Als
732,ihrer,ihr,DET,nk,733,Reise
733,Reise,Reise,NOUN,ag,731,Grund
734,herausgebracht,herausbringen,VERB,oc,735,hatte
735,hatte,haben,AUX,mo,737,schüttelte
736,",",--,PUNCT,punct,737,schüttelte
737,schüttelte,schütteln,VERB,ROOT,737,schüttelte
738,sie,sie,PRON,sb,737,schüttelte
739,mit,mit,ADP,mo,737,schüttelte
740,dem,der,DET,nk,741,Kopfe
741,Kopfe,Kopf,NOUN,nk,739,mit
742,und,und,CCONJ,cd,737,schüttelte
743,versicherte,versichern,VERB,cj,742,und
744,",",--,PUNCT,punct,743,versicherte
745,bei,bei,ADP,mo,743,versicherte
746,ihnen,ihnen,PRON,nk,745,bei
747,stände,ständen,VERB,ROOT,747,stände
748,kein,kein,DET,nk,749,Mensch
749,Mensch,Mensch,NOUN,sb,747,stände
750,mehr,mehr,ADV,mo,749,Mensch
751,auf,auf,ADP,svp,747,stände
752,",",--,PUNCT,punct,747,stände
753,wenn,wenn,SCONJ,cp,756,säße
754,er,er,PRON,sb,756,säße
755,warm,warm,ADV,mo,756,säße
756,säße,säßen,VERB,mo,747,stände
757,",",--,PUNCT,punct,756,säße
758,um,um,SCONJ,cp,762,sehen
759,den,der,DET,nk,760,König
760,König,König,NOUN,oa,762,sehen
761,zu,zu,PART,pm,762,sehen
762,sehen,sehen,VERB,mo,756,säße
763,;,--,PUNCT,punct,747,stände
764,er,er,PRON,sb,765,hätte
765,hätte,haben,AUX,ROOT,765,hätte
766,dies,dieser,PRON,oa,769,getan
767,und,und,CCONJ,cd,766,dies
768,jenes,jener,PRON,cj,767,und
769,getan,tun,VERB,mo,771,könne
770,",",--,PUNCT,punct,771,könne
771,könne,können,AUX,ROOT,771,könne
772,auch,auch,ADV,mo,771,könne
773,wohl,wohl,ADV,mo,771,könne
774,noch,noch,ADV,mo,771,könne
775,dies,dieser,PRON,oa,778,tun
776,und,und,CCONJ,cd,775,dies
777,jenes,jener,PRON,cj,776,und
778,tun,tun,VERB,oc,771,könne
779,.,--,PUNCT,punct,771,könne
780,Frau,Frau,NOUN,ROOT,780,Frau
781,von,von,ADP,pg,780,Frau
782,Saverne,Saverne,PROPN,nk,781,von
783,verstand,verstehen,VERB,ROOT,783,verstand
784,keinen,kein,DET,nk,785,Scherz
785,Scherz,Scherz,NOUN,oa,783,verstand
786,über,über,ADP,mo,783,verstand
787,so,so,ADV,mo,788,etwas
788,etwas,etwas,PRON,nk,786,über
789,",",--,PUNCT,punct,788,etwas
790,sie,sie,PRON,sb,791,gebot
791,gebot,Gebot,NOUN,dep,788,etwas
792,ihr,ihr,PRON,da,794,schweigen
793,zu,zu,PART,pm,794,schweigen
794,schweigen,schweigen,VERB,oc,783,verstand
795,",",--,PUNCT,punct,783,verstand
796,aber,aber,CCONJ,cd,783,verstand
797,die,der,DET,nk,798,Frau
798,Frau,Frau,NOUN,cj,796,aber
799,lachte,lachen,VERB,ROOT,799,lachte
800,höhnisch,höhnisch,ADV,mo,799,lachte
801,und,und,CCONJ,cd,799,lachte
802,versicherte,versichern,VERB,cj,801,und
803,",",--,PUNCT,punct,802,versicherte
804,sie,sie,PRON,sb,805,werde
805,werde,werden,AUX,oc,802,versicherte
806,den,der,DET,nk,807,König
807,König,König,NOUN,oa,810,sehen
808,doch,doch,ADV,mo,810,sehen
809,nicht,nicht,PART,ng,810,sehen
810,sehen,sehen,VERB,oc,805,werde
811,",",--,PUNCT,punct,799,lachte
812,denn,denn,CCONJ,cd,799,lachte
813,er,er,PRON,sb,799,lachte
814,sei,sein,AUX,ROOT,814,sei
815,in,in,ADP,mo,814,sei
816,Versailles,Versailles,PROPN,nk,815,in
817,.,--,PUNCT,punct,814,sei
818,Kaum,kaum,ADV,mo,824,gehört
819,hatte,haben,AUX,re,826,so
820,die,der,DET,nk,822,Saverne
821,gute,gut,ADJ,nk,822,Saverne
822,Saverne,Saverne,NOUN,sb,819,hatte
823,das,der,PRON,oa,824,gehört
824,gehört,gehören,VERB,oc,819,hatte
825,",",--,PUNCT,punct,826,so
826,so,so,ADV,mo,827,eilte
827,eilte,eilen,VERB,ROOT,827,eilte
828,sie,sie,PRON,sb,827,eilte
829,mit,mit,ADP,svp,827,eilte
830,Ungeduld,Ungeduld,NOUN,ROOT,830,Ungeduld
831,",",--,PUNCT,punct,830,Ungeduld
832,Pferde,Pferd,NOUN,oa,834,bestellen
833,zu,zu,PART,pm,834,bestellen
834,bestellen,bestellen,VERB,oc,830,Ungeduld
835,",",--,PUNCT,punct,830,Ungeduld
836,und,und,CCONJ,cd,830,Ungeduld
837,trotz,trotz,ADP,mo,842,reiste
838,dem,der,DET,nk,839,Verdruß
839,Verdruß,Verdruß,NOUN,nk,837,trotz
840,ihrer,ihr,DET,nk,841,Kammerjungfer
841,Kammerjungfer,Kammerjungfer,NOUN,ag,839,Verdruß
842,reiste,reisen,VERB,cj,836,und
843,sie,sie,PRON,ROOT,843,sie
844,nach,nach,ADP,mnr,843,sie
845,Versailles,Versailles,PROPN,nk,844,nach
846,noch,noch,CCONJ,mo,847,an
847,an,an,ADP,mo,843,sie
848,demselben,derselbe,DET,nk,849,Tage
849,Tage,Tag,NOUN,nk,847,an
850,",",--,PUNCT,punct,847,an
851,nachdem,nachdem,SCONJ,cp,854,Monatsmiete
852,sie,sie,PRON,nk,854,Monatsmiete
853,eine,ein,DET,nk,854,Monatsmiete
854,Monatsmiete,Monatsmiete,NOUN,ROOT,854,Monatsmiete
855,der,der,DET,ag,854,Monatsmiete
856,Wirtin,Wirtin,NOUN,sb,858,hatte
857,geschenkt,schenken,VERB,oc,858,hatte
858,hatte,haben,AUX,ROOT,858,hatte
859,.,--,PUNCT,punct,858,hatte
860,Sonderbar,Sonderbar,ADV,pd,861,war
861,war,sein,AUX,ROOT,861,war
862,es,es,PRON,sb,861,war
863,ihr,ihr,PRON,da,861,war
864,",",--,PUNCT,punct,861,war
865,daß,daß,SCONJ,cp,867,Reiter
866,ein,ein,DET,nk,867,Reiter
867,Reiter,Reiter,NOUN,re,862,es
868,den,der,DET,nk,869,Wagen
869,Wagen,Wagen,NOUN,mo,867,Reiter
870,bis,bis,ADP,ac,871,nach
871,nach,nach,ADP,mo,867,Reiter
872,Versailles,Versailles,PROPN,sb,873,begleitete
873,begleitete,begleiten,VERB,ROOT,873,begleitete
874,",",--,PUNCT,punct,873,begleitete
875,den,der,PRON,oa,877,kannte
876,niemand,niemand,PRON,sb,877,kannte
877,kannte,kennen,VERB,rc,873,begleitete
878,und,und,CCONJ,cd,877,kannte
879,der,der,DET,nk,881,mit
880,auch,auch,ADV,mo,881,mit
881,mit,mit,ADP,cj,878,und
882,ihr,ihr,PRON,nk,881,mit
883,an,an,ADP,mo,881,mit
884,demselben,derselbe,PRON,nk,883,an
885,Hotel,Hotel,NOUN,sb,886,abstieg
886,abstieg,abstieg,VERB,ROOT,886,abstieg
887,;,--,PUNCT,punct,886,abstieg
888,inzwischen,inzwischen,ADV,mo,889,war
889,war,sein,AUX,ROOT,889,war
890,ihr,ihr,DET,nk,891,manches
891,manches,mancher,PRON,sb,889,war
892,wichtiger,wichtig,ADV,pd,889,war
893,",",--,PUNCT,punct,889,war
894,doch,doch,CCONJ,cd,889,war
895,behielt,behalten,VERB,cj,894,doch
896,sie,sie,PRON,sb,895,behielt
897,sein,sein,AUX,oc,895,behielt
898,Gesicht,Gesicht,NOUN,ROOT,898,Gesicht
899,in,in,ADP,mnr,898,Gesicht
900,Gedanken,Gedanke,NOUN,nk,899,in
901,.,--,PUNCT,punct,898,Gesicht
902,Die,der,DET,nk,903,Leute
903,Leute,Leute,NOUN,sb,907,kamen
904,in,in,ADP,mnr,903,Leute
905,dem,der,DET,nk,906,Hotel
906,Hotel,Hotel,NOUN,nk,904,in
907,kamen,kommen,VERB,ROOT,907,kamen
908,ihr,ihr,PRON,da,907,kamen
909,in,in,ADP,mo,907,kamen
910,seltsam,seltsam,ADV,mo,911,neugieriger
911,neugieriger,neugierig,ADJ,nk,909,in
912,Art,Art,NOUN,nk,913,entgegen
913,entgegen,entgegen,ADP,mo,916,schienen
914,",",--,PUNCT,punct,916,schienen
915,sie,sie,PRON,sb,916,schienen
916,schienen,scheinen,VERB,ROOT,916,schienen
917,zu,zu,PART,pm,918,wissen
918,wissen,wissen,VERB,oc,916,schienen
919,",",--,PUNCT,punct,918,wissen
920,daß,daß,SCONJ,cp,925,wolle
921,sie,sie,PRON,sb,925,wolle
922,den,der,DET,nk,923,König
923,König,König,NOUN,oa,924,sehen
924,sehen,sehen,VERB,oc,925,wolle
925,wolle,wollen,AUX,oc,918,wissen
926,",",--,PUNCT,punct,916,schienen
927,und,und,CCONJ,cd,916,schienen
928,sagten,sagen,VERB,cj,927,und
929,ihr,ihr,PRON,da,939,besuche
930,",",--,PUNCT,punct,929,ihr
931,daß,daß,SCONJ,cp,939,besuche
932,er,er,PRON,sb,939,besuche
933,wegen,wegen,ADP,mo,939,besuche
934,Unwohlsein,Unwohlsein,NOUN,nk,933,wegen
935,jetzt,jetzt,ADV,mo,939,besuche
936,selten,selten,ADV,mo,939,besuche
937,den,der,DET,nk,938,Garten
938,Garten,Garten,NOUN,oa,939,besuche
939,besuche,besuchen,VERB,ROOT,939,besuche
940,.,--,PUNCT,punct,939,besuche
941,Sie,sie,PRON,sb,942,beklagte
942,beklagte,beklagen,VERB,ROOT,942,beklagte
943,mit,mit,ADP,svp,942,beklagte
944,Lebhaftigkeit,Lebhaftigkeit,NOUN,ROOT,944,Lebhaftigkeit
945,seine,sein,DET,nk,946,Krankheit
946,Krankheit,Krankheit,NOUN,sb,944,Lebhaftigkeit
947,;,--,PUNCT,punct,944,Lebhaftigkeit
948,die,der,DET,nk,949,Leute
949,Leute,Leute,NOUN,sb,950,lächelten
950,lächelten,lächelen,VERB,ROOT,950,lächelten
951,und,und,CCONJ,cd,950,lächelten
952,sagten,sagen,VERB,cj,951,und
953,",",--,PUNCT,punct,952,sagten
954,es,es,PRON,ep,955,habe
955,habe,haben,VERB,oc,952,sagten
956,keine,kein,DET,oa,950,lächelten
957,Gefahr,Gefahr,NOUN,ROOT,957,Gefahr
958,.,--,PUNCT,punct,957,Gefahr
959,Frau,Frau,NOUN,sb,962,fand
960,von,von,ADP,pg,959,Frau
961,Saverne,Saverne,PROPN,nk,960,von
962,fand,finden,VERB,ROOT,962,fand
963,den,der,DET,nk,964,Ort
964,Ort,Ort,NOUN,oa,962,fand
965,reizend,reizend,ADV,mo,962,fand
966,und,und,CCONJ,cd,965,reizend
967,ganz,ganz,ADV,mo,968,nach
968,nach,nach,ADP,cj,966,und
969,ihrem,ihr,DET,nk,970,Geschmacke
970,Geschmacke,Geschmacke,NOUN,nk,968,nach
971,;,--,PUNCT,punct,962,fand
972,sie,sie,PRON,sb,973,sprach
973,sprach,sprechen,VERB,ROOT,973,sprach
974,davon,davon,ADV,op,973,sprach
975,",",--,PUNCT,punct,974,davon
976,sich,sich,PRON,oa,978,anzukaufen
977,da,da,ADV,mo,978,anzukaufen
978,anzukaufen,ankaufen,VERB,re,974,davon
979,",",--,PUNCT,punct,980,besah
980,besah,besah,VERB,cj,973,sprach
981,Häuser,Haus,NOUN,sb,980,besah
982,in,in,ADP,mnr,981,Häuser
983,der,der,DET,nk,984,Nähe
984,Nähe,Nähe,NOUN,nk,982,in
985,des,der,DET,nk,986,Schlosses
986,Schlosses,Schloß,NOUN,ag,984,Nähe
987,",",--,PUNCT,punct,980,besah
988,war,sein,AUX,ROOT,988,war
989,aber,aber,ADV,mo,990,verwundert
990,verwundert,verwundern,ADV,pd,988,war
991,",",--,PUNCT,punct,990,verwundert
992,daß,daß,SCONJ,cp,1000,eingehen
993,keiner,keiner,PRON,sb,1000,eingehen
994,der,der,DET,nk,995,Besitzer
995,Besitzer,Besitzer,NOUN,ag,993,keiner
996,mit,mit,ADP,mo,1000,eingehen
997,ihr,ihr,PRON,nk,996,mit
998,einen,ein,DET,nk,999,Handel
999,Handel,Handel,NOUN,oa,1000,eingehen
1000,eingehen,eingehen,VERB,oc,990,verwundert
1001,wollte,wollen,AUX,ROOT,1001,wollte
1002,",",--,PUNCT,punct,1001,wollte
1003,obgleich,obgleich,SCONJ,cp,1010,bot
1004,sie,sie,PRON,sb,1010,bot
1005,ansehnlich,ansehnlich,ADV,mo,1010,bot
1006,über,über,ADP,mo,1010,bot
1007,den,der,DET,nk,1009,Wert
1008,wahren,wahr,ADJ,nk,1009,Wert
1009,Wert,Wert,NOUN,nk,1006,über
1010,bot,bieten,VERB,mo,1001,wollte
1011,.,--,PUNCT,punct,1001,wollte
1012,Ihre,ihr,DET,nk,1013,Lebensweise
1013,Lebensweise,Lebensweise,NOUN,ROOT,1013,Lebensweise
1014,richtete,richten,VERB,ROOT,1014,richtete
1015,sie,sie,PRON,sb,1014,richtete
1016,sehr,sehr,ADV,mo,1017,einfach
1017,einfach,einfach,ADV,mo,1014,richtete
1018,ein,ein,ADV,svp,1014,richtete
1019,;,--,PUNCT,punct,1014,richtete
1020,die,der,DET,nk,1021,Buchhandlungen
1021,Buchhandlungen,Buchhandlung,NOUN,sb,1022,lieferten
1022,lieferten,liefern,VERB,ROOT,1022,lieferten
1023,ihr,ihr,PRON,da,1022,lieferten
1024,einen,ein,DET,nk,1025,Reichtum
1025,Reichtum,Reichtum,NOUN,oa,1022,lieferten
1026,an,an,ADP,mo,1038,Wirtin
1027,Büchern,Buch,NOUN,nk,1026,an
1028,über,über,ADP,mnr,1027,Büchern
1029,die,der,DET,nk,1030,Geschichte
1030,Geschichte,Geschichte,NOUN,nk,1028,über
1031,Frankreichs,Frankreich,PROPN,ag,1030,Geschichte
1032,und,und,CCONJ,cd,1031,Frankreichs
1033,des,der,DET,nk,1035,Krieges
1034,letzten,letzter,ADJ,nk,1035,Krieges
1035,Krieges,Krieg,NOUN,cj,1032,und
1036,",",--,PUNCT,punct,1027,Büchern
1037,die,der,DET,nk,1038,Wirtin
1038,Wirtin,Wirtin,NOUN,ROOT,1038,Wirtin
1039,sorgte,sorgen,VERB,ROOT,1039,sorgte
1040,für,für,ADP,mo,1039,sorgte
1041,ihren,ihr,DET,nk,1042,Tisch
1042,Tisch,Tisch,NOUN,nk,1040,für
1043,",",--,PUNCT,punct,1039,sorgte
1044,die,der,DET,nk,1045,Kammerjungfer
1045,Kammerjungfer,Kammerjungfer,NOUN,sb,1046,blieb
1046,blieb,bleiben,VERB,cj,1039,sorgte
1047,ihre,ihr,DET,nk,1049,Gesellschaft
1048,einzige,einzig,ADJ,nk,1049,Gesellschaft
1049,Gesellschaft,Gesellschaft,NOUN,pd,1046,blieb
1050,",",--,PUNCT,punct,1046,blieb
1051,da,da,SCONJ,mo,1039,sorgte
1052,sie,sie,PRON,sb,1065,Umgangs
1053,bei,bei,ADP,mnr,1052,sie
1054,ihrem,ihr,DET,nk,1056,Manne
1055,verstorbenen,verstorben,ADJ,nk,1056,Manne
1056,Manne,Manne,NOUN,nk,1053,bei
1057,",",--,PUNCT,punct,1056,Manne
1058,der,der,PRON,sb,1061,lebte
1059,sehr,sehr,ADV,mo,1060,einsam
1060,einsam,einsam,ADV,mo,1061,lebte
1061,lebte,leben,VERB,rc,1056,Manne
1062,",",--,PUNCT,punct,1061,lebte
1063,sich,sich,PRON,dep,1061,lebte
1064,des,der,DET,nk,1065,Umgangs
1065,Umgangs,Umgang,NOUN,ROOT,1065,Umgangs
1066,entwöhnt,entwöhnen,VERB,ROOT,1066,entwöhnt
1067,und,und,CCONJ,cd,1066,entwöhnt
1068,am,am,ADP,mo,1075,hegte
1069,wenigsten,wenigster,ADV,nk,1070,Verlangen
1070,Verlangen,verlangen,NOUN,nk,1068,am
1071,danach,danach,ADV,mnr,1070,Verlangen
1072,in,in,ADP,mo,1075,hegte
1073,der,der,DET,nk,1074,Fremde
1074,Fremde,Fremde,NOUN,nk,1072,in
1075,hegte,hegen,VERB,cj,1067,und
1076,",",--,PUNCT,punct,1075,hegte
1077,die,der,PRON,nk,1078,ihr
1078,ihr,ihr,PRON,ROOT,1078,ihr
1079,Beichtvater,Beichtvater,NOUN,sb,1082,verderbt
1080,als,als,ADP,mo,1082,verderbt
1081,höchst,höchst,ADV,mo,1082,verderbt
1082,verderbt,verderben,VERB,ROOT,1082,verderbt
1083,und,und,CCONJ,cd,1082,verderbt
1084,betrügerisch,betrügerisch,ADV,mo,1085,schilderte
1085,schilderte,schildern,VERB,cj,1083,und
1086,;,--,PUNCT,punct,1082,verderbt
1087,morgens,morgens,ADV,mo,1088,waren
1088,waren,sein,AUX,ROOT,1088,waren
1089,es,es,PRON,sb,1088,waren
1090,die,der,DET,nk,1091,Bücher
1091,Bücher,Buch,NOUN,ROOT,1091,Bücher
1092,",",--,PUNCT,punct,1091,Bücher
1093,nachmittags,nachmittags,ADV,mo,1095,Schloßgarten
1094,der,der,DET,nk,1095,Schloßgarten
1095,Schloßgarten,Schloßgarten,NOUN,app,1091,Bücher
1096,",",--,PUNCT,punct,1095,Schloßgarten
1097,der,der,PRON,sb,1099,anzog
1098,sie,sie,PRON,oa,1099,anzog
1099,anzog,anziehen,VERB,rc,1095,Schloßgarten
1100,und,und,CCONJ,cd,1099,anzog
1101,beschäftigte,beschäftigen,VERB,cj,1100,und
1102,.,--,PUNCT,punct,1091,Bücher
1103,Da,da,SCONJ,cp,1111,wurde
1104,im,in,ADP,mo,1110,angelegt
1105,Garten,Garten,NOUN,nk,1104,im
1106,eben,eben,ADV,mo,1110,angelegt
1107,eine,ein,DET,nk,1109,Terrasse
1108,neue,neu,ADJ,nk,1109,Terrasse
1109,Terrasse,Terrasse,NOUN,oa,1110,angelegt
1110,angelegt,anlegen,VERB,oc,1111,wurde
1111,wurde,werden,AUX,re,1113,so
1112,",",--,PUNCT,punct,1113,so
1113,so,so,ADV,mo,1114,waren
1114,waren,sein,AUX,ROOT,1114,waren
1115,stets,stets,ADV,mo,1114,waren
1116,viele,vieler,PRON,sb,1114,waren
1117,Arbeiter,Arbeiter,NOUN,sb,1118,versammelt
1118,versammelt,versammeln,VERB,ROOT,1118,versammelt
1119,",",--,PUNCT,punct,1118,versammelt
1120,die,der,PRON,sb,1127,ihre
1121,einmal,einmal,ADV,mo,1122,in
1122,in,in,ADP,mo,1127,ihre
1123,den,der,DET,nk,1124,Ruhestunden
1124,Ruhestunden,Ruhestund,NOUN,nk,1122,in
1125,miteinander,miteinander,ADV,mo,1126,über
1126,über,über,ADP,mo,1122,in
1127,ihre,ihr,DET,ROOT,1127,ihre
1128,Geschicke,Geschick,NOUN,sb,1129,sprachen
1129,sprachen,sprechen,VERB,ROOT,1129,sprachen
1130,",",--,PUNCT,punct,1129,sprachen
1131,als,als,SCONJ,cp,1141,saß
1132,Frau,Frau,NOUN,sb,1141,saß
1133,von,von,ADP,pg,1132,Frau
1134,Saverne,Saverne,PROPN,nk,1133,von
1135,in,in,ADP,mo,1141,saß
1136,der,der,DET,nk,1137,Nähe
1137,Nähe,Nähe,NOUN,nk,1135,in
1138,auf,auf,ADP,mnr,1137,Nähe
1139,einer,ein,DET,nk,1140,Bank
1140,Bank,Bank,NOUN,nk,1138,auf
1141,saß,sitzen,VERB,mo,1129,sprachen
1142,.,--,PUNCT,punct,1129,sprachen
1143,Sie,sie,PRON,ROOT,1143,Sie
1144,hörte,hören,VERB,ROOT,1144,hörte
1145,",",--,PUNCT,punct,1144,hörte
1146,wie,wie,SCONJ,mo,1151,beschrieb
1147,der,der,DET,nk,1148,eine
1148,eine,einer,PRON,sb,1151,beschrieb
1149,die,der,DET,nk,1150,Gefahren
1150,Gefahren,Gefahr,NOUN,oa,1151,beschrieb
1151,beschrieb,beschreiben,VERB,oc,1144,hörte
1152,",",--,PUNCT,punct,1151,beschrieb
1153,welche,welcher,PRON,punct,1144,hörte
1154,er,er,PRON,sb,1153,welche
1155,als,als,ADP,mnr,1154,er
1156,Gefangener,Gefangener,NOUN,nk,1155,als
1157,im,in,ADP,mnr,1154,er
1158,letzten,letzter,ADJ,nk,1157,im
1159,Kriege,Krieg,NOUN,ROOT,1159,Kriege
1160,unter,unter,ADP,mo,1163,überstanden
1161,den,der,DET,nk,1162,Wilden
1162,Wilden,wilde,NOUN,nk,1160,unter
1163,überstanden,überstehen,VERB,oc,1159,Kriege
1164,",",--,PUNCT,punct,1163,überstanden
1165,und,und,CCONJ,cd,1163,überstanden
1166,wie,wie,SCONJ,cm,1167,er
1167,er,er,PRON,cj,1165,und
1168,nun,nun,ADV,mo,1173,Lohn
1169,für,für,ADP,op,1173,Lohn
1170,das,der,DET,nk,1171,alles
1171,alles,alle,PRON,nk,1169,für
1172,keinen,kein,DET,nk,1173,Lohn
1173,Lohn,Lohn,NOUN,oa,1159,Kriege
1174,empfange,empfangen,VERB,ROOT,1174,empfange
1175,.,--,PUNCT,punct,1174,empfange
1176,Das,der,PRON,oa,1177,ergriff
1177,ergriff,ergreifen,VERB,ROOT,1177,ergriff
1178,sie,sie,PRON,sb,1177,ergriff
1179,;,--,PUNCT,punct,1177,ergriff
1180,sie,sie,PRON,sb,1181,trat
1181,trat,treten,VERB,ROOT,1181,trat
1182,zu,zu,ADP,mo,1181,trat
1183,dem,der,DET,nk,1184,Manne
1184,Manne,Manne,NOUN,nk,1182,zu
1185,",",--,PUNCT,punct,1181,trat
1186,drückte,drücken,VERB,cj,1181,trat
1187,ihm,ihm,PRON,da,1186,drückte
1188,ein,ein,DET,nk,1189,Goldstück
1189,Goldstück,Goldstück,NOUN,oa,1186,drückte
1190,in,in,ADP,mo,1186,drückte
1191,die,der,DET,nk,1192,Hand
1192,Hand,Hand,NOUN,sb,1194,sagte
1193,und,und,CCONJ,cd,1192,Hand
1194,sagte,sagen,VERB,ROOT,1194,sagte
1195,:,--,PUNCT,punct,1194,sagte
1196,«,--,PUNCT,punct,1200,wird
1197,Euer,euer,ADV,mo,1198,gerechter
1198,gerechter,gerecht,ADJ,nk,1199,König
1199,König,König,NOUN,sb,1200,wird
1200,wird,werden,AUX,oc,1194,sagte
1201,für,für,ADP,op,1203,sorgen
1202,Euch,euch,PRON,nk,1201,für
1203,sorgen,sorgen,VERB,oc,1200,wird
1204,",",--,PUNCT,punct,1205,nehmt
1205,nehmt,nehmn,ADV,cj,1194,sagte
1206,indessen,indessen,ADV,mo,1205,nehmt
1207,die,der,DET,nk,1208,Kleinigkeit
1208,Kleinigkeit,Kleinigkeit,NOUN,ROOT,1208,Kleinigkeit
1209,an,an,ADP,mnr,1208,Kleinigkeit
1210,!,--,PUNCT,punct,1208,Kleinigkeit
1211,»,--,PUNCT,punct,1208,Kleinigkeit
1212,–,--,PUNCT,punct,1215,dankte
1213,Der,der,DET,nk,1214,Mann
1214,Mann,Mann,NOUN,sb,1215,dankte
1215,dankte,danken,VERB,ROOT,1215,dankte
1216,und,und,CCONJ,cd,1215,dankte
1217,sah,sehen,VERB,cj,1216,und
1218,ihr,ihr,PRON,da,1217,sah
1219,verwundert,verwundern,VERB,mo,1217,sah
1220,nach,nach,ADP,svp,1217,sah
1221,",",--,PUNCT,punct,1215,dankte
1222,und,und,CCONJ,cd,1215,dankte
1223,die,der,PRON,ROOT,1223,die
1224,nächsten,nächster,ADJ,nk,1225,Tage
1225,Tage,Tag,NOUN,mo,1226,fand
1226,fand,finden,VERB,ROOT,1226,fand
1227,sie,sie,PRON,sb,1226,fand
1228,sich,sich,PRON,oa,1226,fand
1229,von,von,ADP,mo,1226,fand
1230,manchen,mancher,DET,nk,1231,Arbeitern
1231,Arbeitern,Arbeiter,NOUN,nk,1229,von
1232,um,um,ADP,mo,1234,angesprochen
1233,Geld,Geld,NOUN,nk,1232,um
1234,angesprochen,ansprechen,VERB,oc,1226,fand
1235,",",--,PUNCT,punct,1234,angesprochen
1236,die,der,PRON,oa,1226,fand
1237,alle,aller,DET,nk,1239,Taten
1238,ihre,ihr,DET,nk,1239,Taten
1239,Taten,Tat,NOUN,sb,1245,berichteten
1240,im,in,ADP,mnr,1239,Taten
1241,Kriege,Krieg,NOUN,nk,1240,im
1242,und,und,CCONJ,cd,1239,Taten
1243,ihr,ihr,DET,nk,1244,Unglück
1244,Unglück,Unglück,NOUN,cj,1242,und
1245,berichteten,berichten,VERB,ROOT,1245,berichteten
1246,.,--,PUNCT,punct,1245,berichteten
1247,Sie,sie,PRON,sb,1248,gab
1248,gab,geben,VERB,ROOT,1248,gab
1249,jedem,jeder,PRON,da,1248,gab
1250,etwas,etwas,PRON,oa,1248,gab
1251,gegen,gegen,ADP,ROOT,1251,gegen
1252,die,der,DET,nk,1253,Erinnerungen
1253,Erinnerungen,Erinnerung,NOUN,nk,1251,gegen
1254,ihrer,ihr,DET,nk,1255,Kammerjungfer
1255,Kammerjungfer,Kammerjungfer,NOUN,ag,1253,Erinnerungen
1256,",",--,PUNCT,punct,1255,Kammerjungfer
1257,welche,welcher,PRON,oa,1260,Leute
1258,alle,alle,PRON,nk,1257,welche
1259,die,der,DET,nk,1260,Leute
1260,Leute,Leute,NOUN,ROOT,1260,Leute
1261,Lügner,Lügner,NOUN,nk,1260,Leute
1262,schalt,schalt,VERB,ROOT,1262,schalt
1263,.,--,PUNCT,punct,1262,schalt
1264,«,--,PUNCT,punct,1265,Hätten
1265,Hätten,Hätten,AUX,oc,1271,sagte
1266,sie,sie,PRON,sb,1265,Hätten
1267,auch,auch,ADV,mo,1265,Hätten
1268,gelogen,gelog,VERB,oc,1265,Hätten
1269,»,--,PUNCT,punct,1265,Hätten
1270,",",--,PUNCT,punct,1271,sagte
1271,sagte,sagen,VERB,ROOT,1271,sagte
1272,Frau,Frau,NOUN,sb,1271,sagte
1273,von,von,ADP,pg,1272,Frau
1274,Saverne,Saverne,PROPN,nk,1273,von
1275,",",--,PUNCT,punct,1271,sagte
1276,«,--,PUNCT,punct,1278,gab
1277,wozu,wozu,SCONJ,mo,1278,gab
1278,gab,geben,VERB,cj,1265,Hätten
1279,mir,mir,PRON,da,1278,gab
1280,der,der,DET,dep,1271,sagte
1281,Himmel,Himmel,NOUN,ROOT,1281,Himmel
1282,Vermögen,Vermögen,NOUN,nk,1281,Himmel
1283,und,und,CCONJ,cd,1282,Vermögen
1284,einen,ein,DET,nk,1286,Sinn
1285,genugsamen,genugsam,ADJ,nk,1286,Sinn
1286,Sinn,Sinn,NOUN,cj,1283,und
1287,",",--,PUNCT,punct,1281,Himmel
1288,wenn,wenn,SCONJ,cp,1291,Überfluß
1289,ich,ich,PRON,sb,1291,Überfluß
1290,meinen,mein,DET,nk,1291,Überfluß
1291,Überfluß,Überfluß,NOUN,mo,1281,Himmel
1292,nicht,nicht,PART,ng,1291,Überfluß
1293,verschenken,verschenken,VERB,oc,1294,dürfte
1294,dürfte,dürfen,AUX,ROOT,1294,dürfte
1295,?,--,PUNCT,punct,1294,dürfte
1296,»,--,PUNCT,punct,1294,dürfte
1297,Die,der,DET,nk,1298,Kammerjungfer
1298,Kammerjungfer,Kammerjungfer,NOUN,sb,1299,klagte
1299,klagte,klagen,VERB,ROOT,1299,klagte
1300,",",--,PUNCT,punct,1299,klagte
1301,daß,daß,SCONJ,cp,1302,sie
1302,sie,sie,PRON,oc,1299,klagte
1303,auf,auf,ADP,mnr,1302,sie
1304,diese,dieser,DET,nk,1305,Art
1305,Art,Art,NOUN,nk,1303,auf
1306,ihr,ihr,PRON,nk,1303,auf
1307,Vermögen,Vermögen,NOUN,oa,1308,verschwenden
1308,verschwenden,verschwenden,VERB,oc,1309,würde
1309,würde,werden,AUX,ROOT,1309,würde
1310,",",--,PUNCT,punct,1309,würde
1311,doch,doch,CCONJ,cd,1309,würde
1312,Frau,Frau,NOUN,cj,1311,doch
1313,von,von,ADP,pg,1312,Frau
1314,Saverne,Saverne,PROPN,nk,1313,von
1315,verwies,verweisen,VERB,cj,1311,doch
1316,sie,sie,PRON,sb,1315,verwies
1317,auf,auf,ADP,op,1315,verwies
1318,den,der,DET,nk,1319,Spruch
1319,Spruch,Spruch,NOUN,nk,1317,auf
1320,der,der,DET,nk,1321,Bibel
1321,Bibel,Bibel,NOUN,ROOT,1321,Bibel
1322,",",--,PUNCT,punct,1321,Bibel
1323,daß,daß,SCONJ,cp,1328,müsse
1324,jeder,jeder,PRON,sb,1328,müsse
1325,sich,sich,PRON,oa,1327,machen
1326,Freunde,Freund,NOUN,oa,1327,machen
1327,machen,machen,VERB,oc,1328,müsse
1328,müsse,müssen,AUX,oc,1321,Bibel
1329,mit,mit,ADP,mo,1328,müsse
1330,dem,der,DET,nk,1332,Mammon
1331,ungerechten,ungerecht,ADJ,nk,1332,Mammon
1332,Mammon,Mammon,NOUN,nk,1329,mit
1333,",",--,PUNCT,punct,1328,müsse
1334,damit,damit,SCONJ,cp,1337,werde
1335,er,er,PRON,sb,1337,werde
1336,aufgenommen,aufnehmen,VERB,oc,1337,werde
1337,werde,werden,AUX,ROOT,1337,werde
1338,in,in,ADP,mo,1336,aufgenommen
1339,den,der,DET,nk,1341,Hütten
1340,ewigen,ewig,ADJ,nk,1341,Hütten
1341,Hütten,Hütte,NOUN,nk,1338,in
1342,.,--,PUNCT,punct,1337,werde
1343,–,--,PUNCT,punct,1346,sehe
1344,«,--,PUNCT,punct,1346,sehe
1345,Ich,ich,PRON,sb,1346,sehe
1346,sehe,sehen,VERB,ROOT,1346,sehe
1347,Sie,sie,PRON,oa,1346,sehe
1348,schon,schon,ADV,mo,1346,sehe
1349,in,in,ADP,mo,1346,sehe
1350,einer,ein,DET,nk,1351,Hütte
1351,Hütte,Hütte,NOUN,da,1364,antwortete
1352,",",--,PUNCT,punct,1351,Hütte
1353,in,in,ADP,mo,1360,auf
1354,einer,ein,DET,nk,1357,Hütte
1355,recht,recht,ADV,mo,1356,armseligen
1356,armseligen,armselig,ADJ,nk,1357,Hütte
1357,Hütte,Hütte,NOUN,nk,1353,in
1358,noch,noch,ADV,mo,1359,hier
1359,hier,hier,ADV,mo,1360,auf
1360,auf,auf,ADP,mnr,1351,Hütte
1361,Erden,Erde,NOUN,nk,1360,auf
1362,!,--,PUNCT,punct,1364,antwortete
1363,»,--,PUNCT,punct,1364,antwortete
1364,antwortete,antworten,VERB,ROOT,1364,antwortete
1365,das,der,DET,nk,1367,Kammermädchen
1366,vorwitzige,vorwitzig,ADJ,nk,1367,Kammermädchen
1367,Kammermädchen,Kammermädche,NOUN,ROOT,1367,Kammermädchen
1368,.,--,PUNCT,punct,1367,Kammermädchen
1369,Allmählich,allmählich,ADV,mo,1370,wurde
1370,wurde,werden,AUX,ROOT,1370,wurde
1371,der,der,DET,nk,1373,Frau
1372,guten,gut,ADJ,nk,1373,Frau
1373,Frau,Frau,NOUN,da,1370,wurde
1374,das,der,DET,nk,1375,Einreden
1375,Einreden,einreden,NOUN,sb,1370,wurde
1376,dieser,dieser,DET,nk,1377,Person
1377,Person,Person,NOUN,sb,1381,sollte
1378,unleidlich,unleidlich,ADV,pd,1377,Person
1379,",",--,PUNCT,punct,1381,sollte
1380,sie,sie,PRON,sb,1381,sollte
1381,sollte,sollen,AUX,ROOT,1381,sollte
1382,fort,fort,ADV,svp,1381,sollte
1383,",",--,PUNCT,punct,1381,sollte
1384,behauptete,behaupten,VERB,cj,1381,sollte
1385,aber,aber,ADV,mo,1384,behauptete
1386,",",--,PUNCT,punct,1384,behauptete
1387,sie,sie,PRON,sb,1388,könne
1388,könne,können,AUX,oc,1384,behauptete
1389,nicht,nicht,PART,ng,1388,könne
1390,fortgeschickt,fortgeschicken,VERB,oc,1391,werden
1391,werden,werden,AUX,ROOT,1391,werden
1392,;,--,PUNCT,punct,1391,werden
1393,auch,auch,ADV,mo,1394,brachte
1394,brachte,bringen,VERB,ROOT,1394,brachte
1395,sie,sie,PRON,sb,1394,brachte
1396,einen,ein,DET,nk,1397,Polizei-Offizianten
1397,Polizei-Offizianten,Polizei-Offiziant,NOUN,oa,1394,brachte
1398,zu,zu,ADP,mo,1394,brachte
1399,ihr,ihr,PRON,nk,1398,zu
1400,",",--,PUNCT,punct,1394,brachte
1401,der,der,PRON,dep,1394,brachte
1402,versicherte,versichern,VERB,ROOT,1402,versicherte
1403,",",--,PUNCT,punct,1402,versicherte
1404,das,der,PRON,sb,1405,dürfe
1405,dürfe,dürfen,AUX,oc,1402,versicherte
1406,nicht,nicht,PART,ng,1405,dürfe
1407,vor,vor,ADP,mo,1413,geschehen
1408,dem,der,DET,nk,1409,Ablauf
1409,Ablauf,Ablauf,NOUN,nk,1407,vor
1410,einer,ein,DET,nk,1412,Zeit
1411,gewissen,gewiß,ADJ,nk,1412,Zeit
1412,Zeit,Zeit,NOUN,ag,1409,Ablauf
1413,geschehen,geschehen,VERB,oc,1405,dürfe
1414,",",--,PUNCT,punct,1405,dürfe
1415,da,da,SCONJ,mo,1402,versicherte
1416,sie,sie,PRON,sb,1422,habe
1417,keine,kein,DET,nk,1419,Ursache
1418,gegründete,gegründet,ADJ,nk,1419,Ursache
1419,Ursache,Ursache,NOUN,oa,1422,habe
1420,zur,zu,ADP,mnr,1419,Ursache
1421,Klage,Klage,NOUN,nk,1420,zur
1422,habe,haben,VERB,ROOT,1422,habe
1423,.,--,PUNCT,punct,1422,habe
1424,Frau,Frau,NOUN,sb,1427,kannte
1425,von,von,ADP,pg,1424,Frau
1426,Saverne,Saverne,PROPN,nk,1425,von
1427,kannte,kennen,VERB,ROOT,1427,kannte
1428,die,der,DET,punct,1427,kannte
1429,Gesetze,Gesetz,NOUN,sb,1434,war
1430,nicht,nicht,PART,ng,1429,Gesetze
1431,",",--,PUNCT,punct,1434,war
1432,der,der,DET,nk,1433,Polizei-Offiziant
1433,Polizei-Offiziant,Polizei-Offiziant,NOUN,sb,1434,war
1434,war,sein,AUX,ROOT,1434,war
1435,ein,ein,DET,nk,1436,Musterbild
1436,Musterbild,Musterbild,NOUN,pd,1434,war
1437,aller,aller,DET,nk,1438,grobdreisten
1438,grobdreisten,Grobdreist,NOUN,ag,1436,Musterbild
1439,Gemeinheit,Gemeinheit,NOUN,ROOT,1439,Gemeinheit
1440,",",--,PUNCT,punct,1439,Gemeinheit
1441,die,der,PRON,sb,1446,anklebte
1442,damals,damals,ADV,mo,1446,anklebte
1443,noch,noch,ADV,mo,1446,anklebte
1444,den,der,DET,nk,1445,meisten
1445,meisten,meister,PRON,da,1446,anklebte
1446,anklebte,ankleben,VERB,rc,1439,Gemeinheit
1447,",",--,PUNCT,punct,1446,anklebte
1448,die,der,PRON,dep,1446,anklebte
1449,sich,sich,PRON,oa,1450,zu
1450,zu,zu,ADP,rc,1439,Gemeinheit
1451,dieser,dieser,DET,nk,1450,zu
1452,widerlichen,widerlich,ADJ,nk,1453,Beschäftigung
1453,Beschäftigung,Beschäftigung,NOUN,da,1454,hergaben
1454,hergaben,hergaben,VERB,ROOT,1454,hergaben
1455,;,--,PUNCT,punct,1454,hergaben
1456,sie,sie,PRON,sb,1457,beschloß
1457,beschloß,beschließen,VERB,ROOT,1457,beschloß
1458,aus,aus,ADP,mo,1457,beschloß
1459,Furcht,Furcht,NOUN,nk,1458,aus
1460,vor,vor,ADP,mnr,1459,Furcht
1461,den,der,DET,nk,1460,vor
1462,Ungezogenheiten,Ungezogenheit,NOUN,ROOT,1462,Ungezogenheiten
1463,des,der,DET,nk,1464,Mannes
1464,Mannes,Mann,NOUN,ag,1462,Ungezogenheiten
1465,",",--,PUNCT,punct,1462,Ungezogenheiten
1466,die,der,DET,nk,1467,Zeit
1467,Zeit,Zeit,NOUN,oa,1469,abzuwarten
1468,geduldig,geduldig,ADV,mo,1469,abzuwarten
1469,abzuwarten,abwarten,VERB,oc,1462,Ungezogenheiten
1470,",",--,PUNCT,punct,1469,abzuwarten
1471,obgleich,obgleich,SCONJ,ROOT,1471,obgleich
1472,sie,sie,PRON,sb,1471,obgleich
1473,ihr,ihr,PRON,da,1474,sehr
1474,sehr,sehr,ADV,mo,1471,obgleich
1475,lang,lang,ADV,pd,1476,wurde
1476,wurde,werden,AUX,ROOT,1476,wurde
1477,.,--,PUNCT,punct,1476,wurde
1478,Das,der,DET,nk,1479,Mädchen
1479,Mädchen,Mädchen,NOUN,sb,1480,war
1480,war,sein,AUX,ROOT,1480,war
1481,noch,noch,ADV,mo,1480,war
1482,in,in,ADP,mo,1480,war
1483,ihrem,ihr,DET,nk,1484,Dienste
1484,Dienste,Dienst,NOUN,nk,1482,in
1485,",",--,PUNCT,punct,1480,war
1486,als,als,SCONJ,cp,1488,hieß
1487,es,es,PRON,sb,1488,hieß
1488,hieß,heißen,VERB,mo,1480,war
1489,",",--,PUNCT,punct,1488,hieß
1490,der,der,DET,nk,1491,König
1491,König,König,NOUN,sb,1492,werde
1492,werde,werden,AUX,oc,1488,hieß
1493,an,an,ADP,mo,1492,werde
1494,einem,ein,DET,nk,1493,an
1495,Abend,Abend,NOUN,mo,1501,besuchen
1496,zum,zu,ADP,mo,1501,besuchen
1497,ersten,erster,ADJ,nk,1498,Male
1498,Male,Mal,NOUN,nk,1496,zum
1499,den,der,DET,nk,1500,Garten
1500,Garten,Garten,NOUN,oa,1501,besuchen
1501,besuchen,besuchen,VERB,ROOT,1501,besuchen
1502,",",--,PUNCT,punct,1501,besuchen
1503,um,um,SCONJ,cp,1507,feiern
1504,seine,sein,DET,nk,1505,Herstellung
1505,Herstellung,Herstellung,NOUN,oa,1507,feiern
1506,zu,zu,PART,pm,1507,feiern
1507,feiern,feiern,VERB,mo,1501,besuchen
1508,.,--,PUNCT,punct,1501,besuchen
1509,Das,der,DET,ROOT,1509,Das
1510,war,sein,AUX,ROOT,1510,war
1511,ein,ein,DET,nk,1512,Tag
1512,Tag,Tag,NOUN,pd,1510,war
1513,der,der,DET,nk,1514,Freude
1514,Freude,Freude,NOUN,ag,1512,Tag
1515,;,--,PUNCT,punct,1510,war
1516,Frau,Frau,NOUN,sb,1519,schmückte
1517,von,von,ADP,pg,1516,Frau
1518,Saverne,Saverne,PROPN,nk,1517,von
1519,schmückte,schmücken,VERB,ROOT,1519,schmückte
1520,die,der,DET,nk,1521,Büste
1521,Büste,Büste,NOUN,oa,1519,schmückte
1522,des,der,DET,nk,1523,Königs
1523,Königs,König,NOUN,ag,1521,Büste
1524,am,an,ADP,mo,1519,schmückte
1525,Morgen,morgen,ADV,ROOT,1525,Morgen
1526,und,und,CCONJ,cd,1525,Morgen
1527,war,sein,AUX,cj,1526,und
1528,nachmittags,nachmittags,ADV,mo,1527,war
1529,die,der,DET,nk,1530,erste
1530,erste,erster,ADJ,pd,1527,war
1531,in,in,ADP,mo,1527,war
1532,der,der,DET,nk,1533,Nähe
1533,Nähe,Nähe,NOUN,nk,1531,in
1534,der,der,DET,nk,1535,Türe
1535,Türe,Türe,NOUN,ag,1533,Nähe
1536,",",--,PUNCT,punct,1527,war
1537,aus,aus,ADP,mo,1527,war
1538,welcher,welcher,PRON,nk,1537,aus
1539,der,der,DET,ROOT,1539,der
1540,König,König,NOUN,sb,1542,sollte
1541,heraustreten,heraustreten,VERB,oc,1542,sollte
1542,sollte,sollen,AUX,ROOT,1542,sollte
1543,.,--,PUNCT,punct,1542,sollte
1544,Bald,bald,ADV,mo,1545,sammelten
1545,sammelten,sammeln,VERB,ROOT,1545,sammelten
1546,sich,sich,PRON,oa,1545,sammelten
1547,Leute,Leute,NOUN,sb,1545,sammelten
1548,",",--,PUNCT,punct,1545,sammelten
1549,und,und,CCONJ,cd,1545,sammelten
1550,sie,sie,PRON,sb,1551,bemerkte
1551,bemerkte,bemerken,VERB,cj,1549,und
1552,in,in,ADP,mo,1551,bemerkte
1553,ihrer,ihr,DET,dep,1545,sammelten
1554,Nähe,Nähe,NOUN,ROOT,1554,Nähe
1555,eben,eben,ADV,mo,1557,Menschen
1556,den,der,DET,nk,1557,Menschen
1557,Menschen,Mensch,NOUN,oa,1554,Nähe
1558,",",--,PUNCT,punct,1557,Menschen
1559,der,der,PRON,sb,1565,begleitete
1560,sie,sie,PRON,oa,1565,begleitete
1561,von,von,ADP,mo,1565,begleitete
1562,Paris,Paris,PROPN,nk,1561,von
1563,nach,nach,ADP,mo,1565,begleitete
1564,Versailles,Versailles,PROPN,nk,1563,nach
1565,begleitete,begleiten,VERB,rc,1557,Menschen
1566,",",--,PUNCT,punct,1565,begleitete
1567,dessen,der,DET,ROOT,1567,dessen
1568,hähernes,hähern,ADJ,nk,1569,Gesicht
1569,Gesicht,Gesicht,NOUN,ROOT,1569,Gesicht
1570,mit,mit,ADP,mnr,1569,Gesicht
1571,ungeheurem,ungeheur,DET,nk,1572,Munde
1572,Munde,Mund,NOUN,nk,1570,mit
1573,ihn,ihn,PRON,oa,1577,machte
1574,einem,ein,DET,nk,1575,Nußknacker
1575,Nußknacker,Nußknacker,NOUN,da,1577,machte
1576,ähnlich,ähnlich,ADV,mo,1577,machte
1577,machte,machen,VERB,oc,1569,Gesicht
1578,;,--,PUNCT,punct,1577,machte
1579,sie,sie,PRON,ROOT,1579,sie
1580,mußte,müssen,AUX,ROOT,1580,mußte
1581,ihn,ihn,PRON,oa,1585,nennen
1582,späterhin,späterhin,ADV,mo,1580,mußte
1583,immer,immer,ADV,mo,1580,mußte
1584,so,so,ADV,mo,1585,nennen
1585,nennen,nennen,VERB,oc,1580,mußte
1586,.,--,PUNCT,punct,1580,mußte
1587,Die,der,DET,nk,1588,Schweizer
1588,Schweizer,Schweizer,NOUN,sb,1589,gaben
1589,gaben,geben,VERB,ROOT,1589,gaben
1590,das,der,DET,nk,1591,Zeichen
1591,Zeichen,Zeichen,NOUN,oa,1589,gaben
1592,",",--,PUNCT,punct,1589,gaben
1593,daß,daß,SCONJ,mo,1589,gaben
1594,der,der,DET,nk,1593,daß
1595,König,König,NOUN,sb,1596,komme
1596,komme,kommen,VERB,ROOT,1596,komme
1597,",",--,PUNCT,punct,1596,komme
1598,Frau,Frau,NOUN,sb,1601,beugt
1599,von,von,ADP,pg,1598,Frau
1600,Saverne,Saverne,PROPN,nk,1599,von
1601,beugt,beugen,VERB,cj,1596,komme
1602,sich,sich,PRON,oa,1601,beugt
1603,vor,vor,ADP,svp,1601,beugt
1604,und,und,CCONJ,cd,1601,beugt
1605,wird,werden,AUX,cj,1604,und
1606,von,von,ADP,op,1596,komme
1607,einigen,einige,PRON,nk,1606,von
1608,weitergestoßen,weitergestoßen,VERB,ROOT,1608,weitergestoßen
1609,",",--,PUNCT,punct,1608,weitergestoßen
1610,in,in,ADP,mo,1617,zurückgerissen
1611,dem,der,PRON,nk,1612,Augenblicke
1612,Augenblicke,Augenblick,NOUN,nk,1610,in
1613,aber,aber,ADV,mo,1617,zurückgerissen
1614,von,von,ADP,sbp,1617,zurückgerissen
1615,dem,der,DET,nk,1616,Nußknacker
1616,Nußknacker,Nußknacker,NOUN,nk,1614,von
1617,zurückgerissen,zurückrissen,VERB,rc,1608,weitergestoßen
1618,",",--,PUNCT,punct,1617,zurückgerissen
1619,mit,mit,ADP,mo,1608,weitergestoßen
1620,dem,der,DET,nk,1621,Bedeuten
1621,Bedeuten,Bedeuten,NOUN,ROOT,1621,Bedeuten
1622,",",--,PUNCT,punct,1621,Bedeuten
1623,es,es,PRON,sb,1624,sei
1624,sei,sein,AUX,oc,1621,Bedeuten
1625,einer,ein,DET,nk,1626,Frau
1626,Frau,Frau,NOUN,da,1628,anständig
1627,nicht,nicht,PART,ng,1624,sei
1628,anständig,anständig,ADV,pd,1624,sei
1629,",",--,PUNCT,punct,1624,sei
1630,sich,sich,PRON,oa,1624,sei
1631,dem,der,DET,nk,1632,Könige
1632,Könige,König,NOUN,da,1634,in
1633,so,so,ADV,mo,1634,in
1634,in,in,ADP,mnr,1621,Bedeuten
1635,den,der,DET,nk,1636,Weg
1636,Weg,Weg,NOUN,nk,1634,in
1637,zu,zu,PART,pm,1638,drängen
1638,drängen,drängen,VERB,ROOT,1638,drängen
1639,.,--,PUNCT,punct,1638,drängen
1640,Sie,sie,PRON,sb,1641,antwortet
1641,antwortet,antworten,VERB,ROOT,1641,antwortet
1642,",",--,PUNCT,punct,1641,antwortet
1643,aber,aber,CCONJ,cd,1641,antwortet
1644,der,der,DET,nk,1645,Mann
1645,Mann,Mann,NOUN,sb,1646,zieht
1646,zieht,ziehen,VERB,cj,1643,aber
1647,sie,sie,PRON,oa,1646,zieht
1648,unerbittlich,unerbittlich,ADV,mo,1646,zieht
1649,fort,fort,ADV,svp,1646,zieht
1650,",",--,PUNCT,punct,1646,zieht
1651,während,während,SCONJ,ROOT,1651,während
1652,die,der,DET,nk,1653,Menge
1653,Menge,Menge,NOUN,sb,1659,schreit
1654,ihr,ihr,DET,nk,1655,Vive
1655,Vive,Vive,NOUN,pd,1653,Menge
1656,le,le,X,mnr,1653,Menge
1657,Roi,Roi,NOUN,nk,1653,Menge
1658,!,--,PUNCT,punct,1653,Menge
1659,schreit,Schreit,VERB,ROOT,1659,schreit
1660,und,und,CCONJ,cd,1659,schreit
1661,der,der,DET,nk,1664,Anblick
1662,lang,lang,ADV,mo,1663,ersehnte
1663,ersehnte,ersehnt,ADJ,nk,1664,Anblick
1664,Anblick,Anblick,NOUN,cj,1660,und
1665,ihr,ihr,DET,da,1659,schreit
1666,auf,auf,ADP,mo,1659,schreit
1667,diese,dieser,PRON,nk,1666,auf
1668,Weise,Weise,NOUN,sb,1670,wird
1669,entzogen,entziehen,VERB,oc,1670,wird
1670,wird,werden,AUX,ROOT,1670,wird
1671,.,--,PUNCT,punct,1670,wird
1672,Die,der,DET,nk,1673,Menge
1673,Menge,Menge,NOUN,sb,1674,folgt
1674,folgt,folgen,VERB,ROOT,1674,folgt
1675,jetzt,jetzt,ADV,mo,1674,folgt
1676,unbändig,unbändig,ADV,mo,1674,folgt
1677,dem,der,DET,nk,1678,Könige
1678,Könige,König,NOUN,da,1674,folgt
1679,",",--,PUNCT,punct,1678,Könige
1680,der,der,DET,nk,1681,Augenblick
1681,Augenblick,Augenblick,NOUN,cj,1674,folgt
1682,ist,sein,AUX,ROOT,1682,ist
1683,versäumt,versäumen,VERB,pd,1682,ist
1684,",",--,PUNCT,punct,1682,ist
1685,kaum,kaum,ADV,mo,1686,kann
1686,kann,können,AUX,cj,1682,ist
1687,sie,sie,PRON,sb,1686,kann
1688,ihre,ihr,DET,nk,1689,Tränen
1689,Tränen,Träne,NOUN,oa,1690,mäßigen
1690,mäßigen,mäßigen,VERB,oc,1686,kann
1691,",",--,PUNCT,punct,1682,ist
1692,sie,sie,PRON,sb,1693,fühlt
1693,fühlt,fühlen,VERB,cj,1682,ist
1694,sich,sich,PRON,oa,1693,fühlt
1695,gekränkt,kränken,VERB,mo,1693,fühlt
1696,und,und,CCONJ,cd,1693,fühlt
1697,wird,werden,AUX,ROOT,1697,wird
1698,von,von,ADP,sbp,1697,wird
1699,mehreren,mehrere,DET,nk,1700,Leuten
1700,Leuten,Leute,NOUN,nk,1698,von
1701,",",--,PUNCT,punct,1700,Leuten
1702,die,der,PRON,sb,1706,gesellten
1703,sich,sich,PRON,oa,1706,gesellten
1704,zu,zu,ADP,mo,1706,gesellten
1705,jenem,jener,DET,nk,1704,zu
1706,gesellten,gesellt,ADJ,rc,1700,Leuten
1707,",",--,PUNCT,punct,1706,gesellten
1708,noch,noch,ADV,mo,1709,verspottet
1709,verspottet,verspotten,VERB,cj,1706,gesellten
1710,.,--,PUNCT,punct,1697,wird
1711,Als,als,SCONJ,ROOT,1711,Als
1712,sie,sie,PRON,nk,1711,Als
1713,trostlos,trostlos,ADV,mo,1716,kam
1714,nach,nach,ADP,mo,1716,kam
1715,Hause,Haus,NOUN,nk,1714,nach
1716,kam,kommen,VERB,mo,1718,fand
1717,",",--,PUNCT,punct,1718,fand
1718,fand,finden,VERB,ROOT,1718,fand
1719,sie,sie,PRON,sb,1718,fand
1720,einen,ein,DET,nk,1721,Unglücklichen
1721,Unglücklichen,Unglückliche,NOUN,oa,1718,fand
1722,",",--,PUNCT,punct,1721,Unglücklichen
1723,der,der,PRON,app,1721,Unglücklichen
1724,ihr,ihr,DET,nk,1725,Mitleid
1725,Mitleid,Mitleid,NOUN,oa,1718,fand
1726,ansprach,ansprach,ADV,ROOT,1726,ansprach
1727,",",--,PUNCT,punct,1726,ansprach
1728,weil,weil,SCONJ,cp,1734,sei
1729,sie,sie,PRON,sb,1734,sei
1730,wegen,wegen,ADP,mo,1734,sei
1731,ihrer,ihr,DET,nk,1732,Milde
1732,Milde,Milde,NOUN,nk,1730,wegen
1733,bekannt,bekannt,ADV,pd,1734,sei
1734,sei,sein,AUX,mo,1726,ansprach
1735,",",--,PUNCT,punct,1734,sei
1736,er,er,PRON,dep,1734,sei
1737,im,in,ADP,mnr,1736,er
1738,Kriege,Krieg,NOUN,nk,1737,im
1739,ein,ein,DET,nk,1740,Bein
1740,Bein,Bein,NOUN,oa,1726,ansprach
1741,verloren,verlieren,VERB,oc,1742,habe
1742,habe,haben,AUX,ROOT,1742,habe
1743,und,und,CCONJ,cd,1742,habe
1744,sich,sich,PRON,oa,1749,niederlassen
1745,jetzt,jetzt,ADV,mo,1749,niederlassen
1746,in,in,ADP,mo,1749,niederlassen
1747,seinem,sein,DET,nk,1748,Handwerk
1748,Handwerk,Handwerk,NOUN,nk,1746,in
1749,niederlassen,niederlassen,VERB,cj,1743,und
1750,und,und,CCONJ,cd,1742,habe
1751,heiraten,heiraten,VERB,cj,1750,und
1752,wolle,wollen,AUX,mo,1755,möchte
1753,",",--,PUNCT,punct,1755,möchte
1754,sie,sie,PRON,sb,1755,möchte
1755,möchte,möchten,AUX,ROOT,1755,möchte
1756,ihm,ihm,PRON,da,1759,leihen
1757,ein,ein,DET,nk,1758,Kapital
1758,Kapital,Kapital,NOUN,oa,1759,leihen
1759,leihen,leihen,VERB,oc,1755,möchte
1760,",",--,PUNCT,punct,1759,leihen
1761,er,er,PRON,sb,1762,bringe
1762,bringe,bringen,VERB,oc,1759,leihen
1763,ihr,ihr,PRON,da,1762,bringe
1764,die,der,DET,nk,1766,Zeugnisse
1765,besten,gut,ADJ,nk,1766,Zeugnisse
1766,Zeugnisse,Zeugnis,NOUN,oa,1762,bringe
1767,über,über,ADP,ROOT,1767,über
1768,seinen,sein,DET,nk,1769,Fleiß
1769,Fleiß,Fleiß,NOUN,nk,1767,über
1770,und,und,CCONJ,cd,1769,Fleiß
1771,sein,sein,DET,nk,1772,Geschick
1772,Geschick,Geschick,NOUN,cj,1770,und
1773,.,--,PUNCT,punct,1767,über
1774,Sie,sie,PRON,sb,1775,vergaß
1775,vergaß,vergaß,VERB,oc,1779,meinte
1776,ihren,ihr,DET,nk,1777,Gram
1777,Gram,Gram,NOUN,oa,1775,vergaß
1778,",",--,PUNCT,punct,1779,meinte
1779,meinte,meinen,VERB,ROOT,1779,meinte
1780,",",--,PUNCT,punct,1779,meinte
1781,daß,daß,SCONJ,cp,1782,sie
1782,sie,sie,PRON,sb,1779,meinte
1783,zu,zu,ADP,mo,1779,meinte
1784,dieser,dieser,DET,nk,1785,Wohltat
1785,Wohltat,Wohltat,NOUN,sb,1794,sei
1786,von,von,ADP,mo,1792,entfernt
1787,dem,der,DET,nk,1788,Feste
1788,Feste,Fest,NOUN,nk,1786,von
1789,in,in,ADP,mo,1792,entfernt
1790,höherer,hoch,ADJ,nk,1791,Fügung
1791,Fügung,Fügung,NOUN,nk,1789,in
1792,entfernt,entfernen,VERB,oc,1793,worden
1793,worden,werden,AUX,oc,1794,sei
1794,sei,sein,AUX,ROOT,1794,sei
1795,",",--,PUNCT,punct,1794,sei
1796,und,und,CCONJ,cd,1794,sei
1797,gab,geben,VERB,cj,1796,und
1798,dem,der,PRON,da,1797,gab
1799,Menschen,Mensch,NOUN,ROOT,1799,Menschen
1800,tausend,tausend,NUM,nk,1801,Livres
1801,Livres,Livre,NOUN,ag,1799,Menschen
1802,mit,mit,ADP,mnr,1801,Livres
1803,der,der,DET,nk,1804,Erinnerung
1804,Erinnerung,Erinnerung,NOUN,nk,1802,mit
1805,",",--,PUNCT,punct,1804,Erinnerung
1806,es,es,PRON,app,1799,Menschen
1807,ihr,ihr,PRON,nk,1806,es
1808,ohne,ohne,ADP,mnr,1807,ihr
1809,Interessen,Interesse,NOUN,nk,1808,ohne
1810,wieder,wieder,ADV,mo,1808,ohne
1811,zu,zu,ADP,ROOT,1811,zu
1812,zahlen,zahlen,VERB,ROOT,1812,zahlen
1813,",",--,PUNCT,punct,1812,zahlen
1814,wenn,wenn,SCONJ,cp,1820,hätte
1815,er,er,PRON,sb,1820,hätte
1816,einmal,einmal,ADV,mo,1819,gearbeitet
1817,sich,sich,PRON,oa,1819,gearbeitet
1818,reich,reich,ADV,mo,1819,gearbeitet
1819,gearbeitet,arbeiten,VERB,oc,1820,hätte
1820,hätte,haben,AUX,mo,1812,zahlen
1821,",",--,PUNCT,punct,1820,hätte
1822,heute,heute,ADV,mo,1825,Könige
1823,aber,aber,ADV,mo,1825,Könige
1824,dem,der,DET,nk,1825,Könige
1825,Könige,König,NOUN,cj,1812,zahlen
1826,zu,zu,PART,ROOT,1826,zu
1827,Ehren,Ehre,NOUN,ROOT,1827,Ehren
1828,ein,ein,DET,nk,1829,Glas
1829,Glas,Glas,NOUN,oa,1831,trinken
1830,zu,zu,PART,pm,1831,trinken
1831,trinken,trinken,VERB,oc,1827,Ehren
1832,",",--,PUNCT,punct,1831,trinken
1833,da,da,SCONJ,cp,1839,danke
1834,er,er,PRON,sb,1839,danke
1835,dessen,der,PRON,ag,1836,Herstellung
1836,Herstellung,Herstellung,NOUN,da,1839,danke
1837,die,der,DET,nk,1838,Wohltat
1838,Wohltat,Wohltat,NOUN,oa,1839,danke
1839,danke,danken,VERB,mo,1831,trinken
1840,.,--,PUNCT,punct,1827,Ehren
1841,Der,der,DET,nk,1842,Mann
1842,Mann,Mann,NOUN,ROOT,1842,Mann
1843,wollte,wollen,AUX,ROOT,1843,wollte
1844,ihr,ihr,PRON,da,1847,fallen
1845,zu,zu,ADP,mo,1847,fallen
1846,Füßen,Fuß,NOUN,nk,1845,zu
1847,fallen,fallen,VERB,oc,1843,wollte
1848,",",--,PUNCT,punct,1843,wollte
1849,aber,aber,CCONJ,cd,1843,wollte
1850,sie,sie,PRON,sb,1851,sprang
1851,sprang,springen,VERB,cj,1849,aber
1852,in,in,ADP,mo,1851,sprang
1853,ihr,ihr,DET,nk,1854,Schlafzimmer
1854,Schlafzimmer,Schlafzimmer,NOUN,nk,1852,in
1855,.,--,PUNCT,punct,1843,wollte
1856,Gleich,gleich,ADV,mo,1857,darauf
1857,darauf,darauf,ADV,ROOT,1857,darauf
1858,hörte,hören,VERB,ROOT,1858,hörte
1859,sie,sie,PRON,sb,1858,hörte
1860,ein,ein,DET,nk,1862,Zanken
1861,heftiges,heftig,ADJ,nk,1862,Zanken
1862,Zanken,Zanken,NOUN,oa,1858,hörte
1863,im,in,ADP,mnr,1862,Zanken
1864,Vorsaale,Vorsaale,NOUN,nk,1863,im
1865,",",--,PUNCT,punct,1862,Zanken
1866,die,der,PRON,nk,1867,Kammerjungfer
1867,Kammerjungfer,Kammerjungfer,NOUN,ROOT,1867,Kammerjungfer
1868,rang,Rang,NOUN,pd,1867,Kammerjungfer
1869,mit,mit,ADP,mnr,1868,rang
1870,dem,der,DET,nk,1869,mit
1871,Stelzfuß,Stelzfuß,PROPN,sb,1878,habe
1872,und,und,CCONJ,cd,1871,Stelzfuß
1873,schrie,schreien,VERB,cj,1872,und
1874,immer,immer,ADV,mo,1873,schrie
1875,",",--,PUNCT,punct,1871,Stelzfuß
1876,ihre,ihr,DET,nk,1877,Herrschaft
1877,Herrschaft,Herrschaft,NOUN,sb,1878,habe
1878,habe,haben,AUX,ROOT,1878,habe
1879,nichts,nichts,PRON,oa,1881,verschenken
1880,zu,zu,PART,pm,1881,verschenken
1881,verschenken,verschenken,VERB,oc,1878,habe
1882,",",--,PUNCT,punct,1878,habe
1883,sie,sie,PRON,sb,1884,sei
1884,sei,sein,AUX,cj,1878,habe
1885,unter,unter,ADP,mo,1889,kam
1886,Aufsicht,Aufsicht,NOUN,nk,1885,unter
1887,;,--,PUNCT,punct,1885,unter
1888,bald,bald,ADV,mo,1889,kam
1889,kam,kommen,VERB,ROOT,1889,kam
1890,auch,auch,ADV,mo,1892,Polizei-Offiziant
1891,der,der,DET,nk,1892,Polizei-Offiziant
1892,Polizei-Offiziant,Polizei-Offiziant,NOUN,sb,1889,kam
1893,und,und,CCONJ,cd,1889,kam
1894,suchte,suchen,VERB,cj,1893,und
1895,das,der,DET,nk,1896,Geld
1896,Geld,Geld,NOUN,oa,1894,suchte
1897,zu,zu,ADP,svp,1894,suchte
1898,nehmen,nehmen,VERB,ROOT,1898,nehmen
1899,.,--,PUNCT,punct,1898,nehmen
1900,Frau,Frau,NOUN,sb,1903,trat
1901,von,von,ADP,pg,1900,Frau
1902,Saverne,Saverne,PROPN,nk,1901,von
1903,trat,treten,VERB,ROOT,1903,trat
1904,hinaus,hinaus,ADV,svp,1903,trat
1905,und,und,CCONJ,cd,1903,trat
1906,sprach,sprechen,VERB,cj,1905,und
1907,für,für,ADP,mo,1906,sprach
1908,den,der,DET,nk,1909,Stelzfuß
1909,Stelzfuß,Stelzfuß,NOUN,nk,1907,für
1910,;,--,PUNCT,punct,1903,trat
1911,die,der,DET,nk,1912,Leute
1912,Leute,Leute,NOUN,ROOT,1912,Leute
1913,gaben,geben,VERB,ROOT,1913,gaben
1914,auch,auch,ADV,mo,1915,nach
1915,nach,nach,ADP,svp,1913,gaben
1916,",",--,PUNCT,punct,1913,gaben
1917,aber,aber,CCONJ,cd,1913,gaben
1918,sie,sie,PRON,sb,1919,wurde
1919,wurde,werden,AUX,cj,1917,aber
1920,so,so,ADV,mo,1921,fremdartig
1921,fremdartig,fremdartig,ADV,mo,1922,angeblickt
1922,angeblickt,angeblicken,VERB,oc,1919,wurde
1923,",",--,PUNCT,punct,1922,angeblickt
1924,daß,daß,SCONJ,cp,1925,sie
1925,sie,sie,PRON,sb,1913,gaben
1926,bald,bald,ADV,mo,1925,sie
1927,betroffen,betreffen,ADV,mo,1931,ging
1928,auf,auf,ADP,mo,1931,ging
1929,ihr,ihr,DET,nk,1930,Zimmer
1930,Zimmer,Zimmer,NOUN,nk,1928,auf
1931,ging,gehen,VERB,ROOT,1931,ging
1932,und,und,CCONJ,cd,1931,ging
1933,des,der,DET,nk,1934,Beichtvaters
1934,Beichtvaters,Beichtvater,NOUN,cj,1932,und
1935,",",--,PUNCT,punct,1934,Beichtvaters
1936,sie,sie,PRON,sb,1937,wußte
1937,wußte,wissen,VERB,cj,1932,und
1938,nicht,nicht,PART,ng,1937,wußte
1939,warum,warum,ADV,mo,1937,wußte
1940,",",--,PUNCT,punct,1937,wußte
1941,denken,denken,VERB,oc,1942,mußte
1942,mußte,müssen,AUX,ROOT,1942,mußte
1943,.,--,PUNCT,punct,1942,mußte
1944,Sie,sie,PRON,sb,1945,betete
1945,betete,beten,VERB,ROOT,1945,betete
1946,an,an,ADP,mo,1945,betete
1947,dem,der,DET,nk,1948,Tage
1948,Tage,Tag,NOUN,nk,1946,an
1949,sehr,sehr,ADV,mo,1950,viel
1950,viel,viel,ADV,mo,1945,betete
1951,und,und,CCONJ,cd,1945,betete
1952,mußte,müssen,AUX,cj,1951,und
1953,sich,sich,PRON,da,1952,mußte
1954,wieder,wieder,ADV,mo,1952,mußte
1955,über,über,ADP,mo,1952,mußte
1956,das,der,PRON,nk,1955,über
1957,Kammermädchen,Kammermädche,NOUN,sb,1958,ärgern
1958,ärgern,ärgern,VERB,ROOT,1958,ärgern
1959,",",--,PUNCT,punct,1958,ärgern
1960,die,der,PRON,sb,1962,auseinandersetzte
1961,ihr,ihr,PRON,da,1962,auseinandersetzte
1962,auseinandersetzte,auseinandersetzen,VERB,rc,1958,ärgern
1963,",",--,PUNCT,punct,1962,auseinandersetzte
1964,sie,sie,PRON,sb,1965,möchte
1965,möchte,möchten,AUX,oc,1962,auseinandersetzte
1966,lieber,lieber,ADV,mo,1965,möchte
1967,eine,ein,DET,nk,1968,Komödie
1968,Komödie,Komödie,NOUN,oa,1965,möchte
1969,des,der,DET,nk,1970,Molière
1970,Molière,Molière,NOUN,oa,1974,lesen
1971,zu,zu,ADP,mnr,1970,Molière
1972,ihrer,ihr,DET,nk,1973,Zerstreuung
1973,Zerstreuung,Zerstreuung,NOUN,nk,1971,zu
1974,lesen,lesen,VERB,ROOT,1974,lesen
1975,",",--,PUNCT,punct,1974,lesen
1976,lieber,lieber,ADV,mo,1977,zweitausend
1977,zweitausend,zweitausend,ADV,mo,1978,Livres
1978,Livres,Livre,NOUN,oa,1974,lesen
1979,für,für,ADP,mnr,1978,Livres
1980,ein,ein,ADV,nk,1979,für
1981,gesticktes,gestickt,ADJ,nk,1982,Kleid
1982,Kleid,Kleid,NOUN,oa,1987,ausgeben
1983,als,als,ADP,cm,1984,eintausend
1984,eintausend,eintausend,ADV,cc,1981,gesticktes
1985,an,an,ADP,mo,1987,ausgeben
1986,Arme,Arm,NOUN,nk,1985,an
1987,ausgeben,ausgeben,VERB,ROOT,1987,ausgeben
1988,.,--,PUNCT,punct,1987,ausgeben
1989,Am,an,ADP,mo,1992,trat
1990,nächsten,nächster,ADJ,nk,1991,Tage
1991,Tage,Tag,NOUN,nk,1989,Am
1992,trat,treten,VERB,ROOT,1992,trat
1993,der,der,DET,nk,1994,Nußknacker
1994,Nußknacker,Nußknacker,NOUN,sb,1992,trat
1995,in,in,ADP,mo,1992,trat
1996,einem,ein,DET,nk,1998,Kleide
1997,gerichtlichen,gerichtlich,ADJ,nk,1998,Kleide
1998,Kleide,Kleide,NOUN,nk,1995,in
1999,mit,mit,ADP,mnr,1998,Kleide
2000,einem,ein,DET,nk,1999,mit
2001,anderen,anderer,ADJ,nk,2002,Manne
2002,Manne,Manne,NOUN,ROOT,2002,Manne
2003,herein,herein,ADV,svp,2002,Manne
2004,",",--,PUNCT,punct,2002,Manne
2005,der,der,PRON,sb,2012,ansah
2006,sie,sie,PRON,oa,2012,ansah
2007,halb,halb,ADV,mo,2008,lächelnd
2008,lächelnd,lächelnd,ADV,mo,2012,ansah
2009,",",--,PUNCT,punct,2012,ansah
2010,halb,halb,ADV,mo,2011,scheu
2011,scheu,scheu,ADV,mo,2012,ansah
2012,ansah,ansehen,VERB,rc,2002,Manne
2013,.,--,PUNCT,punct,2002,Manne
2014,Er,er,PRON,sb,2015,sagte
2015,sagte,sagen,VERB,ROOT,2015,sagte
2016,ihr,ihr,PRON,da,2015,sagte
2017,",",--,PUNCT,punct,2015,sagte
2018,daß,daß,SCONJ,cp,2023,sei
2019,er,er,PRON,sb,2023,sei
2020,vom,von,ADP,sbp,2022,abgeschickt
2021,Gerichte,Gericht,NOUN,nk,2020,vom
2022,abgeschickt,abgeschickt,VERB,oc,2023,sei
2023,sei,sein,AUX,ROOT,2023,sei
2024,",",--,PUNCT,punct,2023,sei
2025,Erkundigungen,Erkundigung,NOUN,sb,2023,sei
2026,über,über,ADP,op,2025,Erkundigungen
2027,ihr,ihr,DET,nk,2028,Vermögen
2028,Vermögen,Vermögen,NOUN,nk,2026,über
2029,einzuziehen,einzuziehen,VERB,ROOT,2029,einzuziehen
2030,",",--,PUNCT,punct,2029,einzuziehen
2031,weil,weil,SCONJ,cp,2037,wären
2032,mehrere,mehrere,DET,nk,2033,Anzeigen
2033,Anzeigen,Anzeige,NOUN,sb,2037,wären
2034,gegen,gegen,ADP,mnr,2033,Anzeigen
2035,sie,sie,PRON,nk,2034,gegen
2036,eingelaufen,eingelaufen,VERB,oc,2037,wären
2037,wären,sein,AUX,mo,2029,einzuziehen
2038,;,--,PUNCT,punct,2029,einzuziehen
2039,der,der,DET,nk,2041,tat
2040,andere,anderer,ADJ,nk,2041,tat
2041,tat,Tat,NOUN,ROOT,2041,tat
2042,",",--,PUNCT,punct,2041,tat
2043,als,als,SCONJ,cm,2049,wolle
2044,ob,ob,SCONJ,cp,2049,wolle
2045,er,er,PRON,sb,2049,wolle
2046,ihre,ihr,DET,nk,2047,Hand
2047,Hand,Hand,NOUN,oa,2048,küssen
2048,küssen,küssen,VERB,oc,2049,wolle
2049,wolle,wollen,AUX,mo,2051,befühlte
2050,",",--,PUNCT,punct,2051,befühlte
2051,befühlte,befühln,VERB,ROOT,2051,befühlte
2052,ihr,ihr,PRON,da,2051,befühlte
2053,aber,aber,ADV,mo,2051,befühlte
2054,den,der,DET,nk,2055,Puls
2055,Puls,Puls,NOUN,oa,2051,befühlte
2056,.,--,PUNCT,punct,2051,befühlte
2057,Befangen,befangen,ADV,ROOT,2057,Befangen
2058,und,und,CCONJ,cd,2057,Befangen
2059,überrascht,überrascht,ADV,mo,2060,setzte
2060,setzte,setzen,VERB,ROOT,2060,setzte
2061,sie,sie,PRON,sb,2060,setzte
2062,keinen,kein,DET,nk,2063,Zweifel
2063,Zweifel,Zweifel,NOUN,oa,2060,setzte
2064,in,in,ADP,mnr,2063,Zweifel
2065,die,der,DET,nk,2066,Richtigkeit
2066,Richtigkeit,Richtigkeit,NOUN,nk,2064,in
2067,des,der,DET,nk,2068,Geschäfts
2068,Geschäfts,Geschäft,NOUN,ag,2066,Richtigkeit
2069,",",--,PUNCT,punct,2060,setzte
2070,und,und,CCONJ,cd,2060,setzte
2071,da,da,ADV,cj,2070,und
2072,ihre,ihr,DET,nk,2073,Angelegenheiten
2073,Angelegenheiten,Angelegenheit,NOUN,sb,2076,waren
2074,sehr,sehr,ADV,mo,2075,einfach
2075,einfach,einfach,ADV,pd,2076,waren
2076,waren,sein,AUX,re,2078,so
2077,",",--,PUNCT,punct,2078,so
2078,so,so,ADV,mo,2079,konnte
2079,konnte,können,AUX,ROOT,2079,konnte
2080,sie,sie,PRON,sb,2079,konnte
2081,dem,der,DET,nk,2082,Antrage
2082,Antrage,Antrage,NOUN,da,2079,konnte
2083,mit,mit,ADP,mo,2079,konnte
2084,einer,ein,DET,nk,2083,mit
2085,leichten,leicht,ADJ,nk,2086,Übersicht
2086,Übersicht,Übersicht,NOUN,da,2089,genügen
2087,ihrer,ihr,DET,nk,2088,Papiere
2088,Papiere,Papier,NOUN,ag,2086,Übersicht
2089,genügen,genügen,VERB,ROOT,2089,genügen
2090,.,--,PUNCT,punct,2089,genügen
2091,Nachher,nachher,ADV,mo,2092,wurde
2092,wurde,werden,AUX,ROOT,2092,wurde
2093,von,von,ADP,sbp,2092,wurde
2094,gleichgültigen,Gleichgültig,VERB,nk,2093,von
2095,Dingen,Ding,NOUN,sb,2096,gesprochen
2096,gesprochen,sprechen,VERB,mo,2099,brachte
2097,",",--,PUNCT,punct,2099,brachte
2098,doch,doch,CCONJ,mo,2099,brachte
2099,brachte,bringen,VERB,ROOT,2099,brachte
2100,der,der,DET,nk,2101,andre
2101,andre,Andre,PROPN,sb,2099,brachte
2102,die,der,DET,nk,2103,Rede
2103,Rede,Rede,NOUN,oa,2099,brachte
2104,auf,auf,ADP,mnr,2103,Rede
2105,den,der,DET,nk,2106,König
2106,König,König,NOUN,nk,2104,auf
2107,",",--,PUNCT,punct,2099,brachte
2108,und,und,CCONJ,cd,2099,brachte
2109,sie,sie,PRON,cj,2108,und
2110,verhehlte,verhehln,VERB,ROOT,2110,verhehlte
2111,nicht,nicht,PART,ng,2110,verhehlte
2112,in,in,ADP,mo,2110,verhehlte
2113,ihrer,ihr,DET,nk,2115,Lebhaftigkeit
2114,südlichen,südlich,ADJ,nk,2115,Lebhaftigkeit
2115,Lebhaftigkeit,Lebhaftigkeit,NOUN,nk,2112,in
2116,",",--,PUNCT,punct,2115,Lebhaftigkeit
2117,welche,welcher,DET,nk,2119,Erwartungen
2118,große,groß,ADJ,nk,2119,Erwartungen
2119,Erwartungen,Erwartung,NOUN,oa,2110,verhehlte
2120,sie,sie,PRON,oa,2110,verhehlte
2121,noch,noch,ADV,mo,2122,für
2122,für,für,ADP,mo,2134,hege
2123,das,der,DET,nk,2124,Wohl
2124,Wohl,Wohl,NOUN,nk,2122,für
2125,ihres,ihr,DET,nk,2126,Vaterlandes
2126,Vaterlandes,Vaterland,NOUN,ag,2124,Wohl
2127,von,von,ADP,pg,2126,Vaterlandes
2128,der,der,DET,nk,2129,Güte
2129,Güte,Güte,NOUN,nk,2127,von
2130,und,und,CCONJ,cd,2129,Güte
2131,Einsicht,Einsicht,NOUN,cj,2130,und
2132,des,der,DET,nk,2133,Königs
2133,Königs,König,NOUN,ag,2129,Güte
2134,hege,hegen,VERB,ROOT,2134,hege
2135,.,--,PUNCT,punct,2134,hege
2136,Die,der,DET,nk,2138,Leute
2137,beiden,beide,DET,nk,2138,Leute
2138,Leute,Leute,NOUN,sb,2139,sahen
2139,sahen,sehen,VERB,ROOT,2139,sahen
2140,sich,sich,PRON,oa,2139,sahen
2141,bedenklich,bedenklich,ADV,mo,2139,sahen
2142,an,an,ADP,svp,2139,sahen
2143,und,und,CCONJ,cd,2139,sahen
2144,nahmen,nehmen,VERB,cj,2143,und
2145,dann,dann,ADV,mo,2144,nahmen
2146,Abschied,Abschied,NOUN,oa,2144,nahmen
2147,mit,mit,ADP,mnr,2146,Abschied
2148,der,der,DET,nk,2147,mit
2149,Versicherung,Versicherung,NOUN,ROOT,2149,Versicherung
2150,",",--,PUNCT,punct,2149,Versicherung
2151,noch,noch,ADV,mo,2155,wiederkommen
2152,an,an,ADP,mo,2155,wiederkommen
2153,dem,der,DET,nk,2154,Tage
2154,Tage,Tag,NOUN,nk,2152,an
2155,wiederkommen,wiederkommen,VERB,oc,2157,wollen
2156,zu,zu,PART,pm,2157,wollen
2157,wollen,wollen,AUX,oc,2149,Versicherung
2158,.,--,PUNCT,punct,2149,Versicherung
2159,Nach,nach,ADP,mo,2161,wollte
2160,Tische,Tisch,NOUN,nk,2159,Nach
2161,wollte,wollen,AUX,ROOT,2161,wollte
2162,Frau,Frau,NOUN,sb,2161,wollte
2163,von,von,ADP,sbp,2171,unternehmen
2164,Saverne,Saverne,PROPN,nk,2163,von
2165,den,der,DET,nk,2167,Spaziergang
2166,gewohnten,gewohnt,ADJ,nk,2167,Spaziergang
2167,Spaziergang,Spaziergang,NOUN,oa,2171,unternehmen
2168,nach,nach,ADP,mnr,2167,Spaziergang
2169,dem,der,DET,nk,2170,Schloßgarten
2170,Schloßgarten,Schloßgarten,NOUN,nk,2168,nach
2171,unternehmen,unternehmen,VERB,ROOT,2171,unternehmen
2172,",",--,PUNCT,punct,2171,unternehmen
2173,aber,aber,CCONJ,cd,2171,unternehmen
2174,vor,vor,ADP,mo,2177,kam
2175,der,der,DET,nk,2176,Tür
2176,Tür,Tür,NOUN,nk,2174,vor
2177,kam,kommen,VERB,ROOT,2177,kam
2178,ihr,ihr,PRON,da,2177,kam
2179,der,der,DET,nk,2180,Nußknacker
2180,Nußknacker,Nußknacker,NOUN,sb,2177,kam
2181,allein,allein,ADV,mo,2177,kam
2182,entgegen,entgegen,ADP,svp,2177,kam
2183,und,und,CCONJ,cd,2177,kam
2184,versicherte,versichern,VERB,cj,2183,und
2185,",",--,PUNCT,punct,2184,versicherte
2186,sie,sie,PRON,sb,2187,müsse
2187,müsse,müssen,AUX,oc,2184,versicherte
2188,sogleich,sogleich,ADV,mo,2192,steigen
2189,in,in,ADP,mo,2192,steigen
2190,den,der,DET,nk,2191,Wagen
2191,Wagen,Wagen,NOUN,nk,2189,in
2192,steigen,steigen,VERB,ROOT,2192,steigen
2193,",",--,PUNCT,punct,2192,steigen
2194,den,der,PRON,oa,2199,lassen
2195,er,er,PRON,sb,2197,habe
2196,eben,eben,ADV,mo,2199,lassen
2197,habe,haben,AUX,rc,2191,Wagen
2198,kommen,kommen,VERB,oc,2199,lassen
2199,lassen,lassen,VERB,oc,2197,habe
2200,",",--,PUNCT,punct,2199,lassen
2201,um,um,SCONJ,cp,2203,Gerichte
2202,dem,der,DET,nk,2203,Gerichte
2203,Gerichte,Gericht,NOUN,cj,2192,steigen
2204,noch,noch,ADV,mo,2206,Rede
2205,selbst,selbst,ADV,mo,2206,Rede
2206,Rede,Rede,NOUN,oa,2210,geben
2207,und,und,CCONJ,cd,2206,Rede
2208,Antwort,Antwort,NOUN,cj,2207,und
2209,zu,zu,PART,pm,2210,geben
2210,geben,geben,VERB,ROOT,2210,geben
2211,.,--,PUNCT,punct,2210,geben
2212,Vergebens,vergebens,ADV,mo,2213,wandte
2213,wandte,wenden,VERB,ROOT,2213,wandte
2214,sie,sie,PRON,sb,2213,wandte
2215,ein,ein,ADV,svp,2213,wandte
2216,",",--,PUNCT,punct,2213,wandte
2217,daß,daß,SCONJ,cp,2222,bringe
2218,er,er,PRON,sb,2222,bringe
2219,keinen,kein,DET,nk,2221,Befehl
2220,schriftlichen,schriftlich,ADJ,nk,2221,Befehl
2221,Befehl,Befehl,NOUN,oa,2222,bringe
2222,bringe,bringen,VERB,re,2213,wandte
2223,",",--,PUNCT,punct,2222,bringe
2224,daß,daß,SCONJ,punct,2213,wandte
2225,sie,sie,PRON,sb,2213,wandte
2226,ihm,ihm,PRON,da,2237,folgen
2227,ohne,ohne,ADP,mo,2237,folgen
2228,einen,ein,DET,nk,2229,solchen
2229,solchen,solcher,DET,nk,2227,ohne
2230,und,und,CCONJ,cd,2227,ohne
2231,ohne,ohne,ADP,cj,2230,und
2232,Beratung,Beratung,NOUN,nk,2231,ohne
2233,mit,mit,ADP,mo,2227,ohne
2234,einem,ein,DET,nk,2235,Advokaten
2235,Advokaten,Advokat,NOUN,nk,2233,mit
2236,nicht,nicht,PART,ng,2227,ohne
2237,folgen,folgen,VERB,ROOT,2237,folgen
2238,werde,werden,AUX,ROOT,2238,werde
2239,;,--,PUNCT,punct,2238,werde
2240,er,er,PRON,sb,2241,drohte
2241,drohte,drohen,VERB,ROOT,2241,drohte
2242,",",--,PUNCT,punct,2241,drohte
2243,sie,sie,PRON,oa,2246,fortzuschaffen
2244,mit,mit,ADP,mo,2246,fortzuschaffen
2245,Gewalt,Gewalt,NOUN,nk,2244,mit
2246,fortzuschaffen,fortzuschaffen,VERB,oc,2241,drohte
2247,",",--,PUNCT,punct,2246,fortzuschaffen
2248,wenn,wenn,SCONJ,mo,2241,drohte
2249,sie,sie,PRON,sb,2252,nicht
2250,die,der,DET,nk,2251,Güte
2251,Güte,Güte,NOUN,oa,2252,nicht
2252,nicht,nicht,PART,ng,2248,wenn
2253,benutze,benutzen,VERB,ROOT,2253,benutze
2254,.,--,PUNCT,punct,2253,benutze
2255,Bei,bei,ADP,mo,2258,ergriff
2256,dieser,dieser,DET,nk,2257,Drohung
2257,Drohung,Drohung,NOUN,nk,2255,Bei
2258,ergriff,ergreifen,VERB,ROOT,2258,ergriff
2259,er,er,PRON,sb,2258,ergriff
2260,ihre,ihr,DET,nk,2261,Hand
2261,Hand,Hand,NOUN,oa,2258,ergriff
2262,",",--,PUNCT,punct,2258,ergriff
2263,sie,sie,PRON,sb,2264,schrie
2264,schrie,schreien,VERB,cj,2258,ergriff
2265,um,um,ADP,mo,2264,schrie
2266,Hilfe,Hilfe,NOUN,nk,2265,um
2267,",",--,PUNCT,punct,2264,schrie
2268,es,es,PRON,ROOT,2268,es
2269,eilten,eilen,VERB,ROOT,2269,eilten
2270,mehrere,mehrere,PRON,sb,2269,eilten
2271,herbei,herbei,ADV,svp,2269,eilten
2272,",",--,PUNCT,punct,2269,eilten
2273,aber,aber,CCONJ,cd,2269,eilten
2274,auch,auch,ADV,mo,2276,Polizei-Offiziant
2275,der,der,DET,nk,2276,Polizei-Offiziant
2276,Polizei-Offiziant,Polizei-Offiziant,NOUN,sb,2277,trat
2277,trat,treten,VERB,cj,2273,aber
2278,hinzu,hinzu,ADV,svp,2277,trat
2279,.,--,PUNCT,punct,2269,eilten
2280,Einige,einige,PRON,ROOT,2280,Einige
2281,der,der,DET,ag,2280,Einige
2282,Umstehenden,Umstehenden,NOUN,sb,2283,sprachen
2283,sprachen,sprechen,VERB,ROOT,2283,sprachen
2284,für,für,ADP,mo,2283,sprachen
2285,sie,sie,PRON,nk,2284,für
2286,",",--,PUNCT,punct,2283,sprachen
2287,aber,aber,CCONJ,cd,2283,sprachen
2288,sobald,sobald,SCONJ,mo,2290,Nußknacker
2289,der,der,DET,nk,2290,Nußknacker
2290,Nußknacker,Nußknacker,NOUN,cj,2287,aber
2291,ihnen,ihnen,PRON,da,2292,etwas
2292,etwas,etwas,PRON,oa,2283,sprachen
2293,zugeflüstert,zugeflüsteren,VERB,oc,2294,hatte
2294,hatte,haben,AUX,mo,2296,traten
2295,",",--,PUNCT,punct,2296,traten
2296,traten,treten,VERB,ROOT,2296,traten
2297,sie,sie,PRON,sb,2296,traten
2298,mit,mit,ADP,mo,2296,traten
2299,Achselzucken,Achselzuck,NOUN,nk,2298,mit
2300,zurück,zurück,ADV,svp,2296,traten
2301,;,--,PUNCT,punct,2296,traten
2302,sie,sie,PRON,sb,2303,bat
2303,bat,bitten,VERB,ROOT,2303,bat
2304,flehentlich,flehentlich,ADV,mo,2303,bat
2305,alle,alle,PRON,ROOT,2305,alle
2306,",",--,PUNCT,punct,2305,alle
2307,ihr,ihr,PRON,da,2310,sagen
2308,nur,nur,ADV,mo,2310,sagen
2309,zu,zu,PART,pm,2310,sagen
2310,sagen,sagen,VERB,rc,2305,alle
2311,",",--,PUNCT,punct,2310,sagen
2312,was,was,PRON,oa,2316,beginne
2313,man,man,PRON,sb,2316,beginne
2314,mit,mit,ADP,op,2316,beginne
2315,ihr,ihr,PRON,nk,2314,mit
2316,beginne,beginnen,VERB,oc,2310,sagen
2317,.,--,PUNCT,punct,2305,alle
2318,Als,als,SCONJ,cp,2321,Umstehenden
2319,sie,sie,PRON,sb,2318,Als
2320,die,der,DET,nk,2321,Umstehenden
2321,Umstehenden,Umstehenden,NOUN,ROOT,2321,Umstehenden
2322,so,so,ADV,mnr,2321,Umstehenden
2323,jammernd,jammernd,ADV,mo,2324,anredete
2324,anredete,anreden,VERB,mo,2335,packte
2325,",",--,PUNCT,punct,2324,anredete
2326,daß,daß,SCONJ,cp,2333,traten
2327,vielen,vieler,DET,sb,2333,traten
2328,die,der,DET,nk,2329,Tränen
2329,Tränen,Träne,NOUN,sb,2333,traten
2330,in,in,ADP,mo,2333,traten
2331,die,der,DET,nk,2332,Augen
2332,Augen,Auge,NOUN,nk,2330,in
2333,traten,treten,VERB,oc,2324,anredete
2334,",",--,PUNCT,punct,2335,packte
2335,packte,packen,VERB,ROOT,2335,packte
2336,der,der,DET,ROOT,2336,der
2337,Polizeimann,Polizeimann,NOUN,ROOT,2337,Polizeimann
2338,sie,sie,PRON,sb,2337,Polizeimann
2339,um,um,ADP,mnr,2337,Polizeimann
2340,den,der,DET,nk,2341,Leib
2341,Leib,Leib,NOUN,nk,2339,um
2342,",",--,PUNCT,punct,2337,Polizeimann
2343,um,um,SCONJ,cp,2349,tragen
2344,sie,sie,PRON,oa,2349,tragen
2345,in,in,ADP,mo,2349,tragen
2346,den,der,DET,nk,2347,Wagen
2347,Wagen,Wagen,NOUN,nk,2345,in
2348,zu,zu,PART,pm,2349,tragen
2349,tragen,tragen,VERB,mo,2337,Polizeimann
2350,",",--,PUNCT,punct,2349,tragen
2351,wobei,wobei,SCONJ,mo,2353,der
2352,ihm,ihm,PRON,da,2353,der
2353,der,der,DET,ROOT,2353,der
2354,Nußknacker,Nußknacker,PROPN,sb,2356,beistand
2355,sogleich,sogleich,ADV,mo,2356,beistand
2356,beistand,beistinden,VERB,ROOT,2356,beistand
2357,.,--,PUNCT,punct,2356,beistand
2358,Die,der,DET,nk,2359,Indignation
2359,Indignation,Indignation,NOUN,sb,2361,gab
2360,aber,aber,ADV,mo,2361,gab
2361,gab,geben,VERB,ROOT,2361,gab
2362,der,der,DET,nk,2364,Frau
2363,kleinen,klein,ADJ,nk,2364,Frau
2364,Frau,Frau,NOUN,da,2361,gab
2365,eine,ein,DET,svp,2361,gab
2366,seltene,selten,ADJ,nk,2367,Kraft
2367,Kraft,Kraft,NOUN,cj,2373,wurde
2368,",",--,PUNCT,punct,2367,Kraft
2369,sie,sie,PRON,sb,2370,rang
2370,rang,rang,NOUN,cj,2367,Kraft
2371,",",--,PUNCT,punct,2373,wurde
2372,alles,alle,PRON,sb,2373,wurde
2373,wurde,werden,AUX,ROOT,2373,wurde
2374,ihr,ihr,PRON,da,2373,wurde
2375,zur,zu,ADP,mo,2373,wurde
2376,Waffe,Waffe,NOUN,nk,2375,zur
2377,;,--,PUNCT,punct,2373,wurde
2378,unter,unter,ADP,ROOT,2378,unter
2379,dem,der,DET,nk,2380,Zujauchzen
2380,Zujauchzen,zujauchzen,NOUN,nk,2378,unter
2381,des,der,DET,ROOT,2381,des
2382,Volks,Volk,NOUN,pd,2383,waren
2383,waren,sein,AUX,ROOT,2383,waren
2384,die,der,DET,nk,2386,Feinde
2385,beiden,beide,DET,nk,2386,Feinde
2386,Feinde,Feind,NOUN,sb,2383,waren
2387,blutig,blutig,ADV,mo,2388,gezeichnet
2388,gezeichnet,zeichnen,VERB,mo,2389,zurückgeschlagen
2389,zurückgeschlagen,zurückschlagen,VERB,oc,2383,waren
2390,",",--,PUNCT,punct,2383,waren
2391,und,und,CCONJ,cd,2383,waren
2392,sie,sie,PRON,sb,2393,trat
2393,trat,treten,VERB,cj,2391,und
2394,erschöpft,erschöpfen,VERB,ROOT,2394,erschöpft
2395,",",--,PUNCT,punct,2394,erschöpft
2396,atemlos,atemlos,ADV,mo,2397,taumelnd
2397,taumelnd,taumelnd,ADV,mo,2394,erschöpft
2398,in,in,ADP,mo,2397,taumelnd
2399,ihr,ihr,DET,nk,2400,Zimmer
2400,Zimmer,Zimmer,NOUN,nk,2398,in
2401,zurück,zurück,ADV,svp,2394,erschöpft
2402,.,--,PUNCT,punct,2394,erschöpft
2403,Aber,aber,CCONJ,ju,2406,sprangen
2404,fremde,fremd,ADJ,nk,2405,Männer
2405,Männer,Mann,NOUN,sb,2406,sprangen
2406,sprangen,springen,VERB,ROOT,2406,sprangen
2407,bald,bald,ADV,mo,2408,in
2408,in,in,ADP,ROOT,2408,in
2409,ihr,ihr,DET,nk,2410,Zimmer
2410,Zimmer,Zimmer,NOUN,nk,2408,in
2411,und,und,CCONJ,cd,2408,in
2412,blieben,bleiben,VERB,cj,2411,und
2413,da,da,ADV,mo,2412,blieben
2414,",",--,PUNCT,punct,2412,blieben
2415,ohne,ohne,SCONJ,cp,2422,antworten
2416,ein,ein,DET,nk,2417,Wort
2417,Wort,Wort,NOUN,oa,2422,antworten
2418,auf,auf,ADP,mnr,2417,Wort
2419,ihre,ihr,DET,nk,2420,Fragen
2420,Fragen,Frage,NOUN,nk,2418,auf
2421,zu,zu,PART,pm,2422,antworten
2422,antworten,antworten,VERB,mo,2412,blieben
2423,",",--,PUNCT,punct,2412,blieben
2424,verließen,verlassen,VERB,ROOT,2424,verließen
2425,sie,sie,PRON,sb,2424,verließen
2426,auch,auch,ADV,mo,2424,verließen
2427,nicht,nicht,PART,ng,2424,verließen
2428,",",--,PUNCT,punct,2424,verließen
2429,als,als,SCONJ,cp,2432,wurde
2430,es,es,PRON,sb,2432,wurde
2431,Nacht,Nacht,NOUN,pd,2432,wurde
2432,wurde,werden,AUX,mo,2424,verließen
2433,.,--,PUNCT,punct,2424,verließen
2434,Jetzt,jetzt,ADV,mo,2435,bedauerte
2435,bedauerte,bedauern,VERB,ROOT,2435,bedauerte
2436,sie,sie,PRON,sb,2435,bedauerte
2437,",",--,PUNCT,punct,2435,bedauerte
2438,keine,kein,PRON,dep,2435,bedauerte
2439,Bekanntschaft,Bekanntschaft,NOUN,oa,2440,gemacht
2440,gemacht,machen,VERB,oc,2442,haben
2441,zu,zu,PART,pm,2442,haben
2442,haben,haben,AUX,ROOT,2442,haben
2443,",",--,PUNCT,punct,2442,haben
2444,sie,sie,PRON,sb,2445,rief
2445,rief,rufen,VERB,cj,2442,haben
2446,nach,nach,ADP,op,2445,rief
2447,dem,der,DET,nk,2448,Wirte
2448,Wirte,Wirt,NOUN,nk,2446,nach
2449,",",--,PUNCT,punct,2445,rief
2450,niemand,niemand,PRON,sb,2451,kam
2451,kam,kommen,VERB,oc,2445,rief
2452,;,--,PUNCT,punct,2442,haben
2453,sie,sie,PRON,ROOT,2453,sie
2454,wollte,wollen,AUX,ROOT,2454,wollte
2455,hinausgehen,hinausgehen,VERB,oc,2454,wollte
2456,",",--,PUNCT,punct,2454,wollte
2457,wurde,werden,AUX,cj,2454,wollte
2458,aber,aber,ADV,mo,2464,zurückgewiesen
2459,von,von,ADP,sbp,2464,zurückgewiesen
2460,den,der,DET,nk,2461,Männern
2461,Männern,Mann,NOUN,nk,2459,von
2462,mit,mit,ADP,mo,2464,zurückgewiesen
2463,Achselzucken,Achselzuck,NOUN,nk,2462,mit
2464,zurückgewiesen,zurückweisen,VERB,oc,2457,wurde
2465,.,--,PUNCT,punct,2454,wollte
2466,Sie,sie,PRON,sb,2467,zog
2467,zog,ziehen,VERB,ROOT,2467,zog
2468,sich,sich,PRON,oa,2467,zog
2469,nicht,nicht,PART,ng,2467,zog
2470,aus,aus,ADP,svp,2467,zog
2471,",",--,PUNCT,punct,2467,zog
2472,sie,sie,PRON,sb,2473,schrieb
2473,schrieb,schreiben,VERB,cj,2467,zog
2474,einige,einiger,DET,nk,2475,Briefe
2475,Briefe,Brief,NOUN,oa,2473,schrieb
2476,an,an,ADP,mnr,2475,Briefe
2477,den,der,DET,nk,2478,Beichtvater
2478,Beichtvater,Beichtvater,NOUN,nk,2476,an
2479,und,und,CCONJ,cd,2473,schrieb
2480,an,an,ADV,cj,2479,und
2481,väterliche,väterlich,ADJ,nk,2482,Verwandte
2482,Verwandte,verwandte,NOUN,ROOT,2482,Verwandte
2483,nach,nach,ADP,mnr,2482,Verwandte
2484,Lyon,Lyon,PROPN,nk,2483,nach
2485,",",--,PUNCT,punct,2482,Verwandte
2486,die,der,DET,nk,2487,Briefe
2487,Briefe,Brief,NOUN,sb,2488,waren
2488,waren,sein,AUX,cj,2482,Verwandte
2489,unverständlich,unverständlich,ADV,pd,2488,waren
2490,",",--,PUNCT,punct,2488,waren
2491,denn,denn,CCONJ,cd,2488,waren
2492,sie,sie,PRON,app,2482,Verwandte
2493,wollte,wollen,AUX,ROOT,2493,wollte
2494,ihre,ihr,DET,nk,2495,Lage
2495,Lage,Lage,NOUN,oa,2498,machen
2496,nicht,nicht,PART,ng,2493,wollte
2497,deutlich,deutlich,ADV,mo,2498,machen
2498,machen,machen,VERB,oc,2493,wollte
2499,",",--,PUNCT,punct,2493,wollte
2500,nur,nur,ADV,mo,2502,Freunde
2501,ihre,ihr,DET,nk,2502,Freunde
2502,Freunde,Freund,NOUN,oa,2503,reizen
2503,reizen,reizen,VERB,oc,2493,wollte
2504,",",--,PUNCT,punct,2503,reizen
2505,ihr,ihr,PRON,da,2506,zu
2506,zu,zu,ADP,punct,2493,wollte
2507,Hilfe,Hilfe,NOUN,nk,2506,zu
2508,zu,zu,PART,pm,2509,kommen
2509,kommen,kommen,VERB,ROOT,2509,kommen
2510,;,--,PUNCT,punct,2509,kommen
2511,ja,ja,ADV,mo,2513,wußte
2512,sie,sie,PRON,sb,2513,wußte
2513,wußte,wissen,VERB,ROOT,2513,wußte
2514,eigentlich,eigentlich,ADV,mo,2513,wußte
2515,selbst,selbst,ADV,mo,2513,wußte
2516,nicht,nicht,PART,ng,2513,wußte
2517,",",--,PUNCT,punct,2513,wußte
2518,in,in,ADP,mo,2522,sei
2519,welcher,welcher,DET,nk,2520,Lage
2520,Lage,Lage,NOUN,nk,2518,in
2521,sie,sie,PRON,sb,2522,sei
2522,sei,sein,AUX,oc,2513,wußte
2523,",",--,PUNCT,punct,2513,wußte
2524,und,und,CCONJ,cd,2513,wußte
2525,wessen,wessen,PRON,ROOT,2525,wessen
2526,man,man,PRON,sb,2525,wessen
2527,sie,sie,PRON,oa,2528,beschuldige
2528,beschuldige,beschuldigen,VERB,oc,2525,wessen
2529,.,--,PUNCT,punct,2525,wessen
2530,Ehe,ehe,SCONJ,cp,2534,beendete
2531,sie,sie,PRON,sb,2534,beendete
2532,die,der,DET,nk,2533,Briefe
2533,Briefe,Brief,NOUN,oa,2534,beendete
2534,beendete,beenden,VERB,mo,2536,fuhr
2535,",",--,PUNCT,punct,2536,fuhr
2536,fuhr,fahren,VERB,ROOT,2536,fuhr
2537,ein,ein,DET,nk,2538,Wagen
2538,Wagen,Wagen,NOUN,sb,2536,fuhr
2539,vor,vor,ADP,svp,2536,fuhr
2540,",",--,PUNCT,punct,2536,fuhr
2541,es,es,PRON,dep,2536,fuhr
2542,stiegen,steigen,VERB,ROOT,2542,stiegen
2543,Männer,Mann,NOUN,sb,2542,stiegen
2544,aus,aus,ADP,svp,2542,stiegen
2545,",",--,PUNCT,punct,2546,kamen
2546,kamen,kommen,VERB,cj,2542,stiegen
2547,zu,zu,ADP,mo,2546,kamen
2548,ihr,ihr,PRON,nk,2547,zu
2549,und,und,CCONJ,cd,2546,kamen
2550,banden,banden,VERB,cj,2549,und
2551,sie,sie,PRON,oa,2550,banden
2552,mit,mit,ADP,mo,2550,banden
2553,seltsamen,seltsam,ADJ,nk,2554,Binden
2554,Binden,Bind,NOUN,nk,2552,mit
2555,",",--,PUNCT,punct,2550,banden
2556,während,während,SCONJ,mo,2542,stiegen
2557,sie,sie,PRON,sb,2558,bemerkte
2558,bemerkte,bemerken,VERB,ROOT,2558,bemerkte
2559,",",--,PUNCT,punct,2558,bemerkte
2560,daß,daß,SCONJ,cp,2564,nahm
2561,einer,ein,PRON,sb,2564,nahm
2562,ihre,ihr,DET,nk,2563,Schatulle
2563,Schatulle,Schatulle,NOUN,oa,2564,nahm
2564,nahm,nehmen,VERB,oc,2558,bemerkte
2565,",",--,PUNCT,punct,2564,nahm
2566,ein,ein,DET,nk,2567,anderer
2567,anderer,anderer,PRON,dep,2564,nahm
2568,ihre,ihr,DET,nk,2569,Schränke
2569,Schränke,Schränk,NOUN,oa,2564,nahm
2570,verschloß,verschließen,NOUN,ROOT,2570,verschloß
2571,und,und,CCONJ,cd,2570,verschloß
2572,ihre,ihr,DET,nk,2573,Briefe
2573,Briefe,Brief,NOUN,cj,2571,und
2574,durchlas,durchlas,VERB,oc,2570,verschloß
2575,.,--,PUNCT,punct,2570,verschloß
2576,Sie,sie,PRON,sb,2577,wollte
2577,wollte,wollen,AUX,ROOT,2577,wollte
2578,schreien,schreien,VERB,oc,2577,wollte
2579,",",--,PUNCT,punct,2578,schreien
2580,aber,aber,CCONJ,cd,2578,schreien
2581,im,in,ADP,cj,2580,aber
2582,Augenblicke,Augenblick,NOUN,nk,2581,im
2583,war,sein,AUX,ROOT,2583,war
2584,ihr,ihr,PRON,da,2587,zugebunden
2585,der,der,DET,nk,2586,Mund
2586,Mund,Mund,NOUN,sb,2583,war
2587,zugebunden,zugebunden,VERB,oc,2583,war
2588,.,--,PUNCT,punct,2583,war
2589,Nun,nun,ADV,mo,2590,gab
2590,gab,geben,VERB,ROOT,2590,gab
2591,sie,sie,PRON,sb,2590,gab
2592,allen,aller,DET,nk,2593,Widerstand
2593,Widerstand,Widerstand,NOUN,oa,2590,gab
2594,auf,auf,ADP,svp,2590,gab
2595,",",--,PUNCT,punct,2590,gab
2596,ein,ein,DET,nk,2597,Schleier
2597,Schleier,Schleier,NOUN,app,2593,Widerstand
2598,deckte,decken,VERB,ROOT,2598,deckte
2599,ihre,ihr,DET,nk,2600,Augen
2600,Augen,Auge,NOUN,oa,2598,deckte
2601,",",--,PUNCT,punct,2598,deckte
2602,sie,sie,PRON,sb,2603,wurde
2603,wurde,werden,AUX,cj,2598,deckte
2604,in,in,ADP,mo,2609,hinuntergetragen
2605,einem,ein,DET,nk,2606,Männermantel
2606,Männermantel,Männermantel,NOUN,nk,2604,in
2607,die,der,DET,nk,2608,Treppe
2608,Treppe,Treppe,NOUN,oa,2609,hinuntergetragen
2609,hinuntergetragen,hinuntergetragen,VERB,oc,2603,wurde
2610,und,und,CCONJ,ROOT,2610,und
2611,in,in,ADP,mo,2614,gesetzt
2612,einen,ein,DET,nk,2613,Wagen
2613,Wagen,Wagen,NOUN,nk,2611,in
2614,gesetzt,setzen,VERB,cj,2610,und
2615,",",--,PUNCT,punct,2614,gesetzt
2616,der,der,PRON,sb,2623,fortrollte
2617,dann,dann,ADV,mo,2623,fortrollte
2618,in,in,ADP,mo,2623,fortrollte
2619,gewaltiger,gewaltig,ADJ,nk,2620,Eile
2620,Eile,Eile,NOUN,nk,2618,in
2621,mit,mit,ADP,mo,2623,fortrollte
2622,ihr,ihr,PRON,nk,2621,mit
2623,fortrollte,fortrollen,VERB,rc,2613,Wagen
2624,.,--,PUNCT,ROOT,2624,.
2625,Die,der,DET,ROOT,2625,Die
2626,Ermattung,Ermattung,NOUN,mo,2627,versenkte
2627,versenkte,versenken,VERB,ROOT,2627,versenkte
2628,sie,sie,PRON,sb,2627,versenkte
2629,oft,oft,ADV,mo,2627,versenkte
2630,in,in,ADP,mo,2627,versenkte
2631,Schlaf,Schlaf,NOUN,nk,2630,in
2632,",",--,PUNCT,punct,2627,versenkte
2633,aber,aber,CCONJ,cd,2627,versenkte
2634,das,der,DET,nk,2636,Stoßen
2635,heftige,heftig,ADJ,nk,2636,Stoßen
2636,Stoßen,Stoße,NOUN,cj,2633,aber
2637,des,der,DET,nk,2638,Wagens
2638,Wagens,Wagen,NOUN,ag,2636,Stoßen
2639,erweckte,erwecken,VERB,ROOT,2639,erweckte
2640,sie,sie,PRON,sb,2639,erweckte
2641,wieder,wieder,ADV,mo,2639,erweckte
2642,",",--,PUNCT,punct,2639,erweckte
2643,doch,doch,CCONJ,cd,2639,erweckte
2644,konnte,können,AUX,cj,2643,doch
2645,sie,sie,PRON,sb,2644,konnte
2646,nicht,nicht,PART,ng,2644,konnte
2647,berechnen,berechnen,VERB,oc,2644,konnte
2648,",",--,PUNCT,punct,2647,berechnen
2649,wie,wie,ADV,mo,2650,lange
2650,lange,lange,ADV,mo,2652,gefahren
2651,sie,sie,PRON,oa,2652,gefahren
2652,gefahren,fahren,VERB,oc,2647,berechnen
2653,",",--,PUNCT,punct,2644,konnte
2654,als,als,SCONJ,cp,2657,stillehielt
2655,der,der,DET,nk,2656,Wagen
2656,Wagen,Wagen,NOUN,sb,2657,stillehielt
2657,stillehielt,stillehieln,VERB,ROOT,2657,stillehielt
2658,und,und,CCONJ,cd,2657,stillehielt
2659,sie,sie,PRON,oa,2666,getragen
2660,mehrere,mehrere,DET,nk,2661,Treppen
2661,Treppen,Treppe,NOUN,oa,2666,getragen
2662,hinauf,hinauf,ADV,mo,2666,getragen
2663,in,in,ADP,mo,2666,getragen
2664,ein,ein,DET,nk,2665,Zimmer
2665,Zimmer,Zimmer,NOUN,nk,2663,in
2666,getragen,tragen,VERB,cj,2658,und
2667,wurde,werden,AUX,ROOT,2667,wurde
2668,",",--,PUNCT,punct,2667,wurde
2669,wo,wo,SCONJ,mo,2671,Binden
2670,alle,aller,DET,nk,2671,Binden
2671,Binden,Binde,NOUN,sb,2667,wurde
2672,ihr,ihr,DET,da,2673,abgenommen
2673,abgenommen,abnehmen,VERB,oc,2671,Binden
2674,und,und,CCONJ,cd,2673,abgenommen
2675,ihr,ihr,PRON,da,2677,Bett
2676,ein,ein,DET,nk,2677,Bett
2677,Bett,Bett,NOUN,cj,2674,und
2678,in,in,ADP,mnr,2677,Bett
2679,der,der,DET,nk,2680,Nähe
2680,Nähe,Nähe,NOUN,nk,2678,in
2681,von,von,ADP,pg,2680,Nähe
2682,zwei,zwei,NUM,nk,2681,von
2683,andern,anderer,ADJ,nk,2684,Bettlagern
2684,Bettlagern,Bettlager,NOUN,da,2685,angewiesen
2685,angewiesen,anweisen,VERB,oc,2686,wurde
2686,wurde,werden,AUX,ROOT,2686,wurde
2687,",",--,PUNCT,punct,2686,wurde
2688,aus,aus,ADP,mo,2693,weibliche
2689,denen,der,PRON,nk,2688,aus
2690,seltsame,seltsam,ADJ,nk,2693,weibliche
2691,",",--,PUNCT,punct,2690,seltsame
2692,überkluge,überklug,ADJ,cj,2690,seltsame
2693,weibliche,Weibliche,NOUN,sb,2686,wurde
2694,Gesichter,Gesicht,NOUN,oa,2695,hervorstierten
2695,hervorstierten,hervorstieren,VERB,ROOT,2695,hervorstierten
2696,.,--,PUNCT,punct,2695,hervorstierten
2697,Sie,sie,PRON,sb,2698,fragte
2698,fragte,fragen,VERB,ROOT,2698,fragte
2699,",",--,PUNCT,punct,2698,fragte
2700,wo,wo,SCONJ,mo,2702,wäre
2701,sie,sie,PRON,sb,2702,wäre
2702,wäre,sein,AUX,oc,2698,fragte
2703,?,--,PUNCT,punct,2698,fragte
2704,Niemand,niemand,PRON,sb,2705,antwortete
2705,antwortete,antworten,VERB,ROOT,2705,antwortete
2706,;,--,PUNCT,punct,2705,antwortete
2707,mit,mit,ADP,ROOT,2707,mit
2708,bedeutender,bedeutend,ADJ,nk,2709,Gebärde
2709,Gebärde,Gebärde,NOUN,da,2710,verwies
2710,verwies,verweisen,VERB,ROOT,2710,verwies
2711,man,man,PRON,sb,2710,verwies
2712,sie,sie,PRON,oa,2710,verwies
2713,zur,zu,ADP,mo,2710,verwies
2714,Ruhe,Ruhe,NOUN,nk,2713,zur
2715,.,--,PUNCT,punct,2710,verwies
2716,Darauf,darauf,ADV,mo,2717,wurde
2717,wurde,werden,AUX,ROOT,2717,wurde
2718,sie,sie,PRON,sb,2717,wurde
2719,mit,mit,ADP,mo,2717,wurde
2720,den,der,DET,nk,2721,beiden
2721,beiden,beide,PRON,nk,2719,mit
2722,andern,anderer,PRON,mo,2724,gelassen
2723,allein,allein,ADV,mo,2724,gelassen
2724,gelassen,lassen,VERB,ROOT,2724,gelassen
2725,",",--,PUNCT,punct,2724,gelassen
2726,die,der,PRON,sb,2730,reden
2727,nun,nun,ADV,mo,2730,reden
2728,anfingen,anfinger,NOUN,oa,2730,reden
2729,zu,zu,PART,pm,2730,reden
2730,reden,reden,VERB,oc,2724,gelassen
2731,und,und,CCONJ,cd,2730,reden
2732,dreist,dreist,ADV,mo,2733,behaupteten
2733,behaupteten,behaupten,VERB,cj,2731,und
2734,",",--,PUNCT,punct,2733,behaupteten
2735,sie,sie,PRON,ROOT,2735,sie
2736,sei,sein,AUX,ROOT,2736,sei
2737,am,an,ADP,mo,2736,sei
2738,Hofe,Hof,NOUN,nk,2737,am
2739,",",--,PUNCT,punct,2736,sei
2740,wobei,wobei,SCONJ,mo,2745,freuten
2741,sie,sie,PRON,sb,2745,freuten
2742,sich,sich,PRON,oa,2745,freuten
2743,ihrer,ihr,DET,nk,2744,Anstellung
2744,Anstellung,Anstellung,NOUN,da,2745,freuten
2745,freuten,freuen,VERB,mo,2736,sei
2746,.,--,PUNCT,punct,2736,sei
2747,Am,an,ADP,mo,2749,faßte
2748,Morgen,Morgen,NOUN,nk,2747,Am
2749,faßte,fassen,VERB,ROOT,2749,faßte
2750,sie,sie,PRON,sb,2749,faßte
2751,sich,sich,PRON,oa,2749,faßte
2752,im,in,ADP,mo,2759,suchte
2753,Gebet,Gebet,NOUN,nk,2752,im
2754,",",--,PUNCT,punct,2752,im
2755,bezwang,bezwingen,VERB,cj,2752,im
2756,ihre,ihr,DET,nk,2757,Heftigkeit
2757,Heftigkeit,Heftigkeit,NOUN,oa,2755,bezwang
2758,",",--,PUNCT,punct,2759,suchte
2759,suchte,suchen,VERB,ROOT,2759,suchte
2760,ihre,ihr,DET,nk,2761,Klugheit
2761,Klugheit,Klugheit,NOUN,oa,2764,bringen
2762,obenauf,obenauf,ADV,mo,2764,bringen
2763,zu,zu,PART,pm,2764,bringen
2764,bringen,bringen,VERB,oc,2759,suchte
2765,und,und,CCONJ,cd,2764,bringen
2766,war,sein,AUX,ROOT,2766,war
2767,sehr,sehr,ADV,mo,2768,gefaßt
2768,gefaßt,fassen,VERB,pd,2766,war
2769,",",--,PUNCT,punct,2766,war
2770,als,als,SCONJ,cp,2774,eintrat
2771,derselbe,derselbe,ADJ,nk,2773,Herr
2772,fremde,fremd,ADJ,nk,2773,Herr
2773,Herr,Herr,NOUN,sb,2774,eintrat
2774,eintrat,eintreten,VERB,mo,2766,war
2775,",",--,PUNCT,punct,2774,eintrat
2776,der,der,PRON,sb,2778,mit
2777,damals,damals,ADV,mo,2778,mit
2778,mit,mit,ADP,rc,2774,eintrat
2779,dem,der,DET,nk,2778,mit
2780,Nußknacker,Nußknacker,PROPN,sb,2783,hatte
2781,sie,sie,PRON,oa,2782,besucht
2782,besucht,besuchen,VERB,oc,2783,hatte
2783,hatte,haben,AUX,ROOT,2783,hatte
2784,.,--,PUNCT,punct,2783,hatte
2785,Von,von,ADP,mo,2791,genannt
2786,seinen,sein,DET,nk,2787,Begleitern
2787,Begleitern,Begleiter,NOUN,nk,2785,Von
2788,wurde,werden,AUX,ROOT,2788,wurde
2789,er,er,PRON,sb,2788,wurde
2790,Doktor,Doktor,NOUN,oa,2791,genannt
2791,genannt,nennen,VERB,oc,2788,wurde
2792,",",--,PUNCT,punct,2788,wurde
2793,diese,dieser,PRON,sb,2794,sahen
2794,sahen,sehen,VERB,ROOT,2794,sahen
2795,aus,aus,ADP,svp,2794,sahen
2796,wie,wie,ADP,cm,2797,Schüler
2797,Schüler,Schüler,NOUN,mo,2794,sahen
2798,",",--,PUNCT,punct,2797,Schüler
2799,welche,welcher,PRON,sb,2804,Ansehen
2800,sich,sich,PRON,oa,2804,Ansehen
2801,vor,vor,ADP,mo,2804,Ansehen
2802,Kranken,kranke,NOUN,nk,2801,vor
2803,ein,ein,DET,nk,2804,Ansehen
2804,Ansehen,ansehen,NOUN,oa,2794,sahen
2805,von,von,ADP,pg,2804,Ansehen
2806,Erfahrenheit,Erfahrenheit,NOUN,oa,2807,geben
2807,geben,geben,VERB,oc,2808,wollten
2808,wollten,wollen,AUX,ROOT,2808,wollten
2809,.,--,PUNCT,punct,2808,wollten
2810,Der,der,DET,nk,2812,trat
2811,eine,ein,PRON,nk,2812,trat
2812,trat,treten,VERB,ROOT,2812,trat
2813,zu,zu,ADP,op,2812,trat
2814,ihr,ihr,PRON,nk,2813,zu
2815,und,und,CCONJ,cd,2812,trat
2816,fragte,fragen,VERB,cj,2815,und
2817,:,--,PUNCT,punct,2816,fragte
2818,ob,ob,SCONJ,cp,2821,König
2819,nicht,nicht,PART,ng,2821,König
2820,der,der,DET,nk,2821,König
2821,König,König,NOUN,oc,2816,fragte
2822,der,der,DET,nk,2824,Mann
2823,schönste,schön,ADJ,nk,2824,Mann
2824,Mann,Mann,NOUN,pd,2828,sei
2825,in,in,ADP,mnr,2824,Mann
2826,ganz,ganz,ADV,nk,2827,Frankreich
2827,Frankreich,Frankreich,PROPN,nk,2825,in
2828,sei,sein,AUX,ROOT,2828,sei
2829,?,--,PUNCT,punct,2828,sei
2830,–,--,PUNCT,punct,2832,antwortete
2831,Sie,sie,PRON,sb,2832,antwortete
2832,antwortete,antworten,VERB,ROOT,2832,antwortete
2833,:,--,PUNCT,punct,2832,antwortete
2834,«,--,PUNCT,punct,2832,antwortete
2835,Nicht,nicht,PART,ng,2836,nur
2836,nur,nur,ADV,mo,2837,der
2837,der,der,DET,sb,2832,antwortete
2838,schönste,schön,ADJ,ROOT,2838,schönste
2839,",",--,PUNCT,punct,2838,schönste
2840,sondern,sondern,CCONJ,cd,2838,schönste
2841,auch,auch,ADV,mo,2843,beste
2842,der,der,DET,nk,2843,beste
2843,beste,gut,ADJ,cj,2840,sondern
2844,",",--,PUNCT,punct,2838,schönste
2845,aber,aber,CCONJ,cd,2838,schönste
2846,er,er,PRON,sb,2847,hat
2847,hat,haben,VERB,cj,2845,aber
2848,viele,vieler,DET,nk,2850,Diener
2849,schlechte,schlecht,ADJ,nk,2850,Diener
2850,Diener,Diener,NOUN,oa,2847,hat
2851,.,--,PUNCT,punct,2838,schönste
2852,»,--,PUNCT,punct,2838,schönste
2853,Als,als,SCONJ,ROOT,2853,Als
2854,sie,sie,PRON,nk,2853,Als
2855,das,der,PRON,sb,2857,hatte
2856,gesagt,sagen,VERB,oc,2857,hatte
2857,hatte,haben,AUX,mo,2859,winkte
2858,",",--,PUNCT,punct,2859,winkte
2859,winkte,winken,VERB,ROOT,2859,winkte
2860,der,der,DET,nk,2861,Doktor
2861,Doktor,Doktor,NOUN,sb,2859,winkte
2862,;,--,PUNCT,punct,2859,winkte
2863,sie,sie,PRON,sb,2864,wurde
2864,wurde,werden,AUX,ROOT,2864,wurde
2865,von,von,ADP,mo,2864,wurde
2866,starken,stark,ADJ,nk,2867,Männern
2867,Männern,Mann,NOUN,nk,2865,von
2868,in,in,ADP,mo,2864,wurde
2869,ein,ein,DET,nk,2870,Rad
2870,Rad,Rad,NOUN,nk,2868,in
2871,gesetzt,setzen,VERB,ROOT,2871,gesetzt
2872,und,und,CCONJ,cd,2871,gesetzt
2873,schrecklich,schrecklich,ADV,mo,2874,gedreht
2874,gedreht,drehen,VERB,cj,2872,und
2875,",",--,PUNCT,punct,2874,gedreht
2876,daß,daß,SCONJ,cp,2880,meinte
2877,sie,sie,PRON,sb,2880,meinte
2878,zu,zu,PART,pm,2879,sterben
2879,sterben,sterben,VERB,oc,2880,meinte
2880,meinte,meinen,VERB,cc,2873,schrecklich
2881,.,--,PUNCT,punct,2871,gesetzt
2882,Kaum,kaum,ADV,ROOT,2882,Kaum
2883,herausgebracht,herausbringen,VERB,mo,2885,fragte
2884,",",--,PUNCT,punct,2885,fragte
2885,fragte,fragen,VERB,ROOT,2885,fragte
2886,man,man,PRON,sb,2885,fragte
2887,sie,sie,PRON,oa,2885,fragte
2888,wieder,wieder,ADV,mo,2885,fragte
2889,nach,nach,ADP,mo,2885,fragte
2890,dem,der,DET,nk,2891,König
2891,König,König,NOUN,nk,2889,nach
2892,",",--,PUNCT,punct,2885,fragte
2893,da,da,ADV,mo,2894,antwortete
2894,antwortete,antworten,VERB,mo,2885,fragte
2895,die,der,DET,dep,2885,fragte
2896,Erschöpfte,erschöpfter,NOUN,ROOT,2896,Erschöpfte
2897,:,--,PUNCT,punct,2896,Erschöpfte
2898,«,--,PUNCT,punct,2900,kann
2899,Er,er,PRON,sb,2900,kann
2900,kann,können,AUX,rs,2896,Erschöpfte
2901,seine,sein,DET,nk,2903,Kinder
2902,vielen,vieler,DET,nk,2903,Kinder
2903,Kinder,Kind,NOUN,oa,2905,schützen
2904,nicht,nicht,PART,ng,2900,kann
2905,schützen,schützen,VERB,oc,2900,kann
2906,",",--,PUNCT,punct,2905,schützen
2907,Gott,Gott,NOUN,sb,2908,sei
2908,sei,sein,AUX,oc,2905,schützen
2909,uns,uns,PRON,da,2908,sei
2910,gnädig,gnädig,ADV,pd,2908,sei
2911,!,--,PUNCT,punct,2900,kann
2912,»,--,PUNCT,punct,2896,Erschöpfte
2913,Es,es,PRON,sb,2914,hat
2914,hat,haben,AUX,oc,2918,sagte
2915,schon,schon,ADV,mo,2916,geholfen
2916,geholfen,helfen,VERB,oc,2914,hat
2917,",",--,PUNCT,punct,2918,sagte
2918,sagte,sagen,VERB,ROOT,2918,sagte
2919,der,der,DET,nk,2920,Doktor
2920,Doktor,Doktor,NOUN,sb,2918,sagte
2921,",",--,PUNCT,punct,2918,sagte
2922,fahren,fahren,VERB,cj,2918,sagte
2923,Sie,sie,PRON,sb,2922,fahren
2924,alle,aller,DET,nk,2925,Tage
2925,Tage,Tag,NOUN,mo,2922,fahren
2926,so,so,ADV,mo,2922,fahren
2927,fort,fort,ADV,svp,2922,fahren
2928,",",--,PUNCT,punct,2922,fahren
2929,der,der,PRON,dep,2918,sagte
2930,Wahnsinn,Wahnsinn,NOUN,sb,2931,ist
2931,ist,sein,AUX,ROOT,2931,ist
2932,durch,durch,ADP,mo,2931,ist
2933,die,der,DET,nk,2935,Lebensart
2934,sitzende,sitzend,ADJ,nk,2935,Lebensart
2935,Lebensart,Lebensart,NOUN,nk,2932,durch
2936,",",--,PUNCT,punct,2935,Lebensart
2937,politische,politisch,ADJ,nk,2938,Schwärmerei
2938,Schwärmerei,Schwärmerei,NOUN,cj,2935,Lebensart
2939,und,und,CCONJ,cd,2938,Schwärmerei
2940,unbefriedigte,unbefriedigt,ADJ,nk,2941,Liebe
2941,Liebe,Liebe,NOUN,ROOT,2941,Liebe
2942,entstanden,entstehen,VERB,oc,2941,Liebe
2943,.,--,PUNCT,punct,2941,Liebe
2944,Nun,nun,ADV,mo,2945,stürzte
2945,stürzte,stürzen,VERB,ROOT,2945,stürzte
2946,die,der,DET,nk,2948,Frau
2947,unglückliche,unglücklich,ADJ,nk,2948,Frau
2948,Frau,Frau,NOUN,sb,2945,stürzte
2949,jammervoll,jammervoll,ADV,mo,2945,stürzte
2950,zusammen,zusammen,ADV,dm,2953,sah
2951,",",--,PUNCT,punct,2953,sah
2952,sie,sie,PRON,sb,2953,sah
2953,sah,sehen,VERB,ROOT,2953,sah
2954,",",--,PUNCT,punct,2953,sah
2955,daß,daß,SCONJ,cp,2960,worden
2956,sie,sie,PRON,sb,2960,worden
2957,des,der,DET,nk,2958,Wahnsinns
2958,Wahnsinns,Wahnsinn,NOUN,og,2959,beschuldigt
2959,beschuldigt,beschuldigen,VERB,oc,2960,worden
2960,worden,werden,AUX,oc,2953,sah
2961,",",--,PUNCT,punct,2960,worden
2962,daß,daß,SCONJ,cp,2963,ihr
2963,ihr,ihr,PRON,ROOT,2963,ihr
2964,darum,darum,ADV,mnr,2963,ihr
2965,Vermögen,Vermögen,NOUN,oa,2968,genommen
2966,und,und,CCONJ,cd,2965,Vermögen
2967,Freiheit,Freiheit,NOUN,cj,2966,und
2968,genommen,nehmen,VERB,ROOT,2968,genommen
2969,.,--,PUNCT,punct,2968,genommen
2970,Wer,wer,PRON,sb,2971,hatte
2971,hatte,haben,AUX,ROOT,2971,hatte
2972,diese,dieser,DET,nk,2973,Gerüchte
2973,Gerüchte,Gerücht,NOUN,oa,2974,verbreitet
2974,verbreitet,verbreiten,VERB,oc,2971,hatte
2975,?,--,PUNCT,punct,2971,hatte
2976,Sie,sie,PRON,sb,2977,dachte
2977,dachte,denken,VERB,ROOT,2977,dachte
2978,umsonst,umsonst,ADV,mo,2979,nach
2979,nach,nach,ADP,mo,2982,fiel
2980,",",--,PUNCT,punct,2982,fiel
2981,doch,doch,CCONJ,ju,2982,fiel
2982,fiel,fallen,VERB,ROOT,2982,fiel
2983,ihr,ihr,PRON,da,2982,fiel
2984,die,der,DET,nk,2986,Kammerjungfer
2985,boshafte,boshaft,ADJ,nk,2986,Kammerjungfer
2986,Kammerjungfer,Kammerjungfer,NOUN,sb,2982,fiel
2987,ein,ein,ADV,svp,2982,fiel
2988,;,--,PUNCT,punct,2982,fiel
2989,oder,oder,CCONJ,cd,2982,fiel
2990,strebte,streben,VERB,cj,2989,oder
2991,jemand,jemand,PRON,sb,2990,strebte
2992,nach,nach,ADP,ROOT,2992,nach
2993,ihrem,ihr,DET,nk,2994,Vermögen
2994,Vermögen,Vermögen,NOUN,nk,2992,nach
2995,?,--,PUNCT,ROOT,2995,?
2996,Sie,sie,PRON,sb,2997,bemerkte
2997,bemerkte,bemerken,VERB,ROOT,2997,bemerkte
2998,bald,bald,ADV,mo,2997,bemerkte
2999,aus,aus,ADP,op,2997,bemerkte
3000,dem,der,DET,nk,3001,Reden
3001,Reden,Rede,NOUN,nk,2999,aus
3002,der,der,DET,nk,3004,Schüler
3003,läppischen,läppisch,ADJ,nk,3004,Schüler
3004,Schüler,Schüler,NOUN,ag,3001,Reden
3005,des,der,DET,punct,2997,bemerkte
3006,Doktors,Doktors,PROPN,oa,3018,daß
3007,",",--,PUNCT,punct,3006,Doktors
3008,daß,daß,SCONJ,cp,3016,gegeben
3009,ihre,ihr,DET,nk,3010,Verehrung
3010,Verehrung,Verehrung,NOUN,sb,3016,gegeben
3011,für,für,ADP,mnr,3010,Verehrung
3012,den,der,DET,nk,3013,König
3013,König,König,NOUN,nk,3011,für
3014,den,der,DET,nk,3015,Schein
3015,Schein,Schein,NOUN,oa,3016,gegeben
3016,gegeben,geben,VERB,oc,3006,Doktors
3017,",",--,PUNCT,punct,3016,gegeben
3018,daß,daß,SCONJ,ROOT,3018,daß
3019,ihre,ihr,DET,punct,3018,daß
3020,Freigebigkeit,Freigebigkeit,NOUN,ROOT,3020,Freigebigkeit
3021,ihn,ihn,PRON,oa,3022,vermehrt
3022,vermehrt,vermehren,ADV,pd,3020,Freigebigkeit
3023,und,und,CCONJ,cd,3029,hatte
3024,ihre,ihr,DET,nk,3025,Einsamkeit
3025,Einsamkeit,Einsamkeit,NOUN,sb,3029,hatte
3026,jedermann,jedermann,PRON,oa,3028,bestärkt
3027,darin,darin,ADV,mo,3028,bestärkt
3028,bestärkt,bestärken,VERB,oc,3029,hatte
3029,hatte,haben,AUX,mo,3020,Freigebigkeit
3030,.,--,PUNCT,punct,3020,Freigebigkeit
3031,Aber,aber,CCONJ,ju,3032,war
3032,war,sein,AUX,ROOT,3032,war
3033,es,es,PRON,sb,3032,war
3034,denn,denn,ADV,mo,3032,war
3035,nicht,nicht,PART,ng,3032,war
3036,möglich,möglich,ADV,pd,3032,war
3037,",",--,PUNCT,punct,3032,war
3038,alles,alle,PRON,sb,3042,vorzustellen
3039,dem,der,DET,nk,3040,Doktor
3040,Doktor,Doktor,NOUN,da,3042,vorzustellen
3041,deutlich,deutlich,ADV,mo,3042,vorzustellen
3042,vorzustellen,vorstellen,VERB,re,3033,es
3043,?,--,PUNCT,punct,3032,war
3044,Sie,sie,PRON,ROOT,3044,Sie
3045,versuchte,versuchen,VERB,ROOT,3045,versuchte
3046,es,es,PRON,ep,3045,versuchte
3047,oft,oft,ADV,mo,3045,versuchte
3048,",",--,PUNCT,punct,3045,versuchte
3049,aber,aber,CCONJ,cd,3045,versuchte
3050,kaum,kaum,ADV,mo,3055,gesprochen
3051,hatte,haben,AUX,re,3057,so
3052,sie,sie,PRON,sb,3051,hatte
3053,einige,einiger,DET,nk,3054,Worte
3054,Worte,Wort,NOUN,oa,3055,gesprochen
3055,gesprochen,sprechen,VERB,oc,3051,hatte
3056,",",--,PUNCT,punct,3057,so
3057,so,so,ADV,mo,3058,lächelte
3058,lächelte,lächelen,VERB,cj,3049,aber
3059,der,der,DET,dep,3058,lächelte
3060,Doktor,Doktor,NOUN,ROOT,3060,Doktor
3061,selbstgefällig,selbstgefällig,ADV,pd,3060,Doktor
3062,und,und,CCONJ,cd,3060,Doktor
3063,schickte,schicken,VERB,cj,3062,und
3064,sie,sie,PRON,oa,3063,schickte
3065,in,in,ADP,mo,3063,schickte
3066,das,der,DET,nk,3068,Drehrad
3067,schreckliche,schrecklich,ADJ,nk,3068,Drehrad
3068,Drehrad,Drehrad,NOUN,nk,3065,in
3069,.,--,PUNCT,punct,3060,Doktor
3070,Ihr,ihr,DET,nk,3071,Mut
3071,Mut,Mut,NOUN,ROOT,3071,Mut
3072,wuchs,wachsen,VERB,ROOT,3072,wuchs
3073,mit,mit,ADP,mo,3072,wuchs
3074,der,der,DET,nk,3075,Verzweiflung
3075,Verzweiflung,Verzweiflung,NOUN,nk,3073,mit
3076,",",--,PUNCT,punct,3072,wuchs
3077,kein,kein,DET,nk,3078,Drehen
3078,Drehen,drehen,NOUN,sb,3079,vermochte
3079,vermochte,vermögen,VERB,oc,3072,wuchs
3080,mehr,mehr,ADV,mo,3079,vermochte
3081,ihre,ihr,DET,nk,3083,Anklage
3082,laute,laut,ADJ,nk,3083,Anklage
3083,Anklage,Anklage,NOUN,oa,3079,vermochte
3084,zu,zu,ADP,svp,3079,vermochte
3085,ersticken,ersticken,VERB,ROOT,3085,ersticken
3086,;,--,PUNCT,punct,3085,ersticken
3087,sie,sie,PRON,sb,3088,wurde
3088,wurde,werden,AUX,ROOT,3088,wurde
3089,in,in,ADP,mo,3091,getaucht
3090,Wasser,Wasser,NOUN,nk,3089,in
3091,getaucht,tauchen,VERB,oc,3088,wurde
3092,",",--,PUNCT,punct,3088,wurde
3093,nichts,nichts,PRON,sb,3094,überwand
3094,überwand,überwand,VERB,cj,3088,wurde
3095,ihre,ihr,DET,nk,3096,Klage
3096,Klage,Klage,NOUN,oa,3094,überwand
3097,über,über,ADP,op,3094,überwand
3098,Grausamkeit,Grausamkeit,NOUN,ROOT,3098,Grausamkeit
3099,;,--,PUNCT,punct,3098,Grausamkeit
3100,der,der,DET,nk,3101,Doktor
3101,Doktor,Doktor,NOUN,sb,3102,erklärte
3102,erklärte,erklären,VERB,ROOT,3102,erklärte
3103,den,der,DET,nk,3104,Schülern
3104,Schülern,Schüler,NOUN,da,3102,erklärte
3105,",",--,PUNCT,punct,3102,erklärte
3106,die,der,DET,nk,3107,Frau
3107,Frau,Frau,NOUN,sb,3108,sei
3108,sei,sein,AUX,oc,3102,erklärte
3109,unheilbar,unheilbar,ADV,pd,3108,sei
3110,und,und,CCONJ,cd,3109,unheilbar
3111,sprach,sprechen,VERB,ROOT,3111,sprach
3112,dabei,dabei,ADV,mo,3111,sprach
3113,recht,recht,ADV,mo,3114,herzliche
3114,herzliche,herzlich,ADJ,nk,3115,Worte
3115,Worte,Wort,NOUN,oa,3111,sprach
3116,voll,voll,ADP,mo,3111,sprach
3117,Mitleid,Mitleid,NOUN,nk,3116,voll
3118,über,über,ADP,mnr,3117,Mitleid
3119,ihren,ihr,DET,nk,3120,Zustand
3120,Zustand,Zustand,NOUN,nk,3118,über
3121,aus,aus,ADP,svp,3111,sprach
3122,.,--,PUNCT,punct,3111,sprach
3123,Sie,sie,PRON,ROOT,3123,Sie
3124,konnte,können,AUX,ROOT,3124,konnte
3125,ihm,ihm,PRON,da,3127,zürnen
3126,nicht,nicht,PART,ng,3124,konnte
3127,zürnen,zürnen,VERB,oc,3124,konnte
3128,;,--,PUNCT,punct,3124,konnte
3129,er,er,PRON,sb,3130,wäre
3130,wäre,sein,AUX,ROOT,3130,wäre
3131,vielleicht,vielleicht,ADV,mo,3130,wäre
3132,ein,ein,DET,nk,3134,Vieharzt
3133,tüchtiger,tüchtig,ADJ,nk,3134,Vieharzt
3134,Vieharzt,Vieharzt,NOUN,pd,3135,gewesen
3135,gewesen,sein,AUX,oc,3130,wäre
3136,",",--,PUNCT,punct,3135,gewesen
3137,das,der,PRON,dep,3130,wäre
3138,böse,böse,ADJ,nk,3139,Geschick
3139,Geschick,Geschick,NOUN,sb,3140,hatte
3140,hatte,haben,AUX,ROOT,3140,hatte
3141,ihn,ihn,PRON,oa,3144,gesetzt
3142,über,über,ADP,mo,3144,gesetzt
3143,Menschen,Mensch,NOUN,nk,3142,über
3144,gesetzt,setzen,VERB,oc,3140,hatte
3145,.,--,PUNCT,punct,3140,hatte
3146,Mit,mit,ADP,mo,3148,sah
3147,Schauder,Schauder,NOUN,nk,3146,Mit
3148,sah,sehen,VERB,ROOT,3148,sah
3149,sie,sie,PRON,sb,3148,sah
3150,den,der,DET,nk,3151,Folgen
3151,Folgen,Folge,NOUN,oa,3148,sah
3152,dieser,dieser,DET,nk,3153,Erklärung
3153,Erklärung,Erklärung,NOUN,ROOT,3153,Erklärung
3154,entgegen,entgegen,ADP,ROOT,3154,entgegen
3155,;,--,PUNCT,punct,3154,entgegen
3156,eine,ein,DET,nk,3158,Gefangenschaft
3157,ewige,ewig,ADJ,nk,3158,Gefangenschaft
3158,Gefangenschaft,Gefangenschaft,NOUN,sb,3159,schien
3159,schien,scheinen,VERB,ROOT,3159,schien
3160,ihr,ihr,PRON,da,3161,bevorzustehen
3161,bevorzustehen,bevorstehen,VERB,oc,3159,schien
3162,",",--,PUNCT,punct,3159,schien
3163,und,und,CCONJ,ju,3166,entbehrte
3164,schon,schon,ADV,mo,3165,jetzt
3165,jetzt,jetzt,ADV,mo,3166,entbehrte
3166,entbehrte,entbehrn,VERB,ROOT,3166,entbehrte
3167,sie,sie,PRON,sb,3166,entbehrte
3168,aller,aller,DET,nk,3169,Bequemlichkeiten
3169,Bequemlichkeiten,Bequemlichkeit,NOUN,da,3166,entbehrte
3170,und,und,CCONJ,cd,3166,entbehrte
3171,wurde,werden,AUX,cj,3170,und
3172,nur,nur,ADV,mo,3173,spärlich
3173,spärlich,spärlich,ADV,mo,3171,wurde
3174,und,und,CCONJ,cd,3173,spärlich
3175,schlecht,schlecht,ADV,mo,3176,genährt
3176,genährt,nähren,VERB,ROOT,3176,genährt
3177,.,--,PUNCT,punct,3176,genährt
3178,Der,der,DET,nk,3179,Entschluß
3179,Entschluß,Entschluß,NOUN,sb,3188,reifte
3180,",",--,PUNCT,punct,3179,Entschluß
3181,ihrem,ihr,DET,nk,3182,Leben
3182,Leben,Leben,NOUN,da,3186,machen
3183,ein,ein,DET,nk,3184,Ende
3184,Ende,Ende,NOUN,oa,3186,machen
3185,zu,zu,PART,pm,3186,machen
3186,machen,machen,VERB,oc,3179,Entschluß
3187,",",--,PUNCT,punct,3188,reifte
3188,reifte,reifen,VERB,ROOT,3188,reifte
3189,in,in,ADP,mo,3188,reifte
3190,unsäglicher,unsäglich,ADJ,nk,3191,Seelenangst
3191,Seelenangst,Seelenangst,NOUN,ROOT,3191,Seelenangst
3192,;,--,PUNCT,punct,3191,Seelenangst
3193,sie,sie,PRON,sb,3194,stützte
3194,stützte,stützen,VERB,ROOT,3194,stützte
3195,eben,eben,ADV,mo,3194,stützte
3196,tiefsinnend,tiefsinnend,ADV,mo,3194,stützte
3197,ihren,ihr,DET,nk,3198,Kopf
3198,Kopf,Kopf,NOUN,oa,3194,stützte
3199,mit,mit,ADP,mo,3194,stützte
3200,beiden,beide,PRON,nk,3199,mit
3201,Händen,Hand,NOUN,ROOT,3201,Händen
3202,",",--,PUNCT,punct,3201,Händen
3203,als,als,SCONJ,cp,3211,erschreckte
3204,eine,ein,DET,nk,3209,Stimme
3205,fremde,fremd,ADJ,nk,3209,Stimme
3206,und,und,CCONJ,cd,3205,fremde
3207,doch,doch,ADV,mo,3208,bekannte
3208,bekannte,bekannt,ADJ,cj,3206,und
3209,Stimme,Stimme,NOUN,sb,3211,erschreckte
3210,sie,sie,PRON,oa,3211,erschreckte
3211,erschreckte,erschrecken,VERB,mnr,3201,Händen
3212,.,--,PUNCT,punct,3201,Händen
3213,Sie,sie,PRON,sb,3214,fuhr
3214,fuhr,fahren,VERB,ROOT,3214,fuhr
3215,auf,auf,ADP,svp,3214,fuhr
3216,;,--,PUNCT,punct,3214,fuhr
3217,es,es,PRON,sb,3218,war
3218,war,sein,AUX,ROOT,3218,war
3219,der,der,DET,nk,3220,Nußknacker
3220,Nußknacker,Nußknacker,NOUN,pd,3218,war
3221,",",--,PUNCT,punct,3220,Nußknacker
3222,der,der,PRON,sb,3226,sagte
3223,",",--,PUNCT,punct,3222,der
3224,wie,wie,SCONJ,mo,3226,sagte
3225,er,er,PRON,sb,3226,sagte
3226,sagte,sagen,VERB,rc,3220,Nußknacker
3227,",",--,PUNCT,punct,3226,sagte
3228,dem,der,DET,nk,3229,Interesse
3229,Interesse,Interesse,NOUN,da,3220,Nußknacker
3230,nicht,nicht,PART,ng,3231,länger
3231,länger,lang,ADV,pd,3218,war
3232,widerstehen,widerstehen,VERB,oc,3233,konnte
3233,konnte,können,AUX,ROOT,3233,konnte
3234,",",--,PUNCT,punct,3233,konnte
3235,sie,sie,PRON,oa,3237,sehen
3236,zu,zu,PART,pm,3237,sehen
3237,sehen,sehen,VERB,oc,3232,widerstehen
3238,.,--,PUNCT,punct,3233,konnte
3239,Er,er,PRON,sb,3240,bedauerte
3240,bedauerte,bedauern,VERB,ROOT,3240,bedauerte
3241,ihr,ihr,DET,nk,3242,Schicksal
3242,Schicksal,Schicksal,NOUN,oa,3240,bedauerte
3243,",",--,PUNCT,punct,3240,bedauerte
3244,sie,sie,PRON,sb,3245,faßte
3245,faßte,fassen,VERB,cj,3240,bedauerte
3246,Vertrauen,vertrauen,NOUN,ROOT,3246,Vertrauen
3247,und,und,CCONJ,ROOT,3247,und
3248,bat,bitten,VERB,cj,3247,und
3249,ihn,ihn,PRON,oa,3248,bat
3250,um,um,ADP,op,3248,bat
3251,ein,ein,DET,nk,3252,Mittel
3252,Mittel,Mittel,NOUN,nk,3250,um
3253,zum,zu,ADP,mnr,3252,Mittel
3254,Retten,Retten,NOUN,nk,3253,zum
3255,;,--,PUNCT,punct,3248,bat
3256,er,er,PRON,sb,3257,warf
3257,warf,werfen,VERB,ROOT,3257,warf
3258,hin,hin,ADV,svp,3257,warf
3259,",",--,PUNCT,punct,3257,warf
3260,daß,daß,SCONJ,cp,3261,es
3261,es,es,PRON,oc,3257,warf
3262,nur,nur,ADV,mo,3263,eines
3263,eines,einer,PRON,pd,3261,es
3264,gebe,geben,VERB,ROOT,3264,gebe
3265,",",--,PUNCT,punct,3264,gebe
3266,wenn,wenn,SCONJ,cp,3270,wolle
3267,sie,sie,PRON,sb,3270,wolle
3268,ihn,ihn,PRON,oa,3269,heiraten
3269,heiraten,heiraten,VERB,oc,3270,wolle
3270,wolle,wollen,AUX,mo,3264,gebe
3271,;,--,PUNCT,punct,3264,gebe
3272,der,der,DET,nk,3273,Polizeichef
3273,Polizeichef,Polizeichef,NOUN,sb,3277,wären
3274,und,und,CCONJ,cd,3273,Polizeichef
3275,der,der,DET,nk,3276,Doktor
3276,Doktor,Doktor,NOUN,cj,3274,und
3277,wären,sein,AUX,ROOT,3277,wären
3278,seine,sein,DET,dep,3277,wären
3279,Freunde,Freund,NOUN,ROOT,3279,Freunde
3280,und,und,CCONJ,cd,3279,Freunde
3281,beide,beide,DET,nk,3284,Teufel
3282,gute,gut,ADJ,nk,3284,Teufel
3283,dumme,dumm,ADJ,nk,3284,Teufel
3284,Teufel,Teufel,PROPN,cj,3280,und
3285,",",--,PUNCT,punct,3279,Freunde
3286,er,er,PRON,sb,3287,könne
3287,könne,können,AUX,oc,3279,Freunde
3288,sie,sie,PRON,oa,3291,bereden
3289,zu,zu,ADP,mo,3291,bereden
3290,allem,alle,PRON,nk,3289,zu
3291,bereden,bereden,VERB,oc,3287,könne
3292,",",--,PUNCT,punct,3291,bereden
3293,ihre,ihr,DET,ag,3279,Freunde
3294,Schönheit,Schönheit,NOUN,sb,3295,habe
3295,habe,haben,AUX,ROOT,3295,habe
3296,ihn,ihn,PRON,oa,3301,gerührt
3297,bei,bei,ADP,mo,3301,gerührt
3298,dem,der,DET,nk,3300,Anblicke
3299,ersten,erster,ADJ,nk,3300,Anblicke
3300,Anblicke,Anblicke,NOUN,nk,3297,bei
3301,gerührt,rühren,VERB,oc,3295,habe
3302,.,--,PUNCT,punct,3295,habe
3303,–,--,PUNCT,punct,3307,Vermögen
3304,«,--,PUNCT,punct,3307,Vermögen
3305,Und,und,CCONJ,ju,3307,Vermögen
3306,mein,mein,DET,nk,3307,Vermögen
3307,Vermögen,Vermögen,NOUN,ROOT,3307,Vermögen
3308,?,--,PUNCT,punct,3307,Vermögen
3309,»,--,PUNCT,punct,3307,Vermögen
3310,fragte,fragen,VERB,ROOT,3310,fragte
3311,",",--,PUNCT,punct,3310,fragte
3312,ihm,ihm,PRON,nk,3313,Hoffnung
3313,Hoffnung,Hoffnung,NOUN,oa,3314,gebend
3314,gebend,gebend,ADV,cj,3310,fragte
3315,",",--,PUNCT,punct,3310,fragte
3316,die,der,DET,nk,3317,Schlaue
3317,Schlaue,Schlau,NOUN,app,3313,Hoffnung
3318,",",--,PUNCT,punct,3310,fragte
3319,um,um,SCONJ,cp,3322,wissen
3320,nur,nur,ADV,mo,3322,wissen
3321,zu,zu,PART,pm,3322,wissen
3322,wissen,wissen,VERB,mo,3310,fragte
3323,",",--,PUNCT,punct,3322,wissen
3324,wo,wo,SCONJ,mo,3326,bliebe
3325,es,es,PRON,sb,3326,bliebe
3326,bliebe,bleiben,VERB,oc,3322,wissen
3327,.,--,PUNCT,punct,3310,fragte
3328,–,--,PUNCT,ROOT,3328,–
3329,«,--,PUNCT,punct,3331,Vermögen
3330,Ihr,ihr,DET,nk,3331,Vermögen
3331,Vermögen,Vermögen,NOUN,sb,3334,fuhr
3332,»,--,PUNCT,punct,3331,Vermögen
3333,",",--,PUNCT,punct,3334,fuhr
3334,fuhr,fahren,VERB,ROOT,3334,fuhr
3335,er,er,PRON,sb,3334,fuhr
3336,fort,fort,ADV,svp,3334,fuhr
3337,",",--,PUNCT,punct,3334,fuhr
3338,«,--,PUNCT,punct,3339,setzt
3339,setzt,setzen,VERB,cj,3334,fuhr
3340,mich,mich,PRON,oa,3339,setzt
3341,in,in,ADP,mo,3339,setzt
3342,den,der,DET,nk,3343,Stand
3343,Stand,Stand,NOUN,nk,3341,in
3344,",",--,PUNCT,punct,3339,setzt
3345,mein,mein,DET,nk,3346,unangenehmes
3346,unangenehmes,unangenehm,ADJ,dep,3334,fuhr
3347,Geschäft,Geschäft,NOUN,oa,3348,aufzugeben
3348,aufzugeben,aufgeben,VERB,ROOT,3348,aufzugeben
3349,.,--,PUNCT,punct,3348,aufzugeben
3350,»,--,PUNCT,punct,3348,aufzugeben
3351,–,--,PUNCT,punct,3354,kann
3352,«,--,PUNCT,punct,3354,kann
3353,Ich,ich,PRON,sb,3354,kann
3354,kann,können,AUX,ROOT,3354,kann
3355,nicht,nicht,PART,ng,3354,kann
3356,leben,leben,VERB,oc,3354,kann
3357,in,in,ADP,mo,3356,leben
3358,Paris,Paris,PROPN,nk,3357,in
3359,",",--,PUNCT,punct,3354,kann
3360,mir,mir,PRON,da,3361,ist
3361,ist,sein,AUX,cj,3354,kann
3362,hier,hier,ADV,mo,3361,ist
3363,zu,zu,ADP,svp,3361,ist
3364,Schreckliches,schreckliches,NOUN,sb,3365,begegnet
3365,begegnet,begegnen,VERB,oc,3368,sagte
3366,»,--,PUNCT,punct,3365,begegnet
3367,",",--,PUNCT,punct,3368,sagte
3368,sagte,sagen,VERB,ROOT,3368,sagte
3369,die,der,DET,nk,3370,Frau
3370,Frau,Frau,NOUN,sb,3368,sagte
3371,von,von,ADP,pg,3370,Frau
3372,Saverne,Saverne,PROPN,nk,3371,von
3373,",",--,PUNCT,punct,3368,sagte
3374,«,--,PUNCT,punct,3375,kommen
3375,kommen,kommen,VERB,oc,3368,sagte
3376,Sie,sie,PRON,sb,3375,kommen
3377,mit,mit,ADP,mo,3375,kommen
3378,mir,mir,PRON,nk,3377,mit
3379,nach,nach,ADP,svp,3375,kommen
3380,Avignon,Avignon,PROPN,oa,3382,haben
3381,;,--,PUNCT,punct,3380,Avignon
3382,haben,haben,AUX,ROOT,3382,haben
3383,Sie,sie,PRON,sb,3382,haben
3384,wohl,wohl,ADV,mo,3388,gehört
3385,von,von,ADP,op,3388,gehört
3386,Petrarks,Petrark,PROPN,ag,3387,Höhle
3387,Höhle,Höhle,NOUN,nk,3385,von
3388,gehört,gehören,VERB,oc,3382,haben
3389,?,--,PUNCT,punct,3382,haben
3390,»,--,PUNCT,punct,3382,haben
3391,–,--,PUNCT,punct,3394,schrie
3392,Der,der,DET,nk,3393,Nußknacker
3393,Nußknacker,Nußknacker,NOUN,sb,3394,schrie
3394,schrie,schreien,VERB,ROOT,3394,schrie
3395,in,in,ADP,mo,3394,schrie
3396,Wonne,Wonne,NOUN,ROOT,3396,Wonne
3397,auf,auf,ADP,svp,3396,Wonne
3398,",",--,PUNCT,punct,3396,Wonne
3399,der,der,DET,nk,3400,Süden
3400,Süden,Süden,NOUN,sb,3401,sei
3401,sei,sein,AUX,oc,3396,Wonne
3402,seine,sein,DET,nk,3403,Sehnsucht
3403,Sehnsucht,Sehnsucht,NOUN,pd,3401,sei
3404,",",--,PUNCT,punct,3401,sei
3405,und,und,CCONJ,cd,3401,sei
3406,Petrark,Petrark,PROPN,cj,3405,und
3407,sein,sein,DET,nk,3408,Liebling
3408,Liebling,Liebling,NOUN,pd,3401,sei
3409,.,--,PUNCT,punct,3401,sei
3410,–,--,PUNCT,punct,3411,Frau
3411,Frau,Frau,NOUN,ROOT,3411,Frau
3412,von,von,ADP,pg,3411,Frau
3413,Saverne,Saverne,PROPN,sb,3414,war
3414,war,sein,AUX,ROOT,3414,war
3415,erfreut,erfreut,ADV,pd,3414,war
3416,",",--,PUNCT,punct,3414,war
3417,sie,sie,PRON,sb,3418,schlug
3418,schlug,schlagen,VERB,cj,3414,war
3419,ihm,ihm,PRON,da,3418,schlug
3420,vor,vor,ADP,svp,3418,schlug
3421,",",--,PUNCT,punct,3418,schlug
3422,dort,dort,ADV,mo,3426,feiern
3423,ihre,ihr,DET,nk,3424,Vermählung
3424,Vermählung,Vermählung,NOUN,oa,3426,feiern
3425,zu,zu,PART,pm,3426,feiern
3426,feiern,feiern,VERB,mo,3418,schlug
3427,",",--,PUNCT,punct,3414,war
3428,aber,aber,CCONJ,cd,3414,war
3429,er,er,PRON,sb,3430,müsse
3430,müsse,müssen,AUX,ROOT,3430,müsse
3431,auch,auch,ADV,mo,3434,bereden
3432,den,der,DET,nk,3433,Doktor
3433,Doktor,Doktor,NOUN,oa,3434,bereden
3434,bereden,bereden,VERB,oc,3430,müsse
3435,",",--,PUNCT,punct,3434,bereden
3436,sie,sie,PRON,oa,3439,begleiten
3437,dahin,dahin,ADV,mo,3439,begleiten
3438,zu,zu,PART,pm,3439,begleiten
3439,begleiten,begleiten,VERB,oc,3430,müsse
3440,",",--,PUNCT,punct,3439,begleiten
3441,da,da,SCONJ,mo,3430,müsse
3442,er,er,PRON,dep,3430,müsse
3443,eigentlich,eigentlich,ADV,mo,3442,er
3444,unwissend,unwissend,ADV,mo,3447,bewirkt
3445,ihre,ihr,DET,nk,3446,Vereinigung
3446,Vereinigung,Vereinigung,NOUN,sb,3448,habe
3447,bewirkt,bewirken,VERB,oc,3448,habe
3448,habe,haben,AUX,ROOT,3448,habe
3449,.,--,PUNCT,punct,3448,habe
3450,Der,der,DET,nk,3451,Nußknacker
3451,Nußknacker,Nußknacker,NOUN,sb,3452,erklärte
3452,erklärte,erklären,VERB,ROOT,3452,erklärte
3453,sich,sich,PRON,oa,3452,erklärte
3454,zu,zu,ADP,mo,3452,erklärte
3455,allem,alle,PRON,nk,3454,zu
3456,bereit,bereit,ADV,ROOT,3456,bereit
3457,",",--,PUNCT,punct,3456,bereit
3458,er,er,PRON,sb,3459,rechnete
3459,rechnete,rechnen,VERB,oc,3456,bereit
3460,ihr,ihr,PRON,da,3459,rechnete
3461,vor,vor,ADP,svp,3459,rechnete
3462,",",--,PUNCT,punct,3459,rechnete
3463,welch,welcher,DET,mo,3468,könnten
3464,ein,ein,DET,nk,3465,Haus
3465,Haus,Haus,NOUN,sb,3468,könnten
3466,sie,sie,PRON,oa,3467,machen
3467,machen,machen,VERB,oc,3468,könnten
3468,könnten,können,AUX,oc,3459,rechnete
3469,",",--,PUNCT,punct,3459,rechnete
3470,denn,denn,CCONJ,cd,3459,rechnete
3471,er,er,PRON,sb,3472,hatte
3472,hatte,haben,VERB,cj,3470,denn
3473,ihr,ihr,DET,nk,3474,Vermögen
3474,Vermögen,Vermögen,NOUN,ROOT,3474,Vermögen
3475,genau,genau,ADV,mo,3476,untersucht
3476,untersucht,untersuchen,VERB,oc,3474,Vermögen
3477,;,--,PUNCT,punct,3474,Vermögen
3478,er,er,PRON,sb,3479,war
3479,war,sein,AUX,ROOT,3479,war
3480,so,so,ADV,mo,3481,eitel
3481,eitel,eitel,ADV,pd,3479,war
3482,",",--,PUNCT,punct,3481,eitel
3483,daß,daß,SCONJ,cp,3487,konnte
3484,er,er,PRON,sb,3487,konnte
3485,nicht,nicht,PART,ng,3487,konnte
3486,glauben,glauben,VERB,oc,3487,konnte
3487,konnte,können,AUX,cc,3480,so
3488,",",--,PUNCT,punct,3479,war
3489,eine,ein,DET,nk,3491,Frau
3490,solche,solcher,DET,nk,3491,Frau
3491,Frau,Frau,NOUN,sb,3492,wolle
3492,wolle,wollen,AUX,ROOT,3492,wolle
3493,ihn,ihn,PRON,oa,3494,täuschen
3494,täuschen,täuschen,VERB,oc,3492,wolle
3495,.,--,PUNCT,punct,3492,wolle
3496,–,--,PUNCT,punct,3498,holte
3497,Bald,bald,ADV,mo,3498,holte
3498,holte,holen,VERB,ROOT,3498,holte
3499,er,er,PRON,sb,3498,holte
3500,Frau,Frau,NOUN,oa,3498,holte
3501,von,von,ADP,pg,3500,Frau
3502,Saverne,Saverne,PROPN,nk,3501,von
3503,als,als,ADP,mo,3498,holte
3504,gänzlich,gänzlich,ADV,mo,3505,unheilbar
3505,unheilbar,unheilbar,ADV,mo,3506,fort
3506,fort,fort,ADV,mo,3516,führte
3507,–,--,PUNCT,punct,3506,fort
3508,aber,aber,CCONJ,cd,3506,fort
3509,nicht,nicht,PART,ng,3516,führte
3510,in,in,ADP,mo,3509,nicht
3511,das,der,DET,nk,3512,Haus
3512,Haus,Haus,NOUN,nk,3510,in
3513,für,für,ADP,mnr,3512,Haus
3514,die,der,DET,nk,3515,Blödsinnigen
3515,Blödsinnigen,Blödsinnig,NOUN,nk,3513,für
3516,führte,führen,VERB,ROOT,3516,führte
3517,er,er,PRON,sb,3516,führte
3518,sie,sie,PRON,sb,3525,sagte
3519,",",--,PUNCT,punct,3518,sie
3520,wie,wie,SCONJ,mo,3525,sagte
3521,er,er,PRON,sb,3525,sagte
3522,vor,vor,ADP,mo,3525,sagte
3523,den,der,DET,nk,3524,Leuten
3524,Leuten,Leute,NOUN,nk,3522,vor
3525,sagte,sagen,VERB,ROOT,3525,sagte
3526,",",--,PUNCT,punct,3525,sagte
3527,sondern,sondern,CCONJ,cd,3525,sagte
3528,nach,nach,ADP,cj,3527,sondern
3529,Versailles,Versailles,PROPN,nk,3528,nach
3530,",",--,PUNCT,punct,3525,sagte
3531,daß,daß,SCONJ,cp,3534,Sachen
3532,sie,sie,PRON,sb,3531,daß
3533,ihre,ihr,DET,nk,3534,Sachen
3534,Sachen,Sache,NOUN,oc,3525,sagte
3535,durchsehen,durchseh,ADJ,oc,3540,könnte
3536,und,und,CCONJ,cd,3535,durchsehen
3537,alles,alle,PRON,oa,3539,zusammenpacken
3538,schnell,schnell,ADV,mo,3539,zusammenpacken
3539,zusammenpacken,zusammenpacken,VERB,cj,3536,und
3540,könnte,können,AUX,ROOT,3540,könnte
3541,.,--,PUNCT,punct,3540,könnte
3542,Sie,sie,PRON,sb,3543,fand
3543,fand,finden,VERB,ROOT,3543,fand
3544,alles,alle,PRON,oa,3543,fand
3545,wieder,wieder,ADV,mo,3543,fand
3546,",",--,PUNCT,punct,3543,fand
3547,nur,nur,ADV,mo,3550,Schatulle
3548,nicht,nicht,PART,ng,3550,Schatulle
3549,ihre,ihr,DET,nk,3550,Schatulle
3550,Schatulle,Schatulle,NOUN,oa,3543,fand
3551,;,--,PUNCT,punct,3543,fand
3552,sie,sie,PRON,sb,3553,packte
3553,packte,packen,VERB,ROOT,3553,packte
3554,alles,alle,PRON,oa,3553,packte
3555,ein,ein,ADV,svp,3553,packte
3556,",",--,PUNCT,punct,3553,packte
3557,nur,nur,ADV,mo,3553,packte
3558,nicht,nicht,PART,ng,3560,Büste
3559,die,der,DET,nk,3560,Büste
3560,Büste,Büste,NOUN,ROOT,3560,Büste
3561,der,der,DET,nk,3562,Königs
3562,Königs,König,NOUN,ag,3560,Büste
3563,",",--,PUNCT,punct,3560,Büste
3564,die,der,PRON,oa,3571,anblicken
3565,sie,sie,PRON,oa,3571,anblicken
3566,ohne,ohne,ADP,mo,3571,anblicken
3567,ein,ein,DET,nk,3569,Schrecken
3568,inneres,innerer,ADJ,nk,3569,Schrecken
3569,Schrecken,Schrecken,NOUN,nk,3566,ohne
3570,nicht,nicht,PART,ng,3571,anblicken
3571,anblicken,anblicken,VERB,rc,3560,Büste
3572,konnte,können,AUX,ROOT,3572,konnte
3573,.,--,PUNCT,punct,3572,konnte
3574,Ihr,ihr,DET,nk,3575,Vermögen
3575,Vermögen,Vermögen,NOUN,oa,3581,hatte
3576,",",--,PUNCT,punct,3575,Vermögen
3577,meistens,meistens,ADV,mo,3579,Papiere
3578,sichere,sicher,ADJ,nk,3579,Papiere
3579,Papiere,Papier,NOUN,app,3575,Vermögen
3580,",",--,PUNCT,punct,3581,hatte
3581,hatte,haben,AUX,ROOT,3581,hatte
3582,der,der,DET,nk,3583,Nußknacker
3583,Nußknacker,Nußknacker,NOUN,sb,3581,hatte
3584,zu,zu,ADP,mo,3581,hatte
3585,sich,sich,PRON,nk,3584,zu
3586,genommen,nehmen,VERB,ROOT,3586,genommen
3587,;,--,PUNCT,punct,3586,genommen
3588,dies,dieser,PRON,oa,3589,verhinderte
3589,verhinderte,verhindern,VERB,ROOT,3589,verhinderte
3590,sie,sie,PRON,oa,3589,verhinderte
3591,an,an,ADP,mo,3589,verhinderte
3592,der,der,DET,nk,3593,Ausführung
3593,Ausführung,Ausführung,NOUN,nk,3591,an
3594,ihres,ihr,DET,nk,3596,Planes
3595,ersten,erster,ADJ,nk,3596,Planes
3596,Planes,Plan,NOUN,ag,3593,Ausführung
3597,",",--,PUNCT,punct,3589,verhinderte
3598,gleich,gleich,ADV,mo,3589,verhinderte
3599,ohne,ohne,SCONJ,cp,3602,entfliehen
3600,ihn,ihn,PRON,oa,3602,entfliehen
3601,zu,zu,PART,pm,3602,entfliehen
3602,entfliehen,entfliehen,VERB,ROOT,3602,entfliehen
3603,",",--,PUNCT,punct,3602,entfliehen
3604,aber,aber,CCONJ,cd,3602,entfliehen
3605,es,es,PRON,sb,3606,machte
3606,machte,machen,VERB,cj,3604,aber
3607,auch,auch,ADV,mo,3609,Rache
3608,ihre,ihr,DET,nk,3609,Rache
3609,Rache,Rache,NOUN,oa,3606,machte
3610,vollständiger,vollständig,ADV,mo,3606,machte
3611,.,--,PUNCT,punct,3602,entfliehen
3612,Schon,schon,ADV,ROOT,3612,Schon
3613,nach,nach,ADP,mo,3616,kam
3614,einer,ein,DET,nk,3615,Woche
3615,Woche,Woche,NOUN,nk,3613,nach
3616,kam,kommen,VERB,ROOT,3616,kam
3617,der,der,DET,nk,3618,Nußknacker
3618,Nußknacker,Nußknacker,NOUN,sb,3616,kam
3619,mit,mit,ADP,mo,3616,kam
3620,dem,der,DET,nk,3621,Äskulap
3621,Äskulap,Äskulap,NOUN,nk,3619,mit
3622,und,und,CCONJ,cd,3616,kam
3623,zeigte,zeigen,VERB,cj,3622,und
3624,sich,sich,PRON,oa,3623,zeigte
3625,bereit,bereit,ADV,mo,3623,zeigte
3626,zur,zu,ADP,svp,3623,zeigte
3627,Fahrt,Fahrt,NOUN,ROOT,3627,Fahrt
3628,;,--,PUNCT,punct,3627,Fahrt
3629,der,der,DET,nk,3630,letztere
3630,letztere,letzterer,ADJ,sb,3631,eignete
3631,eignete,eignen,VERB,ROOT,3631,eignete
3632,sich,sich,PRON,oa,3631,eignete
3633,ihre,ihr,DET,nk,3634,Herstellung
3634,Herstellung,Herstellung,NOUN,oa,3631,eignete
3635,als,als,ADP,mo,3631,eignete
3636,eine,ein,DET,nk,3637,Nachwirkung
3637,Nachwirkung,Nachwirkung,NOUN,nk,3635,als
3638,seiner,sein,DET,og,3631,eignete
3639,Heilmethode,Heilmethode,NOUN,ROOT,3639,Heilmethode
3640,und,und,CCONJ,cd,3639,Heilmethode
3641,des,der,DET,nk,3643,Drehrades
3642,herrlichen,herrlich,ADJ,nk,3643,Drehrades
3643,Drehrades,Drehrad,NOUN,cj,3640,und
3644,zu,zu,ADP,punct,3639,Heilmethode
3645,",",--,PUNCT,punct,3639,Heilmethode
3646,das,der,PRON,oa,3647,er
3647,er,er,PRON,ROOT,3647,er
3648,als,als,ADP,mnr,3647,er
3649,seine,sein,DET,nk,3650,Erfindung
3650,Erfindung,Erfindung,NOUN,nk,3648,als
3651,ihr,ihr,DET,da,3648,als
3652,anpries,anpries,VERB,ROOT,3652,anpries
3653,.,--,PUNCT,punct,3652,anpries
3654,Sie,sie,PRON,sb,3655,dankte
3655,dankte,danken,VERB,ROOT,3655,dankte
3656,und,und,CCONJ,cd,3655,dankte
3657,versprach,versprechen,VERB,cj,3656,und
3658,ihm,ihm,PRON,da,3657,versprach
3659,zum,zu,ADP,mo,3657,versprach
3660,Lohne,Lohn,NOUN,nk,3659,zum
3661,in,in,ADP,mnr,3660,Lohne
3662,Avignon,Avignon,PROPN,nk,3661,in
3663,das,der,DET,nk,3665,Los
3664,schönste,schön,ADJ,nk,3665,Los
3665,Los,Los,NOUN,oa,3657,versprach
3666,aus,aus,ADP,svp,3657,versprach
3667,dem,der,DET,nk,3668,Glücksrade
3668,Glücksrade,Glücksrade,NOUN,ROOT,3668,Glücksrade
3669,:,--,PUNCT,punct,3668,Glücksrade
3670,eine,ein,DET,nk,3674,Schwägerin
3671,junge,jung,ADJ,nk,3674,Schwägerin
3672,",",--,PUNCT,punct,3671,junge
3673,reiche,reich,ADJ,cj,3671,junge
3674,Schwägerin,Schwägerin,NOUN,pd,3668,Glücksrade
3675,.,--,PUNCT,punct,3668,Glücksrade
3676,Übrigens,übrigens,ADV,mo,3677,sah
3677,sah,sehen,VERB,ROOT,3677,sah
3678,sie,sie,PRON,sb,3677,sah
3679,bei,bei,ADP,mo,3677,sah
3680,der,der,DET,nk,3681,Abreise
3681,Abreise,Abreise,NOUN,nk,3679,bei
3682,genau,genau,ADV,mo,3683,zu
3683,zu,zu,ADP,ROOT,3683,zu
3684,",",--,PUNCT,punct,3683,zu
3685,wohin,wohin,SCONJ,mo,3688,gestellt
3686,ihre,ihr,DET,nk,3687,Schatulle
3687,Schatulle,Schatulle,NOUN,sb,3689,wurde
3688,gestellt,stellen,VERB,oc,3689,wurde
3689,wurde,werden,AUX,mo,3683,zu
3690,",",--,PUNCT,punct,3691,und
3691,und,und,CCONJ,ju,3692,ließ
3692,ließ,lassen,VERB,ROOT,3692,ließ
3693,sie,sie,PRON,sb,3692,ließ
3694,selten,selten,ADV,mo,3692,ließ
3695,aus,aus,ADP,mo,3692,ließ
3696,den,der,DET,ROOT,3696,den
3697,Augen,Auge,NOUN,ROOT,3697,Augen
3698,.,--,PUNCT,punct,3697,Augen
3699,Unterweges,unterwege,NOUN,oa,3700,unterhielt
3700,unterhielt,unterhalten,VERB,ROOT,3700,unterhielt
3701,sie,sie,PRON,sb,3700,unterhielt
3702,sich,sich,PRON,oa,3700,unterhielt
3703,in,in,ADP,mo,3700,unterhielt
3704,größter,groß,ADJ,nk,3705,Ruhe
3705,Ruhe,Ruhe,NOUN,nk,3703,in
3706,über,über,ADP,op,3700,unterhielt
3707,die,der,DET,nk,3708,Polizei
3708,Polizei,Polizei,NOUN,nk,3706,über
3709,;,--,PUNCT,punct,3700,unterhielt
3710,der,der,PRON,ROOT,3710,der
3711,Nußknacker,Nußknacker,PROPN,sb,3712,setzte
3712,setzte,setzen,VERB,ROOT,3712,setzte
3713,ihr,ihr,PRON,oa,3712,setzte
3714,gleichgültig,gleichgültig,ADV,mo,3712,setzte
3715,auseinander,auseinander,ADV,svp,3712,setzte
3716,",",--,PUNCT,punct,3712,setzte
3717,daß,daß,SCONJ,cp,3719,Gewalt
3718,diese,dieser,DET,nk,3719,Gewalt
3719,Gewalt,Gewalt,NOUN,dep,3712,setzte
3720,seit,seit,ADP,mnr,3719,Gewalt
3721,dem,der,DET,nk,3720,seit
3722,Sinken,sinken,NOUN,sb,3732,sei
3723,aller,aller,DET,nk,3724,Verfassung
3724,Verfassung,Verfassung,NOUN,ag,3722,Sinken
3725,als,als,ADP,cm,3728,Macht
3726,die,der,DET,nk,3728,Macht
3727,einzige,einzig,ADJ,nk,3728,Macht
3728,Macht,Macht,NOUN,sb,3732,sei
3729,im,in,ADP,mo,3731,anzusehen
3730,Staate,Staat,NOUN,nk,3729,im
3731,anzusehen,ansehen,VERB,oc,3732,sei
3732,sei,sein,AUX,ROOT,3732,sei
3733,",",--,PUNCT,punct,3732,sei
3734,daß,daß,SCONJ,cd,3732,sei
3735,selbst,selbst,ADV,mo,3737,Herrscher
3736,der,der,DET,nk,3737,Herrscher
3737,Herrscher,Herrscher,NOUN,sb,3741,bestehe
3738,nur,nur,ADV,mo,3740,lange
3739,so,so,ADV,mo,3740,lange
3740,lange,lange,ADV,mo,3741,bestehe
3741,bestehe,bestehen,VERB,ROOT,3741,bestehe
3742,",",--,PUNCT,punct,3741,bestehe
3743,als,als,SCONJ,cp,3746,wolle
3744,sie,sie,PRON,sb,3746,wolle
3745,es,es,PRON,oa,3746,wolle
3746,wolle,wollen,VERB,cc,3740,lange
3747,",",--,PUNCT,punct,3746,wolle
3748,alle,aller,DET,nk,3749,Wirte
3749,Wirte,Wirt,NOUN,oa,3741,bestehe
3750,",",--,PUNCT,punct,3749,Wirte
3751,alle,aller,PRON,dep,3741,bestehe
3752,Bediente,Bedient,NOUN,sb,3755,wären
3753,und,und,CCONJ,cd,3752,Bediente
3754,Kammermädchen,Kammermädche,NOUN,cj,3753,und
3755,wären,sein,AUX,ROOT,3755,wären
3756,in,in,ADP,mo,3755,wären
3757,deren,der,PRON,ag,3758,Solde
3758,Solde,Solde,NOUN,nk,3756,in
3759,.,--,PUNCT,punct,3755,wären
3760,Die,der,DET,nk,3761,Eröffnungen
3761,Eröffnungen,Eröffnung,NOUN,sb,3762,beängstigten
3762,beängstigten,beängstigen,VERB,ROOT,3762,beängstigten
3763,die,der,DET,nk,3765,Frau
3764,arme,arm,ADJ,nk,3765,Frau
3765,Frau,Frau,NOUN,ROOT,3765,Frau
3766,von,von,ADP,pg,3765,Frau
3767,neuem,neu,ADJ,nk,3766,von
3768,;,--,PUNCT,punct,3765,Frau
3769,wie,wie,ADV,mo,3770,ward
3770,ward,werden,VERB,ROOT,3770,ward
3771,ihr,ihr,PRON,sb,3770,ward
3772,so,so,ADV,mo,3773,wohl
3773,wohl,wohl,ADV,mo,3770,ward
3774,",",--,PUNCT,punct,3773,wohl
3775,als,als,SCONJ,cm,3779,Wappen
3776,sie,sie,PRON,sb,3779,Wappen
3777,das,der,DET,nk,3779,Wappen
3778,päpstliche,päpstlich,ADJ,nk,3779,Wappen
3779,Wappen,Wappe,NOUN,cc,3773,wohl
3780,wieder,wieder,ADV,mo,3781,erblickte
3781,erblickte,erblicken,VERB,ROOT,3781,erblickte
3782,",",--,PUNCT,punct,3781,erblickte
3783,als,als,SCONJ,cp,3790,war
3784,sie,sie,PRON,sb,3790,war
3785,in,in,ADP,mo,3789,abgestiegen
3786,ihrem,ihr,DET,nk,3787,Hause
3787,Hause,Haus,NOUN,nk,3785,in
3788,wieder,wieder,ADV,mo,3789,abgestiegen
3789,abgestiegen,abstiegen,VERB,oc,3790,war
3790,war,sein,AUX,mo,3781,erblickte
3791,.,--,PUNCT,punct,3781,erblickte
3792,Ihre,ihr,DET,nk,3793,Begleiter
3793,Begleiter,Begleiter,NOUN,ROOT,3793,Begleiter
3794,mußten,müssen,AUX,ROOT,3794,mußten
3795,in,in,ADP,mo,3798,wohnen
3796,ihrem,ihr,DET,nk,3797,Hause
3797,Hause,Haus,NOUN,nk,3795,in
3798,wohnen,wohnen,VERB,oc,3794,mußten
3799,",",--,PUNCT,punct,3794,mußten
3800,sie,sie,PRON,sb,3801,versicherte
3801,versicherte,versichern,VERB,cj,3794,mußten
3802,verschämt,verschämt,ADV,mo,3801,versicherte
3803,",",--,PUNCT,punct,3801,versicherte
3804,daß,daß,SCONJ,cp,3805,sie
3805,sie,sie,PRON,oc,3801,versicherte
3806,noch,noch,ADV,mo,3807,heute
3807,heute,heute,ADV,mo,3805,sie
3808,mit,mit,ADP,svp,3801,versicherte
3809,ihrem,ihr,DET,nk,3810,Beichtvater
3810,Beichtvater,Beichtvater,NOUN,da,3811,reden
3811,reden,reden,VERB,oc,3812,wolle
3812,wolle,wollen,AUX,ROOT,3812,wolle
3813,",",--,PUNCT,punct,3812,wolle
3814,um,um,SCONJ,cp,3820,können
3815,ihre,ihr,DET,nk,3816,Hochzeit
3816,Hochzeit,Hochzeit,NOUN,oa,3818,feiern
3817,zugleich,zugleich,ADV,mo,3820,können
3818,feiern,feiern,VERB,oc,3820,können
3819,zu,zu,PART,pm,3820,können
3820,können,können,AUX,mo,3812,wolle
3821,.,--,PUNCT,punct,3812,wolle
3822,Der,der,DET,ROOT,3822,Der
3823,Nußknacker,Nußknacker,PROPN,sb,3824,sang
3824,sang,singen,VERB,ROOT,3824,sang
3825,die,der,DET,nk,3827,Arien
3826,lieblichsten,lieblichst,ADJ,nk,3827,Arien
3827,Arien,Ar,NOUN,oa,3824,sang
3828,in,in,ADP,mo,3824,sang
3829,seliger,selig,ADJ,nk,3830,Erwartung
3830,Erwartung,Erwartung,NOUN,nk,3828,in
3831,",",--,PUNCT,punct,3824,sang
3832,er,er,PRON,sb,3833,kam
3833,kam,kommen,VERB,cj,3824,sang
3834,sich,sich,PRON,oa,3833,kam
3835,selbst,selbst,ADV,mo,3833,kam
3836,wie,wie,ADP,cm,3838,Petrarka
3837,ein,ein,DET,nk,3838,Petrarka
3838,Petrarka,Petrarka,NOUN,ROOT,3838,Petrarka
3839,vor,vor,ADP,mo,3838,Petrarka
3840,und,und,CCONJ,cd,3838,Petrarka
3841,sprach,sprechen,VERB,cj,3840,und
3842,nur,nur,ADV,mo,3843,von
3843,von,von,ADP,mo,3841,sprach
3844,seiner,sein,DET,nk,3845,Laura
3845,Laura,Laura,NOUN,nk,3843,von
3846,;,--,PUNCT,punct,3838,Petrarka
3847,er,er,PRON,sb,3848,kümmerte
3848,kümmerte,kümmeren,VERB,ROOT,3848,kümmerte
3849,sich,sich,PRON,oa,3848,kümmerte
3850,nicht,nicht,PART,ng,3848,kümmerte
3851,mehr,mehr,ADV,mo,3852,um
3852,um,um,ADP,ROOT,3852,um
3853,die,der,DET,nk,3854,Schatulle
3854,Schatulle,Schatulle,NOUN,nk,3852,um
3855,",",--,PUNCT,punct,3854,Schatulle
3856,welche,welcher,PRON,sb,3861,wurde
3857,sogleich,sogleich,ADV,mo,3860,gebracht
3858,in,in,ADP,cvc,3860,gebracht
3859,Sicherheit,Sicherheit,NOUN,nk,3858,in
3860,gebracht,bringen,VERB,oc,3861,wurde
3861,wurde,werden,AUX,rc,3854,Schatulle
3862,.,--,PUNCT,punct,3852,um
3863,Als,als,SCONJ,ROOT,3863,Als
3864,der,der,DET,nk,3863,Als
3865,Beichtvater,Beichtvater,NOUN,sb,3866,kam
3866,kam,kommen,VERB,mo,3868,weinte
3867,",",--,PUNCT,punct,3868,weinte
3868,weinte,weinen,ADJ,ROOT,3868,weinte
3869,Frau,Frau,NOUN,sb,3868,weinte
3870,von,von,ADP,pg,3869,Frau
3871,Saverne,Saverne,PROPN,nk,3870,von
3872,heftig,heftig,ADV,mo,3868,weinte
3873,und,und,CCONJ,cd,3868,weinte
3874,nannte,nennen,VERB,cj,3873,und
3875,ihn,ihn,PRON,oa,3874,nannte
3876,einen,ein,DET,nk,3877,Propheten
3877,Propheten,Prophet,NOUN,oa,3874,nannte
3878,.,--,PUNCT,punct,3868,weinte
3879,Er,er,PRON,sb,3880,zeigte
3880,zeigte,zeigen,VERB,ROOT,3880,zeigte
3881,ihr,ihr,PRON,da,3880,zeigte
3882,ein,ein,DET,nk,3883,Geldstück
3883,Geldstück,Geldstück,NOUN,oa,3880,zeigte
3884,mit,mit,ADP,mnr,3883,Geldstück
3885,König,König,NOUN,nk,3884,mit
3886,Ludwigs,Ludwigs,PROPN,pnc,3887,Bilde
3887,Bilde,Bilde,PROPN,nk,3885,König
3888,",",--,PUNCT,punct,3880,zeigte
3889,sie,sie,PRON,sb,3890,mochte
3890,mochte,mögen,VERB,oc,3880,zeigte
3891,es,es,PRON,oa,3890,mochte
3892,nicht,nicht,PART,ng,3890,mochte
3893,ansehen,ansehen,VERB,ROOT,3893,ansehen
3894,.,--,PUNCT,punct,3893,ansehen
3895,«,--,PUNCT,punct,3900,ist
3896,Unter,unter,ADP,mo,3902,wohnen
3897,der,der,DET,nk,3899,Krone
3898,dreifachen,dreifach,ADJ,nk,3899,Krone
3899,Krone,Krone,NOUN,nk,3896,Unter
3900,ist,sein,AUX,ROOT,3900,ist
3901,besser,gut,ADV,mo,3902,wohnen
3902,wohnen,wohnen,VERB,oc,3900,ist
3903,als,als,ADP,cm,3904,unter
3904,unter,unter,ADP,cc,3901,besser
3905,der,der,DET,nk,3904,unter
3906,einfachen,einfach,VERB,oc,3909,sagte
3907,»,--,PUNCT,punct,3909,sagte
3908,",",--,PUNCT,punct,3909,sagte
3909,sagte,sagen,VERB,ROOT,3909,sagte
3910,der,der,DET,nk,3911,Mönch
3911,Mönch,Mönch,NOUN,sb,3909,sagte
3912,",",--,PUNCT,punct,3909,sagte
3913,«,--,PUNCT,punct,3915,weiß
3914,ich,ich,PRON,sb,3915,weiß
3915,weiß,wissen,VERB,oc,3909,sagte
3916,alles,alle,PRON,oa,3915,weiß
3917,;,--,PUNCT,punct,3915,weiß
3918,ein,ein,DET,nk,3919,Bruder
3919,Bruder,Bruder,NOUN,app,3911,Mönch
3920,",",--,PUNCT,punct,3919,Bruder
3921,der,der,PRON,nk,3922,Sie
3922,Sie,sie,PRON,app,3919,Bruder
3923,in,in,ADP,mnr,3922,Sie
3924,Paris,Paris,PROPN,nk,3923,in
3925,aufsuchte,aufsuchten,VERB,mo,3935,berichtet
3926,",",--,PUNCT,punct,3925,aufsuchte
3927,aber,aber,CCONJ,cd,3925,aufsuchte
3928,zu,zu,PART,mo,3929,spät
3929,spät,spät,ADV,pd,3930,kam
3930,kam,kommen,VERB,cj,3927,aber
3931,",",--,PUNCT,punct,3932,hat
3932,hat,haben,AUX,ROOT,3932,hat
3933,mir,mir,PRON,da,3935,berichtet
3934,alles,alle,PRON,oa,3935,berichtet
3935,berichtet,berichten,VERB,oc,3932,hat
3936,;,--,PUNCT,punct,3932,hat
3937,führen,führen,VERB,ROOT,3937,führen
3938,Sie,sie,PRON,sb,3937,führen
3939,die,der,DET,nk,3940,Herren
3940,Herren,Herr,NOUN,oa,3937,führen
3941,heute,heute,ADV,mo,3943,nach
3942,abend,abend,ADV,mo,3941,heute
3943,nach,nach,ADP,mo,3947,sagen
3944,dem,der,DET,nk,3945,Kloster
3945,Kloster,Kloster,NOUN,nk,3943,nach
3946,",",--,PUNCT,punct,3947,sagen
3947,sagen,sagen,VERB,ROOT,3947,sagen
3948,Sie,sie,PRON,sb,3947,sagen
3949,ihnen,ihnen,PRON,da,3947,sagen
3950,",",--,PUNCT,punct,3947,sagen
3951,daß,daß,SCONJ,cp,3957,Ehe
3952,ich,ich,PRON,sb,3951,daß
3953,in,in,ADP,mnr,3957,Ehe
3954,meiner,mein,DET,nk,3955,Kirche
3955,Kirche,Kirche,NOUN,nk,3953,in
3956,die,der,DET,nk,3957,Ehe
3957,Ehe,Ehe,NOUN,oc,3947,sagen
3958,nach,nach,ADP,mo,3965,wolle
3959,hier,hier,ADV,mo,3960,gewöhnlichem
3960,gewöhnlichem,gewöhnlich,ADJ,nk,3961,Gebrauche
3961,Gebrauche,Gebrauche,NOUN,nk,3958,nach
3962,noch,noch,ADV,mo,3963,heute
3963,heute,heute,ADV,mo,3965,wolle
3964,einsegnen,einsegnen,VERB,oc,3965,wolle
3965,wolle,wollen,AUX,oc,3967,sagen
3966,;,--,PUNCT,punct,3965,wolle
3967,sagen,sagen,VERB,ROOT,3967,sagen
3968,Sie,sie,PRON,sb,3967,sagen
3969,mir,mir,PRON,da,3967,sagen
3970,kein,kein,DET,oa,3967,sagen
3971,Wort,Wort,NOUN,sb,3975,können
3972,dagegen,dagegen,ADV,mnr,3971,Wort
3973,",",--,PUNCT,punct,3975,können
3974,Sie,sie,PRON,sb,3975,können
3975,können,können,AUX,ROOT,3975,können
3976,denken,denken,VERB,oc,3975,können
3977,",",--,PUNCT,punct,3976,denken
3978,daß,daß,SCONJ,cp,3979,ich
3979,ich,ich,PRON,sb,3975,können
3980,Sie,sie,PRON,nk,3979,ich
3981,lieber,lieber,ADV,mo,3979,ich
3982,dem,der,DET,nk,3983,Teufel
3983,Teufel,Teufel,NOUN,da,3981,lieber
3984,als,als,ADP,mnr,3983,Teufel
3985,einem,einer,PRON,nk,3984,als
3986,dieser,dieser,DET,oc,3975,können
3987,Bösewichter,bösewichter,NOUN,mo,3988,vermählen
3988,vermählen,vermählen,VERB,oc,3989,würde
3989,würde,werden,AUX,ROOT,3989,würde
3990,;,--,PUNCT,punct,3989,würde
3991,aber,aber,CCONJ,ju,3993,will
3992,ich,ich,PRON,sb,3993,will
3993,will,wollen,AUX,ROOT,3993,will
3994,nicht,nicht,PART,ng,3995,nur
3995,nur,nur,ADV,mo,3998,Herren
3996,die,der,DET,nk,3998,Herren
3997,guten,gut,ADJ,nk,3998,Herren
3998,Herren,Herr,NOUN,oa,3993,will
3999,",",--,PUNCT,punct,3993,will
4000,ich,ich,PRON,sb,4001,will
4001,will,wollen,VERB,cj,3993,will
4002,auch,auch,ADV,mo,4003,Sie
4003,Sie,sie,PRON,sb,4004,überraschen
4004,überraschen,überraschen,VERB,ROOT,4004,überraschen
4005,.,--,PUNCT,punct,4004,überraschen
4006,»,--,PUNCT,punct,4004,überraschen
4007,Wie,wie,ADV,mo,4008,war
4008,war,sein,AUX,ROOT,4008,war
4009,der,der,DET,nk,4010,Bräutigam
4010,Bräutigam,Bräutigam,NOUN,sb,4008,war
4011,so,so,ADV,mo,4012,froh
4012,froh,froh,ADV,pd,4008,war
4013,",",--,PUNCT,punct,4012,froh
4014,als,als,SCONJ,cm,4017,Nachricht
4015,er,er,PRON,sb,4017,Nachricht
4016,die,der,DET,nk,4017,Nachricht
4017,Nachricht,Nachricht,NOUN,cc,4011,so
4018,von,von,ADP,pg,4017,Nachricht
4019,der,der,DET,nk,4021,Vermählung
4020,nahen,nah,ADJ,nk,4021,Vermählung
4021,Vermählung,Vermählung,NOUN,nk,4018,von
4022,erhielt,erhalten,VERB,ROOT,4022,erhielt
4023,",",--,PUNCT,punct,4022,erhielt
4024,zugleich,zugleich,ADV,mo,4025,erzählte
4025,erzählte,erzählen,VERB,cj,4022,erhielt
4026,er,er,PRON,sb,4025,erzählte
4027,",",--,PUNCT,punct,4025,erzählte
4028,daß,daß,SCONJ,cp,4031,habe
4029,er,er,PRON,sb,4031,habe
4030,Hoffnung,Hoffnung,NOUN,oa,4031,habe
4031,habe,haben,VERB,oc,4025,erzählte
4032,",",--,PUNCT,punct,4031,habe
4033,die,der,DET,nk,4034,Polizei
4034,Polizei,Polizei,NOUN,app,4030,Hoffnung
4035,in,in,ADP,mnr,4034,Polizei
4036,Avignon,Avignon,PROPN,nk,4035,in
4037,auf,auf,ADP,svp,4025,erzählte
4038,französischen,französisch,ADJ,nk,4039,Fuß
4039,Fuß,Fuß,NOUN,oa,4040,einzurichten
4040,einzurichten,einrichten,VERB,ROOT,4040,einzurichten
4041,",",--,PUNCT,punct,4040,einzurichten
4042,er,er,PRON,sb,4043,versprach
4043,versprach,versprechen,VERB,oc,4040,einzurichten
4044,dem,der,DET,nk,4045,Doktor
4045,Doktor,Doktor,NOUN,da,4043,versprach
4046,schon,schon,ADV,mo,4043,versprach
4047,die,der,DET,ROOT,4047,die
4048,Medizinal-Aufsicht,Medizinal-Aufsicht,NOUN,ROOT,4048,Medizinal-Aufsicht
4049,über,über,ADP,op,4048,Medizinal-Aufsicht
4050,das,der,DET,nk,4052,Ländchen
4051,ganze,ganz,ADJ,nk,4052,Ländchen
4052,Ländchen,Ländchen,NOUN,nk,4049,über
4053,.,--,PUNCT,punct,4048,Medizinal-Aufsicht
4054,Wie,wie,ADV,mo,4055,ging
4055,ging,gehen,VERB,ROOT,4055,ging
4056,er,er,PRON,sb,4055,ging
4057,so,so,ADV,mo,4058,stattlich
4058,stattlich,stattlich,ADV,mo,4055,ging
4059,neben,neben,ADP,mo,4055,ging
4060,der,der,DET,nk,4059,neben
4061,schönen,schön,ADJ,nk,4062,Frau
4062,Frau,Frau,NOUN,ROOT,4062,Frau
4063,in,in,ADP,mnr,4062,Frau
4064,das,der,DET,nk,4065,Kloster
4065,Kloster,Kloster,NOUN,nk,4063,in
4066,und,und,CCONJ,cd,4062,Frau
4067,sprang,springen,VERB,cj,4066,und
4068,zum,zu,ADP,mo,4067,sprang
4069,Beichtstuhl,Beichtstuhl,NOUN,nk,4068,zum
4070,",",--,PUNCT,punct,4067,sprang
4071,als,als,SCONJ,ROOT,4071,als
4072,ob,ob,SCONJ,mo,4071,als
4073,es,es,PRON,dep,4071,als
4074,ein,ein,DET,pd,4071,als
4075,Unterbureau,Unterbureau,NOUN,pd,4078,sei
4076,der,der,DET,nk,4077,Polizei
4077,Polizei,Polizei,NOUN,ag,4075,Unterbureau
4078,sei,sein,AUX,ROOT,4078,sei
4079,.,--,PUNCT,punct,4078,sei
4080,Wie,wie,ADV,mo,4081,wußte
4081,wußte,wissen,VERB,ROOT,4081,wußte
4082,er,er,PRON,sb,4081,wußte
4083,so,so,ADV,mo,4081,wußte
4084,gar,gar,ADV,mo,4085,keine
4085,keine,kein,DET,nk,4086,Sünde
4086,Sünde,Sünde,NOUN,oa,4081,wußte
4087,von,von,ADP,op,4081,wußte
4088,sich,sich,PRON,nk,4087,von
4089,dem,der,PRON,nk,4087,von
4090,Beichtvater,Beichtvater,NOUN,oa,4092,beichten
4091,zu,zu,PART,pm,4092,beichten
4092,beichten,beichten,VERB,ROOT,4092,beichten
4093,",",--,PUNCT,punct,4092,beichten
4094,die,der,DET,nk,4095,Geschichte
4095,Geschichte,Geschichte,NOUN,oa,4101,nannte
4096,mit,mit,ADP,mnr,4095,Geschichte
4097,der,der,DET,nk,4098,Frau
4098,Frau,Frau,NOUN,nk,4096,mit
4099,von,von,ADP,pg,4098,Frau
4100,Saverne,Saverne,PROPN,nk,4099,von
4101,nannte,nennen,VERB,cj,4092,beichten
4102,er,er,PRON,sb,4101,nannte
4103,eine,ein,DET,mo,4101,nannte
4104,wohlgelungene,wohlgelungen,ADJ,nk,4105,Zärtlichkeit
4105,Zärtlichkeit,Zärtlichkeit,NOUN,ROOT,4105,Zärtlichkeit
4106,;,--,PUNCT,punct,4105,Zärtlichkeit
4107,ihm,ihm,PRON,da,4108,wurden
4108,wurden,werden,AUX,ROOT,4108,wurden
4109,dafür,dafür,ADV,mo,4108,wurden
4110,sechs,sechs,NUM,nk,4111,Vaterunser
4111,Vaterunser,Vaterunser,NOUN,sb,4108,wurden
4112,an,an,ADP,mnr,4111,Vaterunser
4113,einem,ein,DET,nk,4114,dunklen
4114,dunklen,dunkel,ADJ,nk,4112,an
4115,Orte,Ort,NOUN,oa,4117,beten
4116,zu,zu,PART,pm,4117,beten
4117,beten,beten,VERB,oc,4118,aufgegeben
4118,aufgegeben,aufgeben,VERB,ROOT,4118,aufgegeben
4119,.,--,PUNCT,punct,4118,aufgegeben
4120,«,--,PUNCT,punct,4122,meint
4121,Er,er,PRON,sb,4122,meint
4122,meint,meinen,VERB,oc,4130,sagte
4123,",",--,PUNCT,punct,4122,meint
4124,ich,ich,PRON,sb,4125,bin
4125,bin,sein,AUX,oc,4122,meint
4126,ein,ein,DET,nk,4127,Kind
4127,Kind,Kind,NOUN,pd,4125,bin
4128,»,--,PUNCT,punct,4122,meint
4129,",",--,PUNCT,punct,4130,sagte
4130,sagte,sagen,VERB,ROOT,4130,sagte
4131,er,er,PRON,sb,4130,sagte
4132,vor,vor,ADP,mo,4130,sagte
4133,sich,sich,PRON,nk,4132,vor
4134,hin,hin,ADV,svp,4130,sagte
4135,",",--,PUNCT,punct,4130,sagte
4136,«,--,PUNCT,punct,4143,könnte
4137,daß,daß,SCONJ,cp,4143,könnte
4138,mich,mich,PRON,oa,4142,schrecken
4139,ein,ein,DET,nk,4141,Ort
4140,dunkler,dunkl,ADJ,nk,4141,Ort
4141,Ort,Ort,NOUN,sb,4143,könnte
4142,schrecken,schrecken,VERB,oc,4143,könnte
4143,könnte,können,AUX,ROOT,4143,könnte
4144,!,--,PUNCT,punct,4143,könnte
4145,»,--,PUNCT,punct,4143,könnte
4146,Er,er,PRON,sb,4147,lachte
4147,lachte,lachen,VERB,ROOT,4147,lachte
4148,fast,fast,ADV,mo,4147,lachte
4149,",",--,PUNCT,punct,4147,lachte
4150,als,als,SCONJ,cm,4151,er
4151,er,er,PRON,mo,4147,lachte
4152,den,der,DET,nk,4153,Doktor
4153,Doktor,Doktor,NOUN,oa,4147,lachte
4154,noch,noch,ADV,mo,4155,zur
4155,zur,zu,ADP,mo,4161,bekam
4156,Gesellschaft,Gesellschaft,NOUN,nk,4155,zur
4157,in,in,ADP,mnr,4156,Gesellschaft
4158,der,der,DET,nk,4160,Kammer
4159,dunklen,dunkel,ADJ,nk,4160,Kammer
4160,Kammer,Kammer,NOUN,nk,4157,in
4161,bekam,bekommen,VERB,ROOT,4161,bekam
4162,.,--,PUNCT,punct,4161,bekam
4163,Sie,sie,PRON,sb,4164,traten
4164,traten,treten,VERB,ROOT,4164,traten
4165,in,in,ADP,mo,4164,traten
4166,einen,ein,DET,nk,4165,in
4167,Verschlag,Verschlag,NOUN,sb,4176,wurde
4168,",",--,PUNCT,punct,4167,Verschlag
4169,der,der,PRON,sb,4172,roch
4170,nach,nach,ADP,mo,4172,roch
4171,Eseln,Esel,NOUN,nk,4170,nach
4172,roch,roch,ADV,rc,4167,Verschlag
4173,",",--,PUNCT,punct,4167,Verschlag
4174,eine,ein,DET,nk,4175,Tür
4175,Tür,Tür,NOUN,sb,4176,wurde
4176,wurde,werden,AUX,ROOT,4176,wurde
4177,hinter,hinter,ADP,mo,4179,zugeschlossen
4178,ihnen,ihnen,PRON,nk,4177,hinter
4179,zugeschlossen,zugeschlossen,VERB,oc,4176,wurde
4180,.,--,PUNCT,punct,4176,wurde
4181,«,--,PUNCT,punct,4183,mag
4182,Hier,hier,ADV,mo,4183,mag
4183,mag,mögen,AUX,oc,4191,scherzte
4184,schon,schon,ADV,mo,4183,mag
4185,mancher,mancher,DET,nk,4186,Esel
4186,Esel,Esel,NOUN,sb,4183,mag
4187,gebetet,beten,VERB,oc,4188,haben
4188,haben,haben,AUX,oc,4183,mag
4189,»,--,PUNCT,punct,4183,mag
4190,",",--,PUNCT,punct,4191,scherzte
4191,scherzte,scherzen,VERB,ROOT,4191,scherzte
4192,der,der,DET,nk,4193,Doktor
4193,Doktor,Doktor,NOUN,sb,4191,scherzte
4194,",",--,PUNCT,punct,4191,scherzte
4195,«,--,PUNCT,punct,4197,singe
4196,ich,ich,PRON,sb,4197,singe
4197,singe,singen,VERB,cj,4183,mag
4198,den,der,DET,nk,4199,Marlborough
4199,Marlborough,Marlborough,NOUN,ROOT,4199,Marlborough
4200,sechsmal,sechsmal,ADV,mnr,4199,Marlborough
4201,statt,statt,ADP,mnr,4199,Marlborough
4202,dessen,der,PRON,nk,4201,statt
4203,.,--,PUNCT,punct,4199,Marlborough
4204,Aber,aber,CCONJ,ju,4206,ist
4205,was,was,PRON,pd,4206,ist
4206,ist,sein,AUX,oc,4210,sagte
4207,das,der,PRON,sb,4206,ist
4208,»,--,PUNCT,punct,4206,ist
4209,",",--,PUNCT,punct,4210,sagte
4210,sagte,sagen,VERB,ROOT,4210,sagte
4211,der,der,DET,nk,4212,Doktor
4212,Doktor,Doktor,NOUN,sb,4210,sagte
4213,",",--,PUNCT,punct,4210,sagte
4214,«,--,PUNCT,punct,4217,bewegt
4215,der,der,DET,nk,4216,Boden
4216,Boden,Boden,NOUN,sb,4217,bewegt
4217,bewegt,bewegen,VERB,ROOT,4217,bewegt
4218,sich,sich,PRON,oa,4217,bewegt
4219,",",--,PUNCT,punct,4217,bewegt
4220,Hilfe,Hilfe,NOUN,cj,4217,bewegt
4221,",",--,PUNCT,punct,4220,Hilfe
4222,Hilfe,Hilfe,NOUN,cj,4220,Hilfe
4223,!,--,PUNCT,punct,4217,bewegt
4224,»,--,PUNCT,punct,4217,bewegt
4225,–,--,PUNCT,punct,4228,Erdbeben
4226,«,--,PUNCT,punct,4228,Erdbeben
4227,Ein,ein,DET,nk,4228,Erdbeben
4228,Erdbeben,Erdbeben,NOUN,sb,4231,rief
4229,»,--,PUNCT,punct,4228,Erdbeben
4230,",",--,PUNCT,punct,4231,rief
4231,rief,rufen,VERB,ROOT,4231,rief
4232,der,der,DET,nk,4233,Nußknacker
4233,Nußknacker,Nußknacker,NOUN,sb,4231,rief
4234,.,--,PUNCT,punct,4231,rief
4235,Aber,aber,CCONJ,ju,4242,bewegte
4236,unaufhaltsam,unaufhaltsam,ADV,mo,4237,schneller
4237,schneller,schnell,ADV,mo,4242,bewegte
4238,mit,mit,ADP,mo,4237,schneller
4239,jedem,jeder,PRON,nk,4238,mit
4240,ihrer,ihr,DET,nk,4241,Schritte
4241,Schritte,Schritt,NOUN,nk,4238,mit
4242,bewegte,bewegen,VERB,ROOT,4242,bewegte
4243,sich,sich,PRON,oa,4242,bewegte
4244,der,der,DET,nk,4245,Boden
4245,Boden,Boden,NOUN,sb,4242,bewegte
4246,fort,fort,ADV,mo,4257,standen
4247,",",--,PUNCT,punct,4246,fort
4248,sie,sie,PRON,sb,4250,trieben
4249,selbst,selbst,ADV,mnr,4248,sie
4250,trieben,treiben,VERB,cj,4246,fort
4251,ihn,ihn,PRON,oa,4250,trieben
4252,zur,zu,ADP,mo,4250,trieben
4253,Bewegung,Bewegung,NOUN,nk,4252,zur
4254,",",--,PUNCT,punct,4257,standen
4255,denn,denn,CCONJ,cd,4257,standen
4256,sie,sie,PRON,sb,4257,standen
4257,standen,stehen,VERB,ROOT,4257,standen
4258,im,in,ADP,mo,4257,standen
4259,Tretrade,Tretrade,NOUN,nk,4258,im
4260,der,der,DET,svp,4257,standen
4261,Ölmühle,Ölmühl,NOUN,ROOT,4261,Ölmühle
4262,des,der,DET,nk,4263,Klosters
4263,Klosters,Kloster,NOUN,ag,4261,Ölmühle
4264,",",--,PUNCT,punct,4263,Klosters
4265,in,in,ADP,mo,4261,Ölmühle
4266,der,der,PRON,nk,4265,in
4267,sonst,sonst,ADV,mo,4269,Eselpaare
4268,mehrere,mehrere,DET,nk,4269,Eselpaare
4269,Eselpaare,Eselpaar,NOUN,mo,4265,in
4270,sich,sich,PRON,oa,4261,Ölmühle
4271,in,in,ADP,mo,4261,Ölmühle
4272,dem,der,DET,nk,4273,Geschäfte
4273,Geschäfte,Geschäft,NOUN,nk,4271,in
4274,ablösten,ablösten,VERB,ROOT,4274,ablösten
4275,.,--,PUNCT,punct,4274,ablösten
4276,Sie,sie,PRON,sb,4277,mußten
4277,mußten,müssen,AUX,ROOT,4277,mußten
4278,laufen,laufen,VERB,oc,4277,mußten
4279,",",--,PUNCT,punct,4278,laufen
4280,um,um,SCONJ,cp,4282,überzufallen
4281,nicht,nicht,PART,ng,4282,überzufallen
4282,überzufallen,überzufall,ADJ,mo,4278,laufen
4283,;,--,PUNCT,punct,4277,mußten
4284,die,der,DET,nk,4285,Mühle
4285,Mühle,Mühle,NOUN,sb,4286,regte
4286,regte,regen,VERB,ROOT,4286,regte
4287,sich,sich,PRON,oa,4286,regte
4288,",",--,PUNCT,punct,4286,regte
4289,und,und,CCONJ,cd,4286,regte
4290,wie,wie,ADP,mo,4295,war
4291,alles,alle,PRON,sb,4295,war
4292,in,in,ADP,mo,4295,war
4293,schönster,schönst,ADJ,nk,4294,Bewegung
4294,Bewegung,Bewegung,NOUN,nk,4292,in
4295,war,sein,AUX,mo,4302,erhellte
4296,",",--,PUNCT,punct,4295,war
4297,die,der,DET,nk,4298,beiden
4298,beiden,beide,PRON,sb,4300,keuchten
4299,atemlos,atemlos,ADV,mo,4300,keuchten
4300,keuchten,Keucht,VERB,sb,4295,war
4301,",",--,PUNCT,punct,4302,erhellte
4302,erhellte,erhellen,VERB,ROOT,4302,erhellte
4303,sich,sich,PRON,oa,4302,erhellte
4304,alles,alle,PRON,ROOT,4304,alles
4305,durch,durch,ADP,mnr,4304,alles
4306,das,der,DET,nk,4307,Gitter
4307,Gitter,Gitter,NOUN,nk,4305,durch
4308,der,der,DET,nk,4309,Mühlenseite
4309,Mühlenseite,Mühlenseite,NOUN,ag,4307,Gitter
4310,.,--,PUNCT,punct,4304,alles
4311,Der,der,DET,nk,4312,Beichtvater
4312,Beichtvater,Beichtvater,NOUN,sb,4313,stand
4313,stand,stehen,VERB,ROOT,4313,stand
4314,da,da,ADV,mo,4313,stand
4315,mit,mit,ADP,mo,4313,stand
4316,Frau,Frau,NOUN,nk,4315,mit
4317,von,von,ADP,pg,4316,Frau
4318,Saverne,Saverne,NOUN,ROOT,4318,Saverne
4319,und,und,CCONJ,cd,4318,Saverne
4320,fragte,fragen,VERB,cj,4319,und
4321,",",--,PUNCT,punct,4320,fragte
4322,ob,ob,SCONJ,cp,4330,wären
4323,sie,sie,PRON,sb,4330,wären
4324,mit,mit,ADP,mo,4330,wären
4325,ihrem,ihr,DET,nk,4326,Gebete
4326,Gebete,Gebet,NOUN,nk,4324,mit
4327,noch,noch,ADV,mo,4328,nicht
4328,nicht,nicht,PART,ng,4330,wären
4329,fertig,fertig,ADV,pd,4330,wären
4330,wären,sein,AUX,oc,4320,fragte
4331,?,--,PUNCT,punct,4318,Saverne
4332,Frau,Frau,NOUN,ROOT,4332,Frau
4333,von,von,ADP,pg,4332,Frau
4334,Saverne,Saverne,PROPN,sb,4335,sagte
4335,sagte,sagen,VERB,ROOT,4335,sagte
4336,",",--,PUNCT,punct,4335,sagte
4337,wenn,wenn,SCONJ,cp,4344,sollte
4338,sie,sie,PRON,sb,4344,sollte
4339,länger,lang,ADV,mo,4343,warten
4340,auf,auf,ADP,op,4343,warten
4341,ihren,ihr,DET,nk,4342,Bräutigam
4342,Bräutigam,Bräutigam,NOUN,nk,4340,auf
4343,warten,warten,VERB,oc,4344,sollte
4344,sollte,sollen,AUX,mo,4335,sagte
4345,",",--,PUNCT,punct,4344,sollte
4346,da,da,SCONJ,cp,4347,nähme
4347,nähme,nähmen,VERB,oc,4335,sagte
4348,sie,sie,PRON,sb,4347,nähme
4349,lieber,lieber,ADV,mo,4352,Mann
4350,einen,ein,DET,nk,4352,Mann
4351,andern,anderer,ADJ,nk,4352,Mann
4352,Mann,Mann,NOUN,ROOT,4352,Mann
4353,",",--,PUNCT,punct,4352,Mann
4354,der,der,PRON,sb,4362,schütze
4355,sie,sie,PRON,oa,4362,schütze
4356,gegen,gegen,ADP,mo,4362,schütze
4357,List,List,NOUN,nk,4356,gegen
4358,",",--,PUNCT,punct,4357,List
4359,Gewalt,Gewalt,NOUN,cj,4357,List
4360,und,und,CCONJ,cd,4359,Gewalt
4361,Langeweile,Langeweile,NOUN,cj,4360,und
4362,schütze,schützen,VERB,rc,4352,Mann
4363,.,--,PUNCT,punct,4352,Mann
4364,Der,der,DET,nk,4365,Nußknacker
4365,Nußknacker,Nußknacker,NOUN,sb,4366,wollte
4366,wollte,wollen,AUX,ROOT,4366,wollte
4367,antworten,antworten,NOUN,oc,4366,wollte
4368,",",--,PUNCT,punct,4367,antworten
4369,aber,aber,CCONJ,cd,4366,wollte
4370,in,in,ADP,mo,4374,brachte
4371,dem,der,DET,nk,4373,Laufen
4372,schrecklichen,schrecklich,ADJ,nk,4373,Laufen
4373,Laufen,laufen,NOUN,nk,4370,in
4374,brachte,bringen,VERB,cj,4369,aber
4375,er,er,PRON,sb,4374,brachte
4376,nur,nur,ADV,mo,4377,wilde
4377,wilde,wild,ADJ,ROOT,4377,wilde
4378,",",--,PUNCT,punct,4377,wilde
4379,lächerliche,lächerlich,ADJ,nk,4380,Töne
4380,Töne,Ton,NOUN,cj,4377,wilde
4381,zusammen,zusammen,ADV,svp,4377,wilde
4382,;,--,PUNCT,punct,4377,wilde
4383,die,der,DET,nk,4384,Mönche
4384,Mönche,Mönch,NOUN,sb,4388,tanzten
4385,in,in,ADP,mnr,4384,Mönche
4386,der,der,DET,nk,4387,Mühle
4387,Mühle,Mühle,NOUN,nk,4385,in
4388,tanzten,tanzen,VERB,ROOT,4388,tanzten
4389,lachend,lachend,ADV,mo,4388,tanzten
4390,umher,umher,ADV,mo,4393,sahen
4391,",",--,PUNCT,punct,4393,sahen
4392,sie,sie,PRON,sb,4393,sahen
4393,sahen,sehen,VERB,ROOT,4393,sahen
4394,in,in,ADP,mo,4393,sahen
4395,der,der,DET,nk,4396,Sache
4396,Sache,Sache,NOUN,nk,4394,in
4397,nur,nur,ADV,mo,4399,Scherz
4398,den,der,DET,nk,4399,Scherz
4399,Scherz,Scherz,NOUN,oa,4393,sahen
4400,",",--,PUNCT,punct,4399,Scherz
4401,nicht,nicht,PART,ng,4403,Leiden
4402,das,der,DET,nk,4403,Leiden
4403,Leiden,leiden,NOUN,oa,4393,sahen
4404,der,der,DET,nk,4405,armen
4405,armen,arm,ADJ,ag,4403,Leiden
4406,Saverne,Saverne,NOUN,ROOT,4406,Saverne
4407,",",--,PUNCT,punct,4406,Saverne
4408,das,der,PRON,sb,4415,wurde
4409,von,von,ADP,sbp,4414,gerächt
4410,dem,der,DET,nk,4411,Beichtvater
4411,Beichtvater,Beichtvater,NOUN,nk,4409,von
4412,so,so,ADV,mo,4413,passend
4413,passend,passend,ADV,mo,4414,gerächt
4414,gerächt,rächen,VERB,oc,4415,wurde
4415,wurde,werden,AUX,rc,4406,Saverne
4416,.,--,PUNCT,punct,4406,Saverne
4417,«,--,PUNCT,punct,4419,das
4418,Wenn,wenn,SCONJ,cp,4419,das
4419,das,der,PRON,ROOT,4419,das
4420,nicht,nicht,PART,ng,4419,das
4421,hilft,helfen,VERB,re,4423,so
4422,",",--,PUNCT,punct,4423,so
4423,so,so,ADV,mo,4424,sind
4424,sind,sein,AUX,oc,4430,rief
4425,Sie,sie,PRON,sb,4424,sind
4426,unheilbar,unheilbar,ADV,mo,4427,dumm
4427,dumm,dumm,ADV,pd,4424,sind
4428,»,--,PUNCT,punct,4424,sind
4429,",",--,PUNCT,punct,4430,rief
4430,rief,rufen,VERB,ROOT,4430,rief
4431,er,er,PRON,sb,4430,rief
4432,zum,zu,ADP,mo,4430,rief
4433,Doktor,Doktor,NOUN,nk,4432,zum
4434,;,--,PUNCT,punct,4430,rief
4435,«,--,PUNCT,punct,4438,das
4436,wenn,wenn,SCONJ,cp,4438,das
4437,Sie,sie,PRON,sb,4438,das
4438,das,der,PRON,ROOT,4438,das
4439,nicht,nicht,PART,ng,4438,das
4440,bessert,bessern,VERB,oc,4443,sagte
4441,»,--,PUNCT,punct,4440,bessert
4442,",",--,PUNCT,punct,4443,sagte
4443,sagte,sagen,VERB,ROOT,4443,sagte
4444,er,er,PRON,sb,4443,sagte
4445,zum,zu,ADP,mo,4443,sagte
4446,Nußknacker,Nußknacker,NOUN,nk,4445,zum
4447,",",--,PUNCT,punct,4443,sagte
4448,«,--,PUNCT,punct,4450,sind
4449,so,so,ADV,mo,4450,sind
4450,sind,sein,AUX,cj,4440,bessert
4451,Sie,sie,PRON,sb,4450,sind
4452,unheilbar,unheilbar,ADV,mo,4453,böse
4453,böse,böse,ADV,pd,4450,sind
4454,.,--,PUNCT,punct,4443,sagte
4455,»,--,PUNCT,punct,4440,bessert
4456,–,--,PUNCT,punct,4457,Jetzt
4457,Jetzt,jetzt,ADV,ROOT,4457,Jetzt
4458,erschien,erscheinen,VERB,ROOT,4458,erschien
4459,ein,ein,DET,nk,4461,Offizier
4460,junger,jung,ADJ,nk,4461,Offizier
4461,Offizier,Offizier,NOUN,sb,4458,erschien
4462,",",--,PUNCT,punct,4461,Offizier
4463,der,der,DET,nk,4464,Bruder
4464,Bruder,Bruder,NOUN,app,4461,Offizier
4465,des,der,DET,nk,4466,Beichtvaters
4466,Beichtvaters,Beichtvater,NOUN,ag,4464,Bruder
4467,",",--,PUNCT,punct,4466,Beichtvaters
4468,von,von,ADP,mo,4470,er
4469,welchem,welcher,PRON,nk,4468,von
4470,er,er,PRON,app,4464,Bruder
4471,der,der,DET,punct,4458,erschien
4472,Frau,Frau,NOUN,sb,4476,wurde
4473,von,von,ADP,pg,4472,Frau
4474,Saverne,Saverne,PROPN,nk,4473,von
4475,vorgestellt,vorstellen,VERB,oc,4476,wurde
4476,wurde,werden,AUX,ROOT,4476,wurde
4477,.,--,PUNCT,punct,4476,wurde
4478,Sie,sie,PRON,sb,4479,verwunderte
4479,verwunderte,verwunderen,VERB,ROOT,4479,verwunderte
4480,sich,sich,PRON,oa,4479,verwunderte
4481,",",--,PUNCT,punct,4479,verwunderte
4482,errötete,erröten,VERB,oc,4479,verwunderte
4483,und,und,CCONJ,cd,4482,errötete
4484,sprach,sprechen,VERB,cj,4483,und
4485,:,--,PUNCT,punct,4479,verwunderte
4486,«,--,PUNCT,punct,4488,kannten
4487,Wir,wir,PRON,sb,4488,kannten
4488,kannten,kennen,VERB,ROOT,4488,kannten
4489,uns,sich,PRON,oa,4488,kannten
4490,wohl,wohl,ADV,mo,4488,kannten
4491,",",--,PUNCT,punct,4488,kannten
4492,aber,aber,CCONJ,cd,4488,kannten
4493,warum,warum,SCONJ,mo,4494,ließen
4494,ließen,lassen,VERB,cj,4492,aber
4495,Sie,sie,PRON,sb,4494,ließen
4496,nichts,nichts,PRON,oa,4499,hören
4497,von,von,ADP,mnr,4496,nichts
4498,sich,sich,PRON,nk,4497,von
4499,hören,hören,VERB,oc,4494,ließen
4500,nach,nach,ADP,mo,4499,hören
4501,dem,der,DET,nk,4500,nach
4502,Tode,Tod,NOUN,ROOT,4502,Tode
4503,meines,mein,DET,nk,4504,Mannes
4504,Mannes,Mann,NOUN,ag,4502,Tode
4505,?,--,PUNCT,punct,4502,Tode
4506,Solange,solange,SCONJ,cp,4508,lebte
4507,er,er,PRON,sb,4508,lebte
4508,lebte,leben,VERB,mo,4510,konnte
4509,",",--,PUNCT,punct,4510,konnte
4510,konnte,können,AUX,ROOT,4510,konnte
4511,ich,ich,PRON,sb,4510,konnte
4512,freilich,freilich,ADV,mo,4510,konnte
4513,ihre,ihr,DET,nk,4514,Zudringlichkeit
4514,Zudringlichkeit,Zudringlichkeit,NOUN,oa,4510,konnte
4515,nicht,nicht,PART,ng,4516,dulden
4516,dulden,dulden,VERB,ROOT,4516,dulden
4517,.,--,PUNCT,punct,4516,dulden
4518,»,--,PUNCT,punct,4516,dulden
4519,–,--,PUNCT,punct,4522,glaubte
4520,«,--,PUNCT,punct,4522,glaubte
4521,Ich,ich,PRON,sb,4522,glaubte
4522,glaubte,glauben,VERB,oc,4530,sagte
4523,",",--,PUNCT,punct,4522,glaubte
4524,daß,daß,SCONJ,cp,4527,haßten
4525,Sie,sie,PRON,sb,4527,haßten
4526,mich,sich,PRON,oa,4527,haßten
4527,haßten,haßen,VERB,oc,4522,glaubte
4528,»,--,PUNCT,punct,4522,glaubte
4529,",",--,PUNCT,punct,4530,sagte
4530,sagte,sagen,VERB,ROOT,4530,sagte
4531,der,der,DET,nk,4532,Offizier
4532,Offizier,Offizier,NOUN,sb,4530,sagte
4533,",",--,PUNCT,punct,4530,sagte
4534,«,--,PUNCT,punct,4522,glaubte
4535,und,und,CCONJ,cd,4530,sagte
4536,wagte,wagen,VERB,ROOT,4536,wagte
4537,nicht,nicht,PART,ng,4536,wagte
4538,",",--,PUNCT,punct,4536,wagte
4539,mich,mich,PRON,oa,4543,nahen
4540,ihnen,ihnen,PRON,da,4543,nahen
4541,wieder,wieder,ADV,mo,4543,nahen
4542,zu,zu,PART,pm,4543,nahen
4543,nahen,nahen,VERB,oc,4536,wagte
4544,.,--,PUNCT,punct,4536,wagte
4545,»,--,PUNCT,punct,4536,wagte
4546,–,--,PUNCT,punct,4550,war
4547,«,--,PUNCT,punct,4550,war
4548,Die,der,DET,nk,4549,Bescheidenheit
4549,Bescheidenheit,Bescheidenheit,NOUN,sb,4550,war
4550,war,sein,AUX,ROOT,4550,war
4551,dumm,dumm,ADV,pd,4550,war
4552,»,--,PUNCT,punct,4550,war
4553,",",--,PUNCT,punct,4550,war
4554,sagte,sagen,VERB,ROOT,4554,sagte
4555,der,der,DET,nk,4556,Beichtvater
4556,Beichtvater,Beichtvater,NOUN,sb,4554,sagte
4557,",",--,PUNCT,punct,4554,sagte
4558,«,--,PUNCT,punct,4560,wolltet
4559,ihr,ihr,PRON,da,4560,wolltet
4560,wolltet,wollten,VERB,oc,4554,sagte
4561,beide,beide,PRON,sb,4560,wolltet
4562,mich,mich,PRON,oa,4560,wolltet
4563,nicht,nicht,PART,ng,4560,wolltet
4564,hören,hören,VERB,oc,4560,wolltet
4565,und,und,CCONJ,cd,4560,wolltet
4566,habt,haben,AUX,cj,4565,und
4567,beide,beide,PRON,sb,4566,habt
4568,viel,viel,PRON,oa,4566,habt
4569,darum,darum,ADV,op,4570,gelitten
4570,gelitten,gelitten,VERB,sb,4572,folgt
4571,",",--,PUNCT,punct,4572,folgt
4572,folgt,folgen,VERB,ROOT,4572,folgt
4573,mir,mir,PRON,da,4572,folgt
4574,jetzt,jetzt,ADV,mo,4572,folgt
4575,und,und,CCONJ,cd,4572,folgt
4576,vermählt,vermählen,VERB,cj,4575,und
4577,euch,euch,PRON,oa,4576,vermählt
4578,heute,heute,ADV,mo,4576,vermählt
4579,zur,zu,ADP,mo,4576,vermählt
4580,Buße,Buße,NOUN,nk,4579,zur
4581,",",--,PUNCT,punct,4576,vermählt
4582,wenn,wenn,SCONJ,cp,4584,Herr
4583,der,der,DET,nk,4584,Herr
4584,Herr,Herr,NOUN,mo,4576,vermählt
4585,da,da,ADV,mo,4588,macht
4586,keine,kein,DET,nk,4587,Einwendung
4587,Einwendung,Einwendung,NOUN,oa,4588,macht
4588,macht,machen,VERB,ROOT,4588,macht
4589,.,--,PUNCT,punct,4588,macht
4590,»,--,PUNCT,punct,4588,macht
4591,–,--,PUNCT,punct,4596,schrie
4592,Der,der,DET,nk,4593,Mann
4593,Mann,Mann,NOUN,sb,4596,schrie
4594,im,in,ADP,mnr,4593,Mann
4595,Tretrade,Tretrade,NOUN,nk,4594,im
4596,schrie,schreien,VERB,ROOT,4596,schrie
4597,:,--,PUNCT,punct,4596,schrie
4598,«,--,PUNCT,punct,4599,Nein
4599,Nein,nein,PART,rs,4596,schrie
4600,!,--,PUNCT,punct,4596,schrie
4601,Nein,nein,PART,dep,4606,Er
4602,!,--,PUNCT,punct,4601,Nein
4603,»,--,PUNCT,dep,4601,Nein
4604,–,--,PUNCT,punct,4606,Er
4605,«,--,PUNCT,punct,4606,Er
4606,Er,er,PRON,ROOT,4606,Er
4607,will,wollen,AUX,oc,4614,sagte
4608,es,es,PRON,ep,4607,will
4609,noch,noch,ADV,mo,4610,nicht
4610,nicht,nicht,PART,ng,4607,will
4611,zugeben,zugeben,VERB,oc,4607,will
4612,»,--,PUNCT,punct,4607,will
4613,",",--,PUNCT,punct,4614,sagte
4614,sagte,sagen,VERB,ROOT,4614,sagte
4615,der,der,DET,nk,4616,Beichtvater
4616,Beichtvater,Beichtvater,NOUN,sb,4614,sagte
4617,",",--,PUNCT,punct,4614,sagte
4618,«,--,PUNCT,punct,4620,muß
4619,er,er,PRON,sb,4620,muß
4620,muß,müssen,AUX,cj,4607,will
4621,noch,noch,ADV,mo,4622,länger
4622,länger,lang,ADV,mo,4620,muß
4623,treten,treten,VERB,ROOT,4623,treten
4624,.,--,PUNCT,punct,4623,treten
4625,»,--,PUNCT,punct,4623,treten
4626,–,--,PUNCT,punct,4636,brachte
4627,«,--,PUNCT,punct,4632,geb's
4628,Ja,ja,PART,dm,4632,geb's
4629,",",--,PUNCT,punct,4632,geb's
4630,ja,ja,PART,mo,4632,geb's
4631,",",--,PUNCT,punct,4632,geb's
4632,geb's,geb's,ADV,oc,4626,–
4633,zu,zu,ADP,svp,4632,geb's
4634,!,--,PUNCT,punct,4636,brachte
4635,»,--,PUNCT,punct,4636,brachte
4636,brachte,bringen,VERB,ROOT,4636,brachte
4637,der,der,DET,nk,4638,Nußknacker
4638,Nußknacker,Nußknacker,NOUN,sb,4636,brachte
4639,heraus,heraus,ADV,svp,4636,brachte
4640,.,--,PUNCT,punct,4636,brachte
4641,–,--,PUNCT,punct,4643,Wohlan
4642,«,--,PUNCT,punct,4643,Wohlan
4643,Wohlan,Wohlan,NOUN,sb,4646,rief
4644,»,--,PUNCT,punct,4643,Wohlan
4645,",",--,PUNCT,punct,4646,rief
4646,rief,rufen,VERB,ROOT,4646,rief
4647,der,der,DET,nk,4648,Beichtvater
4648,Beichtvater,Beichtvater,NOUN,ROOT,4648,Beichtvater
4649,",",--,PUNCT,punct,4648,Beichtvater
4650,«,--,PUNCT,punct,4654,ergibt
4651,die,der,DET,nk,4653,Frau
4652,gnädige,gnädig,ADJ,nk,4653,Frau
4653,Frau,Frau,NOUN,sb,4654,ergibt
4654,ergibt,ergeben,VERB,par,4648,Beichtvater
4655,sich,sich,PRON,oa,4654,ergibt
4656,in,in,ADP,mo,4654,ergibt
4657,ihr,ihr,DET,nk,4659,Schicksal
4658,gutes,gut,ADJ,nk,4659,Schicksal
4659,Schicksal,Schicksal,NOUN,nk,4656,in
4660,",",--,PUNCT,punct,4654,ergibt
4661,ihr,ihr,PRON,app,4648,Beichtvater
4662,beiden,beide,DET,nk,4663,Sünder
4663,Sünder,Sünder,NOUN,sb,4664,sollt
4664,sollt,sollen,VERB,ROOT,4664,sollt
4665,Zeugen,Zeuge,NOUN,pd,4668,sein
4666,ihres,ihr,DET,nk,4667,Glückes
4667,Glückes,Glück,NOUN,ag,4665,Zeugen
4668,sein,sein,AUX,oc,4664,sollt
4669,und,und,CCONJ,cd,4668,sein
4670,noch,noch,ADV,mo,4671,heute
4671,heute,heute,ADV,cj,4669,und
4672,abend,abend,ADV,mo,4671,heute
4673,von,von,ADP,mo,4671,heute
4674,unsern,unsern,NOUN,nk,4673,von
4675,Landreitern,Landreiter,NOUN,ROOT,4675,Landreitern
4676,über,über,ADP,mnr,4675,Landreitern
4677,die,der,DET,nk,4678,Grenze
4678,Grenze,Grenze,NOUN,nk,4676,über
4679,gebracht,bringen,VERB,oc,4680,werden
4680,werden,werden,AUX,oc,4675,Landreitern
4681,",",--,PUNCT,punct,4680,werden
4682,wenn,wenn,SCONJ,cp,4683,Frau
4683,Frau,Frau,NOUN,ROOT,4683,Frau
4684,von,von,ADP,pg,4683,Frau
4685,Saverne,Saverne,PROPN,nk,4684,von
4686,sich,sich,PRON,oa,4683,Frau
4687,von,von,ADP,pg,4686,sich
4688,allen,aller,DET,nk,4690,Leiden
4689,ihren,ihr,DET,nk,4690,Leiden
4690,Leiden,Leiden,NOUN,da,4691,ausruht
4691,ausruht,ausruht,VERB,ROOT,4691,ausruht
4692,.,--,PUNCT,punct,4691,ausruht
4693,Als,als,ADP,mo,4698,erhaltet
4694,Dank,Dank,NOUN,nk,4693,Als
4695,für,für,ADP,mo,4698,erhaltet
4696,eure,eur,DET,nk,4697,Bemühung
4697,Bemühung,Bemühung,NOUN,nk,4695,für
4698,erhaltet,erhalten,VERB,ROOT,4698,erhaltet
4699,ihr,ihr,PRON,da,4698,erhaltet
4700,die,der,PRON,sb,4698,erhaltet
4701,zu,zu,ADP,svp,4698,erhaltet
4702,Versailles,Versailles,PROPN,ag,4704,Büste
4703,zurückgelassene,zurückgelassen,ADJ,nk,4704,Büste
4704,Büste,Büste,NOUN,sb,4707,wollen
4705,",",--,PUNCT,punct,4707,wollen
4706,wir,wir,PRON,sb,4707,wollen
4707,wollen,wollen,AUX,ROOT,4707,wollen
4708,statt,statt,ADP,mo,4707,wollen
4709,derselben,derselbe,DET,nk,4708,statt
4710,das,der,DET,nk,4711,Bild
4711,Bild,Bild,NOUN,oa,4707,wollen
4712,des,der,DET,punct,4707,wollen
4713,heiligen,heilig,ADJ,nk,4714,Petrus
4714,Petrus,Petrus,NOUN,oa,4721,stellen
4715,in,in,ADP,mnr,4714,Petrus
4716,das,der,DET,nk,4717,Zimmer
4717,Zimmer,Zimmer,NOUN,nk,4715,in
4718,der,der,DET,nk,4720,Frau
4719,gnädigen,gnädig,ADJ,nk,4720,Frau
4720,Frau,Frau,NOUN,ag,4717,Zimmer
4721,stellen,stellen,VERB,ROOT,4721,stellen
4722,.,--,PUNCT,punct,4721,stellen
4723,»,--,PUNCT,ROOT,4723,»
4724,Wie,wie,ADV,mo,4725,kamen
4725,kamen,kommen,VERB,ROOT,4725,kamen
4726,die,der,DET,nk,4728,Zeugen
4727,beiden,beide,DET,nk,4728,Zeugen
4728,Zeugen,Zeuge,NOUN,sb,4725,kamen
4729,aus,aus,ADP,mnr,4728,Zeugen
4730,dem,der,DET,nk,4731,Rade
4731,Rade,Rade,NOUN,nk,4729,aus
4732,zum,zu,ADP,mo,4725,kamen
4733,Vorschein,Vorschein,NOUN,nk,4732,zum
4734,!,--,PUNCT,punct,4725,kamen
4735,Wie,wie,ADV,mo,4736,war
4736,war,sein,AUX,ROOT,4736,war
4737,dem,der,DET,nk,4738,Nußknacker
4738,Nußknacker,Nußknacker,NOUN,da,4736,war
4739,sein,sein,DET,nk,4741,Hochzeitstaat
4740,seidner,seidn,ADJ,nk,4741,Hochzeitstaat
4741,Hochzeitstaat,Hochzeitstaat,NOUN,sb,4742,zerplatzt
4742,zerplatzt,zerplatzen,VERB,ROOT,4742,zerplatzt
4743,!,--,PUNCT,punct,4742,zerplatzt
4744,Der,der,DET,nk,4745,Doktor
4745,Doktor,Doktor,NOUN,sb,4746,gestand
4746,gestand,gestehen,VERB,ROOT,4746,gestand
4747,",",--,PUNCT,punct,4746,gestand
4748,daß,daß,SCONJ,mo,4746,gestand
4749,er,er,PRON,sb,4748,daß
4750,nun,nun,ADV,mo,4748,daß
4751,erst,erst,ADV,mo,4750,nun
4752,wisse,wissen,VERB,ROOT,4752,wisse
4753,",",--,PUNCT,punct,4752,wisse
4754,warum,warum,SCONJ,mo,4761,sei
4755,den,der,DET,nk,4756,Wahnsinnigen
4756,Wahnsinnigen,Wahnsinnig,NOUN,sb,4761,sei
4757,die,der,DET,nk,4758,Drehmaschine
4758,Drehmaschine,Drehmaschine,NOUN,sb,4761,sei
4759,so,so,ADV,mo,4760,unbequem
4760,unbequem,unbequem,ADV,pd,4761,sei
4761,sei,sein,AUX,oc,4752,wisse
4762,",",--,PUNCT,punct,4761,sei
4763,er,er,PRON,sb,4764,wolle
4764,wolle,wollen,AUX,oc,4752,wisse
4765,sie,sie,PRON,oa,4764,wolle
4766,nie,nie,ADV,mo,4768,brauchen
4767,wieder,wieder,ADV,mo,4768,brauchen
4768,brauchen,brauchen,VERB,ROOT,4768,brauchen
4769,.,--,PUNCT,punct,4768,brauchen
4770,Die,der,DET,nk,4771,Hochzeit
4771,Hochzeit,Hochzeit,NOUN,ROOT,4771,Hochzeit
4772,der,der,DET,nk,4773,Frau
4773,Frau,Frau,NOUN,ag,4771,Hochzeit
4774,von,von,ADP,pg,4773,Frau
4775,Saverne,Saverne,PROPN,nk,4774,von
4776,",",--,PUNCT,punct,4771,Hochzeit
4777,die,der,DET,nk,4778,Fortschaffung
4778,Fortschaffung,Fortschaffung,NOUN,cj,4771,Hochzeit
4779,der,der,DET,nk,4781,Zwangzeugen
4780,beiden,beide,DET,nk,4781,Zwangzeugen
4781,Zwangzeugen,Zwangzeug,NOUN,ag,4778,Fortschaffung
4782,über,über,ADP,op,4786,erfolgte
4783,die,der,DET,nk,4785,Grenze
4784,päpstliche,päpstlich,ADJ,nk,4785,Grenze
4785,Grenze,Grenze,NOUN,nk,4782,über
4786,erfolgte,erfolgen,VERB,ROOT,4786,erfolgte
4787,",",--,PUNCT,punct,4786,erfolgte
4788,wie,wie,SCONJ,mo,4792,eingerichtet
4789,es,es,PRON,oa,4792,eingerichtet
4790,der,der,DET,nk,4791,Beichtvater
4791,Beichtvater,Beichtvater,NOUN,sb,4792,eingerichtet
4792,eingerichtet,einrichten,VERB,mo,4786,erfolgte
4793,und,und,CCONJ,cd,4792,eingerichtet
4794,angezeigt,anzeigen,VERB,oc,4795,hatte
4795,hatte,haben,AUX,ROOT,4795,hatte
4796,.,--,PUNCT,punct,4795,hatte
4797,«,--,PUNCT,punct,4798,Nun
4798,Nun,nun,ADV,mo,4801,sagte
4799,»,--,PUNCT,punct,4798,Nun
4800,",",--,PUNCT,punct,4801,sagte
4801,sagte,sagen,VERB,ROOT,4801,sagte
4802,er,er,PRON,sb,4801,sagte
4803,am,an,ADP,mo,4801,sagte
4804,andern,anderer,ADJ,nk,4805,Morgen
4805,Morgen,Morgen,NOUN,nk,4803,am
4806,zur,zu,ADP,mo,4801,sagte
4807,Schwägerin,Schwägerin,NOUN,nk,4806,zur
4808,",",--,PUNCT,punct,4801,sagte
4809,«,--,PUNCT,punct,4811,Polizei
4810,die,der,DET,nk,4811,Polizei
4811,Polizei,Polizei,NOUN,dep,4801,sagte
4812,eines,ein,DET,nk,4813,Beichtvaters
4813,Beichtvaters,Beichtvater,NOUN,sb,4814,ist
4814,ist,sein,AUX,ROOT,4814,ist
4815,doch,doch,ADV,mo,4814,ist
4816,wohl,wohl,ADV,mo,4814,ist
4817,noch,noch,ADV,mo,4818,erträglicher
4818,erträglicher,erträglich,ADV,pd,4814,ist
4819,als,als,ADP,cm,4821,Polizei
4820,die,der,DET,nk,4821,Polizei
4821,Polizei,Polizei,NOUN,cc,4818,erträglicher
4822,gewissenloser,gewissenlos,ADJ,nk,4823,Staatsbeamten
4823,Staatsbeamten,Staatsbeamt,NOUN,ROOT,4823,Staatsbeamten
4824,?,--,PUNCT,punct,4823,Staatsbeamten
4825,Unsre,Unsre,PROPN,nk,4826,Fasten
4826,Fasten,Fast,NOUN,sb,4827,sind
4827,sind,sein,AUX,ROOT,4827,sind
4828,doch,doch,ADV,mo,4827,sind
4829,noch,noch,ADV,mo,4830,erträglicher
4830,erträglicher,erträglich,ADV,pd,4827,sind
4831,als,als,ADP,cm,4832,die
4832,die,der,DET,cc,4830,erträglicher
4833,Mittelchen,Mittelche,NOUN,ROOT,4833,Mittelchen
4834,",",--,PUNCT,punct,4833,Mittelchen
4835,die,der,PRON,sb,4841,erfindet
4836,so,so,ADV,mo,4838,Doktor
4837,ein,ein,DET,nk,4838,Doktor
4838,Doktor,Doktor,NOUN,pd,4841,erfindet
4839,für,für,ADP,mnr,4838,Doktor
4840,andre,Andre,PROPN,nk,4839,für
4841,erfindet,erfinden,VERB,rc,4833,Mittelchen
4842,",",--,PUNCT,punct,4841,erfindet
4843,ohne,ohne,SCONJ,punct,4833,Mittelchen
4844,sie,sie,PRON,nk,4843,ohne
4845,je,je,ADV,mo,4846,an
4846,an,an,ADP,mnr,4844,sie
4847,sich,sich,PRON,nk,4846,an
4848,zu,zu,ADP,mo,4833,Mittelchen
4849,versuchen,versuchen,VERB,ROOT,4849,versuchen
4850,.,--,PUNCT,punct,4849,versuchen
4851,»,--,PUNCT,punct,4849,versuchen
4852,–,--,PUNCT,punct,4853,Möchten
4853,Möchten,Möchten,AUX,ROOT,4853,Möchten
4854,doch,doch,ADV,mo,4853,Möchten
4855,alle,aller,DET,nk,4856,Scharlatans
4856,Scharlatans,Scharlatan,NOUN,sb,4853,Möchten
4857,",",--,PUNCT,punct,4853,Möchten
4858,alle,aller,DET,nk,4859,Gesetzgeber
4859,Gesetzgeber,Gesetzgeber,NOUN,cj,4853,Möchten
4860,die,der,DET,nk,4861,Wirkung
4861,Wirkung,Wirkung,NOUN,oa,4853,Möchten
4862,ihrer,ihr,DET,dep,4853,Möchten
4863,dummen,dummen,VERB,ROOT,4863,dummen
4864,Einfälle,Einfall,NOUN,sb,4863,dummen
4865,so,so,ADV,mo,4870,versuchen
4866,an,an,ADP,op,4870,versuchen
4867,sich,sich,PRON,nk,4866,an
4868,erst,erst,ADV,mo,4869,einmal
4869,einmal,einmal,ADV,mo,4870,versuchen
4870,versuchen,versuchen,VERB,mo,4863,dummen
4871,",",--,PUNCT,punct,4870,versuchen
4872,wie,wie,SCONJ,mo,4874,Herren
4873,diese,dieser,DET,nk,4874,Herren
4874,Herren,Herr,NOUN,mo,4870,versuchen
4875,",",--,PUNCT,punct,4863,dummen
4876,ehe,ehe,SCONJ,mo,4863,dummen
4877,sie,sie,PRON,sb,4863,dummen
4878,damit,damit,ADV,cp,4885,führen
4879,alle,aller,DET,nk,4880,Welt
4880,Welt,Welt,NOUN,oa,4885,führen
4881,in,in,ADP,mo,4885,führen
4882,Versuchung,Versuchung,NOUN,nk,4881,in
4883,und,und,CCONJ,cd,4882,Versuchung
4884,Verzweiflung,Verzweiflung,NOUN,cj,4883,und
4885,führen,führen,VERB,ROOT,4885,führen
4886,!,--,PUNCT,punct,4885,führen
