Idx,Token,Lemma,PoS,Dependency,Dependency_head_idx,Dependency_head_text
0,Clemens,Clemen,PROPN,pnc,1,Brentano
1,Brentano,Brentano,PROPN,ROOT,1,Brentano
2,Die,der,DET,nk,4,Wehmüller
3,mehreren,mehrere,DET,nk,4,Wehmüller
4,Wehmüller,Wehmüller,NOUN,ROOT,4,Wehmüller
5,und,und,CCONJ,cd,4,Wehmüller
6,ungarischen,ungarisch,ADJ,nk,7,Nationalgesichter
7,Nationalgesichter,Nationalgesichter,NOUN,cj,5,und
8,Gegen,gegen,ADP,mo,19,hatte
9,Ende,Ende,NOUN,nk,8,Gegen
10,des,der,DET,nk,11,Sommers
11,Sommers,Sommer,NOUN,ag,9,Ende
12,",",--,PUNCT,punct,9,Ende
13,während,während,SCONJ,mo,8,Gegen
14,der,der,DET,nk,15,Pest
15,Pest,Pest,NOUN,nk,13,während
16,in,in,ADP,mnr,15,Pest
17,Kroatien,Kroatien,PROPN,nk,16,in
18,",",--,PUNCT,punct,19,hatte
19,hatte,haben,AUX,ROOT,19,hatte
20,Herr,Herr,NOUN,sb,19,hatte
21,Wehmüller,Wehmüller,NOUN,nk,20,Herr
22,",",--,PUNCT,punct,19,hatte
23,ein,ein,DET,dep,19,hatte
24,reisender,reisend,ADJ,nk,25,Maler
25,Maler,Maler,NOUN,sb,32,besucht
26,",",--,PUNCT,punct,32,besucht
27,von,von,ADP,mo,32,besucht
28,Wien,Wien,PROPN,nk,27,von
29,aus,aus,ADP,mo,32,besucht
30,einen,ein,DET,nk,31,Freund
31,Freund,Freund,NOUN,nk,29,aus
32,besucht,besuchen,VERB,re,34,der
33,",",--,PUNCT,punct,32,besucht
34,der,der,PRON,ROOT,34,der
35,in,in,ADP,mnr,34,der
36,dieser,dieser,DET,nk,35,in
37,östreichischen,östreichisch,ADJ,nk,38,Provinz
38,Provinz,Provinz,NOUN,ROOT,38,Provinz
39,als,als,ADP,mnr,38,Provinz
40,Erzieher,Erzieher,NOUN,nk,39,als
41,auf,auf,ADP,mnr,40,Erzieher
42,dem,der,DET,nk,43,Schlosse
43,Schlosse,Schloß,NOUN,nk,41,auf
44,eines,ein,DET,nk,46,Giulowitsch
45,Grafen,Graf,NOUN,nk,46,Giulowitsch
46,Giulowitsch,Giulowitsch,NOUN,ag,43,Schlosse
47,lebte,leben,VERB,ROOT,47,lebte
48,.,--,PUNCT,punct,47,lebte
49,Die,der,DET,nk,50,Zeit
50,Zeit,Zeit,NOUN,sb,61,war
51,",",--,PUNCT,punct,50,Zeit
52,welche,welcher,PRON,sb,59,erlaubten
53,ihm,ihm,PRON,da,59,erlaubten
54,seine,sein,DET,nk,55,Geschäfte
55,Geschäfte,Geschäft,NOUN,oa,59,erlaubten
56,zu,zu,ADP,mo,59,erlaubten
57,dem,der,DET,nk,58,Besuche
58,Besuche,Besuch,NOUN,nk,56,zu
59,erlaubten,erlauben,VERB,rc,50,Zeit
60,",",--,PUNCT,punct,61,war
61,war,sein,AUX,ROOT,61,war
62,vorüber,vorüber,ADV,ROOT,62,vorüber
63,.,--,PUNCT,punct,62,vorüber
64,Er,er,PRON,sb,65,hatte
65,hatte,haben,AUX,ROOT,65,hatte
66,von,von,ADP,dep,65,hatte
67,seiner,sein,DET,nk,69,Frau
68,jungen,jung,ADJ,nk,69,Frau
69,Frau,Frau,NOUN,nk,66,von
70,",",--,PUNCT,punct,69,Frau
71,welche,welcher,PRON,sb,73,nach
72,ihm,ihm,PRON,da,73,nach
73,nach,nach,ADP,rc,69,Frau
74,Siebenbürgen,Siebenbürg,PROPN,nk,73,nach
75,vorausgereist,vorausgereisen,VERB,oc,76,war
76,war,sein,AUX,ROOT,76,war
77,",",--,PUNCT,punct,76,war
78,einen,ein,DET,nk,79,Brief
79,Brief,Brief,NOUN,oa,82,erhalten
80,aus,aus,ADP,mnr,79,Brief
81,Stuhlweißenburg,Stuhlweißenburg,PROPN,nk,80,aus
82,erhalten,erhalten,VERB,sb,76,war
83,",",--,PUNCT,punct,82,erhalten
84,daß,daß,SCONJ,cd,76,war
85,er,er,PRON,sb,84,daß
86,sie,sie,PRON,oa,87,nicht
87,nicht,nicht,PART,ng,84,daß
88,mehr,mehr,ADV,mo,89,länger
89,länger,lang,ADV,mo,91,lassen
90,allein,allein,ADV,mo,91,lassen
91,lassen,lassen,VERB,oc,92,möge
92,möge,mögen,AUX,ROOT,92,möge
93,;,--,PUNCT,punct,92,möge
94,es,es,PRON,sb,95,erwarte
95,erwarte,erwarten,VERB,ROOT,95,erwarte
96,ihn,ihn,PRON,oa,95,erwarte
97,das,der,DET,nk,98,Offizierkorps
98,Offizierkorps,Offizierkorps,NOUN,oa,95,erwarte
99,des,der,DET,nk,100,dort
100,dort,dort,ADV,mo,95,erwarte
101,liegenden,liegend,ADJ,nk,106,Husarenregiments
102,hochlöblichen,hochlöblich,ADJ,nk,106,Husarenregiments
103,ungarischen,ungarisch,ADJ,nk,106,Husarenregiments
104,Grenadier-,Grenadier,X,cj,105,und
105,und,und,CCONJ,cd,106,Husarenregiments
106,Husarenregiments,Husarenregiment,NOUN,ROOT,106,Husarenregiments
107,sehnsüchtig,sehnsüchtig,ADV,ROOT,107,sehnsüchtig
108,",",--,PUNCT,punct,107,sehnsüchtig
109,um,um,SCONJ,cp,114,gemalt
110,",",--,PUNCT,punct,114,gemalt
111,von,von,ADP,sbp,114,gemalt
112,seiner,sein,DET,nk,113,Meisterhand
113,Meisterhand,Meisterhand,NOUN,nk,111,von
114,gemalt,malen,VERB,mo,107,sehnsüchtig
115,",",--,PUNCT,punct,114,gemalt
116,sich,sich,PRON,oa,117,in
117,in,in,ADP,dep,114,gemalt
118,dem,der,DET,nk,119,Andenken
119,Andenken,Andenken,NOUN,nk,117,in
120,mannigfaltiger,mannigfaltig,ADJ,nk,122,Freundinnen
121,schöner,schön,ADJ,nk,122,Freundinnen
122,Freundinnen,Freundin,NOUN,da,124,erhalten
123,zu,zu,PART,pm,124,erhalten
124,erhalten,erhalten,VERB,ROOT,124,erhalten
125,",",--,PUNCT,punct,124,erhalten
126,da,da,SCONJ,cp,129,Garnisonswechsel
127,ein,ein,DET,nk,129,Garnisonswechsel
128,naher,nah,ADJ,nk,129,Garnisonswechsel
129,Garnisonswechsel,Garnisonswechsel,NOUN,mo,124,erhalten
130,manches,mancher,DET,sb,131,engverknüpfte
131,engverknüpfte,engverknüpfen,ADJ,sb,137,drohte
132,Liebes-,Lieb,X,cj,133,und
133,und,und,CCONJ,cd,134,Freundschaftsband
134,Freundschaftsband,Freundschaftsband,NOUN,oa,136,zerreißen
135,zu,zu,PART,pm,136,zerreißen
136,zerreißen,zerreißen,VERB,oc,137,drohte
137,drohte,drohen,VERB,ROOT,137,drohte
138,.,--,PUNCT,punct,137,drohte
139,Dieser,dieser,PRON,ROOT,139,Dieser
140,Brief,Brief,NOUN,sb,141,brachte
141,brachte,bringen,VERB,ROOT,141,brachte
142,den,der,DET,nk,143,Herrn
143,Herrn,Herr,NOUN,oa,141,brachte
144,Wehmüller,Wehmüller,NOUN,nk,143,Herrn
145,in,in,ADP,mo,141,brachte
146,große,groß,ADJ,nk,147,Unruhe
147,Unruhe,Unruhe,NOUN,nk,145,in
148,",",--,PUNCT,punct,141,brachte
149,denn,denn,CCONJ,cd,141,brachte
150,er,er,PRON,sb,151,war
151,war,sein,AUX,cj,149,denn
152,viermal,viermal,ADV,mo,154,lange
153,so,so,ADV,mo,154,lange
154,lange,lange,ADV,mo,151,war
155,unterwegs,unterwegs,ADV,mo,156,geblieben
156,geblieben,bleiben,VERB,ROOT,156,geblieben
157,als,als,ADP,cm,164,zerstochen
158,gewöhnlich,gewöhnlich,ADV,mo,164,zerstochen
159,und,und,CCONJ,cd,158,gewöhnlich
160,dermaßen,dermaßen,ADV,mo,161,durch
161,durch,durch,ADP,cj,159,und
162,die,der,DET,nk,163,Quarantäne
163,Quarantäne,Quarantäne,NOUN,nk,161,durch
164,zerstochen,zerstochen,VERB,dep,156,geblieben
165,und,und,CCONJ,ROOT,165,und
166,durchräuchert,durchräucheren,VERB,oc,167,worden
167,worden,werden,AUX,cj,165,und
168,",",--,PUNCT,punct,167,worden
169,daß,daß,SCONJ,cp,176,Hand
170,er,er,PRON,sb,176,Hand
171,die,der,DET,nk,176,Hand
172,ohnedies,ohnedies,ADV,mo,175,leserliche
173,nicht,nicht,PART,ng,175,leserliche
174,allzu,allzu,PART,mo,175,leserliche
175,leserliche,leserlich,ADJ,nk,176,Hand
176,Hand,Hand,NOUN,sb,167,worden
177,seiner,sein,DET,nk,179,Frau
178,guten,gut,ADJ,nk,179,Frau
179,Frau,Frau,NOUN,ROOT,179,Frau
180,",",--,PUNCT,punct,179,Frau
181,die,der,PRON,sb,187,hatte
182,mit,mit,ADP,mo,186,geschrieben
183,oft,oft,ADV,mo,184,gewässerter
184,gewässerter,gewässert,ADJ,nk,185,Dinte
185,Dinte,Dinte,NOUN,nk,182,mit
186,geschrieben,schreiben,VERB,oc,187,hatte
187,hatte,haben,AUX,rc,179,Frau
188,",",--,PUNCT,punct,179,Frau
189,nur,nur,ADV,mo,190,mit
190,mit,mit,ADP,mo,179,Frau
191,Mühe,Mühe,NOUN,oa,192,lesen
192,lesen,lesen,VERB,oc,193,konnte
193,konnte,können,AUX,ROOT,193,konnte
194,.,--,PUNCT,punct,193,konnte
195,Er,er,PRON,sb,196,eilte
196,eilte,eilen,VERB,ROOT,196,eilte
197,in,in,ADP,mo,196,eilte
198,die,der,DET,nk,199,Stube
199,Stube,Stube,NOUN,nk,197,in
200,seines,sein,DET,nk,201,Freundes
201,Freundes,Freund,NOUN,ag,199,Stube
202,Lury,Lury,PROPN,nk,201,Freundes
203,und,und,CCONJ,cd,196,eilte
204,sagte,sagen,VERB,cj,203,und
205,zu,zu,ADP,mo,204,sagte
206,ihm,ihm,PRON,nk,205,zu
207,:,--,PUNCT,punct,204,sagte
208,»,--,PUNCT,punct,210,muß
209,Ich,ich,PRON,sb,210,muß
210,muß,müssen,AUX,ROOT,210,muß
211,gleich,gleich,ADV,mo,212,auf
212,auf,auf,ADP,mo,210,muß
213,der,der,DET,nk,214,Stelle
214,Stelle,Stelle,NOUN,nk,212,auf
215,fort,fort,ADV,svp,210,muß
216,nach,nach,ADP,mo,210,muß
217,Stuhlweißenburg,Stuhlweißenburg,PROPN,nk,216,nach
218,",",--,PUNCT,punct,210,muß
219,denn,denn,CCONJ,cd,210,muß
220,die,der,DET,ROOT,220,die
221,hochlöblichen,hochlöblich,ADJ,nk,224,Husarenregimenter
222,Grenadier-,Grenadier,X,cj,223,und
223,und,und,CCONJ,cd,224,Husarenregimenter
224,Husarenregimenter,Husarenregimenter,NOUN,sb,225,sind
225,sind,sein,AUX,ROOT,225,sind
226,im,in,ADP,mo,225,sind
227,Begriff,Begriff,NOUN,nk,226,im
228,",",--,PUNCT,punct,225,sind
229,von,von,ADP,dep,225,sind
230,dort,dort,ADV,nk,229,von
231,abzuziehen,abziehen,VERB,mo,233,lesen
232,;,--,PUNCT,punct,233,lesen
233,lesen,lesen,VERB,ROOT,233,lesen
234,Sie,sie,PRON,sb,233,lesen
235,",",--,PUNCT,punct,233,lesen
236,der,der,DET,nk,237,Brief
237,Brief,Brief,NOUN,sb,238,ist
238,ist,sein,AUX,cj,233,lesen
239,an,an,ADP,mo,238,ist
240,fünf,fünf,NUM,nk,241,Wochen
241,Wochen,Woche,NOUN,nk,239,an
242,alt,alt,ADV,pd,238,ist
243,.,--,PUNCT,punct,233,lesen
244,«,--,PUNCT,punct,233,lesen
245,Der,der,DET,nk,246,Freund
246,Freund,Freund,NOUN,sb,247,verstand
247,verstand,verstehen,VERB,ROOT,247,verstand
248,ihn,ihn,PRON,ROOT,248,ihn
249,nicht,nicht,PART,ng,251,nahm
250,",",--,PUNCT,punct,251,nahm
251,nahm,nehmen,VERB,ROOT,251,nahm
252,aber,aber,ADV,mo,251,nahm
253,den,der,DET,nk,254,Brief
254,Brief,Brief,NOUN,oa,251,nahm
255,und,und,CCONJ,cd,251,nahm
256,las,lesen,VERB,cj,255,und
257,.,--,PUNCT,punct,251,nahm
258,Wehmüller,Wehmüller,NOUN,sb,259,lief
259,lief,laufen,VERB,ROOT,259,lief
260,sogleich,sogleich,ADV,mo,259,lief
261,zur,zu,ADP,mo,259,lief
262,Stube,Stube,NOUN,nk,261,zur
263,hinaus,hinaus,ADV,mo,274,sehen
264,und,und,CCONJ,cd,263,hinaus
265,die,der,DET,nk,266,Treppe
266,Treppe,Treppe,NOUN,cj,264,und
267,hinab,hinab,ADV,mo,268,in
268,in,in,ADP,mnr,266,Treppe
269,die,der,DET,nk,270,Hauskapelle
270,Hauskapelle,Hauskapell,NOUN,nk,268,in
271,",",--,PUNCT,punct,274,sehen
272,um,um,SCONJ,cp,274,sehen
273,zu,zu,PART,pm,274,sehen
274,sehen,sehen,VERB,ROOT,274,sehen
275,",",--,PUNCT,punct,274,sehen
276,ob,ob,SCONJ,cp,277,er
277,er,er,PRON,sb,274,sehen
278,die,der,DET,dep,274,sehen
279,39,39,NUM,nk,280,Nationalgesichter
280,Nationalgesichter,Nationalgesichter,NOUN,ROOT,280,Nationalgesichter
281,",",--,PUNCT,punct,280,Nationalgesichter
282,welche,welcher,PRON,oa,286,gemalt
283,er,er,PRON,sb,286,gemalt
284,in,in,ADP,mo,286,gemalt
285,Öl,Öl,NOUN,nk,284,in
286,gemalt,malen,VERB,rc,280,Nationalgesichter
287,und,und,CCONJ,cd,286,gemalt
288,dort,dort,ADV,mo,291,aufgehängt
289,zum,zu,ADP,mo,291,aufgehängt
290,Trocknen,trocknen,NOUN,nk,289,zum
291,aufgehängt,aufhängen,VERB,cj,287,und
292,hatte,haben,AUX,ROOT,292,hatte
293,",",--,PUNCT,punct,292,hatte
294,schon,schon,ADV,mo,295,ohne
295,ohne,ohne,ADP,mo,300,zusammenrollen
296,große,groß,ADJ,nk,297,Gefahr
297,Gefahr,Gefahr,NOUN,nk,295,ohne
298,des,der,DET,nk,299,Verwischens
299,Verwischens,Verwischen,NOUN,ag,297,Gefahr
300,zusammenrollen,zusammenrollen,VERB,oc,301,könne
301,könne,können,AUX,oc,292,hatte
302,.,--,PUNCT,punct,292,hatte
303,Ihre,ihr,DET,ROOT,303,Ihre
304,Trockenheit,Trockenheit,NOUN,sb,305,übertraf
305,übertraf,übertreffen,VERB,ROOT,305,übertraf
306,alle,aller,DET,nk,308,Erwartung
307,seine,sein,DET,nk,308,Erwartung
308,Erwartung,Erwartung,NOUN,oa,305,übertraf
309,",",--,PUNCT,punct,305,übertraf
310,denn,denn,CCONJ,cd,305,übertraf
311,er,er,PRON,sb,312,malte
312,malte,malen,VERB,cj,310,denn
313,mit,mit,ADP,mo,312,malte
314,Terpentinfirnis,Terpentinfirnis,NOUN,nk,313,mit
315,",",--,PUNCT,punct,312,malte
316,welcher,welcher,ADV,sb,318,wird
317,trocken,trocken,ADV,oc,318,wird
318,wird,werden,AUX,ROOT,318,wird
319,",",--,PUNCT,punct,318,wird
320,ehe,ehe,SCONJ,cp,323,umsieht
321,man,man,PRON,sb,323,umsieht
322,sich,sich,PRON,da,323,umsieht
323,umsieht,umsiehen,VERB,mo,317,trocken
324,.,--,PUNCT,punct,318,wird
325,Was,was,PRON,ROOT,325,Was
326,übrigens,übrigens,ADV,mo,325,Was
327,diese,dieser,PRON,pd,325,Was
328,39,39,NUM,nk,329,Nationalgesichter
329,Nationalgesichter,Nationalgesichter,NOUN,sb,330,betrifft
330,betrifft,betreffen,VERB,mo,332,hatte
331,",",--,PUNCT,punct,332,hatte
332,hatte,haben,AUX,ROOT,332,hatte
333,es,es,PRON,ep,332,hatte
334,mit,mit,ADP,mo,332,hatte
335,ihnen,ihnen,PRON,nk,334,mit
336,folgende,folgend,ADJ,nk,337,Bewandtnis
337,Bewandtnis,Bewandtnis,NOUN,oa,332,hatte
338,:,--,PUNCT,punct,332,hatte
339,Sie,sie,PRON,ROOT,339,Sie
340,waren,sein,AUX,ROOT,340,waren
341,nichts,nichts,PRON,sb,340,waren
342,mehr,mehr,ADV,mo,341,nichts
343,und,und,CCONJ,cd,341,nichts
344,nichts,nichts,PRON,nk,348,Porträts
345,weniger,weniger,DET,mo,344,nichts
346,als,als,ADP,cm,347,39
347,39,39,NUM,cc,345,weniger
348,Porträts,Porträts,NOUN,cj,343,und
349,von,von,ADP,pg,348,Porträts
350,Ungaren,Ungar,NOUN,nk,349,von
351,",",--,PUNCT,punct,350,Ungaren
352,welche,welcher,DET,nk,353,Herr
353,Herr,Herr,NOUN,pd,340,waren
354,Wehmüller,Wehmüller,NOUN,sb,356,hatte
355,gemalt,malen,VERB,oc,356,hatte
356,hatte,haben,AUX,ROOT,356,hatte
357,",",--,PUNCT,punct,356,hatte
358,ehe,ehe,SCONJ,cp,361,gesehen
359,er,er,PRON,sb,361,gesehen
360,sie,sie,PRON,oa,361,gesehen
361,gesehen,sehen,VERB,mo,355,gemalt
362,.,--,PUNCT,punct,356,hatte
363,Er,er,PRON,sb,364,pflegte
364,pflegte,pflegen,VERB,ROOT,364,pflegte
365,solcher,solcher,PRON,oa,364,pflegte
366,Nationalgesichter,Nationalgesichter,NOUN,ROOT,366,Nationalgesichter
367,immer,immer,ADV,mo,370,Hundert
368,ein,ein,DET,nk,370,Hundert
369,halb,halb,ADV,mo,370,Hundert
370,Hundert,Hundert,NUM,oa,375,führen
371,fertig,fertig,ADV,mo,375,führen
372,bei,bei,ADP,mo,375,führen
373,sich,sich,PRON,nk,372,bei
374,zu,zu,PART,pm,375,führen
375,führen,führen,VERB,oc,366,Nationalgesichter
376,.,--,PUNCT,punct,366,Nationalgesichter
377,Kam,Kam,VERB,ROOT,377,Kam
378,er,er,PRON,sb,377,Kam
379,in,in,ADP,mo,377,Kam
380,einer,ein,DET,nk,381,Stadt
381,Stadt,Stadt,NOUN,ROOT,381,Stadt
382,an,an,ADP,punct,393,pflegte
383,",",--,PUNCT,punct,382,an
384,wo,wo,SCONJ,mo,390,erwartete
385,er,er,PRON,sb,390,erwartete
386,Gewinn,Gewinn,NOUN,oa,390,erwartete
387,durch,durch,ADP,mo,390,erwartete
388,seine,sein,DET,nk,389,Kunst
389,Kunst,Kunst,NOUN,nk,387,durch
390,erwartete,erwarten,VERB,re,392,so
391,",",--,PUNCT,punct,392,so
392,so,so,ADV,mo,393,pflegte
393,pflegte,pflegen,VERB,ROOT,393,pflegte
394,er,er,PRON,sb,393,pflegte
395,öffentlich,öffentlich,ADV,mo,396,ausschellen
396,ausschellen,ausschell,NOUN,oc,400,lassen
397,oder,oder,CCONJ,cd,396,ausschellen
398,austrommeln,austrommeln,VERB,cj,397,oder
399,zu,zu,PART,pm,400,lassen
400,lassen,lassen,VERB,ROOT,400,lassen
401,:,--,PUNCT,punct,400,lassen
402,der,der,DET,nk,404,Künstler
403,bekannte,bekannt,ADJ,nk,404,Künstler
404,Künstler,Künstler,NOUN,app,400,lassen
405,",",--,PUNCT,punct,404,Künstler
406,Herr,Herr,NOUN,app,404,Künstler
407,Wehmüller,Wehmüller,NOUN,sb,409,sei
408,",",--,PUNCT,punct,409,sei
409,sei,sein,AUX,ROOT,409,sei
410,mit,mit,ADP,mo,414,wohlgetroffener
411,einem,ein,DET,nk,413,Lager
412,reichassortierten,reichassortiert,ADJ,nk,413,Lager
413,Lager,Lager,NOUN,nk,410,mit
414,wohlgetroffener,wohlgetroffen,ADV,pd,409,sei
415,Nationalgesichter,Nationalgesichter,NOUN,pd,416,angelangt
416,angelangt,angelangt,VERB,ROOT,416,angelangt
417,und,und,CCONJ,cd,416,angelangt
418,lade,laden,VERB,cj,417,und
419,diejenigen,derjenige,PRON,sb,418,lade
420,unter,unter,ADP,mo,418,lade
421,einem,ein,DET,nk,423,Publikum
422,hochedlen,hochedl,ADJ,nk,423,Publikum
423,Publikum,Publikum,NOUN,nk,420,unter
424,",",--,PUNCT,punct,418,lade
425,welche,welcher,PRON,sb,428,wünschten
426,ihr,ihr,DET,nk,427,Porträt
427,Porträt,Porträt,NOUN,oa,428,wünschten
428,wünschten,wünschen,VERB,ROOT,428,wünschten
429,",",--,PUNCT,punct,428,wünschten
430,untertänigst,untertänigst,ADV,mo,428,wünschten
431,ein,ein,ADV,svp,428,wünschten
432,",",--,PUNCT,punct,428,wünschten
433,sich,sich,PRON,oa,437,vor
434,dasselbe,dasselbe,PRON,nk,437,vor
435,",",--,PUNCT,punct,434,dasselbe
436,Stück,Stück,NOUN,cj,434,dasselbe
437,vor,vor,ADP,mo,428,wünschten
438,Stück,Stück,NOUN,nk,437,vor
439,zu,zu,ADP,mo,446,auszusuchen
440,einem,ein,DET,nk,441,Dukaten
441,Dukaten,Dukat,NOUN,nk,439,zu
442,in,in,ADP,mnr,441,Dukaten
443,Gold,Gold,NOUN,nk,442,in
444,",",--,PUNCT,punct,446,auszusuchen
445,selbst,selbst,ADV,mo,446,auszusuchen
446,auszusuchen,auszusuchen,VERB,ROOT,446,auszusuchen
447,.,--,PUNCT,punct,446,auszusuchen
448,Er,er,PRON,sb,449,fügte
449,fügte,fügen,VERB,ROOT,449,fügte
450,sodann,Sodann,PROPN,oa,449,fügte
451,noch,noch,ADV,mo,449,fügte
452,",",--,PUNCT,punct,449,fügte
453,durch,durch,ADP,mo,449,fügte
454,wenige,weniger,DET,nk,455,Meisterstriche
455,Meisterstriche,Meisterstrich,NOUN,ROOT,455,Meisterstriche
456,",",--,PUNCT,punct,455,Meisterstriche
457,einige,einiger,DET,nk,459,Züge
458,persönliche,persönlich,ADJ,nk,459,Züge
459,Züge,Zug,NOUN,cj,455,Meisterstriche
460,und,und,CCONJ,cd,459,Züge
461,Ehrennarben,Ehrennarb,NOUN,cj,460,und
462,oder,oder,CCONJ,cd,459,Züge
463,die,der,DET,cj,462,oder
464,Individualität,Individualität,NOUN,ROOT,464,Individualität
465,des,der,DET,nk,466,Schnurrbartes
466,Schnurrbartes,Schnurrbart,NOUN,ag,464,Individualität
467,des,der,DET,nk,468,Käufers
468,Käufers,Käufer,NOUN,ag,466,Schnurrbartes
469,unentgeltlich,unentgeltlich,ADV,mo,464,Individualität
470,bei,bei,ADP,svp,464,Individualität
471,;,--,PUNCT,punct,464,Individualität
472,für,für,ADP,ROOT,472,für
473,die,der,DET,nk,474,Uniform
474,Uniform,Uniform,NOUN,nk,472,für
475,aber,aber,ADV,ju,483,mußte
476,",",--,PUNCT,punct,475,aber
477,welche,welcher,PRON,oa,480,ausgelassen
478,er,er,PRON,sb,481,hatte
479,immer,immer,ADV,mo,480,ausgelassen
480,ausgelassen,auslassen,VERB,oc,481,hatte
481,hatte,haben,AUX,re,475,aber
482,",",--,PUNCT,punct,483,mußte
483,mußte,müssen,AUX,ROOT,483,mußte
484,nach,nach,ADP,mo,483,mußte
485,Maßgabe,Maßgabe,NOUN,nk,484,nach
486,ihres,ihr,DET,nk,487,Reichtums
487,Reichtums,Reichtum,NOUN,ag,485,Maßgabe
488,nachgezahlt,nachzahlen,VERB,oc,489,werden
489,werden,werden,AUX,ROOT,489,werden
490,.,--,PUNCT,punct,489,werden
491,Er,er,PRON,sb,492,hatte
492,hatte,haben,AUX,ROOT,492,hatte
493,diese,dieser,DET,nk,494,Verfahrungsart
494,Verfahrungsart,Verfahrungsart,NOUN,oa,492,hatte
495,auf,auf,ADP,mnr,494,Verfahrungsart
496,seinen,sein,DET,nk,497,Kunstreisen
497,Kunstreisen,Kunstreise,NOUN,nk,495,auf
498,als,als,ADP,mo,492,hatte
499,die,der,DET,nk,500,befriedigendste
500,befriedigendste,befriedigendste,NOUN,ROOT,500,befriedigendste
501,für,für,ADP,mnr,500,befriedigendste
502,sich,sich,PRON,nk,501,für
503,und,und,CCONJ,cd,501,für
504,die,der,DET,nk,505,Käufer
505,Käufer,Käufer,NOUN,cj,503,und
506,gefunden,finden,VERB,oc,500,befriedigendste
507,.,--,PUNCT,punct,500,befriedigendste
508,Er,er,PRON,sb,509,malte
509,malte,malen,VERB,ROOT,509,malte
510,die,der,DET,nk,511,Leute
511,Leute,Leute,NOUN,oa,509,malte
512,nach,nach,ADP,svp,509,malte
513,Belieben,Belieben,NOUN,ROOT,513,Belieben
514,im,in,ADP,mnr,513,Belieben
515,Winter,Winter,NOUN,nk,514,im
516,mit,mit,ADP,mnr,513,Belieben
517,aller,aller,DET,nk,518,Bequemlichkeit
518,Bequemlichkeit,Bequemlichkeit,NOUN,nk,516,mit
519,zu,zu,ADP,mo,513,Belieben
520,Haus,Haus,NOUN,nk,519,zu
521,und,und,CCONJ,cd,513,Belieben
522,brachte,bringen,VERB,cj,521,und
523,sie,sie,PRON,oa,522,brachte
524,in,in,ADP,mo,522,brachte
525,der,der,DET,nk,524,in
526,schönen,schön,ADJ,nk,527,Jahreszeit
527,Jahreszeit,Jahreszeit,NOUN,ROOT,527,Jahreszeit
528,zu,zu,ADP,mnr,527,Jahreszeit
529,Markte,Markt,NOUN,nk,528,zu
530,.,--,PUNCT,punct,527,Jahreszeit
531,So,so,ADV,mo,532,genoß
532,genoß,genoß,VERB,ROOT,532,genoß
533,er,er,PRON,sb,532,genoß
534,des,der,DET,nk,536,Trostes
535,großen,groß,ADJ,nk,536,Trostes
536,Trostes,Trost,NOUN,da,532,genoß
537,",",--,PUNCT,punct,532,genoß
538,daß,daß,SCONJ,cp,539,keiner
539,keiner,keiner,PRON,dep,532,genoß
540,über,über,ADP,mnr,539,keiner
541,Unähnlichkeit,Unähnlichkeit,NOUN,oa,545,klagen
542,oder,oder,CCONJ,cd,541,Unähnlichkeit
543,langes,lang,ADJ,nk,544,Sitzen
544,Sitzen,sitzen,NOUN,cj,542,oder
545,klagen,klagen,VERB,oc,546,konnte
546,konnte,können,AUX,ROOT,546,konnte
547,",",--,PUNCT,punct,546,konnte
548,weil,weil,SCONJ,cp,552,Bildnis
549,sich,sich,PRON,punct,552,Bildnis
550,jeder,jeder,PRON,pd,549,sich
551,sein,sein,DET,nk,552,Bildnis
552,Bildnis,Bildnis,NOUN,ROOT,552,Bildnis
553,fertig,fertig,ADV,mo,554,nach
554,nach,nach,ADP,ROOT,554,nach
555,bestimmtem,bestimmt,ADJ,nk,556,Preise
556,Preise,Preis,NOUN,nk,554,nach
557,",",--,PUNCT,punct,556,Preise
558,wie,wie,ADP,cm,560,Weck
559,einen,ein,DET,nk,560,Weck
560,Weck,Weck,NOUN,cc,556,Preise
561,auf,auf,ADP,mnr,560,Weck
562,dem,der,DET,nk,563,Laden
563,Laden,Laden,NOUN,nk,561,auf
564,",",--,PUNCT,punct,554,nach
565,selbst,selbst,ADV,mo,566,aussuchte
566,aussuchte,aussuchen,VERB,cj,554,nach
567,.,--,PUNCT,punct,554,nach
568,Wehmüller,Wehmüller,NOUN,sb,569,hatte
569,hatte,haben,AUX,ROOT,569,hatte
570,seine,sein,DET,nk,571,Gattin
571,Gattin,Gattin,NOUN,oa,572,vorausgeschickt
572,vorausgeschickt,vorausgeschicken,VERB,oc,569,hatte
573,",",--,PUNCT,punct,572,vorausgeschickt
574,um,um,SCONJ,dep,569,hatte
575,seine,sein,DET,nk,576,Ankunft
576,Ankunft,Ankunft,NOUN,nk,574,um
577,in,in,ADP,mnr,576,Ankunft
578,Stuhlweißenburg,Stuhlweißenburg,NOUN,oa,579,vorzubereiten
579,vorzubereiten,vorbereiten,VERB,ROOT,579,vorzubereiten
580,",",--,PUNCT,punct,579,vorzubereiten
581,während,während,SCONJ,cp,584,Vorrat
582,er,er,PRON,sb,584,Vorrat
583,seinen,sein,DET,nk,584,Vorrat
584,Vorrat,Vorrat,NOUN,ROOT,584,Vorrat
585,von,von,ADP,pg,584,Vorrat
586,Porträts,Porträt,NOUN,nk,585,von
587,bei,bei,ADP,mnr,584,Vorrat
588,seinem,sein,DET,nk,587,bei
589,Freunde,Freund,NOUN,sb,595,brachte
590,Lury,Lury,NOUN,nk,589,Freunde
591,zu,zu,ADP,mo,595,brachte
592,der,der,DET,nk,594,Menge
593,gehörigen,gehörig,ADJ,nk,594,Menge
594,Menge,Menge,NOUN,nk,591,zu
595,brachte,bringen,VERB,ROOT,595,brachte
596,;,--,PUNCT,punct,595,brachte
597,er,er,PRON,sb,598,mußte
598,mußte,müssen,AUX,ROOT,598,mußte
599,diesmal,diesmal,ADV,mo,598,mußte
600,in,in,ADP,mo,598,mußte
601,vollem,voll,ADJ,nk,602,Glanze
602,Glanze,Glanze,NOUN,nk,600,in
603,auftreten,auftreten,VERB,ROOT,603,auftreten
604,",",--,PUNCT,punct,603,auftreten
605,weil,weil,SCONJ,cp,610,gelesen
606,er,er,PRON,sb,610,gelesen
607,in,in,ADP,mo,610,gelesen
608,einer,ein,DET,nk,609,Zeitung
609,Zeitung,Zeitung,NOUN,nk,607,in
610,gelesen,lesen,VERB,mo,603,auftreten
611,.,--,PUNCT,punct,603,auftreten
612,ein,ein,DET,nk,613,Maler
613,Maler,Maler,NOUN,ROOT,613,Maler
614,Froschauer,Froschauer,PROPN,nk,613,Maler
615,aus,aus,ADP,mnr,613,Maler
616,Klagenfurt,Klagenfurt,PROPN,sb,617,habe
617,habe,haben,AUX,ROOT,617,habe
618,dieselbe,derselbe,DET,nk,619,Kunstreise
619,Kunstreise,Kunstreise,NOUN,oa,617,habe
620,vor,vor,ADP,svp,617,habe
621,.,--,PUNCT,punct,617,habe
622,Dieser,dieser,PRON,sb,624,war
623,aber,aber,ADV,mo,624,war
624,war,sein,AUX,ROOT,624,war
625,bisher,bisher,ADV,mo,624,war
626,sein,sein,DET,nk,627,Antagonist
627,Antagonist,Antagonist,NOUN,pd,624,war
628,und,und,CCONJ,ROOT,628,und
629,Nebenbuhler,Nebenbuhler,NOUN,pd,630,gewesen
630,gewesen,sein,AUX,cj,628,und
631,",",--,PUNCT,punct,630,gewesen
632,wenn,wenn,SCONJ,cp,637,kannten
633,sie,sie,PRON,sb,637,kannten
634,sich,sich,PRON,oa,637,kannten
635,gleich,gleich,ADV,mo,636,nicht
636,nicht,nicht,PART,ng,637,kannten
637,kannten,kennen,VERB,mo,630,gewesen
638,",",--,PUNCT,punct,639,denn
639,denn,denn,CCONJ,ROOT,639,denn
640,Froschauer,Froschauer,PROPN,sb,639,denn
641,war,sein,AUX,ROOT,641,war
642,von,von,ADP,mo,641,war
643,der,der,DET,nk,645,Schule
644,entgegengesetzten,entgegengesetzt,ADJ,nk,645,Schule
645,Schule,Schule,NOUN,nk,642,von
646,;,--,PUNCT,punct,641,war
647,er,er,PRON,sb,648,hatte
648,hatte,haben,AUX,ROOT,648,hatte
649,nämlich,nämlich,ADV,mo,648,hatte
650,immer,immer,ADV,mo,652,Uniformen
651,alle,aller,DET,nk,652,Uniformen
652,Uniformen,Uniform,NOUN,oa,648,hatte
653,voraus,voraus,ADV,mo,654,fertig
654,fertig,fertig,ADV,ROOT,654,fertig
655,und,und,CCONJ,ROOT,655,und
656,ließ,lassen,VERB,cj,655,und
657,sich,sich,PRON,oa,662,bezahlen
658,für,für,ADP,mo,662,bezahlen
659,die,der,DET,nk,660,Gesichter
660,Gesichter,Gesicht,NOUN,nk,658,für
661,extra,extra,ADV,mo,662,bezahlen
662,bezahlen,bezahlen,VERB,oc,656,ließ
663,.,--,PUNCT,punct,655,und
664,Schon,schon,ADV,mo,670,zusammengerollt
665,hatte,haben,AUX,ROOT,665,hatte
666,Wehmüller,Wehmüller,NOUN,sb,665,hatte
667,die,der,DET,nk,669,Nationalgesichter
668,39,39,NUM,nk,669,Nationalgesichter
669,Nationalgesichter,Nationalgesichter,NOUN,oa,670,zusammengerollt
670,zusammengerollt,zusammengerollen,VERB,oc,665,hatte
671,in,in,ADP,mo,670,zusammengerollt
672,eine,ein,DET,nk,673,große
673,große,groß,ADJ,nk,671,in
674,",",--,PUNCT,punct,673,große
675,weite,weit,ADJ,nk,676,Blechbüchse
676,Blechbüchse,Blechbüchse,NOUN,ROOT,676,Blechbüchse
677,gesteckt,stecken,VERB,oc,676,Blechbüchse
678,",",--,PUNCT,punct,677,gesteckt
679,in,in,ADP,mo,683,Farben
680,welcher,welcher,PRON,nk,679,in
681,auch,auch,ADV,mo,683,Farben
682,seine,sein,DET,nk,683,Farben
683,Farben,Farbe,NOUN,app,676,Blechbüchse
684,und,und,CCONJ,cd,683,Farben
685,Pinsel,Pinsel,NOUN,cj,684,und
686,",",--,PUNCT,punct,683,Farben
687,ein,ein,DET,nk,688,paar
688,paar,paar,DET,app,683,Farben
689,Hemden,hemden,NOUN,ROOT,689,Hemden
690,",",--,PUNCT,punct,689,Hemden
691,ein,ein,DET,nk,692,Paar
692,Paar,Paar,NOUN,cj,689,Hemden
693,gelbe,gelb,ADJ,nk,694,Stiefelstulpen
694,Stiefelstulpen,Stiefelstulpe,NOUN,cj,692,Paar
695,und,und,CCONJ,cd,694,Stiefelstulpen
696,eine,ein,DET,nk,697,Haarlocke
697,Haarlocke,Haarlocke,NOUN,cj,695,und
698,seiner,sein,DET,nk,699,Frau
699,Frau,Frau,NOUN,ag,697,Haarlocke
700,Platz,Platz,NOUN,oa,689,Hemden
701,fanden,finden,VERB,ROOT,701,fanden
702,;,--,PUNCT,punct,701,fanden
703,schon,schon,ADV,mo,704,schnallte
704,schnallte,schnallen,VERB,ROOT,704,schnallte
705,er,er,PRON,sb,704,schnallte
706,sich,sich,PRON,da,704,schnallte
707,diese,dieser,DET,nk,708,Büchse
708,Büchse,Büchse,NOUN,oa,704,schnallte
709,mit,mit,ADP,mnr,708,Büchse
710,zwei,zwei,NUM,nk,711,Riemen
711,Riemen,Riem,NOUN,nk,709,mit
712,wie,wie,ADP,cm,713,einen
713,einen,ein,PRON,cc,711,Riemen
714,Tornister,Tornister,ADV,ROOT,714,Tornister
715,auf,auf,ADP,mo,714,Tornister
716,den,der,DET,nk,717,Rücken
717,Rücken,Rücken,NOUN,nk,715,auf
718,",",--,PUNCT,punct,714,Tornister
719,als,als,SCONJ,cp,723,hereintrat
720,sein,sein,DET,nk,721,Freund
721,Freund,Freund,NOUN,sb,723,hereintrat
722,Lury,Lury,PROPN,nk,721,Freund
723,hereintrat,Hereintrat,VERB,mo,714,Tornister
724,und,und,CCONJ,cd,723,hereintrat
725,ihm,ihm,PRON,cj,724,und
726,den,der,DET,nk,727,Brief
727,Brief,Brief,NOUN,oa,714,Tornister
728,mit,mit,ADP,mnr,727,Brief
729,den,der,DET,nk,730,Worten
730,Worten,Wort,NOUN,da,731,zurückgab
731,zurückgab,zurückgeben,VERB,ROOT,731,zurückgab
732,:,--,PUNCT,punct,731,zurückgab
733,»,--,PUNCT,punct,735,kannst
734,Du,du,PRON,sb,735,kannst
735,kannst,kannstn,VERB,oc,731,zurückgab
736,nicht,nicht,PART,ng,735,kannst
737,reisen,reisen,VERB,oc,735,kannst
738,;,--,PUNCT,punct,735,kannst
739,soeben,soeben,ADV,mo,740,hat
740,hat,haben,VERB,ROOT,740,hat
741,ein,ein,DET,nk,742,Bauer
742,Bauer,Bauer,NOUN,sb,740,hat
743,hier,hier,ADV,mo,740,hat
744,auf,auf,ADP,svp,740,hat
745,dem,der,DET,nk,746,Hofe
746,Hofe,Hof,NOUN,da,747,erzählt
747,erzählt,erzählen,VERB,ROOT,747,erzählt
748,",",--,PUNCT,punct,747,erzählt
749,daß,daß,SCONJ,cp,757,habe
750,er,er,PRON,sb,757,habe
751,vor,vor,ADP,mo,756,begleitet
752,einigen,einiger,DET,nk,753,Tagen
753,Tagen,Tag,NOUN,nk,751,vor
754,einen,ein,DET,nk,755,Fußreisenden
755,Fußreisenden,Fußreisende,NOUN,oa,756,begleitet
756,begleitet,begleiten,VERB,oc,757,habe
757,habe,haben,AUX,oc,747,erzählt
758,",",--,PUNCT,punct,747,erzählt
759,und,und,CCONJ,ju,766,sei
760,daß,daß,SCONJ,cp,766,sei
761,dieser,dieser,PRON,sb,766,sei
762,der,der,DET,nk,764,Mensch
763,letzte,letzter,ADJ,nk,764,Mensch
764,Mensch,Mensch,NOUN,pd,765,gewesen
765,gewesen,sein,AUX,oc,766,sei
766,sei,sein,AUX,ROOT,766,sei
767,",",--,PUNCT,punct,766,sei
768,der,der,PRON,sb,772,gekommen
769,über,über,ADP,mo,772,gekommen
770,die,der,DET,nk,771,Grenze
771,Grenze,Grenze,NOUN,nk,769,über
772,gekommen,kommen,VERB,rc,761,dieser
773,",",--,PUNCT,punct,766,sei
774,denn,denn,CCONJ,ju,779,habe
775,auf,auf,ADP,mo,779,habe
776,seinem,sein,DET,nk,777,Rückwege
777,Rückwege,Rückweg,NOUN,nk,775,auf
778,hierher,hierher,ADV,mo,779,habe
779,habe,haben,AUX,ROOT,779,habe
780,er,er,PRON,sb,779,habe
781,",",--,PUNCT,punct,780,er
782,der,der,DET,nk,783,Bote
783,Bote,Bote,NOUN,app,780,er
784,",",--,PUNCT,punct,779,habe
785,schon,schon,ADV,mo,787,Wege
786,alle,aller,DET,nk,787,Wege
787,Wege,Weg,NOUN,mo,779,habe
788,vom,von,ADP,mnr,787,Wege
789,Pestkordon,Pestkordon,PROPN,sb,790,besetzt
790,besetzt,besetzen,VERB,ROOT,790,besetzt
791,gefunden,finden,VERB,mo,790,besetzt
792,.,--,PUNCT,punct,790,besetzt
793,«,--,PUNCT,ROOT,793,«
794,Wehmüller,wehmüller,NOUN,sb,796,ließ
795,aber,aber,ADV,mo,796,ließ
796,ließ,lassen,VERB,ROOT,796,ließ
797,sich,sich,PRON,oa,800,zurückhalten
798,nicht,nicht,PART,ng,796,ließ
799,mehr,mehr,ADV,mo,798,nicht
800,zurückhalten,zurückhalten,VERB,oc,796,ließ
801,",",--,PUNCT,punct,796,ließ
802,er,er,PRON,sb,803,schob
803,schob,schieben,VERB,ROOT,803,schob
804,seine,sein,DET,nk,805,Palette
805,Palette,Palette,NOUN,oa,803,schob
806,unter,unter,ADP,mo,803,schob
807,den,der,DET,nk,808,Wachstuchüberzug
808,Wachstuchüberzug,Wachstuchüberzug,NOUN,nk,806,unter
809,auf,auf,ADP,mnr,808,Wachstuchüberzug
810,seinen,sein,DET,nk,812,Hut
811,runden,rund,ADJ,nk,812,Hut
812,Hut,Hut,NOUN,nk,809,auf
813,",",--,PUNCT,punct,803,schob
814,wie,wie,SCONJ,mo,803,schob
815,die,der,DET,nk,816,Bäcker
816,Bäcker,Bäcker,NOUN,ROOT,816,Bäcker
817,in,in,ADP,mnr,816,Bäcker
818,den,der,DET,nk,819,Zipfel
819,Zipfel,Zipfel,NOUN,nk,817,in
820,ihrer,ihr,DET,nk,823,Mützen
821,gestrickten,gestrickt,ADJ,nk,823,Mützen
822,spitzen,spitz,ADJ,nk,823,Mützen
823,Mützen,Mütze,NOUN,ag,819,Zipfel
824,eine,ein,DET,nk,825,Semmel
825,Semmel,Semmel,NOUN,oa,816,Bäcker
826,zu,zu,ADP,mnr,825,Semmel
827,stecken,stecken,VERB,oc,828,pflegen
828,pflegen,pflegen,VERB,ROOT,828,pflegen
829,",",--,PUNCT,punct,828,pflegen
830,und,und,CCONJ,cd,828,pflegen
831,begann,beginnen,VERB,cj,830,und
832,seinen,sein,DET,nk,833,Reisestab
833,Reisestab,Reisestab,NOUN,oa,834,zusammenzurichten
834,zusammenzurichten,zusammenzurichen,VERB,oc,831,begann
835,",",--,PUNCT,punct,834,zusammenzurichten
836,der,der,PRON,da,838,wahres
837,ein,ein,DET,nk,838,wahres
838,wahres,wahres,ADJ,cj,831,begann
839,Wunder,Wunder,NOUN,ROOT,839,Wunder
840,der,der,DET,nk,841,Mechanik
841,Mechanik,Mechanik,NOUN,ag,839,Wunder
842,",",--,PUNCT,punct,839,Wunder
843,wenn,wenn,SCONJ,cp,847,irre
844,ich,ich,PRON,sb,847,irre
845,mich,sich,PRON,oa,847,irre
846,nicht,nicht,PART,ng,847,irre
847,irre,irren,VERB,mo,839,Wunder
848,",",--,PUNCT,punct,847,irre
849,von,von,ADP,pg,839,Wunder
850,der,der,DET,nk,851,Erfindung
851,Erfindung,Erfindung,NOUN,nk,849,von
852,des,der,DET,nk,853,Mechanikus
853,Mechanikus,Mechaniku,NOUN,ag,851,Erfindung
854,Eckler,Eckler,NOUN,pd,858,war
855,in,in,ADP,mnr,854,Eckler
856,Berlin,Berlin,PROPN,nk,855,in
857,",",--,PUNCT,punct,858,war
858,war,sein,AUX,ROOT,858,war
859,;,--,PUNCT,punct,858,war
860,denn,denn,CCONJ,ju,862,enthielt
861,er,er,PRON,sb,862,enthielt
862,enthielt,enthalten,VERB,ROOT,862,enthielt
863,erstens,erstens,ADV,mo,862,enthielt
864,:,--,PUNCT,punct,862,enthielt
865,sich,sich,PRON,oa,862,enthielt
866,selbst,selbst,ADV,mnr,865,sich
867,",",--,PUNCT,punct,865,sich
868,nämlich,nämlich,ADV,mo,865,sich
869,einen,ein,DET,punct,862,enthielt
870,Reisestock,Reisestock,PROPN,ROOT,870,Reisestock
871,;,--,PUNCT,punct,870,Reisestock
872,zweitens,zweitens,ADV,mo,879,Malerstock
873,:,--,PUNCT,punct,872,zweitens
874,nochmals,nochmals,ADV,mo,875,sich
875,sich,sich,PRON,rs,872,zweitens
876,selbst,selbst,ADV,mnr,875,sich
877,",",--,PUNCT,punct,879,Malerstock
878,einen,ein,DET,nk,879,Malerstock
879,Malerstock,Malerstock,NOUN,ROOT,879,Malerstock
880,;,--,PUNCT,punct,879,Malerstock
881,drittens,drittens,ADV,ROOT,881,drittens
882,:,--,PUNCT,punct,881,drittens
883,nochmals,nochmals,ADV,mo,884,sich
884,sich,sich,PRON,oa,888,Meßstock
885,selbst,selbst,ADV,mnr,884,sich
886,",",--,PUNCT,punct,888,Meßstock
887,einen,ein,DET,nk,888,Meßstock
888,Meßstock,Meßstock,NOUN,ROOT,888,Meßstock
889,;,--,PUNCT,punct,888,Meßstock
890,viertens,viertens,ADV,mo,896,ein
891,:,--,PUNCT,punct,890,viertens
892,nochmals,nochmals,ADV,mo,893,sich
893,sich,sich,PRON,rs,890,viertens
894,selbst,selbst,ADV,mnr,893,sich
895,",",--,PUNCT,punct,893,sich
896,ein,ein,DET,ROOT,896,ein
897,Richtscheit,Richtscheit,NOUN,ROOT,897,Richtscheit
898,;,--,PUNCT,punct,897,Richtscheit
899,fünftens,fünftens,ADV,mo,906,Blaserohr
900,:,--,PUNCT,punct,899,fünftens
901,nochmals,nochmals,ADV,mo,902,sich
902,sich,sich,PRON,rs,899,fünftens
903,selbst,selbst,ADV,mnr,902,sich
904,",",--,PUNCT,punct,906,Blaserohr
905,ein,ein,DET,nk,906,Blaserohr
906,Blaserohr,Blaserohr,NOUN,ROOT,906,Blaserohr
907,;,--,PUNCT,punct,906,Blaserohr
908,sechstens,Sechsten,PROPN,ROOT,908,sechstens
909,:,--,PUNCT,punct,908,sechstens
910,nochmals,nochmals,ADV,mo,908,sechstens
911,sich,sich,PRON,ROOT,911,sich
912,selbst,selbst,ADV,mnr,911,sich
913,",",--,PUNCT,punct,911,sich
914,ein,ein,DET,nk,915,Tabakspfeifenrohr
915,Tabakspfeifenrohr,Tabakspfeifenrohr,NOUN,pd,911,sich
916,;,--,PUNCT,punct,911,sich
917,siebentens,siebentens,VERB,ROOT,917,siebentens
918,:,--,PUNCT,punct,917,siebentens
919,nochmals,nochmals,ADV,mo,920,sich
920,sich,sich,PRON,oa,917,siebentens
921,selbst,selbst,ADV,mnr,920,sich
922,",",--,PUNCT,punct,920,sich
923,einen,ein,DET,sb,917,siebentens
924,Angelstock,Angelstock,PROPN,ROOT,924,Angelstock
925,;,--,PUNCT,punct,924,Angelstock
926,darin,darin,ADV,mo,928,waren
927,aber,aber,ADV,mo,928,waren
928,waren,sein,AUX,ROOT,928,waren
929,noch,noch,ADV,mo,931,Stiefelknecht
930,ein,ein,DET,nk,931,Stiefelknecht
931,Stiefelknecht,Stiefelknecht,NOUN,pd,928,waren
932,",",--,PUNCT,punct,928,waren
933,ein,ein,DET,nk,934,Barometer
934,Barometer,Barometer,NOUN,cj,928,waren
935,",",--,PUNCT,punct,934,Barometer
936,ein,ein,DET,dep,928,waren
937,Thermometer,Thermometer,NOUN,ROOT,937,Thermometer
938,",",--,PUNCT,punct,937,Thermometer
939,ein,ein,DET,nk,940,Perspektiv
940,Perspektiv,Perspektiv,NOUN,cj,937,Thermometer
941,",",--,PUNCT,punct,937,Thermometer
942,ein,ein,DET,nk,943,Zeichenstuhl
943,Zeichenstuhl,Zeichenstuhl,NOUN,cj,937,Thermometer
944,",",--,PUNCT,punct,937,Thermometer
945,ein,ein,DET,nk,947,Feuerzeug
946,chemisches,chemisch,ADJ,nk,947,Feuerzeug
947,Feuerzeug,Feuerzeug,NOUN,cj,937,Thermometer
948,",",--,PUNCT,punct,937,Thermometer
949,ein,ein,DET,cj,937,Thermometer
950,Reißzeug,Reißzeug,NOUN,ROOT,950,Reißzeug
951,",",--,PUNCT,punct,950,Reißzeug
952,ein,ein,DET,nk,953,Bleistift
953,Bleistift,Bleistift,NOUN,cj,950,Reißzeug
954,und,und,CCONJ,cd,953,Bleistift
955,das,der,DET,nk,956,Brauchbarste
956,Brauchbarste,Brauchbarster,NOUN,cj,954,und
957,von,von,ADP,pg,956,Brauchbarste
958,allem,alle,PRON,nk,957,von
959,",",--,PUNCT,punct,950,Reißzeug
960,eine,ein,DET,nk,961,approbierte
961,approbierte,approbiert,NOUN,cj,950,Reißzeug
962,hölzerne,hölzern,ADJ,nk,963,Hühneraugenfeile
963,Hühneraugenfeile,Hühneraugenfeil,NOUN,ROOT,963,Hühneraugenfeile
964,",",--,PUNCT,punct,965,angebracht
965,angebracht,anbringen,VERB,oc,963,Hühneraugenfeile
966,;,--,PUNCT,punct,963,Hühneraugenfeile
967,das,der,DET,nk,968,Ganze
968,Ganze,ganze,NOUN,sb,970,war
969,aber,aber,ADV,mo,970,war
970,war,sein,AUX,ROOT,970,war
971,so,so,ADV,mo,972,eingerichtet
972,eingerichtet,einrichten,VERB,pd,970,war
973,",",--,PUNCT,punct,972,eingerichtet
974,daß,daß,SCONJ,ROOT,974,daß
975,man,man,PRON,ROOT,975,man
976,die,der,DET,nk,977,Masse
977,Masse,Masse,NOUN,ROOT,977,Masse
978,des,der,DET,nk,979,Inhalts
979,Inhalts,Inhalt,NOUN,ag,977,Masse
980,durch,durch,ADP,mnr,977,Masse
981,den,der,DET,nk,982,Druck
982,Druck,Druck,NOUN,nk,980,durch
983,einer,ein,DET,nk,984,Feder
984,Feder,Feder,NOUN,ag,982,Druck
985,aus,aus,ADP,mnr,984,Feder
986,diesem,dieser,DET,nk,987,Stocke
987,Stocke,Stock,NOUN,nk,985,aus
988,",",--,PUNCT,punct,977,Masse
989,wie,wie,SCONJ,ROOT,989,wie
990,aus,aus,ADP,ROOT,990,aus
991,einer,ein,DET,nk,992,Windbüchse
992,Windbüchse,Windbüchse,NOUN,nk,990,aus
993,",",--,PUNCT,punct,992,Windbüchse
994,seinem,sein,DET,nk,995,Feind
995,Feind,Feind,NOUN,da,999,schießen
996,auf,auf,ADP,mo,999,schießen
997,den,der,DET,nk,998,Leib
998,Leib,Leib,NOUN,nk,996,auf
999,schießen,schießen,VERB,oc,1000,konnte
1000,konnte,können,AUX,rc,992,Windbüchse
1001,.,--,PUNCT,punct,990,aus
1002,Während,während,SCONJ,ROOT,1002,Während
1003,Wehmüller,Wehmüller,NOUN,sb,1006,zusammenrichtete
1004,diesen,dieser,DET,nk,1005,Stock
1005,Stock,Stock,NOUN,oa,1006,zusammenrichtete
1006,zusammenrichtete,zusammenrichteen,VERB,mo,1008,machte
1007,",",--,PUNCT,punct,1008,machte
1008,machte,machen,VERB,ROOT,1008,machte
1009,Lury,Lury,PROPN,sb,1008,machte
1010,ihm,ihm,PRON,da,1008,machte
1011,die,der,DET,nk,1012,lebhaftesten
1012,lebhaftesten,Lebhaftest,VERB,oa,1008,machte
1013,Vorstellungen,Vorstellung,NOUN,ROOT,1013,Vorstellungen
1014,wegen,wegen,ADP,mnr,1013,Vorstellungen
1015,der,der,DET,nk,1016,Gefahr
1016,Gefahr,Gefahr,NOUN,nk,1014,wegen
1017,seiner,sein,DET,nk,1018,Reise
1018,Reise,Reise,NOUN,ag,1016,Gefahr
1019,",",--,PUNCT,punct,1013,Vorstellungen
1020,aber,aber,CCONJ,cd,1013,Vorstellungen
1021,er,er,PRON,sb,1022,ließ
1022,ließ,lassen,VERB,cj,1020,aber
1023,sich,sich,PRON,oa,1025,halten
1024,nicht,nicht,PART,ng,1022,ließ
1025,halten,halten,VERB,oc,1022,ließ
1026,.,--,PUNCT,punct,1013,Vorstellungen
1027,»,--,PUNCT,punct,1029,rede
1028,So,so,ADV,mo,1029,rede
1029,rede,reden,VERB,oc,1037,sprach
1030,wenigstens,wenigstens,ADV,mo,1031,mit
1031,mit,mit,ADP,mo,1029,rede
1032,dem,der,DET,nk,1033,Bauer
1033,Bauer,Bauer,NOUN,nk,1031,mit
1034,selbst,selbst,ADV,mnr,1033,Bauer
1035,«,--,PUNCT,punct,1029,rede
1036,",",--,PUNCT,punct,1037,sprach
1037,sprach,sprechen,VERB,ROOT,1037,sprach
1038,Lury,Lury,PROPN,sb,1037,sprach
1039,;,--,PUNCT,punct,1037,sprach
1040,das,der,PRON,sb,1041,war
1041,war,sein,AUX,ROOT,1041,war
1042,Wehmüller,Wehmüller,NOUN,pd,1041,war
1043,zufrieden,zufrieden,ADV,ROOT,1043,zufrieden
1044,und,und,CCONJ,cd,1043,zufrieden
1045,ging,gehen,VERB,cj,1044,und
1046,",",--,PUNCT,punct,1043,zufrieden
1047,ganz,ganz,ADV,mo,1048,zum
1048,zum,zu,ADP,mo,1050,fertig
1049,Abmarsche,Abmarsche,NOUN,nk,1048,zum
1050,fertig,fertig,ADV,mo,1043,zufrieden
1051,",",--,PUNCT,punct,1043,zufrieden
1052,hinab,hinab,ADV,mo,1043,zufrieden
1053,.,--,PUNCT,punct,1043,zufrieden
1054,Kaum,kaum,ADV,mo,1055,aber
1055,aber,aber,ADV,mo,1056,waren
1056,waren,sein,AUX,ROOT,1056,waren
1057,sie,sie,PRON,sb,1056,waren
1058,in,in,ADP,mo,1056,waren
1059,die,der,DET,nk,1060,Schenke
1060,Schenke,Schenke,NOUN,oa,1061,getreten
1061,getreten,treten,VERB,ROOT,1061,getreten
1062,",",--,PUNCT,punct,1061,getreten
1063,als,als,SCONJ,cp,1068,trat
1064,der,der,DET,nk,1065,Bauer
1065,Bauer,Bauer,NOUN,sb,1068,trat
1066,zu,zu,ADP,mo,1068,trat
1067,ihm,ihm,PRON,nk,1066,zu
1068,trat,treten,VERB,mo,1061,getreten
1069,und,und,CCONJ,cd,1068,trat
1070,",",--,PUNCT,punct,1068,trat
1071,ihm,ihm,PRON,da,1074,küssend
1072,den,der,DET,nk,1073,Ärmel
1073,Ärmel,Ärmel,NOUN,da,1074,küssend
1074,küssend,küssend,ADV,cj,1061,getreten
1075,",",--,PUNCT,punct,1061,getreten
1076,sagte,sagen,VERB,ROOT,1076,sagte
1077,:,--,PUNCT,punct,1076,sagte
1078,»,--,PUNCT,nk,1082,Herr
1079,Nu,Nu,NOUN,nk,1082,Herr
1080,",",--,PUNCT,punct,1079,Nu
1081,gnädiger,gnädig,ADJ,cj,1079,Nu
1082,Herr,Herr,NOUN,sb,1085,kommen
1083,",",--,PUNCT,punct,1085,kommen
1084,wie,wie,ADV,mo,1085,kommen
1085,kommen,kommen,VERB,oc,1076,sagte
1086,wir,wir,PRON,sb,1085,kommen
1087,schon,schon,ADV,mo,1088,wieder
1088,wieder,wieder,ADV,mo,1085,kommen
1089,zusammen,zusammen,ADV,svp,1085,kommen
1090,?,--,PUNCT,punct,1076,sagte
1091,Sie,sie,PRON,sb,1092,hatten
1092,hatten,haben,VERB,ROOT,1092,hatten
1093,ja,ja,ADV,mo,1092,hatten
1094,eine,ein,DET,nk,1096,Eile
1095,solche,solcher,DET,nk,1096,Eile
1096,Eile,Eile,NOUN,ROOT,1096,Eile
1097,nach,nach,ADP,mnr,1096,Eile
1098,Stuhlweißenburg,Stuhlweißenburg,PROPN,nk,1097,nach
1099,",",--,PUNCT,punct,1096,Eile
1100,daß,daß,SCONJ,cp,1102,glaubte
1101,ich,ich,PRON,sb,1102,glaubte
1102,glaubte,glauben,VERB,oc,1096,Eile
1103,",",--,PUNCT,punct,1102,glaubte
1104,Euer,euer,DET,nk,1105,Gnaden
1105,Gnaden,Gnade,NOUN,sb,1106,müßten
1106,müßten,müssen,AUX,oc,1102,glaubte
1107,bald,bald,ADV,mo,1106,müßten
1108,dort,dort,ADV,mo,1109,sein
1109,sein,sein,AUX,ROOT,1109,sein
1110,.,--,PUNCT,punct,1109,sein
1111,«,--,PUNCT,punct,1109,sein
1112,Wehmüller,Wehmüller,NOUN,sb,1113,verstand
1113,verstand,verstehen,VERB,ROOT,1113,verstand
1114,den,der,DET,nk,1115,Bauer
1115,Bauer,Bauer,NOUN,oa,1113,verstand
1116,nicht,nicht,PART,ng,1113,verstand
1117,",",--,PUNCT,punct,1113,verstand
1118,der,der,PRON,sb,1120,versicherte
1119,ihm,ihm,PRON,da,1120,versicherte
1120,versicherte,versichern,VERB,rc,1115,Bauer
1121,",",--,PUNCT,punct,1120,versicherte
1122,daß,daß,SCONJ,cp,1123,er
1123,er,er,PRON,oc,1120,versicherte
1124,ihn,ihn,PRON,ROOT,1124,ihn
1125,",",--,PUNCT,punct,1124,ihn
1126,mit,mit,ADP,re,1124,ihn
1127,derselben,derselbe,DET,nk,1126,mit
1128,blechernen,blechern,ADJ,nk,1129,Büchse
1129,Büchse,Büchse,NOUN,nk,1126,mit
1130,auf,auf,ADP,mnr,1129,Büchse
1131,dem,der,DET,nk,1132,Rücken
1132,Rücken,Rücken,NOUN,nk,1130,auf
1133,und,und,CCONJ,cd,1132,Rücken
1134,demselben,derselbe,DET,nk,1136,Stocke
1135,langen,lang,ADJ,nk,1136,Stocke
1136,Stocke,Stock,NOUN,cj,1133,und
1137,in,in,ADP,mo,1145,geführt
1138,der,der,DET,nk,1139,Hand
1139,Hand,Hand,NOUN,nk,1137,in
1140,",",--,PUNCT,punct,1145,geführt
1141,nach,nach,ADP,mo,1145,geführt
1142,der,der,DET,nk,1144,Grenze
1143,ungarischen,ungarisch,ADJ,nk,1144,Grenze
1144,Grenze,Grenze,NOUN,nk,1141,nach
1145,geführt,führen,VERB,oc,1146,habe
1146,habe,haben,AUX,ROOT,1146,habe
1147,",",--,PUNCT,punct,1146,habe
1148,und,und,CCONJ,ju,1150,zu
1149,zwar,zwar,ADV,mo,1150,zu
1150,zu,zu,ADP,mo,1145,geführt
1151,rechter,rechter,ADJ,nk,1150,zu
1152,Zeit,Zeit,NOUN,pd,1163,sei
1153,",",--,PUNCT,punct,1163,sei
1154,weil,weil,SCONJ,cp,1163,sei
1155,kurz,kurz,ADV,mo,1156,nachher
1156,nachher,nachher,ADV,mo,1162,worden
1157,der,der,DET,nk,1158,Weg
1158,Weg,Weg,NOUN,sb,1163,sei
1159,vom,von,ADP,mnr,1158,Weg
1160,Pestkordon,Pestkordon,PROPN,nk,1159,vom
1161,geschlossen,schließen,VERB,oc,1162,worden
1162,worden,werden,AUX,oc,1163,sei
1163,sei,sein,AUX,ROOT,1163,sei
1164,",",--,PUNCT,punct,1163,sei
1165,wobei,wobei,SCONJ,mo,1162,worden
1166,der,der,DET,nk,1167,Mann
1167,Mann,Mann,NOUN,sb,1175,erzählte
1168,ihm,ihm,PRON,da,1167,Mann
1169,eine,ein,DET,nk,1170,Menge
1170,Menge,Menge,NOUN,oa,1175,erzählte
1171,einzelne,einzeln,ADJ,nk,1172,Vorfälle
1172,Vorfälle,Vorfall,NOUN,nk,1170,Menge
1173,der,der,DET,nk,1174,Reise
1174,Reise,Reise,NOUN,ag,1172,Vorfälle
1175,erzählte,erzählen,VERB,ROOT,1175,erzählte
1176,",",--,PUNCT,punct,1175,erzählte
1177,von,von,ADP,mo,1175,erzählte
1178,welchen,welcher,DET,nk,1177,von
1179,",",--,PUNCT,punct,1178,welchen
1180,wie,wie,ADP,dep,1175,erzählte
1181,vom,von,ADP,mo,1186,begriff
1182,ganzen,ganz,ADJ,nk,1184,Wehmüller
1183,",",--,PUNCT,punct,1182,ganzen
1184,Wehmüller,Wehmüller,NOUN,nk,1181,vom
1185,nichts,nichts,PRON,oa,1186,begriff
1186,begriff,begreifen,VERB,ROOT,1186,begriff
1187,.,--,PUNCT,punct,1186,begriff
1188,Da,da,SCONJ,cp,1194,kleines
1189,aber,aber,ADV,mo,1194,kleines
1190,endlich,endlich,ADV,mo,1189,aber
1191,der,der,DET,nk,1192,Bauer
1192,Bauer,Bauer,NOUN,dep,1189,aber
1193,ein,ein,DET,nk,1194,kleines
1194,kleines,klein,ADJ,ROOT,1194,kleines
1195,Bild,Bild,NOUN,sb,1196,hervorzog
1196,hervorzog,hervorzog,ADV,mo,1202,Haben
1197,mit,mit,ADP,mo,1196,hervorzog
1198,den,der,DET,nk,1199,Worten
1199,Worten,Wort,NOUN,nk,1197,mit
1200,:,--,PUNCT,punct,1196,hervorzog
1201,»,--,PUNCT,punct,1202,Haben
1202,Haben,Haben,AUX,ROOT,1202,Haben
1203,Euer,euer,ADJ,nk,1204,Gnaden
1204,Gnaden,Gnade,NOUN,ROOT,1204,Gnaden
1205,mir,mir,PRON,da,1204,Gnaden
1206,dieses,dieser,DET,nk,1207,Bildchen
1207,Bildchen,bildchen,NOUN,ag,1204,Gnaden
1208,",",--,PUNCT,punct,1207,Bildchen
1209,das,der,PRON,dep,1204,Gnaden
1210,in,in,ADP,mnr,1209,das
1211,Ihrer,ihr,DET,nk,1212,Büchse
1212,Büchse,Büchse,NOUN,da,1215,fand
1213,keinen,kein,DET,nk,1214,Platz
1214,Platz,Platz,NOUN,oa,1215,fand
1215,fand,finden,VERB,ROOT,1215,fand
1216,",",--,PUNCT,punct,1215,fand
1217,nicht,nicht,PART,ng,1220,gegeben
1218,zu,zu,PART,pm,1219,tragen
1219,tragen,tragen,VERB,oc,1220,gegeben
1220,gegeben,geben,VERB,cj,1215,fand
1221,",",--,PUNCT,punct,1215,fand
1222,und,und,CCONJ,cd,1215,fand
1223,haben,haben,VERB,cj,1222,und
1224,es,es,PRON,sb,1223,haben
1225,Euer,euer,ADV,oa,1223,haben
1226,Gnaden,Gnade,NOUN,ROOT,1226,Gnaden
1227,nicht,nicht,PART,ng,1226,Gnaden
1228,in,in,ADP,mo,1233,vergessen
1229,der,der,DET,nk,1230,Eile
1230,Eile,Eile,NOUN,nk,1228,in
1231,der,der,DET,nk,1232,Reise
1232,Reise,Reise,NOUN,ag,1230,Eile
1233,vergessen,vergessen,VERB,oc,1226,Gnaden
1234,?,--,PUNCT,punct,1226,Gnaden
1235,«,--,PUNCT,punct,1226,Gnaden
1236,–,--,PUNCT,punct,1237,ergriff
1237,ergriff,ergreifen,VERB,ROOT,1237,ergriff
1238,Wehmüller,Wehmüller,NOUN,sb,1237,ergriff
1239,das,der,DET,nk,1240,Bild
1240,Bild,Bild,NOUN,oa,1237,ergriff
1241,mit,mit,ADP,svp,1237,ergriff
1242,Heftigkeit,Heftigkeit,NOUN,ROOT,1242,Heftigkeit
1243,.,--,PUNCT,punct,1242,Heftigkeit
1244,Es,es,PRON,sb,1245,war
1245,war,sein,AUX,ROOT,1245,war
1246,das,der,DET,nk,1247,Bild
1247,Bild,Bild,NOUN,pd,1245,war
1248,seiner,sein,DET,nk,1249,Frau
1249,Frau,Frau,NOUN,ag,1247,Bild
1250,",",--,PUNCT,punct,1247,Bild
1251,ganz,ganz,ADV,mo,1256,gemalt
1252,wie,wie,ADP,cm,1253,von
1253,von,von,ADP,cc,1251,ganz
1254,ihm,ihm,PRON,nk,1253,von
1255,selbst,selbst,ADV,mo,1253,von
1256,gemalt,malen,VERB,par,1247,Bild
1257,",",--,PUNCT,punct,1256,gemalt
1258,ja,ja,ADV,mo,1245,war
1259,der,der,DET,pd,1245,war
1260,Name,Name,NOUN,ROOT,1260,Name
1261,Wehmüller,Wehmüller,NOUN,sb,1262,war
1262,war,sein,AUX,ROOT,1262,war
1263,unterzeichnet,unterzeichnen,VERB,pd,1262,war
1264,.,--,PUNCT,punct,1262,war
1265,Er,er,PRON,sb,1266,wußte
1266,wußte,wissen,VERB,ROOT,1266,wußte
1267,nicht,nicht,PART,ng,1266,wußte
1268,",",--,PUNCT,punct,1266,wußte
1269,wo,wo,SCONJ,mo,1273,stand
1270,ihm,ihm,PRON,da,1273,stand
1271,der,der,DET,nk,1272,Kopf
1272,Kopf,Kopf,NOUN,sb,1273,stand
1273,stand,stehen,VERB,oc,1266,wußte
1274,.,--,PUNCT,punct,1266,wußte
1275,Bald,bald,ADV,ROOT,1275,Bald
1276,sah,sehen,VERB,ROOT,1276,sah
1277,er,er,PRON,sb,1276,sah
1278,den,der,DET,nk,1279,Bauer
1279,Bauer,Bauer,NOUN,oa,1276,sah
1280,",",--,PUNCT,punct,1276,sah
1281,bald,bald,ADV,mo,1282,Lury
1282,Lury,Lury,PROPN,cj,1276,sah
1283,",",--,PUNCT,punct,1282,Lury
1284,bald,bald,ADV,mo,1286,Bild
1285,das,der,DET,nk,1286,Bild
1286,Bild,Bild,NOUN,app,1282,Lury
1287,an,an,ADP,svp,1276,sah
1288,",",--,PUNCT,punct,1276,sah
1289,»,--,PUNCT,punct,1291,gab
1290,Wer,wer,PRON,sb,1291,gab
1291,gab,geben,VERB,oc,1297,fuhr
1292,dir,dir,PRON,da,1291,gab
1293,das,der,DET,nk,1294,Bild
1294,Bild,Bild,NOUN,oa,1291,gab
1295,?,--,PUNCT,punct,1297,fuhr
1296,«,--,PUNCT,punct,1291,gab
1297,fuhr,fahren,VERB,mo,1276,sah
1298,er,er,PRON,sb,1297,fuhr
1299,den,der,DET,nk,1300,Bauer
1300,Bauer,Bauer,NOUN,ROOT,1300,Bauer
1301,an,an,ADP,ROOT,1301,an
1302,.,--,PUNCT,ROOT,1302,.
1303,»,--,PUNCT,punct,1309,sagte
1304,Euer,euer,ADJ,nk,1305,Gnaden
1305,Gnaden,Gnade,NOUN,oc,1309,sagte
1306,selbst,selbst,ADV,mnr,1305,Gnaden
1307,«,--,PUNCT,punct,1305,Gnaden
1308,",",--,PUNCT,punct,1309,sagte
1309,sagte,sagen,VERB,ROOT,1309,sagte
1310,dieser,dieser,PRON,sb,1309,sagte
1311,;,--,PUNCT,punct,1309,sagte
1312,»,--,PUNCT,punct,1314,wollten
1313,Sie,sie,PRON,sb,1314,wollten
1314,wollten,wollen,AUX,oc,1309,sagte
1315,nach,nach,ADP,mo,1314,wollten
1316,Stuhlweißenburg,Stuhlweißenburg,NOUN,oc,1321,sagten
1317,zu,zu,ADP,mnr,1316,Stuhlweißenburg
1318,Ihrer,ihr,DET,nk,1319,Liebsten
1319,Liebsten,Liebst,NOUN,nk,1317,zu
1320,",",--,PUNCT,punct,1321,sagten
1321,sagten,sagen,VERB,ROOT,1321,sagten
1322,Euer,Euer,DET,nk,1323,Gnaden
1323,Gnaden,Gnade,NOUN,sb,1321,sagten
1324,",",--,PUNCT,punct,1321,sagten
1325,und,und,CCONJ,cd,1321,sagten
1326,das,der,DET,nk,1327,Botenlohn
1327,Botenlohn,Botenlohn,NOUN,sb,1328,sind
1328,sind,sein,AUX,cj,1325,und
1329,mir,mir,PRON,ROOT,1329,mir
1330,Euer,euer,ADJ,nk,1331,Gnaden
1331,Gnaden,Gnade,NOUN,ROOT,1331,Gnaden
1332,auch,auch,ADV,mo,1333,schuldig
1333,schuldig,schuldig,ADV,pd,1334,geblieben
1334,geblieben,bleiben,VERB,oc,1331,Gnaden
1335,.,--,PUNCT,punct,1331,Gnaden
1336,«,--,PUNCT,punct,1331,Gnaden
1337,–,--,PUNCT,punct,1340,ist
1338,»,--,PUNCT,punct,1340,ist
1339,Das,der,PRON,sb,1340,ist
1340,ist,sein,AUX,ROOT,1340,ist
1341,erlogen,erlogen,VERB,pd,1340,ist
1342,!,--,PUNCT,punct,1340,ist
1343,«,--,PUNCT,punct,1340,ist
1344,schrie,schreien,VERB,ROOT,1344,schrie
1345,Wehmüller,Wehmüller,NOUN,ROOT,1345,Wehmüller
1346,.,--,PUNCT,punct,1345,Wehmüller
1347,»,--,PUNCT,punct,1349,ist
1348,Es,es,PRON,sb,1349,ist
1349,ist,sein,AUX,oc,1354,sagte
1350,die,der,DET,nk,1351,Wahrheit
1351,Wahrheit,Wahrheit,NOUN,pd,1349,ist
1352,!,--,PUNCT,punct,1354,sagte
1353,«,--,PUNCT,punct,1354,sagte
1354,sagte,sagen,VERB,ROOT,1354,sagte
1355,der,der,DET,nk,1356,Bauer
1356,Bauer,Bauer,NOUN,sb,1354,sagte
1357,.,--,PUNCT,punct,1354,sagte
1358,»,--,PUNCT,punct,1360,ist
1359,Es,es,PRON,sb,1360,ist
1360,ist,sein,AUX,ROOT,1360,ist
1361,nicht,nicht,PART,ng,1360,ist
1362,die,der,DET,nk,1363,Wahrheit
1363,Wahrheit,Wahrheit,NOUN,pd,1360,ist
1364,!,--,PUNCT,punct,1360,ist
1365,«,--,PUNCT,punct,1360,ist
1366,sagte,sagen,VERB,ROOT,1366,sagte
1367,Lury,Lury,PROPN,sb,1366,sagte
1368,",",--,PUNCT,punct,1366,sagte
1369,»,--,PUNCT,punct,1379,weggekommen
1370,denn,denn,CCONJ,cd,1366,sagte
1371,dieser,dieser,DET,nk,1372,Herr
1372,Herr,Herr,NOUN,sb,1373,ist
1373,ist,sein,AUX,cj,1370,denn
1374,seit,seit,ADP,mo,1379,weggekommen
1375,vier,vier,NUM,nk,1376,Wochen
1376,Wochen,Woche,NOUN,nk,1374,seit
1377,nicht,nicht,PART,ng,1378,hier
1378,hier,hier,ADV,mo,1379,weggekommen
1379,weggekommen,weggekommen,VERB,oc,1373,ist
1380,und,und,CCONJ,cd,1379,weggekommen
1381,hat,haben,AUX,ROOT,1381,hat
1382,mit,mit,ADP,mo,1387,geschlafen
1383,mir,mir,PRON,nk,1382,mit
1384,in,in,ADP,mo,1387,geschlafen
1385,einer,ein,DET,nk,1386,Stube
1386,Stube,Stube,NOUN,nk,1384,in
1387,geschlafen,schlafen,VERB,oc,1381,hat
1388,.,--,PUNCT,punct,1381,hat
1389,«,--,PUNCT,punct,1387,geschlafen
1390,Der,der,DET,nk,1391,Bauer
1391,Bauer,Bauer,NOUN,sb,1393,wollte
1392,aber,aber,ADV,mo,1391,Bauer
1393,wollte,wollen,AUX,ROOT,1393,wollte
1394,von,von,ADP,mo,1393,wollte
1395,seiner,sein,DET,nk,1394,von
1396,Behauptung,Behauptung,NOUN,oa,1398,abgehen
1397,nicht,nicht,PART,ng,1398,abgehen
1398,abgehen,abgehen,VERB,ROOT,1398,abgehen
1399,und,und,CCONJ,cd,1398,abgehen
1400,drang,Drang,NOUN,cj,1399,und
1401,auf,auf,ADP,mo,1398,abgehen
1402,die,der,DET,nk,1403,Bezahlung
1403,Bezahlung,Bezahlung,NOUN,nk,1401,auf
1404,des,der,DET,nk,1405,Botenlohns
1405,Botenlohns,Botenlohn,NOUN,ag,1403,Bezahlung
1406,oder,oder,CCONJ,cd,1401,auf
1407,auf,auf,ADP,cj,1406,oder
1408,die,der,DET,nk,1409,Rückgabe
1409,Rückgabe,Rückgabe,NOUN,ROOT,1409,Rückgabe
1410,des,der,DET,nk,1411,Porträts
1411,Porträts,Porträt,NOUN,ag,1409,Rückgabe
1412,",",--,PUNCT,punct,1409,Rückgabe
1413,welches,welcher,PRON,pd,1416,sei
1414,sein,sein,DET,nk,1415,Pfand
1415,Pfand,Pfand,NOUN,sb,1416,sei
1416,sei,sein,AUX,rc,1409,Rückgabe
1417,",",--,PUNCT,punct,1409,Rückgabe
1418,und,und,CCONJ,cd,1409,Rückgabe
1419,dem,der,PRON,cj,1418,und
1420,er,er,PRON,cj,1418,und
1421,",",--,PUNCT,punct,1420,er
1422,wenn,wenn,SCONJ,ROOT,1422,wenn
1423,er,er,PRON,sb,1424,nicht
1424,nicht,nicht,PART,ng,1422,wenn
1425,bezahle,bezahlen,VERB,ROOT,1425,bezahle
1426,",",--,PUNCT,punct,1425,bezahle
1427,einen,ein,DET,nk,1428,Schimpf
1428,Schimpf,Schimpf,NOUN,oa,1429,antun
1429,antun,antun,VERB,oc,1430,wolle
1430,wolle,wollen,AUX,oc,1425,bezahle
1431,.,--,PUNCT,punct,1425,bezahle
1432,Wehmüller,Wehmüller,NOUN,sb,1433,ward
1433,ward,werden,VERB,ROOT,1433,ward
1434,außer,außer,ADP,mo,1433,ward
1435,sich,sich,PRON,nk,1434,außer
1436,.,--,PUNCT,punct,1433,ward
1437,»,--,PUNCT,punct,1441,schrie
1438,Was,was,PRON,oa,1441,schrie
1439,?,--,PUNCT,punct,1441,schrie
1440,«,--,PUNCT,punct,1441,schrie
1441,schrie,schreien,VERB,ROOT,1441,schrie
1442,er,er,PRON,ROOT,1442,er
1443,",",--,PUNCT,punct,1442,er
1444,»,--,PUNCT,punct,1446,soll
1445,ich,ich,PRON,sb,1446,soll
1446,soll,sollen,AUX,cj,1442,er
1447,für,für,ADP,mo,1452,zahlen
1448,einen,ein,DET,nk,1449,andern
1449,andern,anderer,NOUN,nk,1447,für
1450,das,der,DET,nk,1451,Botenlohn
1451,Botenlohn,Botenlohn,NOUN,oa,1452,zahlen
1452,zahlen,zahlen,VERB,oc,1446,soll
1453,oder,oder,CCONJ,cd,1452,zahlen
1454,das,der,DET,nk,1455,Porträt
1455,Porträt,Porträt,NOUN,cj,1453,oder
1456,meiner,mein,DET,ROOT,1456,meiner
1457,Frau,Frau,NOUN,sb,1459,lassen
1458,beschimpfen,beschimpfen,VERB,oc,1459,lassen
1459,lassen,lassen,VERB,ROOT,1459,lassen
1460,?,--,PUNCT,punct,1459,lassen
1461,Das,der,PRON,sb,1462,ist
1462,ist,sein,AUX,ROOT,1462,ist
1463,entsetzlich,entsetzlich,ADV,pd,1462,ist
1464,!,--,PUNCT,punct,1462,ist
1465,«,--,PUNCT,punct,1462,ist
1466,Lury,Lury,PROPN,sb,1467,machte
1467,machte,machen,VERB,ROOT,1467,machte
1468,endlich,endlich,ADV,mo,1467,machte
1469,den,der,DET,punct,1467,machte
1470,Schiedsrichter,Schiedsrichter,NOUN,ROOT,1470,Schiedsrichter
1471,und,und,CCONJ,ju,1472,sagte
1472,sagte,sagen,VERB,ROOT,1472,sagte
1473,zu,zu,ADP,mo,1472,sagte
1474,dem,der,DET,nk,1475,Bauer
1475,Bauer,Bauer,NOUN,nk,1473,zu
1476,:,--,PUNCT,punct,1472,sagte
1477,»,--,PUNCT,punct,1478,Habt
1478,Habt,Habt,VERB,oc,1472,sagte
1479,Ihr,ihr,PRON,nk,1481,Herrn
1480,diesen,dieser,DET,nk,1481,Herrn
1481,Herrn,Herr,NOUN,ROOT,1481,Herrn
1482,über,über,ADP,mnr,1481,Herrn
1483,die,der,DET,nk,1484,Grenze
1484,Grenze,Grenze,NOUN,nk,1482,über
1485,gebracht,bringen,VERB,ROOT,1485,gebracht
1486,?,--,PUNCT,punct,1485,gebracht
1487,«,--,PUNCT,punct,1485,gebracht
1488,–,--,PUNCT,punct,1493,sagte
1489,»,--,PUNCT,punct,1490,Ja
1490,Ja,ja,PART,dm,1493,sagte
1491,!,--,PUNCT,punct,1493,sagte
1492,«,--,PUNCT,punct,1493,sagte
1493,sagte,sagen,VERB,ROOT,1493,sagte
1494,der,der,DET,nk,1495,Bauer
1495,Bauer,Bauer,NOUN,sb,1493,sagte
1496,.,--,PUNCT,punct,1493,sagte
1497,»,--,PUNCT,punct,1499,kommt
1498,Wie,wie,ADV,mo,1499,kommt
1499,kommt,kommen,VERB,ROOT,1499,kommt
1500,er,er,PRON,sb,1499,kommt
1501,dann,dann,ADV,mo,1499,kommt
1502,wieder,wieder,ADV,mo,1499,kommt
1503,hierher,hierher,ADV,svp,1499,kommt
1504,",",--,PUNCT,punct,1499,kommt
1505,und,und,CCONJ,cd,1499,kommt
1506,wie,wie,ADV,cj,1505,und
1507,war,sein,AUX,ROOT,1507,war
1508,er,er,PRON,sb,1507,war
1509,die,der,DET,nk,1511,Zeit
1510,ganze,ganz,ADJ,nk,1511,Zeit
1511,Zeit,Zeit,NOUN,pd,1507,war
1512,hier,hier,ADV,mo,1507,war
1513,?,--,PUNCT,punct,1515,erwiderte
1514,«,--,PUNCT,punct,1515,erwiderte
1515,erwiderte,erwidern,VERB,pd,1507,war
1516,Lury,Lury,PROPN,sb,1515,erwiderte
1517,.,--,PUNCT,punct,1515,erwiderte
1518,»,--,PUNCT,punct,1520,müßt
1519,Ihr,ihr,PRON,sb,1520,müßt
1520,müßt,müßt,VERB,ROOT,1520,müßt
1521,ihn,ihn,PRON,oa,1520,müßt
1522,daher,daher,ADV,mo,1520,müßt
1523,nicht,nicht,PART,ng,1520,müßt
1524,recht,recht,ADV,mo,1520,müßt
1525,tüchtig,tüchtig,ADV,mo,1527,gebracht
1526,hinüber,hinüber,ADV,mo,1527,gebracht
1527,gebracht,bringen,VERB,oc,1528,haben
1528,haben,haben,AUX,ROOT,1528,haben
1529,und,und,CCONJ,cd,1528,haben
1530,könnt,können,VERB,cj,1529,und
1531,für,für,ADP,mo,1530,könnt
1532,so,so,ADV,mo,1533,schlechte
1533,schlechte,schlecht,ADJ,nk,1534,Arbeit
1534,Arbeit,Arbeit,NOUN,nk,1531,für
1535,kein,kein,DET,nk,1536,Botenlohn
1536,Botenlohn,Botenlohn,NOUN,sb,1530,könnt
1537,begehren,begehren,VERB,ROOT,1537,begehren
1538,;,--,PUNCT,punct,1537,begehren
1539,bringt,bringen,VERB,ROOT,1539,bringt
1540,ihn,ihn,PRON,oa,1539,bringt
1541,heute,heute,ADV,mo,1539,bringt
1542,nochmals,nochmals,ADV,mo,1539,bringt
1543,hinüber,hinüber,ADV,mo,1539,bringt
1544,",",--,PUNCT,punct,1539,bringt
1545,aber,aber,CCONJ,cd,1539,bringt
1546,dermaßen,dermaßen,ADV,cj,1545,aber
1547,",",--,PUNCT,punct,1546,dermaßen
1548,daß,daß,SCONJ,mo,1546,dermaßen
1549,auch,auch,ADV,mo,1550,kein
1550,kein,kein,DET,ROOT,1550,kein
1551,Stümpfchen,Stümpfche,NOUN,sb,1555,bleibt
1552,hier,hier,ADV,mo,1551,Stümpfchen
1553,in,in,ADP,mo,1555,bleibt
1554,Kroatien,Kroatien,PROPN,nk,1553,in
1555,bleibt,bleiben,VERB,ROOT,1555,bleibt
1556,",",--,PUNCT,punct,1555,bleibt
1557,und,und,CCONJ,cd,1555,bleibt
1558,laßt,lassen,VERB,cj,1557,und
1559,Euch,euch,PRON,oa,1558,laßt
1560,doppelt,doppelt,ADV,mo,1561,bezahlen
1561,bezahlen,bezahlen,VERB,oc,1558,laßt
1562,.,--,PUNCT,punct,1555,bleibt
1563,«,--,PUNCT,punct,1555,bleibt
1564,Der,der,DET,nk,1565,Bauer
1565,Bauer,Bauer,NOUN,ROOT,1565,Bauer
1566,sagte,sagen,VERB,ROOT,1566,sagte
1567,:,--,PUNCT,punct,1566,sagte
1568,»,--,PUNCT,punct,1570,bin
1569,Ich,ich,PRON,sb,1570,bin
1570,bin,sein,AUX,oc,1566,sagte
1571,es,es,PRON,ep,1570,bin
1572,zufrieden,zufrieden,ADV,pd,1570,bin
1573,",",--,PUNCT,punct,1570,bin
1574,aber,aber,CCONJ,cd,1570,bin
1575,es,es,PRON,sb,1576,ist
1576,ist,sein,AUX,cj,1574,aber
1577,doch,doch,ADV,mo,1576,ist
1578,eine,ein,DET,nk,1581,Sache
1579,sehr,sehr,ADV,mo,1580,heillose
1580,heillose,heillos,ADJ,nk,1581,Sache
1581,Sache,Sache,NOUN,pd,1576,ist
1582,;,--,PUNCT,punct,1566,sagte
1583,wer,wer,PRON,ROOT,1583,wer
1584,von,von,ADP,pg,1590,Teufel
1585,den,der,DET,nk,1586,beiden
1586,beiden,beide,PRON,nk,1584,von
1587,ist,sein,AUX,ROOT,1587,ist
1588,nun,nun,ADV,mo,1587,ist
1589,der,der,DET,nk,1590,Teufel
1590,Teufel,Teufel,NOUN,sb,1587,ist
1591,",",--,PUNCT,punct,1590,Teufel
1592,dieser,dieser,DET,nk,1594,Herr
1593,gnädige,gnädig,ADJ,nk,1594,Herr
1594,Herr,Herr,NOUN,app,1590,Teufel
1595,oder,oder,CCONJ,cd,1594,Herr
1596,der,der,DET,nk,1597,andre
1597,andre,Andre,PROPN,cj,1595,oder
1598,?,--,PUNCT,punct,1587,ist
1599,Es,es,PRON,ROOT,1599,Es
1600,könnte,können,AUX,ROOT,1600,könnte
1601,mich,mich,PRON,oa,1600,könnte
1602,dieser,dieser,PRON,oa,1600,könnte
1603,",",--,PUNCT,punct,1602,dieser
1604,der,der,PRON,sb,1607,scheint
1605,viel,viel,ADV,nk,1606,widerspenstiger
1606,widerspenstiger,widerspenstig,ADV,mo,1607,scheint
1607,scheint,scheinen,VERB,rc,1602,dieser
1608,",",--,PUNCT,punct,1607,scheint
1609,vielleicht,vielleicht,ADV,mo,1611,mit
1610,gar,gar,ADV,mo,1611,mit
1611,mit,mit,ADP,mo,1600,könnte
1612,über,über,ADV,mo,1600,könnte
1613,die,der,DET,nk,1614,Grenze
1614,Grenze,Grenze,NOUN,oa,1615,holen
1615,holen,holen,VERB,ROOT,1615,holen
1616,",",--,PUNCT,punct,1615,holen
1617,auch,auch,ADV,mo,1618,ist
1618,ist,sein,AUX,cj,1615,holen
1619,der,der,DET,nk,1620,Weg
1620,Weg,Weg,NOUN,sb,1618,ist
1621,jetzt,jetzt,ADV,mo,1622,gesperrt
1622,gesperrt,sperren,VERB,oc,1618,ist
1623,",",--,PUNCT,punct,1618,ist
1624,und,und,CCONJ,cd,1618,ist
1625,der,der,DET,nk,1626,andre
1626,andre,Andre,PROPN,sb,1627,war
1627,war,sein,AUX,cj,1624,und
1628,der,der,DET,sb,1627,war
1629,letzte,letzen,VERB,ROOT,1629,letzte
1630,;,--,PUNCT,punct,1629,letzte
1631,ich,ich,PRON,sb,1632,glaube
1632,glaube,glauben,VERB,ROOT,1632,glaube
1633,doch,doch,ADV,mo,1632,glaube
1634,",",--,PUNCT,punct,1632,glaube
1635,er,er,PRON,sb,1636,muß
1636,muß,müssen,AUX,oc,1632,glaube
1637,der,der,DET,nk,1638,Teufel
1638,Teufel,Teufel,NOUN,pd,1639,gewesen
1639,gewesen,sein,AUX,oc,1640,sein
1640,sein,sein,AUX,oc,1636,muß
1641,",",--,PUNCT,punct,1640,sein
1642,der,der,PRON,oa,1632,glaube
1643,bei,bei,ADP,mnr,1642,der
1644,der,der,DET,nk,1645,Pest
1645,Pest,Pest,NOUN,nk,1643,bei
1646,zu,zu,ADP,svp,1632,glaube
1647,tun,tun,VERB,oc,1648,hat
1648,hat,haben,AUX,ROOT,1648,hat
1649,.,--,PUNCT,punct,1648,hat
1650,«,--,PUNCT,punct,1648,hat
1651,–,--,PUNCT,punct,1653,Was
1652,»,--,PUNCT,punct,1653,Was
1653,Was,was,PRON,sb,1656,schrie
1654,«,--,PUNCT,punct,1653,Was
1655,",",--,PUNCT,punct,1656,schrie
1656,schrie,schreien,VERB,ROOT,1656,schrie
1657,Wehmüller,Wehmüller,PROPN,sb,1656,schrie
1658,",",--,PUNCT,punct,1656,schrie
1659,»,--,PUNCT,punct,1656,schrie
1660,der,der,DET,nk,1661,Teufel
1661,Teufel,Teufel,NOUN,dep,1656,schrie
1662,mit,mit,ADP,mnr,1661,Teufel
1663,dem,der,DET,nk,1664,Porträt
1664,Porträt,Porträt,NOUN,nk,1662,mit
1665,meiner,mein,DET,nk,1666,Frau
1666,Frau,Frau,NOUN,ag,1664,Porträt
1667,!,--,PUNCT,punct,1656,schrie
1668,Ich,ich,PRON,sb,1669,werde
1669,werde,werden,AUX,ROOT,1669,werde
1670,verrückt,verrückt,ADV,oc,1669,werde
1671,;,--,PUNCT,punct,1669,werde
1672,gesperrt,sperren,VERB,ROOT,1672,gesperrt
1673,oder,oder,CCONJ,cd,1672,gesperrt
1674,nicht,nicht,PART,ng,1675,gesperrt
1675,gesperrt,sperren,VERB,cj,1673,oder
1676,",",--,PUNCT,punct,1672,gesperrt
1677,ich,ich,PRON,sb,1678,muß
1678,muß,müssen,AUX,cj,1672,gesperrt
1679,fort,fort,ADV,svp,1678,muß
1680,",",--,PUNCT,punct,1678,muß
1681,der,der,PRON,ROOT,1681,der
1682,scheußlichste,scheußlich,ADJ,nk,1683,Betrug
1683,Betrug,Betrug,NOUN,sb,1684,muß
1684,muß,müssen,AUX,ROOT,1684,muß
1685,entdeckt,entdecken,VERB,oc,1686,werden
1686,werden,werden,AUX,oc,1684,muß
1687,.,--,PUNCT,punct,1684,muß
1688,Ach,ach,INTJ,dm,1695,kann
1689,",",--,PUNCT,punct,1695,kann
1690,meine,mein,DET,nk,1692,Frau
1691,arme,arm,ADJ,nk,1692,Frau
1692,Frau,Frau,NOUN,vo,1695,kann
1693,",",--,PUNCT,punct,1695,kann
1694,wie,wie,SCONJ,mo,1695,kann
1695,kann,können,AUX,ROOT,1695,kann
1696,sie,sie,PRON,sb,1695,kann
1697,getäuscht,täuschen,VERB,oc,1698,werden
1698,werden,werden,AUX,ROOT,1698,werden
1699,!,--,PUNCT,punct,1698,werden
1700,Adie,Adie,NOUN,sb,1710,will
1701,",",--,PUNCT,punct,1700,Adie
1702,Lury,Lury,NOUN,cj,1700,Adie
1703,",",--,PUNCT,punct,1700,Adie
1704,ich,ich,PRON,sb,1705,brauche
1705,brauche,brauchen,VERB,cj,1702,Lury
1706,keinen,kein,DET,nk,1707,Boten
1707,Boten,Boten,NOUN,oa,1705,brauche
1708,",",--,PUNCT,punct,1710,will
1709,ich,ich,PRON,sb,1710,will
1710,will,wollen,AUX,ROOT,1710,will
1711,schon,schon,ADV,mo,1710,will
1712,allein,allein,ADV,mo,1710,will
1713,finden,finden,VERB,ROOT,1713,finden
1714,.,--,PUNCT,punct,1713,finden
1715,«,--,PUNCT,punct,1713,finden
1716,Und,und,CCONJ,ju,1718,lief
1717,somit,somit,ADV,mo,1718,lief
1718,lief,laufen,VERB,ROOT,1718,lief
1719,er,er,PRON,sb,1718,lief
1720,zum,zu,ADP,mo,1718,lief
1721,offnen,offn,ADJ,nk,1722,Hoftore
1722,Hoftore,Hoftore,NOUN,nk,1720,zum
1723,mit,mit,ADP,mnr,1722,Hoftore
1724,solcher,solcher,DET,nk,1725,Schnelligkeit
1725,Schnelligkeit,Schnelligkeit,NOUN,nk,1723,mit
1726,hinaus,hinaus,ADV,svp,1718,lief
1727,",",--,PUNCT,punct,1718,lief
1728,daß,daß,SCONJ,cp,1739,konnte
1729,ihn,ihn,PRON,oa,1738,einholen
1730,weder,weder,CCONJ,cd,1733,Bauer
1731,der,der,DET,nk,1733,Bauer
1732,nachlaufende,nachlaufend,ADJ,nk,1733,Bauer
1733,Bauer,Bauer,NOUN,sb,1739,konnte
1734,noch,noch,ADV,cd,1733,Bauer
1735,das,der,DET,nk,1736,Geschrei
1736,Geschrei,Geschrei,NOUN,cj,1734,noch
1737,Lurys,Lurys,PROPN,nk,1736,Geschrei
1738,einholen,einholen,VERB,oc,1739,konnte
1739,konnte,können,AUX,ROOT,1739,konnte
1740,.,--,PUNCT,punct,1739,konnte
1741,Nach,nach,ADP,mo,1744,trat
1742,dieser,dieser,DET,nk,1743,Szene
1743,Szene,Szene,NOUN,nk,1741,Nach
1744,trat,treten,VERB,ROOT,1744,trat
1745,der,der,DET,nk,1746,Graf
1746,Graf,Graf,NOUN,sb,1744,trat
1747,Giulowitsch,Giulowitsch,PROPN,nk,1746,Graf
1748,",",--,PUNCT,punct,1746,Graf
1749,der,der,DET,nk,1750,Prinzipal
1750,Prinzipal,Prinzipal,NOUN,app,1746,Graf
1751,Lurys,Lurys,PROPN,nk,1750,Prinzipal
1752,",",--,PUNCT,punct,1746,Graf
1753,aus,aus,ADP,mo,1744,trat
1754,dem,der,PRON,nk,1753,aus
1755,Schlosse,Schloß,NOUN,ROOT,1755,Schlosse
1756,",",--,PUNCT,punct,1755,Schlosse
1757,um,um,SCONJ,cp,1762,fahren
1758,auf,auf,ADP,mo,1762,fahren
1759,seinen,sein,DET,nk,1760,Finkenherd
1760,Finkenherd,Finkenherd,NOUN,nk,1758,auf
1761,zu,zu,PART,pm,1762,fahren
1762,fahren,fahren,VERB,mnr,1755,Schlosse
1763,.,--,PUNCT,punct,1755,Schlosse
1764,Lury,Lury,PROPN,sb,1765,erzählte
1765,erzählte,erzählen,VERB,ROOT,1765,erzählte
1766,ihm,ihm,PRON,da,1765,erzählte
1767,die,der,DET,nk,1768,Geschichte
1768,Geschichte,Geschichte,NOUN,oa,1765,erzählte
1769,",",--,PUNCT,punct,1765,erzählte
1770,und,und,CCONJ,ju,1783,bestieg
1771,der,der,DET,nk,1772,Graf
1772,Graf,Graf,NOUN,sb,1783,bestieg
1773,",",--,PUNCT,punct,1772,Graf
1774,neugierig,neugierig,ADV,par,1772,Graf
1775,",",--,PUNCT,punct,1772,Graf
1776,mehr,mehr,ADV,mo,1781,hören
1777,von,von,ADP,op,1781,hören
1778,der,der,DET,nk,1779,Sache
1779,Sache,Sache,NOUN,nk,1777,von
1780,zu,zu,PART,pm,1781,hören
1781,hören,hören,VERB,oc,1772,Graf
1782,",",--,PUNCT,punct,1783,bestieg
1783,bestieg,bestieg,VERB,ROOT,1783,bestieg
1784,seinen,sein,DET,nk,1785,Wurstwagen
1785,Wurstwagen,Wurstwag,NOUN,da,1783,bestieg
1786,und,und,CCONJ,ju,1787,fuhr
1787,fuhr,fahren,VERB,ROOT,1787,fuhr
1788,dem,der,DET,nk,1789,Maler
1789,Maler,Maler,NOUN,da,1787,fuhr
1790,in,in,ADP,mo,1787,fuhr
1791,vollem,voll,ADJ,nk,1792,Trabe
1792,Trabe,Trabe,NOUN,nk,1790,in
1793,nach,nach,ADP,svp,1787,fuhr
1794,;,--,PUNCT,punct,1787,fuhr
1795,das,der,DET,nk,1797,Fuhrwerk
1796,leichte,leicht,ADJ,nk,1797,Fuhrwerk
1797,Fuhrwerk,Fuhrwerk,NOUN,ROOT,1797,Fuhrwerk
1798,",",--,PUNCT,punct,1797,Fuhrwerk
1799,mit,mit,ADP,par,1797,Fuhrwerk
1800,zwei,zwei,NUM,nk,1801,raschen
1801,raschen,rasch,ADJ,nk,1799,mit
1802,Pferden,Pferd,NOUN,sb,1803,bespannt
1803,bespannt,bespannen,VERB,sb,1805,flog
1804,",",--,PUNCT,punct,1805,flog
1805,flog,fliegen,VERB,ROOT,1805,flog
1806,über,über,ADP,mo,1805,flog
1807,die,der,DET,nk,1808,Stoppelfelder
1808,Stoppelfelder,Stoppelfeld,NOUN,nk,1806,über
1809,",",--,PUNCT,punct,1808,Stoppelfelder
1810,welche,welcher,PRON,sb,1813,Boden
1811,einen,ein,DET,nk,1813,Boden
1812,festeren,fest,ADJ,nk,1813,Boden
1813,Boden,Boden,NOUN,oa,1805,flog
1814,als,als,ADP,mnr,1813,Boden
1815,die,der,DET,nk,1817,Landstraße
1816,moorichte,mooricht,ADJ,nk,1817,Landstraße
1817,Landstraße,Landstraße,NOUN,sb,1818,darboten
1818,darboten,darboen,VERB,ROOT,1818,darboten
1819,.,--,PUNCT,punct,1818,darboten
1820,Bald,bald,ADV,mo,1824,eingeholt
1821,war,sein,AUX,ROOT,1821,war
1822,der,der,DET,nk,1823,Maler
1823,Maler,Maler,NOUN,sb,1821,war
1824,eingeholt,einholen,VERB,oc,1821,war
1825,",",--,PUNCT,punct,1821,war
1826,der,der,DET,nk,1827,Graf
1827,Graf,Graf,NOUN,sb,1828,bat
1828,bat,bitten,VERB,cj,1821,war
1829,ihn,ihn,PRON,oa,1831,aufzusitzen
1830,",",--,PUNCT,punct,1829,ihn
1831,aufzusitzen,aufzusitzen,VERB,ROOT,1831,aufzusitzen
1832,",",--,PUNCT,punct,1831,aufzusitzen
1833,mit,mit,ADP,mo,1831,aufzusitzen
1834,dem,der,DET,nk,1835,Anerbieten
1835,Anerbieten,Anerbiet,NOUN,nk,1833,mit
1836,",",--,PUNCT,punct,1835,Anerbieten
1837,ihn,ihn,PRON,oa,1839,Meilen
1838,einige,einiger,DET,nk,1839,Meilen
1839,Meilen,Meile,NOUN,cj,1831,aufzusitzen
1840,bis,bis,ADP,ac,1841,an
1841,an,an,ADP,mo,1831,aufzusitzen
1842,die,der,DET,nk,1843,Grenze
1843,Grenze,Grenze,NOUN,nk,1841,an
1844,seiner,sein,DET,nk,1845,Güter
1845,Güter,Gut,NOUN,ROOT,1845,Güter
1846,zu,zu,PART,pm,1847,bringen
1847,bringen,bringen,VERB,oc,1845,Güter
1848,",",--,PUNCT,punct,1847,bringen
1849,wo,wo,SCONJ,mo,1855,nach
1850,er,er,PRON,sb,1855,nach
1851,noch,noch,ADV,mo,1854,Stunde
1852,eine,ein,DET,nk,1854,Stunde
1853,halbe,halb,ADJ,nk,1854,Stunde
1854,Stunde,Stunde,NOUN,mo,1855,nach
1855,nach,nach,ADP,ROOT,1855,nach
1856,dem,der,DET,nk,1857,letzten
1857,letzten,letzter,ADJ,nk,1855,nach
1858,Grenzdorf,Grenzdorf,NOUN,sb,1859,habe
1859,habe,haben,VERB,ROOT,1859,habe
1860,.,--,PUNCT,punct,1859,habe
1861,Wehmüller,Wehmüller,NOUN,ROOT,1861,Wehmüller
1862,",",--,PUNCT,punct,1861,Wehmüller
1863,der,der,PRON,sb,1861,Wehmüller
1864,schon,schon,ADV,mo,1865,viel
1865,viel,viel,DET,nk,1866,Grund
1866,Grund,Grund,NOUN,pd,1863,der
1867,und,und,CCONJ,cd,1866,Grund
1868,Boden,Boden,NOUN,cj,1867,und
1869,an,an,ADP,mnr,1866,Grund
1870,seinen,sein,DET,nk,1871,Stiefeln
1871,Stiefeln,Stiefel,NOUN,nk,1869,an
1872,hängen,hängen,VERB,oc,1873,hatte
1873,hatte,haben,AUX,mo,1875,nahm
1874,",",--,PUNCT,punct,1875,nahm
1875,nahm,nehmen,VERB,ROOT,1875,nahm
1876,den,der,DET,nk,1877,Vorschlag
1877,Vorschlag,Vorschlag,NOUN,oa,1875,nahm
1878,mit,mit,ADP,mnr,1877,Vorschlag
1879,untertänigstem,untertänigst,ADJ,nk,1880,Dank
1880,Dank,Dank,NOUN,nk,1878,mit
1881,an,an,ADP,svp,1875,nahm
1882,.,--,PUNCT,punct,1875,nahm
1883,Er,er,PRON,sb,1884,mußte
1884,mußte,müssen,AUX,ROOT,1884,mußte
1885,einige,einiger,PRON,oa,1884,mußte
1886,Züge,Zug,NOUN,nk,1888,Slibowitz
1887,alten,alt,ADJ,nk,1888,Slibowitz
1888,Slibowitz,Slibowitz,NOUN,oa,1893,tun
1889,aus,aus,ADP,mo,1893,tun
1890,des,der,DET,nk,1891,Grafen
1891,Grafen,graf,ADJ,nk,1892,Jagdflasche
1892,Jagdflasche,Jagdflasche,NOUN,nk,1889,aus
1893,tun,tun,VERB,ROOT,1893,tun
1894,und,und,CCONJ,cd,1893,tun
1895,fand,finden,VERB,cj,1894,und
1896,dadurch,dadurch,ADV,mo,1895,fand
1897,schon,schon,ADV,mo,1895,fand
1898,etwas,etwas,ADV,mo,1899,mehr
1899,mehr,mehr,DET,nk,1900,Mut
1900,Mut,Mut,NOUN,ROOT,1900,Mut
1901,",",--,PUNCT,punct,1900,Mut
1902,sich,sich,PRON,oa,1911,nachzueilen
1903,selbst,selbst,ADV,mo,1904,auf
1904,auf,auf,ADP,mo,1911,nachzueilen
1905,der,der,DET,nk,1907,Fährte
1906,eignen,eign,ADJ,nk,1907,Fährte
1907,Fährte,Fährte,NOUN,nk,1904,auf
1908,zu,zu,ADP,mnr,1907,Fährte
1909,seiner,sein,DET,nk,1910,Frau
1910,Frau,Frau,NOUN,nk,1908,zu
1911,nachzueilen,nacheilen,VERB,oc,1900,Mut
1912,.,--,PUNCT,punct,1900,Mut
1913,Der,der,DET,nk,1914,Graf
1914,Graf,Graf,NOUN,sb,1915,fragte
1915,fragte,fragen,VERB,ROOT,1915,fragte
1916,ihn,ihn,PRON,oa,1915,fragte
1917,",",--,PUNCT,punct,1915,fragte
1918,ob,ob,SCONJ,cp,1922,kenne
1919,er,er,PRON,sb,1922,kenne
1920,denn,denn,ADV,mo,1922,kenne
1921,niemand,niemand,PRON,oa,1922,kenne
1922,kenne,kennen,VERB,oc,1915,fragte
1923,",",--,PUNCT,punct,1922,kenne
1924,der,der,PRON,sb,1928,sei
1925,ihm,ihm,PRON,da,1928,sei
1926,so,so,ADV,mo,1927,ähnlich
1927,ähnlich,ähnlich,ADV,pd,1928,sei
1928,sei,sein,AUX,rc,1921,niemand
1929,und,und,CCONJ,cd,1928,sei
1930,so,so,ADV,mo,1929,und
1931,malen,malen,VERB,oc,1932,könne
1932,könne,können,AUX,ROOT,1932,könne
1933,wie,wie,ADP,cm,1934,er
1934,er,er,PRON,sb,1932,könne
1935,.,--,PUNCT,punct,1932,könne
1936,Wehmüller,Wehmüller,NOUN,sb,1937,sagte
1937,sagte,sagen,VERB,ROOT,1937,sagte
1938,nein,nein,PART,svp,1937,sagte
1939,",",--,PUNCT,punct,1937,sagte
1940,und,und,CCONJ,cd,1937,sagte
1941,das,der,DET,nk,1942,Porträt
1942,Porträt,Porträt,NOUN,sb,1943,ängstige
1943,ängstige,ängstigen,VERB,cj,1940,und
1944,ihn,ihn,PRON,oa,1943,ängstige
1945,am,an,ADP,svp,1943,ängstige
1946,meisten,meister,VERB,ROOT,1946,meisten
1947,",",--,PUNCT,punct,1946,meisten
1948,denn,denn,CCONJ,cd,1946,meisten
1949,dadurch,dadurch,ADV,mo,1950,zeige
1950,zeige,zeigen,VERB,cj,1948,denn
1951,sich,sich,PRON,oa,1950,zeige
1952,eine,ein,DET,nk,1953,Beziehung
1953,Beziehung,Beziehung,NOUN,sb,1950,zeige
1954,des,der,DET,nk,1956,Wehmüllers
1955,falschen,falsch,ADJ,nk,1956,Wehmüllers
1956,Wehmüllers,Wehmüller,NOUN,ag,1953,Beziehung
1957,auf,auf,ADP,svp,1950,zeige
1958,seine,sein,DET,nk,1959,Frau
1959,Frau,Frau,NOUN,ROOT,1959,Frau
1960,",",--,PUNCT,punct,1959,Frau
1961,welche,welcher,PRON,sb,1966,könne
1962,ihm,ihm,PRON,da,1965,werden
1963,besonders,besonders,ADV,mo,1964,fatal
1964,fatal,fatal,ADV,pd,1965,werden
1965,werden,werden,AUX,oc,1966,könne
1966,könne,können,AUX,rc,1959,Frau
1967,.,--,PUNCT,punct,1959,Frau
1968,Der,der,DET,nk,1969,Graf
1969,Graf,Graf,NOUN,sb,1970,sagte
1970,sagte,sagen,VERB,ROOT,1970,sagte
1971,ihm,ihm,PRON,da,1970,sagte
1972,",",--,PUNCT,punct,1970,sagte
1973,der,der,PRON,dep,1970,sagte
1974,falsche,falsch,ADJ,nk,1975,Wehmüller
1975,Wehmüller,Wehmüller,NOUN,sb,1976,sei
1976,sei,sein,AUX,ROOT,1976,sei
1977,wohl,wohl,ADV,mo,1976,sei
1978,nur,nur,ADV,mo,1980,Strafe
1979,eine,ein,DET,nk,1980,Strafe
1980,Strafe,Strafe,NOUN,pd,1976,sei
1981,Gottes,Gott,NOUN,ag,1980,Strafe
1982,für,für,ADP,mnr,1980,Strafe
1983,den,der,DET,nk,1985,Wehmüller
1984,echten,echt,ADJ,nk,1985,Wehmüller
1985,Wehmüller,Wehmüller,NOUN,nk,1982,für
1986,",",--,PUNCT,punct,1980,Strafe
1987,weil,weil,SCONJ,cp,1994,male
1988,dieser,dieser,PRON,sb,1994,male
1989,alle,aller,DET,nk,1990,Ungarn
1990,Ungarn,Ungar,NOUN,sb,1994,male
1991,über,über,ADP,mnr,1990,Ungarn
1992,einen,ein,DET,nk,1993,Leisten
1993,Leisten,Leiste,NOUN,nk,1991,über
1994,male,malen,VERB,ROOT,1994,male
1995,;,--,PUNCT,punct,1994,male
1996,so,so,ADV,mo,1997,gäbe
1997,gäbe,geben,VERB,ROOT,1997,gäbe
1998,es,es,PRON,ep,1997,gäbe
1999,jetzt,jetzt,ADV,mo,1997,gäbe
2000,auch,auch,ADV,mo,1997,gäbe
2001,mehrere,mehrere,PRON,oa,1997,gäbe
2002,Wehmüller,Wehmüller,NOUN,ROOT,2002,Wehmüller
2003,über,über,ADP,op,2002,Wehmüller
2004,einen,ein,DET,nk,2005,Leisten
2005,Leisten,Leiste,NOUN,nk,2003,über
2006,.,--,PUNCT,punct,2002,Wehmüller
2007,Wehmüller,Wehmüller,NOUN,sb,2008,meinte
2008,meinte,meinen,VERB,ROOT,2008,meinte
2009,",",--,PUNCT,punct,2008,meinte
2010,alles,alle,PRON,sb,2011,sei
2011,sei,sein,AUX,oc,2008,meinte
2012,ihm,ihm,PRON,da,2013,einerlei
2013,einerlei,einerlei,ADV,pd,2011,sei
2014,",",--,PUNCT,punct,2011,sei
2015,aber,aber,CCONJ,cd,2011,sei
2016,seine,sein,DET,nk,2017,Frau
2017,Frau,Frau,NOUN,ROOT,2017,Frau
2018,",",--,PUNCT,punct,2017,Frau
2019,seine,sein,DET,nk,2020,Frau
2020,Frau,Frau,NOUN,app,2017,Frau
2021,",",--,PUNCT,punct,2017,Frau
2022,wenn,wenn,SCONJ,cp,2027,irre
2023,die,der,PRON,sb,2027,irre
2024,sich,sich,PRON,oa,2027,irre
2025,nur,nur,ADV,mo,2026,nicht
2026,nicht,nicht,PART,ng,2027,irre
2027,irre,irren,VERB,mnr,2017,Frau
2028,.,--,PUNCT,punct,2017,Frau
2029,Der,der,DET,nk,2030,Graf
2030,Graf,Graf,NOUN,sb,2031,stellte
2031,stellte,stellen,VERB,ROOT,2031,stellte
2032,ihm,ihm,PRON,da,2031,stellte
2033,nochmals,nochmals,ADV,ROOT,2033,nochmals
2034,vor,vor,ADP,ROOT,2034,vor
2035,",",--,PUNCT,punct,2034,vor
2036,er,er,PRON,sb,2037,möge
2037,möge,mögen,AUX,oc,2034,vor
2038,lieber,lieber,ADV,mo,2037,möge
2039,mit,mit,ADP,mo,2038,lieber
2040,ihm,ihm,PRON,nk,2039,mit
2041,auf,auf,ADP,mo,2037,möge
2042,seinen,sein,DET,nk,2043,Finkenherd
2043,Finkenherd,Finkenherd,NOUN,nk,2041,auf
2044,und,und,CCONJ,cd,2041,auf
2045,dann,dann,ADV,cj,2044,und
2046,zurückfahren,zurückfahren,VERB,ROOT,2046,zurückfahren
2047,;,--,PUNCT,punct,2046,zurückfahren
2048,er,er,PRON,sb,2049,gefährde
2049,gefährde,gefährden,VERB,ROOT,2049,gefährde
2050,",",--,PUNCT,punct,2049,gefährde
2051,wenn,wenn,SCONJ,cp,2057,Pestkordon
2052,er,er,PRON,sb,2057,Pestkordon
2053,auch,auch,ADV,mo,2055,unwahrscheinlich
2054,höchst,höchst,ADV,mo,2055,unwahrscheinlich
2055,unwahrscheinlich,unwahrscheinlich,ADV,mo,2057,Pestkordon
2056,den,der,DET,nk,2057,Pestkordon
2057,Pestkordon,Pestkordon,PROPN,mo,2049,gefährde
2058,durchschleichen,durchschleichen,VERB,oc,2059,sollte
2059,sollte,sollen,AUX,ROOT,2059,sollte
2060,",",--,PUNCT,punct,2059,sollte
2061,jenseits,jenseits,ADP,mo,2066,sterben
2062,an,an,ADP,mo,2066,sterben
2063,der,der,DET,nk,2064,Pest
2064,Pest,Pest,NOUN,nk,2062,an
2065,zu,zu,PART,pm,2066,sterben
2066,sterben,sterben,VERB,mo,2058,durchschleichen
2067,.,--,PUNCT,punct,2059,sollte
2068,Wehmüller,Wehmüller,NOUN,sb,2070,meinte
2069,aber,aber,ADV,mo,2070,meinte
2070,meinte,meinen,VERB,ROOT,2070,meinte
2071,:,--,PUNCT,punct,2070,meinte
2072,»,--,PUNCT,punct,2083,ist
2073,Ein,ein,DET,nk,2075,Wehmüller
2074,zweiter,zweiter,ADJ,nk,2075,Wehmüller
2075,Wehmüller,Wehmüller,NOUN,sb,2083,ist
2076,",",--,PUNCT,punct,2075,Wehmüller
2077,der,der,PRON,sb,2081,reist
2078,zu,zu,ADP,mo,2081,reist
2079,meiner,mein,DET,nk,2080,Frau
2080,Frau,Frau,NOUN,nk,2078,zu
2081,reist,reisen,VERB,rc,2075,Wehmüller
2082,",",--,PUNCT,punct,2083,ist
2083,ist,sein,AUX,ROOT,2083,ist
2084,auch,auch,ADV,mo,2086,Pest
2085,eine,ein,DET,nk,2086,Pest
2086,Pest,Pest,NOUN,pd,2083,ist
2087,",",--,PUNCT,punct,2086,Pest
2088,an,an,ADP,mnr,2086,Pest
2089,der,der,PRON,nk,2088,an
2090,man,man,PRON,sb,2092,kann
2091,sterben,sterben,VERB,oc,2092,kann
2092,kann,können,AUX,ROOT,2092,kann
2093,«,--,PUNCT,punct,2092,kann
2094,",",--,PUNCT,punct,2092,kann
2095,und,und,CCONJ,cd,2092,kann
2096,er,er,PRON,sb,2097,wolle
2097,wolle,wollen,AUX,cj,2095,und
2098,so,so,ADV,mo,2099,wenig
2099,wenig,wenig,PRON,oa,2097,wolle
2100,als,als,ADP,cm,2102,Schneegänse
2101,die,der,DET,nk,2102,Schneegänse
2102,Schneegänse,Schneegänse,NOUN,cc,2098,so
2103,",",--,PUNCT,punct,2102,Schneegänse
2104,welche,welcher,PRON,sb,2105,schreiend
2105,schreiend,schreiend,ADV,mo,2097,wolle
2106,über,über,ADP,mo,2108,hinstrichen
2107,ihnen,ihnen,PRON,nk,2106,über
2108,hinstrichen,hinstrichen,VERB,ROOT,2108,hinstrichen
2109,",",--,PUNCT,punct,2112,respektieren
2110,den,der,DET,nk,2111,Pestkordon
2111,Pestkordon,Pestkordon,NOUN,oa,2112,respektieren
2112,respektieren,respektieren,VERB,oc,2108,hinstrichen
2113,;,--,PUNCT,punct,2108,hinstrichen
2114,er,er,PRON,sb,2115,habe
2115,habe,haben,VERB,ROOT,2115,habe
2116,keine,kein,DET,nk,2117,Ruhe
2117,Ruhe,Ruhe,NOUN,oa,2115,habe
2118,",",--,PUNCT,punct,2117,Ruhe
2119,bis,bis,SCONJ,cp,2120,er
2120,er,er,PRON,mo,2115,habe
2121,bei,bei,ADP,mo,2124,sei
2122,seiner,sein,DET,nk,2123,Tonerl
2123,Tonerl,Tonerl,NOUN,nk,2121,bei
2124,sei,sein,AUX,ROOT,2124,sei
2125,.,--,PUNCT,punct,2124,sei
2126,So,so,ADV,mo,2127,kamen
2127,kamen,kommen,VERB,ROOT,2127,kamen
2128,sie,sie,PRON,sb,2127,kamen
2129,bis,bis,ADP,ac,2130,auf
2130,auf,auf,ADP,mo,2127,kamen
2131,die,der,DET,nk,2132,Grenze
2132,Grenze,Grenze,NOUN,nk,2130,auf
2133,der,der,DET,nk,2134,Giulowitschschen
2134,Giulowitschschen,giulowitschschen,NOUN,ag,2132,Grenze
2135,Güter,Gut,NOUN,ROOT,2135,Güter
2136,",",--,PUNCT,punct,2135,Güter
2137,und,und,CCONJ,cd,2135,Güter
2138,der,der,DET,nk,2139,Graf
2139,Graf,Graf,NOUN,cj,2137,und
2140,schenkte,schenkt,ADJ,nk,2141,Wehmüllern
2141,Wehmüllern,Wehmüller,NOUN,nk,2139,Graf
2142,noch,noch,ADV,mo,2144,Flasche
2143,eine,ein,DET,nk,2144,Flasche
2144,Flasche,Flasche,NOUN,pd,2135,Güter
2145,Tokaier,Tokaier,PROPN,nk,2144,Flasche
2146,mit,mit,ADP,mnr,2144,Flasche
2147,den,der,DET,nk,2146,mit
2148,Worten,Wort,NOUN,ROOT,2148,Worten
2149,:,--,PUNCT,punct,2148,Worten
2150,»,--,PUNCT,punct,2159,werden
2151,Wenn,wenn,SCONJ,cp,2154,ausstechen
2152,Sie,sie,PRON,sb,2154,ausstechen
2153,diese,dieser,PRON,oa,2154,ausstechen
2154,ausstechen,ausstechen,VERB,mo,2159,werden
2155,",",--,PUNCT,punct,2154,ausstechen
2156,lieber,lieb,ADJ,mo,2157,Wehmüller
2157,Wehmüller,Wehmüller,NOUN,cj,2154,ausstechen
2158,",",--,PUNCT,punct,2159,werden
2159,werden,werden,AUX,rs,2148,Worten
2160,Sie,sie,PRON,sb,2159,werden
2161,sich,sich,PRON,oa,2159,werden
2162,nicht,nicht,PART,ng,2159,werden
2163,wundern,wundern,VERB,ROOT,2163,wundern
2164,",",--,PUNCT,punct,2163,wundern
2165,daß,daß,SCONJ,cp,2169,gesehn
2166,man,man,PRON,sb,2169,gesehn
2167,Sie,sie,PRON,oa,2169,gesehn
2168,doppelt,doppelt,ADV,mo,2169,gesehn
2169,gesehn,gesehn,NUM,oc,2163,wundern
2170,",",--,PUNCT,punct,2163,wundern
2171,denn,denn,CCONJ,cd,2163,wundern
2172,Sie,sie,PRON,sb,2174,werden
2173,selbst,selbst,ADV,mnr,2172,Sie
2174,werden,werden,AUX,cj,2171,denn
2175,alles,alle,PRON,sb,2174,werden
2176,doppelt,doppelt,ADV,mo,2177,sehn
2177,sehn,sehn,NUM,oc,2174,werden
2178,;,--,PUNCT,punct,2163,wundern
2179,geben,geben,VERB,ROOT,2179,geben
2180,Sie,sie,PRON,sb,2179,geben
2181,uns,uns,PRON,oa,2179,geben
2182,so,so,ADV,mo,2183,bald
2183,bald,bald,ADV,mo,2179,geben
2184,als,als,ADP,mo,2179,geben
2185,möglich,möglich,ADV,nk,2184,als
2186,Bericht,Bericht,NOUN,nk,2184,als
2187,von,von,ADP,pg,2186,Bericht
2188,Ihrem,ihr,DET,nk,2189,Abenteuer
2189,Abenteuer,Abenteuer,NOUN,nk,2187,von
2190,",",--,PUNCT,punct,2179,geben
2191,und,und,CCONJ,cd,2179,geben
2192,möge,mögen,AUX,cj,2191,und
2193,Ihre,ihr,DET,sb,2192,möge
2194,Gemahlin,Gemahlin,ADV,mo,2196,sehen
2195,anders,anders,ADV,mo,2196,sehen
2196,sehen,sehen,VERB,ROOT,2196,sehen
2197,",",--,PUNCT,punct,2196,sehen
2198,als,als,SCONJ,cp,2202,hat
2199,der,der,DET,nk,2200,Bauer
2200,Bauer,Bauer,NOUN,sb,2202,hat
2201,gesehen,sehen,VERB,oc,2202,hat
2202,hat,haben,AUX,mo,2196,sehen
2203,.,--,PUNCT,punct,2196,sehen
2204,Leben,leben,VERB,ROOT,2204,Leben
2205,Sie,sie,PRON,sb,2204,Leben
2206,wohl,wohl,ADV,mo,2204,Leben
2207,!,--,PUNCT,punct,2204,Leben
2208,«,--,PUNCT,punct,2204,Leben
2209,Nun,nun,ADV,mo,2210,eilte
2210,eilte,eilt,ADJ,nk,2211,Wehmüller
2211,Wehmüller,Wehmüller,NOUN,sb,2214,schnell
2212,",",--,PUNCT,punct,2213,so
2213,so,so,ADV,mo,2214,schnell
2214,schnell,schnell,ADV,pd,2216,konnte
2215,er,er,PRON,sb,2216,konnte
2216,konnte,können,AUX,ROOT,2216,konnte
2217,",",--,PUNCT,punct,2216,konnte
2218,nach,nach,ADP,mo,2216,konnte
2219,dem,der,DET,nk,2221,Dorf
2220,nächsten,nächster,ADJ,nk,2221,Dorf
2221,Dorf,Dorf,NOUN,nk,2218,nach
2222,",",--,PUNCT,punct,2216,konnte
2223,und,und,CCONJ,cd,2216,konnte
2224,kaum,kaum,ADV,mo,2225,war
2225,war,sein,AUX,cj,2223,und
2226,er,er,PRON,sb,2233,eingetreten
2227,in,in,ADP,mo,2233,eingetreten
2228,die,der,DET,nk,2232,Schenke
2229,kleine,klein,ADJ,nk,2232,Schenke
2230,",",--,PUNCT,punct,2229,kleine
2231,dumpfichte,dumpficht,ADJ,cj,2229,kleine
2232,Schenke,Schenk,NOUN,nk,2227,in
2233,eingetreten,eintreten,VERB,ROOT,2233,eingetreten
2234,",",--,PUNCT,punct,2233,eingetreten
2235,als,als,SCONJ,cm,2238,Wirtin
2236,die,der,DET,nk,2238,Wirtin
2237,alte,alt,ADJ,nk,2238,Wirtin
2238,Wirtin,Wirtin,NOUN,ROOT,2238,Wirtin
2239,",",--,PUNCT,punct,2238,Wirtin
2240,in,in,ADP,app,2238,Wirtin
2241,Husarenuniform,Husarenuniform,NOUN,sb,2244,entgegenschrie
2242,",",--,PUNCT,punct,2241,Husarenuniform
2243,ihm,ihm,PRON,da,2244,entgegenschrie
2244,entgegenschrie,entgegenschrie,VERB,ROOT,2244,entgegenschrie
2245,:,--,PUNCT,punct,2244,entgegenschrie
2246,»,--,PUNCT,punct,2247,Ha
2247,Ha,Ha,X,rs,2244,entgegenschrie
2248,",",--,PUNCT,punct,2247,Ha
2249,ha,ha,X,pd,2247,Ha
2250,!,--,PUNCT,punct,2244,entgegenschrie
2251,da,da,ADV,mo,2252,sind
2252,sind,sein,AUX,ROOT,2252,sind
2253,der,der,DET,nk,2254,Herr
2254,Herr,Herr,NOUN,sb,2252,sind
2255,wieder,wieder,ADV,mo,2252,sind
2256,zurück,zurück,ADV,svp,2252,sind
2257,",",--,PUNCT,punct,2252,sind
2258,ich,ich,PRON,sb,2262,gesagt
2259,hab,hab,AUX,oa,2262,gesagt
2260,es,es,PRON,oa,2262,gesagt
2261,gleich,gleich,ADV,mo,2262,gesagt
2262,gesagt,sagen,VERB,ROOT,2262,gesagt
2263,",",--,PUNCT,punct,2262,gesagt
2264,daß,daß,SCONJ,cp,2270,würden
2265,Sie,sie,PRON,sb,2270,würden
2266,nicht,nicht,PART,dep,2270,würden
2267,durch,durch,ADP,mo,2271,hinübergelassen
2268,den,der,DET,nk,2269,Kordon
2269,Kordon,Kordon,NOUN,nk,2267,durch
2270,würden,werden,AUX,oc,2262,gesagt
2271,hinübergelassen,hinübergelassen,VERB,oc,2270,würden
2272,werden,werden,AUX,ROOT,2272,werden
2273,.,--,PUNCT,punct,2272,werden
2274,«,--,PUNCT,punct,2272,werden
2275,Wehmüller,Wehmüller,NOUN,sb,2276,sagte
2276,sagte,sagen,VERB,ROOT,2276,sagte
2277,",",--,PUNCT,punct,2276,sagte
2278,daß,daß,SCONJ,cp,2282,gewesen
2279,er,er,PRON,sb,2282,gewesen
2280,hier,hier,ADV,mo,2282,gewesen
2281,niemals,niemals,ADV,mo,2282,gewesen
2282,gewesen,sein,AUX,oc,2276,sagte
2283,",",--,PUNCT,punct,2276,sagte
2284,und,und,CCONJ,cd,2276,sagte
2285,daß,daß,SCONJ,cp,2288,jetzt
2286,er,er,PRON,sb,2285,daß
2287,gleich,gleich,ADV,mo,2288,jetzt
2288,jetzt,jetzt,ADV,mo,2276,sagte
2289,erst,erst,ADV,mo,2290,versuchen
2290,versuchen,versuchen,VERB,oc,2291,wolle
2291,wolle,wollen,AUX,ROOT,2291,wolle
2292,",",--,PUNCT,punct,2291,wolle
2293,durch,durch,ADP,mo,2297,kommen
2294,den,der,DET,nk,2295,Kordon
2295,Kordon,Kordon,NOUN,nk,2293,durch
2296,zu,zu,PART,pm,2297,kommen
2297,kommen,kommen,VERB,oc,2290,versuchen
2298,.,--,PUNCT,punct,2291,wolle
2299,Da,da,ADV,mo,2300,lachte
2300,lachte,lachen,ADJ,ROOT,2300,lachte
2301,Frau,Frau,NOUN,sb,2300,lachte
2302,Tschermack,Tschermack,PROPN,nk,2301,Frau
2303,und,und,CCONJ,cd,2301,Frau
2304,ihr,ihr,DET,nk,2305,Gesinde
2305,Gesinde,Gesinde,NOUN,pd,2316,sei
2306,ihm,ihm,PRON,nk,2305,Gesinde
2307,ins,in,ADP,mnr,2305,Gesinde
2308,Gesicht,Gesicht,NOUN,nk,2307,ins
2309,und,und,CCONJ,cd,2305,Gesinde
2310,behaupteten,behaupten,VERB,cj,2309,und
2311,steif,Steif,NOUN,oa,2310,behaupteten
2312,und,und,CCONJ,cd,2310,behaupteten
2313,fest,fest,ADV,cj,2312,und
2314,",",--,PUNCT,punct,2305,Gesinde
2315,er,er,PRON,sb,2316,sei
2316,sei,sein,AUX,ROOT,2316,sei
2317,vor,vor,ADP,mo,2316,sei
2318,einigen,einige,PRON,nk,2317,vor
2319,Tagen,Tag,NOUN,sb,2321,durchpassiert
2320,hier,hier,ADV,mo,2321,durchpassiert
2321,durchpassiert,durchpassiern,VERB,ROOT,2321,durchpassiert
2322,",",--,PUNCT,punct,2321,durchpassiert
2323,von,von,ADP,sbp,2327,begleitet
2324,einem,ein,DET,nk,2326,Bauer
2325,Giulowitscher,Giulowitscher,ADJ,nk,2326,Bauer
2326,Bauer,Bauer,NOUN,nk,2323,von
2327,begleitet,begleiten,VERB,cj,2321,durchpassiert
2328,",",--,PUNCT,punct,2327,begleitet
2329,dem,der,PRON,punct,2321,durchpassiert
2330,er,er,PRON,sb,2329,dem
2331,das,der,PRON,mo,2329,dem
2332,Botenlohn,Botenlohn,NOUN,oa,2334,zahlen
2333,zu,zu,PART,pm,2334,zahlen
2334,zahlen,zahlen,VERB,oc,2335,vergessen
2335,vergessen,vergessen,VERB,ROOT,2335,vergessen
2336,;,--,PUNCT,punct,2335,vergessen
2337,er,er,PRON,sb,2338,habe
2338,habe,haben,AUX,ROOT,2338,habe
2339,ja,ja,ADV,mo,2341,gefrühstückt
2340,hier,hier,ADV,mo,2341,gefrühstückt
2341,gefrühstückt,frühstücken,VERB,oc,2338,habe
2342,und,und,CCONJ,cd,2338,habe
2343,erzählt,erzählen,VERB,cj,2342,und
2344,",",--,PUNCT,punct,2343,erzählt
2345,daß,daß,SCONJ,cp,2346,er
2346,er,er,PRON,oc,2343,erzählt
2347,nach,nach,ADP,mo,2353,wolle
2348,Stuhlweißenburg,Stuhlweißenburg,PROPN,nk,2347,nach
2349,zu,zu,ADP,mo,2353,wolle
2350,seiner,sein,DET,nk,2351,Frau
2351,Frau,Frau,NOUN,nk,2349,zu
2352,Tonerl,Tonerl,PROPN,nk,2351,Frau
2353,wolle,wollen,VERB,ROOT,2353,wolle
2354,",",--,PUNCT,punct,2353,wolle
2355,um,um,SCONJ,cp,2358,hochlöbliche
2356,dort,dort,ADV,mo,2358,hochlöbliche
2357,das,der,DET,nk,2358,hochlöbliche
2358,hochlöbliche,hochlöblich,ADJ,mo,2353,wolle
2359,Offizierkorps,Offizierkorps,NOUN,oa,2361,malen
2360,zu,zu,PART,pm,2361,malen
2361,malen,malen,VERB,ROOT,2361,malen
2362,.,--,PUNCT,punct,2361,malen
2363,Wehmüller,Wehmüller,NOUN,sb,2364,kam
2364,kam,kommen,VERB,ROOT,2364,kam
2365,durch,durch,ADP,mo,2364,kam
2366,diese,dieser,DET,nk,2368,Bestätigung
2367,neue,neu,ADJ,nk,2368,Bestätigung
2368,Bestätigung,Bestätigung,NOUN,nk,2365,durch
2369,",",--,PUNCT,punct,2368,Bestätigung
2370,daß,daß,SCONJ,cp,2371,er
2371,er,er,PRON,oc,2368,Bestätigung
2372,doppelt,doppelt,ADV,mo,2373,in
2373,in,in,ADP,mo,2376,herumreise
2374,der,der,DET,nk,2375,Welt
2375,Welt,Welt,NOUN,nk,2373,in
2376,herumreise,herumreise,ADV,ROOT,2376,herumreise
2377,",",--,PUNCT,punct,2376,herumreise
2378,beinahe,beinahe,ADV,mo,2379,in
2379,in,in,ADP,cj,2376,herumreise
2380,Verzweiflung,Verzweiflung,NOUN,nk,2379,in
2381,.,--,PUNCT,punct,2376,herumreise
2382,Er,er,PRON,sb,2383,sagte
2383,sagte,sagen,VERB,ROOT,2383,sagte
2384,der,der,DET,nk,2385,Wirtin
2385,Wirtin,Wirtin,NOUN,da,2383,sagte
2386,mit,mit,ADP,mo,2391,Lage
2387,kurzen,kurz,ADJ,nk,2388,Worten
2388,Worten,Wort,NOUN,nk,2386,mit
2389,seine,sein,DET,nk,2391,Lage
2390,ganze,ganz,ADJ,nk,2391,Lage
2391,Lage,Lage,NOUN,ROOT,2391,Lage
2392,",",--,PUNCT,punct,2391,Lage
2393,sie,sie,PRON,sb,2394,wußte
2394,wußte,wissen,VERB,oc,2391,Lage
2395,nicht,nicht,PART,ng,2394,wußte
2396,",",--,PUNCT,punct,2394,wußte
2397,was,was,PRON,oa,2399,glauben
2398,sie,sie,PRON,sb,2400,sollte
2399,glauben,glauben,VERB,oc,2400,sollte
2400,sollte,sollen,AUX,oc,2394,wußte
2401,",",--,PUNCT,punct,2394,wußte
2402,und,und,CCONJ,ju,2403,sah
2403,sah,sehen,VERB,ROOT,2403,sah
2404,ihn,ihn,PRON,oa,2403,sah
2405,sehr,sehr,ADV,mo,2406,kurios
2406,kurios,kurios,ADV,mo,2403,sah
2407,an,an,ADP,svp,2403,sah
2408,.,--,PUNCT,punct,2403,sah
2409,Es,es,PRON,sb,2410,war
2410,war,sein,AUX,ROOT,2410,war
2411,ihr,ihr,PRON,da,2414,heimlich
2412,nicht,nicht,PART,ng,2410,war
2413,allzu,allzu,PART,mo,2414,heimlich
2414,heimlich,heimlich,ADV,pd,2410,war
2415,bei,bei,ADP,mo,2410,war
2416,ihm,ihm,PRON,nk,2415,bei
2417,.,--,PUNCT,punct,2410,war
2418,Aber,aber,CCONJ,ROOT,2418,Aber
2419,er,er,PRON,ROOT,2419,er
2420,wartete,warten,VERB,ROOT,2420,wartete
2421,alle,aller,DET,sb,2420,wartete
2422,ihre,ihr,DET,nk,2423,Skrupel
2423,Skrupel,Skrupel,NOUN,oa,2420,wartete
2424,nicht,nicht,PART,ng,2420,wartete
2425,ab,ab,ADP,svp,2420,wartete
2426,und,und,CCONJ,cd,2420,wartete
2427,lief,laufen,VERB,cj,2426,und
2428,wie,wie,ADP,cm,2429,toll
2429,toll,toll,ADV,mo,2427,lief
2430,und,und,CCONJ,cd,2429,toll
2431,blind,blind,ADV,cj,2430,und
2432,zum,zu,ADP,mo,2427,lief
2433,Dorfe,Dorfe,NOUN,nk,2432,zum
2434,hinaus,hinaus,ADP,svp,2427,lief
2435,und,und,CCONJ,ROOT,2435,und
2436,dem,der,DET,nk,2437,Pestkordon
2437,Pestkordon,Pestkordon,PROPN,cj,2435,und
2438,zu,zu,ADP,ROOT,2438,zu
2439,.,--,PUNCT,punct,2438,zu
2440,Als,als,SCONJ,cp,2447,gelaufen
2441,er,er,PRON,sb,2447,gelaufen
2442,eine,ein,DET,nk,2443,Viertelmeile
2443,Viertelmeile,Viertelmeil,NOUN,oa,2447,gelaufen
2444,auf,auf,ADP,mo,2447,gelaufen
2445,der,der,DET,nk,2446,Landstraße
2446,Landstraße,Landstraße,NOUN,nk,2444,auf
2447,gelaufen,laufen,VERB,ROOT,2447,gelaufen
2448,war,sein,AUX,mo,2450,sah
2449,",",--,PUNCT,punct,2450,sah
2450,sah,sehen,VERB,ROOT,2450,sah
2451,er,er,PRON,sb,2450,sah
2452,auf,auf,ADP,mo,2450,sah
2453,dem,der,DET,nk,2454,Stoppelfeld
2454,Stoppelfeld,Stoppelfeld,NOUN,nk,2452,auf
2455,eine,ein,DET,nk,2456,Reihe
2456,Reihe,Reihe,NOUN,oa,2459,aufsteigen
2457,von,von,ADP,pg,2456,Reihe
2458,Rauchsäulen,Rauchsäule,NOUN,nk,2457,von
2459,aufsteigen,aufsteigen,VERB,oc,2450,sah
2460,",",--,PUNCT,punct,2450,sah
2461,und,und,CCONJ,cd,2450,sah
2462,ein,ein,DET,ROOT,2462,ein
2463,angenehmer,angenehm,ADJ,nk,2464,Wacholdergeruch
2464,Wacholdergeruch,Wacholdergeruch,NOUN,sb,2465,dampfte
2465,dampfte,dampfen,VERB,ROOT,2465,dampfte
2466,ihm,ihm,PRON,da,2465,dampfte
2467,entgegen,entgegen,ADP,svp,2465,dampfte
2468,.,--,PUNCT,punct,2465,dampfte
2469,Er,er,PRON,sb,2470,sah
2470,sah,sehen,VERB,ROOT,2470,sah
2471,bald,bald,ADV,mo,2470,sah
2472,eine,ein,DET,nk,2473,Reihe
2473,Reihe,Reihe,NOUN,oa,2470,sah
2474,von,von,ADP,pg,2473,Reihe
2475,Erdhütten,Erdhütt,NOUN,ROOT,2475,Erdhütten
2476,und,und,CCONJ,cd,2475,Erdhütten
2477,Soldaten,Soldat,NOUN,cj,2476,und
2478,",",--,PUNCT,punct,2475,Erdhütten
2479,welche,welcher,DET,nk,2480,kochten
2480,kochten,Kocht,NOUN,cj,2475,Erdhütten
2481,und,und,CCONJ,cd,2480,kochten
2482,sangen,singen,VERB,cj,2481,und
2483,;,--,PUNCT,punct,2475,Erdhütten
2484,es,es,PRON,sb,2485,war
2485,war,sein,AUX,ROOT,2485,war
2486,ein,ein,DET,nk,2487,Hauptbivouac
2487,Hauptbivouac,Hauptbivouac,NOUN,pd,2485,war
2488,des,der,DET,punct,2485,war
2489,Pestkordons,Pestkordons,PROPN,ROOT,2489,Pestkordons
2490,.,--,PUNCT,punct,2489,Pestkordons
2491,Als,als,SCONJ,cp,2496,näherte
2492,er,er,PRON,sb,2496,näherte
2493,sich,sich,PRON,oa,2496,näherte
2494,der,der,DET,nk,2495,Schildwache
2495,Schildwache,Schildwache,NOUN,da,2496,näherte
2496,näherte,näheren,VERB,mo,2498,rief
2497,",",--,PUNCT,punct,2498,rief
2498,rief,rufen,VERB,ROOT,2498,rief
2499,sie,sie,PRON,sb,2498,rief
2500,ihm,ihm,PRON,da,2498,rief
2501,ein,ein,ADV,svp,2498,rief
2502,schreckliches,schrecklich,ADJ,nk,2504,Halt
2503,»,--,PUNCT,punct,2504,Halt
2504,Halt,Halt,NOUN,ROOT,2504,Halt
2505,!,--,PUNCT,punct,2504,Halt
2506,«,--,PUNCT,punct,2504,Halt
2507,entgegen,entgegen,ADP,ROOT,2507,entgegen
2508,und,und,CCONJ,cd,2507,entgegen
2509,schlug,schlagen,VERB,cj,2508,und
2510,sogleich,sogleich,ADV,mo,2509,schlug
2511,ihr,ihr,DET,nk,2512,Gewehr
2512,Gewehr,Gewehr,NOUN,oa,2509,schlug
2513,auf,auf,ADP,mo,2509,schlug
2514,ihn,ihn,PRON,nk,2513,auf
2515,an,an,ADP,svp,2509,schlug
2516,.,--,PUNCT,ROOT,2516,.
2517,Wehmüller,Wehmüller,NOUN,sb,2518,stand
2518,stand,stehen,VERB,ROOT,2518,stand
2519,wie,wie,ADP,cm,2520,angewurzelt
2520,angewurzelt,angewurzelt,VERB,mo,2518,stand
2521,.,--,PUNCT,punct,2518,stand
2522,Die,der,DET,nk,2523,Schildwache
2523,Schildwache,Schildwache,NOUN,sb,2524,rief
2524,rief,rufen,VERB,ROOT,2524,rief
2525,den,der,DET,nk,2526,Unteroffizier
2526,Unteroffizier,Unteroffizier,NOUN,oa,2524,rief
2527,",",--,PUNCT,punct,2524,rief
2528,und,und,CCONJ,cd,2524,rief
2529,nach,nach,ADP,mo,2532,sprengte
2530,einigen,einiger,DET,nk,2531,Minuten
2531,Minuten,Minute,NOUN,nk,2529,nach
2532,sprengte,sprengen,VERB,ROOT,2532,sprengte
2533,ein,ein,DET,nk,2534,Szekler-Husar
2534,Szekler-Husar,Szekler-Husar,NOUN,sb,2532,sprengte
2535,gegen,gegen,ADP,mo,2532,sprengte
2536,ihn,ihn,PRON,nk,2535,gegen
2537,heran,heran,ADV,svp,2532,sprengte
2538,und,und,CCONJ,cd,2532,sprengte
2539,schrie,schreien,VERB,cj,2538,und
2540,aus,aus,ADP,svp,2539,schrie
2541,der,der,DET,nk,2542,Ferne
2542,Ferne,Ferne,NOUN,ROOT,2542,Ferne
2543,:,--,PUNCT,punct,2542,Ferne
2544,»,--,PUNCT,punct,2546,willstu
2545,Wos,Wos,PROPN,sb,2546,willstu
2546,willstu,willstu,VERB,rs,2542,Ferne
2547,",",--,PUNCT,punct,2546,willstu
2548,quid,quid,PROPN,pnc,2549,vis
2549,vis,vis,X,cj,2546,willstu
2550,?,--,PUNCT,punct,2542,Ferne
2551,Wo,wo,ADV,mo,2552,kommst
2552,kommst,kommsen,ADV,ROOT,2552,kommst
2553,her,her,ADV,mo,2552,kommst
2554,",",--,PUNCT,punct,2552,kommst
2555,unde,und,ADJ,nk,2556,venis
2556,venis,Venis,NOUN,cj,2552,kommst
2557,?,--,PUNCT,punct,2552,kommst
2558,An,an,ADP,ROOT,2558,An
2559,welchen,welcher,DET,nk,2560,Ort
2560,Ort,Ort,NOUN,nk,2558,An
2561,willst,willen,VERB,ROOT,2561,willst
2562,du,du,PRON,sb,2561,willst
2563,",",--,PUNCT,punct,2562,du
2564,ad,ad,X,mo,2566,locum
2565,quem,Quem,X,pnc,2566,locum
2566,locum,locum,VERB,mo,2561,willst
2567,vis,vis,X,svp,2561,willst
2568,?,--,PUNCT,punct,2561,willst
2569,Bist,Bist,AUX,ROOT,2569,Bist
2570,du,du,PRON,sb,2569,Bist
2571,nicht,nicht,PART,ng,2575,durchpassiert
2572,vorige,vorig,ADJ,nk,2573,Woche
2573,Woche,Woche,NOUN,mo,2575,durchpassiert
2574,hier,hier,ADV,mo,2575,durchpassiert
2575,durchpassiert,durchpassiern,VERB,pd,2569,Bist
2576,",",--,PUNCT,punct,2575,durchpassiert
2577,es,es,PRON,dep,2569,Bist
2578,tu,tu,PROPN,pnc,2581,hebdomada
2579,non,non,PROPN,pnc,2581,hebdomada
2580,altera,Altera,PROPN,pnc,2581,hebdomada
2581,hebdomada,Hebdomada,PROPN,ROOT,2581,hebdomada
2582,hic,hic,X,ROOT,2582,hic
2583,perpassatus,Perpassatus,X,cj,2582,hic
2584,?,--,PUNCT,ROOT,2584,?
2585,«,--,PUNCT,ROOT,2585,«
2586,Er,er,PRON,sb,2587,fragte
2587,fragte,fragen,VERB,ROOT,2587,fragte
2588,ihn,ihn,PRON,oa,2587,fragte
2589,so,so,ADV,mo,2587,fragte
2590,auf,auf,ADP,mo,2587,fragte
2591,deutsch,deutsch,ADV,nk,2590,auf
2592,und,und,CCONJ,cd,2587,fragte
2593,husarenlateinisch,husarenlateinisch,ADV,mo,2599,wußte
2594,zugleich,zugleich,ADV,mo,2599,wußte
2595,",",--,PUNCT,punct,2599,wußte
2596,weil,weil,SCONJ,cp,2599,wußte
2597,er,er,PRON,sb,2599,wußte
2598,nicht,nicht,PART,ng,2599,wußte
2599,wußte,wissen,VERB,ROOT,2599,wußte
2600,",",--,PUNCT,punct,2599,wußte
2601,ob,ob,SCONJ,cp,2602,er
2602,er,er,PRON,sb,2604,Deutscher
2603,ein,ein,DET,nk,2604,Deutscher
2604,Deutscher,deutsche,NOUN,oc,2599,wußte
2605,oder,oder,CCONJ,cd,2604,Deutscher
2606,ein,ein,DET,cj,2605,oder
2607,Ungar,Ungar,PROPN,pd,2608,sei
2608,sei,sein,AUX,ROOT,2608,sei
2609,.,--,PUNCT,punct,2608,sei
2610,Wehmüller,Wehmüller,NOUN,sb,2611,mußte
2611,mußte,müssen,AUX,ROOT,2611,mußte
2612,aus,aus,ADP,mo,2619,hören
2613,den,der,DET,nk,2615,Worten
2614,letzten,letzter,ADJ,nk,2615,Worten
2615,Worten,Wort,NOUN,nk,2612,aus
2616,des,der,DET,nk,2617,Husaren
2617,Husaren,Husarum,NOUN,ag,2615,Worten
2618,abermals,abermals,ADV,mo,2619,hören
2619,hören,hören,VERB,oc,2611,mußte
2620,",",--,PUNCT,punct,2611,mußte
2621,daß,daß,SCONJ,cp,2626,sei
2622,er,er,PRON,sb,2626,sei
2623,hier,hier,ADV,mo,2625,durchgereist
2624,schon,schon,ADV,mo,2625,durchgereist
2625,durchgereist,durchgereisen,VERB,pd,2626,sei
2626,sei,sein,AUX,re,2629,Nachricht
2627,",",--,PUNCT,punct,2626,sei
2628,welche,welcher,DET,nk,2629,Nachricht
2629,Nachricht,Nachricht,NOUN,ROOT,2629,Nachricht
2630,ihm,ihm,PRON,da,2631,eiskalt
2631,eiskalt,eiskalt,ADV,pd,2629,Nachricht
2632,über,über,ADP,mnr,2631,eiskalt
2633,den,der,DET,nk,2632,über
2634,Rücken,Rücken,NOUN,sb,2635,lief
2635,lief,laufen,VERB,ROOT,2635,lief
2636,.,--,PUNCT,punct,2635,lief
2637,Er,er,PRON,sb,2638,schrie
2638,schrie,schreien,VERB,ROOT,2638,schrie
2639,sich,sich,PRON,oa,2638,schrie
2640,beinah,beinah,ADV,mo,2638,schrie
2641,die,der,DET,nk,2642,Kehle
2642,Kehle,Kehle,NOUN,oa,2638,schrie
2643,aus,aus,ADP,svp,2638,schrie
2644,",",--,PUNCT,punct,2638,schrie
2645,daß,daß,SCONJ,cp,2647,grade
2646,er,er,PRON,sb,2647,grade
2647,grade,graden,VERB,oc,2638,schrie
2648,von,von,ADP,op,2647,grade
2649,dem,der,DET,nk,2650,Grafen
2650,Grafen,Grafen,NOUN,nk,2648,von
2651,Giulowitsch,Giulowitsch,ADV,mo,2652,komme
2652,komme,kommen,VERB,ROOT,2652,komme
2653,",",--,PUNCT,punct,2652,komme
2654,daß,daß,SCONJ,cp,2661,gewesen
2655,er,er,PRON,sb,2661,gewesen
2656,in,in,ADP,mo,2661,gewesen
2657,seinem,sein,DET,nk,2658,Leben
2658,Leben,Leben,NOUN,nk,2656,in
2659,nicht,nicht,PART,ng,2661,gewesen
2660,hier,hier,ADV,mo,2661,gewesen
2661,gewesen,sein,AUX,sb,2652,komme
2662,.,--,PUNCT,punct,2652,komme
2663,Der,der,DET,nk,2664,Husar
2664,Husar,Husar,NOUN,ROOT,2664,Husar
2665,aber,aber,ADV,mo,2664,Husar
2666,lachte,lachen,VERB,ROOT,2666,lachte
2667,und,und,CCONJ,cd,2666,lachte
2668,sprach,sprechen,VERB,cj,2667,und
2669,:,--,PUNCT,punct,2666,lachte
2670,»,--,PUNCT,punct,2672,lügst
2671,Du,du,PRON,sb,2672,lügst
2672,lügst,lügen,VERB,rs,2666,lachte
2673,",",--,PUNCT,punct,2672,lügst
2674,mentiris,Mentiris,VERB,cj,2672,lügst
2675,!,--,PUNCT,punct,2666,lachte
2676,Hast,Hast,AUX,ROOT,2676,Hast
2677,du,du,PRON,sb,2676,Hast
2678,nicht,nicht,PART,ng,2676,Hast
2679,dem,der,DET,nk,2680,Herrn
2680,Herrn,Herr,NOUN,da,2682,sein
2681,Chirurg,Chirurg,PROPN,nk,2680,Herrn
2682,sein,sein,AUX,oc,2676,Hast
2683,Bild,Bild,NOUN,oa,2684,gegeben
2684,gegeben,geben,VERB,ROOT,2684,gegeben
2685,",",--,PUNCT,punct,2684,gegeben
2686,non,Non,PRON,oa,2687,dedidisti
2687,dedidisti,dedidisti,VERB,cj,2684,gegeben
2688,Domino,Domino,PROPN,pnc,2689,Chirurgo
2689,Chirurgo,Chirurgo,PROPN,pnc,2691,imaginem
2690,suam,suam,ADV,pd,2691,imaginem
2691,imaginem,imagin,DET,sb,2687,dedidisti
2692,!,--,PUNCT,punct,2684,gegeben
2693,–,--,PUNCT,punct,2695,er
2694,daß,daß,SCONJ,cp,2695,er
2695,er,er,PRON,ROOT,2695,er
2696,durch,durch,ADP,mnr,2695,er
2697,die,der,DET,nk,2696,durch
2698,Finger,Finger,NOUN,mo,2699,gesehen
2699,gesehen,sehen,VERB,ROOT,2699,gesehen
2700,und,und,CCONJ,cd,2699,gesehen
2701,dich,dich,PRON,oa,2702,passieren
2702,passieren,passieren,VERB,oc,2703,lassen
2703,lassen,lassen,VERB,cj,2700,und
2704,",",--,PUNCT,punct,2703,lassen
2705,ut,ut,X,pnc,2706,vidit
2706,vidit,vidit,X,oa,2699,gesehen
2707,per,per,ADP,mnr,2706,vidit
2708,digitos,digitos,X,nk,2707,per
2709,et,et,X,uc,2706,vidit
2710,te,te,X,uc,2706,vidit
2711,fecit,fecit,X,uc,2706,vidit
2712,passare,passar,ADJ,ROOT,2712,passare
2713,!,--,PUNCT,punct,2712,passare
2714,Du,du,PRON,sb,2715,bist
2715,bist,sein,AUX,ROOT,2715,bist
2716,zurückgekehrt,zurückkehren,VERB,pd,2715,bist
2717,aus,aus,ADP,mo,2716,zurückgekehrt
2718,den,der,DET,nk,2719,Pestörtern
2719,Pestörtern,Pestörter,NOUN,nk,2717,aus
2720,",",--,PUNCT,punct,2716,zurückgekehrt
2721,es,es,PRON,dep,2715,bist
2722,returnatus,Returnatus,ADV,mo,2723,ex
2723,ex,ex,X,punct,2715,bist
2724,pestiferatis,Pestiferatis,PROPN,pnc,2725,locis
2725,locis,Locis,PROPN,ROOT,2725,locis
2726,!,--,PUNCT,punct,2725,locis
2727,«,--,PUNCT,punct,2725,locis
2728,Wehmüller,Wehmüller,NOUN,sb,2729,sank
2729,sank,sinken,VERB,ROOT,2729,sank
2730,auf,auf,ADP,mo,2729,sank
2731,die,der,DET,nk,2732,Knie
2732,Knie,Knie,NOUN,nk,2730,auf
2733,nieder,nieder,ADV,svp,2729,sank
2734,und,und,CCONJ,cd,2729,sank
2735,bat,bitten,VERB,cj,2734,und
2736,",",--,PUNCT,punct,2735,bat
2737,man,man,PRON,sb,2738,möge
2738,möge,mögen,AUX,oc,2735,bat
2739,den,der,DET,oa,2735,bat
2740,Chirurgen,Chirurg,NOUN,ROOT,2740,Chirurgen
2741,doch,doch,ADV,mo,2742,herbeirufen
2742,herbeirufen,herbeirufen,VERB,oc,2740,Chirurgen
2743,.,--,PUNCT,punct,2740,Chirurgen
2744,Während,während,ADP,mo,2754,getreten
2745,diesem,dieser,DET,nk,2746,Gespräch
2746,Gespräch,Gespräch,NOUN,nk,2744,Während
2747,waren,sein,AUX,ROOT,2747,waren
2748,mehrere,mehrere,DET,nk,2749,Soldaten
2749,Soldaten,Soldat,NOUN,sb,2747,waren
2750,um,um,ADP,mo,2754,getreten
2751,den,der,DET,nk,2752,Husaren
2752,Husaren,Husar,NOUN,nk,2750,um
2753,herum,herum,ADV,ac,2750,um
2754,getreten,treten,VERB,oc,2747,waren
2755,",",--,PUNCT,punct,2747,waren
2756,zuzuhören,zuzuhören,VERB,ROOT,2756,zuzuhören
2757,;,--,PUNCT,punct,2756,zuzuhören
2758,endlich,endlich,ADV,mo,2759,kam
2759,kam,kommen,VERB,ROOT,2759,kam
2760,der,der,DET,nk,2761,Chirurg
2761,Chirurg,Chirurg,NOUN,sb,2759,kam
2762,auch,auch,ADV,mo,2759,kam
2763,",",--,PUNCT,punct,2759,kam
2764,und,und,CCONJ,cd,2759,kam
2765,nachdem,nachdem,SCONJ,cp,2768,Klagen
2766,er,er,PRON,sb,2765,nachdem
2767,Wehmüllers,Wehmüller,PROPN,ag,2768,Klagen
2768,Klagen,Klage,NOUN,ROOT,2768,Klagen
2769,angehört,angehören,VERB,mo,2778,befahl
2770,",",--,PUNCT,punct,2769,angehört
2771,der,der,PRON,sb,2776,weggeschrien
2772,sich,sich,PRON,oa,2776,weggeschrien
2773,die,der,DET,nk,2774,Lunge
2774,Lunge,Lunge,NOUN,sb,2776,weggeschrien
2775,fast,fast,ADV,mo,2776,weggeschrien
2776,weggeschrien,weggeschrien,VERB,rc,2769,angehört
2777,",",--,PUNCT,punct,2778,befahl
2778,befahl,befehlen,VERB,ROOT,2778,befahl
2779,er,er,PRON,sb,2778,befahl
2780,ihm,ihm,PRON,da,2778,befahl
2781,",",--,PUNCT,punct,2778,befahl
2782,sich,sich,PRON,oa,2778,befahl
2783,einem,einer,PRON,oa,2778,befahl
2784,der,der,DET,mnr,2783,einem
2785,Feuer,Feuer,NOUN,oa,2789,nähern
2786,von,von,ADP,pg,2785,Feuer
2787,Wacholderholz,Wacholderholz,NOUN,nk,2786,von
2788,zu,zu,PART,pm,2789,nähern
2789,nähern,nähern,VERB,re,2799,dann
2790,",",--,PUNCT,punct,2791,so
2791,so,so,ADV,mo,2797,sei
2792,daß,daß,SCONJ,cp,2797,sei
2793,es,es,PRON,sb,2797,sei
2794,zwischen,zwischen,ADP,mo,2796,beiden
2795,ihnen,ihnen,PRON,nk,2794,zwischen
2796,beiden,beide,PRON,pd,2797,sei
2797,sei,sein,AUX,mo,2789,nähern
2798,",",--,PUNCT,punct,2799,dann
2799,dann,dann,ADV,ROOT,2799,dann
2800,wolle,wollen,AUX,ROOT,2800,wolle
2801,er,er,PRON,sb,2800,wolle
2802,mit,mit,ADP,op,2804,reden
2803,ihm,ihm,PRON,nk,2802,mit
2804,reden,reden,VERB,oc,2800,wolle
2805,.,--,PUNCT,punct,2800,wolle
2806,Wehmüller,Wehmüller,NOUN,sb,2807,tat
2807,tat,tun,VERB,ROOT,2807,tat
2808,dies,dieser,PRON,oa,2807,tat
2809,und,und,CCONJ,cd,2807,tat
2810,erzählte,erzählen,VERB,cj,2809,und
2811,ihm,ihm,PRON,da,2810,erzählte
2812,die,der,DET,nk,2814,Aussage
2813,ganze,ganz,ADJ,nk,2814,Aussage
2814,Aussage,Aussage,NOUN,oa,2810,erzählte
2815,über,über,ADP,ROOT,2815,über
2816,einen,ein,DET,nk,2818,Wehmüller
2817,zweiten,zweiter,ADJ,nk,2818,Wehmüller
2818,Wehmüller,Wehmüller,NOUN,nk,2815,über
2819,",",--,PUNCT,punct,2818,Wehmüller
2820,der,der,PRON,sb,2823,sei
2821,hier,hier,ADV,mo,2822,durchgereist
2822,durchgereist,durchgereisen,ADV,pd,2823,sei
2823,sei,sein,AUX,rc,2818,Wehmüller
2824,",",--,PUNCT,punct,2818,Wehmüller
2825,und,und,CCONJ,cd,2818,Wehmüller
2826,seine,sein,DET,nk,2828,Sorge
2827,große,groß,ADJ,nk,2828,Sorge
2828,Sorge,Sorge,NOUN,cj,2825,und
2829,",",--,PUNCT,punct,2815,über
2830,daß,daß,SCONJ,cp,2838,könne
2831,ihn,ihn,PRON,oa,2837,betrügen
2832,dieser,dieser,PRON,sb,2838,könne
2833,um,um,ADP,mo,2837,betrügen
2834,all,all,DET,nk,2836,Glück
2835,sein,sein,DET,nk,2836,Glück
2836,Glück,Glück,NOUN,nk,2833,um
2837,betrügen,betrügen,VERB,oc,2838,könne
2838,könne,können,AUX,ROOT,2838,könne
2839,",",--,PUNCT,punct,2838,könne
2840,und,und,CCONJ,cd,2838,könne
2841,bot,bieten,VERB,cj,2840,und
2842,dem,der,DET,nk,2843,Chirurgen
2843,Chirurgen,Chirurg,NOUN,da,2841,bot
2844,alles,alle,PRON,oa,2841,bot
2845,an,an,ADP,ROOT,2845,an
2846,",",--,PUNCT,punct,2845,an
2847,was,was,PRON,oa,2849,besitze
2848,er,er,PRON,sb,2849,besitze
2849,besitze,besitzen,VERB,oc,2845,an
2850,",",--,PUNCT,punct,2849,besitze
2851,er,er,PRON,sb,2852,möge
2852,möge,mögen,AUX,oc,2849,besitze
2853,ihm,ihm,PRON,da,2855,durchhelfen
2854,nur,nur,ADV,mo,2855,durchhelfen
2855,durchhelfen,durchhelfen,VERB,oc,2852,möge
2856,.,--,PUNCT,ROOT,2856,.
2857,Der,der,DET,nk,2858,Chirurg
2858,Chirurg,Chirurg,NOUN,sb,2859,holte
2859,holte,holen,VERB,ROOT,2859,holte
2860,nun,nun,ADV,mo,2859,holte
2861,eine,ein,PRON,oa,2859,holte
2862,Rolle,Rolle,NOUN,ROOT,2862,Rolle
2863,Wachsleinwand,Wachsleinwand,PROPN,ROOT,2863,Wachsleinwand
2864,aus,aus,ADP,mnr,2863,Wachsleinwand
2865,seiner,sein,DET,nk,2866,Erdhütte
2866,Erdhütte,Erdhütte,NOUN,nk,2864,aus
2867,",",--,PUNCT,punct,2863,Wachsleinwand
2868,und,und,CCONJ,cd,2863,Wachsleinwand
2869,Wehmüller,Wehmüller,NOUN,sb,2870,erblickte
2870,erblickte,erblicken,VERB,cj,2868,und
2871,auf,auf,ADP,mo,2870,erblickte
2872,derselben,derselbe,PRON,nk,2871,auf
2873,eines,einer,PRON,sb,2878,grade
2874,der,der,DET,nk,2876,Nationalgesichter
2875,ungarischen,ungarisch,ADJ,nk,2876,Nationalgesichter
2876,Nationalgesichter,Nationalgesichter,NOUN,ag,2873,eines
2877,",",--,PUNCT,punct,2873,eines
2878,grade,graden,VERB,ROOT,2878,grade
2879,wie,wie,SCONJ,mo,2884,malen
2880,er,er,PRON,oa,2884,malen
2881,sie,sie,PRON,oa,2884,malen
2882,selbst,selbst,ADV,mnr,2881,sie
2883,zu,zu,PART,pm,2884,malen
2884,malen,malen,VERB,oc,2878,grade
2885,pflegte,pflegen,VERB,ROOT,2885,pflegte
2886,",",--,PUNCT,punct,2885,pflegte
2887,auch,auch,ADV,mo,2889,Name
2888,sein,sein,DET,nk,2889,Name
2889,Name,Name,NOUN,sb,2890,stand
2890,stand,stehen,VERB,oc,2885,pflegte
2891,drunter,drunter,ADV,svp,2890,stand
2892,",",--,PUNCT,punct,2890,stand
2893,und,und,CCONJ,cd,2890,stand
2894,da,da,SCONJ,mo,2897,sagte
2895,der,der,DET,nk,2896,Chirurg
2896,Chirurg,Chirurg,NOUN,sb,2897,sagte
2897,sagte,sagen,VERB,cj,2893,und
2898,",",--,PUNCT,punct,2897,sagte
2899,ob,ob,SCONJ,cp,2901,dies
2900,er,er,PRON,sb,2899,ob
2901,dies,dieser,PRON,oc,2897,sagte
2902,Bild,Bild,NOUN,sb,2909,habe
2903,nicht,nicht,PART,ng,2904,gemalt
2904,gemalt,malen,VERB,oc,2909,habe
2905,und,und,CCONJ,cd,2904,gemalt
2906,ihm,ihm,PRON,da,2908,geschenkt
2907,neulich,neulich,ADV,mo,2908,geschenkt
2908,geschenkt,schenken,VERB,cj,2905,und
2909,habe,haben,AUX,ROOT,2909,habe
2910,",",--,PUNCT,punct,2909,habe
2911,weil,weil,SCONJ,cp,2915,lassen
2912,er,er,PRON,sb,2915,lassen
2913,ihn,ihn,PRON,oa,2914,passieren
2914,passieren,passieren,VERB,oc,2915,lassen
2915,lassen,lassen,VERB,mo,2904,gemalt
2916,",",--,PUNCT,punct,2909,habe
2917,gestand,gestehen,VERB,ROOT,2917,gestand
2918,Wehmüller,Wehmüller,NOUN,sb,2917,gestand
2919,",",--,PUNCT,punct,2917,gestand
2920,er,er,PRON,sb,2921,würde
2921,würde,werden,AUX,oc,2917,gestand
2922,nie,nie,ADV,mo,2928,unterscheiden
2923,dies,dieser,DET,nk,2924,Bild
2924,Bild,Bild,NOUN,oa,2928,unterscheiden
2925,von,von,ADP,pg,2924,Bild
2926,den,der,DET,nk,2927,seinigen
2927,seinigen,seinig,NOUN,nk,2925,von
2928,unterscheiden,unterscheiden,VERB,oc,2921,würde
2929,können,können,AUX,ROOT,2929,können
2930,",",--,PUNCT,punct,2929,können
2931,aber,aber,CCONJ,cd,2929,können
2932,durchpassiert,durchpassiern,VERB,pd,2933,sei
2933,sei,sein,AUX,cj,2931,aber
2934,er,er,PRON,sb,2933,sei
2935,hier,hier,ADV,mo,2933,sei
2936,nie,nie,ADV,mo,2933,sei
2937,und,und,CCONJ,cd,2933,sei
2938,habe,haben,AUX,cj,2937,und
2939,nie,nie,ADV,mo,2942,gehabt
2940,die,der,DET,nk,2941,Gelegenheit
2941,Gelegenheit,Gelegenheit,NOUN,oa,2942,gehabt
2942,gehabt,haben,VERB,oc,2938,habe
2943,",",--,PUNCT,punct,2938,habe
2944,den,der,DET,nk,2945,Herren
2945,Herren,Herr,NOUN,da,2948,sprechen
2946,Chirurgen,Chirurg,NOUN,nk,2945,Herren
2947,zu,zu,PART,pm,2948,sprechen
2948,sprechen,sprechen,VERB,ROOT,2948,sprechen
2949,.,--,PUNCT,punct,2948,sprechen
2950,Da,da,ADV,mo,2951,sagte
2951,sagte,sagen,VERB,ROOT,2951,sagte
2952,der,der,DET,nk,2953,Chirurg
2953,Chirurg,Chirurg,NOUN,sb,2951,sagte
2954,:,--,PUNCT,punct,2951,sagte
2955,»,--,PUNCT,punct,2956,Hatten
2956,Hatten,Hatten,VERB,oc,2951,sagte
2957,Sie,sie,PRON,sb,2956,Hatten
2958,nicht,nicht,PART,ng,2956,Hatten
2959,heftiges,heftig,ADJ,nk,2960,Zahnweh
2960,Zahnweh,Zahnweh,NOUN,ROOT,2960,Zahnweh
2961,?,--,PUNCT,punct,2960,Zahnweh
2962,Habe,Habe,VERB,ROOT,2962,Habe
2963,ich,ich,PRON,sb,2962,Habe
2964,Ihnen,ihnen,PRON,da,2969,ausgezogen
2965,nicht,nicht,PART,ng,2969,ausgezogen
2966,noch,noch,ADV,mo,2965,nicht
2967,einen,ein,DET,nk,2968,Zahn
2968,Zahn,Zahn,NOUN,oa,2969,ausgezogen
2969,ausgezogen,ausgezogen,VERB,oc,2962,Habe
2970,für,für,ADP,mo,2969,ausgezogen
2971,das,der,DET,nk,2972,Bild
2972,Bild,Bild,NOUN,nk,2970,für
2973,?,--,PUNCT,punct,2962,Habe
2974,«,--,PUNCT,ROOT,2974,«
2975,–,--,PUNCT,punct,2977,Nein
2976,»,--,PUNCT,punct,2977,Nein
2977,Nein,nein,PART,oc,2983,erwiderte
2978,",",--,PUNCT,punct,2977,Nein
2979,Herr,Herr,NOUN,app,2977,Nein
2980,Chirurg,Chirurg,NOUN,nk,2979,Herr
2981,«,--,PUNCT,punct,2977,Nein
2982,",",--,PUNCT,punct,2983,erwiderte
2983,erwiderte,erwidern,VERB,ROOT,2983,erwiderte
2984,Wehmüller,Wehmüller,NOUN,sb,2983,erwiderte
2985,",",--,PUNCT,punct,2983,erwiderte
2986,»,--,PUNCT,punct,2988,habe
2987,ich,ich,PRON,sb,2988,habe
2988,habe,haben,AUX,oc,2983,erwiderte
2989,alle,aller,DET,nk,2991,Zähne
2990,meine,mein,DET,nk,2991,Zähne
2991,Zähne,Zahn,NOUN,oa,2988,habe
2992,frisch,frisch,ADV,pd,2999,wollen
2993,und,und,CCONJ,cd,2992,frisch
2994,gesund,gesund,ADV,cj,2993,und
2995,",",--,PUNCT,punct,2999,wollen
2996,wenn,wenn,SCONJ,cp,2999,wollen
2997,Sie,sie,PRON,sb,2999,wollen
2998,zuschauen,zuschauen,VERB,oc,2999,wollen
2999,wollen,wollen,AUX,ROOT,2999,wollen
3000,.,--,PUNCT,punct,2999,wollen
3001,«,--,PUNCT,punct,2998,zuschauen
3002,Nun,nun,ADV,mo,3003,faßte
3003,faßte,faßen,VERB,ROOT,3003,faßte
3004,der,der,DET,nk,3005,Feldscher
3005,Feldscher,Feldscher,NOUN,sb,3003,faßte
3006,einigen,einigen,VERB,oc,3003,faßte
3007,Mut,Mut,NOUN,ROOT,3007,Mut
3008,;,--,PUNCT,punct,3007,Mut
3009,Wehmüller,Wehmüller,NOUN,sb,3010,sperrte
3010,sperrte,sperren,VERB,ROOT,3010,sperrte
3011,das,der,DET,nk,3012,Maul
3012,Maul,Maul,NOUN,oa,3010,sperrte
3013,auf,auf,ADP,svp,3010,sperrte
3014,",",--,PUNCT,punct,3010,sperrte
3015,er,er,PRON,sb,3016,sah
3016,sah,sehen,VERB,cj,3010,sperrte
3017,nach,nach,ADP,svp,3016,sah
3018,und,und,CCONJ,cd,3016,sah
3019,gestand,gestehen,VERB,cj,3018,und
3020,ihm,ihm,PRON,da,3019,gestand
3021,zu,zu,ADP,svp,3019,gestand
3022,",",--,PUNCT,punct,3019,gestand
3023,daß,daß,SCONJ,cp,3024,er
3024,er,er,PRON,ROOT,3024,er
3025,ganz,ganz,ADV,mo,3028,Mensch
3026,ein,ein,DET,nk,3028,Mensch
3027,andrer,andr,ADJ,nk,3028,Mensch
3028,Mensch,Mensch,NOUN,pd,3029,sei
3029,sei,sein,AUX,ROOT,3029,sei
3030,;,--,PUNCT,punct,3029,sei
3031,denn,denn,CCONJ,cd,3029,sei
3032,jetzt,jetzt,ADV,mo,3031,denn
3033,",",--,PUNCT,punct,3032,jetzt
3034,da,da,SCONJ,cp,3036,ihn
3035,er,er,PRON,sb,3036,ihn
3036,ihn,ihn,PRON,mo,3032,jetzt
3037,weder,weder,CCONJ,cd,3038,aus
3038,aus,aus,ADP,mnr,3036,ihn
3039,der,der,DET,nk,3040,Ferne
3040,Ferne,Ferne,NOUN,nk,3038,aus
3041,noch,noch,CCONJ,cd,3038,aus
3042,von,von,ADP,cj,3041,noch
3043,Rauch,Rauch,NOUN,oa,3044,getrübt
3044,getrübt,trüben,VERB,mo,3047,müsse
3045,ansehe,ansehen,VERB,mo,3044,getrübt
3046,",",--,PUNCT,punct,3047,müsse
3047,müsse,müssen,AUX,ROOT,3047,müsse
3048,er,er,PRON,sb,3047,müsse
3049,ihm,ihm,PRON,da,3050,gestehen
3050,gestehen,gestehen,VERB,oc,3047,müsse
3051,",",--,PUNCT,punct,3050,gestehen
3052,daß,daß,SCONJ,cp,3055,Wehmüller
3053,der,der,DET,nk,3055,Wehmüller
3054,andre,andre,ADJ,nk,3055,Wehmüller
3055,Wehmüller,Wehmüller,NOUN,dep,3047,müsse
3056,viel,viel,PRON,mo,3047,müsse
3057,glatter,Glatter,NOUN,sb,3062,sei
3058,und,und,CCONJ,cd,3057,glatter
3059,auch,auch,ADV,mo,3061,fetter
3060,etwas,etwas,ADV,mo,3061,fetter
3061,fetter,fett,ADV,pd,3062,sei
3062,sei,sein,AUX,ROOT,3062,sei
3063,",",--,PUNCT,punct,3062,sei
3064,ja,ja,ADV,mo,3067,beide
3065,daß,daß,SCONJ,cp,3067,beide
3066,sie,sie,PRON,sb,3067,beide
3067,beide,beide,PRON,mnr,3057,glatter
3068,",",--,PUNCT,punct,3062,sei
3069,wenn,wenn,SCONJ,cp,3070,sie
3070,sie,sie,PRON,mo,3062,sei
3071,nebeneinander,nebeneinander,ADV,mo,3070,sie
3072,ständen,stehen,VERB,oc,3077,könnten
3073,",",--,PUNCT,punct,3077,könnten
3074,kaum,kaum,ADV,mo,3075,verwechselt
3075,verwechselt,verwechseln,VERB,oc,3076,werden
3076,werden,werden,AUX,oc,3077,könnten
3077,könnten,können,AUX,ROOT,3077,könnten
3078,;,--,PUNCT,punct,3077,könnten
3079,aber,aber,CCONJ,ju,3082,könne
3080,durchpassieren,durchpassieren,VERB,oc,3081,lassen
3081,lassen,lassen,VERB,oc,3082,könne
3082,könne,können,AUX,oc,3077,könnten
3083,er,er,PRON,sb,3082,könne
3084,ihn,ihn,PRON,ROOT,3084,ihn
3085,jetzt,jetzt,ADV,mnr,3084,ihn
3086,doch,doch,ADV,mo,3084,ihn
3087,nicht,nicht,PART,ng,3084,ihn
3088,.,--,PUNCT,punct,3084,ihn
3089,Es,es,PRON,ph,3090,habe
3090,habe,haben,AUX,ROOT,3090,habe
3091,zuviel,zuviel,DET,nk,3092,Aufsehens
3092,Aufsehens,Aufsehens,NOUN,oa,3096,gemacht
3093,bei,bei,ADP,mo,3096,gemacht
3094,der,der,DET,nk,3095,Wache
3095,Wache,Wache,NOUN,nk,3093,bei
3096,gemacht,machen,VERB,oc,3090,habe
3097,",",--,PUNCT,punct,3096,gemacht
3098,und,und,CCONJ,cd,3090,habe
3099,er,er,PRON,dep,3090,habe
3100,könne,können,AUX,ROOT,3100,könne
3101,Verdruß,Verdruß,NOUN,oa,3102,haben
3102,haben,haben,VERB,oc,3100,könne
3103,;,--,PUNCT,punct,3100,könne
3104,morgen,morgen,ADV,mo,3105,früh
3105,früh,früh,ADV,mo,3106,werde
3106,werde,werden,AUX,ROOT,3106,werde
3107,aber,aber,ADV,mo,3106,werde
3108,der,der,DET,nk,3109,Kordonkommandant
3109,Kordonkommandant,Kordonkommandant,NOUN,sb,3106,werde
3110,mit,mit,ADP,mnr,3109,Kordonkommandant
3111,einer,ein,DET,nk,3110,mit
3112,Patrouille,Patrouille,NOUN,sb,3117,kommen
3113,bei,bei,ADP,mnr,3112,Patrouille
3114,der,der,DET,nk,3115,Visitation
3115,Visitation,Visitation,NOUN,nk,3113,bei
3116,hieher,hieh,ADV,mo,3117,kommen
3117,kommen,kommen,VERB,ROOT,3117,kommen
3118,",",--,PUNCT,punct,3117,kommen
3119,und,und,CCONJ,cd,3117,kommen
3120,da,da,ADV,mo,3121,ließe
3121,ließe,lassen,VERB,cj,3119,und
3122,sich,sich,PRON,oa,3123,sehen
3123,sehen,sehen,VERB,oc,3121,ließe
3124,",",--,PUNCT,punct,3123,sehen
3125,was,was,PRON,ROOT,3125,was
3126,er,er,PRON,ROOT,3126,er
3127,für,für,ADP,mo,3129,tun
3128,ihn,ihn,PRON,nk,3127,für
3129,tun,tun,VERB,oc,3130,könne
3130,könne,können,AUX,ROOT,3130,könne
3131,;,--,PUNCT,punct,3130,könne
3132,er,er,PRON,sb,3133,möge
3133,möge,mögen,AUX,ROOT,3133,möge
3134,bis,bis,ADP,mo,3141,zurückkehren
3135,dahin,dahin,ADV,nk,3134,bis
3136,nach,nach,ADP,mo,3141,zurückkehren
3137,der,der,DET,nk,3138,Schenke
3138,Schenke,Schenke,NOUN,nk,3136,nach
3139,des,der,DET,nk,3140,Dorfs
3140,Dorfs,Dorf,NOUN,ag,3138,Schenke
3141,zurückkehren,zurückkehren,VERB,oc,3133,möge
3142,",",--,PUNCT,punct,3133,möge
3143,er,er,PRON,sb,3144,wolle
3144,wolle,wollen,AUX,ROOT,3144,wolle
3145,ihn,ihn,PRON,oa,3146,rufen
3146,rufen,rufen,VERB,oc,3147,lassen
3147,lassen,lassen,VERB,oc,3144,wolle
3148,",",--,PUNCT,punct,3147,lassen
3149,wenn,wenn,SCONJ,cp,3152,sei
3150,es,es,PRON,sb,3152,sei
3151,Zeit,Zeit,NOUN,pd,3152,sei
3152,sei,sein,AUX,mo,3144,wolle
3153,;,--,PUNCT,punct,3144,wolle
3154,er,er,PRON,sb,3155,solle
3155,solle,sollen,AUX,ROOT,3155,solle
3156,auch,auch,ADV,mo,3158,Bild
3157,das,der,DET,nk,3158,Bild
3158,Bild,Bild,NOUN,oa,3159,mitnehmen
3159,mitnehmen,mitnehmen,VERB,oc,3155,solle
3160,und,und,CCONJ,ju,3166,malen
3161,ihm,ihm,PRON,da,3166,malen
3162,den,der,DET,nk,3163,Schnauzbart
3163,Schnauzbart,Schnauzbart,NOUN,oa,3166,malen
3164,etwas,etwas,ADV,mo,3165,spitzer
3165,spitzer,spitz,ADV,mo,3166,malen
3166,malen,malen,VERB,ROOT,3166,malen
3167,",",--,PUNCT,punct,3166,malen
3168,damit,damit,SCONJ,cp,3172,werde
3169,es,es,PRON,sb,3172,werde
3170,ganz,ganz,ADV,mo,3171,ähnlich
3171,ähnlich,ähnlich,ADV,pd,3172,werde
3172,werde,werden,AUX,mo,3166,malen
3173,.,--,PUNCT,punct,3166,malen
3174,Wehmüller,Wehmüller,NOUN,sb,3175,bat
3175,bat,bitten,VERB,ROOT,3175,bat
3176,",",--,PUNCT,punct,3175,bat
3177,in,in,ADP,mo,3185,schreiben
3178,seiner,sein,DET,nk,3179,Erdhütte
3179,Erdhütte,Erdhütte,NOUN,nk,3177,in
3180,einen,ein,DET,nk,3181,Brief
3181,Brief,Brief,NOUN,oa,3185,schreiben
3182,an,an,ADP,mnr,3181,Brief
3183,sein,sein,DET,nk,3184,Tonerl
3184,Tonerl,Tonerl,NOUN,nk,3182,an
3185,schreiben,schreiben,VERB,oc,3175,bat
3186,zu,zu,ADP,svp,3185,schreiben
3187,dürfen,dürfen,AUX,ROOT,3187,dürfen
3188,und,und,CCONJ,cd,3187,dürfen
3189,ihm,ihm,PRON,da,3194,besorgen
3190,den,der,DET,nk,3191,Brief
3191,Brief,Brief,NOUN,oa,3194,besorgen
3192,hinüber,hinüber,ADV,mo,3194,besorgen
3193,zu,zu,PART,pm,3194,besorgen
3194,besorgen,besorgen,VERB,cj,3188,und
3195,.,--,PUNCT,punct,3187,dürfen
3196,Der,der,DET,nk,3197,Chirurg
3197,Chirurg,Chirurg,NOUN,sb,3198,war
3198,war,sein,AUX,ROOT,3198,war
3199,es,es,PRON,sb,3198,war
3200,zufrieden,zufrieden,ADV,pd,3198,war
3201,.,--,PUNCT,punct,3198,war
3202,Wehmüller,Wehmüller,NOUN,sb,3203,schrieb
3203,schrieb,schreiben,VERB,ROOT,3203,schrieb
3204,seiner,sein,DET,nk,3205,Frau
3205,Frau,Frau,NOUN,da,3203,schrieb
3206,",",--,PUNCT,punct,3203,schrieb
3207,erzählte,erzählen,VERB,cj,3203,schrieb
3208,ihr,ihr,PRON,da,3207,erzählte
3209,sein,sein,DET,nk,3210,Unglück
3210,Unglück,Unglück,NOUN,oa,3207,erzählte
3211,",",--,PUNCT,punct,3203,schrieb
3212,bat,bitten,VERB,cj,3203,schrieb
3213,sie,sie,PRON,oa,3212,bat
3214,um,um,ADP,op,3212,bat
3215,Gottes,Gott,NOUN,nk,3214,um
3216,willen,willen,ADV,mo,3225,verwechseln
3217,",",--,PUNCT,punct,3225,verwechseln
3218,nicht,nicht,PART,ng,3225,verwechseln
3219,den,der,DET,nk,3221,Wehmüller
3220,falschen,falsch,ADJ,nk,3221,Wehmüller
3221,Wehmüller,Wehmüller,NOUN,oa,3225,verwechseln
3222,mit,mit,ADP,op,3225,verwechseln
3223,ihm,ihm,PRON,nk,3222,mit
3224,zu,zu,PART,pm,3225,verwechseln
3225,verwechseln,verwechseln,VERB,ROOT,3225,verwechseln
3226,und,und,CCONJ,cd,3225,verwechseln
3227,lieber,lieber,ADV,mo,3228,sogleich
3228,sogleich,sogleich,ADV,mo,3225,verwechseln
3229,ihm,ihm,PRON,da,3232,reisen
3230,entgegen,entgegen,ADP,mo,3232,reisen
3231,zu,zu,PART,pm,3232,reisen
3232,reisen,reisen,VERB,ROOT,3232,reisen
3233,.,--,PUNCT,punct,3232,reisen
3234,Der,der,DET,nk,3235,Chirurg
3235,Chirurg,Chirurg,NOUN,sb,3236,besorgte
3236,besorgte,besorgen,VERB,ROOT,3236,besorgte
3237,den,der,DET,nk,3238,Brief
3238,Brief,Brief,NOUN,oa,3236,besorgte
3239,und,und,CCONJ,cd,3236,besorgte
3240,gab,geben,VERB,cj,3239,und
3241,Wehmüllern,Wehmüller,NOUN,da,3240,gab
3242,noch,noch,ADV,mo,3240,gab
3243,ein,ein,DET,nk,3244,Attestat
3244,Attestat,Attestat,NOUN,ROOT,3244,Attestat
3245,",",--,PUNCT,punct,3244,Attestat
3246,daß,daß,SCONJ,cp,3252,sei
3247,seine,sein,DET,nk,3248,Person
3248,Person,Person,NOUN,sb,3252,sei
3249,eine,ein,DET,nk,3251,andre
3250,ganz,ganz,ADV,mo,3251,andre
3251,andre,Andre,PROPN,pd,3252,sei
3252,sei,sein,AUX,oc,3244,Attestat
3253,als,als,ADP,cm,3254,die
3254,die,der,PRON,cc,3251,andre
3255,des,der,DET,nk,3256,ersten
3256,ersten,erster,PRON,ag,3254,die
3257,Wehmüllers,Wehmüller,PROPN,sb,3265,durchgeräuchert
3258,",",--,PUNCT,punct,3257,Wehmüllers
3259,und,und,CCONJ,cd,3257,Wehmüllers
3260,nun,nun,ADV,mo,3261,kehrte
3261,kehrte,kehren,VERB,cj,3259,und
3262,unser,unser,DET,nk,3263,Maler
3263,Maler,Maler,NOUN,sb,3261,kehrte
3264,",",--,PUNCT,punct,3265,durchgeräuchert
3265,durchgeräuchert,durchgeräucheren,VERB,ROOT,3265,durchgeräuchert
3266,wie,wie,ADP,cm,3267,ein
3267,ein,ein,DET,mo,3265,durchgeräuchert
3268,Quarantänebrief,Quarantänebrief,PROPN,ROOT,3268,Quarantänebrief
3269,",",--,PUNCT,punct,3268,Quarantänebrief
3270,nach,nach,ADP,mo,3268,Quarantänebrief
3271,der,der,PRON,nk,3270,nach
3272,Dorfschenke,Dorfschenke,NOUN,sb,3268,Quarantänebrief
3273,zurück,zurück,ADV,svp,3268,Quarantänebrief
3274,.,--,PUNCT,punct,3268,Quarantänebrief
3275,Hier,hier,ADV,mo,3276,war
3276,war,sein,AUX,ROOT,3276,war
3277,die,der,DET,nk,3278,Gesellschaft
3278,Gesellschaft,Gesellschaft,NOUN,sb,3276,war
3279,vermehrt,vermehren,VERB,pd,3276,war
3280,",",--,PUNCT,punct,3276,war
3281,die,der,DET,nk,3282,Erzählung
3282,Erzählung,Erzählung,NOUN,cj,3276,war
3283,von,von,ADP,pg,3282,Erzählung
3284,dem,der,DET,nk,3286,Wehmüller
3285,doppelten,doppelt,ADJ,nk,3286,Wehmüller
3286,Wehmüller,Wehmüller,NOUN,nk,3283,von
3287,hatte,haben,AUX,ROOT,3287,hatte
3288,sich,sich,PRON,oa,3296,ausgebreitet
3289,im,in,ADP,mo,3296,ausgebreitet
3290,Dorfe,Dorfe,NOUN,nk,3289,im
3291,und,und,CCONJ,cd,3289,im
3292,auf,auf,ADP,cj,3291,und
3293,einem,ein,DET,nk,3295,Edelhof
3294,benachbarten,benachbart,ADJ,nk,3295,Edelhof
3295,Edelhof,Edelhof,NOUN,nk,3292,auf
3296,ausgebreitet,ausbreiten,VERB,oc,3287,hatte
3297,",",--,PUNCT,punct,3287,hatte
3298,und,und,CCONJ,cd,3287,hatte
3299,es,es,PRON,ROOT,3299,es
3300,waren,sein,AUX,ROOT,3300,waren
3301,allerlei,allerlei,DET,nk,3302,Leute
3302,Leute,Leute,NOUN,sb,3300,waren
3303,bei,bei,ADP,mo,3306,zusammengekommen
3304,der,der,DET,nk,3305,Wirtin
3305,Wirtin,Wirtin,NOUN,nk,3303,bei
3306,zusammengekommen,zusammenkommen,VERB,oc,3300,waren
3307,",",--,PUNCT,punct,3306,zusammengekommen
3308,um,um,SCONJ,cp,3310,wegen
3309,sich,sich,PRON,oa,3310,wegen
3310,wegen,wegen,ADP,mo,3306,zusammengekommen
3311,der,der,DET,punct,3300,waren
3312,Geschichte,Geschichte,NOUN,oa,3314,befragen
3313,zu,zu,PART,pm,3314,befragen
3314,befragen,befragen,VERB,ROOT,3314,befragen
3315,.,--,PUNCT,punct,3314,befragen
3316,Unter,unter,ADP,mo,3319,waren
3317,dieser,dieser,DET,nk,3318,Gesellschaft
3318,Gesellschaft,Gesellschaft,NOUN,nk,3316,Unter
3319,waren,sein,AUX,ROOT,3319,waren
3320,ein,ein,DET,nk,3321,alter
3321,alter,alt,ADJ,nk,3322,invalider
3322,invalider,invalid,NOUN,sb,3319,waren
3323,Feuerwerker,Feuerwerker,NOUN,sb,3328,Hauptpersonen
3324,und,und,CCONJ,cd,3323,Feuerwerker
3325,ein,ein,DET,nk,3326,Franzose
3326,Franzose,Franzose,NOUN,cj,3324,und
3327,die,der,DET,nk,3328,Hauptpersonen
3328,Hauptpersonen,Hauptperson,NOUN,ROOT,3328,Hauptpersonen
3329,.,--,PUNCT,punct,3328,Hauptpersonen
3330,Der,der,DET,nk,3331,Feuerwerker
3331,Feuerwerker,Feuerwerker,NOUN,ROOT,3331,Feuerwerker
3332,",",--,PUNCT,punct,3331,Feuerwerker
3333,ein,ein,DET,nk,3334,Venetianer
3334,Venetianer,Venetianer,NOUN,app,3331,Feuerwerker
3335,von,von,ADP,pg,3339,Baciochi
3336,Geburt,Geburt,PROPN,nk,3335,von
3337,",",--,PUNCT,punct,3338,hieß
3338,hieß,heißen,VERB,ROOT,3338,hieß
3339,Baciochi,Baciochi,PROPN,sb,3338,hieß
3340,und,und,CCONJ,cd,3338,hieß
3341,war,sein,AUX,cj,3340,und
3342,ein,ein,DET,nk,3343,Allesinallem
3343,Allesinallem,Allesinallem,NOUN,pd,3341,war
3344,bei,bei,ADP,mnr,3343,Allesinallem
3345,dem,der,DET,nk,3346,Edelmanne
3346,Edelmanne,Edelmanne,NOUN,nk,3344,bei
3347,",",--,PUNCT,punct,3346,Edelmanne
3348,der,der,PRON,sb,3349,einen
3349,einen,einer,PRON,rc,3342,ein
3350,Büchsenschuß,Büchsenschuß,NOUN,oa,3354,wohnte
3351,von,von,ADP,op,3354,wohnte
3352,dem,der,DET,nk,3353,Dorfe
3353,Dorfe,Dorfe,NOUN,nk,3351,von
3354,wohnte,wohnen,VERB,ROOT,3354,wohnte
3355,.,--,PUNCT,punct,3354,wohnte
3356,Der,der,DET,nk,3357,Franzose
3357,Franzose,Franzose,NOUN,sb,3358,war
3358,war,sein,AUX,ROOT,3358,war
3359,ein,ein,DET,nk,3360,Monsieur
3360,Monsieur,Monsieur,NOUN,nk,3361,Devillier
3361,Devillier,Devillier,NOUN,pd,3358,war
3362,",",--,PUNCT,punct,3358,war
3363,der,der,PRON,sb,3370,gefesselt
3364,",",--,PUNCT,punct,3370,gefesselt
3365,von,von,ADP,sbp,3370,gefesselt
3366,einer,ein,DET,nk,3369,Ungarin
3367,alten,alt,ADJ,nk,3369,Ungarin
3368,reichen,reich,ADJ,nk,3369,Ungarin
3369,Ungarin,Ungarin,NOUN,nk,3365,von
3370,gefesselt,fesseln,VERB,ROOT,3370,gefesselt
3371,",",--,PUNCT,punct,3370,gefesselt
3372,in,in,ADP,mo,3374,sitzen
3373,Ungarn,Ungarn,PROPN,nk,3372,in
3374,sitzen,sitzen,VERB,oc,3376,war
3375,geblieben,bleiben,VERB,oc,3376,war
3376,war,sein,AUX,oc,3370,gefesselt
3377,;,--,PUNCT,punct,3370,gefesselt
3378,seine,sein,DET,nk,3379,Gönnerin
3379,Gönnerin,Gönnerin,NOUN,sb,3380,starb
3380,starb,sterben,VERB,ROOT,3380,starb
3381,und,und,CCONJ,cd,3380,starb
3382,hinterließ,hinterlassen,VERB,cj,3381,und
3383,ihm,ihm,PRON,da,3382,hinterließ
3384,ein,ein,DET,nk,3386,Gütchen
3385,kleines,klein,ADJ,nk,3386,Gütchen
3386,Gütchen,Gütchen,NOUN,oa,3382,hinterließ
3387,",",--,PUNCT,punct,3386,Gütchen
3388,auf,auf,ADP,mo,3382,hinterließ
3389,welchem,welcher,PRON,nk,3388,auf
3390,er,er,PRON,sb,3382,hinterließ
3391,lebte,leben,VERB,ROOT,3391,lebte
3392,und,und,CCONJ,cd,3391,lebte
3393,sich,sich,PRON,oa,3398,mit
3394,bei,bei,ADP,mo,3393,sich
3395,seinen,sein,DET,nk,3396,Nachbarn
3396,Nachbarn,Nachbar,NOUN,nk,3394,bei
3397,umher,umh,ADV,mo,3394,bei
3398,mit,mit,ADP,mo,3391,lebte
3399,der,der,DET,nk,3400,Jagd
3400,Jagd,Jagd,NOUN,nk,3398,mit
3401,und,und,CCONJ,cd,3400,Jagd
3402,allerlei,allerlei,PRON,cj,3401,und
3403,Liebeshändeln,Liebeshändel,NOUN,sb,3406,vertrieb
3404,die,der,DET,nk,3405,Zeit
3405,Zeit,Zeit,NOUN,sb,3406,vertrieb
3406,vertrieb,vertreiben,VERB,ROOT,3406,vertrieb
3407,.,--,PUNCT,punct,3406,vertrieb
3408,Er,er,PRON,sb,3409,hatte
3409,hatte,haben,AUX,ROOT,3409,hatte
3410,gerade,gerade,ADV,mo,3412,Kammerjungfer
3411,eine,ein,DET,nk,3412,Kammerjungfer
3412,Kammerjungfer,Kammerjungfer,NOUN,oa,3409,hatte
3413,auf,auf,ADP,mnr,3412,Kammerjungfer
3414,dem,der,DET,nk,3413,auf
3415,Edelhofe,Edelhofe,NOUN,oa,3416,besucht
3416,besucht,besuchen,VERB,ROOT,3416,besucht
3417,",",--,PUNCT,punct,3416,besucht
3418,der,der,PRON,sb,3421,gab
3419,er,er,PRON,sb,3421,gab
3420,Sprachunterricht,Sprachunterricht,NOUN,oa,3421,gab
3421,gab,geben,VERB,rc,3415,Edelhofe
3422,",",--,PUNCT,punct,3416,besucht
3423,und,und,CCONJ,cd,3416,besucht
3424,diese,dieser,PRON,sb,3425,hatte
3425,hatte,haben,AUX,cj,3423,und
3426,ihn,ihn,PRON,oa,3425,hatte
3427,mit,mit,ADP,mo,3425,hatte
3428,dem,der,DET,nk,3427,mit
3429,Hofmeister,Hofmeister,NOUN,ROOT,3429,Hofmeister
3430,des,der,DET,nk,3432,Edelmanns
3431,jungen,jung,ADJ,nk,3432,Edelmanns
3432,Edelmanns,Edelmann,NOUN,ag,3429,Hofmeister
3433,auf,auf,ADP,mo,3439,begleitet
3434,seinem,sein,DET,nk,3435,Rückwege
3435,Rückwege,Rückweg,NOUN,nk,3433,auf
3436,in,in,ADP,mo,3439,begleitet
3437,die,der,DET,nk,3438,Schenke
3438,Schenke,Schenke,NOUN,nk,3436,in
3439,begleitet,begleiten,VERB,oc,3429,Hofmeister
3440,",",--,PUNCT,punct,3439,begleitet
3441,um,um,ADP,cp,3450,erstatten
3442,ihrer,ihr,DET,nk,3443,Herrschaft
3443,Herrschaft,Herrschaft,NOUN,nk,3441,um
3444,von,von,ADP,pg,3443,Herrschaft
3445,dem,der,DET,nk,3447,Wehmüller
3446,doppelten,doppelt,ADJ,nk,3447,Wehmüller
3447,Wehmüller,Wehmüller,NOUN,nk,3444,von
3448,Bericht,Bericht,NOUN,oa,3450,erstatten
3449,zu,zu,PART,pm,3450,erstatten
3450,erstatten,erstatten,VERB,ROOT,3450,erstatten
3451,.,--,PUNCT,punct,3450,erstatten
3452,Die,der,DET,ROOT,3452,Die
3453,Kammerjungfer,Kammerjungfer,NOUN,sb,3454,hieß
3454,hieß,heißen,VERB,ROOT,3454,hieß
3455,Nanny,Nanny,PROPN,oa,3454,hieß
3456,",",--,PUNCT,punct,3454,hieß
3457,und,und,CCONJ,cd,3454,hieß
3458,der,der,DET,nk,3459,Hofmeister
3459,Hofmeister,Hofmeister,NOUN,sb,3460,war
3460,war,sein,AUX,cj,3457,und
3461,ein,ein,DET,nk,3463,Wiener
3462,geborner,geborn,ADJ,nk,3463,Wiener
3463,Wiener,Wiener,NOUN,pd,3460,war
3464,mit,mit,ADP,mo,3460,war
3465,Namen,Name,NOUN,nk,3464,mit
3466,Lindpeindler,Lindpeindler,NOUN,ROOT,3466,Lindpeindler
3467,",",--,PUNCT,punct,3466,Lindpeindler
3468,ein,ein,DET,nk,3470,Dichter
3469,zartfühlender,zartfühlend,ADJ,nk,3470,Dichter
3470,Dichter,Dichter,NOUN,cj,3466,Lindpeindler
3471,",",--,PUNCT,punct,3470,Dichter
3472,der,der,PRON,sb,3476,ist
3473,oft,oft,ADV,mo,3474,verkannt
3474,verkannt,verkennen,VERB,oc,3475,worden
3475,worden,werden,AUX,oc,3476,ist
3476,ist,sein,AUX,rc,3470,Dichter
3477,.,--,PUNCT,punct,3466,Lindpeindler
3478,Die,der,PRON,ROOT,3478,Die
3479,berühmteste,berühmt,ADJ,nk,3480,Person
3480,Person,Person,NOUN,pd,3483,war
3481,von,von,ADP,pg,3480,Person
3482,allen,alle,PRON,nk,3481,von
3483,war,sein,AUX,ROOT,3483,war
3484,aber,aber,ADV,mo,3483,war
3485,der,der,DET,nk,3487,Michaly
3486,Violinspieler,Violinspieler,ADJ,nk,3487,Michaly
3487,Michaly,Michaly,NOUN,sb,3483,war
3488,",",--,PUNCT,punct,3483,war
3489,ein,ein,DET,nk,3490,Zigeuner
3490,Zigeuner,Zigeuner,NOUN,pd,3483,war
3491,von,von,ADP,ROOT,3491,von
3492,etwa,etwa,ADV,mo,3493,dreißig
3493,dreißig,dreißig,NUM,nk,3494,Jahren
3494,Jahren,Jahr,NOUN,nk,3491,von
3495,",",--,PUNCT,punct,3491,von
3496,von,von,ADP,cj,3491,von
3497,eigentümlicher,eigentümlich,ADJ,nk,3498,Schönheit
3498,Schönheit,Schönheit,NOUN,nk,3496,von
3499,und,und,CCONJ,cd,3498,Schönheit
3500,Kühnheit,Kühnheit,NOUN,cj,3499,und
3501,",",--,PUNCT,punct,3498,Schönheit
3502,der,der,PRON,dep,3491,von
3503,wegen,wegen,ADP,mnr,3502,der
3504,seinem,sein,DET,nk,3506,Talent
3505,großen,groß,ADJ,nk,3506,Talent
3506,Talent,Talent,NOUN,ROOT,3506,Talent
3507,",",--,PUNCT,punct,3506,Talent
3508,alle,aller,DET,nk,3510,Tänze
3509,möglichen,möglich,ADJ,nk,3510,Tänze
3510,Tänze,Tänze,NOUN,oa,3511,ununterbrochen
3511,ununterbrochen,ununterbrochen,ADV,mnr,3506,Talent
3512,auf,auf,ADP,mo,3511,ununterbrochen
3513,seiner,sein,DET,nk,3514,Violine
3514,Violine,Violine,NOUN,nk,3512,auf
3515,zu,zu,ADP,mnr,3506,Talent
3516,erfinden,erfinden,VERB,ROOT,3516,erfinden
3517,und,und,CCONJ,cd,3516,erfinden
3518,zu,zu,PART,pm,3519,variieren
3519,variieren,variieren,VERB,cj,3517,und
3520,",",--,PUNCT,punct,3519,variieren
3521,bei,bei,ADP,mo,3528,spielen
3522,allen,aller,DET,nk,3524,Hochzeiten
3523,großen,groß,ADJ,nk,3524,Hochzeiten
3524,Hochzeiten,Hochzeit,NOUN,nk,3521,bei
3525,im,in,ADP,mnr,3524,Hochzeiten
3526,Lande,Land,NOUN,nk,3525,im
3527,allein,allein,ADV,mo,3528,spielen
3528,spielen,spielen,VERB,oc,3516,erfinden
3529,mußte,müssen,AUX,ROOT,3529,mußte
3530,.,--,PUNCT,punct,3529,mußte
3531,Er,er,PRON,sb,3532,war
3532,war,sein,AUX,ROOT,3532,war
3533,hieher,Hieher,ADV,mo,3534,gereist
3534,gereist,reisen,VERB,oc,3532,war
3535,",",--,PUNCT,punct,3534,gereist
3536,um,um,SCONJ,cp,3540,erwarten
3537,seine,sein,DET,nk,3538,Schwester
3538,Schwester,Schwester,NOUN,oa,3540,erwarten
3539,zu,zu,PART,pm,3540,erwarten
3540,erwarten,erwarten,VERB,mo,3534,gereist
3541,",",--,PUNCT,punct,3540,erwarten
3542,die,der,PRON,app,3538,Schwester
3543,bis,bis,ADP,mo,3545,bei
3544,jetzt,jetzt,ADV,nk,3543,bis
3545,bei,bei,ADP,mo,3532,war
3546,einer,ein,DET,nk,3548,Großmutter
3547,verstorbenen,verstorben,ADJ,nk,3548,Großmutter
3548,Großmutter,Großmutter,NOUN,da,3549,gelebt
3549,gelebt,leben,VERB,ROOT,3549,gelebt
3550,und,und,CCONJ,cd,3549,gelebt
3551,nun,nun,ADV,mo,3552,auf
3552,auf,auf,ADP,cj,3550,und
3553,der,der,DET,nk,3554,Reise
3554,Reise,Reise,NOUN,nk,3552,auf
3555,zu,zu,ADP,mnr,3554,Reise
3556,ihm,ihm,PRON,nk,3555,zu
3557,durch,durch,ADP,mnr,3554,Reise
3558,den,der,DET,nk,3557,durch
3559,Pestkordon,Pestkordon,PROPN,sb,3563,war
3560,von,von,ADP,sbp,3562,getrennt
3561,ihm,ihm,PRON,nk,3560,von
3562,getrennt,trennen,VERB,pd,3563,war
3563,war,sein,AUX,ROOT,3563,war
3564,.,--,PUNCT,punct,3563,war
3565,Zu,zu,ADP,mo,3568,fügte
3566,diesen,dieser,DET,nk,3567,Personen
3567,Personen,Person,NOUN,nk,3565,Zu
3568,fügte,fügen,VERB,ROOT,3568,fügte
3569,sich,sich,PRON,oa,3568,fügte
3570,noch,noch,ADV,mo,3568,fügte
3571,ein,ein,DET,nk,3572,alter
3572,alter,alt,ADJ,sb,3568,fügte
3573,kroatischer,kroatisch,ADJ,nk,3574,Edelmann
3574,Edelmann,Edelmann,NOUN,ROOT,3574,Edelmann
3575,",",--,PUNCT,punct,3574,Edelmann
3576,der,der,PRON,dep,3574,Edelmann
3577,einen,ein,DET,nk,3579,Hof
3578,einsamen,einsam,ADJ,nk,3579,Hof
3579,Hof,Hof,NOUN,oa,3576,der
3580,in,in,ADP,mnr,3579,Hof
3581,der,der,DET,nk,3582,Nähe
3582,Nähe,Nähe,NOUN,nk,3580,in
3583,der,der,DET,nk,3585,Grenze
3584,türkischen,türkisch,ADJ,nk,3585,Grenze
3585,Grenze,Grenze,NOUN,ag,3582,Nähe
3586,besaß,besitzen,VERB,ROOT,3586,besaß
3587,;,--,PUNCT,punct,3586,besaß
3588,er,er,PRON,sb,3589,übernachtete
3589,übernachtete,übernachten,VERB,ROOT,3589,übernachtete
3590,hier,hier,ADV,mo,3589,übernachtete
3591,",",--,PUNCT,punct,3589,übernachtete
3592,von,von,ADP,op,3595,zurückkehrend
3593,einem,ein,DET,nk,3594,Kreistage
3594,Kreistage,Kreistage,NOUN,nk,3592,von
3595,zurückkehrend,zurückkehrend,ADV,mo,3589,übernachtete
3596,.,--,PUNCT,punct,3589,übernachtete
3597,Ein,ein,DET,nk,3598,Tiroler
3598,Tiroler,Tiroler,NOUN,ROOT,3598,Tiroler
3599,Teppichkrämer,Teppichkrämer,PROPN,ROOT,3599,Teppichkrämer
3600,und,und,CCONJ,cd,3599,Teppichkrämer
3601,sein,sein,DET,nk,3602,Reisegeselle
3602,Reisegeselle,Reisegeselle,NOUN,cj,3600,und
3603,",",--,PUNCT,punct,3599,Teppichkrämer
3604,ein,ein,DET,nk,3605,Savoyardenjunge
3605,Savoyardenjunge,Savoyardenjunge,NOUN,cj,3599,Teppichkrämer
3606,",",--,PUNCT,punct,3605,Savoyardenjunge
3607,dem,der,PRON,cj,3605,Savoyardenjunge
3608,sein,sein,DET,nk,3609,Murmeltier
3609,Murmeltier,Murmeltier,NOUN,cj,3605,Savoyardenjunge
3610,gestorben,sterben,VERB,oc,3611,war
3611,war,sein,AUX,mo,3620,machten
3612,",",--,PUNCT,punct,3611,war
3613,und,und,CCONJ,cd,3611,war
3614,der,der,PRON,sb,3618,bettelte
3615,sich,sich,PRON,oa,3618,bettelte
3616,nach,nach,ADP,mo,3618,bettelte
3617,Hause,Haus,NOUN,nk,3616,nach
3618,bettelte,betteln,VERB,cj,3613,und
3619,",",--,PUNCT,punct,3620,machten
3620,machten,machen,VERB,ROOT,3620,machten
3621,die,der,DET,nk,3622,Gesellschaft
3622,Gesellschaft,Gesellschaft,NOUN,sb,3620,machten
3623,voll,voll,ADV,mo,3620,machten
3624,",",--,PUNCT,punct,3620,machten
3625,außer,außer,ADP,ROOT,3625,außer
3626,der,der,DET,nk,3628,Wirtin
3627,alten,alt,ADJ,nk,3628,Wirtin
3628,Wirtin,Wirtin,NOUN,nk,3625,außer
3629,",",--,PUNCT,punct,3628,Wirtin
3630,die,der,PRON,sb,3632,rauchte
3631,Tabak,Tabak,NOUN,sb,3632,rauchte
3632,rauchte,rauchen,VERB,rc,3628,Wirtin
3633,und,und,CCONJ,cd,3632,rauchte
3634,in,in,ADP,cj,3633,und
3635,ihrer,ihr,DET,nk,3636,Jugend
3636,Jugend,Jugend,NOUN,nk,3634,in
3637,als,als,ADP,mo,3634,in
3638,Amazone,Amazone,NOUN,nk,3637,als
3639,unter,unter,ADP,mo,3625,außer
3640,den,der,DET,nk,3642,Husaren
3641,Wurmserschen,Wurmsersche,ADJ,nk,3642,Husaren
3642,Husaren,Husar,NOUN,da,3643,gedient
3643,gedient,dienen,VERB,oc,3644,hatte
3644,hatte,haben,AUX,ROOT,3644,hatte
3645,.,--,PUNCT,punct,3644,hatte
3646,Sie,sie,PRON,sb,3647,trug
3647,trug,tragen,VERB,ROOT,3647,trug
3648,noch,noch,ADV,mo,3647,trug
3649,den,der,DET,nk,3650,Dolman
3650,Dolman,Dolman,PROPN,oa,3647,trug
3651,und,und,CCONJ,cd,3650,Dolman
3652,die,der,DET,nk,3653,Mütze
3653,Mütze,Mütze,NOUN,cj,3651,und
3654,",",--,PUNCT,punct,3647,trug
3655,die,der,DET,nk,3656,Haare
3656,Haare,Haar,NOUN,ROOT,3656,Haare
3657,in,in,ADP,mnr,3656,Haare
3658,einen,ein,DET,nk,3659,Zopf
3659,Zopf,Zopf,NOUN,nk,3657,in
3660,am,an,ADP,mnr,3659,Zopf
3661,Nacken,Nacken,NOUN,nk,3660,am
3662,und,und,CCONJ,cd,3656,Haare
3663,zwei,zwei,NUM,nk,3665,Zöpfe
3664,kleine,klein,ADJ,nk,3665,Zöpfe
3665,Zöpfe,Zöpf,NOUN,cj,3662,und
3666,an,an,ADP,mnr,3665,Zöpfe
3667,den,der,DET,nk,3668,Schläfen
3668,Schläfen,Schläfe,NOUN,nk,3666,an
3669,geknüpft,knüpfen,VERB,ROOT,3669,geknüpft
3670,",",--,PUNCT,punct,3669,geknüpft
3671,und,und,CCONJ,cd,3669,geknüpft
3672,hatte,haben,AUX,cj,3671,und
3673,hinter,hinter,ADP,mo,3672,hatte
3674,ihrem,ihr,DET,nk,3675,Spinnrad
3675,Spinnrad,Spinnrad,NOUN,nk,3673,hinter
3676,ein,ein,DET,nk,3678,Ansehen
3677,martialisches,martialisch,ADJ,nk,3678,Ansehen
3678,Ansehen,ansehen,NOUN,oa,3672,hatte
3679,.,--,PUNCT,punct,3669,geknüpft
3680,Diese,dieser,PRON,ROOT,3680,Diese
3681,bunte,bunt,ADJ,nk,3682,Versammlung
3682,Versammlung,Versammlung,NOUN,sb,3683,saß
3683,saß,sitzen,VERB,ROOT,3683,saß
3684,in,in,ADP,mo,3683,saß
3685,der,der,DET,nk,3686,Stube
3686,Stube,Stube,NOUN,nk,3684,in
3687,",",--,PUNCT,punct,3686,Stube
3688,welche,welcher,PRON,oa,3691,Küche
3689,zugleich,zugleich,ADV,mo,3691,Küche
3690,die,der,DET,nk,3691,Küche
3691,Küche,Küche,NOUN,oa,3683,saß
3692,und,und,CCONJ,cd,3691,Küche
3693,der,der,DET,nk,3694,Stall
3694,Stall,Stall,NOUN,cj,3692,und
3695,für,für,ADP,mnr,3694,Stall
3696,zwei,zwei,NUM,nk,3697,Büffelkühe
3697,Büffelkühe,Büffelkühe,NOUN,pd,3698,war
3698,war,sein,AUX,ROOT,3698,war
3699,",",--,PUNCT,punct,3698,war
3700,um,um,SCONJ,dep,3698,war
3701,den,der,DET,nk,3705,Feuerherd
3702,lodernden,lodernd,ADJ,nk,3705,Feuerherd
3703,",",--,PUNCT,punct,3702,lodernden
3704,niedern,niedern,VERB,cj,3702,lodernden
3705,Feuerherd,Feuerherd,PROPN,pd,3698,war
3706,und,und,CCONJ,cd,3698,war
3707,war,sein,AUX,cj,3706,und
3708,im,in,ADP,mo,3707,war
3709,vollen,voll,ADJ,nk,3708,im
3710,Gespräch,Gespräch,NOUN,ROOT,3710,Gespräch
3711,über,über,ADP,op,3710,Gespräch
3712,den,der,DET,nk,3714,Wehmüller
3713,doppelten,doppelt,ADJ,nk,3714,Wehmüller
3714,Wehmüller,Wehmüller,NOUN,nk,3711,über
3715,",",--,PUNCT,punct,3710,Gespräch
3716,als,als,SCONJ,oc,3710,Gespräch
3717,dieser,dieser,PRON,nk,3716,als
3718,in,in,ADP,mnr,3717,dieser
3719,der,der,DET,nk,3720,Dämmerung
3720,Dämmerung,Dämmerung,NOUN,nk,3718,in
3721,an,an,ADP,mnr,3720,Dämmerung
3722,der,der,DET,nk,3721,an
3723,verschlossenen,verschlossen,ADJ,nk,3724,Haustüre
3724,Haustüre,Haustür,NOUN,da,3725,pochte
3725,pochte,pochen,VERB,ROOT,3725,pochte
3726,.,--,PUNCT,punct,3725,pochte
3727,Die,der,DET,nk,3728,Wirtin
3728,Wirtin,Wirtin,NOUN,sb,3729,fragte
3729,fragte,fragen,VERB,ROOT,3729,fragte
3730,zum,zu,ADP,mo,3729,fragte
3731,Fenster,Fenster,NOUN,nk,3730,zum
3732,hinaus,hinaus,ADP,svp,3729,fragte
3733,",",--,PUNCT,punct,3729,fragte
3734,und,und,CCONJ,cd,3729,fragte
3735,als,als,ADP,cj,3734,und
3736,sie,sie,PRON,sb,3738,sah
3737,Wehmüller,Wehmüller,NOUN,oa,3738,sah
3738,sah,sehen,VERB,oc,3740,rief
3739,",",--,PUNCT,punct,3740,rief
3740,rief,rufen,VERB,ROOT,3740,rief
3741,sie,sie,PRON,sb,3740,rief
3742,:,--,PUNCT,punct,3740,rief
3743,»,--,PUNCT,punct,3745,steh
3744,Gott,Gott,NOUN,sb,3745,steh
3745,steh,steh,X,oc,3740,rief
3746,uns,uns,PRON,oa,3745,steh
3747,bei,bei,ADP,svp,3745,steh
3748,!,--,PUNCT,punct,3740,rief
3749,Da,da,ADV,mo,3750,ist
3750,ist,sein,AUX,ROOT,3750,ist
3751,noch,noch,ADV,mo,3750,ist
3752,ein,ein,DET,nk,3753,dritter
3753,dritter,dritter,ADJ,sb,3750,ist
3754,Wehmüller,Wehmüller,NOUN,ROOT,3754,Wehmüller
3755,;,--,PUNCT,punct,3754,Wehmüller
3756,ich,ich,PRON,sb,3757,mache
3757,mache,machen,VERB,ROOT,3757,mache
3758,die,der,DET,nk,3759,Türe
3759,Türe,Türe,NOUN,oa,3757,mache
3760,nicht,nicht,PART,ng,3761,eher
3761,eher,eher,ADV,mo,3757,mache
3762,auf,auf,ADP,svp,3757,mache
3763,",",--,PUNCT,punct,3757,mache
3764,bis,bis,SCONJ,cp,3765,sie
3765,sie,sie,PRON,mo,3757,mache
3766,alle,aller,DET,nk,3767,drei
3767,drei,drei,NUM,oa,3757,mache
3768,zusammen,zusammen,ADV,svp,3757,mache
3769,kommen,kommen,VERB,ROOT,3769,kommen
3770,!,--,PUNCT,punct,3769,kommen
3771,«,--,PUNCT,punct,3769,kommen
3772,Ein,ein,DET,nk,3774,Gelächter
3773,lautes,laut,ADJ,nk,3774,Gelächter
3774,Gelächter,Gelächter,NOUN,ROOT,3774,Gelächter
3775,und,und,CCONJ,cd,3774,Gelächter
3776,Geschrei,Geschrei,NOUN,cj,3775,und
3777,des,der,DET,nk,3778,Verwunderns
3778,Verwunderns,Verwundern,NOUN,ag,3774,Gelächter
3779,aus,aus,ADP,mnr,3778,Verwunderns
3780,der,der,DET,nk,3781,Stube
3781,Stube,Stube,NOUN,nk,3779,aus
3782,unterbrach,unterbrechen,VERB,mnr,3774,Gelächter
3783,des,der,DET,ROOT,3783,des
3784,armen,arm,ADJ,nk,3785,Malers
3785,Malers,Maler,NOUN,ag,3786,Bitte
3786,Bitte,Bitte,NOUN,ROOT,3786,Bitte
3787,um,um,ADP,op,3786,Bitte
3788,Einlaß,Einlaß,NOUN,nk,3787,um
3789,.,--,PUNCT,punct,3786,Bitte
3790,Er,er,PRON,sb,3791,nahte
3791,nahte,nahen,VERB,ROOT,3791,nahte
3792,sich,sich,PRON,oa,3791,nahte
3793,dem,der,DET,nk,3794,Fenster
3794,Fenster,Fenster,NOUN,da,3791,nahte
3795,und,und,CCONJ,cd,3791,nahte
3796,hörte,hören,VERB,cj,3795,und
3797,eine,ein,DET,nk,3798,lebhafte
3798,lebhafte,Lebhafte,NOUN,oa,3796,hörte
3799,Beratschlagung,Beratschlagung,NOUN,ROOT,3799,Beratschlagung
3800,über,über,ADP,mnr,3799,Beratschlagung
3801,sich,sich,PRON,nk,3800,über
3802,an,an,ADP,svp,3799,Beratschlagung
3803,.,--,PUNCT,punct,3799,Beratschlagung
3804,Der,der,DET,nk,3806,Edelmann
3805,kroatische,kroatisch,ADJ,nk,3806,Edelmann
3806,Edelmann,Edelmann,NOUN,sb,3807,behauptete
3807,behauptete,behaupten,VERB,ROOT,3807,behauptete
3808,",",--,PUNCT,punct,3807,behauptete
3809,er,er,PRON,sb,3810,könne
3810,könne,können,AUX,oc,3807,behauptete
3811,sehr,sehr,ADV,mo,3810,könne
3812,leicht,leicht,ADV,mo,3814,Vampyr
3813,ein,ein,DET,nk,3814,Vampyr
3814,Vampyr,Vampyr,NOUN,pd,3815,sein
3815,sein,sein,AUX,ROOT,3815,sein
3816,oder,oder,CCONJ,cd,3815,sein
3817,die,der,DET,nk,3818,Leiche
3818,Leiche,Leiche,NOUN,oa,3824,verstorbenen
3819,des,der,DET,nk,3820,ersten
3820,ersten,erster,ADJ,ag,3818,Leiche
3821,an,an,ADP,mo,3824,verstorbenen
3822,der,der,DET,nk,3823,Pest
3823,Pest,Pest,NOUN,nk,3821,an
3824,verstorbenen,verstorben,VERB,cj,3816,oder
3825,Wehmüllers,Wehmüller,PROPN,ROOT,3825,Wehmüllers
3826,",",--,PUNCT,punct,3825,Wehmüllers
3827,die,der,PRON,sb,3834,wolle
3828,hier,hier,ADV,mo,3834,wolle
3829,den,der,DET,nk,3830,Leuten
3830,Leuten,Leute,NOUN,da,3833,aussaugen
3831,das,der,DET,nk,3832,Blut
3832,Blut,Blut,NOUN,oa,3833,aussaugen
3833,aussaugen,aussaugen,VERB,oc,3834,wolle
3834,wolle,wollen,AUX,rc,3825,Wehmüllers
3835,;,--,PUNCT,punct,3825,Wehmüllers
3836,der,der,DET,nk,3837,Feuerwerker
3837,Feuerwerker,Feuerwerker,NOUN,ROOT,3837,Feuerwerker
3838,meinte,meinen,VERB,ROOT,3838,meinte
3839,",",--,PUNCT,punct,3838,meinte
3840,er,er,PRON,sb,3841,könne
3841,könne,können,AUX,oc,3838,meinte
3842,die,der,DET,nk,3843,Pest
3843,Pest,Pest,NOUN,oa,3844,bringen
3844,bringen,bringen,VERB,oc,3841,könne
3845,",",--,PUNCT,punct,3841,könne
3846,er,er,PRON,sb,3847,habe
3847,habe,haben,AUX,cj,3841,könne
3848,wahrscheinlich,wahrscheinlich,ADV,mo,3847,habe
3849,den,der,DET,nk,3850,Kordon
3850,Kordon,Kordon,NOUN,oa,3847,habe
3851,überschritten,überschreiten,VERB,ROOT,3851,überschritten
3852,und,und,CCONJ,cd,3851,überschritten
3853,sei,sein,AUX,cj,3852,und
3854,wieder,wieder,ADV,mo,3855,zurückgeschlichen
3855,zurückgeschlichen,rückgeschlichen,VERB,oc,3853,sei
3856,;,--,PUNCT,punct,3851,überschritten
3857,der,der,DET,nk,3858,Tiroler
3858,Tiroler,Tiroler,NOUN,sb,3859,bewies
3859,bewies,beweisen,VERB,ROOT,3859,bewies
3860,",",--,PUNCT,punct,3859,bewies
3861,er,er,PRON,sb,3862,würde
3862,würde,werden,AUX,oc,3859,bewies
3863,niemand,niemand,PRON,sb,3864,fressen
3864,fressen,fressen,VERB,ROOT,3864,fressen
3865,;,--,PUNCT,punct,3864,fressen
3866,die,der,DET,nk,3867,Kammerjungfer
3867,Kammerjungfer,Kammerjungfer,NOUN,sb,3868,verkroch
3868,verkroch,verkroch,VERB,ROOT,3868,verkroch
3869,sich,sich,PRON,oa,3868,verkroch
3870,hinter,hinter,ADP,mo,3868,verkroch
3871,dem,der,DET,nk,3872,Franzosen
3872,Franzosen,Franzose,NOUN,nk,3870,hinter
3873,",",--,PUNCT,punct,3872,Franzosen
3874,der,der,PRON,cj,3872,Franzosen
3875,",",--,PUNCT,punct,3868,verkroch
3876,nebst,nebst,ADP,mo,3884,verteidigte
3877,dem,der,DET,nk,3878,Hofmeister
3878,Hofmeister,Hofmeister,NOUN,nk,3876,nebst
3879,",",--,PUNCT,punct,3884,verteidigte
3880,die,der,DET,nk,3881,Gastfreiheit
3881,Gastfreiheit,Gastfreiheit,NOUN,oa,3884,verteidigte
3882,und,und,CCONJ,cd,3881,Gastfreiheit
3883,Menschlichkeit,Menschlichkeit,NOUN,cj,3882,und
3884,verteidigte,verteidigen,VERB,ROOT,3884,verteidigte
3885,.,--,PUNCT,punct,3884,verteidigte
3886,Devillier,Devillier,NOUN,sb,3887,sagte
3887,sagte,sagen,VERB,ROOT,3887,sagte
3888,",",--,PUNCT,punct,3887,sagte
3889,er,er,PRON,sb,3890,könne
3890,könne,können,AUX,oc,3887,sagte
3891,nicht,nicht,PART,ng,3890,könne
3892,erwarten,erwarten,VERB,oc,3890,könne
3893,",",--,PUNCT,punct,3892,erwarten
3894,daß,daß,SCONJ,cp,3898,Gesellschaft
3895,eine,ein,DET,nk,3898,Gesellschaft
3896,so,so,ADV,mo,3897,auserwählte
3897,auserwählte,auserwählt,ADJ,nk,3898,Gesellschaft
3898,Gesellschaft,Gesellschaft,NOUN,oc,3887,sagte
3899,",",--,PUNCT,punct,3898,Gesellschaft
3900,in,in,ADP,mo,3904,befände
3901,der,der,PRON,nk,3900,in
3902,er,er,PRON,sb,3904,befände
3903,sich,sich,PRON,oa,3904,befände
3904,befände,befänd,VERB,ROOT,3904,befände
3905,",",--,PUNCT,punct,3904,befände
3906,jemals,jemals,ADV,mo,3907,aus
3907,aus,aus,ADP,cj,3904,befände
3908,Furcht,Furcht,NOUN,nk,3907,aus
3909,und,und,CCONJ,cd,3908,Furcht
3910,Aberglauben,Aberglaube,NOUN,cj,3909,und
3911,die,der,DET,nk,3912,Rechte
3912,Rechte,Recht,NOUN,oa,3904,befände
3913,der,der,DET,cd,3904,befände
3914,Menschheit,Menschheit,NOUN,sb,3918,werde
3915,so,so,ADV,mo,3916,sehr
3916,sehr,sehr,ADV,mo,3917,verletzen
3917,verletzen,verletzen,VERB,oc,3918,werde
3918,werde,werden,AUX,ROOT,3918,werde
3919,",",--,PUNCT,punct,3918,werde
3920,einen,ein,DET,nk,3921,Fremden
3921,Fremden,fremde,NOUN,app,3918,werde
3922,wegen,wegen,ADP,mnr,3921,Fremden
3923,einer,ein,DET,nk,3925,Grille
3924,bloßen,bloß,ADJ,nk,3925,Grille
3925,Grille,Grille,NOUN,nk,3922,wegen
3926,auszusperren,auszusperren,VERB,ROOT,3926,auszusperren
3927,",",--,PUNCT,punct,3926,auszusperren
3928,er,er,PRON,sb,3929,wolle
3929,wolle,wollen,AUX,oc,3926,auszusperren
3930,mit,mit,ADP,op,3933,reden
3931,dem,der,DET,nk,3932,Manne
3932,Manne,Manne,NOUN,nk,3930,mit
3933,reden,reden,VERB,oc,3929,wolle
3934,;,--,PUNCT,punct,3926,auszusperren
3935,der,der,DET,nk,3936,Zigeuner
3936,Zigeuner,Zigeuner,NOUN,sb,3938,ergriff
3937,aber,aber,ADV,mo,3938,ergriff
3938,ergriff,ergriff,VERB,ROOT,3938,ergriff
3939,in,in,ADP,mo,3938,ergriff
3940,dem,der,DET,nk,3939,in
3941,allgemeinen,allgemein,VERB,nk,3945,Wortwechsel
3942,",",--,PUNCT,punct,3941,allgemeinen
3943,ziemlich,ziemlich,ADV,mo,3944,lauten
3944,lauten,laut,ADJ,cj,3941,allgemeinen
3945,Wortwechsel,Wortwechsel,NOUN,ROOT,3945,Wortwechsel
3946,seine,sein,DET,nk,3947,Violine
3947,Violine,Violin,NOUN,cj,3945,Wortwechsel
3948,und,und,CCONJ,cd,3945,Wortwechsel
3949,machte,machen,VERB,cj,3948,und
3950,ein,ein,DET,svp,3949,machte
3951,wunderbares,wunderbarer,ADJ,nk,3952,Schariwari
3952,Schariwari,Schariwari,NOUN,ROOT,3952,Schariwari
3953,dazu,dazu,ADV,mnr,3952,Schariwari
3954,",",--,PUNCT,punct,3952,Schariwari
3955,und,und,CCONJ,cd,3952,Schariwari
3956,da,da,SCONJ,mo,3959,Bauern
3957,die,der,DET,nk,3959,Bauern
3958,ungarischen,ungarisch,ADJ,nk,3959,Bauern
3959,Bauern,Bauer,NOUN,cj,3955,und
3960,nicht,nicht,PART,ng,3961,leicht
3961,leicht,leicht,ADV,mo,3962,eine
3962,eine,ein,DET,par,3952,Schariwari
3963,Fiedel,Fiedel,NOUN,oa,3964,hören
3964,hören,hören,VERB,re,3975,so
3965,",",--,PUNCT,punct,3964,hören
3966,ohne,ohne,SCONJ,cp,3973,fühlen
3967,den,der,DET,nk,3968,Tanzkrampf
3968,Tanzkrampf,Tanzkrampf,NOUN,oa,3973,fühlen
3969,in,in,ADP,mo,3973,fühlen
3970,den,der,DET,nk,3971,Füßen
3971,Füßen,Fuß,NOUN,nk,3969,in
3972,zu,zu,PART,pm,3973,fühlen
3973,fühlen,fühlen,VERB,mo,3964,hören
3974,",",--,PUNCT,punct,3975,so
3975,so,so,ADV,mo,3976,versammelte
3976,versammelte,versammeln,VERB,ROOT,3976,versammelte
3977,sich,sich,PRON,oa,3976,versammelte
3978,bald,bald,ADV,ROOT,3978,bald
3979,Horia,Horia,PROPN,ROOT,3979,Horia
3980,und,und,CCONJ,cd,3979,Horia
3981,Klotzka,Klotzka,NOUN,cj,3980,und
3982,vor,vor,ADP,mnr,3981,Klotzka
3983,der,der,DET,nk,3984,Schenke
3984,Schenke,Schenke,NOUN,nk,3982,vor
3985,–,--,PUNCT,punct,3979,Horia
3986,was,wer,PRON,sb,3989,heißt
3987,so,so,ADV,mo,3988,viel
3988,viel,viel,PRON,mo,3989,heißt
3989,heißt,heißen,VERB,rc,3979,Horia
3990,als,als,ADP,mo,3989,heißt
3991,Hinz,Hinz,PROPN,nk,3990,als
3992,und,und,CCONJ,cd,3991,Hinz
3993,Kunz,Kunz,NOUN,cj,3992,und
3994,bei,bei,ADP,mo,3996,zulande
3995,uns,uns,PRON,nk,3994,bei
3996,zulande,zuland,ADJ,ROOT,3996,zulande
3997,–,--,PUNCT,punct,3996,zulande
3998,die,der,DET,nk,3999,Mädchen
3999,Mädchen,Mädchen,NOUN,sb,4000,wurden
4000,wurden,werden,AUX,cj,3996,zulande
4001,aus,aus,ADP,mo,4004,getrieben
4002,den,der,DET,nk,4003,Betten
4003,Betten,Bett,NOUN,nk,4001,aus
4004,getrieben,treiben,VERB,oc,4000,wurden
4005,und,und,CCONJ,cd,4004,getrieben
4006,vor,vor,ADP,cj,4005,und
4007,die,der,PRON,nk,4006,vor
4008,Schenke,Schenke,NOUN,oa,4009,gezogen
4009,gezogen,ziehen,VERB,ROOT,4009,gezogen
4010,",",--,PUNCT,punct,4009,gezogen
4011,und,und,CCONJ,cd,4009,gezogen
4012,sie,sie,PRON,sb,4013,begannen
4013,begannen,beginnen,VERB,cj,4011,und
4014,zu,zu,ADP,op,4013,begannen
4015,jauchzen,jauchzen,VERB,nk,4014,zu
4016,und,und,CCONJ,cd,4015,jauchzen
4017,zu,zu,PART,pm,4018,tanzen
4018,tanzen,tanzen,VERB,cj,4016,und
4019,.,--,PUNCT,punct,4009,gezogen
4020,Durch,durch,ADP,mo,4023,ward
4021,den,der,DET,nk,4022,Lärm
4022,Lärm,Lärm,NOUN,nk,4020,Durch
4023,ward,werden,VERB,ROOT,4023,ward
4024,der,der,DET,nk,4025,Vizegespan
4025,Vizegespan,Vizegespan,PROPN,sb,4023,ward
4026,",",--,PUNCT,punct,4025,Vizegespan
4027,des,der,DET,nk,4028,Orts
4028,Orts,Ort,NOUN,dep,4023,ward
4029,Obrigkeit,Obrigkeit,PROPN,nk,4028,Orts
4030,",",--,PUNCT,punct,4031,herbeigelockt
4031,herbeigelockt,herbeigelocken,VERB,oc,4023,ward
4032,",",--,PUNCT,punct,4023,ward
4033,und,und,CCONJ,cd,4023,ward
4034,Wehmüller,Wehmüller,NOUN,sb,4035,brachte
4035,brachte,bringen,VERB,ROOT,4035,brachte
4036,ihm,ihm,PRON,da,4035,brachte
4037,seine,sein,DET,nk,4038,Klagen
4038,Klagen,Klage,NOUN,oa,4035,brachte
4039,und,und,CCONJ,cd,4038,Klagen
4040,das,der,DET,nk,4041,Attestat
4041,Attestat,Attestat,NOUN,cj,4039,und
4042,des,der,DET,nk,4043,Chirurgen
4043,Chirurgen,Chirurg,NOUN,ag,4041,Attestat
4044,vor,vor,ADP,svp,4035,brachte
4045,",",--,PUNCT,punct,4035,brachte
4046,versprach,versprechen,VERB,ROOT,4046,versprach
4047,ihm,ihm,PRON,da,4046,versprach
4048,auch,auch,ADV,mo,4046,versprach
4049,",",--,PUNCT,punct,4046,versprach
4050,sein,sein,DET,nk,4051,Porträt
4051,Porträt,Porträt,NOUN,oa,4056,aussuchen
4052,unter,unter,ADP,mnr,4051,Porträt
4053,den,der,DET,nk,4054,Nationalgesichtern
4054,Nationalgesichtern,Nationalgesichter,NOUN,nk,4052,unter
4055,sich,sich,PRON,oa,4056,aussuchen
4056,aussuchen,aussuchen,VERB,oc,4046,versprach
4057,zu,zu,ADP,svp,4046,versprach
4058,lassen,lassen,VERB,ROOT,4058,lassen
4059,",",--,PUNCT,punct,4058,lassen
4060,wenn,wenn,SCONJ,cp,4066,verschaffe
4061,er,er,PRON,sb,4066,verschaffe
4062,ihm,ihm,PRON,da,4066,verschaffe
4063,ein,ein,DET,nk,4065,Nachtquartier
4064,ruhiges,ruhig,ADJ,nk,4065,Nachtquartier
4065,Nachtquartier,Nachtquartier,NOUN,oa,4066,verschaffe
4066,verschaffe,verschaffen,VERB,mo,4058,lassen
4067,und,und,CCONJ,cd,4066,verschaffe
4068,seine,sein,DET,cj,4067,und
4069,Persönlichkeit,Persönlichkeit,NOUN,sb,4073,attestiere
4070,in,in,ADP,mo,4073,attestiere
4071,der,der,DET,nk,4072,Schenke
4072,Schenke,Schenke,NOUN,nk,4070,in
4073,attestiere,attestieren,VERB,ROOT,4073,attestiere
4074,.,--,PUNCT,punct,4073,attestiere
4075,Der,der,DET,nk,4076,Vizegespan
4076,Vizegespan,Vizegespan,PROPN,sb,4077,ließ
4077,ließ,lassen,VERB,ROOT,4077,ließ
4078,sich,sich,PRON,oa,4077,ließ
4079,nun,nun,ADV,mo,4077,ließ
4080,die,der,DET,punct,4077,ließ
4081,Schenke,Schenke,NOUN,oa,4082,öffnen
4082,öffnen,öffnen,VERB,ROOT,4082,öffnen
4083,und,und,CCONJ,cd,4082,öffnen
4084,las,lesen,VERB,cj,4083,und
4085,drinnen,drinnen,ADV,mo,4084,las
4086,das,der,DET,nk,4087,Attestat
4087,Attestat,Attestat,NOUN,oa,4084,las
4088,des,der,DET,nk,4089,Herren
4089,Herren,Herr,NOUN,ag,4087,Attestat
4090,Chirurgen,Chirurgen,PROPN,nk,4089,Herren
4091,",",--,PUNCT,punct,4089,Herren
4092,das,der,PRON,oa,4094,allen
4093,er,er,PRON,sb,4094,allen
4094,allen,alle,PRON,rc,4089,Herren
4095,Anwesenden,anwesende,NOUN,sb,4098,mitteilte
4096,zur,zu,ADP,mo,4098,mitteilte
4097,Beruhigung,Beruhigung,NOUN,nk,4096,zur
4098,mitteilte,mitteilen,VERB,ROOT,4098,mitteilte
4099,.,--,PUNCT,punct,4098,mitteilte
4100,Durch,durch,ADP,mo,4103,brachte
4101,seine,sein,DET,nk,4102,Autorität
4102,Autorität,Autorität,NOUN,nk,4100,Durch
4103,brachte,bringen,VERB,ROOT,4103,brachte
4104,er,er,PRON,sb,4103,brachte
4105,es,es,PRON,oa,4103,brachte
4106,dahin,dahin,ADV,mo,4103,brachte
4107,",",--,PUNCT,punct,4103,brachte
4108,daß,daß,SCONJ,cp,4112,wurde
4109,Wehmüller,Wehmüller,NOUN,sb,4112,wurde
4110,endlich,endlich,ADV,mo,4111,hereingelassen
4111,hereingelassen,hereingelassen,VERB,oc,4112,wurde
4112,wurde,werden,AUX,ROOT,4112,wurde
4113,",",--,PUNCT,punct,4112,wurde
4114,und,und,CCONJ,cd,4112,wurde
4115,er,er,PRON,sb,4116,nahm
4116,nahm,nehmen,VERB,cj,4114,und
4117,",",--,PUNCT,punct,4116,nahm
4118,um,um,SCONJ,dep,4112,wurde
4119,der,der,DET,nk,4120,Sache
4120,Sache,Sache,NOUN,nk,4118,um
4121,mehr,mehr,ADV,mo,4118,um
4122,Ansehen,ansehen,NOUN,oa,4124,geben
4123,zu,zu,PART,pm,4124,geben
4124,geben,geben,VERB,ROOT,4124,geben
4125,",",--,PUNCT,punct,4124,geben
4126,ein,ein,DET,nk,4127,Protokoll
4127,Protokoll,Protokoll,NOUN,app,4122,Ansehen
4128,über,über,ADP,mnr,4127,Protokoll
4129,ihn,ihn,PRON,nk,4128,über
4130,auf,auf,ADP,svp,4124,geben
4131,",",--,PUNCT,punct,4124,geben
4132,an,an,ADP,mo,4136,war
4133,dem,der,PRON,nk,4132,an
4134,nichts,nichts,PRON,sb,4136,war
4135,merkwürdig,merkwürdig,ADV,pd,4136,war
4136,war,sein,AUX,rc,4122,Ansehen
4137,",",--,PUNCT,punct,4136,war
4138,als,als,ADP,dep,4124,geben
4139,daß,daß,SCONJ,cp,4147,anfing
4140,es,es,PRON,ep,4147,anfing
4141,mit,mit,ADP,mo,4147,anfing
4142,dem,der,DET,nk,4143,Worte
4143,Worte,Worte,NOUN,nk,4141,mit
4144,»,--,PUNCT,punct,4145,sondern
4145,sondern,sondern,CCONJ,mo,4147,anfing
4146,«,--,PUNCT,punct,4147,anfing
4147,anfing,anfing,VERB,ROOT,4147,anfing
4148,.,--,PUNCT,punct,4147,anfing
4149,Indessen,indessen,ADV,mo,4150,hatten
4150,hatten,haben,AUX,ROOT,4150,hatten
4151,die,der,DET,nk,4152,Bauern
4152,Bauern,Bauer,NOUN,sb,4150,hatten
4153,den,der,DET,punct,4150,hatten
4154,musikalischen,musikalisch,ADJ,nk,4155,Zigeuner
4155,Zigeuner,Zigeuner,NOUN,sb,4156,herausgezerrt
4156,herausgezerrt,herausgezerren,VERB,ROOT,4156,herausgezerrt
4157,und,und,CCONJ,cd,4156,herausgezerrt
4158,waren,sein,AUX,cj,4157,und
4159,mit,mit,ADP,mo,4158,waren
4160,ihm,ihm,PRON,nk,4159,mit
4161,unter,unter,ADP,mo,4158,waren
4162,die,der,DET,nk,4163,Linde
4163,Linde,Linde,NOUN,nk,4161,unter
4164,des,der,DET,punct,4156,herausgezerrt
4165,Dorfs,Dorf,NOUN,oa,4166,gezogen
4166,gezogen,ziehen,VERB,ROOT,4166,gezogen
4167,",",--,PUNCT,punct,4166,gezogen
4168,der,der,DET,nk,4169,Tiroler
4169,Tiroler,Tiroler,NOUN,sb,4170,zog
4170,zog,ziehen,VERB,cj,4166,gezogen
4171,hintendrein,hintendrein,ADV,svp,4170,zog
4172,und,und,CCONJ,cd,4170,zog
4173,joudelte,joudelter,NOUN,cj,4172,und
4174,aus,aus,ADP,mnr,4173,joudelte
4175,der,der,DET,nk,4176,Fistel
4176,Fistel,Fistel,NOUN,nk,4174,aus
4177,",",--,PUNCT,punct,4176,Fistel
4178,der,der,PRON,ROOT,4178,der
4179,Savoyarde,Savoyarde,NOUN,mo,4180,gurgelte
4180,gurgelte,gurgeln,VERB,ROOT,4180,gurgelte
4181,sein,sein,AUX,nk,4184,Gianetta
4182,»,--,PUNCT,punct,4184,Gianetta
4183,Escoutta,Escoutta,PROPN,pnc,4184,Gianetta
4184,Gianetta,Gianetta,PROPN,sb,4180,gurgelte
4185,«,--,PUNCT,punct,4184,Gianetta
4186,und,und,CCONJ,cd,4180,gurgelte
4187,klapperte,klappern,VERB,cj,4186,und
4188,mit,mit,ADP,mo,4187,klapperte
4189,dem,der,DET,nk,4190,Deckel
4190,Deckel,Deckel,NOUN,nk,4188,mit
4191,seines,sein,DET,punct,4180,gurgelte
4192,leeren,leer,ADJ,nk,4193,Kastens
4193,Kastens,Kasten,NOUN,ROOT,4193,Kastens
4194,den,der,DET,nk,4195,Takt
4195,Takt,Takt,NOUN,oa,4193,Kastens
4196,dazu,dazu,ADV,mnr,4195,Takt
4197,bis,bis,ADP,ac,4198,unter
4198,unter,unter,ADP,mnr,4193,Kastens
4199,die,der,DET,nk,4200,Linde
4200,Linde,Linde,NOUN,nk,4198,unter
4201,.,--,PUNCT,punct,4193,Kastens
4202,Monsieur,Monsieur,DET,nk,4203,Devillier
4203,Devillier,Devillier,NOUN,oa,4204,forderte
4204,forderte,fordern,VERB,ROOT,4204,forderte
4205,die,der,DET,nk,4206,Kammerjungfer
4206,Kammerjungfer,Kammerjungfer,NOUN,sb,4215,gab
4207,zu,zu,ADP,mnr,4206,Kammerjungfer
4208,einem,ein,DET,nk,4209,Tänzchen
4209,Tänzchen,Tänzchen,NOUN,nk,4207,zu
4210,auf,auf,ADP,pd,4206,Kammerjungfer
4211,",",--,PUNCT,punct,4206,Kammerjungfer
4212,und,und,CCONJ,cd,4206,Kammerjungfer
4213,Herr,Herr,NOUN,cj,4212,und
4214,Lindpeindler,Lindpeindler,PROPN,nk,4213,Herr
4215,gab,geben,VERB,ROOT,4215,gab
4216,der,der,DET,nk,4217,schönen
4217,schönen,schön,ADJ,da,4215,gab
4218,Herbstnacht,Herbstnacht,NOUN,ROOT,4218,Herbstnacht
4219,und,und,CCONJ,cd,4218,Herbstnacht
4220,dem,der,DET,nk,4222,Eindruck
4221,romantischen,romantisch,ADJ,nk,4222,Eindruck
4222,Eindruck,Eindruck,NOUN,cj,4219,und
4223,nach,nach,ADP,svp,4218,Herbstnacht
4224,.,--,PUNCT,punct,4218,Herbstnacht
4225,So,so,ADV,mo,4226,war
4226,war,sein,AUX,ROOT,4226,war
4227,die,der,DET,nk,4228,Stube
4228,Stube,Stube,NOUN,sb,4226,war
4229,ziemlich,ziemlich,ADV,mo,4230,leer
4230,leer,leer,ADV,pd,4226,war
4231,geworden,werden,AUX,ROOT,4231,geworden
4232,;,--,PUNCT,punct,4231,geworden
4233,Wehmüller,Wehmüller,NOUN,sb,4234,holte
4234,holte,holen,VERB,ROOT,4234,holte
4235,seine,sein,DET,nk,4236,Nationalgesichter
4236,Nationalgesichter,Nationalgesichter,NOUN,oa,4234,holte
4237,aus,aus,ADP,mnr,4236,Nationalgesichter
4238,der,der,DET,nk,4239,Blechbüchse
4239,Blechbüchse,Blechbüchse,NOUN,nk,4237,aus
4240,",",--,PUNCT,punct,4234,holte
4241,und,und,CCONJ,cd,4234,holte
4242,der,der,DET,cj,4241,und
4243,Vizegespan,Vizegespan,PROPN,sb,4244,hatte
4244,hatte,haben,AUX,oc,4250,versprach
4245,bald,bald,ADV,mo,4248,gefunden
4246,sein,sein,DET,nk,4247,Porträt
4247,Porträt,Porträt,NOUN,oa,4248,gefunden
4248,gefunden,finden,VERB,oc,4244,hatte
4249,",",--,PUNCT,punct,4250,versprach
4250,versprach,versprechen,VERB,ROOT,4250,versprach
4251,auch,auch,ADV,mo,4253,Maler
4252,dem,der,DET,nk,4253,Maler
4253,Maler,Maler,NOUN,da,4250,versprach
4254,ins,in,ADP,mo,4250,versprach
4255,Ohr,Ohr,NOUN,nk,4254,ins
4256,",",--,PUNCT,punct,4250,versprach
4257,daß,daß,SCONJ,cp,4265,wolle
4258,er,er,PRON,sb,4265,wolle
4259,ihm,ihm,PRON,da,4264,helfen
4260,morgen,morgen,ADV,mo,4265,wolle
4261,über,über,ADP,mo,4264,helfen
4262,den,der,DET,nk,4263,Kordon
4263,Kordon,Kordon,NOUN,nk,4261,über
4264,helfen,helfen,VERB,oc,4265,wolle
4265,wolle,wollen,AUX,ROOT,4265,wolle
4266,",",--,PUNCT,punct,4265,wolle
4267,wenn,wenn,SCONJ,cp,4268,er
4268,er,er,PRON,sb,4265,wolle
4269,ihm,ihm,PRON,nk,4268,er
4270,heute,heute,ADV,mo,4269,ihm
4271,nacht,nacht,ADV,mo,4270,heute
4272,noch,noch,ADV,mo,4269,ihm
4273,eine,ein,DET,nk,4274,Reihe
4274,Reihe,Reihe,NOUN,sb,4280,male
4275,Knöpfe,Knopf,NOUN,nk,4274,Reihe
4276,mehr,mehr,ADV,mo,4280,male
4277,auf,auf,ADP,mo,4280,male
4278,die,der,DET,nk,4279,Jacke
4279,Jacke,Jack,NOUN,nk,4277,auf
4280,male,malen,VERB,ROOT,4280,male
4281,.,--,PUNCT,punct,4280,male
4282,Wehmüller,Wehmüller,NOUN,sb,4283,dankte
4283,dankte,danken,VERB,ROOT,4283,dankte
4284,ihm,ihm,PRON,da,4283,dankte
4285,herzlich,herzlich,ADV,mo,4283,dankte
4286,und,und,CCONJ,cd,4283,dankte
4287,begann,beginnen,VERB,ROOT,4287,begann
4288,sogleich,sogleich,ADV,mo,4287,begann
4289,bei,bei,ADP,mo,4287,begann
4290,einer,ein,DET,nk,4291,Kienfackel
4291,Kienfackel,Kienfackel,NOUN,nk,4289,bei
4292,seine,sein,DET,nk,4293,Arbeit
4293,Arbeit,Arbeit,NOUN,oa,4287,begann
4294,.,--,PUNCT,punct,4287,begann
4295,Der,der,DET,nk,4296,Feuerwerker
4296,Feuerwerker,Feuerwerker,NOUN,ROOT,4296,Feuerwerker
4297,und,und,CCONJ,cd,4296,Feuerwerker
4298,der,der,DET,cj,4297,und
4299,kroatische,kroatisch,ADJ,nk,4300,Edelmann
4300,Edelmann,Edelmann,NOUN,sb,4301,rückten
4301,rückten,rücken,VERB,ROOT,4301,rückten
4302,zu,zu,ADP,mo,4301,rückten
4303,dem,der,DET,nk,4304,Tisch
4304,Tisch,Tisch,NOUN,nk,4302,zu
4305,",",--,PUNCT,punct,4301,rückten
4306,auf,auf,ADP,mo,4301,rückten
4307,welchem,welcher,DET,nk,4308,Wehmüller
4308,Wehmüller,Wehmüller,NOUN,nk,4306,auf
4309,seine,sein,DET,nk,4310,Flasche
4310,Flasche,Flasche,NOUN,oa,4301,rückten
4311,Tokaier,Tokaier,PROPN,sb,4312,preisgab
4312,preisgab,preisgeben,VERB,ROOT,4312,preisgab
4313,;,--,PUNCT,punct,4312,preisgab
4314,die,der,DET,nk,4315,Herren
4315,Herren,Herr,NOUN,sb,4316,drehten
4316,drehten,drehen,VERB,ROOT,4316,drehten
4317,sich,sich,PRON,oa,4316,drehten
4318,die,der,DET,nk,4319,Schnauzbärte
4319,Schnauzbärte,Schnauzbärt,NOUN,sb,4316,drehten
4320,",",--,PUNCT,punct,4316,drehten
4321,steckten,stecken,VERB,cj,4316,drehten
4322,sich,sich,PRON,oa,4321,steckten
4323,die,der,DET,punct,4316,drehten
4324,Pfeifen,Pfeife,NOUN,ROOT,4324,Pfeifen
4325,an,an,ADP,svp,4324,Pfeifen
4326,und,und,CCONJ,cd,4324,Pfeifen
4327,ließen,lassen,VERB,cj,4326,und
4328,es,es,PRON,oa,4330,wohlschmecken
4329,sich,sich,PRON,oa,4330,wohlschmecken
4330,wohlschmecken,wohlschmecken,VERB,oc,4327,ließen
4331,.,--,PUNCT,punct,4324,Pfeifen
4332,Der,der,DET,nk,4333,Vizegespan
4333,Vizegespan,Vizegespan,PROPN,sb,4334,sprach
4334,sprach,sprechen,VERB,ROOT,4334,sprach
4335,von,von,ADP,op,4334,sprach
4336,der,der,DET,nk,4335,von
4337,Jagdzeit,Jagdzeit,NOUN,ROOT,4337,Jagdzeit
4338,",",--,PUNCT,punct,4337,Jagdzeit
4339,die,der,PRON,sb,4350,gehe
4340,am,an,ADP,mo,4350,gehe
4341,St.,St.,PROPN,pnc,4342,Egiditag
4342,Egiditag,Egiditag,PROPN,nk,4340,am
4343,",",--,PUNCT,punct,4350,gehe
4344,da,da,SCONJ,cp,4350,gehe
4345,der,der,DET,nk,4346,Hirsch
4346,Hirsch,Hirsch,NOUN,sb,4350,gehe
4347,in,in,ADP,mo,4350,gehe
4348,die,der,DET,nk,4349,Brunst
4349,Brunst,Brunst,NOUN,nk,4347,in
4350,gehe,gehen,VERB,rc,4337,Jagdzeit
4351,",",--,PUNCT,punct,4352,begonnen
4352,begonnen,beginnen,VERB,oc,4353,habe
4353,habe,haben,AUX,rc,4337,Jagdzeit
4354,",",--,PUNCT,punct,4353,habe
4355,und,und,CCONJ,ju,4364,wolle
4356,daß,daß,SCONJ,cp,4364,wolle
4357,er,er,PRON,sb,4364,wolle
4358,morgen,morgen,ADV,mo,4364,wolle
4359,früh,früh,ADV,mo,4363,ausgehen
4360,nach,nach,ADP,mo,4363,ausgehen
4361,einem,ein,DET,nk,4362,Vierzehnender
4362,Vierzehnender,Vierzehnender,NOUN,nk,4360,nach
4363,ausgehen,ausgehen,VERB,oc,4364,wolle
4364,wolle,wollen,AUX,ROOT,4364,wolle
4365,",",--,PUNCT,punct,4364,wolle
4366,der,der,PRON,sb,4368,großen
4367,ihm,ihm,PRON,da,4368,großen
4368,großen,groß,ADJ,dep,4364,wolle
4369,Schaden,Schaden,NOUN,ROOT,4369,Schaden
4370,in,in,ADP,mo,4373,getan
4371,seinem,sein,DET,nk,4372,Weinberge
4372,Weinberge,Weinberg,NOUN,nk,4370,in
4373,getan,tun,VERB,oc,4369,Schaden
4374,;,--,PUNCT,punct,4369,Schaden
4375,zugleich,zugleich,ADV,mo,4376,lud
4376,lud,laden,VERB,ROOT,4376,lud
4377,er,er,PRON,sb,4376,lud
4378,Herrn,Herr,NOUN,oa,4376,lud
4379,Wehmüller,Wehmüller,NOUN,nk,4378,Herrn
4380,ein,ein,ADV,svp,4376,lud
4381,",",--,PUNCT,punct,4376,lud
4382,mitzugehen,mitzugehen,VERB,ROOT,4382,mitzugehen
4383,",",--,PUNCT,punct,4382,mitzugehen
4384,wobei,wobei,SCONJ,mo,4390,trat
4385,er,er,PRON,sb,4390,trat
4386,ihm,ihm,PRON,da,4390,trat
4387,auf,auf,ADP,mo,4390,trat
4388,den,der,DET,nk,4389,Fuß
4389,Fuß,Fuß,NOUN,nk,4387,auf
4390,trat,treten,VERB,mo,4382,mitzugehen
4391,.,--,PUNCT,punct,4382,mitzugehen
4392,Wehmüller,Wehmüller,NOUN,sb,4393,verstand
4393,verstand,verstehen,VERB,ROOT,4393,verstand
4394,",",--,PUNCT,punct,4393,verstand
4395,daß,daß,SCONJ,cp,4396,dies
4396,dies,dieser,PRON,oc,4393,verstand
4397,ein,ein,DET,svp,4393,verstand
4398,Wink,Wink,NOUN,pd,4399,sei
4399,sei,sein,AUX,ROOT,4399,sei
4400,",",--,PUNCT,punct,4399,sei
4401,wie,wie,SCONJ,mo,4407,helfen
4402,er,er,PRON,sb,4408,wolle
4403,ihm,ihm,PRON,da,4407,helfen
4404,über,über,ADP,mo,4407,helfen
4405,den,der,DET,nk,4406,Kordon
4406,Kordon,Kordon,NOUN,nk,4404,über
4407,helfen,helfen,VERB,oc,4408,wolle
4408,wolle,wollen,AUX,sb,4399,sei
4409,",",--,PUNCT,punct,4399,sei
4410,und,und,CCONJ,cd,4399,sei
4411,wenn,wenn,SCONJ,cp,4412,ihm
4412,ihm,ihm,PRON,mo,4410,und
4413,gleich,gleich,ADV,mo,4414,nicht
4414,nicht,nicht,PART,ng,4412,ihm
4415,so,so,ADV,mo,4414,nicht
4416,zumute,zumute,ADV,mo,4417,war
4417,war,sein,AUX,mo,4425,nahm
4418,",",--,PUNCT,punct,4417,war
4419,gern,gern,ADV,mo,4423,hören
4420,von,von,ADP,op,4423,hören
4421,Hirschgeweihen,Hirschgeweihen,NOUN,nk,4420,von
4422,zu,zu,PART,pm,4423,hören
4423,hören,hören,VERB,oc,4417,war
4424,",",--,PUNCT,punct,4425,nahm
4425,nahm,nehmen,VERB,ROOT,4425,nahm
4426,er,er,PRON,sb,4425,nahm
4427,doch,doch,ADV,mo,4425,nahm
4428,das,der,DET,nk,4429,Anerbieten
4429,Anerbieten,Anerbiet,NOUN,oa,4425,nahm
4430,mit,mit,ADP,svp,4425,nahm
4431,Dank,dank,ADP,mo,4435,bat
4432,an,an,ADP,punct,4435,bat
4433,",",--,PUNCT,punct,4435,bat
4434,nur,nur,ADV,mo,4435,bat
4435,bat,bitten,VERB,ROOT,4435,bat
4436,er,er,PRON,sb,4435,bat
4437,sich,sich,PRON,da,4435,bat
4438,die,der,DET,nk,4439,Erlaubnis
4439,Erlaubnis,Erlaubnis,NOUN,oa,4435,bat
4440,aus,aus,ADP,svp,4435,bat
4441,",",--,PUNCT,punct,4435,bat
4442,nach,nach,ADP,mo,4435,bat
4443,der,der,DET,nk,4444,Rückkehr
4444,Rückkehr,Rückkehr,NOUN,nk,4442,nach
4445,das,der,DET,nk,4446,Bild
4446,Bild,Bild,NOUN,oa,4435,bat
4447,des,der,DET,punct,4435,bat
4448,Herrn,Herr,NOUN,ROOT,4448,Herrn
4449,Vizegespans,Vizegespan,PROPN,ag,4448,Herrn
4450,in,in,ADP,mo,4454,malen
4451,seinem,sein,DET,nk,4452,Hause
4452,Hause,Haus,NOUN,nk,4450,in
4453,fertig,fertig,ADV,mo,4454,malen
4454,malen,malen,VERB,oc,4456,dürfen
4455,zu,zu,PART,pm,4456,dürfen
4456,dürfen,dürfen,AUX,oc,4448,Herrn
4457,.,--,PUNCT,punct,4448,Herrn
4458,Der,der,DET,nk,4459,kroatische
4459,kroatische,kroatisch,ADJ,ROOT,4459,kroatische
4460,Edelmann,Edelmann,NOUN,sb,4464,sprachen
4461,und,und,CCONJ,cd,4460,Edelmann
4462,der,der,DET,nk,4463,Feuerwerker
4463,Feuerwerker,Feuerwerker,NOUN,cj,4461,und
4464,sprachen,sprechen,VERB,ROOT,4464,sprachen
4465,nun,nun,ADV,mo,4464,sprachen
4466,noch,noch,ADV,mo,4467,mancherlei
4467,mancherlei,mancherlei,PRON,sb,4464,sprachen
4468,von,von,ADP,pg,4467,mancherlei
4469,der,der,DET,nk,4470,Jagd
4470,Jagd,Jagd,NOUN,nk,4468,von
4471,",",--,PUNCT,punct,4464,sprachen
4472,und,und,CCONJ,cd,4464,sprachen
4473,wie,wie,ADP,cj,4472,und
4474,der,der,DET,nk,4475,Wein
4475,Wein,Wein,NOUN,sb,4478,stehe
4476,so,so,ADV,mo,4477,vortrefflich
4477,vortrefflich,vortrefflich,ADV,mo,4478,stehe
4478,stehe,stehen,VERB,re,4480,darum
4479,",",--,PUNCT,punct,4480,darum
4480,darum,darum,ADV,mo,4481,sei
4481,sei,sein,AUX,ROOT,4481,sei
4482,das,der,DET,nk,4483,Volk
4483,Volk,Volk,NOUN,sb,4481,sei
4484,auch,auch,ADV,mo,4481,sei
4485,so,so,ADV,mo,4486,lustig
4486,lustig,lustig,ADV,pd,4481,sei
4487,;,--,PUNCT,punct,4481,sei
4488,wenn,wenn,SCONJ,cp,4489,der
4489,der,der,DET,ROOT,4489,der
4490,unbequeme,unbequem,ADJ,nk,4491,Pestkordon
4491,Pestkordon,Pestkordon,PROPN,sb,4495,sei
4492,nur,nur,ADV,mo,4494,aufgelöst
4493,erst,erst,ADV,mo,4492,nur
4494,aufgelöst,auflösen,VERB,pd,4495,sei
4495,sei,sein,AUX,ROOT,4495,sei
4496,;,--,PUNCT,punct,4495,sei
4497,aller,aller,DET,nk,4498,Verkehr
4498,Verkehr,Verkehr,NOUN,sb,4499,sei
4499,sei,sein,AUX,ROOT,4499,sei
4500,durch,durch,ADP,mo,4499,sei
4501,ihn,ihn,PRON,nk,4500,durch
4502,gestört,stören,VERB,ROOT,4502,gestört
4503,",",--,PUNCT,punct,4502,gestört
4504,und,und,CCONJ,cd,4502,gestört
4505,der,der,DET,nk,4506,Kordon
4506,Kordon,Kordon,NOUN,sb,4507,sei
4507,sei,sein,AUX,cj,4504,und
4508,eigentlich,eigentlich,ADV,mo,4507,sei
4509,ärger,ärg,ADV,pd,4507,sei
4510,als,als,ADP,cm,4512,Pest
4511,die,der,DET,nk,4512,Pest
4512,Pest,Pest,NOUN,cc,4509,ärger
4513,selbst,selbst,ADV,mnr,4512,Pest
4514,.,--,PUNCT,punct,4502,gestört
4515,»,--,PUNCT,punct,4517,wird
4516,Es,es,PRON,ph,4517,wird
4517,wird,werden,AUX,ROOT,4517,wird
4518,bald,bald,ADV,mo,4517,wird
4519,aus,aus,ADP,ROOT,4519,aus
4520,sein,sein,AUX,nk,4519,aus
4521,mit,mit,ADP,mo,4519,aus
4522,dem,der,DET,nk,4523,Kordon
4523,Kordon,Kordon,NOUN,nk,4521,mit
4524,«,--,PUNCT,punct,4526,sagte
4525,",",--,PUNCT,punct,4526,sagte
4526,sagte,sagen,VERB,ROOT,4526,sagte
4527,der,der,DET,nk,4528,Kroate
4528,Kroate,Kroate,NOUN,sb,4526,sagte
4529,",",--,PUNCT,punct,4528,Kroate
4530,»,--,PUNCT,punct,4533,ist
4531,die,der,DET,nk,4532,Kälte
4532,Kälte,Kälte,NOUN,sb,4533,ist
4533,ist,sein,AUX,oc,4528,Kroate
4534,der,der,DET,nk,4536,Doktor
4535,beste,gut,ADJ,nk,4536,Doktor
4536,Doktor,Doktor,NOUN,pd,4533,ist
4537,",",--,PUNCT,punct,4533,ist
4538,und,und,CCONJ,ju,4540,habe
4539,ich,ich,PRON,sb,4540,habe
4540,habe,haben,AUX,ROOT,4540,habe
4541,heute,heute,ADV,mo,4545,gesehen
4542,an,an,ADP,mo,4545,gesehen
4543,den,der,DET,nk,4544,Eicheln
4544,Eicheln,Eichel,NOUN,nk,4542,an
4545,gesehen,sehen,VERB,oc,4540,habe
4546,",",--,PUNCT,punct,4545,gesehen
4547,daß,daß,SCONJ,cp,4552,geben
4548,es,es,PRON,sb,4552,geben
4549,einen,ein,DET,nk,4551,Winter
4550,strengen,streng,ADJ,nk,4551,Winter
4551,Winter,Winter,NOUN,oa,4552,geben
4552,geben,geben,VERB,oc,4545,gesehen
4553,wird,werden,AUX,ROOT,4553,wird
4554,;,--,PUNCT,punct,4553,wird
4555,denn,denn,CCONJ,ju,4558,kamen
4556,die,der,DET,nk,4557,Eicheln
4557,Eicheln,eicheln,NOUN,sb,4558,kamen
4558,kamen,kommen,VERB,ROOT,4558,kamen
4559,heuer,heuer,ADV,mo,4558,kamen
4560,früh,früh,ADV,mo,4558,kamen
4561,und,und,CCONJ,cd,4560,früh
4562,viel,viel,PRON,cj,4561,und
4563,",",--,PUNCT,punct,4558,kamen
4564,und,und,CCONJ,cd,4558,kamen
4565,es,es,PRON,sb,4566,heißt
4566,heißt,heißen,VERB,cj,4564,und
4567,von,von,ADP,mo,4566,heißt
4568,den,der,DET,nk,4569,Eicheln
4569,Eicheln,Eichel,NOUN,nk,4567,von
4570,im,in,ADP,ROOT,4570,im
4571,September,September,NOUN,nk,4570,im
4572,:,--,PUNCT,punct,4570,im
4573,Haben,haben,AUX,re,4577,so
4574,sie,sie,PRON,sb,4573,Haben
4575,Spinnen,Spinne,NOUN,oa,4573,Haben
4576,",",--,PUNCT,punct,4577,so
4577,so,so,ADV,mo,4578,kömmt
4578,kömmt,kömmen,VERB,ROOT,4578,kömmt
4579,ein,ein,DET,nk,4580,bös
4580,bös,bös,NOUN,sb,4578,kömmt
4581,Jahr,Jahr,NOUN,mo,4578,kömmt
4582,",",--,PUNCT,punct,4578,kömmt
4583,Haben,haben,AUX,ROOT,4583,Haben
4584,sie,sie,PRON,sb,4583,Haben
4585,Fliegen,Fliege,NOUN,oa,4583,Haben
4586,",",--,PUNCT,punct,4587,kömmt
4587,kömmt,kömmen,VERB,cj,4583,Haben
4588,Mittelzeit,Mittelzeit,NOUN,sb,4587,kömmt
4589,zwar,zwar,ADV,mo,4587,kömmt
4590,",",--,PUNCT,punct,4587,kömmt
4591,Haben,haben,AUX,re,4595,so
4592,sie,sie,PRON,sb,4591,Haben
4593,Maden,Made,NOUN,oa,4591,Haben
4594,",",--,PUNCT,punct,4595,so
4595,so,so,ADV,mo,4596,wird
4596,wird,werden,AUX,ROOT,4596,wird
4597,das,der,DET,nk,4598,Jahr
4598,Jahr,Jahr,NOUN,sb,4596,wird
4599,gut,gut,ADV,pd,4596,wird
4600,",",--,PUNCT,punct,4596,wird
4601,Ist,sein,AUX,re,4605,so
4602,nichts,nichts,PRON,sb,4601,Ist
4603,darin,darin,ADV,mo,4601,Ist
4604,",",--,PUNCT,punct,4605,so
4605,so,so,ADV,mo,4606,hält
4606,hält,halten,VERB,ROOT,4606,hält
4607,der,der,DET,nk,4608,Tod
4608,Tod,Tod,NOUN,sb,4606,hält
4609,die,der,DET,nk,4610,Hut
4610,Hut,Hut,NOUN,oa,4606,hält
4611,",",--,PUNCT,punct,4606,hält
4612,Sind,sein,AUX,ROOT,4612,Sind
4613,die,der,DET,nk,4614,Eicheln
4614,Eicheln,Eichel,NOUN,sb,4612,Sind
4615,früh,früh,ADV,pd,4612,Sind
4616,und,und,CCONJ,cd,4615,früh
4617,sehr,sehr,ADV,mo,4618,viel
4618,viel,viel,PRON,cj,4616,und
4619,",",--,PUNCT,punct,4612,Sind
4620,So,so,ADV,mo,4621,schau
4621,schau,schaun,VERB,ROOT,4621,schau
4622,",",--,PUNCT,punct,4621,schau
4623,was,was,PRON,oa,4626,anrichten
4624,der,der,DET,nk,4625,Winter
4625,Winter,Winter,NOUN,sb,4627,will
4626,anrichten,anrichten,VERB,oc,4627,will
4627,will,wollen,AUX,sb,4621,schau
4628,:,--,PUNCT,punct,4621,schau
4629,Mit,mit,ADP,mo,4632,kömmt
4630,vielem,viel,ADJ,nk,4631,Schnee
4631,Schnee,Schnee,NOUN,nk,4629,Mit
4632,kömmt,kömmen,VERB,ROOT,4632,kömmt
4633,er,er,PRON,sb,4632,kömmt
4634,vor,vor,ADP,mo,4632,kömmt
4635,Weihnachten,Weihnachten,NOUN,nk,4634,vor
4636,",",--,PUNCT,punct,4632,kömmt
4637,Darnach,Darnach,ADV,mo,4638,magst
4638,magst,magst,ADJ,mo,4642,betrachten
4639,du,du,PRON,uc,4638,magst
4640,große,groß,ADJ,nk,4641,Kälte
4641,Kälte,Kälte,NOUN,oa,4642,betrachten
4642,betrachten,betrachten,VERB,ROOT,4642,betrachten
4643,.,--,PUNCT,punct,4642,betrachten
4644,Sind,sein,AUX,ROOT,4644,Sind
4645,die,der,DET,nk,4646,Eicheln
4646,Eicheln,Eichel,NOUN,sb,4644,Sind
4647,schön,schön,ADV,mo,4648,innerlich
4648,innerlich,innerlich,ADV,pd,4644,Sind
4649,",",--,PUNCT,punct,4644,Sind
4650,Folgt,folgen,VERB,ROOT,4650,Folgt
4651,ein,ein,DET,nk,4653,Sommer
4652,schöner,schön,ADJ,nk,4653,Sommer
4653,Sommer,Sommer,NOUN,sb,4650,Folgt
4654,",",--,PUNCT,punct,4650,Folgt
4655,glaub,glaub,ADV,mo,4656,sicherlich
4656,sicherlich,sicherlich,ADV,mo,4650,Folgt
4657,;,--,PUNCT,punct,4650,Folgt
4658,Auch,auch,ADV,mo,4662,wachsen
4659,wird,werden,AUX,ROOT,4659,wird
4660,dieselbe,derselbe,DET,nk,4661,Zeit
4661,Zeit,Zeit,NOUN,sb,4659,wird
4662,wachsen,wachsen,VERB,oc,4659,wird
4663,schön,schön,ADV,mo,4662,wachsen
4664,Korn,Korn,NOUN,sb,4659,wird
4665,",",--,PUNCT,punct,4659,wird
4666,Also,also,ADV,mo,4667,ist
4667,ist,sein,AUX,ROOT,4667,ist
4668,Müh,Müh,NOUN,sb,4667,ist
4669,und,und,CCONJ,cd,4668,Müh
4670,Arbeit,Arbeit,NOUN,cj,4669,und
4671,nicht,nicht,PART,ng,4667,ist
4672,verlorn,verlorn,ADV,pd,4667,ist
4673,.,--,PUNCT,punct,4667,ist
4674,Werden,werden,AUX,ROOT,4674,Werden
4675,sie,sie,PRON,sb,4674,Werden
4676,innerlich,innerlich,ADV,mo,4678,befunden
4677,naß,naß,PROPN,oa,4678,befunden
4678,befunden,befinden,VERB,oc,4674,Werden
4679,",",--,PUNCT,punct,4674,Werden
4680,Tuts,Tuts,PROPN,ROOT,4680,Tuts
4681,uns,uns,PRON,da,4685,bekunden
4682,einen,ein,DET,nk,4684,Sommer
4683,nassen,nass,ADJ,nk,4684,Sommer
4684,Sommer,Sommer,NOUN,oa,4685,bekunden
4685,bekunden,bekunden,VERB,oc,4680,Tuts
4686,;,--,PUNCT,punct,4680,Tuts
4687,Sind,sein,AUX,mo,4691,wird
4688,sie,sie,PRON,sb,4687,Sind
4689,mager,mager,ADV,pd,4687,Sind
4690,",",--,PUNCT,punct,4691,wird
4691,wird,werden,AUX,ROOT,4691,wird
4692,der,der,DET,nk,4693,Sommer
4693,Sommer,Sommer,NOUN,sb,4691,wird
4694,heiß,heiß,ADV,pd,4691,wird
4695,",",--,PUNCT,punct,4691,wird
4696,Das,der,PRON,sb,4697,sei
4697,sei,sein,AUX,ROOT,4697,sei
4698,dir,dir,PRON,da,4699,gesagt
4699,gesagt,sagen,VERB,pd,4697,sei
4700,mit,mit,ADP,mo,4702,Fleiß
4701,allem,alle,PRON,nk,4700,mit
4702,Fleiß,Fleiß,NOUN,pd,4697,sei
4703,.,--,PUNCT,punct,4697,sei
4704,Diesen,dieser,DET,nk,4705,September
4705,September,September,NOUN,pd,4706,waren
4706,waren,sein,AUX,ROOT,4706,waren
4707,sie,sie,PRON,sb,4706,waren
4708,aber,aber,ADV,mo,4706,waren
4709,so,so,ADV,mo,4710,früh
4710,früh,früh,ADV,pd,4706,waren
4711,und,und,CCONJ,cd,4710,früh
4712,häufig,häufig,ADV,cj,4711,und
4713,",",--,PUNCT,punct,4706,waren
4714,daß,daß,SCONJ,cd,4706,waren
4715,es,es,PRON,sb,4706,waren
4716,gewiß,gewiß,ADV,mo,4718,kalt
4717,bald,bald,ADV,mo,4718,kalt
4718,kalt,kalt,ADV,pd,4715,es
4719,und,und,CCONJ,cd,4718,kalt
4720,der,der,DET,nk,4721,Frost
4721,Frost,Frost,NOUN,sb,4726,wird
4722,die,der,DET,nk,4723,Pest
4723,Pest,Pest,NOUN,oa,4725,vertilgen
4724,schon,schon,ADV,mo,4725,vertilgen
4725,vertilgen,vertilgen,VERB,oc,4726,wird
4726,wird,werden,AUX,ROOT,4726,wird
4727,.,--,PUNCT,punct,4726,wird
4728,«,--,PUNCT,punct,4726,wird
4729,–,--,PUNCT,punct,4732,recht
4730,»,--,PUNCT,punct,4732,recht
4731,Ganz,ganz,ADV,mo,4732,recht
4732,recht,recht,ADV,oc,4735,sagte
4733,«,--,PUNCT,punct,4732,recht
4734,",",--,PUNCT,punct,4735,sagte
4735,sagte,sagen,VERB,ROOT,4735,sagte
4736,der,der,DET,nk,4737,Vizegespan
4737,Vizegespan,Vizegespan,PROPN,sb,4735,sagte
4738,",",--,PUNCT,punct,4735,sagte
4739,»,--,PUNCT,punct,4741,werden
4740,wir,wir,PRON,sb,4741,werden
4741,werden,werden,AUX,ROOT,4741,werden
4742,einen,ein,DET,nk,4744,Winter
4743,frühen,früh,ADJ,nk,4744,Winter
4744,Winter,Winter,NOUN,oa,4749,haben
4745,und,und,CCONJ,cd,4744,Winter
4746,einen,ein,DET,nk,4748,Herbst
4747,schönen,schön,ADJ,nk,4748,Herbst
4748,Herbst,Herbst,NOUN,cj,4745,und
4749,haben,haben,VERB,oc,4741,werden
4750,",",--,PUNCT,punct,4741,werden
4751,denn,denn,CCONJ,cd,4741,werden
4752,tritt,treten,VERB,cj,4751,denn
4753,der,der,DET,sb,4752,tritt
4754,Hirsch,Hirsch,PROPN,sb,4763,tritt
4755,an,an,ADP,mo,4754,Hirsch
4756,einem,ein,DET,nk,4758,Egiditag
4757,schönen,schön,ADJ,nk,4758,Egiditag
4758,Egiditag,Egiditag,NOUN,nk,4755,an
4759,in,in,ADP,mnr,4758,Egiditag
4760,Brunst,Brunst,PROPN,nk,4759,in
4761,",",--,PUNCT,punct,4762,so
4762,so,so,ADV,mo,4763,tritt
4763,tritt,treten,VERB,ROOT,4763,tritt
4764,er,er,PRON,sb,4763,tritt
4765,auch,auch,ADV,mo,4766,an
4766,an,an,ADP,mo,4763,tritt
4767,einem,ein,DET,nk,4768,schönen
4768,schönen,schön,ADJ,nk,4766,an
4769,Tag,Tag,NOUN,ROOT,4769,Tag
4770,heraus,heraus,ADV,svp,4769,Tag
4771,",",--,PUNCT,punct,4769,Tag
4772,und,und,CCONJ,cd,4769,Tag
4773,wenn,wenn,SCONJ,cp,4776,eintritt
4774,er,er,PRON,sb,4776,eintritt
4775,früh,früh,ADV,mo,4776,eintritt
4776,eintritt,eintreten,VERB,re,4782,so
4777,",",--,PUNCT,punct,4776,eintritt
4778,wie,wie,ADP,cm,4780,Jahr
4779,dieses,dieser,DET,nk,4780,Jahr
4780,Jahr,Jahr,NOUN,mo,4776,eintritt
4781,",",--,PUNCT,punct,4782,so
4782,so,so,ADV,mo,4783,naht
4783,naht,nahen,VERB,cj,4772,und
4784,der,der,DET,nk,4785,Winter
4785,Winter,Winter,NOUN,sb,4783,naht
4786,auch,auch,ADV,mo,4783,naht
4787,früh,früh,ADV,ROOT,4787,früh
4788,.,--,PUNCT,punct,4787,früh
4789,«,--,PUNCT,ROOT,4789,«
4790,Über,über,ADP,mo,4793,kamen
4791,diesen,dieser,DET,nk,4792,Wetterbetrachtungen
4792,Wetterbetrachtungen,Wetterbetrachtung,NOUN,nk,4790,Über
4793,kamen,kommen,VERB,ROOT,4793,kamen
4794,sie,sie,PRON,sb,4793,kamen
4795,auf,auf,ADP,op,4799,sprechen
4796,kalte,kalt,ADJ,nk,4797,Winter
4797,Winter,Winter,NOUN,nk,4795,auf
4798,zu,zu,PART,pm,4799,sprechen
4799,sprechen,sprechen,VERB,oc,4793,kamen
4800,",",--,PUNCT,punct,4793,kamen
4801,und,und,CCONJ,cd,4793,kamen
4802,der,der,DET,ROOT,4802,der
4803,Kroate,Kroat,ADV,mo,4804,erzählte
4804,erzählte,erzählt,ADJ,nk,4806,Geschichte
4805,folgende,folgend,ADJ,nk,4806,Geschichte
4806,Geschichte,Geschichte,NOUN,ROOT,4806,Geschichte
4807,",",--,PUNCT,punct,4806,Geschichte
4808,die,der,PRON,sb,4806,Geschichte
4809,ihm,ihm,PRON,oa,4813,im
4810,vor,vor,ADP,mo,4813,im
4811,einigen,einiger,DET,nk,4812,Jahren
4812,Jahren,Jahr,NOUN,nk,4810,vor
4813,im,in,ADP,mnr,4808,die
4814,kalten,kalt,ADJ,nk,4813,im
4815,Winter,Winter,NOUN,sb,4821,sollte
4816,in,in,ADP,mo,4819,geschehen
4817,der,der,DET,nk,4818,Christnacht
4818,Christnacht,Christnacht,NOUN,nk,4816,in
4819,geschehen,geschehen,VERB,oc,4820,sein
4820,sein,sein,AUX,oc,4821,sollte
4821,sollte,sollen,AUX,ROOT,4821,sollte
4822,",",--,PUNCT,punct,4821,sollte
4823,und,und,CCONJ,cd,4821,sollte
4824,er,er,PRON,sb,4825,beschwor
4825,beschwor,beschwören,VERB,cj,4823,und
4826,sie,sie,PRON,oa,4825,beschwor
4827,hoch,hoch,ADV,mo,4825,beschwor
4828,und,und,CCONJ,cd,4825,beschwor
4829,teuer,teuer,ADV,ROOT,4829,teuer
4830,.,--,PUNCT,punct,4829,teuer
4831,Aber,aber,CCONJ,ju,4839,schallte
4832,eben,eben,ADV,mo,4839,schallte
4833,",",--,PUNCT,punct,4832,eben
4834,als,als,SCONJ,cp,4837,wollte
4835,er,er,PRON,sb,4837,wollte
4836,beginnen,beginnen,VERB,oc,4837,wollte
4837,wollte,wollen,AUX,cc,4832,eben
4838,",",--,PUNCT,punct,4839,schallte
4839,schallte,schallen,VERB,ROOT,4839,schallte
4840,ein,ein,DET,nk,4842,Spektakel
4841,großer,groß,ADJ,nk,4842,Spektakel
4842,Spektakel,Spektakel,NOUN,sb,4839,schallte
4843,von,von,ADP,mnr,4842,Spektakel
4844,der,der,DET,nk,4843,von
4845,Linde,Linde,PROPN,ROOT,4845,Linde
4846,her,her,ADV,mo,4845,Linde
4847,.,--,PUNCT,punct,4845,Linde
4848,Lindpeindler,Lindpeindler,NOUN,sb,4852,stürzten
4849,und,und,CCONJ,cd,4848,Lindpeindler
4850,die,der,DET,nk,4851,Kammerjungfer
4851,Kammerjungfer,Kammerjungfer,NOUN,cj,4849,und
4852,stürzten,stürzen,VERB,ROOT,4852,stürzten
4853,mit,mit,ADP,mo,4852,stürzten
4854,dem,der,DET,nk,4855,Geschrei
4855,Geschrei,Geschrei,NOUN,nk,4853,mit
4856,in,in,ADP,mo,4852,stürzten
4857,die,der,DET,nk,4856,in
4858,Stube,Stube,NOUN,ROOT,4858,Stube
4859,",",--,PUNCT,punct,4858,Stube
4860,auf,auf,ADP,mo,4867,erschienen
4861,dem,der,DET,nk,4862,Tanzplatz
4862,Tanzplatz,Tanzplatz,NOUN,nk,4860,auf
4863,sei,sein,AUX,oc,4858,Stube
4864,wieder,wieder,ADV,mo,4867,erschienen
4865,ein,ein,DET,nk,4866,Wehmüller
4866,Wehmüller,Wehmüller,NOUN,sb,4863,sei
4867,erschienen,erscheinen,VERB,oc,4863,sei
4868,.,--,PUNCT,punct,4858,Stube
4869,»,--,PUNCT,punct,4870,Ach
4870,Ach,ach,INTJ,dep,4873,schrie
4871,«,--,PUNCT,punct,4870,Ach
4872,",",--,PUNCT,punct,4873,schrie
4873,schrie,schreien,VERB,ROOT,4873,schrie
4874,die,der,DET,sb,4873,schrie
4875,Kammerjungfer,Kammerjungfer,NOUN,ROOT,4875,Kammerjungfer
4876,",",--,PUNCT,punct,4875,Kammerjungfer
4877,»,--,PUNCT,punct,4879,hat
4878,er,er,PRON,sb,4879,hat
4879,hat,haben,AUX,oc,4875,Kammerjungfer
4880,mich,mich,PRON,oa,4884,angepackt
4881,wie,wie,ADP,cm,4883,Gespenst
4882,ein,ein,DET,nk,4883,Gespenst
4883,Gespenst,Gespenst,NOUN,mo,4884,angepackt
4884,angepackt,anpacken,VERB,oc,4879,hat
4885,und,und,CCONJ,cd,4879,hat
4886,ist,sein,AUX,cj,4885,und
4887,mit,mit,ADP,mo,4886,ist
4888,mir,mir,PRON,nk,4887,mit
4889,so,so,ADV,mo,4886,ist
4890,entsetzlich,entsetzlich,ADV,mo,4894,herumgetanzt
4891,unter,unter,ADP,mo,4894,herumgetanzt
4892,der,der,DET,nk,4893,Linde
4893,Linde,Linde,NOUN,nk,4891,unter
4894,herumgetanzt,herumgetanzen,VERB,ROOT,4894,herumgetanzt
4895,",",--,PUNCT,punct,4894,herumgetanzt
4896,daß,daß,SCONJ,cp,4899,Haube
4897,mir,mir,PRON,nk,4896,daß
4898,die,der,DET,nk,4899,Haube
4899,Haube,Haube,NOUN,sb,4894,herumgetanzt
4900,in,in,ADP,mnr,4899,Haube
4901,den,der,DET,nk,4902,Zweigen
4902,Zweigen,Zweig,NOUN,nk,4900,in
4903,blieb,bleiben,VERB,ROOT,4903,blieb
4904,.,--,PUNCT,punct,4903,blieb
4905,«,--,PUNCT,punct,4903,blieb
4906,Auf,auf,ADP,mo,4909,sprangen
4907,diese,dieser,DET,nk,4908,Aussage
4908,Aussage,Aussage,NOUN,nk,4906,Auf
4909,sprangen,springen,VERB,ROOT,4909,sprangen
4910,alle,alle,PRON,sb,4909,sprangen
4911,vom,von,ADP,mo,4909,sprangen
4912,Tisch,Tisch,NOUN,nk,4911,vom
4913,auf,auf,ADP,svp,4909,sprangen
4914,und,und,CCONJ,cd,4909,sprangen
4915,wollten,wollen,AUX,cj,4914,und
4916,hinausstürzen,hinausstürzen,VERB,ROOT,4916,hinausstürzen
4917,.,--,PUNCT,punct,4916,hinausstürzen
4918,Der,der,DET,nk,4919,Vizegespan
4919,Vizegespan,Vizegespan,PROPN,sb,4921,gebot
4920,aber,aber,ADV,mo,4919,Vizegespan
4921,gebot,Gebot,VERB,ROOT,4921,gebot
4922,dem,der,DET,nk,4923,Maler
4923,Maler,Maler,NOUN,da,4921,gebot
4924,",",--,PUNCT,punct,4925,sitzen
4925,sitzen,sitzen,VERB,oc,4927,bleiben
4926,zu,zu,PART,pm,4927,bleiben
4927,bleiben,bleiben,VERB,oc,4921,gebot
4928,",",--,PUNCT,punct,4927,bleiben
4929,bis,bis,SCONJ,cp,4930,man
4930,man,man,PRON,cd,4927,bleiben
4931,wisse,wissen,VERB,ROOT,4931,wisse
4932,",",--,PUNCT,punct,4931,wisse
4933,ob,ob,SCONJ,cp,4939,sei
4934,er,er,PRON,sb,4939,sei
4935,oder,oder,CCONJ,cd,4934,er
4936,der,der,DET,nk,4937,andere
4937,andere,anderer,PRON,cj,4935,oder
4938,es,es,PRON,pd,4939,sei
4939,sei,sein,AUX,oc,4931,wisse
4940,.,--,PUNCT,punct,4931,wisse
4941,Da,da,ADV,mo,4942,näherte
4942,näherte,nähern,VERB,ROOT,4942,näherte
4943,sich,sich,PRON,oa,4942,näherte
4944,das,der,DET,nk,4945,Spektakel
4945,Spektakel,Spektakel,NOUN,sb,4942,näherte
4946,",",--,PUNCT,punct,4942,näherte
4947,und,und,CCONJ,cd,4942,näherte
4948,bald,bald,ADV,cj,4947,und
4949,trat,treten,VERB,ROOT,4949,trat
4950,der,der,DET,nk,4951,Zigeuner
4951,Zigeuner,Zigeuner,NOUN,sb,4949,trat
4952,",",--,PUNCT,punct,4949,trat
4953,lustig,lustig,ADV,mo,4954,fiedelnd
4954,fiedelnd,fiedelnd,ADV,mo,4960,begleitet
4955,",",--,PUNCT,punct,4954,fiedelnd
4956,von,von,ADP,sbp,4960,begleitet
4957,den,der,DET,nk,4959,Bauern
4958,krähenden,krähend,ADJ,nk,4959,Bauern
4959,Bauern,Bauer,NOUN,nk,4956,von
4960,begleitet,begleiten,VERB,oc,4949,trat
4961,",",--,PUNCT,punct,4960,begleitet
4962,mit,mit,ADP,mo,4949,trat
4963,dem,der,PRON,nk,4962,mit
4964,neuen,neu,ADJ,nk,4965,Wehmüller
4965,Wehmüller,Wehmüller,NOUN,ROOT,4965,Wehmüller
4966,vor,vor,ADP,mnr,4965,Wehmüller
4967,die,der,DET,nk,4968,Schenke
4968,Schenke,Schenke,NOUN,nk,4966,vor
4969,.,--,PUNCT,punct,4965,Wehmüller
4970,Da,da,ADV,mo,4971,klärte
4971,klärte,klärn,VERB,ROOT,4971,klärte
4972,sich,sich,PRON,oa,4971,klärte
4973,denn,denn,ADV,mo,4971,klärte
4974,bald,bald,ADV,mo,4971,klärte
4975,der,der,DET,nk,4976,Scherz
4976,Scherz,Scherz,NOUN,sb,4971,klärte
4977,auf,auf,ADP,svp,4971,klärte
4978,.,--,PUNCT,punct,4971,klärte
4979,Devillier,Devillier,NOUN,sb,4980,hatte
4980,hatte,haben,AUX,ROOT,4980,hatte
4981,den,der,DET,nk,4983,Reisekittel
4982,grauen,grau,ADJ,nk,4983,Reisekittel
4983,Reisekittel,Reisekittel,NOUN,oa,4980,hatte
4984,und,und,CCONJ,cd,4983,Reisekittel
4985,den,der,DET,nk,4986,Hut
4986,Hut,Hut,NOUN,cj,4984,und
4987,Wehmüllers,Wehmüller,PROPN,ag,4986,Hut
4988,im,in,ADP,mnr,4986,Hut
4989,Hinausgehen,hinausgehen,ADJ,nk,4988,im
4990,aufgesetzt,aufgesetzen,VERB,ROOT,4990,aufgesetzt
4991,und,und,CCONJ,cd,4990,aufgesetzt
4992,ein,ein,DET,nk,4994,Ofenrohr
4993,blechernes,blechern,ADJ,nk,4994,Ofenrohr
4994,Ofenrohr,Ofenrohr,NOUN,oa,5002,umgehängt
4995,",",--,PUNCT,punct,4994,Ofenrohr
4996,das,der,PRON,sb,5000,lag
4997,in,in,ADP,mo,5000,lag
4998,einem,ein,DET,nk,4999,Winkel
4999,Winkel,Winkel,NOUN,nk,4997,in
5000,lag,liegen,VERB,rc,4994,Ofenrohr
5001,",",--,PUNCT,punct,5002,umgehängt
5002,umgehängt,umgehängen,VERB,cj,4991,und
5003,",",--,PUNCT,punct,5002,umgehängt
5004,die,der,PRON,oa,4990,aufgesetzt
5005,furchtsame,furchtsam,ADJ,nk,5006,Kammerjungfer
5006,Kammerjungfer,Kammerjungfer,NOUN,oa,5008,erschrecken
5007,zu,zu,PART,pm,5008,erschrecken
5008,erschrecken,erschrecken,VERB,ROOT,5008,erschrecken
5009,.,--,PUNCT,punct,5008,erschrecken
5010,Nanny,Nanny,PROPN,sb,5011,ward
5011,ward,werden,VERB,ROOT,5011,ward
5012,sehr,sehr,ADV,mo,5013,ausgelacht
5013,ausgelacht,ausgelacht,VERB,oc,5011,ward
5014,",",--,PUNCT,punct,5011,ward
5015,und,und,CCONJ,cd,5011,ward
5016,der,der,DET,ROOT,5016,der
5017,Vizegespan,Vizegespan,PROPN,sb,5018,befahl
5018,befahl,befehlen,VERB,ROOT,5018,befahl
5019,nun,nun,ADV,mo,5018,befahl
5020,den,der,DET,nk,5021,Leuten
5021,Leuten,Leute,NOUN,da,5026,gehen
5022,",",--,PUNCT,punct,5021,Leuten
5023,zu,zu,ADP,mo,5026,gehen
5024,Bette,Bett,NOUN,nk,5023,zu
5025,zu,zu,PART,pm,5026,gehen
5026,gehen,gehen,VERB,oc,5018,befahl
5027,;,--,PUNCT,punct,5018,befahl
5028,da,da,SCONJ,cp,5032,tanzen
5029,aber,aber,ADV,mo,5032,tanzen
5030,einige,einiger,DET,oa,5032,tanzen
5031,noch,noch,ADV,mo,5032,tanzen
5032,tanzen,tanzen,VERB,ROOT,5032,tanzen
5033,wollten,wollen,AUX,oc,5038,rief
5034,und,und,CCONJ,cd,5033,wollten
5035,grob,grob,ADV,oc,5036,wurden
5036,wurden,werden,AUX,cj,5034,und
5037,",",--,PUNCT,punct,5038,rief
5038,rief,rufen,VERB,ROOT,5038,rief
5039,er,er,PRON,sb,5038,rief
5040,nach,nach,ADP,mo,5038,rief
5041,seinen,sein,DET,nk,5042,Heiducken
5042,Heiducken,Heiducken,NOUN,nk,5040,nach
5043,",",--,PUNCT,punct,5038,rief
5044,setzte,setzen,VERB,cj,5038,rief
5045,selbst,selbst,ADV,mo,5044,setzte
5046,eine,ein,DET,nk,5047,Bank
5047,Bank,Bank,NOUN,oa,5044,setzte
5048,vor,vor,ADP,mo,5052,legte
5049,die,der,DET,nk,5050,Türe
5050,Türe,Türe,NOUN,nk,5048,vor
5051,",",--,PUNCT,punct,5052,legte
5052,legte,legen,VERB,ROOT,5052,legte
5053,eigenhändig,eigenhändig,ADV,mo,5052,legte
5054,einen,ein,DET,nk,5056,Burschen
5055,frechen,frech,ADJ,nk,5056,Burschen
5056,Burschen,Bursch,NOUN,oa,5052,legte
5057,über,über,ADP,svp,5052,legte
5058,und,und,CCONJ,cd,5052,legte
5059,ließ,lassen,VERB,cj,5058,und
5060,ihm,ihm,PRON,da,5059,ließ
5061,fünf,fünf,NUM,oa,5059,ließ
5062,aufzählen,aufzählen,VERB,ROOT,5062,aufzählen
5063,",",--,PUNCT,punct,5062,aufzählen
5064,auf,auf,ADP,op,5070,Ballgesellschaft
5065,welche,welcher,DET,nk,5067,Erfrischung
5066,kleine,klein,ADJ,nk,5067,Erfrischung
5067,Erfrischung,Erfrischung,NOUN,nk,5064,auf
5068,die,der,DET,nk,5070,Ballgesellschaft
5069,ganze,ganz,ADJ,nk,5070,Ballgesellschaft
5070,Ballgesellschaft,Ballgesellschaft,NOUN,oa,5062,aufzählen
5071,mit,mit,ADP,mnr,5070,Ballgesellschaft
5072,einem,ein,DET,nk,5071,mit
5073,lauten,lauten,VERB,ROOT,5073,lauten
5074,»,--,PUNCT,punct,5077,Dominus
5075,Vivat,Vivat,NOUN,mo,5076,noster
5076,noster,nost,ADJ,nk,5077,Dominus
5077,Dominus,Dominus,NOUN,sb,5073,lauten
5078,Vicegespannus,Vicegespannus,PROPN,nk,5077,Dominus
5079,!,--,PUNCT,punct,5073,lauten
5080,«,--,PUNCT,punct,5081,jubelnd
5081,jubelnd,Jubelnd,ADV,mo,5084,zog
5082,nach,nach,ADP,mo,5084,zog
5083,Haus,Haus,NOUN,nk,5082,nach
5084,zog,ziehen,VERB,mo,5073,lauten
5085,.,--,PUNCT,punct,5073,lauten
5086,Nun,nun,ADV,mo,5087,ordnete
5087,ordnete,ordnen,VERB,ROOT,5087,ordnete
5088,sich,sich,PRON,ROOT,5088,sich
5089,die,der,DET,nk,5091,Gesellschaft
5090,übrige,übrig,ADJ,nk,5091,Gesellschaft
5091,Gesellschaft,Gesellschaft,NOUN,sb,5102,um
5092,in,in,ADP,mnr,5091,Gesellschaft
5093,der,der,DET,nk,5095,Stube
5094,engen,eng,ADJ,nk,5095,Stube
5095,Stube,Stube,NOUN,nk,5092,in
5096,",",--,PUNCT,punct,5091,Gesellschaft
5097,wie,wie,SCONJ,mo,5100,wollte
5098,es,es,PRON,sb,5100,wollte
5099,gehen,gehen,VERB,oc,5100,wollte
5100,wollte,wollen,AUX,rc,5091,Gesellschaft
5101,",",--,PUNCT,punct,5100,wollte
5102,um,um,SCONJ,ROOT,5102,um
5103,Tisch,Tisch,NOUN,nk,5102,um
5104,und,und,CCONJ,ROOT,5104,und
5105,Herd,Herd,NOUN,cj,5104,und
5106,",",--,PUNCT,punct,5107,auf
5107,auf,auf,ADP,cj,5104,und
5108,Kübeln,Kübel,NOUN,nk,5107,auf
5109,und,und,CCONJ,cd,5108,Kübeln
5110,Tonnen,Tonne,NOUN,cj,5109,und
5111,und,und,CCONJ,cd,5110,Tonnen
5112,den,der,DET,cj,5111,und
5113,zur,zu,ADP,cj,5104,und
5114,Nachtstreue,Nachtstreue,NOUN,nk,5113,zur
5115,von,von,ADP,pg,5114,Nachtstreue
5116,der,der,DET,nk,5117,Wirtin
5117,Wirtin,Wirtin,NOUN,nk,5115,von
5118,angeschleppten,angeschleppt,ADJ,nk,5119,Strohbündeln
5119,Strohbündeln,Strohbündel,NOUN,ROOT,5119,Strohbündeln
5120,.,--,PUNCT,punct,5119,Strohbündeln
5121,Devillier,devillier,NOUN,sb,5122,ließ
5122,ließ,lassen,VERB,ROOT,5122,ließ
5123,einige,einiger,DET,nk,5124,Krüge
5124,Krüge,Krüg,NOUN,oa,5126,bringen
5125,Wein,Wein,NOUN,nk,5124,Krüge
5126,bringen,bringen,VERB,oc,5122,ließ
5127,",",--,PUNCT,punct,5122,ließ
5128,und,und,CCONJ,cd,5122,ließ
5129,der,der,DET,ROOT,5129,der
5130,erschrockenen,erschrocken,ADJ,nk,5131,Kammerjungfer
5131,Kammerjungfer,Kammerjungfer,NOUN,sb,5132,wurde
5132,wurde,werden,AUX,ROOT,5132,wurde
5133,auf,auf,ADP,mo,5137,zugetrunken
5134,den,der,DET,nk,5135,Schreck
5135,Schreck,Schreck,PROPN,nk,5133,auf
5136,wacker,wack,ADV,mo,5133,auf
5137,zugetrunken,zugetrunken,VERB,oc,5132,wurde
5138,.,--,PUNCT,punct,5132,wurde
5139,Man,man,PRON,sb,5140,bat
5140,bat,bitten,VERB,ROOT,5140,bat
5141,dann,dann,ADV,mo,5143,Kroaten
5142,den,der,DET,nk,5143,Kroaten
5143,Kroaten,Kroate,NOUN,ROOT,5143,Kroaten
5144,",",--,PUNCT,punct,5143,Kroaten
5145,seine,sein,DET,nk,5147,Geschichte
5146,versprochene,versprochen,ADJ,nk,5147,Geschichte
5147,Geschichte,Geschichte,NOUN,oa,5149,erzählen
5148,zu,zu,PART,pm,5149,erzählen
5149,erzählen,erzählen,VERB,oc,5143,Kroaten
5150,",",--,PUNCT,punct,5149,erzählen
5151,welcher,welcher,DET,app,5143,Kroaten
5152,",",--,PUNCT,punct,5143,Kroaten
5153,während,während,SCONJ,cc,5143,Kroaten
5154,Wehmüller,Wehmüller,NOUN,sb,5162,malte
5155,in,in,ADP,mo,5162,malte
5156,schweren,schwer,ADJ,nk,5157,Gedanken
5157,Gedanken,Gedanke,NOUN,nk,5155,in
5158,an,an,ADP,op,5157,Gedanken
5159,sein,sein,DET,nk,5161,Knöpfe
5160,Tonerl,Tonerl,PROPN,nk,5161,Knöpfe
5161,Knöpfe,Knöpfe,NOUN,nk,5158,an
5162,malte,malen,VERB,ROOT,5162,malte
5163,",",--,PUNCT,punct,5162,malte
5164,also,also,ADV,mo,5165,begann
5165,begann,beginnen,VERB,cj,5162,malte
5166,.,--,PUNCT,punct,5162,malte
5167,Das,der,DET,nk,5168,Pickenick
5168,Pickenick,Pickenick,NOUN,ROOT,5168,Pickenick
5169,des,der,DET,nk,5170,Katers
5170,Katers,Katers,NOUN,ag,5168,Pickenick
5171,Mores,More,PROPN,ag,5170,Katers
5172,Erzählung,Erzählung,NOUN,ROOT,5172,Erzählung
5173,des,der,DET,nk,5175,Edelmanns
5174,kroatischen,kroatisch,ADJ,nk,5175,Edelmanns
5175,Edelmanns,Edelmann,NOUN,ag,5172,Erzählung
5176,Mein,mein,DET,nk,5177,Freihof
5177,Freihof,Freihof,NOUN,sb,5178,liegt
5178,liegt,liegen,VERB,ROOT,5178,liegt
5179,einsam,einsam,ADV,mo,5178,liegt
5180,",",--,PUNCT,punct,5178,liegt
5181,eine,ein,DET,nk,5183,Stunde
5182,halbe,halb,ADJ,nk,5183,Stunde
5183,Stunde,Stunde,NOUN,cj,5178,liegt
5184,von,von,ADP,pg,5183,Stunde
5185,der,der,DET,nk,5187,Grenze
5186,türkischen,türkisch,ADJ,nk,5187,Grenze
5187,Grenze,Grenze,NOUN,nk,5184,von
5188,",",--,PUNCT,punct,5183,Stunde
5189,in,in,ADP,mo,5178,liegt
5190,einem,ein,DET,nk,5192,Wald
5191,sumpfichten,sumpficht,ADJ,nk,5192,Wald
5192,Wald,Wald,NOUN,ROOT,5192,Wald
5193,",",--,PUNCT,punct,5192,Wald
5194,wo,wo,SCONJ,mo,5201,ist
5195,alles,alle,PRON,sb,5201,ist
5196,im,in,ADP,mo,5201,ist
5197,herrlichsten,herrlichst,ADJ,nk,5200,Überfluß
5198,und,und,CCONJ,cd,5197,herrlichsten
5199,fatalsten,fatalst,ADJ,cj,5198,und
5200,Überfluß,Überfluß,NOUN,nk,5196,im
5201,ist,sein,AUX,rc,5192,Wald
5202,",",--,PUNCT,punct,5192,Wald
5203,zum,zu,ADP,mo,5206,Nachtigallen
5204,Beispiel,Beispiel,NOUN,nk,5203,zum
5205,die,der,DET,nk,5206,Nachtigallen
5206,Nachtigallen,Nachtigalle,NOUN,ROOT,5206,Nachtigallen
5207,",",--,PUNCT,punct,5206,Nachtigallen
5208,die,der,PRON,sb,5216,wecken
5209,einen,ein,DET,oa,5216,wecken
5210,immer,immer,ADV,mo,5211,vor
5211,vor,vor,ADP,mo,5216,wecken
5212,Tag,Tag,NOUN,nk,5211,vor
5213,aus,aus,ADP,mo,5216,wecken
5214,dem,der,DET,nk,5215,Schlafe
5215,Schlafe,Schlafe,NOUN,nk,5213,aus
5216,wecken,wecken,VERB,rc,5206,Nachtigallen
5217,",",--,PUNCT,punct,5206,Nachtigallen
5218,und,und,CCONJ,ju,5222,pfiffen
5219,im,in,ADP,mo,5222,pfiffen
5220,letzten,letzter,ADJ,nk,5221,Sommer
5221,Sommer,Sommer,NOUN,nk,5219,im
5222,pfiffen,pfiffen,VERB,ROOT,5222,pfiffen
5223,die,der,DET,nk,5224,Bestien
5224,Bestien,Bestien,NOUN,sb,5222,pfiffen
5225,so,so,ADV,mo,5226,unverschämt
5226,unverschämt,unverschämt,ADV,mo,5227,nah
5227,nah,nah,ADV,mo,5222,pfiffen
5228,und,und,CCONJ,cd,5227,nah
5229,in,in,ADP,cj,5228,und
5230,solcher,solcher,PRON,nk,5229,in
5231,Menge,Menge,NOUN,mo,5243,Nachttopf
5232,vor,vor,ADP,mnr,5231,Menge
5233,meinem,mein,DET,nk,5234,Fenster
5234,Fenster,Fenster,NOUN,nk,5232,vor
5235,",",--,PUNCT,punct,5231,Menge
5236,daß,daß,SCONJ,cp,5243,Nachttopf
5237,ich,ich,PRON,sb,5243,Nachttopf
5238,einmal,einmal,ADV,mo,5239,im
5239,im,in,ADP,mnr,5243,Nachttopf
5240,größten,groß,ADJ,nk,5241,Zorne
5241,Zorne,Zorn,NOUN,nk,5239,im
5242,den,der,DET,nk,5243,Nachttopf
5243,Nachttopf,Nachttopf,NOUN,ROOT,5243,Nachttopf
5244,nach,nach,ADP,mnr,5243,Nachttopf
5245,ihnen,ihnen,PRON,da,5246,warf
5246,warf,werfen,VERB,ROOT,5246,warf
5247,.,--,PUNCT,punct,5246,warf
5248,Aber,aber,CCONJ,ju,5250,kriegte
5249,ich,ich,PRON,sb,5250,kriegte
5250,kriegte,kriegen,VERB,ROOT,5250,kriegte
5251,bald,bald,ADV,mo,5250,kriegte
5252,einen,ein,DET,nk,5253,Hausgenossen
5253,Hausgenossen,Hausgenossen,NOUN,oa,5250,kriegte
5254,",",--,PUNCT,punct,5253,Hausgenossen
5255,der,der,PRON,cj,5253,Hausgenossen
5256,ihnen,ihnen,PRON,da,5257,auf
5257,auf,auf,ADP,mo,5250,kriegte
5258,den,der,DET,nk,5259,Dienst
5259,Dienst,Dienst,NOUN,nk,5257,auf
5260,paßte,passen,VERB,ROOT,5260,paßte
5261,und,und,CCONJ,cd,5260,paßte
5262,mich,sich,PRON,oa,5266,befreite
5263,von,von,ADP,op,5266,befreite
5264,dem,der,DET,nk,5265,Ungeziefer
5265,Ungeziefer,Ungeziefer,NOUN,nk,5263,von
5266,befreite,befreien,VERB,cj,5261,und
5267,.,--,PUNCT,punct,5260,paßte
5268,Heut,heut,ADV,pd,5269,sind
5269,sind,sein,AUX,ROOT,5269,sind
5270,es,es,PRON,sb,5269,sind
5271,drei,drei,NUM,nk,5272,Jahre
5272,Jahre,Jahr,NOUN,pd,5269,sind
5273,",",--,PUNCT,punct,5269,sind
5274,als,als,SCONJ,cm,5275,ich
5275,ich,ich,PRON,cc,5268,Heut
5276,morgens,morgens,ADV,mo,5277,auf
5277,auf,auf,ADP,mo,5280,ging
5278,meinen,mein,DET,nk,5279,Finkenherd
5279,Finkenherd,Finkenherd,NOUN,nk,5277,auf
5280,ging,gehen,VERB,ROOT,5280,ging
5281,",",--,PUNCT,punct,5280,ging
5282,mit,mit,ADP,mo,5280,ging
5283,einem,ein,DET,nk,5284,Pallasch
5284,Pallasch,Pallasch,NOUN,nk,5282,mit
5285,",",--,PUNCT,punct,5284,Pallasch
5286,einer,ein,DET,nk,5287,guten
5287,guten,gut,ADJ,app,5284,Pallasch
5288,Doppelbüchse,Doppelbüchse,NOUN,nk,5293,Pistolen
5289,und,und,CCONJ,cd,5288,Doppelbüchse
5290,einem,ein,DET,nk,5291,Paar
5291,Paar,Paar,NOUN,cj,5289,und
5292,doppelten,doppelt,ADJ,nk,5293,Pistolen
5293,Pistolen,Pistol,NOUN,da,5294,versehen
5294,versehen,versehen,VERB,ROOT,5294,versehen
5295,",",--,PUNCT,punct,5294,versehen
5296,denn,denn,CCONJ,cd,5294,versehen
5297,ich,ich,PRON,sb,5298,hatte
5298,hatte,haben,VERB,cj,5296,denn
5299,einen,ein,DET,oa,5298,hatte
5300,türkischen,türkisch,ADJ,nk,5301,Wildpretdieb
5301,Wildpretdieb,Wildpretdieb,NOUN,ROOT,5301,Wildpretdieb
5302,und,und,CCONJ,cd,5301,Wildpretdieb
5303,Händler,Händler,NOUN,cj,5302,und
5304,auf,auf,ADP,mnr,5301,Wildpretdieb
5305,dem,der,DET,nk,5306,Korn
5306,Korn,Korn,NOUN,nk,5304,auf
5307,",",--,PUNCT,punct,5306,Korn
5308,der,der,PRON,app,5301,Wildpretdieb
5309,mir,mir,PRON,da,5310,seit
5310,seit,seit,ADP,mnr,5308,der
5311,einiger,einiger,DET,nk,5312,Zeit
5312,Zeit,Zeit,NOUN,nk,5310,seit
5313,großen,groß,ADJ,nk,5314,Wildschaden
5314,Wildschaden,wildschade,NOUN,da,5315,angetan
5315,angetan,antun,VERB,oc,5326,hatte
5316,und,und,CCONJ,cd,5315,angetan
5317,mir,mir,PRON,cj,5316,und
5318,",",--,PUNCT,punct,5315,angetan
5319,da,da,SCONJ,cp,5323,hatte
5320,ich,ich,PRON,sb,5323,hatte
5321,ihn,ihn,PRON,oa,5322,gewarnt
5322,gewarnt,warnen,VERB,oc,5323,hatte
5323,hatte,haben,AUX,mo,5315,angetan
5324,",",--,PUNCT,punct,5325,trotzig
5325,trotzig,trotzig,VERB,cj,5315,angetan
5326,hatte,haben,AUX,ROOT,5326,hatte
5327,sagen,sagen,VERB,oc,5328,lassen
5328,lassen,lassen,VERB,ROOT,5328,lassen
5329,",",--,PUNCT,punct,5328,lassen
5330,er,er,PRON,sb,5331,störe
5331,störe,stören,VERB,oc,5328,lassen
5332,sich,sich,PRON,oa,5331,störe
5333,nicht,nicht,PART,ng,5331,störe
5334,an,an,ADP,op,5331,störe
5335,mir,mir,PRON,nk,5334,an
5336,und,und,CCONJ,cd,5331,störe
5337,wolle,wollen,AUX,cj,5336,und
5338,unter,unter,ADP,mo,5337,wolle
5339,meinen,mein,DET,nk,5340,Augen
5340,Augen,Auge,NOUN,nk,5338,unter
5341,in,in,ADP,mo,5337,wolle
5342,meinem,mein,DET,nk,5341,in
5343,Wald,Wald,NOUN,ROOT,5343,Wald
5344,jagen,jagen,VERB,oc,5343,Wald
5345,.,--,PUNCT,punct,5343,Wald
5346,Als,als,SCONJ,cp,5351,kam
5347,ich,ich,PRON,sb,5351,kam
5348,nach,nach,ADP,mo,5351,kam
5349,dem,der,DET,nk,5350,Finkenherd
5350,Finkenherd,Finkenherd,NOUN,nk,5348,nach
5351,kam,kommen,VERB,mo,5353,fand
5352,",",--,PUNCT,punct,5353,fand
5353,fand,finden,VERB,ROOT,5353,fand
5354,ich,ich,PRON,sb,5353,fand
5355,alle,aller,PRON,oa,5353,fand
5356,meine,mein,DET,nk,5357,ausgestellten
5357,ausgestellten,ausgestellt,ADJ,oa,5353,fand
5358,Dohnen,Doh,NOUN,da,5361,ausgeleert
5359,und,und,CCONJ,cd,5358,Dohnen
5360,Schlingen,Schling,NOUN,cj,5359,und
5361,ausgeleert,ausgeleeren,VERB,ROOT,5361,ausgeleert
5362,und,und,CCONJ,cd,5361,ausgeleert
5363,merkte,merken,VERB,cj,5362,und
5364,",",--,PUNCT,punct,5363,merkte
5365,daß,daß,SCONJ,cp,5368,mußte
5366,der,der,DET,nk,5367,Spitzbube
5367,Spitzbube,Spitzbube,NOUN,sb,5368,mußte
5368,mußte,müssen,AUX,oc,5363,merkte
5369,da,da,ADV,mo,5370,gewesen
5370,gewesen,sein,AUX,oc,5368,mußte
5371,sein,sein,AUX,ROOT,5371,sein
5372,.,--,PUNCT,punct,5371,sein
5373,Erbittert,Erbittert,ADV,mo,5374,stellte
5374,stellte,stellen,VERB,ROOT,5374,stellte
5375,ich,ich,PRON,sb,5374,stellte
5376,meinen,mein,DET,nk,5377,Fang
5377,Fang,Fang,NOUN,oa,5374,stellte
5378,wieder,wieder,ADV,mo,5374,stellte
5379,auf,auf,ADP,svp,5374,stellte
5380,",",--,PUNCT,punct,5374,stellte
5381,da,da,SCONJ,mo,5382,strich
5382,strich,streichen,VERB,mo,5374,stellte
5383,ein,ein,DET,nk,5384,großer
5384,großer,groß,ADJ,dep,5374,stellte
5385,schwarzer,schwarz,ADJ,nk,5386,Kater
5386,Kater,Kater,NOUN,ROOT,5386,Kater
5387,aus,aus,ADP,mnr,5386,Kater
5388,dem,der,DET,nk,5389,Gesträuch
5389,Gesträuch,Gesträuch,NOUN,nk,5387,aus
5390,murrend,murrend,ADV,mo,5391,zu
5391,zu,zu,ADP,mnr,5386,Kater
5392,mir,mir,PRON,nk,5391,zu
5393,her,her,ADV,mo,5386,Kater
5394,und,und,CCONJ,cd,5386,Kater
5395,machte,machen,VERB,cj,5394,und
5396,sich,sich,PRON,oa,5395,machte
5397,so,so,ADV,mo,5395,machte
5398,zutulich,zutulich,ADV,mo,5406,ansah
5399,",",--,PUNCT,punct,5398,zutulich
5400,daß,daß,SCONJ,cp,5406,ansah
5401,ich,ich,PRON,sb,5406,ansah
5402,seinen,sein,DET,nk,5403,Pelz
5403,Pelz,Pelz,NOUN,oa,5406,ansah
5404,mit,mit,ADP,mo,5406,ansah
5405,Wohlgefallen,Wohlgefall,NOUN,nk,5404,mit
5406,ansah,ansehen,VERB,ROOT,5406,ansah
5407,und,und,CCONJ,cd,5406,ansah
5408,ihn,ihn,PRON,oa,5409,liebkoste
5409,liebkoste,liebkosen,VERB,cj,5407,und
5410,mit,mit,ADP,mo,5409,liebkoste
5411,der,der,DET,dep,5406,ansah
5412,Hoffnung,Hoffnung,NOUN,ROOT,5412,Hoffnung
5413,",",--,PUNCT,punct,5412,Hoffnung
5414,ihn,ihn,PRON,oa,5418,gewöhnen
5415,an,an,ADP,mo,5418,gewöhnen
5416,mich,mich,PRON,nk,5415,an
5417,zu,zu,PART,pm,5418,gewöhnen
5418,gewöhnen,gewöhnen,VERB,oc,5412,Hoffnung
5419,und,und,CCONJ,cd,5418,gewöhnen
5420,mir,mir,PRON,da,5425,eine
5421,etwa,etwa,ADV,mo,5422,aus
5422,aus,aus,ADP,mnr,5420,mir
5423,seinen,sein,DET,nk,5424,Winterhaaren
5424,Winterhaaren,Winterhaar,NOUN,nk,5422,aus
5425,eine,ein,DET,ROOT,5425,eine
5426,Mütze,Mütze,NOUN,oa,5428,machen
5427,zu,zu,PART,pm,5428,machen
5428,machen,machen,VERB,ROOT,5428,machen
5429,.,--,PUNCT,punct,5428,machen
5430,Ich,ich,PRON,sb,5431,habe
5431,habe,haben,AUX,ROOT,5431,habe
5432,immer,immer,ADV,mo,5433,so
5433,so,so,ADV,mo,5436,Wintergarderobe
5434,eine,ein,DET,nk,5436,Wintergarderobe
5435,lebendige,lebendig,ADJ,nk,5436,Wintergarderobe
5436,Wintergarderobe,Wintergarderobe,NOUN,oa,5431,habe
5437,im,in,ADP,mnr,5436,Wintergarderobe
5438,Sommer,Sommer,NOUN,nk,5437,im
5439,in,in,ADP,svp,5431,habe
5440,meinem,mein,DET,nk,5441,Revier
5441,Revier,Revier,NOUN,da,5444,brauche
5442,",",--,PUNCT,punct,5444,brauche
5443,ich,ich,PRON,sb,5444,brauche
5444,brauche,brauchen,VERB,ROOT,5444,brauche
5445,darum,darum,ADV,mo,5444,brauche
5446,kein,kein,DET,nk,5447,Geld
5447,Geld,Geld,NOUN,oa,5451,tragen
5448,zum,zu,ADP,mo,5451,tragen
5449,Kürschner,Kürschner,NOUN,nk,5448,zum
5450,zu,zu,PART,pm,5451,tragen
5451,tragen,tragen,VERB,oc,5444,brauche
5452,",",--,PUNCT,punct,5444,brauche
5453,es,es,PRON,ep,5454,kommen
5454,kommen,kommen,VERB,cj,5444,brauche
5455,mir,mir,PRON,da,5458,Motten
5456,auch,auch,ADV,mo,5458,Motten
5457,keine,kein,DET,nk,5458,Motten
5458,Motten,Motte,NOUN,ROOT,5458,Motten
5459,in,in,ADP,mnr,5458,Motten
5460,mein,mein,DET,nk,5461,Pelzwerk
5461,Pelzwerk,Pelzwerk,NOUN,nk,5459,in
5462,.,--,PUNCT,punct,5458,Motten
5463,Vier,vier,NUM,nk,5464,Paar
5464,Paar,Paar,NOUN,ams,5465,tüchtige
5465,tüchtige,tüchtig,ADJ,nk,5467,Hosen
5466,lederne,ledern,ADJ,nk,5467,Hosen
5467,Hosen,Hose,NOUN,sb,5468,laufen
5468,laufen,laufen,VERB,ROOT,5468,laufen
5469,immer,immer,ADV,mo,5470,als
5470,als,als,ADP,ROOT,5470,als
5471,lebendige,lebendig,ADJ,nk,5472,Böcke
5472,Böcke,Böck,NOUN,nk,5470,als
5473,auf,auf,ADP,mnr,5472,Böcke
5474,meinem,mein,DET,nk,5475,Hofe
5475,Hofe,Hof,NOUN,nk,5473,auf
5476,",",--,PUNCT,punct,5470,als
5477,und,und,CCONJ,cd,5470,als
5478,mitten,mitten,ADV,mo,5479,unter
5479,unter,unter,ADP,cj,5477,und
5480,ihnen,ihnen,PRON,nk,5479,unter
5481,ein,ein,DET,ROOT,5481,ein
5482,herrlicher,herrlich,ADJ,nk,5483,Dudelsack
5483,Dudelsack,Dudelsack,NOUN,ROOT,5483,Dudelsack
5484,",",--,PUNCT,punct,5483,Dudelsack
5485,der,der,PRON,da,5493,musikalisch
5486,sich,sich,PRON,oa,5493,musikalisch
5487,jetzt,jetzt,ADV,mo,5493,musikalisch
5488,als,als,ADP,mo,5493,musikalisch
5489,lebendiger,lebendig,ADJ,nk,5490,Bock
5490,Bock,Bock,NOUN,nk,5488,als
5491,schon,schon,ADV,mo,5493,musikalisch
5492,so,so,ADV,mo,5493,musikalisch
5493,musikalisch,musikalisch,ADV,dep,5483,Dudelsack
5494,zeigt,zeigen,VERB,ROOT,5494,zeigt
5495,",",--,PUNCT,punct,5494,zeigt
5496,daß,daß,SCONJ,oc,5494,zeigt
5497,die,der,DET,nk,5502,Kandidaten
5498,zu,zu,ADP,mo,5501,bestimmten
5499,einzelnen,einzeln,ADJ,nk,5500,Hosenbeinen
5500,Hosenbeinen,Hosenbein,NOUN,nk,5498,zu
5501,bestimmten,bestimmt,ADJ,nk,5502,Kandidaten
5502,Kandidaten,Kandidat,NOUN,og,5496,daß
5503,",",--,PUNCT,punct,5502,Kandidaten
5504,sobald,sobald,SCONJ,cp,5505,er
5505,er,er,PRON,ROOT,5505,er
5506,meckernd,meckernd,ADV,mo,5509,tritt
5507,unter,unter,ADP,cvc,5509,tritt
5508,sie,sie,PRON,nk,5507,unter
5509,tritt,treten,VERB,ROOT,5509,tritt
5510,",",--,PUNCT,punct,5509,tritt
5511,zu,zu,PART,pm,5512,tanzen
5512,tanzen,tanzen,VERB,cj,5509,tritt
5513,und,und,CCONJ,cd,5512,tanzen
5514,gegeneinander,gegeneinander,ADV,mo,5516,stutzen
5515,zu,zu,PART,pm,5516,stutzen
5516,stutzen,stutzen,VERB,oc,5517,anfangen
5517,anfangen,anfangen,VERB,cj,5513,und
5518,",",--,PUNCT,punct,5517,anfangen
5519,als,als,ADP,mo,5509,tritt
5520,fühlten,fühlen,VERB,ROOT,5520,fühlten
5521,sie,sie,PRON,sb,5520,fühlten
5522,jetzt,jetzt,ADV,mo,5520,fühlten
5523,schon,schon,ADV,mo,5520,fühlten
5524,ihre,ihr,DET,nk,5525,Bestimmung
5525,Bestimmung,Bestimmung,NOUN,oa,5520,fühlten
5526,",",--,PUNCT,punct,5520,fühlten
5527,einst,einst,ADV,mo,5528,mit
5528,mit,mit,ADP,mo,5520,fühlten
5529,meinen,mein,DET,nk,5530,Beinen
5530,Beinen,Bein,NOUN,nk,5528,mit
5531,nach,nach,ADP,mo,5520,fühlten
5532,diesem,dieser,DET,punct,5520,fühlten
5533,Dudelsack,Dudelsack,NOUN,oa,5536,tanzen
5534,ungarisch,ungarisch,ADV,mo,5536,tanzen
5535,zu,zu,PART,pm,5536,tanzen
5536,tanzen,tanzen,VERB,ROOT,5536,tanzen
5537,.,--,PUNCT,punct,5536,tanzen
5538,So,so,ADV,mo,5539,habe
5539,habe,haben,AUX,ROOT,5539,habe
5540,ich,ich,PRON,sb,5539,habe
5541,auch,auch,ADV,mo,5544,Reisekoffer
5542,einen,ein,DET,nk,5544,Reisekoffer
5543,neuen,neu,ADJ,nk,5544,Reisekoffer
5544,Reisekoffer,Reisekoffer,NOUN,oa,5539,habe
5545,als,als,ADP,mo,5539,habe
5546,Wildsau,Wildsau,PROPN,sb,5550,herumlaufen
5547,in,in,ADP,mo,5550,herumlaufen
5548,meinem,mein,DET,nk,5549,Forste
5549,Forste,Forste,NOUN,nk,5547,in
5550,herumlaufen,herumlaufen,VERB,ROOT,5550,herumlaufen
5551,",",--,PUNCT,punct,5550,herumlaufen
5552,ein,ein,DET,nk,5554,Wolfspelz
5553,prächtiger,prächtig,ADJ,nk,5554,Wolfspelz
5554,Wolfspelz,Wolfspelz,NOUN,sb,5555,hat
5555,hat,haben,AUX,cj,5550,herumlaufen
5556,mir,mir,PRON,da,5555,hat
5557,im,in,ADP,mo,5555,hat
5558,letzten,letzter,ADJ,nk,5559,Winter
5559,Winter,Winter,NOUN,ROOT,5559,Winter
5560,in,in,ADP,mnr,5559,Winter
5561,der,der,DET,nk,5562,Gestalt
5562,Gestalt,Gestalt,NOUN,nk,5560,in
5563,von,von,ADP,mnr,5562,Gestalt
5564,sechs,sechs,NUM,nk,5566,Wölfen
5565,tüchtigen,tüchtig,ADJ,nk,5566,Wölfen
5566,Wölfen,Wölf,NOUN,nk,5563,von
5567,schon,schon,ADV,mo,5568,auf
5568,auf,auf,ADP,mo,5559,Winter
5569,den,der,DET,nk,5570,Leib
5570,Leib,Leib,NOUN,nk,5568,auf
5571,gewollt,wollen,VERB,ROOT,5571,gewollt
5572,;,--,PUNCT,punct,5571,gewollt
5573,die,der,DET,nk,5574,Bestien
5574,Bestien,Bestie,NOUN,sb,5575,hatten
5575,hatten,haben,AUX,ROOT,5575,hatten
5576,mir,mir,PRON,da,5583,genagt
5577,ein,ein,DET,nk,5579,Loch
5578,tüchtiges,tüchtig,ADJ,nk,5579,Loch
5579,Loch,Loch,NOUN,oa,5583,genagt
5580,in,in,ADP,mo,5583,genagt
5581,die,der,DET,nk,5582,Kammertüre
5582,Kammertüre,Kammertüre,NOUN,nk,5580,in
5583,genagt,nagen,VERB,oc,5575,hatten
5584,",",--,PUNCT,punct,5583,genagt
5585,da,da,SCONJ,mo,5575,hatten
5586,fuhr,fahren,VERB,ROOT,5586,fuhr
5587,ich,ich,PRON,sb,5586,fuhr
5588,einem,ein,PRON,oa,5586,fuhr
5589,nach,nach,ADP,mo,5586,fuhr
5590,dem,der,DET,nk,5591,andern
5591,andern,anderer,NOUN,nk,5589,nach
5592,durch,durch,ADP,mo,5586,fuhr
5593,ein,ein,DET,nk,5594,Loch
5594,Loch,Loch,NOUN,nk,5592,durch
5595,über,über,ADP,mnr,5594,Loch
5596,der,der,DET,nk,5597,Türe
5597,Türe,Türe,NOUN,nk,5595,über
5598,mit,mit,ADP,mnr,5594,Loch
5599,einem,ein,DET,nk,5600,Pinsel
5600,Pinsel,Pinsel,NOUN,nk,5598,mit
5601,voll,voll,ADP,ROOT,5601,voll
5602,Ölfarbe,Ölfarbe,NOUN,nk,5601,voll
5603,über,über,ADP,mnr,5602,Ölfarbe
5604,den,der,DET,nk,5605,Rücken
5605,Rücken,Rücken,NOUN,nk,5603,über
5606,und,und,CCONJ,cd,5601,voll
5607,erwarte,erwarten,VERB,cj,5606,und
5608,sie,sie,PRON,oa,5607,erwarte
5609,nächstens,nächstens,ADV,mo,5607,erwarte
5610,wieder,wieder,ADV,mo,5607,erwarte
5611,",",--,PUNCT,punct,5607,erwarte
5612,um,um,SCONJ,ROOT,5612,um
5613,ihnen,ihnen,PRON,nk,5612,um
5614,das,der,PRON,ROOT,5614,das
5615,Fell,Fell,ADV,mo,5620,ziehen
5616,über,über,ADP,mo,5620,ziehen
5617,die,der,DET,nk,5618,Ohren
5618,Ohren,Ohr,NOUN,nk,5616,über
5619,zu,zu,PART,pm,5620,ziehen
5620,ziehen,ziehen,VERB,ROOT,5620,ziehen
5621,.,--,PUNCT,punct,5620,ziehen
5622,Aus,aus,ADP,mo,5625,sah
5623,solchen,solcher,DET,nk,5624,Gesichtspunkten
5624,Gesichtspunkten,Gesichtspunkt,NOUN,nk,5622,Aus
5625,sah,sehen,VERB,ROOT,5625,sah
5626,ich,ich,PRON,sb,5625,sah
5627,auch,auch,ADV,mo,5630,Kater
5628,den,der,DET,nk,5630,Kater
5629,schwarzen,schwarz,ADJ,nk,5630,Kater
5630,Kater,Kater,NOUN,oa,5625,sah
5631,an,an,ADP,svp,5625,sah
5632,und,und,CCONJ,cd,5625,sah
5633,gab,geben,VERB,cj,5632,und
5634,ihm,ihm,PRON,da,5633,gab
5635,",",--,PUNCT,punct,5633,gab
5636,teils,teils,ADV,mo,5643,war
5637,weil,weil,SCONJ,cp,5643,war
5638,er,er,PRON,sb,5643,war
5639,schwarz,schwarz,ADV,pd,5643,war
5640,wie,wie,ADP,cm,5642,Mohr
5641,ein,ein,DET,nk,5642,Mohr
5642,Mohr,Mohr,NOUN,cc,5639,schwarz
5643,war,sein,AUX,ROOT,5643,war
5644,",",--,PUNCT,punct,5643,war
5645,teils,teils,ADV,mo,5650,Mores
5646,weil,weil,SCONJ,cp,5650,Mores
5647,er,er,PRON,sb,5650,Mores
5648,gar,gar,ADV,mo,5649,vortreffliche
5649,vortreffliche,vortrefflich,ADJ,nk,5650,Mores
5650,Mores,More,NOUN,pd,5643,war
5651,oder,oder,CCONJ,ROOT,5651,oder
5652,Sitten,Sitte,NOUN,cj,5651,oder
5653,hatte,haben,AUX,cj,5651,oder
5654,",",--,PUNCT,punct,5653,hatte
5655,den,der,DET,nk,5656,Namen
5656,Namen,Name,NOUN,oa,5653,hatte
5657,Mores,More,PROPN,ag,5656,Namen
5658,.,--,PUNCT,ROOT,5658,.
5659,Der,der,DET,nk,5660,Kater
5660,Kater,Kater,NOUN,sb,5661,folgte
5661,folgte,folgen,VERB,ROOT,5661,folgte
5662,mir,mir,PRON,da,5661,folgte
5663,nach,nach,ADP,mo,5661,folgte
5664,Hause,Haus,NOUN,nk,5663,nach
5665,und,und,CCONJ,cd,5661,folgte
5666,wußte,wissen,VERB,cj,5665,und
5667,sich,sich,PRON,oa,5669,vortrefflich
5668,so,so,ADV,mo,5669,vortrefflich
5669,vortrefflich,vortrefflich,ADV,ROOT,5669,vortrefflich
5670,durch,durch,ADP,mo,5669,vortrefflich
5671,Mäusefangen,Mäusefang,NOUN,nk,5670,durch
5672,und,und,CCONJ,cd,5671,Mäusefangen
5673,Verträglichkeit,Verträglichkeit,NOUN,cj,5672,und
5674,mit,mit,ADP,mo,5669,vortrefflich
5675,meinen,mein,DET,nk,5676,Hunden
5676,Hunden,Hund,NOUN,nk,5674,mit
5677,auszuzeichnen,auszuzeichnen,VERB,ROOT,5677,auszuzeichnen
5678,",",--,PUNCT,punct,5677,auszuzeichnen
5679,daß,daß,SCONJ,cd,5677,auszuzeichnen
5680,ich,ich,PRON,sb,5679,daß
5681,den,der,DET,nk,5682,Gedanken
5682,Gedanken,Gedanke,NOUN,oa,5677,auszuzeichnen
5683,",",--,PUNCT,punct,5682,Gedanken
5684,ihn,ihn,PRON,oa,5689,vertreiben
5685,aus,aus,ADP,mo,5689,vertreiben
5686,seinem,sein,DET,nk,5687,Pelz
5687,Pelz,Pelz,NOUN,nk,5685,aus
5688,zu,zu,PART,pm,5689,vertreiben
5689,vertreiben,vertreiben,VERB,oc,5682,Gedanken
5690,",",--,PUNCT,punct,5682,Gedanken
5691,bald,bald,ADV,mo,5682,Gedanken
5692,aufgegeben,aufgeben,VERB,oc,5693,hatte
5693,hatte,haben,AUX,ROOT,5693,hatte
5694,.,--,PUNCT,punct,5693,hatte
5695,Mores,Mores,PROPN,sb,5696,war
5696,war,sein,AUX,ROOT,5696,war
5697,mein,mein,DET,nk,5699,Begleiter
5698,steter,stet,ADJ,nk,5699,Begleiter
5699,Begleiter,Begleiter,NOUN,pd,5696,war
5700,",",--,PUNCT,punct,5696,war
5701,und,und,CCONJ,cd,5696,war
5702,nachts,nachts,ADV,mo,5703,schlief
5703,schlief,schlieefen,VERB,cj,5701,und
5704,er,er,PRON,sb,5703,schlief
5705,auf,auf,ADP,svp,5703,schlief
5706,einem,ein,DET,nk,5708,Stuhl
5707,ledernen,ledern,ADJ,nk,5708,Stuhl
5708,Stuhl,Stuhl,NOUN,ROOT,5708,Stuhl
5709,neben,neben,ADP,mnr,5708,Stuhl
5710,meinem,mein,DET,nk,5711,Bette
5711,Bette,Bette,NOUN,nk,5709,neben
5712,.,--,PUNCT,punct,5708,Stuhl
5713,Merkwürdig,merkwürdig,ADV,pd,5714,war
5714,war,sein,AUX,ROOT,5714,war
5715,es,es,PRON,sb,5714,war
5716,mir,mir,PRON,da,5713,Merkwürdig
5717,besonders,besonders,ADV,mo,5718,an
5718,an,an,ADP,mo,5714,war
5719,dem,der,DET,nk,5718,an
5720,Tiere,Tier,NOUN,ROOT,5720,Tiere
5721,",",--,PUNCT,punct,5720,Tiere
5722,daß,daß,SCONJ,cp,5723,es
5723,es,es,PRON,cc,5720,Tiere
5724,",",--,PUNCT,punct,5723,es
5725,als,als,SCONJ,cm,5729,bei
5726,ich,ich,PRON,sb,5729,bei
5727,ihm,ihm,PRON,da,5729,bei
5728,scherzhaft,scherzhaft,ADV,mo,5729,bei
5729,bei,bei,ADP,re,5723,es
5730,Tage,Tag,NOUN,nk,5729,bei
5731,einigemal,einigemal,ADV,mo,5729,bei
5732,Wein,Wein,NOUN,nk,5729,bei
5733,aus,aus,ADP,mnr,5732,Wein
5734,meinem,mein,DET,nk,5735,Glase
5735,Glase,Glase,NOUN,nk,5733,aus
5736,zu,zu,PART,pm,5737,trinken
5737,trinken,trinken,VERB,oc,5738,anbot
5738,anbot,anbieten,VERB,ROOT,5738,anbot
5739,",",--,PUNCT,punct,5738,anbot
5740,sich,sich,PRON,oa,5743,sträubte
5741,gewaltig,gewaltig,ADV,mo,5743,sträubte
5742,dagegen,dagegen,ADV,mo,5743,sträubte
5743,sträubte,sträuben,VERB,oc,5738,anbot
5744,und,und,CCONJ,cd,5743,sträubte
5745,ich,ich,PRON,sb,5746,es
5746,es,es,PRON,oa,5749,im
5747,doch,doch,ADV,mo,5746,es
5748,einst,einst,ADV,mo,5746,es
5749,im,in,ADP,mo,5743,sträubte
5750,Keller,Keller,PROPN,sb,5751,erwischte
5751,erwischte,erwischen,VERB,ROOT,5751,erwischte
5752,",",--,PUNCT,punct,5751,erwischte
5753,wie,wie,SCONJ,mo,5759,hängte
5754,es,es,PRON,ep,5759,hängte
5755,den,der,DET,nk,5756,Schwanz
5756,Schwanz,Schwanz,NOUN,oa,5759,hängte
5757,ins,in,ADP,mo,5759,hängte
5758,Spundloch,Spundloch,NOUN,nk,5757,ins
5759,hängte,hängen,VERB,oc,5751,erwischte
5760,und,und,CCONJ,cd,5759,hängte
5761,dann,dann,ADV,mo,5762,mit
5762,mit,mit,ADP,cj,5760,und
5763,dem,der,DET,nk,5762,mit
5764,größten,groß,ADJ,nk,5765,Appetit
5765,Appetit,Appetit,NOUN,oa,5766,ableckte
5766,ableckte,ablecken,VERB,ROOT,5766,ableckte
5767,.,--,PUNCT,punct,5766,ableckte
5768,Auch,auch,ADV,mo,5769,zeichnete
5769,zeichnete,zeichnen,VERB,ROOT,5769,zeichnete
5770,sich,sich,PRON,oa,5769,zeichnete
5771,Mores,More,PROPN,sb,5769,zeichnete
5772,vor,vor,ADP,mo,5769,zeichnete
5773,allen,aller,DET,nk,5774,Katzen
5774,Katzen,Katze,NOUN,nk,5772,vor
5775,durch,durch,ADP,mo,5769,zeichnete
5776,seine,sein,DET,nk,5777,Neigung
5777,Neigung,Neigung,NOUN,ROOT,5777,Neigung
5778,",",--,PUNCT,punct,5777,Neigung
5779,sich,sich,PRON,oa,5781,waschen
5780,zu,zu,PART,pm,5781,waschen
5781,waschen,waschen,VERB,oc,5777,Neigung
5782,",",--,PUNCT,punct,5777,Neigung
5783,aus,aus,ADP,oc,5777,Neigung
5784,",",--,PUNCT,punct,5777,Neigung
5785,da,da,SCONJ,cp,5789,Geschlecht
5786,doch,doch,ADV,mo,5789,Geschlecht
5787,sonst,sonst,ADV,mo,5789,Geschlecht
5788,sein,sein,DET,nk,5789,Geschlecht
5789,Geschlecht,Geschlecht,NOUN,cj,5777,Neigung
5790,eine,ein,PRON,pd,5789,Geschlecht
5791,Feindschaft,Feindschaft,NOUN,sb,5795,hat
5792,gegen,gegen,ADP,mo,5795,hat
5793,das,der,DET,nk,5794,Wasser
5794,Wasser,Wasser,NOUN,nk,5792,gegen
5795,hat,haben,VERB,ROOT,5795,hat
5796,.,--,PUNCT,punct,5795,hat
5797,Alle,aller,DET,nk,5799,Absonderlichkeiten
5798,diese,dieser,DET,nk,5799,Absonderlichkeiten
5799,Absonderlichkeiten,Absonderlichkeit,NOUN,sb,5800,hatten
5800,hatten,haben,AUX,ROOT,5800,hatten
5801,den,der,DET,dep,5800,hatten
5802,Mores,More,NOUN,vo,5812,ließ
5803,in,in,ADP,mo,5808,gemacht
5804,meiner,mein,DET,nk,5805,Nachbarschaft
5805,Nachbarschaft,Nachbarschaft,NOUN,nk,5803,in
5806,sehr,sehr,ADV,mo,5807,berühmt
5807,berühmt,berühmt,ADV,mo,5808,gemacht
5808,gemacht,machen,VERB,oc,5802,Mores
5809,",",--,PUNCT,punct,5802,Mores
5810,und,und,CCONJ,ju,5812,ließ
5811,ich,ich,PRON,sb,5812,ließ
5812,ließ,lassen,VERB,ROOT,5812,ließ
5813,ihn,ihn,PRON,oa,5812,ließ
5814,ruhig,ruhig,ADV,mo,5812,ließ
5815,bei,bei,ADP,svp,5812,ließ
5816,mir,mir,PRON,nk,5817,aus
5817,aus,aus,ADP,ROOT,5817,aus
5818,und,und,CCONJ,cd,5817,aus
5819,ein,ein,DET,oa,5820,gehen
5820,gehen,gehen,VERB,cj,5818,und
5821,",",--,PUNCT,punct,5820,gehen
5822,er,er,PRON,sb,5823,jagte
5823,jagte,jagen,VERB,cj,5820,gehen
5824,auf,auf,ADP,mo,5823,jagte
5825,seine,sein,DET,nk,5827,Hand
5826,eigne,eign,ADJ,nk,5827,Hand
5827,Hand,Hand,NOUN,nk,5824,auf
5828,und,und,CCONJ,cd,5823,jagte
5829,kostete,kosten,VERB,cj,5828,und
5830,mich,mich,PRON,da,5829,kostete
5831,nichts,nichts,PRON,oa,5829,kostete
5832,als,als,ADP,ROOT,5832,als
5833,Kaffee,Kaffee,NOUN,nk,5832,als
5834,",",--,PUNCT,punct,5833,Kaffee
5835,den,der,PRON,oa,5841,soff
5836,er,er,PRON,sb,5841,soff
5837,über,über,ADP,op,5841,soff
5838,die,der,DET,nk,5839,Maßen
5839,Maßen,Maße,NOUN,nk,5837,über
5840,gern,gern,ADV,mo,5841,soff
5841,soff,Soff,ADV,rc,5833,Kaffee
5842,.,--,PUNCT,punct,5832,als
5843,So,so,ADV,mo,5844,hatte
5844,hatte,haben,AUX,ROOT,5844,hatte
5845,ich,ich,PRON,sb,5844,hatte
5846,meinen,mein,DET,nk,5847,Gesellen
5847,Gesellen,Geselle,NOUN,oa,5844,hatte
5848,bis,bis,ADP,mo,5844,hatte
5849,gegen,gegen,ADP,mo,5854,gehabt
5850,Weihnachten,Weihnachten,NOUN,nk,5849,gegen
5851,immer,immer,ADV,mo,5854,gehabt
5852,als,als,ADP,mo,5854,gehabt
5853,Schlafkameraden,Schlafkamerade,NOUN,nk,5852,als
5854,gehabt,haben,VERB,ROOT,5854,gehabt
5855,",",--,PUNCT,punct,5854,gehabt
5856,als,als,SCONJ,cm,5860,zwei
5857,ich,ich,PRON,sb,5860,zwei
5858,ihn,ihn,PRON,oa,5860,zwei
5859,die,der,DET,nk,5860,zwei
5860,zwei,zwei,NUM,mo,5854,gehabt
5861,letzten,letzter,ADJ,nk,5862,Tage
5862,Tage,Tag,NOUN,sb,5869,sah
5863,und,und,CCONJ,cd,5862,Tage
5864,Nächte,Nächte,NOUN,cj,5863,und
5865,vor,vor,ADP,mo,5868,ausbleiben
5866,dem,der,DET,nk,5867,Christtag
5867,Christtag,Christtag,NOUN,nk,5865,vor
5868,ausbleiben,ausbleiben,VERB,oc,5869,sah
5869,sah,sehen,VERB,ROOT,5869,sah
5870,.,--,PUNCT,punct,5869,sah
5871,Ich,ich,PRON,sb,5872,war
5872,war,sein,AUX,ROOT,5872,war
5873,schon,schon,ADV,mo,5872,war
5874,an,an,ADP,pd,5872,war
5875,den,der,DET,punct,5872,war
5876,Gedanken,Gedanke,NOUN,ROOT,5876,Gedanken
5877,gewöhnt,gewöhnen,VERB,oc,5876,Gedanken
5878,",",--,PUNCT,punct,5877,gewöhnt
5879,daß,daß,SCONJ,cp,5882,Wildschütze
5880,ihn,ihn,PRON,oa,5882,Wildschütze
5881,irgendein,irgendein,DET,nk,5882,Wildschütze
5882,Wildschütze,Wildschütze,NOUN,oc,5877,gewöhnt
5883,",",--,PUNCT,punct,5882,Wildschütze
5884,vielleicht,vielleicht,ADV,mo,5886,mein
5885,gar,gar,ADV,mo,5886,mein
5886,mein,mein,DET,nk,5887,türkischer
5887,türkischer,türkisch,ADJ,ROOT,5887,türkischer
5888,Grenznachbar,grenznachbar,ADV,mo,5894,haben
5889,",",--,PUNCT,punct,5890,möge
5890,möge,mögen,AUX,ROOT,5890,möge
5891,weggeschossen,Weggeschossen,AUX,oa,5894,haben
5892,oder,oder,CCONJ,cd,5891,weggeschossen
5893,gefangen,gefangen,VERB,cj,5892,oder
5894,haben,haben,AUX,oc,5890,möge
5895,",",--,PUNCT,punct,5890,möge
5896,und,und,CCONJ,cd,5890,möge
5897,sendete,senden,VERB,cj,5896,und
5898,deswegen,deswegen,ADV,mo,5897,sendete
5899,einen,ein,DET,nk,5900,Knecht
5900,Knecht,Knecht,NOUN,ROOT,5900,Knecht
5901,hinüber,hinüber,ADV,mnr,5900,Knecht
5902,zu,zu,ADP,mnr,5900,Knecht
5903,dem,der,DET,nk,5904,Wildhändler
5904,Wildhändler,Wildhändler,NOUN,nk,5902,zu
5905,",",--,PUNCT,punct,5900,Knecht
5906,um,um,SCONJ,mnr,5900,Knecht
5907,etwas,etwas,PRON,nk,5906,um
5908,von,von,ADP,mnr,5907,etwas
5909,dem,der,DET,nk,5910,Mores
5910,Mores,Mores,NOUN,nk,5908,von
5911,auszukundschaften,auszukundschaften,VERB,ROOT,5911,auszukundschaften
5912,.,--,PUNCT,punct,5911,auszukundschaften
5913,Aber,aber,CCONJ,ju,5916,kam
5914,der,der,DET,nk,5915,Knecht
5915,Knecht,Knecht,NOUN,sb,5916,kam
5916,kam,kommen,VERB,ROOT,5916,kam
5917,mit,mit,ADP,mo,5916,kam
5918,der,der,DET,nk,5919,Nachricht
5919,Nachricht,Nachricht,NOUN,nk,5917,mit
5920,zurück,zurück,ADV,svp,5916,kam
5921,",",--,PUNCT,punct,5916,kam
5922,daß,daß,SCONJ,cd,5916,kam
5923,der,der,DET,ROOT,5923,der
5924,Wildhändler,Wildhändler,PROPN,sb,5929,wisse
5925,von,von,ADP,pg,5924,Wildhändler
5926,meinem,mein,DET,nk,5927,Kater
5927,Kater,Kater,NOUN,nk,5925,von
5928,nichts,nichts,PRON,oa,5929,wisse
5929,wisse,wissen,VERB,ROOT,5929,wisse
5930,",",--,PUNCT,punct,5929,wisse
5931,daß,daß,SCONJ,cp,5934,von
5932,er,er,PRON,sb,5934,von
5933,eben,eben,ADV,mo,5934,von
5934,von,von,ADP,dep,5929,wisse
5935,einer,ein,DET,nk,5936,Reise
5936,Reise,Reise,NOUN,nk,5934,von
5937,von,von,ADP,pg,5936,Reise
5938,Stambul,Stambul,PROPN,mo,5939,zurückgekommen
5939,zurückgekommen,zurückgekommen,VERB,oc,5940,sei
5940,sei,sein,AUX,ROOT,5940,sei
5941,und,und,CCONJ,cd,5940,sei
5942,seiner,sein,DET,nk,5943,Frau
5943,Frau,Frau,NOUN,cj,5941,und
5944,eine,ein,DET,nk,5945,Menge
5945,Menge,Menge,NOUN,pd,5940,sei
5946,schöner,schön,ADJ,nk,5947,Katzen
5947,Katzen,Katze,NOUN,ag,5945,Menge
5948,mitgebracht,mitbringen,VERB,oc,5949,habe
5949,habe,haben,AUX,ROOT,5949,habe
5950,;,--,PUNCT,punct,5949,habe
5951,übrigens,übrigens,ADV,mo,5952,sei
5952,sei,sein,AUX,ROOT,5952,sei
5953,es,es,PRON,sb,5952,sei
5954,ihm,ihm,PRON,da,5955,lieb
5955,lieb,leiben,VERB,pd,5952,sei
5956,",",--,PUNCT,punct,5955,lieb
5957,daß,daß,SCONJ,cp,5958,er
5958,er,er,PRON,re,5953,es
5959,von,von,ADP,pg,5958,er
5960,meinem,mein,DET,nk,5962,Kater
5961,trefflichen,trefflich,ADJ,nk,5962,Kater
5962,Kater,Kater,NOUN,nk,5959,von
5963,gehört,gehören,VERB,ROOT,5963,gehört
5964,",",--,PUNCT,punct,5963,gehört
5965,und,und,CCONJ,cd,5963,gehört
5966,wolle,wollen,AUX,cj,5965,und
5967,er,er,PRON,sb,5966,wolle
5968,auf,auf,ADP,op,5971,suchen
5969,alle,aller,DET,nk,5970,Weise
5970,Weise,Weise,NOUN,nk,5968,auf
5971,suchen,suchen,VERB,oc,5966,wolle
5972,",",--,PUNCT,punct,5971,suchen
5973,ihn,ihn,PRON,oa,5978,bringen
5974,in,in,ADP,mo,5978,bringen
5975,seine,sein,DET,nk,5976,Gewalt
5976,Gewalt,Gewalt,NOUN,nk,5974,in
5977,zu,zu,PART,pm,5978,bringen
5978,bringen,bringen,VERB,oc,5971,suchen
5979,",",--,PUNCT,punct,5978,bringen
5980,da,da,SCONJ,ROOT,5980,da
5981,ihm,ihm,PRON,da,5988,fehle
5982,ein,ein,DET,nk,5984,Bassa
5983,tüchtiger,tüchtig,ADJ,nk,5984,Bassa
5984,Bassa,Bassa,NOUN,sb,5988,fehle
5985,für,für,ADP,mo,5988,fehle
5986,sein,sein,DET,nk,5987,Serail
5987,Serail,Serail,NOUN,nk,5985,für
5988,fehle,fehlen,VERB,ROOT,5988,fehle
5989,.,--,PUNCT,punct,5988,fehle
5990,Diese,dieser,DET,nk,5991,Nachricht
5991,Nachricht,Nachricht,NOUN,oa,5992,erhielt
5992,erhielt,erhalten,VERB,ROOT,5992,erhielt
5993,ich,ich,PRON,sb,5992,erhielt
5994,mit,mit,ADP,svp,5992,erhielt
5995,Verdruß,Verdruß,NOUN,ROOT,5995,Verdruß
5996,am,an,ADP,mnr,5995,Verdruß
5997,Weihnachtsabend,Weihnachtsabend,NOUN,nk,5996,am
5998,und,und,CCONJ,cd,5995,Verdruß
5999,sehnte,sehnen,VERB,cj,5998,und
6000,mich,mich,PRON,oa,5999,sehnte
6001,um,um,ADP,avc,6002,so
6002,so,so,ADV,mo,6003,mehr
6003,mehr,mehr,ADV,mo,5999,sehnte
6004,nach,nach,ADP,mo,5999,sehnte
6005,meinem,mein,DET,nk,6006,Mores
6006,Mores,Mores,NOUN,nk,6004,nach
6007,",",--,PUNCT,punct,5999,sehnte
6008,weil,weil,SCONJ,ROOT,6008,weil
6009,ich,ich,PRON,sb,6015,gönnte
6010,ihn,ihn,PRON,oa,6015,gönnte
6011,dem,der,DET,nk,6013,Schelm
6012,türkischen,türkisch,ADJ,nk,6013,Schelm
6013,Schelm,Schelm,NOUN,da,6015,gönnte
6014,nicht,nicht,PART,ng,6015,gönnte
6015,gönnte,gönnen,VERB,ROOT,6015,gönnte
6016,.,--,PUNCT,punct,6015,gönnte
6017,Ich,ich,PRON,sb,6018,legte
6018,legte,legen,VERB,ROOT,6018,legte
6019,mich,mich,PRON,oa,6018,legte
6020,an,an,ADP,mo,6018,legte
6021,diesem,dieser,DET,nk,6022,Abend
6022,Abend,Abend,NOUN,nk,6020,an
6023,früh,früh,ADV,mo,6018,legte
6024,zu,zu,ADP,ROOT,6024,zu
6025,Bette,Bett,NOUN,nk,6024,zu
6026,",",--,PUNCT,punct,6024,zu
6027,weil,weil,SCONJ,cp,6033,Stunde
6028,ich,ich,PRON,sb,6033,Stunde
6029,in,in,ADP,mo,6033,Stunde
6030,der,der,DET,nk,6031,Mitternacht
6031,Mitternacht,Mitternacht,NOUN,nk,6029,in
6032,eine,ein,DET,nk,6033,Stunde
6033,Stunde,Stunde,NOUN,nk,6024,zu
6034,Weges,Wege,NOUN,ag,6033,Stunde
6035,nach,nach,ADP,mnr,6033,Stunde
6036,der,der,DET,nk,6037,Kirche
6037,Kirche,Kirche,NOUN,nk,6035,nach
6038,in,in,ADP,mnr,6033,Stunde
6039,die,der,DET,nk,6038,in
6040,Metten,Mett,NOUN,oa,6041,gehen
6041,gehen,gehen,VERB,oc,6042,wollte
6042,wollte,wollen,AUX,ROOT,6042,wollte
6043,.,--,PUNCT,punct,6042,wollte
6044,Mein,mein,DET,nk,6045,Knecht
6045,Knecht,Knecht,NOUN,sb,6046,weckte
6046,weckte,wecken,VERB,ROOT,6046,weckte
6047,mich,mich,PRON,oa,6046,weckte
6048,zur,zu,ADP,mo,6046,weckte
6049,gehörigen,gehörig,ADJ,nk,6050,Zeit
6050,Zeit,Zeit,NOUN,nk,6048,zur
6051,;,--,PUNCT,punct,6046,weckte
6052,ich,ich,PRON,sb,6053,legte
6053,legte,legen,VERB,ROOT,6053,legte
6054,meine,mein,DET,nk,6055,Waffen
6055,Waffen,Waffe,NOUN,ROOT,6055,Waffen
6056,an,an,ADP,svp,6055,Waffen
6057,und,und,CCONJ,cd,6055,Waffen
6058,hängte,hängen,VERB,cj,6057,und
6059,meine,mein,DET,nk,6060,Doppelbüchse
6060,Doppelbüchse,Doppelbüchse,NOUN,oa,6058,hängte
6061,",",--,PUNCT,punct,6060,Doppelbüchse
6062,mit,mit,ADP,mo,6058,hängte
6063,dem,der,DET,nk,6065,Schrote
6064,gröbsten,gröb,ADJ,nk,6065,Schrote
6065,Schrote,Schrote,NOUN,nk,6062,mit
6066,geladen,laden,VERB,ROOT,6066,geladen
6067,",",--,PUNCT,punct,6066,geladen
6068,um,um,SCONJ,svp,6066,geladen
6069,.,--,PUNCT,punct,6066,geladen
6070,So,so,ADV,mo,6071,machte
6071,machte,machen,VERB,ROOT,6071,machte
6072,ich,ich,PRON,sb,6071,machte
6073,mich,sich,PRON,oa,6071,machte
6074,auf,auf,ADP,mo,6071,machte
6075,den,der,DET,nk,6076,Weg
6076,Weg,Weg,NOUN,nk,6074,auf
6077,",",--,PUNCT,punct,6071,machte
6078,in,in,ADP,mo,6071,machte
6079,der,der,DET,nk,6081,Winternacht
6080,kältesten,kalt,ADJ,nk,6081,Winternacht
6081,Winternacht,Winternacht,NOUN,nk,6078,in
6082,",",--,PUNCT,punct,6081,Winternacht
6083,die,der,PRON,oa,6071,machte
6084,ich,ich,PRON,sb,6086,erlebt
6085,je,je,ADV,mo,6086,erlebt
6086,erlebt,erleben,VERB,ROOT,6086,erlebt
6087,;,--,PUNCT,punct,6086,erlebt
6088,ich,ich,PRON,sb,6089,war
6089,war,sein,AUX,ROOT,6089,war
6090,eingehüllt,eingehüllt,VERB,pd,6089,war
6091,wie,wie,ADP,cm,6093,Pelznickel
6092,ein,ein,DET,nk,6093,Pelznickel
6093,Pelznickel,Pelznickel,NOUN,mo,6089,war
6094,",",--,PUNCT,punct,6093,Pelznickel
6095,die,der,DET,nk,6096,brennende
6096,brennende,brennend,ADJ,cj,6089,war
6097,Tabakspfeife,Tabakspfeife,NOUN,sb,6098,fror
6098,fror,frieren,VERB,ROOT,6098,fror
6099,mir,mir,PRON,da,6098,fror
6100,einigemal,einigemal,ADV,mo,6098,fror
6101,ein,ein,ADV,svp,6098,fror
6102,",",--,PUNCT,punct,6098,fror
6103,der,der,DET,nk,6104,Pelz
6104,Pelz,Pelz,NOUN,sb,6108,starrte
6105,um,um,ADP,mnr,6104,Pelz
6106,meinen,mein,DET,nk,6107,Hals
6107,Hals,Hals,NOUN,nk,6105,um
6108,starrte,starren,VERB,cj,6098,fror
6109,von,von,ADP,mo,6108,starrte
6110,meinem,mein,DET,nk,6109,von
6111,gefrornen,gefrorn,ADJ,nk,6112,Hauch
6112,Hauch,Hauch,NOUN,ROOT,6112,Hauch
6113,wie,wie,ADP,cm,6115,Stachelschwein
6114,ein,ein,DET,nk,6115,Stachelschwein
6115,Stachelschwein,Stachelschwein,NOUN,cc,6112,Hauch
6116,",",--,PUNCT,punct,6115,Stachelschwein
6117,der,der,DET,nk,6119,Schnee
6118,feste,fest,ADJ,nk,6119,Schnee
6119,Schnee,Schnee,NOUN,sb,6120,knarrte
6120,knarrte,knarrn,VERB,rc,6112,Hauch
6121,unter,unter,ADP,mo,6120,knarrte
6122,meinen,Mein,NOUN,nk,6121,unter
6123,Stiefeln,Stiefel,NOUN,ROOT,6123,Stiefeln
6124,",",--,PUNCT,punct,6123,Stiefeln
6125,die,der,DET,nk,6126,Wölfe
6126,Wölfe,Wolf,NOUN,cj,6123,Stiefeln
6127,heulten,heulter,VERB,nk,6128,rings
6128,rings,Ring,NOUN,ag,6126,Wölfe
6129,um,um,ADP,mnr,6128,rings
6130,meinen,mein,DET,nk,6131,Hof
6131,Hof,Hof,NOUN,nk,6129,um
6132,",",--,PUNCT,punct,6123,Stiefeln
6133,und,und,CCONJ,cd,6123,Stiefeln
6134,ich,ich,PRON,sb,6135,befahl
6135,befahl,befehlen,VERB,cj,6133,und
6136,meinen,meinen,DET,oc,6135,befahl
6137,Knechten,Knecht,NOUN,oa,6143,machen
6138,",",--,PUNCT,punct,6137,Knechten
6139,Jagd,Jagd,NOUN,cj,6137,Knechten
6140,auf,auf,ADP,mo,6143,machen
6141,sie,sie,PRON,nk,6140,auf
6142,zu,zu,PART,pm,6143,machen
6143,machen,machen,VERB,ROOT,6143,machen
6144,.,--,PUNCT,punct,6143,machen
6145,So,so,ADV,mo,6146,war
6146,war,sein,AUX,ROOT,6146,war
6147,ich,ich,PRON,sb,6146,war
6148,bei,bei,ADP,mo,6156,gekommen
6149,sternheller,sternhell,ADJ,nk,6150,Nacht
6150,Nacht,Nacht,NOUN,nk,6148,bei
6151,auf,auf,ADP,mo,6156,gekommen
6152,das,der,DET,nk,6154,Feld
6153,freie,frei,ADJ,nk,6154,Feld
6154,Feld,Feld,NOUN,nk,6151,auf
6155,hinaus,hinaus,ADP,ac,6151,auf
6156,gekommen,kommen,VERB,oc,6146,war
6157,und,und,CCONJ,cd,6146,war
6158,sah,sehen,VERB,cj,6157,und
6159,schon,schon,ADV,mo,6160,in
6160,in,in,ADP,ROOT,6160,in
6161,der,der,DET,nk,6162,Ferne
6162,Ferne,Ferne,NOUN,nk,6160,in
6163,eine,ein,DET,nk,6164,Eiche
6164,Eiche,Eiche,NOUN,pd,6160,in
6165,",",--,PUNCT,punct,6164,Eiche
6166,die,der,PRON,sb,6172,in
6167,auf,auf,ADP,mo,6172,in
6168,einer,ein,DET,nk,6170,Insel
6169,kleinen,klein,ADJ,nk,6170,Insel
6170,Insel,Insel,NOUN,nk,6167,auf
6171,mitten,mitten,ADV,mo,6172,in
6172,in,in,ADP,rc,6164,Eiche
6173,einem,ein,DET,nk,6172,in
6174,zugefrornen,zugefrorn,ADJ,nk,6175,Teiche
6175,Teiche,Teiche,NOUN,sb,6176,stand
6176,stand,stehen,VERB,ROOT,6176,stand
6177,und,und,CCONJ,cd,6176,stand
6178,etwa,etwa,ADV,mo,6180,Hälfte
6179,die,der,DET,nk,6180,Hälfte
6180,Hälfte,Hälfte,NOUN,oa,6183,bezeichnete
6181,des,der,DET,nk,6182,Weges
6182,Weges,Weg,NOUN,ag,6180,Hälfte
6183,bezeichnete,bezeichnen,VERB,cj,6177,und
6184,",",--,PUNCT,punct,6183,bezeichnete
6185,den,der,PRON,nk,6186,ich
6186,ich,ich,PRON,ROOT,6186,ich
6187,zum,zu,ADP,mnr,6186,ich
6188,Kirchdorf,Kirchdorf,PROPN,sb,6189,hatte
6189,hatte,haben,VERB,ROOT,6189,hatte
6190,.,--,PUNCT,punct,6189,hatte
6191,Da,da,ADV,mo,6192,hörte
6192,hörte,hören,VERB,ROOT,6192,hörte
6193,ich,ich,PRON,sb,6192,hörte
6194,eine,ein,DET,nk,6196,Musik
6195,wunderbare,wunderbar,ADJ,nk,6196,Musik
6196,Musik,Musik,NOUN,oa,6192,hörte
6197,und,und,CCONJ,cd,6192,hörte
6198,glaubte,glauben,VERB,cj,6197,und
6199,anfangs,anfangs,ADV,mo,6198,glaubte
6200,",",--,PUNCT,punct,6198,glaubte
6201,es,es,PRON,sb,6202,sei
6202,sei,sein,AUX,oc,6198,glaubte
6203,etwa,etwa,ADV,mo,6205,Zug
6204,ein,ein,DET,nk,6205,Zug
6205,Zug,Zug,NOUN,ROOT,6205,Zug
6206,Bauern,Bauer,NOUN,nk,6205,Zug
6207,",",--,PUNCT,punct,6206,Bauern
6208,der,der,PRON,sb,6217,verkürzte
6209,mit,mit,ADP,mo,6217,verkürzte
6210,einem,ein,DET,nk,6211,Dudelsack
6211,Dudelsack,Dudelsack,NOUN,nk,6209,mit
6212,sich,sich,PRON,oa,6217,verkürzte
6213,den,der,DET,nk,6214,Weg
6214,Weg,Weg,NOUN,oa,6217,verkürzte
6215,zur,zu,ADP,mnr,6214,Weg
6216,Kirche,Kirche,NOUN,nk,6215,zur
6217,verkürzte,verkürzen,VERB,rc,6206,Bauern
6218,",",--,PUNCT,punct,6205,Zug
6219,und,und,CCONJ,ju,6221,schritt
6220,so,so,ADV,mo,6221,schritt
6221,schritt,schreten,VERB,ROOT,6221,schritt
6222,ich,ich,PRON,sb,6221,schritt
6223,derber,derber,ADV,mo,6221,schritt
6224,zu,zu,ADP,svp,6221,schritt
6225,",",--,PUNCT,punct,6221,schritt
6226,um,um,SCONJ,cp,6231,anzuschließen
6227,mich,mich,PRON,oa,6231,anzuschließen
6228,an,an,ADP,mo,6231,anzuschließen
6229,diese,dieser,DET,nk,6230,Leute
6230,Leute,Leute,NOUN,nk,6228,an
6231,anzuschließen,anschließen,VERB,mo,6221,schritt
6232,.,--,PUNCT,punct,6221,schritt
6233,Aber,aber,CCONJ,ju,6234,je
6234,je,je,ADV,ROOT,6234,je
6235,näher,nah,ADV,mo,6236,ich
6236,ich,ich,PRON,sb,6237,kam
6237,kam,kommen,VERB,ROOT,6237,kam
6238,",",--,PUNCT,punct,6237,kam
6239,je,je,ADV,mo,6240,toller
6240,toller,tolle,ADV,pd,6241,war
6241,war,sein,AUX,cj,6237,kam
6242,die,der,DET,nk,6244,Musik
6243,kuriose,kurios,ADJ,nk,6244,Musik
6244,Musik,Musik,NOUN,sb,6241,war
6245,",",--,PUNCT,punct,6241,war
6246,sie,sie,PRON,sb,6247,löste
6247,löste,lösen,VERB,cj,6241,war
6248,sich,sich,PRON,oa,6247,löste
6249,in,in,ADP,mo,6247,löste
6250,ein,ein,DET,nk,6251,Gewimmer
6251,Gewimmer,Gewimmer,NOUN,nk,6249,in
6252,auf,auf,ADP,mo,6261,hörte
6253,",",--,PUNCT,punct,6252,auf
6254,und,und,CCONJ,oc,6252,auf
6255,",",--,PUNCT,punct,6254,und
6256,schon,schon,ADV,mo,6259,nah
6257,dem,der,DET,nk,6258,Baume
6258,Baume,Baume,NOUN,da,6259,nah
6259,nah,nah,ADV,cj,6254,und
6260,",",--,PUNCT,punct,6261,hörte
6261,hörte,hören,VERB,ROOT,6261,hörte
6262,ich,ich,PRON,sb,6261,hörte
6263,",",--,PUNCT,punct,6261,hörte
6264,daß,daß,SCONJ,cp,6266,Musik
6265,die,der,DET,nk,6266,Musik
6266,Musik,Musik,NOUN,oc,6261,hörte
6267,von,von,ADP,pg,6266,Musik
6268,demselben,derselbe,PRON,nk,6267,von
6269,herunter,herunter,ADV,ac,6267,von
6270,schallte,schallen,VERB,ROOT,6270,schallte
6271,.,--,PUNCT,punct,6270,schallte
6272,Ich,ich,PRON,sb,6273,nahm
6273,nahm,nehmen,VERB,ROOT,6273,nahm
6274,mein,mein,DET,nk,6275,Gewehr
6275,Gewehr,Gewehr,NOUN,oa,6273,nahm
6276,in,in,ADP,mo,6273,nahm
6277,die,der,DET,nk,6278,Hand
6278,Hand,Hand,NOUN,nk,6276,in
6279,",",--,PUNCT,punct,6273,nahm
6280,spannte,spannen,VERB,cj,6273,nahm
6281,den,der,DET,nk,6282,Hahn
6282,Hahn,Hahn,NOUN,oa,6280,spannte
6283,und,und,CCONJ,cd,6280,spannte
6284,schlich,schlich,ADV,cj,6283,und
6285,über,über,ADP,svp,6280,spannte
6286,den,der,DET,nk,6288,Teich
6287,festen,fest,ADJ,nk,6288,Teich
6288,Teich,Teich,NOUN,ROOT,6288,Teich
6289,auf,auf,ADP,mnr,6288,Teich
6290,die,der,DET,nk,6291,Eiche
6291,Eiche,Eiche,NOUN,nk,6289,auf
6292,los,los,ADV,mo,6288,Teich
6293,;,--,PUNCT,punct,6288,Teich
6294,was,was,PRON,oa,6295,sah
6295,sah,sehen,VERB,ROOT,6295,sah
6296,ich,ich,PRON,sb,6295,sah
6297,",",--,PUNCT,punct,6295,sah
6298,was,was,PRON,oa,6299,hörte
6299,hörte,hören,VERB,oc,6295,sah
6300,ich,ich,PRON,sb,6299,hörte
6301,?,--,PUNCT,punct,6295,sah
6302,Das,der,DET,nk,6303,Haar
6303,Haar,Haar,NOUN,sb,6304,stand
6304,stand,stehen,VERB,ROOT,6304,stand
6305,mir,mir,PRON,da,6306,zu
6306,zu,zu,ADP,mo,6312,saß
6307,Berge,Berg,NOUN,nk,6306,zu
6308,;,--,PUNCT,punct,6306,zu
6309,der,der,DET,nk,6311,Baum
6310,ganze,ganz,ADJ,nk,6311,Baum
6311,Baum,Baum,NOUN,sb,6312,saß
6312,saß,sitzen,VERB,ROOT,6312,saß
6313,voll,voll,ADV,mo,6314,schrecklich
6314,schrecklich,schrecklich,ADV,mo,6315,heulender
6315,heulender,heulend,ADJ,nk,6316,Katzen
6316,Katzen,Katze,NOUN,sb,6312,saß
6317,",",--,PUNCT,punct,6312,saß
6318,und,und,CCONJ,cd,6312,saß
6319,in,in,ADP,cj,6318,und
6320,der,der,DET,nk,6319,in
6321,Krone,Krone,NOUN,sb,6322,thronte
6322,thronte,thronen,VERB,ROOT,6322,thronte
6323,mein,mein,DET,nk,6324,Herr
6324,Herr,Herr,NOUN,sb,6322,thronte
6325,Mores,More,PROPN,nk,6324,Herr
6326,mit,mit,ADP,mo,6322,thronte
6327,krummem,krumm,ADJ,nk,6328,Buckel
6328,Buckel,Buckel,NOUN,nk,6326,mit
6329,und,und,CCONJ,cd,6322,thronte
6330,blies,blies,VERB,cj,6329,und
6331,ganz,ganz,ADV,mo,6332,erbärmlich
6332,erbärmlich,erbärmlich,ADV,mo,6330,blies
6333,auf,auf,ADP,svp,6330,blies
6334,einem,ein,DET,nk,6335,Dudelsack
6335,Dudelsack,Dudelsack,NOUN,ROOT,6335,Dudelsack
6336,",",--,PUNCT,punct,6335,Dudelsack
6337,wozu,wozu,SCONJ,mo,6339,Katzen
6338,die,der,DET,nk,6339,Katzen
6339,Katzen,Katze,NOUN,par,6335,Dudelsack
6340,unter,unter,ADP,mo,6346,durch
6341,gewaltigem,gewaltig,ADJ,nk,6342,Geschrei
6342,Geschrei,Geschrei,NOUN,nk,6340,unter
6343,um,um,ADP,mo,6340,unter
6344,ihn,ihn,PRON,nk,6343,um
6345,her,her,ADP,ac,6343,um
6346,durch,durch,ADP,mnr,6339,Katzen
6347,die,der,DET,nk,6346,durch
6348,Zweige,Zweig,NOUN,oa,6349,tanzten
6349,tanzten,tanzen,VERB,ROOT,6349,tanzten
6350,.,--,PUNCT,punct,6349,tanzten
6351,Ich,ich,PRON,sb,6352,war
6352,war,sein,AUX,ROOT,6352,war
6353,anfangs,anfangs,ADV,mo,6357,versteinert
6354,vor,vor,ADP,mo,6357,versteinert
6355,Entsetzen,entsetzen,NOUN,nk,6354,vor
6356,wie,wie,CCONJ,cm,6357,versteinert
6357,versteinert,versteinern,VERB,pd,6352,war
6358,",",--,PUNCT,punct,6357,versteinert
6359,bald,bald,ADV,mo,6352,war
6360,aber,aber,ADV,mo,6352,war
6361,zwickte,zwicken,VERB,ROOT,6361,zwickte
6362,mich,mich,PRON,oa,6361,zwickte
6363,der,der,DET,nk,6364,Klang
6364,Klang,Klang,NOUN,sb,6361,zwickte
6365,des,der,DET,nk,6366,Dudelsacks
6366,Dudelsacks,Dudelsack,NOUN,ag,6364,Klang
6367,so,so,ADV,mo,6368,sonderbar
6368,sonderbar,sonderbar,ADV,mo,6361,zwickte
6369,in,in,ADP,mo,6361,zwickte
6370,den,der,DET,nk,6371,Beinen
6371,Beinen,Bein,NOUN,nk,6369,in
6372,",",--,PUNCT,punct,6361,zwickte
6373,daß,daß,SCONJ,cd,6361,zwickte
6374,ich,ich,PRON,sb,6373,daß
6375,selbst,selbst,ADV,mo,6376,anfing
6376,anfing,Anfing,NOUN,oa,6378,tanzen
6377,zu,zu,PART,pm,6378,tanzen
6378,tanzen,tanzen,VERB,ROOT,6378,tanzen
6379,und,und,CCONJ,cd,6378,tanzen
6380,beinahe,beinahe,ADV,mo,6381,in
6381,in,in,ADP,cj,6379,und
6382,eine,ein,DET,nk,6386,Eisöffnung
6383,von,von,ADP,sbp,6385,gehauene
6384,Fischern,Fischer,NOUN,nk,6383,von
6385,gehauene,gehauen,ADJ,nk,6386,Eisöffnung
6386,Eisöffnung,Eisöffnung,NOUN,nk,6381,in
6387,fiel,fallen,VERB,ROOT,6387,fiel
6388,;,--,PUNCT,punct,6387,fiel
6389,da,da,SCONJ,mo,6390,tönte
6390,tönte,tönen,VERB,ROOT,6390,tönte
6391,aber,aber,ADV,mo,6390,tönte
6392,die,der,DET,nk,6393,Mettenglocke
6393,Mettenglocke,Mettenglock,NOUN,sb,6390,tönte
6394,durch,durch,ADP,mo,6390,tönte
6395,die,der,DET,nk,6397,Nacht
6396,helle,hell,ADJ,nk,6397,Nacht
6397,Nacht,Nacht,NOUN,nk,6394,durch
6398,",",--,PUNCT,punct,6390,tönte
6399,ich,ich,PRON,sb,6400,kam
6400,kam,kommen,VERB,cj,6390,tönte
6401,zu,zu,ADP,mo,6400,kam
6402,Sinnen,Sinn,NOUN,nk,6401,zu
6403,und,und,CCONJ,ju,6404,schoß
6404,schoß,schoßn,VERB,ROOT,6404,schoß
6405,die,der,DET,nk,6407,Schrotladung
6406,volle,voll,ADJ,nk,6407,Schrotladung
6407,Schrotladung,Schrotladung,NOUN,oa,6404,schoß
6408,meiner,mein,DET,nk,6409,Doppelbüchse
6409,Doppelbüchse,Doppelbüchse,NOUN,ag,6407,Schrotladung
6410,in,in,ADP,mnr,6409,Doppelbüchse
6411,den,der,DET,nk,6412,vermaledeiten
6412,vermaledeiten,vermaledeiter,ADJ,nk,6410,in
6413,Tanzchor,Tanzchor,NOUN,ROOT,6413,Tanzchor
6414,hinein,hinein,ADV,svp,6413,Tanzchor
6415,",",--,PUNCT,punct,6413,Tanzchor
6416,und,und,CCONJ,cd,6413,Tanzchor
6417,in,in,ADP,mo,6420,fegte
6418,demselben,derselbe,DET,nk,6419,Augenblick
6419,Augenblick,Augenblick,NOUN,nk,6417,in
6420,fegte,fegen,VERB,cj,6416,und
6421,die,der,DET,nk,6423,Tanzgesellschaft
6422,ganze,ganz,ADJ,nk,6423,Tanzgesellschaft
6423,Tanzgesellschaft,Tanzgesellschaft,NOUN,sb,6420,fegte
6424,wie,wie,SCONJ,cm,6426,Hagelwetter
6425,ein,ein,DET,nk,6426,Hagelwetter
6426,Hagelwetter,Hagelwetter,NOUN,ROOT,6426,Hagelwetter
6427,von,von,ADP,pg,6426,Hagelwetter
6428,der,der,DET,nk,6429,Eiche
6429,Eiche,Eiche,NOUN,nk,6427,von
6430,herunter,herunter,ADV,ac,6427,von
6431,und,und,CCONJ,cd,6427,von
6432,wie,wie,ADP,cm,6434,Bienenschwarm
6433,ein,ein,DET,nk,6434,Bienenschwarm
6434,Bienenschwarm,Bienenschwarm,NOUN,cc,6426,Hagelwetter
6435,über,über,ADP,mnr,6434,Bienenschwarm
6436,mich,mich,PRON,nk,6435,über
6437,weg,weg,ADV,mo,6445,ausglitt
6438,",",--,PUNCT,punct,6445,ausglitt
6439,so,so,ADV,mo,6445,ausglitt
6440,daß,daß,SCONJ,cp,6445,ausglitt
6441,ich,ich,PRON,sb,6445,ausglitt
6442,auf,auf,ADP,mo,6445,ausglitt
6443,dem,der,DET,nk,6444,Eise
6444,Eise,Eise,NOUN,nk,6442,auf
6445,ausglitt,ausgleten,VERB,ROOT,6445,ausglitt
6446,und,und,CCONJ,cd,6445,ausglitt
6447,platt,platt,ADV,mo,6448,niederstürzte
6448,niederstürzte,niederstürzen,VERB,cj,6446,und
6449,.,--,PUNCT,punct,6445,ausglitt
6450,Als,als,SCONJ,cp,6452,mich
6451,ich,ich,PRON,nk,6450,Als
6452,mich,sich,PRON,ROOT,6452,mich
6453,aufraffte,aufraffen,VERB,sb,6455,war
6454,",",--,PUNCT,punct,6455,war
6455,war,sein,AUX,ROOT,6455,war
6456,das,der,DET,nk,6457,Feld
6457,Feld,Feld,NOUN,sb,6455,war
6458,leer,leer,ADV,pd,6455,war
6459,",",--,PUNCT,punct,6455,war
6460,und,und,CCONJ,cd,6455,war
6461,ich,ich,PRON,sb,6462,wunderte
6462,wunderte,wunderen,VERB,cj,6460,und
6463,mich,mich,PRON,oa,6462,wunderte
6464,",",--,PUNCT,punct,6462,wunderte
6465,daß,daß,SCONJ,cp,6469,einzige
6466,ich,ich,PRON,sb,6465,daß
6467,auch,auch,ADV,mo,6466,ich
6468,keine,kein,DET,nk,6469,einzige
6469,einzige,einzig,ADJ,ROOT,6469,einzige
6470,von,von,ADP,sbp,6473,getroffen
6471,den,der,DET,nk,6472,Katzen
6472,Katzen,Katze,NOUN,nk,6470,von
6473,getroffen,treffen,VERB,ROOT,6473,getroffen
6474,unter,unter,ADP,mo,6473,getroffen
6475,dem,der,DET,nk,6476,Baume
6476,Baume,Baume,NOUN,nk,6474,unter
6477,fand,finden,VERB,mo,6473,getroffen
6478,.,--,PUNCT,punct,6473,getroffen
6479,Der,der,DET,nk,6481,Handel
6480,ganze,ganz,ADJ,nk,6481,Handel
6481,Handel,Handel,NOUN,sb,6482,hatte
6482,hatte,haben,AUX,ROOT,6482,hatte
6483,mich,mich,PRON,oa,6482,hatte
6484,so,so,ADV,mo,6482,hatte
6485,erschreckt,erschreckt,VERB,ROOT,6485,erschreckt
6486,und,und,CCONJ,cd,6485,erschreckt
6487,so,so,ADV,mo,6488,wunderlich
6488,wunderlich,wunderlich,ADV,mo,6489,gemacht
6489,gemacht,machen,VERB,cj,6486,und
6490,",",--,PUNCT,punct,6489,gemacht
6491,daß,daß,SCONJ,cp,6494,aufgab
6492,ich,ich,PRON,sb,6494,aufgab
6493,es,es,PRON,oa,6494,aufgab
6494,aufgab,aufgeben,VERB,oc,6489,gemacht
6495,",",--,PUNCT,punct,6494,aufgab
6496,nach,nach,ADP,mo,6494,aufgab
6497,der,der,DET,nk,6498,Kirche
6498,Kirche,Kirche,NOUN,nk,6496,nach
6499,zu,zu,ADP,ROOT,6499,zu
6500,gehen,gehen,VERB,ROOT,6500,gehen
6501,;,--,PUNCT,punct,6500,gehen
6502,ich,ich,PRON,sb,6503,eilte
6503,eilte,eilen,VERB,ROOT,6503,eilte
6504,nach,nach,ADP,mo,6503,eilte
6505,meinem,mein,DET,nk,6506,Hofe
6506,Hofe,Hof,NOUN,nk,6504,nach
6507,zurück,zurück,ADV,svp,6503,eilte
6508,und,und,CCONJ,cd,6503,eilte
6509,schoß,Schoß,VERB,cj,6508,und
6510,meine,mein,DET,nk,6511,Pistolen
6511,Pistolen,Pistolen,NOUN,oa,6509,schoß
6512,mehrere,mehrere,DET,nk,6513,Male
6513,Male,Mal,NOUN,oa,6509,schoß
6514,ab,ab,ADP,pm,6519,herbeizurufen
6515,",",--,PUNCT,punct,6519,herbeizurufen
6516,um,um,SCONJ,cp,6519,herbeizurufen
6517,meine,mein,DET,nk,6518,Knechte
6518,Knechte,Knecht,NOUN,oa,6519,herbeizurufen
6519,herbeizurufen,herbeizurufen,VERB,ROOT,6519,herbeizurufen
6520,.,--,PUNCT,punct,6519,herbeizurufen
6521,Sie,sie,PRON,sb,6522,nahten
6522,nahten,nahn,VERB,ROOT,6522,nahten
6523,mir,mir,PRON,da,6522,nahten
6524,bald,bald,ADV,mo,6522,nahten
6525,auf,auf,ADP,mo,6522,nahten
6526,dieses,dieser,DET,nk,6527,verabredete
6527,verabredete,verabredet,ADJ,nk,6525,auf
6528,Zeichen,Zeichen,NOUN,ROOT,6528,Zeichen
6529,;,--,PUNCT,punct,6528,Zeichen
6530,ich,ich,PRON,sb,6531,erzählte
6531,erzählte,erzählen,VERB,ROOT,6531,erzählte
6532,ihnen,ihnen,PRON,da,6531,erzählte
6533,mein,mein,DET,nk,6534,Abenteuer
6534,Abenteuer,Abenteuer,NOUN,oa,6531,erzählte
6535,",",--,PUNCT,punct,6531,erzählte
6536,und,und,CCONJ,cd,6531,erzählte
6537,der,der,DET,nk,6538,eine
6538,eine,einer,PRON,cj,6536,und
6539,",",--,PUNCT,punct,6538,eine
6540,ein,ein,DET,nk,6541,alter
6541,alter,alt,ADJ,app,6538,eine
6542,",",--,PUNCT,punct,6541,alter
6543,erfahrener,Erfahrener,PROPN,cj,6541,alter
6544,Kerl,Kerl,PROPN,sb,6546,sagte
6545,",",--,PUNCT,punct,6546,sagte
6546,sagte,sagen,VERB,ROOT,6546,sagte
6547,:,--,PUNCT,punct,6546,sagte
6548,»,--,PUNCT,punct,6549,Sei'n
6549,Sei'n,sei'n,NOUN,oc,6546,sagte
6550,Ihr,ihr,PRON,nk,6551,Gnaden
6551,Gnaden,Gnade,NOUN,cj,6549,Sei'n
6552,nur,nur,ADV,mo,6553,ruhig
6553,ruhig,ruhig,ADV,mo,6546,sagte
6554,",",--,PUNCT,punct,6546,sagte
6555,wir,wir,PRON,sb,6556,werden
6556,werden,werden,AUX,oc,6546,sagte
6557,die,der,DET,nk,6558,Katzen
6558,Katzen,Katze,NOUN,oa,6560,finden
6559,bald,bald,ADV,mo,6560,finden
6560,finden,finden,VERB,oc,6556,werden
6561,",",--,PUNCT,punct,6556,werden
6562,die,der,DET,nk,6564,Gnaden
6563,Ihr,ihr,PRON,nk,6564,Gnaden
6564,Gnaden,Gnade,NOUN,sb,6566,haben
6565,geschossen,schießen,VERB,oc,6566,haben
6566,haben,haben,AUX,ROOT,6566,haben
6567,.,--,PUNCT,punct,6566,haben
6568,«,--,PUNCT,punct,6565,geschossen
6569,Ich,ich,PRON,sb,6570,machte
6570,machte,machen,VERB,ROOT,6570,machte
6571,mir,mir,PRON,da,6570,machte
6572,allerlei,allerlei,DET,nk,6573,Gedanken
6573,Gedanken,Gedanke,NOUN,oa,6570,machte
6574,und,und,CCONJ,cd,6570,machte
6575,legte,legen,VERB,cj,6574,und
6576,mich,mich,PRON,ROOT,6576,mich
6577,zu,zu,ADP,mnr,6576,mich
6578,Hause,Haus,NOUN,nk,6577,zu
6579,",",--,PUNCT,punct,6576,mich
6580,nachdem,nachdem,SCONJ,cp,6589,hatte
6581,ich,ich,PRON,sb,6589,hatte
6582,auf,auf,ADP,mo,6588,getrunken
6583,den,der,DET,nk,6584,Schreck
6584,Schreck,Schreck,PROPN,nk,6582,auf
6585,einen,ein,DET,nk,6587,Wein
6586,warmen,warm,ADJ,nk,6587,Wein
6587,Wein,Wein,NOUN,oa,6588,getrunken
6588,getrunken,trinken,VERB,oc,6589,hatte
6589,hatte,haben,AUX,mo,6576,mich
6590,",",--,PUNCT,punct,6576,mich
6591,zu,zu,ADP,ROOT,6591,zu
6592,Bett,Bett,NOUN,nk,6591,zu
6593,.,--,PUNCT,punct,6591,zu
6594,Als,als,SCONJ,cp,6600,vernahm
6595,ich,ich,PRON,sb,6600,vernahm
6596,gegen,gegen,ADP,mo,6600,vernahm
6597,Morgen,Morgen,NOUN,nk,6596,gegen
6598,ein,ein,DET,nk,6599,Geräusch
6599,Geräusch,Geräusch,NOUN,oa,6600,vernahm
6600,vernahm,vernehmen,VERB,mo,6602,erwachte
6601,",",--,PUNCT,punct,6602,erwachte
6602,erwachte,erwachen,VERB,ROOT,6602,erwachte
6603,ich,ich,PRON,sb,6602,erwachte
6604,aus,aus,ADP,mo,6602,erwachte
6605,dem,der,DET,nk,6606,unruhigen
6606,unruhigen,unruhig,ADJ,nk,6604,aus
6607,Schlaf,Schlaf,NOUN,sb,6616,lag
6608,",",--,PUNCT,punct,6607,Schlaf
6609,und,und,CCONJ,cd,6607,Schlaf
6610,sieh,sieh,VERB,cj,6609,und
6611,da,da,ADV,mo,6610,sieh
6612,:,--,PUNCT,punct,6610,sieh
6613,mein,mein,DET,nk,6615,Mores
6614,vermaledeiter,vermaledeit,ADJ,nk,6615,Mores
6615,Mores,Mor,NOUN,sb,6616,lag
6616,lag,liegen,VERB,ROOT,6616,lag
6617,–,--,PUNCT,punct,6616,lag
6618,mit,mit,ADP,mo,6616,lag
6619,versengtem,versengt,ADJ,nk,6620,Pelz
6620,Pelz,Pelz,NOUN,nk,6618,mit
6621,–,--,PUNCT,punct,6616,lag
6622,wie,wie,ADP,ROOT,6622,wie
6623,gewöhnlich,gewöhnlich,ADV,ROOT,6623,gewöhnlich
6624,neben,neben,ADP,mo,6623,gewöhnlich
6625,mir,mir,PRON,nk,6624,neben
6626,auf,auf,ADP,mo,6623,gewöhnlich
6627,dem,der,DET,nk,6628,Lederstuhl
6628,Lederstuhl,Lederstuhl,NOUN,nk,6626,auf
6629,.,--,PUNCT,punct,6623,gewöhnlich
6630,Es,es,PRON,sb,6631,lief
6631,lief,laufen,VERB,ROOT,6631,lief
6632,mir,mir,PRON,da,6631,lief
6633,ein,ein,DET,nk,6635,Zorn
6634,grimmiger,grimmig,ADJ,nk,6635,Zorn
6635,Zorn,Zorn,NOUN,sb,6631,lief
6636,durch,durch,ADP,svp,6631,lief
6637,alle,aller,DET,nk,6638,Glieder
6638,Glieder,Glied,NOUN,ROOT,6638,Glieder
6639,;,--,PUNCT,punct,6638,Glieder
6640,»,--,PUNCT,punct,6641,Passaveanelkiteremtete
6641,Passaveanelkiteremtete,Passaveanelkiteremtete,NOUN,pd,6644,schrie
6642,!,--,PUNCT,punct,6644,schrie
6643,«,--,PUNCT,punct,6644,schrie
6644,schrie,schreien,VERB,ROOT,6644,schrie
6645,ich,ich,PRON,sb,6644,schrie
6646,",",--,PUNCT,punct,6644,schrie
6647,»,--,PUNCT,punct,6648,vermaledelte
6648,vermaledelte,vermaledelen,VERB,oc,6644,schrie
6649,Zauberkanaille,Zauberkanaille,NOUN,mo,6651,bist
6650,!,--,PUNCT,punct,6649,Zauberkanaille
6651,bist,sein,AUX,ROOT,6651,bist
6652,du,du,PRON,sb,6651,bist
6653,wieder,wieder,ADV,mo,6651,bist
6654,da,da,ADV,mo,6651,bist
6655,?,--,PUNCT,punct,6651,bist
6656,«,--,PUNCT,punct,6651,bist
6657,und,und,CCONJ,cd,6651,bist
6658,griff,greifen,VERB,cj,6657,und
6659,nach,nach,ADP,mo,6658,griff
6660,einer,ein,DET,nk,6662,Mistgabel
6661,neuen,neu,ADJ,nk,6662,Mistgabel
6662,Mistgabel,Mistgabel,NOUN,nk,6659,nach
6663,",",--,PUNCT,punct,6662,Mistgabel
6664,die,der,PRON,oa,6658,griff
6665,neben,neben,ADP,mo,6668,stand
6666,meinem,mein,DET,nk,6667,Bette
6667,Bette,Bette,NOUN,nk,6665,neben
6668,stand,stehen,VERB,ROOT,6668,stand
6669,;,--,PUNCT,punct,6668,stand
6670,aber,aber,CCONJ,ju,6673,stürzte
6671,die,der,DET,nk,6672,Bestie
6672,Bestie,Bestie,NOUN,sb,6673,stürzte
6673,stürzte,stürzen,VERB,ROOT,6673,stürzte
6674,mir,mir,PRON,da,6673,stürzte
6675,an,an,ADP,mo,6673,stürzte
6676,die,der,DET,nk,6677,Kehle
6677,Kehle,Kehle,NOUN,nk,6675,an
6678,und,und,CCONJ,cd,6673,stürzte
6679,würgte,würgen,VERB,cj,6678,und
6680,mich,mich,PRON,ROOT,6680,mich
6681,;,--,PUNCT,punct,6680,mich
6682,ich,ich,PRON,sb,6683,schrie
6683,schrie,schreien,VERB,ROOT,6683,schrie
6684,Zetermordio,Zetermordio,PROPN,oa,6683,schrie
6685,.,--,PUNCT,punct,6683,schrie
6686,Meine,mein,DET,nk,6687,Knechte
6687,Knechte,Knecht,NOUN,sb,6688,eilten
6688,eilten,eilen,VERB,ROOT,6688,eilten
6689,herbei,herbei,ADV,mo,6688,eilten
6690,mit,mit,ADP,mo,6688,eilten
6691,gezogenen,gezogen,ADJ,nk,6692,Säbeln
6692,Säbeln,Säbel,NOUN,nk,6690,mit
6693,und,und,CCONJ,ROOT,6693,und
6694,fegten,fegen,VERB,cj,6693,und
6695,nicht,nicht,PART,ng,6696,schlecht
6696,schlecht,schlecht,ADV,mo,6694,fegten
6697,über,über,ADP,op,6694,fegten
6698,meinen,mein,DET,nk,6699,Mores
6699,Mores,Mor,NOUN,nk,6697,über
6700,her,her,ADV,svp,6694,fegten
6701,",",--,PUNCT,punct,6694,fegten
6702,der,der,PRON,ROOT,6702,der
6703,an,an,ADP,mnr,6702,der
6704,allen,aller,DET,nk,6705,Wänden
6705,Wänden,Wand,NOUN,nk,6703,an
6706,hinauf,hinauf,ADV,ac,6703,an
6707,fuhr,fahren,VERB,ROOT,6707,fuhr
6708,",",--,PUNCT,punct,6707,fuhr
6709,endlich,endlich,ADV,mo,6712,zerstieß
6710,das,der,DET,nk,6711,Fenster
6711,Fenster,Fenster,NOUN,sb,6712,zerstieß
6712,zerstieß,zerstassen,VERB,oc,6707,fuhr
6713,und,und,CCONJ,cd,6712,zerstieß
6714,dem,der,DET,nk,6715,Walde
6715,Walde,Walde,NOUN,da,6716,zustürzte
6716,zustürzte,zustürzen,VERB,cj,6713,und
6717,",",--,PUNCT,punct,6716,zustürzte
6718,wo,wo,SCONJ,mo,6716,zustürzte
6719,es,es,PRON,dep,6716,zustürzte
6720,vergebens,vergebens,ADV,mo,6716,zustürzte
6721,war,sein,AUX,ROOT,6721,war
6722,",",--,PUNCT,punct,6721,war
6723,das,der,DET,nk,6724,Untier
6724,Untier,Untier,NOUN,oa,6726,verfolgen
6725,zu,zu,PART,pm,6726,verfolgen
6726,verfolgen,verfolgen,VERB,sb,6721,war
6727,;,--,PUNCT,punct,6721,war
6728,doch,doch,CCONJ,ju,6729,waren
6729,waren,sein,AUX,ROOT,6729,waren
6730,wir,wir,PRON,sb,6729,waren
6731,gewiß,gewiß,ADV,mo,6729,waren
6732,",",--,PUNCT,punct,6729,waren
6733,daß,daß,SCONJ,cp,6734,Herr
6734,Herr,Herr,NOUN,pd,6729,waren
6735,Mores,More,PROPN,ag,6734,Herr
6736,seinen,sein,DET,nk,6737,Teil
6737,Teil,Teil,NOUN,oa,6734,Herr
6738,Säbelhiebe,Säbelhiebe,NOUN,sb,6739,weghabe
6739,weghabe,Weghabe,VERB,ROOT,6739,weghabe
6740,",",--,PUNCT,punct,6739,weghabe
6741,um,um,SCONJ,cp,6748,blasen
6742,nie,nie,ADV,mo,6748,blasen
6743,wieder,wieder,ADV,mo,6748,blasen
6744,auf,auf,ADP,mo,6748,blasen
6745,dem,der,DET,nk,6746,Dudelsack
6746,Dudelsack,Dudelsack,NOUN,nk,6744,auf
6747,zu,zu,PART,pm,6748,blasen
6748,blasen,blasen,VERB,mo,6739,weghabe
6749,.,--,PUNCT,punct,6739,weghabe
6750,Ich,ich,PRON,sb,6751,war
6751,war,sein,AUX,ROOT,6751,war
6752,schändlich,schändlich,ADV,mo,6753,zerkratzt
6753,zerkratzt,zerkratzen,VERB,ROOT,6753,zerkratzt
6754,",",--,PUNCT,punct,6753,zerkratzt
6755,und,und,CCONJ,cd,6753,zerkratzt
6756,der,der,DET,nk,6757,Hals
6757,Hals,Hals,NOUN,sb,6761,schwoll
6758,und,und,CCONJ,cd,6757,Hals
6759,das,der,DET,nk,6760,Gesicht
6760,Gesicht,Gesicht,NOUN,cj,6758,und
6761,schwoll,schwellen,VERB,cj,6755,und
6762,mir,mir,PRON,da,6761,schwoll
6763,gräßlich,gräßlich,ADV,mo,6761,schwoll
6764,an,an,ADP,svp,6761,schwoll
6765,.,--,PUNCT,punct,6753,zerkratzt
6766,Ich,ich,PRON,ROOT,6766,Ich
6767,ließ,lassen,VERB,ROOT,6767,ließ
6768,nach,nach,ADP,mo,6772,rufen
6769,einer,ein,DET,nk,6771,Viehmagd
6770,slavonischen,slavonisch,ADJ,nk,6771,Viehmagd
6771,Viehmagd,Viehmagd,NOUN,nk,6768,nach
6772,rufen,rufen,VERB,oc,6767,ließ
6773,",",--,PUNCT,punct,6772,rufen
6774,die,der,PRON,sb,6777,diente
6775,bei,bei,ADP,mo,6777,diente
6776,mir,mir,PRON,nk,6775,bei
6777,diente,dienen,VERB,rc,6771,Viehmagd
6778,",",--,PUNCT,punct,6777,diente
6779,um,um,SCONJ,punct,6767,ließ
6780,mir,mir,PRON,nk,6779,um
6781,einen,ein,PRON,oa,6767,ließ
6782,Umschlag,Umschlag,NOUN,oa,6785,kochen
6783,von,von,ADP,pg,6782,Umschlag
6784,ihr,ihr,PRON,nk,6783,von
6785,kochen,kochen,VERB,oc,6787,lassen
6786,zu,zu,PART,pm,6787,lassen
6787,lassen,lassen,VERB,ROOT,6787,lassen
6788,",",--,PUNCT,punct,6787,lassen
6789,aber,aber,CCONJ,cd,6787,lassen
6790,sie,sie,PRON,sb,6791,war
6791,war,sein,AUX,cj,6789,aber
6792,nirgends,nirgends,ADV,mo,6794,finden
6793,zu,zu,PART,pm,6794,finden
6794,finden,finden,VERB,oc,6791,war
6795,",",--,PUNCT,punct,6791,war
6796,und,und,CCONJ,cd,6791,war
6797,ich,ich,PRON,cj,6796,und
6798,mußte,müssen,AUX,ROOT,6798,mußte
6799,nach,nach,ADP,mo,6802,fahren
6800,dem,der,DET,nk,6801,Kirchdorf
6801,Kirchdorf,Kirchdorf,NOUN,nk,6799,nach
6802,fahren,fahren,VERB,oc,6798,mußte
6803,",",--,PUNCT,punct,6802,fahren
6804,wo,wo,SCONJ,mo,6807,wohnte
6805,ein,ein,DET,nk,6806,Feldscher
6806,Feldscher,Feldscher,NOUN,sb,6807,wohnte
6807,wohnte,wohnen,VERB,rc,6801,Kirchdorf
6808,.,--,PUNCT,punct,6798,mußte
6809,Als,als,SCONJ,ROOT,6809,Als
6810,wir,wir,PRON,sb,6809,Als
6811,an,an,ADP,mnr,6810,wir
6812,die,der,DET,nk,6813,Eiche
6813,Eiche,Eiche,NOUN,nk,6811,an
6814,kamen,kommen,VERB,mo,6823,sahen
6815,",",--,PUNCT,punct,6814,kamen
6816,wo,wo,SCONJ,mo,6820,gewesen
6817,das,der,DET,nk,6819,Konzert
6818,nächtliche,nächtlich,ADJ,nk,6819,Konzert
6819,Konzert,Konzert,NOUN,sb,6821,war
6820,gewesen,sein,AUX,oc,6821,war
6821,war,sein,AUX,rc,6814,kamen
6822,",",--,PUNCT,punct,6823,sahen
6823,sahen,sehen,VERB,ROOT,6823,sahen
6824,wir,wir,PRON,sb,6823,sahen
6825,einen,ein,DET,nk,6826,Menschen
6826,Menschen,Mensch,NOUN,oa,6823,sahen
6827,darauf,darauf,ADV,op,6823,sahen
6828,sitzen,sitzen,VERB,ROOT,6828,sitzen
6829,",",--,PUNCT,punct,6828,sitzen
6830,der,der,PRON,sb,6835,anflehte
6831,uns,uns,PRON,oa,6835,anflehte
6832,erbärmlich,erbärmlich,ADV,mo,6835,anflehte
6833,um,um,ADP,mo,6835,anflehte
6834,Hülfe,Hülfe,NOUN,nk,6833,um
6835,anflehte,anflehten,VERB,rc,6828,sitzen
6836,.,--,PUNCT,punct,6828,sitzen
6837,Ich,ich,PRON,sb,6838,erkannte
6838,erkannte,erkennen,VERB,ROOT,6838,erkannte
6839,bald,bald,ADV,mo,6838,erkannte
6840,Mladka,Mladka,PROPN,oa,6838,erkannte
6841,",",--,PUNCT,punct,6840,Mladka
6842,die,der,PRON,cj,6840,Mladka
6843,slavonische,slavonisch,ADJ,nk,6844,Magd
6844,Magd,Magd,NOUN,ROOT,6844,Magd
6845,;,--,PUNCT,punct,6844,Magd
6846,sie,sie,PRON,sb,6847,hing
6847,hing,Hing,VERB,ROOT,6847,hing
6848,halb,halb,ADV,mo,6849,erfroren
6849,erfroren,erfrieren,VERB,mo,6847,hing
6850,mit,mit,ADP,mo,6849,erfroren
6851,den,der,DET,nk,6852,Röcken
6852,Röcken,Röcke,NOUN,nk,6850,mit
6853,in,in,ADP,mnr,6852,Röcken
6854,den,der,DET,nk,6855,Baumästen
6855,Baumästen,Baumäst,NOUN,nk,6853,in
6856,verwickelt,verwickeln,VERB,ROOT,6856,verwickelt
6857,",",--,PUNCT,punct,6856,verwickelt
6858,und,und,CCONJ,cd,6856,verwickelt
6859,das,der,DET,nk,6860,Blut
6860,Blut,Blut,NOUN,cj,6858,und
6861,rann,rann,PROPN,ag,6860,Blut
6862,von,von,ADP,pg,6861,rann
6863,ihr,ihr,PRON,nk,6862,von
6864,nieder,nieder,ADV,mo,6860,Blut
6865,in,in,ADP,mo,6856,verwickelt
6866,den,der,DET,nk,6867,Schnee
6867,Schnee,Schnee,NOUN,nk,6865,in
6868,;,--,PUNCT,punct,6856,verwickelt
6869,auch,auch,ADV,mo,6870,sahen
6870,sahen,sehen,VERB,ROOT,6870,sahen
6871,wir,wir,PRON,sb,6870,sahen
6872,blutige,blutig,ADJ,nk,6873,Spuren
6873,Spuren,Spur,NOUN,ROOT,6873,Spuren
6874,von,von,ADP,mnr,6873,Spuren
6875,da,da,ADV,nk,6874,von
6876,her,her,ADV,mnr,6873,Spuren
6877,",",--,PUNCT,punct,6873,Spuren
6878,wo,wo,SCONJ,mo,6885,geworfen
6879,mich,mich,PRON,oa,6885,geworfen
6880,die,der,DET,nk,6881,Katzen
6881,Katzen,Katze,NOUN,sb,6885,geworfen
6882,über,über,ADP,mo,6885,geworfen
6883,den,der,DET,nk,6884,Haufen
6884,Haufen,Haufen,NOUN,nk,6882,über
6885,geworfen,werfen,VERB,rc,6873,Spuren
6886,",",--,PUNCT,punct,6873,Spuren
6887,nach,nach,ADP,par,6873,Spuren
6888,dem,der,DET,nk,6889,Walde
6889,Walde,Walde,NOUN,ROOT,6889,Walde
6890,zu,zu,ADP,ROOT,6890,zu
6891,.,--,PUNCT,ROOT,6891,.
6892,Ich,ich,PRON,sb,6893,wußte
6893,wußte,wissen,VERB,ROOT,6893,wußte
6894,nun,nun,ADV,mo,6893,wußte
6895,",",--,PUNCT,punct,6893,wußte
6896,wie,wie,SCONJ,mo,6901,beschaffen
6897,es,es,PRON,sb,6902,war
6898,mit,mit,ADP,mo,6901,beschaffen
6899,der,der,DET,nk,6900,Slavonierin
6900,Slavonierin,Slavonierin,NOUN,nk,6898,mit
6901,beschaffen,beschaffen,VERB,oc,6902,war
6902,war,sein,AUX,oc,6893,wußte
6903,",",--,PUNCT,punct,6904,ließ
6904,ließ,lassen,VERB,oc,6893,wußte
6905,sie,sie,PRON,sb,6906,schwebend
6906,schwebend,schwebend,ADV,ROOT,6906,schwebend
6907,",",--,PUNCT,punct,6906,schwebend
6908,daß,daß,SCONJ,cp,6913,berührte
6909,sie,sie,PRON,sb,6913,berührte
6910,die,der,DET,nk,6911,Erde
6911,Erde,Erde,NOUN,oa,6913,berührte
6912,nicht,nicht,PART,ng,6913,berührte
6913,berührte,berühren,VERB,oc,6906,schwebend
6914,",",--,PUNCT,punct,6913,berührte
6915,auf,auf,ADP,mo,6918,tragen
6916,den,der,DET,nk,6917,Wurstwagen
6917,Wurstwagen,Wurstwag,NOUN,nk,6915,auf
6918,tragen,tragen,VERB,cj,6913,berührte
6919,und,und,CCONJ,cd,6918,tragen
6920,festbinden,festbinden,VERB,ROOT,6920,festbinden
6921,und,und,CCONJ,cd,6920,festbinden
6922,fuhr,fahren,VERB,cj,6921,und
6923,eilend,eilend,ADV,mo,6922,fuhr
6924,mit,mit,ADP,mo,6922,fuhr
6925,der,der,DET,nk,6926,Hexe
6926,Hexe,Hexe,PROPN,nk,6924,mit
6927,nach,nach,ADP,mo,6922,fuhr
6928,dem,der,DET,nk,6929,Dorfe
6929,Dorfe,Dorfen,NOUN,nk,6927,nach
6930,.,--,PUNCT,punct,6920,festbinden
6931,Als,als,SCONJ,cp,6932,ich
6932,ich,ich,PRON,ROOT,6932,ich
6933,bei,bei,ADP,mnr,6932,ich
6934,dem,der,DET,nk,6935,Chirurg
6935,Chirurg,Chirurg,NOUN,nk,6933,bei
6936,ankam,ankommen,VERB,mo,6947,gerufen
6937,",",--,PUNCT,punct,6938,wurde
6938,wurde,werden,AUX,ROOT,6938,wurde
6939,gleich,gleich,ADV,mo,6947,gerufen
6940,der,der,DET,nk,6941,Vizegespan
6941,Vizegespan,Vizegespan,PROPN,sb,6938,wurde
6942,und,und,CCONJ,cd,6941,Vizegespan
6943,der,der,DET,nk,6944,Pfarrer
6944,Pfarrer,Pfarrer,NOUN,cj,6942,und
6945,des,der,DET,nk,6946,Orts
6946,Orts,Ort,NOUN,ag,6944,Pfarrer
6947,gerufen,rufen,VERB,oc,6938,wurde
6948,",",--,PUNCT,punct,6938,wurde
6949,alles,alle,PRON,sb,6938,wurde
6950,zu,zu,ADP,punct,6938,wurde
6951,Protokoll,Protokoll,NOUN,oa,6952,genommen
6952,genommen,nehmen,VERB,ROOT,6952,genommen
6953,",",--,PUNCT,punct,6952,genommen
6954,und,und,CCONJ,cd,6952,genommen
6955,die,der,DET,nk,6956,Magd
6956,Magd,Magd,NOUN,sb,6958,ward
6957,Mladka,Mladka,NOUN,nk,6956,Magd
6958,ward,werden,VERB,cj,6954,und
6959,ins,in,ADP,mo,6961,geworfen
6960,Gefängnis,Gefängnis,NOUN,nk,6959,ins
6961,geworfen,werfen,VERB,oc,6958,ward
6962,;,--,PUNCT,punct,6952,genommen
6963,sie,sie,PRON,sb,6964,ist
6964,ist,sein,AUX,ROOT,6964,ist
6965,zu,zu,PART,mo,6964,ist
6966,ihrem,ihr,DET,nk,6967,Glück
6967,Glück,Glück,NOUN,da,6978,gestorben
6968,an,an,ADP,mnr,6967,Glück
6969,dem,der,DET,nk,6970,Schuß
6970,Schuß,Schuß,NOUN,nk,6968,an
6971,",",--,PUNCT,punct,6970,Schuß
6972,den,der,PRON,oa,6976,hatte
6973,sie,sie,PRON,sb,6976,hatte
6974,im,in,ADP,mo,6976,hatte
6975,Leibe,Leib,NOUN,nk,6974,im
6976,hatte,haben,VERB,rc,6970,Schuß
6977,",",--,PUNCT,punct,6978,gestorben
6978,gestorben,sterben,VERB,ROOT,6978,gestorben
6979,",",--,PUNCT,punct,6978,gestorben
6980,sonst,sonst,ADV,mo,6981,wäre
6981,wäre,sein,AUX,cj,6978,gestorben
6982,sie,sie,PRON,sb,6981,wäre
6983,gewiß,gewiß,ADV,mo,6987,gekommen
6984,auf,auf,ADP,mo,6987,gekommen
6985,den,der,DET,nk,6986,Scheiterhaufen
6986,Scheiterhaufen,Scheiterhauf,NOUN,nk,6984,auf
6987,gekommen,kommen,VERB,ROOT,6987,gekommen
6988,.,--,PUNCT,punct,6987,gekommen
6989,Sie,sie,PRON,sb,6990,war
6990,war,sein,AUX,ROOT,6990,war
6991,ein,ein,DET,nk,6993,Weibsbild
6992,wunderschönes,wunderschön,ADJ,nk,6993,Weibsbild
6993,Weibsbild,Weibsbild,NOUN,pd,6990,war
6994,",",--,PUNCT,punct,6990,war
6995,und,und,CCONJ,cd,6990,war
6996,ihr,ihr,DET,nk,6997,Skelett
6997,Skelett,Skelett,NOUN,sb,6998,ist
6998,ist,sein,AUX,ROOT,6998,ist
6999,nach,nach,ADP,mo,7006,schönen
7000,Pest,Pest,NOUN,nk,6999,nach
7001,ins,in,ADP,mo,7006,schönen
7002,Naturalienkabinett,Naturalienkabinett,NOUN,nk,7001,ins
7003,als,als,ADP,mo,7006,schönen
7004,ein,ein,DET,nk,7005,Muster
7005,Muster,Muster,NOUN,nk,7003,als
7006,schönen,schönen,VERB,oc,6998,ist
7007,Wachstums,Wachstum,NOUN,ROOT,7007,Wachstums
7008,gekommen,kommen,VERB,oc,7007,Wachstums
7009,;,--,PUNCT,punct,7007,Wachstums
7010,sie,sie,PRON,sb,7011,hat
7011,hat,haben,AUX,ROOT,7011,hat
7012,sich,sich,PRON,oa,7015,bekehrt
7013,auch,auch,ADV,mo,7015,bekehrt
7014,herzlich,herzlich,ADV,mo,7015,bekehrt
7015,bekehrt,bekehren,VERB,oc,7011,hat
7016,und,und,CCONJ,cd,7011,hat
7017,ist,sein,AUX,cj,7016,und
7018,unter,unter,ADP,mo,7017,ist
7019,vielen,viele,DET,nk,7018,unter
7020,Tränen,Träne,NOUN,ROOT,7020,Tränen
7021,gestorben,sterben,VERB,oc,7020,Tränen
7022,.,--,PUNCT,punct,7020,Tränen
7023,Auf,auf,ADP,mo,7026,sollten
7024,ihre,ihr,DET,nk,7025,Aussagen
7025,Aussagen,Aussage,NOUN,nk,7023,Auf
7026,sollten,sollen,AUX,ROOT,7026,sollten
7027,verschiedene,verschieden,ADJ,nk,7029,Weibspersonen
7028,andere,anderer,ADJ,nk,7029,Weibspersonen
7029,Weibspersonen,Weibsperson,NOUN,sb,7026,sollten
7030,in,in,ADP,mo,7033,gefangengenommen
7031,der,der,DET,nk,7032,Gegend
7032,Gegend,Gegend,NOUN,nk,7030,in
7033,gefangengenommen,gefangennehmen,VERB,oc,7034,werden
7034,werden,werden,AUX,ROOT,7034,werden
7035,",",--,PUNCT,punct,7034,werden
7036,aber,aber,CCONJ,cd,7034,werden
7037,man,man,PRON,sb,7038,fand
7038,fand,finden,VERB,cj,7036,aber
7039,zwei,zwei,NUM,nk,7040,tot
7040,tot,tot,ADV,mo,7038,fand
7041,in,in,ADP,mo,7038,fand
7042,ihren,ihr,DET,nk,7043,Betten
7043,Betten,Bett,NOUN,nk,7041,in
7044,",",--,PUNCT,punct,7034,werden
7045,die,der,DET,nk,7046,anderen
7046,anderen,anderer,PRON,sb,7047,waren
7047,waren,sein,AUX,ROOT,7047,waren
7048,entflohen,entfliehen,VERB,oc,7047,waren
7049,.,--,PUNCT,punct,7047,waren
7050,Als,als,SCONJ,cp,7053,war
7051,ich,ich,PRON,sb,7053,war
7052,wiederhergestellt,wiederherstellen,VERB,pd,7053,war
7053,war,sein,AUX,mo,7055,mußte
7054,",",--,PUNCT,punct,7055,mußte
7055,mußte,müssen,AUX,ROOT,7055,mußte
7056,ich,ich,PRON,sb,7055,mußte
7057,mit,mit,ADP,mo,7055,mußte
7058,einer,ein,DET,nk,7059,Kreiskommission
7059,Kreiskommission,Kreiskommission,NOUN,nk,7057,mit
7060,über,über,ADP,mnr,7059,Kreiskommission
7061,die,der,DET,nk,7060,über
7062,türkische,türkisch,ADJ,nk,7063,Grenze
7063,Grenze,Grenze,NOUN,oa,7064,reisen
7064,reisen,reisen,VERB,ROOT,7064,reisen
7065,;,--,PUNCT,punct,7064,reisen
7066,wir,wir,PRON,sb,7067,meldeten
7067,meldeten,melden,VERB,ROOT,7067,meldeten
7068,uns,sich,PRON,oa,7067,meldeten
7069,bei,bei,ADP,mo,7067,meldeten
7070,der,der,DET,nk,7071,Obrigkeit
7071,Obrigkeit,Obrigkeit,NOUN,nk,7069,bei
7072,mit,mit,ADP,mnr,7071,Obrigkeit
7073,unserer,unser,DET,nk,7074,Anzeige
7074,Anzeige,Anzeige,NOUN,nk,7072,mit
7075,gegen,gegen,ADP,ROOT,7075,gegen
7076,den,der,DET,nk,7077,Wildhändler
7077,Wildhändler,Wildhändler,NOUN,nk,7075,gegen
7078,",",--,PUNCT,punct,7075,gegen
7079,aber,aber,CCONJ,cd,7075,gegen
7080,da,da,ADV,mo,7081,kamen
7081,kamen,kommen,VERB,cj,7079,aber
7082,wir,wir,PRON,sb,7081,kamen
7083,schier,schier,ADV,mo,7081,kamen
7084,in,in,ADP,mo,7081,kamen
7085,eine,ein,DET,nk,7088,Suppe
7086,noch,noch,ADV,mo,7087,schlimmere
7087,schlimmere,schlimm,ADJ,nk,7088,Suppe
7088,Suppe,Suppe,NOUN,nk,7084,in
7089,;,--,PUNCT,punct,7075,gegen
7090,es,es,PRON,sb,7091,wurde
7091,wurde,werden,AUX,ROOT,7091,wurde
7092,uns,uns,PRON,da,7093,erklärt
7093,erklärt,erklären,VERB,oc,7091,wurde
7094,",",--,PUNCT,punct,7093,erklärt
7095,daß,daß,SCONJ,cp,7097,Wildhändler
7096,der,der,DET,nk,7097,Wildhändler
7097,Wildhändler,Wildhändler,NOUN,oc,7093,erklärt
7098,nebst,nebst,ADP,mnr,7097,Wildhändler
7099,seiner,sein,DET,nk,7100,Frau
7100,Frau,Frau,NOUN,nk,7098,nebst
7101,und,und,CCONJ,cd,7100,Frau
7102,mehreren,mehrere,PRON,cj,7101,und
7103,türkischen,türkisch,ADJ,nk,7108,Mägden
7104,",",--,PUNCT,punct,7103,türkischen
7105,serbischen,serbisch,ADJ,cj,7103,türkischen
7106,und,und,CCONJ,cd,7105,serbischen
7107,slavonischen,slavonisch,ADJ,cj,7106,und
7108,Mägden,Mägde,NOUN,ROOT,7108,Mägden
7109,und,und,CCONJ,cd,7108,Mägden
7110,Sklavinnen,Sklavin,NOUN,cj,7109,und
7111,von,von,ADP,pg,7108,Mägden
7112,Schrotschüssen,Schrotschüß,NOUN,sb,7115,verwundet
7113,und,und,CCONJ,cd,7112,Schrotschüssen
7114,Säbelhieben,Säbelhiebe,NOUN,cj,7113,und
7115,verwundet,verwunden,VERB,ROOT,7115,verwundet
7116,zu,zu,ADP,mo,7118,angekommen
7117,Hause,Haus,NOUN,nk,7116,zu
7118,angekommen,ankommen,VERB,oc,7115,verwundet
7119,",",--,PUNCT,punct,7115,verwundet
7120,und,und,CCONJ,cd,7115,verwundet
7121,daß,daß,SCONJ,cj,7120,und
7122,der,der,DET,nk,7121,daß
7123,Wildhändler,Wildhändler,NOUN,sb,7125,sei
7124,gestorben,sterben,VERB,oc,7125,sei
7125,sei,sein,AUX,ROOT,7125,sei
7126,mit,mit,ADP,mo,7125,sei
7127,der,der,DET,nk,7128,Angabe
7128,Angabe,Angabe,NOUN,nk,7126,mit
7129,:,--,PUNCT,punct,7125,sei
7130,er,er,PRON,sb,7131,sei
7131,sei,sein,AUX,sb,7125,sei
7132,",",--,PUNCT,punct,7131,sei
7133,von,von,ADP,op,7136,kommend
7134,einer,ein,DET,nk,7135,Hochzeit
7135,Hochzeit,Hochzeit,NOUN,nk,7133,von
7136,kommend,kommend,ADV,pd,7131,sei
7137,",",--,PUNCT,punct,7131,sei
7138,auf,auf,ADP,mo,7143,überfallen
7139,der,der,DET,nk,7140,Grenze
7140,Grenze,Grenze,NOUN,nk,7138,auf
7141,von,von,ADP,pg,7140,Grenze
7142,mir,mir,PRON,nk,7141,von
7143,überfallen,überfallen,VERB,oc,7147,worden
7144,und,und,CCONJ,cd,7143,überfallen
7145,so,so,ADV,mo,7146,zugerichtet
7146,zugerichtet,zugerichten,VERB,cj,7144,und
7147,worden,werden,AUX,ROOT,7147,worden
7148,.,--,PUNCT,punct,7147,worden
7149,Während,während,SCONJ,cp,7150,dies
7150,dies,dieser,PRON,ROOT,7150,dies
7151,angezeigt,anzeigen,VERB,oc,7152,wurde
7152,wurde,werden,AUX,mo,7154,versammelte
7153,",",--,PUNCT,punct,7154,versammelte
7154,versammelte,versammeln,VERB,ROOT,7154,versammelte
7155,sich,sich,PRON,oa,7154,versammelte
7156,eine,ein,DET,nk,7157,Menge
7157,Menge,Menge,NOUN,sb,7154,versammelte
7158,Volks,Volk,NOUN,ag,7157,Menge
7159,",",--,PUNCT,punct,7154,versammelte
7160,und,und,CCONJ,cd,7154,versammelte
7161,die,der,DET,nk,7162,Frau
7162,Frau,Frau,NOUN,cj,7160,und
7163,des,der,DET,punct,7154,versammelte
7164,Wildhändlers,Wildhändler,PROPN,ROOT,7164,Wildhändlers
7165,mit,mit,ADP,mnr,7164,Wildhändlers
7166,mehreren,mehrere,DET,nk,7167,Weibern
7167,Weibern,Weiber,NOUN,nk,7165,mit
7168,und,und,CCONJ,cd,7167,Weibern
7169,Mägden,Mägde,NOUN,cj,7168,und
7170,",",--,PUNCT,punct,7165,mit
7171,verbunden,verbinden,VERB,cj,7165,mit
7172,und,und,CCONJ,cd,7171,verbunden
7173,bepflastert,Bepflastert,ADV,cj,7172,und
7174,",",--,PUNCT,punct,7164,Wildhändlers
7175,erhoben,erheben,VERB,ROOT,7175,erhoben
7176,ein,ein,DET,nk,7178,Geschrei
7177,mörderliches,mörderlich,ADJ,nk,7178,Geschrei
7178,Geschrei,Geschrei,NOUN,oa,7175,erhoben
7179,gegen,gegen,ADP,mnr,7178,Geschrei
7180,uns,uns,PRON,nk,7179,gegen
7181,.,--,PUNCT,punct,7175,erhoben
7182,Der,der,DET,nk,7183,Richter
7183,Richter,Richter,NOUN,sb,7184,sagte
7184,sagte,sagen,VERB,ROOT,7184,sagte
7185,:,--,PUNCT,punct,7184,sagte
7186,er,er,PRON,sb,7187,könne
7187,könne,können,AUX,oc,7184,sagte
7188,uns,uns,PRON,oa,7187,könne
7189,nicht,nicht,PART,ng,7190,schützen
7190,schützen,schützen,VERB,ROOT,7190,schützen
7191,",",--,PUNCT,punct,7190,schützen
7192,wir,wir,PRON,sb,7193,möchten
7193,möchten,möchten,AUX,cj,7190,schützen
7194,sehen,sehen,VERB,oc,7193,möchten
7195,",",--,PUNCT,punct,7194,sehen
7196,daß,daß,SCONJ,cp,7198,fortkämen
7197,wir,wir,PRON,sb,7198,fortkämen
7198,fortkämen,fortkämen,VERB,oc,7194,sehen
7199,;,--,PUNCT,punct,7190,schützen
7200,da,da,ADV,mo,7201,eilten
7201,eilten,eilen,VERB,ROOT,7201,eilten
7202,wir,wir,PRON,sb,7201,eilten
7203,nach,nach,ADP,mo,7201,eilten
7204,dem,der,DET,nk,7203,nach
7205,Hof,Hof,PROPN,sb,7207,sprangen
7206,",",--,PUNCT,punct,7207,sprangen
7207,sprangen,springen,VERB,ROOT,7207,sprangen
7208,zu,zu,ADP,mo,7207,sprangen
7209,Pferde,Pferd,NOUN,nk,7208,zu
7210,",",--,PUNCT,punct,7207,sprangen
7211,nahmen,nehmen,VERB,cj,7207,sprangen
7212,den,der,DET,nk,7213,Kreiskommissär
7213,Kreiskommissär,Kreiskommissär,PROPN,oa,7211,nahmen
7214,in,in,ADP,mo,7211,nahmen
7215,die,der,DET,nk,7216,Mitte
7216,Mitte,Mitte,NOUN,nk,7214,in
7217,",",--,PUNCT,punct,7207,sprangen
7218,ich,ich,PRON,sb,7219,setzte
7219,setzte,setzen,VERB,oc,7207,sprangen
7220,mich,mich,PRON,ROOT,7220,mich
7221,an,an,ADP,mnr,7220,mich
7222,die,der,DET,nk,7223,Spitze
7223,Spitze,Spitze,NOUN,nk,7221,an
7224,der,der,DET,nk,7226,Szekler-Husaren
7225,sechs,sechs,NUM,nk,7226,Szekler-Husaren
7226,Szekler-Husaren,Szekler-Husar,NOUN,ag,7223,Spitze
7227,",",--,PUNCT,punct,7226,Szekler-Husaren
7228,die,der,PRON,sb,7231,hatten
7229,uns,uns,PRON,oa,7230,begleitet
7230,begleitet,begleiten,VERB,oc,7231,hatten
7231,hatten,haben,AUX,rc,7226,Szekler-Husaren
7232,",",--,PUNCT,punct,7221,an
7233,und,und,CCONJ,cd,7220,mich
7234,so,so,ADV,cj,7233,und
7235,sprengten,sprengen,VERB,ROOT,7235,sprengten
7236,wir,wir,PRON,sb,7235,sprengten
7237,",",--,PUNCT,punct,7236,wir
7238,Säbel,Säbel,NOUN,cj,7236,wir
7239,und,und,CCONJ,cd,7238,Säbel
7240,Pistole,Pistole,NOUN,cj,7239,und
7241,in,in,ADP,mo,7235,sprengten
7242,der,der,DET,nk,7243,Hand
7243,Hand,Hand,NOUN,nk,7241,in
7244,",",--,PUNCT,punct,7235,sprengten
7245,früh,früh,ADV,mo,7247,zum
7246,genug,genug,ADV,mo,7245,früh
7247,zum,zu,ADP,mo,7235,sprengten
7248,Orte,Ort,NOUN,nk,7247,zum
7249,hinaus,hinaus,ADP,ac,7247,zum
7250,",",--,PUNCT,punct,7235,sprengten
7251,um,um,SCONJ,op,7235,sprengten
7252,nicht,nicht,PART,ng,7255,erleiden
7253,mehr,mehr,ADV,mo,7252,nicht
7254,zu,zu,PART,pm,7255,erleiden
7255,erleiden,erleiden,VERB,ROOT,7255,erleiden
7256,als,als,ADP,cm,7258,Steinwürfe
7257,einige,einiger,DET,nk,7258,Steinwürfe
7258,Steinwürfe,Steinwürf,NOUN,cc,7253,mehr
7259,und,und,CCONJ,cd,7258,Steinwürfe
7260,blinde,blind,ADJ,nk,7261,Schüsse
7261,Schüsse,Schuß,NOUN,cj,7259,und
7262,",",--,PUNCT,punct,7258,Steinwürfe
7263,eine,ein,DET,nk,7264,Menge
7264,Menge,Menge,NOUN,app,7258,Steinwürfe
7265,türkischer,türkisch,ADV,nk,7266,Flüche
7266,Flüche,Flüche,NOUN,ROOT,7266,Flüche
7267,mit,mit,ADP,mo,7268,eingerechnet
7268,eingerechnet,eingerechnen,VERB,oc,7266,Flüche
7269,.,--,PUNCT,punct,7266,Flüche
7270,Die,der,DET,nk,7271,Türken
7271,Türken,Türke,NOUN,sb,7272,verfolgten
7272,verfolgten,verfolgen,VERB,ROOT,7272,verfolgten
7273,uns,uns,PRON,oa,7272,verfolgten
7274,bis,bis,ADP,ac,7275,über
7275,über,über,ADP,mo,7272,verfolgten
7276,die,der,DET,nk,7275,über
7277,Grenze,Grenze,NOUN,sb,7279,wurden
7278,",",--,PUNCT,punct,7279,wurden
7279,wurden,werden,AUX,re,7291,so
7280,aber,aber,ADV,mo,7279,wurden
7281,von,von,ADP,mo,7279,wurden
7282,den,der,DET,nk,7283,Szeklern
7283,Szeklern,Szekler,NOUN,nk,7281,von
7284,",",--,PUNCT,punct,7283,Szeklern
7285,die,der,PRON,sb,7289,setzten
7286,sich,sich,PRON,oa,7289,setzten
7287,im,in,ADP,mo,7289,setzten
7288,Walde,Walde,NOUN,nk,7287,im
7289,setzten,setzen,VERB,rc,7283,Szeklern
7290,",",--,PUNCT,punct,7291,so
7291,so,so,ADV,ROOT,7291,so
7292,zugerichtet,zugerichten,VERB,ROOT,7292,zugerichtet
7293,",",--,PUNCT,punct,7292,zugerichtet
7294,daß,daß,SCONJ,cp,7301,Wildhändler
7295,wenigstens,wenigstens,ADV,mo,7297,paar
7296,ein,ein,DET,nk,7297,paar
7297,paar,paar,NOUN,sb,7301,Wildhändler
7298,von,von,ADP,pg,7297,paar
7299,ihnen,ihnen,PRON,nk,7298,von
7300,dem,der,DET,nk,7301,Wildhändler
7301,Wildhändler,Wildhändler,NOUN,oc,7292,zugerichtet
7302,in,in,ADP,mnr,7301,Wildhändler
7303,Mahomeds,Mahomed,PROPN,nk,7302,in
7304,Paradies,Paradies,NOUN,sb,7309,werden
7305,Nachricht,Nachricht,NOUN,nk,7304,Paradies
7306,von,von,ADP,mnr,7304,Paradies
7307,dem,der,DET,nk,7308,Erfolg
7308,Erfolg,Erfolg,NOUN,nk,7306,von
7309,werden,werden,AUX,ROOT,7309,werden
7310,gegeben,geben,VERB,oc,7311,haben
7311,haben,haben,AUX,oc,7309,werden
7312,.,--,PUNCT,punct,7309,werden
7313,Als,als,SCONJ,cp,7317,kam
7314,ich,ich,PRON,sb,7317,kam
7315,nach,nach,ADP,mo,7317,kam
7316,Haus,Haus,NOUN,nk,7315,nach
7317,kam,kommen,VERB,ROOT,7317,kam
7318,",",--,PUNCT,punct,7317,kam
7319,war,sein,AUX,ROOT,7319,war
7320,das,der,DET,nk,7321,erste
7321,erste,erster,PRON,pd,7319,war
7322,",",--,PUNCT,punct,7321,erste
7323,daß,daß,SCONJ,cp,7327,visitierte
7324,ich,ich,PRON,sb,7327,visitierte
7325,meinen,mein,DET,nk,7326,Dudelsack
7326,Dudelsack,Dudelsack,NOUN,oa,7327,visitierte
7327,visitierte,visitiern,VERB,re,7319,war
7328,",",--,PUNCT,punct,7327,visitierte
7329,den,der,PRON,oa,7332,mit
7330,ich,ich,PRON,sb,7332,mit
7331,auch,auch,ADV,mo,7332,mit
7332,mit,mit,ADP,rc,7325,meinen
7333,drei,drei,NUM,nk,7332,mit
7334,Schroten,Schrot,NOUN,sb,7335,durchlöchert
7335,durchlöchert,durchlöcheren,VERB,mo,7339,liegen
7336,hinter,hinter,ADP,mo,7339,liegen
7337,meinem,mein,DET,nk,7338,Bette
7338,Bette,Bette,NOUN,nk,7336,hinter
7339,liegen,liegen,VERB,oc,7340,fand
7340,fand,finden,VERB,ROOT,7340,fand
7341,.,--,PUNCT,punct,7340,fand
7342,Mores,Mores,PROPN,sb,7343,hatte
7343,hatte,haben,AUX,ROOT,7343,hatte
7344,also,also,ADV,mo,7343,hatte
7345,auf,auf,ADP,svp,7343,hatte
7346,meinem,mein,DET,nk,7348,Dudelsack
7347,eigenen,eigen,ADJ,nk,7348,Dudelsack
7348,Dudelsack,Dudelsack,NOUN,da,7349,geblasen
7349,geblasen,blasen,VERB,ROOT,7349,geblasen
7350,und,und,CCONJ,cd,7349,geblasen
7351,war,sein,AUX,cj,7350,und
7352,von,von,ADP,sbp,7357,gedeckt
7353,ihm,ihm,PRON,nk,7352,von
7354,gegen,gegen,ADP,mo,7357,gedeckt
7355,meinen,mein,DET,nk,7356,Schuß
7356,Schuß,Schuß,NOUN,nk,7354,gegen
7357,gedeckt,decken,VERB,oc,7351,war
7358,worden,werden,AUX,ROOT,7358,worden
7359,.,--,PUNCT,punct,7358,worden
7360,Ich,ich,PRON,sb,7361,hatte
7361,hatte,haben,VERB,ROOT,7361,hatte
7362,mit,mit,ADP,mo,7361,hatte
7363,der,der,DET,nk,7365,Geschichte
7364,unseligen,unselig,ADJ,nk,7365,Geschichte
7365,Geschichte,Geschichte,NOUN,nk,7362,mit
7366,noch,noch,ADV,mo,7368,Schererei
7367,viele,vieler,DET,nk,7368,Schererei
7368,Schererei,Schererei,NOUN,oa,7361,hatte
7369,",",--,PUNCT,punct,7361,hatte
7370,ich,ich,PRON,sb,7371,wurde
7371,wurde,werden,AUX,cj,7361,hatte
7372,weitläufig,weitläufig,ADV,mo,7375,vernommen
7373,zu,zu,ADP,mo,7375,vernommen
7374,Protokoll,Protokoll,NOUN,nk,7373,zu
7375,vernommen,vernehmen,VERB,ROOT,7375,vernommen
7376,",",--,PUNCT,punct,7375,vernommen
7377,es,es,PRON,ph,7378,kam
7378,kam,kommen,VERB,oc,7375,vernommen
7379,eine,ein,DET,nk,7380,Kommission
7380,Kommission,Kommission,NOUN,sb,7378,kam
7381,nach,nach,ADP,mo,7378,kam
7382,der,der,DET,nk,7383,andern
7383,andern,anderer,PRON,nk,7381,nach
7384,auf,auf,ADP,svp,7378,kam
7385,meinen,mein,DET,ROOT,7385,meinen
7386,Hof,Hof,NOUN,oa,7385,meinen
7387,und,und,CCONJ,cd,7385,meinen
7388,ließ,lassen,VERB,cj,7387,und
7389,sich,sich,PRON,oa,7391,aufwarten
7390,tüchtig,tüchtig,ADV,mo,7391,aufwarten
7391,aufwarten,aufwarten,VERB,oc,7388,ließ
7392,;,--,PUNCT,punct,7385,meinen
7393,die,der,DET,nk,7394,Türken
7394,Türken,Türke,NOUN,sb,7395,klagten
7395,klagten,klagen,VERB,ROOT,7395,klagten
7396,wegen,wegen,ADP,mo,7395,klagten
7397,Grenzverletzung,Grenzverletzung,NOUN,ROOT,7397,Grenzverletzung
7398,",",--,PUNCT,punct,7397,Grenzverletzung
7399,und,und,CCONJ,cd,7397,Grenzverletzung
7400,ich,ich,PRON,sb,7401,mußte
7401,mußte,müssen,AUX,cj,7399,und
7402,es,es,PRON,oa,7401,mußte
7403,mir,mir,PRON,da,7401,mußte
7404,am,an,ADP,mo,7401,mußte
7405,Ende,Ende,NOUN,nk,7404,am
7406,noch,noch,ADV,mo,7401,mußte
7407,mehrere,mehrere,DET,nk,7408,Stücke
7408,Stücke,Stück,NOUN,oa,7401,mußte
7409,Wild,Wild,NOUN,mo,7401,mußte
7410,und,und,CCONJ,cd,7401,mußte
7411,ein,ein,DET,cj,7410,und
7412,ziemliches,ziemlich,ADJ,nk,7413,Geld
7413,Geld,Geld,NOUN,ROOT,7413,Geld
7414,kosten,kosten,VERB,oc,7415,lassen
7415,lassen,lassen,VERB,oc,7413,Geld
7416,",",--,PUNCT,punct,7415,lassen
7417,daß,daß,SCONJ,cp,7421,einschlief
7418,die,der,DET,nk,7419,Gerichtsplackerei
7419,Gerichtsplackerei,Gerichtsplackerei,NOUN,sb,7421,einschlief
7420,endlich,endlich,ADV,mo,7421,einschlief
7421,einschlief,einschlaufen,VERB,oc,7414,kosten
7422,",",--,PUNCT,punct,7415,lassen
7423,nachdem,nachdem,SCONJ,cp,7430,waren
7424,ich,ich,PRON,sb,7430,waren
7425,und,und,CCONJ,cd,7424,ich
7426,meine,mein,DET,nk,7427,Knechte
7427,Knechte,Knecht,NOUN,cj,7425,und
7428,vereidigt,vereidigen,VERB,oc,7429,worden
7429,worden,werden,AUX,oc,7430,waren
7430,waren,sein,AUX,ROOT,7430,waren
7431,.,--,PUNCT,punct,7430,waren
7432,Trotzdem,trotzdem,ADV,mo,7433,wurde
7433,wurde,werden,AUX,ROOT,7433,wurde
7434,ich,ich,PRON,sb,7433,wurde
7435,mehrmals,mehrmals,ADV,mo,7438,untersucht
7436,vom,von,ADP,mo,7438,untersucht
7437,Kreisphysikus,Kreisphysikus,NOUN,nk,7436,vom
7438,untersucht,untersuchen,VERB,ROOT,7438,untersucht
7439,",",--,PUNCT,punct,7438,untersucht
7440,ob,ob,SCONJ,cp,7446,sei
7441,ich,ich,PRON,sb,7446,sei
7442,auch,auch,ADV,mo,7446,sei
7443,völlig,völlig,ADV,mo,7446,sei
7444,bei,bei,ADP,mo,7446,sei
7445,Verstand,Verstand,NOUN,nk,7444,bei
7446,sei,sein,AUX,oc,7438,untersucht
7447,",",--,PUNCT,punct,7438,untersucht
7448,und,und,CCONJ,cd,7438,untersucht
7449,dieser,dieser,PRON,sb,7450,kam
7450,kam,kommen,VERB,ROOT,7450,kam
7451,nicht,nicht,PART,ng,7450,kam
7452,eher,eher,ADV,mo,7453,zur
7453,zur,zu,ADP,mo,7450,kam
7454,völligen,völlig,ADJ,nk,7455,Gewißheit
7455,Gewißheit,Gewißheit,NOUN,nk,7453,zur
7456,darüber,darüber,ADV,mnr,7455,Gewißheit
7457,",",--,PUNCT,punct,7456,darüber
7458,bis,bis,SCONJ,mo,7459,ich
7459,ich,ich,PRON,mo,7456,darüber
7460,ihm,ihm,PRON,da,7459,ich
7461,ein,ein,DET,nk,7462,Paar
7462,Paar,Paar,NOUN,oa,7450,kam
7463,doppelte,doppelt,ADJ,nk,7464,Pistolen
7464,Pistolen,Pistol,NOUN,ROOT,7464,Pistolen
7465,und,und,CCONJ,cd,7464,Pistolen
7466,seiner,sein,DET,nk,7467,Frau
7467,Frau,Frau,NOUN,cj,7465,und
7468,eine,ein,DET,nk,7469,Verbrämung
7469,Verbrämung,Verbrämung,NOUN,pd,7464,Pistolen
7470,von,von,ADP,pg,7469,Verbrämung
7471,schwarzem,schwarz,ADJ,nk,7472,Fuchspelz
7472,Fuchspelz,Fuchspelz,NOUN,nk,7470,von
7473,und,und,CCONJ,cd,7469,Verbrämung
7474,mehrere,mehrere,DET,nk,7476,Wildbraten
7475,tüchtige,tüchtig,ADJ,nk,7476,Wildbraten
7476,Wildbraten,Wildbrat,NOUN,sb,7478,hatte
7477,zugeschickt,zuschicken,VERB,oc,7478,hatte
7478,hatte,haben,AUX,ROOT,7478,hatte
7479,.,--,PUNCT,punct,7478,hatte
7480,So,so,ADV,mo,7481,wurde
7481,wurde,werden,AUX,ROOT,7481,wurde
7482,die,der,DET,nk,7483,Sache
7483,Sache,Sache,NOUN,sb,7481,wurde
7484,endlich,endlich,ADV,mo,7481,wurde
7485,stille,stillen,VERB,ROOT,7485,stille
7486,;,--,PUNCT,punct,7485,stille
7487,um,um,SCONJ,cp,7495,kommen
7488,aber,aber,ADV,mo,7495,kommen
7489,in,in,ADP,mo,7495,kommen
7490,etwas,etwas,PRON,nk,7489,in
7491,auf,auf,ADP,mo,7495,kommen
7492,meine,mein,DET,nk,7493,Kosten
7493,Kosten,Kosten,NOUN,nk,7491,auf
7494,zu,zu,PART,pm,7495,kommen
7495,kommen,kommen,VERB,mo,7497,legte
7496,",",--,PUNCT,punct,7497,legte
7497,legte,legen,VERB,ROOT,7497,legte
7498,ich,ich,PRON,sb,7497,legte
7499,eine,ein,DET,nk,7500,Schenke
7500,Schenke,Schenke,NOUN,oa,7497,legte
7501,unter,unter,ADP,ROOT,7501,unter
7502,der,der,DET,nk,7503,Eiche
7503,Eiche,Eiche,NOUN,nk,7501,unter
7504,auf,auf,ADP,mnr,7503,Eiche
7505,der,der,DET,nk,7506,Insel
7506,Insel,Insel,NOUN,nk,7504,auf
7507,in,in,ADP,mnr,7506,Insel
7508,dem,der,DET,nk,7509,Teiche
7509,Teiche,Teiche,NOUN,nk,7507,in
7510,an,an,ADP,svp,7501,unter
7511,",",--,PUNCT,punct,7501,unter
7512,wo,wo,SCONJ,mo,7515,Bauern
7513,seither,seither,ADV,mo,7515,Bauern
7514,die,der,DET,nk,7515,Bauern
7515,Bauern,Bauer,NOUN,dep,7501,unter
7516,und,und,CCONJ,cd,7515,Bauern
7517,Grenznachbarn,Grenznachbar,NOUN,ROOT,7517,Grenznachbarn
7518,aus,aus,ADP,mnr,7517,Grenznachbarn
7519,der,der,DET,nk,7520,Gegend
7520,Gegend,Gegend,NOUN,nk,7518,aus
7521,sich,sich,PRON,oa,7526,einstellen
7522,sonntags,sonntags,ADV,mnr,7521,sich
7523,im,in,ADP,mo,7526,einstellen
7524,Sommer,Sommer,NOUN,nk,7523,im
7525,viel,viel,ADV,mo,7526,einstellen
7526,einstellen,einstellen,VERB,oc,7517,Grenznachbarn
7527,und,und,CCONJ,cd,7526,einstellen
7528,den,der,DET,ROOT,7528,den
7529,ledernen,ledern,ADJ,nk,7530,Stuhl
7530,Stuhl,Stuhl,NOUN,ROOT,7530,Stuhl
7531,",",--,PUNCT,punct,7530,Stuhl
7532,worauf,worauf,SCONJ,mo,7533,Mores
7533,Mores,More,NOUN,cj,7530,Stuhl
7534,geschlafen,schlafen,VERB,oc,7530,Stuhl
7535,",",--,PUNCT,punct,7530,Stuhl
7536,und,und,CCONJ,cd,7530,Stuhl
7537,an,an,ADP,mo,7539,ich
7538,den,der,PRON,nk,7537,an
7539,ich,ich,PRON,cj,7536,und
7540,ein,ein,DET,nk,7541,Stück
7541,Stück,Stück,NOUN,pd,7530,Stuhl
7542,seines,sein,DET,ag,7541,Stück
7543,Schweifs,Schweifs,PROPN,sb,7555,habe
7544,",",--,PUNCT,punct,7543,Schweifs
7545,das,der,PRON,sb,7552,abgehauen
7546,ihm,ihm,PRON,da,7552,abgehauen
7547,die,der,DET,nk,7548,Knechte
7548,Knechte,Knecht,NOUN,oa,7552,abgehauen
7549,in,in,ADP,mo,7552,abgehauen
7550,der,der,DET,nk,7551,Nacht
7551,Nacht,Nacht,NOUN,nk,7549,in
7552,abgehauen,abgehauen,VERB,rc,7543,Schweifs
7553,",",--,PUNCT,punct,7554,genagelt
7554,genagelt,nageln,VERB,oc,7555,habe
7555,habe,haben,AUX,ROOT,7555,habe
7556,",",--,PUNCT,punct,7557,besehen
7557,besehen,besehen,VERB,oc,7555,habe
7558,;,--,PUNCT,punct,7555,habe
7559,den,der,DET,nk,7560,Dudelsack
7560,Dudelsack,Dudelsack,NOUN,oa,7564,lassen
7561,habe,haben,AUX,ROOT,7561,habe
7562,ich,ich,PRON,sb,7561,habe
7563,flicken,flicken,VERB,oc,7564,lassen
7564,lassen,lassen,VERB,oc,7561,habe
7565,",",--,PUNCT,punct,7561,habe
7566,und,und,CCONJ,cd,7561,habe
7567,mein,mein,DET,nk,7568,Knecht
7568,Knecht,Knecht,NOUN,cj,7566,und
7569,",",--,PUNCT,punct,7568,Knecht
7570,der,der,PRON,app,7568,Knecht
7571,den,der,DET,nk,7572,Wirt
7572,Wirt,Wirt,NOUN,oa,7573,dort
7573,dort,dort,ADV,mo,7561,habe
7574,macht,machen,VERB,sb,7576,pflegt
7575,",",--,PUNCT,punct,7576,pflegt
7576,pflegt,pflegen,VERB,ROOT,7576,pflegt
7577,oben,oben,ADV,mo,7576,pflegt
7578,in,in,ADP,mo,7576,pflegt
7579,der,der,DET,nk,7580,Eiche
7580,Eiche,Eiche,NOUN,nk,7578,in
7581,",",--,PUNCT,punct,7580,Eiche
7582,wo,wo,SCONJ,mo,7584,gesessen
7583,Mores,More,NOUN,sb,7584,gesessen
7584,gesessen,sitzen,VERB,rc,7580,Eiche
7585,",",--,PUNCT,punct,7576,pflegt
7586,darauf,darauf,ADV,mo,7588,Gästen
7587,den,der,DET,nk,7588,Gästen
7588,Gästen,Gast,NOUN,dep,7576,pflegt
7589,",",--,PUNCT,punct,7588,Gästen
7590,die,der,PRON,sb,7591,um
7591,um,um,ADP,rc,7588,Gästen
7592,den,der,DET,nk,7593,Baum
7593,Baum,Baum,NOUN,oa,7594,tanzen
7594,tanzen,tanzen,VERB,oc,7596,vorzuspielen
7595,",",--,PUNCT,punct,7596,vorzuspielen
7596,vorzuspielen,vorzuspielen,VERB,ROOT,7596,vorzuspielen
7597,.,--,PUNCT,punct,7596,vorzuspielen
7598,Ich,ich,PRON,sb,7599,habe
7599,habe,haben,AUX,ROOT,7599,habe
7600,schon,schon,ADV,mo,7605,eingenommen
7601,ein,ein,DET,nk,7603,Geld
7602,schönes,schön,ADJ,nk,7603,Geld
7603,Geld,Geld,NOUN,oa,7605,eingenommen
7604,da,da,ADV,mo,7605,eingenommen
7605,eingenommen,einnehmen,VERB,oc,7599,habe
7606,",",--,PUNCT,punct,7599,habe
7607,und,und,CCONJ,ju,7618,sollen
7608,wenn,wenn,SCONJ,cp,7615,wollen
7609,mich,mich,PRON,oa,7614,besuchen
7610,die,der,DET,nk,7611,Herrschaften
7611,Herrschaften,Herrschaft,NOUN,sb,7615,wollen
7612,einmal,einmal,ADV,mo,7615,wollen
7613,dort,dort,ADV,mo,7614,besuchen
7614,besuchen,besuchen,VERB,oc,7615,wollen
7615,wollen,wollen,AUX,re,7617,so
7616,",",--,PUNCT,punct,7617,so
7617,so,so,ADV,mo,7618,sollen
7618,sollen,sollen,AUX,ROOT,7618,sollen
7619,sie,sie,PRON,sb,7618,sollen
7620,gewiß,gewiß,ADV,mo,7618,sollen
7621,gut,gut,ADV,mo,7622,bedient
7622,bedient,bedienen,VERB,oc,7623,werden
7623,werden,werden,AUX,ROOT,7623,werden
7624,.,--,PUNCT,punct,7623,werden
7625,Diese,dieser,DET,nk,7626,Erzählung
7626,Erzählung,Erzählung,NOUN,ROOT,7626,Erzählung
7627,",",--,PUNCT,punct,7626,Erzählung
7628,welche,welcher,PRON,oa,7630,Kroat
7629,der,der,DET,nk,7630,Kroat
7630,Kroat,Kroat,NOUN,pd,7626,Erzählung
7631,mit,mit,ADP,mnr,7630,Kroat
7632,dem,der,DET,nk,7634,Ausdruck
7633,ganzen,ganz,ADJ,nk,7634,Ausdruck
7634,Ausdruck,Ausdruck,NOUN,nk,7631,mit
7635,der,der,DET,nk,7636,Wahrheit
7636,Wahrheit,Wahrheit,NOUN,ag,7634,Ausdruck
7637,vorgebracht,vorbringen,VERB,oc,7638,hatte
7638,hatte,haben,AUX,sb,7640,wirkte
7639,",",--,PUNCT,punct,7640,wirkte
7640,wirkte,wirken,VERB,ROOT,7640,wirkte
7641,auf,auf,ADP,mo,7640,wirkte
7642,die,der,DET,nk,7644,Weise
7643,verschiedenste,verschiedenst,ADJ,nk,7644,Weise
7644,Weise,Weise,NOUN,nk,7641,auf
7645,in,in,ADP,mnr,7644,Weise
7646,der,der,DET,nk,7647,Gesellschaft
7647,Gesellschaft,Gesellschaft,NOUN,nk,7645,in
7648,.,--,PUNCT,punct,7640,wirkte
7649,Der,der,DET,ROOT,7649,Der
7650,Vizegespan,Vizegespan,PROPN,sb,7657,hatten
7651,",",--,PUNCT,punct,7650,Vizegespan
7652,der,der,DET,nk,7653,Tiroler
7653,Tiroler,Tiroler,NOUN,cj,7650,Vizegespan
7654,und,und,CCONJ,cd,7653,Tiroler
7655,die,der,DET,nk,7656,Wirtin
7656,Wirtin,Wirtin,NOUN,cj,7654,und
7657,hatten,haben,AUX,ROOT,7657,hatten
7658,keinen,kein,DET,nk,7659,Zweifel
7659,Zweifel,Zweifel,NOUN,oa,7657,hatten
7660,und,und,CCONJ,cd,7659,Zweifel
7661,der,der,DET,nk,7662,Savoyarde
7662,Savoyarde,Savoyarde,NOUN,cj,7660,und
7663,zeigte,zeigen,VERB,ROOT,7663,zeigte
7664,seine,sein,DET,nk,7665,Freude
7665,Freude,Freude,NOUN,sb,7663,zeigte
7666,",",--,PUNCT,punct,7663,zeigte
7667,daß,daß,SCONJ,cp,7673,habe
7668,man,man,PRON,sb,7673,habe
7669,noch,noch,ADV,mo,7671,Beispiel
7670,kein,kein,DET,nk,7671,Beispiel
7671,Beispiel,Beispiel,NOUN,oa,7672,gehabt
7672,gehabt,haben,VERB,oc,7673,habe
7673,habe,haben,AUX,oc,7663,zeigte
7674,:,--,PUNCT,punct,7663,zeigte
7675,ein,ein,DET,nk,7676,Murmeltier
7676,Murmeltier,Murmeltier,NOUN,sb,7677,sei
7677,sei,sein,AUX,ROOT,7677,sei
7678,eine,ein,DET,nk,7679,Hexe
7679,Hexe,Hexe,NOUN,pd,7680,gewesen
7680,gewesen,sein,AUX,ROOT,7680,gewesen
7681,.,--,PUNCT,punct,7680,gewesen
7682,Lindpeindler,Lindpeindler,PROPN,sb,7683,äußerte
7683,äußerte,äußern,VERB,ROOT,7683,äußerte
7684,:,--,PUNCT,punct,7683,äußerte
7685,es,es,PRON,sb,7686,möge
7686,möge,mögen,AUX,oc,7683,äußerte
7687,an,an,ADP,mo,7691,sein
7688,der,der,DET,nk,7689,Geschichte
7689,Geschichte,Geschichte,NOUN,nk,7687,an
7690,wahr,wahr,ADV,pd,7691,sein
7691,sein,sein,AUX,oc,7686,möge
7692,",",--,PUNCT,punct,7686,möge
7693,was,was,PRON,sb,7695,wolle
7694,da,da,ADV,mo,7695,wolle
7695,wolle,wollen,VERB,re,7697,so
7696,",",--,PUNCT,punct,7697,so
7697,so,so,ADV,mo,7698,habe
7698,habe,haben,AUX,ROOT,7698,habe
7699,sie,sie,PRON,sb,7698,habe
7700,doch,doch,ADV,mo,7698,habe
7701,eine,ein,DET,nk,7704,Wahrheit
7702,höhere,hoch,ADJ,nk,7704,Wahrheit
7703,poetische,poetisch,ADJ,nk,7704,Wahrheit
7704,Wahrheit,Wahrheit,NOUN,oa,7698,habe
7705,;,--,PUNCT,punct,7698,habe
7706,sie,sie,PRON,sb,7707,sei
7707,sei,sein,AUX,ROOT,7707,sei
7708,in,in,ADP,mo,7707,sei
7709,jedem,jeder,PRON,nk,7708,in
7710,Falle,Fall,NOUN,mo,7713,insofern
7711,wahr,wahr,ADV,pd,7710,Falle
7712,",",--,PUNCT,punct,7713,insofern
7713,insofern,insofern,SCONJ,ROOT,7713,insofern
7714,sie,sie,PRON,sb,7713,insofern
7715,den,der,DET,nk,7716,Charakter
7716,Charakter,Charakter,NOUN,oa,7713,insofern
7717,der,der,DET,nk,7718,Einsamkeit
7718,Einsamkeit,Einsamkeit,NOUN,ag,7716,Charakter
7719,",",--,PUNCT,punct,7718,Einsamkeit
7720,Wildnis,Wildnis,NOUN,cj,7718,Einsamkeit
7721,und,und,CCONJ,cd,7720,Wildnis
7722,der,der,DET,cj,7721,und
7723,türkischen,türkisch,ADJ,nk,7724,Barbarei
7724,Barbarei,Barbarei,NOUN,oa,7725,ausdrücke
7725,ausdrücke,ausdrücken,VERB,ROOT,7725,ausdrücke
7726,;,--,PUNCT,punct,7725,ausdrücke
7727,sie,sie,PRON,sb,7728,sei
7728,sei,sein,AUX,ROOT,7728,sei
7729,durchaus,durchaus,ADV,mo,7728,sei
7730,für,für,ADP,mo,7728,sei
7731,den,der,DET,nk,7732,Ort
7732,Ort,Ort,NOUN,nk,7730,für
7733,",",--,PUNCT,punct,7732,Ort
7734,auf,auf,ADP,mo,7728,sei
7735,welchem,welcher,PRON,nk,7734,auf
7736,sie,sie,PRON,pd,7728,sei
7737,spiele,spielen,VERB,ROOT,7737,spiele
7738,",",--,PUNCT,punct,7737,spiele
7739,scharf,scharf,ADV,mo,7740,bezeichnend
7740,bezeichnend,bezeichnend,ADV,mo,7737,spiele
7741,und,und,CCONJ,cd,7740,bezeichnend
7742,mythisch,mythisch,ADV,cj,7741,und
7743,und,und,CCONJ,cd,7742,mythisch
7744,darum,darum,ADV,mo,7746,wahrer
7745,dort,dort,ADV,mo,7746,wahrer
7746,wahrer,wahr,ADV,cj,7743,und
7747,als,als,ADP,cm,7748,irgendeine
7748,irgendeine,irgendein,ADJ,cc,7746,wahrer
7749,Lafontainesche,Lafontainesche,ADJ,nk,7750,Familiengeschichte
7750,Familiengeschichte,Familiengeschichte,NOUN,ROOT,7750,Familiengeschichte
7751,.,--,PUNCT,punct,7750,Familiengeschichte
7752,Aber,aber,CCONJ,ju,7754,verstand
7753,es,es,PRON,oa,7754,verstand
7754,verstand,verstehen,VERB,ROOT,7754,verstand
7755,keiner,keiner,PRON,sb,7754,verstand
7756,der,der,DET,nk,7757,Anwesenden
7757,Anwesenden,anwesende,NOUN,ag,7755,keiner
7758,",",--,PUNCT,punct,7754,verstand
7759,was,wer,PRON,oa,7754,verstand
7760,Lindpeindler,Lindpeindler,NOUN,sb,7762,wollte
7761,sagen,sagen,VERB,oc,7762,wollte
7762,wollte,wollen,AUX,ROOT,7762,wollte
7763,",",--,PUNCT,punct,7762,wollte
7764,und,und,CCONJ,cd,7762,wollte
7765,Devillier,Devillier,NOUN,sb,7766,leugnete
7766,leugnete,leugnen,VERB,cj,7764,und
7767,ihm,ihm,PRON,da,7766,leugnete
7768,grade,graden,VERB,mo,7766,leugnete
7769,ins,in,ADP,mo,7768,grade
7770,Gesicht,Gesicht,NOUN,nk,7769,ins
7771,",",--,PUNCT,punct,7766,leugnete
7772,daß,daß,SCONJ,ROOT,7772,daß
7773,Lafontaine,Lafontaine,PROPN,sb,7774,irgendeine
7774,irgendeine,irgendeiner,PRON,ROOT,7774,irgendeine
7775,seiner,sein,DET,nk,7776,Fabeln
7776,Fabeln,Fabel,NOUN,ag,7774,irgendeine
7777,jemals,jemals,ADV,mo,7774,irgendeine
7778,für,für,ADP,mo,7774,irgendeine
7779,eine,ein,DET,nk,7781,Familiengeschichte
7780,wahre,wahr,ADJ,nk,7781,Familiengeschichte
7781,Familiengeschichte,Familiengeschichte,NOUN,nk,7778,für
7782,ausgegeben,ausgeben,VERB,oc,7783,habe
7783,habe,haben,AUX,ROOT,7783,habe
7784,;,--,PUNCT,punct,7783,habe
7785,Lindpeindler,Lindpeindler,PROPN,sb,7786,schwieg
7786,schwieg,schweigen,VERB,ROOT,7786,schwieg
7787,und,und,CCONJ,cd,7786,schwieg
7788,wurde,werden,AUX,cj,7787,und
7789,verkannt,verkennen,VERB,oc,7788,wurde
7790,.,--,PUNCT,punct,7786,schwieg
7791,Nun,nun,ADV,mo,7793,wendete
7792,aber,aber,ADV,mo,7793,wendete
7793,wendete,wenden,VERB,ROOT,7793,wendete
7794,sich,sich,PRON,oa,7793,wendete
7795,der,der,DET,nk,7796,Franzose
7796,Franzose,Franzose,NOUN,sb,7793,wendete
7797,zu,zu,ADP,mo,7793,wendete
7798,der,der,DET,nk,7799,Kammerjungfer
7799,Kammerjungfer,Kammerjungfer,NOUN,nk,7797,zu
7800,",",--,PUNCT,punct,7799,Kammerjungfer
7801,welche,welcher,PRON,oa,7793,wendete
7802,sich,sich,PRON,oa,7803,mit
7803,mit,mit,ADP,mnr,7801,welche
7804,stillem,still,ADJ,nk,7805,Schauer
7805,Schauer,Schauer,NOUN,sb,7810,hatte
7806,in,in,ADP,mo,7809,gedrückt
7807,einen,ein,DET,nk,7808,Winkel
7808,Winkel,Winkel,NOUN,nk,7806,in
7809,gedrückt,drücken,VERB,oc,7810,hatte
7810,hatte,haben,AUX,ROOT,7810,hatte
7811,",",--,PUNCT,punct,7810,hatte
7812,sprechend,sprechend,ADV,mo,7809,gedrückt
7813,:,--,PUNCT,punct,7810,hatte
7814,»,--,PUNCT,punct,7810,hatte
7815,Und,und,CCONJ,cd,7810,hatte
7816,Sie,sie,PRON,sb,7810,hatte
7817,",",--,PUNCT,punct,7816,Sie
7818,schöne,schön,ADJ,dep,7810,hatte
7819,Nanny,Nanny,PROPN,sb,7821,sind
7820,",",--,PUNCT,punct,7821,sind
7821,sind,sein,AUX,ROOT,7821,sind
7822,ja,ja,ADV,mo,7821,sind
7823,so,so,ADV,mo,7824,stille
7824,stille,stillen,VERB,pd,7821,sind
7825,",",--,PUNCT,punct,7824,stille
7826,als,als,SCONJ,cm,7827,fühlten
7827,fühlten,fühlen,VERB,cc,7823,so
7828,Sie,sie,PRON,sb,7827,fühlten
7829,sich,sich,PRON,oa,7833,getroffen
7830,bei,bei,ADP,mo,7833,getroffen
7831,der,der,DET,nk,7832,Geschichte
7832,Geschichte,Geschichte,NOUN,nk,7830,bei
7833,getroffen,treffen,VERB,oc,7827,fühlten
7834,.,--,PUNCT,punct,7821,sind
7835,«,--,PUNCT,punct,7821,sind
7836,–,--,PUNCT,ROOT,7836,–
7837,»,--,PUNCT,punct,7839,getroffen
7838,Wieso,wieso,NOUN,mo,7839,getroffen
7839,getroffen,treffen,VERB,oc,7842,fragte
7840,?,--,PUNCT,punct,7839,getroffen
7841,«,--,PUNCT,dep,7840,?
7842,fragte,fragen,VERB,ROOT,7842,fragte
7843,Nanny,Nanny,PROPN,sb,7842,fragte
7844,.,--,PUNCT,punct,7842,fragte
7845,»,--,PUNCT,punct,7849,meine
7846,Nun,nun,ADV,mo,7849,meine
7847,",",--,PUNCT,punct,7849,meine
7848,ich,ich,PRON,sb,7849,meine
7849,meine,meinen,VERB,oc,7852,erwiderte
7850,«,--,PUNCT,punct,7852,erwiderte
7851,",",--,PUNCT,punct,7852,erwiderte
7852,erwiderte,erwidert,VERB,ROOT,7852,erwiderte
7853,Devillier,Devillier,NOUN,sb,7852,erwiderte
7854,lächelnd,lächelnd,ADV,ROOT,7854,lächelnd
7855,",",--,PUNCT,punct,7854,lächelnd
7856,»,--,PUNCT,punct,7859,Schrote
7857,von,von,ADP,mo,7854,lächelnd
7858,einem,ein,DET,nk,7859,Schrote
7859,Schrote,Schrote,NOUN,nk,7857,von
7860,des,der,DET,nk,7862,Herrn
7861,kroatischen,kroatisch,ADJ,nk,7862,Herrn
7862,Herrn,Herr,NOUN,ag,7859,Schrote
7863,.,--,PUNCT,punct,7854,lächelnd
7864,Sollte,sollen,AUX,ROOT,7864,Sollte
7865,das,der,DET,sb,7864,Sollte
7866,artigste,artig,ADJ,oc,7864,Sollte
7867,Kammerkätzchen,Kammerkätzche,NOUN,ROOT,7867,Kammerkätzchen
7868,der,der,DET,nk,7869,Gegend
7869,Gegend,Gegend,NOUN,ag,7867,Kammerkätzchen
7870,nicht,nicht,PART,ng,7874,eingeladen
7871,zu,zu,ADP,mo,7874,eingeladen
7872,dem,der,DET,nk,7873,Teedansant
7873,Teedansant,Teedansant,NOUN,nk,7871,zu
7874,eingeladen,einladen,VERB,pd,7875,gewesen
7875,gewesen,sein,AUX,oc,7876,sein
7876,sein,sein,AUX,oc,7867,Kammerkätzchen
7877,?,--,PUNCT,punct,7867,Kammerkätzchen
7878,–,--,PUNCT,ROOT,7878,–
7879,Das,der,PRON,sb,7880,wäre
7880,wäre,sein,AUX,ROOT,7880,wäre
7881,ein,ein,DET,nk,7882,Fehler
7882,Fehler,Fehler,NOUN,pd,7880,wäre
7883,des,der,DET,nk,7884,Herrn
7884,Herrn,Herr,NOUN,ag,7882,Fehler
7885,Mores,Mor,PROPN,nk,7884,Herrn
7886,gegen,gegen,ADP,mnr,7882,Fehler
7887,die,der,DET,nk,7888,Galanterie
7888,Galanterie,Galanterie,NOUN,nk,7886,gegen
7889,",",--,PUNCT,punct,7888,Galanterie
7890,wegen,wegen,ADP,mo,7892,er
7891,welchem,welcher,PRON,nk,7890,wegen
7892,er,er,PRON,pd,7880,wäre
7893,die,der,DET,pd,7880,wäre
7894,Rache,Rache,NOUN,sb,7900,hätte
7895,seines,sein,DET,nk,7896,Herrn
7896,Herrn,Herr,NOUN,ag,7894,Rache
7897,allein,allein,ADV,mo,7899,verdient
7898,schon,schon,ADV,mo,7899,verdient
7899,verdient,verdienen,VERB,oc,7900,hätte
7900,hätte,haben,AUX,ROOT,7900,hätte
7901,.,--,PUNCT,punct,7900,hätte
7902,«,--,PUNCT,punct,7900,hätte
7903,Alle,aller,PRON,sb,7904,lachten
7904,lachten,lacht,VERB,ROOT,7904,lachten
7905,",",--,PUNCT,punct,7904,lachten
7906,Nanny,Nanny,NOUN,cj,7904,lachten
7907,aber,aber,ADV,mo,7908,gab
7908,gab,geben,VERB,cj,7906,Nanny
7909,dem,der,DET,nk,7910,Franzosen
7910,Franzosen,Franzose,NOUN,da,7921,Mann
7911,eine,ein,DET,nk,7913,Ohrfeige
7912,ziemliche,ziemlich,ADJ,nk,7913,Ohrfeige
7913,Ohrfeige,Ohrfeige,NOUN,oa,7910,Franzosen
7914,und,und,CCONJ,cd,7910,Franzosen
7915,erwiderte,erwidern,VERB,cj,7914,und
7916,:,--,PUNCT,punct,7919,sind
7917,»,--,PUNCT,punct,7919,sind
7918,Sie,sie,PRON,sb,7919,sind
7919,sind,sein,AUX,ROOT,7919,sind
7920,der,der,DET,nk,7921,Mann
7921,Mann,Mann,NOUN,pd,7919,sind
7922,dazu,dazu,ADV,mo,7919,sind
7923,",",--,PUNCT,punct,7919,sind
7924,einen,ein,DET,oa,7929,bringen
7925,in,in,ADP,mo,7929,bringen
7926,den,der,DET,nk,7927,Ruf
7927,Ruf,Ruf,NOUN,nk,7925,in
7928,zu,zu,PART,pm,7929,bringen
7929,bringen,bringen,VERB,ROOT,7929,bringen
7930,",",--,PUNCT,punct,7929,bringen
7931,daß,daß,SCONJ,cp,7934,sei
7932,man,man,PRON,sb,7934,sei
7933,geschossen,schießen,VERB,oc,7934,sei
7934,sei,sein,AUX,oc,7929,bringen
7935,",",--,PUNCT,punct,7929,bringen
7936,denn,denn,CCONJ,cd,7929,bringen
7937,Sie,sie,PRON,sb,7938,haben
7938,haben,haben,VERB,cj,7936,denn
7939,selbst,selbst,ADV,mo,7938,haben
7940,einen,ein,DET,nk,7941,Schuß
7941,Schuß,Schuß,NOUN,oa,7946,zeigte
7942,!,--,PUNCT,punct,7941,Schuß
7943,«,--,PUNCT,punct,7941,Schuß
7944,und,und,CCONJ,ju,7946,zeigte
7945,dabei,dabei,ADV,mo,7946,zeigte
7946,zeigte,zeigen,VERB,ROOT,7946,zeigte
7947,sie,sie,PRON,sb,7946,zeigte
7948,ihm,ihm,PRON,da,7946,zeigte
7949,von,von,ADP,mo,7946,zeigte
7950,neuem,neu,PRON,nk,7949,von
7951,die,der,DET,nk,7953,Finger
7952,fünf,fünf,NUM,nk,7953,Finger
7953,Finger,Finger,NOUN,sb,7946,zeigte
7954,;,--,PUNCT,punct,7946,zeigte
7955,worauf,worauf,SCONJ,ROOT,7955,worauf
7956,Devillier,Devillier,NOUN,sb,7957,sagte
7957,sagte,sagen,VERB,ROOT,7957,sagte
7958,:,--,PUNCT,punct,7957,sagte
7959,»,--,PUNCT,punct,7960,Erhebt
7960,Erhebt,erheben,VERB,oc,7957,sagte
7961,das,der,PRON,sb,7960,Erhebt
7962,nicht,nicht,PART,ng,7960,Erhebt
7963,den,der,DET,nk,7964,Verdacht
7964,Verdacht,Verdacht,NOUN,oa,7960,Erhebt
7965,",",--,PUNCT,punct,7960,Erhebt
7966,sind,sein,AUX,re,7960,Erhebt
7967,das,der,PRON,sb,7966,sind
7968,nicht,nicht,PART,ng,7966,sind
7969,Katzenmanieren,Katzenmanieren,NOUN,pd,7966,sind
7970,?,--,PUNCT,punct,7960,Erhebt
7971,Sie,sie,PRON,sb,7972,waren
7972,waren,sein,AUX,ROOT,7972,waren
7973,gewiß,gewiß,ADV,mo,7972,waren
7974,dabei,dabei,ADV,mo,7972,waren
7975,!,--,PUNCT,punct,7972,waren
7976,Frau,Frau,NOUN,mo,7986,können
7977,Tschermack,Tschermack,PROPN,nk,7976,Frau
7978,",",--,PUNCT,punct,7976,Frau
7979,die,der,DET,nk,7980,Wirtin
7980,Wirtin,Wirtin,NOUN,app,7976,Frau
7981,",",--,PUNCT,punct,7982,wird
7982,wird,werden,AUX,ROOT,7982,wird
7983,es,es,PRON,ep,7982,wird
7984,uns,uns,PRON,da,7985,sagen
7985,sagen,sagen,VERB,oc,7986,können
7986,können,können,AUX,oc,7982,wird
7987,",",--,PUNCT,punct,7982,wird
7988,denn,denn,CCONJ,ju,7990,hat
7989,die,der,PRON,sb,7990,hat
7990,hat,haben,VERB,ROOT,7990,hat
7991,gewiß,gewiß,ADV,mo,7993,gefehlt
7992,nicht,nicht,PART,ng,7993,gefehlt
7993,gefehlt,fehlen,VERB,oc,7990,hat
7994,;,--,PUNCT,punct,7990,hat
7995,ich,ich,PRON,sb,7996,glaube
7996,glaube,glauben,VERB,ROOT,7996,glaube
7997,",",--,PUNCT,punct,7996,glaube
7998,daß,daß,SCONJ,cp,8001,Blessur
7999,sie,sie,PRON,sb,7998,daß
8000,die,der,DET,nk,8001,Blessur
8001,Blessur,Blessur,NOUN,oc,7996,glaube
8002,in,in,ADP,mnr,8001,Blessur
8003,der,der,DET,nk,8004,Hüfte
8004,Hüfte,Hüfte,NOUN,nk,8002,in
8005,eher,eher,ADV,mo,8006,bei
8006,bei,bei,ADP,mo,8014,erhalten
8007,solcher,solcher,DET,nk,8008,Gelegenheit
8008,Gelegenheit,Gelegenheit,NOUN,nk,8006,bei
8009,als,als,ADP,cm,8010,bei
8010,bei,bei,ADP,cc,8007,solcher
8011,den,der,DET,nk,8013,Husaren
8012,Wurmserschen,Wurmsersche,ADJ,nk,8013,Husaren
8013,Husaren,Husar,NOUN,nk,8010,bei
8014,erhalten,erhalten,VERB,ROOT,8014,erhalten
8015,.,--,PUNCT,punct,8014,erhalten
8016,«,--,PUNCT,ROOT,8016,«
8017,Alles,alle,PRON,ROOT,8017,Alles
8018,lachte,lachen,VERB,ROOT,8018,lachte
8019,von,von,ADP,mo,8018,lachte
8020,neuem,neu,ADJ,nk,8019,von
8021,",",--,PUNCT,punct,8018,lachte
8022,und,und,CCONJ,cd,8018,lachte
8023,der,der,DET,nk,8024,Zigeuner
8024,Zigeuner,Zigeuner,NOUN,sb,8025,sagte
8025,sagte,sagen,VERB,cj,8022,und
8026,:,--,PUNCT,punct,8025,sagte
8027,»,--,PUNCT,punct,8029,will
8028,Ich,ich,PRON,sb,8029,will
8029,will,wollen,AUX,oc,8025,sagte
8030,sie,sie,PRON,oa,8031,fragen
8031,fragen,fragen,VERB,oc,8029,will
8032,.,--,PUNCT,punct,8018,lachte
8033,«,--,PUNCT,punct,8018,lachte
8034,Der,der,DET,nk,8035,Kroate
8035,Kroate,Kroate,NOUN,sb,8036,fand
8036,fand,finden,VERB,ROOT,8036,fand
8037,sich,sich,PRON,oa,8036,fand
8038,über,über,ADP,mo,8042,gekränkt
8039,die,der,DET,nk,8040,Ungläubigkeit
8040,Ungläubigkeit,Ungläubigkeit,NOUN,nk,8038,über
8041,Devilliers,Devillier,PROPN,ag,8040,Ungläubigkeit
8042,gekränkt,kränken,VERB,oc,8036,fand
8043,und,und,CCONJ,cd,8042,gekränkt
8044,fing,Fing,VERB,cj,8043,und
8045,an,an,ADP,svp,8044,fing
8046,",",--,PUNCT,punct,8036,fand
8047,seine,sein,DET,nk,8048,Geschichte
8048,Geschichte,Geschichte,NOUN,oa,8051,beteuern
8049,nochmals,nochmals,ADV,mo,8051,beteuern
8050,zu,zu,PART,pm,8051,beteuern
8051,beteuern,beteuern,VERB,ROOT,8051,beteuern
8052,",",--,PUNCT,punct,8051,beteuern
8053,indem,indem,SCONJ,cp,8057,steife
8054,er,er,PRON,sb,8057,steife
8055,seine,sein,DET,nk,8056,pferdehaarne
8056,pferdehaarne,pferdehaarn,ADJ,oa,8057,steife
8057,steife,Steif,NOUN,ROOT,8057,steife
8058,Halsbinde,Halsbinde,NOUN,oa,8059,ablöste
8059,ablöste,ablösen,VERB,ROOT,8059,ablöste
8060,",",--,PUNCT,punct,8059,ablöste
8061,um,um,SCONJ,cp,8070,zeigen
8062,die,der,DET,nk,8063,Narben
8063,Narben,Narbe,NOUN,oa,8070,zeigen
8064,von,von,ADP,mo,8070,zeigen
8065,den,der,DET,nk,8066,Klauen
8066,Klauen,Klau,NOUN,nk,8064,von
8067,des,der,DET,nk,8068,Mores
8068,Mores,Mor,NOUN,ag,8066,Klauen
8069,zu,zu,PART,pm,8070,zeigen
8070,zeigen,zeigen,VERB,mo,8059,ablöste
8071,.,--,PUNCT,punct,8059,ablöste
8072,Nanny,Nanny,PROPN,ROOT,8072,Nanny
8073,drückte,drücken,VERB,ROOT,8073,drückte
8074,die,der,DET,nk,8075,Augen
8075,Augen,Auge,NOUN,oa,8073,drückte
8076,zu,zu,ADP,svp,8073,drückte
8077,",",--,PUNCT,punct,8073,drückte
8078,und,und,CCONJ,cd,8073,drückte
8079,indessen,indessen,ADV,mo,8080,brachte
8080,brachte,bringen,VERB,cj,8078,und
8081,der,der,DET,nk,8082,Zigeuner
8082,Zigeuner,Zigeuner,NOUN,sb,8080,brachte
8083,die,der,DET,nk,8084,Nachricht
8084,Nachricht,Nachricht,NOUN,oa,8080,brachte
8085,.,--,PUNCT,punct,8073,drückte
8086,Frau,Frau,NOUN,ROOT,8086,Frau
8087,Tschermack,Tschermack,PROPN,sb,8088,meine
8088,meine,meinen,VERB,mo,8091,müsse
8089,",",--,PUNCT,punct,8091,müsse
8090,Mores,Mor,NOUN,oa,8096,wissen
8091,müsse,müssen,AUX,ROOT,8091,müsse
8092,es,es,PRON,ep,8091,müsse
8093,selbst,selbst,ADV,mo,8091,müsse
8094,am,am,PART,pm,8095,besten
8095,besten,gut,ADV,mo,8096,wissen
8096,wissen,wissen,VERB,oc,8091,müsse
8097,.,--,PUNCT,punct,8091,müsse
8098,Er,er,PRON,sb,8099,setzte
8099,setzte,setzen,VERB,ROOT,8099,setzte
8100,mit,mit,ADP,mo,8099,setzte
8101,diesen,dieser,PRON,nk,8100,mit
8102,Worten,Wort,NOUN,ROOT,8102,Worten
8103,die,der,DET,nk,8106,Katze
8104,große,groß,ADJ,nk,8106,Katze
8105,schwarze,schwarz,ADJ,nk,8106,Katze
8106,Katze,Katze,NOUN,ROOT,8106,Katze
8107,der,der,DET,nk,8108,Wirtin
8108,Wirtin,Wirtin,NOUN,ag,8106,Katze
8109,",",--,PUNCT,punct,8108,Wirtin
8110,welche,welcher,PRON,oa,8115,gefangen
8111,er,er,PRON,sb,8115,gefangen
8112,vor,vor,ADP,op,8115,gefangen
8113,der,der,DET,nk,8114,Türe
8114,Türe,Türe,NOUN,nk,8112,vor
8115,gefangen,gefangen,VERB,rc,8106,Katze
8116,hatte,haben,AUX,ROOT,8116,hatte
8117,",",--,PUNCT,punct,8116,hatte
8118,der,der,DET,nk,8119,Kammerjungfer
8119,Kammerjungfer,Kammerjungfer,NOUN,cj,8116,hatte
8120,in,in,ADP,mnr,8119,Kammerjungfer
8121,den,der,DET,nk,8122,Schoß
8122,Schoß,Schoß,NOUN,nk,8120,in
8123,",",--,PUNCT,punct,8122,Schoß
8124,welche,welcher,PRON,dep,8116,hatte
8125,mit,mit,ADP,mnr,8124,welche
8126,einem,ein,DET,nk,8128,Schrei
8127,heftigen,heftig,ADJ,nk,8128,Schrei
8128,Schrei,Schrei,NOUN,nk,8125,mit
8129,des,der,DET,mnr,8124,welche
8130,Entsetzens,entsetzen,PROPN,sb,8131,auffuhr
8131,auffuhr,auffuhr,VERB,ROOT,8131,auffuhr
8132,.,--,PUNCT,punct,8131,auffuhr
8133,–,--,PUNCT,punct,8135,Eingestanden
8134,»,--,PUNCT,punct,8135,Eingestanden
8135,Eingestanden,eingestanden,NOUN,sb,8138,rief
8136,!,--,PUNCT,punct,8138,rief
8137,«,--,PUNCT,punct,8138,rief
8138,rief,rufen,VERB,ROOT,8138,rief
8139,Devillier,Devillier,NOUN,sb,8138,rief
8140,;,--,PUNCT,punct,8138,rief
8141,aber,aber,CCONJ,ju,8144,war
8142,der,der,DET,nk,8143,Spaß
8143,Spaß,Spaß,NOUN,sb,8144,war
8144,war,sein,AUX,ROOT,8144,war
8145,dumm,dumm,ADV,pd,8144,war
8146,",",--,PUNCT,punct,8144,war
8147,denn,denn,CCONJ,ju,8149,kam
8148,Nanny,Nanny,PROPN,sb,8149,kam
8149,kam,kommen,VERB,oc,8161,warf
8150,einer,ein,DET,nk,8151,Ohnmacht
8151,Ohnmacht,Ohnmacht,NOUN,da,8149,kam
8152,nah,nah,ADV,mo,8149,kam
8153,",",--,PUNCT,punct,8149,kam
8154,die,der,DET,nk,8155,Katze
8155,Katze,Katze,NOUN,sb,8156,sprang
8156,sprang,springen,VERB,cj,8149,kam
8157,auf,auf,ADP,mo,8156,sprang
8158,den,der,DET,nk,8159,Tisch
8159,Tisch,Tisch,NOUN,nk,8157,auf
8160,",",--,PUNCT,punct,8161,warf
8161,warf,werfen,VERB,ROOT,8161,warf
8162,das,der,PRON,sb,8161,warf
8163,Licht,Licht,NOUN,ROOT,8163,Licht
8164,um,um,ADP,svp,8163,Licht
8165,und,und,CCONJ,cd,8163,Licht
8166,fuhr,fahren,VERB,cj,8165,und
8167,dem,der,DET,nk,8169,Wehmüller
8168,armen,arm,ADJ,nk,8169,Wehmüller
8169,Wehmüller,Wehmüller,NOUN,da,8166,fuhr
8170,über,über,ADP,op,8166,fuhr
8171,seine,sein,DET,nk,8173,Farben
8172,nassen,nass,ADJ,nk,8173,Farben
8173,Farben,Farbe,NOUN,nk,8170,über
8174,;,--,PUNCT,punct,8163,Licht
8175,der,der,DET,nk,8176,Vizegespan
8176,Vizegespan,Vizegespan,PROPN,ROOT,8176,Vizegespan
8177,riß,reißen,VERB,ROOT,8177,riß
8178,das,der,DET,nk,8179,Fenster
8179,Fenster,Fenster,NOUN,sb,8177,riß
8180,auf,auf,ADP,svp,8177,riß
8181,und,und,CCONJ,cd,8177,riß
8182,entließ,entlassen,VERB,cj,8181,und
8183,die,der,DET,nk,8184,Katze
8184,Katze,Katze,NOUN,oa,8182,entließ
8185,",",--,PUNCT,punct,8182,entließ
8186,aber,aber,CCONJ,cd,8182,entließ
8187,alles,alle,PRON,sb,8188,war
8188,war,sein,AUX,cj,8186,aber
8189,rebellisch,rebellisch,ADV,pd,8190,geworden
8190,geworden,werden,AUX,oc,8188,war
8191,;,--,PUNCT,punct,8177,riß
8192,die,der,DET,nk,8193,Büffelkühe
8193,Büffelkühe,Büffelkühe,NOUN,sb,8198,zerrten
8194,im,in,ADP,mnr,8193,Büffelkühe
8195,Hintergrund,Hintergrund,NOUN,nk,8194,im
8196,der,der,DET,nk,8197,Stube
8197,Stube,Stube,NOUN,ag,8195,Hintergrund
8198,zerrten,zerren,VERB,ROOT,8198,zerrten
8199,an,an,ADP,mo,8198,zerrten
8200,den,der,DET,nk,8201,Ketten
8201,Ketten,Kette,NOUN,nk,8199,an
8202,",",--,PUNCT,punct,8198,zerrten
8203,und,und,CCONJ,cd,8198,zerrten
8204,jeder,jeder,PRON,cj,8203,und
8205,drängte,drängen,VERB,ROOT,8205,drängte
8206,nach,nach,ADP,mo,8205,drängte
8207,der,der,DET,nk,8208,Türe
8208,Türe,Türe,NOUN,nk,8206,nach
8209,.,--,PUNCT,punct,8205,drängte
8210,Wehmüller,Wehmüller,NOUN,sb,8213,sprangen
8211,und,und,CCONJ,cd,8210,Wehmüller
8212,Lindpeindler,Lindpeindler,NOUN,cj,8211,und
8213,sprangen,springen,VERB,ROOT,8213,sprangen
8214,auf,auf,ADP,mo,8213,sprangen
8215,den,der,DET,nk,8216,Tisch
8216,Tisch,Tisch,NOUN,nk,8214,auf
8217,und,und,CCONJ,cd,8213,sprangen
8218,stießen,stoßen,VERB,ROOT,8218,stießen
8219,mit,mit,ADP,mo,8218,stießen
8220,dem,der,DET,nk,8221,Tiroler
8221,Tiroler,Tiroler,NOUN,nk,8219,mit
8222,zusammen,zusammen,ADV,svp,8218,stießen
8223,",",--,PUNCT,punct,8218,stießen
8224,der,der,PRON,sb,8230,tat
8225,es,es,PRON,oa,8230,tat
8226,auch,auch,ADV,mo,8227,in
8227,in,in,ADP,mo,8230,tat
8228,demselben,derselbe,DET,nk,8229,Augenblick
8229,Augenblick,Augenblick,NOUN,nk,8227,in
8230,tat,tun,VERB,rc,8218,stießen
8231,und,und,CCONJ,cd,8230,tat
8232,mit,mit,ADP,mnr,8237,Knopflöcher
8233,seinen,sein,DET,nk,8235,Schuhen
8234,nägelbeschlagenen,nägelbeschlagen,ADJ,nk,8235,Schuhen
8235,Schuhen,Schuhe,NOUN,nk,8232,mit
8236,mehr,mehr,DET,nk,8237,Knopflöcher
8237,Knopflöcher,Knopflöcher,NOUN,ROOT,8237,Knopflöcher
8238,in,in,ADP,mnr,8237,Knopflöcher
8239,das,der,DET,nk,8240,Porträt
8240,Porträt,Porträt,NOUN,nk,8238,in
8241,des,der,DET,dep,8237,Knopflöcher
8242,Vizegespans,Vizegespan,ADV,sb,8243,trat
8243,trat,treten,VERB,ROOT,8243,trat
8244,",",--,PUNCT,punct,8243,trat
8245,als,als,ADP,cp,8248,waren
8246,Knöpfe,Knöpfe,NOUN,nk,8245,als
8247,darauf,darauf,ADV,mo,8248,waren
8248,waren,sein,AUX,oc,8243,trat
8249,.,--,PUNCT,punct,8243,trat
8250,Devillier,devillier,NOUN,mo,8251,trug
8251,trug,tragen,VERB,ROOT,8251,trug
8252,Nanny,Nanny,PROPN,sb,8251,trug
8253,hinaus,hinaus,ADV,svp,8251,trug
8254,;,--,PUNCT,punct,8251,trug
8255,der,der,PRON,ROOT,8255,der
8256,Kroate,Kroate,ADV,sb,8257,schrie
8257,schrie,schreien,VERB,ROOT,8257,schrie
8258,immer,immer,ADV,mo,8257,schrie
8259,:,--,PUNCT,punct,8257,schrie
8260,»,--,PUNCT,punct,8262,haben
8261,Da,da,ADV,mo,8262,haben
8262,haben,haben,AUX,ROOT,8262,haben
8263,wir,wir,PRON,sb,8262,haben
8264,es,es,PRON,oa,8262,haben
8265,",",--,PUNCT,punct,8262,haben
8266,das,der,PRON,sb,8267,kömmt
8267,kömmt,kömmen,VERB,cj,8262,haben
8268,vom,von,ADP,mo,8267,kömmt
8269,Unglauben,Unglauben,NOUN,nk,8268,vom
8270,!,--,PUNCT,punct,8262,haben
8271,«,--,PUNCT,punct,8262,haben
8272,Frau,Frau,NOUN,ROOT,8272,Frau
8273,Tschermack,Tschermack,PROPN,ROOT,8273,Tschermack
8274,aber,aber,ADV,mo,8273,Tschermack
8275,",",--,PUNCT,punct,8273,Tschermack
8276,welche,welcher,PRON,sb,8284,trat
8277,mit,mit,ADP,mo,8284,trat
8278,einem,ein,DET,nk,8280,Weinkrug
8279,vollen,voll,ADJ,nk,8280,Weinkrug
8280,Weinkrug,Weinkrug,NOUN,nk,8277,mit
8281,in,in,ADP,mo,8284,trat
8282,die,der,DET,nk,8283,Verstörung
8283,Verstörung,Verstörung,NOUN,nk,8281,in
8284,trat,treten,VERB,rc,8273,Tschermack
8285,",",--,PUNCT,punct,8273,Tschermack
8286,fluchte,fluchte,VERB,ROOT,8286,fluchte
8287,stark,stark,ADV,mo,8286,fluchte
8288,und,und,CCONJ,cd,8286,fluchte
8289,beruhigte,beruhigen,VERB,cj,8288,und
8290,die,der,DET,nk,8291,Kühe
8291,Kühe,Kuh,NOUN,oa,8289,beruhigte
8292,;,--,PUNCT,punct,8286,fluchte
8293,der,der,DET,nk,8294,Zigeuner
8294,Zigeuner,Zigeuner,NOUN,sb,8295,griff
8295,griff,greifen,VERB,ROOT,8295,griff
8296,wie,wie,ADP,cm,8298,zweiter
8297,ein,ein,DET,nk,8298,zweiter
8298,zweiter,zweiter,ADJ,mo,8295,griff
8299,Orpheus,Orpheu,ADV,ag,8311,die
8300,nach,nach,ADP,mo,8299,Orpheus
8301,seiner,sein,DET,nk,8302,Violine
8302,Violine,Violine,NOUN,nk,8300,nach
8303,",",--,PUNCT,punct,8299,Orpheus
8304,und,und,CCONJ,cd,8299,Orpheus
8305,als,als,ADP,cm,8307,Devillier
8306,Monsieur,Monsieur,NOUN,nk,8305,als
8307,Devillier,Devillier,NOUN,cj,8304,und
8308,mit,mit,ADP,mnr,8307,Devillier
8309,Nanny,Nanny,NOUN,nk,8308,mit
8310,",",--,PUNCT,punct,8309,Nanny
8311,die,der,PRON,ROOT,8311,die
8312,er,er,PRON,sb,8311,die
8313,am,an,ADP,mo,8311,die
8314,Brunnen,Brunnen,NOUN,sb,8316,hatte
8315,erfrischt,erfrischen,VERB,oc,8316,hatte
8316,hatte,haben,AUX,mo,8321,kniete
8317,",",--,PUNCT,punct,8316,hatte
8318,wieder,wieder,ADV,mo,8319,hereintrat
8319,hereintrat,Hereintrat,VERB,cj,8316,hatte
8320,",",--,PUNCT,punct,8321,kniete
8321,kniete,knien,VERB,ROOT,8321,kniete
8322,der,der,DET,nk,8324,Bursche
8323,kecke,keck,ADJ,nk,8324,Bursche
8324,Bursche,Bursche,NOUN,sb,8321,kniete
8325,vor,vor,ADP,mo,8321,kniete
8326,ihr,ihr,PRON,nk,8325,vor
8327,nieder,nieder,ADV,ROOT,8327,nieder
8328,und,und,CCONJ,cd,8327,nieder
8329,sang,singen,VERB,cj,8328,und
8330,und,und,CCONJ,cd,8329,sang
8331,spielte,spielen,VERB,cj,8330,und
8332,eine,ein,DET,nk,8335,Weise
8333,so,so,ADV,mo,8334,rührende
8334,rührende,rührend,ADJ,nk,8335,Weise
8335,Weise,Weise,NOUN,oa,8331,spielte
8336,auf,auf,ADP,mo,8331,spielte
8337,seinem,sein,DET,nk,8338,Instrument
8338,Instrument,Instrument,NOUN,nk,8336,auf
8339,",",--,PUNCT,punct,8331,spielte
8340,daß,daß,SCONJ,ROOT,8340,daß
8341,niemand,niemand,PRON,sb,8343,konnte
8342,widerstehen,widerstehen,VERB,oc,8343,konnte
8343,konnte,können,AUX,ROOT,8343,konnte
8344,und,und,CCONJ,cd,8343,konnte
8345,bald,bald,ADV,mo,8348,ward
8346,alles,aller,PRON,nk,8347,stille
8347,stille,still,NOUN,oa,8348,ward
8348,ward,ward,VERB,cj,8344,und
8349,.,--,PUNCT,punct,8343,konnte
8350,Es,es,PRON,sb,8351,war
8351,war,sein,AUX,ROOT,8351,war
8352,dies,dieser,PRON,sb,8351,war
8353,ein,ein,DET,nk,8354,altes
8354,altes,alt,ADJ,pd,8351,war
8355,zigeunerisches,zigeunerisch,ADJ,nk,8356,Schlachtlied
8356,Schlachtlied,Schlachtlied,NOUN,ROOT,8356,Schlachtlied
8357,",",--,PUNCT,punct,8356,Schlachtlied
8358,wobei,wobei,SCONJ,mo,8364,zerfloß
8359,der,der,DET,nk,8360,Zigeuner
8360,Zigeuner,Zigeuner,NOUN,sb,8364,zerfloß
8361,endlich,endlich,ADV,mo,8364,zerfloß
8362,in,in,ADP,mo,8364,zerfloß
8363,Tränen,Träne,NOUN,nk,8362,in
8364,zerfloß,zerfließen,VERB,rc,8356,Schlachtlied
8365,",",--,PUNCT,punct,8356,Schlachtlied
8366,und,und,CCONJ,cd,8356,Schlachtlied
8367,Nanny,Nanny,PROPN,sb,8368,konnte
8368,konnte,können,AUX,ROOT,8368,konnte
8369,ihm,ihm,PRON,da,8371,widerstehen
8370,nicht,nicht,PART,ng,8368,konnte
8371,widerstehen,widerstehen,VERB,oc,8368,konnte
8372,",",--,PUNCT,punct,8368,konnte
8373,sie,sie,PRON,sb,8374,weinte
8374,weinte,weinen,VERB,cj,8368,konnte
8375,auch,auch,ADV,mo,8374,weinte
8376,und,und,CCONJ,cd,8374,weinte
8377,reichte,reichen,VERB,cj,8376,und
8378,ihm,ihm,PRON,da,8377,reichte
8379,die,der,DET,nk,8380,Hand
8380,Hand,Hand,NOUN,sb,8377,reichte
8381,;,--,PUNCT,punct,8368,konnte
8382,Lindpeindler,Lindpeindler,PROPN,sb,8384,sprang
8383,aber,aber,ADV,mo,8384,sprang
8384,sprang,springen,VERB,ROOT,8384,sprang
8385,auf,auf,ADP,mo,8384,sprang
8386,den,der,DET,nk,8387,Sänger
8387,Sänger,Sänger,NOUN,nk,8385,auf
8388,zu,zu,ADP,svp,8384,sprang
8389,und,und,CCONJ,cd,8384,sprang
8390,umarmte,umarmen,VERB,cj,8389,und
8391,ihn,ihn,PRON,oa,8390,umarmte
8392,mit,mit,ADP,mo,8390,umarmte
8393,den,der,DET,nk,8394,Worten
8394,Worten,Wort,NOUN,nk,8392,mit
8395,:,--,PUNCT,punct,8390,umarmte
8396,»,--,PUNCT,punct,8397,O
8397,O,O,PROPN,ROOT,8397,O
8398,",",--,PUNCT,punct,8397,O
8399,das,der,PRON,sb,8400,ist
8400,ist,sein,AUX,ROOT,8400,ist
8401,groß,groß,ADV,pd,8400,ist
8402,",",--,PUNCT,punct,8400,ist
8403,das,der,PRON,sb,8404,ist
8404,ist,sein,AUX,cj,8400,ist
8405,ursprünglich,ursprünglich,ADV,pd,8404,ist
8406,!,--,PUNCT,punct,8400,ist
8407,Bester,Bester,ADJ,nk,8408,Michaly
8408,Michaly,Michaly,NOUN,mo,8410,wollen
8409,",",--,PUNCT,punct,8410,wollen
8410,wollen,wollen,AUX,ROOT,8410,wollen
8411,Sie,sie,PRON,sb,8410,wollen
8412,mir,mir,PRON,da,8410,wollen
8413,Ihr,ihr,DET,nk,8414,Lied
8414,Lied,Lied,NOUN,oa,8410,wollen
8415,wohl,wohl,ADV,mo,8419,diktieren
8416,in,in,ADP,mo,8419,diktieren
8417,die,der,DET,nk,8418,Feder
8418,Feder,Feder,NOUN,nk,8416,in
8419,diktieren,diktieren,VERB,ROOT,8419,diktieren
8420,?,--,PUNCT,punct,8419,diktieren
8421,«,--,PUNCT,punct,8419,diktieren
8422,–,--,PUNCT,punct,8424,Nimmermehr
8423,»,--,PUNCT,punct,8424,Nimmermehr
8424,Nimmermehr,Nimmermehr,X,oa,8427,sagte
8425,!,--,PUNCT,punct,8427,sagte
8426,«,--,PUNCT,punct,8427,sagte
8427,sagte,sagen,VERB,ROOT,8427,sagte
8428,der,der,DET,nk,8429,Zigeuner
8429,Zigeuner,Zigeuner,NOUN,sb,8427,sagte
8430,",",--,PUNCT,punct,8427,sagte
8431,»,--,PUNCT,punct,8427,sagte
8432,so,so,ADV,mo,8433,was
8433,was,was,PRON,dep,8427,sagte
8434,diktiert,diktieren,VERB,ROOT,8434,diktiert
8435,sich,sich,PRON,oa,8434,diktiert
8436,nicht,nicht,PART,ng,8434,diktiert
8437,",",--,PUNCT,punct,8434,diktiert
8438,ich,ich,PRON,sb,8439,wüßte
8439,wüßte,wissen,VERB,cj,8434,diktiert
8440,es,es,PRON,oa,8439,wüßte
8441,auch,auch,ADV,mo,8439,wüßte
8442,jetzt,jetzt,ADV,mo,8439,wüßte
8443,nicht,nicht,PART,ng,8439,wüßte
8444,mehr,mehr,ADV,mo,8443,nicht
8445,",",--,PUNCT,punct,8434,diktiert
8446,und,und,CCONJ,cd,8434,diktiert
8447,wenn,wenn,SCONJ,cp,8449,mir
8448,Sie,sie,PRON,sb,8447,wenn
8449,mir,mir,PRON,mo,8446,und
8450,den,der,DET,oa,8449,mir
8451,Hals,Hals,NOUN,oa,8452,abschnitten
8452,abschnitten,abschnitten,VERB,ROOT,8452,abschnitten
8453,;,--,PUNCT,punct,8452,abschnitten
8454,wenn,wenn,SCONJ,cp,8462,habe
8455,ich,ich,PRON,sb,8462,habe
8456,einmal,einmal,ADV,mo,8461,betrübt
8457,wieder,wieder,ADV,mo,8461,betrübt
8458,eine,ein,DET,nk,8460,Jungfer
8459,schöne,schön,ADJ,nk,8460,Jungfer
8460,Jungfer,Jungfer,NOUN,oa,8461,betrübt
8461,betrübt,betrüben,VERB,oc,8462,habe
8462,habe,haben,AUX,mo,8464,wird
8463,",",--,PUNCT,punct,8464,wird
8464,wird,werden,AUX,ROOT,8464,wird
8465,es,es,PRON,ep,8469,einfallen
8466,mir,mir,PRON,da,8469,einfallen
8467,auch,auch,ADV,mo,8469,einfallen
8468,wieder,wieder,ADV,mo,8469,einfallen
8469,einfallen,einfallen,VERB,ROOT,8469,einfallen
8470,.,--,PUNCT,punct,8469,einfallen
8471,«,--,PUNCT,ROOT,8471,«
8472,Da,da,ADV,mo,8473,lachte
8473,lachte,lachen,VERB,ROOT,8473,lachte
8474,die,der,DET,nk,8476,Gesellschaft
8475,ganze,ganz,ADJ,nk,8476,Gesellschaft
8476,Gesellschaft,Gesellschaft,NOUN,sb,8473,lachte
8477,",",--,PUNCT,punct,8473,lachte
8478,und,und,CCONJ,cd,8473,lachte
8479,Michaly,Michaly,NOUN,sb,8480,begann
8480,begann,beginnen,VERB,cj,8478,und
8481,so,so,ADV,mo,8482,tolle
8482,tolle,toll,ADJ,nk,8483,Melodien
8483,Melodien,Melodie,NOUN,sb,8480,begann
8484,aus,aus,ADP,svp,8480,begann
8485,seiner,sein,DET,nk,8486,Geige
8486,Geige,Geige,NOUN,da,8487,herauszulocken
8487,herauszulocken,herauszulocken,VERB,ROOT,8487,herauszulocken
8488,",",--,PUNCT,punct,8487,herauszulocken
8489,daß,daß,SCONJ,cp,8495,wurde
8490,die,der,DET,nk,8491,Fröhlichkeit
8491,Fröhlichkeit,Fröhlichkeit,NOUN,sb,8495,wurde
8492,bald,bald,ADV,mo,8494,hergestellt
8493,wieder,wieder,ADV,mo,8494,hergestellt
8494,hergestellt,herstellen,VERB,oc,8495,wurde
8495,wurde,werden,AUX,oc,8487,herauszulocken
8496,und,und,CCONJ,ju,8500,fragte
8497,Devillier,Devillier,NOUN,sb,8500,fragte
8498,den,der,DET,nk,8499,Kroaten
8499,Kroaten,Kroate,NOUN,da,8500,fragte
8500,fragte,fragen,VERB,ROOT,8500,fragte
8501,",",--,PUNCT,punct,8500,fragte
8502,ob,ob,SCONJ,cp,8508,hätte
8503,Mores,More,PROPN,sb,8508,hätte
8504,nicht,nicht,PART,ng,8507,aufgespielt
8505,diesen,dieser,DET,nk,8506,Tanz
8506,Tanz,Tanz,NOUN,oa,8507,aufgespielt
8507,aufgespielt,aufspieln,VERB,oc,8508,hätte
8508,hätte,haben,AUX,oc,8500,fragte
8509,;,--,PUNCT,punct,8500,fragte
8510,Herr,Herr,NOUN,sb,8512,notierte
8511,Lindpeindler,Lindpeindler,PROPN,nk,8510,Herr
8512,notierte,notieren,VERB,ROOT,8512,notierte
8513,sich,sich,PRON,oa,8512,notierte
8514,wenigstens,wenigstens,ADV,mo,8512,notierte
8515,den,der,DET,nk,8516,Inhalt
8516,Inhalt,Inhalt,NOUN,oa,8512,notierte
8517,des,der,DET,nk,8518,extemporierten
8518,extemporierten,extemporiert,ADJ,ag,8516,Inhalt
8519,Liedes,Liedes,NOUN,ROOT,8519,Liedes
8520,;,--,PUNCT,punct,8519,Liedes
8521,es,es,PRON,sb,8522,war
8522,war,sein,AUX,ROOT,8522,war
8523,die,der,DET,nk,8524,Wehklage
8524,Wehklage,Wehklage,NOUN,sb,8522,war
8525,über,über,ADP,mo,8522,war
8526,den,der,DET,nk,8527,Tod
8527,Tod,Tod,NOUN,nk,8525,über
8528,von,von,ADP,pg,8527,Tod
8529,tausend,tausend,NUM,nk,8530,Zigeunern
8530,Zigeunern,Zigeuner,NOUN,nk,8528,von
8531,.,--,PUNCT,punct,8522,war
8532,Im,in,ADP,ROOT,8532,Im
8533,Jahr,Jahr,NOUN,nk,8532,Im
8534,1537,1537,NUM,nk,8533,Jahr
8535,wurde,werden,AUX,ROOT,8535,wurde
8536,in,in,ADP,mo,8535,wurde
8537,den,der,DET,nk,8539,Unruhen
8538,Zapolischen,Zapolischen,ADJ,nk,8539,Unruhen
8539,Unruhen,Unruhe,NOUN,nk,8536,in
8540,das,der,DET,nk,8541,Kastell
8541,Kastell,Kastell,NOUN,sb,8535,wurde
8542,Nagy-Ida,Nagy-Ida,PROPN,nk,8541,Kastell
8543,in,in,ADP,mnr,8541,Kastell
8544,der,der,DET,nk,8545,Abanywarer
8545,Abanywarer,Abanywarer,NOUN,nk,8543,in
8546,Gespanschaft,Gespanschaft,NOUN,ROOT,8546,Gespanschaft
8547,mit,mit,ADP,mnr,8546,Gespanschaft
8548,Belagerung,Belagerung,NOUN,nk,8547,mit
8549,von,von,ADP,pg,8548,Belagerung
8550,kaiserlichen,kaiserlich,ADJ,nk,8551,Truppen
8551,Truppen,Truppe,NOUN,nk,8549,von
8552,bedroht,bedrohen,VERB,oc,8546,Gespanschaft
8553,.,--,PUNCT,punct,8546,Gespanschaft
8554,Franz,Franz,PROPN,pnc,8555,von
8555,von,von,PROPN,ROOT,8555,von
8556,Perecey,Perecey,PROPN,sb,8563,stutzte
8557,",",--,PUNCT,punct,8556,Perecey
8558,der,der,PRON,sb,8561,verteidigte
8559,das,der,DET,nk,8560,Kastell
8560,Kastell,Kastell,NOUN,oa,8561,verteidigte
8561,verteidigte,verteidigen,VERB,rc,8556,Perecey
8562,",",--,PUNCT,punct,8563,stutzte
8563,stutzte,stutzen,VERB,ROOT,8563,stutzte
8564,",",--,PUNCT,punct,8563,stutzte
8565,aus,aus,ADP,mo,8563,stutzte
8566,Truppenmangel,Truppenmangel,PROPN,nk,8565,aus
8567,",",--,PUNCT,punct,8566,Truppenmangel
8568,tausend,tausend,NUM,dep,8563,stutzte
8569,Zigeuner,Zigeuner,NOUN,ROOT,8569,Zigeuner
8570,in,in,ADP,mnr,8569,Zigeuner
8571,der,der,DET,nk,8572,Eile
8572,Eile,Eile,NOUN,nk,8570,in
8573,zu,zu,ADP,mo,8569,Zigeuner
8574,Soldaten,Soldat,NOUN,nk,8573,zu
8575,und,und,CCONJ,cd,8569,Zigeuner
8576,legte,legen,VERB,cj,8575,und
8577,sie,sie,PRON,oa,8576,legte
8578,unter,unter,ADP,mo,8576,legte
8579,reichen,reich,ADJ,nk,8580,Versprechungen
8580,Versprechungen,Versprechung,NOUN,nk,8578,unter
8581,von,von,ADP,mo,8576,legte
8582,Geld,Geld,NOUN,sb,8592,hielten
8583,und,und,CCONJ,cd,8582,Geld
8584,Freiheiten,Freiheit,NOUN,cj,8583,und
8585,auf,auf,ADP,mnr,8582,Geld
8586,Kindeskinder,Kindeskinder,NOUN,nk,8585,auf
8587,",",--,PUNCT,punct,8592,hielten
8588,wenn,wenn,SCONJ,cp,8592,hielten
8589,sie,sie,PRON,sb,8592,hielten
8590,sich,sich,PRON,oa,8592,hielten
8591,wacker,wack,ADV,mo,8592,hielten
8592,hielten,halten,VERB,ROOT,8592,hielten
8593,",",--,PUNCT,punct,8592,hielten
8594,gegen,gegen,ADP,mo,8592,hielten
8595,den,der,PRON,nk,8594,gegen
8596,ersten,erster,ADJ,nk,8597,Anlauf
8597,Anlauf,Anlauf,NOUN,ROOT,8597,Anlauf
8598,in,in,ADP,mnr,8597,Anlauf
8599,die,der,DET,nk,8601,Schanzen
8600,äußeren,äußerer,ADJ,nk,8601,Schanzen
8601,Schanzen,Schanze,NOUN,nk,8598,in
8602,.,--,PUNCT,punct,8597,Anlauf
8603,Auf,auf,ADP,op,8606,hielten
8604,diese,dieser,DET,nk,8603,Auf
8605,vertrauend,vertrauend,ADV,mo,8606,hielten
8606,hielten,halten,VERB,ROOT,8606,hielten
8607,sich,sich,PRON,oa,8606,hielten
8608,diese,dieser,PRON,sb,8606,hielten
8609,Helden,Held,NOUN,ROOT,8609,Helden
8610,auch,auch,ADV,mo,8612,vortrefflich
8611,ganz,ganz,ADV,mo,8612,vortrefflich
8612,vortrefflich,vortrefflich,ADV,pd,8609,Helden
8613,",",--,PUNCT,punct,8609,Helden
8614,sie,sie,PRON,sb,8615,empfingen
8615,empfingen,empfingen,VERB,oc,8609,Helden
8616,die,der,DET,nk,8617,Belagerer
8617,Belagerer,Belagerer,NOUN,oa,8615,empfingen
8618,mit,mit,ADP,mo,8615,empfingen
8619,einem,ein,DET,nk,8620,heftigen
8620,heftigen,heftig,ADJ,nk,8618,mit
8621,Feuer,Feuer,NOUN,ROOT,8621,Feuer
8622,",",--,PUNCT,punct,8621,Feuer
8623,so,so,ADV,mo,8626,umwendeten
8624,daß,daß,SCONJ,cp,8626,umwendeten
8625,sie,sie,PRON,sb,8626,umwendeten
8626,umwendeten,umwendeten,VERB,mo,8621,Feuer
8627,.,--,PUNCT,punct,8621,Feuer
8628,Aber,aber,CCONJ,ju,8630,krochen
8629,nun,nun,ADV,mo,8630,krochen
8630,krochen,kriechen,VERB,ROOT,8630,krochen
8631,die,der,DET,nk,8632,Helden
8632,Helden,Held,NOUN,sb,8630,krochen
8633,übermütig,übermütig,ADV,mo,8630,krochen
8634,aus,aus,ADP,mo,8630,krochen
8635,ihren,ihr,DET,nk,8634,aus
8636,Löchern,Loch,NOUN,sb,8651,hätten
8637,und,und,CCONJ,cd,8636,Löchern
8638,schrien,Schrie,NOUN,cj,8637,und
8639,den,der,DET,nk,8640,Fliehenden
8640,Fliehenden,fliehend,NOUN,da,8638,schrien
8641,nach,nach,ADP,svp,8638,schrien
8642,:,--,PUNCT,punct,8636,Löchern
8643,»,--,PUNCT,punct,8644,Geht
8644,Geht,gehen,VERB,mo,8651,hätten
8645,zum,zu,ADP,mo,8644,Geht
8646,Henker,Henker,NOUN,nk,8645,zum
8647,",",--,PUNCT,punct,8644,Geht
8648,ihr,ihr,DET,nk,8649,Lumpen
8649,Lumpen,Lumpen,NOUN,cj,8644,Geht
8650,",",--,PUNCT,punct,8651,hätten
8651,hätten,haben,AUX,ROOT,8651,hätten
8652,wir,wir,PRON,oa,8663,zwiebeln
8653,noch,noch,ADV,mnr,8652,wir
8654,Pulver,Pulver,NOUN,cj,8653,noch
8655,und,und,CCONJ,cd,8654,Pulver
8656,Blei,Blei,NOUN,cj,8655,und
8657,",",--,PUNCT,punct,8658,so
8658,so,so,ADV,mo,8659,wollten
8659,wollten,wollen,AUX,ROOT,8659,wollten
8660,wir,wir,PRON,sb,8659,wollten
8661,euch,euch,PRON,oa,8663,zwiebeln
8662,anders,anders,ADV,mo,8663,zwiebeln
8663,zwiebeln,zwiebeln,VERB,oc,8659,wollten
8664,.,--,PUNCT,punct,8659,wollten
8665,«,--,PUNCT,punct,8659,wollten
8666,Da,da,ADV,mo,8667,sahen
8667,sahen,sehen,VERB,ROOT,8667,sahen
8668,sich,sich,PRON,oa,8667,sahen
8669,die,der,DET,nk,8670,Abziehenden
8670,Abziehenden,Abziehend,NOUN,ROOT,8670,Abziehenden
8671,um,um,ADP,svp,8670,Abziehenden
8672,",",--,PUNCT,punct,8670,Abziehenden
8673,und,und,CCONJ,cd,8670,Abziehenden
8674,als,als,SCONJ,mo,8680,frechen
8675,sie,sie,PRON,nk,8674,als
8676,statt,statt,ADP,mo,8680,frechen
8677,regulierter,reguliert,ADJ,nk,8678,Truppen
8678,Truppen,Truppe,NOUN,nk,8676,statt
8679,einen,ein,DET,nk,8680,frechen
8680,frechen,frech,ADJ,cj,8673,und
8681,Zigeunerschwarm,Zigeunerschwarm,NOUN,oa,8685,merkten
8682,auf,auf,ADP,mnr,8681,Zigeunerschwarm
8683,den,der,DET,nk,8684,Wällen
8684,Wällen,Wälle,NOUN,nk,8682,auf
8685,merkten,merken,VERB,mo,8687,ergriff
8686,",",--,PUNCT,punct,8687,ergriff
8687,ergriff,ergreifen,VERB,ROOT,8687,ergriff
8688,sie,sie,PRON,sb,8687,ergriff
8689,der,der,DET,nk,8690,Zorn
8690,Zorn,Zorn,NOUN,oa,8687,ergriff
8691,",",--,PUNCT,punct,8687,ergriff
8692,sie,sie,PRON,sb,8693,drangen
8693,drangen,dringen,VERB,cj,8687,ergriff
8694,in,in,ADP,mo,8693,drangen
8695,die,der,DET,nk,8696,Schanze
8696,Schanze,Schanze,NOUN,ROOT,8696,Schanze
8697,und,und,CCONJ,cd,8696,Schanze
8698,säbelten,säbeln,VERB,cj,8697,und
8699,die,der,DET,nk,8701,Helden
8700,armen,arm,ADJ,nk,8701,Helden
8701,Helden,Held,NOUN,oa,8698,säbelten
8702,bis,bis,ADP,ac,8703,auf
8703,auf,auf,ADP,mo,8698,säbelten
8704,den,der,DET,nk,8706,Mann
8705,letzten,letzter,ADJ,nk,8706,Mann
8706,Mann,Mann,NOUN,nk,8703,auf
8707,nieder,nieder,ADV,svp,8698,säbelten
8708,.,--,PUNCT,punct,8696,Schanze
8709,Diese,dieser,DET,nk,8710,Niederlage
8710,Niederlage,Niederlage,NOUN,ROOT,8710,Niederlage
8711,",",--,PUNCT,punct,8710,Niederlage
8712,eine,einer,PRON,app,8710,Niederlage
8713,der,der,DET,nk,8715,Erinnerungen
8714,traurigsten,traurig,ADJ,nk,8715,Erinnerungen
8715,Erinnerungen,Erinnerung,NOUN,ag,8712,eine
8716,der,der,DET,nk,8717,Zigeuner
8717,Zigeuner,Zigeuner,NOUN,ag,8715,Erinnerungen
8718,in,in,ADP,mnr,8715,Erinnerungen
8719,jener,jener,DET,nk,8718,in
8720,Gegend,gegend,ADV,mo,8722,hatte
8721,",",--,PUNCT,punct,8722,hatte
8722,hatte,haben,VERB,ROOT,8722,hatte
8723,Michaly,Michaly,NOUN,sb,8722,hatte
8724,in,in,ADP,mo,8722,hatte
8725,der,der,DET,nk,8726,Klage
8726,Klage,Klage,NOUN,nk,8724,in
8727,einer,ein,DET,nk,8728,Mutter
8728,Mutter,Mutter,NOUN,ag,8726,Klage
8729,um,um,ADP,mnr,8726,Klage
8730,ihren,ihr,DET,nk,8731,Sohn
8731,Sohn,Sohn,NOUN,nk,8729,um
8732,und,und,CCONJ,cd,8731,Sohn
8733,einer,ein,DET,nk,8734,Braut
8734,Braut,Braut,NOUN,cj,8732,und
8735,um,um,SCONJ,cp,8739,besungen
8736,ihren,ihr,DET,nk,8738,Geliebten
8737,gefallenen,gefallen,ADJ,nk,8738,Geliebten
8738,Geliebten,geliebter,NOUN,da,8739,besungen
8739,besungen,besungen,VERB,ROOT,8739,besungen
8740,.,--,PUNCT,punct,8739,besungen
8741,Devillier,devillier,NOUN,sb,8742,sagte
8742,sagte,sagen,VERB,ROOT,8742,sagte
8743,nun,nun,ADV,mo,8742,sagte
8744,zu,zu,ADP,mo,8742,sagte
8745,dem,der,DET,nk,8746,Kroaten
8746,Kroaten,Kroate,NOUN,nk,8744,zu
8747,:,--,PUNCT,punct,8742,sagte
8748,»,--,PUNCT,punct,8749,Damit
8749,Damit,damit,SCONJ,cp,8759,in
8750,Sie,sie,PRON,sb,8749,Damit
8751,nicht,nicht,PART,ng,8753,meinen
8752,länger,lang,ADV,mo,8751,nicht
8753,meinen,mein,DET,nk,8754,Glauben
8754,Glauben,Glaube,NOUN,oa,8759,in
8755,an,an,ADP,op,8754,Glauben
8756,den,der,DET,nk,8757,Hexenmeister
8757,Hexenmeister,Hexenmeister,ADJ,nk,8755,an
8758,Mores,More,NOUN,ag,8757,Hexenmeister
8759,in,in,ADP,ROOT,8759,in
8760,Katzengestalt,Katzengestalt,NOUN,oa,8761,bezweifeln
8761,bezweifeln,bezweifeln,VERB,oc,8768,erzählen
8762,",",--,PUNCT,punct,8763,will
8763,will,wollen,AUX,ROOT,8763,will
8764,ich,ich,PRON,sb,8763,will
8765,Ihnen,ihnen,PRON,da,8768,erzählen
8766,eine,ein,DET,nk,8767,Geschichte
8767,Geschichte,Geschichte,NOUN,oa,8768,erzählen
8768,erzählen,erzählen,VERB,oc,8763,will
8769,",",--,PUNCT,punct,8768,erzählen
8770,bei,bei,ADP,mo,8763,will
8771,welcher,welcher,PRON,nk,8770,bei
8772,ich,ich,PRON,sb,8775,habe
8773,selbst,selbst,ADV,mnr,8772,ich
8774,geholfen,helfen,VERB,oc,8775,habe
8775,habe,haben,AUX,ROOT,8775,habe
8776,",",--,PUNCT,punct,8783,töten
8777,ein,ein,DET,nk,8778,paar
8778,paar,paar,DET,oa,8783,töten
8779,hundert,hundert,NUM,nk,8778,paar
8780,solcher,solcher,DET,nk,8781,Zauberer
8781,Zauberer,Zauberer,NOUN,ag,8779,hundert
8782,zu,zu,PART,pm,8783,töten
8783,töten,töten,VERB,oc,8775,habe
8784,.,--,PUNCT,punct,8775,habe
8785,«,--,PUNCT,punct,8775,habe
8786,–,--,PUNCT,ROOT,8786,–
8787,Ein,ein,DET,ROOT,8787,Ein
8788,paar,paar,DET,mo,8789,hundert
8789,hundert,hundert,NUM,mo,8792,riefen
8790,!,--,PUNCT,punct,8792,riefen
8791,«,--,PUNCT,punct,8792,riefen
8792,riefen,rufen,VERB,ROOT,8792,riefen
8793,mehrere,mehrere,PRON,sb,8792,riefen
8794,in,in,ADP,mo,8792,riefen
8795,der,der,DET,nk,8796,Gesellschaft
8796,Gesellschaft,Gesellschaft,NOUN,nk,8794,in
8797,.,--,PUNCT,punct,8792,riefen
8798,»,--,PUNCT,punct,8803,Devillier
8799,Ja,ja,PART,dm,8803,Devillier
8800,!,--,PUNCT,punct,8803,Devillier
8801,«,--,PUNCT,punct,8803,Devillier
8802,erwiderte,erwidert,ADJ,nk,8803,Devillier
8803,Devillier,Devillier,NOUN,ROOT,8803,Devillier
8804,",",--,PUNCT,punct,8803,Devillier
8805,»,--,PUNCT,punct,8808,will
8806,und,und,CCONJ,ju,8808,will
8807,das,der,PRON,oa,8812,beschwören
8808,will,wollen,AUX,ROOT,8808,will
8809,ich,ich,PRON,sb,8808,will
8810,ebenso,ebenso,ADV,mo,8811,getrost
8811,getrost,getrost,ADV,mo,8812,beschwören
8812,beschwören,beschwören,VERB,oc,8808,will
8813,als,als,ADP,cm,8815,Freund
8814,unser,unser,DET,nk,8815,Freund
8815,Freund,Freund,NOUN,cc,8811,getrost
8816,den,der,DET,nk,8817,musizierenden
8817,musizierenden,musizierenden,NOUN,oa,8812,beschwören
8818,Katzenkongreß,Katzenkongreß,NOUN,ROOT,8818,Katzenkongreß
8819,.,--,PUNCT,punct,8818,Katzenkongreß
8820,«,--,PUNCT,ROOT,8820,«
8821,Devilliers,Devillier,PROPN,ag,8822,Erzählung
8822,Erzählung,Erzählung,NOUN,ROOT,8822,Erzählung
8823,von,von,ADP,pg,8822,Erzählung
8824,den,der,DET,nk,8825,Hexen
8825,Hexen,Hexe,NOUN,nk,8823,von
8826,auf,auf,ADP,mnr,8825,Hexen
8827,dem,der,DET,nk,8828,Austerfelsen
8828,Austerfelsen,Austerfelse,NOUN,nk,8826,auf
8829,Vor,vor,ADP,mo,8843,genoß
8830,mehreren,mehrere,DET,nk,8831,Jahren
8831,Jahren,Jahr,NOUN,nk,8829,Vor
8832,",",--,PUNCT,punct,8829,Vor
8833,da,da,SCONJ,cp,8841,lag
8834,ich,ich,PRON,sb,8841,lag
8835,als,als,ADP,mo,8841,lag
8836,Lieutenant,Lieutenant,NOUN,nk,8835,als
8837,zu,zu,ADP,mo,8841,lag
8838,Dünkirchen,Dünkirchen,NOUN,nk,8837,zu
8839,in,in,ADP,mnr,8838,Dünkirchen
8840,Garnison,Garnison,PROPN,nk,8839,in
8841,lag,liegen,VERB,mo,8829,Vor
8842,",",--,PUNCT,punct,8843,genoß
8843,genoß,Genoß,PROPN,ROOT,8843,genoß
8844,ich,ich,PRON,sb,8847,Freundschaft
8845,der,der,DET,nk,8847,Freundschaft
8846,vertrauten,vertraut,ADJ,nk,8847,Freundschaft
8847,Freundschaft,Freundschaft,NOUN,ROOT,8847,Freundschaft
8848,meines,mein,DET,nk,8849,Majors
8849,Majors,Major,NOUN,ag,8847,Freundschaft
8850,",",--,PUNCT,punct,8847,Freundschaft
8851,eines,ein,DET,nk,8853,Gascogners
8852,alten,alt,ADJ,nk,8853,Gascogners
8853,Gascogners,Gascogner,NOUN,ag,8847,Freundschaft
8854,.,--,PUNCT,punct,8847,Freundschaft
8855,Er,er,PRON,sb,8856,war
8856,war,sein,AUX,ROOT,8856,war
8857,ein,ein,DET,nk,8859,Liebhaber
8858,großer,groß,ADJ,nk,8859,Liebhaber
8859,Liebhaber,Liebhaber,NOUN,ROOT,8859,Liebhaber
8860,von,von,ADP,pg,8859,Liebhaber
8861,Austern,Auster,NOUN,nk,8860,von
8862,",",--,PUNCT,punct,8859,Liebhaber
8863,und,und,CCONJ,cd,8859,Liebhaber
8864,zu,zu,ADP,op,8867,gehörte
8865,seiner,sein,DET,nk,8866,Majorschaft
8866,Majorschaft,Majorschaft,NOUN,nk,8864,zu
8867,gehörte,gehören,VERB,cj,8863,und
8868,der,der,DET,nk,8869,Genuß
8869,Genuß,Genuß,NOUN,sb,8867,gehörte
8870,von,von,ADP,sbp,8880,halben
8871,einem,ein,DET,nk,8873,Austerfelsen
8872,großen,groß,ADJ,nk,8873,Austerfelsen
8873,Austerfelsen,Austerfelse,NOUN,nk,8870,von
8874,",",--,PUNCT,punct,8873,Austerfelsen
8875,der,der,PRON,sb,8880,halben
8876,hinter,hinter,ADP,mo,8880,halben
8877,einem,ein,DET,nk,8878,Lustwäldchen
8878,Lustwäldchen,Lustwäldch,NOUN,nk,8876,hinter
8879,einen,ein,DET,nk,8880,halben
8880,halben,halb,ADJ,ROOT,8880,halben
8881,Büchsenschuß,Büchsenschuß,NOUN,sb,8888,lag
8882,weit,weit,ADV,mo,8888,lag
8883,vom,von,ADP,mo,8888,lag
8884,Ufer,Ufer,NOUN,nk,8883,vom
8885,in,in,ADP,mo,8888,lag
8886,der,der,DET,nk,8887,See
8887,See,See,NOUN,nk,8885,in
8888,lag,liegen,VERB,ROOT,8888,lag
8889,",",--,PUNCT,punct,8888,lag
8890,so,so,ADV,mo,8897,trocknen
8891,daß,daß,SCONJ,cp,8897,trocknen
8892,man,man,PRON,sb,8897,trocknen
8893,ihn,ihn,PRON,oa,8897,trocknen
8894,bei,bei,ADP,mo,8897,trocknen
8895,der,der,DET,nk,8896,Ebbe
8896,Ebbe,Ebbe,NOUN,nk,8894,bei
8897,trocknen,trockn,VERB,mo,8888,lag
8898,Fußes,Fußes,NOUN,oa,8899,erreichen
8899,erreichen,erreichen,VERB,oc,8900,konnte
8900,konnte,können,AUX,ROOT,8900,konnte
8901,",",--,PUNCT,punct,8900,konnte
8902,um,um,SCONJ,cp,8909,schlagen
8903,die,der,DET,nk,8905,Austern
8904,frischen,frisch,ADJ,nk,8905,Austern
8905,Austern,Auster,NOUN,oa,8909,schlagen
8906,vom,von,ADP,mnr,8905,Austern
8907,Felsen,Fels,NOUN,nk,8906,vom
8908,zu,zu,PART,pm,8909,schlagen
8909,schlagen,schlagen,VERB,mo,8900,konnte
8910,.,--,PUNCT,punct,8900,konnte
8911,Da,da,SCONJ,ROOT,8911,Da
8912,der,der,DET,sb,8911,Da
8913,Major,Major,PROPN,sb,8918,hatte
8914,eine,ein,DET,nk,8915,Zeit
8915,Zeit,Zeit,NOUN,oa,8917,bemerkt
8916,her,her,ADV,mo,8917,bemerkt
8917,bemerkt,bemerken,VERB,oc,8918,hatte
8918,hatte,haben,AUX,ROOT,8918,hatte
8919,",",--,PUNCT,punct,8918,hatte
8920,daß,daß,SCONJ,cp,8921,in
8921,in,in,ADP,cc,8916,her
8922,den,der,DET,nk,8926,Austern
8923,meisten,meister,DET,nk,8926,Austern
8924,zutage,zutage,ADV,mo,8925,liegenden
8925,liegenden,liegend,ADJ,nk,8926,Austern
8926,Austern,Auster,NOUN,nk,8921,in
8927,nichts,nichts,PRON,sb,8929,war
8928,drinnen,drinnen,ADV,mnr,8927,nichts
8929,war,sein,AUX,oc,8936,denken
8930,",",--,PUNCT,punct,8931,konnte
8931,konnte,können,AUX,ROOT,8931,konnte
8932,er,er,PRON,sb,8931,konnte
8933,sich,sich,PRON,oa,8936,denken
8934,gar,gar,ADV,mo,8935,nicht
8935,nicht,nicht,PART,ng,8931,konnte
8936,denken,denken,VERB,oc,8931,konnte
8937,",",--,PUNCT,punct,8936,denken
8938,wer,wer,PRON,oa,8936,denken
8939,ihm,ihm,PRON,da,8938,wer
8940,die,der,DET,nk,8941,Austern
8941,Austern,Auster,NOUN,oa,8936,denken
8942,aus,aus,ADP,mnr,8941,Austern
8943,den,der,DET,nk,8944,Schalen
8944,Schalen,Schal,NOUN,da,8945,hinwegstehle
8945,hinwegstehle,hinwegstehlen,VERB,ROOT,8945,hinwegstehle
8946,",",--,PUNCT,punct,8945,hinwegstehle
8947,und,und,CCONJ,cd,8945,hinwegstehle
8948,er,er,PRON,sb,8949,bat
8949,bat,bitten,VERB,cj,8947,und
8950,mich,mich,PRON,oa,8949,bat
8951,",",--,PUNCT,punct,8949,bat
8952,ihn,ihn,PRON,oa,8945,hinwegstehle
8953,in,in,ADP,mnr,8952,ihn
8954,einer,ein,DET,nk,8955,Nacht
8955,Nacht,Nacht,NOUN,nk,8953,in
8956,",",--,PUNCT,punct,8953,in
8957,mit,mit,ADP,cj,8953,in
8958,Schießgewehr,Schießgewehr,NOUN,nk,8957,mit
8959,bewaffnet,bewaffnet,VERB,ROOT,8959,bewaffnet
8960,",",--,PUNCT,punct,8959,bewaffnet
8961,nach,nach,ADP,mo,8965,begleiten
8962,dem,der,DET,nk,8963,Austerfelsen
8963,Austerfelsen,Austerfelse,NOUN,nk,8961,nach
8964,zu,zu,PART,pm,8965,begleiten
8965,begleiten,begleiten,VERB,oc,8959,bewaffnet
8966,",",--,PUNCT,punct,8965,begleiten
8967,um,um,SCONJ,cp,8971,belauern
8968,den,der,DET,nk,8969,Dieb
8969,Dieb,Dieb,NOUN,oa,8971,belauern
8970,zu,zu,PART,pm,8971,belauern
8971,belauern,belauern,VERB,mo,8965,begleiten
8972,.,--,PUNCT,punct,8959,bewaffnet
8973,Wir,wir,PRON,ROOT,8973,Wir
8974,hatten,haben,AUX,ROOT,8974,hatten
8975,kaum,kaum,ADV,mo,8978,Gehölz
8976,das,der,DET,nk,8978,Gehölz
8977,kleine,klein,ADJ,nk,8978,Gehölz
8978,Gehölz,Gehölz,NOUN,sb,8974,hatten
8979,betreten,betreten,VERB,oc,8974,hatten
8980,",",--,PUNCT,punct,8979,betreten
8981,als,als,SCONJ,punct,8974,hatten
8982,uns,uns,PRON,nk,8981,als
8983,ein,ein,DET,nk,8985,Katzengeheul
8984,schreckliches,schrecklich,ADJ,nk,8985,Katzengeheul
8985,Katzengeheul,Katzengeheul,NOUN,pd,8982,uns
8986,nach,nach,ADP,mo,8990,rief
8987,der,der,DET,nk,8988,See
8988,See,See,NOUN,nk,8986,nach
8989,hin,hin,ADV,mo,8990,rief
8990,rief,rufen,VERB,ROOT,8990,rief
8991,",",--,PUNCT,punct,8990,rief
8992,und,und,CCONJ,cd,8990,rief
8993,wie,wie,ADV,mo,8994,groß
8994,groß,groß,ADV,pd,8995,war
8995,war,sein,AUX,cj,8992,und
8996,unser,unser,DET,nk,8997,Erstaunen
8997,Erstaunen,erstaunen,NOUN,sb,8995,war
8998,",",--,PUNCT,punct,8997,Erstaunen
8999,als,als,SCONJ,cm,9002,Felsen
9000,wir,wir,PRON,nk,8999,als
9001,den,der,DET,nk,9002,Felsen
9002,Felsen,Fels,NOUN,mo,8995,war
9003,mit,mit,ADP,svp,8995,war
9004,einer,ein,DET,nk,9005,Unzahl
9005,Unzahl,Unzahl,NOUN,da,9008,besetzt
9006,von,von,ADP,pg,9005,Unzahl
9007,Katzen,Katze,NOUN,nk,9006,von
9008,besetzt,besetzen,VERB,oc,9009,fanden
9009,fanden,finden,VERB,ROOT,9009,fanden
9010,",",--,PUNCT,punct,9009,fanden
9011,die,der,PRON,dep,9009,fanden
9012,",",--,PUNCT,punct,9011,die
9013,ohne,ohne,SCONJ,mnr,9011,die
9014,sich,sich,PRON,nk,9013,ohne
9015,von,von,ADP,pg,9014,sich
9016,der,der,DET,nk,9017,Stelle
9017,Stelle,Stelle,NOUN,nk,9015,von
9018,zu,zu,ADP,ROOT,9018,zu
9019,bewegen,bewegen,VERB,ROOT,9019,bewegen
9020,",",--,PUNCT,punct,9019,bewegen
9021,das,der,DET,nk,9023,Jammergeschrei
9022,durchdringendste,durchdringendst,ADJ,nk,9023,Jammergeschrei
9023,Jammergeschrei,Jammergeschrei,NOUN,oa,9024,ausstießen
9024,ausstießen,ausstießen,VERB,oc,9019,bewegen
9025,.,--,PUNCT,punct,9019,bewegen
9026,Ich,ich,PRON,sb,9027,wollte
9027,wollte,wollen,AUX,ROOT,9027,wollte
9028,unter,unter,ADP,mo,9027,wollte
9029,sie,sie,PRON,nk,9028,unter
9030,schießen,schießen,VERB,ROOT,9030,schießen
9031,",",--,PUNCT,punct,9030,schießen
9032,aber,aber,CCONJ,cd,9030,schießen
9033,mein,mein,DET,nk,9034,Freund
9034,Freund,Freund,NOUN,sb,9035,warnte
9035,warnte,warnen,VERB,cj,9032,aber
9036,mich,mich,PRON,oa,9035,warnte
9037,",",--,PUNCT,punct,9035,warnte
9038,indem,indem,SCONJ,cp,9042,Gesellschaft
9039,es,es,PRON,par,9042,Gesellschaft
9040,gewiß,gewiß,ADV,mo,9042,Gesellschaft
9041,eine,ein,DET,nk,9042,Gesellschaft
9042,Gesellschaft,Gesellschaft,NOUN,mo,9030,schießen
9043,von,von,ADP,pg,9042,Gesellschaft
9044,Zauberern,Zauberer,NOUN,da,9047,sei
9045,und,und,CCONJ,cd,9044,Zauberern
9046,Hexen,Hexe,NOUN,cj,9045,und
9047,sei,sein,AUX,ROOT,9047,sei
9048,und,und,CCONJ,cd,9047,sei
9049,ich,ich,PRON,oa,9057,ziehen
9050,durch,durch,ADP,mo,9057,ziehen
9051,den,der,DET,nk,9052,Schuß
9052,Schuß,Schuß,NOUN,nk,9050,durch
9053,ihre,ihr,DET,nk,9054,Rache
9054,Rache,Rache,NOUN,oa,9057,ziehen
9055,auf,auf,ADP,mo,9057,ziehen
9056,uns,uns,PRON,nk,9055,auf
9057,ziehen,ziehen,VERB,cj,9048,und
9058,könnte,können,AUX,ROOT,9058,könnte
9059,.,--,PUNCT,punct,9058,könnte
9060,Ich,ich,PRON,sb,9061,lachte
9061,lachte,lachen,VERB,ROOT,9061,lachte
9062,und,und,CCONJ,cd,9061,lachte
9063,lief,laufen,VERB,cj,9062,und
9064,mit,mit,ADP,mo,9063,lief
9065,gezogenem,gezogen,ADJ,nk,9066,Säbel
9066,Säbel,Säbel,NOUN,nk,9064,mit
9067,nach,nach,ADP,mo,9063,lief
9068,dem,der,DET,nk,9069,Felsen
9069,Felsen,Fels,NOUN,nk,9067,nach
9070,hin,hin,ADV,svp,9063,lief
9071,;,--,PUNCT,punct,9061,lachte
9072,aber,aber,CCONJ,ROOT,9072,aber
9073,wie,wie,SCONJ,ROOT,9073,wie
9074,ward,werden,VERB,ROOT,9074,ward
9075,mir,mir,PRON,da,9074,ward
9076,zumute,zumute,ADV,mo,9074,ward
9077,",",--,PUNCT,punct,9074,ward
9078,da,da,SCONJ,cp,9083,hieb
9079,ich,ich,PRON,sb,9083,hieb
9080,unter,unter,ADP,mo,9083,hieb
9081,die,der,DET,nk,9082,Bestien
9082,Bestien,Bestien,NOUN,nk,9080,unter
9083,hieb,heiben,VERB,mo,9074,ward
9084,und,und,CCONJ,cd,9083,hieb
9085,sich,sich,PRON,cj,9084,und
9086,doch,doch,ADV,mo,9085,sich
9087,keine,kein,DET,nk,9088,einzige
9088,einzige,einzig,ADJ,pd,9085,sich
9089,von,von,ADP,sbp,9074,ward
9090,der,der,DET,nk,9091,Stelle
9091,Stelle,Stelle,NOUN,da,9092,bewegte
9092,bewegte,bewegen,VERB,ROOT,9092,bewegte
9093,!,--,PUNCT,punct,9092,bewegte
9094,Ich,ich,PRON,sb,9095,warf
9095,warf,werfen,VERB,ROOT,9095,warf
9096,meinen,mein,DET,nk,9097,Mantel
9097,Mantel,Mantel,NOUN,oa,9095,warf
9098,über,über,ADP,op,9095,warf
9099,eine,ein,PRON,nk,9098,über
9100,",",--,PUNCT,punct,9099,eine
9101,um,um,SCONJ,cp,9103,ungekratzt
9102,sie,sie,PRON,oa,9103,ungekratzt
9103,ungekratzt,ungekratzt,VERB,mo,9095,warf
9104,von,von,ADP,mo,9103,ungekratzt
9105,der,der,DET,nk,9104,von
9106,Erde,Erde,NOUN,oa,9107,aufheben
9107,aufheben,aufheben,VERB,oc,9109,können
9108,zu,zu,PART,pm,9109,können
9109,können,können,AUX,ROOT,9109,können
9110,",",--,PUNCT,punct,9109,können
9111,aber,aber,CCONJ,cd,9109,können
9112,es,es,PRON,sb,9113,war
9113,war,sein,AUX,cj,9111,aber
9114,unmöglich,unmöglich,ADV,pd,9113,war
9115,",",--,PUNCT,punct,9113,war
9116,sie,sie,PRON,oa,9121,bringen
9117,von,von,ADP,mo,9121,bringen
9118,der,der,DET,nk,9119,Stelle
9119,Stelle,Stelle,NOUN,nk,9117,von
9120,zu,zu,PART,pm,9121,bringen
9121,bringen,bringen,VERB,re,9112,es
9122,",",--,PUNCT,punct,9109,können
9123,sie,sie,PRON,sb,9124,war
9124,war,sein,AUX,ROOT,9124,war
9125,wie,wie,ADP,mo,9126,angewurzelt
9126,angewurzelt,angewurzelt,VERB,oc,9124,war
9127,.,--,PUNCT,punct,9124,war
9128,Da,da,ADV,mo,9129,lief
9129,lief,laufen,VERB,ROOT,9129,lief
9130,es,es,PRON,ep,9129,lief
9131,mir,mir,PRON,da,9129,lief
9132,eiskalt,eiskalt,ADV,mo,9129,lief
9133,über,über,ADP,mo,9129,lief
9134,den,der,DET,nk,9135,Rücken
9135,Rücken,Rücken,NOUN,nk,9133,über
9136,",",--,PUNCT,punct,9129,lief
9137,und,und,CCONJ,cd,9129,lief
9138,ich,ich,PRON,sb,9139,eilte
9139,eilte,eilen,VERB,cj,9137,und
9140,",",--,PUNCT,punct,9139,eilte
9141,zu,zu,ADP,mo,9144,zurückzukommen
9142,meinem,mein,DET,nk,9143,Freunde
9143,Freunde,Freund,NOUN,nk,9141,zu
9144,zurückzukommen,zurückkommen,VERB,ROOT,9144,zurückzukommen
9145,",",--,PUNCT,punct,9144,zurückzukommen
9146,der,der,PRON,sb,9144,zurückzukommen
9147,mich,mich,PRON,oa,9144,zurückzukommen
9148,wegen,wegen,ADP,mnr,9147,mich
9149,meiner,mein,DET,nk,9151,Expedition
9150,tollkühnen,tollkühn,ADJ,nk,9151,Expedition
9151,Expedition,Expedition,NOUN,nk,9148,wegen
9152,tüchtig,tüchtig,ADV,mo,9153,ausschmälte
9153,ausschmälte,ausschmälen,VERB,ROOT,9153,ausschmälte
9154,.,--,PUNCT,punct,9153,ausschmälte
9155,Wir,wir,PRON,sb,9156,standen
9156,standen,stehen,VERB,ROOT,9156,standen
9157,noch,noch,ADV,mo,9156,standen
9158,",",--,PUNCT,punct,9156,standen
9159,bis,bis,SCONJ,cp,9162,eintrat
9160,die,der,DET,nk,9161,Flut
9161,Flut,Flut,NOUN,sb,9162,eintrat
9162,eintrat,eintreten,VERB,mo,9156,standen
9163,",",--,PUNCT,punct,9162,eintrat
9164,um,um,SCONJ,cp,9166,sehen
9165,zu,zu,PART,pm,9166,sehen
9166,sehen,sehen,VERB,mo,9162,eintrat
9167,",",--,PUNCT,punct,9166,sehen
9168,wie,wie,ADV,mo,9156,standen
9169,sich,sich,PRON,da,9172,betragen
9170,die,der,DET,nk,9171,Hexenmeister
9171,Hexenmeister,Hexenmeister,NOUN,sb,9173,würden
9172,betragen,betragen,VERB,oc,9173,würden
9173,würden,werden,AUX,ROOT,9173,würden
9174,",",--,PUNCT,punct,9173,würden
9175,wenn,wenn,SCONJ,cp,9181,strömte
9176,das,der,DET,nk,9177,Wasser
9177,Wasser,Wasser,NOUN,sb,9181,strömte
9178,über,über,ADP,mo,9181,strömte
9179,sie,sie,PRON,nk,9178,über
9180,her,her,ADV,ac,9178,über
9181,strömte,strömen,VERB,mo,9172,betragen
9182,;,--,PUNCT,punct,9173,würden
9183,aber,aber,CCONJ,ju,9185,ging
9184,da,da,ADV,mo,9185,ging
9185,ging,gehen,VERB,ROOT,9185,ging
9186,es,es,PRON,ep,9185,ging
9187,uns,uns,PRON,da,9185,ging
9188,wie,wie,ADP,cm,9191,Freunde
9189,unserem,unser,DET,nk,9191,Freunde
9190,kroatischen,kroatisch,ADJ,nk,9191,Freunde
9191,Freunde,Freund,NOUN,cc,9187,uns
9192,",",--,PUNCT,punct,9185,ging
9193,als,als,SCONJ,cm,9195,Kirchglocke
9194,die,der,DET,nk,9195,Kirchglocke
9195,Kirchglocke,Kirchglock,NOUN,cc,9184,da
9196,das,der,DET,mo,9185,ging
9197,Katzenpickenick,Katzenpickenick,PROPN,sb,9201,unterbrach
9198,auf,auf,ADP,mo,9201,unterbrach
9199,der,der,DET,nk,9200,Eiche
9200,Eiche,Eiche,NOUN,nk,9198,auf
9201,unterbrach,unterbrechen,VERB,ROOT,9201,unterbrach
9202,.,--,PUNCT,punct,9201,unterbrach
9203,Kaum,kaum,ADV,mo,9204,rollte
9204,rollte,rollen,VERB,ROOT,9204,rollte
9205,die,der,DET,nk,9207,Welle
9206,erste,erster,ADJ,nk,9207,Welle
9207,Welle,Welle,NOUN,sb,9204,rollte
9208,über,über,ADP,mnr,9207,Welle
9209,den,der,DET,nk,9208,über
9210,Felsen,Fels,NOUN,ROOT,9210,Felsen
9211,",",--,PUNCT,punct,9210,Felsen
9212,als,als,SCONJ,cm,9215,Hexengesellschaft
9213,die,der,DET,nk,9215,Hexengesellschaft
9214,ganze,ganz,ADJ,nk,9215,Hexengesellschaft
9215,Hexengesellschaft,Hexengesellschaft,NOUN,cc,9210,Felsen
9216,mit,mit,ADP,mnr,9215,Hexengesellschaft
9217,solchem,solcher,DET,nk,9218,Ungestüm
9218,Ungestüm,Ungestüm,NOUN,nk,9216,mit
9219,gegen,gegen,ADP,mnr,9218,Ungestüm
9220,das,der,DET,nk,9221,Ufer
9221,Ufer,Ufer,NOUN,nk,9219,gegen
9222,und,und,CCONJ,cd,9215,Hexengesellschaft
9223,auf,auf,ADP,mo,9226,stürzte
9224,uns,uns,PRON,nk,9223,auf
9225,los,los,ADV,ac,9223,auf
9226,stürzte,stürzen,VERB,ROOT,9226,stürzte
9227,",",--,PUNCT,punct,9226,stürzte
9228,daß,daß,SCONJ,cp,9235,nahmen
9229,wir,wir,PRON,sb,9235,nahmen
9230,in,in,ADP,mo,9235,nahmen
9231,der,der,DET,nk,9233,Eile
9232,größten,groß,ADJ,nk,9233,Eile
9233,Eile,Eile,NOUN,nk,9230,in
9234,Reißaus,Reißaus,PROPN,oa,9235,nahmen
9235,nahmen,nehmen,VERB,oc,9226,stürzte
9236,.,--,PUNCT,punct,9226,stürzte
9237,Am,an,ADP,ROOT,9237,Am
9238,andern,anderer,PRON,nk,9237,Am
9239,Morgen,morgen,ADV,mo,9240,begab
9240,begab,begeben,VERB,ROOT,9240,begab
9241,sich,sich,PRON,oa,9240,begab
9242,der,der,DET,nk,9244,Major
9243,alte,alt,ADJ,nk,9244,Major
9244,Major,Major,PROPN,sb,9240,begab
9245,zum,zu,ADP,mo,9240,begab
9246,Gouverneur,Gouverneur,NOUN,nk,9245,zum
9247,der,der,DET,nk,9248,Festung
9248,Festung,Festung,NOUN,ag,9246,Gouverneur
9249,und,und,CCONJ,cd,9240,begab
9250,zeigte,zeigen,VERB,cj,9249,und
9251,ihm,ihm,PRON,da,9250,zeigte
9252,an,an,ADP,svp,9250,zeigte
9253,:,--,PUNCT,punct,9250,zeigte
9254,wie,wie,SCONJ,cm,9257,Festung
9255,die,der,DET,nk,9257,Festung
9256,ganze,ganz,ADJ,nk,9257,Festung
9257,Festung,Festung,NOUN,sb,9262,sei
9258,voll,voll,ADP,mo,9262,sei
9259,Hexen,Hexe,NOUN,nk,9258,voll
9260,und,und,CCONJ,cd,9259,Hexen
9261,Zauberern,Zauberer,NOUN,cj,9260,und
9262,sei,sein,AUX,ROOT,9262,sei
9263,",",--,PUNCT,punct,9262,sei
9264,deren,der,DET,ag,9265,Versammlung
9265,Versammlung,Versammlung,NOUN,sb,9262,sei
9266,er,er,PRON,sb,9265,Versammlung
9267,auf,auf,ADP,svp,9262,sei
9268,seinem,sein,DET,nk,9269,Austerfelsen
9269,Austerfelsen,Austerfelse,NOUN,da,9270,entdeckt
9270,entdeckt,entdecken,VERB,oc,9271,habe
9271,habe,haben,AUX,ROOT,9271,habe
9272,.,--,PUNCT,punct,9271,habe
9273,Der,der,DET,nk,9274,Gouverneur
9274,Gouverneur,Gouverneur,NOUN,sb,9275,lachte
9275,lachte,lachen,VERB,ROOT,9275,lachte
9276,ihn,ihn,PRON,oa,9275,lachte
9277,anfangs,anfangs,ADV,mo,9275,lachte
9278,aus,aus,ADP,svp,9275,lachte
9279,und,und,CCONJ,cd,9275,lachte
9280,begann,beginnen,VERB,ROOT,9280,begann
9281,",",--,PUNCT,punct,9280,begann
9282,als,als,SCONJ,cp,9286,begehrte
9283,er,er,PRON,sb,9286,begehrte
9284,ernsthaft,ernsthaft,ADV,mo,9286,begehrte
9285,Truppen,Truppe,NOUN,oa,9286,begehrte
9286,begehrte,begehrn,VERB,mo,9280,begann
9287,",",--,PUNCT,punct,9286,begehrte
9288,diese,dieser,DET,nk,9289,Zauberer
9289,Zauberer,Zauberer,NOUN,pd,9280,begann
9290,in,in,ADP,mnr,9289,Zauberer
9291,der,der,DET,nk,9293,Nacht
9292,nächsten,nächster,ADJ,nk,9293,Nacht
9293,Nacht,Nacht,NOUN,nk,9290,in
9294,niederschießen,niederschießen,VERB,oc,9296,lassen
9295,zu,zu,PART,pm,9296,lassen
9296,lassen,lassen,VERB,ROOT,9296,lassen
9297,",",--,PUNCT,punct,9296,lassen
9298,an,an,ADP,op,9302,zweifeln
9299,seinem,sein,DET,nk,9300,Verstande
9300,Verstande,Verstande,NOUN,nk,9298,an
9301,zu,zu,PART,pm,9302,zweifeln
9302,zweifeln,zweifeln,VERB,oc,9294,niederschießen
9303,.,--,PUNCT,punct,9296,lassen
9304,Der,der,DET,nk,9305,Major
9305,Major,Major,PROPN,sb,9306,stellte
9306,stellte,stellen,VERB,ROOT,9306,stellte
9307,mich,mich,PRON,cj,9314,bestätigte
9308,als,als,ADP,mnr,9307,mich
9309,Zeugen,Zeuge,NOUN,nk,9308,als
9310,auf,auf,ADP,mo,9307,mich
9311,",",--,PUNCT,punct,9307,mich
9312,und,und,CCONJ,ju,9314,bestätigte
9313,ich,ich,PRON,sb,9314,bestätigte
9314,bestätigte,bestätigen,VERB,ROOT,9314,bestätigte
9315,",",--,PUNCT,punct,9314,bestätigte
9316,was,was,PRON,oa,9318,gesehen
9317,ich,ich,PRON,sb,9318,gesehen
9318,gesehen,sehen,VERB,oc,9314,bestätigte
9319,",",--,PUNCT,punct,9314,bestätigte
9320,und,und,CCONJ,cd,9314,bestätigte
9321,die,der,DET,nk,9322,wunderbare
9322,wunderbare,wunderbar,ADJ,cj,9320,und
9323,Erscheinung,Erscheinung,NOUN,ROOT,9323,Erscheinung
9324,von,von,ADP,pg,9323,Erscheinung
9325,Unbeweglichkeit,Unbeweglichkeit,NOUN,nk,9324,von
9326,der,der,DET,nk,9327,Katzen
9327,Katzen,Katze,NOUN,ag,9325,Unbeweglichkeit
9328,.,--,PUNCT,punct,9323,Erscheinung
9329,Dem,der,DET,nk,9330,Gouverneur
9330,Gouverneur,Gouverneur,NOUN,da,9331,war
9331,war,sein,AUX,ROOT,9331,war
9332,die,der,DET,nk,9333,Sache
9333,Sache,Sache,NOUN,sb,9331,war
9334,unbegreiflich,unbegreiflich,ADV,ROOT,9334,unbegreiflich
9335,",",--,PUNCT,punct,9334,unbegreiflich
9336,und,und,CCONJ,cd,9334,unbegreiflich
9337,er,er,PRON,sb,9338,versprach
9338,versprach,versprechen,VERB,cj,9336,und
9339,",",--,PUNCT,punct,9338,versprach
9340,in,in,ADP,mo,9346,untersuchen
9341,der,der,DET,nk,9343,Nacht
9342,nächsten,nächster,ADJ,nk,9343,Nacht
9343,Nacht,Nacht,NOUN,nk,9340,in
9344,selbst,selbst,ADV,mnr,9343,Nacht
9345,zu,zu,PART,pm,9346,untersuchen
9346,untersuchen,untersuchen,VERB,oc,9338,versprach
9347,.,--,PUNCT,punct,9334,unbegreiflich
9348,Er,er,PRON,sb,9349,ließ
9349,ließ,lassen,VERB,ROOT,9349,ließ
9350,allen,aller,DET,nk,9351,Wachen
9351,Wachen,Wache,NOUN,da,9352,andeuten
9352,andeuten,andeuten,VERB,oc,9349,ließ
9353,",",--,PUNCT,punct,9352,andeuten
9354,ehe,ehe,SCONJ,cp,9363,Mann
9355,er,er,PRON,sb,9363,Mann
9356,in,in,ADP,mo,9363,Mann
9357,der,der,DET,nk,9358,Nacht
9358,Nacht,Nacht,NOUN,nk,9356,in
9359,mit,mit,ADP,mnr,9358,Nacht
9360,uns,uns,PRON,nk,9359,mit
9361,und,und,CCONJ,cd,9360,uns
9362,hundert,hundert,NUM,cj,9361,und
9363,Mann,Mann,NOUN,mo,9349,ließ
9364,Voltigeurs,Voltigeurs,NOUN,mo,9365,ausmarschierte
9365,ausmarschierte,ausmarschieren,VERB,ROOT,9365,ausmarschierte
9366,",",--,PUNCT,punct,9365,ausmarschierte
9367,keine,kein,DET,nk,9368,Rücksicht
9368,Rücksicht,Rücksicht,NOUN,oa,9371,nehmen
9369,darauf,darauf,ADV,mo,9371,nehmen
9370,zu,zu,PART,pm,9371,nehmen
9371,nehmen,nehmen,VERB,oc,9365,ausmarschierte
9372,",",--,PUNCT,punct,9371,nehmen
9373,wenn,wenn,SCONJ,cp,9375,schießen
9374,sie,sie,PRON,sb,9375,schießen
9375,schießen,schießen,VERB,re,9369,darauf
9376,hörten,hören,VERB,ROOT,9376,hörten
9377,.,--,PUNCT,punct,9376,hörten
9378,Als,als,SCONJ,cp,9382,nahten
9379,wir,wir,PRON,sb,9382,nahten
9380,dem,der,DET,nk,9381,Gehölz
9381,Gehölz,Gehölz,NOUN,da,9382,nahten
9382,nahten,nahn,VERB,ROOT,9382,nahten
9383,",",--,PUNCT,punct,9382,nahten
9384,tönte,Tönte,VERB,ag,9386,Katzengeschrei
9385,dasselbe,dasselbe,DET,nk,9386,Katzengeschrei
9386,Katzengeschrei,Katzengeschrei,NOUN,par,9382,nahten
9387,",",--,PUNCT,punct,9382,nahten
9388,und,und,CCONJ,cd,9382,nahten
9389,wir,wir,PRON,sb,9390,hatten
9390,hatten,haben,VERB,cj,9388,und
9391,vom,von,ADP,mo,9390,hatten
9392,Ufer,Ufer,NOUN,sb,9393,dasselbe
9393,dasselbe,dasselben,VERB,nk,9395,Schauspiel
9394,eigentümlich-schauerliche,eigentümlich-schauerlich,ADJ,nk,9395,Schauspiel
9395,Schauspiel,Schauspiel,NOUN,ROOT,9395,Schauspiel
9396,:,--,PUNCT,punct,9395,Schauspiel
9397,den,der,DET,nk,9399,heulenden
9398,lebendigen,lebendig,ADJ,nk,9399,heulenden
9399,heulenden,Heulenden,NOUN,par,9395,Schauspiel
9400,Felsen,Fels,NOUN,ROOT,9400,Felsen
9401,im,in,ADP,mnr,9400,Felsen
9402,Mondschein,Mondschein,PROPN,nk,9401,im
9403,über,über,ADP,mnr,9402,Mondschein
9404,der,der,DET,nk,9408,Meeresfläche
9405,weiten,weit,ADJ,nk,9408,Meeresfläche
9406,",",--,PUNCT,punct,9405,weiten
9407,unbegrenzten,unbegrenzt,ADJ,cj,9405,weiten
9408,Meeresfläche,Meeresfläche,NOUN,nk,9403,über
9409,.,--,PUNCT,punct,9400,Felsen
9410,Der,der,DET,nk,9411,Gouverneur
9411,Gouverneur,Gouverneur,NOUN,ROOT,9411,Gouverneur
9412,stutzte,stutzen,VERB,ROOT,9412,stutzte
9413,",",--,PUNCT,punct,9412,stutzte
9414,er,er,PRON,sb,9415,wollte
9415,wollte,wollen,VERB,oc,9412,stutzte
9416,hin,hin,ADV,svp,9415,wollte
9417,",",--,PUNCT,punct,9415,wollte
9418,aber,aber,CCONJ,cd,9415,wollte
9419,der,der,DET,nk,9420,Major
9420,Major,Major,PROPN,sb,9421,hielt
9421,hielt,halten,VERB,cj,9418,aber
9422,ihn,ihn,PRON,oa,9421,hielt
9423,mit,mit,ADP,mo,9421,hielt
9424,ängstlicher,ängstlich,ADJ,nk,9425,Sorge
9425,Sorge,Sorge,NOUN,nk,9423,mit
9426,zurück,zurück,ADV,svp,9421,hielt
9427,;,--,PUNCT,punct,9412,stutzte
9428,nun,nun,ADV,mo,9429,ließ
9429,ließ,lassen,VERB,ROOT,9429,ließ
9430,der,der,DET,nk,9431,Gouverneur
9431,Gouverneur,Gouverneur,NOUN,sb,9429,ließ
9432,die,der,DET,nk,9434,Mann
9433,hundert,hundert,NUM,nk,9434,Mann
9434,Mann,Mann,NOUN,oa,9429,ließ
9435,von,von,ADP,sbp,9440,umgeben
9436,der,der,DET,nk,9437,Landseite
9437,Landseite,Landseite,NOUN,nk,9435,von
9438,den,der,DET,nk,9439,Felsen
9439,Felsen,Fels,NOUN,oa,9440,umgeben
9440,umgeben,umgeben,VERB,oc,9429,ließ
9441,und,und,CCONJ,ROOT,9441,und
9442,zwei,zwei,NUM,nk,9444,Ladungen
9443,volle,voll,ADJ,nk,9444,Ladungen
9444,Ladungen,Ladung,NOUN,oa,9448,geben
9445,unter,unter,ADP,mo,9448,geben
9446,die,der,DET,nk,9447,Hexenmeister
9447,Hexenmeister,Hexenmeister,NOUN,nk,9445,unter
9448,geben,geben,VERB,cj,9441,und
9449,",",--,PUNCT,punct,9448,geben
9450,aber,aber,CCONJ,cd,9448,geben
9451,es,es,PRON,ph,9452,wich
9452,wich,weichen,VERB,cj,9450,aber
9453,keiner,keiner,PRON,sb,9452,wich
9454,von,von,ADP,pg,9453,keiner
9455,der,der,DET,nk,9456,Stelle
9456,Stelle,Stelle,NOUN,da,9466,begannen
9457,",",--,PUNCT,punct,9466,begannen
9458,wenngleich,wenngleich,SCONJ,cp,9466,begannen
9459,eine,ein,DET,nk,9460,Menge
9460,Menge,Menge,NOUN,sb,9466,begannen
9461,Stimmen,Stimme,NOUN,nk,9460,Menge
9462,unter,unter,ADP,mo,9465,schweigen
9463,ihnen,ihnen,PRON,nk,9462,unter
9464,zu,zu,PART,pm,9465,schweigen
9465,schweigen,schweigen,VERB,oc,9466,begannen
9466,begannen,beginnen,VERB,ROOT,9466,begannen
9467,.,--,PUNCT,punct,9466,begannen
9468,Hierüber,Hierüber,NOUN,mo,9469,verwundert
9469,verwundert,verwundern,ADV,mo,9476,halten
9470,ließ,lassen,VERB,ROOT,9470,ließ
9471,sich,sich,PRON,oa,9476,halten
9472,der,der,DET,nk,9473,Gouverneur
9473,Gouverneur,Gouverneur,NOUN,sb,9470,ließ
9474,nicht,nicht,PART,ng,9475,länger
9475,länger,lang,ADV,mo,9476,halten
9476,halten,halten,VERB,oc,9470,ließ
9477,",",--,PUNCT,punct,9470,ließ
9478,er,er,PRON,sb,9479,ging
9479,ging,gehen,VERB,cj,9470,ließ
9480,nach,nach,ADP,mo,9479,ging
9481,dem,der,DET,nk,9482,Felsen
9482,Felsen,Felsen,NOUN,ROOT,9482,Felsen
9483,",",--,PUNCT,punct,9482,Felsen
9484,und,und,CCONJ,cd,9482,Felsen
9485,wir,wir,PRON,sb,9486,folgten
9486,folgten,folgen,VERB,cj,9484,und
9487,ihm,ihm,PRON,da,9486,folgten
9488,;,--,PUNCT,punct,9482,Felsen
9489,er,er,PRON,sb,9490,versuchte
9490,versuchte,versuchen,VERB,ROOT,9490,versuchte
9491,",",--,PUNCT,punct,9490,versuchte
9492,eine,einer,PRON,oa,9495,wegzunehmen
9493,der,der,DET,nk,9494,Katzen
9494,Katzen,Katze,NOUN,ag,9492,eine
9495,wegzunehmen,wegzunehmen,VERB,oc,9490,versuchte
9496,",",--,PUNCT,punct,9490,versuchte
9497,aber,aber,CCONJ,ju,9499,waren
9498,sie,sie,PRON,sb,9499,waren
9499,waren,sein,AUX,ROOT,9499,waren
9500,alle,alle,PRON,pd,9499,waren
9501,wie,wie,ADP,cm,9502,angewachsen
9502,angewachsen,angewachsen,VERB,cc,9500,alle
9503,;,--,PUNCT,punct,9499,waren
9504,da,da,ADV,mo,9505,entdeckte
9505,entdeckte,entdecken,VERB,ROOT,9505,entdeckte
9506,ich,ich,PRON,sb,9505,entdeckte
9507,",",--,PUNCT,punct,9505,entdeckte
9508,daß,daß,SCONJ,cp,9509,sie
9509,sie,sie,PRON,oc,9505,entdeckte
9510,alle,alle,PRON,nk,9509,sie
9511,mit,mit,ADP,mnr,9509,sie
9512,einer,ein,DET,nk,9511,mit
9513,oder,oder,CCONJ,ROOT,9513,oder
9514,mehreren,mehrere,DET,nk,9515,Pfoten
9515,Pfoten,Pfot,NOUN,cj,9513,oder
9516,",",--,PUNCT,ROOT,9516,","
9517,manche,mancher,PRON,ROOT,9517,manche
9518,auch,auch,ADV,mo,9519,mit
9519,mit,mit,ADP,mo,9525,geschlossenen
9520,dem,der,DET,nk,9521,Schwanz
9521,Schwanz,Schwanz,NOUN,nk,9519,mit
9522,in,in,ADP,mo,9525,geschlossenen
9523,die,der,DET,nk,9525,geschlossenen
9524,fest,fest,ADV,mo,9525,geschlossenen
9525,geschlossenen,geschlossen,ADJ,oc,9517,manche
9526,Austern,Auster,NOUN,sb,9528,waren
9527,eingeklemmt,einklemmen,VERB,oc,9528,waren
9528,waren,sein,AUX,ROOT,9528,waren
9529,.,--,PUNCT,punct,9528,waren
9530,Als,als,SCONJ,cp,9533,angezeigt
9531,ich,ich,PRON,sb,9533,angezeigt
9532,dies,dieser,PRON,oa,9533,angezeigt
9533,angezeigt,anzeigen,VERB,mo,9535,mußten
9534,",",--,PUNCT,punct,9535,mußten
9535,mußten,müssen,AUX,ROOT,9535,mußten
9536,die,der,DET,nk,9537,Soldaten
9537,Soldaten,Soldat,NOUN,sb,9535,mußten
9538,heran,heran,ADV,svp,9535,mußten
9539,und,und,CCONJ,ju,9542,erlegen
9540,sie,sie,PRON,sb,9542,erlegen
9541,sämtlich,sämtlich,ADV,mo,9542,erlegen
9542,erlegen,erlegen,VERB,ROOT,9542,erlegen
9543,.,--,PUNCT,punct,9542,erlegen
9544,Da,da,SCONJ,cp,9548,nahte
9545,aber,aber,ADV,mo,9548,nahte
9546,die,der,DET,nk,9547,Flut
9547,Flut,Flut,NOUN,sb,9548,nahte
9548,nahte,nahen,VERB,mo,9550,zogen
9549,",",--,PUNCT,punct,9550,zogen
9550,zogen,ziehen,VERB,ROOT,9550,zogen
9551,wir,wir,PRON,sb,9550,zogen
9552,uns,sich,PRON,da,9550,zogen
9553,ans,an,ADP,mo,9550,zogen
9554,Land,Land,NOUN,nk,9553,ans
9555,zurück,zurück,ADV,ROOT,9555,zurück
9556,",",--,PUNCT,punct,9567,der
9557,und,und,CCONJ,cd,9556,","
9558,die,der,DET,nk,9560,Katzenversammlung
9559,ganze,ganz,ADJ,nk,9560,Katzenversammlung
9560,Katzenversammlung,Katzenversammlung,NOUN,cj,9557,und
9561,",",--,PUNCT,punct,9560,Katzenversammlung
9562,welche,welcher,PRON,mo,9565,lebhaft
9563,gestern,gestern,ADV,mo,9565,lebhaft
9564,so,so,ADV,mo,9565,lebhaft
9565,lebhaft,lebhaft,ADV,pd,9560,Katzenversammlung
9566,vor,vor,ADP,mo,9565,lebhaft
9567,der,der,DET,ROOT,9567,der
9568,ersten,erster,ADJ,nk,9569,Woge
9569,Woge,Woge,NOUN,da,9570,geflohen
9570,geflohen,fliehen,VERB,oc,9571,war
9571,war,sein,AUX,mo,9581,gespült
9572,",",--,PUNCT,punct,9573,wurde
9573,wurde,werden,AUX,ROOT,9573,wurde
9574,jetzt,jetzt,ADV,mo,9581,gespült
9575,von,von,ADP,sbp,9578,mausetot
9576,der,der,DET,nk,9577,Flut
9577,Flut,Flut,NOUN,nk,9575,von
9578,mausetot,mausetot,ADV,mo,9581,gespült
9579,ans,an,ADP,mo,9581,gespült
9580,Ufer,Ufer,NOUN,nk,9579,ans
9581,gespült,spülen,VERB,oc,9573,wurde
9582,",",--,PUNCT,punct,9573,wurde
9583,worauf,worauf,ADV,mo,9584,wir
9584,wir,wir,PRON,ROOT,9584,wir
9585,",",--,PUNCT,punct,9584,wir
9586,den,der,DET,nk,9588,Major
9587,guten,gut,ADJ,nk,9588,Major
9588,Major,Major,NOUN,oa,9593,auslachend
9589,herzlich,herzlich,ADV,mo,9593,auslachend
9590,mit,mit,ADP,mo,9593,auslachend
9591,seinen,sein,DET,nk,9592,Hexen
9592,Hexen,Hexe,NOUN,nk,9590,mit
9593,auslachend,auslachend,ADV,pd,9584,wir
9594,",",--,PUNCT,punct,9593,auslachend
9595,nach,nach,ADP,mo,9593,auslachend
9596,Hause,Haus,NOUN,nk,9595,nach
9597,marschierten,marschieren,VERB,ROOT,9597,marschierten
9598,.,--,PUNCT,punct,9597,marschierten
9599,Die,der,DET,nk,9600,Sache
9600,Sache,Sache,NOUN,sb,9602,war
9601,aber,aber,ADV,mo,9600,Sache
9602,war,sein,AUX,ROOT,9602,war
9603,folgende,folgend,ADJ,pd,9602,war
9604,:,--,PUNCT,punct,9602,war
9605,Die,der,DET,nk,9606,Katzen
9606,Katzen,Katze,NOUN,ROOT,9606,Katzen
9607,",",--,PUNCT,punct,9606,Katzen
9608,welche,welcher,PRON,cj,9606,Katzen
9609,die,der,DET,nk,9610,Austern
9610,Austern,Auster,NOUN,cj,9608,welche
9611,über,über,ADP,mnr,9610,Austern
9612,alles,alle,PRON,oa,9613,lieben
9613,lieben,lieben,VERB,mo,9615,zogen
9614,",",--,PUNCT,punct,9615,zogen
9615,zogen,ziehen,VERB,ROOT,9615,zogen
9616,sie,sie,PRON,sb,9615,zogen
9617,mit,mit,ADP,mo,9615,zogen
9618,den,der,DET,nk,9619,Pfoten
9619,Pfoten,Pfot,NOUN,nk,9617,mit
9620,aus,aus,ADP,mo,9615,zogen
9621,den,der,DET,nk,9622,Schalen
9622,Schalen,Schal,NOUN,nk,9620,aus
9623,",",--,PUNCT,punct,9615,zogen
9624,und,und,CCONJ,cd,9615,zogen
9625,das,der,PRON,sb,9626,gelang
9626,gelang,gelingen,VERB,cj,9624,und
9627,nicht,nicht,PART,ng,9626,gelang
9628,länger,lang,ADV,ROOT,9628,länger
9629,",",--,PUNCT,punct,9628,länger
9630,als,als,SCONJ,cm,9639,wurden
9631,bis,bis,SCONJ,cp,9639,wurden
9632,sie,sie,PRON,sb,9639,wurden
9633,von,von,ADP,sbp,9638,festgeklemmt
9634,den,der,DET,nk,9637,Muscheln
9635,sich,sich,PRON,da,9636,schließenden
9636,schließenden,schließend,ADJ,nk,9637,Muscheln
9637,Muscheln,Muschel,NOUN,nk,9633,von
9638,festgeklemmt,festgeklemmen,VERB,oc,9639,wurden
9639,wurden,werden,AUX,cc,9628,länger
9640,",",--,PUNCT,punct,9639,wurden
9641,wo,wo,SCONJ,ROOT,9641,wo
9642,sie,sie,PRON,sb,9649,unterhielten
9643,sich,sich,PRON,oa,9649,unterhielten
9644,dann,dann,ADV,mo,9649,unterhielten
9645,so,so,ADV,mo,9646,lange
9646,lange,lange,ADV,mo,9649,unterhielten
9647,mit,mit,ADP,mo,9649,unterhielten
9648,Wehklagen,Wehklage,NOUN,nk,9647,mit
9649,unterhielten,unterhalten,VERB,ROOT,9649,unterhielten
9650,",",--,PUNCT,punct,9649,unterhielten
9651,bis,bis,SCONJ,cp,9653,Austern
9652,die,der,DET,nk,9653,Austern
9653,Austern,Auster,NOUN,mo,9649,unterhielten
9654,",",--,PUNCT,punct,9653,Austern
9655,von,von,ADP,app,9653,Austern
9656,der,der,DET,nk,9655,von
9657,Flut,Flut,NOUN,oa,9658,überschwemmt
9658,überschwemmt,überschwemmen,VERB,ROOT,9658,überschwemmt
9659,",",--,PUNCT,punct,9658,überschwemmt
9660,sich,sich,PRON,oa,9662,öffneten
9661,wieder,wieder,ADV,mo,9662,öffneten
9662,öffneten,öffnen,VERB,cj,9658,überschwemmt
9663,und,und,CCONJ,cd,9662,öffneten
9664,ihre,ihr,DET,nk,9665,Gefangenen
9665,Gefangenen,gefangener,NOUN,oa,9666,entließen
9666,entließen,entließen,VERB,cj,9663,und
9667,;,--,PUNCT,punct,9658,überschwemmt
9668,und,und,CCONJ,ROOT,9668,und
9669,ich,ich,PRON,cj,9668,und
9670,glaube,glauben,VERB,ROOT,9670,glaube
9671,",",--,PUNCT,punct,9670,glaube
9672,bei,bei,ADP,mo,9678,würde
9673,strenger,streng,ADJ,nk,9674,Untersuchung
9674,Untersuchung,Untersuchung,NOUN,nk,9672,bei
9675,und,und,CCONJ,cd,9674,Untersuchung
9676,weniger,weniger,DET,nk,9677,Phantasie
9677,Phantasie,Phantasie,NOUN,cj,9675,und
9678,würde,werden,AUX,oc,9670,glaube
9679,unser,unser,DET,nk,9680,Freund
9680,Freund,Freund,NOUN,sb,9678,würde
9681,bei,bei,ADP,mo,9678,würde
9682,seinem,sein,DET,nk,9683,Katzenabenteuer
9683,Katzenabenteuer,Katzenabenteuer,NOUN,ROOT,9683,Katzenabenteuer
9684,ebenso,ebenso,ADV,mo,9686,lauter
9685,gut,gut,ADV,mo,9686,lauter
9686,lauter,lauter,DET,nk,9687,Fischdiebe
9687,Fischdiebe,Fischdieb,NOUN,ag,9683,Katzenabenteuer
9688,",",--,PUNCT,punct,9687,Fischdiebe
9689,wie,wie,SCONJ,mo,9691,Austerdiebe
9690,wir,wir,PRON,sb,9691,Austerdiebe
9691,Austerdiebe,Austerdiebe,PROPN,mo,9687,Fischdiebe
9692,",",--,PUNCT,punct,9687,Fischdiebe
9693,entdeckt,entdecken,VERB,oc,9694,haben
9694,haben,haben,AUX,ROOT,9694,haben
9695,.,--,PUNCT,punct,9694,haben
9696,Baciochis,Baciochi,PROPN,ag,9697,Erzählung
9697,Erzählung,Erzählung,NOUN,ROOT,9697,Erzählung
9698,vom,von,ADP,pg,9697,Erzählung
9699,wilden,wild,ADJ,nk,9700,Jäger
9700,Jäger,Jäger,NOUN,nk,9698,vom
9701,Nachdem,nachdem,SCONJ,cp,9707,Erzählung
9702,die,der,DET,nk,9703,Aufklärung
9703,Aufklärung,Aufklärung,NOUN,sb,9707,Erzählung
9704,dieses,dieser,DET,nk,9705,Ereignisses
9705,Ereignisses,Ereignis,NOUN,ag,9703,Aufklärung
9706,die,der,DET,nk,9707,Erzählung
9707,Erzählung,Erzählung,NOUN,ROOT,9707,Erzählung
9708,des,der,DET,nk,9709,Kroaten
9709,Kroaten,Kroate,NOUN,ag,9707,Erzählung
9710,in,in,ADP,mnr,9707,Erzählung
9711,ihrer,ihr,DET,nk,9710,in
9712,Schauerlichkeit,Schauerlichkeit,NOUN,sb,9715,hatte
9713,sehr,sehr,ADV,mo,9714,gemildert
9714,gemildert,mildern,VERB,oc,9715,hatte
9715,hatte,haben,AUX,mo,9717,kam
9716,",",--,PUNCT,punct,9717,kam
9717,kam,kommen,VERB,ROOT,9717,kam
9718,man,man,PRON,sb,9717,kam
9719,auf,auf,ADP,mo,9717,kam
9720,allerlei,allerlei,DET,nk,9721,Jagdgespenster
9721,Jagdgespenster,Jagdgespenster,NOUN,nk,9719,auf
9722,zu,zu,ADP,svp,9717,kam
9723,sprechen,sprechen,VERB,ROOT,9723,sprechen
9724,",",--,PUNCT,punct,9723,sprechen
9725,und,und,CCONJ,cd,9723,sprechen
9726,Lindpeindler,Lindpeindler,NOUN,sb,9727,fragte
9727,fragte,fragen,VERB,cj,9725,und
9728,:,--,PUNCT,punct,9727,fragte
9729,ob,ob,SCONJ,ROOT,9729,ob
9730,einer,einer,PRON,nk,9729,ob
9731,in,in,ADP,mnr,9730,einer
9732,der,der,DET,nk,9733,Gesellschaft
9733,Gesellschaft,Gesellschaft,NOUN,nk,9731,in
9734,vielleicht,vielleicht,ADV,mo,9730,einer
9735,je,je,ADV,mo,9734,vielleicht
9736,den,der,DET,nk,9738,Jäger
9737,wilden,wild,ADJ,nk,9738,Jäger
9738,Jäger,Jäger,NOUN,oa,9739,gesehen
9739,gesehen,sehen,VERB,oc,9742,habe
9740,oder,oder,CCONJ,cd,9739,gesehen
9741,gehört,hören,VERB,cj,9740,oder
9742,habe,haben,AUX,ROOT,9742,habe
9743,?,--,PUNCT,punct,9742,habe
9744,Da,da,ADV,mo,9745,sagte
9745,sagte,sagen,VERB,ROOT,9745,sagte
9746,der,der,DET,nk,9747,Feuerwerker
9747,Feuerwerker,Feuerwerker,NOUN,sb,9745,sagte
9748,:,--,PUNCT,punct,9745,sagte
9749,»,--,PUNCT,punct,9751,kam
9750,Mir,mir,PRON,da,9751,kam
9751,kam,kommen,VERB,oc,9745,sagte
9752,er,er,PRON,sb,9755,nahe
9753,schon,schon,ADV,mo,9754,so
9754,so,so,ADV,mo,9755,nahe
9755,nahe,nahe,ADV,ROOT,9755,nahe
9756,",",--,PUNCT,punct,9755,nahe
9757,daß,daß,SCONJ,cp,9764,sah
9758,ich,ich,PRON,sb,9764,sah
9759,das,der,DET,nk,9760,Blanke
9760,Blanke,Blanke,NOUN,oa,9764,sah
9761,in,in,ADP,mo,9764,sah
9762,den,der,DET,nk,9763,Augen
9763,Augen,Auge,NOUN,nk,9761,in
9764,sah,sehen,VERB,re,9754,so
9765,",",--,PUNCT,punct,9764,sah
9766,und,und,CCONJ,cd,9764,sah
9767,wenn,wenn,SCONJ,cp,9769,Jungfer
9768,die,der,DET,nk,9769,Jungfer
9769,Jungfer,Jungfer,NOUN,cj,9766,und
9770,Nanny,Nanny,PROPN,oa,9773,halten
9771,sich,sich,PRON,oa,9773,halten
9772,tapfer,tapf,ADV,mo,9773,halten
9773,halten,halten,VERB,ROOT,9773,halten
9774,und,und,CCONJ,cd,9773,halten
9775,die,der,DET,nk,9778,Gesellschaft
9776,ganze,ganz,ADJ,nk,9778,Gesellschaft
9777,ehrsame,ehrsam,ADJ,nk,9778,Gesellschaft
9778,Gesellschaft,Gesellschaft,NOUN,oa,9781,lange
9779,wenigstens,wenigstens,ADV,mo,9781,lange
9780,so,so,ADV,mo,9781,lange
9781,lange,lange,ADV,cj,9774,und
9782,daran,daran,ADV,op,9783,glauben
9783,glauben,glauben,VERB,oc,9784,will
9784,will,wollen,AUX,re,9793,so
9785,",",--,PUNCT,punct,9784,will
9786,bis,bis,SCONJ,cp,9791,ist
9787,die,der,DET,nk,9788,Geschichte
9788,Geschichte,Geschichte,NOUN,sb,9791,ist
9789,zu,zu,ADP,mo,9791,ist
9790,Ende,Ende,NOUN,nk,9789,zu
9791,ist,sein,AUX,mo,9783,glauben
9792,",",--,PUNCT,punct,9793,so
9793,so,so,ADV,mo,9794,will
9794,will,wollen,AUX,ROOT,9794,will
9795,ich,ich,PRON,sb,9794,will
9796,sie,sie,PRON,oa,9797,erzählen
9797,erzählen,erzählen,VERB,oc,9794,will
9798,.,--,PUNCT,punct,9794,will
9799,«,--,PUNCT,punct,9794,will
9800,Nanny,Nanny,PROPN,sb,9801,erwiderte
9801,erwiderte,erwidern,VERB,ROOT,9801,erwiderte
9802,:,--,PUNCT,punct,9801,erwiderte
9803,»,--,PUNCT,punct,9804,Erzähle
9804,Erzähle,erzähle,NOUN,oc,9801,erwiderte
9805,nur,nur,ADV,mo,9807,Baciochi
9806,",",--,PUNCT,punct,9805,nur
9807,Baciochi,Baciochi,PROPN,cj,9804,Erzähle
9808,",",--,PUNCT,punct,9804,Erzähle
9809,du,du,PRON,sb,9810,kennst
9810,kennst,kennstn,VERB,cj,9807,Baciochi
9811,mein,mein,DET,nk,9812,Temperament
9812,Temperament,Temperament,NOUN,oa,9810,kennst
9813,und,und,CCONJ,cd,9810,kennst
9814,wirst,wirst,AUX,cj,9813,und
9815,es,es,PRON,sb,9819,machen
9816,nicht,nicht,PART,ng,9818,arg
9817,zu,zu,PART,mo,9818,arg
9818,arg,arg,ADV,mo,9819,machen
9819,machen,machen,VERB,ROOT,9819,machen
9820,.,--,PUNCT,punct,9819,machen
9821,«,--,PUNCT,punct,9819,machen
9822,–,--,PUNCT,punct,9824,Erzählen
9823,»,--,PUNCT,punct,9824,Erzählen
9824,Erzählen,erzählen,VERB,oc,9828,fiel
9825,Sie,sie,PRON,sb,9824,Erzählen
9826,«,--,PUNCT,punct,9824,Erzählen
9827,",",--,PUNCT,punct,9828,fiel
9828,fiel,fallen,VERB,ROOT,9828,fiel
9829,Devillier,Devillier,NOUN,sb,9828,fiel
9830,ein,ein,ADV,svp,9828,fiel
9831,;,--,PUNCT,punct,9828,fiel
9832,»,--,PUNCT,ROOT,9832,»
9833,wenn,wenn,SCONJ,cp,9835,die
9834,wir,wir,PRON,sb,9833,wenn
9835,die,der,PRON,ROOT,9835,die
9836,Geschichte,Geschichte,NOUN,sb,9843,erklären
9837,auch,auch,ADV,mo,9838,am
9838,am,an,ADP,mo,9843,erklären
9839,Ende,Ende,NOUN,nk,9838,am
9840,für,für,ADP,mo,9843,erklären
9841,eine,ein,DET,nk,9842,Lüge
9842,Lüge,Lüge,NOUN,nk,9840,für
9843,erklären,erklären,VERB,re,9845,so
9844,",",--,PUNCT,punct,9845,so
9845,so,so,ADV,mo,9846,soll
9846,soll,sollen,AUX,ROOT,9846,soll
9847,Ihnen,ihnen,PRON,da,9846,soll
9848,bis,bis,ADP,mo,9846,soll
9849,dahin,dahin,ADV,nk,9848,bis
9850,geglaubt,glauben,VERB,oc,9851,werden
9851,werden,werden,AUX,ROOT,9851,werden
9852,.,--,PUNCT,punct,9851,werden
9853,«,--,PUNCT,punct,9851,werden
9854,Und,und,CCONJ,ju,9856,waren
9855,bald,bald,ADV,mo,9856,waren
9856,waren,sein,AUX,ROOT,9856,waren
9857,alle,aller,DET,nk,9858,Stimmen
9858,Stimmen,Stimme,NOUN,sb,9856,waren
9859,vereint,vereinen,VERB,pd,9856,waren
9860,",",--,PUNCT,punct,9856,waren
9861,den,der,DET,nk,9862,Feuerwerker
9862,Feuerwerker,Feuerwerker,NOUN,app,9858,Stimmen
9863,einzuladen,einladen,VERB,ROOT,9863,einzuladen
9864,",",--,PUNCT,punct,9863,einzuladen
9865,welcher,welcher,PRON,oa,9867,aufforderte
9866,alle,aller,PRON,nk,9867,aufforderte
9867,aufforderte,auffordern,VERB,cj,9863,einzuladen
9868,",",--,PUNCT,punct,9867,aufforderte
9869,sich,sich,PRON,oa,9874,setzen
9870,an,an,ADP,mo,9874,setzen
9871,ihre,ihr,DET,nk,9872,Plätze
9872,Plätze,Platz,NOUN,nk,9870,an
9873,zu,zu,PART,pm,9874,setzen
9874,setzen,setzen,VERB,oc,9867,aufforderte
9875,",",--,PUNCT,punct,9867,aufforderte
9876,und,und,CCONJ,cd,9867,aufforderte
9877,seiner,sein,DET,ROOT,9877,seiner
9878,Erzählung,Erzählung,NOUN,sb,9885,wußte
9879,einen,ein,DET,nk,9882,Charakter
9880,eigentümlichen,eigentümlich,ADJ,nk,9882,Charakter
9881,theatralischen,theatralisch,ADJ,nk,9882,Charakter
9882,Charakter,Charakter,NOUN,oa,9884,geben
9883,zu,zu,PART,pm,9884,geben
9884,geben,geben,VERB,oc,9885,wußte
9885,wußte,wissen,VERB,ROOT,9885,wußte
9886,.,--,PUNCT,punct,9885,wußte
9887,Alle,aller,PRON,ROOT,9887,Alle
9888,saßen,sitzen,VERB,ROOT,9888,saßen
9889,an,an,ADP,mo,9888,saßen
9890,Ort,Ort,NOUN,nk,9889,an
9891,und,und,CCONJ,cd,9890,Ort
9892,Stelle,Stelle,NOUN,cj,9891,und
9893,",",--,PUNCT,punct,9888,saßen
9894,er,er,PRON,sb,9895,machte
9895,machte,machen,VERB,cj,9888,saßen
9896,eine,ein,DET,nk,9897,Pause
9897,Pause,Pause,NOUN,oa,9895,machte
9898,",",--,PUNCT,punct,9888,saßen
9899,steckte,stecken,VERB,cj,9888,saßen
9900,sich,sich,PRON,oa,9899,steckte
9901,eine,ein,DET,nk,9902,Pfeife
9902,Pfeife,Pfeife,NOUN,sb,9899,steckte
9903,Tabak,Tabak,NOUN,nk,9902,Pfeife
9904,an,an,ADP,ROOT,9904,an
9905,und,und,CCONJ,ju,9906,schlug
9906,schlug,schlagen,VERB,ROOT,9906,schlug
9907,mit,mit,ADP,mo,9906,schlug
9908,der,der,DET,nk,9909,Faust
9909,Faust,Faust,NOUN,nk,9907,mit
9910,so,so,ADV,mo,9911,unerwartet
9911,unerwartet,unerwartet,ADV,mo,9912,heftig
9912,heftig,heftig,ADV,mo,9906,schlug
9913,auf,auf,ADP,mo,9906,schlug
9914,den,der,DET,nk,9915,Tisch
9915,Tisch,Tisch,NOUN,nk,9913,auf
9916,",",--,PUNCT,punct,9906,schlug
9917,daß,daß,SCONJ,cp,9919,Lichter
9918,die,der,DET,nk,9919,Lichter
9919,Lichter,Licht,NOUN,sb,9906,schlug
9920,verlöschten,verlöschten,VERB,ROOT,9920,verlöschten
9921,und,und,CCONJ,cd,9920,verlöschten
9922,alle,alle,PRON,oa,9924,aufschrien
9923,laut,laut,ADV,mo,9924,aufschrien
9924,aufschrien,aufschrien,ADV,cj,9921,und
9925,.,--,PUNCT,punct,9920,verlöschten
9926,»,--,PUNCT,punct,9929,fangen
9927,Meine,mein,DET,nk,9928,Feuerwerke
9928,Feuerwerke,Feuerwerk,NOUN,sb,9929,fangen
9929,fangen,fangen,VERB,oc,9937,sagte
9930,immer,immer,ADV,mo,9929,fangen
9931,mit,mit,ADP,mo,9929,fangen
9932,einem,ein,DET,nk,9933,Kanonenschuß
9933,Kanonenschuß,Kanonenschuß,NOUN,nk,9931,mit
9934,an,an,ADP,svp,9929,fangen
9935,«,--,PUNCT,punct,9929,fangen
9936,",",--,PUNCT,punct,9937,sagte
9937,sagte,sagen,VERB,ROOT,9937,sagte
9938,er,er,PRON,sb,9937,sagte
9939,",",--,PUNCT,punct,9937,sagte
9940,»,--,PUNCT,punct,9941,erschrecken
9941,erschrecken,erschrecken,VERB,ROOT,9941,erschrecken
9942,Sie,sie,PRON,sb,9941,erschrecken
9943,nicht,nicht,PART,ng,9941,erschrecken
9944,!,--,PUNCT,punct,9941,erschrecken
9945,«,--,PUNCT,punct,9941,erschrecken
9946,und,und,CCONJ,cd,9941,erschrecken
9947,in,in,ADP,mo,9950,brannte
9948,demselben,derselbe,DET,nk,9949,Augenblick
9949,Augenblick,Augenblick,NOUN,nk,9947,in
9950,brannte,brennen,VERB,cj,9946,und
9951,er,er,PRON,sb,9950,brannte
9952,mehrere,mehrere,DET,oa,9950,brannte
9953,Sprühkegel,Sprühkegel,NOUN,ROOT,9953,Sprühkegel
9954,an,an,ADP,svp,9953,Sprühkegel
9955,",",--,PUNCT,punct,9953,Sprühkegel
9956,die,der,PRON,oa,9966,geknetet
9957,er,er,PRON,sb,9966,geknetet
9958,aus,aus,ADP,mo,9966,geknetet
9959,Pulver,Pulver,NOUN,nk,9958,aus
9960,und,und,CCONJ,cd,9959,Pulver
9961,vergoßnem,vergoßn,ADJ,nk,9962,Weine
9962,Weine,Wein,NOUN,cj,9960,und
9963,in,in,ADP,mo,9966,geknetet
9964,der,der,DET,nk,9965,Stille
9965,Stille,Stille,NOUN,nk,9963,in
9966,geknetet,kneten,VERB,rc,9953,Sprühkegel
9967,hatte,haben,AUX,ROOT,9967,hatte
9968,",",--,PUNCT,punct,9967,hatte
9969,und,und,CCONJ,cd,9967,hatte
9970,sagte,sagen,VERB,cj,9969,und
9971,:,--,PUNCT,punct,9970,sagte
9972,»,--,PUNCT,punct,9973,Stellen
9973,Stellen,stellen,NOUN,oc,9970,sagte
9974,Sie,sie,PRON,sb,9973,Stellen
9975,sich,sich,PRON,oa,9973,Stellen
9976,vor,vor,ADP,svp,9973,Stellen
9977,",",--,PUNCT,punct,9973,Stellen
9978,Sie,sie,PRON,sb,9979,wären
9979,wären,sein,AUX,cj,9973,Stellen
9980,bei,bei,ADP,mo,9979,wären
9981,meinem,mein,DET,nk,9983,Feuerwerke
9982,großen,groß,ADJ,nk,9983,Feuerwerke
9983,Feuerwerke,Feuerwerke,NOUN,nk,9980,bei
9984,in,in,ADP,ROOT,9984,in
9985,Venedig,Venedig,PROPN,nk,9984,in
9986,",",--,PUNCT,punct,9985,Venedig
9987,welches,welcher,PRON,oa,9993,abbrannte
9988,ich,ich,PRON,sb,9993,abbrannte
9989,am,an,ADP,mo,9993,abbrannte
9990,Krönungstage,Krönungstage,NOUN,nk,9989,am
9991,Napoleons,Napoleon,PROPN,ag,9990,Krönungstage
9992,dort,dort,ADV,mo,9993,abbrannte
9993,abbrannte,abbrannen,VERB,rc,9985,Venedig
9994,.,--,PUNCT,punct,9984,in
9995,Es,es,PRON,sb,9996,mußten
9996,mußten,müssen,AUX,ROOT,9996,mußten
9997,mir,mir,PRON,da,9996,mußten
9998,einige,einiger,DET,nk,9999,Körner
9999,Körner,Korn,NOUN,sb,10000,prophetischen
10000,prophetischen,prophetisch,ADJ,nk,10001,Schießpulvers
10001,Schießpulvers,Schießpulver,NOUN,da,10005,gekommen
10002,in,in,ADP,mo,10005,gekommen
10003,die,der,DET,nk,10004,Masse
10004,Masse,Masse,NOUN,nk,10002,in
10005,gekommen,kommen,VERB,oc,10006,sein
10006,sein,sein,AUX,ROOT,10006,sein
10007,;,--,PUNCT,punct,10006,sein
10008,kurz,kurz,ADV,ROOT,10008,kurz
10009,gesagt,sagen,VERB,ROOT,10009,gesagt
10010,:,--,PUNCT,punct,10009,gesagt
10011,als,als,SCONJ,cm,10013,Thron
10012,der,der,DET,nk,10013,Thron
10013,Thron,Thron,NOUN,oc,10009,gesagt
10014,und,und,CCONJ,cd,10013,Thron
10015,die,der,DET,nk,10016,Krone
10016,Krone,Krone,NOUN,cj,10014,und
10017,und,und,CCONJ,cd,10016,Krone
10018,das,der,DET,nk,10020,Notabene
10019,große,groß,ADJ,nk,10020,Notabene
10020,Notabene,notabene,NOUN,cj,10017,und
10021,",",--,PUNCT,punct,10020,Notabene
10022,NB,NB,NOUN,app,10020,Notabene
10023,",",--,PUNCT,punct,10020,Notabene
10024,Napoleon,Napoleon,PROPN,punct,10009,gesagt
10025,Bonapartes,Bonapart,ADJ,ag,10026,Namenszug
10026,Namenszug,Namenszug,NOUN,ROOT,10026,Namenszug
10027,",",--,PUNCT,punct,10026,Namenszug
10028,im,in,ADP,mnr,10026,Namenszug
10029,vollen,voll,ADJ,nk,10030,Brillantfeuer
10030,Brillantfeuer,Brillantfeuer,PROPN,nk,10028,im
10031,",",--,PUNCT,punct,10026,Namenszug
10032,von,von,ADP,mnr,10026,Namenszug
10033,hunderttausend,hunderttausend,NUM,nk,10034,Schwärmern
10034,Schwärmern,Schwarm,NOUN,nk,10032,von
10035,und,und,CCONJ,ju,10037,umzischt
10036,Raketen,Rakete,NOUN,cj,10035,und
10037,umzischt,umzischen,VERB,ROOT,10037,umzischt
10038,",",--,PUNCT,punct,10037,umzischt
10039,kaum,kaum,ADV,mo,10041,Viertelstunde
10040,eine,ein,DET,nk,10041,Viertelstunde
10041,Viertelstunde,Viertelstunde,NOUN,ROOT,10041,Viertelstunde
10042,von,von,ADP,pg,10041,Viertelstunde
10043,einer,ein,DET,nk,10045,Generalität
10044,hohen,hoch,ADJ,nk,10045,Generalität
10045,Generalität,Generalität,NOUN,nk,10042,von
10046,und,und,CCONJ,cd,10041,Viertelstunde
10047,dem,der,DET,nk,10049,Publikum
10048,verehrten,verehrt,ADJ,nk,10049,Publikum
10049,Publikum,Publikum,NOUN,da,10050,beklatscht
10050,beklatscht,beklatschen,VERB,oc,10051,worden
10051,worden,werden,AUX,oc,10052,waren
10052,waren,sein,AUX,mo,10054,fing
10053,",",--,PUNCT,punct,10054,fing
10054,fing,fing,VERB,ROOT,10054,fing
10055,mein,mein,DET,nk,10056,Feuerwerk
10056,Feuerwerk,Feuerwerk,NOUN,sb,10054,fing
10057,an,an,ADP,svp,10054,fing
10058,",",--,PUNCT,punct,10054,fing
10059,ein,ein,DET,dep,10054,fing
10060,wenig,wenig,PRON,mo,10062,frösteln
10061,zu,zu,PART,pm,10062,frösteln
10062,frösteln,frösteln,VERB,ROOT,10062,frösteln
10063,;,--,PUNCT,punct,10062,frösteln
10064,es,es,PRON,sb,10065,platzte
10065,platzte,platzen,VERB,ROOT,10065,platzte
10066,und,und,CCONJ,cd,10065,platzte
10067,zischte,zischt,ADJ,nk,10068,manches
10068,manches,mancher,PRON,cj,10066,und
10069,zu,zu,PART,mo,10070,früh
10070,früh,früh,ADV,mo,10065,platzte
10071,und,und,CCONJ,cd,10070,früh
10072,zu,zu,PART,mo,10073,spät
10073,spät,spät,ADV,cj,10071,und
10074,ab,ab,ADP,svp,10065,platzte
10075,",",--,PUNCT,punct,10065,platzte
10076,eine,ein,PRON,dep,10065,platzte
10077,gute,gut,ADJ,nk,10078,Partie
10078,Partie,Partie,NOUN,sb,10083,brannten
10079,einzelner,einzeln,ADJ,nk,10080,Sonnen
10080,Sonnen,Sonne,NOUN,ag,10078,Partie
10081,und,und,CCONJ,cd,10080,Sonnen
10082,Räder,Rad,NOUN,cj,10081,und
10083,brannten,brennen,VERB,ROOT,10083,brannten
10084,mir,mir,PRON,da,10083,brannten
10085,in,in,ADP,mo,10083,brannten
10086,einer,ein,DET,nk,10087,Scheune
10087,Scheune,Scheune,NOUN,nk,10085,in
10088,nieder,nieder,ADV,svp,10083,brannten
10089,",",--,PUNCT,punct,10083,brannten
10090,die,der,PRON,sb,10094,verlor
10091,dabei,dabei,ADV,mo,10094,verlor
10092,das,der,DET,nk,10093,Dach
10093,Dach,Dach,NOUN,oa,10094,verlor
10094,verlor,verlieren,VERB,ROOT,10094,verlor
10095,.,--,PUNCT,punct,10094,verlor
10096,Das,der,DET,nk,10097,Schauspiel
10097,Schauspiel,Schauspiel,NOUN,sb,10098,war
10098,war,sein,AUX,ROOT,10098,war
10099,so,so,ADV,mo,10100,grandios
10100,grandios,grandios,ADV,mo,10101,angelegt
10101,angelegt,anlegen,VERB,pd,10098,war
10102,",",--,PUNCT,punct,10101,angelegt
10103,daß,daß,SCONJ,punct,10098,war
10104,man,man,PRON,sb,10103,daß
10105,diesen,dieser,DET,nk,10108,Scheunenbrand
10106,ganzen,ganz,ADJ,nk,10108,Scheunenbrand
10107,kunstlosen,kunstlos,ADJ,nk,10108,Scheunenbrand
10108,Scheunenbrand,Scheunenbrand,NOUN,oa,10112,hielt
10109,für,für,ADP,mnr,10108,Scheunenbrand
10110,seinen,sein,DET,nk,10111,Triumph
10111,Triumph,Triumph,NOUN,nk,10109,für
10112,hielt,halten,VERB,ROOT,10112,hielt
10113,",",--,PUNCT,punct,10112,hielt
10114,man,man,PRON,sb,10115,klatschte
10115,klatschte,klatschen,VERB,cj,10112,hielt
10116,",",--,PUNCT,punct,10115,klatschte
10117,und,und,CCONJ,ju,10124,ließ
10118,ich,ich,PRON,sb,10119,paukte
10119,paukte,pauken,VERB,cj,10117,und
10120,und,und,CCONJ,cd,10119,paukte
10121,trompetete,trompeten,VERB,cj,10120,und
10122,;,--,PUNCT,punct,10124,ließ
10123,schnell,schnell,ADV,mo,10124,ließ
10124,ließ,lassen,VERB,ROOT,10124,ließ
10125,ich,ich,PRON,sb,10124,ließ
10126,alle,aller,DET,nk,10129,Stücke
10127,meine,mein,DET,nk,10129,Stücke
10128,übrigen,übrig,ADJ,nk,10129,Stücke
10129,Stücke,Stück,NOUN,oa,10124,ließ
10130,in,in,ADP,mo,10124,ließ
10131,die,der,DET,nk,10132,Lücken
10132,Lücken,Lücke,NOUN,sb,10133,stellen
10133,stellen,stellen,VERB,ROOT,10133,stellen
10134,und,und,CCONJ,cd,10133,stellen
10135,von,von,ADP,sbp,10137,losfigurieren
10136,neuem,neu,ADJ,nk,10135,von
10137,losfigurieren,losfigurieren,VERB,cj,10134,und
10138,.,--,PUNCT,punct,10133,stellen
10139,Aber,aber,CCONJ,ju,10142,fuhr
10140,der,der,DET,nk,10141,Satan
10141,Satan,Satan,PROPN,sb,10142,fuhr
10142,fuhr,fahren,VERB,ROOT,10142,fuhr
10143,mir,mir,PRON,da,10142,fuhr
10144,mit,mit,ADP,mo,10142,fuhr
10145,dem,der,DET,nk,10144,mit
10146,Schwanz,Schwanz,NOUN,ROOT,10146,Schwanz
10147,drüber,drüber,ADV,mo,10146,Schwanz
10148,",",--,PUNCT,punct,10146,Schwanz
10149,und,und,CCONJ,cd,10146,Schwanz
10150,die,der,DET,nk,10152,Pastete
10151,ganze,ganz,ADJ,nk,10152,Pastete
10152,Pastete,Pastete,NOUN,sb,10153,flog
10153,flog,fliegen,VERB,cj,10149,und
10154,mit,mit,ADP,mo,10153,flog
10155,einem,ein,DET,nk,10157,Geprassel
10156,großen,groß,ADJ,nk,10157,Geprassel
10157,Geprassel,Geprassel,NOUN,nk,10154,mit
10158,auf,auf,ADP,svp,10153,flog
10159,einmal,einmal,ADV,mo,10160,in
10160,in,in,ADP,mo,10166,fuhren
10161,die,der,DET,nk,10162,Luft
10162,Luft,Luft,NOUN,nk,10160,in
10163,",",--,PUNCT,punct,10160,in
10164,die,der,DET,nk,10165,Menschen
10165,Menschen,Mensch,NOUN,sb,10166,fuhren
10166,fuhren,fahren,VERB,ROOT,10166,fuhren
10167,gräßlich,gräßlich,ADV,mo,10166,fuhren
10168,auseinander,auseinander,ADV,svp,10166,fuhren
10169,",",--,PUNCT,punct,10166,fuhren
10170,Gerüste,Gerüste,NOUN,oa,10171,brachen
10171,brachen,brechen,VERB,oc,10166,fuhren
10172,ein,ein,ADV,dm,10176,wurden
10173,",",--,PUNCT,punct,10176,wurden
10174,alle,aller,DET,nk,10175,Einzäunungen
10175,Einzäunungen,Einzäunung,NOUN,sb,10176,wurden
10176,wurden,werden,AUX,ROOT,10176,wurden
10177,niedergerissen,niedergerissen,VERB,oc,10176,wurden
10178,",",--,PUNCT,punct,10176,wurden
10179,die,der,DET,nk,10180,Menge
10180,Menge,Menge,NOUN,sb,10181,stürzte
10181,stürzte,stürzen,VERB,cj,10176,wurden
10182,nach,nach,ADP,mo,10181,stürzte
10183,den,der,DET,ROOT,10183,den
10184,Gondeln,Gondel,NOUN,sb,10193,prügelten
10185,",",--,PUNCT,punct,10184,Gondeln
10186,die,der,DET,nk,10187,Gondelführer
10187,Gondelführer,Gondelführer,NOUN,sb,10188,wehrten
10188,wehrten,wehren,VERB,rc,10184,Gondeln
10189,ab,ab,ADP,svp,10188,wehrten
10190,",",--,PUNCT,punct,10188,wehrten
10191,die,der,DET,nk,10192,Bürger
10192,Bürger,Bürger,NOUN,sb,10193,prügelten
10193,prügelten,prügelen,VERB,ROOT,10193,prügelten
10194,sich,sich,PRON,oa,10193,prügelten
10195,mit,mit,ADP,mo,10193,prügelten
10196,den,der,DET,ROOT,10196,den
10197,französischen,französisch,ADJ,nk,10198,Soldaten
10198,Soldaten,Soldat,NOUN,sb,10202,wurde
10199,",",--,PUNCT,punct,10202,wurde
10200,meine,mein,DET,nk,10201,Kasse
10201,Kasse,Kasse,NOUN,sb,10202,wurde
10202,wurde,werden,AUX,ROOT,10202,wurde
10203,geplündert,plündern,VERB,oc,10202,wurde
10204,;,--,PUNCT,punct,10202,wurde
10205,es,es,PRON,sb,10206,war
10206,war,sein,AUX,ROOT,10206,war
10207,eine,ein,DET,nk,10208,Verwirrung
10208,Verwirrung,Verwirrung,NOUN,pd,10206,war
10209,",",--,PUNCT,punct,10206,war
10210,als,als,SCONJ,cm,10211,sei
10211,sei,sein,AUX,ROOT,10211,sei
10212,der,der,DET,nk,10213,Teufel
10213,Teufel,Teufel,NOUN,sb,10211,sei
10214,in,in,ADP,mo,10217,gefahren
10215,die,der,DET,nk,10216,Schweine
10216,Schweine,Schwein,NOUN,nk,10214,in
10217,gefahren,fahren,VERB,oc,10211,sei
10218,und,und,CCONJ,cd,10211,sei
10219,diese,dieser,PRON,sb,10220,stürzten
10220,stürzten,stürzen,VERB,cj,10218,und
10221,dem,der,DET,nk,10222,Meer
10222,Meer,Meer,NOUN,da,10220,stürzten
10223,zu,zu,ADP,svp,10220,stürzten
10224,.,--,PUNCT,punct,10211,sei
10225,Unsereins,Unserein,NOUN,sb,10226,kennt
10226,kennt,kennen,VERB,ROOT,10226,kennt
10227,sein,sein,DET,nk,10228,Handwerk
10228,Handwerk,Handwerk,NOUN,oa,10226,kennt
10229,",",--,PUNCT,punct,10226,kennt
10230,man,man,PRON,sb,10231,ist
10231,ist,sein,AUX,cj,10226,kennt
10232,auf,auf,ADP,mo,10234,gefaßt
10233,dergleichen,dergleich,PRON,nk,10232,auf
10234,gefaßt,fassen,VERB,oc,10231,ist
10235,",",--,PUNCT,punct,10231,ist
10236,mein,mein,DET,punct,10226,kennt
10237,persönlicher,persönlich,ADJ,nk,10238,Rückzug
10238,Rückzug,Rückzug,NOUN,sb,10239,war
10239,war,sein,AUX,ROOT,10239,war
10240,gedeckt,decken,VERB,pd,10239,war
10241,.,--,PUNCT,punct,10239,war
10242,Ich,ich,PRON,sb,10243,ließ
10243,ließ,lassen,VERB,ROOT,10243,ließ
10244,nichts,nichts,PRON,oa,10243,ließ
10245,zurück,zurück,ADV,svp,10243,ließ
10246,als,als,ADP,cm,10248,meine
10247,alle,aller,PRON,nk,10248,meine
10248,meine,meinen,DET,cc,10243,ließ
10249,Schulden,Schuld,NOUN,ROOT,10249,Schulden
10250,",",--,PUNCT,punct,10249,Schulden
10251,meine,mein,DET,nk,10252,Reputation
10252,Reputation,Reputation,NOUN,cj,10249,Schulden
10253,und,und,CCONJ,cd,10252,Reputation
10254,meinen,mein,VERB,nk,10256,Daumen
10255,halben,halb,ADJ,nk,10256,Daumen
10256,Daumen,Dauma,NOUN,cj,10253,und
10257,.,--,PUNCT,punct,10249,Schulden
10258,Meine,mein,DET,nk,10260,Frau
10259,selige,selig,ADJ,nk,10260,Frau
10260,Frau,Frau,NOUN,ROOT,10260,Frau
10261,",",--,PUNCT,punct,10260,Frau
10262,welcher,welcher,PRON,sb,10260,Frau
10263,der,der,DET,nk,10264,Rock
10264,Rock,Rock,NOUN,sb,10267,brannte
10265,am,an,ADP,mo,10267,brannte
10266,Leibe,Leib,NOUN,nk,10265,am
10267,brannte,brennen,VERB,sb,10269,riß
10268,",",--,PUNCT,punct,10269,riß
10269,riß,reißen,VERB,ROOT,10269,riß
10270,mich,mich,PRON,oa,10269,riß
10271,in,in,ADP,mo,10269,riß
10272,die,der,DET,nk,10273,Gondel
10273,Gondel,Gondel,NOUN,nk,10271,in
10274,ihres,ihr,DET,nk,10275,Bruders
10275,Bruders,Bruder,NOUN,ag,10273,Gondel
10276,",",--,PUNCT,punct,10273,Gondel
10277,eines,einer,PRON,sb,10269,riß
10278,Schiffers,Schiffer,PROPN,ROOT,10278,Schiffers
10279,",",--,PUNCT,punct,10278,Schiffers
10280,und,und,CCONJ,cd,10278,Schiffers
10281,der,der,PRON,sb,10282,brachte
10282,brachte,bringen,VERB,cj,10280,und
10283,mich,mich,PRON,oa,10282,brachte
10284,an,an,ADP,mo,10282,brachte
10285,einen,ein,DET,nk,10286,Zufluchtsort
10286,Zufluchtsort,Zufluchtsort,NOUN,nk,10284,an
10287,",",--,PUNCT,punct,10286,Zufluchtsort
10288,worauf,worauf,SCONJ,mo,10289,wir
10289,wir,wir,PRON,ROOT,10289,wir
10290,am,an,ADP,mo,10289,wir
10291,folgenden,folgend,ADJ,nk,10290,am
10292,Morgen,morgen,ADV,mo,10295,verließen
10293,die,der,DET,nk,10294,Stadt
10294,Stadt,Stadt,NOUN,oa,10295,verließen
10295,verließen,verlassen,VERB,ROOT,10295,verließen
10296,.,--,PUNCT,punct,10295,verließen
10297,Als,als,SCONJ,cp,10301,erreichten
10298,wir,wir,PRON,sb,10301,erreichten
10299,das,der,DET,nk,10300,Gebirg
10300,Gebirg,Gebirg,NOUN,oa,10301,erreichten
10301,erreichten,erreichen,VERB,mo,10303,nahten
10302,",",--,PUNCT,punct,10303,nahten
10303,nahten,nehen,VERB,ROOT,10303,nahten
10304,wir,wir,PRON,sb,10303,nahten
10305,uns,sich,PRON,oa,10303,nahten
10306,auf,auf,ADP,svp,10303,nahten
10307,Abwegen,Abweg,NOUN,ROOT,10307,Abwegen
10308,einer,ein,DET,nk,10309,Kapelle
10309,Kapelle,Kapelle,NOUN,ag,10307,Abwegen
10310,",",--,PUNCT,punct,10309,Kapelle
10311,bei,bei,ADP,mo,10307,Abwegen
10312,welcher,welcher,PRON,nk,10311,bei
10313,ich,ich,PRON,mo,10311,bei
10314,mit,mit,ADP,mnr,10313,ich
10315,meinem,mein,DET,nk,10317,Gesellen
10316,liebsten,lieb,ADJ,nk,10317,Gesellen
10317,Gesellen,Geselle,NOUN,nk,10314,mit
10318,Martino,Martino,PROPN,nk,10317,Gesellen
10319,verabredet,verabreden,VERB,oc,10320,hatte
10320,hatte,haben,AUX,ROOT,10320,hatte
10321,",",--,PUNCT,punct,10323,zusammenzutreffen
10322,wieder,wieder,ADV,mo,10323,zusammenzutreffen
10323,zusammenzutreffen,zusammentreffen,VERB,oc,10320,hatte
10324,",",--,PUNCT,punct,10323,zusammenzutreffen
10325,wenn,wenn,SCONJ,cp,10326,wir
10326,wir,wir,PRON,ROOT,10326,wir
10327,durch,durch,ADP,mnr,10326,wir
10328,irgendein,irgendein,DET,nk,10329,Unglück
10329,Unglück,Unglück,NOUN,nk,10327,durch
10330,auseinander,auseinander,ADV,mo,10331,gesprengt
10331,gesprengt,sprengen,VERB,oc,10332,werden
10332,werden,werden,AUX,oc,10333,sollten
10333,sollten,sollen,AUX,ROOT,10333,sollten
10334,.,--,PUNCT,punct,10333,sollten
10335,Mein,mein,DET,nk,10337,Weib
10336,gutes,gut,ADJ,nk,10337,Weib
10337,Weib,Weib,NOUN,sb,10338,hatte
10338,hatte,haben,AUX,ROOT,10338,hatte
10339,ein,ein,DET,nk,10340,Stück
10340,Stück,Stück,NOUN,sb,10338,hatte
10341,von,von,ADP,mnr,10340,Stück
10342,einer,ein,DET,nk,10341,von
10343,Wachsfackel,Wachsfackel,PROPN,ROOT,10343,Wachsfackel
10344,",",--,PUNCT,punct,10343,Wachsfackel
10345,die,der,PRON,sb,10353,hatte
10346,bei,bei,ADP,mo,10352,gebrannt
10347,der,der,DET,nk,10348,Leiche
10348,Leiche,Leiche,NOUN,nk,10346,bei
10349,unsers,unsers,ADP,mo,10352,gebrannt
10350,seligen,selig,ADJ,nk,10351,Töchterleins
10351,Töchterleins,Töchterlein,NOUN,nk,10349,unsers
10352,gebrannt,brannen,VERB,oc,10353,hatte
10353,hatte,haben,AUX,rc,10343,Wachsfackel
10354,",",--,PUNCT,punct,10343,Wachsfackel
10355,in,in,ADP,par,10343,Wachsfackel
10356,der,der,DET,nk,10357,Tasche
10357,Tasche,Tasche,NOUN,ROOT,10357,Tasche
10358,und,und,CCONJ,cd,10357,Tasche
10359,pflegte,pflegen,VERB,cj,10358,und
10360,",",--,PUNCT,punct,10359,pflegte
10361,wenn,wenn,SCONJ,cp,10363,nähte
10362,sie,sie,PRON,sb,10363,nähte
10363,nähte,nähen,VERB,mo,10359,pflegte
10364,",",--,PUNCT,punct,10363,nähte
10365,ihren,ihr,DET,nk,10366,Zwirn
10366,Zwirn,Zwirn,NOUN,oa,10369,wichsen
10367,damit,damit,ADV,mo,10369,wichsen
10368,zu,zu,PART,pm,10369,wichsen
10369,wichsen,wichsen,VERB,oc,10363,nähte
10370,;,--,PUNCT,punct,10357,Tasche
10371,aus,aus,ADP,ROOT,10371,aus
10372,diesem,dieser,DET,nk,10373,Wachs
10373,Wachs,Wach,NOUN,ROOT,10373,Wachs
10374,hatte,haben,AUX,ROOT,10374,hatte
10375,sie,sie,PRON,sb,10374,hatte
10376,während,während,ADP,mo,10383,geknetet
10377,unseres,unser,DET,nk,10378,Weges
10378,Weges,Weg,NOUN,nk,10376,während
10379,die,der,DET,nk,10380,Figur
10380,Figur,Figur,NOUN,oa,10383,geknetet
10381,eines,ein,DET,nk,10382,Daumens
10382,Daumens,Daumen,NOUN,ag,10380,Figur
10383,geknetet,kneten,VERB,oc,10374,hatte
10384,und,und,CCONJ,ju,10385,hängte
10385,hängte,hängen,VERB,ROOT,10385,hängte
10386,dieselbe,Dieselbe,DET,sb,10385,hängte
10387,",",--,PUNCT,punct,10385,hängte
10388,nebst,nebst,ADV,mo,10385,hängte
10389,einem,ein,DET,nk,10390,Rosenkranz
10390,Rosenkranz,Rosenkranz,NOUN,nk,10388,nebst
10391,von,von,ADP,pg,10390,Rosenkranz
10392,roten,rot,ADJ,nk,10395,Beeren
10393,und,und,CCONJ,cd,10392,roten
10394,schwarzen,schwarz,ADJ,cj,10393,und
10395,Beeren,Beere,NOUN,nk,10391,von
10396,",",--,PUNCT,punct,10395,Beeren
10397,den,der,PRON,oa,10385,hängte
10398,sie,sie,PRON,sb,10403,hatte
10399,auch,auch,ADV,mo,10402,eingefädelt
10400,sehr,sehr,ADV,mo,10401,artig
10401,artig,artig,ADV,mo,10402,eingefädelt
10402,eingefädelt,einfädeln,VERB,oc,10403,hatte
10403,hatte,haben,AUX,ROOT,10403,hatte
10404,",",--,PUNCT,punct,10403,hatte
10405,dem,der,DET,nk,10407,Jesulein
10406,kleinen,klein,ADJ,nk,10407,Jesulein
10407,Jesulein,Jesulein,NOUN,dep,10403,hatte
10408,auf,auf,ADP,mo,10403,hatte
10409,dem,der,DET,nk,10410,Schoße
10410,Schoße,Schoß,NOUN,nk,10408,auf
10411,der,der,DET,dep,10403,hatte
10412,Mutter,Mutter,NOUN,ROOT,10412,Mutter
10413,Gottes,Gott,NOUN,ag,10412,Mutter
10414,in,in,ADP,mnr,10412,Mutter
10415,der,der,DET,nk,10416,Kapelle
10416,Kapelle,Kapelle,NOUN,nk,10414,in
10417,als,als,ADP,mo,10412,Mutter
10418,ein,ein,DET,nk,10419,Opfer
10419,Opfer,Opfer,NOUN,nk,10417,als
10420,an,an,ADP,mnr,10419,Opfer
10421,das,der,DET,nk,10422,Händchen
10422,Händchen,Händchen,NOUN,nk,10420,an
10423,",",--,PUNCT,punct,10412,Mutter
10424,und,und,CCONJ,cd,10412,Mutter
10425,wir,wir,PRON,sb,10426,beteten
10426,beteten,beten,VERB,cj,10424,und
10427,beide,beide,PRON,ROOT,10427,beide
10428,von,von,ADP,pg,10427,beide
10429,Herzen,Herz,NOUN,nk,10428,von
10430,",",--,PUNCT,punct,10427,beide
10431,daß,daß,SCONJ,cp,10434,heilen
10432,mein,mein,DET,nk,10433,Daumen
10433,Daumen,Dauma,NOUN,sb,10434,heilen
10434,heilen,heilen,VERB,sb,10427,beide
10435,und,und,CCONJ,cd,10434,heilen
10436,wir,wir,PRON,cj,10435,und
10437,glücklich,glücklich,ADV,mo,10434,heilen
10438,über,über,ADP,mo,10437,glücklich
10439,die,der,DET,nk,10440,Grenze
10440,Grenze,Grenze,NOUN,nk,10438,über
10441,in,in,ADP,mo,10434,heilen
10442,das,der,DET,nk,10443,Österreichische
10443,Österreichische,Österreichische,NOUN,sb,10445,möchten
10444,kommen,kommen,VERB,oc,10445,möchten
10445,möchten,möchten,AUX,ROOT,10445,möchten
10446,.,--,PUNCT,punct,10445,möchten
10447,Wir,wir,PRON,sb,10448,lagen
10448,lagen,liegen,VERB,ROOT,10448,lagen
10449,noch,noch,ADV,mo,10448,lagen
10450,auf,auf,ADP,mo,10448,lagen
10451,den,der,DET,nk,10452,Knien
10452,Knien,Knie,NOUN,nk,10450,auf
10453,",",--,PUNCT,punct,10448,lagen
10454,als,als,SCONJ,cm,10455,ich
10455,ich,ich,PRON,mo,10448,lagen
10456,die,der,PRON,mo,10448,lagen
10457,Stimme,Stimme,NOUN,sb,10459,rufen
10458,Martinos,Martino,PROPN,ag,10457,Stimme
10459,rufen,rufen,VERB,ROOT,10459,rufen
10460,hörte,hören,VERB,mo,10459,rufen
10461,:,--,PUNCT,punct,10459,rufen
10462,›Sia,›Sia,PROPN,pnc,10465,San
10463,benedetto,benedetto,X,mo,10462,›Sia
10464,il,il,PROPN,pnc,10465,San
10465,San,San,PROPN,pnc,10466,Marco!‹
10466,Marco!‹,Marco!‹,X,oa,10459,rufen
10467,;,--,PUNCT,punct,10459,rufen
10468,da,da,ADV,mo,10469,schrie
10469,schrie,schreien,VERB,ROOT,10469,schrie
10470,ich,ich,PRON,sb,10469,schrie
10471,wieder,wieder,ADV,ROOT,10471,wieder
10472,:,--,PUNCT,punct,10471,wieder
10473,›E,›E,X,pnc,10475,Santissima
10474,la,la,X,pnc,10475,Santissima
10475,Santissima,Santissima,X,rs,10471,wieder
10476,Vergine,vergin,NOUN,ROOT,10476,Vergine
10477,Maria!‹,Maria!‹,PUNCT,punct,10476,Vergine
10478,",",--,PUNCT,punct,10476,Vergine
10479,wie,wie,SCONJ,mo,10481,verabredet
10480,wir,wir,PRON,sb,10482,hatten
10481,verabredet,verabreden,VERB,oc,10482,hatten
10482,hatten,haben,AUX,mnr,10476,Vergine
10483,",",--,PUNCT,punct,10476,Vergine
10484,und,und,CCONJ,cd,10476,Vergine
10485,lief,laufen,VERB,cj,10484,und
10486,mit,mit,ADP,ROOT,10486,mit
10487,meinem,mein,DET,nk,10488,Weibe
10488,Weibe,Weibe,NOUN,nk,10486,mit
10489,vor,vor,ADP,mo,10486,mit
10490,die,der,DET,nk,10491,Kapelle
10491,Kapelle,Kapelle,NOUN,nk,10489,vor
10492,.,--,PUNCT,punct,10486,mit
10493,Da,da,ADV,mo,10494,trat
10494,trat,treten,VERB,ROOT,10494,trat
10495,uns,uns,PRON,da,10494,trat
10496,Martino,Martino,PROPN,sb,10494,trat
10497,in,in,ADP,mo,10494,trat
10498,einem,ein,DET,nk,10500,Aufzug
10499,tollen,toll,ADJ,nk,10500,Aufzug
10500,Aufzug,Aufzug,NOUN,nk,10497,in
10501,entgegen,entgegen,ADP,ROOT,10501,entgegen
10502,.,--,PUNCT,ROOT,10502,.
10503,Er,er,PRON,sb,10504,hatte
10504,hatte,haben,AUX,ROOT,10504,hatte
10505,bei,bei,ADP,mo,10511,vorgestellt
10506,dem,der,DET,nk,10507,Feuerwerk
10507,Feuerwerk,Feuerwerk,NOUN,nk,10505,bei
10508,den,der,DET,nk,10509,Meergott
10509,Meergott,Meergott,NOUN,oa,10511,vorgestellt
10510,Neptun,Neptun,NOUN,nk,10509,Meergott
10511,vorgestellt,vorstellen,VERB,oc,10504,hatte
10512,und,und,CCONJ,cd,10511,vorgestellt
10513,in,in,ADP,cj,10512,und
10514,seinem,sein,DET,nk,10516,Kostüm
10515,vollen,voll,ADJ,nk,10516,Kostüm
10516,Kostüm,Kostüm,NOUN,da,10518,genommen
10517,Reißaus,Reißaus,NOUN,nk,10516,Kostüm
10518,genommen,nehmen,VERB,ROOT,10518,genommen
10519,;,--,PUNCT,punct,10518,genommen
10520,er,er,PRON,sb,10521,hatte
10521,hatte,haben,AUX,ROOT,10521,hatte
10522,den,der,DET,nk,10523,Schilfgürtel
10523,Schilfgürtel,Schilfgürtel,NOUN,oa,10521,hatte
10524,noch,noch,CCONJ,cd,10523,Schilfgürtel
10525,um,um,ADP,cj,10524,noch
10526,den,der,DET,dep,10521,hatte
10527,Leib,Leib,NOUN,ROOT,10527,Leib
10528,",",--,PUNCT,punct,10527,Leib
10529,einen,ein,DET,nk,10530,Wams
10530,Wams,Wam,PROPN,app,10527,Leib
10531,von,von,ADP,pg,10530,Wams
10532,Seemuscheln,Seemuschel,NOUN,nk,10531,von
10533,an,an,ADP,mnr,10530,Wams
10534,und,und,CCONJ,cd,10530,Wams
10535,eine,ein,DET,nk,10536,Binsenperücke
10536,Binsenperücke,Binsenperücke,NOUN,cj,10534,und
10537,auf,auf,ADP,svp,10527,Leib
10538,",",--,PUNCT,punct,10527,Leib
10539,sein,sein,DET,nk,10540,langer
10540,langer,lang,ADJ,cj,10527,Leib
10541,Bart,Bart,PROPN,pd,10542,war
10542,war,sein,AUX,ROOT,10542,war
10543,von,von,ADP,mo,10542,war
10544,Seegras,Seegras,PROPN,nk,10543,von
10545,",",--,PUNCT,punct,10542,war
10546,auf,auf,ADP,mo,10549,trug
10547,der,der,DET,nk,10548,Schulter
10548,Schulter,Schulter,NOUN,nk,10546,auf
10549,trug,tragen,VERB,cj,10542,war
10550,er,er,PRON,sb,10549,trug
10551,den,der,DET,nk,10552,Dreizack
10552,Dreizack,Dreizack,NOUN,oa,10549,trug
10553,",",--,PUNCT,punct,10552,Dreizack
10554,auf,auf,ADP,mo,10556,er
10555,welchem,welcher,PRON,nk,10554,auf
10556,er,er,PRON,ep,10549,trug
10557,ein,ein,ADV,svp,10549,trug
10558,tüchtiges,tüchtig,ADJ,nk,10559,Bauernbrot
10559,Bauernbrot,Bauernbrot,NOUN,ROOT,10559,Bauernbrot
10560,und,und,CCONJ,cd,10559,Bauernbrot
10561,drei,drei,NUM,nk,10562,fette
10562,fette,Fette,ADJ,nk,10563,Schnepfen
10563,Schnepfen,Schnepf,NOUN,cj,10560,und
10564,",",--,PUNCT,punct,10563,Schnepfen
10565,die,der,PRON,oa,10566,er
10566,er,er,PRON,ROOT,10566,er
10567,mitsamt,mitsamt,ADP,mnr,10566,er
10568,dem,der,DET,nk,10569,Neste
10569,Neste,Neste,NOUN,nk,10567,mitsamt
10570,erwischte,erwischen,VERB,mo,10572,gespießt
10571,",",--,PUNCT,punct,10572,gespießt
10572,gespießt,spießen,VERB,oc,10573,hatte
10573,hatte,haben,AUX,ROOT,10573,hatte
10574,.,--,PUNCT,punct,10573,hatte
10575,Nach,nach,ADP,mo,10578,erzählte
10576,herzlicher,herzlich,ADJ,nk,10577,Umarmung
10577,Umarmung,Umarmung,NOUN,nk,10575,Nach
10578,erzählte,erzählen,VERB,ROOT,10578,erzählte
10579,er,er,PRON,sb,10578,erzählte
10580,uns,uns,PRON,oa,10578,erzählte
10581,:,--,PUNCT,punct,10578,erzählte
10582,wie,wie,SCONJ,cm,10583,ihn
10583,ihn,ihn,PRON,dep,10578,erzählte
10584,seine,sein,DET,nk,10585,Kleidung
10585,Kleidung,Kleidung,NOUN,sb,10588,habe
10586,glücklich,glücklich,ADV,mo,10587,gerettet
10587,gerettet,retten,VERB,oc,10588,habe
10588,habe,haben,AUX,ROOT,10588,habe
10589,;,--,PUNCT,punct,10588,habe
10590,die,der,DET,nk,10591,Strickreiter
10591,Strickreiter,Strickreiter,NOUN,sb,10592,seien
10592,seien,sein,AUX,ROOT,10592,seien
10593,ihm,ihm,PRON,da,10592,seien
10594,auf,auf,ADP,mo,10592,seien
10595,der,der,DET,nk,10596,Spur
10596,Spur,Spur,NOUN,nk,10594,auf
10597,gewesen,sein,AUX,ROOT,10597,gewesen
10598,",",--,PUNCT,punct,10599,da
10599,da,da,ADV,mo,10608,versteckt
10600,habe,haben,AUX,pd,10597,gewesen
10601,er,er,PRON,sb,10600,habe
10602,sich,sich,PRON,oa,10608,versteckt
10603,in,in,ADP,mo,10608,versteckt
10604,das,der,DET,nk,10605,Schilf
10605,Schilf,Schilf,NOUN,nk,10603,in
10606,eines,ein,DET,nk,10607,Sumpfes
10607,Sumpfes,Sumpf,NOUN,ag,10605,Schilf
10608,versteckt,verstecken,VERB,oc,10600,habe
10609,",",--,PUNCT,punct,10600,habe
10610,und,und,CCONJ,cd,10600,habe
10611,sein,sein,DET,cj,10610,und
10612,Schilfgürtel,Schilfgürtel,PROPN,sb,10613,machte
10613,machte,machen,VERB,ROOT,10613,machte
10614,ihn,ihn,PRON,oa,10613,machte
10615,da,da,ADV,mo,10613,machte
10616,nicht,nicht,PART,ng,10613,machte
10617,bemerkbar,bemerkbar,ADV,mo,10613,machte
10618,.,--,PUNCT,punct,10613,machte
10619,Als,als,SCONJ,cp,10621,stille
10620,er,er,PRON,sb,10621,stille
10621,stille,stillen,VERB,ROOT,10621,stille
10622,liegend,liegend,ADV,mo,10621,stille
10623,sie,sie,PRON,oa,10621,stille
10624,vorüberreiten,vorüberreiten,VERB,oc,10625,lassen
10625,lassen,lassen,VERB,mo,10627,hätten
10626,",",--,PUNCT,punct,10627,hätten
10627,hätten,haben,AUX,ROOT,10627,hätten
10628,sich,sich,PRON,oa,10624,vorüberreiten
10629,die,der,DET,nk,10631,Schnepfen
10630,drei,drei,NUM,nk,10631,Schnepfen
10631,Schnepfen,Schnepfe,NOUN,sb,10627,hätten
10632,sorglos,sorglos,ADV,mo,10627,hätten
10633,neben,neben,ADP,mo,10632,sorglos
10634,ihm,ihm,PRON,nk,10633,neben
10635,in,in,ADP,mo,10627,hätten
10636,ihr,ihr,PRON,nk,10635,in
10637,Nest,Nest,NOUN,ROOT,10637,Nest
10638,niedergelassen,niederlassen,VERB,oc,10637,Nest
10639,",",--,PUNCT,punct,10637,Nest
10640,und,und,CCONJ,cd,10637,Nest
10641,er,er,PRON,sb,10642,habe
10642,habe,haben,AUX,cj,10640,und
10643,sie,sie,PRON,oa,10649,ergriffen
10644,mit,mit,ADP,mo,10649,ergriffen
10645,der,der,DET,nk,10646,Hand
10646,Hand,Hand,NOUN,nk,10644,mit
10647,alle,aller,DET,nk,10648,drei
10648,drei,drei,NUM,oa,10649,ergriffen
10649,ergriffen,ergreifen,VERB,oc,10642,habe
10650,.,--,PUNCT,punct,10637,Nest
10651,Das,der,DET,nk,10652,Brot
10652,Brot,Brot,NOUN,ROOT,10652,Brot
10653,hatte,haben,AUX,ROOT,10653,hatte
10654,er,er,PRON,sb,10653,hatte
10655,von,von,ADP,mo,10661,gekauft
10656,einem,ein,DET,nk,10657,Contrebandier
10657,Contrebandier,Contrebandier,NOUN,nk,10655,von
10658,um,um,ADP,mo,10661,gekauft
10659,einige,einiger,DET,nk,10660,Pfennige
10660,Pfennige,Pfennig,NOUN,nk,10658,um
10661,gekauft,kaufen,VERB,oc,10653,hatte
10662,",",--,PUNCT,punct,10661,gekauft
10663,der,der,PRON,dep,10653,hatte
10664,ihm,ihm,PRON,mnr,10663,der
10665,zugleich,zugleich,ADV,mo,10663,der
10666,die,der,DET,nk,10668,Herberge
10667,nächste,nächster,ADJ,nk,10668,Herberge
10668,Herberge,Herberge,NOUN,ROOT,10668,Herberge
10669,auf,auf,ADP,mo,10674,beschrieben
10670,der,der,DET,nk,10671,Höhe
10671,Höhe,Höhe,NOUN,nk,10669,auf
10672,des,der,DET,nk,10673,Gebirges
10673,Gebirges,Gebirg,NOUN,ag,10671,Höhe
10674,beschrieben,beschreiben,VERB,oc,10668,Herberge
10675,",",--,PUNCT,punct,10668,Herberge
10676,aber,aber,CCONJ,cd,10668,Herberge
10677,nicht,nicht,PART,ng,10678,eben
10678,eben,eben,ADV,cj,10676,aber
10679,allzu,allzu,PART,mo,10680,vorteilhaft
10680,vorteilhaft,vorteilhaft,ADV,pd,10686,sei
10681,:,--,PUNCT,punct,10680,vorteilhaft
10682,denn,denn,CCONJ,cd,10686,sei
10683,der,der,DET,nk,10685,Wald
10684,ganze,ganz,ADJ,nk,10685,Wald
10685,Wald,Wald,NOUN,sb,10686,sei
10686,sei,sein,AUX,ROOT,10686,sei
10687,nicht,nicht,PART,ng,10688,recht
10688,recht,recht,ADV,mo,10689,geheuer
10689,geheuer,geheuer,ADV,pd,10686,sei
10690,",",--,PUNCT,punct,10689,geheuer
10691,der,der,DET,nk,10693,Jäger
10692,wilde,wild,ADJ,nk,10693,Jäger
10693,Jäger,Jäger,NOUN,cj,10686,sei
10694,ziehe,zeihen,VERB,ROOT,10694,ziehe
10695,darin,darin,ADV,mo,10694,ziehe
10696,um,um,ADP,svp,10694,ziehe
10697,und,und,CCONJ,cd,10694,ziehe
10698,pflege,Pflege,NOUN,sb,10699,grade
10699,grade,graden,VERB,cj,10697,und
10700,in,in,ADP,mo,10699,grade
10701,dieser,dieser,DET,nk,10702,Herberge
10702,Herberge,Herberge,NOUN,nk,10700,in
10703,sein,sein,DET,nk,10704,Nachtquartier
10704,Nachtquartier,Nachtquartier,NOUN,oa,10699,grade
10705,zu,zu,ADP,svp,10694,ziehe
10706,halten,halten,VERB,ROOT,10706,halten
10707,.,--,PUNCT,punct,10706,halten
10708,›Wohlauf,›Wohlauf,ADV,mo,10709,denn!‹
10709,denn!‹,denn!‹,PROPN,oa,10710,sagte
10710,sagte,sagen,VERB,ROOT,10710,sagte
10711,ich,ich,PRON,sb,10710,sagte
10712,",",--,PUNCT,punct,10710,sagte
10713,›so,›so,PUNCT,punct,10710,sagte
10714,haben,haben,AUX,oc,10710,sagte
10715,wir,wir,PRON,sb,10714,haben
10716,heute,heute,ADV,mo,10714,haben
10717,nacht,nacht,ADV,mo,10714,haben
10718,gute,gut,ADJ,nk,10719,Gesellschaft
10719,Gesellschaft,Gesellschaft,NOUN,oa,10714,haben
10720,;,--,PUNCT,punct,10710,sagte
10721,ich,ich,PRON,sb,10722,hätte
10722,hätte,haben,AUX,ROOT,10722,hätte
10723,den,der,DET,nk,10724,Kerl
10724,Kerl,Kerl,NOUN,oa,10728,gesehen
10725,lange,lange,ADV,mo,10728,gesehen
10726,gern,gern,ADV,mo,10728,gesehen
10727,einmal,einmal,ADV,mo,10728,gesehen
10728,gesehen,sehen,VERB,oc,10722,hätte
10729,",",--,PUNCT,punct,10728,gesehen
10730,um,um,SCONJ,punct,10722,hätte
10731,seinen,sein,DET,nk,10732,Jagdzug
10732,Jagdzug,Jagdzug,NOUN,nk,10730,um
10733,recht,recht,ADV,mo,10734,natürlich
10734,natürlich,natürlich,ADV,mo,10730,um
10735,in,in,ADP,mo,10738,darstellen
10736,einem,ein,DET,nk,10737,Feuerwerk
10737,Feuerwerk,Feuerwerk,NOUN,nk,10735,in
10738,darstellen,darstellen,VERB,ROOT,10738,darstellen
10739,zu,zu,ADP,mo,10738,darstellen
10740,können.‹,können.‹,ADV,nk,10739,zu
10741,Mein,mein,DET,nk,10742,Weib
10742,Weib,Weib,PROPN,ROOT,10742,Weib
10743,Marinina,Marinina,PROPN,nk,10742,Weib
10744,aber,aber,ADV,mo,10742,Weib
10745,",",--,PUNCT,punct,10742,Weib
10746,welche,welcher,PRON,app,10742,Weib
10747,",",--,PUNCT,punct,10746,welche
10748,um,um,SCONJ,mnr,10746,welche
10749,ja,ja,ADV,mo,10752,versäumen
10750,nichts,nichts,PRON,oa,10752,versäumen
10751,zu,zu,PART,pm,10752,versäumen
10752,versäumen,versäumen,VERB,oc,10758,machte
10753,",",--,PUNCT,punct,10756,glaubte
10754,alles,alle,PRON,sb,10756,glaubte
10755,miteinander,miteinander,ADV,mo,10756,glaubte
10756,glaubte,glauben,VERB,cj,10752,versäumen
10757,",",--,PUNCT,punct,10758,machte
10758,machte,machen,VERB,ROOT,10758,machte
10759,ein,ein,DET,nk,10761,Gesicht
10760,saures,saur,ADJ,nk,10761,Gesicht
10761,Gesicht,Gesicht,NOUN,sb,10758,machte
10762,zu,zu,ADP,svp,10758,machte
10763,der,der,DET,nk,10764,Herberge
10764,Herberge,Herberge,NOUN,ROOT,10764,Herberge
10765,.,--,PUNCT,punct,10764,Herberge
10766,Das,der,PRON,sb,10767,konnte
10767,konnte,können,AUX,ROOT,10767,konnte
10768,aber,aber,ADV,mo,10767,konnte
10769,nichts,nichts,PRON,oa,10770,helfen
10770,helfen,helfen,VERB,oc,10767,konnte
10771,",",--,PUNCT,punct,10767,konnte
10772,wir,wir,PRON,sb,10773,mußten
10773,mußten,müssen,AUX,cj,10767,konnte
10774,den,der,DET,nk,10775,Weg
10775,Weg,Weg,NOUN,oa,10776,wählen
10776,wählen,wählen,VERB,oc,10773,mußten
10777,;,--,PUNCT,punct,10767,konnte
10778,er,er,PRON,sb,10779,war
10779,war,sein,AUX,ROOT,10779,war
10780,ganz,ganz,ADV,mo,10781,entlegen
10781,entlegen,entlegen,VERB,ROOT,10781,entlegen
10782,und,und,CCONJ,cd,10781,entlegen
10783,sicher,sicher,ADV,cj,10782,und
10784,und,und,CCONJ,cd,10781,entlegen
10785,ein,ein,DET,nk,10786,Schleichweg
10786,Schleichweg,Schleichweg,NOUN,cj,10784,und
10787,der,der,DET,nk,10788,Contrebandiers
10788,Contrebandiers,Contrebandier,NOUN,ag,10786,Schleichweg
10789,",",--,PUNCT,punct,10786,Schleichweg
10790,mit,mit,ADP,mo,10781,entlegen
10791,welchen,welcher,DET,nk,10790,mit
10792,Martino,Martino,PROPN,sb,10795,hatte
10793,einige,einiger,DET,nk,10794,Bekanntschaft
10794,Bekanntschaft,Bekanntschaft,NOUN,oa,10795,hatte
10795,hatte,haben,VERB,ROOT,10795,hatte
10796,.,--,PUNCT,punct,10795,hatte
10797,Die,der,DET,nk,10798,Nacht
10798,Nacht,Nacht,NOUN,sb,10799,brach
10799,brach,brechen,VERB,ROOT,10799,brach
10800,herein,herein,ADV,svp,10799,brach
10801,",",--,PUNCT,punct,10799,brach
10802,es,es,PRON,ep,10803,nahte
10803,nahte,nahen,VERB,oc,10799,brach
10804,ein,ein,DET,svp,10803,nahte
10805,Gewitter,Gewitter,NOUN,ROOT,10805,Gewitter
10806,",",--,PUNCT,punct,10805,Gewitter
10807,und,und,CCONJ,cd,10805,Gewitter
10808,wir,wir,PRON,sb,10809,mußten
10809,mußten,müssen,AUX,cj,10807,und
10810,uns,sich,PRON,oa,10814,machen
10811,auf,auf,ADP,mo,10814,machen
10812,den,der,DET,nk,10813,Weg
10813,Weg,Weg,NOUN,nk,10811,auf
10814,machen,machen,VERB,oc,10809,mußten
10815,.,--,PUNCT,punct,10805,Gewitter
10816,Martino,Martino,PROPN,sb,10817,machte
10817,machte,machen,VERB,ROOT,10817,machte
10818,unsere,unser,DET,oa,10817,machte
10819,Wanderschaft,Wanderschaft,NOUN,ROOT,10819,Wanderschaft
10820,etwas,etwas,ADV,mo,10821,lustiger
10821,lustiger,lustig,ADV,pd,10819,Wanderschaft
10822,",",--,PUNCT,punct,10819,Wanderschaft
10823,er,er,PRON,sb,10824,übergab
10824,übergab,übergeben,VERB,cj,10819,Wanderschaft
10825,meiner,mein,DET,nk,10826,Marinina
10826,Marinina,Marinina,PROPN,da,10824,übergab
10827,die,der,DET,nk,10828,Schnepfen
10828,Schnepfen,Schnepfe,NOUN,oa,10824,übergab
10829,und,und,CCONJ,cd,10824,übergab
10830,sagte,sagen,VERB,ROOT,10830,sagte
10831,:,--,PUNCT,punct,10830,sagte
10832,›Rupft,›Rupft,VERB,oc,10830,sagte
10833,sie,sie,PRON,sb,10832,›Rupft
10834,unterwegs,unterwegs,ADV,mo,10832,›Rupft
10835,",",--,PUNCT,punct,10832,›Rupft
10836,damit,damit,SCONJ,cp,10843,Jäger
10837,wir,wir,PRON,sb,10843,Jäger
10838,in,in,ADP,mnr,10837,wir
10839,der,der,DET,nk,10840,Herberge
10840,Herberge,Herberge,NOUN,nk,10838,in
10841,dem,der,DET,nk,10843,Jäger
10842,wilden,wild,ADJ,nk,10843,Jäger
10843,Jäger,Jäger,NOUN,mo,10832,›Rupft
10844,bald,bald,ADV,mo,10832,›Rupft
10845,einen,ein,DET,nk,10846,Braten
10846,Braten,Braten,NOUN,oa,10847,vorsetzen
10847,vorsetzen,vorsetzen,VERB,ROOT,10847,vorsetzen
10848,können‹,können‹,PUNCT,oa,10847,vorsetzen
10849,",",--,PUNCT,punct,10847,vorsetzen
10850,und,und,CCONJ,cd,10847,vorsetzen
10851,nun,nun,ADV,mo,10852,marschierte
10852,marschierte,marschieren,VERB,cj,10850,und
10853,er,er,PRON,sb,10852,marschierte
10854,mit,mit,ADP,mo,10852,marschierte
10855,tausend,tausend,NUM,nk,10856,Späßen
10856,Späßen,Späß,NOUN,nk,10854,mit
10857,in,in,ADP,mo,10852,marschierte
10858,seinem,sein,DET,nk,10860,Habit
10859,tollen,toll,ADJ,nk,10860,Habit
10860,Habit,Habit,NOUN,ROOT,10860,Habit
10861,",",--,PUNCT,punct,10860,Habit
10862,wie,wie,ADP,cm,10865,Waldteufel
10863,ein,ein,DET,nk,10865,Waldteufel
10864,vazierender,vazierend,ADJ,nk,10865,Waldteufel
10865,Waldteufel,Waldteufel,NOUN,app,10860,Habit
10866,",",--,PUNCT,punct,10860,Habit
10867,voraus,voraus,ADP,punct,10860,Habit
10868,.,--,PUNCT,punct,10860,Habit
10869,Ich,ich,PRON,sb,10870,folgte
10870,folgte,folgen,VERB,ROOT,10870,folgte
10871,ihm,ihm,PRON,da,10870,folgte
10872,auf,auf,ADP,svp,10870,folgte
10873,dem,der,DET,nk,10875,Waldpfade
10874,schmalen,schmal,ADJ,nk,10875,Waldpfade
10875,Waldpfade,Waldpfade,NOUN,ROOT,10875,Waldpfade
10876,und,und,CCONJ,ROOT,10876,und
10877,hatte,haben,AUX,cj,10876,und
10878,meinen,mein,DET,nk,10880,Daumen
10879,halben,halb,ADJ,nk,10880,Daumen
10880,Daumen,Dauma,NOUN,cj,10877,hatte
10881,",",--,PUNCT,punct,10880,Daumen
10882,der,der,PRON,ROOT,10882,der
10883,mich,mich,PRON,oa,10885,wenig
10884,nicht,nicht,PART,ng,10885,wenig
10885,wenig,wenig,ADV,mo,10882,der
10886,schmerzte,schmerzen,VERB,ROOT,10886,schmerzte
10887,",",--,PUNCT,punct,10886,schmerzte
10888,meistens,meistens,ADV,mo,10889,in
10889,in,in,ADP,mo,10886,schmerzte
10890,dem,der,DET,nk,10891,Munde
10891,Munde,Mund,NOUN,nk,10889,in
10892,",",--,PUNCT,punct,10886,schmerzte
10893,und,und,CCONJ,cd,10886,schmerzte
10894,hinter,hinter,ADP,mo,10896,zog
10895,mir,mir,PRON,nk,10894,hinter
10896,zog,ziehen,VERB,cj,10893,und
10897,–,--,PUNCT,punct,10896,zog
10898,daß,daß,SCONJ,cp,10899,Gott
10899,Gott,Gott,NOUN,dep,10896,zog
10900,erbarm,erbarm,ADV,pd,10899,Gott
10901,!,--,PUNCT,punct,10886,schmerzte
10902,–,--,PUNCT,punct,10903,meine
10903,meine,mein,DET,ROOT,10903,meine
10904,selige,selig,ADJ,nk,10905,Marinina
10905,Marinina,Marinina,PROPN,ROOT,10905,Marinina
10906,und,und,CCONJ,cd,10905,Marinina
10907,rupfte,rupfen,VERB,cj,10906,und
10908,die,der,DET,nk,10909,Schnepfen
10909,Schnepfen,Schnepfe,NOUN,oa,10907,rupfte
10910,unter,unter,ADP,mo,10907,rupfte
10911,Singen,singen,NOUN,nk,10910,unter
10912,und,und,CCONJ,cd,10911,Singen
10913,Beten,Bet,NOUN,cj,10912,und
10914,.,--,PUNCT,punct,10905,Marinina
10915,Über,über,ADP,ROOT,10915,Über
10916,der,der,DET,nk,10915,Über
10917,rechten,rechter,ADJ,nk,10918,Hüfte
10918,Hüfte,Hüfte,NOUN,da,10919,war
10919,war,sein,AUX,ROOT,10919,war
10920,ihr,ihr,PRON,da,10919,war
10921,ein,ein,DET,nk,10923,Loch
10922,ziemliches,ziemlich,ADJ,nk,10923,Loch
10923,Loch,Loch,NOUN,sb,10919,war
10924,in,in,ADP,mo,10927,gebrannt
10925,den,der,DET,nk,10926,Rock
10926,Rock,Rock,NOUN,nk,10924,in
10927,gebrannt,brannen,VERB,pd,10919,war
10928,",",--,PUNCT,punct,10919,war
10929,und,und,CCONJ,cd,10919,war
10930,sie,sie,PRON,sb,10931,schämte
10931,schämte,schämen,VERB,cj,10929,und
10932,sich,sich,PRON,oa,10934,vorauszugehen
10933,",",--,PUNCT,punct,10934,vorauszugehen
10934,vorauszugehen,vorauszugehen,VERB,ROOT,10934,vorauszugehen
10935,",",--,PUNCT,punct,10934,vorauszugehen
10936,daß,daß,SCONJ,cp,10937,Martino
10937,Martino,Martino,PROPN,sb,10934,vorauszugehen
10938,",",--,PUNCT,punct,10937,Martino
10939,der,der,PRON,sb,10945,auszubrüten
10940,seinen,sein,DET,nk,10941,Witz
10941,Witz,Witz,NOUN,oa,10945,auszubrüten
10942,in,in,ADP,mo,10945,auszubrüten
10943,allen,aller,DET,nk,10944,Nestern
10944,Nestern,Nester,NOUN,nk,10942,in
10945,auszubrüten,auszubrüten,VERB,rc,10937,Martino
10946,pflegte,pflegen,VERB,ROOT,10946,pflegte
10947,",",--,PUNCT,punct,10946,pflegte
10948,an,an,ADP,mo,10953,nehmen
10949,ihrer,ihr,DET,nk,10950,Blöße
10950,Blöße,Blöße,NOUN,nk,10948,an
10951,nicht,nicht,PART,ng,10954,möchte
10952,Ärgernis,Ärgernis,NOUN,oa,10953,nehmen
10953,nehmen,nehmen,VERB,oc,10954,möchte
10954,möchte,möchten,AUX,oc,10946,pflegte
10955,.,--,PUNCT,punct,10946,pflegte
10956,Der,der,DET,nk,10957,Weg
10957,Weg,Weg,NOUN,sb,10958,war
10958,war,sein,AUX,ROOT,10958,war
10959,steil,steil,ADV,pd,10958,war
10960,",",--,PUNCT,punct,10958,war
10961,unheimlich,unheimlich,ADV,ROOT,10961,unheimlich
10962,und,und,CCONJ,cd,10961,unheimlich
10963,beschwerlich,beschwerlich,ADV,cj,10962,und
10964,;,--,PUNCT,punct,10961,unheimlich
10965,der,der,DET,nk,10966,Sturm
10966,Sturm,Sturm,NOUN,sb,10967,sauste
10967,sauste,sausen,VERB,ROOT,10967,sauste
10968,durch,durch,ADP,mo,10967,sauste
10969,den,der,DET,nk,10970,Wald
10970,Wald,Wald,NOUN,nk,10968,durch
10971,",",--,PUNCT,punct,10967,sauste
10972,es,es,PRON,sb,10973,blitzte
10973,blitzte,blitzen,VERB,cj,10967,sauste
10974,in,in,ADP,mo,10973,blitzte
10975,der,der,DET,ROOT,10975,der
10976,Ferne,Ferne,NOUN,ROOT,10976,Ferne
10977,",",--,PUNCT,punct,10976,Ferne
10978,Marinina,Marinina,PROPN,sb,10979,schlug
10979,schlug,schlagen,VERB,cj,10976,Ferne
10980,ein,ein,DET,nk,10981,Kreuz
10981,Kreuz,Kreuz,NOUN,pd,10979,schlug
10982,über,über,ADP,mnr,10981,Kreuz
10983,das,der,DET,nk,10984,andre
10984,andre,Andre,NOUN,nk,10982,über
10985,.,--,PUNCT,punct,10976,Ferne
10986,Aber,aber,CCONJ,ju,10989,vertrieb
10987,die,der,DET,nk,10988,Müdigkeit
10988,Müdigkeit,Müdigkeit,NOUN,sb,10989,vertrieb
10989,vertrieb,vertreiben,VERB,ROOT,10989,vertrieb
10990,ihre,ihr,DET,nk,10991,Furcht
10991,Furcht,Furcht,NOUN,ROOT,10991,Furcht
10992,vor,vor,ADP,op,10991,Furcht
10993,dem,der,DET,nk,10995,Jäger
10994,wilden,wild,ADJ,nk,10995,Jäger
10995,Jäger,Jäger,NOUN,nk,10992,vor
10996,immer,immer,ADV,mo,10997,mehr
10997,mehr,mehr,ADV,mo,10991,Furcht
10998,",",--,PUNCT,punct,10991,Furcht
10999,von,von,ADP,op,10991,Furcht
11000,welchem,welcher,DET,nk,11001,Martino
11001,Martino,Martino,NOUN,nk,10999,von
11002,die,der,DET,nk,11003,tollsten
11003,tollsten,tollsten,NOUN,oa,10991,Furcht
11004,Geschichten,Geschichte,NOUN,sb,11005,vorbrachte
11005,vorbrachte,vorbrachten,VERB,ROOT,11005,vorbrachte
11006,.,--,PUNCT,punct,11005,vorbrachte
11007,›Es,›Es,PROPN,sb,11008,ist
11008,ist,sein,AUX,oc,11011,sagte
11009,gut‹,gut‹,VERB,pd,11008,ist
11010,",",--,PUNCT,punct,11011,sagte
11011,sagte,sagen,VERB,ROOT,11011,sagte
11012,er,er,PRON,sb,11011,sagte
11013,",",--,PUNCT,punct,11011,sagte
11014,›daß,›daß,VERB,oc,11011,sagte
11015,wir,wir,PRON,sb,11014,›daß
11016,selbst,selbst,ADV,mnr,11015,wir
11017,Proviant,Proviant,NOUN,oa,11014,›daß
11018,bei,bei,ADP,svp,11014,›daß
11019,uns,uns,PRON,da,11020,haben
11020,haben,haben,VERB,ROOT,11020,haben
11021,",",--,PUNCT,punct,11020,haben
11022,denn,denn,CCONJ,ju,11030,dürften
11023,wenn,wenn,SCONJ,cp,11028,müßten
11024,wir,wir,PRON,sb,11028,müßten
11025,mit,mit,ADP,mo,11027,essen
11026,ihm,ihm,PRON,nk,11025,mit
11027,essen,essen,VERB,oc,11028,müßten
11028,müßten,müssen,AUX,mo,11030,dürften
11029,",",--,PUNCT,punct,11030,dürften
11030,dürften,dürfen,AUX,oc,11020,haben
11031,wir,wir,PRON,sb,11030,dürften
11032,leicht,leicht,ADV,mo,11030,dürften
11033,mit,mit,ADP,mo,11030,dürften
11034,dem,der,DET,nk,11033,mit
11035,Schenkel,Schenkel,NOUN,oa,11043,bewirtet
11036,eines,ein,DET,nk,11037,Gehängten
11037,Gehängten,gehängter,NOUN,ag,11035,Schenkel
11038,oder,oder,CCONJ,cd,11035,Schenkel
11039,mit,mit,ADP,cj,11038,oder
11040,einem,ein,DET,nk,11042,Pferdekopf
11041,immarinierten,immariniert,ADJ,nk,11042,Pferdekopf
11042,Pferdekopf,Pferdekopf,NOUN,nk,11039,mit
11043,bewirtet,bewirten,VERB,ROOT,11043,bewirtet
11044,werden,werden,AUX,ROOT,11044,werden
11045,.,--,PUNCT,punct,11044,werden
11046,Fasset,Fasset,PROPN,ROOT,11046,Fasset
11047,Mut,Mut,NOUN,sb,11052,schaut
11048,",",--,PUNCT,punct,11047,Mut
11049,Frau,Frau,NOUN,app,11047,Mut
11050,Marinina,Marinina,PROPN,nk,11049,Frau
11051,",",--,PUNCT,punct,11052,schaut
11052,schaut,schauen,VERB,ROOT,11052,schaut
11053,mich,mich,PRON,oa,11052,schaut
11054,nur,nur,ADV,mo,11052,schaut
11055,an,an,ADP,svp,11052,schaut
11056,",",--,PUNCT,punct,11052,schaut
11057,ärger,arg,ADV,oa,11058,kann
11058,kann,können,AUX,cj,11052,schaut
11059,er,er,PRON,sb,11058,kann
11060,nicht,nicht,PART,ng,11058,kann
11061,aussehen!‹,aussehen!‹,PROPN,ROOT,11061,aussehen!‹
11062,Unter,unter,ADP,mo,11069,erstiegen
11063,solchen,solcher,DET,nk,11064,Gesprächen
11064,Gesprächen,Gespräch,NOUN,nk,11062,Unter
11065,hatten,haben,AUX,ROOT,11065,hatten
11066,wir,wir,PRON,sb,11065,hatten
11067,die,der,DET,nk,11068,Gebirgshöhe
11068,Gebirgshöhe,Gebirgshöhe,NOUN,oa,11069,erstiegen
11069,erstiegen,erstiegen,VERB,oc,11065,hatten
11070,und,und,CCONJ,cd,11069,erstiegen
11071,waren,sein,AUX,cj,11070,und
11072,ein,ein,DET,pd,11071,waren
11073,ziemlich,ziemlich,ADV,mo,11074,Stück
11074,Stück,Stück,NOUN,ROOT,11074,Stück
11075,Wegs,Wegs,NOUN,sb,11082,geschritten
11076,in,in,ADP,mo,11082,geschritten
11077,den,der,DET,nk,11081,Wald
11078,wilden,wild,ADJ,nk,11081,Wald
11079,",",--,PUNCT,punct,11078,wilden
11080,finstern,finstern,NOUN,cj,11078,wilden
11081,Wald,Wald,NOUN,nk,11076,in
11082,geschritten,geschritn,VERB,oc,11085,hörten
11083,",",--,PUNCT,punct,11084,da
11084,da,da,ADV,mo,11085,hörten
11085,hörten,hören,VERB,ROOT,11085,hörten
11086,wir,wir,PRON,sb,11085,hörten
11087,ein,ein,ADV,svp,11085,hörten
11088,abscheuliches,abscheulich,ADJ,nk,11089,Katzengeheul
11089,Katzengeheul,Katzengeheul,NOUN,ROOT,11089,Katzengeheul
11090,und,und,CCONJ,cd,11089,Katzengeheul
11091,kamen,kommen,VERB,cj,11090,und
11092,bald,bald,ADV,mo,11091,kamen
11093,an,an,ADP,mo,11091,kamen
11094,eine,ein,DET,nk,11095,Hütte
11095,Hütte,Hütte,NOUN,nk,11093,an
11096,",",--,PUNCT,punct,11095,Hütte
11097,mit,mit,ADP,mnr,11095,Hütte
11098,Stroh,Stroh,PROPN,nk,11097,mit
11099,und,und,CCONJ,cd,11098,Stroh
11100,Reisern,Reiser,NOUN,cj,11099,und
11101,gedeckt,decken,VERB,ROOT,11101,gedeckt
11102,;,--,PUNCT,punct,11101,gedeckt
11103,alte,alt,ADJ,nk,11104,Lumpen
11104,Lumpen,Lump,NOUN,sb,11105,hingen
11105,hingen,hingen,VERB,ROOT,11105,hingen
11106,auf,auf,ADP,mo,11105,hingen
11107,dem,der,DET,nk,11108,Zaun
11108,Zaun,Zaun,NOUN,nk,11106,auf
11109,",",--,PUNCT,punct,11105,hingen
11110,und,und,CCONJ,cd,11105,hingen
11111,an,an,ADP,mo,11114,war
11112,einer,ein,DET,nk,11113,Stange
11113,Stange,Stange,NOUN,nk,11111,an
11114,war,sein,AUX,cj,11110,und
11115,ein,ein,DET,nk,11116,großes
11116,großes,groß,ADJ,pd,11114,war
11117,Stachelschwein,Stachelschwein,NOUN,sb,11121,herausgesteckt
11118,über,über,ADP,mnr,11117,Stachelschwein
11119,der,der,DET,nk,11120,Türe
11120,Türe,Türe,NOUN,nk,11118,über
11121,herausgesteckt,herausgestecken,VERB,ROOT,11121,herausgesteckt
11122,als,als,ADP,mo,11121,herausgesteckt
11123,Schild,Schild,NOUN,nk,11122,als
11124,.,--,PUNCT,punct,11121,herausgesteckt
11125,›Da,›Da,PROPN,sb,11126,sind
11126,sind,sein,AUX,oc,11129,sagte
11127,wir‹,wir‹,ADV,pd,11126,sind
11128,",",--,PUNCT,punct,11129,sagte
11129,sagte,sagen,VERB,ROOT,11129,sagte
11130,Martino,Martino,PROPN,ROOT,11130,Martino
11131,;,--,PUNCT,punct,11130,Martino
11132,›wie,›wie,CCONJ,dep,11133,glaubt
11133,glaubt,glauben,VERB,ROOT,11133,glaubt
11134,ihr,ihr,PRON,sb,11133,glaubt
11135,",",--,PUNCT,punct,11133,glaubt
11136,daß,daß,SCONJ,cp,11139,Gasthaus
11137,dies,dieser,PRON,nk,11139,Gasthaus
11138,vornehme,vornehm,ADJ,nk,11139,Gasthaus
11139,Gasthaus,Gasthaus,NOUN,sb,11133,glaubt
11140,heiße?‹,heiße?‹,PROPN,nk,11139,Gasthaus
11141,–,--,PUNCT,punct,11139,Gasthaus
11142,›Zum,›Zum,VERB,par,11139,Gasthaus
11143,Stachelschwein!‹,Stachelschwein!‹,PUNCT,punct,11144,sagte
11144,sagte,sagen,VERB,ROOT,11144,sagte
11145,ich,ich,PRON,sb,11144,sagte
11146,.,--,PUNCT,punct,11144,sagte
11147,–,--,PUNCT,punct,11149,erwiderte
11148,›Nein!‹,›Nein!‹,NOUN,oa,11149,erwiderte
11149,erwiderte,erwidern,VERB,ROOT,11149,erwiderte
11150,Martino,Martino,PROPN,sb,11149,erwiderte
11151,",",--,PUNCT,punct,11149,erwiderte
11152,›es,›es,PUNCT,punct,11153,hat
11153,hat,haben,VERB,oc,11149,erwiderte
11154,mehrere,mehrere,DET,nk,11155,Namen
11155,Namen,Name,NOUN,oa,11153,hat
11156,;,--,PUNCT,punct,11149,erwiderte
11157,einige,einige,PRON,sb,11158,nennen
11158,nennen,nennen,VERB,ROOT,11158,nennen
11159,es,es,PRON,oa,11158,nennen
11160,des,der,DET,nk,11161,Teufels
11161,Teufels,Teufel,NOUN,ag,11162,Zahnbürste
11162,Zahnbürste,Zahnbürste,NOUN,oa,11158,nennen
11163,",",--,PUNCT,punct,11162,Zahnbürste
11164,andre,Andre,PROPN,mo,11167,Pelzmütze
11165,des,der,DET,nk,11166,Teufels
11166,Teufels,Teufel,NOUN,ag,11167,Pelzmütze
11167,Pelzmütze,Pelzmütze,NOUN,cj,11162,Zahnbürste
11168,",",--,PUNCT,punct,11167,Pelzmütze
11169,andre,Andre,PROPN,mo,11170,gar
11170,gar,gar,ADV,mo,11158,nennen
11171,seinen,sein,DET,nk,11172,Hosenknopf.‹
11172,Hosenknopf.‹,Hosenknopf.‹,PUNCT,ROOT,11172,Hosenknopf.‹
11173,Wir,wir,PRON,sb,11174,lachten
11174,lachten,lachen,VERB,ROOT,11174,lachten
11175,über,über,ADP,op,11174,lachten
11176,die,der,DET,nk,11178,Namen
11177,närrischen,närrisch,ADJ,nk,11178,Namen
11178,Namen,Name,NOUN,nk,11175,über
11179,.,--,PUNCT,punct,11174,lachten
11180,Die,der,DET,nk,11181,Katze
11181,Katze,Katze,NOUN,sb,11182,saß
11182,saß,sitzen,VERB,ROOT,11182,saß
11183,vor,vor,ADP,svp,11182,saß
11184,der,der,DET,nk,11185,Türe
11185,Türe,Türe,NOUN,sb,11191,machte
11186,auf,auf,ADP,mnr,11185,Türe
11187,einem,ein,DET,nk,11189,Hühnerkorb
11188,zerbrochenen,zerbrochen,ADJ,nk,11189,Hühnerkorb
11189,Hühnerkorb,Hühnerkorb,NOUN,nk,11186,auf
11190,",",--,PUNCT,punct,11191,machte
11191,machte,machen,VERB,ROOT,11191,machte
11192,einen,ein,DET,nk,11193,Buckel
11193,Buckel,Buckel,NOUN,oa,11191,machte
11194,gegen,gegen,ADP,mnr,11193,Buckel
11195,uns,uns,PRON,nk,11194,gegen
11196,und,und,CCONJ,cd,11191,machte
11197,ein,ein,DET,nk,11198,Paar
11198,Paar,Paar,NOUN,ROOT,11198,Paar
11199,feurige,feurig,ADJ,nk,11200,Augen
11200,Augen,Auge,NOUN,ag,11198,Paar
11201,und,und,CCONJ,cd,11198,Paar
11202,hörte,hören,VERB,cj,11201,und
11203,nicht,nicht,PART,ng,11202,hörte
11204,auf,auf,ADP,op,11206,solfeggieren
11205,zu,zu,PART,pm,11206,solfeggieren
11206,solfeggieren,solfeggieren,VERB,oc,11202,hörte
11207,.,--,PUNCT,punct,11198,Paar
11208,In,in,ADP,ROOT,11208,In
11209,dem,der,DET,nk,11210,Hause
11210,Hause,Haus,NOUN,nk,11208,In
11211,aber,aber,ADV,mo,11208,In
11212,rumpelte,rumpelen,VERB,ROOT,11212,rumpelte
11213,es,es,PRON,oa,11212,rumpelte
11214,wie,wie,ADP,cm,11215,in
11215,in,in,ADP,mo,11212,rumpelte
11216,einem,ein,DET,nk,11217,Raspelhause
11217,Raspelhause,Raspelhause,NOUN,nk,11215,in
11218,und,und,CCONJ,cd,11217,Raspelhause
11219,leeren,leer,ADJ,nk,11220,Magen
11220,Magen,Magen,NOUN,cj,11218,und
11221,.,--,PUNCT,punct,11212,rumpelte
11222,Nun,nun,ADV,mo,11223,schlug
11223,schlug,schlagen,VERB,ROOT,11223,schlug
11224,Martino,Martino,PROPN,sb,11223,schlug
11225,mit,mit,ADP,svp,11223,schlug
11226,der,der,DET,nk,11227,Faust
11227,Faust,Faust,NOUN,ROOT,11227,Faust
11228,gegen,gegen,ADP,mnr,11227,Faust
11229,die,der,DET,nk,11230,Türe
11230,Türe,Türe,NOUN,nk,11228,gegen
11231,und,und,CCONJ,cd,11227,Faust
11232,schrie,schreien,VERB,cj,11231,und
11233,:,--,PUNCT,punct,11227,Faust
11234,›Holla,›Holla,PROPN,app,11227,Faust
11235,",",--,PUNCT,punct,11234,›Holla
11236,Frau,Frau,NOUN,app,11234,›Holla
11237,Susanna,Susanna,PROPN,nk,11236,Frau
11238,",",--,PUNCT,punct,11227,Faust
11239,für,für,ADP,mnr,11227,Faust
11240,Geld,Geld,NOUN,nk,11239,für
11241,und,und,CCONJ,cd,11227,Faust
11242,gute,gut,ADJ,cj,11241,und
11243,Worte,Wort,NOUN,ROOT,11243,Worte
11244,Einlaß,Einlaß,NOUN,nk,11243,Worte
11245,und,und,CCONJ,cd,11244,Einlaß
11246,Herberge,Herberge,NOUN,cj,11245,und
11247,;,--,PUNCT,punct,11243,Worte
11248,Eure,eur,DET,nk,11249,Katze
11249,Katze,Katze,NOUN,sb,11250,will
11250,will,wollen,AUX,ROOT,11250,will
11251,auch,auch,ADV,mo,11250,will
11252,hinein.‹,Hinein.‹,NOUN,punct,11250,will
11253,Da,da,ADV,mo,11254,krähte
11254,krähte,krähen,VERB,ROOT,11254,krähte
11255,eine,ein,DET,nk,11256,Stimme
11256,Stimme,Stimme,NOUN,sb,11254,krähte
11257,heraus,heraus,ADV,ROOT,11257,heraus
11258,:,--,PUNCT,punct,11260,seid
11259,›Wer,›Wer,ADV,mo,11260,seid
11260,seid,sein,AUX,rs,11257,heraus
11261,ihr,ihr,DET,nk,11262,Schalksknechte
11262,Schalksknechte,Schalksknechte,NOUN,sb,11260,seid
11263,zu,zu,ADP,mo,11260,seid
11264,nachtschlafender,nachtschlafend,ADJ,nk,11265,Zeit?‹
11265,Zeit?‹,Zeit?‹,NOUN,nk,11263,zu
11266,Und,und,CCONJ,ROOT,11266,Und
11267,Martino,Martino,PROPN,cj,11266,Und
11268,",",--,PUNCT,punct,11267,Martino
11269,der,der,DET,sb,11276,konnte
11270,in,in,ADP,mo,11276,konnte
11271,Reimen,Reimen,NOUN,nk,11270,in
11272,wie,wie,ADP,cm,11274,Improvisatore
11273,ein,ein,DET,nk,11274,Improvisatore
11274,Improvisatore,Improvisatore,NOUN,oa,11275,schwatzen
11275,schwatzen,schwatzen,VERB,oc,11276,konnte
11276,konnte,können,AUX,mo,11278,schrie
11277,",",--,PUNCT,punct,11278,schrie
11278,schrie,schreien,VERB,ROOT,11278,schrie
11279,:,--,PUNCT,punct,11278,schrie
11280,›Ich,›Ich,PROPN,sb,11281,bin
11281,bin,sein,AUX,rs,11278,schrie
11282,ja,ja,ADV,mo,11281,bin
11283,der,der,DET,ROOT,11283,der
11284,Rechte,Recht,NOUN,ROOT,11284,Rechte
11285,und,und,CCONJ,cd,11284,Rechte
11286,komme,kommen,VERB,cj,11285,und
11287,von,von,ADP,mo,11286,komme
11288,weit!‹,weit!‹,PROPN,nk,11287,von
11289,Nun,nun,ADV,mo,11290,keifte
11290,keifte,keifen,VERB,ROOT,11290,keifte
11291,die,der,DET,nk,11292,Stimme
11292,Stimme,Stimme,NOUN,sb,11290,keifte
11293,wieder,wieder,ADV,svp,11290,keifte
11294,:,--,PUNCT,punct,11290,keifte
11295,›Wenn,›Wenn,ADV,ROOT,11295,›Wenn
11296,die,der,DET,nk,11297,Katze
11297,Katze,Katze,NOUN,sb,11295,›Wenn
11298,nicht,nicht,PART,ng,11295,›Wenn
11299,draußen,draußen,ADV,mo,11300,wär
11300,wär,wär,AUX,ROOT,11300,wär
11301,",",--,PUNCT,punct,11303,ließ
11302,ich,ich,PRON,sb,11303,ließ
11303,ließ,lassen,VERB,cj,11300,wär
11304,Euch,euch,PRON,oa,11303,ließ
11305,nimmermehr,nimmermehr,ADV,mo,11303,ließ
11306,ein!‹,ein!‹,NOUN,oa,11303,ließ
11307,Und,und,CCONJ,ju,11309,sagte
11308,Martino,Martino,PROPN,sb,11309,sagte
11309,sagte,sagen,VERB,ROOT,11309,sagte
11310,:,--,PUNCT,punct,11309,sagte
11311,›Ihr,›Ihr,PROPN,nk,11312,denket
11312,denket,denket,PROPN,oc,11309,sagte
11313,so,so,ADV,mo,11309,sagte
11314,zärtlich,zärtlich,ADV,mo,11315,ungefähr
11315,ungefähr,ungefähr,ADV,ROOT,11315,ungefähr
11316,wie,wie,ADP,cm,11318,Schild
11317,Euer,euer,DET,nk,11318,Schild
11318,Schild,Schild,NOUN,cc,11314,zärtlich
11319,",",--,PUNCT,punct,11318,Schild
11320,das,der,DET,nk,11321,Stachelschwein.‹
11321,Stachelschwein.‹,Stachelschwein.‹,PROPN,ROOT,11321,Stachelschwein.‹
11322,Marinina,Marinina,PROPN,sb,11323,war
11323,war,sein,AUX,ROOT,11323,war
11324,in,in,ADP,mo,11323,war
11325,tausend,tausend,NUM,nk,11324,in
11326,Ängsten,Ängst,NOUN,ROOT,11326,Ängsten
11327,;,--,PUNCT,punct,11326,Ängsten
11328,sie,sie,PRON,sb,11329,bat
11329,bat,bitten,VERB,ROOT,11329,bat
11330,immer,immer,ADV,mo,11329,bat
11331,den,der,DET,nk,11332,Martino
11332,Martino,Martino,NOUN,oa,11329,bat
11333,",",--,PUNCT,punct,11332,Martino
11334,die,der,DET,nk,11336,Wirtin
11335,alte,alt,ADJ,nk,11336,Wirtin
11336,Wirtin,Wirtin,NOUN,oa,11339,schelten
11337,nicht,nicht,PART,ng,11339,schelten
11338,zu,zu,PART,pm,11339,schelten
11339,schelten,schelten,VERB,oc,11332,Martino
11340,",",--,PUNCT,punct,11329,bat
11341,sie,sie,PRON,sb,11342,sei
11342,sei,sein,AUX,oc,11329,bat
11343,gewiß,gewiß,ADV,mo,11345,Hexe
11344,eine,ein,DET,nk,11345,Hexe
11345,Hexe,Hexe,NOUN,ROOT,11345,Hexe
11346,und,und,CCONJ,cd,11345,Hexe
11347,werde,werden,AUX,cj,11346,und
11348,uns,uns,PRON,da,11351,antun
11349,nichts,nichts,PRON,nk,11350,Gutes
11350,Gutes,gute,NOUN,oa,11351,antun
11351,antun,antun,VERB,oc,11347,werde
11352,.,--,PUNCT,punct,11345,Hexe
11353,Da,da,ADV,mo,11354,ging
11354,ging,gehen,VERB,ROOT,11354,ging
11355,die,der,DET,nk,11356,Tür
11356,Tür,Tür,NOUN,sb,11354,ging
11357,auf,auf,ADP,svp,11354,ging
11358,",",--,PUNCT,punct,11354,ging
11359,ein,ein,DET,dep,11354,ging
11360,schwarzbraunes,schwarzbraun,ADJ,nk,11368,Mägdlein
11361,",",--,PUNCT,punct,11360,schwarzbraunes
11362,zerlumptes,zerlumpt,ADJ,nk,11368,Mägdlein
11363,",",--,PUNCT,punct,11362,zerlumptes
11364,sonst,sonst,ADV,mo,11365,glattes
11365,glattes,glatt,ADJ,nk,11368,Mägdlein
11366,und,und,CCONJ,cd,11365,glattes
11367,hübsches,hübsch,ADJ,cj,11366,und
11368,Mägdlein,Mägdlein,NOUN,ROOT,11368,Mägdlein
11369,",",--,PUNCT,punct,11368,Mägdlein
11370,glänzend,glänzend,ADV,par,11368,Mägdlein
11371,und,und,CCONJ,cd,11370,glänzend
11372,schlank,Schlank,PROPN,sb,11378,leuchtete
11373,wie,wie,ADP,cm,11376,Aal
11374,ein,ein,DET,nk,11376,Aal
11375,brauner,braun,ADJ,nk,11376,Aal
11376,Aal,Aal,NOUN,cc,11372,schlank
11377,",",--,PUNCT,punct,11378,leuchtete
11378,leuchtete,leuchteen,VERB,ROOT,11378,leuchtete
11379,uns,uns,PRON,oa,11378,leuchtete
11380,aus,aus,ADP,mo,11378,leuchtete
11381,der,der,DET,nk,11382,Küche
11382,Küche,Küche,NOUN,nk,11380,aus
11383,mit,mit,ADP,mo,11378,leuchtete
11384,einer,ein,DET,nk,11385,Kienfackel
11385,Kienfackel,Kienfackel,NOUN,nk,11383,mit
11386,ins,in,ADP,ROOT,11386,ins
11387,Gesicht,Gesicht,NOUN,nk,11386,ins
11388,und,und,CCONJ,ROOT,11388,und
11389,war,sein,AUX,cj,11388,und
11390,nicht,nicht,PART,ng,11392,erschrocken
11391,wenig,wenig,ADV,mo,11392,erschrocken
11392,erschrocken,erschrocken,VERB,oc,11389,war
11393,",",--,PUNCT,punct,11392,erschrocken
11394,als,als,ADP,mo,11389,war
11395,Martino,Martino,PROPN,nk,11394,als
11396,in,in,ADP,mnr,11395,Martino
11397,seinem,sein,DET,nk,11398,wilden
11398,wilden,wild,ADJ,nk,11396,in
11399,Aufzug,Aufzug,NOUN,sb,11402,entgegenschritt
11400,ihr,ihr,DET,da,11402,entgegenschritt
11401,rasch,rasch,ADV,mo,11402,entgegenschritt
11402,entgegenschritt,entgegenschreten,VERB,ROOT,11402,entgegenschritt
11403,und,und,CCONJ,cd,11402,entgegenschritt
11404,",",--,PUNCT,punct,11403,und
11405,indem,indem,SCONJ,cp,11409,verhinderte
11406,er,er,PRON,sb,11409,verhinderte
11407,drängend,drängend,ADV,mo,11409,verhinderte
11408,sie,sie,PRON,oa,11409,verhinderte
11409,verhinderte,verhindern,VERB,mo,11402,entgegenschritt
11410,",",--,PUNCT,punct,11409,verhinderte
11411,die,der,PRON,dep,11402,entgegenschritt
11412,Türe,Türe,ADV,mo,11414,zuzuschlagen
11413,wieder,wieder,ADV,mo,11414,zuzuschlagen
11414,zuzuschlagen,zuzuschlagen,VERB,oc,11417,sagte
11415,",",--,PUNCT,punct,11417,sagte
11416,ihr,ihr,PRON,da,11417,sagte
11417,sagte,sagen,VERB,ROOT,11417,sagte
11418,:,--,PUNCT,punct,11417,sagte
11419,›Brauner,›Brauner,ADJ,nk,11420,Schatz
11420,Schatz,Schatz,NOUN,sb,11422,mach
11421,",",--,PUNCT,punct,11422,mach
11422,mach,mechen,VERB,oc,11417,sagte
11423,uns,uns,PRON,oa,11422,mach
11424,Platz,Platz,NOUN,oa,11422,mach
11425,!,--,PUNCT,punct,11417,sagte
11426,Menschen,Mensch,NOUN,ROOT,11426,Menschen
11427,sind,sein,AUX,ROOT,11427,sind
11428,wir,wir,PRON,sb,11427,sind
11429,",",--,PUNCT,punct,11428,wir
11430,schönes,schön,ADJ,nk,11431,Kind
11431,Kind,Kind,NOUN,cj,11428,wir
11432,",",--,PUNCT,punct,11427,sind
11433,hier,hier,ADV,mo,11427,sind
11434,:,--,PUNCT,punct,11427,sind
11435,hast,haben,AUX,pd,11427,sind
11436,zum,zu,ADP,mo,11435,hast
11437,Zeichen,Zeichen,NOUN,nk,11436,zum
11438,diesen,dieser,DET,nk,11439,Schmatz!‹
11439,Schmatz!‹,Schmatz!‹,PUNCT,punct,11427,sind
11440,und,und,CCONJ,cd,11427,sind
11441,somit,somit,ADV,mo,11442,küßte
11442,küßte,küssen,VERB,cj,11440,und
11443,er,er,PRON,ROOT,11443,er
11444,sie,sie,PRON,ROOT,11444,sie
11445,herzlich,herzlich,ADV,ROOT,11445,herzlich
11446,;,--,PUNCT,punct,11445,herzlich
11447,wir,wir,PRON,sb,11448,drangen
11448,drangen,dringen,VERB,ROOT,11448,drangen
11449,indessen,indessen,ADV,mo,11448,drangen
11450,hinein,hinein,ADV,svp,11448,drangen
11451,.,--,PUNCT,punct,11448,drangen
11452,Die,der,DET,nk,11454,Braune
11453,kleine,klein,ADJ,nk,11454,Braune
11454,Braune,Braune,PROPN,sb,11456,sagte
11455,aber,aber,ADV,mo,11456,sagte
11456,sagte,sagen,VERB,ROOT,11456,sagte
11457,:,--,PUNCT,punct,11456,sagte
11458,›Und,›Und,PUNCT,mo,11466,bist
11459,wenn,wenn,SCONJ,cp,11466,bist
11460,du,du,PRON,sb,11466,bist
11461,auch,auch,ADV,mo,11466,bist
11462,nicht,nicht,PART,ng,11466,bist
11463,der,der,DET,nk,11464,Satan
11464,Satan,Satan,PROPN,pd,11466,bist
11465,selbst,selbst,ADV,mnr,11464,Satan
11466,bist,sein,AUX,re,11468,so
11467,",",--,PUNCT,punct,11468,so
11468,so,so,ADV,mo,11469,könnt
11469,könnt,können,VERB,ROOT,11469,könnt
11470,ihr,ihr,PRON,sb,11469,könnt
11471,heute,heute,ADV,mo,11469,könnt
11472,hier,hier,ADV,mo,11469,könnt
11473,doch,doch,ADV,mo,11469,könnt
11474,nicht,nicht,PART,ng,11475,bleiben
11475,bleiben,bleiben,VERB,ROOT,11475,bleiben
11476,;,--,PUNCT,punct,11475,bleiben
11477,meine,mein,DET,nk,11478,Großmutter
11478,Großmutter,Großmutter,NOUN,sb,11479,ist
11479,ist,sein,AUX,ROOT,11479,ist
11480,sehr,sehr,ADV,mo,11481,brummig
11481,brummig,brummig,ADV,pd,11479,ist
11482,",",--,PUNCT,punct,11479,ist
11483,sie,sie,PRON,sb,11484,fürchtet
11484,fürchtet,fürchten,VERB,cj,11479,ist
11485,",",--,PUNCT,punct,11484,fürchtet
11486,das,der,PRON,dep,11479,ist
11487,Waldgespenst,Waldgespenst,NOUN,sb,11488,komme
11488,komme,kommen,VERB,ROOT,11488,komme
11489,heut,heut,ADV,mo,11490,nacht
11490,nacht,Nacht,NOUN,mo,11488,komme
11491,",",--,PUNCT,punct,11488,komme
11492,und,und,CCONJ,cd,11488,komme
11493,da,da,ADV,mo,11494,nimmt
11494,nimmt,nehmen,VERB,cj,11492,und
11495,sie,sie,PRON,sb,11494,nimmt
11496,keine,kein,DET,nk,11497,Gäste
11497,Gäste,Gast,NOUN,oa,11494,nimmt
11498,",",--,PUNCT,punct,11494,nimmt
11499,um,um,SCONJ,op,11488,komme
11500,die,der,DET,nk,11501,Herberge
11501,Herberge,Herberge,NOUN,nk,11499,um
11502,nicht,nicht,PART,ng,11505,Ruf
11503,in,in,ADP,mo,11507,bringen
11504,bösen,böse,ADJ,nk,11505,Ruf
11505,Ruf,Ruf,NOUN,nk,11503,in
11506,zu,zu,PART,pm,11507,bringen
11507,bringen,bringen,VERB,ROOT,11507,bringen
11508,;,--,PUNCT,punct,11507,bringen
11509,unsre,unsr,ADJ,nk,11510,Kammer
11510,Kammer,Kammer,NOUN,sb,11516,ist
11511,",",--,PUNCT,punct,11510,Kammer
11512,wo,wo,SCONJ,mo,11514,schlafen
11513,wir,wir,PRON,sb,11514,schlafen
11514,schlafen,schlafen,VERB,rc,11510,Kammer
11515,",",--,PUNCT,punct,11516,ist
11516,ist,sein,AUX,ROOT,11516,ist
11517,eng,eng,ADV,pd,11516,ist
11518,",",--,PUNCT,punct,11516,ist
11519,und,und,CCONJ,cd,11516,ist
11520,sie,sie,PRON,dep,11516,ist
11521,rückt,rücken,VERB,ROOT,11521,rückt
11522,schon,schon,ADV,mo,11523,allen
11523,allen,aller,DET,nk,11524,Hausrat
11524,Hausrat,Hausrat,NOUN,oa,11521,rückt
11525,vor,vor,ADP,mo,11521,rückt
11526,ihr,ihr,DET,nk,11527,Bett
11527,Bett,Bett,NOUN,nk,11525,vor
11528,",",--,PUNCT,punct,11521,rückt
11529,um,um,SCONJ,cp,11534,sehen
11530,das,der,DET,nk,11531,Gespenst
11531,Gespenst,Gespenst,NOUN,oa,11534,sehen
11532,nicht,nicht,PART,ng,11534,sehen
11533,zu,zu,PART,pm,11534,sehen
11534,sehen,sehen,VERB,mo,11521,rückt
11535,",",--,PUNCT,punct,11534,sehen
11536,welches,welcher,PRON,oa,11521,rückt
11537,oft,oft,ADV,mo,11539,durch
11538,quer,quer,ADV,mo,11539,durch
11539,durch,durch,ADP,mo,11545,erwiderte
11540,unsre,unsr,ADJ,nk,11541,Hütte
11541,Hütte,Hütte,NOUN,nk,11539,durch
11542,zieht.‹,zieht.‹,NOUN,nk,11539,durch
11543,Martino,Martino,PROPN,nk,11542,zieht.‹
11544,aber,aber,ADV,mo,11545,erwiderte
11545,erwiderte,erwidern,VERB,ROOT,11545,erwiderte
11546,:,--,PUNCT,punct,11545,erwiderte
11547,›Eben,›Ebe,NOUN,oa,11545,erwiderte
11548,in,in,ADP,mnr,11547,›Eben
11549,dieser,dieser,DET,nk,11548,in
11550,Kammer,Kammer,NOUN,oa,11553,schlafen
11551,wollen,wollen,AUX,ROOT,11551,wollen
11552,wir,wir,PRON,sb,11551,wollen
11553,schlafen,schlafen,VERB,oc,11551,wollen
11554,",",--,PUNCT,punct,11551,wollen
11555,und,und,CCONJ,cd,11551,wollen
11556,eben,eben,ADV,mo,11558,Waldgespenst
11557,dieses,dieser,DET,nk,11558,Waldgespenst
11558,Waldgespenst,Waldgespenst,NOUN,oa,11559,wollen
11559,wollen,wollen,AUX,cj,11555,und
11560,wir,wir,PRON,sb,11559,wollen
11561,mit,mit,ADP,svp,11559,wollen
11562,gebratenen,gebraten,ADJ,nk,11563,Schnepfen
11563,Schnepfen,Schnepf,NOUN,da,11564,bewirten
11564,bewirten,bewiren,VERB,ROOT,11564,bewirten
11565,;,--,PUNCT,punct,11564,bewirten
11566,wir,wir,PRON,sb,11567,sind
11567,sind,sein,AUX,ROOT,11567,sind
11568,des,der,DET,nk,11570,Jägers
11569,wilden,wild,ADJ,nk,11570,Jägers
11570,Jägers,Jäger,NOUN,pd,11567,sind
11571,Küchengesinde!‹,Küchengesinde!‹,PROPN,nk,11570,Jägers
11572,Und,und,CCONJ,cd,11567,sind
11573,somit,somit,ADV,mo,11574,packte
11574,packte,packen,VERB,ROOT,11574,packte
11575,er,er,PRON,sb,11574,packte
11576,ein,ein,DET,nk,11577,Bund
11577,Bund,Bund,NOUN,oa,11574,packte
11578,Stroh,Stroh,PROPN,nk,11577,Bund
11579,auf,auf,ADP,svp,11574,packte
11580,",",--,PUNCT,punct,11574,packte
11581,das,der,PRON,sb,11585,lag
11582,in,in,ADP,mo,11585,lag
11583,der,der,DET,nk,11584,Ecke
11584,Ecke,Ecke,NOUN,nk,11582,in
11585,lag,liegen,VERB,rc,11576,ein
11586,",",--,PUNCT,punct,11574,packte
11587,und,und,CCONJ,cd,11574,packte
11588,marschierte,marschieren,VERB,cj,11587,und
11589,in,in,ADP,mo,11588,marschierte
11590,die,der,DET,nk,11589,in
11591,Kammer,Kammer,NOUN,ROOT,11591,Kammer
11592,;,--,PUNCT,punct,11591,Kammer
11593,wir,wir,PRON,sb,11594,kamen
11594,kamen,kommen,VERB,ROOT,11594,kamen
11595,nach,nach,ADP,svp,11594,kamen
11596,",",--,PUNCT,punct,11594,kamen
11597,trotz,trotz,ADP,mo,11594,kamen
11598,allen,aller,DET,nk,11599,Zeremonien
11599,Zeremonien,Zeremonie,NOUN,nk,11597,trotz
11600,",",--,PUNCT,punct,11599,Zeremonien
11601,welche,welcher,PRON,cj,11599,Zeremonien
11602,die,der,DET,nk,11604,Jungfer
11603,nußbraune,nußbraun,PROPN,nk,11604,Jungfer
11604,Jungfer,Jungfer,PROPN,oa,11594,kamen
11605,machen,machen,VERB,oc,11606,wollte
11606,wollte,wollen,AUX,ROOT,11606,wollte
11607,.,--,PUNCT,punct,11606,wollte
11608,Es,es,PRON,sb,11609,war
11609,war,sein,AUX,ROOT,11609,war
11610,gar,gar,ADV,mo,11611,keine
11611,keine,kein,DET,nk,11613,Großmutter
11612,alte,alt,ADJ,nk,11613,Großmutter
11613,Großmutter,Großmutter,NOUN,pd,11609,war
11614,in,in,ADP,mnr,11613,Großmutter
11615,der,der,DET,nk,11616,Hütte
11616,Hütte,Hütte,NOUN,nk,11614,in
11617,;,--,PUNCT,punct,11609,war
11618,das,der,DET,nk,11619,Mädchen
11619,Mädchen,Mädchen,NOUN,sb,11620,log
11620,log,log,VERB,ROOT,11620,log
11621,uns,uns,PRON,oa,11620,log
11622,etwas,etwas,PRON,oa,11620,log
11623,vor,vor,ADP,svp,11620,log
11624,.,--,PUNCT,punct,11620,log
11625,Martino,Martino,PROPN,sb,11626,breitete
11626,breitete,breiten,VERB,oc,11640,legte
11627,das,der,DET,nk,11628,Stroh
11628,Stroh,Stroh,NOUN,oa,11626,breitete
11629,an,an,ADP,mo,11626,breitete
11630,die,der,DET,nk,11631,Erde
11631,Erde,Erde,NOUN,nk,11629,an
11632,",",--,PUNCT,punct,11626,breitete
11633,und,und,CCONJ,cd,11626,breitete
11634,Marinina,Marinina,PROPN,cj,11633,und
11635,",",--,PUNCT,punct,11634,Marinina
11636,furchtsam,furchtsam,ADV,par,11634,Marinina
11637,und,und,CCONJ,cd,11636,furchtsam
11638,müde,müde,ADV,cj,11637,und
11639,",",--,PUNCT,punct,11640,legte
11640,legte,legen,VERB,ROOT,11640,legte
11641,sich,sich,PRON,ROOT,11641,sich
11642,gleich,gleich,ADV,mo,11641,sich
11643,",",--,PUNCT,punct,11642,gleich
11644,mit,mit,ADP,cj,11642,gleich
11645,dem,der,DET,nk,11646,Gesicht
11646,Gesicht,Gesicht,NOUN,nk,11644,mit
11647,",",--,PUNCT,punct,11646,Gesicht
11648,über,über,ADP,mo,11654,deckte
11649,das,der,PRON,nk,11648,über
11650,sie,sie,PRON,sb,11654,deckte
11651,noch,noch,ADV,mo,11654,deckte
11652,ihre,ihr,DET,nk,11653,Schürze
11653,Schürze,Schürze,NOUN,oa,11654,deckte
11654,deckte,decken,VERB,rc,11646,Gesicht
11655,",",--,PUNCT,punct,11654,deckte
11656,gegen,gegen,ADP,mo,11654,deckte
11657,die,der,PRON,nk,11656,gegen
11658,Wand,Wand,NOUN,mo,11659,gekehrt
11659,gekehrt,kehren,VERB,ROOT,11659,gekehrt
11660,",",--,PUNCT,punct,11659,gekehrt
11661,nieder,nieder,ADV,mo,11659,gekehrt
11662,und,und,CCONJ,cd,11659,gekehrt
11663,rührte,rühren,VERB,cj,11662,und
11664,sich,sich,PRON,oa,11663,rührte
11665,nicht,nicht,PART,ng,11663,rührte
11666,.,--,PUNCT,punct,11659,gekehrt
11667,Martino,Martino,PROPN,sb,11668,begab
11668,begab,begeben,VERB,ROOT,11668,begab
11669,sich,sich,PRON,oa,11668,begab
11670,mit,mit,ADP,mo,11668,begab
11671,den,der,DET,punct,11668,begab
11672,Schnepfen,schnepfen,NOUN,ROOT,11672,Schnepfen
11673,wieder,wieder,ADV,mo,11672,Schnepfen
11674,in,in,ADP,mo,11672,Schnepfen
11675,die,der,DET,nk,11676,Küche
11676,Küche,Küche,NOUN,nk,11674,in
11677,",",--,PUNCT,punct,11676,Küche
11678,in,in,ADP,mo,11683,schmollend
11679,welcher,welcher,PRON,nk,11678,in
11680,die,der,DET,nk,11682,Jungfer
11681,braune,braun,ADJ,nk,11682,Jungfer
11682,Jungfer,Jungfer,NOUN,sb,11683,schmollend
11683,schmollend,schmollend,ADV,rc,11672,Schnepfen
11684,und,und,CCONJ,cd,11683,schmollend
11685,brummend,brummend,ADV,mo,11686,zurückgeblieben
11686,zurückgeblieben,zurückbleiben,VERB,oc,11687,war
11687,war,sein,AUX,ROOT,11687,war
11688,",",--,PUNCT,punct,11687,war
11689,und,und,CCONJ,cd,11687,war
11690,ich,ich,PRON,sb,11691,sah
11691,sah,sehen,VERB,cj,11689,und
11692,mich,sich,PRON,oa,11691,sah
11693,einstweilen,einstweilen,ADV,mo,11691,sah
11694,in,in,ADP,mo,11691,sah
11695,der,der,DET,nk,11696,Stube
11696,Stube,Stube,NOUN,nk,11694,in
11697,um,um,ADP,svp,11691,sah
11698,.,--,PUNCT,punct,11687,war
11699,Eine,ein,DET,nk,11700,Kienfackel
11700,Kienfackel,Kienfackel,NOUN,sb,11701,brannte
11701,brannte,brennen,VERB,ROOT,11701,brannte
11702,in,in,ADP,mo,11701,brannte
11703,der,der,DET,nk,11704,Mitte
11704,Mitte,Mitte,NOUN,nk,11702,in
11705,;,--,PUNCT,punct,11701,brannte
11706,sie,sie,PRON,sb,11707,war
11707,war,sein,AUX,ROOT,11707,war
11708,in,in,ADP,mo,11711,festgesteckt
11709,einen,ein,DET,nk,11710,Kürbis
11710,Kürbis,Kürbis,NOUN,nk,11708,in
11711,festgesteckt,festgesteckt,VERB,oc,11707,war
11712,",",--,PUNCT,punct,11711,festgesteckt
11713,der,der,PRON,dep,11707,war
11714,neben,neben,ADP,mo,11721,lag
11715,schmutzigen,schmutzig,ADJ,nk,11716,Spielkarten
11716,Spielkarten,Spielkarte,NOUN,nk,11714,neben
11717,auf,auf,ADP,mo,11721,lag
11718,einem,ein,DET,nk,11720,Eichenstumpf
11719,breiten,breit,ADJ,nk,11720,Eichenstumpf
11720,Eichenstumpf,Eichenstumpf,NOUN,nk,11717,auf
11721,lag,liegen,VERB,ROOT,11721,lag
11722,",",--,PUNCT,punct,11721,lag
11723,welcher,welcher,PRON,app,11721,lag
11724,als,als,ADP,mnr,11723,welcher
11725,Tisch,Tisch,NOUN,sb,11728,diente
11726,und,und,CCONJ,cd,11725,Tisch
11727,Hackstock,Hackstock,NOUN,cj,11726,und
11728,diente,dienen,VERB,ROOT,11728,diente
11729,und,und,CCONJ,cd,11728,diente
11730,fest,fest,ADV,mo,11732,stand
11731,genug,genug,ADV,mo,11730,fest
11732,stand,stehen,VERB,cj,11729,und
11733,",",--,PUNCT,punct,11728,diente
11734,denn,denn,CCONJ,cd,11728,diente
11735,er,er,PRON,sb,11736,steckte
11736,steckte,stecken,VERB,cj,11734,denn
11737,noch,noch,ADV,mo,11736,steckte
11738,mit,mit,ADP,mo,11736,steckte
11739,allen,aller,PRON,nk,11738,mit
11740,seinen,sein,DET,nk,11741,Wurzeln
11741,Wurzeln,Wurzel,NOUN,ROOT,11741,Wurzeln
11742,in,in,ADP,mnr,11741,Wurzeln
11743,der,der,DET,nk,11744,Erde
11744,Erde,Erde,NOUN,nk,11742,in
11745,",",--,PUNCT,punct,11741,Wurzeln
11746,welche,welcher,PRON,nk,11747,ungedielt
11747,ungedielt,Ungedielt,NOUN,cj,11741,Wurzeln
11748,der,der,DET,nk,11750,Hütte
11749,ganzen,ganz,ADJ,nk,11750,Hütte
11750,Hütte,Hütte,NOUN,ag,11747,ungedielt
11751,ihren,ihr,DET,nk,11752,Grund
11752,Grund,Grund,NOUN,oa,11747,ungedielt
11753,und,und,CCONJ,cd,11747,ungedielt
11754,Boden,Boden,NOUN,oa,11755,gab
11755,gab,geben,VERB,ROOT,11755,gab
11756,.,--,PUNCT,punct,11755,gab
11757,Ein,ein,DET,nk,11758,paar
11758,paar,paar,DET,nk,11759,Bretter
11759,Bretter,Brett,NOUN,sb,11764,befestigt
11760,",",--,PUNCT,punct,11764,befestigt
11761,auf,auf,ADP,mo,11764,befestigt
11762,eingepfählte,eingepfählt,ADJ,nk,11763,Stöcke
11763,Stöcke,Stöck,NOUN,nk,11761,auf
11764,befestigt,befestigen,VERB,mo,11766,waren
11765,",",--,PUNCT,punct,11766,waren
11766,waren,sein,AUX,ROOT,11766,waren
11767,die,der,DET,sb,11766,waren
11768,unbeweglichen,unbeweglich,ADJ,nk,11769,Sitze
11769,Sitze,Sitz,NOUN,ROOT,11769,Sitze
11770,;,--,PUNCT,punct,11769,Sitze
11771,die,der,DET,nk,11772,Wände
11772,Wände,Wand,NOUN,sb,11773,bestanden
11773,bestanden,bestehen,VERB,ROOT,11773,bestanden
11774,aus,aus,ADP,op,11773,bestanden
11775,Flechtwerk,Flechtwerk,NOUN,nk,11774,aus
11776,",",--,PUNCT,punct,11773,bestanden
11777,mit,mit,ADP,mo,11773,bestanden
11778,Lehm,Lehm,PROPN,nk,11777,mit
11779,und,und,CCONJ,cd,11778,Lehm
11780,Erde,Erde,NOUN,cj,11779,und
11781,verstrichen,verstreichen,VERB,ROOT,11781,verstrichen
11782,",",--,PUNCT,punct,11781,verstrichen
11783,und,und,CCONJ,cd,11781,verstrichen
11784,einzelne,einzeln,ADJ,nk,11786,Äste
11785,hereinragende,hereinragend,ADJ,nk,11786,Äste
11786,Äste,Äste,NOUN,sb,11787,bildeten
11787,bildeten,bilden,VERB,cj,11783,und
11788,mancherlei,mancherlei,DET,nk,11789,Wandhaken
11789,Wandhaken,Wandhak,NOUN,oa,11787,bildeten
11790,",",--,PUNCT,punct,11789,Wandhaken
11791,an,an,ADP,ROOT,11791,an
11792,denen,der,DET,nk,11794,Körbe
11793,zerlöcherte,zerlöchert,ADJ,nk,11794,Körbe
11794,Körbe,Korb,NOUN,ROOT,11794,Körbe
11795,",",--,PUNCT,punct,11794,Körbe
11796,Lumpen,Lump,NOUN,cj,11794,Körbe
11797,",",--,PUNCT,punct,11794,Körbe
11798,Zwiebelbündel,Zwiebelbündel,NOUN,cj,11796,Lumpen
11799,",",--,PUNCT,punct,11794,Körbe
11800,Hasen-,Hasen,X,cj,11805,und
11801,",",--,PUNCT,punct,11805,und
11802,Hunde-,Hunde,X,cj,11805,und
11803,",",--,PUNCT,punct,11805,und
11804,Katzen-,Katze,X,cj,11805,und
11805,und,und,CCONJ,cd,11794,Körbe
11806,Dachsfelle,dachsfeller,NOUN,sb,11807,hingen
11807,hingen,hing,VERB,ROOT,11807,hingen
11808,",",--,PUNCT,punct,11807,hingen
11809,auch,auch,ADV,mo,11812,Gartenwerkzeuge
11810,einige,einiger,DET,nk,11812,Gartenwerkzeuge
11811,zerbrochene,zerbrochen,ADJ,nk,11812,Gartenwerkzeuge
11812,Gartenwerkzeuge,Gartenwerkzeug,NOUN,oa,11807,hingen
11813,.,--,PUNCT,punct,11807,hingen
11814,Auf,auf,ADP,ROOT,11814,Auf
11815,einem,ein,DET,nk,11816,derselben
11816,derselben,derselbe,PRON,nk,11814,Auf
11817,aber,aber,ADV,ju,11818,saß
11818,saß,sitzen,VERB,ROOT,11818,saß
11819,ein,ein,DET,nk,11821,Tier
11820,greuliches,greulich,ADJ,nk,11821,Tier
11821,Tier,Tier,NOUN,sb,11818,saß
11822,",",--,PUNCT,punct,11821,Tier
11823,eine,ein,DET,nk,11825,Ohreule
11824,ungeheure,ungeheuer,ADJ,nk,11825,Ohreule
11825,Ohreule,Ohreule,NOUN,app,11821,Tier
11826,",",--,PUNCT,punct,11825,Ohreule
11827,welche,welcher,PRON,oa,11818,saß
11828,gegen,gegen,ADP,mnr,11827,welche
11829,die,der,DET,nk,11828,gegen
11830,Kienfackel,Kienfackel,NOUN,sb,11834,blinzte
11831,mit,mit,ADP,mo,11834,blinzte
11832,den,der,DET,nk,11833,Augen
11833,Augen,Auge,NOUN,nk,11831,mit
11834,blinzte,blinzen,VERB,ROOT,11834,blinzte
11835,und,und,CCONJ,cd,11834,blinzte
11836,sich,sich,PRON,oa,11840,warf
11837,in,in,ADP,mo,11840,warf
11838,die,der,DET,nk,11839,Schultern
11839,Schultern,Schulter,NOUN,nk,11837,in
11840,warf,werfen,VERB,cj,11835,und
11841,wie,wie,ADP,cm,11843,alter
11842,ein,ein,DET,nk,11843,alter
11843,alter,alt,ADJ,dep,11834,blinzte
11844,Professor,Professor,NOUN,ROOT,11844,Professor
11845,",",--,PUNCT,punct,11844,Professor
11846,der,der,PRON,sb,11851,hat
11847,soeben,soeben,ADV,mo,11850,erfunden
11848,den,der,DET,nk,11849,Theriak
11849,Theriak,Theriak,NOUN,oa,11850,erfunden
11850,erfunden,erfinden,VERB,oc,11851,hat
11851,hat,haben,AUX,rc,11844,Professor
11852,.,--,PUNCT,punct,11844,Professor
11853,In,in,ADP,ROOT,11853,In
11854,einem,ein,DET,nk,11856,Winkel
11855,ausgebauten,ausgebaut,ADJ,nk,11856,Winkel
11856,Winkel,Winkel,NOUN,nk,11853,In
11857,der,der,DET,ROOT,11857,der
11858,Stube,stube,NOUN,sb,11859,lag
11859,lag,liegen,VERB,ROOT,11859,lag
11860,",",--,PUNCT,punct,11859,lag
11861,auf,auf,ADP,mo,11859,lag
11862,zwei,zwei,NUM,nk,11863,Baumstücken
11863,Baumstücken,Baumstück,NOUN,nk,11861,auf
11864,",",--,PUNCT,punct,11863,Baumstücken
11865,die,der,DET,nk,11866,Bettstelle
11866,Bettstelle,Bettstelle,NOUN,cj,11863,Baumstücken
11867,der,der,DET,nk,11868,Großmutter
11868,Großmutter,Großmutter,NOUN,ag,11866,Bettstelle
11869,",",--,PUNCT,punct,11868,Großmutter
11870,die,der,PRON,dep,11859,lag
11871,sehr,sehr,ADV,mo,11870,die
11872,dauerhaft,dauerhaft,ADV,mo,11877,bestand
11873,in,in,ADP,mo,11877,bestand
11874,einer,ein,DET,nk,11876,Eiche
11875,ausgehöhlten,ausgehöhlt,ADJ,nk,11876,Eiche
11876,Eiche,Eiche,NOUN,nk,11873,in
11877,bestand,bestehen,VERB,ROOT,11877,bestand
11878,",",--,PUNCT,punct,11877,bestand
11879,an,an,ADP,mo,11884,saß
11880,der,der,PRON,nk,11879,an
11881,die,der,DET,nk,11882,Rinde
11882,Rinde,Rinde,NOUN,sb,11884,saß
11883,noch,noch,ADV,mo,11884,saß
11884,saß,sitzen,VERB,rc,11876,Eiche
11885,.,--,PUNCT,punct,11877,bestand
11886,Sonst,sonst,ADV,ROOT,11886,Sonst
11887,war,sein,AUX,ROOT,11887,war
11888,das,der,DET,nk,11889,Bett
11889,Bett,Bett,NOUN,sb,11887,war
11890,wohl,wohl,ADV,mo,11891,bedacht
11891,bedacht,bedacht,ADV,pd,11887,war
11892,",",--,PUNCT,punct,11887,war
11893,denn,denn,CCONJ,cd,11887,war
11894,seine,sein,DET,nk,11896,Federkissen
11895,schmutzigen,schmutzig,ADJ,nk,11896,Federkissen
11896,Federkissen,Federkisse,NOUN,sb,11897,lagen
11897,lagen,liegen,VERB,cj,11893,denn
11898,so,so,ADV,mo,11899,hoch
11899,hoch,hoch,ADV,mo,11897,lagen
11900,aufgebauscht,aufbauschen,VERB,ROOT,11900,aufgebauscht
11901,",",--,PUNCT,punct,11900,aufgebauscht
11902,daß,daß,SCONJ,cp,11905,Hüttendecke
11903,die,der,DET,nk,11905,Hüttendecke
11904,niedre,niedre,ADJ,nk,11905,Hüttendecke
11905,Hüttendecke,Hüttendecke,NOUN,oc,11900,aufgebauscht
11906,",",--,PUNCT,punct,11905,Hüttendecke
11907,aus,aus,ADP,mo,11911,herabhing
11908,der,der,PRON,nk,11907,aus
11909,das,der,DET,nk,11910,Stroh
11910,Stroh,Stroh,PROPN,sb,11911,herabhing
11911,herabhing,herabhehen,VERB,rc,11905,Hüttendecke
11912,",",--,PUNCT,punct,11911,herabhing
11913,weder,weder,CCONJ,oc,11900,aufgebauscht
11914,hoch,hoch,ADV,mo,11917,gefallen
11915,noch,noch,ADV,mo,11916,hart
11916,hart,hart,ADV,mo,11917,gefallen
11917,gefallen,fallen,VERB,oc,11918,wäre
11918,wäre,sein,AUX,ROOT,11918,wäre
11919,",",--,PUNCT,punct,11918,wäre
11920,wenn,wenn,SCONJ,cp,11922,einstürzte
11921,sie,sie,PRON,sb,11922,einstürzte
11922,einstürzte,einstürzen,VERB,mo,11917,gefallen
11923,;,--,PUNCT,punct,11918,wäre
11924,aber,aber,CCONJ,cd,11918,wäre
11925,",",--,PUNCT,punct,11929,besinnen
11926,sich,sich,PRON,oa,11929,besinnen
11927,noch,noch,ADV,mo,11929,besinnen
11928,zu,zu,PART,pm,11929,besinnen
11929,besinnen,besinnen,VERB,cj,11924,aber
11930,",",--,PUNCT,punct,11918,wäre
11931,schien,scheinen,VERB,ROOT,11931,schien
11932,sie,sie,PRON,sb,11931,schien
11933,unentschlossen,unentschlossen,ADV,mo,11931,schien
11934,hin,hin,ADV,mo,11938,schwanken
11935,und,und,CCONJ,cd,11934,hin
11936,her,her,ADV,cj,11935,und
11937,zu,zu,PART,pm,11938,schwanken
11938,schwanken,schwanken,VERB,oc,11931,schien
11939,.,--,PUNCT,punct,11931,schien
11940,Der,der,DET,nk,11941,Hausrat
11941,Hausrat,Hausrat,NOUN,ROOT,11941,Hausrat
11942,",",--,PUNCT,punct,11941,Hausrat
11943,von,von,ADP,app,11941,Hausrat
11944,welchem,welcher,PRON,nk,11943,von
11945,das,der,DET,nk,11946,Mädchen
11946,Mädchen,Mädchen,NOUN,oa,11947,gelogen
11947,gelogen,gelogen,VERB,oc,11948,hatte
11948,hatte,haben,AUX,oc,11959,bestand
11949,:,--,PUNCT,punct,11948,hatte
11950,daß,daß,SCONJ,cp,11957,rücke
11951,die,der,DET,nk,11952,Großmutter
11952,Großmutter,Großmutter,NOUN,sb,11957,rücke
11953,ihn,ihn,PRON,oa,11957,rücke
11954,vor,vor,ADP,mo,11957,rücke
11955,das,der,DET,nk,11956,Bett
11956,Bett,Bett,NOUN,nk,11954,vor
11957,rücke,rücken,VERB,oc,11947,gelogen
11958,",",--,PUNCT,punct,11959,bestand
11959,bestand,bestehen,VERB,ROOT,11959,bestand
11960,in,in,ADP,ROOT,11960,in
11961,einer,ein,DET,nk,11963,Türe
11962,zerbrochenen,zerbrochen,ADJ,nk,11963,Türe
11963,Türe,Türe,NOUN,nk,11960,in
11964,und,und,CCONJ,cd,11963,Türe
11965,einer,ein,DET,nk,11967,Tonne
11966,alten,alt,ADJ,nk,11967,Tonne
11967,Tonne,Tonne,NOUN,cj,11964,und
11968,",",--,PUNCT,punct,11960,in
11969,mit,mit,ADP,cj,11960,in
11970,welcher,welcher,PRON,nk,11969,mit
11971,wahrscheinlich,wahrscheinlich,ADV,mo,11969,mit
11972,der,der,DET,nk,11973,Lärm
11973,Lärm,Lärm,NOUN,sb,11976,war
11974,gemacht,machen,VERB,oc,11975,worden
11975,worden,werden,AUX,oc,11976,war
11976,war,sein,AUX,ROOT,11976,war
11977,",",--,PUNCT,punct,11976,war
11978,den,der,PRON,oa,11983,hörten
11979,wir,wir,PRON,sb,11983,hörten
11980,in,in,ADP,mo,11983,hörten
11981,der,der,DET,nk,11982,Hütte
11982,Hütte,Hütte,NOUN,nk,11980,in
11983,hörten,hören,VERB,rc,11972,der
11984,.,--,PUNCT,punct,11976,war
11985,Sie,sie,PRON,sb,11986,waren
11986,waren,sein,AUX,ROOT,11986,waren
11987,beide,beide,PRON,pd,11986,waren
11988,vor,vor,ADP,svp,11986,waren
11989,den,der,DET,nk,11990,Bettrog
11990,Bettrog,Bettrog,NOUN,da,11993,gerückt
11991,der,der,DET,nk,11992,Großmutter
11992,Großmutter,Großmutter,NOUN,ag,11990,Bettrog
11993,gerückt,rücken,VERB,ROOT,11993,gerückt
11994,.,--,PUNCT,punct,11993,gerückt
11995,Außer,außer,ADP,mo,11997,diesen
11996,allem,alle,PRON,nk,11995,Außer
11997,diesen,dieser,PRON,oa,11998,sah
11998,sah,sehen,VERB,ROOT,11998,sah
11999,man,man,PRON,sb,11998,sah
12000,nichts,nichts,PRON,oa,11998,sah
12001,als,als,ADP,cm,12002,eine
12002,eine,ein,PRON,cc,12000,nichts
12003,sehr,sehr,ADV,mo,12004,baufällige
12004,baufällige,baufällig,ADJ,nk,12005,Leiter
12005,Leiter,Leiter,NOUN,ROOT,12005,Leiter
12006,",",--,PUNCT,punct,12005,Leiter
12007,die,der,PRON,sb,12014,lehnte
12008,an,an,ADP,mo,12014,lehnte
12009,einem,ein,DET,nk,12010,Loche
12010,Loche,Loche,NOUN,nk,12008,an
12011,in,in,ADP,mnr,12010,Loche
12012,der,der,DET,nk,12013,Ecke
12013,Ecke,Ecke,NOUN,nk,12011,in
12014,lehnte,lehnen,VERB,rc,12005,Leiter
12015,",",--,PUNCT,punct,12014,lehnte
12016,durch,durch,ADP,mnr,12005,Leiter
12017,welches,welcher,PRON,nk,12016,durch
12018,ich,ich,PRON,sb,12023,hörte
12019,einige,einiger,DET,nk,12020,Hühner
12020,Hühner,Hühner,NOUN,oa,12022,gackern
12021,oben,oben,ADV,mo,12022,gackern
12022,gackern,gackern,VERB,oc,12023,hörte
12023,hörte,hören,VERB,ROOT,12023,hörte
12024,",",--,PUNCT,punct,12023,hörte
12025,die,der,PRON,oa,12030,erweckt
12026,das,der,DET,nk,12027,Geräusch
12027,Geräusch,Geräusch,NOUN,oa,12030,erweckt
12028,unsrer,unsr,ADJ,nk,12029,Ankunft
12029,Ankunft,Ankunft,NOUN,ag,12027,Geräusch
12030,erweckt,erwecken,VERB,rc,12019,einige
12031,hatte,haben,AUX,ROOT,12031,hatte
12032,",",--,PUNCT,punct,12031,hatte
12033,die,der,DET,nk,12034,Katze
12034,Katze,Katze,NOUN,oa,12037,vergessen
12035,nicht,nicht,PART,ng,12037,vergessen
12036,zu,zu,PART,pm,12037,vergessen
12037,vergessen,vergessen,VERB,oc,12031,hatte
12038,",",--,PUNCT,punct,12037,vergessen
12039,welche,welcher,PRON,ROOT,12039,welche
12040,auf,auf,ADP,mnr,12039,welche
12041,einer,ein,DET,nk,12043,Trommel
12042,alten,alt,ADJ,nk,12043,Trommel
12043,Trommel,Trommel,NOUN,nk,12040,auf
12044,hinter,hinter,ADP,mnr,12043,Trommel
12045,der,der,DET,nk,12044,hinter
12046,Türe,Türe,PROPN,mo,12047,schlief
12047,schlief,schlufen,VERB,ROOT,12047,schlief
12048,.,--,PUNCT,punct,12047,schlief
12049,Eine,ein,DET,nk,12050,Geige
12050,Geige,Geige,NOUN,sb,12057,hingen
12051,",",--,PUNCT,punct,12050,Geige
12052,ein,ein,DET,nk,12053,Triangel
12053,Triangel,Triangel,NOUN,cj,12050,Geige
12054,und,und,CCONJ,cd,12053,Triangel
12055,ein,ein,DET,nk,12056,Tambourin
12056,Tambourin,Tambourin,NOUN,cj,12054,und
12057,hingen,hingen,VERB,ROOT,12057,hingen
12058,an,an,ADP,mo,12057,hingen
12059,der,der,DET,nk,12060,Wand
12060,Wand,Wand,NOUN,nk,12058,an
12061,",",--,PUNCT,punct,12057,hingen
12062,und,und,CCONJ,ROOT,12062,und
12063,neben,neben,ADP,mnr,12068,Tiroler
12064,ihnen,ihnen,PRON,nk,12063,neben
12065,ein,ein,DET,nk,12068,Tiroler
12066,zerrissener,zerrissen,ADJ,mo,12067,bunter
12067,bunter,bunt,ADJ,nk,12068,Tiroler
12068,Tiroler,Tiroler,NOUN,cj,12062,und
12069,Teppich,Teppich,NOUN,nk,12068,Tiroler
12070,.,--,PUNCT,punct,12062,und
12071,Ich,ich,PRON,sb,12072,hatte
12072,hatte,haben,VERB,ROOT,12072,hatte
12073,kaum,kaum,ADV,mo,12074,alle
12074,alle,aller,DET,nk,12076,Herrlichkeiten
12075,diese,dieser,DET,nk,12076,Herrlichkeiten
12076,Herrlichkeiten,Herrlichkeit,NOUN,oa,12077,betrachtet
12077,betrachtet,betrachten,VERB,oc,12072,hatte
12078,",",--,PUNCT,punct,12077,betrachtet
12079,als,als,ADP,mo,12077,betrachtet
12080,Martino,Martino,PROPN,pnc,12081,hereintrat
12081,hereintrat,Hereintrat,PROPN,nk,12079,als
12082,und,und,CCONJ,cd,12081,hereintrat
12083,zu,zu,ADP,op,12085,sagte
12084,mir,mir,PRON,nk,12083,zu
12085,sagte,sagen,VERB,ROOT,12085,sagte
12086,:,--,PUNCT,punct,12085,sagte
12087,›Meister,›Meister,ADV,sb,12090,habe
12088,",",--,PUNCT,punct,12090,habe
12089,ich,ich,PRON,sb,12090,habe
12090,habe,haben,AUX,oc,12085,sagte
12091,alle,aller,DET,nk,12092,Schwierigkeiten
12092,Schwierigkeiten,Schwierigkeit,NOUN,oa,12093,geebnet
12093,geebnet,ebnen,VERB,oc,12090,habe
12094,und,und,CCONJ,cd,12093,geebnet
12095,weiß,wissen,VERB,cj,12094,und
12096,",",--,PUNCT,punct,12095,weiß
12097,wo,wo,SCONJ,mo,12098,wir
12098,wir,wir,PRON,oc,12085,sagte
12099,sind,sein,AUX,ROOT,12099,sind
12100,.,--,PUNCT,punct,12099,sind
12101,Wir,wir,PRON,sb,12102,hausen
12102,hausen,hausen,VERB,ROOT,12102,hausen
12103,bei,bei,ADP,mo,12102,hausen
12104,einer,ein,DET,nk,12106,Zigeunerin
12105,alten,alt,ADJ,nk,12106,Zigeunerin
12106,Zigeunerin,Zigeunerin,NOUN,nk,12103,bei
12107,",",--,PUNCT,punct,12106,Zigeunerin
12108,welche,welcher,PRON,oa,12102,hausen
12109,außer,außer,ADP,mnr,12108,welche
12110,ihren,ihr,DET,nk,12109,außer
12111,Privatgeschäften,Privatgeschäft,NOUN,pd,12123,eine
12112,:,--,PUNCT,punct,12111,Privatgeschäften
12113,der,der,DET,nk,12114,Wahrsagerei
12114,Wahrsagerei,Wahrsagerei,NOUN,sb,12111,Privatgeschäften
12115,",",--,PUNCT,punct,12114,Wahrsagerei
12116,Hexerei,Hexerei,NOUN,cj,12114,Wahrsagerei
12117,",",--,PUNCT,punct,12114,Wahrsagerei
12118,Dieberei,Dieberei,NOUN,cj,12116,Hexerei
12119,",",--,PUNCT,punct,12114,Wahrsagerei
12120,Viehdoktorei,Viehdoktorei,NOUN,cj,12116,Hexerei
12121,",",--,PUNCT,punct,12114,Wahrsagerei
12122,auch,auch,ADV,mo,12123,eine
12123,eine,ein,DET,ROOT,12123,eine
12124,Hehlerin,Hehlerin,NOUN,sb,12127,macht
12125,der,der,DET,nk,12126,Contrebandiers
12126,Contrebandiers,Contrebandier,NOUN,ag,12124,Hehlerin
12127,macht,machen,VERB,ROOT,12127,macht
12128,;,--,PUNCT,punct,12127,macht
12129,die,der,DET,nk,12130,Kleine
12130,Kleine,Kleine,NOUN,sb,12132,ist
12131,draußen,draußen,ADV,mnr,12130,Kleine
12132,ist,sein,AUX,ROOT,12132,ist
12133,ihr,ihr,DET,nk,12134,Tochterkind
12134,Tochterkind,Tochterkind,NOUN,pd,12132,ist
12135,",",--,PUNCT,punct,12134,Tochterkind
12136,das,der,PRON,pd,12132,ist
12137,auf,auf,ADP,mo,12143,ist
12138,der,der,DET,nk,12140,Schule
12139,hohen,hoch,ADJ,nk,12140,Schule
12140,Schule,Schule,NOUN,nk,12137,auf
12141,bei,bei,ADP,mnr,12140,Schule
12142,ihr,ihr,PRON,nk,12141,bei
12143,ist,sein,AUX,ROOT,12143,ist
12144,und,und,CCONJ,cd,12143,ist
12145,der,der,DET,nk,12146,Großmutter
12146,Großmutter,Großmutter,NOUN,sb,12149,soll
12147,Tod,Tod,NOUN,oa,12148,abwarten
12148,abwarten,abwarten,VERB,oc,12149,soll
12149,soll,sollen,AUX,cj,12144,und
12150,",",--,PUNCT,punct,12149,soll
12151,um,um,SCONJ,punct,12143,ist
12152,hinter,hinter,ADP,mo,12158,kommen
12153,einen,ein,DET,nk,12154,Topf
12154,Topf,Topf,NOUN,nk,12152,hinter
12155,von,von,ADP,pg,12154,Topf
12156,Gold,Gold,NOUN,nk,12155,von
12157,zu,zu,PART,pm,12158,kommen
12158,kommen,kommen,VERB,ROOT,12158,kommen
12159,",",--,PUNCT,punct,12158,kommen
12160,von,von,ADP,op,12164,spricht
12161,dem,der,PRON,nk,12160,von
12162,sie,sie,PRON,sb,12164,spricht
12163,immer,immer,ADV,mo,12164,spricht
12164,spricht,sprechen,VERB,rc,12154,Topf
12165,",",--,PUNCT,punct,12164,spricht
12166,ohne,ohne,SCONJ,cp,12168,je
12167,doch,doch,ADV,mo,12166,ohne
12168,je,je,ADV,mo,12158,kommen
12169,zu,zu,PART,pm,12170,sagen
12170,sagen,sagen,VERB,ROOT,12170,sagen
12171,",",--,PUNCT,punct,12170,sagen
12172,wo,wo,SCONJ,mo,12176,versteckt
12173,sie,sie,PRON,sb,12177,hat
12174,ihn,ihn,PRON,oa,12176,versteckt
12175,hin,hin,ADV,mo,12176,versteckt
12176,versteckt,verstecken,VERB,oc,12177,hat
12177,hat,haben,AUX,oc,12170,sagen
12178,.,--,PUNCT,punct,12170,sagen
12179,Das,der,PRON,oa,12180,hat
12180,hat,haben,AUX,ROOT,12180,hat
12181,mir,mir,PRON,da,12180,hat
12182,das,der,DET,nk,12183,Mädchen
12183,Mädchen,Mädchen,NOUN,sb,12180,hat
12184,alles,alle,PRON,ag,12183,Mädchen
12185,anvertraut,anvertrauen,VERB,ROOT,12185,anvertraut
12186,;,--,PUNCT,punct,12185,anvertraut
12187,ich,ich,PRON,sb,12188,habe
12188,habe,haben,AUX,ROOT,12188,habe
12189,ihr,ihr,DET,nk,12190,Herzchen
12190,Herzchen,Herzchen,NOUN,oa,12191,gerührt
12191,gerührt,rühren,VERB,oc,12188,habe
12192,",",--,PUNCT,punct,12188,habe
12193,sie,sie,PRON,sb,12194,ist
12194,ist,sein,AUX,cj,12188,habe
12195,kirre,Kirre,ADV,pd,12194,ist
12196,wie,wie,ADP,cm,12198,Zeisig
12197,ein,ein,DET,nk,12198,Zeisig
12198,Zeisig,Zeisig,NOUN,cc,12195,kirre
12199,",",--,PUNCT,punct,12188,habe
12200,und,und,CCONJ,cd,12188,habe
12201,wenn,wenn,SCONJ,cp,12203,wollen
12202,wir,wir,PRON,sb,12203,wollen
12203,wollen,wollen,VERB,mo,12205,läßt
12204,",",--,PUNCT,punct,12205,läßt
12205,läßt,lassen,VERB,oc,12215,läuft
12206,sie,sie,PRON,sb,12205,läßt
12207,die,der,DET,nk,12208,Großmutter
12208,Großmutter,Großmutter,NOUN,oa,12205,läßt
12209,und,und,CCONJ,cd,12208,Großmutter
12210,den,der,DET,nk,12211,Goldtopf
12211,Goldtopf,Goldtopf,NOUN,cj,12209,und
12212,im,in,ADP,mnr,12211,Goldtopf
12213,Stich,Stich,NOUN,nk,12212,im
12214,",",--,PUNCT,punct,12215,läuft
12215,läuft,laufen,VERB,ROOT,12215,läuft
12216,morgen,morgen,ADV,mo,12217,mit
12217,mit,mit,ADP,ROOT,12217,mit
12218,uns,uns,PRON,nk,12217,mit
12219,und,und,CCONJ,ju,12220,verdient
12220,verdient,verdienen,VERB,ROOT,12220,verdient
12221,uns,uns,PRON,oa,12220,verdient
12222,das,der,DET,nk,12223,Brot
12223,Brot,Brot,NOUN,sb,12220,verdient
12224,mit,mit,ADP,mo,12220,verdient
12225,Burzelbäumen,Burzelbäumen,NOUN,nk,12224,mit
12226,",",--,PUNCT,punct,12225,Burzelbäumen
12227,deren,die,DET,ag,12228,sie
12228,sie,sie,PRON,oa,12220,verdient
12229,ganz,ganz,ADV,mo,12220,verdient
12230,wunderbare,Wunderbar,ADJ,oa,12231,schlagen
12231,schlagen,schlagen,VERB,oc,12232,kann
12232,kann,können,AUX,ROOT,12232,kann
12233,.,--,PUNCT,punct,12232,kann
12234,Für,für,ADP,mo,12241,versprechen
12235,all,all,DET,nk,12236,dies
12236,dies,dieser,PRON,nk,12234,Für
12237,Vertrauen,vertrauen,NOUN,nk,12234,Für
12238,habe,haben,AUX,ROOT,12238,habe
12239,ich,ich,PRON,sb,12238,habe
12240,ihr,ihr,DET,da,12241,versprechen
12241,versprechen,versprechen,VERB,oc,12238,habe
12242,müssen,müssen,AUX,ROOT,12242,müssen
12243,",",--,PUNCT,punct,12245,glauben
12244,zu,zu,PART,pm,12245,glauben
12245,glauben,glauben,VERB,oc,12242,müssen
12246,:,--,PUNCT,punct,12245,glauben
12247,daß,daß,SCONJ,cp,12254,durch
12248,der,der,DET,nk,12250,Jäger
12249,wilde,wild,ADJ,nk,12250,Jäger
12250,Jäger,Jäger,NOUN,sb,12254,durch
12251,heute,heute,ADV,mo,12254,durch
12252,nacht,nacht,ADV,mo,12251,heute
12253,wirklich,wirklich,ADV,mo,12254,durch
12254,durch,durch,ADP,oc,12245,glauben
12255,die,der,DET,nk,12256,Hütte
12256,Hütte,Hütte,NOUN,nk,12254,durch
12257,zieht,ziehen,VERB,ROOT,12257,zieht
12258,;,--,PUNCT,punct,12257,zieht
12259,wir,wir,PRON,sb,12260,sollen
12260,sollen,sollen,AUX,ROOT,12260,sollen
12261,uns,uns,PRON,oa,12267,halten
12262,nur,nur,ADV,mo,12263,um
12263,um,um,ADP,mo,12267,halten
12264,Gottes,Gott,NOUN,nk,12263,um
12265,willen,willen,ADP,ac,12263,um
12266,ruhig,ruhig,ADV,mo,12267,halten
12267,halten,halten,VERB,oc,12260,sollen
12268,.,--,PUNCT,punct,12260,sollen
12269,Die,der,DET,nk,12270,Großmutter
12270,Großmutter,Großmutter,NOUN,sb,12271,wird
12271,wird,werden,AUX,ROOT,12271,wird
12272,in,in,ADP,mo,12271,wird
12273,kurzer,kurz,ADJ,nk,12274,Zeit
12274,Zeit,Zeit,NOUN,og,12275,zurückkommen
12275,zurückkommen,zurückkommen,VERB,ROOT,12275,zurückkommen
12276,;,--,PUNCT,punct,12275,zurückkommen
12277,sie,sie,PRON,sb,12278,ist
12278,ist,sein,AUX,ROOT,12278,ist
12279,mit,mit,ADP,mo,12278,ist
12280,Lebensmitteln,Lebensmittel,NOUN,nk,12279,mit
12281,zu,zu,ADP,mo,12278,ist
12282,einem,ein,DET,nk,12283,Zug
12283,Zug,Zug,NOUN,nk,12281,zu
12284,Schleichhändler,schleichhändler,NOUN,oa,12285,gegangen
12285,gegangen,gehen,VERB,ROOT,12285,gegangen
12286,",",--,PUNCT,punct,12285,gegangen
12287,der,der,PRON,sb,12291,zieht
12288,über,über,ADP,mo,12291,zieht
12289,das,der,DET,nk,12290,Gebirge
12290,Gebirge,Gebirge,NOUN,nk,12288,über
12291,zieht,ziehen,VERB,rc,12285,gegangen
12292,.,--,PUNCT,punct,12285,gegangen
12293,Der,der,DET,nk,12295,Jäger
12294,wilde,wild,ADJ,nk,12295,Jäger
12295,Jäger,Jäger,NOUN,sb,12297,sagt
12296,",",--,PUNCT,punct,12297,sagt
12297,sagt,sagen,VERB,ROOT,12297,sagt
12298,sie,sie,PRON,sb,12300,treibe
12299,",",--,PUNCT,punct,12300,treibe
12300,treibe,treiben,VERB,ROOT,12300,treibe
12301,um,um,ADP,mo,12300,treibe
12302,Mitternacht,Mitternacht,NOUN,nk,12301,um
12303,durch,durch,ADP,mo,12300,treibe
12304,die,der,DET,nk,12305,Stube
12305,Stube,Stube,NOUN,nk,12303,durch
12306,",",--,PUNCT,punct,12300,treibe
12307,und,und,CCONJ,cd,12300,treibe
12308,wenn,wenn,SCONJ,cp,12312,hielten
12309,wir,wir,PRON,sb,12312,hielten
12310,uns,sich,PRON,oa,12312,hielten
12311,ruhig,ruhig,ADV,mo,12312,hielten
12312,hielten,halten,VERB,cj,12307,und
12313,",",--,PUNCT,punct,12300,treibe
12314,werde,werden,AUX,ROOT,12314,werde
12315,er,er,PRON,sb,12314,werde
12316,uns,sich,PRON,da,12319,krümmen
12317,kein,kein,DET,nk,12318,Haar
12318,Haar,Haar,NOUN,sb,12314,werde
12319,krümmen,krümmen,VERB,oc,12314,werde
12320,",",--,PUNCT,punct,12319,krümmen
12321,sonst,sonst,ADV,mo,12323,riskieren
12322,aber,aber,ADV,mo,12323,riskieren
12323,riskieren,riskieren,VERB,cj,12314,werde
12324,wir,wir,PRON,sb,12323,riskieren
12325,Leib,Leib,NOUN,oa,12323,riskieren
12326,und,und,CCONJ,cd,12325,Leib
12327,Leben,Leben,NOUN,cj,12326,und
12328,;,--,PUNCT,punct,12314,werde
12329,ich,ich,PRON,ROOT,12329,ich
12330,denke,denken,VERB,ROOT,12330,denke
12331,aber,aber,ADV,mo,12330,denke
12332,",",--,PUNCT,punct,12330,denke
12333,wir,wir,PRON,sb,12334,wollen
12334,wollen,wollen,AUX,oc,12330,denke
12335,es,es,PRON,oa,12334,wollen
12336,mit,mit,ADP,mo,12334,wollen
12337,ihm,ihm,PRON,nk,12336,mit
12338,versuchen.‹,versuchen.‹,ADV,mo,12334,wollen
12339,Nun,nun,ADV,mo,12340,legte
12340,legte,legen,VERB,ROOT,12340,legte
12341,er,er,PRON,sb,12340,legte
12342,meinen,meinen,DET,nk,12343,Prügel
12343,Prügel,Prügel,NOUN,oa,12340,legte
12344,und,und,CCONJ,cd,12340,legte
12345,seinen,sein,DET,nk,12346,Dreizack
12346,Dreizack,Dreizack,NOUN,ROOT,12346,Dreizack
12347,neben,neben,ADP,mnr,12346,Dreizack
12348,uns,uns,PRON,nk,12347,neben
12349,auf,auf,ADP,mnr,12346,Dreizack
12350,das,der,DET,nk,12351,Stroh
12351,Stroh,Stroh,NOUN,nk,12349,auf
12352,nieder,nieder,ADV,mnr,12346,Dreizack
12353,und,und,CCONJ,cd,12346,Dreizack
12354,fuhr,fahren,VERB,cj,12353,und
12355,fort,fort,ADV,svp,12354,fuhr
12356,:,--,PUNCT,punct,12346,Dreizack
12357,›Es,›Es,PROPN,sb,12358,ist
12358,ist,sein,AUX,rs,12346,Dreizack
12359,beinahe,beinahe,ADV,mo,12358,ist
12360,eilf,eilf,ADJ,nk,12361,Uhr
12361,Uhr,Uhr,NOUN,dep,12365,hat
12362,",",--,PUNCT,punct,12365,hat
12363,die,der,DET,nk,12364,Kleine
12364,Kleine,Kleine,NOUN,sb,12365,hat
12365,hat,haben,VERB,ROOT,12365,hat
12366,es,es,PRON,oa,12370,gesehen
12367,an,an,ADP,mo,12370,gesehen
12368,ihrer,ihr,DET,nk,12369,Sanduhr
12369,Sanduhr,Sanduhr,NOUN,nk,12367,an
12370,gesehen,sehen,VERB,oc,12365,hat
12371,;,--,PUNCT,punct,12365,hat
12372,die,der,DET,nk,12373,Schnepfen
12373,Schnepfen,Schnepf,NOUN,oa,12374,weiß
12374,weiß,wissen,VERB,ROOT,12374,weiß
12375,sie,sie,PRON,oa,12374,weiß
12376,nicht,nicht,PART,ng,12380,braten
12377,am,an,ADP,mo,12380,braten
12378,Spieß,Spieß,NOUN,nk,12377,am
12379,zu,zu,PART,pm,12380,braten
12380,braten,braten,VERB,ROOT,12380,braten
12381,",",--,PUNCT,punct,12380,braten
12382,sie,sie,PRON,sb,12383,hat
12383,hat,haben,AUX,cj,12380,braten
12384,sie,sie,PRON,oa,12387,gefüllt
12385,mit,mit,ADP,mo,12387,gefüllt
12386,Zwiebeln,Zwiebel,NOUN,nk,12385,mit
12387,gefüllt,gefüllt,ADV,oc,12383,hat
12388,in,in,ADP,mo,12387,gefüllt
12389,einen,ein,DET,nk,12390,Topf
12390,Topf,Topf,NOUN,nk,12388,in
12391,gesteckt,stecken,VERB,ROOT,12391,gesteckt
12392,",",--,PUNCT,punct,12391,gesteckt
12393,und,und,CCONJ,cd,12391,gesteckt
12394,wenn,wenn,SCONJ,cp,12398,gegessen
12395,wir,wir,PRON,sb,12398,gegessen
12396,die,der,DET,nk,12397,Schnepfensuppe
12397,Schnepfensuppe,Schnepfensuppe,NOUN,oa,12398,gegessen
12398,gegessen,gegessen,VERB,mo,12400,sollen
12399,",",--,PUNCT,punct,12400,sollen
12400,sollen,sollen,AUX,cj,12393,und
12401,wir,wir,PRON,sb,12400,sollen
12402,das,der,DET,nk,12403,Fleisch
12403,Fleisch,Fleisch,NOUN,oa,12400,sollen
12404,mit,mit,ADP,mo,12400,sollen
12405,Essig,essig,NOUN,oa,12410,verzehren
12406,und,und,CCONJ,cd,12405,Essig
12407,Olivenöl,Olivenöl,NOUN,cj,12406,und
12408,als,als,ADP,mo,12410,verzehren
12409,Salat,Salat,NOUN,nk,12408,als
12410,verzehren,verzehren,VERB,ROOT,12410,verzehren
12411,;,--,PUNCT,punct,12410,verzehren
12412,Wein,Wein,NOUN,sb,12413,muß
12413,muß,müssen,AUX,ROOT,12413,muß
12414,hier,hier,ADV,mo,12413,muß
12415,in,in,ADP,mo,12413,muß
12416,der,der,DET,nk,12417,Kammer
12417,Kammer,Kammer,NOUN,nk,12415,in
12418,ein,ein,ADV,svp,12413,muß
12419,Schlauch,Schlauch,NOUN,ROOT,12419,Schlauch
12420,voll,voll,ADP,mnr,12419,Schlauch
12421,sein.‹,sein.‹,ADV,ROOT,12421,sein.‹
12422,Da,da,ADV,mo,12423,suchte
12423,suchte,suchen,VERB,ROOT,12423,suchte
12424,Martino,Martino,PROPN,sb,12423,suchte
12425,herum,herum,ADV,svp,12423,suchte
12426,und,und,CCONJ,cd,12423,suchte
12427,fand,finden,VERB,cj,12426,und
12428,unter,unter,ADP,mo,12427,fand
12429,einigen,einiger,DET,nk,12430,alten
12430,alten,alt,ADJ,nk,12428,unter
12431,Brettern,Brett,NOUN,ROOT,12431,Brettern
12432,ein,ein,DET,nk,12434,Loch
12433,tiefes,tief,ADJ,nk,12434,Loch
12434,Loch,Loch,NOUN,pd,12431,Brettern
12435,in,in,ADP,mnr,12434,Loch
12436,der,der,DET,nk,12437,Erde
12437,Erde,Erde,NOUN,nk,12435,in
12438,",",--,PUNCT,punct,12434,Loch
12439,das,der,PRON,app,12434,Loch
12440,",",--,PUNCT,punct,12439,das
12441,als,als,ADP,mnr,12439,das
12442,Keller,Keller,NOUN,nk,12441,als
12443,",",--,PUNCT,punct,12441,als
12444,einen,ein,DET,nk,12446,Dudelsack
12445,alten,alt,ADJ,nk,12446,Dudelsack
12446,Dudelsack,Dudelsack,NOUN,oa,12431,Brettern
12447,voll,voll,ADP,mo,12449,enthielt
12448,Wein,Wein,NOUN,nk,12447,voll
12449,enthielt,enthalten,VERB,ROOT,12449,enthielt
12450,.,--,PUNCT,punct,12449,enthielt
12451,Er,er,PRON,sb,12452,zog
12452,zog,ziehen,VERB,ROOT,12452,zog
12453,ihn,ihn,PRON,oa,12452,zog
12454,heraus,heraus,ADV,svp,12452,zog
12455,",",--,PUNCT,punct,12452,zog
12456,wir,wir,PRON,sb,12457,setzten
12457,setzten,setzen,VERB,cj,12452,zog
12458,die,der,DET,nk,12460,Pfeifen
12459,zwei,zwei,NUM,nk,12460,Pfeifen
12460,Pfeifen,Pfeife,NOUN,oa,12457,setzten
12461,an,an,ADP,mo,12457,setzten
12462,den,der,DET,nk,12463,Mund
12463,Mund,Mund,NOUN,nk,12461,an
12464,und,und,CCONJ,ju,12465,drückten
12465,drückten,drücken,VERB,ROOT,12465,drückten
12466,den,der,DET,nk,12468,Sack
12467,vollen,voll,ADJ,nk,12468,Sack
12468,Sack,Sack,NOUN,oa,12465,drückten
12469,so,so,ADV,mo,12470,zärtlich
12470,zärtlich,zärtlich,ADV,mo,12465,drückten
12471,an,an,ADP,op,12465,drückten
12472,das,der,DET,nk,12473,Herz
12473,Herz,Herz,NOUN,nk,12471,an
12474,",",--,PUNCT,punct,12465,drückten
12475,daß,daß,SCONJ,cd,12465,drückten
12476,uns,uns,PRON,cj,12475,daß
12477,der,der,DET,nk,12479,Wein
12478,süße,süß,ADJ,nk,12479,Wein
12479,Wein,Wein,NOUN,pd,12475,daß
12480,in,in,ADP,mnr,12479,Wein
12481,die,der,DET,nk,12482,Kehle
12482,Kehle,Kehle,NOUN,sb,12483,stieg
12483,stieg,steigen,VERB,ROOT,12483,stieg
12484,.,--,PUNCT,punct,12483,stieg
12485,Nie,nie,ADV,mo,12492,gemacht
12486,hat,haben,AUX,ROOT,12486,hat
12487,ein,ein,DET,nk,12488,Dudelsack
12488,Dudelsack,Dudelsack,NOUN,nk,12491,Musik
12489,so,so,ADV,mo,12490,liebliche
12490,liebliche,lieblich,ADJ,nk,12491,Musik
12491,Musik,Musik,NOUN,sb,12486,hat
12492,gemacht,machen,VERB,oc,12486,hat
12493,.,--,PUNCT,punct,12486,hat
12494,Wir,wir,PRON,sb,12495,labten
12495,labten,labten,VERB,ROOT,12495,labten
12496,uns,uns,PRON,ROOT,12496,uns
12497,herzlich,herzlich,ADV,pd,12496,uns
12498,;,--,PUNCT,punct,12496,uns
12499,ich,ich,PRON,sb,12500,weckte
12500,weckte,wecken,VERB,ROOT,12500,weckte
12501,meine,mein,DET,nk,12502,Marinina
12502,Marinina,Marinina,NOUN,oa,12500,weckte
12503,",",--,PUNCT,punct,12500,weckte
12504,und,und,CCONJ,cd,12500,weckte
12505,sie,sie,PRON,sb,12506,mußte
12506,mußte,müssen,AUX,cj,12504,und
12507,auch,auch,ADV,mo,12506,mußte
12508,eins,eins,PRON,oa,12510,spielen
12509,drauf,drauf,ADV,mo,12510,spielen
12510,spielen,spielen,VERB,oc,12506,mußte
12511,;,--,PUNCT,punct,12500,weckte
12512,dazu,dazu,ADV,mo,12513,verzehrten
12513,verzehrten,verzehrten,VERB,ROOT,12513,verzehrten
12514,wir,wir,PRON,sb,12513,verzehrten
12515,unser,unser,DET,nk,12516,Brot
12516,Brot,Brot,NOUN,oa,12513,verzehrten
12517,und,und,CCONJ,cd,12516,Brot
12518,einige,einiger,DET,nk,12519,Zwiebeln
12519,Zwiebeln,Zwiebel,NOUN,cj,12517,und
12520,aus,aus,ADP,mnr,12519,Zwiebeln
12521,dem,der,DET,nk,12522,Vorrat
12522,Vorrat,Vorrat,NOUN,nk,12520,aus
12523,",",--,PUNCT,punct,12522,Vorrat
12524,der,der,PRON,dep,12513,verzehrten
12525,an,an,ADP,mnr,12524,der
12526,der,der,DET,nk,12525,an
12527,Wand,Wand,NOUN,sb,12528,hing
12528,hing,hehen,VERB,ROOT,12528,hing
12529,",",--,PUNCT,punct,12528,hing
12530,und,und,CCONJ,cd,12528,hing
12531,streckten,streckten,VERB,cj,12530,und
12532,uns,uns,PRON,oa,12531,streckten
12533,",",--,PUNCT,punct,12531,streckten
12534,in,in,ADP,mo,12531,streckten
12535,der,der,DET,nk,12536,Erwartung
12536,Erwartung,Erwartung,NOUN,nk,12534,in
12537,des,der,DET,nk,12538,weiteren
12538,weiteren,weit,PRON,ag,12536,Erwartung
12539,",",--,PUNCT,punct,12531,streckten
12540,zur,zu,ADP,mo,12531,streckten
12541,Ruhe,Ruhe,NOUN,nk,12540,zur
12542,auf,auf,ADP,mo,12531,streckten
12543,das,der,DET,nk,12542,auf
12544,Stroh,Stroh,PROPN,ROOT,12544,Stroh
12545,.,--,PUNCT,punct,12544,Stroh
12546,Marinina,Marinina,PROPN,sb,12547,schlief
12547,schlief,schlufen,VERB,ROOT,12547,schlief
12548,fest,fest,ADV,mo,12547,schlief
12549,ein,ein,ADV,svp,12547,schlief
12550,.,--,PUNCT,punct,12547,schlief
12551,Ich,ich,PRON,sb,12552,betete
12552,betete,beten,VERB,ROOT,12552,betete
12553,mit,mit,ADP,mo,12552,betete
12554,Martino,Martino,PROPN,nk,12553,mit
12555,noch,noch,ADV,mo,12552,betete
12556,eine,ein,DET,nk,12557,Litanei
12557,Litanei,Litanei,NOUN,oa,12552,betete
12558,;,--,PUNCT,punct,12552,betete
12559,dann,dann,ADV,mo,12560,legten
12560,legten,legen,VERB,ROOT,12560,legten
12561,wir,wir,PRON,sb,12560,legten
12562,uns,sich,PRON,oa,12560,legten
12563,neben,neben,ADP,mo,12560,legten
12564,unsere,unser,DET,nk,12565,Waffen
12565,Waffen,Waffe,NOUN,nk,12563,neben
12566,bequem,bequem,ADV,mo,12560,legten
12567,",",--,PUNCT,punct,12560,legten
12568,und,und,CCONJ,cd,12560,legten
12569,Martino,Martino,PROPN,sb,12570,sagte
12570,sagte,sagen,VERB,cj,12568,und
12571,:,--,PUNCT,punct,12570,sagte
12572,›Laßt,›Laßt,VERB,oc,12570,sagte
12573,uns,uns,PRON,oa,12572,›Laßt
12574,nun,nun,ADV,mo,12575,ruhen
12575,ruhen,ruhen,VERB,ROOT,12575,ruhen
12576,;,--,PUNCT,punct,12575,ruhen
12577,mir,mir,PRON,da,12578,ist
12578,ist,sein,AUX,ROOT,12578,ist
12579,so,so,ADV,mo,12580,rund
12580,rund,rund,ADV,pd,12578,ist
12581,und,und,CCONJ,cd,12578,ist
12582,so,so,ADV,mo,12583,wohl
12583,wohl,wohl,ADV,cj,12581,und
12584,",",--,PUNCT,punct,12583,wohl
12585,daß,daß,SCONJ,cp,12592,flimmert
12586,mir,mir,PRON,da,12592,flimmert
12587,das,der,DET,nk,12588,Blut
12588,Blut,Blut,NOUN,sb,12592,flimmert
12589,in,in,ADP,mo,12592,flimmert
12590,den,der,DET,nk,12591,Adern
12591,Adern,Ader,NOUN,nk,12589,in
12592,flimmert,flimmeren,VERB,cc,12582,so
12593,;,--,PUNCT,punct,12578,ist
12594,wer,wer,PRON,sb,12599,sieht
12595,den,der,DET,nk,12597,Jäger
12596,wilden,wild,ADJ,nk,12597,Jäger
12597,Jäger,Jäger,NOUN,oa,12599,sieht
12598,zuerst,zuerst,ADV,mo,12599,sieht
12599,sieht,sehen,VERB,sb,12601,stößt
12600,",",--,PUNCT,punct,12601,stößt
12601,stößt,stoßen,VERB,ROOT,12601,stößt
12602,den,der,DET,nk,12603,andern
12603,andern,anderer,NOUN,da,12601,stößt
12604,",",--,PUNCT,punct,12601,stößt
12605,dann,dann,ADV,mo,12606,springen
12606,springen,springen,VERB,cj,12601,stößt
12607,wir,wir,PRON,sb,12606,springen
12608,mit,mit,ADP,svp,12606,springen
12609,unseren,unser,DET,nk,12610,Tröstern
12610,Tröstern,Tröster,NOUN,ROOT,12610,Tröstern
12611,über,über,ADP,mnr,12610,Tröstern
12612,ihn,ihn,PRON,nk,12611,über
12613,her,her,ADV,mo,12611,über
12614,und,und,CCONJ,cd,12610,Tröstern
12615,schlagen,schlagen,VERB,cj,12614,und
12616,den,der,DET,nk,12617,Kerl
12617,Kerl,Kerl,NOUN,oa,12615,schlagen
12618,zu,zu,ADP,mo,12615,schlagen
12619,Brei,Brei,NOUN,nk,12618,zu
12620,;,--,PUNCT,punct,12610,Tröstern
12621,ich,ich,PRON,sb,12622,habe
12622,habe,haben,VERB,ROOT,12622,habe
12623,noch,noch,ADV,mo,12622,habe
12624,einen,ein,DET,nk,12625,Schwärmer
12625,Schwärmer,Schwärmer,NOUN,oa,12631,will
12626,in,in,ADP,mnr,12625,Schwärmer
12627,der,der,DET,nk,12628,Tasche
12628,Tasche,Tasche,NOUN,nk,12626,in
12629,",",--,PUNCT,punct,12630,den
12630,den,der,PRON,oa,12631,will
12631,will,wollen,AUX,ROOT,12631,will
12632,ich,ich,PRON,sb,12631,will
12633,dem,der,DET,nk,12634,Schelm
12634,Schelm,Schelm,NOUN,da,12631,will
12635,unter,unter,ADP,mo,12631,will
12636,die,der,DET,nk,12637,Nase
12637,Nase,Nase,NOUN,nk,12635,unter
12638,brennen.‹,brennen.‹,X,nk,12637,Nase
12639,Ich,ich,PRON,sb,12640,freute
12640,freute,freuen,VERB,ROOT,12640,freute
12641,mich,sich,PRON,oa,12640,freute
12642,an,an,ADP,mo,12640,freute
12643,seinem,sein,DET,nk,12645,Herzen
12644,frischen,frisch,ADJ,nk,12645,Herzen
12645,Herzen,Herz,NOUN,nk,12642,an
12646,;,--,PUNCT,punct,12640,freute
12647,wir,wir,PRON,sb,12648,empfahlen
12648,empfahlen,empfahlen,VERB,ROOT,12648,empfahlen
12649,uns,uns,PRON,da,12648,empfahlen
12650,dem,der,DET,nk,12651,Schutz
12651,Schutz,Schutz,NOUN,da,12648,empfahlen
12652,des,der,DET,punct,12648,empfahlen
12653,heiligen,heilig,ADJ,nk,12654,Markus
12654,Markus,Markus,NOUN,ROOT,12654,Markus
12655,und,und,CCONJ,cd,12654,Markus
12656,lauschten,lauschen,VERB,cj,12655,und
12657,dem,der,DET,nk,12658,Schlafe
12658,Schlafe,Schlafe,NOUN,da,12656,lauschten
12659,entgegen,entgegen,ADP,svp,12656,lauschten
12660,",",--,PUNCT,punct,12656,lauschten
12661,der,der,PRON,da,12664,Rücken
12662,uns,uns,PRON,oa,12664,Rücken
12663,den,der,DET,nk,12664,Rücken
12664,Rücken,Rücken,NOUN,ROOT,12664,Rücken
12665,hinaufkroch,hinaufkroch,ADV,ROOT,12665,hinaufkroch
12666,und,und,CCONJ,cd,12665,hinaufkroch
12667,uns,uns,PRON,oa,12672,krabbelte
12668,schon,schon,ADV,mo,12669,hinter
12669,hinter,hinter,ADP,mo,12672,krabbelte
12670,den,der,DET,nk,12671,Ohren
12671,Ohren,Ohr,NOUN,nk,12669,hinter
12672,krabbelte,krabbelen,VERB,cj,12666,und
12673,.,--,PUNCT,punct,12665,hinaufkroch
12674,Nun,nun,ADV,mo,12675,ward
12675,ward,werden,VERB,ROOT,12675,ward
12676,alles,alle,PRON,sb,12675,ward
12677,mäuschenstill,mäuschenstill,VERB,ROOT,12677,mäuschenstill
12678,;,--,PUNCT,punct,12677,mäuschenstill
12679,der,der,DET,nk,12680,Donner
12680,Donner,Donner,NOUN,sb,12681,rollte
12681,rollte,rollen,VERB,ROOT,12681,rollte
12682,fern,fern,ADV,svp,12681,rollte
12683,",",--,PUNCT,punct,12681,rollte
12684,der,der,DET,nk,12685,Sturm
12685,Sturm,Sturm,NOUN,sb,12686,hatte
12686,hatte,haben,AUX,cj,12681,rollte
12687,sich,sich,PRON,oa,12686,hatte
12688,in,in,ADP,mo,12686,hatte
12689,den,der,DET,nk,12690,Waldwipfeln
12690,Waldwipfeln,Waldwipfel,NOUN,nk,12688,in
12691,schlafen,schlafen,VERB,ROOT,12691,schlafen
12692,gelegt,legen,VERB,oc,12691,schlafen
12693,",",--,PUNCT,punct,12692,gelegt
12694,die,der,PRON,sb,12699,einwiegten
12695,ihn,ihn,PRON,oa,12699,einwiegten
12696,mit,mit,ADP,mo,12699,einwiegten
12697,leisem,leis,ADJ,nk,12698,Rauschen
12698,Rauschen,rauschen,NOUN,nk,12696,mit
12699,einwiegten,einwiegen,VERB,rc,12691,schlafen
12700,.,--,PUNCT,punct,12691,schlafen
12701,Die,der,DET,nk,12702,Kienfackel
12702,Kienfackel,Kienfackel,NOUN,ROOT,12702,Kienfackel
12703,knisterte,knistert,ADJ,nk,12705,Grillen
12704,",",--,PUNCT,punct,12703,knisterte
12705,Grillen,Grill,NOUN,sb,12706,sangen
12706,sangen,singen,VERB,ROOT,12706,sangen
12707,",",--,PUNCT,punct,12706,sangen
12708,die,der,DET,nk,12709,Katze
12709,Katze,Katze,NOUN,sb,12710,schnurrte
12710,schnurrte,schnurren,VERB,cj,12706,sangen
12711,auf,auf,ADP,mo,12710,schnurrte
12712,der,der,DET,nk,12713,Trommel
12713,Trommel,Trommel,NOUN,nk,12711,auf
12714,",",--,PUNCT,punct,12713,Trommel
12715,welche,welcher,PRON,oa,12710,schnurrte
12716,",",--,PUNCT,punct,12715,welche
12717,von,von,ADP,mnr,12715,welche
12718,dem,der,PRON,nk,12717,von
12719,Tone,Tone,PROPN,sb,12720,erschüttert
12720,erschüttert,erschüttern,VERB,ROOT,12720,erschüttert
12721,",",--,PUNCT,punct,12720,erschüttert
12722,das,der,DET,nk,12724,Donnern
12723,ferne,fern,ADJ,nk,12724,Donnern
12724,Donnern,Donnern,NOUN,oa,12726,begleiten
12725,zu,zu,PART,pm,12726,begleiten
12726,begleiten,begleiten,VERB,oc,12727,schien
12727,schien,scheinen,VERB,oc,12720,erschüttert
12728,;,--,PUNCT,punct,12720,erschüttert
12729,Marinina,Marinina,PROPN,pnc,12730,pfiff
12730,pfiff,Pfiff,VERB,ROOT,12730,pfiff
12731,durch,durch,ADP,mo,12730,pfiff
12732,die,der,DET,nk,12733,Nase
12733,Nase,Nase,NOUN,sb,12737,hatte
12734,",",--,PUNCT,punct,12737,hatte
12735,denn,denn,CCONJ,cd,12737,hatte
12736,sie,sie,PRON,sb,12737,hatte
12737,hatte,haben,AUX,ROOT,12737,hatte
12738,sich,sich,PRON,da,12741,geholt
12739,einen,ein,DET,nk,12740,Schnupfen
12740,Schnupfen,Schnupfen,NOUN,oa,12741,geholt
12741,geholt,holen,VERB,oc,12737,hatte
12742,",",--,PUNCT,punct,12741,geholt
12743,in,in,ADP,mo,12746,knackte
12744,der,der,DET,nk,12745,Küche
12745,Küche,Küche,NOUN,nk,12743,in
12746,knackte,knacken,VERB,cj,12737,hatte
12747,das,der,DET,sb,12746,knackte
12748,grüne,grün,ADJ,nk,12749,Holz
12749,Holz,Holz,NOUN,ROOT,12749,Holz
12750,im,in,ADP,mnr,12749,Holz
12751,Feuer,Feuer,NOUN,nk,12750,im
12752,",",--,PUNCT,punct,12749,Holz
12753,die,der,DET,nk,12754,Schnepfensuppe
12754,Schnepfensuppe,Schnepfensuppe,NOUN,sb,12755,sauste
12755,sauste,sausen,VERB,oc,12749,Holz
12756,im,in,ADP,mo,12755,sauste
12757,Topf,Topf,NOUN,nk,12756,im
12758,",",--,PUNCT,punct,12755,sauste
12759,und,und,CCONJ,cd,12755,sauste
12760,unsere,unser,DET,nk,12761,braune
12761,braune,Braune,ADJ,cj,12759,und
12762,Köchin,Köchin,NOUN,sb,12763,sang
12763,sang,singen,VERB,ROOT,12763,sang
12764,mit,mit,ADP,mo,12763,sang
12765,einer,ein,DET,nk,12769,Stimme
12766,klaren,klar,ADJ,nk,12769,Stimme
12767,und,und,CCONJ,cd,12766,klaren
12768,starken,stark,ADJ,cj,12767,und
12769,Stimme,Stimme,NOUN,nk,12764,mit
12770,",",--,PUNCT,punct,12763,sang
12771,wie,wie,SCONJ,mo,12772,ich
12772,ich,ich,PRON,mo,12763,sang
12773,noch,noch,ADV,mo,12774,keine
12774,keine,kein,DET,nk,12775,Primadonna
12775,Primadonna,Primadonna,NOUN,oa,12763,sang
12776,gehört,gehören,VERB,ROOT,12776,gehört
12777,",",--,PUNCT,punct,12776,gehört
12778,folgendes,folgend,ADJ,nk,12779,Lied
12779,Lied,Lied,NOUN,sb,12776,gehört
12780,:,--,PUNCT,punct,12776,gehört
12781,Mitidika,Mitidika,NOUN,ROOT,12781,Mitidika
12782,!,--,PUNCT,punct,12781,Mitidika
12783,Mitidika,Mitidika,PROPN,ROOT,12783,Mitidika
12784,!,--,PUNCT,punct,12783,Mitidika
12785,Wien,Wien,PROPN,sb,12787,quatsch
12786,üng,üng,X,mo,12785,Wien
12787,quatsch,quatsch,ADV,ROOT,12787,quatsch
12788,",",--,PUNCT,punct,12787,quatsch
12789,Ba,Ba,X,sb,12796,fatsch
12790,nu,nu,X,uc,12789,Ba
12791,",",--,PUNCT,punct,12789,Ba
12792,Ba,Ba,X,cj,12789,Ba
12793,nu,nu,X,uc,12789,Ba
12794,n'am,n'am,NOUN,uc,12789,Ba
12795,tsche,tsch,ADJ,nk,12796,fatsch
12796,fatsch,Fatsch,PROPN,ROOT,12796,fatsch
12797,",",--,PUNCT,punct,12796,fatsch
12798,Waja,Waja,PROPN,ROOT,12798,Waja
12799,",",--,PUNCT,punct,12798,Waja
12800,Waja,Waja,PROPN,cj,12798,Waja
12801,",",--,PUNCT,punct,12798,Waja
12802,Kur,Kur,PROPN,sb,12803,libu
12803,libu,libu,VERB,par,12798,Waja
12804,",",--,PUNCT,punct,12798,Waja
12805,Ich,ich,PRON,sb,12806,bin
12806,bin,sein,AUX,ROOT,12806,bin
12807,ich,ich,PRON,sb,12806,bin
12808,und,und,CCONJ,cd,12807,ich
12809,du,du,PRON,cj,12808,und
12810,bist,sein,AUX,cj,12806,bin
12811,du,du,PRON,sb,12810,bist
12812,;,--,PUNCT,punct,12806,bin
12813,Ich,ich,PRON,sb,12814,spricht
12814,spricht,sprechen,VERB,ROOT,12814,spricht
12815,Stolz,Stolz,NOUN,oa,12814,spricht
12816,",",--,PUNCT,punct,12814,spricht
12817,Du,du,PRON,sb,12818,spricht
12818,spricht,sprechen,VERB,ROOT,12818,spricht
12819,Lieb,Lieb,NOUN,oa,12818,spricht
12820,!,--,PUNCT,punct,12818,spricht
12821,Wer,wer,PRON,sb,12823,scheut
12822,sich,sich,PRON,oa,12823,scheut
12823,scheut,scheuen,VERB,ROOT,12823,scheut
12824,vor,vor,ADP,mo,12823,scheut
12825,Galgenholz,Galgenholz,NOUN,nk,12824,vor
12826,",",--,PUNCT,punct,12823,scheut
12827,Wird,werden,AUX,ROOT,12827,Wird
12828,im,in,ADP,mo,12827,Wird
12829,grünen,grün,ADJ,nk,12830,Wald
12830,Wald,Wald,NOUN,nk,12828,im
12831,zum,zu,ADP,mo,12827,Wird
12832,Dieb,Dieb,NOUN,nk,12831,zum
12833,.,--,PUNCT,punct,12827,Wird
12834,Mitidika,Mitidika,NOUN,ROOT,12834,Mitidika
12835,!,--,PUNCT,punct,12834,Mitidika
12836,Mitidika,Mitidika,PROPN,ROOT,12836,Mitidika
12837,!,--,PUNCT,punct,12836,Mitidika
12838,Wien,Wien,PROPN,sb,12840,quatsch
12839,üng,üng,X,mo,12838,Wien
12840,quatsch,quatsch,ADV,ROOT,12840,quatsch
12841,",",--,PUNCT,punct,12840,quatsch
12842,Ba,Ba,X,sb,12849,fatsch
12843,nu,nu,X,uc,12842,Ba
12844,",",--,PUNCT,punct,12842,Ba
12845,Ba,Ba,X,cj,12842,Ba
12846,nu,nu,X,uc,12842,Ba
12847,n'am,n'am,NOUN,uc,12842,Ba
12848,tsche,tsch,ADJ,nk,12849,fatsch
12849,fatsch,Fatsch,PROPN,ROOT,12849,fatsch
12850,",",--,PUNCT,punct,12849,fatsch
12851,Singt,singen,NOUN,sb,12856,kocht
12852,die,der,DET,nk,12853,Magd
12853,Magd,Magd,NOUN,oa,12851,Singt
12854,",",--,PUNCT,punct,12855,so
12855,so,so,ADV,mo,12856,kocht
12856,kocht,kochen,VERB,ROOT,12856,kocht
12857,der,der,DET,nk,12858,Brei
12858,Brei,Brei,NOUN,sb,12856,kocht
12859,",",--,PUNCT,punct,12856,kocht
12860,Singt,Singt,NOUN,sb,12865,legts
12861,das,der,DET,nk,12862,Huhn
12862,Huhn,Huhn,NOUN,pd,12860,Singt
12863,",",--,PUNCT,punct,12864,so
12864,so,so,ADV,mo,12865,legts
12865,legts,legts,PROPN,ROOT,12865,legts
12866,ein,ein,DET,nk,12867,Ei
12867,Ei,Ei,NOUN,sb,12865,legts
12868,;,--,PUNCT,punct,12865,legts
12869,Er,er,PRON,sb,12870,spricht
12870,spricht,sprechen,VERB,ROOT,12870,spricht
12871,Schimpf,Schimpf,NOUN,oa,12870,spricht
12872,",",--,PUNCT,punct,12870,spricht
12873,Sie,sie,PRON,sb,12874,spricht
12874,spricht,sprechen,VERB,ROOT,12874,spricht
12875,Fremd,Fremd,NOUN,oa,12874,spricht
12876,;,--,PUNCT,punct,12874,spricht
12877,Fehlen,fehlen,NOUN,ROOT,12877,Fehlen
12878,mir,mir,PRON,da,12877,Fehlen
12879,gleich,gleich,ADV,mo,12880,Schuh
12880,Schuh,Schuh,NOUN,oa,12877,Fehlen
12881,und,und,CCONJ,cd,12880,Schuh
12882,Strümpf,Strümpf,NOUN,cj,12881,und
12883,",",--,PUNCT,punct,12877,Fehlen
12884,Hab,Hab,ADV,mo,12885,ich
12885,ich,ich,PRON,sb,12889,Hemd
12886,doch,doch,ADV,mo,12885,ich
12887,ein,ein,DET,nk,12889,Hemd
12888,buntes,bunt,ADJ,nk,12889,Hemd
12889,Hemd,Hemd,NOUN,ROOT,12889,Hemd
12890,.,--,PUNCT,punct,12889,Hemd
12891,Mitidika,Mitidika,NOUN,ROOT,12891,Mitidika
12892,!,--,PUNCT,punct,12891,Mitidika
12893,Mitidika,Mitidika,PROPN,ROOT,12893,Mitidika
12894,!,--,PUNCT,punct,12893,Mitidika
12895,Wien,Wien,PROPN,sb,12897,quatsch
12896,üng,üng,X,mo,12895,Wien
12897,quatsch,quatsch,ADV,ROOT,12897,quatsch
12898,",",--,PUNCT,punct,12897,quatsch
12899,Ba,Ba,X,sb,12906,fatsch
12900,nu,nu,X,uc,12899,Ba
12901,",",--,PUNCT,punct,12899,Ba
12902,Ba,Ba,X,cj,12899,Ba
12903,nu,nu,X,uc,12899,Ba
12904,n'am,n'am,NOUN,uc,12899,Ba
12905,tsche,tsch,ADJ,nk,12906,fatsch
12906,fatsch,Fatsch,PROPN,ROOT,12906,fatsch
12907,",",--,PUNCT,punct,12906,fatsch
12908,Hör,Hör,NOUN,cj,12911,pocht
12909,",",--,PUNCT,punct,12908,Hör
12910,was,wer,PRON,sb,12911,pocht
12911,pocht,pochen,VERB,ROOT,12911,pocht
12912,dort,dort,ADV,mo,12911,pocht
12913,an,an,ADP,mo,12911,pocht
12914,der,der,DET,nk,12915,Tür
12915,Tür,Tür,NOUN,nk,12913,an
12916,?,--,PUNCT,punct,12911,pocht
12917,Draußen,draußen,ADV,mo,12918,schrein
12918,schrein,schrein,VERB,ROOT,12918,schrein
12919,sie,sie,PRON,oa,12918,schrein
12920,nach,nach,ADP,mo,12918,schrein
12921,Quartier,Quartier,NOUN,nk,12920,nach
12922,.,--,PUNCT,punct,12918,schrein
12923,Ists,Ist,NOUN,ROOT,12923,Ists
12924,der,der,DET,nk,12925,Er
12925,Er,er,PRON,ag,12923,Ists
12926,?,--,PUNCT,punct,12923,Ists
12927,Ists,Ist,NOUN,ROOT,12927,Ists
12928,der,der,DET,nk,12929,Sie
12929,Sie,sie,PRON,ag,12927,Ists
12930,?,--,PUNCT,punct,12927,Ists
12931,Mach,Mach,PROPN,ROOT,12931,Mach
12932,ich,ich,PRON,sb,12931,Mach
12933,auf,auf,ADP,mo,12931,Mach
12934,wohl,wohl,ADV,mo,12935,nimmermehr
12935,nimmermehr,nimmermehr,ADV,nk,12933,auf
12936,",",--,PUNCT,punct,12931,Mach
12937,Nur,nur,ADV,mo,12938,du
12938,du,du,PRON,pnc,12939,Lieber
12939,Lieber,Lieber,PROPN,ROOT,12939,Lieber
12940,",",--,PUNCT,punct,12939,Lieber
12941,du,du,PRON,sb,12942,schläfst
12942,schläfst,schläfen,VERB,oc,12939,Lieber
12943,hie,hie,ADV,mo,12942,schläfst
12944,.,--,PUNCT,punct,12939,Lieber
12945,Mitidika,Mitidika,NOUN,ROOT,12945,Mitidika
12946,!,--,PUNCT,punct,12945,Mitidika
12947,Mitidika,Mitidika,PROPN,ROOT,12947,Mitidika
12948,!,--,PUNCT,punct,12947,Mitidika
12949,Wien,Wien,PROPN,sb,12951,quatsch
12950,üng,üng,X,mo,12949,Wien
12951,quatsch,quatsch,ADV,ROOT,12951,quatsch
12952,",",--,PUNCT,punct,12951,quatsch
12953,Ba,Ba,X,sb,12960,fatsch
12954,nu,nu,X,uc,12953,Ba
12955,",",--,PUNCT,punct,12953,Ba
12956,Ba,Ba,X,cj,12953,Ba
12957,nu,nu,X,uc,12953,Ba
12958,n'am,n'am,NOUN,uc,12953,Ba
12959,tsche,tsch,ADJ,nk,12960,fatsch
12960,fatsch,Fatsch,PROPN,ROOT,12960,fatsch
12961,",",--,PUNCT,punct,12960,fatsch
12962,Waja,Waja,PROPN,ROOT,12962,Waja
12963,",",--,PUNCT,punct,12962,Waja
12964,Waja,Waja,PROPN,cj,12962,Waja
12965,",",--,PUNCT,punct,12962,Waja
12966,Kur,Kur,PROPN,sb,12967,libu
12967,libu,libu,VERB,par,12962,Waja
12968,",",--,PUNCT,punct,12962,Waja
12969,In,in,ADP,mo,12972,hats
12970,dem,der,DET,nk,12971,Topf
12971,Topf,Topf,NOUN,nk,12969,In
12972,hats,hats,NOUN,nk,12974,Ruh
12973,nimmer,nimmer,ADJ,nk,12974,Ruh
12974,Ruh,Ruh,PROPN,ROOT,12974,Ruh
12975,;,--,PUNCT,punct,12974,Ruh
12976,Saus,Saus,NOUN,ROOT,12976,Saus
12977,und,und,CCONJ,cd,12976,Saus
12978,Braus,Braus,NOUN,cj,12977,und
12979,',--,PUNCT,punct,12980,rab
12980,rab,rab,PROPN,ROOT,12980,rab
12981,und,und,CCONJ,cd,12980,rab
12982,',--,PUNCT,cj,12981,und
12983,rauf,Rauf,PROPN,cj,12981,und
12984,",",--,PUNCT,punct,12980,rab
12985,Küchenteufel,Küchenteufel,NOUN,mo,12987,haus
12986,drinnen,drinnen,ADV,mo,12985,Küchenteufel
12987,haus,haus,ADV,ROOT,12987,haus
12988,:,--,PUNCT,punct,12987,haus
12989,Daß,daß,SCONJ,cp,12990,es
12990,es,es,PRON,ROOT,12990,es
12991,mir,mir,PRON,da,12992,nicht
12992,nicht,nicht,PART,ng,12993,überlauf
12993,überlauf,überlauf,ADV,pd,12990,es
12994,!,--,PUNCT,punct,12990,es
12995,«,--,PUNCT,punct,12990,es
12996,Als,als,SCONJ,cp,13010,gesagt
12997,der,der,DET,nk,12998,Feuerwerker
12998,Feuerwerker,Feuerwerker,NOUN,sb,13010,gesagt
12999,den,der,DET,nk,13000,Anfang
13000,Anfang,Anfang,NOUN,oa,13010,gesagt
13001,dieses,dieser,DET,nk,13002,Liedes
13002,Liedes,Lied,NOUN,ag,13000,Anfang
13003,:,--,PUNCT,punct,13005,Mitidika
13004,»,--,PUNCT,punct,13005,Mitidika
13005,Mitidika,Mitidika,NOUN,app,13000,Anfang
13006,!,--,PUNCT,punct,13005,Mitidika
13007,Mitidika,Mitidika,PROPN,oa,13010,gesagt
13008,!,--,PUNCT,punct,13010,gesagt
13009,«,--,PUNCT,punct,12997,der
13010,gesagt,sagen,VERB,ROOT,13010,gesagt
13011,",",--,PUNCT,punct,13010,gesagt
13012,nahm,nehmen,VERB,ROOT,13012,nahm
13013,der,der,DET,nk,13015,Michaly
13014,Zigeuner,Zigeuner,ADJ,nk,13015,Michaly
13015,Michaly,Michaly,NOUN,sb,13012,nahm
13016,seine,sein,DET,nk,13017,Violine
13017,Violine,Violin,NOUN,oa,13012,nahm
13018,und,und,CCONJ,cd,13012,nahm
13019,sang,singen,VERB,cj,13018,und
13020,es,es,PRON,ep,13019,sang
13021,unter,unter,ADP,mo,13019,sang
13022,den,der,DET,nk,13023,lieblichsten
13023,lieblichsten,lieblichsten,NOUN,nk,13021,unter
13024,Variationen,Variation,NOUN,ROOT,13024,Variationen
13025,der,der,DET,nk,13026,Gesellschaft
13026,Gesellschaft,Gesellschaft,NOUN,ag,13024,Variationen
13027,vor,vor,ADP,svp,13024,Variationen
13028,;,--,PUNCT,punct,13024,Variationen
13029,alle,alle,PRON,sb,13030,dankten
13030,dankten,danken,VERB,ROOT,13030,dankten
13031,ihm,ihm,PRON,da,13030,dankten
13032,",",--,PUNCT,punct,13030,dankten
13033,der,der,DET,nk,13034,Feuerwerker
13034,Feuerwerker,Feuerwerker,NOUN,sb,13036,sagte
13035,aber,aber,ADV,mo,13036,sagte
13036,sagte,sagen,VERB,oc,13030,dankten
13037,:,--,PUNCT,punct,13036,sagte
13038,»,--,PUNCT,punct,13039,Michaly
13039,Michaly,Michaly,NOUN,ROOT,13039,Michaly
13040,",",--,PUNCT,punct,13039,Michaly
13041,du,du,PRON,sb,13042,sangst
13042,sangst,sangstn,VERB,sb,13039,Michaly
13043,das,der,DET,nk,13045,Lied
13044,nämliche,nämlich,ADJ,nk,13045,Lied
13045,Lied,Lied,NOUN,oa,13042,sangst
13046,",",--,PUNCT,punct,13045,Lied
13047,wie,wie,SCONJ,cm,13050,Braune
13048,die,der,DET,nk,13050,Braune
13049,kleine,klein,ADJ,nk,13050,Braune
13050,Braune,Braune,PROPN,cc,13045,Lied
13051,",",--,PUNCT,punct,13039,Michaly
13052,und,und,CCONJ,cd,13039,Michaly
13053,hast,haben,AUX,cj,13052,und
13054,eine,ein,PRON,sb,13053,hast
13055,Ähnlichkeit,Ähnlichkeit,NOUN,ROOT,13055,Ähnlichkeit
13056,mit,mit,ADP,op,13055,Ähnlichkeit
13057,ihr,ihr,PRON,nk,13056,mit
13058,in,in,ADP,mnr,13055,Ähnlichkeit
13059,der,der,DET,nk,13060,Stimme
13060,Stimme,Stimme,NOUN,nk,13058,in
13061,.,--,PUNCT,punct,13055,Ähnlichkeit
13062,«,--,PUNCT,punct,13055,Ähnlichkeit
13063,–,--,PUNCT,punct,13065,Kann
13064,»,--,PUNCT,punct,13065,Kann
13065,Kann,können,AUX,oc,13069,sagte
13066,sein,sein,AUX,oc,13065,Kann
13067,«,--,PUNCT,punct,13065,Kann
13068,",",--,PUNCT,punct,13069,sagte
13069,sagte,sagen,VERB,ROOT,13069,sagte
13070,Michaly,Michaly,PROPN,sb,13069,sagte
13071,lächelnd,lächelnd,ADV,mo,13069,sagte
13072,",",--,PUNCT,punct,13069,sagte
13073,»,--,PUNCT,punct,13074,aber
13074,aber,aber,CCONJ,ROOT,13074,aber
13075,erzähl,erzähl,ADV,mo,13077,weiter
13076,nur,nur,ADV,mo,13077,weiter
13077,weiter,weiter,ADV,cj,13074,aber
13078,",",--,PUNCT,punct,13080,bin
13079,ich,ich,PRON,sb,13080,bin
13080,bin,sein,AUX,cj,13074,aber
13081,auf,auf,ADP,mo,13080,bin
13082,den,der,DET,nk,13084,Jäger
13083,wilden,wild,ADJ,nk,13084,Jäger
13084,Jäger,Jäger,NOUN,nk,13081,auf
13085,sehr,sehr,ADV,mo,13086,begierig
13086,begierig,begierig,ADV,pd,13080,bin
13087,.,--,PUNCT,punct,13080,bin
13088,«,--,PUNCT,punct,13074,aber
13089,–,--,PUNCT,punct,13091,Ich
13090,»,--,PUNCT,punct,13091,Ich
13091,Ich,ich,PRON,ROOT,13091,Ich
13092,hob,heben,VERB,oc,13102,sagte
13093,a,a,PROPN,pnc,13095,Schneid
13094,a,a,PROPN,pnc,13095,Schneid
13095,Schneid,Schneid,PROPN,sb,13092,hob
13096,uf,uf,PROPN,mo,13092,hob
13097,den,der,DET,nk,13099,Schlankl
13098,soakrische,soakrisch,ADJ,nk,13099,Schlankl
13099,Schlankl,Schlankl,NOUN,oa,13092,hob
13100,!,--,PUNCT,punct,13102,sagte
13101,«,--,PUNCT,punct,13102,sagte
13102,sagte,sagen,VERB,ROOT,13102,sagte
13103,der,der,DET,nk,13104,Tiroler
13104,Tiroler,Tiroler,NOUN,sb,13102,sagte
13105,;,--,PUNCT,punct,13102,sagte
13106,alle,aller,PRON,sb,13107,drangen
13107,drangen,dringen,VERB,ROOT,13107,drangen
13108,auf,auf,ADP,ROOT,13108,auf
13109,die,der,DET,nk,13111,Erzählung
13110,weitere,weit,ADJ,nk,13111,Erzählung
13111,Erzählung,Erzählung,NOUN,nk,13108,auf
13112,",",--,PUNCT,punct,13108,auf
13113,und,und,CCONJ,cd,13108,auf
13114,der,der,DET,nk,13115,Feuerwerker
13115,Feuerwerker,Feuerwerker,NOUN,sb,13116,fuhr
13116,fuhr,fahren,VERB,cj,13113,und
13117,fort,fort,ADV,svp,13116,fuhr
13118,:,--,PUNCT,punct,13116,fuhr
13119,»,--,PUNCT,punct,13127,ward
13120,Als,als,SCONJ,cp,13125,sang
13121,die,der,DET,nk,13122,Kleine
13122,Kleine,Kleine,NOUN,sb,13125,sang
13123,das,der,DET,nk,13124,Lied
13124,Lied,Lied,NOUN,oa,13125,sang
13125,sang,singen,VERB,mo,13127,ward
13126,",",--,PUNCT,punct,13127,ward
13127,ward,werden,VERB,ROOT,13127,ward
13128,sie,sie,PRON,sb,13127,ward
13129,von,von,ADP,sbp,13127,ward
13130,einem,ein,DET,nk,13131,Schlag
13131,Schlag,Schlag,NOUN,nk,13129,von
13132,gegen,gegen,ADP,mnr,13131,Schlag
13133,die,der,DET,nk,13134,Türe
13134,Türe,Türe,NOUN,nk,13132,gegen
13135,unterbrochen,unterbrechen,VERB,mo,13138,rief
13136,:,--,PUNCT,punct,13138,rief
13137,›Mitidika!‹,›Mitidika!‹,PROPN,sb,13138,rief
13138,rief,rufen,VERB,ROOT,13138,rief
13139,es,es,PRON,ep,13138,rief
13140,draußen,draußen,ADV,mo,13138,rief
13141,mit,mit,ADP,op,13138,rief
13142,einer,ein,DET,nk,13146,Stimme
13143,rauhen,rauh,ADJ,nk,13146,Stimme
13144,",",--,PUNCT,punct,13143,rauhen
13145,heiseren,heiser,ADJ,cj,13143,rauhen
13146,Stimme,Stimme,NOUN,nk,13141,mit
13147,.,--,PUNCT,punct,13138,rief
13148,›Gleich,›Gleich,PROPN,sb,13151,antwortete
13149,",",--,PUNCT,punct,13151,antwortete
13150,Großmutter!‹,Großmutter!‹,PUNCT,punct,13151,antwortete
13151,antwortete,antworten,VERB,ROOT,13151,antwortete
13152,sie,sie,PRON,sb,13151,antwortete
13153,",",--,PUNCT,punct,13151,antwortete
13154,öffnete,öffnen,VERB,cj,13151,antwortete
13155,die,der,DET,nk,13156,Türe
13156,Türe,Türe,NOUN,oa,13154,öffnete
13157,und,und,CCONJ,cd,13154,öffnete
13158,erzählte,erzählen,VERB,cj,13157,und
13159,ihr,ihr,PRON,da,13158,erzählte
13160,von,von,ADP,mo,13158,erzählte
13161,den,der,DET,nk,13160,von
13162,Gästen,Gast,NOUN,ROOT,13162,Gästen
13163,;,--,PUNCT,punct,13162,Gästen
13164,die,der,DET,nk,13165,Großmutter
13165,Großmutter,Großmutter,NOUN,sb,13166,brummte
13166,brummte,brummen,VERB,ROOT,13166,brummte
13167,allerlei,allerlei,PRON,oa,13166,brummte
13168,",",--,PUNCT,punct,13166,brummte
13169,was,was,PRON,oa,13172,verstand
13170,ich,ich,PRON,sb,13172,verstand
13171,nicht,nicht,PART,ng,13172,verstand
13172,verstand,verstehen,VERB,oc,13166,brummte
13173,",",--,PUNCT,punct,13166,brummte
13174,und,und,CCONJ,cd,13166,brummte
13175,trat,treten,VERB,cj,13174,und
13176,sodann,Sodann,VERB,ROOT,13176,sodann
13177,zu,zu,ADP,mo,13176,sodann
13178,uns,uns,PRON,nk,13177,zu
13179,in,in,ADP,mo,13176,sodann
13180,die,der,DET,nk,13181,Stube
13181,Stube,Stube,NOUN,nk,13179,in
13182,.,--,PUNCT,punct,13176,sodann
13183,Ihr,ihr,DET,nk,13184,Schatten
13184,Schatten,Schatten,NOUN,sb,13185,sah
13185,sah,sehen,VERB,ROOT,13185,sah
13186,aus,aus,ADP,svp,13185,sah
13187,wie,wie,ADP,cm,13189,Teufel
13188,der,der,DET,nk,13189,Teufel
13189,Teufel,Teufel,PROPN,mo,13185,sah
13190,",",--,PUNCT,punct,13189,Teufel
13191,der,der,PRON,dep,13185,sah
13192,sich,sich,PRON,oa,13193,über
13193,über,über,ADP,mo,13185,sah
13194,die,der,DET,nk,13195,Leiden
13195,Leiden,leiden,NOUN,ROOT,13195,Leiden
13196,der,der,DET,nk,13197,Verdammten
13197,Verdammten,verdammter,NOUN,ag,13195,Leiden
13198,bucklicht,bucklicht,ADV,mo,13199,gelacht
13199,gelacht,lachen,VERB,oc,13195,Leiden
13200,",",--,PUNCT,punct,13195,Leiden
13201,und,und,CCONJ,ju,13202,wäre
13202,wäre,sein,AUX,cj,13195,Leiden
13203,er,er,PRON,sb,13202,wäre
13204,nicht,nicht,PART,ng,13202,wäre
13205,vor,vor,ADP,mo,13202,wäre
13206,ihr,ihr,PRON,nk,13205,vor
13207,her,her,ADV,mo,13205,vor
13208,in,in,ADP,mo,13202,wäre
13209,die,der,DET,nk,13210,Stube
13210,Stube,Stube,NOUN,sb,13220,hätte
13211,gefallen,fallen,VERB,oc,13210,Stube
13212,",",--,PUNCT,punct,13211,gefallen
13213,um,um,SCONJ,cp,13217,vorzubereiten
13214,einen,ein,DET,oa,13217,vorzubereiten
13215,ein,ein,DET,nk,13216,wenig
13216,wenig,wenig,PRON,oa,13217,vorzubereiten
13217,vorzubereiten,vorbereiten,VERB,mo,13211,gefallen
13218,",",--,PUNCT,punct,13220,hätte
13219,ich,ich,PRON,sb,13220,hätte
13220,hätte,haben,AUX,ROOT,13220,hätte
13221,geglaubt,glauben,VERB,oc,13220,hätte
13222,",",--,PUNCT,punct,13221,geglaubt
13223,der,der,PRON,dep,13220,hätte
13224,Alp,Alp,PROPN,sb,13225,komme
13225,komme,kommen,VERB,ROOT,13225,komme
13226,",",--,PUNCT,punct,13225,komme
13227,mich,sich,PRON,oa,13229,würgen
13228,zu,zu,PART,pm,13229,würgen
13229,würgen,würgen,VERB,oc,13225,komme
13230,",",--,PUNCT,punct,13229,würgen
13231,als,als,SCONJ,cp,13233,eintrat
13232,sie,sie,PRON,sb,13233,eintrat
13233,eintrat,eintreten,VERB,mo,13229,würgen
13234,.,--,PUNCT,punct,13225,komme
13235,Sie,sie,PRON,sb,13236,war
13236,war,sein,AUX,ROOT,13236,war
13237,von,von,ADP,mo,13236,war
13238,oben,oben,ADV,nk,13237,von
13239,und,und,CCONJ,cd,13238,oben
13240,rings,rings,NOUN,cj,13239,und
13241,herum,herum,ADV,svp,13236,war
13242,eine,ein,DET,nk,13243,Borste
13243,Borste,Borste,NOUN,ROOT,13243,Borste
13244,",",--,PUNCT,punct,13243,Borste
13245,ein,ein,DET,nk,13246,Pelz
13246,Pelz,Pelz,NOUN,cj,13243,Borste
13247,und,und,CCONJ,cd,13246,Pelz
13248,eine,ein,DET,nk,13249,Quaste
13249,Quaste,Quaste,NOUN,cj,13247,und
13250,und,und,CCONJ,cd,13243,Borste
13251,sah,sehen,VERB,cj,13250,und
13252,darin,darin,ADV,mo,13251,sah
13253,aus,aus,ADP,svp,13251,sah
13254,wie,wie,ADP,cm,13256,Oberpriester
13255,der,der,DET,nk,13256,Oberpriester
13256,Oberpriester,Oberpriester,NOUN,mo,13251,sah
13257,der,der,DET,nk,13258,Stachelschweine
13258,Stachelschweine,Stachelschweine,NOUN,ROOT,13258,Stachelschweine
13259,.,--,PUNCT,punct,13258,Stachelschweine
13260,Sie,sie,PRON,sb,13261,ging
13261,ging,gehen,VERB,ROOT,13261,ging
13262,nicht,nicht,PART,ng,13261,ging
13263,",",--,PUNCT,punct,13264,lief
13264,lief,laufen,VERB,cj,13261,ging
13265,nicht,nicht,PART,ng,13264,lief
13266,",",--,PUNCT,punct,13264,lief
13267,hüpfte,hüpfte,VERB,sb,13264,lief
13268,nicht,nicht,PART,ng,13267,hüpfte
13269,",",--,PUNCT,punct,13267,hüpfte
13270,kroch,kroch,ADV,mo,13271,nicht
13271,nicht,nicht,PART,ng,13264,lief
13272,",",--,PUNCT,punct,13264,lief
13273,schwebte,schweben,VERB,ROOT,13273,schwebte
13274,nicht,nicht,PART,ng,13273,schwebte
13275,",",--,PUNCT,punct,13273,schwebte
13276,sie,sie,PRON,sb,13277,rutschte
13277,rutschte,rutschen,VERB,oc,13273,schwebte
13278,",",--,PUNCT,punct,13277,rutschte
13279,als,als,SCONJ,cm,13280,hätte
13280,hätte,haben,AUX,mo,13277,rutschte
13281,sie,sie,PRON,sb,13280,hätte
13282,Rollen,Rolle,NOUN,oa,13280,hätte
13283,unter,unter,ADP,mnr,13282,Rollen
13284,den,der,DET,nk,13285,Beinen
13285,Beinen,Bein,NOUN,nk,13283,unter
13286,wie,wie,ADP,cm,13287,großer
13287,großer,groß,ADV,mo,13280,hätte
13288,Herren,Herr,NOUN,ROOT,13288,Herren
13289,Studierstühle,Studierstühle,NOUN,nk,13288,Herren
13290,.,--,PUNCT,punct,13288,Herren
13291,Wie,wie,SCONJ,mo,13295,Braune
13292,die,der,DET,nk,13295,Braune
13293,kleine,klein,ADJ,nk,13295,Braune
13294,flinke,flink,ADJ,nk,13295,Braune
13295,Braune,Braune,NOUN,ROOT,13295,Braune
13296,hinter,hinter,ADP,mo,13298,drein
13297,ihr,ihr,PRON,nk,13296,hinter
13298,drein,drein,ADV,oc,13295,Braune
13299,und,und,CCONJ,cd,13298,drein
13300,um,um,ADP,cj,13299,und
13301,sie,sie,PRON,nk,13300,um
13302,her,her,ADP,mo,13303,schlüpfte
13303,schlüpfte,Schlüpft,NOUN,oc,13310,dachte
13304,",",--,PUNCT,punct,13303,schlüpfte
13305,um,um,SCONJ,cp,13308,bedienen
13306,sie,sie,PRON,oa,13308,bedienen
13307,zu,zu,PART,pm,13308,bedienen
13308,bedienen,bedienen,VERB,mo,13303,schlüpfte
13309,",",--,PUNCT,punct,13310,dachte
13310,dachte,denken,VERB,ROOT,13310,dachte
13311,ich,ich,PRON,sb,13310,dachte
13312,:,--,PUNCT,punct,13310,dachte
13313,so,so,ADV,mo,13314,mag
13314,mag,mögen,AUX,oc,13310,dachte
13315,des,der,DET,nk,13316,Erzfeinds
13316,Erzfeinds,Erzfeind,NOUN,ag,13317,Großmutter
13317,Großmutter,Großmutter,NOUN,sb,13314,mag
13318,aussehen,aussehen,VERB,ROOT,13318,aussehen
13319,und,und,CCONJ,cd,13318,aussehen
13320,die,der,DET,nk,13321,Schlange
13321,Schlange,Schlange,NOUN,cj,13319,und
13322,",",--,PUNCT,punct,13321,Schlange
13323,ihre,ihr,DET,nk,13324,Kammerjungfer
13324,Kammerjungfer,Kammerjungfer,NOUN,app,13321,Schlange
13325,.,--,PUNCT,punct,13318,aussehen
13326,›Mache,›Mache,PROPN,re,13331,Mitidika!‹
13327,mir,mir,PRON,da,13326,›Mache
13328,das,der,DET,nk,13329,Bett
13329,Bett,Bett,NOUN,oa,13326,›Mache
13330,",",--,PUNCT,punct,13331,Mitidika!‹
13331,Mitidika!‹,Mitidika!‹,PROPN,sb,13332,sagte
13332,sagte,sagen,VERB,ROOT,13332,sagte
13333,sie,sie,PRON,sb,13332,sagte
13334,",",--,PUNCT,punct,13332,sagte
13335,›und,›und,X,mo,13338,ruhe
13336,wenn,wenn,SCONJ,cp,13338,ruhe
13337,ich,ich,PRON,sb,13338,ruhe
13338,ruhe,ruhen,VERB,mo,13332,sagte
13339,",",--,PUNCT,punct,13338,ruhe
13340,kannst,Kannst,VERB,cj,13338,ruhe
13341,du,du,PRON,sb,13340,kannst
13342,die,der,PRON,oa,13332,sagte
13343,Gäste,Gast,NOUN,ROOT,13343,Gäste
13344,besorgen.‹,Besorgen.‹,ADV,pd,13343,Gäste
13345,Während,während,SCONJ,cp,13350,aufschüttelte
13346,das,der,DET,nk,13347,Mädchen
13347,Mädchen,Mädchen,NOUN,sb,13350,aufschüttelte
13348,die,der,DET,nk,13349,Kissen
13349,Kissen,Kisse,NOUN,oa,13350,aufschüttelte
13350,aufschüttelte,aufschüttelen,VERB,mo,13352,begann
13351,",",--,PUNCT,punct,13352,begann
13352,begann,beginnen,VERB,ROOT,13352,begann
13353,die,der,DET,nk,13354,Alte
13354,Alte,alt,ADJ,sb,13352,begann
13355,sich,sich,PRON,oa,13357,entkleiden
13356,zu,zu,PART,pm,13357,entkleiden
13357,entkleiden,entkleiden,VERB,ROOT,13357,entkleiden
13358,",",--,PUNCT,punct,13357,entkleiden
13359,und,und,CCONJ,cd,13357,entkleiden
13360,ich,ich,PRON,sb,13361,weiß
13361,weiß,wissen,VERB,cj,13359,und
13362,nicht,nicht,PART,ng,13361,weiß
13363,zu,zu,PART,pm,13364,sagen
13364,sagen,sagen,VERB,oc,13361,weiß
13365,",",--,PUNCT,punct,13364,sagen
13366,ob,ob,SCONJ,cp,13368,Kleidung
13367,ihre,ihr,DET,nk,13368,Kleidung
13368,Kleidung,Kleidung,NOUN,oc,13364,sagen
13369,oder,oder,CCONJ,cd,13368,Kleidung
13370,ihr,ihr,DET,nk,13371,Bett
13371,Bett,Bett,NOUN,cj,13369,oder
13372,aus,aus,ADP,mo,13375,bestand
13373,mehreren,mehrere,DET,nk,13374,Stücken
13374,Stücken,Stück,NOUN,nk,13372,aus
13375,bestand,bestehen,VERB,ROOT,13375,bestand
13376,.,--,PUNCT,punct,13375,bestand
13377,Sie,sie,PRON,sb,13378,zog
13378,zog,ziehen,VERB,ROOT,13378,zog
13379,einen,ein,DET,nk,13380,Schreckenswams
13380,Schreckenswams,Schreckenswam,NOUN,oa,13378,zog
13381,",",--,PUNCT,punct,13378,zog
13382,eine,ein,DET,nk,13383,Schauderjacke
13383,Schauderjacke,Schauderjacke,NOUN,oa,13378,zog
13384,und,und,CCONJ,ROOT,13384,und
13385,Zauberkapuze,Zauberkapuze,NOUN,cj,13384,und
13386,um,um,ADP,ROOT,13386,um
13387,die,der,DET,nk,13388,andre
13388,andre,Andre,NOUN,nk,13386,um
13389,aus,aus,ADP,mo,13386,um
13390,",",--,PUNCT,punct,13386,um
13391,und,und,CCONJ,cd,13386,um
13392,die,der,DET,nk,13394,Wand
13393,ganze,ganz,ADJ,nk,13394,Wand
13394,Wand,Wand,NOUN,cj,13391,und
13395,",",--,PUNCT,punct,13394,Wand
13396,an,an,ADP,mnr,13394,Wand
13397,der,der,PRON,nk,13396,an
13398,sie,sie,PRON,nk,13396,an
13399,die,der,DET,nk,13400,Schalen
13400,Schalen,Schal,NOUN,nk,13396,an
13401,aufhängte,aufhängen,VERB,sb,13403,ward
13402,",",--,PUNCT,punct,13403,ward
13403,ward,werden,VERB,ROOT,13403,ward
13404,eine,ein,DET,nk,13405,Art
13405,Art,Art,NOUN,sb,13403,ward
13406,Zeughaus,Zeughaus,NOUN,nk,13405,Art
13407,;,--,PUNCT,punct,13403,ward
13408,ich,ich,PRON,sb,13409,dachte
13409,dachte,denken,VERB,ROOT,13409,dachte
13410,alle,aller,DET,nk,13411,Augenblick
13411,Augenblick,Augenblick,NOUN,oa,13409,dachte
13412,:,--,PUNCT,punct,13409,dachte
13413,noch,noch,ADV,mo,13415,Hülse
13414,eine,ein,DET,nk,13415,Hülse
13415,Hülse,Hüls,NOUN,oa,13409,dachte
13416,herunter,herunter,ADV,mo,13419,liegt
13417,",",--,PUNCT,punct,13418,so
13418,so,so,ADV,mo,13419,liegt
13419,liegt,liegen,VERB,ROOT,13419,liegt
13420,ein,ein,DET,nk,13421,bißchen
13421,bißchen,bißchen,DET,nk,13422,Lung
13422,Lung,Lung,NOUN,sb,13419,liegt
13423,und,und,CCONJ,cd,13422,Lung
13424,Leber,Leber,NOUN,cj,13423,und
13425,an,an,ADP,mnr,13422,Lung
13426,der,der,DET,nk,13427,Erde
13427,Erde,Erde,NOUN,nk,13425,an
13428,",",--,PUNCT,punct,13422,Lung
13429,das,der,PRON,sb,13430,frißt
13430,frißt,fressen,VERB,rc,13419,liegt
13431,die,der,DET,nk,13432,Katze
13432,Katze,Katze,NOUN,oa,13430,frißt
13433,auf,auf,ADP,ROOT,13433,auf
13434,",",--,PUNCT,punct,13435,und
13435,und,und,CCONJ,ROOT,13435,und
13436,die,der,DET,nk,13437,Großmutter
13437,Großmutter,Großmutter,NOUN,sb,13438,ist
13438,ist,sein,AUX,cj,13435,und
13439,all,all,PRON,pd,13438,ist
13440,;,--,PUNCT,punct,13438,ist
13441,keine,kein,DET,nk,13442,Zwiebel
13442,Zwiebel,Zwiebel,NOUN,sb,13443,häutet
13443,häutet,häuten,VERB,ROOT,13443,häutet
13444,sich,sich,PRON,oa,13443,häutet
13445,so,so,ADV,mo,13446,oft
13446,oft,oft,ADV,mo,13443,häutet
13447,.,--,PUNCT,punct,13443,häutet
13448,Bei,bei,ADP,ROOT,13448,Bei
13449,jedem,jeder,DET,nk,13448,Bei
13450,Kissen,Kissen,NOUN,sb,13461,brummte
13451,",",--,PUNCT,punct,13450,Kissen
13452,welches,welcher,PRON,oa,13457,legte
13453,die,der,DET,nk,13454,Kleine
13454,Kleine,Kleine,NOUN,sb,13457,legte
13455,ins,in,ADP,mo,13457,legte
13456,Bett,Bett,NOUN,nk,13455,ins
13457,legte,legen,VERB,rc,13450,Kissen
13458,und,und,CCONJ,cd,13457,legte
13459,aufschüttelte,aufschüttelen,VERB,cj,13458,und
13460,",",--,PUNCT,punct,13461,brummte
13461,brummte,brummen,VERB,ROOT,13461,brummte
13462,die,der,DET,nk,13463,Alte
13463,Alte,alt,NOUN,oa,13461,brummte
13464,und,und,CCONJ,ju,13465,legte
13465,legte,legen,VERB,ROOT,13465,legte
13466,es,es,PRON,oa,13465,legte
13467,anders,anders,ADV,mo,13465,legte
13468,",",--,PUNCT,punct,13469,befahl
13469,befahl,befehlen,VERB,mo,13465,legte
13470,ihr,ihr,PRON,da,13469,befahl
13471,dann,dann,ADV,mo,13469,befahl
13472,",",--,PUNCT,punct,13469,befahl
13473,es,es,PRON,oa,13477,lassen
13474,ganz,ganz,ADV,mo,13475,sein
13475,sein,sein,AUX,oc,13477,lassen
13476,zu,zu,PART,pm,13477,lassen
13477,lassen,lassen,VERB,oc,13469,befahl
13478,und,und,CCONJ,cd,13477,lassen
13479,ihr,ihr,PRON,oa,13469,befahl
13480,ein,ein,DET,pd,13479,ihr
13481,Rauchbad,Rauchbad,NOUN,oa,13483,geben
13482,zu,zu,PART,pm,13483,geben
13483,geben,geben,VERB,ROOT,13483,geben
13484,",",--,PUNCT,punct,13483,geben
13485,sie,sie,PRON,sb,13486,müsse
13486,müsse,müssen,AUX,oc,13481,Rauchbad
13487,in,in,ADP,mo,13490,getreten
13488,einen,ein,DET,nk,13489,Ameisenhaufen
13489,Ameisenhaufen,Ameisenhaufe,NOUN,nk,13487,in
13490,getreten,treten,VERB,oc,13491,haben
13491,haben,haben,AUX,oc,13486,müsse
13492,;,--,PUNCT,punct,13486,müsse
13493,das,der,PRON,ROOT,13493,das
13494,Gewitter,Gewitter,NOUN,sb,13495,mache
13495,mache,machen,VERB,ROOT,13495,mache
13496,alles,alle,DET,nk,13497,Vieh
13497,Vieh,Vieh,NOUN,oa,13495,mache
13498,lebendig,lebendig,ADV,mo,13495,mache
13499,.,--,PUNCT,punct,13495,mache
13500,Da,da,ADV,mo,13501,setzte
13501,setzte,setzen,VERB,ROOT,13501,setzte
13502,sich,sich,PRON,oa,13501,setzte
13503,die,der,DET,nk,13504,Alte
13504,Alte,alte,NOUN,sb,13501,setzte
13505,auf,auf,ADP,mo,13501,setzte
13506,die,der,DET,nk,13507,zerbrochene
13507,zerbrochene,zerbrochen,ADJ,nk,13505,auf
13508,Leiter,Leiter,NOUN,ROOT,13508,Leiter
13509,und,und,CCONJ,cd,13508,Leiter
13510,hängte,hängen,VERB,cj,13509,und
13511,die,der,DET,nk,13513,Decke
13512,Tiroler,Tiroler,ADJ,nk,13513,Decke
13513,Decke,Decke,NOUN,oa,13510,hängte
13514,über,über,ADP,mo,13510,hängte
13515,sich,sich,PRON,nk,13514,über
13516,",",--,PUNCT,punct,13510,hängte
13517,und,und,CCONJ,cd,13510,hängte
13518,die,der,DET,nk,13519,junge
13519,junge,jung,ADJ,sb,13520,zündete
13520,zündete,zünden,VERB,cj,13517,und
13521,Kräuter,Kräuter,NOUN,oa,13520,zündete
13522,unter,unter,ADP,ROOT,13522,unter
13523,ihr,ihr,PRON,nk,13522,unter
13524,an,an,ADP,svp,13522,unter
13525,und,und,CCONJ,cd,13522,unter
13526,machte,machen,VERB,cj,13525,und
13527,einen,ein,DET,nk,13529,Qualm
13528,scheußlichen,scheußlich,ADJ,nk,13529,Qualm
13529,Qualm,Qualm,NOUN,oa,13526,machte
13530,",",--,PUNCT,punct,13529,Qualm
13531,den,der,PRON,oa,13526,machte
13532,sie,sie,PRON,sb,13533,uns
13533,uns,uns,PRON,oc,13531,den
13534,",",--,PUNCT,punct,13526,machte
13535,da,da,SCONJ,cp,13536,sie
13536,sie,sie,PRON,ROOT,13536,sie
13537,von,von,ADP,pg,13536,sie
13538,neuem,neu,ADJ,nk,13537,von
13539,anfing,Anfing,VERB,ROOT,13539,anfing
13540,",",--,PUNCT,punct,13539,anfing
13541,die,der,DET,nk,13542,Federbetten
13542,Federbetten,Federbette,NOUN,oa,13547,werfen
13543,hin,hin,ADV,mo,13547,werfen
13544,und,und,CCONJ,cd,13543,hin
13545,her,her,ADV,cj,13544,und
13546,zu,zu,PART,pm,13547,werfen
13547,werfen,werfen,VERB,oc,13539,anfing
13548,",",--,PUNCT,punct,13539,anfing
13549,in,in,ADP,mo,13539,anfing
13550,dicken,dick,ADJ,nk,13551,Wolken
13551,Wolken,Wolke,NOUN,nk,13549,in
13552,auf,auf,ADP,mo,13539,anfing
13553,den,der,DET,nk,13554,Leib
13554,Leib,Leib,NOUN,nk,13552,auf
13555,jagte,jagen,VERB,ROOT,13555,jagte
13556,",",--,PUNCT,punct,13555,jagte
13557,als,als,SCONJ,cm,13558,gehörten
13558,gehörten,gehören,VERB,mo,13555,jagte
13559,wir,wir,PRON,sb,13558,gehörten
13560,auch,auch,ADV,mo,13558,gehörten
13561,zu,zu,ADP,op,13558,gehörten
13562,den,der,DET,nk,13563,Ameisen
13563,Ameisen,Ameise,NOUN,nk,13561,zu
13564,",",--,PUNCT,punct,13558,gehörten
13565,die,der,PRON,sb,13568,sollten
13566,vertrieben,vertreiben,VERB,oc,13567,werden
13567,werden,werden,AUX,oc,13568,sollten
13568,sollten,sollen,AUX,rc,13563,Ameisen
13569,.,--,PUNCT,punct,13555,jagte
13570,Es,es,PRON,ROOT,13570,Es
13571,sah,sehen,VERB,ROOT,13571,sah
13572,ziemlich,ziemlich,ADV,mo,13571,sah
13573,aus,aus,ADP,svp,13571,sah
13574,",",--,PUNCT,punct,13571,sah
13575,als,als,SCONJ,cm,13580,verbrennte
13576,wenn,wenn,SCONJ,cp,13580,verbrennte
13577,man,man,PRON,sb,13580,verbrennte
13578,eine,ein,DET,nk,13579,Hexe
13579,Hexe,Hexe,NOUN,oa,13580,verbrennte
13580,verbrennte,verbrennen,VERB,mo,13571,sah
13581,oder,oder,CCONJ,cd,13580,verbrennte
13582,einen,ein,DET,nk,13583,ungeheuren
13583,ungeheuren,ungeheuer,ADJ,cj,13581,oder
13584,Taschenkrebs,Taschenkrebs,PROPN,sb,13585,räuchre
13585,räuchre,räuchren,VERB,ROOT,13585,räuchre
13586,",",--,PUNCT,punct,13585,räuchre
13587,als,als,SCONJ,cm,13589,Alte
13588,die,der,DET,nk,13589,Alte
13589,Alte,Alte,NOUN,mo,13585,räuchre
13590,so,so,ADV,mo,13591,über
13591,über,über,ADP,mo,13589,Alte
13592,dem,der,DET,nk,13593,Dampf
13593,Dampf,Dampf,NOUN,nk,13591,über
13594,wie,wie,ADP,cm,13596,Mumie
13595,eine,ein,DET,nk,13596,Mumie
13596,Mumie,Mumie,NOUN,cc,13593,Dampf
13597,",",--,PUNCT,punct,13596,Mumie
13598,in,in,ADP,mo,13585,räuchre
13599,den,der,PRON,nk,13598,in
13600,bunten,bunt,ADJ,nk,13601,Tiroler
13601,Tiroler,Tiroler,NOUN,da,13603,gehüllt
13602,Teppich,Teppich,NOUN,nk,13601,Tiroler
13603,gehüllt,hüllen,VERB,ROOT,13603,gehüllt
13604,",",--,PUNCT,punct,13603,gehüllt
13605,auf,auf,ADP,mo,13608,saß
13606,der,der,DET,nk,13607,Leiter
13607,Leiter,Leiter,NOUN,nk,13605,auf
13608,saß,sitzen,VERB,oc,13603,gehüllt
13609,.,--,PUNCT,punct,13603,gehüllt
13610,«,--,PUNCT,punct,13603,gehüllt
13611,»,--,PUNCT,punct,13613,sieht
13612,Da,da,ADV,mo,13613,sieht
13613,sieht,sehen,VERB,oc,13619,sprach
13614,man,man,PRON,sb,13613,sieht
13615,",",--,PUNCT,punct,13613,sieht
13616,Wastl,Wastl,PROPN,oa,13613,sieht
13617,«,--,PUNCT,punct,13613,sieht
13618,",",--,PUNCT,punct,13619,sprach
13619,sprach,sprechen,VERB,ROOT,13619,sprach
13620,der,der,DET,nk,13621,Zigeuner
13621,Zigeuner,Zigeuner,NOUN,sb,13619,sprach
13622,zu,zu,ADP,mo,13619,sprach
13623,dem,der,DET,nk,13624,Tiroler
13624,Tiroler,Tiroler,NOUN,nk,13622,zu
13625,",",--,PUNCT,punct,13619,sprach
13626,»,--,PUNCT,punct,13619,sprach
13627,wozu,wozu,SCONJ,op,13629,die
13628,ihr,ihr,PRON,nk,13627,wozu
13629,die,der,PRON,dep,13619,sprach
13630,Teppiche,Teppich,NOUN,sb,13631,fabriziert
13631,fabriziert,fabrizieren,VERB,ROOT,13631,fabriziert
13632,:,--,PUNCT,punct,13631,fabriziert
13633,um,um,SCONJ,cp,13638,räuchern
13634,die,der,DET,nk,13635,Hexen
13635,Hexen,Hexe,NOUN,oa,13638,räuchern
13636,darin,darin,ADV,mo,13638,räuchern
13637,zu,zu,PART,pm,13638,räuchern
13638,räuchern,räuchern,VERB,mo,13631,fabriziert
13639,.,--,PUNCT,punct,13631,fabriziert
13640,«,--,PUNCT,punct,13631,fabriziert
13641,–,--,PUNCT,punct,13643,Potz
13642,»,--,PUNCT,punct,13643,Potz
13643,Potz,Potz,PROPN,ROOT,13643,Potz
13644,Schlakri,Schlakri,NOUN,pnc,13643,Potz
13645,«,--,PUNCT,punct,13643,Potz
13646,",",--,PUNCT,punct,13643,Potz
13647,erwiderte,erwidern,ADJ,nk,13648,Wastl
13648,Wastl,Wastl,PROPN,re,13658,so
13649,",",--,PUNCT,punct,13648,Wastl
13650,»,--,PUNCT,punct,13651,wonn's
13651,wonn's,wonn's,VERB,oc,13648,Wastl
13652,daine,dain,ADJ,nk,13655,Großmuetta
13653,sakrische,sakrisch,ADJ,nk,13655,Großmuetta
13654,ziganerische,ziganerisch,ADJ,nk,13655,Großmuetta
13655,Großmuetta,Großmuetta,X,sb,13651,wonn's
13656,is,--,X,uc,13651,wonn's
13657,",",--,PUNCT,punct,13658,so
13658,so,so,ADV,mo,13659,loß
13659,loß,loß,VERB,ROOT,13659,loß
13660,i's,i's,PROPN,sb,13659,loß
13661,poassiera,Poassiera,PROPN,ROOT,13661,poassiera
13662,;,--,PUNCT,punct,13661,poassiera
13663,i,i,X,sb,13664,bin
13664,bin,sein,AUX,ROOT,13664,bin
13665,gawis,gawis,ADV,pd,13664,bin
13666,",",--,PUNCT,punct,13664,bin
13667,es,es,PRON,nk,13671,Spodifankerl
13668,möga,Möga,PROPN,pnc,13671,Spodifankerl
13669,a,a,PROPN,pnc,13671,Spodifankerl
13670,Legion,Legion,PROPN,pnc,13671,Spodifankerl
13671,Spodifankerl,Spodifankerl,PROPN,cj,13664,bin
13672,aus,aus,ADP,mnr,13671,Spodifankerl
13673,ihr,ihr,DET,nk,13675,floga
13674,raussi,Raussi,PROPN,pnc,13675,floga
13675,floga,floga,PROPN,nk,13672,aus
13676,sein,sein,AUX,pd,13680,bist
13677,",",--,PUNCT,punct,13678,un
13678,un,un,PROPN,sb,13680,bist
13679,du,du,PRON,sb,13680,bist
13680,bist,sein,AUX,ROOT,13680,bist
13681,a,a,PROPN,mo,13680,bist
13682,ains,ains,PROPN,mo,13680,bist
13683,dervo,dervo,PROPN,oa,13680,bist
13684,.,--,PUNCT,punct,13680,bist
13685,«,--,PUNCT,punct,13680,bist
13686,Die,der,DET,nk,13687,Gesellschaft
13687,Gesellschaft,Gesellschaft,NOUN,sb,13688,lachte
13688,lachte,lachen,VERB,ROOT,13688,lachte
13689,über,über,ADP,mo,13688,lachte
13690,Wastls,Wastl,PROPN,ag,13691,Antwort
13691,Antwort,Antwort,NOUN,nk,13689,über
13692,",",--,PUNCT,punct,13688,lachte
13693,und,und,CCONJ,ju,13699,baten
13694,die,der,DET,nk,13695,Kammerjungfer
13695,Kammerjungfer,Kammerjungfer,NOUN,sb,13699,baten
13696,wie,wie,CCONJ,cd,13695,Kammerjungfer
13697,auch,auch,ADV,mo,13698,Lindpeindler
13698,Lindpeindler,Lindpeindler,NOUN,cj,13696,wie
13699,baten,baen,VERB,ROOT,13699,baten
13700,den,der,DET,nk,13701,Feuerwerker
13701,Feuerwerker,Feuerwerker,NOUN,oa,13699,baten
13702,:,--,PUNCT,punct,13699,baten
13703,er,er,PRON,sb,13704,möge
13704,möge,mögen,AUX,ROOT,13704,möge
13705,machen,machen,VERB,ROOT,13705,machen
13706,",",--,PUNCT,punct,13705,machen
13707,daß,daß,SCONJ,cp,13712,komme
13708,die,der,DET,nk,13709,Alte
13709,Alte,alt,NOUN,sb,13712,komme
13710,ins,in,ADP,mo,13712,komme
13711,Bett,Bett,NOUN,nk,13710,ins
13712,komme,kommen,VERB,oc,13705,machen
13713,",",--,PUNCT,punct,13712,komme
13714,die,der,DET,nk,13715,Schnepfen
13715,Schnepfen,Schnepf,NOUN,sb,13716,könnten
13716,könnten,können,AUX,cj,13712,komme
13717,übergar,übergar,ADV,mo,13718,werden
13718,werden,werden,AUX,oc,13716,könnten
13719,.,--,PUNCT,punct,13705,machen
13720,»,--,PUNCT,punct,13722,recht
13721,Ganz,ganz,ADV,mo,13722,recht
13722,recht,recht,ADV,oc,13725,sagte
13723,«,--,PUNCT,punct,13722,recht
13724,",",--,PUNCT,punct,13725,sagte
13725,sagte,sagen,VERB,ROOT,13725,sagte
13726,Baciochi,Baciochi,PROPN,sb,13725,sagte
13727,",",--,PUNCT,punct,13725,sagte
13728,»,--,PUNCT,punct,13730,meinte
13729,das,der,DET,oa,13730,meinte
13730,meinte,meinen,VERB,oc,13725,sagte
13731,Martino,Martino,PROPN,sb,13730,meinte
13732,auch,auch,ADV,mo,13730,meinte
13733,;,--,PUNCT,punct,13725,sagte
13734,denn,denn,CCONJ,ju,13735,als
13735,als,als,SCONJ,ROOT,13735,als
13736,der,der,DET,nk,13737,sie
13737,sie,sie,PRON,nk,13735,als
13738,in,in,ADP,mnr,13737,sie
13739,der,der,DET,nk,13738,in
13740,Decke,Decke,NOUN,oa,13741,zappeln
13741,zappeln,zappeln,VERB,oc,13742,sah
13742,sah,sehen,VERB,ROOT,13742,sah
13743,wie,wie,ADP,cm,13744,Hunde
13744,Hunde,Hund,NOUN,mo,13742,sah
13745,und,und,CCONJ,cd,13744,Hunde
13746,Katzen,Katze,NOUN,cj,13745,und
13747,",",--,PUNCT,punct,13746,Katzen
13748,die,der,PRON,sb,13753,sind
13749,in,in,ADP,mo,13752,gesteckt
13750,einen,ein,DET,nk,13751,Sack
13751,Sack,Sack,NOUN,nk,13749,in
13752,gesteckt,stecken,VERB,pd,13753,sind
13753,sind,sein,AUX,rc,13746,Katzen
13754,",",--,PUNCT,punct,13742,sah
13755,und,und,CCONJ,cd,13742,sah
13756,der,der,DET,nk,13757,Rauch
13757,Rauch,Rauch,NOUN,sb,13762,begann
13758,zu,zu,PART,mo,13759,dick
13759,dick,dick,ADV,mo,13761,werden
13760,zu,zu,PART,pm,13761,werden
13761,werden,werden,AUX,oc,13762,begann
13762,begann,beginnen,VERB,mo,13764,sprang
13763,",",--,PUNCT,punct,13764,sprang
13764,sprang,springen,VERB,ROOT,13764,sprang
13765,er,er,PRON,sb,13764,sprang
13766,vom,von,ADP,mo,13764,sprang
13767,Stroh,Stroh,PROPN,nk,13766,vom
13768,auf,auf,ADP,svp,13764,sprang
13769,",",--,PUNCT,punct,13770,trat
13770,trat,treten,VERB,cj,13764,sprang
13771,vor,vor,ADP,mo,13770,trat
13772,die,der,DET,nk,13773,Alte
13773,Alte,Alte,NOUN,nk,13771,vor
13774,hin,hin,ADV,mo,13783,versichere
13775,und,und,CCONJ,cd,13774,hin
13776,sagte,sagen,VERB,cj,13775,und
13777,:,--,PUNCT,punct,13783,versichere
13778,›Hochverehrte,›Hochverehrte,PROPN,vo,13783,versichere
13779,Frau,Frau,NOUN,sb,13778,›Hochverehrte
13780,Wirtin,Wirtin,NOUN,nk,13779,Frau
13781,",",--,PUNCT,punct,13783,versichere
13782,ich,ich,PRON,sb,13783,versichere
13783,versichere,versicheren,VERB,ROOT,13783,versichere
13784,Euch,euch,PRON,oa,13783,versichere
13785,im,in,ADP,mo,13783,versichere
13786,Namen,Name,NOUN,nk,13785,im
13787,Eurer,Eurer,DET,nk,13786,Namen
13788,Gäste,Gast,NOUN,ROOT,13788,Gäste
13789,",",--,PUNCT,punct,13788,Gäste
13790,daß,daß,SCONJ,cp,13797,haben
13791,wir,wir,PRON,sb,13797,haben
13792,kein,kein,DET,nk,13793,Rauchfleisch
13793,Rauchfleisch,Rauchfleisch,NOUN,oa,13795,essen
13794,zu,zu,PART,pm,13795,essen
13795,essen,essen,VERB,oc,13796,bestellt
13796,bestellt,bestellen,VERB,oc,13797,haben
13797,haben,haben,AUX,oc,13788,Gäste
13798,",",--,PUNCT,punct,13797,haben
13799,und,und,CCONJ,cd,13797,haben
13800,daß,daß,SCONJ,cp,13803,von
13801,wir,wir,PRON,sb,13803,von
13802,auch,auch,ADV,mo,13803,von
13803,von,von,ADP,cj,13799,und
13804,keinem,kein,DET,nk,13806,Orte
13805,verpesteten,verpestet,ADJ,nk,13806,Orte
13806,Orte,Ort,NOUN,da,13807,kommen
13807,kommen,kommen,VERB,ROOT,13807,kommen
13808,",",--,PUNCT,punct,13807,kommen
13809,um,um,SCONJ,mo,13807,kommen
13810,eines,ein,DET,nk,13813,Rauchkerzchens
13811,so,so,ADV,mo,13812,kostbaren
13812,kostbaren,kostbar,ADJ,nk,13813,Rauchkerzchens
13813,Rauchkerzchens,Rauchkerzchen,NOUN,nk,13809,um
13814,zu,zu,ADP,svp,13807,kommen
13815,bedürfen,bedürfen,VERB,ROOT,13815,bedürfen
13816,;,--,PUNCT,punct,13815,bedürfen
13817,seid,sein,AUX,ROOT,13817,seid
13818,so,so,ADV,mo,13819,gütig
13819,gütig,gütig,ADV,pd,13817,seid
13820,",",--,PUNCT,punct,13819,gütig
13821,dem,der,DET,nk,13822,Wohlgeruch
13822,Wohlgeruch,Wohlgeruch,NOUN,da,13826,machen
13823,ein,ein,DET,nk,13824,Ende
13824,Ende,Ende,NOUN,oa,13826,machen
13825,zu,zu,PART,pm,13826,machen
13826,machen,machen,VERB,oc,13828,wir
13827,",",--,PUNCT,punct,13817,seid
13828,wir,wir,PRON,sb,13829,müssen
13829,müssen,müssen,AUX,cj,13817,seid
13830,sonst,sonst,ADV,mo,13829,müssen
13831,mit,mit,ADP,mo,13840,davonlaufen.‹
13832,all,all,DET,nk,13834,Ameisen
13833,den,der,DET,nk,13834,Ameisen
13834,Ameisen,Ameise,NOUN,nk,13831,mit
13835,",",--,PUNCT,punct,13834,Ameisen
13836,die,der,PRON,sb,13838,plagen
13837,Euch,euch,PRON,oa,13838,plagen
13838,plagen,plagen,VERB,rc,13834,Ameisen
13839,",",--,PUNCT,punct,13838,plagen
13840,davonlaufen.‹,davonlaufen.‹,NOUN,ROOT,13840,davonlaufen.‹
13841,Da,da,ADV,mo,13842,fing
13842,fing,fing,VERB,ROOT,13842,fing
13843,die,der,DET,nk,13844,Alte
13844,Alte,alt,NOUN,sb,13842,fing
13845,eine,ein,DET,oa,13842,fing
13846,weitläufige,weitläufig,ADJ,nk,13847,Gegenrede
13847,Gegenrede,Gegenred,NOUN,ROOT,13847,Gegenrede
13848,an,an,ADP,svp,13847,Gegenrede
13849,und,und,CCONJ,cd,13847,Gegenrede
13850,sagte,sagen,VERB,cj,13849,und
13851,:,--,PUNCT,punct,13850,sagte
13852,›Schicksalen,›Schicksalen,PROPN,sb,13855,haben
13853,und,und,CCONJ,cd,13852,›Schicksalen
13854,Verhältnissen,Verhältnis,NOUN,cj,13853,und
13855,haben,haben,AUX,oc,13850,sagte
13856,mich,mich,PRON,oa,13855,haben
13857,so,so,ADV,mo,13858,weit
13858,weit,weit,ADV,mo,13859,gebracht.‹
13859,gebracht.‹,gebracht.‹,NOUN,sb,13862,nahm
13860,Martino,Martino,PROPN,nk,13859,gebracht.‹
13861,aber,aber,ADV,mo,13859,gebracht.‹
13862,nahm,nehmen,VERB,ROOT,13862,nahm
13863,keine,kein,DET,nk,13864,Vernunft
13864,Vernunft,Vernunft,NOUN,oa,13862,nahm
13865,an,an,ADP,svp,13862,nahm
13866,",",--,PUNCT,punct,13862,nahm
13867,packte,packen,VERB,cj,13862,nahm
13868,die,der,DET,nk,13869,Alte
13869,Alte,alte,NOUN,oa,13867,packte
13870,mit,mit,ADP,svp,13867,packte
13871,beiden,beide,DET,nk,13872,Händen
13872,Händen,Hand,NOUN,ROOT,13872,Händen
13873,und,und,CCONJ,cd,13872,Händen
13874,warf,werfen,VERB,cj,13873,und
13875,sie,sie,PRON,oa,13874,warf
13876,von,von,ADP,mo,13874,warf
13877,der,der,DET,nk,13878,Leiter
13878,Leiter,Leiter,NOUN,nk,13876,von
13879,in,in,ADP,mo,13874,warf
13880,ihre,ihr,DET,nk,13881,Federbetten
13881,Federbetten,Federbette,NOUN,nk,13879,in
13882,;,--,PUNCT,punct,13872,Händen
13883,sie,sie,PRON,sb,13884,zappelte
13884,zappelte,zappelen,VERB,ROOT,13884,zappelte
13885,wie,wie,ADP,cd,13884,zappelte
13886,eine,ein,DET,nk,13887,Meerspinne
13887,Meerspinne,Meerspinne,NOUN,ROOT,13887,Meerspinne
13888,",",--,PUNCT,punct,13887,Meerspinne
13889,aber,aber,CCONJ,cd,13887,Meerspinne
13890,er,er,PRON,sb,13891,wälzte
13891,wälzte,wälzten,VERB,cj,13889,aber
13892,ein,ein,DET,nk,13893,Federbett
13893,Federbett,Federbett,NOUN,oa,13891,wälzte
13894,über,über,ADP,mnr,13893,Federbett
13895,sie,sie,PRON,nk,13894,über
13896,und,und,CCONJ,cd,13891,wälzte
13897,sang,singen,VERB,cj,13896,und
13898,ihr,ihr,PRON,da,13897,sang
13899,ein,ein,DET,svp,13897,sang
13900,Wiegenlied,Wiegenlied,NOUN,ROOT,13900,Wiegenlied
13901,mit,mit,ADP,mnr,13900,Wiegenlied
13902,so,so,ADV,mo,13903,viel
13903,viel,viel,DET,mo,13904,gutem
13904,gutem,gut,ADJ,nk,13905,Humor
13905,Humor,Humor,NOUN,nk,13901,mit
13906,vor,vor,ADP,svp,13900,Wiegenlied
13907,",",--,PUNCT,punct,13900,Wiegenlied
13908,indem,indem,SCONJ,cp,13910,sie
13909,er,er,PRON,sb,13910,sie
13910,sie,sie,PRON,mo,13900,Wiegenlied
13911,mit,mit,ADP,mnr,13910,sie
13912,beiden,beide,DET,nk,13913,Händen
13913,Händen,Hand,NOUN,nk,13911,mit
13914,festhielt,festhielen,VERB,ROOT,13914,festhielt
13915,",",--,PUNCT,punct,13914,festhielt
13916,daß,daß,SCONJ,cp,13920,mit
13917,sie,sie,PRON,sb,13920,mit
13918,endlich,endlich,ADV,mo,13920,mit
13919,selbst,selbst,ADV,mo,13920,mit
13920,mit,mit,ADP,oc,13914,festhielt
13921,lachte,lachen,ADJ,nk,13920,mit
13922,und,und,CCONJ,cd,13914,festhielt
13923,sagte,sagen,VERB,cj,13922,und
13924,:,--,PUNCT,punct,13923,sagte
13925,›Nun,›Nun,PROPN,mo,13927,legt
13926,",",--,PUNCT,punct,13927,legt
13927,legt,legen,VERB,oc,13923,sagte
13928,Euch,euch,PRON,oa,13927,legt
13929,nur,nur,ADV,mo,13927,legt
13930,wieder,wieder,ADV,mo,13937,gedacht
13931,nieder,nieder,ADV,mo,13937,gedacht
13932,",",--,PUNCT,punct,13933,hätte
13933,hätte,haben,AUX,ROOT,13933,hätte
13934,ich,ich,PRON,sb,13933,hätte
13935,doch,doch,ADV,mo,13937,gedacht
13936,nicht,nicht,PART,ng,13937,gedacht
13937,gedacht,denken,VERB,oc,13933,hätte
13938,",",--,PUNCT,punct,13937,gedacht
13939,heute,heute,ADV,mo,13933,hätte
13940,von,von,ADP,sbp,13937,gedacht
13941,einem,ein,DET,nk,13943,lustigen
13942,so,so,ADV,mo,13943,lustigen
13943,lustigen,lustig,ADJ,nk,13940,von
13944,Gesellen,Geselle,NOUN,oa,13947,gebracht
13945,zu,zu,ADP,mo,13947,gebracht
13946,Bette,Bette,NOUN,nk,13945,zu
13947,gebracht,bringen,VERB,oc,13949,werden
13948,zu,zu,PART,pm,13949,werden
13949,werden,werden,AUX,ROOT,13949,werden
13950,.,--,PUNCT,punct,13949,werden
13951,Mitidika,Mitidika,PROPN,sb,13953,gib
13952,",",--,PUNCT,punct,13953,gib
13953,gib,gib,VERB,ROOT,13953,gib
13954,den,der,DET,nk,13955,Kavalieren
13955,Kavalieren,Kavaliere,NOUN,da,13953,gib
13956,zu,zu,ADP,mnr,13955,Kavalieren
13957,essen!‹,essen!‹,NOUN,nk,13956,zu
13958,Und,und,CCONJ,ju,13960,kriegte
13959,somit,somit,ADV,mo,13960,kriegte
13960,kriegte,kriegen,VERB,ROOT,13960,kriegte
13961,sie,sie,PRON,sb,13960,kriegte
13962,den,der,DET,nk,13963,Martino
13963,Martino,Martino,NOUN,oa,13960,kriegte
13964,beim,bei,ADP,mnr,13963,Martino
13965,Kopf,Kopf,NOUN,nk,13964,beim
13966,und,und,CCONJ,cd,13960,kriegte
13967,gab,geben,VERB,cj,13966,und
13968,ihm,ihm,PRON,da,13967,gab
13969,unter,unter,ADP,mo,13967,gab
13970,großem,groß,ADJ,nk,13971,Gelächter
13971,Gelächter,Gelächter,NOUN,nk,13969,unter
13972,einen,ein,DET,nk,13973,Kuß
13973,Kuß,Kuß,NOUN,ROOT,13973,Kuß
13974,.,--,PUNCT,punct,13973,Kuß
13975,›Profiziat!‹,›Profiziat!‹,PROPN,sb,13976,sprach
13976,sprach,sprechen,VERB,ROOT,13976,sprach
13977,dieser,dieser,PRON,da,13976,sprach
13978,",",--,PUNCT,punct,13977,dieser
13979,›schlaf,›schlaf,PROPN,app,13977,dieser
13980,wohl,wohl,ADV,mo,13976,sprach
13981,",",--,PUNCT,punct,13976,sprach
13982,du,du,PRON,oa,13976,sprach
13983,allerschönster,allerschönst,ADJ,nk,13984,Schatz!‹
13984,Schatz!‹,Schatz!‹,NOUN,punct,13976,sprach
13985,und,und,CCONJ,ju,13986,legte
13986,legte,legen,VERB,ROOT,13986,legte
13987,sich,sich,PRON,oa,13986,legte
13988,mit,mit,ADP,mo,13986,legte
13989,einem,ein,DET,nk,13991,Gesichte
13990,sauern,sauern,ADV,nk,13991,Gesichte
13991,Gesichte,Gesicht,NOUN,nk,13988,mit
13992,wieder,wieder,ADV,mo,13986,legte
13993,neben,neben,ADP,mo,13986,legte
13994,mich,mich,PRON,nk,13993,neben
13995,.,--,PUNCT,punct,13986,legte
13996,›Gott,›Gott,NOUN,sb,13997,sei
13997,sei,sein,AUX,ROOT,13997,sei
13998,Dank,Dank,NOUN,pd,13997,sei
13999,",",--,PUNCT,punct,13997,sei
14000,Martino,Martino,PROPN,ROOT,14000,Martino
14001,",",--,PUNCT,punct,14000,Martino
14002,daß,daß,SCONJ,cp,14006,flüsterte
14003,sie,sie,PRON,oa,14006,flüsterte
14004,weg,weg,ADV,mo,14006,flüsterte
14005,ist!‹,ist!‹,NOUN,nk,14004,weg
14006,flüsterte,flüstern,VERB,sb,14000,Martino
14007,ich,ich,PRON,sb,14006,flüsterte
14008,.,--,PUNCT,punct,14000,Martino
14009,›Hast,›Hast,X,pnc,14010,du
14010,du,du,PRON,sb,14011,gewacht
14011,gewacht,wachen,VERB,ROOT,14011,gewacht
14012,",",--,PUNCT,punct,14011,gewacht
14013,Meister?‹,Meister?‹,PROPN,oa,14014,sprach
14014,sprach,sprechen,VERB,oc,14011,gewacht
14015,der,der,DET,nk,14016,Schelm
14016,Schelm,Schelm,NOUN,ROOT,14016,Schelm
14017,.,--,PUNCT,punct,14016,Schelm
14018,›Leider,›Leider,PROPN,nk,14019,Gottes!‹
14019,Gottes!‹,Gottes!‹,NOUN,oa,14020,erwiderte
14020,erwiderte,erwidern,VERB,ROOT,14020,erwiderte
14021,ich,ich,PRON,sb,14020,erwiderte
14022,",",--,PUNCT,punct,14020,erwiderte
14023,›du,›du,PUNCT,sb,14024,hast
14024,hast,haben,AUX,oc,14020,erwiderte
14025,ein,ein,DET,nk,14026,Kunststück
14026,Kunststück,Kunststück,NOUN,sb,14024,hast
14027,gemacht,machen,VERB,oc,14024,hast
14028,;,--,PUNCT,punct,14020,erwiderte
14029,sie,sie,PRON,sb,14030,rauchte
14030,rauchte,rauchen,VERB,ROOT,14030,rauchte
14031,wie,wie,ADP,cm,14034,Feuerwerk
14032,ein,ein,DET,nk,14034,Feuerwerk
14033,nasses,nass,ADJ,nk,14034,Feuerwerk
14034,Feuerwerk,Feuerwerk,NOUN,mo,14030,rauchte
14035,;,--,PUNCT,punct,14030,rauchte
14036,für,für,ADP,mo,14039,wäre
14037,einen,ein,DET,nk,14038,Hutmacher
14038,Hutmacher,Hutmacher,NOUN,nk,14036,für
14039,wäre,sein,AUX,ROOT,14039,wäre
14040,sie,sie,PRON,sb,14039,wäre
14041,ein,ein,DET,nk,14042,sauberes
14042,sauberes,sauberes,ADJ,pd,14039,wäre
14043,Gestell,Gestell,ADV,ROOT,14043,Gestell
14044,",",--,PUNCT,punct,14043,Gestell
14045,alle,aller,PRON,sb,14049,aufzuhängen
14046,seine,sein,DET,nk,14047,Mützen
14047,Mützen,Mütze,NOUN,oa,14049,aufzuhängen
14048,daran,daran,ADV,mo,14049,aufzuhängen
14049,aufzuhängen,aufzuhängen,VERB,rc,14043,Gestell
14050,",",--,PUNCT,punct,14049,aufzuhängen
14051,er,er,PRON,sb,14052,brauchte
14052,brauchte,brauchen,VERB,cj,14043,Gestell
14053,keinen,kein,DET,nk,14054,Nagel
14054,Nagel,Nagel,NOUN,oa,14052,brauchte
14055,einzuschlagen.‹,einzuschlagen.‹,NOUN,sb,14058,werde
14056,–,--,PUNCT,punct,14055,einzuschlagen.‹
14057,›Ich,›Ich,ADV,cj,14055,einzuschlagen.‹
14058,werde,werden,AUX,ROOT,14058,werde
14059,mich,mich,PRON,oa,14061,häuten
14060,wohl,wohl,ADV,mo,14062,müssen
14061,häuten,häuten,VERB,oc,14062,müssen
14062,müssen,müssen,AUX,oc,14058,werde
14063,",",--,PUNCT,punct,14062,müssen
14064,da,da,SCONJ,cp,14067,geküßt
14065,sie,sie,PRON,sb,14067,geküßt
14066,mich,mich,PRON,oa,14067,geküßt
14067,geküßt,küßen,VERB,mo,14062,müssen
14068,hat‹,Hat‹,PROPN,mo,14067,geküßt
14069,",",--,PUNCT,punct,14058,werde
14070,sagte,sagen,VERB,ROOT,14070,sagte
14071,Martino,Martino,PROPN,sb,14070,sagte
14072,.,--,PUNCT,punct,14070,sagte
14073,›Warum?‹,›Warum?‹,PROPN,sb,14074,fragte
14074,fragte,fragen,VERB,ROOT,14074,fragte
14075,ich,ich,PRON,sb,14074,fragte
14076,.,--,PUNCT,punct,14074,fragte
14077,›Ei‹,›Ei‹,PROPN,sb,14083,werde
14078,",",--,PUNCT,punct,14079,entgegnete
14079,entgegnete,entgegnen,VERB,ROOT,14079,entgegnete
14080,er,er,PRON,sb,14079,entgegnete
14081,",",--,PUNCT,punct,14079,entgegnete
14082,›ich,›ich,PROPN,da,14083,werde
14083,werde,werden,AUX,oc,14079,entgegnete
14084,sonst,sonst,ADV,mo,14083,werde
14085,die,der,DET,sb,14083,werde
14086,Augen,Auge,NOUN,sb,14090,können
14087,nie,nie,ADV,mo,14089,zukriegen
14088,wieder,wieder,ADV,mo,14089,zukriegen
14089,zukriegen,zukriegen,VERB,oc,14090,können
14090,können,können,AUX,ROOT,14090,können
14091,und,und,CCONJ,cd,14090,können
14092,die,der,DET,nk,14093,Zähne
14093,Zähne,Zahn,NOUN,oa,14095,blecken
14094,immer,immer,ADV,mo,14095,blecken
14095,blecken,blecken,VERB,cj,14091,und
14096,wie,wie,ADP,cm,14098,Mops
14097,ein,ein,DET,nk,14098,Mops
14098,Mops,Mops,NOUN,cc,14094,immer
14099,;,--,PUNCT,punct,14090,können
14100,die,der,PRON,ROOT,14100,die
14101,Haut,Haut,PROPN,sb,14102,ist
14102,ist,sein,AUX,ROOT,14102,ist
14103,mir,mir,PRON,da,14113,hörten
14104,vor,vor,ADP,mo,14113,hörten
14105,Schrecken,Schrecken,NOUN,nk,14104,vor
14106,zu,zu,PART,cj,14113,hörten
14107,kurz,kurz,ADV,mo,14108,geworden.‹
14108,geworden.‹,geworden.‹,ADV,nk,14106,zu
14109,–,--,PUNCT,punct,14113,hörten
14110,Unter,unter,ADP,mo,14113,hörten
14111,diesen,dieser,DET,nk,14112,Scherzreden
14112,Scherzreden,Scherzrede,NOUN,nk,14110,Unter
14113,hörten,hören,VERB,oc,14102,ist
14114,wir,wir,PRON,sb,14117,einschnarchen
14115,die,der,DET,nk,14116,Alte
14116,Alte,alt,NOUN,oa,14117,einschnarchen
14117,einschnarchen,einschnarchen,VERB,ROOT,14117,einschnarchen
14118,",",--,PUNCT,punct,14117,einschnarchen
14119,und,und,CCONJ,cd,14117,einschnarchen
14120,Mitidika,Mitidika,PROPN,sb,14121,ging
14121,ging,gehen,VERB,cj,14119,und
14122,ab,ab,ADP,svp,14121,ging
14123,und,und,CCONJ,cd,14122,ab
14124,zu,zu,ADV,cj,14123,und
14125,und,und,CCONJ,cd,14121,ging
14126,verbaute,verbaut,ADJ,nk,14127,leise
14127,leise,leise,ADV,cj,14125,und
14128,das,der,PRON,ROOT,14128,das
14129,Bett,Bett,NOUN,cj,14142,ließ
14130,der,der,DET,nk,14131,Alten
14131,Alten,alte,NOUN,ag,14129,Bett
14132,mit,mit,ADP,mnr,14129,Bett
14133,der,der,DET,nk,14134,Tonne
14134,Tonne,Tonne,NOUN,nk,14132,mit
14135,und,und,CCONJ,cd,14134,Tonne
14136,der,der,DET,nk,14138,Türe
14137,alten,alt,ADJ,nk,14138,Türe
14138,Türe,Türe,NOUN,cj,14135,und
14139,",",--,PUNCT,punct,14142,ließ
14140,die,der,DET,nk,14141,Küchentüre
14141,Küchentüre,Küchentüre,NOUN,oa,14142,ließ
14142,ließ,lassen,VERB,ROOT,14142,ließ
14143,sie,sie,PRON,oa,14142,ließ
14144,auf,auf,ADP,svp,14142,ließ
14145,",",--,PUNCT,punct,14142,ließ
14146,daß,daß,SCONJ,cp,14149,hinauszog
14147,der,der,DET,nk,14148,Dampf
14148,Dampf,Dampf,NOUN,sb,14149,hinauszog
14149,hinauszog,hinausziehen,VERB,ROOT,14149,hinauszog
14150,.,--,PUNCT,punct,14149,hinauszog
14151,Dann,dann,ADV,mo,14152,zupfte
14152,zupfte,zupfen,VERB,ROOT,14152,zupfte
14153,sie,sie,PRON,sb,14152,zupfte
14154,den,der,DET,nk,14155,Martino
14155,Martino,Martino,NOUN,oa,14152,zupfte
14156,bei,bei,ADP,mnr,14155,Martino
14157,den,der,DET,nk,14158,Haaren
14158,Haaren,Haar,NOUN,nk,14156,bei
14159,und,und,CCONJ,cd,14152,zupfte
14160,flüsterte,flüstern,VERB,ROOT,14160,flüsterte
14161,.,--,PUNCT,punct,14160,flüsterte
14162,›Komm,›Komm,PROPN,pd,14167,sind
14163,hinaus,hinaus,ADV,svp,14162,›Komm
14164,",",--,PUNCT,punct,14162,›Komm
14165,deine,dein,ADJ,nk,14166,Schnepfen
14166,Schnepfen,Schnepf,NOUN,sb,14167,sind
14167,sind,sein,AUX,ROOT,14167,sind
14168,gar,gar,ADV,mo,14167,sind
14169,",",--,PUNCT,punct,14167,sind
14170,ich,ich,PRON,sb,14171,habe
14171,habe,haben,AUX,cj,14167,sind
14172,die,der,DET,nk,14173,Brühe
14173,Brühe,Brühe,NOUN,oa,14171,habe
14174,abgegossen,abgegossen,VERB,sb,14177,muß
14175,",",--,PUNCT,punct,14177,muß
14176,ich,ich,PRON,sb,14177,muß
14177,muß,müssen,AUX,ROOT,14177,muß
14178,das,der,DET,nk,14179,Feuer
14179,Feuer,Feuer,NOUN,oa,14180,löschen
14180,löschen,löschen,VERB,oc,14177,muß
14181,",",--,PUNCT,punct,14180,löschen
14182,die,der,DET,nk,14184,Stunde
14183,zwölfte,zwölft,ADJ,nk,14184,Stunde
14184,Stunde,Stunde,NOUN,oa,14185,naht
14185,naht,nahen,VERB,oc,14177,muß
14186,;,--,PUNCT,punct,14177,muß
14187,denn,denn,CCONJ,ju,14188,fährt
14188,fährt,fahren,VERB,ROOT,14188,fährt
14189,der,der,DET,sb,14188,fährt
14190,wilde,wild,ADJ,nk,14191,Jäger
14191,Jäger,Jäger,NOUN,mo,14197,steckt
14192,mir,mir,PRON,nk,14191,Jäger
14193,durch,durch,ADP,mnr,14191,Jäger
14194,das,der,DET,nk,14195,Feuer
14195,Feuer,Feuer,NOUN,nk,14193,durch
14196,",",--,PUNCT,punct,14197,steckt
14197,steckt,stecken,VERB,ROOT,14197,steckt
14198,er,er,PRON,sb,14197,steckt
14199,uns,uns,PRON,da,14197,steckt
14200,die,der,DET,nk,14202,Hütte
14201,ganze,ganz,ADJ,nk,14202,Hütte
14202,Hütte,Hütte,NOUN,oa,14197,steckt
14203,an.‹,an.‹,PUNCT,punct,14197,steckt
14204,Martino,Martino,PROPN,ROOT,14204,Martino
14205,ging,gehen,VERB,ROOT,14205,ging
14206,hinaus,hinaus,ADV,svp,14205,ging
14207,",",--,PUNCT,punct,14205,ging
14208,und,und,CCONJ,cd,14205,ging
14209,ich,ich,PRON,sb,14210,streckte
14210,streckte,strecken,VERB,cj,14208,und
14211,den,der,DET,nk,14212,Kopf
14212,Kopf,Kopf,NOUN,oa,14210,streckte
14213,nach,nach,ADP,mo,14210,streckte
14214,der,der,DET,nk,14215,Türe
14215,Türe,Türe,NOUN,nk,14213,nach
14216,und,und,CCONJ,cd,14210,streckte
14217,hörte,hören,VERB,cj,14216,und
14218,ihre,ihr,DET,dep,14205,ging
14219,Scherzreden,Scherzrede,NOUN,ROOT,14219,Scherzreden
14220,.,--,PUNCT,punct,14219,Scherzreden
14221,Mitidika,Mitidika,PROPN,sb,14222,sagte
14222,sagte,sagen,VERB,ROOT,14222,sagte
14223,:,--,PUNCT,punct,14222,sagte
14224,›Ich,›Ich,PROPN,mo,14230,gekocht
14225,habe,haben,AUX,oc,14222,sagte
14226,dir,dir,PRON,sb,14225,habe
14227,deine,dein,DET,nk,14228,Vögel
14228,Vögel,Vogel,NOUN,oa,14230,gekocht
14229,trefflich,trefflich,ADV,mo,14230,gekocht
14230,gekocht,kochen,VERB,oc,14225,habe
14231,und,und,CCONJ,cd,14230,gekocht
14232,dir,dir,PRON,da,14238,getan
14233,auch,auch,ADV,mo,14234,Kräuter
14234,Kräuter,Kräuter,NOUN,oa,14238,getan
14235,an,an,ADP,mo,14238,getan
14236,die,der,DET,nk,14237,Suppe
14237,Suppe,Suppe,NOUN,nk,14235,an
14238,getan,tun,VERB,ROOT,14238,getan
14239,;,--,PUNCT,punct,14238,getan
14240,was,was,PRON,sb,14247,sagte
14241,gibst,gibst,ADV,mo,14247,sagte
14242,du,du,PRON,sb,14241,gibst
14243,mir,mir,PRON,da,14247,sagte
14244,nun?‹,nun?‹,PROPN,nk,14246,›Geben?‹
14245,–,--,PUNCT,punct,14246,›Geben?‹
14246,›Geben?‹,›Geben?‹,PROPN,oa,14247,sagte
14247,sagte,sagen,VERB,ROOT,14247,sagte
14248,Martino,Martino,PROPN,sb,14251,will
14249,",",--,PUNCT,punct,14248,Martino
14250,›ich,›ich,PROPN,cj,14248,Martino
14251,will,wollen,AUX,ROOT,14251,will
14252,dich,dich,PRON,oa,14256,bezahlen
14253,mit,mit,ADP,mo,14256,bezahlen
14254,der,der,DET,nk,14255,Münze
14255,Münze,Münze,NOUN,nk,14253,mit
14256,bezahlen,bezahlen,VERB,oc,14251,will
14257,",",--,PUNCT,punct,14256,bezahlen
14258,welche,welcher,PRON,sb,14262,scheint
14259,hier,hier,ADV,mo,14261,gelten
14260,zu,zu,PART,pm,14261,gelten
14261,gelten,gelten,VERB,oc,14262,scheint
14262,scheint,scheinen,VERB,rc,14255,Münze
14263,",",--,PUNCT,punct,14251,will
14264,und,und,CCONJ,ju,14270,zahlte
14265,in,in,ADP,mo,14270,zahlte
14266,der,der,PRON,nk,14265,in
14267,mich,mich,PRON,oa,14270,zahlte
14268,deine,dein,VERB,nk,14269,Großmutter
14269,Großmutter,Großmutter,NOUN,sb,14270,zahlte
14270,zahlte,zahlen,VERB,ROOT,14270,zahlte
14271,;,--,PUNCT,punct,14270,zahlte
14272,einen,ein,DET,nk,14273,Kuß
14273,Kuß,Kuß,NOUN,oa,14274,will
14274,will,wollen,AUX,ROOT,14274,will
14275,ich,ich,PRON,sb,14274,will
14276,dir,dir,PRON,da,14274,will
14277,geben.‹,geben.‹,NOUN,oa,14274,will
14278,–,--,PUNCT,punct,14277,geben.‹
14279,›Das,›Das,PROPN,punct,14274,will
14280,läßt,lassen,VERB,oc,14284,erwiderte
14281,sich,sich,PRON,oa,14280,läßt
14282,hören‹,hören‹,PUNCT,punct,14280,läßt
14283,",",--,PUNCT,punct,14284,erwiderte
14284,erwiderte,erwidern,VERB,ROOT,14284,erwiderte
14285,sie,sie,PRON,sb,14284,erwiderte
14286,;,--,PUNCT,punct,14284,erwiderte
14287,›aber,›aber,VERB,ROOT,14287,›aber
14288,die,der,DET,nk,14289,Großmutter
14289,Großmutter,Großmutter,NOUN,sb,14290,gab
14290,gab,geben,VERB,cj,14287,›aber
14291,dir,dir,PRON,ep,14290,gab
14292,ein,ein,DET,nk,14293,altes
14293,altes,alt,ADJ,oa,14290,gab
14294,Schaustück,Schaustück,NOUN,re,14296,das
14295,",",--,PUNCT,punct,14296,das
14296,das,der,PRON,oa,14300,brauchen
14297,kann,können,AUX,ROOT,14297,kann
14298,ich,ich,PRON,sb,14297,kann
14299,nicht,nicht,PART,ng,14297,kann
14300,brauchen,brauchen,VERB,oc,14297,kann
14301,",",--,PUNCT,punct,14297,kann
14302,die,der,DET,nk,14303,Münze
14303,Münze,Münze,NOUN,sb,14304,ist
14304,ist,sein,AUX,cj,14297,kann
14305,verschlagen.‹,verschlagen.‹,ADV,pd,14304,ist
14306,–,--,PUNCT,punct,14305,verschlagen.‹
14307,›Auch,›Auch,NOUN,pd,14304,ist
14308,du,du,PRON,pd,14304,ist
14309,bist,sein,AUX,ROOT,14309,bist
14310,verschlagen,verschlagen,VERB,oc,14309,bist
14311,",",--,PUNCT,punct,14309,bist
14312,Schelm!‹,Schelm!‹,PROPN,mo,14313,erwiderte
14313,erwiderte,erwidern,VERB,cj,14309,bist
14314,Martino,Martino,PROPN,sb,14313,erwiderte
14315,",",--,PUNCT,punct,14309,bist
14316,›ich,›ich,PROPN,oa,14321,geben
14317,will,wollen,AUX,cj,14309,bist
14318,dir,dir,PRON,sb,14317,will
14319,kleine,klein,ADJ,nk,14320,Münze
14320,Münze,Münze,NOUN,oa,14321,geben
14321,geben,geben,VERB,oc,14317,will
14322,",",--,PUNCT,punct,14317,will
14323,wenn,wenn,SCONJ,cp,14325,herausgeben
14324,du,du,PRON,sb,14325,herausgeben
14325,herausgeben,herausgeben,VERB,ROOT,14325,herausgeben
14326,und,und,CCONJ,cd,14325,herausgeben
14327,wechseln,wechseln,VERB,cj,14326,und
14328,kannst,Kannst,ADV,oa,14327,wechseln
14329,;,--,PUNCT,punct,14325,herausgeben
14330,wärst,wärst,SCONJ,mo,14335,schwarz!‹
14331,du,du,PRON,sb,14330,wärst
14332,nur,nur,ADV,mo,14333,nicht
14333,nicht,nicht,PART,ng,14330,wärst
14334,so,so,ADV,mo,14335,schwarz!‹
14335,schwarz!‹,schwarz!‹,ADV,ROOT,14335,schwarz!‹
14336,–,--,PUNCT,punct,14335,schwarz!‹
14337,›Und,›Und,PROPN,par,14335,schwarz!‹
14338,du,du,PRON,sb,14341,weiß‹
14339,nicht,nicht,PART,ng,14340,so
14340,so,so,ADV,mo,14341,weiß‹
14341,weiß‹,weiß‹,ADV,oc,14343,sagte
14342,",",--,PUNCT,punct,14343,sagte
14343,sagte,sagen,VERB,ROOT,14343,sagte
14344,sie,sie,PRON,sb,14343,sagte
14345,;,--,PUNCT,punct,14343,sagte
14346,›ich,›ich,ADV,da,14351,geben
14347,werde,werden,AUX,ROOT,14347,werde
14348,dir,dir,PRON,sb,14347,werde
14349,einen,ein,DET,nk,14350,Schein
14350,Schein,Schein,NOUN,oa,14351,geben
14351,geben,geben,VERB,oc,14347,werde
14352,",",--,PUNCT,punct,14351,geben
14353,einen,ein,DET,nk,14354,Wechsel
14354,Wechsel,Wechsel,NOUN,cj,14347,werde
14355,schwarz,schwarz,ADV,mo,14356,auf
14356,auf,auf,ADP,mo,14364,sagte
14357,weiß,wissen,VERB,nk,14356,auf
14358,",",--,PUNCT,punct,14356,auf
14359,aber,aber,CCONJ,cd,14356,auf
14360,gib,gibn,VERB,cj,14359,aber
14361,mir,mir,PRON,da,14360,gib
14362,keine,kein,DET,nk,14363,Scheidemünze!‹
14363,Scheidemünze!‹,Scheidemünze!‹,NOUN,nk,14356,auf
14364,sagte,sagen,VERB,ROOT,14364,sagte
14365,sie,sie,PRON,sb,14364,sagte
14366,.,--,PUNCT,punct,14364,sagte
14367,›Die,›Die,VERB,ROOT,14367,›Die
14368,kriegst,kriegen,VERB,mo,14367,›Die
14369,du,du,PRON,sb,14367,›Die
14370,morgen,morgen,ADV,mo,14371,früh
14371,früh,früh,ADV,mo,14375,erwiderte
14372,beim,bei,ADP,mo,14375,erwiderte
14373,Abschied‹,Abschied‹,NOUN,nk,14372,beim
14374,",",--,PUNCT,punct,14375,erwiderte
14375,erwiderte,erwidern,VERB,ROOT,14375,erwiderte
14376,Martino,Martino,PROPN,sb,14375,erwiderte
14377,",",--,PUNCT,punct,14375,erwiderte
14378,faßte,fassen,VERB,cj,14375,erwiderte
14379,sie,sie,PRON,oa,14378,faßte
14380,beim,bei,ADP,mo,14378,faßte
14381,Kopf,Kopf,NOUN,nk,14380,beim
14382,",",--,PUNCT,punct,14375,erwiderte
14383,küßte,küssen,VERB,cj,14375,erwiderte
14384,sie,sie,PRON,sb,14383,küßte
14385,herzlich,herzlich,ADV,ROOT,14385,herzlich
14386,und,und,CCONJ,ROOT,14386,und
14387,sagte,sagen,VERB,cj,14386,und
14388,:,--,PUNCT,punct,14387,sagte
14389,›Ich,›Ich,PROPN,sb,14390,habe
14390,habe,haben,AUX,oc,14387,sagte
14391,dich,dich,PRON,oa,14392,lieb
14392,lieb,leiben,VERB,oc,14390,habe
14393,und,und,CCONJ,cd,14390,habe
14394,bleibe,bleiben,VERB,cj,14393,und
14395,dir,dir,PRON,da,14394,bleibe
14396,treu.‹,Treu.‹,PROPN,oa,14394,bleibe
14397,–,--,PUNCT,punct,14394,bleibe
14398,›Ei,›Ei,PUNCT,punct,14400,lüge
14399,so,so,ADV,mo,14400,lüge
14400,lüge,lüge,ADV,oc,14390,habe
14401,",",--,PUNCT,punct,14400,lüge
14402,daß,daß,SCONJ,cp,14406,sprach
14403,du,du,PRON,pnc,14405,wirst!‹
14404,schwarz,schwarz,ADV,mo,14405,wirst!‹
14405,wirst!‹,wirst!‹,PROPN,sb,14406,sprach
14406,sprach,sprechen,VERB,ROOT,14406,sprach
14407,sie,sie,PRON,sb,14406,sprach
14408,.,--,PUNCT,punct,14406,sprach
14409,›Dann,›Dann,PROPN,sb,14410,wäre
14410,wäre,sein,AUX,ROOT,14410,wäre
14411,ich,ich,PRON,sb,14410,wäre
14412,deinesgleichen,deinesgleichen,VERB,oc,14410,wäre
14413,",",--,PUNCT,punct,14410,wäre
14414,und,und,CCONJ,cd,14410,wäre
14415,es,es,PRON,sb,14416,könnte
14416,könnte,können,AUX,cj,14414,und
14417,etwas,etwas,PRON,sb,14421,sprach
14418,daraus,daraus,ADV,mnr,14417,etwas
14419,werden‹,werden‹,PUNCT,punct,14417,etwas
14420,",",--,PUNCT,punct,14421,sprach
14421,sprach,sprechen,VERB,ROOT,14421,sprach
14422,Martino,Martino,PROPN,sb,14421,sprach
14423,und,und,CCONJ,cd,14421,sprach
14424,schenkte,schenken,VERB,cj,14423,und
14425,ihr,ihr,PRON,da,14424,schenkte
14426,eine,ein,DET,nk,14427,Nadelbüchse
14427,Nadelbüchse,Nadelbüchse,NOUN,oa,14424,schenkte
14428,von,von,ADP,svp,14424,schenkte
14429,Elfenbein,Elfenbein,PROPN,ROOT,14429,Elfenbein
14430,und,und,CCONJ,cd,14429,Elfenbein
14431,Ebenholz,Ebenholz,NOUN,cj,14430,und
14432,",",--,PUNCT,punct,14429,Elfenbein
14433,die,der,PRON,oa,14437,trug
14434,er,er,PRON,sb,14437,trug
14435,bei,bei,ADP,mo,14437,trug
14436,sich,sich,PRON,nk,14435,bei
14437,trug,tragen,VERB,rc,14429,Elfenbein
14438,.,--,PUNCT,punct,14429,Elfenbein
14439,Das,der,DET,nk,14440,Mädchen
14440,Mädchen,Mädchen,NOUN,sb,14441,dankte
14441,dankte,danken,VERB,ROOT,14441,dankte
14442,und,und,CCONJ,cd,14441,dankte
14443,sprach,sprechen,VERB,cj,14442,und
14444,:,--,PUNCT,punct,14441,dankte
14445,›Sieh,›Sieh,PROPN,ROOT,14445,›Sieh
14446,",",--,PUNCT,punct,14445,›Sieh
14447,wie,wie,ADV,mo,14448,artig
14448,artig,artig,ADV,mo,14449,schwarz
14449,schwarz,schwarz,ADV,pd,14445,›Sieh
14450,und,und,CCONJ,cd,14445,›Sieh
14451,weiß,wissen,VERB,cj,14450,und
14452,zusammen,zusammen,ADV,mo,14453,aussehn
14453,aussehn,aussehn,NUM,oa,14451,weiß
14454,;,--,PUNCT,punct,14445,›Sieh
14455,bleib,Bleib,ADV,ROOT,14455,bleib
14456,bei,bei,ADP,mo,14455,bleib
14457,uns,uns,PRON,nk,14456,bei
14458,;,--,PUNCT,punct,14455,bleib
14459,wenn,wenn,SCONJ,cp,14460,die
14460,die,der,DET,ROOT,14460,die
14461,Alte,alte,NOUN,sb,14462,stirbt
14462,stirbt,sterben,VERB,mo,14464,finden
14463,",",--,PUNCT,punct,14464,finden
14464,finden,finden,VERB,ROOT,14464,finden
14465,wir,wir,PRON,sb,14464,finden
14466,den,der,DET,nk,14467,Goldtopf
14467,Goldtopf,Goldtopf,NOUN,oa,14464,finden
14468,und,und,CCONJ,cd,14467,Goldtopf
14469,contrebandieren.‹,contrebandieren.‹,NOUN,cj,14468,und
14470,–,--,PUNCT,punct,14467,Goldtopf
14471,›Ja,›Ja,PROPN,app,14467,Goldtopf
14472,",",--,PUNCT,punct,14464,finden
14473,auf,auf,ADP,mo,14464,finden
14474,die,der,PRON,nk,14473,auf
14475,Galeere!‹,Galeere!‹,PROPN,mo,14476,sprach
14476,sprach,sprechen,VERB,ROOT,14476,sprach
14477,Martino,Martino,PROPN,sb,14476,sprach
14478,.,--,PUNCT,punct,14476,sprach
14479,›Ich,›Ich,PROPN,sb,14480,gehe
14480,gehe,gehen,VERB,oc,14485,sagte
14481,mit,mit,ADP,mo,14480,gehe
14482,auf,auf,ADP,mo,14480,gehe
14483,die,der,DET,nk,14484,Galeere!‹
14484,Galeere!‹,Galeere!‹,PROPN,nk,14482,auf
14485,sagte,sagen,VERB,ROOT,14485,sagte
14486,sie,sie,PRON,sb,14485,sagte
14487,;,--,PUNCT,punct,14485,sagte
14488,›pitsch,›pitsch,INTJ,ROOT,14488,›pitsch
14489,",",--,PUNCT,punct,14488,›pitsch
14490,patsch,patsch,ADV,ROOT,14490,patsch
14491,!,--,PUNCT,punct,14490,patsch
14492,geht,gehen,VERB,ROOT,14492,geht
14493,das,der,DET,nk,14494,Ruder
14494,Ruder,Ruder,NOUN,sb,14492,geht
14495,",",--,PUNCT,punct,14492,geht
14496,und,und,CCONJ,cd,14492,geht
14497,ich,ich,PRON,sb,14498,singe
14498,singe,singen,VERB,cj,14496,und
14499,dir,dir,PRON,mo,14498,singe
14500,dazu.‹,dazu.‹,NOUN,oa,14498,singe
14501,–,--,PUNCT,punct,14498,singe
14502,›Das,›Das,ADJ,oa,14503,wollen
14503,wollen,wollen,AUX,cj,14498,singe
14504,wir,wir,PRON,sb,14503,wollen
14505,überlegen‹,überlegen‹,ADV,mo,14503,wollen
14506,",",--,PUNCT,punct,14498,singe
14507,meinte,meinen,VERB,ROOT,14507,meinte
14508,Martino,Martino,PROPN,sb,14507,meinte
14509,",",--,PUNCT,punct,14507,meinte
14510,›es,›es,PUNCT,sb,14511,ist
14511,ist,sein,AUX,oc,14507,meinte
14512,eine,ein,DET,nk,14515,Aussicht
14513,zu,zu,PART,pm,14514,glänzende
14514,glänzende,glänzend,ADJ,nk,14515,Aussicht
14515,Aussicht,Aussicht,NOUN,pd,14511,ist
14516,um,um,ADP,mnr,14515,Aussicht
14517,Mitternacht.‹,Mitternacht.‹,NOUN,nk,14516,um
14518,Da,da,ADV,mo,14519,traten
14519,traten,treten,VERB,ROOT,14519,traten
14520,sie,sie,PRON,sb,14527,herein
14521,mit,mit,ADP,mnr,14520,sie
14522,der,der,DET,nk,14523,Suppe
14523,Suppe,Suppe,NOUN,nk,14521,mit
14524,und,und,CCONJ,cd,14523,Suppe
14525,den,der,DET,nk,14526,Schnepfen
14526,Schnepfen,Schnepfe,NOUN,cj,14524,und
14527,herein,herein,ADV,ROOT,14527,herein
14528,und,und,CCONJ,ju,14529,stellten
14529,stellten,stellen,VERB,ROOT,14529,stellten
14530,sie,sie,PRON,oa,14529,stellten
14531,auf,auf,ADP,mo,14529,stellten
14532,den,der,DET,nk,14531,auf
14533,Eichenblock,Eichenblock,NOUN,ROOT,14533,Eichenblock
14534,;,--,PUNCT,punct,14533,Eichenblock
14535,die,der,DET,nk,14536,Suppe
14536,Suppe,Suppe,NOUN,oa,14537,tranken
14537,tranken,tranken,VERB,ROOT,14537,tranken
14538,wir,wir,PRON,sb,14537,tranken
14539,aus,aus,ADP,mo,14537,tranken
14540,dem,der,DET,nk,14541,Topf
14541,Topf,Topf,NOUN,nk,14539,aus
14542,",",--,PUNCT,punct,14537,tranken
14543,ich,ich,PRON,sb,14544,wollte
14544,wollte,wollen,AUX,cj,14537,tranken
14545,meine,mein,DET,nk,14546,Marinina
14546,Marinina,Marinina,NOUN,oa,14544,wollte
14547,nicht,nicht,PART,ng,14548,wecken
14548,wecken,wecken,VERB,ROOT,14548,wecken
14549,und,und,CCONJ,cd,14548,wecken
14550,ließ,lassen,VERB,cj,14549,und
14551,ihr,ihr,DET,nk,14552,Teil
14552,Teil,Teil,NOUN,oa,14557,setzen
14553,in,in,ADP,mo,14557,setzen
14554,die,der,DET,nk,14556,Asche
14555,warme,warm,ADJ,nk,14556,Asche
14556,Asche,Asche,NOUN,nk,14553,in
14557,setzen,setzen,VERB,oc,14550,ließ
14558,",",--,PUNCT,punct,14557,setzen
14559,die,der,DET,nk,14560,Vögel
14560,Vögel,Vogel,NOUN,oa,14561,wollten
14561,wollten,wollen,AUX,cj,14550,ließ
14562,wir,wir,PRON,sb,14561,wollten
14563,morgen,morgen,ADV,mo,14565,verzehren
14564,früh,früh,ADV,mo,14565,verzehren
14565,verzehren,verzehren,VERB,ROOT,14565,verzehren
14566,.,--,PUNCT,punct,14565,verzehren
14567,Nun,nun,ADV,mo,14568,begann
14568,begann,beginnen,VERB,ROOT,14568,begann
14569,sich,sich,PRON,oa,14568,begann
14570,der,der,DET,nk,14571,Sturm
14571,Sturm,Sturm,NOUN,sb,14568,begann
14572,in,in,ADP,mnr,14571,Sturm
14573,dem,der,DET,nk,14574,Walde
14574,Walde,Walde,NOUN,nk,14572,in
14575,wieder,wieder,ADV,mo,14577,heben
14576,zu,zu,PART,pm,14577,heben
14577,heben,heben,VERB,oc,14568,begann
14578,",",--,PUNCT,punct,14568,begann
14579,und,und,CCONJ,ju,14582,zog
14580,das,der,DET,nk,14581,Gewitter
14581,Gewitter,Gewitter,NOUN,sb,14582,zog
14582,zog,ziehen,VERB,ROOT,14582,zog
14583,mit,mit,ADP,mo,14582,zog
14584,Macht,Macht,NOUN,nk,14583,mit
14585,heran,heran,ADV,svp,14582,zog
14586,.,--,PUNCT,punct,14582,zog
14587,›Ach,›Ach,VERB,oc,14590,sagte
14588,Gott‹,Gott‹,PROPN,sb,14587,›Ach
14589,",",--,PUNCT,punct,14590,sagte
14590,sagte,sagen,VERB,ROOT,14590,sagte
14591,Mitidika,Mitidika,PROPN,sb,14590,sagte
14592,",",--,PUNCT,punct,14590,sagte
14593,›lege,›legen,VERB,oc,14590,sagte
14594,dich,dich,PRON,oa,14593,›lege
14595,nieder,nieder,ADV,ROOT,14595,nieder
14596,",",--,PUNCT,punct,14595,nieder
14597,Martino,Martino,PROPN,cj,14595,nieder
14598,",",--,PUNCT,punct,14597,Martino
14599,und,und,CCONJ,cd,14597,Martino
14600,schlafe,Schlafe,NOUN,cj,14599,und
14601,ein,ein,ADV,ROOT,14601,ein
14602,!,--,PUNCT,ROOT,14602,!
14603,Hörst,Hörst,VERB,ROOT,14603,Hörst
14604,du,du,PRON,sb,14603,Hörst
14605,das,der,DET,nk,14606,Wetter
14606,Wetter,Wetter,NOUN,oa,14603,Hörst
14607,?,--,PUNCT,punct,14603,Hörst
14608,Der,der,DET,nk,14609,Jäger
14609,Jäger,Jäger,NOUN,sb,14610,bläst
14610,bläst,blasen,VERB,ROOT,14610,bläst
14611,sein,sein,AUX,oc,14610,bläst
14612,Horn,Horn,PROPN,sb,14620,lege
14613,",",--,PUNCT,punct,14612,Horn
14614,er,er,PRON,sb,14615,wird
14615,wird,werden,AUX,cj,14612,Horn
14616,gewiß,gewiß,ADV,mo,14618,kommen
14617,bald,bald,ADV,mo,14618,kommen
14618,kommen,kommen,VERB,oc,14615,wird
14619,;,--,PUNCT,punct,14612,Horn
14620,lege,lege,VERB,ROOT,14620,lege
14621,dich,dich,PRON,oa,14620,lege
14622,nieder,nieder,ADV,svp,14620,lege
14623,",",--,PUNCT,punct,14620,lege
14624,gleich,gleich,ADV,mo,14620,lege
14625,",",--,PUNCT,punct,14620,lege
14626,gleich!‹,gleich!‹,NOUN,cj,14615,wird
14627,Dabei,dabei,ADV,mo,14628,sah
14628,sah,sehen,VERB,ROOT,14628,sah
14629,sie,sie,PRON,ROOT,14629,sie
14630,ängstlich,ängstlich,ADV,mo,14634,umher
14631,in,in,ADP,mo,14630,ängstlich
14632,der,der,DET,nk,14633,Stube
14633,Stube,Stube,NOUN,nk,14631,in
14634,umher,umher,ADV,ROOT,14634,umher
14635,.,--,PUNCT,punct,14634,umher
14636,›Nun,›Nun,PROPN,ROOT,14636,›Nun
14637,",",--,PUNCT,punct,14636,›Nun
14638,nun,nun,ADV,mo,14641,fehlt
14639,",",--,PUNCT,punct,14641,fehlt
14640,was,was,PRON,oa,14641,fehlt
14641,fehlt,fehlen,VERB,cj,14636,›Nun
14642,dir?‹,dir?‹,PROPN,sb,14641,fehlt
14643,fragte,fragt,ADJ,nk,14644,Martino
14644,Martino,Martino,PROPN,sb,14641,fehlt
14645,",",--,PUNCT,punct,14641,fehlt
14646,und,und,CCONJ,ju,14648,sagte
14647,sie,sie,PRON,sb,14648,sagte
14648,sagte,sagen,VERB,ROOT,14648,sagte
14649,:,--,PUNCT,punct,14648,sagte
14650,›Schlafen,›Schlafen,VERB,oa,14658,kehren
14651,sollst,sollen,AUX,oc,14648,sagte
14652,du,du,PRON,sb,14651,sollst
14653,und,und,CCONJ,cd,14652,du
14654,das,der,DET,nk,14655,Angesicht
14655,Angesicht,Angesicht,NOUN,cj,14653,und
14656,von,von,ADP,pg,14655,Angesicht
14657,mir,mir,PRON,nk,14656,von
14658,kehren,kehren,VERB,oc,14651,sollst
14659,",",--,PUNCT,punct,14648,sagte
14660,denn,denn,CCONJ,cd,14648,sagte
14661,ich,ich,PRON,ROOT,14661,ich
14662,muß,müssen,AUX,ROOT,14662,muß
14663,mich,mich,PRON,oa,14664,entkleiden
14664,entkleiden,entkleid,VERB,oc,14667,gehn
14665,und,und,CCONJ,cd,14664,entkleiden
14666,schlafen,schlafen,VERB,cj,14665,und
14667,gehn,gehn,NUM,mo,14662,muß
14668,",",--,PUNCT,punct,14662,muß
14669,und,und,CCONJ,cd,14662,muß
14670,das,der,PRON,oa,14674,sehen
14671,sollst,sollen,AUX,cj,14669,und
14672,du,du,PRON,sb,14671,sollst
14673,nicht,nicht,PART,ng,14671,sollst
14674,sehen,sehen,VERB,oc,14671,sollst
14675,;,--,PUNCT,punct,14662,muß
14676,ach,ach,ADV,cj,14678,dreh
14677,",",--,PUNCT,punct,14678,dreh
14678,dreh,Dreh,PROPN,ROOT,14678,dreh
14679,dich,dich,PRON,ROOT,14679,dich
14680,um,um,ADP,mo,14685,sagte
14681,",",--,PUNCT,punct,14680,um
14682,Blanker!‹,Blanker!‹,PUNCT,cj,14680,um
14683,–,--,PUNCT,punct,14684,›Bravo!‹
14684,›Bravo!‹,›Bravo!‹,PROPN,sb,14685,sagte
14685,sagte,sagen,VERB,ROOT,14685,sagte
14686,Martino,Martino,PROPN,sb,14685,sagte
14687,;,--,PUNCT,punct,14685,sagte
14688,›es,›es,PROPN,sb,14689,freut
14689,freut,freuen,VERB,ROOT,14689,freut
14690,mich,mich,PRON,oa,14689,freut
14691,",",--,PUNCT,punct,14689,freut
14692,daß,daß,SCONJ,cp,14693,du
14693,du,du,PRON,sb,14689,freut
14694,so,so,ADV,mo,14695,auf
14695,auf,auf,ADP,svp,14689,freut
14696,Zucht,Zucht,NOUN,ROOT,14696,Zucht
14697,hältst,Hältst,PROPN,nk,14696,Zucht
14698,",",--,PUNCT,punct,14696,Zucht
14699,putze,putzen,VERB,cj,14696,Zucht
14700,nur,nur,ADV,mo,14702,Kien
14701,den,der,DET,nk,14702,Kien
14702,Kien,Kien,NOUN,oa,14699,putze
14703,aus,aus,ADP,ROOT,14703,aus
14704,",",--,PUNCT,punct,14708,sind
14705,bei,bei,ADP,mo,14708,sind
14706,der,der,DET,nk,14707,Nacht
14707,Nacht,Nacht,NOUN,nk,14705,bei
14708,sind,sein,AUX,ROOT,14708,sind
14709,alle,aller,DET,nk,14710,Kühe
14710,Kühe,Kuh,NOUN,sb,14708,sind
14711,schwarz,schwarz,ADV,pd,14708,sind
14712,",",--,PUNCT,punct,14708,sind
14713,selbst,selbst,ADV,mo,14715,schwatzen‹
14714,die,der,DET,nk,14715,schwatzen‹
14715,schwatzen‹,schwatzen‹,PROPN,ROOT,14715,schwatzen‹
14716,–,-,PUNCT,punct,14717,›Ja‹
14717,›Ja‹,›Ja‹,PROPN,cj,14715,schwatzen‹
14718,",",--,PUNCT,punct,14719,sagte
14719,sagte,sagen,VERB,ROOT,14719,sagte
14720,sie,sie,PRON,sb,14719,sagte
14721,",",--,PUNCT,punct,14719,sagte
14722,›auch,›auch,NOUN,oc,14719,sagte
14723,die,der,DET,nk,14725,Esel
14724,blanken,blank,ADJ,nk,14725,Esel
14725,Esel,Esel,NOUN,oa,14719,sagte
14726,!,--,PUNCT,punct,14719,sagte
14727,Dreh,dreh,PROPN,ROOT,14727,Dreh
14728,dich,dich,PRON,mo,14727,Dreh
14729,um,um,ADP,svp,14727,Dreh
14730,",",--,PUNCT,punct,14727,Dreh
14731,ich,ich,PRON,sb,14732,bitte
14732,bitte,bitten,VERB,ROOT,14732,bitte
14733,dich,dich,PRON,oa,14732,bitte
14734,",",--,PUNCT,punct,14732,bitte
14735,ich,ich,PRON,sb,14736,will
14736,will,wollen,AUX,cj,14732,bitte
14737,den,der,DET,nk,14738,Kien
14738,Kien,Kien,NOUN,da,14740,löschen
14739,schon,schon,ADV,mo,14740,löschen
14740,löschen,löschen,VERB,oc,14736,will
14741,",",--,PUNCT,punct,14736,will
14742,wenn,wenn,SCONJ,cp,14747,drehte
14743,es,es,PRON,ep,14747,drehte
14744,Zeit,Zeit,NOUN,oa,14747,drehte
14745,ist.‹,ist.‹,NOUN,nk,14744,Zeit
14746,Da,da,ADV,mo,14747,drehte
14747,drehte,drehen,VERB,re,14733,dich
14748,sich,sich,PRON,ROOT,14748,sich
14749,der,der,DET,nk,14751,Martino
14750,ehrliche,ehrlich,ADJ,nk,14751,Martino
14751,Martino,Martino,NOUN,ROOT,14751,Martino
14752,um,um,ADP,svp,14751,Martino
14753,.,--,PUNCT,punct,14751,Martino
14754,›Gute,›Gute,X,ROOT,14754,›Gute
14755,Nacht,Nacht,NOUN,oa,14758,sagte
14756,",",--,PUNCT,punct,14757,Mitidika!‹
14757,Mitidika!‹,Mitidika!‹,PROPN,nk,14755,Nacht
14758,sagte,sagen,VERB,ROOT,14758,sagte
14759,er,er,PRON,sb,14758,sagte
14760,.,--,PUNCT,punct,14758,sagte
14761,–,--,PUNCT,punct,14758,sagte
14762,›Gute,›Gute,NOUN,dep,14758,sagte
14763,Nacht,Nacht,NOUN,nk,14762,›Gute
14764,",",--,PUNCT,punct,14758,sagte
14765,Martino!‹,Martino!‹,ADV,mo,14766,sprach
14766,sprach,sprechen,VERB,ROOT,14766,sprach
14767,sie,sie,PRON,sb,14766,sprach
14768,.,--,PUNCT,punct,14766,sprach
14769,Nun,nun,ADV,mo,14770,breitete
14770,breitete,breiten,VERB,ROOT,14770,breitete
14771,sie,sie,PRON,sb,14770,breitete
14772,sich,sich,PRON,da,14770,breitete
14773,eine,ein,DET,nk,14776,Decke
14774,bunte,bunt,ADJ,nk,14776,Decke
14775,wollene,wollen,ADJ,nk,14776,Decke
14776,Decke,Decke,NOUN,sb,14770,breitete
14777,an,an,ADP,mnr,14776,Decke
14778,die,der,DET,nk,14779,Erde
14779,Erde,Erde,NOUN,nk,14777,an
14780,aus,aus,ADP,svp,14770,breitete
14781,neben,neben,ADP,mo,14770,breitete
14782,dem,der,DET,nk,14781,neben
14783,Eichenblock,Eichenblock,NOUN,sb,14785,stellte
14784,",",--,PUNCT,punct,14785,stellte
14785,stellte,stellen,VERB,ROOT,14785,stellte
14786,einen,ein,DET,nk,14788,Kürbis
14787,halben,halb,ADJ,nk,14788,Kürbis
14788,Kürbis,Kürbis,NOUN,oa,14785,stellte
14789,voll,voll,ADP,mo,14785,stellte
14790,Wasser,Wasser,NOUN,nk,14789,voll
14791,darauf,darauf,ADV,op,14785,stellte
14792,",",--,PUNCT,punct,14785,stellte
14793,holte,holen,VERB,cj,14785,stellte
14794,einen,ein,DET,sb,14793,holte
14795,kleinen,klein,ADJ,nk,14798,Kasten
14796,",",--,PUNCT,punct,14795,kleinen
14797,zierlichen,zierlich,ADJ,cj,14795,kleinen
14798,Kasten,Kasten,NOUN,ROOT,14798,Kasten
14799,gar,gar,ADV,mo,14800,heimlich
14800,heimlich,heimlich,ADV,mo,14798,Kasten
14801,unter,unter,ADP,mnr,14798,Kasten
14802,der,der,DET,nk,14803,Trommel
14803,Trommel,Trommel,NOUN,nk,14801,unter
14804,hervor,hervor,ADV,svp,14798,Kasten
14805,und,und,CCONJ,cd,14798,Kasten
14806,setzte,setzen,VERB,cj,14805,und
14807,ihn,ihn,PRON,oa,14806,setzte
14808,neben,neben,ADP,ROOT,14808,neben
14809,sich,sich,PRON,nk,14808,neben
14810,auf,auf,ADP,mo,14808,neben
14811,die,der,DET,nk,14812,Bank
14812,Bank,Bank,NOUN,nk,14810,auf
14813,",",--,PUNCT,punct,14808,neben
14814,wobei,wobei,SCONJ,mo,14820,umsah
14815,sie,sie,PRON,sb,14820,umsah
14816,sich,sich,PRON,oa,14820,umsah
14817,ängstlich,ängstlich,ADV,mo,14820,umsah
14818,nach,nach,ADP,mo,14820,umsah
14819,uns,uns,PRON,nk,14818,nach
14820,umsah,umsehen,VERB,mo,14808,neben
14821,.,--,PUNCT,punct,14808,neben
14822,Ich,ich,PRON,sb,14823,blinzte
14823,blinzte,blinzen,VERB,ROOT,14823,blinzte
14824,durch,durch,ADP,mo,14831,läge
14825,die,der,DET,nk,14826,Augen
14826,Augen,Auge,NOUN,nk,14824,durch
14827,und,und,CCONJ,cd,14826,Augen
14828,schnarchte,schnarcht,NOUN,cj,14827,und
14829,",",--,PUNCT,punct,14831,läge
14830,als,als,SCONJ,cm,14831,läge
14831,läge,liegen,VERB,ROOT,14831,läge
14832,ich,ich,PRON,sb,14831,läge
14833,im,in,ADP,mo,14831,läge
14834,tiefsten,tief,ADJ,nk,14835,Schlaf
14835,Schlaf,Schlaf,NOUN,nk,14833,im
14836,.,--,PUNCT,punct,14831,läge
14837,Mitidika,Mitidika,PROPN,ROOT,14837,Mitidika
14838,traute,Traute,PROPN,sb,14846,musterte
14839,und,und,CCONJ,cd,14838,traute
14840,schloß,schließen,VERB,cj,14839,und
14841,das,der,DET,nk,14842,Kästchen
14842,Kästchen,Kästchen,NOUN,oa,14840,schloß
14843,leise,leise,ADV,mo,14840,schloß
14844,auf,auf,ADP,svp,14840,schloß
14845,",",--,PUNCT,punct,14846,musterte
14846,musterte,musteren,VERB,ROOT,14846,musterte
14847,alle,aller,PRON,sb,14846,musterte
14848,die,der,DET,nk,14849,Herrlichkeiten
14849,Herrlichkeiten,Herrlichkeit,NOUN,oa,14846,musterte
14850,",",--,PUNCT,punct,14849,Herrlichkeiten
14851,die,der,PRON,oa,14846,musterte
14852,darin,darin,ADV,mo,14853,waren
14853,waren,sein,AUX,ROOT,14853,waren
14854,",",--,PUNCT,punct,14853,waren
14855,und,und,CCONJ,cd,14853,waren
14856,suchte,suchen,VERB,cj,14855,und
14857,sich,sich,PRON,da,14856,suchte
14858,einen,ein,DET,nk,14859,Raum
14859,Raum,Raum,NOUN,oa,14856,suchte
14860,aus,aus,ADP,svp,14856,suchte
14861,",",--,PUNCT,punct,14856,suchte
14862,die,der,DET,nk,14863,Nadelbüchse
14863,Nadelbüchse,Nadelbüchse,NOUN,oa,14866,bequem
14864,des,der,DET,nk,14865,Martino
14865,Martino,Martino,NOUN,ag,14863,Nadelbüchse
14866,bequem,bequem,ADV,pd,14853,waren
14867,hineinzulegen,hineinzulegen,VERB,ROOT,14867,hineinzulegen
14868,.,--,PUNCT,punct,14867,hineinzulegen
14869,Ihr,ihr,PRON,da,14870,könnt
14870,könnt,können,VERB,ROOT,14870,könnt
14871,euch,euch,PRON,sb,14870,könnt
14872,meine,mein,DET,nk,14873,Verwunderung
14873,Verwunderung,Verwunderung,NOUN,oa,14870,könnt
14874,nicht,nicht,PART,ng,14870,könnt
14875,denken,denken,VERB,oc,14870,könnt
14876,",",--,PUNCT,punct,14875,denken
14877,als,als,SCONJ,cm,14878,ich
14878,ich,ich,PRON,cc,14875,denken
14879,",",--,PUNCT,punct,14878,ich
14880,in,in,ADP,app,14878,ich
14881,dieser,dieser,DET,nk,14883,Zigeunerherberge
14882,wüsten,wüst,ADJ,nk,14883,Zigeunerherberge
14883,Zigeunerherberge,Zigeunerherberge,NOUN,ROOT,14883,Zigeunerherberge
14884,",",--,PUNCT,punct,14883,Zigeunerherberge
14885,die,der,DET,nk,14886,Kleine
14886,Kleine,Kleine,NOUN,cj,14883,Zigeunerherberge
14887,auf,auf,ADP,mnr,14886,Kleine
14888,einmal,einmal,ADV,nk,14887,auf
14889,in,in,ADP,mnr,14883,Zigeunerherberge
14890,einem,ein,DET,nk,14892,zierlichen
14891,so,so,ADV,mo,14892,zierlichen
14892,zierlichen,zierlich,ADJ,nk,14889,in
14893,und,und,CCONJ,ROOT,14893,und
14894,reichgefüllten,reichgefüllt,NOUN,cj,14893,und
14895,Schmuckkästchen,Schmuckkästche,NOUN,da,14896,kramen
14896,kramen,kramen,VERB,oc,14897,sah
14897,sah,sehen,VERB,ROOT,14897,sah
14898,.,--,PUNCT,punct,14897,sah
14899,Es,es,PRON,ep,14900,sah
14900,sah,sehen,VERB,ROOT,14900,sah
14901,nicht,nicht,PART,ng,14902,ganz
14902,ganz,ganz,ADV,mo,14903,so
14903,so,so,ADV,mo,14900,sah
14904,aus,aus,ADP,svp,14900,sah
14905,",",--,PUNCT,punct,14900,sah
14906,als,als,SCONJ,mo,14900,sah
14907,sei,sein,AUX,ROOT,14907,sei
14908,ein,ein,DET,nk,14909,Affe
14909,Affe,affe,NOUN,sb,14907,sei
14910,hinter,hinter,ADP,mo,14915,geraten
14911,die,der,DET,nk,14912,Toilette
14912,Toilette,Toilette,NOUN,nk,14910,hinter
14913,seiner,sein,DET,nk,14914,Herrschaft
14914,Herrschaft,Herrschaft,NOUN,ag,14912,Toilette
14915,geraten,geraten,VERB,oc,14907,sei
14916,",",--,PUNCT,punct,14907,sei
14917,auch,auch,ADV,mo,14918,nicht
14918,nicht,nicht,PART,ng,14907,sei
14919,",",--,PUNCT,punct,14907,sei
14920,als,als,ADP,mo,14907,sei
14921,richte,richten,VERB,ROOT,14921,richte
14922,der,der,DET,nk,14923,Satan
14923,Satan,Satan,PROPN,sb,14921,richte
14924,einen,ein,DET,nk,14925,Juwelenkasten
14925,Juwelenkasten,Juwelenkast,NOUN,oa,14921,richte
14926,ein,ein,ADV,svp,14921,richte
14927,",",--,PUNCT,punct,14921,richte
14928,um,um,SCONJ,dep,14921,richte
14929,einem,ein,DET,nk,14931,Mädchen
14930,unschuldigen,unschuldig,ADJ,nk,14931,Mädchen
14931,Mädchen,Mädchen,NOUN,nk,14928,um
14932,die,der,DET,ROOT,14932,die
14933,Augen,Auge,NOUN,oa,14935,blenden
14934,zu,zu,PART,pm,14935,blenden
14935,blenden,blenden,VERB,ROOT,14935,blenden
14936,;,--,PUNCT,punct,14935,blenden
14937,aber,aber,CCONJ,ROOT,14937,aber
14938,eine,ein,DET,nk,14940,Prinzessin
14939,indianische,indianisch,ADJ,nk,14940,Prinzessin
14940,Prinzessin,Prinzessin,NOUN,cj,14937,aber
14941,",",--,PUNCT,punct,14940,Prinzessin
14942,welche,welcher,PRON,sb,14944,Geschenke
14943,die,der,DET,nk,14944,Geschenke
14944,Geschenke,Geschenk,NOUN,rc,14940,Prinzessin
14945,eines,ein,DET,ag,14944,Geschenke
14946,englischen,englisch,ADJ,nk,14947,Gouverneurs
14947,Gouverneurs,Gouverneurs,NOUN,oa,14948,mustert
14948,mustert,mustern,VERB,sb,14950,mag
14949,",",--,PUNCT,punct,14950,mag
14950,mag,mögen,AUX,ROOT,14950,mag
14951,wohl,wohl,ADV,mo,14950,mag
14952,so,so,ADV,mo,14953,aussehn
14953,aussehn,aussehn,ADV,mo,14950,mag
14954,.,--,PUNCT,punct,14950,mag
14955,Als,als,SCONJ,ROOT,14955,Als
14956,sie,sie,PRON,nk,14955,Als
14957,so,so,ADV,mo,14958,die
14958,die,der,DET,nk,14960,und
14959,Perlen-,Perle,X,cj,14960,und
14960,und,und,CCONJ,dep,14955,Als
14961,Korallenschnüre,Korallenschnüre,NOUN,ROOT,14961,Korallenschnüre
14962,",",--,PUNCT,punct,14961,Korallenschnüre
14963,die,der,PRON,nk,14965,Ohrringe
14964,brillantenen,brillanten,ADJ,nk,14965,Ohrringe
14965,Ohrringe,Ohrring,NOUN,cj,14961,Korallenschnüre
14966,und,und,CCONJ,cd,14965,Ohrringe
14967,die,der,DET,nk,14968,Zitternadeln
14968,Zitternadeln,Zitternadel,NOUN,cj,14966,und
14969,durch,durch,ADP,mnr,14968,Zitternadeln
14970,die,der,DET,nk,14969,durch
14971,schwarzen,schwarz,ADJ,nk,14972,Hände
14972,Hände,Hand,NOUN,da,14973,laufen
14973,laufen,laufen,VERB,oc,14974,ließ
14974,ließ,lassen,VERB,mo,14976,konnte
14975,",",--,PUNCT,punct,14976,konnte
14976,konnte,können,AUX,ROOT,14976,konnte
14977,ich,ich,PRON,sb,14976,konnte
14978,vor,vor,ADP,mo,14976,konnte
14979,Augenlust,Augenlust,NOUN,nk,14978,vor
14980,gar,gar,ADV,mo,14981,nicht
14981,nicht,nicht,PART,ng,14976,konnte
14982,denken,denken,VERB,oc,14976,konnte
14983,",",--,PUNCT,punct,14982,denken
14984,daß,daß,SCONJ,dep,14976,konnte
14985,dies,dieser,PRON,sb,14989,müsse
14986,gestohlnes,gestohln,ADJ,nk,14987,Gut
14987,Gut,Gut,NOUN,pd,14988,sein
14988,sein,sein,AUX,oc,14989,müsse
14989,müsse,müssen,AUX,ROOT,14989,müsse
14990,.,--,PUNCT,punct,14989,müsse
14991,Nun,nun,ADV,mo,14992,stellte
14992,stellte,stellen,VERB,ROOT,14992,stellte
14993,sie,sie,PRON,sb,14992,stellte
14994,mehrere,mehrere,DET,nk,14995,Kristallfläschchen
14995,Kristallfläschchen,Kristallfläschchen,NOUN,oa,14992,stellte
14996,mit,mit,ADP,svp,14992,stellte
14997,Wohlgerüchen,Wohlgerüchen,NOUN,sb,15007,zog
14998,und,und,CCONJ,cd,14997,Wohlgerüchen
14999,Salben,Salbe,NOUN,cj,14998,und
15000,aus,aus,ADP,mnr,14997,Wohlgerüchen
15001,dem,der,DET,nk,15002,Kästchen
15002,Kästchen,Kästchen,NOUN,nk,15000,aus
15003,auf,auf,ADP,op,14997,Wohlgerüchen
15004,den,der,DET,nk,15005,Block
15005,Block,Block,NOUN,nk,15003,auf
15006,",",--,PUNCT,punct,15007,zog
15007,zog,ziehen,VERB,ROOT,15007,zog
15008,feine,fein,ADJ,nk,15009,Kämme
15009,Kämme,Kämme,NOUN,oa,15007,zog
15010,und,und,CCONJ,cd,15007,zog
15011,Zahnbürsten,Zahnbürst,NOUN,ROOT,15011,Zahnbürsten
15012,hervor,hervor,ADV,mo,15011,Zahnbürsten
15013,und,und,CCONJ,cd,15011,Zahnbürsten
15014,begann,beginnen,VERB,cj,15013,und
15015,sich,sich,PRON,oa,15017,putzen
15016,zu,zu,PART,pm,15017,putzen
15017,putzen,putzen,VERB,oc,15014,begann
15018,und,und,CCONJ,cd,15017,putzen
15019,zu,zu,PART,pm,15020,schmücken
15020,schmücken,schmücken,VERB,cj,15018,und
15021,",",--,PUNCT,punct,15020,schmücken
15022,wie,wie,ADP,cm,15024,Nacht
15023,die,der,DET,nk,15024,Nacht
15024,Nacht,Nacht,NOUN,mo,15020,schmücken
15025,",",--,PUNCT,punct,15014,begann
15026,die,der,DET,sb,15032,will
15027,mit,mit,ADP,mo,15031,machen
15028,dem,der,DET,nk,15029,Monde
15029,Monde,Monde,NOUN,nk,15027,mit
15030,Hochzeit,Hochzeit,NOUN,oa,15031,machen
15031,machen,machen,VERB,oc,15032,will
15032,will,wollen,AUX,ROOT,15032,will
15033,.,--,PUNCT,punct,15032,will
15034,Sie,sie,PRON,sb,15035,nahm
15035,nahm,nehmen,VERB,ROOT,15035,nahm
15036,die,der,DET,nk,15037,kleine
15037,kleine,klein,ADJ,oa,15035,nahm
15038,",",--,PUNCT,punct,15037,kleine
15039,von,von,ADP,mo,15035,nahm
15040,buntem,bunt,ADJ,nk,15041,Stroh
15041,Stroh,Stroh,PROPN,nk,15039,von
15042,geflochtene,geflochten,ADJ,nk,15043,Mütze
15043,Mütze,Mütze,NOUN,cj,15054,stürzte
15044,von,von,ADP,pg,15043,Mütze
15045,ihrem,ihr,DET,nk,15046,Kopf
15046,Kopf,Kopf,NOUN,nk,15044,von
15047,",",--,PUNCT,punct,15043,Mütze
15048,und,und,CCONJ,cd,15054,stürzte
15049,ein,ein,DET,nk,15050,Strom
15050,Strom,Strom,NOUN,sb,15054,stürzte
15051,von,von,ADP,pg,15050,Strom
15052,schwarzen,schwarz,ADJ,nk,15053,Haaren
15053,Haaren,Haar,NOUN,nk,15051,von
15054,stürzte,stürzen,VERB,ROOT,15054,stürzte
15055,ihr,ihr,PRON,ROOT,15055,ihr
15056,über,über,ADP,mnr,15055,ihr
15057,die,der,DET,nk,15058,Schultern
15058,Schultern,Schulter,NOUN,nk,15056,über
15059,;,--,PUNCT,punct,15055,ihr
15060,sie,sie,PRON,sb,15061,gewann
15061,gewann,gewinnen,VERB,ROOT,15061,gewann
15062,dadurch,dadurch,ADV,mo,15061,gewann
15063,ein,ein,DET,nk,15067,Ansehn
15064,reizendes,reizend,ADJ,nk,15067,Ansehn
15065,und,und,CCONJ,cd,15064,reizendes
15066,wildes,wild,ADJ,cj,15065,und
15067,Ansehn,Ansehn,PROPN,oa,15061,gewann
15068,",",--,PUNCT,punct,15061,gewann
15069,wenn,wenn,SCONJ,cp,15072,Augäpfel
15070,ihre,ihr,DET,nk,15072,Augäpfel
15071,weißen,weiß,ADJ,nk,15072,Augäpfel
15072,Augäpfel,Augäpfel,NOUN,ROOT,15072,Augäpfel
15073,und,und,CCONJ,cd,15072,Augäpfel
15074,die,der,DET,nk,15076,Zähne
15075,blanken,blank,ADJ,nk,15076,Zähne
15076,Zähne,Zahn,NOUN,cj,15073,und
15077,aus,aus,ADP,mnr,15076,Zähne
15078,den,der,DET,nk,15080,Mähnen
15079,schwarzen,schwarz,ADJ,nk,15080,Mähnen
15080,Mähnen,Mähn,NOUN,nk,15077,aus
15081,hervorfunkelten,hervorfunkelten,VERB,ROOT,15081,hervorfunkelten
15082,.,--,PUNCT,punct,15081,hervorfunkelten
15083,Sie,sie,PRON,sb,15084,kämmte
15084,kämmte,kämmen,VERB,ROOT,15084,kämmte
15085,sich,sich,PRON,oa,15084,kämmte
15086,",",--,PUNCT,punct,15084,kämmte
15087,schlängelte,schlängelen,VERB,cj,15084,kämmte
15088,sich,sich,PRON,oa,15087,schlängelte
15089,goldene,golden,ADJ,nk,15090,Schnüre
15090,Schnüre,Schnüre,NOUN,sb,15087,schlängelte
15091,in,in,ADP,mo,15087,schlängelte
15092,die,der,DET,nk,15091,in
15093,Zöpfe,Zöpf,NOUN,ROOT,15093,Zöpfe
15094,",",--,PUNCT,punct,15093,Zöpfe
15095,die,der,PRON,sb,15097,flocht
15096,sie,sie,PRON,sb,15097,flocht
15097,flocht,flocht,VERB,rc,15093,Zöpfe
15098,und,und,CCONJ,cd,15097,flocht
15099,kunstreich,kunstreich,ADV,cj,15098,und
15100,wie,wie,ADP,cm,15102,Krone
15101,eine,ein,DET,nk,15102,Krone
15102,Krone,Krone,NOUN,cc,15099,kunstreich
15103,um,um,ADP,mnr,15102,Krone
15104,das,der,DET,nk,15106,runde
15105,schöne,schön,ADJ,nk,15106,runde
15106,runde,Runde,NOUN,nk,15103,um
15107,Köpfchen,köpfchen,NOUN,oa,15108,legte
15108,legte,legen,VERB,ROOT,15108,legte
15109,.,--,PUNCT,punct,15108,legte
15110,Sie,sie,PRON,sb,15111,wusch
15111,wusch,waschen,VERB,ROOT,15111,wusch
15112,sich,sich,PRON,oa,15111,wusch
15113,das,der,DET,nk,15114,Gesicht
15114,Gesicht,Gesicht,NOUN,oa,15111,wusch
15115,und,und,CCONJ,cd,15114,Gesicht
15116,die,der,DET,nk,15117,Hände
15117,Hände,Hand,NOUN,cj,15115,und
15118,",",--,PUNCT,punct,15111,wusch
15119,putzte,putzen,VERB,cj,15111,wusch
15120,die,der,DET,nk,15121,Zähne
15121,Zähne,Zahn,NOUN,oa,15119,putzte
15122,",",--,PUNCT,punct,15119,putzte
15123,beschnitt,beschneten,VERB,ROOT,15123,beschnitt
15124,sich,sich,PRON,oa,15123,beschnitt
15125,die,der,DET,nk,15126,Nägel
15126,Nägel,Nägel,NOUN,sb,15123,beschnitt
15127,und,und,CCONJ,cd,15123,beschnitt
15128,tat,tun,VERB,cj,15127,und
15129,alles,alle,PRON,oa,15128,tat
15130,mit,mit,ADP,mo,15128,tat
15131,so,so,ADV,mo,15132,unbegreiflicher
15132,unbegreiflicher,unbegreiflich,ADJ,nk,15133,Zierlichkeit
15133,Zierlichkeit,Zierlichkeit,NOUN,nk,15130,mit
15134,",",--,PUNCT,punct,15128,tat
15135,Anmut,Anmut,NOUN,ROOT,15135,Anmut
15136,und,und,CCONJ,cd,15135,Anmut
15137,hinreißender,hinreißend,ADJ,nk,15138,Schnelligkeit
15138,Schnelligkeit,Schnelligkeit,NOUN,cj,15136,und
15139,der,der,DET,nk,15140,Bewegungen
15140,Bewegungen,Bewegung,NOUN,ag,15135,Anmut
15141,",",--,PUNCT,punct,15135,Anmut
15142,daß,daß,SCONJ,cp,15143,es
15143,es,es,PRON,par,15135,Anmut
15144,mir,mir,PRON,da,15145,vor
15145,vor,vor,ADP,re,15143,es
15146,den,der,DET,nk,15147,Augen
15147,Augen,Auge,NOUN,nk,15145,vor
15148,zitterte,zittert,ADJ,ROOT,15148,zitterte
15149,und,und,CCONJ,cd,15148,zitterte
15150,bebte,beben,VERB,cj,15149,und
15151,.,--,PUNCT,punct,15148,zitterte
15152,Als,als,SCONJ,cp,15156,Ohrringe
15153,sie,sie,PRON,nk,15152,Als
15154,die,der,DET,nk,15156,Ohrringe
15155,brillantenen,brillanten,ADJ,nk,15156,Ohrringe
15156,Ohrringe,Ohrring,NOUN,ROOT,15156,Ohrringe
15157,in,in,ADP,mnr,15156,Ohrringe
15158,die,der,DET,nk,15160,schwarzen
15159,kleinen,klein,ADJ,nk,15160,schwarzen
15160,schwarzen,schwarz,NOUN,nk,15157,in
15161,Muschelöhrchen,Muschelöhrchen,NOUN,sb,15162,befestigte
15162,befestigte,befestigen,VERB,ROOT,15162,befestigte
15163,und,und,CCONJ,cd,15162,befestigte
15164,die,der,DET,nk,15166,Zitternadeln
15165,glitzernden,glitzernd,ADJ,nk,15166,Zitternadeln
15166,Zitternadeln,Zitternadel,NOUN,cj,15163,und
15167,in,in,ADP,mnr,15166,Zitternadeln
15168,den,der,DET,nk,15169,Flechtenkranz
15169,Flechtenkranz,Flechtenkranz,NOUN,nk,15167,in
15170,steckte,stecken,VERB,ROOT,15170,steckte
15171,und,und,CCONJ,cd,15170,steckte
15172,die,der,DET,nk,15175,Bernsteinschnüre
15173,Korallen-,Koralle,X,cj,15174,und
15174,und,und,CCONJ,cd,15175,Bernsteinschnüre
15175,Bernsteinschnüre,Bernsteinschnür,NOUN,oa,15180,legte
15176,um,um,ADP,op,15180,legte
15177,das,der,DET,nk,15179,Hälschen
15178,braune,braun,ADJ,nk,15179,Hälschen
15179,Hälschen,Hälschen,NOUN,nk,15176,um
15180,legte,legen,VERB,cj,15171,und
15181,und,und,CCONJ,cd,15180,legte
15182,dabei,dabei,ADV,mo,15186,zuckte
15183,hin,hin,ADV,mo,15186,zuckte
15184,und,und,CCONJ,cd,15183,hin
15185,her,her,ADV,cj,15184,und
15186,zuckte,zucken,VERB,mo,15191,gingen
15187,wie,wie,ADP,cm,15189,Wunderwerkchen
15188,ein,ein,DET,nk,15189,Wunderwerkchen
15189,Wunderwerkchen,Wunderwerkchen,NOUN,mo,15186,zuckte
15190,",",--,PUNCT,punct,15191,gingen
15191,gingen,gehen,VERB,ROOT,15191,gingen
15192,mir,mir,PRON,da,15191,gingen
15193,die,der,DET,nk,15194,Augen
15194,Augen,Auge,NOUN,sb,15191,gingen
15195,über,über,ADP,svp,15191,gingen
15196,.,--,PUNCT,punct,15191,gingen
15197,Sie,sie,PRON,ROOT,15197,Sie
15198,begoß,begoß,VERB,ROOT,15198,begoß
15199,sich,sich,PRON,oa,15198,begoß
15200,mit,mit,ADP,mo,15198,begoß
15201,Wohlgerüchen,Wohlgerüche,NOUN,nk,15200,mit
15202,",",--,PUNCT,punct,15198,begoß
15203,rieb,rieb,VERB,cj,15198,begoß
15204,sich,sich,PRON,oa,15203,rieb
15205,die,der,DET,nk,15207,Patschchen
15206,schwarzen,schwarz,ADJ,nk,15207,Patschchen
15207,Patschchen,Patschche,NOUN,sb,15203,rieb
15208,mit,mit,ADP,mo,15203,rieb
15209,duftendem,duftend,ADJ,nk,15208,mit
15210,Öl,Öl,NOUN,ROOT,15210,Öl
15211,und,und,CCONJ,ju,15212,steckte
15212,steckte,stecken,VERB,ROOT,15212,steckte
15213,sich,sich,PRON,oa,15212,steckte
15214,ein,ein,DET,nk,15216,Ringlein
15215,blitzendes,blitzend,ADJ,nk,15216,Ringlein
15216,Ringlein,Ringlein,NOUN,sb,15212,steckte
15217,um,um,ADP,mnr,15216,Ringlein
15218,das,der,DET,nk,15219,andere
15219,andere,anderer,PRON,nk,15217,um
15220,an,an,ADP,mo,15212,steckte
15221,die,der,DET,nk,15222,schlanken
15222,schlanken,schlank,ADJ,nk,15220,an
15223,Fingerchen,Fingerchen,NOUN,ROOT,15223,Fingerchen
15224,.,--,PUNCT,punct,15223,Fingerchen
15225,Nun,nun,ADV,mo,15226,stellte
15226,stellte,stellen,VERB,ROOT,15226,stellte
15227,sie,sie,PRON,sb,15226,stellte
15228,einen,ein,DET,nk,15229,Spiegel
15229,Spiegel,Spiegel,NOUN,oa,15226,stellte
15230,auf,auf,ADP,svp,15226,stellte
15231,und,und,CCONJ,cd,15226,stellte
15232,bleckte,blecken,VERB,cj,15231,und
15233,die,der,DET,nk,15234,Zähnchen
15234,Zähnchen,Zähnchen,NOUN,oa,15232,bleckte
15235,so,so,ADV,mo,15236,artig
15236,artig,artig,ADV,mo,15232,bleckte
15237,hinein,hinein,ADV,pd,15240,ist
15238,",",--,PUNCT,punct,15240,ist
15239,es,es,PRON,sb,15240,ist
15240,ist,sein,AUX,ROOT,15240,ist
15241,nicht,nicht,PART,ng,15243,beschreiben
15242,zu,zu,PART,pm,15243,beschreiben
15243,beschreiben,beschreiben,VERB,oc,15240,ist
15244,.,--,PUNCT,punct,15240,ist
15245,Und,und,CCONJ,ju,15249,donnerte
15246,bei,bei,ADP,mo,15249,donnerte
15247,allem,alle,PRON,nk,15246,bei
15248,dem,der,DET,nk,15249,donnerte
15249,donnerte,donnert,NOUN,ROOT,15249,donnerte
15250,und,und,CCONJ,cd,15249,donnerte
15251,blitzte,blitzen,VERB,cj,15250,und
15252,es,es,PRON,oa,15251,blitzte
15253,draußen,draußen,ADV,mo,15258,ward
15254,",",--,PUNCT,punct,15253,draußen
15255,und,und,CCONJ,ju,15258,ward
15256,ihre,ihr,DET,nk,15257,Eile
15257,Eile,Eile,NOUN,sb,15258,ward
15258,ward,ward,VERB,ROOT,15258,ward
15259,immer,immer,ADV,mo,15260,größer
15260,größer,groß,ADV,pd,15258,ward
15261,;,--,PUNCT,punct,15258,ward
15262,ich,ich,PRON,sb,15263,verstehe
15263,verstehe,verstehen,VERB,ROOT,15263,verstehe
15264,mich,sich,PRON,oa,15263,verstehe
15265,auf,auf,ADP,mo,15263,verstehe
15266,Lichtwirkungen,Lichtwirkung,NOUN,nk,15265,auf
15267,in,in,ADP,ROOT,15267,in
15268,der,der,DET,nk,15269,Nacht
15269,Nacht,Nacht,NOUN,nk,15267,in
15270,",",--,PUNCT,punct,15267,in
15271,aber,aber,CCONJ,cd,15267,in
15272,ich,ich,PRON,sb,15273,habe
15273,habe,haben,AUX,cj,15271,aber
15274,mein,mein,DET,nk,15275,Lebtag
15275,Lebtag,Lebtag,NOUN,oa,15279,gesehen
15276,kein,kein,DET,nk,15278,Feuerwerk
15277,solches,solcher,DET,nk,15278,Feuerwerk
15278,Feuerwerk,Feuerwerk,NOUN,oa,15279,gesehen
15279,gesehen,sehen,VERB,oc,15273,habe
15280,",",--,PUNCT,punct,15267,in
15281,kein,kein,DET,cj,15267,in
15282,Blitzen,Blitz,NOUN,ROOT,15282,Blitzen
15283,auf,auf,ADP,mnr,15282,Blitzen
15284,so,so,ADV,mo,15285,schönem
15285,schönem,schön,ADJ,nk,15287,Grund
15286,dunkeln,dunkel,ADJ,nk,15287,Grund
15287,Grund,Grund,NOUN,nk,15283,auf
15288,als,als,ADP,cm,15290,Spiel
15289,das,der,DET,nk,15290,Spiel
15290,Spiel,Spiel,NOUN,cc,15284,so
15291,der,der,DET,nk,15292,Diamanten
15292,Diamanten,Diamant,NOUN,ag,15290,Spiel
15293,und,und,CCONJ,cd,15292,Diamanten
15294,Perlen,Perle,NOUN,cj,15293,und
15295,auf,auf,ADP,svp,15282,Blitzen
15296,ihr,ihr,PRON,ROOT,15296,ihr
15297,;,--,PUNCT,punct,15296,ihr
15298,denn,denn,CCONJ,ju,15300,war
15299,sie,sie,PRON,sb,15300,war
15300,war,sein,AUX,ROOT,15300,war
15301,ein,ein,DET,nk,15302,wunderschönes
15302,wunderschönes,wunderschön,ADJ,nk,15311,bewegtes
15303,",",--,PUNCT,punct,15302,wunderschönes
15304,frei,frei,ADV,cj,15302,wunderschönes
15305,",",--,PUNCT,punct,15302,wunderschönes
15306,kühn,kühn,ADV,cj,15304,frei
15307,",",--,PUNCT,punct,15302,wunderschönes
15308,scheu,scheu,ADV,cj,15304,frei
15309,und,und,CCONJ,cd,15308,scheu
15310,züchtig,züchtig,ADV,cj,15309,und
15311,bewegtes,bewegt,ADJ,pd,15300,war
15312,Menschenbild,Menschenbild,NOUN,ROOT,15312,Menschenbild
15313,.,--,PUNCT,punct,15312,Menschenbild
15314,Flüchtig,Flüchtig,ADV,mo,15315,packte
15315,packte,packen,VERB,ROOT,15315,packte
15316,sie,sie,PRON,sb,15315,packte
15317,nun,nun,ADV,mo,15315,packte
15318,alle,aller,DET,nk,15319,Geräte
15319,Geräte,Gerät,NOUN,oa,15315,packte
15320,wieder,wieder,ADV,mo,15315,packte
15321,in,in,ADP,mo,15315,packte
15322,das,der,DET,nk,15323,Kästchen
15323,Kästchen,Kästchen,NOUN,nk,15321,in
15324,",",--,PUNCT,punct,15325,steckte
15325,steckte,stecken,VERB,cj,15315,packte
15326,noch,noch,ADV,mo,15325,steckte
15327,eine,ein,DET,oa,15325,steckte
15328,Handvoll,Handvoll,NOUN,ams,15329,weißes
15329,weißes,weiß,ADJ,nk,15330,Zuckerwerk
15330,Zuckerwerk,Zuckerwerk,NOUN,ROOT,15330,Zuckerwerk
15331,in,in,ADP,mnr,15330,Zuckerwerk
15332,das,der,DET,nk,15333,Mäulchen
15333,Mäulchen,mäulchen,NOUN,nk,15331,in
15334,und,und,CCONJ,cd,15330,Zuckerwerk
15335,knupperte,knupperen,VERB,cj,15334,und
15336,wie,wie,ADP,cm,15338,Maus
15337,eine,ein,DET,nk,15338,Maus
15338,Maus,Maus,NOUN,mo,15335,knupperte
15339,",",--,PUNCT,punct,15335,knupperte
15340,während,während,SCONJ,ROOT,15340,während
15341,sie,sie,PRON,ROOT,15341,sie
15342,das,der,DET,nk,15343,Kästchen
15343,Kästchen,Kästchen,NOUN,oa,15356,wieder
15344,mit,mit,ADP,mnr,15343,Kästchen
15345,scheuen,scheu,ADJ,nk,15346,Blicken
15346,Blicken,Blick,NOUN,nk,15344,mit
15347,um,um,ADP,mnr,15343,Kästchen
15348,sich,sich,PRON,nk,15347,um
15349,her,her,ADV,mo,15347,um
15350,:,--,PUNCT,punct,15343,Kästchen
15351,ob,ob,SCONJ,cp,15354,schliefen
15352,wir,wir,PRON,sb,15354,schliefen
15353,auch,auch,ADV,mo,15354,schliefen
15354,schliefen,schliefen,VERB,par,15343,Kästchen
15355,",",--,PUNCT,punct,15354,schliefen
15356,wieder,wieder,ADV,ROOT,15356,wieder
15357,unter,unter,ADP,mo,15361,stellte
15358,die,der,DET,nk,15360,Trommel
15359,alte,alt,ADJ,nk,15360,Trommel
15360,Trommel,Trommel,NOUN,nk,15357,unter
15361,stellte,stellen,VERB,ROOT,15361,stellte
15362,.,--,PUNCT,punct,15361,stellte
15363,Die,der,DET,nk,15365,Katze
15364,schwarze,schwarz,ADJ,nk,15365,Katze
15365,Katze,Katze,NOUN,ROOT,15365,Katze
15366,",",--,PUNCT,punct,15365,Katze
15367,die,der,PRON,app,15365,Katze
15368,auf,auf,ADP,mnr,15367,die
15369,derselben,derselbe,DET,nk,15370,schlief
15370,schlief,Schlief,NOUN,nk,15368,auf
15371,",",--,PUNCT,punct,15365,Katze
15372,erhob,erheben,VERB,ROOT,15372,erhob
15373,sich,sich,PRON,oa,15372,erhob
15374,dabei,dabei,ADV,mo,15372,erhob
15375,und,und,CCONJ,cd,15372,erhob
15376,machte,machen,VERB,cj,15375,und
15377,einen,ein,DET,nk,15379,Buckel
15378,hohen,hoch,ADJ,nk,15379,Buckel
15379,Buckel,Buckel,NOUN,oa,15376,machte
15380,",",--,PUNCT,punct,15376,machte
15381,als,als,SCONJ,cm,15382,verwundere
15382,verwundere,verwundern,VERB,oc,15376,machte
15383,sie,sie,PRON,sb,15382,verwundere
15384,sich,sich,PRON,oa,15382,verwundere
15385,über,über,ADP,op,15382,verwundere
15386,sie,sie,PRON,ROOT,15386,sie
15387,",",--,PUNCT,punct,15386,sie
15388,da,da,SCONJ,cp,15398,strich
15389,sie,sie,PRON,sb,15398,strich
15390,ihr,ihr,PRON,da,15398,strich
15391,mit,mit,ADP,mo,15398,strich
15392,den,der,DET,nk,15394,Händen
15393,funkelnden,funkelnd,ADJ,nk,15394,Händen
15394,Händen,Hand,NOUN,nk,15391,mit
15395,über,über,ADP,mnr,15394,Händen
15396,den,der,DET,nk,15397,Rücken
15397,Rücken,Rücken,NOUN,nk,15395,über
15398,strich,streichen,VERB,mo,15386,sie
15399,.,--,PUNCT,punct,15386,sie
15400,Nun,nun,ADV,mo,15401,brachte
15401,brachte,bringen,VERB,ROOT,15401,brachte
15402,sie,sie,PRON,sb,15410,legte
15403,ein,ein,DET,nk,15405,Hemd
15404,feines,fein,ADJ,nk,15405,Hemd
15405,Hemd,Hemd,NOUN,oa,15410,legte
15406,von,von,ADP,pg,15405,Hemd
15407,weißer,weiß,ADJ,nk,15408,Seide
15408,Seide,Seide,NOUN,nk,15406,von
15409,",",--,PUNCT,punct,15410,legte
15410,legte,legen,VERB,ROOT,15410,legte
15411,es,es,PRON,oa,15410,legte
15412,über,über,ADP,mo,15410,legte
15413,den,der,DET,nk,15414,Arm
15414,Arm,Arm,NOUN,nk,15412,über
15415,und,und,CCONJ,cd,15410,legte
15416,fing,fing,VERB,cj,15415,und
15417,an,an,ADP,svp,15410,legte
15418,",",--,PUNCT,punct,15410,legte
15419,ihr,ihr,PRON,dep,15410,legte
15420,Mieder,Mieder,NOUN,oa,15421,aufzuschnüren
15421,aufzuschnüren,aufzuschnüren,VERB,ROOT,15421,aufzuschnüren
15422,",",--,PUNCT,punct,15421,aufzuschnüren
15423,wobei,wobei,SCONJ,mo,15428,kehrte
15424,sie,sie,PRON,sb,15428,kehrte
15425,uns,uns,PRON,da,15428,kehrte
15426,den,der,DET,nk,15427,Rücken
15427,Rücken,Rücken,NOUN,oa,15428,kehrte
15428,kehrte,kehren,VERB,mo,15421,aufzuschnüren
15429,;,--,PUNCT,punct,15421,aufzuschnüren
15430,es,es,PRON,sb,15431,sah
15431,sah,sehen,VERB,ROOT,15431,sah
15432,aus,aus,ADP,svp,15431,sah
15433,",",--,PUNCT,punct,15431,sah
15434,als,als,ADP,mo,15431,sah
15435,werfe,werfen,VERB,nk,15434,als
15436,sie,sie,PRON,ROOT,15436,sie
15437,Kußhändchen,Kußhändchen,NOUN,ROOT,15437,Kußhändchen
15438,aus,aus,ADP,ROOT,15438,aus
15439,",",--,PUNCT,punct,15438,aus
15440,wenn,wenn,SCONJ,cp,15444,zog
15441,sie,sie,PRON,sb,15444,zog
15442,die,der,DET,nk,15443,Nestel
15443,Nestel,Nestel,NOUN,oa,15444,zog
15444,zog,ziehen,VERB,mo,15438,aus
15445,;,--,PUNCT,ROOT,15445,;
15446,nun,nun,ADV,mo,15448,schlüpfte
15447,aber,aber,ADV,mo,15448,schlüpfte
15448,schlüpfte,schlüpfen,VERB,ROOT,15448,schlüpfte
15449,sie,sie,PRON,sb,15448,schlüpfte
15450,in,in,ADP,mo,15448,schlüpfte
15451,die,der,DET,nk,15450,in
15452,Küche,Küche,NOUN,ROOT,15452,Küche
15453,und,und,CCONJ,cd,15452,Küche
15454,trat,treten,VERB,cj,15453,und
15455,in,in,ADP,mo,15454,trat
15456,wenigen,weniger,DET,nk,15457,Minuten
15457,Minuten,Minute,NOUN,nk,15455,in
15458,wieder,wieder,ADV,mo,15454,trat
15459,herein,herein,ADV,svp,15454,trat
15460,in,in,ADP,mo,15454,trat
15461,einem,ein,DET,nk,15463,Röckchen
15462,schneeweißen,schneeweiß,ADJ,nk,15463,Röckchen
15463,Röckchen,Röckchen,NOUN,nk,15460,in
15464,und,und,CCONJ,ROOT,15464,und
15465,einem,ein,DET,nk,15466,Mieder
15466,Mieder,Mied,NOUN,cj,15464,und
15467,von,von,ADP,pg,15466,Mieder
15468,rotem,rot,ADJ,nk,15470,Samt
15469,venetianischen,venetianisch,ADJ,nk,15470,Samt
15470,Samt,Samt,NOUN,nk,15467,von
15471,.,--,PUNCT,ROOT,15471,.
15472,So,so,ADV,mo,15473,stand
15473,stand,stehen,VERB,ROOT,15473,stand
15474,sie,sie,PRON,sb,15473,stand
15475,mitten,mitten,ADV,mo,15476,auf
15476,auf,auf,ADP,mo,15473,stand
15477,der,der,DET,nk,15476,auf
15478,Decke,Decke,NOUN,ROOT,15478,Decke
15479,und,und,CCONJ,cd,15478,Decke
15480,betrachtete,betrachten,VERB,cj,15479,und
15481,ihren,ihr,DET,nk,15482,Staat
15482,Staat,Staat,NOUN,oa,15480,betrachtete
15483,mit,mit,ADP,mo,15480,betrachtete
15484,kindischem,kindisch,ADJ,nk,15485,Wohlgefallen
15485,Wohlgefallen,Wohlgefall,NOUN,nk,15483,mit
15486,;,--,PUNCT,punct,15478,Decke
15487,der,der,DET,nk,15488,Donner
15488,Donner,Donner,NOUN,ROOT,15488,Donner
15489,rollte,Rollt,NOUN,ROOT,15489,rollte
15490,heftiger,heftig,ADJ,sb,15489,rollte
15491,",",--,PUNCT,punct,15490,heftiger
15492,Martino,Martino,PROPN,sb,15493,wachte
15493,wachte,wachen,VERB,cj,15490,heftiger
15494,auf,auf,ADP,svp,15493,wachte
15495,",",--,PUNCT,punct,15489,rollte
15496,Mitidika,Mitidika,NOUN,sb,15497,faßte
15497,faßte,fassen,VERB,cj,15489,rollte
15498,den,der,DET,nk,15499,Teppich
15499,Teppich,Teppich,NOUN,oa,15497,faßte
15500,mit,mit,ADP,mo,15497,faßte
15501,beiden,beide,PRON,nk,15500,mit
15502,Händen,Hand,NOUN,sb,15507,stieß
15503,über,über,ADP,op,15502,Händen
15504,die,der,DET,nk,15505,Schultern
15505,Schultern,Schulter,NOUN,nk,15503,über
15506,",",--,PUNCT,punct,15507,stieß
15507,stieß,stoßen,VERB,ROOT,15507,stieß
15508,mit,mit,ADP,mo,15507,stieß
15509,dem,der,DET,nk,15510,Fuß
15510,Fuß,Fuß,NOUN,nk,15508,mit
15511,die,der,DET,nk,15512,Kienfackel
15512,Kienfackel,Kienfackel,NOUN,oa,15507,stieß
15513,aus,aus,ADP,svp,15507,stieß
15514,",",--,PUNCT,punct,15507,stieß
15515,wickelte,wickeln,VERB,cj,15507,stieß
15516,sich,sich,PRON,oa,15515,wickelte
15517,schnell,schnell,ADV,mo,15518,ein
15518,ein,ein,ADV,ROOT,15518,ein
15519,wie,wie,ADP,cm,15521,Schmetterlingslarve
15520,eine,ein,DET,nk,15521,Schmetterlingslarve
15521,Schmetterlingslarve,Schmetterlingslarve,NOUN,cc,15518,ein
15522,",",--,PUNCT,punct,15521,Schmetterlingslarve
15523,ein,ein,DET,nk,15525,Blitz
15524,heller,hell,ADJ,nk,15525,Blitz
15525,Blitz,Blitz,NOUN,sb,15526,erleuchtete
15526,erleuchtete,erleuchten,VERB,cj,15518,ein
15527,die,der,DET,oa,15526,erleuchtete
15528,Kammer,Kammer,NOUN,ROOT,15528,Kammer
15529,",",--,PUNCT,punct,15528,Kammer
15530,sie,sie,PRON,sb,15531,schoß
15531,schoß,schoßn,ADV,oc,15528,Kammer
15532,wie,wie,ADP,cm,15534,Schlange
15533,eine,ein,DET,nk,15534,Schlange
15534,Schlange,Schlange,NOUN,mo,15531,schoß
15535,an,an,ADP,mnr,15534,Schlange
15536,die,der,DET,nk,15537,Erde
15537,Erde,Erde,NOUN,nk,15535,an
15538,nieder,nieder,ADV,svp,15531,schoß
15539,und,und,CCONJ,cd,15528,Kammer
15540,krümmte,krümmen,VERB,cj,15539,und
15541,sich,sich,PRON,oa,15540,krümmte
15542,zusammen,zusammen,ADV,ROOT,15542,zusammen
15543,.,--,PUNCT,punct,15542,zusammen
15544,Martino,Martino,PROPN,sb,15545,hatte
15545,hatte,haben,AUX,ROOT,15545,hatte
15546,sie,sie,PRON,sb,15545,hatte
15547,im,in,ADP,mo,15552,gesehen
15548,Leuchten,Leuchten,NOUN,nk,15547,im
15549,des,der,DET,nk,15550,Blitzes
15550,Blitzes,Blitz,NOUN,ag,15548,Leuchten
15551,noch,noch,ADV,mo,15552,gesehen
15552,gesehen,sehen,VERB,oc,15545,hatte
15553,",",--,PUNCT,punct,15545,hatte
15554,aber,aber,CCONJ,cd,15545,hatte
15555,er,er,PRON,sb,15556,wußte
15556,wußte,wissen,VERB,cj,15554,aber
15557,nicht,nicht,PART,ng,15561,war
15558,",",--,PUNCT,punct,15557,nicht
15559,was,was,PRON,pd,15561,war
15560,es,es,PRON,sb,15561,war
15561,war,sein,AUX,ROOT,15561,war
15562,;,--,PUNCT,punct,15561,war
15563,er,er,PRON,sb,15564,sprach
15564,sprach,sprechen,VERB,ROOT,15564,sprach
15565,:,--,PUNCT,punct,15564,sprach
15566,›Meister,›Meister,ADV,mo,15568,saht
15567,",",--,PUNCT,punct,15568,saht
15568,saht,sahen,VERB,oc,15564,sprach
15569,Ihr,ihr,PRON,sb,15568,saht
15570,etwas?‹,etwas?‹,AUX,nk,15571,Ich
15571,Ich,ich,PRON,sb,15572,war
15572,war,sein,AUX,oc,15568,saht
15573,aber,aber,ADV,mo,15572,war
15574,so,so,ADV,mo,15572,war
15575,erstaunt,erstaunt,ADV,pd,15580,blieb
15576,",",--,PUNCT,punct,15575,erstaunt
15577,daß,daß,SCONJ,cp,15580,blieb
15578,ich,ich,PRON,sb,15580,blieb
15579,stumm,stumm,ADV,pd,15580,blieb
15580,blieb,bleiben,VERB,ROOT,15580,blieb
15581,;,--,PUNCT,punct,15580,blieb
15582,da,da,ADV,mo,15583,sprach
15583,sprach,sprechen,VERB,ROOT,15583,sprach
15584,er,er,PRON,sb,15583,sprach
15585,:,--,PUNCT,punct,15583,sprach
15586,›Mitidika,›Mitidika,PROPN,par,15583,sprach
15587,",",--,PUNCT,punct,15588,schläfst
15588,schläfst,schläfst,VERB,ROOT,15588,schläfst
15589,du?‹,du?‹,PROPN,sb,15588,schläfst
15590,",",--,PUNCT,punct,15588,schläfst
15591,aber,aber,CCONJ,cd,15588,schläfst
15592,sie,sie,PRON,dep,15588,schläfst
15593,schwieg,schweigen,VERB,ROOT,15593,schwieg
15594,;,--,PUNCT,punct,15593,schwieg
15595,Martino,Martino,PROPN,sb,15596,drehte
15596,drehte,drehen,VERB,ROOT,15596,drehte
15597,sich,sich,PRON,oa,15596,drehte
15598,um,um,ADP,svp,15596,drehte
15599,und,und,CCONJ,cd,15596,drehte
15600,schlief,schlieefen,VERB,cj,15599,und
15601,auch,auch,ADV,mo,15600,schlief
15602,wieder,wieder,ADV,svp,15600,schlief
15603,.,--,PUNCT,punct,15596,drehte
15604,Meine,mein,DET,nk,15605,Gedanken
15605,Gedanken,Gedanke,NOUN,ROOT,15605,Gedanken
15606,über,über,ADP,op,15605,Gedanken
15607,das,der,PRON,sb,15613,ließen
15608,",",--,PUNCT,punct,15607,das
15609,was,wer,PRON,oa,15611,gesehen
15610,ich,ich,PRON,sb,15611,gesehen
15611,gesehen,sehen,VERB,rc,15607,das
15612,",",--,PUNCT,punct,15613,ließen
15613,ließen,lassen,VERB,ROOT,15613,ließen
15614,mich,mich,PRON,oa,15616,ruhen
15615,nicht,nicht,PART,ng,15613,ließen
15616,ruhen,ruhen,VERB,oc,15613,ließen
15617,",",--,PUNCT,punct,15613,ließen
15618,der,der,DET,nk,15620,Schmuck
15619,wunderbare,wunderbar,ADJ,nk,15620,Schmuck
15620,Schmuck,Schmuck,NOUN,dep,15613,ließen
15621,in,in,ADP,mnr,15620,Schmuck
15622,dem,der,DET,nk,15621,in
15623,Besitz,Besitz,NOUN,ROOT,15623,Besitz
15624,der,der,DET,nk,15627,Bettlerin
15625,kleinen,klein,ADJ,nk,15627,Bettlerin
15626,braunen,braun,ADJ,nk,15627,Bettlerin
15627,Bettlerin,Bettlerin,NOUN,ag,15623,Besitz
15628,",",--,PUNCT,punct,15623,Besitz
15629,und,und,CCONJ,cd,15623,Besitz
15630,daß,daß,SCONJ,cp,15635,sorgsam
15631,sie,sie,PRON,sb,15635,sorgsam
15632,ihn,ihn,PRON,oa,15635,sorgsam
15633,jetzt,jetzt,ADV,mo,15635,sorgsam
15634,so,so,ADV,mo,15635,sorgsam
15635,sorgsam,sorgsam,ADV,cj,15629,und
15636,und,und,CCONJ,cd,15635,sorgsam
15637,heimlich,heimlich,ADV,mo,15638,angelegt
15638,angelegt,anlegen,VERB,mo,15640,befremdete
15639,",",--,PUNCT,punct,15640,befremdete
15640,befremdete,befremden,VERB,ROOT,15640,befremdete
15641,mich,mich,PRON,oa,15640,befremdete
15642,ungemein,ungemein,ADV,mo,15640,befremdete
15643,;,--,PUNCT,punct,15640,befremdete
15644,alles,alle,PRON,sb,15645,kam
15645,kam,kommen,VERB,ROOT,15645,kam
15646,mir,mir,PRON,da,15645,kam
15647,wie,wie,ADP,cm,15648,Zauberei
15648,Zauberei,Zauberei,NOUN,mo,15645,kam
15649,vor,vor,ADP,svp,15645,kam
15650,.,--,PUNCT,punct,15645,kam
15651,Sie,sie,PRON,sb,15652,erwartet
15652,erwartet,erwarten,VERB,ROOT,15652,erwartet
15653,ein,ein,DET,nk,15654,Waldgespenst
15654,Waldgespenst,Waldgespenst,NOUN,oa,15652,erwartet
15655,und,und,CCONJ,cd,15652,erwartet
15656,schmückt,schmücken,VERB,cj,15655,und
15657,sich,sich,PRON,oa,15656,schmückt
15658,wie,wie,ADP,cm,15660,Braut
15659,eine,ein,DET,nk,15660,Braut
15660,Braut,Braut,NOUN,mo,15656,schmückt
15661,.,--,PUNCT,punct,15652,erwartet
15662,War,sein,AUX,ROOT,15662,War
15663,dies,dieser,PRON,sb,15662,War
15664,gestohlnes,gestohln,ADJ,nk,15665,Gut
15665,Gut,Gut,NOUN,ROOT,15665,Gut
15666,?,--,PUNCT,punct,15665,Gut
15667,Ist,sein,AUX,ROOT,15667,Ist
15668,sie,sie,PRON,sb,15667,Ist
15669,eine,ein,DET,nk,15673,Prinzessin
15670,verkleidete,verkleidet,ADJ,nk,15673,Prinzessin
15671,",",--,PUNCT,punct,15670,verkleidete
15672,versteckte,versteckt,ADJ,cj,15670,verkleidete
15673,Prinzessin,Prinzessin,NOUN,pd,15667,Ist
15674,?,--,PUNCT,punct,15667,Ist
15675,Warum,warum,ADV,mo,15676,geht
15676,geht,gehen,VERB,ROOT,15676,geht
15677,sie,sie,PRON,sb,15676,geht
15678,in,in,ADP,mo,15681,schlafen
15679,dieser,dieser,DET,nk,15680,Pracht
15680,Pracht,Pracht,NOUN,nk,15678,in
15681,schlafen,schlafen,VERB,ROOT,15681,schlafen
15682,",",--,PUNCT,punct,15681,schlafen
15683,und,und,CCONJ,cd,15681,schlafen
15684,warum,warum,SCONJ,mo,15685,wickelt
15685,wickelt,wickeln,VERB,cj,15683,und
15686,sie,sie,PRON,sb,15685,wickelt
15687,sich,sich,PRON,oa,15685,wickelt
15688,mit,mit,ADP,mo,15685,wickelt
15689,all,all,DET,nk,15691,Herrlichkeit
15690,der,der,DET,nk,15691,Herrlichkeit
15691,Herrlichkeit,Herrlichkeit,NOUN,nk,15688,mit
15692,in,in,ADP,ROOT,15692,in
15693,den,der,DET,nk,15695,Teppich
15694,alten,alt,ADJ,nk,15695,Teppich
15695,Teppich,Teppich,NOUN,nk,15692,in
15696,ein,ein,ADV,mo,15692,in
15697,?,--,PUNCT,punct,15692,in
15698,Sollte,sollen,AUX,ROOT,15698,Sollte
15699,alles,alle,PRON,sb,15698,Sollte
15700,dies,dieser,PRON,sb,15698,Sollte
15701,geheim,geheim,ADV,pd,15702,sein
15702,sein,sein,AUX,oc,15698,Sollte
15703,",",--,PUNCT,punct,15698,Sollte
15704,wie,wie,SCONJ,mo,15705,war
15705,war,sein,AUX,mo,15698,Sollte
15706,es,es,PRON,sb,15705,war
15707,möglich,möglich,ADV,pd,15705,war
15708,",",--,PUNCT,punct,15698,Sollte
15709,da,da,SCONJ,mo,15698,Sollte
15710,wir,wir,PRON,sb,15719,mußten
15711,sie,sie,PRON,oa,15718,finden
15712,morgen,morgen,ADV,mo,15719,mußten
15713,früh,früh,ADV,mo,15718,finden
15714,doch,doch,ADV,mo,15718,finden
15715,in,in,ADP,mo,15718,finden
15716,ihrem,ihr,DET,nk,15717,Putz
15717,Putz,Putz,NOUN,nk,15715,in
15718,finden,finden,VERB,oc,15719,mußten
15719,mußten,müssen,AUX,ROOT,15719,mußten
15720,?,--,PUNCT,punct,15719,mußten
15721,So,so,ADV,mo,15722,lag
15722,lag,liegen,VERB,ROOT,15722,lag
15723,ich,ich,PRON,sb,15722,lag
15724,nachsinnend,nachsinnend,ADV,mo,15722,lag
15725,;,--,PUNCT,punct,15722,lag
15726,das,der,DET,nk,15727,Gewitter
15727,Gewitter,Gewitter,NOUN,sb,15728,war
15728,war,sein,AUX,ROOT,15728,war
15729,in,in,ADP,mo,15728,war
15730,vollem,voll,ADJ,nk,15731,Grimme
15731,Grimme,Grimme,NOUN,nk,15729,in
15732,über,über,ADP,mo,15728,war
15733,uns,uns,PRON,nk,15732,über
15734,",",--,PUNCT,punct,15728,war
15735,und,und,CCONJ,cd,15728,war
15736,das,der,DET,nk,15737,Licht
15737,Licht,Licht,NOUN,cj,15735,und
15738,der,der,DET,nk,15740,Blitze
15739,zuckenden,zuckend,ADJ,nk,15740,Blitze
15740,Blitze,Blitz,NOUN,ag,15737,Licht
15741,zeigte,zeigen,VERB,ROOT,15741,zeigte
15742,mir,mir,PRON,pnc,15743,öfters
15743,öfters,öfters,PROPN,sb,15741,zeigte
15744,das,der,DET,nk,15745,Bild
15745,Bild,Bild,NOUN,oa,15741,zeigte
15746,der,der,DET,nk,15747,Mitidika
15747,Mitidika,Mitidika,NOUN,ag,15745,Bild
15748,",",--,PUNCT,punct,15745,Bild
15749,welche,welcher,PRON,oa,15741,zeigte
15750,",",--,PUNCT,punct,15749,welche
15751,wie,wie,SCONJ,cm,15753,Mumie
15752,eine,ein,DET,nk,15753,Mumie
15753,Mumie,Mumie,NOUN,cc,15749,welche
15754,in,in,ADP,mnr,15753,Mumie
15755,den,der,DET,nk,15756,Teppich
15756,Teppich,Teppich,NOUN,nk,15754,in
15757,gehüllt,hüllen,VERB,ROOT,15757,gehüllt
15758,",",--,PUNCT,punct,15757,gehüllt
15759,an,an,ADP,mo,15762,ausgestreckt
15760,der,der,DET,nk,15761,Erde
15761,Erde,Erde,NOUN,nk,15759,an
15762,ausgestreckt,ausstrecken,VERB,cj,15757,gehüllt
15763,lag,liegen,VERB,mo,15757,gehüllt
15764,.,--,PUNCT,punct,15757,gehüllt
15765,Als,als,SCONJ,cp,15768,durch
15766,ich,ich,PRON,sb,15768,durch
15767,aber,aber,ADV,mo,15768,durch
15768,durch,durch,ADP,ROOT,15768,durch
15769,das,der,DET,nk,15771,Wetter
15770,wilde,wild,ADJ,nk,15771,Wetter
15771,Wetter,Wetter,NOUN,nk,15768,durch
15772,ein,ein,DET,ROOT,15772,ein
15773,Horn,Horn,PROPN,oa,15774,schallen
15774,schallen,schallen,VERB,mo,15777,stieß
15775,hörte,hören,VERB,mo,15774,schallen
15776,",",--,PUNCT,punct,15777,stieß
15777,stieß,stoßen,VERB,ROOT,15777,stieß
15778,ich,ich,PRON,sb,15777,stieß
15779,Martino,Martino,NOUN,oa,15777,stieß
15780,an,an,ADP,svp,15777,stieß
15781,und,und,CCONJ,cd,15777,stieß
15782,flüsterte,flüstern,VERB,cj,15781,und
15783,ihm,ihm,PRON,da,15782,flüsterte
15784,zu,zu,ADP,svp,15782,flüsterte
15785,:,--,PUNCT,punct,15777,stieß
15786,›Halte,›Halte,VERB,ROOT,15786,›Halte
15787,dich,dich,PRON,da,15786,›Halte
15788,bereit,bereit,ADV,ROOT,15788,bereit
15789,",",--,PUNCT,punct,15788,bereit
15790,ich,ich,PRON,sb,15791,glaube
15791,glaube,glauben,VERB,oc,15788,bereit
15792,",",--,PUNCT,punct,15791,glaube
15793,der,der,DET,nk,15795,Jäger
15794,wilde,wild,ADJ,nk,15795,Jäger
15795,Jäger,Jäger,NOUN,sb,15796,ist
15796,ist,sein,AUX,oc,15791,glaube
15797,im,in,ADP,mo,15796,ist
15798,Anzug.‹,Anzug.‹,PUNCT,punct,15791,glaube
15799,Wir,wir,PRON,sb,15800,hörten
15800,hörten,hören,VERB,ROOT,15800,hörten
15801,das,der,DET,nk,15802,Horn
15802,Horn,Horn,NOUN,oa,15800,hörten
15803,nochmals,nochmals,ADV,mo,15800,hörten
15804,und,und,CCONJ,cj,15809,und
15805,Pferdegetrapp,Pferdegetrapp,NOUN,cj,15804,und
15806,und,und,CCONJ,cd,15805,Pferdegetrapp
15807,Gewieher,Gewieher,NOUN,cj,15806,und
15808,",",--,PUNCT,punct,15809,und
15809,und,und,CCONJ,ROOT,15809,und
15810,ich,ich,PRON,sb,15811,bemerkte
15811,bemerkte,bemerken,VERB,cj,15809,und
15812,",",--,PUNCT,punct,15811,bemerkte
15813,daß,daß,SCONJ,cp,15815,aufstand
15814,Mitidika,Mitidika,PROPN,sb,15815,aufstand
15815,aufstand,aufstinden,VERB,oc,15811,bemerkte
15816,;,--,PUNCT,punct,15809,und
15817,ich,ich,PRON,ROOT,15817,ich
15818,kroch,kroch,ADV,ROOT,15818,kroch
15819,aber,aber,CCONJ,cd,15818,kroch
15820,quer,quer,ADV,mo,15821,vor
15821,vor,vor,ADP,cj,15819,aber
15822,die,der,DET,nk,15824,Küchentüre
15823,offene,offen,ADJ,nk,15824,Küchentüre
15824,Küchentüre,Küchentüre,NOUN,nk,15821,vor
15825,",",--,PUNCT,punct,15818,kroch
15826,und,und,CCONJ,cd,15818,kroch
15827,als,als,SCONJ,cp,15828,sie
15828,sie,sie,PRON,cj,15826,und
15829,mit,mit,ADP,mnr,15828,sie
15830,dem,der,DET,nk,15831,Fuße
15831,Fuße,Fuß,NOUN,nk,15829,mit
15832,an,an,ADP,mo,15829,mit
15833,mich,mich,PRON,nk,15832,an
15834,anstieß,anstieß,VERB,mo,15836,glaubte
15835,",",--,PUNCT,punct,15836,glaubte
15836,glaubte,glauben,VERB,ROOT,15836,glaubte
15837,sie,sie,PRON,sb,15836,glaubte
15838,umgegangen,umgehen,VERB,oc,15840,sein
15839,zu,zu,PART,pm,15840,sein
15840,sein,sein,AUX,oc,15836,glaubte
15841,und,und,CCONJ,cd,15836,glaubte
15842,wendete,wenden,VERB,cj,15841,und
15843,sich,sich,PRON,oa,15842,wendete
15844,nach,nach,ADP,mo,15842,wendete
15845,einer,ein,DET,nk,15846,andern
15846,andern,anderer,PRON,nk,15844,nach
15847,Seite,Seite,NOUN,ROOT,15847,Seite
15848,.,--,PUNCT,punct,15847,Seite
15849,Martino,Martino,PROPN,sb,15850,stand
15850,stand,stehen,VERB,ROOT,15850,stand
15851,auf,auf,ADP,svp,15850,stand
15852,",",--,PUNCT,punct,15850,stand
15853,die,der,DET,nk,15854,Haustüre
15854,Haustüre,Haustüre,NOUN,sb,15855,öffnete
15855,öffnete,öffnen,VERB,cj,15850,stand
15856,sich,sich,PRON,oa,15855,öffnete
15857,",",--,PUNCT,punct,15850,stand
15858,und,und,CCONJ,cd,15850,stand
15859,es,es,PRON,sb,15860,trat
15860,trat,treten,VERB,cj,15858,und
15861,eine,ein,DET,nk,15862,Gestalt
15862,Gestalt,Gestalt,NOUN,sb,15860,trat
15863,mit,mit,ADP,ROOT,15863,mit
15864,raschem,rasch,ADJ,nk,15865,Schritt
15865,Schritt,Schritt,NOUN,nk,15863,mit
15866,durch,durch,ADP,mnr,15865,Schritt
15867,die,der,DET,nk,15868,Küche
15868,Küche,Küche,NOUN,nk,15866,durch
15869,auf,auf,ADP,mnr,15868,Küche
15870,uns,uns,PRON,nk,15869,auf
15871,zu,zu,ADP,ROOT,15871,zu
15872,;,--,PUNCT,ROOT,15872,;
15873,ich,ich,PRON,sb,15874,faßte
15874,faßte,fassen,VERB,ROOT,15874,faßte
15875,sie,sie,PRON,oa,15874,faßte
15876,bei,bei,ADP,mo,15874,faßte
15877,den,der,DET,nk,15878,Beinen
15878,Beinen,Bein,NOUN,nk,15876,bei
15879,",",--,PUNCT,punct,15874,faßte
15880,daß,daß,SCONJ,cp,15882,niederschlug
15881,sie,sie,PRON,sb,15882,niederschlug
15882,niederschlug,niederschlagen,VERB,ROOT,15882,niederschlug
15883,",",--,PUNCT,punct,15882,niederschlug
15884,und,und,CCONJ,cd,15882,niederschlug
15885,Martino,Martino,PROPN,pnc,15886,drosch
15886,drosch,drosch,ADV,mo,15888,gewaltig
15887,so,so,ADV,mo,15888,gewaltig
15888,gewaltig,gewaltig,ADV,cj,15884,und
15889,auf,auf,ADP,mo,15888,gewaltig
15890,ihn,ihn,PRON,nk,15889,auf
15891,los,los,ADV,mo,15888,gewaltig
15892,",",--,PUNCT,punct,15882,niederschlug
15893,daß,daß,SCONJ,cp,15895,wilde
15894,der,der,DET,nk,15895,wilde
15895,wilde,Wilde,ADJ,oc,15882,niederschlug
15896,Jäger,Jäger,NOUN,sb,15900,begann
15897,Zetermordio,Zetermordio,NOUN,nk,15896,Jäger
15898,zu,zu,PART,pm,15899,schreien
15899,schreien,schreien,VERB,oc,15900,begann
15900,begann,beginnen,VERB,ROOT,15900,begann
15901,.,--,PUNCT,punct,15900,begann
15902,›Mitidika,›Mitidika,PROPN,ROOT,15902,›Mitidika
15903,",",--,PUNCT,punct,15902,›Mitidika
15904,Hülfe,Hülfe,NOUN,cj,15902,›Mitidika
15905,",",--,PUNCT,punct,15902,›Mitidika
15906,Hülfe,Hülfe,NOUN,cj,15904,Hülfe
15907,!,--,PUNCT,punct,15902,›Mitidika
15908,man,man,PRON,sb,15909,mordet
15909,mordet,morden,VERB,ROOT,15909,mordet
15910,mich,mich,PRON,oa,15909,mordet
15911,!,--,PUNCT,punct,15909,mordet
15912,‹,‹,PUNCT,punct,15913,schrie
15913,schrie,schreien,VERB,ROOT,15913,schrie
15914,er,er,PRON,sb,15913,schrie
15915,.,--,PUNCT,punct,15913,schrie
15916,–,--,PUNCT,punct,15917,›Ha
15917,›Ha,›Ha,NOUN,ROOT,15917,›Ha
15918,ha,ha,X,ROOT,15918,ha
15919,!,--,PUNCT,punct,15918,ha
15920,Herr,Herr,NOUN,sb,15924,schrie
15921,wilder,wild,ADJ,nk,15922,Jäger‹
15922,Jäger‹,Jäger‹,PROPN,ag,15920,Herr
15923,",",--,PUNCT,punct,15924,schrie
15924,schrie,schreien,VERB,ROOT,15924,schrie
15925,nun,nun,ADV,mo,15924,schrie
15926,Martino,Martino,PROPN,oa,15924,schrie
15927,",",--,PUNCT,punct,15924,schrie
15928,›wir,›wir,PROPN,sb,15929,haben
15929,haben,haben,VERB,cj,15924,schrie
15930,dich,dich,PRON,oa,15929,haben
15931,!,--,PUNCT,punct,15924,schrie
15932,‹,‹,PUNCT,punct,15935,zerrten
15933,und,und,CCONJ,ju,15935,zerrten
15934,so,so,ADV,mo,15935,zerrten
15935,zerrten,zerren,VERB,ROOT,15935,zerrten
15936,wir,wir,PRON,sb,15935,zerrten
15937,ihn,ihn,PRON,oa,15935,zerrten
15938,in,in,ADP,mo,15935,zerrten
15939,die,der,DET,nk,15940,Stube
15940,Stube,Stube,NOUN,nk,15938,in
15941,herein,herein,ADV,svp,15935,zerrten
15942,und,und,CCONJ,cd,15935,zerrten
15943,machten,machen,VERB,cj,15942,und
15944,die,der,DET,nk,15945,Türe
15945,Türe,Türe,NOUN,oa,15943,machten
15946,zu,zu,ADP,svp,15943,machten
15947,.,--,PUNCT,punct,15935,zerrten
15948,Der,der,DET,nk,15949,Lärm
15949,Lärm,Lärm,NOUN,ROOT,15949,Lärm
15950,ward,werden,VERB,ROOT,15950,ward
15951,allgemein,allgemein,ADV,mo,15950,ward
15952,;,--,PUNCT,punct,15950,ward
15953,der,der,DET,nk,15954,Kerl
15954,Kerl,Kerl,NOUN,sb,15955,wehrte
15955,wehrte,wehren,VERB,ROOT,15955,wehrte
15956,sich,sich,PRON,oa,15955,wehrte
15957,verzweifelt,verzweifelt,ADV,mo,15955,wehrte
15958,.,--,PUNCT,punct,15955,wehrte
15959,Meine,mein,DET,nk,15960,Marinina
15960,Marinina,Marinina,PROPN,oa,15961,erwachte
15961,erwachte,erwachen,VERB,ROOT,15961,erwachte
15962,und,und,CCONJ,cd,15961,erwachte
15963,schrie,schreien,VERB,ROOT,15963,schrie
15964,:,--,PUNCT,punct,15963,schrie
15965,›Jesus,›Jesus,PROPN,sb,15963,schrie
15966,",",--,PUNCT,punct,15965,›Jesus
15967,Maria,Maria,PROPN,cj,15965,›Jesus
15968,",",--,PUNCT,punct,15965,›Jesus
15969,Joseph,Joseph,PROPN,cj,15967,Maria
15970,!,--,PUNCT,punct,15963,schrie
15971,Licht,Licht,NOUN,ROOT,15971,Licht
15972,her,her,ADV,mo,15971,Licht
15973,",",--,PUNCT,punct,15971,Licht
15974,Licht,Licht,NOUN,cj,15971,Licht
15975,her,her,ADV,mo,15971,Licht
15976,!,--,PUNCT,punct,15971,Licht
15977,was,was,PRON,sb,15978,ist
15978,ist,sein,AUX,ROOT,15978,ist
15979,das,der,PRON,sb,15978,ist
15980,",",--,PUNCT,punct,15979,das
15981,o,o,PROPN,pnc,15982,Baciochi
15982,Baciochi,Baciochi,PROPN,app,15979,das
15983,",",--,PUNCT,punct,15978,ist
15984,Martino!‹,Martino!‹,NOUN,ROOT,15984,Martino!‹
15985,Die,der,DET,nk,15986,Alte
15986,Alte,alt,ADJ,sb,15987,fuhr
15987,fuhr,fahren,VERB,oc,15993,warf
15988,aus,aus,ADP,mo,15987,fuhr
15989,ihren,ihr,DET,nk,15990,Betten
15990,Betten,Bett,NOUN,nk,15988,aus
15991,auf,auf,ADP,svp,15987,fuhr
15992,",",--,PUNCT,punct,15993,warf
15993,warf,werfen,VERB,ROOT,15993,warf
15994,die,der,DET,nk,15996,Bretter
15995,alten,alt,ADJ,nk,15996,Bretter
15996,Bretter,Bretter,NOUN,sb,15993,warf
15997,um,um,ADP,svp,15993,warf
15998,",",--,PUNCT,punct,15993,warf
15999,die,der,PRON,dep,15993,warf
16000,vor,vor,ADP,mo,16002,standen
16001,ihr,ihr,PRON,nk,16000,vor
16002,standen,stehen,VERB,ROOT,16002,standen
16003,",",--,PUNCT,punct,16002,standen
16004,und,und,CCONJ,cd,16002,standen
16005,schrie,schreien,VERB,cj,16004,und
16006,:,--,PUNCT,punct,16005,schrie
16007,›Mörder,›Mörder,NOUN,ROOT,16007,›Mörder
16008,",",--,PUNCT,punct,16007,›Mörder
16009,Hülfe,Hülfe,NOUN,cj,16007,›Mörder
16010,",",--,PUNCT,punct,16007,›Mörder
16011,Mitidika!‹,Mitidika!‹,PUNCT,cj,16009,Hülfe
16012,Dabei,dabei,ADV,mo,16013,wurden
16013,wurden,werden,AUX,ROOT,16013,wurden
16014,die,der,DET,nk,16015,Hühner
16015,Hühner,Hühner,NOUN,sb,16013,wurden
16016,auf,auf,ADP,mo,16019,rebellisch
16017,dem,der,DET,nk,16018,Boden
16018,Boden,Boden,NOUN,nk,16016,auf
16019,rebellisch,rebellisch,ADV,ROOT,16019,rebellisch
16020,",",--,PUNCT,punct,16019,rebellisch
16021,die,der,DET,nk,16022,Trommel
16022,Trommel,Trommel,NOUN,sb,16023,kollerte
16023,kollerte,kolleren,VERB,cj,16019,rebellisch
16024,brummend,brummend,ADV,mo,16023,kollerte
16025,durch,durch,ADP,mo,16023,kollerte
16026,die,der,DET,nk,16027,Stube
16027,Stube,Stube,NOUN,nk,16025,durch
16028,;,--,PUNCT,punct,16023,kollerte
16029,Mitidika,Mitidika,PROPN,sb,16031,ließ
16030,allein,allein,ADV,mo,16029,Mitidika
16031,ließ,lassen,VERB,ROOT,16031,ließ
16032,sich,sich,PRON,oa,16034,hören
16033,nicht,nicht,PART,ng,16031,ließ
16034,hören,hören,VERB,oc,16031,ließ
16035,.,--,PUNCT,punct,16031,ließ
16036,›Martino,›Martino,PROPN,sb,16038,schlage
16037,",",--,PUNCT,punct,16038,schlage
16038,schlage,schlagen,VERB,ROOT,16038,schlage
16039,Feuer!‹,Feuer!‹,PROPN,sb,16040,rief
16040,rief,rufen,VERB,ROOT,16040,rief
16041,ich,ich,PRON,sb,16040,rief
16042,und,und,CCONJ,cd,16040,rief
16043,drückte,drücken,VERB,ROOT,16043,drückte
16044,meinen,meinen,DET,nk,16046,Gast
16045,fremden,fremd,ADJ,nk,16046,Gast
16046,Gast,Gast,NOUN,oa,16043,drückte
16047,fest,fest,ADV,mo,16043,drückte
16048,in,in,ADP,mo,16043,drückte
16049,die,der,DET,nk,16050,Gurgel
16050,Gurgel,Gurgel,NOUN,nk,16048,in
16051,",",--,PUNCT,punct,16050,Gurgel
16052,daß,daß,SCONJ,cp,16056,rühren
16053,er,er,PRON,sb,16056,rühren
16054,sich,sich,PRON,oa,16056,rühren
16055,nicht,nicht,PART,ng,16056,rühren
16056,rühren,rühren,VERB,oc,16050,Gurgel
16057,konnte,können,AUX,ROOT,16057,konnte
16058,.,--,PUNCT,punct,16057,konnte
16059,Da,da,ADV,mo,16060,stieß
16060,stieß,stoßen,VERB,ROOT,16060,stieß
16061,Martino,Martino,PROPN,sb,16060,stieß
16062,einen,ein,DET,nk,16063,Schwärmer
16063,Schwärmer,Schwärmer,NOUN,oa,16060,stieß
16064,in,in,ADP,mnr,16063,Schwärmer
16065,die,der,DET,nk,16067,Asche
16066,glühende,glühend,ADJ,nk,16067,Asche
16067,Asche,Asche,NOUN,nk,16064,in
16068,des,der,DET,nk,16069,Herds
16069,Herds,Herd,NOUN,ag,16067,Asche
16070,",",--,PUNCT,punct,16069,Herds
16071,der,der,PRON,app,16069,Herds
16072,leuchtend,leuchtend,ADV,mo,16076,zischte
16073,durch,durch,ADP,mo,16076,zischte
16074,die,der,DET,nk,16075,Kammer
16075,Kammer,Kammer,NOUN,nk,16073,durch
16076,zischte,zischen,VERB,ROOT,16076,zischte
16077,und,und,CCONJ,cd,16076,zischte
16078,dem,der,DET,nk,16080,Spektakel
16079,ganzen,ganz,ADJ,nk,16080,Spektakel
16080,Spektakel,Spektakel,NOUN,cj,16077,und
16081,ein,ein,DET,nk,16083,tolleres
16082,noch,noch,ADV,mo,16083,tolleres
16083,tolleres,toll,ADJ,oa,16076,zischte
16084,Ansehen,ansehen,NOUN,oa,16085,gab
16085,gab,geben,VERB,ROOT,16085,gab
16086,.,--,PUNCT,punct,16085,gab
16087,Mein,mein,DET,nk,16088,Gefangener
16088,Gefangener,gefangener,NOUN,sb,16089,fing
16089,fing,fing,VERB,ROOT,16089,fing
16090,von,von,ADP,mo,16089,fing
16091,neuem,neu,ADJ,nk,16090,von
16092,an,an,ADP,ac,16090,von
16093,zu,zu,PART,pm,16094,ringen
16094,ringen,ringen,VERB,mo,16089,fing
16095,",",--,PUNCT,punct,16089,fing
16096,und,und,CCONJ,cd,16089,fing
16097,indem,indem,SCONJ,cj,16096,und
16098,ich,ich,PRON,sb,16097,indem
16099,ihn,ihn,PRON,dep,16096,und
16100,gegen,gegen,ADP,mo,16103,drückte
16101,die,der,DET,nk,16102,Wand
16102,Wand,Wand,NOUN,nk,16100,gegen
16103,drückte,drücken,VERB,mo,16105,trat
16104,",",--,PUNCT,punct,16105,trat
16105,trat,treten,VERB,ROOT,16105,trat
16106,ich,ich,PRON,sb,16105,trat
16107,gegen,gegen,ADP,mo,16105,trat
16108,einige,einiger,DET,nk,16109,Bretter
16109,Bretter,Brett,NOUN,nk,16107,gegen
16110,",",--,PUNCT,punct,16105,trat
16111,die,der,DET,nk,16112,auswichen
16112,auswichen,auswich,VERB,cj,16105,trat
16113,–,--,PUNCT,punct,16105,trat
16114,ich,ich,PRON,sb,16115,warf
16115,warf,werfen,VERB,cj,16105,trat
16116,ihn,ihn,PRON,ROOT,16116,ihn
16117,nieder,nieder,ADV,mnr,16116,ihn
16118,.,--,PUNCT,punct,16116,ihn
16119,Ein,ein,DET,nk,16121,Bock
16120,großer,groß,ADJ,nk,16121,Bock
16121,Bock,Bock,NOUN,sb,16130,sprang
16122,",",--,PUNCT,punct,16121,Bock
16123,der,der,PRON,sb,16128,hatte
16124,hinter,hinter,ADP,mo,16127,geruht
16125,den,der,DET,nk,16126,Brettern
16126,Brettern,Brett,NOUN,nk,16124,hinter
16127,geruht,ruhen,VERB,oc,16128,hatte
16128,hatte,haben,AUX,rc,16121,Bock
16129,",",--,PUNCT,punct,16130,sprang
16130,sprang,springen,VERB,ROOT,16130,sprang
16131,auf,auf,ADP,svp,16130,sprang
16132,und,und,CCONJ,ROOT,16132,und
16133,fing,fing,VERB,cj,16132,und
16134,nicht,nicht,PART,ng,16135,schlecht
16135,schlecht,schlecht,ADV,mo,16138,stoßen
16136,an,an,ADP,pm,16138,stoßen
16137,zu,zu,PART,pm,16138,stoßen
16138,stoßen,stoßen,VERB,oc,16133,fing
16139,",",--,PUNCT,punct,16133,fing
16140,und,und,CCONJ,cd,16133,fing
16141,ich,ich,PRON,sb,16142,warf
16142,warf,werfen,VERB,cj,16140,und
16143,meinen,mein,DET,nk,16145,Jäger
16144,wilden,wild,ADJ,nk,16145,Jäger
16145,Jäger,Jäger,NOUN,oa,16142,warf
16146,so,so,ADV,mo,16142,warf
16147,kräftig,kräftig,ADV,mo,16148,zur
16148,zur,zu,ADP,mo,16158,gab
16149,Erde,Erde,NOUN,nk,16148,zur
16150,",",--,PUNCT,punct,16149,Erde
16151,daß,daß,SCONJ,cp,16158,gab
16152,er,er,PRON,sb,16158,gab
16153,keinen,kein,DET,nk,16154,Laut
16154,Laut,laut,ADP,mo,16158,gab
16155,mehr,mehr,ADV,nk,16154,Laut
16156,von,von,ADP,mo,16158,gab
16157,sich,sich,PRON,nk,16156,von
16158,gab,geben,VERB,ROOT,16158,gab
16159,.,--,PUNCT,punct,16158,gab
16160,Martino,Martino,PROPN,sb,16161,brachte
16161,brachte,bringen,VERB,ROOT,16161,brachte
16162,nun,nun,ADV,mo,16161,brachte
16163,eine,ein,DET,nk,16165,Kienfackel
16164,brennende,brennend,ADJ,nk,16165,Kienfackel
16165,Kienfackel,Kienfackel,NOUN,ROOT,16165,Kienfackel
16166,herein,herein,ADV,mo,16165,Kienfackel
16167,",",--,PUNCT,punct,16165,Kienfackel
16168,und,und,CCONJ,cd,16165,Kienfackel
16169,wir,wir,PRON,sb,16170,sahen
16170,sahen,sehen,VERB,cj,16168,und
16171,die,der,DET,nk,16173,Verwirrung
16172,ganze,ganz,ADJ,nk,16173,Verwirrung
16173,Verwirrung,Verwirrung,NOUN,oa,16170,sahen
16174,.,--,PUNCT,punct,16165,Kienfackel
16175,Der,der,DET,nk,16176,wilde
16176,wilde,wild,ADJ,ROOT,16176,wilde
16177,Jäger,Jäger,NOUN,sb,16178,war
16178,war,sein,AUX,ROOT,16178,war
16179,ein,ein,DET,nk,16183,Kerl
16180,schöner,schön,ADJ,nk,16183,Kerl
16181,",",--,PUNCT,punct,16180,schöner
16182,schlanker,schlank,ADJ,cj,16180,schöner
16183,Kerl,Kerl,NOUN,pd,16178,war
16184,in,in,ADP,mnr,16183,Kerl
16185,galanter,galant,ADJ,nk,16186,Jagduniform
16186,Jagduniform,Jagduniform,NOUN,nk,16184,in
16187,.,--,PUNCT,punct,16178,war
16188,Er,er,PRON,sb,16189,rührte
16189,rührte,rühren,VERB,ROOT,16189,rührte
16190,sich,sich,PRON,oa,16189,rührte
16191,nicht,nicht,PART,ROOT,16191,nicht
16192,;,--,PUNCT,punct,16191,nicht
16193,der,der,DET,nk,16194,Gedanke
16194,Gedanke,Gedanke,NOUN,sb,16203,fuhr
16195,",",--,PUNCT,punct,16194,Gedanke
16196,daß,daß,SCONJ,cp,16201,hätte
16197,ich,ich,PRON,sb,16201,hätte
16198,ihn,ihn,PRON,oa,16200,totgedrückt
16199,gar,gar,ADV,mo,16200,totgedrückt
16200,totgedrückt,totgedrücken,VERB,oc,16201,hätte
16201,hätte,haben,AUX,oc,16194,Gedanke
16202,",",--,PUNCT,punct,16203,fuhr
16203,fuhr,fahren,VERB,ROOT,16203,fuhr
16204,mir,mir,PRON,da,16203,fuhr
16205,unheimlich,unheimlich,ADV,mo,16203,fuhr
16206,durch,durch,ADP,mo,16211,stürzte
16207,die,der,DET,nk,16208,Glieder
16208,Glieder,Glied,NOUN,nk,16206,durch
16209,",",--,PUNCT,punct,16211,stürzte
16210,ich,ich,PRON,sb,16211,stürzte
16211,stürzte,stürzen,VERB,ROOT,16211,stürzte
16212,zur,zu,ADP,mo,16211,stürzte
16213,Küche,Küche,NOUN,nk,16212,zur
16214,nach,nach,ADP,mo,16211,stürzte
16215,Wasser,Wasser,NOUN,nk,16214,nach
16216,;,--,PUNCT,punct,16211,stürzte
16217,Martino,Martino,PROPN,sb,16218,faßte
16218,faßte,fassen,VERB,ROOT,16218,faßte
16219,die,der,DET,nk,16220,Alte
16220,Alte,alt,NOUN,oa,16218,faßte
16221,",",--,PUNCT,punct,16218,faßte
16222,die,der,DET,sb,16230,war
16223,fluchend,fluchend,ADV,mo,16229,gesprungen
16224,und,und,CCONJ,cd,16223,fluchend
16225,schreiend,schreiend,ADV,cj,16224,und
16226,aus,aus,ADP,mo,16229,gesprungen
16227,dem,der,DET,nk,16228,Bett
16228,Bett,Bett,NOUN,nk,16226,aus
16229,gesprungen,sprungen,VERB,oc,16230,war
16230,war,sein,AUX,ROOT,16230,war
16231,",",--,PUNCT,punct,16230,war
16232,und,und,CCONJ,cd,16230,war
16233,warf,werfen,VERB,cj,16232,und
16234,sie,sie,PRON,oa,16233,warf
16235,wieder,wieder,ADV,mo,16233,warf
16236,in,in,ADP,mo,16233,warf
16237,die,der,DET,nk,16238,Federn
16238,Federn,Feder,NOUN,ROOT,16238,Federn
16239,mit,mit,ADP,mnr,16238,Federn
16240,den,der,DET,nk,16241,Worten
16241,Worten,Wort,NOUN,nk,16239,mit
16242,:,--,PUNCT,punct,16238,Federn
16243,›Schweig,›Schweig,NOUN,app,16238,Federn
16244,still,still,ADV,pd,16238,Federn
16245,",",--,PUNCT,punct,16238,Federn
16246,Drache,Drache,NOUN,app,16238,Federn
16247,!,--,PUNCT,punct,16238,Federn
16248,Wir,wir,PRON,sb,16249,wollen
16249,wollen,wollen,AUX,ROOT,16249,wollen
16250,dir,dir,PRON,da,16249,wollen
16251,kein,kein,DET,nk,16252,Haar
16252,Haar,Haar,NOUN,oa,16249,wollen
16253,krümmen,krümmen,VERB,ROOT,16253,krümmen
16254,;,--,PUNCT,punct,16253,krümmen
16255,wir,wir,PRON,sb,16256,haben
16256,haben,haben,AUX,ROOT,16256,haben
16257,nur,nur,ADV,mo,16260,Jäger
16258,den,der,DET,nk,16260,Jäger
16259,wilden,wild,ADJ,nk,16260,Jäger
16260,Jäger,Jäger,NOUN,oa,16256,haben
16261,abgefangen.‹,abgefangen.‹,ADV,nk,16260,Jäger
16262,Nun,nun,ADV,mo,16263,trat
16263,trat,treten,VERB,cj,16256,haben
16264,ich,ich,PRON,sb,16263,trat
16265,mit,mit,ADP,mo,16263,trat
16266,einem,ein,DET,dep,16256,haben
16267,Eimer,Eimer,ADJ,nk,16268,Wasser
16268,Wasser,Wasser,NOUN,ROOT,16268,Wasser
16269,hinein,hinein,ADV,mo,16268,Wasser
16270,und,und,CCONJ,cd,16268,Wasser
16271,goß,goß,VERB,cj,16270,und
16272,ihn,ihn,PRON,oa,16271,goß
16273,pratsch,pratsch,ADV,mo,16271,goß
16274,!,--,PUNCT,punct,16268,Wasser
16275,über,über,ADP,ROOT,16275,über
16276,den,der,DET,nk,16277,leblosen
16277,leblosen,leblos,ADJ,nk,16279,Jäger
16278,wilden,wild,ADJ,nk,16279,Jäger
16279,Jäger,Jäger,NOUN,nk,16275,über
16280,;,--,PUNCT,punct,16279,Jäger
16281,da,da,SCONJ,ROOT,16281,da
16282,sprang,springen,VERB,ROOT,16282,sprang
16283,er,er,PRON,sb,16282,sprang
16284,wie,wie,ADP,cm,16287,Katze
16285,eine,ein,DET,nk,16287,Katze
16286,nasse,naß,ADJ,nk,16287,Katze
16287,Katze,Katze,NOUN,mo,16282,sprang
16288,in,in,ADP,mnr,16287,Katze
16289,die,der,DET,nk,16290,Höhe
16290,Höhe,Höhe,NOUN,nk,16288,in
16291,–,--,PUNCT,punct,16282,sprang
16292,.,--,PUNCT,punct,16282,sprang
16293,«,--,PUNCT,ROOT,16293,«
16294,»,--,PUNCT,punct,16296,Wasser
16295,Das,der,DET,nk,16296,Wasser
16296,Wasser,Wasser,NOUN,sb,16303,schrie
16297,",",--,PUNCT,punct,16296,Wasser
16298,das,der,DET,nk,16300,Wasser
16299,kalte,kalt,ADJ,nk,16300,Wasser
16300,Wasser,Wasser,NOUN,cj,16296,Wasser
16301,«,--,PUNCT,punct,16296,Wasser
16302,",",--,PUNCT,punct,16303,schrie
16303,schrie,schreien,VERB,ROOT,16303,schrie
16304,hier,hier,ADV,mo,16303,schrie
16305,Devillier,Devillier,NOUN,oa,16303,schrie
16306,aufspringend,aufspringend,ADV,mo,16303,schrie
16307,",",--,PUNCT,punct,16303,schrie
16308,»,--,PUNCT,punct,16309,war
16309,war,sein,AUX,oc,16303,schrie
16310,das,der,PRON,pd,16309,war
16311,Allerfatalste,Allerfatalst,NOUN,sb,16318,sah
16312,!,--,PUNCT,punct,16311,Allerfatalste
16313,«,--,PUNCT,punct,16311,Allerfatalste
16314,und,und,CCONJ,cd,16311,Allerfatalste
16315,die,der,DET,nk,16317,Gesellschaft
16316,ganze,ganz,ADJ,nk,16317,Gesellschaft
16317,Gesellschaft,Gesellschaft,NOUN,cj,16314,und
16318,sah,sehen,VERB,ROOT,16318,sah
16319,ihn,ihn,PRON,oa,16318,sah
16320,verwundert,verwundern,VERB,mo,16318,sah
16321,an,an,ADP,svp,16318,sah
16322,.,--,PUNCT,punct,16318,sah
16323,»,--,PUNCT,ROOT,16323,»
16324,Nun,nun,ADV,mo,16326,was
16325,",",--,PUNCT,punct,16326,was
16326,was,was,PRON,ROOT,16326,was
16327,schauen,schauen,VERB,oc,16331,fuhr
16328,Sie,sie,PRON,sb,16327,schauen
16329,«,--,PUNCT,punct,16327,schauen
16330,",",--,PUNCT,punct,16331,fuhr
16331,fuhr,fahren,VERB,ROOT,16331,fuhr
16332,er,er,PRON,sb,16331,fuhr
16333,fort,fort,ADV,svp,16331,fuhr
16334,",",--,PUNCT,punct,16331,fuhr
16335,»,--,PUNCT,punct,16336,soll
16336,soll,sollen,AUX,cj,16327,schauen
16337,ich,ich,PRON,sb,16336,soll
16338,länger,lang,ADV,mo,16339,schweigen
16339,schweigen,schweigen,VERB,oc,16336,soll
16340,?,--,PUNCT,punct,16331,fuhr
16341,Habe,Habe,VERB,ROOT,16341,Habe
16342,ich,ich,PRON,sb,16341,Habe
16343,nicht,nicht,PART,ng,16341,Habe
16344,schrecklich,schrecklich,ADV,mo,16345,ausgehalten
16345,ausgehalten,ausgehalten,VERB,ROOT,16345,ausgehalten
16346,und,und,CCONJ,cd,16345,ausgehalten
16347,mich,sich,PRON,oa,16353,mißhandeln
16348,hier,hier,ADV,mo,16353,mißhandeln
16349,in,in,ADP,mo,16353,mißhandeln
16350,der,der,DET,nk,16351,Erzählung
16351,Erzählung,Erzählung,NOUN,nk,16349,in
16352,nochmals,nochmals,ADV,mo,16353,mißhandeln
16353,mißhandeln,mißhandeln,VERB,cj,16346,und
16354,lassen,lassen,VERB,ROOT,16354,lassen
16355,?,--,PUNCT,punct,16354,lassen
16356,«,--,PUNCT,punct,16354,lassen
16357,Baciochi,Baciochi,PROPN,sb,16358,wußte
16358,wußte,wissen,VERB,ROOT,16358,wußte
16359,nicht,nicht,PART,ng,16358,wußte
16360,",",--,PUNCT,punct,16358,wußte
16361,was,was,PRON,oa,16365,sagen
16362,er,er,PRON,sb,16366,sollte
16363,vor,vor,ADP,mo,16365,sagen
16364,Erstaunen,erstaunen,NOUN,nk,16363,vor
16365,sagen,sagen,VERB,oc,16366,sollte
16366,sollte,sollen,AUX,oc,16358,wußte
16367,über,über,ADP,op,16358,wußte
16368,Devilliers,Devillier,PROPN,ag,16369,Unterbrechung
16369,Unterbrechung,Unterbrechung,NOUN,ROOT,16369,Unterbrechung
16370,;,--,PUNCT,punct,16369,Unterbrechung
16371,dieser,dieser,PRON,sb,16373,sprach
16372,aber,aber,ADV,mo,16373,sprach
16373,sprach,sprechen,VERB,ROOT,16373,sprach
16374,heiter,Heiter,PROPN,oa,16373,sprach
16375,:,--,PUNCT,punct,16373,sprach
16376,»,--,PUNCT,ROOT,16376,»
16377,Ja,ja,PART,ROOT,16377,Ja
16378,",",--,PUNCT,punct,16377,Ja
16379,Herr,Herr,NOUN,app,16377,Ja
16380,Baciochi,Baciochi,PROPN,nk,16379,Herr
16381,",",--,PUNCT,punct,16377,Ja
16382,ich,ich,PRON,cj,16377,Ja
16383,war,sein,AUX,ROOT,16383,war
16384,der,der,DET,nk,16386,Jäger
16385,wilde,wild,ADJ,nk,16386,Jäger
16386,Jäger,Jäger,NOUN,sb,16383,war
16387,",",--,PUNCT,punct,16383,war
16388,mich,mich,PRON,oa,16389,habt
16389,habt,haben,AUX,cj,16383,war
16390,Ihr,ihr,PRON,oa,16393,zugedeckt
16391,so,so,ADV,mo,16392,kräftig
16392,kräftig,kräftig,ADV,mo,16393,zugedeckt
16393,zugedeckt,zudecken,VERB,oc,16389,habt
16394,",",--,PUNCT,punct,16393,zugedeckt
16395,ich,ich,PRON,sb,16396,habe
16396,habe,haben,AUX,oc,16393,zugedeckt
16397,es,es,PRON,oa,16396,habe
16398,von,von,ADP,mo,16396,habe
16399,Anfang,Anfang,NOUN,nk,16398,von
16400,der,der,DET,nk,16401,Geschichte
16401,Geschichte,Geschichte,NOUN,da,16402,gewußt
16402,gewußt,wissen,VERB,ROOT,16402,gewußt
16403,und,und,CCONJ,cd,16402,gewußt
16404,hätte,haben,AUX,cj,16403,und
16405,gern,gern,ADV,mo,16406,geschwiegen
16406,geschwiegen,schweigen,VERB,oc,16404,hätte
16407,",",--,PUNCT,punct,16406,geschwiegen
16408,aber,aber,CCONJ,cd,16406,geschwiegen
16409,das,der,DET,nk,16411,Wasser
16410,kalte,kalt,ADJ,nk,16411,Wasser
16411,Wasser,Wasser,NOUN,sb,16412,lief
16412,lief,laufen,VERB,cj,16408,aber
16413,mir,mir,PRON,da,16415,erweckend
16414,wieder,wieder,ADV,mo,16413,mir
16415,erweckend,erweckend,ADV,ROOT,16415,erweckend
16416,über,über,ADP,mo,16415,erweckend
16417,den,der,DET,nk,16418,Rücken
16418,Rücken,Rücken,NOUN,nk,16416,über
16419,.,--,PUNCT,punct,16415,erweckend
16420,«,--,PUNCT,ROOT,16420,«
16421,Da,da,ADV,mo,16422,ward
16422,ward,werden,VERB,ROOT,16422,ward
16423,die,der,DET,nk,16425,Gesellschaft
16424,ganze,ganz,ADJ,nk,16425,Gesellschaft
16425,Gesellschaft,Gesellschaft,NOUN,sb,16422,ward
16426,vergnügt,vergnügen,VERB,oc,16422,ward
16427,",",--,PUNCT,punct,16422,ward
16428,der,der,DET,nk,16429,Feuerwerker
16429,Feuerwerker,Feuerwerker,NOUN,sb,16430,reichte
16430,reichte,reichen,VERB,ROOT,16430,reichte
16431,Devillier,Devillier,NOUN,oa,16430,reichte
16432,die,der,DET,nk,16433,Hand
16433,Hand,Hand,NOUN,oa,16430,reichte
16434,",",--,PUNCT,punct,16430,reichte
16435,und,und,CCONJ,cd,16430,reichte
16436,dieser,dieser,PRON,sb,16437,sagte
16437,sagte,sagen,VERB,cj,16435,und
16438,:,--,PUNCT,punct,16437,sagte
16439,»,--,PUNCT,punct,16441,freut
16440,Es,es,PRON,sb,16441,freut
16441,freut,freuen,VERB,oc,16437,sagte
16442,mich,mich,PRON,oa,16441,freut
16443,",",--,PUNCT,punct,16441,freut
16444,Euch,euch,PRON,da,16445,wiederzusehen
16445,wiederzusehen,wiederzusehen,VERB,ROOT,16445,wiederzusehen
16446,;,--,PUNCT,punct,16445,wiederzusehen
16447,alles,alle,PRON,sb,16448,ist
16448,ist,sein,AUX,ROOT,16448,ist
16449,längst,längst,ADV,mo,16450,vergessen
16450,vergessen,vergessen,VERB,pd,16448,ist
16451,",",--,PUNCT,punct,16450,vergessen
16452,nur,nur,ADV,mo,16453,Mitidika
16453,Mitidika,Mitidika,NOUN,par,16447,alles
16454,nicht,nicht,PART,ng,16453,Mitidika
16455,!,--,PUNCT,punct,16448,ist
16456,«,--,PUNCT,punct,16448,ist
16457,–,--,PUNCT,punct,16459,Das
16458,»,--,PUNCT,punct,16459,Das
16459,Das,der,PRON,ROOT,16459,Das
16460,will,wollen,AUX,oc,16465,meinte
16461,ich,ich,PRON,sb,16460,will
16462,hoffen,hoffen,VERB,oc,16460,will
16463,«,--,PUNCT,punct,16460,will
16464,",",--,PUNCT,punct,16465,meinte
16465,meinte,meinen,VERB,ROOT,16465,meinte
16466,der,der,DET,nk,16467,Zigeuner
16467,Zigeuner,Zigeuner,NOUN,sb,16465,meinte
16468,ernsthaft,ernsthaft,ADV,mo,16465,meinte
16469,",",--,PUNCT,punct,16465,meinte
16470,»,--,PUNCT,punct,16472,bitte
16471,ich,ich,PRON,sb,16472,bitte
16472,bitte,bitte,VERB,mo,16465,meinte
16473,mir,mir,PRON,da,16472,bitte
16474,das,der,DET,nk,16475,Ende
16475,Ende,Ende,NOUN,oa,16472,bitte
16476,der,der,DET,dep,16465,meinte
16477,Geschichte,Geschichte,NOUN,ROOT,16477,Geschichte
16478,aus,aus,ADP,svp,16477,Geschichte
16479,.,--,PUNCT,punct,16477,Geschichte
16480,«,--,PUNCT,punct,16477,Geschichte
16481,Da,da,ADV,mo,16482,tranken
16482,tranken,tranken,VERB,ROOT,16482,tranken
16483,alle,alle,PRON,sb,16482,tranken
16484,lustig,lustig,ADV,mo,16482,tranken
16485,herum,herum,ADV,svp,16482,tranken
16486,",",--,PUNCT,punct,16482,tranken
16487,und,und,CCONJ,cd,16482,tranken
16488,Devillier,Devillier,NOUN,sb,16489,trank
16489,trank,trinken,VERB,cj,16487,und
16490,die,der,DET,dep,16482,tranken
16491,Gesundheit,Gesundheit,NOUN,ROOT,16491,Gesundheit
16492,der,der,DET,nk,16493,Mitidika
16493,Mitidika,Mitidika,NOUN,ag,16491,Gesundheit
16494,",",--,PUNCT,punct,16491,Gesundheit
16495,wozu,wozu,SCONJ,mo,16499,geigte
16496,Michaly,Michaly,NOUN,sb,16499,geigte
16497,einen,ein,DET,nk,16498,Tusch
16498,Tusch,Tusch,NOUN,oa,16499,geigte
16499,geigte,geigt,ADJ,sb,16491,Gesundheit
16500,und,und,CCONJ,cd,16499,geigte
16501,Lindpeindler,Lindpeindler,NOUN,cj,16500,und
16502,das,der,PRON,oa,16491,Gesundheit
16503,hochpoetische,hochpoetisch,DET,nk,16505,Leben
16504,freie,frei,ADJ,nk,16505,Leben
16505,Leben,Leben,NOUN,sb,16508,pries
16506,der,der,DET,nk,16507,Zigeuner
16507,Zigeuner,Zigeuner,NOUN,ag,16505,Leben
16508,pries,pries,VERB,ROOT,16508,pries
16509,;,--,PUNCT,punct,16508,pries
16510,der,der,DET,nk,16511,Vizegespan
16511,Vizegespan,Vizegespan,PROPN,sb,16512,meinte
16512,meinte,meinen,VERB,ROOT,16512,meinte
16513,jedoch,jedoch,ADV,mo,16512,meinte
16514,:,--,PUNCT,punct,16512,meinte
16515,sie,sie,PRON,ROOT,16515,sie
16516,hätten,haben,AUX,ROOT,16516,hätten
16517,nicht,nicht,PART,ng,16516,hätten
16518,die,der,DET,nk,16520,Hände
16519,reinsten,reinst,ADJ,nk,16520,Hände
16520,Hände,Hand,NOUN,oa,16516,hätten
16521,.,--,PUNCT,punct,16516,hätten
16522,Die,der,DET,nk,16523,Kammerjungfer
16523,Kammerjungfer,Kammerjungfer,NOUN,sb,16525,fragte
16524,aber,aber,ADV,mo,16525,fragte
16525,fragte,fragen,VERB,ROOT,16525,fragte
16526,:,--,PUNCT,punct,16525,fragte
16527,»,--,PUNCT,punct,16529,hat
16528,Wo,wo,ADV,mo,16529,hat
16529,hat,haben,AUX,oc,16525,fragte
16530,sie,sie,PRON,sb,16529,hat
16531,nur,nur,ADV,mo,16529,hat
16532,den,der,DET,nk,16533,Schmuck
16533,Schmuck,Schmuck,NOUN,oa,16534,hergehabt
16534,hergehabt,hergehabt,VERB,ROOT,16534,hergehabt
16535,?,--,PUNCT,punct,16534,hergehabt
16536,«,--,PUNCT,punct,16534,hergehabt
16537,Der,der,DET,nk,16538,Tiroler
16538,Tiroler,Tiroler,NOUN,sb,16539,sagte
16539,sagte,sagen,VERB,ROOT,16539,sagte
16540,:,--,PUNCT,punct,16539,sagte
16541,»,--,PUNCT,punct,16546,maisterli
16542,Den,der,DET,nk,16546,maisterli
16543,wilda,Wilda,PROPN,pnc,16544,Jaaga
16544,Jaaga,Jaaga,PROPN,ag,16546,maisterli
16545,hobt's,hobt's,ADJ,nk,16546,maisterli
16546,maisterli,Maisterli,PROPN,oc,16539,sagte
16547,zuagdeckt,zuagdecken,VERB,ROOT,16547,zuagdeckt
16548,!,--,PUNCT,punct,16547,zuagdeckt
16549,«,--,PUNCT,punct,16547,zuagdeckt
16550,und,und,CCONJ,cd,16547,zuagdeckt
16551,alle,aller,PRON,sb,16552,drangen
16552,drangen,dringen,VERB,cj,16550,und
16553,",",--,PUNCT,punct,16552,drangen
16554,Devillier,Devillier,NOUN,sb,16555,möge
16555,möge,mögen,AUX,oc,16552,drangen
16556,weiter,weiter,ADV,mo,16557,erzählen
16557,erzählen,erzählen,VERB,oc,16555,möge
16558,.,--,PUNCT,punct,16547,zuagdeckt
16559,»,--,PUNCT,punct,16560,Wohlan
16560,Wohlan,Wohlan,NOUN,sb,16568,hatte
16561,!,--,PUNCT,punct,16563,sagte
16562,«,--,PUNCT,punct,16563,sagte
16563,sagte,sagen,VERB,ROOT,16563,sagte
16564,dieser,dieser,PRON,sb,16563,sagte
16565,:,--,PUNCT,punct,16563,sagte
16566,»,--,PUNCT,punct,16568,hatte
16567,Ich,ich,PRON,sb,16568,hatte
16568,hatte,haben,VERB,oc,16563,sagte
16569,damals,damals,ADV,mo,16568,hatte
16570,Geschäfte,Geschäft,NOUN,oa,16568,hatte
16571,mit,mit,ADP,mnr,16570,Geschäfte
16572,der,der,DET,nk,16573,Contrebande
16573,Contrebande,Contrebande,NOUN,nk,16571,mit
16574,und,und,CCONJ,cd,16568,hatte
16575,manche,mancher,DET,nk,16578,Berührungen
16576,andere,anderer,ADJ,nk,16578,Berührungen
16577,politische,politisch,ADJ,nk,16578,Berührungen
16578,Berührungen,Berührung,NOUN,ROOT,16578,Berührungen
16579,diesseits,diesseits,ADP,mnr,16578,Berührungen
16580,und,und,CCONJ,cd,16579,diesseits
16581,jenseits,jenseits,ADV,cj,16580,und
16582,auf,auf,ADP,mnr,16578,Berührungen
16583,der,der,DET,nk,16584,Grenze
16584,Grenze,Grenze,NOUN,nk,16582,auf
16585,.,--,PUNCT,punct,16578,Berührungen
16586,Ich,ich,PRON,ROOT,16586,Ich
16587,dirigierte,dirigieren,VERB,ROOT,16587,dirigierte
16588,den,der,DET,nk,16590,Schleichhandel
16589,ganzen,ganz,ADJ,nk,16590,Schleichhandel
16590,Schleichhandel,Schleichhandel,NOUN,oa,16587,dirigierte
16591,und,und,CCONJ,cd,16587,dirigierte
16592,forschte,forschen,VERB,cj,16591,und
16593,auf,auf,ADP,op,16592,forschte
16594,höhere,hoch,ADJ,nk,16595,Veranlassung
16595,Veranlassung,Veranlassung,NOUN,nk,16593,auf
16596,dem,der,DET,ROOT,16596,dem
16597,Orden,Orden,NOUN,ROOT,16597,Orden
16598,der,der,DET,nk,16599,Carbonari
16599,Carbonari,Carbonari,NOUN,ag,16597,Orden
16600,nach,nach,ADP,svp,16597,Orden
16601,.,--,PUNCT,punct,16597,Orden
16602,Auf,auf,ADP,mo,16605,hatte
16603,meinen,mein,DET,nk,16604,Streifereien
16604,Streifereien,Streifereie,NOUN,nk,16602,Auf
16605,hatte,haben,AUX,ROOT,16605,hatte
16606,ich,ich,PRON,sb,16605,hatte
16607,Mitidika,Mitidika,NOUN,oa,16605,hatte
16608,kennengelernt,kennenlernen,VERB,ROOT,16608,kennengelernt
16609,und,und,CCONJ,cd,16608,kennengelernt
16610,mich,mich,PRON,sb,16611,leidenschaftlich
16611,leidenschaftlich,leidenschaftlich,ADV,mo,16614,schöne
16612,in,in,ADP,mo,16611,leidenschaftlich
16613,dies,dieser,PRON,mo,16611,leidenschaftlich
16614,schöne,schön,ADJ,cj,16609,und
16615,",",--,PUNCT,punct,16614,schöne
16616,unschuldige,unschuldig,ADJ,cj,16614,schöne
16617,und,und,CCONJ,cd,16616,unschuldige
16618,geistvolle,geistvoll,ADJ,nk,16620,Naturkind
16619,wilde,wild,ADJ,nk,16620,Naturkind
16620,Naturkind,Naturkind,NOUN,oa,16621,verliebt
16621,verliebt,verlieben,VERB,ROOT,16621,verliebt
16622,.,--,PUNCT,punct,16621,verliebt
16623,In,in,ADP,mo,16626,besuchte
16624,bestimmten,bestimmt,ADJ,nk,16625,Nächten
16625,Nächten,Nacht,NOUN,nk,16623,In
16626,besuchte,besuchen,VERB,ROOT,16626,besuchte
16627,ich,ich,PRON,sb,16626,besuchte
16628,sie,sie,PRON,oa,16626,besuchte
16629,;,--,PUNCT,punct,16626,besuchte
16630,der,der,DET,nk,16631,Schmuck
16631,Schmuck,Schmuck,NOUN,sb,16642,war
16632,",",--,PUNCT,punct,16631,Schmuck
16633,den,der,PRON,nk,16634,Ihr
16634,Ihr,ihr,PRON,cj,16631,Schmuck
16635,",",--,PUNCT,punct,16634,Ihr
16636,Baciochi,Baciochi,PROPN,app,16634,Ihr
16637,",",--,PUNCT,punct,16631,Schmuck
16638,sie,sie,PRON,sb,16639,anlegen
16639,anlegen,anlegen,VERB,oc,16631,Schmuck
16640,sahet,Sahet,ADV,mo,16639,anlegen
16641,",",--,PUNCT,punct,16642,war
16642,war,sein,AUX,ROOT,16642,war
16643,ein,ein,DET,nk,16644,Geschenk
16644,Geschenk,Geschenk,NOUN,pd,16642,war
16645,von,von,ADP,pg,16644,Geschenk
16646,mir,mir,PRON,nk,16645,von
16647,.,--,PUNCT,punct,16642,war
16648,Sie,sie,PRON,sb,16649,hatte
16649,hatte,haben,AUX,ROOT,16649,hatte
16650,den,der,DET,nk,16651,Glauben
16651,Glauben,Glaube,NOUN,oa,16658,benutzt
16652,der,der,DET,nk,16653,Alten
16653,Alten,alte,NOUN,ag,16651,Glauben
16654,an,an,ADP,mo,16658,benutzt
16655,den,der,DET,nk,16657,Jäger
16656,wilden,wild,ADJ,nk,16657,Jäger
16657,Jäger,Jäger,NOUN,nk,16654,an
16658,benutzt,benutzen,VERB,oc,16649,hatte
16659,",",--,PUNCT,punct,16658,benutzt
16660,um,um,SCONJ,cp,16662,unentdeckt
16661,sich,sich,PRON,oa,16662,unentdeckt
16662,unentdeckt,unentdecken,VERB,mo,16658,benutzt
16663,einige,einiger,DET,nk,16664,Stunden
16664,Stunden,Stunde,NOUN,oa,16667,unterhalten
16665,von,von,ADP,pg,16664,Stunden
16666,mir,mir,PRON,nk,16665,von
16667,unterhalten,unterhalten,VERB,oc,16669,lassen
16668,zu,zu,PART,pm,16669,lassen
16669,lassen,lassen,VERB,ROOT,16669,lassen
16670,.,--,PUNCT,punct,16669,lassen
16671,Wenn,wenn,SCONJ,cp,16674,sollte
16672,ich,ich,PRON,sb,16674,sollte
16673,kommen,kommen,VERB,oc,16674,sollte
16674,sollte,sollen,AUX,mo,16676,schmückte
16675,",",--,PUNCT,punct,16676,schmückte
16676,schmückte,schmücken,VERB,ROOT,16676,schmückte
16677,sie,sie,PRON,ROOT,16677,sie
16678,sich,sich,PRON,ROOT,16678,sich
16679,immer,immer,ADV,mo,16678,sich
16680,wie,wie,ADP,cm,16682,Zauberin
16681,eine,ein,DET,nk,16682,Zauberin
16682,Zauberin,Zauberin,NOUN,cc,16679,immer
16683,;,--,PUNCT,punct,16678,sich
16684,ich,ich,PRON,sb,16685,setzte
16685,setzte,setzen,VERB,ROOT,16685,setzte
16686,sie,sie,PRON,oa,16685,setzte
16687,dann,dann,ADV,mo,16685,setzte
16688,mit,mit,ADP,mo,16685,setzte
16689,auf,auf,ADP,mo,16685,setzte
16690,mein,mein,DET,nk,16691,Pferd
16691,Pferd,Pferd,NOUN,nk,16689,auf
16692,und,und,CCONJ,cd,16685,setzte
16693,brachte,bringen,VERB,ROOT,16693,brachte
16694,sie,sie,PRON,sb,16693,brachte
16695,nach,nach,ADP,mo,16693,brachte
16696,einer,ein,DET,nk,16697,Höhle
16697,Höhle,Höhle,NOUN,nk,16695,nach
16698,",",--,PUNCT,punct,16693,brachte
16699,eine,ein,DET,nk,16700,Viertelstunde
16700,Viertelstunde,Viertelstunde,NOUN,app,16694,sie
16701,von,von,ADP,pg,16700,Viertelstunde
16702,ihrer,ihr,DET,nk,16703,Hütte
16703,Hütte,Hütte,NOUN,nk,16701,von
16704,",",--,PUNCT,punct,16703,Hütte
16705,welche,welcher,PRON,oa,16693,brachte
16706,das,der,PRON,nk,16705,welche
16707,Warenlager,Warenlager,NOUN,pd,16710,war
16708,meines,mein,DET,nk,16709,Schleichhandels
16709,Schleichhandels,Schleichhandel,NOUN,ag,16707,Warenlager
16710,war,sein,AUX,ROOT,16710,war
16711,;,--,PUNCT,punct,16710,war
16712,da,da,ADV,mo,16713,saß
16713,saß,sitzen,VERB,ROOT,16713,saß
16714,sie,sie,PRON,sb,16713,saß
16715,in,in,ADP,mo,16713,saß
16716,einem,ein,DET,nk,16715,in
16717,mit,mit,ADP,mo,16713,saß
16718,dem,der,DET,nk,16719,feinsten
16719,feinsten,fein,ADJ,nk,16717,mit
16720,englischen,englisch,ADJ,nk,16722,Kattun
16721,bunten,bunt,ADJ,nk,16722,Kattun
16722,Kattun,Kattu,NOUN,da,16723,ausgeschlagenen
16723,ausgeschlagenen,ausgeschlagen,ADJ,nk,16724,Raum
16724,Raum,Raum,NOUN,ROOT,16724,Raum
16725,mit,mit,ADP,mnr,16724,Raum
16726,mir,mir,PRON,nk,16725,mit
16727,und,und,CCONJ,cd,16724,Raum
16728,ergötzte,ergötzen,VERB,cj,16727,und
16729,mich,mich,PRON,oa,16728,ergötzte
16730,und,und,CCONJ,cd,16728,ergötzte
16731,einen,ein,DET,nk,16733,Freund
16732,verstorbenen,verstorben,ADJ,nk,16733,Freund
16733,Freund,Freund,NOUN,ROOT,16733,Freund
16734,mit,mit,ADP,mnr,16733,Freund
16735,Tanz,Tanz,NOUN,nk,16734,mit
16736,",",--,PUNCT,punct,16735,Tanz
16737,Gesang,Gesang,NOUN,cj,16735,Tanz
16738,und,und,CCONJ,cd,16737,Gesang
16739,freundlicher,freundlich,ADJ,nk,16740,Rede
16740,Rede,Rede,NOUN,cj,16738,und
16741,.,--,PUNCT,punct,16733,Freund
16742,Gegen,gegen,ADP,ROOT,16742,Gegen
16743,Morgen,Morgen,NOUN,nk,16742,Gegen
16744,ging,gehen,VERB,ROOT,16744,ging
16745,sie,sie,PRON,sb,16744,ging
16746,zurück,zurück,ADV,svp,16744,ging
16747,",",--,PUNCT,punct,16744,ging
16748,einen,ein,DET,nk,16749,Bündel
16749,Bündel,Bündel,NOUN,cj,16744,ging
16750,Holz,Holz,NOUN,nk,16749,Bündel
16751,in,in,ADP,mnr,16749,Bündel
16752,die,der,DET,nk,16753,Küche
16753,Küche,Küche,NOUN,nk,16751,in
16754,tragend,tragend,ADV,mo,16744,ging
16755,",",--,PUNCT,punct,16744,ging
16756,und,und,CCONJ,cd,16744,ging
16757,wurde,werden,AUX,cj,16756,und
16758,von,von,ADP,sbp,16757,wurde
16759,der,der,DET,nk,16758,von
16760,Großmutter,Großmutter,NOUN,sb,16764,gelobt
16761,wegen,wegen,ADP,mo,16764,gelobt
16762,ihrem,ihr,DET,nk,16763,Fleiß
16763,Fleiß,Fleiß,NOUN,nk,16761,wegen
16764,gelobt,geloben,VERB,ROOT,16764,gelobt
16765,.,--,PUNCT,punct,16764,gelobt
16766,Ich,ich,PRON,sb,16767,liebte
16767,liebte,lieben,VERB,ROOT,16767,liebte
16768,sie,sie,PRON,oa,16767,liebte
16769,unaussprechlich,unaussprechlich,ADV,mo,16767,liebte
16770,um,um,ADP,mo,16767,liebte
16771,ihrer,ihr,DET,nk,16770,um
16772,Tugend,Tugend,NOUN,ROOT,16772,Tugend
16773,und,und,CCONJ,cd,16772,Tugend
16774,Schönheit,Schönheit,NOUN,cj,16773,und
16775,",",--,PUNCT,punct,16772,Tugend
16776,und,und,CCONJ,cd,16772,Tugend
16777,ihr,ihr,DET,nk,16779,Wesen
16778,ganzes,ganz,ADJ,nk,16779,Wesen
16779,Wesen,Wesen,NOUN,sb,16780,war
16780,war,sein,AUX,cj,16776,und
16781,so,so,ADV,mo,16782,wunderbar
16782,wunderbar,wunderbar,ADV,pd,16780,war
16783,und,und,CCONJ,cd,16782,wunderbar
16784,bei,bei,ADP,cj,16783,und
16785,allem,alle,PRON,nk,16784,bei
16786,Mutwillen,Mutwille,NOUN,ROOT,16786,Mutwillen
16787,und,und,CCONJ,cd,16786,Mutwillen
16788,aller,aller,DET,nk,16790,Ergebenheit
16789,kindlichen,kindlich,ADJ,nk,16790,Ergebenheit
16790,Ergebenheit,Ergebenheit,NOUN,cj,16787,und
16791,so,so,ADV,mo,16792,gebieterisch
16792,gebieterisch,gebieterisch,ADV,pd,16786,Mutwillen
16793,",",--,PUNCT,punct,16792,gebieterisch
16794,daß,daß,SCONJ,cp,16797,daran
16795,ich,ich,PRON,sb,16794,daß
16796,nie,nie,ADV,mo,16797,daran
16797,daran,daran,ADV,ROOT,16797,daran
16798,denken,denken,VERB,oc,16799,konnte
16799,konnte,können,AUX,ROOT,16799,konnte
16800,",",--,PUNCT,punct,16799,konnte
16801,ihre,ihr,DET,nk,16802,Unschuld
16802,Unschuld,Unschuld,NOUN,oa,16809,verletzen
16803,auch,auch,ADV,mo,16805,mit
16804,nur,nur,ADV,mo,16805,mit
16805,mit,mit,ADP,mo,16809,verletzen
16806,einem,ein,DET,nk,16807,Gedanken
16807,Gedanken,Gedanke,NOUN,nk,16805,mit
16808,zu,zu,PART,pm,16809,verletzen
16809,verletzen,verletzen,VERB,oc,16798,denken
16810,.,--,PUNCT,punct,16799,konnte
16811,O,O,PROPN,ROOT,16811,O
16812,",",--,PUNCT,punct,16811,O
16813,sie,sie,PRON,app,16811,O
16814,war,sein,AUX,ROOT,16814,war
16815,gar,gar,ADV,mo,16816,nicht
16816,nicht,nicht,PART,ng,16814,war
16817,mehr,mehr,ADV,mo,16816,nicht
16818,wie,wie,ADP,cm,16820,Mensch
16819,ein,ein,DET,nk,16820,Mensch
16820,Mensch,Mensch,NOUN,mo,16814,war
16821,",",--,PUNCT,punct,16814,war
16822,sie,sie,PRON,sb,16823,war
16823,war,sein,AUX,cj,16814,war
16824,wie,wie,ADP,cm,16826,Zauberin
16825,eine,ein,DET,nk,16826,Zauberin
16826,Zauberin,Zauberin,NOUN,pd,16823,war
16827,",",--,PUNCT,punct,16823,war
16828,wie,wie,SCONJ,mo,16829,ein
16829,ein,ein,DET,ROOT,16829,ein
16830,Berggeist,Berggeist,NOUN,sb,16841,sang
16831,",",--,PUNCT,punct,16830,Berggeist
16832,wenn,wenn,SCONJ,cp,16839,tanzte
16833,sie,sie,PRON,sb,16839,tanzte
16834,in,in,ADP,mo,16839,tanzte
16835,dem,der,DET,nk,16836,Edelsteinschmuck
16836,Edelsteinschmuck,Edelsteinschmuck,NOUN,nk,16834,in
16837,vor,vor,ADP,mo,16839,tanzte
16838,uns,uns,PRON,nk,16837,vor
16839,tanzte,tanzen,VERB,mo,16841,sang
16840,",",--,PUNCT,punct,16841,sang
16841,sang,singen,VERB,sb,16843,lachte
16842,",",--,PUNCT,punct,16843,lachte
16843,lachte,lachen,VERB,ROOT,16843,lachte
16844,und,und,CCONJ,cd,16843,lachte
16845,weinte,weinen,VERB,ROOT,16845,weinte
16846,;,--,PUNCT,punct,16845,weinte
16847,ich,ich,PRON,sb,16848,kann
16848,kann,können,AUX,ROOT,16848,kann
16849,sie,sie,PRON,oa,16851,vergessen
16850,nie,nie,ADV,mo,16848,kann
16851,vergessen,vergessen,VERB,oc,16848,kann
16852,.,--,PUNCT,punct,16848,kann
16853,In,in,ADP,ROOT,16853,In
16854,der,der,DET,nk,16855,Nacht
16855,Nacht,Nacht,NOUN,nk,16853,In
16856,",",--,PUNCT,punct,16855,Nacht
16857,wo,wo,SCONJ,mo,16858,Ihr
16858,Ihr,ihr,PRON,ROOT,16858,Ihr
16859,und,und,CCONJ,cd,16858,Ihr
16860,Martino,Martino,PROPN,cj,16859,und
16861,mich,mich,PRON,oa,16858,Ihr
16862,so,so,ADV,mo,16858,Ihr
16863,häßlich,häßlich,ADV,mo,16864,zerprügeltet
16864,zerprügeltet,zerprügelten,VERB,mo,16866,ging
16865,",",--,PUNCT,punct,16866,ging
16866,ging,gehen,VERB,ROOT,16866,ging
16867,die,der,DET,nk,16869,Herrlichkeit
16868,ganze,ganz,ADJ,nk,16869,Herrlichkeit
16869,Herrlichkeit,Herrlichkeit,NOUN,sb,16866,ging
16870,zu,zu,ADP,mo,16866,ging
16871,Ende,Ende,NOUN,nk,16870,zu
16872,.,--,PUNCT,punct,16866,ging
16873,Anfangs,Anfangs,ADV,mo,16874,hielt
16874,hielt,halten,VERB,ROOT,16874,hielt
16875,ich,ich,PRON,sb,16874,hielt
16876,meine,mein,DET,nk,16877,Angreifer
16877,Angreifer,Angreifer,NOUN,ROOT,16877,Angreifer
16878,für,für,ADP,mnr,16877,Angreifer
16879,italienische,italienisch,ADJ,nk,16880,Gendarmen
16880,Gendarmen,Gendarm,NOUN,nk,16878,für
16881,",",--,PUNCT,punct,16880,Gendarmen
16882,die,der,PRON,sb,16887,kamen
16883,mir,mir,PRON,da,16887,kamen
16884,auf,auf,ADP,mo,16887,kamen
16885,die,der,DET,nk,16886,Spur
16886,Spur,Spur,NOUN,nk,16884,auf
16887,kamen,kommen,VERB,rc,16880,Gendarmen
16888,;,--,PUNCT,punct,16877,Angreifer
16889,als,als,SCONJ,ROOT,16889,als
16890,wir,wir,PRON,sb,16889,als
16891,uns,uns,PRON,da,16893,erklärt
16892,aber,aber,ADV,mo,16893,erklärt
16893,erklärt,erklären,VERB,oc,16894,hatten
16894,hatten,haben,AUX,mo,16896,nahm
16895,",",--,PUNCT,punct,16896,nahm
16896,nahm,nehmen,VERB,ROOT,16896,nahm
16897,mir,mir,PRON,da,16896,nahm
16898,die,der,DET,nk,16899,Entdeckung
16899,Entdeckung,Entdeckung,NOUN,sb,16896,nahm
16900,vom,von,ADP,mo,16896,nahm
16901,Gegenteil,Gegenteil,NOUN,nk,16900,vom
16902,allen,aller,DET,nk,16903,Zorn
16903,Zorn,Zorn,NOUN,oa,16896,nahm
16904,hinweg,hinweg,ADV,pd,16910,war
16905,",",--,PUNCT,punct,16910,war
16906,und,und,CCONJ,cd,16910,war
16907,unsere,unser,DET,nk,16909,Sorge
16908,erste,erster,ADJ,nk,16909,Sorge
16909,Sorge,Sorge,NOUN,pd,16910,war
16910,war,sein,AUX,ROOT,16910,war
16911,:,--,PUNCT,punct,16910,war
16912,wo,wo,SCONJ,mo,16914,hingekommen
16913,Mitidika,Mitidika,PROPN,sb,16915,sei
16914,hingekommen,hingekommen,VERB,oc,16915,sei
16915,sei,sein,AUX,sb,16910,war
16916,.,--,PUNCT,punct,16910,war
16917,Die,der,DET,nk,16918,alte
16918,alte,alt,ADJ,ROOT,16918,alte
16919,Zigeunerin,Zigeunerin,NOUN,sb,16920,jammerte
16920,jammerte,jammern,VERB,ROOT,16920,jammerte
16921,auch,auch,ADV,mo,16922,nach
16922,nach,nach,ADP,op,16920,jammerte
16923,ihr,ihr,PRON,nk,16922,nach
16924,",",--,PUNCT,punct,16920,jammerte
16925,wir,wir,PRON,sb,16926,suchten
16926,suchten,suchen,VERB,oc,16920,jammerte
16927,alle,aller,DET,nk,16928,Winkel
16928,Winkel,Winkel,NOUN,oa,16926,suchten
16929,aus,aus,ADP,svp,16926,suchten
16930,und,und,CCONJ,cd,16926,suchten
16931,fanden,finden,VERB,cj,16930,und
16932,sie,sie,PRON,oa,16931,fanden
16933,nicht,nicht,PART,ng,16940,vermißte
16934,",",--,PUNCT,punct,16940,vermißte
16935,bis,bis,SCONJ,cp,16940,vermißte
16936,die,der,DET,nk,16937,Alte
16937,Alte,alt,NOUN,sb,16940,vermißte
16938,die,der,DET,nk,16939,Leiter
16939,Leiter,Leiter,NOUN,sb,16940,vermißte
16940,vermißte,vermissen,VERB,ROOT,16940,vermißte
16941,.,--,PUNCT,punct,16940,vermißte
16942,Baciochi,Baciochi,PROPN,sb,16943,sagte
16943,sagte,sagen,VERB,ROOT,16943,sagte
16944,:,--,PUNCT,punct,16943,sagte
16945,zur,zu,ADP,mo,16947,könne
16946,Türe,Türe,NOUN,nk,16945,zur
16947,könne,können,AUX,oc,16943,sagte
16948,sie,sie,PRON,sb,16947,könne
16949,nicht,nicht,PART,ng,16950,hinausgekommen
16950,hinausgekommen,hinauskommen,VERB,oc,16951,sein
16951,sein,sein,AUX,ROOT,16951,sein
16952,",",--,PUNCT,punct,16951,sein
16953,er,er,PRON,sb,16954,habe
16954,habe,haben,AUX,sb,16951,sein
16955,davorgelegen,davorgelegen,VERB,oc,16954,habe
16956,;,--,PUNCT,punct,16951,sein
16957,da,da,ADV,mo,16958,machte
16958,machte,machen,VERB,ROOT,16958,machte
16959,uns,uns,PRON,oa,16958,machte
16960,der,der,DET,nk,16961,Regen
16961,Regen,Regen,NOUN,sb,16958,machte
16962,",",--,PUNCT,punct,16961,Regen
16963,der,der,PRON,dep,16958,machte
16964,durch,durch,ADP,mo,16970,hereinströmte
16965,das,der,DET,nk,16966,Loch
16966,Loch,Loch,NOUN,nk,16964,durch
16967,in,in,ADP,mo,16970,hereinströmte
16968,der,der,DET,nk,16969,Decke
16969,Decke,Decke,NOUN,nk,16967,in
16970,hereinströmte,hereinströmn,VERB,ROOT,16970,hereinströmte
16971,",",--,PUNCT,punct,16970,hereinströmte
16972,aufmerksam,aufmerksam,ADV,cj,16970,hereinströmte
16973,;,--,PUNCT,punct,16970,hereinströmte
16974,Martino,Martino,PROPN,sb,16975,kletterte
16975,kletterte,klettern,VERB,ROOT,16975,kletterte
16976,auf,auf,ADP,svp,16975,kletterte
16977,den,der,DET,nk,16978,Schultern
16978,Schultern,Schulter,NOUN,da,16980,hinan
16979,Baciochis,Baciochi,PROPN,ag,16978,Schultern
16980,hinan,hinan,ADV,ROOT,16980,hinan
16981,und,und,CCONJ,cd,16980,hinan
16982,fand,finden,VERB,cj,16981,und
16983,die,der,DET,nk,16984,Leiter
16984,Leiter,Leiter,NOUN,sb,16982,fand
16985,",",--,PUNCT,punct,16982,fand
16986,aber,aber,CCONJ,cd,16982,fand
16987,Mitidika,Mitidika,NOUN,cj,16986,aber
16988,",",--,PUNCT,punct,16987,Mitidika
16989,welche,welcher,PRON,oa,16982,fand
16990,die,der,DET,nk,16989,welche
16991,Leiter,Leiter,NOUN,sb,16996,war
16992,nach,nach,ADP,mo,16994,gezogen
16993,sich,sich,PRON,nk,16992,nach
16994,gezogen,ziehen,VERB,oc,16991,Leiter
16995,",",--,PUNCT,punct,16996,war
16996,war,sein,AUX,ROOT,16996,war
16997,durch,durch,ADP,mo,17001,geklettert
16998,das,der,DET,nk,16999,Strohdach
16999,Strohdach,Strohdach,NOUN,nk,16997,durch
17000,hinaus,hinaus,ADP,ac,16997,durch
17001,geklettert,klettern,VERB,oc,16996,war
17002,und,und,CCONJ,cd,17001,geklettert
17003,nirgends,nirgends,ADV,mo,17005,finden
17004,zu,zu,PART,pm,17005,finden
17005,finden,finden,VERB,ROOT,17005,finden
17006,.,--,PUNCT,punct,17005,finden
17007,Ich,ich,PRON,sb,17008,eilte
17008,eilte,eilen,VERB,ROOT,17008,eilte
17009,nach,nach,ADP,mo,17008,eilte
17010,der,der,DET,nk,17011,Türe
17011,Türe,Türe,NOUN,nk,17009,nach
17012,und,und,CCONJ,cd,17008,eilte
17013,vermißte,vermissen,VERB,cj,17012,und
17014,mein,mein,DET,nk,17015,Pferd
17015,Pferd,Pferd,NOUN,oa,17013,vermißte
17016,;,--,PUNCT,punct,17008,eilte
17017,nun,nun,ADV,mo,17018,war
17018,war,sein,AUX,ROOT,17018,war
17019,ich,ich,PRON,ROOT,17019,ich
17020,gewiß,gewiß,ADV,mo,17019,ich
17021,",",--,PUNCT,punct,17020,gewiß
17022,daß,daß,SCONJ,cp,17029,müsse
17023,sie,sie,PRON,sb,17029,müsse
17024,nach,nach,ADP,mo,17027,entflohen
17025,meinem,mein,DET,nk,17026,Schlupfwinkel
17026,Schlupfwinkel,Schlupfwinkel,NOUN,nk,17024,nach
17027,entflohen,entfliehen,VERB,oc,17028,sein
17028,sein,sein,AUX,oc,17029,müsse
17029,müsse,müssen,AUX,oc,17020,gewiß
17030,",",--,PUNCT,punct,17019,ich
17031,und,und,CCONJ,cd,17019,ich
17032,war,sein,AUX,cj,17031,und
17033,ruhig,ruhig,ADV,ROOT,17033,ruhig
17034,.,--,PUNCT,punct,17033,ruhig
17035,Ich,ich,PRON,sb,17036,durfte
17036,durfte,dürfen,AUX,ROOT,17036,durfte
17037,diesen,dieser,PRON,da,17036,durfte
17038,weder,weder,CCONJ,cd,17039,an
17039,an,an,ADP,mnr,17037,diesen
17040,Baciochi,Baciochi,PROPN,nk,17039,an
17041,noch,noch,ADV,cd,17039,an
17042,an,an,ADP,mo,17036,durfte
17043,die,der,DET,nk,17044,Zigeunerin
17044,Zigeunerin,Zigeunerin,NOUN,nk,17042,an
17045,",",--,PUNCT,punct,17044,Zigeunerin
17046,die,der,PRON,oa,17047,nichts
17047,nichts,nichts,PRON,dep,17036,durfte
17048,von,von,ADP,op,17053,wußte
17049,meinem,mein,DET,nk,17050,Verhältnisse
17050,Verhältnisse,Verhältnis,NOUN,nk,17048,von
17051,mit,mit,ADP,mnr,17050,Verhältnisse
17052,Mitidika,Mitidika,PROPN,nk,17051,mit
17053,wußte,wissen,VERB,ROOT,17053,wußte
17054,",",--,PUNCT,punct,17055,verraten
17055,verraten,verraten,VERB,oc,17053,wußte
17056,und,und,CCONJ,cd,17053,wußte
17057,suchte,suchen,VERB,cj,17056,und
17058,deshalb,deshalb,ADV,mo,17057,suchte
17059,noch,noch,ADV,mo,17057,suchte
17060,lange,lange,ADV,mo,17061,mit
17061,mit,mit,ADP,ROOT,17061,mit
17062,.,--,PUNCT,punct,17061,mit
17063,Das,der,DET,nk,17064,Wetter
17064,Wetter,Wetter,NOUN,sb,17065,war
17065,war,sein,AUX,ROOT,17065,war
17066,aber,aber,ADV,mo,17065,war
17067,so,so,ADV,mo,17068,abscheulich
17068,abscheulich,abscheulich,ADV,pd,17065,war
17069,",",--,PUNCT,punct,17068,abscheulich
17070,daß,daß,SCONJ,cp,17071,wir
17071,wir,wir,PRON,sb,17065,war
17072,bald,bald,ADV,mo,17073,wieder
17073,wieder,wieder,ADV,mo,17065,war
17074,zurückkehrten,rückkehrten,VERB,ROOT,17074,zurückkehrten
17075,",",--,PUNCT,punct,17074,zurückkehrten
17076,und,und,CCONJ,cd,17074,zurückkehrten
17077,die,der,DET,nk,17078,Alte
17078,Alte,alt,ADJ,sb,17079,jammerte
17079,jammerte,jammern,VERB,cj,17076,und
17080,nicht,nicht,PART,ng,17079,jammerte
17081,mehr,mehr,ADV,mo,17080,nicht
17082,lange,lange,ADV,mo,17079,jammerte
17083,;,--,PUNCT,punct,17074,zurückkehrten
17084,da,da,ADV,mo,17085,hörten
17085,hörten,hören,VERB,ROOT,17085,hörten
17086,wir,wir,PRON,nk,17087,Hufschlag
17087,Hufschlag,Hufschlag,NOUN,sb,17085,hörten
17088,",",--,PUNCT,punct,17085,hörten
17089,und,und,CCONJ,ROOT,17089,und
17090,Mitidika,Mitidika,NOUN,sb,17091,stürzte
17091,stürzte,stürzen,VERB,cj,17089,und
17092,in,in,ADP,mo,17091,stürzte
17093,ihrem,ihr,DET,nk,17095,Schmuck
17094,ganzen,ganz,ADJ,nk,17095,Schmuck
17095,Schmuck,Schmuck,NOUN,nk,17092,in
17096,mit,mit,ADP,mnr,17095,Schmuck
17097,wilder,wild,ADJ,nk,17098,Gebärde
17098,Gebärde,Gebärde,NOUN,nk,17096,mit
17099,in,in,ADP,mo,17091,stürzte
17100,die,der,DET,nk,17101,Stube
17101,Stube,Stube,NOUN,nk,17099,in
17102,auf,auf,ADP,mo,17111,schrie
17103,mich,mich,PRON,nk,17102,auf
17104,zu,zu,ADP,mo,17102,auf
17105,:,--,PUNCT,punct,17106,›Geschwind
17106,›Geschwind,›Geschwind,PROPN,nk,17102,auf
17107,",",--,PUNCT,punct,17106,›Geschwind
17108,fort,fort,ADV,cj,17106,›Geschwind
17109,",",--,PUNCT,punct,17106,›Geschwind
17110,geflohen!‹,geflohen!‹,NOUN,cj,17108,fort
17111,schrie,schreien,VERB,ROOT,17111,schrie
17112,sie,sie,PRON,sb,17111,schrie
17113,",",--,PUNCT,punct,17111,schrie
17114,›die,›der,PRON,oa,17115,italienischen
17115,italienischen,italienischen,VERB,oc,17111,schrie
17116,Gendarmen,Gendarm,NOUN,sb,17117,streifen
17117,streifen,streifen,VERB,ROOT,17117,streifen
17118,in,in,ADP,mo,17117,streifen
17119,der,der,DET,nk,17120,Nähe
17120,Nähe,Nähe,NOUN,nk,17118,in
17121,",",--,PUNCT,punct,17117,streifen
17122,Euren,euer,DET,nk,17123,Freund
17123,Freund,Freund,NOUN,oa,17124,haben
17124,haben,haben,AUX,cj,17117,streifen
17125,sie,sie,PRON,sb,17124,haben
17126,mit,mit,ADP,mo,17124,haben
17127,einem,ein,DET,nk,17129,Zug
17128,ganzen,ganz,ADJ,nk,17129,Zug
17129,Zug,Zug,NOUN,nk,17126,mit
17130,Schleichhändler,schleichhändler,NOUN,pd,17131,gefangen
17131,gefangen,gefangen,ADV,ROOT,17131,gefangen
17132,;,--,PUNCT,punct,17131,gefangen
17133,es,es,PRON,sb,17134,ist
17134,ist,sein,AUX,ROOT,17134,ist
17135,ein,ein,DET,nk,17136,Glück
17136,Glück,Glück,NOUN,pd,17134,ist
17137,",",--,PUNCT,punct,17134,ist
17138,daß,daß,SCONJ,cp,17142,losging
17139,hier,hier,ADV,mo,17142,losging
17140,der,der,DET,nk,17141,Spektakel
17141,Spektakel,Spektakel,NOUN,sb,17142,losging
17142,losging,losging,X,re,17133,es
17143,",",--,PUNCT,punct,17142,losging
17144,ich,ich,PRON,ROOT,17144,ich
17145,bin,sein,AUX,re,17153,dadurch
17146,aus,aus,ADP,mo,17151,geschlüpft
17147,Angst,Angst,NOUN,nk,17146,aus
17148,durch,durch,ADP,mnr,17147,Angst
17149,das,der,DET,nk,17150,Dach
17150,Dach,Dach,NOUN,nk,17148,durch
17151,geschlüpft,schlüpfen,VERB,oc,17145,bin
17152,",",--,PUNCT,punct,17153,dadurch
17153,dadurch,dadurch,ADV,mo,17154,habe
17154,habe,haben,AUX,ROOT,17154,habe
17155,ich,ich,PRON,sb,17154,habe
17156,die,der,DET,oa,17154,habe
17157,nahe,nah,ADJ,mo,17154,habe
17158,Gefahr,Gefahr,NOUN,nk,17157,nahe
17159,entdeckt,entdecken,VERB,ROOT,17159,entdeckt
17160,;,--,PUNCT,punct,17159,entdeckt
17161,geschwind,geschwind,ADV,nk,17162,fort!‹
17162,fort!‹,fort!‹,NOUN,sb,17165,schrie
17163,–,--,PUNCT,punct,17162,fort!‹
17164,›Wohin?‹,›Wohin?‹,NOUN,app,17162,fort!‹
17165,schrie,schreien,VERB,ROOT,17165,schrie
17166,ich,ich,PRON,sb,17165,schrie
17167,",",--,PUNCT,punct,17165,schrie
17168,und,und,CCONJ,cd,17165,schrie
17169,Baciochi,Baciochi,PROPN,cj,17168,und
17170,",",--,PUNCT,punct,17169,Baciochi
17171,Martino,Martino,PROPN,cj,17169,Baciochi
17172,und,und,CCONJ,cd,17171,Martino
17173,Marinina,Marinina,PROPN,sb,17183,folgten
17174,",",--,PUNCT,punct,17173,Marinina
17175,die,der,PRON,sb,17181,fürchteten
17176,sich,sich,PRON,oa,17181,fürchteten
17177,auch,auch,ADV,mo,17178,vor
17178,vor,vor,ADP,mo,17181,fürchteten
17179,der,der,DET,nk,17180,Entdeckung
17180,Entdeckung,Entdeckung,NOUN,nk,17178,vor
17181,fürchteten,fürchten,VERB,rc,17173,Marinina
17182,",",--,PUNCT,punct,17183,folgten
17183,folgten,folgen,VERB,ROOT,17183,folgten
17184,alle,alle,PRON,sb,17183,folgten
17185,mit,mit,ADP,mo,17183,folgten
17186,mir,mir,PRON,nk,17185,mit
17187,der,der,DET,mo,17183,folgten
17188,treibenden,treibend,ADJ,nk,17189,Mitidika
17189,Mitidika,Mitidika,NOUN,ROOT,17189,Mitidika
17190,zur,zu,ADP,mnr,17189,Mitidika
17191,Türe,Türe,NOUN,nk,17190,zur
17192,hinaus,hinaus,ADP,svp,17189,Mitidika
17193,.,--,PUNCT,punct,17189,Mitidika
17194,Sie,sie,PRON,sb,17195,schwang
17195,schwang,schwingen,VERB,ROOT,17195,schwang
17196,sich,sich,PRON,oa,17195,schwang
17197,auf,auf,ADP,op,17195,schwang
17198,mein,mein,DET,nk,17199,Pferd
17199,Pferd,Pferd,NOUN,nk,17197,auf
17200,",",--,PUNCT,punct,17195,schwang
17201,ich,ich,PRON,dep,17195,schwang
17202,hinter,hinter,ADP,mo,17214,unbekümmert
17203,sie,sie,PRON,nk,17202,hinter
17204,",",--,PUNCT,punct,17202,hinter
17205,und,und,CCONJ,cd,17202,hinter
17206,so,so,ADV,mo,17207,sprengten
17207,sprengten,sprengen,VERB,cj,17205,und
17208,wir,wir,PRON,sb,17207,sprengten
17209,beide,beide,PRON,oa,17207,sprengten
17210,nach,nach,ADP,mo,17207,sprengten
17211,unserem,unser,DET,nk,17212,Schlupfwinkel
17212,Schlupfwinkel,Schlupfwinkel,NOUN,nk,17210,nach
17213,",",--,PUNCT,punct,17207,sprengten
17214,unbekümmert,unbekümmert,ADV,ROOT,17214,unbekümmert
17215,um,um,ADP,ROOT,17215,um
17216,Euch,euch,PRON,nk,17215,um
17217,",",--,PUNCT,punct,17216,Euch
17218,Herr,Herr,NOUN,cj,17216,Euch
17219,Baciochi,Baciochi,PROPN,nk,17218,Herr
17220,",",--,PUNCT,punct,17216,Euch
17221,und,und,CCONJ,cd,17216,Euch
17222,die,der,DET,nk,17223,Eurigen
17223,Eurigen,Eurig,NOUN,cj,17221,und
17224,.,--,PUNCT,punct,17215,um
17225,«,--,PUNCT,ROOT,17225,«
17226,»,--,PUNCT,punct,17227,Ja
17227,Ja,ja,PART,dep,17230,sagte
17228,«,--,PUNCT,punct,17227,Ja
17229,",",--,PUNCT,punct,17230,sagte
17230,sagte,sagen,VERB,ROOT,17230,sagte
17231,der,der,DET,nk,17232,Feuerwerker
17232,Feuerwerker,Feuerwerker,NOUN,sb,17230,sagte
17233,",",--,PUNCT,punct,17230,sagte
17234,»,--,PUNCT,punct,17236,rittet
17235,Ihr,ihr,PRON,sb,17236,rittet
17236,rittet,ritten,VERB,oc,17230,sagte
17237,nicht,nicht,PART,ng,17238,schlecht
17238,schlecht,schlecht,ADV,mo,17236,rittet
17239,",",--,PUNCT,punct,17230,sagte
17240,und,und,CCONJ,cd,17230,sagte
17241,wir,wir,PRON,sb,17242,hatten
17242,hatten,haben,AUX,cj,17240,und
17243,in,in,ADP,mo,17242,hatten
17244,dem,der,DET,nk,17243,in
17245,wilden,wild,ADJ,nk,17246,Wetter
17246,Wetter,Wetter,NOUN,ROOT,17246,Wetter
17247,übles,übl,ADJ,nk,17248,Nachsehen
17248,Nachsehen,nachsehen,NOUN,ag,17246,Wetter
17249,;,--,PUNCT,punct,17246,Wetter
17250,übrigens,übrigens,ADV,mo,17251,war
17251,war,sein,AUX,ROOT,17251,war
17252,es,es,PRON,sb,17251,war
17253,Euch,euch,PRON,da,17251,war
17254,nicht,nicht,PART,ng,17256,verargen
17255,zu,zu,PART,pm,17256,verargen
17256,verargen,verargen,VERB,oc,17251,war
17257,",",--,PUNCT,punct,17251,war
17258,daß,daß,SCONJ,cd,17251,war
17259,Ihr,ihr,PRON,ROOT,17259,Ihr
17260,uns,uns,PRON,da,17262,eingeladen
17261,nicht,nicht,PART,ng,17262,eingeladen
17262,eingeladen,einladen,VERB,oc,17264,mitzugehen
17263,",",--,PUNCT,punct,17264,mitzugehen
17264,mitzugehen,mitzugehen,VERB,ROOT,17264,mitzugehen
17265,;,--,PUNCT,punct,17264,mitzugehen
17266,wir,wir,PRON,sb,17267,hatten
17267,hatten,haben,VERB,ROOT,17267,hatten
17268,Euch,euch,PRON,oa,17270,bewillkommt
17269,schlecht,schlecht,ADV,mo,17270,bewillkommt
17270,bewillkommt,bewillkommen,VERB,oc,17267,hatten
17271,.,--,PUNCT,punct,17267,hatten
17272,Ich,ich,PRON,ROOT,17272,Ich
17273,will,wollen,AUX,ROOT,17273,will
17274,mein,mein,DET,nk,17275,Lebtag
17275,Lebtag,Lebtag,NOUN,oa,17279,denken
17276,an,an,ADP,mo,17279,denken
17277,den,der,DET,nk,17278,Mordweg
17278,Mordweg,Mordweg,NOUN,nk,17276,an
17279,denken,denken,VERB,oc,17273,will
17280,.,--,PUNCT,punct,17273,will
17281,Meine,mein,DET,nk,17282,Marinina
17282,Marinina,Marinina,PROPN,sb,17283,ward
17283,ward,werden,VERB,ROOT,17283,ward
17284,krank,krank,ADV,mo,17283,ward
17285,und,und,CCONJ,cd,17283,ward
17286,starb,sterben,VERB,cj,17285,und
17287,zwei,zwei,NUM,nk,17288,Monate
17288,Monate,Monat,NOUN,ams,17289,nachher
17289,nachher,nachher,ADV,ROOT,17289,nachher
17290,in,in,ADP,mo,17289,nachher
17291,Kroatien,Kroatien,PROPN,nk,17290,in
17292,;,--,PUNCT,punct,17289,nachher
17293,Gott,Gott,NOUN,oa,17294,habe
17294,habe,haben,AUX,ROOT,17294,habe
17295,sie,sie,PRON,sb,17294,habe
17296,selig,selig,ADV,mo,17294,habe
17297,!,--,PUNCT,punct,17294,habe
17298,Martino,Martino,PROPN,sb,17299,ließ
17299,ließ,lassen,VERB,ROOT,17299,ließ
17300,sich,sich,PRON,oa,17299,ließ
17301,bei,bei,ADP,mo,17299,ließ
17302,der,der,DET,nk,17301,bei
17303,österreichischen,österreichisch,ADJ,nk,17304,Artillerie
17304,Artillerie,Artillerie,NOUN,da,17305,anwerben
17305,anwerben,anwerben,VERB,ROOT,17305,anwerben
17306,und,und,CCONJ,cd,17305,anwerben
17307,war,sein,AUX,cj,17306,und
17308,neulich,neulich,ADV,mo,17307,war
17309,mit,mit,ADP,mo,17307,war
17310,in,in,ADP,mo,17307,war
17311,Neapel,Neapel,PROPN,nk,17310,in
17312,",",--,PUNCT,punct,17307,war
17313,wenn,wenn,SCONJ,cp,17314,er
17314,er,er,PRON,ROOT,17314,er
17315,noch,noch,ADV,mo,17316,lebt
17316,lebt,leben,VERB,ROOT,17316,lebt
17317,.,--,PUNCT,punct,17316,lebt
17318,Ich,ich,PRON,sb,17319,fand
17319,fand,finden,VERB,ROOT,17319,fand
17320,mein,mein,DET,nk,17321,Brot
17321,Brot,Brot,NOUN,oa,17319,fand
17322,–,--,PUNCT,punct,17319,fand
17323,Gott,Gott,NOUN,sb,17324,sei
17324,sei,sein,AUX,cj,17319,fand
17325,gelobt,loben,ADV,pd,17324,sei
17326,!,--,PUNCT,punct,17319,fand
17327,–,--,PUNCT,punct,17319,fand
17328,bei,bei,ADP,mo,17319,fand
17329,unserm,unserm,DET,nk,17331,Herrn
17330,gnädigen,gnädig,ADJ,nk,17331,Herrn
17331,Herrn,Herr,NOUN,nk,17328,bei
17332,.,--,PUNCT,punct,17319,fand
17333,Es,es,PRON,sb,17334,freut
17334,freut,freuen,VERB,ROOT,17334,freut
17335,mich,mich,PRON,oa,17334,freut
17336,",",--,PUNCT,punct,17334,freut
17337,daß,daß,SCONJ,cp,17341,davongekommen
17338,Ihr,ihr,PRON,sb,17341,davongekommen
17339,so,so,ADV,mo,17340,gut
17340,gut,gut,ADV,mo,17341,davongekommen
17341,davongekommen,davonkommen,VERB,re,17333,Es
17342,;,--,PUNCT,punct,17334,freut
17343,aber,aber,CCONJ,ju,17345,ist
17344,was,was,PRON,sb,17345,ist
17345,ist,sein,AUX,ROOT,17345,ist
17346,denn,denn,ADV,mo,17345,ist
17347,aus,aus,ADP,mo,17345,ist
17348,der,der,DET,nk,17349,braunen
17349,braunen,braun,ADJ,nk,17347,aus
17350,Mitidika,Mitidika,NOUN,pd,17351,geworden
17351,geworden,werden,AUX,ROOT,17351,geworden
17352,?,--,PUNCT,punct,17351,geworden
17353,«,--,PUNCT,punct,17351,geworden
17354,»,--,PUNCT,punct,17359,wüßte
17355,Ja,ja,PART,dm,17359,wüßte
17356,",",--,PUNCT,punct,17359,wüßte
17357,wer,wer,PRON,sb,17359,wüßte
17358,das,der,PRON,oa,17359,wüßte
17359,wüßte,wissen,VERB,oc,17362,sagte
17360,!,--,PUNCT,punct,17362,sagte
17361,«,--,PUNCT,punct,17362,sagte
17362,sagte,sagen,VERB,ROOT,17362,sagte
17363,Devillier,Devillier,NOUN,sb,17362,sagte
17364,;,--,PUNCT,punct,17362,sagte
17365,»,--,PUNCT,punct,17367,kamen
17366,wir,wir,PRON,sb,17367,kamen
17367,kamen,kommen,VERB,ROOT,17367,kamen
17368,vor,vor,ADP,mo,17367,kamen
17369,der,der,DET,nk,17370,Höhle
17370,Höhle,Höhle,NOUN,nk,17368,vor
17371,an,an,ADP,svp,17367,kamen
17372,und,und,CCONJ,cd,17367,kamen
17373,zogen,ziehen,VERB,cj,17372,und
17374,das,der,PRON,oa,17373,zogen
17375,Pferd,Pferd,NOUN,ROOT,17375,Pferd
17376,herein,herein,ADV,svp,17375,Pferd
17377,.,--,PUNCT,punct,17375,Pferd
17378,Sie,sie,PRON,sb,17379,war
17379,war,sein,AUX,ROOT,17379,war
17380,voll,voll,ADP,pd,17379,war
17381,Sorge,Sorge,NOUN,nk,17380,voll
17382,um,um,ADP,op,17381,Sorge
17383,mich,mich,PRON,nk,17382,um
17384,",",--,PUNCT,punct,17379,war
17385,wusch,wusch,VERB,cj,17379,war
17386,mir,mir,PRON,da,17385,wusch
17387,meine,mein,DET,nk,17388,Kopfwunden
17388,Kopfwunden,Kopfwunde,NOUN,oa,17385,wusch
17389,und,und,CCONJ,cd,17388,Kopfwunden
17390,Beulen,Beule,NOUN,cj,17389,und
17391,mit,mit,ADP,ROOT,17391,mit
17392,Wein,Wein,NOUN,nk,17391,mit
17393,und,und,CCONJ,ROOT,17393,und
17394,bewies,beweisen,VERB,cj,17393,und
17395,mir,mir,PRON,da,17394,bewies
17396,unendliche,unendlich,ADJ,nk,17397,Liebe
17397,Liebe,Liebe,NOUN,oa,17394,bewies
17398,.,--,PUNCT,ROOT,17398,.
17399,So,so,ADV,mo,17400,brachten
17400,brachten,bringen,VERB,ROOT,17400,brachten
17401,wir,wir,PRON,sb,17400,brachten
17402,die,der,DET,nk,17403,Nacht
17403,Nacht,Nacht,NOUN,oa,17400,brachten
17404,in,in,ADP,mo,17400,brachten
17405,steter,Steter,ADJ,nk,17404,in
17406,Angst,Angst,NOUN,ROOT,17406,Angst
17407,und,und,CCONJ,cd,17406,Angst
17408,Sorge,Sorge,NOUN,cj,17407,und
17409,zu,zu,ADP,mnr,17406,Angst
17410,.,--,PUNCT,punct,17406,Angst
17411,Gegen,gegen,ADP,mo,17413,hatte
17412,Morgen,Morgen,NOUN,nk,17411,Gegen
17413,hatte,haben,AUX,ROOT,17413,hatte
17414,sie,sie,PRON,sb,17413,hatte
17415,keine,kein,DET,nk,17416,Ruhe
17416,Ruhe,Ruhe,NOUN,oa,17413,hatte
17417,mehr,mehr,ADV,mo,17416,Ruhe
17418,",",--,PUNCT,punct,17413,hatte
17419,sie,sie,PRON,sb,17420,verlangte
17420,verlangte,verlangen,VERB,cj,17413,hatte
17421,nach,nach,ADP,mo,17420,verlangte
17422,der,der,DET,nk,17424,Mutter
17423,alten,alt,ADJ,nk,17424,Mutter
17424,Mutter,Mutter,NOUN,ROOT,17424,Mutter
17425,;,--,PUNCT,punct,17424,Mutter
17426,sie,sie,PRON,sb,17427,beschwor
17427,beschwor,beschwören,VERB,ROOT,17427,beschwor
17428,mich,mich,PRON,oa,17427,beschwor
17429,",",--,PUNCT,punct,17427,beschwor
17430,sogleich,sogleich,ADV,mo,17434,verlassen
17431,die,der,DET,nk,17432,Höhle
17432,Höhle,Höhle,NOUN,oa,17434,verlassen
17433,zu,zu,PART,pm,17434,verlassen
17434,verlassen,verlassen,VERB,oc,17427,beschwor
17435,und,und,CCONJ,cd,17434,verlassen
17436,zu,zu,ADP,mo,17427,beschwor
17437,fliehen,fliehen,VERB,ROOT,17437,fliehen
17438,.,--,PUNCT,punct,17437,fliehen
17439,Das,der,DET,nk,17440,Schicksal
17440,Schicksal,Schicksal,NOUN,sb,17443,erschütterte
17441,meines,mein,DET,nk,17442,Freundes
17442,Freundes,Freund,NOUN,ag,17440,Schicksal
17443,erschütterte,erschüttern,VERB,ROOT,17443,erschütterte
17444,mich,mich,PRON,oa,17443,erschütterte
17445,tief,tief,ADV,mo,17443,erschütterte
17446,",",--,PUNCT,punct,17443,erschütterte
17447,ich,ich,PRON,sb,17448,war
17448,war,sein,AUX,cj,17443,erschütterte
17449,entschlossen,entschließen,VERB,ROOT,17449,entschlossen
17450,",",--,PUNCT,punct,17449,entschlossen
17451,ihn,ihn,PRON,oa,17452,aufzusuchen
17452,aufzusuchen,aufsuchen,VERB,oc,17449,entschlossen
17453,.,--,PUNCT,punct,17449,entschlossen
17454,Sie,sie,PRON,sb,17455,schwur
17455,schwur,schwur,VERB,ROOT,17455,schwur
17456,mir,mir,PRON,da,17455,schwur
17457,ewige,ewig,ADJ,nk,17458,Treue
17458,Treue,Treue,NOUN,oa,17455,schwur
17459,;,--,PUNCT,punct,17455,schwur
17460,ich,ich,PRON,sb,17461,versprach
17461,versprach,versprechen,VERB,ROOT,17461,versprach
17462,ihr,ihr,PRON,oa,17461,versprach
17463,",",--,PUNCT,punct,17461,versprach
17464,wenn,wenn,SCONJ,cp,17472,fände
17465,ich,ich,PRON,sb,17472,fände
17466,sie,sie,PRON,oa,17472,fände
17467,nach,nach,ADP,mo,17472,fände
17468,einiger,einiger,DET,nk,17469,Zeit
17469,Zeit,Zeit,NOUN,nk,17467,nach
17470,hier,hier,ADV,mo,17472,fände
17471,wieder,wieder,ADV,mo,17472,fände
17472,fände,fänden,VERB,ROOT,17472,fände
17473,",",--,PUNCT,punct,17472,fände
17474,sie,sie,PRON,oa,17479,machen
17475,zu,zu,ADP,mo,17479,machen
17476,meiner,mein,DET,nk,17477,Frau
17477,Frau,Frau,NOUN,nk,17475,zu
17478,zu,zu,PART,pm,17479,machen
17479,machen,machen,VERB,oc,17472,fände
17480,;,--,PUNCT,punct,17472,fände
17481,sie,sie,PRON,sb,17482,lachte
17482,lachte,lachen,VERB,ROOT,17482,lachte
17483,und,und,CCONJ,cd,17482,lachte
17484,meinte,meinen,VERB,cj,17483,und
17485,:,--,PUNCT,punct,17484,meinte
17486,sie,sie,PRON,sb,17487,wolle
17487,wolle,wollen,AUX,oc,17484,meinte
17488,nie,nie,ADV,mo,17487,wolle
17489,einen,ein,DET,nk,17490,Mann
17490,Mann,Mann,NOUN,oa,17487,wolle
17491,",",--,PUNCT,punct,17490,Mann
17492,der,der,PRON,sb,17495,sei
17493,kein,kein,DET,nk,17494,Zigeuner
17494,Zigeuner,Zigeuner,NOUN,pd,17495,sei
17495,sei,sein,AUX,rc,17490,Mann
17496,",",--,PUNCT,punct,17495,sei
17497,und,und,CCONJ,cd,17495,sei
17498,nun,nun,ADV,mo,17497,und
17499,auch,auch,ADV,mo,17501,Zigeuner
17500,keinen,kein,DET,nk,17501,Zigeuner
17501,Zigeuner,Zigeuner,NOUN,ROOT,17501,Zigeuner
17502,",",--,PUNCT,punct,17501,Zigeuner
17503,sie,sie,PRON,sb,17504,wolle
17504,wolle,wollen,VERB,oc,17501,Zigeuner
17505,gar,gar,ADV,mo,17504,wolle
17506,keinen,kein,DET,nk,17507,Mann
17507,Mann,Mann,NOUN,oa,17504,wolle
17508,.,--,PUNCT,punct,17501,Zigeuner
17509,Dabei,dabei,ADV,mo,17510,scherzte
17510,scherzte,scherzen,VERB,ROOT,17510,scherzte
17511,und,und,CCONJ,cd,17510,scherzte
17512,weinte,weinen,VERB,cj,17511,und
17513,sie,sie,PRON,oa,17512,weinte
17514,",",--,PUNCT,punct,17510,scherzte
17515,tanzte,tanzen,VERB,ROOT,17515,tanzte
17516,und,und,CCONJ,cd,17515,tanzte
17517,sang,singen,VERB,cj,17516,und
17518,noch,noch,ADV,mo,17519,einmal
17519,einmal,einmal,ADV,mo,17517,sang
17520,vor,vor,ADP,mo,17517,sang
17521,mir,mir,PRON,nk,17520,vor
17522,",",--,PUNCT,punct,17517,sang
17523,und,und,CCONJ,cd,17515,tanzte
17524,als,als,SCONJ,cp,17528,wollte
17525,ich,ich,PRON,sb,17528,wollte
17526,sie,sie,PRON,oa,17527,umarmen
17527,umarmen,umarmen,VERB,oc,17528,wollte
17528,wollte,wollen,AUX,mo,17530,schlug
17529,",",--,PUNCT,punct,17530,schlug
17530,schlug,schlagen,VERB,cj,17523,und
17531,sie,sie,PRON,sb,17530,schlug
17532,mich,mich,PRON,ROOT,17532,mich
17533,ins,in,ADP,mnr,17532,mich
17534,Gesicht,Gesicht,NOUN,nk,17533,ins
17535,und,und,CCONJ,cd,17533,ins
17536,floh,fliehen,VERB,cj,17535,und
17537,zur,zu,ADP,mo,17536,floh
17538,Höhle,Höhle,NOUN,nk,17537,zur
17539,hinaus,hinaus,ADP,svp,17536,floh
17540,.,--,PUNCT,punct,17532,mich
17541,Ich,ich,PRON,sb,17542,verließ
17542,verließ,verlassen,VERB,ROOT,17542,verließ
17543,den,der,DET,nk,17544,Ort
17544,Ort,Ort,NOUN,oa,17542,verließ
17545,gegen,gegen,ADP,mnr,17544,Ort
17546,Abend,Abend,NOUN,nk,17545,gegen
17547,.,--,PUNCT,punct,17542,verließ
17548,Als,als,SCONJ,cp,17555,hatte
17549,ich,ich,PRON,sb,17555,hatte
17550,vom,von,ADP,op,17554,gehört
17551,Tode,Tod,NOUN,nk,17550,vom
17552,meines,mein,DET,nk,17553,Freundes
17553,Freundes,Freund,NOUN,ag,17551,Tode
17554,gehört,gehören,VERB,oc,17555,hatte
17555,hatte,haben,AUX,mo,17561,war
17556,und,und,CCONJ,cd,17555,hatte
17557,zu,zu,ADP,mo,17559,zurückkehrte
17558,Mitidika,Mitidika,PROPN,nk,17557,zu
17559,zurückkehrte,zurückkehren,VERB,cj,17556,und
17560,",",--,PUNCT,punct,17561,war
17561,war,sein,AUX,ROOT,17561,war
17562,ihre,ihr,DET,nk,17563,Hütte
17563,Hütte,Hütte,NOUN,oa,17564,abgebrannt
17564,abgebrannt,abgebrannen,VERB,ROOT,17564,abgebrannt
17565,;,--,PUNCT,punct,17564,abgebrannt
17566,ich,ich,PRON,sb,17567,ging
17567,ging,gehen,VERB,ROOT,17567,ging
17568,nach,nach,ADP,mo,17567,ging
17569,der,der,DET,nk,17570,Höhle
17570,Höhle,Höhle,NOUN,nk,17568,nach
17571,",",--,PUNCT,punct,17567,ging
17572,sie,sie,PRON,sb,17573,war
17573,war,sein,AUX,cj,17567,ging
17574,ausgeplündert,ausplündern,VERB,pd,17573,war
17575,.,--,PUNCT,punct,17567,ging
17576,Auf,auf,ADP,ROOT,17576,Auf
17577,der,der,DET,nk,17576,Auf
17578,Wand,Wand,NOUN,mo,17580,fand
17579,aber,aber,ADV,mo,17580,fand
17580,fand,finden,VERB,ROOT,17580,fand
17581,ich,ich,PRON,sb,17580,fand
17582,mit,mit,ADP,mo,17584,geschrieben
17583,Kohle,Kohle,NOUN,nk,17582,mit
17584,geschrieben,schreiben,VERB,oc,17580,fand
17585,:,--,PUNCT,punct,17584,geschrieben
17586,›Wie,›Wie,ADV,mo,17587,gewonnen
17587,gewonnen,gewinnen,VERB,oc,17580,fand
17588,",",--,PUNCT,punct,17580,fand
17589,so,so,ADV,mo,17590,zerronnen
17590,zerronnen,zerronnen,VERB,cj,17580,fand
17591,!,--,PUNCT,punct,17580,fand
17592,Ich,ich,PRON,ROOT,17592,Ich
17593,behalte,behalten,VERB,ROOT,17593,behalte
17594,dich,dich,PRON,oa,17593,behalte
17595,lieb,leiben,VERB,oa,17593,behalte
17596,",",--,PUNCT,punct,17593,behalte
17597,tue,tun,VERB,cj,17593,behalte
17598,",",--,PUNCT,punct,17597,tue
17599,was,wer,PRON,oa,17601,kannst
17600,du,du,PRON,sb,17601,kannst
17601,kannst,kannst,VERB,rc,17597,tue
17602,",",--,PUNCT,punct,17593,behalte
17603,ich,ich,PRON,sb,17604,will
17604,will,wollen,AUX,cj,17593,behalte
17605,tun,tun,VERB,oc,17604,will
17606,",",--,PUNCT,punct,17605,tun
17607,was,was,PRON,oa,17593,behalte
17608,ich,ich,PRON,sb,17593,behalte
17609,muß.‹,muß.‹,VERB,oa,17593,behalte
17610,Ich,ich,PRON,sb,17611,habe
17611,habe,haben,AUX,ROOT,17611,habe
17612,das,der,PRON,oa,17611,habe
17613,holdselige,holdselig,ADJ,nk,17614,Geschöpf
17614,Geschöpf,Geschöpf,NOUN,ROOT,17614,Geschöpf
17615,durch,durch,ADP,mo,17618,aufgesucht
17616,ganz,ganz,ADV,nk,17617,Ungarn
17617,Ungarn,Ungar,NOUN,nk,17615,durch
17618,aufgesucht,aufsuchen,VERB,oc,17614,Geschöpf
17619,",",--,PUNCT,punct,17618,aufgesucht
17620,aber,aber,CCONJ,cd,17618,aufgesucht
17621,leider,leider,ADV,mo,17622,nicht
17622,nicht,nicht,PART,ng,17614,Geschöpf
17623,wiedergefunden,wiederfinden,VERB,ROOT,17623,wiedergefunden
17624,;,--,PUNCT,punct,17623,wiedergefunden
17625,hundert,hundert,NUM,sb,17627,sind
17626,Mitidikas,Mitidika,PROPN,ag,17625,hundert
17627,sind,sein,AUX,ROOT,17627,sind
17628,mir,mir,PRON,da,17629,vorgestellt
17629,vorgestellt,vorstellen,VERB,oc,17630,worden
17630,worden,werden,AUX,oc,17627,sind
17631,",",--,PUNCT,punct,17627,sind
17632,aber,aber,CCONJ,cd,17627,sind
17633,keine,keiner,PRON,pd,17634,war
17634,war,sein,AUX,cj,17632,aber
17635,die,der,DET,nk,17636,rechte
17636,rechte,Recht,NOUN,ROOT,17636,rechte
17637,.,--,PUNCT,punct,17636,rechte
17638,«,--,PUNCT,punct,17636,rechte
17639,»,--,PUNCT,punct,17641,gibt
17640,Es,es,PRON,ep,17641,gibt
17641,gibt,geben,VERB,oc,17647,sagte
17642,auch,auch,ADV,mo,17641,gibt
17643,nur,nur,ADV,mo,17644,eine
17644,eine,ein,DET,oa,17641,gibt
17645,«,--,PUNCT,punct,17641,gibt
17646,",",--,PUNCT,punct,17647,sagte
17647,sagte,sagen,VERB,ROOT,17647,sagte
17648,hier,hier,ADV,mo,17647,sagte
17649,Michaly,Michaly,PROPN,sb,17647,sagte
17650,",",--,PUNCT,punct,17647,sagte
17651,»,--,PUNCT,punct,17641,gibt
17652,und,und,CCONJ,cd,17647,sagte
17653,wird,werden,AUX,cj,17652,und
17654,alle,aller,DET,nk,17656,Jahre
17655,tausend,tausend,NUM,nk,17656,Jahre
17656,Jahre,Jahr,NOUN,mo,17653,wird
17657,nur,nur,ADV,mo,17647,sagte
17658,eine,ein,DET,sb,17659,geboren
17659,geboren,gebären,VERB,ROOT,17659,geboren
17660,.,--,PUNCT,punct,17659,geboren
17661,«,--,PUNCT,punct,17659,geboren
17662,–,--,PUNCT,punct,17664,Kennt
17663,»,--,PUNCT,punct,17664,Kennt
17664,Kennt,Kennt,VERB,rs,17669,sprach
17665,Ihr,ihr,PRON,da,17664,Kennt
17666,sie,sie,PRON,oa,17664,Kennt
17667,?,--,PUNCT,punct,17669,sprach
17668,«,--,PUNCT,punct,17669,sprach
17669,sprach,sprechen,VERB,ROOT,17669,sprach
17670,Devillier,Devillier,NOUN,sb,17669,sprach
17671,heftig,heftig,ADV,mo,17669,sprach
17672,.,--,PUNCT,punct,17669,sprach
17673,»,--,PUNCT,punct,17675,geht
17674,Was,was,PRON,oa,17675,geht
17675,geht,gehen,VERB,ROOT,17675,geht
17676,es,es,PRON,ep,17675,geht
17677,Euch,euch,PRON,da,17675,geht
17678,an,an,ADP,mo,17681,erwiderte
17679,«,--,PUNCT,punct,17681,erwiderte
17680,",",--,PUNCT,punct,17681,erwiderte
17681,erwiderte,erwidert,VERB,ROOT,17681,erwiderte
17682,Michaly,Michaly,NOUN,sb,17681,erwiderte
17683,",",--,PUNCT,punct,17681,erwiderte
17684,»,--,PUNCT,punct,17688,kenne
17685,ob,ob,SCONJ,cp,17688,kenne
17686,ich,ich,PRON,sb,17688,kenne
17687,sie,sie,PRON,oa,17688,kenne
17688,kenne,kennen,VERB,oc,17681,erwiderte
17689,?,--,PUNCT,punct,17681,erwiderte
17690,Habt,Habt,X,nk,17695,ihr
17691,Ihr,ihr,PRON,sb,17690,Habt
17692,nicht,nicht,PART,ng,17694,Ehe
17693,die,der,DET,nk,17694,Ehe
17694,Ehe,Ehe,NOUN,oa,17690,Habt
17695,ihr,ihr,PRON,ROOT,17695,ihr
17696,versprochen,versprechen,VERB,ROOT,17696,versprochen
17697,und,und,CCONJ,cd,17696,versprochen
17698,doch,doch,ADV,mo,17701,geheiratet
17699,eine,ein,DET,nk,17700,Ungarin
17700,Ungarin,Ungarin,NOUN,oa,17701,geheiratet
17701,geheiratet,heiraten,VERB,cj,17697,und
17702,?,--,PUNCT,punct,17696,versprochen
17703,Sie,sie,PRON,sb,17704,hat
17704,hat,haben,AUX,ROOT,17704,hat
17705,Euch,euch,PRON,oa,17707,gehalten
17706,Treue,Treue,NOUN,oa,17707,gehalten
17707,gehalten,halten,VERB,oc,17704,hat
17708,bis,bis,ADP,mo,17707,gehalten
17709,jetzt,jetzt,ADV,ROOT,17709,jetzt
17710,",",--,PUNCT,punct,17709,jetzt
17711,sie,sie,PRON,sb,17712,ist
17712,ist,sein,AUX,oc,17709,jetzt
17713,meine,mein,DET,nk,17714,Schwester
17714,Schwester,Schwester,NOUN,pd,17712,ist
17715,",",--,PUNCT,punct,17712,ist
17716,und,und,CCONJ,cd,17709,jetzt
17717,ich,ich,PRON,sb,17718,wollte
17718,wollte,wollen,AUX,cj,17716,und
17719,sie,sie,PRON,oa,17720,abholen
17720,abholen,abholen,VERB,oc,17718,wollte
17721,",",--,PUNCT,punct,17718,wollte
17722,da,da,SCONJ,cp,17724,Großmutter
17723,die,der,DET,nk,17724,Großmutter
17724,Großmutter,Großmutter,NOUN,ROOT,17724,Großmutter
17725,in,in,ADP,mo,17727,gestorben
17726,Siebenbürgen,Siebenbürg,PROPN,nk,17725,in
17727,gestorben,sterben,VERB,ROOT,17727,gestorben
17728,",",--,PUNCT,punct,17727,gestorben
17729,wo,wo,SCONJ,mo,17734,ernährten
17730,sie,sie,PRON,sb,17734,ernährten
17731,sich,sich,PRON,oa,17734,ernährten
17732,mit,mit,ADP,op,17734,ernährten
17733,Goldwaschen,Goldwasch,NOUN,nk,17732,mit
17734,ernährten,ernährten,VERB,rc,17726,Siebenbürgen
17735,;,--,PUNCT,punct,17727,gestorben
17736,der,der,DET,ROOT,17736,der
17737,Pestkordon,Pestkordon,PROPN,sb,17738,hat
17738,hat,haben,AUX,ROOT,17738,hat
17739,mir,mir,PRON,da,17743,abgeschnitten
17740,aber,aber,ADV,mo,17743,abgeschnitten
17741,den,der,DET,nk,17742,Weg
17742,Weg,Weg,NOUN,oa,17743,abgeschnitten
17743,abgeschnitten,abschneiden,VERB,oc,17738,hat
17744,.,--,PUNCT,punct,17738,hat
17745,«,--,PUNCT,ROOT,17745,«
17746,Da,da,ADV,mo,17747,ward
17747,ward,werden,VERB,ROOT,17747,ward
17748,Devillier,Devillier,NOUN,sb,17747,ward
17749,äußerst,äußerst,ADV,mo,17747,ward
17750,bewegt,bewegen,VERB,ROOT,17750,bewegt
17751,;,--,PUNCT,punct,17750,bewegt
17752,er,er,PRON,sb,17753,sagte
17753,sagte,sagen,VERB,ROOT,17753,sagte
17754,:,--,PUNCT,punct,17753,sagte
17755,»,--,PUNCT,punct,17757,habe
17756,Ich,ich,PRON,sb,17757,habe
17757,habe,haben,AUX,oc,17753,sagte
17758,sie,sie,PRON,oa,17760,gesucht
17759,lange,lange,ADV,mo,17760,gesucht
17760,gesucht,suchen,VERB,oc,17757,habe
17761,und,und,CCONJ,cd,17760,gesucht
17762,nicht,nicht,PART,ng,17763,gefunden
17763,gefunden,finden,VERB,cj,17761,und
17764,",",--,PUNCT,punct,17757,habe
17765,sie,sie,PRON,sb,17766,hatte
17766,hatte,haben,AUX,cj,17757,habe
17767,mir,sich,PRON,oa,17766,hatte
17768,ausdrücklich,ausdrücklich,ADV,mo,17769,gesagt
17769,gesagt,sagen,VERB,ROOT,17769,gesagt
17770,",",--,PUNCT,punct,17769,gesagt
17771,sie,sie,PRON,sb,17772,werde
17772,werde,werden,AUX,oc,17769,gesagt
17773,nie,nie,ADV,mo,17778,reichen
17774,einem,ein,DET,nk,17775,Blanken
17775,Blanken,Blanke,NOUN,da,17778,reichen
17776,die,der,DET,nk,17777,Hand
17777,Hand,Hand,NOUN,oa,17778,reichen
17778,reichen,reichen,VERB,oc,17772,werde
17779,und,und,CCONJ,cd,17778,reichen
17780,nun,nun,ADV,mo,17778,reichen
17781,auch,auch,ADV,mo,17769,gesagt
17782,keinem,kein,DET,nk,17783,Zigeuner
17783,Zigeuner,Zigeuner,NOUN,ROOT,17783,Zigeuner
17784,;,--,PUNCT,punct,17783,Zigeuner
17785,nur,nur,ADV,mo,17786,in
17786,in,in,ADP,mo,17793,blieb
17787,der,der,DET,nk,17788,Hoffnung
17788,Hoffnung,Hoffnung,NOUN,nk,17786,in
17789,",",--,PUNCT,punct,17788,Hoffnung
17790,sie,sie,PRON,oa,17791,wiederzusehen
17791,wiederzusehen,wiederzusehen,VERB,oc,17788,Hoffnung
17792,",",--,PUNCT,punct,17793,blieb
17793,blieb,bleiben,VERB,ROOT,17793,blieb
17794,ich,ich,PRON,sb,17793,blieb
17795,bis,bis,ADP,mo,17793,blieb
17796,jetzt,jetzt,ADV,nk,17795,bis
17797,in,in,ADP,svp,17793,blieb
17798,Ungarn,Ungarn,PROPN,ROOT,17798,Ungarn
17799,",",--,PUNCT,punct,17798,Ungarn
17800,und,und,CCONJ,cd,17798,Ungarn
17801,ich,ich,PRON,sb,17802,würde
17802,würde,werden,AUX,cj,17800,und
17803,nicht,nicht,PART,ng,17806,gehabt
17804,die,der,DET,nk,17805,Mittel
17805,Mittel,Mittel,NOUN,oa,17806,gehabt
17806,gehabt,haben,VERB,oc,17807,haben
17807,haben,haben,AUX,oc,17802,würde
17808,",",--,PUNCT,punct,17807,haben
17809,hier,hier,ADV,mo,17811,bleiben
17810,zu,zu,PART,pm,17811,bleiben
17811,bleiben,bleiben,VERB,oc,17805,Mittel
17812,",",--,PUNCT,punct,17811,bleiben
17813,wenn,wenn,SCONJ,cp,17814,ich
17814,ich,ich,PRON,ROOT,17814,ich
17815,die,der,DET,nk,17817,Dame
17816,alte,alt,ADJ,nk,17817,Dame
17817,Dame,Dame,NOUN,sb,17820,hätte
17818,nicht,nicht,PART,ng,17819,geheiratet
17819,geheiratet,heiraten,VERB,oc,17820,hätte
17820,hätte,haben,AUX,ROOT,17820,hätte
17821,",",--,PUNCT,punct,17820,hätte
17822,die,der,PRON,oa,17827,Gütchen
17823,mir,mir,PRON,da,17827,Gütchen
17824,jetzt,jetzt,ADV,mo,17823,mir
17825,mein,mein,DET,nk,17827,Gütchen
17826,schönes,schön,ADJ,nk,17827,Gütchen
17827,Gütchen,Gütchen,NOUN,dep,17820,hätte
17828,zurückgelassen,zurückgelassen,VERB,ROOT,17828,zurückgelassen
17829,.,--,PUNCT,punct,17828,zurückgelassen
17830,Könnt,Könnt,X,ROOT,17830,Könnt
17831,Ihr,ihr,PRON,sb,17836,zusammenbringen
17832,mich,sich,PRON,oa,17836,zusammenbringen
17833,mit,mit,ADP,mo,17836,zusammenbringen
17834,Mitidika,Mitidika,PROPN,nk,17833,mit
17835,wieder,wieder,ADV,mo,17836,zusammenbringen
17836,zusammenbringen,zusammenbringen,VERB,mo,17839,will
17837,",",--,PUNCT,punct,17838,so
17838,so,so,ADV,mo,17839,will
17839,will,wollen,AUX,ROOT,17839,will
17840,ich,ich,PRON,sb,17839,will
17841,sie,sie,PRON,sb,17843,heiraten
17842,gern,gern,ADV,mo,17843,heiraten
17843,heiraten,heiraten,VERB,ROOT,17843,heiraten
17844,und,und,CCONJ,cd,17843,heiraten
17845,ihr,ihr,PRON,da,17847,lassen
17846,alles,alle,PRON,oa,17847,lassen
17847,lassen,lassen,VERB,cj,17844,und
17848,",",--,PUNCT,punct,17847,lassen
17849,was,was,PRON,oa,17851,habe
17850,ich,ich,PRON,sb,17851,habe
17851,habe,haben,VERB,oc,17847,lassen
17852,.,--,PUNCT,punct,17843,heiraten
17853,«,--,PUNCT,punct,17843,heiraten
17854,–,--,PUNCT,punct,17857,ist
17855,»,--,PUNCT,punct,17857,ist
17856,Das,der,PRON,sb,17857,ist
17857,ist,sein,AUX,ROOT,17857,ist
17858,ein,ein,DET,sb,17857,ist
17859,nicht,nicht,PART,ng,17857,ist
17860,zu,zu,ADP,mo,17857,ist
17861,verachtender,verachtend,ADJ,nk,17862,Vorschlag
17862,Vorschlag,Vorschlag,NOUN,oc,17867,sagte
17863,",",--,PUNCT,punct,17862,Vorschlag
17864,Michaly,Michaly,NOUN,cj,17862,Vorschlag
17865,«,--,PUNCT,punct,17862,Vorschlag
17866,",",--,PUNCT,punct,17867,sagte
17867,sagte,sagen,VERB,ROOT,17867,sagte
17868,der,der,DET,nk,17869,Vizegespan
17869,Vizegespan,Vizegespan,PROPN,sb,17867,sagte
17870,",",--,PUNCT,punct,17867,sagte
17871,»,--,PUNCT,punct,17872,schlagt
17872,schlagt,schlagen,VERB,oc,17867,sagte
17873,das,der,PRON,sb,17872,schlagt
17874,nicht,nicht,PART,ng,17872,schlagt
17875,so,so,ADV,mo,17872,schlagt
17876,in,in,ADP,mo,17881,habt
17877,den,der,DET,nk,17878,Wind
17878,Wind,Wind,NOUN,nk,17876,in
17879,",",--,PUNCT,punct,17881,habt
17880,Ihr,ihr,PRON,sb,17881,habt
17881,habt,haben,VERB,ROOT,17881,habt
17882,Zeugen,Zeuge,NOUN,oa,17881,habt
17883,!,--,PUNCT,punct,17881,habt
17884,«,--,PUNCT,punct,17881,habt
17885,Michaly,michaly,NOUN,sb,17887,lachte
17886,aber,aber,ADV,mo,17887,lachte
17887,lachte,lachen,VERB,ROOT,17887,lachte
17888,und,und,CCONJ,cd,17887,lachte
17889,sprach,sprechen,VERB,cj,17888,und
17890,:,--,PUNCT,punct,17887,lachte
17891,»,--,PUNCT,punct,17893,wird
17892,Mitidika,Mitidika,PROPN,sb,17893,wird
17893,wird,werden,AUX,oc,17887,lachte
17894,nicht,nicht,PART,ng,17899,kleben
17895,an,an,ADP,mo,17899,kleben
17896,dem,der,DET,nk,17898,Erde
17897,Stückchen,Stückchen,NOUN,nk,17898,Erde
17898,Erde,Erde,NOUN,nk,17895,an
17899,kleben,kleben,VERB,ROOT,17899,kleben
17900,",",--,PUNCT,punct,17899,kleben
17901,sie,sie,PRON,sb,17902,wird
17902,wird,werden,AUX,cj,17899,kleben
17903,nicht,nicht,PART,ng,17902,wird
17904,in,in,ADP,mo,17899,kleben
17905,einem,ein,DET,nk,17907,Hause
17906,gemauerten,gemauert,ADJ,nk,17907,Hause
17907,Hause,Haus,NOUN,nk,17904,in
17908,gefangen,gefangen,ADV,pd,17909,sein
17909,sein,sein,AUX,oc,17910,wollen
17910,wollen,wollen,AUX,ROOT,17910,wollen
17911,und,und,CCONJ,cd,17910,wollen
17912,sich,sich,PRON,oa,17917,zerquälen
17913,um,um,ADP,op,17917,zerquälen
17914,Abgaben,Abgabe,NOUN,nk,17913,um
17915,und,und,CCONJ,cd,17914,Abgaben
17916,Zinsen,Zins,NOUN,cj,17915,und
17917,zerquälen,zerquälen,VERB,cj,17911,und
17918,.,--,PUNCT,punct,17910,wollen
17919,Wer,wer,PRON,sb,17921,hat
17920,nichts,nichts,PRON,oa,17921,hat
17921,hat,haben,VERB,ROOT,17921,hat
17922,",",--,PUNCT,punct,17921,hat
17923,hat,haben,VERB,ROOT,17923,hat
17924,alles,alle,PRON,oa,17923,hat
17925,;,--,PUNCT,punct,17923,hat
17926,es,es,PRON,sb,17927,war
17927,war,sein,AUX,ROOT,17927,war
17928,immer,immer,ADV,mo,17927,war
17929,ihr,ihr,DET,nk,17930,Sprüchwort
17930,Sprüchwort,Sprüchwort,NOUN,pd,17927,war
17931,:,--,PUNCT,punct,17927,war
17932,›Der,›Der,ADJ,nk,17933,Himmel
17933,Himmel,Himmel,NOUN,sb,17934,ist
17934,ist,sein,AUX,ROOT,17934,ist
17935,mein,mein,DET,nk,17936,Hut
17936,Hut,Hut,NOUN,pd,17934,ist
17937,;,--,PUNCT,punct,17934,ist
17938,die,der,DET,nk,17939,Erde
17939,Erde,Erde,NOUN,sb,17940,ist
17940,ist,sein,AUX,ROOT,17940,ist
17941,mein,mein,DET,nk,17942,Schuh
17942,Schuh,Schuh,NOUN,ROOT,17942,Schuh
17943,;,--,PUNCT,punct,17942,Schuh
17944,das,der,DET,nk,17946,Kreuz
17945,heilige,heilig,ADJ,nk,17946,Kreuz
17946,Kreuz,Kreuz,NOUN,sb,17947,ist
17947,ist,sein,AUX,ROOT,17947,ist
17948,mein,mein,DET,nk,17949,Schwert
17949,Schwert,Schwert,NOUN,pd,17947,ist
17950,;,--,PUNCT,punct,17947,ist
17951,wer,wer,PRON,sb,17953,sieht
17952,mich,mich,PRON,oa,17953,sieht
17953,sieht,sehen,VERB,sb,17955,hat
17954,",",--,PUNCT,punct,17955,hat
17955,hat,haben,AUX,ROOT,17955,hat
17956,mich,mich,PRON,oa,17957,lieb
17957,lieb,leiben,VERB,oc,17955,hat
17958,und,und,CCONJ,ju,17964,ist
17959,wert.‹,wert.‹,NOUN,cj,17958,und
17960,«,--,PUNCT,punct,17958,und
17961,–,--,PUNCT,punct,17964,ist
17962,»,--,PUNCT,punct,17964,ist
17963,Das,der,PRON,sb,17964,ist
17964,ist,sein,AUX,oc,17970,sagte
17965,echt,echt,ADV,mo,17967,gesprochen
17966,zigeunerisch,zigeunerisch,ADV,mo,17967,gesprochen
17967,gesprochen,sprechen,VERB,pd,17964,ist
17968,«,--,PUNCT,punct,17964,ist
17969,",",--,PUNCT,punct,17970,sagte
17970,sagte,sagen,VERB,ROOT,17970,sagte
17971,der,der,DET,nk,17972,Vizegespan
17972,Vizegespan,Vizegespan,PROPN,sb,17970,sagte
17973,",",--,PUNCT,punct,17970,sagte
17974,»,--,PUNCT,punct,17976,bleibt
17975,drum,drum,PRON,mo,17976,bleibt
17976,bleibt,bleiben,VERB,ROOT,17976,bleibt
17977,ihr,ihr,PRON,da,17976,bleibt
17978,auch,auch,ADV,mo,17980,vogelfreies
17979,immer,immer,ADV,mo,17980,vogelfreies
17980,vogelfreies,vogelfreies,ADJ,nk,17981,Gesindel
17981,Gesindel,Gesindel,NOUN,pd,17976,bleibt
17982,.,--,PUNCT,punct,17976,bleibt
17983,«,--,PUNCT,punct,17976,bleibt
17984,Michaly,Michaly,NOUN,sb,17985,nahm
17985,nahm,nehmen,VERB,ROOT,17985,nahm
17986,da,da,ADV,mo,17985,nahm
17987,seine,sein,DET,nk,17988,Geige
17988,Geige,Geig,NOUN,oa,17985,nahm
17989,und,und,CCONJ,ju,17990,wollte
17990,wollte,wollen,AUX,ROOT,17990,wollte
17991,ein,ein,DET,nk,17992,Lied
17992,Lied,Lied,NOUN,oa,17996,singen
17993,auf,auf,ADP,mo,17996,singen
17994,die,der,DET,nk,17995,Freiheit
17995,Freiheit,Freiheit,NOUN,nk,17993,auf
17996,singen,singen,VERB,oc,17990,wollte
17997,",",--,PUNCT,punct,17996,singen
17998,aber,aber,CCONJ,cd,17990,wollte
17999,der,der,DET,nk,18000,Nachtwächter
18000,Nachtwächter,Nachtwächter,NOUN,sb,18001,blies
18001,blies,blies,VERB,cj,17998,aber
18002,zwölf,zwölf,NUM,punct,17990,wollte
18003,Uhr,Uhr,NOUN,ROOT,18003,Uhr
18004,und,und,CCONJ,cd,18003,Uhr
18005,mahnte,mahnen,VERB,cj,18004,und
18006,die,der,DET,nk,18007,Gesellschaft
18007,Gesellschaft,Gesellschaft,NOUN,oa,18005,mahnte
18008,zur,zu,ADP,mo,18005,mahnte
18009,Ruhe,Ruhe,NOUN,nk,18008,zur
18010,.,--,PUNCT,punct,18003,Uhr
18011,Lindpeindler,Lindpeindler,PROPN,sb,18012,hatte
18012,hatte,haben,AUX,ROOT,18012,hatte
18013,sich,sich,PRON,oa,18012,hatte
18014,mit,mit,ADP,dep,18012,hatte
18015,dem,der,DET,nk,18014,mit
18016,Feuerwerker,Feuerwerker,NOUN,ROOT,18016,Feuerwerker
18017,und,und,CCONJ,cd,18016,Feuerwerker
18018,der,der,DET,nk,18019,Kammerjungfer
18019,Kammerjungfer,Kammerjungfer,NOUN,cj,18017,und
18020,",",--,PUNCT,punct,18019,Kammerjungfer
18021,welche,welcher,PRON,ROOT,18021,welche
18022,durch,durch,ADP,mnr,18021,welche
18023,die,der,DET,nk,18025,Neigung
18024,erwachte,erwacht,ADJ,nk,18025,Neigung
18025,Neigung,Neigung,NOUN,nk,18022,durch
18026,Devilliers,Devillier,PROPN,ag,18025,Neigung
18027,für,für,ADP,mo,18030,gekränkt
18028,Mitidika,Mitidika,NOUN,nk,18027,für
18029,sehr,sehr,ADV,mo,18030,gekränkt
18030,gekränkt,kränken,VERB,oc,18031,worden
18031,worden,werden,AUX,oc,18032,war
18032,war,sein,AUX,ROOT,18032,war
18033,(,--,PUNCT,punct,18032,war
18034,denn,denn,CCONJ,cd,18032,war
18035,sie,sie,PRON,sb,18036,spitzte
18036,spitzte,spitzen,VERB,cj,18034,denn
18037,sich,sich,PRON,oa,18036,spitzte
18038,selbst,selbst,ADV,mo,18036,spitzte
18039,auf,auf,ADP,mo,18036,spitzte
18040,ihn,ihn,PRON,nk,18039,auf
18041,),--,PUNCT,punct,18032,war
18042,",",--,PUNCT,punct,18032,war
18043,noch,noch,ADV,mo,18045,Viertelstunde
18044,eine,ein,DET,nk,18045,Viertelstunde
18045,Viertelstunde,Viertelstunde,NOUN,ROOT,18045,Viertelstunde
18046,nach,nach,ADP,mo,18049,begeben
18047,dem,der,DET,nk,18048,Edelhof
18048,Edelhof,Edelhof,NOUN,nk,18046,nach
18049,begeben,begeben,VERB,oc,18045,Viertelstunde
18050,.,--,PUNCT,punct,18045,Viertelstunde
18051,Als,als,SCONJ,ROOT,18051,Als
18052,sie,sie,PRON,nk,18051,Als
18053,sich,sich,PRON,oa,18055,Gesellschaft
18054,der,der,DET,nk,18055,Gesellschaft
18055,Gesellschaft,Gesellschaft,NOUN,ag,18052,sie
18056,empfahlen,empfahlen,VERB,mo,18058,bot
18057,",",--,PUNCT,punct,18058,bot
18058,bot,bieten,VERB,ROOT,18058,bot
18059,Devillier,Devillier,NOUN,sb,18058,bot
18060,der,der,DET,nk,18061,Zofe
18061,Zofe,Zofe,NOUN,ag,18059,Devillier
18062,seine,sein,DET,nk,18063,Begleitung
18063,Begleitung,Begleitung,NOUN,oa,18058,bot
18064,an,an,ADP,svp,18058,bot
18065,;,--,PUNCT,punct,18058,bot
18066,sie,sie,PRON,sb,18067,sagte
18067,sagte,sagen,VERB,ROOT,18067,sagte
18068,aber,aber,ADV,mo,18067,sagte
18069,:,--,PUNCT,punct,18067,sagte
18070,»,--,PUNCT,punct,18071,Ich
18071,Ich,ich,PRON,ROOT,18071,Ich
18072,danke,danke,VERB,ROOT,18072,danke
18073,",",--,PUNCT,punct,18072,danke
18074,ich,ich,PRON,sb,18075,möchte
18075,möchte,möchten,AUX,oc,18072,danke
18076,das,der,DET,nk,18078,Andenken
18077,werte,wert,ADJ,nk,18078,Andenken
18078,Andenken,Andenken,NOUN,oa,18075,möchte
18079,an,an,ADP,mnr,18078,Andenken
18080,die,der,DET,nk,18082,Mitidika
18081,unbeschreibliche,unbeschreiblich,ADJ,nk,18082,Mitidika
18082,Mitidika,Mitidika,NOUN,nk,18079,an
18083,nicht,nicht,PART,ng,18075,möchte
18084,stören,stören,VERB,ROOT,18084,stören
18085,.,--,PUNCT,punct,18084,stören
18086,«,--,PUNCT,punct,18084,stören
18087,Damit,damit,ADV,mo,18088,machte
18088,machte,machen,VERB,ROOT,18088,machte
18089,sie,sie,PRON,sb,18088,machte
18090,einen,ein,DET,nk,18092,Knicks
18091,höhnischen,höhnisch,ADJ,nk,18092,Knicks
18092,Knicks,Knicks,NOUN,oa,18088,machte
18093,und,und,CCONJ,cd,18088,machte
18094,verließ,verlassen,VERB,cj,18093,und
18095,die,der,DET,nk,18096,Stube
18096,Stube,Stube,NOUN,oa,18094,verließ
18097,mit,mit,ADP,svp,18094,verließ
18098,Lindpeindler,Lindpeindler,NOUN,ROOT,18098,Lindpeindler
18099,",",--,PUNCT,punct,18098,Lindpeindler
18100,der,der,PRON,sb,18109,pries
18101,diese,dieser,DET,nk,18102,Nacht
18102,Nacht,Nacht,NOUN,oa,18109,pries
18103,als,als,ADP,mo,18109,pries
18104,eine,einer,PRON,nk,18103,als
18105,der,der,DET,nk,18106,romantischsten
18106,romantischsten,romantischsten,ADJ,ag,18104,eine
18107,seines,sein,DET,nk,18108,Lebens
18108,Lebens,Leben,NOUN,ag,18106,romantischsten
18109,pries,pries,ADV,rc,18098,Lindpeindler
18110,.,--,PUNCT,punct,18098,Lindpeindler
18111,Der,der,DET,nk,18112,Kroate
18112,Kroate,Kroate,NOUN,sb,18119,waren
18113,",",--,PUNCT,punct,18112,Kroate
18114,der,der,DET,nk,18115,Tiroler
18115,Tiroler,Tiroler,NOUN,cj,18112,Kroate
18116,und,und,CCONJ,cd,18115,Tiroler
18117,der,der,DET,nk,18118,Savoyarde
18118,Savoyarde,Savoyarde,NOUN,cj,18116,und
18119,waren,sein,AUX,ROOT,18119,waren
18120,bereits,bereits,ADV,mo,18121,eingeschlummert
18121,eingeschlummert,eingeschlummeren,VERB,pd,18119,waren
18122,",",--,PUNCT,punct,18119,waren
18123,und,und,CCONJ,cd,18119,waren
18124,der,der,DET,nk,18125,Vizegespan
18125,Vizegespan,Vizegespan,PROPN,sb,18126,lud
18126,lud,laden,ADJ,nk,18127,Wehmüllern
18127,Wehmüllern,Wehmüller,NOUN,ROOT,18127,Wehmüllern
18128,",",--,PUNCT,punct,18127,Wehmüllern
18129,der,der,PRON,sb,18135,war
18130,mit,mit,ADP,mo,18135,war
18131,seiner,sein,DET,nk,18132,Arbeit
18132,Arbeit,Arbeit,NOUN,nk,18130,mit
18133,ziemlich,ziemlich,ADV,mo,18134,fertig
18134,fertig,fertig,ADV,pd,18135,war
18135,war,sein,AUX,rc,18127,Wehmüllern
18136,",",--,PUNCT,punct,18135,war
18137,wie,wie,ADP,ROOT,18137,wie
18138,auch,auch,ADV,mo,18140,Zigeuner
18139,den,der,DET,nk,18140,Zigeuner
18140,Zigeuner,Zigeuner,NOUN,ROOT,18140,Zigeuner
18141,und,und,CCONJ,cd,18140,Zigeuner
18142,Devillier,Devillier,NOUN,cj,18141,und
18143,zu,zu,ADP,mnr,18140,Zigeuner
18144,sich,sich,PRON,nk,18143,zu
18145,in,in,ADP,mo,18143,zu
18146,sein,sein,DET,nk,18147,Haus
18147,Haus,Haus,NOUN,nk,18145,in
18148,ein,ein,ADV,mo,18140,Zigeuner
18149,.,--,PUNCT,punct,18140,Zigeuner
18150,Sie,sie,PRON,sb,18151,nahmen
18151,nahmen,nehmen,VERB,ROOT,18151,nahmen
18152,es,es,PRON,oa,18151,nahmen
18153,mit,mit,ADP,svp,18151,nahmen
18154,Freuden,Freude,NOUN,ROOT,18154,Freuden
18155,an,an,ADP,svp,18154,Freuden
18156,",",--,PUNCT,punct,18154,Freuden
18157,da,da,SCONJ,cp,18165,hatten
18158,sie,sie,PRON,sb,18165,hatten
18159,dort,dort,ADV,mo,18164,erwarten
18160,doch,doch,ADV,mo,18164,erwarten
18161,ein,ein,DET,nk,18162,Bett
18162,Bett,Bett,NOUN,oa,18164,erwarten
18163,zu,zu,PART,pm,18164,erwarten
18164,erwarten,erwarten,VERB,oc,18165,hatten
18165,hatten,haben,AUX,mo,18154,Freuden
18166,.,--,PUNCT,punct,18154,Freuden
18167,Frau,Frau,NOUN,ROOT,18167,Frau
18168,Tschermack,Tschermack,PROPN,nk,18167,Frau
18169,",",--,PUNCT,punct,18167,Frau
18170,die,der,PRON,sb,18167,Frau
18171,Wirtin,Wirtin,NOUN,sb,18173,ward
18172,",",--,PUNCT,punct,18173,ward
18173,ward,werden,VERB,ROOT,18173,ward
18174,bezahlt,bezahlen,VERB,mo,18173,ward
18175,und,und,CCONJ,cd,18173,ward
18176,schloß,schließen,VERB,cj,18175,und
18177,die,der,DET,nk,18178,Türe
18178,Türe,Türe,NOUN,oa,18176,schloß
18179,mit,mit,ADP,mo,18176,schloß
18180,der,der,DET,nk,18181,Bitte
18181,Bitte,Bitte,NOUN,nk,18179,mit
18182,:,--,PUNCT,punct,18176,schloß
18183,wenn,wenn,SCONJ,cp,18184,sie
18184,sie,sie,PRON,mo,18176,schloß
18185,länger,lang,ADV,mo,18186,hier
18186,hier,hier,ADV,mo,18176,schloß
18187,blieben,bleiben,VERB,ROOT,18187,blieben
18188,",",--,PUNCT,punct,18187,blieben
18189,nochmals,nochmals,ADV,mo,18197,halten
18190,eine,ein,DET,nk,18193,Gesellschaft
18191,so,so,ADV,mo,18192,schöne
18192,schöne,schön,ADJ,nk,18193,Gesellschaft
18193,Gesellschaft,Gesellschaft,NOUN,oa,18197,halten
18194,bei,bei,ADP,mo,18197,halten
18195,ihr,ihr,PRON,nk,18194,bei
18196,zu,zu,PART,pm,18197,halten
18197,halten,halten,VERB,oc,18187,blieben
18198,.,--,PUNCT,punct,18187,blieben
18199,Vor,vor,ADP,ROOT,18199,Vor
18200,Schlafengehen,Schlafengehen,NOUN,sb,18201,wußten
18201,wußten,wissen,VERB,ROOT,18201,wußten
18202,Devillier,Devillier,NOUN,oa,18201,wußten
18203,und,und,CCONJ,cd,18202,Devillier
18204,der,der,DET,nk,18205,Zigeuner
18205,Zigeuner,Zigeuner,NOUN,cj,18203,und
18206,den,der,DET,nk,18207,Vizegespan
18207,Vizegespan,Vizegespan,PROPN,oa,18209,bereden
18208,zu,zu,PART,pm,18209,bereden
18209,bereden,bereden,VERB,oc,18201,wußten
18210,",",--,PUNCT,punct,18209,bereden
18211,am,an,ADP,mo,18201,wußten
18212,andern,anderer,ADJ,nk,18213,Morgen
18213,Morgen,Morgen,NOUN,ROOT,18213,Morgen
18214,den,der,DET,nk,18215,Kordon
18215,Kordon,Kordon,NOUN,oa,18219,dürfen
18216,mit,mit,ADP,mo,18219,dürfen
18217,durchschleichen,durchschleichen,VERB,nk,18216,mit
18218,zu,zu,PART,pm,18219,dürfen
18219,dürfen,dürfen,AUX,oc,18213,Morgen
18220,",",--,PUNCT,punct,18219,dürfen
18221,denn,denn,CCONJ,cd,18219,dürfen
18222,Michaly,Michaly,NOUN,cj,18221,denn
18223,und,und,CCONJ,cd,18222,Michaly
18224,Devillier,Devillier,NOUN,sb,18225,sehnten
18225,sehnten,sehnen,VERB,ROOT,18225,sehnten
18226,sich,sich,PRON,oa,18225,sehnten
18227,ebenso,ebenso,ADV,mo,18225,sehnten
18228,sehr,sehr,ADV,mo,18229,nach
18229,nach,nach,ADP,mo,18225,sehnten
18230,Mitidika,Mitidika,PROPN,nk,18229,nach
18231,",",--,PUNCT,punct,18225,sehnten
18232,die,der,PRON,sb,18234,war
18233,jenseits,jenseits,ADV,pd,18234,war
18234,war,sein,AUX,rc,18230,Mitidika
18235,",",--,PUNCT,punct,18234,war
18236,als,als,ADP,mo,18225,sehnten
18237,Wehmüller,Wehmüller,NOUN,ROOT,18237,Wehmüller
18238,nach,nach,ADP,mnr,18237,Wehmüller
18239,seiner,sein,DET,nk,18240,Tonerl
18240,Tonerl,Tonerl,NOUN,nk,18238,nach
18241,.,--,PUNCT,punct,18237,Wehmüller
18242,Sie,sie,PRON,sb,18243,schliefen
18243,schliefen,schlafen,VERB,ROOT,18243,schliefen
18244,bis,bis,ADP,mo,18243,schliefen
18245,zwei,zwei,NUM,nk,18246,Uhr
18246,Uhr,Uhr,NOUN,nk,18244,bis
18247,",",--,PUNCT,punct,18243,schliefen
18248,da,da,ADV,mo,18249,packte
18249,packte,packen,VERB,cj,18243,schliefen
18250,der,der,DET,ROOT,18250,der
18251,Vizegespan,Vizegespan,PROPN,ROOT,18251,Vizegespan
18252,jedem,jeder,PRON,mo,18251,Vizegespan
18253,eine,ein,DET,nk,18254,Jagdflinte
18254,Jagdflinte,Jagdflint,NOUN,oa,18251,Vizegespan
18255,auf,auf,ADP,svp,18251,Vizegespan
18256,",",--,PUNCT,punct,18251,Vizegespan
18257,und,und,CCONJ,cd,18251,Vizegespan
18258,sie,sie,PRON,sb,18259,zogen
18259,zogen,ziehen,VERB,cj,18257,und
18260,",",--,PUNCT,punct,18259,zogen
18261,als,als,ADP,mo,18259,zogen
18262,Jäger,Jäger,NOUN,nk,18261,als
18263,",",--,PUNCT,punct,18262,Jäger
18264,einem,ein,DET,dep,18251,Vizegespan
18265,Waldrücken,Waldrücke,NOUN,ROOT,18265,Waldrücken
18266,zu,zu,ADP,svp,18265,Waldrücken
18267,;,--,PUNCT,punct,18265,Waldrücken
18268,aber,aber,CCONJ,ju,18270,waren
18269,kaum,kaum,ADV,mo,18270,waren
18270,waren,sein,AUX,ROOT,18270,waren
18271,sie,sie,PRON,sb,18270,waren
18272,hundert,hundert,NUM,nk,18273,Schritt
18273,Schritt,Schritt,NOUN,pd,18270,waren
18274,vor,vor,ADP,mnr,18273,Schritt
18275,dem,der,DET,nk,18276,Dorf
18276,Dorf,Dorf,NOUN,nk,18274,vor
18277,",",--,PUNCT,punct,18270,waren
18278,als,als,SCONJ,mo,18270,waren
18279,sie,sie,PRON,pd,18270,waren
18280,seitwärts,seitwärts,ADV,mo,18284,verwirrtes
18281,bei,bei,ADP,mo,18284,verwirrtes
18282,den,der,DET,nk,18283,Kordonpiketten
18283,Kordonpiketten,Kordonpikett,NOUN,nk,18281,bei
18284,verwirrtes,verwirrt,ADJ,nk,18285,Lärmen
18285,Lärmen,lärmen,NOUN,oa,18288,hörten
18286,und,und,CCONJ,cd,18285,Lärmen
18287,Schießen,schießen,NOUN,cj,18286,und
18288,hörten,hören,VERB,ROOT,18288,hörten
18289,und,und,CCONJ,cd,18288,hörten
18290,bald,bald,ADV,mo,18288,hörten
18291,einen,ein,DET,nk,18292,Husaren
18292,Husaren,Husarum,NOUN,ROOT,18292,Husaren
18293,",",--,PUNCT,punct,18292,Husaren
18294,dem,der,PRON,da,18297,erschossen
18295,das,der,DET,nk,18296,Pferd
18296,Pferd,Pferd,NOUN,sb,18298,war
18297,erschossen,erschießen,VERB,oc,18298,war
18298,war,sein,AUX,rc,18292,Husaren
18299,",",--,PUNCT,punct,18302,sahen
18300,querfeldein,querfeldein,ADV,oa,18301,laufen
18301,laufen,laufen,VERB,oc,18302,sahen
18302,sahen,sehen,VERB,rc,18292,Husaren
18303,",",--,PUNCT,punct,18302,sahen
18304,welcher,welcher,PRON,app,18292,Husaren
18305,auf,auf,ADP,mo,18310,schrie
18306,das,der,DET,nk,18307,Anrufen
18307,Anrufen,anrufen,NOUN,nk,18305,auf
18308,des,der,DET,nk,18309,Vizegespans
18309,Vizegespans,Vizegespan,NOUN,ag,18307,Anrufen
18310,schrie,schreien,VERB,ROOT,18310,schrie
18311,:,--,PUNCT,punct,18310,schrie
18312,»,--,PUNCT,punct,18313,Cordonus
18313,Cordonus,Cordonus,NOUN,sb,18314,est
18314,est,est,VERB,oc,18310,schrie
18315,ruptus,Ruptus,X,ROOT,18315,ruptus
18316,cum,cum,PROPN,nk,18317,armes
18317,armes,armes,ADJ,ROOT,18317,armes
18318,in,in,ADP,mnr,18317,armes
18319,manibus,Manibus,NOUN,pnc,18323,vicini
18320,a,a,PROPN,pnc,18323,vicini
18321,pestiferatis,Pestiferatis,PROPN,pnc,18323,vicini
18322,loci,Loci,PROPN,pnc,18323,vicini
18323,vicini,Vicini,PROPN,sb,18327,ist
18324,",",--,PUNCT,punct,18323,vicini
18325,der,der,DET,nk,18326,Kordon
18326,Kordon,Kordon,PROPN,sb,18327,ist
18327,ist,sein,AUX,ROOT,18327,ist
18328,mit,mit,ADP,mo,18327,ist
18329,bewaffneter,bewaffnet,ADJ,nk,18330,Hand
18330,Hand,Hand,NOUN,nk,18328,mit
18331,von,von,ADP,mo,18327,ist
18332,den,der,DET,nk,18331,von
18333,Pestkranken,Pestkranke,NOUN,ROOT,18333,Pestkranken
18334,des,der,DET,nk,18336,Ortes
18335,benachbarten,benachbart,ADJ,nk,18336,Ortes
18336,Ortes,Ort,NOUN,ag,18333,Pestkranken
18337,durchbrochen,durchbrechen,VERB,oc,18333,Pestkranken
18338,.,--,PUNCT,punct,18333,Pestkranken
18339,«,--,PUNCT,punct,18333,Pestkranken
18340,Als,als,SCONJ,ROOT,18340,Als
18341,der,der,DET,nk,18342,Vizegespan
18342,Vizegespan,Vizegespan,PROPN,nk,18340,Als
18343,dies,dieser,PRON,ROOT,18343,dies
18344,hörte,hören,VERB,mo,18346,ließ
18345,",",--,PUNCT,punct,18346,ließ
18346,ließ,lassen,VERB,ROOT,18346,ließ
18347,er,er,PRON,sb,18346,ließ
18348,seine,sein,DET,nk,18349,Gesellschaft
18349,Gesellschaft,Gesellschaft,NOUN,oa,18346,ließ
18350,im,in,ADP,mo,18346,ließ
18351,Stich,Stich,NOUN,nk,18350,im
18352,und,und,CCONJ,cd,18346,ließ
18353,lief,laufen,VERB,cj,18352,und
18354,über,über,ADP,mo,18353,lief
18355,Hals,Hals,NOUN,nk,18354,über
18356,und,und,CCONJ,cd,18355,Hals
18357,Kopf,Kopf,NOUN,cj,18356,und
18358,nach,nach,ADP,mo,18353,lief
18359,dem,der,DET,nk,18358,nach
18360,Dorfe,Dorfen,VERB,ROOT,18360,Dorfe
18361,zurück,zurück,ADV,svp,18360,Dorfe
18362,",",--,PUNCT,punct,18360,Dorfe
18363,um,um,SCONJ,cp,18370,bringen
18364,seine,sein,DET,nk,18365,Bauern
18365,Bauern,Bauer,NOUN,oa,18370,bringen
18366,unter,unter,ADP,mo,18370,bringen
18367,die,der,DET,nk,18368,Waffen
18368,Waffen,Waffe,NOUN,nk,18366,unter
18369,zu,zu,PART,pm,18370,bringen
18370,bringen,bringen,VERB,mo,18360,Dorfe
18371,.,--,PUNCT,punct,18360,Dorfe
18372,Wehmüller,Wehmüller,NOUN,ROOT,18372,Wehmüller
18373,und,und,CCONJ,cd,18372,Wehmüller
18374,der,der,DET,cj,18373,und
18375,Zigeuner,Zigeuner,NOUN,sb,18376,schrien
18376,schrien,schrien,VERB,ROOT,18376,schrien
18377,:,--,PUNCT,punct,18376,schrien
18378,»,--,PUNCT,punct,18380,sei
18379,Gott,Gott,NOUN,sb,18380,sei
18380,sei,sein,AUX,oc,18376,schrien
18381,Dank,Dank,NOUN,pd,18380,sei
18382,",",--,PUNCT,punct,18380,sei
18383,nun,nun,ADV,mo,18384,laßt
18384,laßt,lassen,VERB,cj,18380,sei
18385,uns,uns,PRON,da,18386,eilen
18386,eilen,eilen,VERB,oc,18384,laßt
18387,!,--,PUNCT,punct,18376,schrien
18388,«,--,PUNCT,punct,18380,sei
18389,Devillier,devillier,NOUN,sb,18390,besann
18390,besann,besinnen,VERB,ROOT,18390,besann
18391,sich,sich,PRON,oa,18390,besann
18392,auch,auch,ADV,mo,18394,lange
18393,nicht,nicht,PART,ng,18394,lange
18394,lange,lange,ADV,ROOT,18394,lange
18395,",",--,PUNCT,punct,18394,lange
18396,und,und,CCONJ,cd,18394,lange
18397,sie,sie,PRON,sb,18398,liefen
18398,liefen,laufen,VERB,cj,18396,und
18399,spornstreichs,Spornstreich,NOUN,oa,18398,liefen
18400,nach,nach,ADP,mo,18398,liefen
18401,dem,der,DET,nk,18403,Pikettfeuer
18402,verlassenen,verlassen,ADJ,nk,18403,Pikettfeuer
18403,Pikettfeuer,Pikettfeuer,NOUN,nk,18400,nach
18404,hin,hin,ADV,ROOT,18404,hin
18405,",",--,PUNCT,punct,18404,hin
18406,wo,wo,SCONJ,mo,18410,fanden
18407,sie,sie,PRON,sb,18410,fanden
18408,Bauern,Bauer,NOUN,sb,18410,fanden
18409,beschäftigt,beschäftigen,VERB,oc,18410,fanden
18410,fanden,finden,VERB,re,18404,hin
18411,",",--,PUNCT,punct,18410,fanden
18412,unter,unter,ADP,mo,18410,fanden
18413,großem,groß,ADJ,nk,18414,Geschrei
18414,Geschrei,Geschrei,NOUN,nk,18412,unter
18415,das,der,DET,nk,18416,Brot
18416,Brot,Brot,NOUN,oa,18410,fanden
18417,und,und,CCONJ,cd,18416,Brot
18418,die,der,PRON,cj,18417,und
18419,anderen,anderer,ADJ,nk,18420,Vorräte
18420,Vorräte,Vorrat,NOUN,oa,18422,teilen
18421,zu,zu,PART,pm,18422,teilen
18422,teilen,teilen,VERB,ROOT,18422,teilen
18423,",",--,PUNCT,punct,18422,teilen
18424,welche,welcher,PRON,oa,18427,zurückgelassen
18425,das,der,DET,nk,18426,Pikett
18426,Pikett,Pikett,NOUN,sb,18428,hatte
18427,zurückgelassen,zurückgelassen,VERB,oc,18428,hatte
18428,hatte,haben,AUX,rc,18419,anderen
18429,.,--,PUNCT,punct,18422,teilen
18430,Als,als,SCONJ,cp,18432,sich
18431,sie,sie,PRON,nk,18430,Als
18432,sich,sich,PRON,ROOT,18432,sich
18433,näherten,nähern,VERB,mo,18435,kam
18434,",",--,PUNCT,punct,18435,kam
18435,kam,kommen,VERB,ROOT,18435,kam
18436,ihnen,ihnen,PRON,da,18435,kam
18437,ein,ein,DET,nk,18438,Reiter
18438,Reiter,Reiter,NOUN,sb,18435,kam
18439,entgegen,entgegen,ADP,svp,18435,kam
18440,und,und,CCONJ,cd,18435,kam
18441,schrie,schreien,VERB,cj,18440,und
18442,:,--,PUNCT,punct,18441,schrie
18443,»,--,PUNCT,punct,18444,Steht
18444,Steht,stehen,VERB,rs,18441,schrie
18445,",",--,PUNCT,punct,18444,Steht
18446,oder,oder,CCONJ,cd,18444,Steht
18447,ich,ich,PRON,sb,18448,schieße
18448,schieße,schießen,VERB,cj,18446,oder
18449,euch,euch,PRON,ROOT,18449,euch
18450,nieder,nieder,ADV,svp,18454,standen
18451,!,--,PUNCT,punct,18454,standen
18452,«,--,PUNCT,punct,18454,standen
18453,Sie,sie,PRON,sb,18454,standen
18454,standen,stehen,VERB,ROOT,18454,standen
18455,und,und,CCONJ,cd,18454,standen
18456,warfen,werfen,VERB,cj,18455,und
18457,die,der,DET,nk,18458,Waffen
18458,Waffen,Waffe,NOUN,oa,18456,warfen
18459,hinweg,hinweg,ADV,svp,18456,warfen
18460,.,--,PUNCT,punct,18454,standen
18461,Sie,sie,PRON,sb,18462,wurden
18462,wurden,werden,AUX,ROOT,18462,wurden
18463,gefragt,fragen,VERB,oc,18462,wurden
18464,",",--,PUNCT,punct,18462,wurden
18465,wer,wer,PRON,dep,18462,wurden
18466,sie,sie,PRON,sb,18467,seien
18467,seien,sein,AUX,ROOT,18467,seien
18468,?,--,PUNCT,punct,18467,seien
18469,und,und,CCONJ,ju,18472,erklärt
18470,als,als,SCONJ,cp,18472,erklärt
18471,sie,sie,PRON,sb,18472,erklärt
18472,erklärt,erklären,VERB,ROOT,18472,erklärt
18473,:,--,PUNCT,punct,18472,erklärt
18474,sie,sie,PRON,sb,18475,wollten
18475,wollten,wollen,AUX,oc,18472,erklärt
18476,über,über,ADP,mo,18475,wollten
18477,den,der,DET,nk,18478,Kordon
18478,Kordon,Kordon,NOUN,nk,18476,über
18479,",",--,PUNCT,punct,18475,wollten
18480,und,und,CCONJ,cd,18475,wollten
18481,der,der,DET,nk,18482,Reiter
18482,Reiter,Reiter,NOUN,cj,18480,und
18483,ihre,ihr,DET,nk,18484,Stimmen
18484,Stimmen,Stimme,NOUN,oa,18485,vernommen
18485,vernommen,vernehmen,VERB,mo,18487,stürzte
18486,",",--,PUNCT,punct,18487,stürzte
18487,stürzte,stürzen,VERB,ROOT,18487,stürzte
18488,er,er,PRON,sb,18487,stürzte
18489,vom,von,ADP,mo,18487,stürzte
18490,Pferde,Pferde,NOUN,nk,18489,vom
18491,und,und,CCONJ,cd,18487,stürzte
18492,fiel,fallen,VERB,cj,18491,und
18493,dem,der,DET,nk,18494,Zigeuner
18494,Zigeuner,Zigeuner,NOUN,da,18492,fiel
18495,und,und,CCONJ,cd,18492,fiel
18496,Devillier,Devillier,NOUN,ROOT,18496,Devillier
18497,wechselsweise,wechselsweise,ADV,mo,18498,um
18498,um,um,ADP,op,18496,Devillier
18499,den,der,DET,nk,18500,Hals
18500,Hals,Hals,NOUN,nk,18498,um
18501,und,und,CCONJ,cd,18496,Devillier
18502,schrie,schreien,VERB,cj,18501,und
18503,immer,immer,ADV,mo,18502,schrie
18504,:,--,PUNCT,punct,18496,Devillier
18505,»,--,PUNCT,punct,18506,Michaly
18506,Michaly,Michaly,NOUN,pd,18496,Devillier
18507,!,--,PUNCT,punct,18506,Michaly
18508,Devillier,devillier,NOUN,ROOT,18508,Devillier
18509,!,--,PUNCT,punct,18508,Devillier
18510,Ich,ich,PRON,ROOT,18510,Ich
18511,bin,sein,AUX,ROOT,18511,bin
18512,Mitidika,Mitidika,PROPN,pd,18511,bin
18513,.,--,PUNCT,punct,18511,bin
18514,«,--,PUNCT,ROOT,18514,«
18515,Vor,vor,ADP,mo,18520,zitternd
18516,Freude,Freude,NOUN,nk,18515,Vor
18517,des,der,DET,nk,18518,Wiedersehens
18518,Wiedersehens,Wiedersehen,NOUN,ag,18516,Freude
18519,ganz,ganz,ADV,mo,18520,zitternd
18520,zitternd,zitternd,ADV,mo,18522,riß
18521,",",--,PUNCT,punct,18522,riß
18522,riß,reißen,VERB,ROOT,18522,riß
18523,das,der,DET,nk,18524,Mädchen
18524,Mädchen,Mädchen,NOUN,sb,18522,riß
18525,sie,sie,PRON,oa,18522,riß
18526,in,in,ADP,mo,18522,riß
18527,die,der,DET,nk,18528,Erdhütte
18528,Erdhütte,Erdhütte,NOUN,nk,18526,in
18529,des,der,DET,nk,18530,Piketts
18530,Piketts,Pikett,NOUN,ROOT,18530,Piketts
18531,",",--,PUNCT,punct,18530,Piketts
18532,wo,wo,SCONJ,mo,18533,sie
18533,sie,sie,PRON,sb,18534,dieselbe
18534,dieselbe,derselbe,PRON,ROOT,18534,dieselbe
18535,in,in,ADP,mnr,18534,dieselbe
18536,männlicher,männlich,ADJ,nk,18537,Kleidung
18537,Kleidung,Kleidung,NOUN,nk,18535,in
18538,",",--,PUNCT,punct,18535,in
18539,mit,mit,ADP,cj,18535,in
18540,Säbel,Säbel,NOUN,nk,18539,mit
18541,und,und,CCONJ,cd,18540,Säbel
18542,Pistole,Pistole,NOUN,cj,18541,und
18543,bewaffnet,bewaffnet,VERB,mo,18545,erkannten
18544,",",--,PUNCT,punct,18545,erkannten
18545,erkannten,erkannen,VERB,ROOT,18545,erkannten
18546,",",--,PUNCT,punct,18545,erkannten
18547,und,und,CCONJ,cd,18545,erkannten
18548,sie,sie,PRON,sb,18549,wollte
18549,wollte,wollen,AUX,cj,18547,und
18550,eben,eben,ADV,mo,18552,erzählen
18551,zu,zu,PART,pm,18552,erzählen
18552,erzählen,erzählen,VERB,oc,18553,anfangen
18553,anfangen,anfangen,VERB,oc,18549,wollte
18554,",",--,PUNCT,punct,18553,anfangen
18555,als,als,SCONJ,cm,18556,sie
18556,sie,sie,PRON,dep,18553,anfangen
18557,Wehmüllern,wehmüllern,NOUN,sb,18559,ansah
18558,scharf,scharf,ADV,mo,18559,ansah
18559,ansah,ansehen,VERB,ROOT,18559,ansah
18560,und,und,CCONJ,cd,18559,ansah
18561,zu,zu,ADP,op,18563,sprach
18562,ihm,ihm,PRON,nk,18561,zu
18563,sprach,sprechen,VERB,cj,18560,und
18564,:,--,PUNCT,punct,18559,ansah
18565,»,--,PUNCT,punct,18566,Bist
18566,Bist,Bist,AUX,rs,18559,ansah
18567,du,du,PRON,sb,18566,Bist
18568,noch,noch,ADV,mo,18566,Bist
18569,immer,immer,ADV,mo,18566,Bist
18570,hier,hier,ADV,mo,18566,Bist
18571,",",--,PUNCT,punct,18566,Bist
18572,Betrüger,Betrüger,NOUN,pd,18566,Bist
18573,?,--,PUNCT,punct,18566,Bist
18574,Ich,ich,PRON,sb,18575,meinte
18575,meinte,meinen,VERB,ROOT,18575,meinte
18576,",",--,PUNCT,punct,18575,meinte
18577,du,du,PRON,sb,18578,seist
18578,seist,seisen,VERB,oc,18575,meinte
18579,gestern,gestern,ADV,mo,18578,seist
18580,zu,zu,ADP,mo,18578,seist
18581,deiner,dein,DET,nk,18583,Frau
18582,angeblichen,angeblich,ADJ,nk,18583,Frau
18583,Frau,Frau,NOUN,nk,18580,zu
18584,nach,nach,ADP,mnr,18583,Frau
18585,Stuhlweißenburg,Stuhlweißenburg,PROPN,nk,18584,nach
18586,gereist,reisen,VERB,ROOT,18586,gereist
18587,.,--,PUNCT,punct,18586,gereist
18588,«,--,PUNCT,ROOT,18588,«
18589,Alle,alle,PRON,sb,18590,sahen
18590,sahen,sehen,VERB,ROOT,18590,sahen
18591,bei,bei,ADP,mo,18590,sahen
18592,diesen,dieser,DET,nk,18593,Worten
18593,Worten,Wort,NOUN,nk,18591,bei
18594,auf,auf,ADP,mo,18590,sahen
18595,den,der,DET,nk,18597,Wehmüller
18596,bestürzten,bestürzt,ADJ,nk,18597,Wehmüller
18597,Wehmüller,Wehmüller,NOUN,nk,18594,auf
18598,;,--,PUNCT,punct,18590,sahen
18599,dieser,dieser,PRON,ROOT,18599,dieser
18600,sperrte,sperren,VERB,ROOT,18600,sperrte
18601,das,der,DET,nk,18602,Maul
18602,Maul,Maul,NOUN,sb,18600,sperrte
18603,auf,auf,ADP,svp,18600,sperrte
18604,vor,vor,ADP,mo,18600,sperrte
18605,Verwunderung,Verwunderung,NOUN,nk,18604,vor
18606,.,--,PUNCT,punct,18600,sperrte
18607,»,--,PUNCT,punct,18611,fragte
18608,Ich,ich,PRON,oa,18611,fragte
18609,?,--,PUNCT,punct,18611,fragte
18610,«,--,PUNCT,punct,18611,fragte
18611,fragte,fragen,VERB,ROOT,18611,fragte
18612,er,er,PRON,sb,18611,fragte
18613,endlich,endlich,ADV,mo,18611,fragte
18614,",",--,PUNCT,punct,18611,fragte
18615,»,--,PUNCT,punct,18611,fragte
18616,ich,ich,PRON,oa,18611,fragte
18617,",",--,PUNCT,punct,18611,fragte
18618,gestern,gestern,ADV,mo,18611,fragte
18619,zu,zu,ADP,ROOT,18619,zu
18620,meiner,mein,DET,nk,18622,Frau
18621,angeblichen,angeblich,ADJ,nk,18622,Frau
18622,Frau,Frau,NOUN,nk,18619,zu
18623,?,--,PUNCT,punct,18619,zu
18624,«,--,PUNCT,dep,18619,zu
18625,–,--,PUNCT,punct,18632,sagte
18626,»,--,PUNCT,punct,18632,sagte
18627,Ja,ja,PART,dep,18632,sagte
18628,",",--,PUNCT,punct,18632,sagte
18629,du,du,PRON,sb,18632,sagte
18630,!,--,PUNCT,punct,18632,sagte
18631,«,--,PUNCT,dep,18630,!
18632,sagte,sagen,VERB,ROOT,18632,sagte
18633,Mitidika,Mitidika,PROPN,sb,18632,sagte
18634,",",--,PUNCT,punct,18632,sagte
18635,»,--,PUNCT,punct,18632,sagte
18636,du,du,PRON,sb,18632,sagte
18637,",",--,PUNCT,punct,18636,du
18638,der,der,PRON,oa,18640,dich
18639,du,du,PRON,nk,18638,der
18640,dich,dich,PRON,rc,18632,sagte
18641,Wehmüller,Wehmüller,NOUN,pd,18646,bist
18642,nennst,nennst,ADV,mo,18641,Wehmüller
18643,und,und,CCONJ,cd,18646,bist
18644,es,es,PRON,sb,18646,bist
18645,nicht,nicht,PART,ng,18646,bist
18646,bist,sein,AUX,ROOT,18646,bist
18647,",",--,PUNCT,punct,18646,bist
18648,du,du,PRON,sb,18646,bist
18649,",",--,PUNCT,punct,18648,du
18650,der,der,PRON,oa,18656,kennst
18651,du,du,PRON,sb,18656,kennst
18652,deine,dein,DET,nk,18653,Frau
18653,Frau,Frau,NOUN,oa,18656,kennst
18654,nicht,nicht,PART,ng,18656,kennst
18655,einmal,einmal,ADV,mo,18656,kennst
18656,kennst,kennst,VERB,rc,18648,du
18657,.,--,PUNCT,punct,18646,bist
18658,«,--,PUNCT,ROOT,18658,«
18659,–,--,PUNCT,ROOT,18659,–
18660,»,--,PUNCT,punct,18661,O
18661,O,O,PROPN,sb,18671,schrie
18662,",",--,PUNCT,punct,18661,O
18663,das,der,PRON,sb,18664,ist
18664,ist,sein,AUX,rc,18661,O
18665,um,um,ADP,mo,18668,werden
18666,rasend,rasend,ADV,nk,18665,um
18667,zu,zu,PART,pm,18668,werden
18668,werden,werden,AUX,oc,18664,ist
18669,!,--,PUNCT,punct,18661,O
18670,«,--,PUNCT,punct,18661,O
18671,schrie,Schrie,VERB,ROOT,18671,schrie
18672,Wehmüller,Wehmüller,NOUN,sb,18671,schrie
18673,",",--,PUNCT,punct,18671,schrie
18674,»,--,PUNCT,punct,18676,tolle
18675,welche,welcher,DET,nk,18676,tolle
18676,tolle,Tolle,NOUN,dep,18671,schrie
18677,Beschuldigungen,Beschuldigung,NOUN,ROOT,18677,Beschuldigungen
18678,",",--,PUNCT,punct,18677,Beschuldigungen
18679,und,und,CCONJ,cd,18677,Beschuldigungen
18680,das,der,PRON,cj,18679,und
18681,von,von,ADP,pg,18680,das
18682,einer,ein,DET,nk,18684,Person
18683,wildfremden,wildfremd,ADJ,nk,18684,Person
18684,Person,Person,NOUN,nk,18681,von
18685,",",--,PUNCT,punct,18684,Person
18686,die,der,PRON,oa,18689,gesehen
18687,ich,ich,PRON,sb,18689,gesehen
18688,niemals,niemals,ADV,mo,18689,gesehen
18689,gesehen,sehen,VERB,rc,18684,Person
18690,!,--,PUNCT,punct,18677,Beschuldigungen
18691,«,--,PUNCT,dep,18695,Gesell
18692,–,--,PUNCT,punct,18695,Gesell
18693,»,--,PUNCT,punct,18695,Gesell
18694,Unverschämter,Unverschämter,ADJ,nk,18695,Gesell
18695,Gesell,Gesell,NOUN,sb,18698,schrie
18696,!,--,PUNCT,punct,18695,Gesell
18697,«,--,PUNCT,punct,18695,Gesell
18698,schrie,Schrie,VERB,ROOT,18698,schrie
18699,Mitidika,Mitidika,PROPN,sb,18698,schrie
18700,;,--,PUNCT,punct,18698,schrie
18701,»,--,PUNCT,punct,18703,kenntest
18702,du,du,PRON,sb,18703,kenntest
18703,kenntest,kenntesen,VERB,ROOT,18703,kenntest
18704,mich,mich,PRON,oa,18703,kenntest
18705,nicht,nicht,PART,ng,18703,kenntest
18706,!,--,PUNCT,punct,18703,kenntest
18707,Hast,Hast,AUX,ROOT,18707,Hast
18708,du,du,PRON,sb,18707,Hast
18709,mir,mir,PRON,da,18717,zugesetzt
18710,nicht,nicht,PART,ng,18717,zugesetzt
18711,seit,seit,ADP,mo,18717,zugesetzt
18712,mehreren,mehrere,DET,nk,18713,Tagen
18713,Tagen,Tag,NOUN,nk,18711,seit
18714,mit,mit,ADP,mo,18717,zugesetzt
18715,deinen,dein,DET,nk,18716,Liebesversicherungen
18716,Liebesversicherungen,Liebesversicherung,NOUN,nk,18714,mit
18717,zugesetzt,zugesetzen,VERB,ROOT,18717,zugesetzt
18718,?,--,PUNCT,punct,18717,zugesetzt
18719,Hat,haben,VERB,ROOT,18719,Hat
18720,der,der,DET,nk,18722,Wehmüller
18721,wirkliche,wirklich,ADJ,nk,18722,Wehmüller
18722,Wehmüller,Wehmüller,NOUN,sb,18729,bewiesen
18723,dir,dir,PRON,nk,18722,Wehmüller
18724,nicht,nicht,PART,ng,18729,bewiesen
18725,deswegen,deswegen,ADV,mo,18729,bewiesen
18726,schon,schon,ADV,mo,18729,bewiesen
18727,ins,in,ADP,mo,18729,bewiesen
18728,Gesicht,Gesicht,NOUN,nk,18727,ins
18729,bewiesen,beweisen,VERB,ROOT,18729,bewiesen
18730,:,--,PUNCT,punct,18729,bewiesen
18731,daß,daß,SCONJ,cp,18732,du
18732,du,du,PRON,oc,18729,bewiesen
18733,Wehmüller,Wehmüller,NOUN,ROOT,18733,Wehmüller
18734,nicht,nicht,PART,ng,18735,sein
18735,sein,sein,DET,nk,18736,könnest
18736,könnest,Könnest,NOUN,oc,18733,Wehmüller
18737,",",--,PUNCT,punct,18733,Wehmüller
18738,weil,weil,SCONJ,cp,18744,denkt
18739,der,der,DET,nk,18741,Wehmüller
18740,rechte,rechter,ADJ,nk,18741,Wehmüller
18741,Wehmüller,Wehmüller,NOUN,sb,18744,denkt
18742,an,an,ADP,op,18744,denkt
18743,niemand,niemand,PRON,nk,18742,an
18744,denkt,denken,VERB,mo,18733,Wehmüller
18745,als,als,ADP,cm,18746,an
18746,an,an,ADP,cc,18739,der
18747,sein,sein,DET,ROOT,18747,sein
18748,liebes,lieb,ADJ,nk,18749,Tonerl
18749,Tonerl,Tonerl,NOUN,sb,18747,sein
18750,?,--,PUNCT,punct,18747,sein
18751,«,--,PUNCT,punct,18747,sein
18752,–,--,PUNCT,punct,18759,schrie
18753,»,--,PUNCT,punct,18754,Der
18754,Der,der,DET,nk,18756,Wehmüller
18755,rechte,rechter,ADJ,nk,18756,Wehmüller
18756,Wehmüller,Wehmüller,NOUN,dep,18752,–
18757,?,--,PUNCT,punct,18759,schrie
18758,«,--,PUNCT,punct,18759,schrie
18759,schrie,schreien,VERB,ROOT,18759,schrie
18760,nun,nun,ADV,mo,18759,schrie
18761,Wehmüller,Wehmüller,NOUN,sb,18759,schrie
18762,",",--,PUNCT,punct,18759,schrie
18763,»,--,PUNCT,punct,18765,haben
18764,wo,wo,SCONJ,mo,18765,haben
18765,haben,haben,AUX,oc,18759,schrie
18766,Sie,sie,PRON,sb,18769,gesehen
18767,den,der,PRON,oa,18769,gesehen
18768,je,je,ADV,mo,18769,gesehen
18769,gesehen,sehen,VERB,ROOT,18769,gesehen
18770,?,--,PUNCT,punct,18769,gesehen
18771,Er,er,PRON,sb,18773,kennt
18772,wenigstens,wenigstens,ADV,mo,18771,Er
18773,kennt,kennen,VERB,ROOT,18773,kennt
18774,Sie,sie,PRON,oa,18773,kennt
18775,nicht,nicht,PART,ng,18773,kennt
18776,.,--,PUNCT,punct,18773,kennt
18777,«,--,PUNCT,punct,18773,kennt
18778,–,--,PUNCT,punct,18780,Kennt
18779,»,--,PUNCT,punct,18780,Kennt
18780,Kennt,Kennt,VERB,ROOT,18780,Kennt
18781,mich,mich,PRON,oa,18780,Kennt
18782,nicht,nicht,PART,ng,18780,Kennt
18783,?,--,PUNCT,punct,18780,Kennt
18784,«,--,PUNCT,punct,18780,Kennt
18785,erwiderte,erwidert,ADJ,nk,18786,Mitidika
18786,Mitidika,Mitidika,NOUN,ROOT,18786,Mitidika
18787,",",--,PUNCT,punct,18786,Mitidika
18788,»,--,PUNCT,punct,18786,Mitidika
18789,und,und,CCONJ,cd,18786,Mitidika
18790,reist,reisen,VERB,cj,18789,und
18791,mit,mit,ADP,mo,18790,reist
18792,mir,mir,PRON,nk,18791,mit
18793,?,--,PUNCT,punct,18786,Mitidika
18794,«,--,PUNCT,punct,18786,Mitidika
18795,–,--,PUNCT,punct,18798,werde
18796,»,--,PUNCT,punct,18798,werde
18797,Ich,ich,PRON,sb,18798,werde
18798,werde,werden,AUX,ROOT,18798,werde
18799,verrückt,verrückt,ADV,pd,18798,werde
18800,!,--,PUNCT,punct,18798,werde
18801,«,--,PUNCT,punct,18798,werde
18802,schrie,schreien,VERB,ROOT,18802,schrie
18803,Wehmüller,Wehmüller,NOUN,sb,18807,ist
18804,",",--,PUNCT,punct,18807,ist
18805,»,--,PUNCT,punct,18807,ist
18806,nun,nun,ADV,mo,18807,ist
18807,ist,sein,AUX,ROOT,18807,ist
18808,gar,gar,ADV,mo,18809,noch
18809,noch,noch,ADV,mo,18807,ist
18810,ein,ein,DET,nk,18811,dritter
18811,dritter,dritter,NOUN,pd,18807,ist
18812,auf,auf,ADP,mo,18807,ist
18813,dem,der,DET,nk,18814,Tapet
18814,Tapet,Tapet,NOUN,nk,18812,auf
18815,;,--,PUNCT,punct,18807,ist
18816,wo,wo,SCONJ,mo,18817,sind
18817,sind,sein,AUX,ROOT,18817,sind
18818,die,der,DET,nk,18819,zwei
18819,zwei,zwei,NUM,sb,18817,sind
18820,andern,anderer,VERB,ROOT,18820,andern
18821,?,--,PUNCT,punct,18820,andern
18822,Geschwind,Geschwind,NOUN,ROOT,18822,Geschwind
18823,",",--,PUNCT,punct,18822,Geschwind
18824,ich,ich,PRON,sb,18825,will
18825,will,wollen,AUX,cj,18822,Geschwind
18826,sie,sie,PRON,oa,18825,will
18827,sehn,sehn,NUM,oa,18825,will
18828,",",--,PUNCT,punct,18822,Geschwind
18829,ich,ich,PRON,sb,18830,will
18830,will,wollen,AUX,cj,18822,Geschwind
18831,sie,sie,PRON,oa,18832,erwürgen
18832,erwürgen,erwürgen,VERB,oc,18830,will
18833,!,--,PUNCT,punct,18822,Geschwind
18834,«,--,PUNCT,punct,18822,Geschwind
18835,–,--,PUNCT,punct,18838,dritten
18836,»,--,PUNCT,punct,18838,dritten
18837,Den,der,DET,nk,18838,dritten
18838,dritten,dritter,ADJ,ROOT,18838,dritten
18839,lügst,lügst,X,ROOT,18839,lügst
18840,du,du,PRON,sb,18839,lügst
18841,hinzu,hinzu,ADV,svp,18839,lügst
18842,«,--,PUNCT,punct,18839,lügst
18843,",",--,PUNCT,punct,18839,lügst
18844,versetzte,versetzt,ADJ,nk,18845,Mitidika
18845,Mitidika,Mitidika,NOUN,cj,18839,lügst
18846,;,--,PUNCT,punct,18839,lügst
18847,»,--,PUNCT,punct,18850,wird
18848,der,der,DET,nk,18849,echte
18849,echte,echte,NOUN,sb,18850,wird
18850,wird,werden,AUX,ROOT,18850,wird
18851,nicht,nicht,PART,ng,18852,weit
18852,weit,weit,ADV,mo,18855,sein
18853,von,von,ADP,mo,18852,weit
18854,hier,hier,ADV,nk,18853,von
18855,sein,sein,AUX,oc,18850,wird
18856,",",--,PUNCT,punct,18850,wird
18857,ich,ich,PRON,sb,18858,will
18858,will,wollen,AUX,ROOT,18858,will
18859,ihn,ihn,PRON,oa,18860,holen
18860,holen,holen,VERB,oc,18858,will
18861,",",--,PUNCT,punct,18858,will
18862,da,da,ADV,mo,18863,sollst
18863,sollst,sollen,AUX,cj,18858,will
18864,du,du,PRON,sb,18863,sollst
18865,beschämt,beschämt,ADV,pd,18866,werden
18866,werden,werden,AUX,oc,18863,sollst
18867,!,--,PUNCT,punct,18858,will
18868,«,--,PUNCT,punct,18858,will
18869,Nun,nun,ADV,mo,18870,lief
18870,lief,laufen,VERB,ROOT,18870,lief
18871,sie,sie,PRON,sb,18870,lief
18872,schnell,schnell,ADV,mo,18870,lief
18873,zur,zu,ADP,svp,18870,lief
18874,Hütte,Hütte,NOUN,ROOT,18874,Hütte
18875,hinaus,hinaus,ADV,svp,18874,Hütte
18876,.,--,PUNCT,punct,18874,Hütte
18877,Dieser,dieser,DET,nk,18878,Wortwechsel
18878,Wortwechsel,Wortwechsel,NOUN,sb,18879,war
18879,war,sein,AUX,ROOT,18879,war
18880,so,so,ADV,mo,18881,schnell
18881,schnell,schnell,ADV,pd,18879,war
18882,und,und,CCONJ,cd,18881,schnell
18883,heftig,heftig,ADV,cj,18882,und
18884,und,und,CCONJ,cd,18879,war
18885,die,der,DET,nk,18886,Veranlassung
18886,Veranlassung,Veranlassung,NOUN,cj,18884,und
18887,so,so,ADV,mo,18888,wunderbar
18888,wunderbar,wunderbar,ADV,pd,18879,war
18889,",",--,PUNCT,punct,18879,war
18890,daß,daß,SCONJ,cp,18896,hatten
18891,Michaly,Michaly,NOUN,sb,18896,hatten
18892,und,und,CCONJ,cd,18891,Michaly
18893,Devillier,Devillier,NOUN,cj,18892,und
18894,nicht,nicht,PART,ng,18896,hatten
18895,Zeit,Zeit,NOUN,oa,18896,hatten
18896,hatten,haben,VERB,ROOT,18896,hatten
18897,",",--,PUNCT,punct,18896,hatten
18898,dem,der,DET,nk,18900,Maler
18899,verblüfften,verblüfft,ADJ,nk,18900,Maler
18900,Maler,Maler,NOUN,da,18902,bezeugen
18901,zu,zu,PART,pm,18902,bezeugen
18902,bezeugen,bezeugen,VERB,oc,18896,hatten
18903,:,--,PUNCT,punct,18896,hatten
18904,daß,daß,SCONJ,cp,18911,sei
18905,er,er,PRON,sb,18911,sei
18906,seit,seit,ADP,mo,18911,sei
18907,gestern,gestern,ADV,nk,18906,seit
18908,in,in,ADP,mo,18911,sei
18909,ihrer,ihr,DET,nk,18910,Gesellschaft
18910,Gesellschaft,Gesellschaft,NOUN,nk,18908,in
18911,sei,sein,AUX,ROOT,18911,sei
18912,und,und,CCONJ,cd,18911,sei
18913,unmöglich,unmöglich,ADV,pd,18915,sein
18914,der,der,PRON,pd,18915,sein
18915,sein,sein,AUX,oc,18916,könne
18916,könne,können,AUX,cj,18912,und
18917,",",--,PUNCT,punct,18911,sei
18918,welchen,welcher,DET,nk,18919,Mitidika
18919,Mitidika,Mitidika,NOUN,oa,18920,kannte
18920,kannte,kennen,VERB,ROOT,18920,kannte
18921,.,--,PUNCT,punct,18920,kannte
18922,Sie,sie,PRON,sb,18923,waren
18923,waren,sein,AUX,ROOT,18923,waren
18924,eben,eben,ADV,mo,18926,beschäftigt
18925,noch,noch,ADV,mo,18926,beschäftigt
18926,beschäftigt,beschäftigen,VERB,pd,18923,waren
18927,",",--,PUNCT,punct,18926,beschäftigt
18928,den,der,DET,nk,18929,weinenden
18929,weinenden,weinend,ADJ,cj,18923,waren
18930,Wehmüller,Wehmüller,NOUN,oa,18932,trösten
18931,zu,zu,PART,pm,18932,trösten
18932,trösten,trösten,VERB,ROOT,18932,trösten
18933,",",--,PUNCT,punct,18932,trösten
18934,als,als,SCONJ,cm,18938,Figur
18935,eine,ein,DET,nk,18938,Figur
18936,ganz,ganz,ADV,mo,18937,ähnliche
18937,ähnliche,ähnlich,ADJ,nk,18938,Figur
18938,Figur,Figur,NOUN,mo,18932,trösten
18939,wie,wie,ADP,cm,18940,er
18940,er,er,PRON,cc,18938,Figur
18941,selbst,selbst,ADV,mnr,18940,er
18942,in,in,ADP,mnr,18938,Figur
18943,die,der,DET,nk,18944,Hütte
18944,Hütte,Hütte,NOUN,nk,18942,in
18945,trat,treten,VERB,ROOT,18945,trat
18946,;,--,PUNCT,punct,18945,trat
18947,bei,bei,ADP,mo,18951,war
18948,dem,der,DET,nk,18950,Feuer
18949,erloschenen,erloschen,ADJ,nk,18950,Feuer
18950,Feuer,Feuer,NOUN,nk,18947,bei
18951,war,sein,AUX,ROOT,18951,war
18952,es,es,PRON,sb,18951,war
18953,unmöglich,unmöglich,ADV,pd,18951,war
18954,",",--,PUNCT,punct,18951,war
18955,jemand,jemand,PRON,sb,18956,bestimmter
18956,bestimmter,bestimmt,ADV,cj,18951,war
18957,zu,zu,ADP,svp,18951,war
18958,erkennen,erkennen,VERB,ROOT,18958,erkennen
18959,.,--,PUNCT,punct,18958,erkennen
18960,Kaum,kaum,ADV,mo,18961,hatte
18961,hatte,haben,AUX,ROOT,18961,hatte
18962,Wehmüller,Wehmüller,NOUN,sb,18961,hatte
18963,sein,sein,DET,nk,18964,Ebenbild
18964,Ebenbild,Ebenbild,NOUN,oa,18961,hatte
18965,in,in,ADP,mnr,18964,Ebenbild
18966,derselben,derselbe,DET,nk,18967,Gestalt
18967,Gestalt,Gestalt,NOUN,nk,18965,in
18968,und,und,CCONJ,cd,18967,Gestalt
18969,Kleidung,Kleidung,NOUN,cj,18968,und
18970,erkannt,erkennen,VERB,ROOT,18970,erkannt
18971,",",--,PUNCT,punct,18970,erkannt
18972,als,als,SCONJ,cp,18978,losstürzte
18973,er,er,PRON,sb,18978,losstürzte
18974,wie,wie,ADP,cm,18976,Furie
18975,eine,ein,DET,nk,18976,Furie
18976,Furie,Furie,NOUN,oa,18978,losstürzte
18977,darauf,darauf,ADV,op,18978,losstürzte
18978,losstürzte,losstürzen,VERB,mo,18970,erkannt
18979,;,--,PUNCT,punct,18970,erkannt
18980,der,der,DET,nk,18981,andre
18981,andre,Andre,PROPN,sb,18982,tat
18982,tat,Tat,VERB,ROOT,18982,tat
18983,ein,ein,DET,nk,18984,gleiches
18984,gleiches,gleich,ADJ,oa,18982,tat
18985,",",--,PUNCT,punct,18982,tat
18986,und,und,CCONJ,ju,18988,schrien
18987,beide,beide,PRON,sb,18988,schrien
18988,schrien,Schrie,NOUN,ROOT,18988,schrien
18989,:,--,PUNCT,punct,18988,schrien
18990,»,--,PUNCT,punct,18993,ertappe
18991,Ha,Ha,NOUN,dm,18993,ertappe
18992,",",--,PUNCT,punct,18993,ertappe
18993,ertappe,ertappen,VERB,oc,18988,schrien
18994,ich,ich,PRON,sb,18993,ertappe
18995,dich,dich,PRON,oa,18993,ertappe
18996,bei,bei,ADP,mo,18993,ertappe
18997,deiner,dein,DET,nk,18998,Buhlerei
18998,Buhlerei,Buhlerei,NOUN,nk,18996,bei
18999,unter,unter,ADP,mnr,18998,Buhlerei
19000,meinem,mein,DET,nk,18999,unter
19001,ehrlichen,ehrlich,ADJ,nk,19002,Namen
19002,Namen,Name,NOUN,ROOT,19002,Namen
19003,!,--,PUNCT,punct,19002,Namen
19004,«,--,PUNCT,punct,19002,Namen
19005,Sie,sie,PRON,sb,19006,rissen
19006,rissen,rissen,VERB,ROOT,19006,rissen
19007,sich,sich,PRON,oa,19006,rissen
19008,wie,wie,ADP,cm,19010,Hähne
19009,zwei,zwei,NUM,nk,19010,Hähne
19010,Hähne,Hähne,NOUN,mo,19006,rissen
19011,herum,herum,ADV,svp,19006,rissen
19012,.,--,PUNCT,punct,19006,rissen
19013,Devillier,Devillier,NOUN,ROOT,19013,Devillier
19014,und,und,CCONJ,cd,19013,Devillier
19015,Michaly,Michaly,NOUN,cj,19014,und
19016,brachten,bringen,VERB,ROOT,19016,brachten
19017,sie,sie,PRON,sb,19016,brachten
19018,mit,mit,ADP,mo,19016,brachten
19019,Gewalt,Gewalt,NOUN,nk,19018,mit
19020,auseinander,auseinander,ADV,svp,19016,brachten
19021,",",--,PUNCT,punct,19016,brachten
19022,und,und,CCONJ,cd,19016,brachten
19023,Mitidika,Mitidika,NOUN,sb,19024,führte
19024,führte,führen,VERB,cj,19022,und
19025,den,der,DET,nk,19027,Wehmüller
19026,dritten,dritter,ADJ,nk,19027,Wehmüller
19027,Wehmüller,Wehmüller,NOUN,oa,19024,führte
19028,herein,herein,ADV,ROOT,19028,herein
19029,.,--,PUNCT,punct,19028,herein
19030,Wie,wie,ADV,mo,19031,groß
19031,groß,groß,ADV,pd,19032,war
19032,war,sein,AUX,ROOT,19032,war
19033,die,der,DET,nk,19034,Bestürzung
19034,Bestürzung,Bestürzung,NOUN,sb,19032,war
19035,aller,alle,PRON,ag,19034,Bestürzung
19036,",",--,PUNCT,punct,19032,war
19037,da,da,SCONJ,cp,19041,Wehmüller
19038,nun,nun,ADV,mo,19037,da
19039,wirklich,wirklich,ADV,mo,19040,drei
19040,drei,drei,NUM,nk,19041,Wehmüller
19041,Wehmüller,Wehmüller,NOUN,mo,19032,war
19042,zugegen,zugegen,VERB,oc,19043,waren
19043,waren,sein,AUX,ROOT,19043,waren
19044,.,--,PUNCT,punct,19043,waren
19045,»,--,PUNCT,punct,19049,ist
19046,Nein,nein,PART,dm,19049,ist
19047,",",--,PUNCT,punct,19049,ist
19048,das,der,PRON,sb,19049,ist
19049,ist,sein,AUX,oc,19054,rief
19050,zum,zu,ADP,mo,19049,ist
19051,Verzweifeln,verzweifeln,NOUN,nk,19050,zum
19052,!,--,PUNCT,punct,19054,rief
19053,«,--,PUNCT,punct,19054,rief
19054,rief,rufen,VERB,ROOT,19054,rief
19055,der,der,DET,nk,19056,Wehmüller
19056,Wehmüller,Wehmüller,NOUN,sb,19054,rief
19057,",",--,PUNCT,punct,19056,Wehmüller
19058,den,der,PRON,dep,19054,rief
19059,Mitidika,Mitidika,NOUN,sb,19061,hatte
19060,mitgebracht,mitbringen,VERB,oc,19061,hatte
19061,hatte,haben,AUX,ROOT,19061,hatte
19062,",",--,PUNCT,punct,19061,hatte
19063,»,--,PUNCT,punct,19065,ist
19064,da,da,ADV,mo,19065,ist
19065,ist,sein,AUX,oc,19060,mitgebracht
19066,noch,noch,ADV,mo,19065,ist
19067,einer,einer,PRON,pd,19065,ist
19068,!,--,PUNCT,punct,19065,ist
19069,«,--,PUNCT,punct,19065,ist
19070,–,--,PUNCT,punct,19072,Herr
19071,»,--,PUNCT,punct,19072,Herr
19072,Herr,Herr,NOUN,sb,19076,schrie
19073,Jesus,Jesus,PROPN,nk,19072,Herr
19074,!,--,PUNCT,punct,19076,schrie
19075,«,--,PUNCT,punct,19076,schrie
19076,schrie,schreien,VERB,ROOT,19076,schrie
19077,nun,nun,ADV,mo,19076,schrie
19078,unser,unser,DET,nk,19079,Wehmüller
19079,Wehmüller,Wehmüller,NOUN,sb,19084,bist
19080,",",--,PUNCT,punct,19079,Wehmüller
19081,»,--,PUNCT,punct,19082,Tonerl
19082,Tonerl,Tonerl,PROPN,app,19079,Wehmüller
19083,",",--,PUNCT,punct,19084,bist
19084,bist,sein,AUX,ROOT,19084,bist
19085,du,du,PRON,sb,19084,bist
19086,es,es,PRON,pd,19084,bist
19087,",",--,PUNCT,punct,19084,bist
19088,bist,sein,AUX,cj,19084,bist
19089,du,du,PRON,sb,19088,bist
19090,hier,hier,ADV,mo,19088,bist
19091,",",--,PUNCT,punct,19088,bist
19092,Tonerl,Tonerl,PROPN,pd,19088,bist
19093,?,--,PUNCT,punct,19084,bist
19094,«,--,PUNCT,punct,19084,bist
19095,–,--,PUNCT,punct,19097,Franzerl
19096,»,--,PUNCT,punct,19097,Franzerl
19097,Franzerl,Franzerl,NOUN,ROOT,19097,Franzerl
19098,",",--,PUNCT,punct,19097,Franzerl
19099,lieber,lieb,ADJ,mo,19100,Franzerl
19100,Franzerl,Franzerl,NOUN,pd,19103,schrie
19101,!,--,PUNCT,punct,19103,schrie
19102,«,--,PUNCT,punct,19103,schrie
19103,schrie,schreien,VERB,ROOT,19103,schrie
19104,der,der,DET,nk,19105,andere
19105,andere,anderer,PRON,sb,19103,schrie
19106,",",--,PUNCT,punct,19103,schrie
19107,und,und,CCONJ,cd,19103,schrie
19108,sie,sie,PRON,sb,19109,sanken
19109,sanken,sinken,VERB,cj,19107,und
19110,sich,sich,PRON,oa,19109,sanken
19111,als,als,ADP,mo,19109,sanken
19112,Mann,Mann,NOUN,nk,19111,als
19113,und,und,CCONJ,cd,19112,Mann
19114,Frau,Frau,NOUN,cj,19113,und
19115,in,in,ADP,svp,19109,sanken
19116,die,der,DET,nk,19117,Arme
19117,Arme,Arm,NOUN,ROOT,19117,Arme
19118,.,--,PUNCT,punct,19117,Arme
19119,Da,da,ADV,mo,19120,wurde
19120,wurde,werden,AUX,ROOT,19120,wurde
19121,es,es,PRON,sb,19120,wurde
19122,dem,der,DET,nk,19124,Wehmüller
19123,einen,ein,DET,nk,19124,Wehmüller
19124,Wehmüller,Wehmüller,NOUN,pd,19120,wurde
19125,",",--,PUNCT,punct,19124,Wehmüller
19126,den,der,DET,nk,19127,Devillier
19127,Devillier,Devillier,NOUN,oa,19128,festhielt
19128,festhielt,festhielen,VERB,rc,19124,Wehmüller
19129,",",--,PUNCT,punct,19120,wurde
19130,nicht,nicht,PART,ng,19131,recht
19131,recht,recht,ADV,dep,19120,wurde
19132,wohl,wohl,ADV,ROOT,19132,wohl
19133,",",--,PUNCT,punct,19132,wohl
19134,und,und,CCONJ,cd,19132,wohl
19135,er,er,PRON,sb,19136,sank
19136,sank,sinken,VERB,cj,19134,und
19137,vor,vor,ADP,mo,19136,sank
19138,Schreck,Schreck,PROPN,nk,19137,vor
19139,zur,zu,ADP,mo,19136,sank
19140,Erde,Erde,NOUN,nk,19139,zur
19141,.,--,PUNCT,punct,19132,wohl
19142,Michaly,Michaly,NOUN,sb,19143,schürte
19143,schürte,schürn,VERB,ROOT,19143,schürte
19144,nun,nun,ADV,mo,19143,schürte
19145,das,der,DET,nk,19146,Feuer
19146,Feuer,Feuer,NOUN,oa,19143,schürte
19147,wieder,wieder,ADV,mo,19143,schürte
19148,an,an,ADP,ROOT,19148,an
19149,",",--,PUNCT,punct,19148,an
19150,daß,daß,SCONJ,cp,19153,konnte
19151,man,man,PRON,sb,19153,konnte
19152,sehen,sehen,VERB,oc,19153,konnte
19153,konnte,können,AUX,re,19148,an
19154,",",--,PUNCT,punct,19153,konnte
19155,und,und,CCONJ,cd,19153,konnte
19156,Mitidika,Mitidika,PROPN,sb,19157,bezeugte
19157,bezeugte,bezeugen,VERB,cj,19155,und
19158,die,der,DET,nk,19160,Freude
19159,größte,groß,ADJ,nk,19160,Freude
19160,Freude,Freude,NOUN,sb,19157,bezeugte
19161,",",--,PUNCT,punct,19160,Freude
19162,daß,daß,SCONJ,cp,19163,Tonerl
19163,Tonerl,Tonerl,PROPN,ROOT,19163,Tonerl
19164,",",--,PUNCT,punct,19163,Tonerl
19165,die,der,DET,nk,19173,Mann
19166,in,in,ADP,mo,19173,Mann
19167,einem,ein,DET,nk,19170,Kleide
19168,ganz,ganz,ADV,mo,19169,ähnlichen
19169,ähnlichen,ähnlich,ADJ,nk,19170,Kleide
19170,Kleide,Kleide,NOUN,nk,19166,in
19171,wie,wie,ADP,cm,19173,Mann
19172,ihr,ihr,DET,nk,19173,Mann
19173,Mann,Mann,NOUN,ROOT,19173,Mann
19174,von,von,ADP,mnr,19173,Mann
19175,Stuhlweißenburg,Stuhlweißenburg,PROPN,nk,19174,von
19176,mit,mit,ADP,mnr,19173,Mann
19177,ihr,ihr,PRON,nk,19176,mit
19178,diesem,dieser,PRON,da,19179,entgegengereist
19179,entgegengereist,entgengereisen,VERB,pd,19180,war
19180,war,sein,AUX,ROOT,19180,war
19181,",",--,PUNCT,punct,19180,war
19182,ihn,ihn,PRON,oa,19184,gefunden
19183,endlich,endlich,ADV,mo,19184,gefunden
19184,gefunden,finden,VERB,oc,19185,habe
19185,habe,haben,AUX,sb,19180,war
19186,",",--,PUNCT,punct,19185,habe
19187,nachdem,nachdem,SCONJ,cp,19188,sie
19188,sie,sie,PRON,ROOT,19188,sie
19189,zu,zu,ADP,mnr,19188,sie
19190,ihrem,ihr,DET,nk,19189,zu
19191,großen,groß,ADJ,nk,19192,Schrecken
19192,Schrecken,Schrecken,NOUN,ROOT,19192,Schrecken
19193,von,von,ADP,pg,19192,Schrecken
19194,dem,der,DET,nk,19196,Wehmüller
19195,falschen,falsch,ADJ,nk,19196,Wehmüller
19196,Wehmüller,Wehmüller,NOUN,nk,19193,von
19197,in,in,ADP,mnr,19196,Wehmüller
19198,dem,der,DET,nk,19199,Dorfe
19199,Dorfe,Dorfe,NOUN,nk,19197,in
19200,",",--,PUNCT,punct,19199,Dorfe
19201,das,der,PRON,punct,19192,Schrecken
19202,man,man,PRON,dep,19192,Schrecken
19203,wegen,wegen,ADP,mnr,19192,Schrecken
19204,Pestverdacht,Pestverdacht,NOUN,sb,19205,eingeschlossen
19205,eingeschlossen,einschließen,VERB,oc,19210,war
19206,",",--,PUNCT,punct,19210,war
19207,sehr,sehr,ADV,mo,19208,geplagt
19208,geplagt,plagen,VERB,oc,19209,worden
19209,worden,werden,AUX,oc,19210,war
19210,war,sein,AUX,ROOT,19210,war
19211,",",--,PUNCT,punct,19210,war
19212,ohne,ohne,SCONJ,mo,19205,eingeschlossen
19213,sich,sich,PRON,nk,19212,ohne
19214,ihm,ihm,PRON,da,19215,als
19215,als,als,ADP,mnr,19213,sich
19216,Wehmüllers,Wehmüller,PROPN,ag,19217,Weib
19217,Weib,Weib,NOUN,oa,19219,entdecken
19218,zu,zu,PART,pm,19219,entdecken
19219,entdecken,entdecken,VERB,ROOT,19219,entdecken
19220,",",--,PUNCT,punct,19219,entdecken
19221,denn,denn,CCONJ,cd,19219,entdecken
19222,sie,sie,PRON,sb,19223,war
19223,war,sein,AUX,cj,19221,denn
19224,auf,auf,ADP,mo,19223,war
19225,einen,ein,DET,nk,19227,Paß
19226,alten,alt,ADJ,nk,19227,Paß
19227,Paß,Paß,NOUN,nk,19224,auf
19228,ihres,ihr,DET,nk,19229,Mannes
19229,Mannes,Mann,NOUN,ag,19227,Paß
19230,gereist,reisen,VERB,ROOT,19230,gereist
19231,.,--,PUNCT,punct,19230,gereist
19232,Sie,sie,PRON,sb,19233,hatten
19233,hatten,haben,AUX,ROOT,19233,hatten
19234,sich,sich,PRON,da,19240,erholt
19235,kaum,kaum,ADV,mo,19240,erholt
19236,von,von,ADP,sbp,19240,erholt
19237,der,der,DET,nk,19239,Freude
19238,ersten,erster,ADJ,nk,19239,Freude
19239,Freude,Freude,NOUN,nk,19236,von
19240,erholt,erholen,VERB,oc,19233,hatten
19241,",",--,PUNCT,punct,19240,erholt
19242,als,als,ADP,mo,19244,sagte
19243,Mitidika,Mitidika,NOUN,nk,19242,als
19244,sagte,sagen,VERB,oc,19233,hatten
19245,:,--,PUNCT,punct,19244,sagte
19246,»,--,PUNCT,punct,19233,hatten
19247,Wir,wir,PRON,ROOT,19247,Wir
19248,müssen,müssen,AUX,ROOT,19248,müssen
19249,doch,doch,ADV,mo,19248,müssen
19250,den,der,DET,nk,19252,Wehmüller
19251,falschen,falsch,ADJ,nk,19252,Wehmüller
19252,Wehmüller,Wehmüller,NOUN,oa,19248,müssen
19253,",",--,PUNCT,punct,19252,Wehmüller
19254,der,der,PRON,sb,19258,hat
19255,die,der,DET,nk,19256,Sprache
19256,Sprache,Sprache,NOUN,oa,19257,verloren
19257,verloren,verlieren,VERB,oc,19258,hat
19258,hat,haben,AUX,rc,19252,Wehmüller
19259,",",--,PUNCT,punct,19248,müssen
19260,wieder,wieder,ADV,mo,19248,müssen
19261,zu,zu,PART,svp,19248,müssen
19262,sich,sich,PRON,oa,19263,bringen
19263,bringen,bringen,VERB,ROOT,19263,bringen
19264,.,--,PUNCT,punct,19263,bringen
19265,«,--,PUNCT,punct,19263,bringen
19266,Da,da,SCONJ,cp,19274,war
19267,aber,aber,ADV,mo,19274,war
19268,ihr,ihr,DET,nk,19269,Rütteln
19269,Rütteln,Rütteln,NOUN,sb,19274,war
19270,und,und,CCONJ,cd,19269,Rütteln
19271,Schütteln,schütteln,NOUN,cj,19270,und
19272,ganz,ganz,ADV,mo,19273,vergeblich
19273,vergeblich,vergeblich,ADV,pd,19274,war
19274,war,sein,AUX,mo,19276,sagte
19275,",",--,PUNCT,punct,19276,sagte
19276,sagte,sagen,VERB,ROOT,19276,sagte
19277,sie,sie,PRON,sb,19281,habe
19278,:,--,PUNCT,punct,19281,habe
19279,»,--,PUNCT,punct,19281,habe
19280,Ich,ich,PRON,sb,19281,habe
19281,habe,haben,AUX,ROOT,19281,habe
19282,ein,ein,DET,nk,19284,Mittel
19283,untrüglich,untrüglich,ADV,mo,19284,Mittel
19284,Mittel,Mittel,NOUN,oa,19289,gelernt
19285,von,von,ADP,mnr,19284,Mittel
19286,der,der,DET,nk,19288,Großmutter
19287,seligen,selig,ADJ,nk,19288,Großmutter
19288,Großmutter,Großmutter,NOUN,nk,19285,von
19289,gelernt,lernen,VERB,oc,19281,habe
19290,;,--,PUNCT,punct,19281,habe
19291,das,der,PRON,ROOT,19291,das
19292,Herz,Herz,NOUN,sb,19293,ist
19293,ist,sein,AUX,ROOT,19293,ist
19294,ihm,ihm,PRON,da,19295,gefallen
19295,gefallen,fallen,VERB,oc,19293,ist
19296,",",--,PUNCT,punct,19293,ist
19297,wir,wir,PRON,sb,19298,wollen
19298,wollen,wollen,AUX,cj,19293,ist
19299,es,es,PRON,oa,19302,heraufziehen
19300,ihm,ihm,PRON,da,19302,heraufziehen
19301,wieder,wieder,ADV,mo,19302,heraufziehen
19302,heraufziehen,heraufziehen,VERB,oc,19298,wollen
19303,.,--,PUNCT,punct,19293,ist
19304,«,--,PUNCT,ROOT,19304,«
19305,Da,da,ADV,mo,19306,nahm
19306,nahm,nehmen,VERB,ROOT,19306,nahm
19307,sie,sie,PRON,sb,19306,nahm
19308,ein,ein,ADV,svp,19306,nahm
19309,Schoppenglas,Schoppengla,PROPN,ROOT,19309,Schoppenglas
19310,und,und,CCONJ,cd,19309,Schoppenglas
19311,gab,geben,VERB,cj,19310,und
19312,es,es,PRON,ep,19311,gab
19313,Michaly,Michaly,NOUN,oa,19311,gab
19314,nebst,nebst,ADP,mnr,19313,Michaly
19315,einem,ein,DET,nk,19317,Licht
19316,Endchen,endch,ADJ,nk,19317,Licht
19317,Licht,Licht,NOUN,nk,19314,nebst
19318,–,--,PUNCT,punct,19317,Licht
19319,das,der,PRON,mo,19311,gab
19320,sie,sie,PRON,oa,19311,gab
19321,am,an,ADP,mo,19311,gab
19322,Feuer,Feuer,NOUN,nk,19321,am
19323,anzündete,anzünden,VERB,ROOT,19323,anzündete
19324,–,--,PUNCT,punct,19323,anzündete
19325,und,und,CCONJ,cd,19323,anzündete
19326,einem,ein,DET,nk,19328,Brot
19327,Scheibchen,Scheibche,NOUN,nk,19328,Brot
19328,Brot,Brot,NOUN,cj,19325,und
19329,.,--,PUNCT,punct,19323,anzündete
19330,»,--,PUNCT,punct,19331,Aha
19331,Aha,Aha,PROPN,sb,19334,weiß
19332,",",--,PUNCT,punct,19334,weiß
19333,ich,ich,PRON,sb,19334,weiß
19334,weiß,wissen,VERB,oc,19338,sagte
19335,schon,schon,ADV,mo,19334,weiß
19336,!,--,PUNCT,punct,19334,weiß
19337,«,--,PUNCT,punct,19334,weiß
19338,sagte,sagen,VERB,ROOT,19338,sagte
19339,Michaly,Michaly,NOUN,sb,19338,sagte
19340,und,und,CCONJ,cd,19338,sagte
19341,öffnete,öffnen,VERB,sb,19350,setzte
19342,dem,der,DET,nk,19343,Ohnmächtigen
19343,Ohnmächtigen,Ohnmächtigen,NOUN,da,19341,öffnete
19344,die,der,DET,nk,19345,Weste
19345,Weste,Weste,NOUN,oa,19341,öffnete
19346,über,über,ADP,mnr,19345,Weste
19347,dem,der,DET,nk,19348,Magen
19348,Magen,Magen,NOUN,nk,19346,über
19349,",",--,PUNCT,punct,19350,setzte
19350,setzte,setzen,VERB,ROOT,19350,setzte
19351,ihm,ihm,PRON,da,19350,setzte
19352,das,der,DET,nk,19353,Licht
19353,Licht,Licht,NOUN,oa,19350,setzte
19354,",",--,PUNCT,punct,19350,setzte
19355,auf,auf,ADP,mo,19350,setzte
19356,der,der,DET,nk,19357,Brotscheibe
19357,Brotscheibe,Brotscheibe,NOUN,da,19358,befestigt
19358,befestigt,befestigen,VERB,ROOT,19358,befestigt
19359,",",--,PUNCT,punct,19358,befestigt
19360,auf,auf,ADP,mo,19358,befestigt
19361,den,der,DET,nk,19362,Leib
19362,Leib,Leib,NOUN,nk,19360,auf
19363,und,und,CCONJ,cd,19358,befestigt
19364,stülpte,stülpten,VERB,cj,19363,und
19365,das,der,DET,nk,19366,Glas
19366,Glas,Glas,NOUN,oa,19364,stülpte
19367,darüber,darüber,ADV,mo,19364,stülpte
19368,.,--,PUNCT,punct,19358,befestigt
19369,Das,der,DET,ROOT,19369,Das
19370,brennende,brennend,ADJ,nk,19371,Licht
19371,Licht,Licht,NOUN,sb,19381,machte
19372,",",--,PUNCT,punct,19371,Licht
19373,welches,welcher,PRON,oa,19379,verzehrte
19374,die,der,DET,nk,19375,Luft
19375,Luft,Luft,NOUN,oa,19379,verzehrte
19376,unter,unter,ADP,mo,19379,verzehrte
19377,dem,der,DET,nk,19378,Glas
19378,Glas,Glas,NOUN,nk,19376,unter
19379,verzehrte,verzehren,VERB,rc,19371,Licht
19380,",",--,PUNCT,punct,19381,machte
19381,machte,machen,VERB,ROOT,19381,machte
19382,ihm,ihm,PRON,da,19381,machte
19383,den,der,DET,nk,19384,Leib
19384,Leib,Leib,NOUN,oa,19381,machte
19385,wie,wie,ADV,cm,19386,in
19386,in,in,ADP,mo,19392,aufsteigen
19387,einem,ein,DET,nk,19388,Schröpfkopf
19388,Schröpfkopf,Schröpfkopf,NOUN,nk,19386,in
19389,in,in,ADP,mnr,19388,Schröpfkopf
19390,das,der,DET,nk,19391,Glas
19391,Glas,Glas,NOUN,nk,19389,in
19392,aufsteigen,aufsteigen,VERB,ROOT,19392,aufsteigen
19393,.,--,PUNCT,punct,19392,aufsteigen
19394,Die,der,DET,nk,19396,Gesellschaft
19395,ganze,ganz,ADJ,nk,19396,Gesellschaft
19396,Gesellschaft,Gesellschaft,NOUN,sb,19397,lachte
19397,lachte,lachen,VERB,ROOT,19397,lachte
19398,über,über,ADP,ROOT,19398,über
19399,dieses,dieser,DET,nk,19401,Kunststück
19400,zigeunerische,zigeunerisch,ADJ,nk,19401,Kunststück
19401,Kunststück,Kunststück,NOUN,nk,19398,über
19402,",",--,PUNCT,punct,19401,Kunststück
19403,und,und,CCONJ,cd,19398,über
19404,der,der,DET,nk,19406,Wehmüller
19405,falsche,falsch,ADJ,nk,19406,Wehmüller
19406,Wehmüller,Wehmüller,NOUN,sb,19407,kam
19407,kam,kommen,VERB,cj,19403,und
19408,bald,bald,ADV,mo,19407,kam
19409,zu,zu,ADP,svp,19407,kam
19410,Sinnen,Sinn,NOUN,ROOT,19410,Sinnen
19411,;,--,PUNCT,punct,19410,Sinnen
19412,der,der,DET,nk,19413,echte
19413,echte,echt,ADJ,sb,19414,ging
19414,ging,gehen,VERB,ROOT,19414,ging
19415,auf,auf,ADP,mo,19414,ging
19416,ihn,ihn,PRON,nk,19415,auf
19417,zu,zu,ADP,svp,19414,ging
19418,und,und,CCONJ,cd,19414,ging
19419,sprach,sprechen,VERB,cj,19418,und
19420,:,--,PUNCT,punct,19419,sprach
19421,»,--,PUNCT,punct,19423,sind
19422,Wer,wer,PRON,sb,19423,sind
19423,sind,sein,AUX,oc,19419,sprach
19424,Sie,sie,PRON,pd,19423,sind
19425,",",--,PUNCT,punct,19424,Sie
19426,der,der,PRON,pd,19423,sind
19427,auf,auf,ADP,mnr,19426,der
19428,eine,ein,DET,nk,19427,auf
19429,so,so,ADV,mo,19427,auf
19430,unverschämte,unverschämt,ADJ,nk,19431,Weise
19431,Weise,Weise,NOUN,sb,19432,meinen
19432,meinen,meinen,DET,ROOT,19432,meinen
19433,Namen,Name,NOUN,oa,19434,mißbrauchte
19434,mißbrauchte,mißbrauchen,VERB,oc,19432,meinen
19435,?,--,PUNCT,punct,19432,meinen
19436,«,--,PUNCT,punct,19432,meinen
19437,Da,da,ADV,mo,19438,antwortete
19438,antwortete,antworten,VERB,ROOT,19438,antwortete
19439,der,der,DET,nk,19440,Patient
19440,Patient,Patient,NOUN,sb,19438,antwortete
19441,",",--,PUNCT,punct,19438,antwortete
19442,welchen,welcher,DET,nk,19443,Devillier
19443,Devillier,Devillier,NOUN,sb,19449,festhielten
19444,und,und,CCONJ,cd,19443,Devillier
19445,Michaly,Michaly,NOUN,cj,19444,und
19446,an,an,ADP,mo,19449,festhielten
19447,der,der,DET,nk,19448,Erde
19448,Erde,Erde,NOUN,nk,19446,an
19449,festhielten,festhielten,VERB,ROOT,19449,festhielten
19450,:,--,PUNCT,punct,19449,festhielten
19451,»,--,PUNCT,punct,19454,habe
19452,Was,was,PRON,oa,19454,habe
19453,Guckuck,Guckuck,NOUN,oa,19454,habe
19454,habe,haben,VERB,oc,19449,festhielten
19455,ich,ich,PRON,sb,19454,habe
19456,auf,auf,ADP,ROOT,19456,auf
19457,dem,der,DET,nk,19458,Leib
19458,Leib,Leib,NOUN,nk,19456,auf
19459,?,--,PUNCT,punct,19456,auf
19460,Es,es,PRON,sb,19461,ist
19461,ist,sein,AUX,oc,19471,tun
19462,",",--,PUNCT,punct,19461,ist
19463,als,als,SCONJ,cm,19464,wollten
19464,wollten,wollen,AUX,cc,19461,ist
19465,Sie,sie,PRON,sb,19464,wollten
19466,mir,mir,PRON,da,19469,herausreißen
19467,den,der,DET,nk,19468,Magen
19468,Magen,Magen,NOUN,oa,19469,herausreißen
19469,herausreißen,herausreißen,VERB,oc,19464,wollten
19470,;,--,PUNCT,punct,19461,ist
19471,tun,tun,VERB,ROOT,19471,tun
19472,Sie,sie,PRON,sb,19471,tun
19473,mir,mir,PRON,da,19471,tun
19474,die,der,DET,nk,19476,Laterne
19475,vermaledeite,vermaledeit,ADJ,nk,19476,Laterne
19476,Laterne,Laterne,NOUN,oa,19481,sage
19477,vom,von,ADP,mnr,19476,Laterne
19478,Leibe,Leib,NOUN,nk,19477,vom
19479,",",--,PUNCT,punct,19481,sage
19480,eher,eher,ADV,mo,19481,sage
19481,sage,sagen,VERB,ROOT,19481,sage
19482,ich,ich,PRON,sb,19481,sage
19483,kein,kein,DET,nk,19484,Wort
19484,Wort,Wort,NOUN,oa,19481,sage
19485,;,--,PUNCT,punct,19481,sage
19486,ich,ich,PRON,sb,19487,bin
19487,bin,sein,AUX,ROOT,19487,bin
19488,Wehmüller,Wehmüller,NOUN,pd,19487,bin
19489,und,und,CCONJ,ju,19490,bleibe
19490,bleibe,bleiben,VERB,ROOT,19490,bleibe
19491,Wehmüller,Wehmüller,NOUN,oa,19490,bleibe
19492,!,--,PUNCT,punct,19490,bleibe
19493,«,--,PUNCT,punct,19490,bleibe
19494,–,--,PUNCT,punct,19496,Gut
19495,»,--,PUNCT,punct,19496,Gut
19496,Gut,Gut,ADV,oc,19499,sagte
19497,«,--,PUNCT,punct,19496,Gut
19498,",",--,PUNCT,punct,19499,sagte
19499,sagte,sagen,VERB,ROOT,19499,sagte
19500,Mitidika,Mitidika,PROPN,sb,19499,sagte
19501,",",--,PUNCT,punct,19499,sagte
19502,»,--,PUNCT,punct,19499,sagte
19503,wenn,wenn,SCONJ,cp,19507,bei
19504,du,du,PRON,sb,19507,bei
19505,noch,noch,ADV,mo,19506,nicht
19506,nicht,nicht,PART,ng,19508,Sinnen
19507,bei,bei,ADP,mo,19499,sagte
19508,Sinnen,Sinn,NOUN,nk,19507,bei
19509,bist,sein,AUX,mo,19511,wollen
19510,",",--,PUNCT,punct,19511,wollen
19511,wollen,wollen,AUX,ROOT,19511,wollen
19512,wir,wir,PRON,sb,19511,wollen
19513,dir,dir,PRON,da,19516,eingeben
19514,etwas,etwas,DET,nk,19515,Süßes
19515,Süßes,Süßes,NOUN,oa,19516,eingeben
19516,eingeben,einegben,VERB,oc,19511,wollen
19517,.,--,PUNCT,punct,19511,wollen
19518,«,--,PUNCT,punct,19511,wollen
19519,–,--,PUNCT,punct,19521,Recht
19520,»,--,PUNCT,punct,19521,Recht
19521,Recht,Recht,NOUN,sb,19524,sagte
19522,«,--,PUNCT,punct,19521,Recht
19523,",",--,PUNCT,punct,19524,sagte
19524,sagte,sagen,VERB,ROOT,19524,sagte
19525,Michaly,Michaly,PROPN,sb,19524,sagte
19526,",",--,PUNCT,punct,19524,sagte
19527,»,--,PUNCT,punct,19528,Katzenkot
19528,Katzenkot,Katzenkot,NOUN,ROOT,19528,Katzenkot
19529,mit,mit,ADP,mnr,19528,Katzenkot
19530,Honig,Honig,NOUN,nk,19529,mit
19531,",",--,PUNCT,punct,19530,Honig
19532,Zigeunertheriak,Zigeunertheriak,NOUN,cj,19530,Honig
19533,.,--,PUNCT,punct,19528,Katzenkot
19534,«,--,PUNCT,punct,19528,Katzenkot
19535,Auf,auf,ADP,mo,19538,bekam
19536,dieses,dieser,DET,nk,19537,Rezept
19537,Rezept,Rezept,NOUN,nk,19535,Auf
19538,bekam,bekommen,VERB,ROOT,19538,bekam
19539,der,der,DET,nk,19540,Patient
19540,Patient,Patient,NOUN,sb,19538,bekam
19541,andere,anderer,ADJ,nk,19542,Gesinnung
19542,Gesinnung,Gesinnung,NOUN,sb,19551,laßt
19543,und,und,CCONJ,cd,19542,Gesinnung
19544,sprach,sprechen,VERB,cj,19543,und
19545,:,--,PUNCT,punct,19551,laßt
19546,»,--,PUNCT,punct,19551,laßt
19547,Um,um,SCONJ,mo,19551,laßt
19548,Gottes,Gott,NOUN,nk,19547,Um
19549,willen,willen,ADP,ac,19548,Gottes
19550,",",--,PUNCT,punct,19551,laßt
19551,laßt,lassen,VERB,ROOT,19551,laßt
19552,mich,mich,PRON,oa,19553,aufstehen
19553,aufstehen,aufstehen,VERB,oc,19551,laßt
19554,",",--,PUNCT,punct,19551,laßt
19555,ich,ich,PRON,sb,19556,will
19556,will,wollen,VERB,cj,19551,laßt
19557,alles,alle,PRON,oa,19558,bekennen
19558,bekennen,bekennen,VERB,ROOT,19558,bekennen
19559,!,--,PUNCT,punct,19558,bekennen
19560,Ich,ich,PRON,sb,19561,bin
19561,bin,sein,AUX,ROOT,19561,bin
19562,der,der,DET,nk,19563,Maler
19563,Maler,Maler,NOUN,pd,19561,bin
19564,Froschauer,Froschauer,PROPN,nk,19563,Maler
19565,von,von,ADP,mnr,19563,Maler
19566,Klagenfurt,Klagenfurt,PROPN,nk,19565,von
19567,.,--,PUNCT,punct,19561,bin
19568,«,--,PUNCT,punct,19561,bin
19569,–,--,PUNCT,punct,19572,habe
19570,»,--,PUNCT,punct,19572,habe
19571,Das,der,PRON,oa,19572,habe
19572,habe,haben,AUX,ROOT,19572,habe
19573,ich,ich,PRON,sb,19572,habe
19574,gleich,gleich,ADV,mo,19575,gedacht
19575,gedacht,denken,VERB,oc,19578,sagte
19576,«,--,PUNCT,punct,19575,gedacht
19577,",",--,PUNCT,punct,19578,sagte
19578,sagte,sagen,VERB,ROOT,19578,sagte
19579,Wehmüller,Wehmüller,PROPN,sb,19578,sagte
19580,",",--,PUNCT,punct,19578,sagte
19581,»,--,PUNCT,punct,19583,habe
19582,jetzt,jetzt,ADV,mo,19583,habe
19583,habe,haben,AUX,oc,19578,sagte
19584,ich,ich,PRON,sb,19583,habe
19585,Sie,sie,PRON,oa,19583,habe
19586,in,in,ADP,mo,19583,habe
19587,meinen,mein,DET,nk,19588,Händen
19588,Händen,Hand,NOUN,nk,19586,in
19589,",",--,PUNCT,punct,19583,habe
19590,ich,ich,PRON,sb,19578,sagte
19591,kann,können,AUX,ROOT,19591,kann
19592,Sie,sie,PRON,sb,19591,kann
19593,als,als,ADP,mo,19599,angeben
19594,einen,ein,DET,nk,19595,Falsarius
19595,Falsarius,Falsarius,NOUN,nk,19593,als
19596,bei,bei,ADP,mnr,19595,Falsarius
19597,der,der,DET,nk,19598,Obrigkeit
19598,Obrigkeit,Obrigkeit,NOUN,nk,19596,bei
19599,angeben,angeben,VERB,oc,19591,kann
19600,",",--,PUNCT,punct,19591,kann
19601,aber,aber,CCONJ,cd,19591,kann
19602,ich,ich,PRON,sb,19603,will
19603,will,wollen,AUX,cj,19601,aber
19604,großmütig,großmütig,ADV,oc,19603,will
19605,sein,sein,AUX,ROOT,19605,sein
19606,",",--,PUNCT,punct,19605,sein
19607,wenn,wenn,SCONJ,cp,19613,schwören
19608,Sie,sie,PRON,sb,19613,schwören
19609,mir,mir,PRON,da,19613,schwören
19610,einen,ein,DET,nk,19612,Eid
19611,körperlichen,körperlich,ADJ,nk,19612,Eid
19612,Eid,Eid,PROPN,oa,19613,schwören
19613,schwören,schwören,VERB,mo,19605,sein
19614,:,--,PUNCT,punct,19605,sein
19615,daß,daß,SCONJ,cp,19616,Sie
19616,Sie,sie,PRON,sb,19605,sein
19617,auf,auf,ADP,mnr,19616,Sie
19618,ewige,ewig,ADJ,nk,19619,Tage
19619,Tage,Tag,NOUN,nk,19617,auf
19620,resignieren,resignieren,VERB,nk,19623,Nationalgesichter
19621,",",--,PUNCT,punct,19620,resignieren
19622,ungarische,ungarisch,ADJ,nk,19623,Nationalgesichter
19623,Nationalgesichter,Nationalgesichter,NOUN,ROOT,19623,Nationalgesichter
19624,in,in,ADP,mo,19628,malen
19625,meiner,mein,DET,nk,19626,Manier
19626,Manier,Manier,NOUN,nk,19624,in
19627,zu,zu,PART,pm,19628,malen
19628,malen,malen,VERB,oc,19623,Nationalgesichter
19629,.,--,PUNCT,punct,19623,Nationalgesichter
19630,«,--,PUNCT,punct,19623,Nationalgesichter
19631,–,--,PUNCT,punct,19633,Das
19632,»,--,PUNCT,punct,19633,Das
19633,Das,der,PRON,ROOT,19633,Das
19634,ist,sein,AUX,oc,19639,sagte
19635,sehr,sehr,ADV,mo,19636,hart
19636,hart,hart,ADV,pd,19634,ist
19637,«,--,PUNCT,punct,19634,ist
19638,",",--,PUNCT,punct,19639,sagte
19639,sagte,sagen,VERB,ROOT,19639,sagte
19640,Froschauer,Froschauer,PROPN,sb,19639,sagte
19641,",",--,PUNCT,punct,19639,sagte
19642,»,--,PUNCT,punct,19634,ist
19643,denn,denn,CCONJ,cd,19639,sagte
19644,ich,ich,PRON,sb,19645,habe
19645,habe,haben,AUX,cj,19643,denn
19646,ganz,ganz,ADV,mo,19648,studiert
19647,darauf,darauf,ADV,mo,19648,studiert
19648,studiert,studieren,VERB,oc,19645,habe
19649,und,und,CCONJ,cd,19645,habe
19650,müßte,müssen,AUX,cj,19649,und
19651,verhungern,verhungern,VERB,ROOT,19651,verhungern
19652,;,--,PUNCT,punct,19651,verhungern
19653,den,der,DET,nk,19654,Eid
19654,Eid,Eid,PROPN,oa,19658,schwören
19655,kann,können,AUX,ROOT,19655,kann
19656,ich,ich,PRON,sb,19655,kann
19657,nicht,nicht,PART,ng,19655,kann
19658,schwören,schwören,VERB,oc,19655,kann
19659,.,--,PUNCT,punct,19655,kann
19660,«,--,PUNCT,punct,19655,kann
19661,–,--,PUNCT,punct,19664,ist
19662,»,--,PUNCT,punct,19664,ist
19663,Er,er,PRON,sb,19664,ist
19664,ist,sein,AUX,oc,19669,sagte
19665,noch,noch,ADV,mo,19664,ist
19666,hartnäckig,hartnäckig,ADV,pd,19664,ist
19667,!,--,PUNCT,punct,19664,ist
19668,«,--,PUNCT,punct,19664,ist
19669,sagte,sagen,VERB,ROOT,19669,sagte
19670,Michaly,Michaly,NOUN,ROOT,19670,Michaly
19671,;,--,PUNCT,punct,19670,Michaly
19672,»,--,PUNCT,punct,19673,geschwind
19673,geschwind,geschwind,ADV,rs,19670,Michaly
19674,den,der,DET,nk,19675,Zigeunertheriak
19675,Zigeunertheriak,Zigeunertheriak,NOUN,oa,19673,geschwind
19676,her,her,ADV,svp,19673,geschwind
19677,!,--,PUNCT,punct,19673,geschwind
19678,«,--,PUNCT,punct,19673,geschwind
19679,Und,und,CCONJ,ju,19683,stellte
19680,da,da,SCONJ,cp,19683,stellte
19681,Mitidika,Mitidika,NOUN,sb,19683,stellte
19682,sich,sich,PRON,oa,19683,stellte
19683,stellte,stellen,VERB,ROOT,19683,stellte
19684,",",--,PUNCT,punct,19683,stellte
19685,als,als,ADP,mo,19683,stellte
19686,wolle,wollen,AUX,oc,19692,entschloß
19687,sie,sie,PRON,sb,19686,wolle
19688,ihm,ihm,PRON,da,19690,eingeben
19689,etwas,etwas,PRON,oa,19690,eingeben
19690,eingeben,eingeben,VERB,oc,19686,wolle
19691,",",--,PUNCT,punct,19692,entschloß
19692,entschloß,entschließen,VERB,ROOT,19692,entschloß
19693,er,er,PRON,sb,19692,entschloß
19694,sich,sich,PRON,oa,19692,entschloß
19695,kurz,kurz,ADV,mo,19692,entschloß
19696,und,und,CCONJ,cd,19692,entschloß
19697,schwor,schwor,VERB,cj,19696,und
19698,alles,alle,PRON,oa,19697,schwor
19699,",",--,PUNCT,punct,19697,schwor
19700,was,wer,PRON,oa,19697,schwor
19701,man,man,PRON,dep,19697,schwor
19702,haben,haben,AUX,oc,19703,wollte
19703,wollte,wollen,AUX,ROOT,19703,wollte
19704,",",--,PUNCT,punct,19703,wollte
19705,worauf,worauf,SCONJ,mo,19708,losließen
19706,sie,sie,PRON,sb,19708,losließen
19707,ihn,ihn,PRON,oa,19708,losließen
19708,losließen,losließen,VERB,sb,19703,wollte
19709,und,und,CCONJ,cd,19708,losließen
19710,ihm,ihm,PRON,da,19715,nahmen
19711,die,der,DET,nk,19712,Laterne
19712,Laterne,Laterne,NOUN,oa,19715,nahmen
19713,vom,von,ADP,mo,19715,nahmen
19714,Leib,Leib,NOUN,nk,19713,vom
19715,nahmen,nehmen,VERB,cj,19709,und
19716,.,--,PUNCT,punct,19703,wollte
19717,Die,der,DET,nk,19718,Freude
19718,Freude,Freude,NOUN,sb,19722,ward
19719,und,und,CCONJ,cd,19718,Freude
19720,der,der,DET,nk,19721,Mutwille
19721,Mutwille,Mutwille,NOUN,cj,19719,und
19722,ward,werden,VERB,ROOT,19722,ward
19723,nun,nun,ADV,mo,19722,ward
19724,allgemein,allgemein,ADV,mo,19722,ward
19725,;,--,PUNCT,punct,19722,ward
19726,aber,aber,CCONJ,ju,19729,näherte
19727,der,der,DET,nk,19728,Tag
19728,Tag,Tag,NOUN,sb,19729,näherte
19729,näherte,nähern,VERB,ROOT,19729,näherte
19730,sich,sich,PRON,oa,19729,näherte
19731,",",--,PUNCT,punct,19729,näherte
19732,und,und,CCONJ,cd,19729,näherte
19733,Mitidika,Mitidika,PROPN,sb,19734,rief
19734,rief,rufen,VERB,ROOT,19734,rief
19735,eben,eben,ADV,mo,19734,rief
19736,die,der,DET,nk,19737,Kordonbrecher
19737,Kordonbrecher,Kordonbrecher,NOUN,oa,19734,rief
19738,zusammen,zusammen,ADV,svp,19734,rief
19739,",",--,PUNCT,punct,19734,rief
19740,um,um,SCONJ,cp,19741,mit
19741,mit,mit,ADP,mo,19734,rief
19742,ihrem,ihr,DET,nk,19744,Proviant
19743,erbeuteten,erbeutet,ADJ,nk,19744,Proviant
19744,Proviant,Proviant,NOUN,nk,19741,mit
19745,sich,sich,PRON,oa,19747,zurückzuziehen
19746,dahin,dahin,ADV,mo,19747,zurückzuziehen
19747,zurückzuziehen,zurückziehen,VERB,ROOT,19747,zurückzuziehen
19748,",",--,PUNCT,punct,19747,zurückzuziehen
19749,wo,wo,SCONJ,mo,19752,waren
19750,sie,sie,PRON,sb,19752,waren
19751,hergekommen,hergekommen,ADV,pd,19752,waren
19752,waren,sein,AUX,rc,19747,zurückzuziehen
19753,.,--,PUNCT,punct,19747,zurückzuziehen
19754,Aber,aber,CCONJ,ju,19757,kam
19755,der,der,DET,nk,19756,Vizegespan
19756,Vizegespan,Vizegespan,PROPN,sb,19757,kam
19757,kam,kommen,VERB,ROOT,19757,kam
19758,mit,mit,ADP,ROOT,19758,mit
19759,dem,der,DET,nk,19760,Kroaten
19760,Kroaten,Kroate,NOUN,nk,19758,mit
19761,",",--,PUNCT,punct,19760,Kroaten
19762,dem,der,DET,nk,19763,Feuerwerker
19763,Feuerwerker,Feuerwerker,NOUN,app,19760,Kroaten
19764,",",--,PUNCT,punct,19760,Kroaten
19765,dem,der,DET,nk,19766,Gutsbesitzer
19766,Gutsbesitzer,Gutsbesitzer,NOUN,cj,19760,Kroaten
19767,und,und,CCONJ,cd,19766,Gutsbesitzer
19768,einigen,einiger,DET,nk,19769,Heiducken
19769,Heiducken,Heiduck,NOUN,cj,19767,und
19770,und,und,CCONJ,cd,19758,mit
19771,Panduren,panduren,NOUN,nk,19772,herbei
19772,herbei,herbei,ADV,ROOT,19772,herbei
19773,und,und,CCONJ,cd,19772,herbei
19774,brachte,bringen,VERB,cj,19773,und
19775,die,der,DET,nk,19777,Nachricht
19776,freudige,freudig,ADJ,nk,19777,Nachricht
19777,Nachricht,Nachricht,NOUN,oa,19774,brachte
19778,",",--,PUNCT,punct,19777,Nachricht
19779,daß,daß,SCONJ,cp,19780,sie
19780,sie,sie,PRON,ROOT,19780,sie
19781,gar,gar,ADV,mo,19782,nicht
19782,nicht,nicht,PART,ng,19783,nötig
19783,nötig,nötig,ADV,pd,19780,sie
19784,hätten,haben,AUX,ROOT,19784,hätten
19785,",",--,PUNCT,punct,19784,hätten
19786,sich,sich,PRON,oa,19787,zurückzuziehen
19787,zurückzuziehen,zurückziehen,VERB,oc,19784,hätten
19788,",",--,PUNCT,punct,19784,hätten
19789,denn,denn,CCONJ,cd,19784,hätten
19790,der,der,DET,nk,19791,Kordonkommandant
19791,Kordonkommandant,Kordonkommandant,NOUN,sb,19792,habe
19792,habe,haben,AUX,cj,19789,denn
19793,soeben,soeben,ADV,oc,19792,habe
19794,bekanntgemacht,bekanntgemacht,VERB,ROOT,19794,bekanntgemacht
19795,:,--,PUNCT,punct,19794,bekanntgemacht
19796,nur,nur,ADV,mo,19797,durch
19797,durch,durch,ADP,mo,19799,sei
19798,Mißverständnis,Mißverständnis,NOUN,nk,19797,durch
19799,sei,sein,AUX,oc,19794,bekanntgemacht
19800,das,der,DET,nk,19801,Dorf
19801,Dorf,Dorf,NOUN,sb,19799,sei
19802,",",--,PUNCT,punct,19801,Dorf
19803,in,in,ADP,mo,19799,sei
19804,dem,der,PRON,nk,19803,in
19805,sie,sie,PRON,mo,19803,in
19806,vierzehn,vierzehn,NUM,nk,19807,Tage
19807,Tage,Tag,NOUN,mo,19803,in
19808,blockiert,blockieren,VERB,pd,19809,waren
19809,waren,sein,AUX,ROOT,19809,waren
19810,",",--,PUNCT,punct,19814,eingeschlossen
19811,in,in,ADP,mo,19814,eingeschlossen
19812,den,der,DET,nk,19813,Kordon
19813,Kordon,Kordon,NOUN,nk,19811,in
19814,eingeschlossen,einschließen,VERB,oc,19815,worden
19815,worden,werden,AUX,oc,19809,waren
19816,.,--,PUNCT,punct,19809,waren
19817,Es,es,PRON,sb,19818,solle
19818,solle,sollen,AUX,ROOT,19818,solle
19819,ihnen,ihnen,PRON,da,19818,solle
19820,deshalb,deshalb,ADV,mo,19818,solle
19821,verziehen,verzeihen,VERB,pd,19822,sein
19822,sein,sein,AUX,ROOT,19822,sein
19823,",",--,PUNCT,punct,19822,sein
19824,daß,daß,SCONJ,cp,19828,durchbrachen
19825,sie,sie,PRON,sb,19828,durchbrachen
19826,den,der,DET,nk,19827,Kordon
19827,Kordon,Kordon,NOUN,oa,19828,durchbrachen
19828,durchbrachen,durchbrach,VERB,oc,19821,verziehen
19829,",",--,PUNCT,punct,19828,durchbrachen
19830,wenn,wenn,SCONJ,cp,19831,sie
19831,sie,sie,PRON,mo,19828,durchbrachen
19832,dagegen,dagegen,ADV,mnr,19831,sie
19833,auch,auch,ADV,mo,19834,keine
19834,keine,kein,DET,ROOT,19834,keine
19835,Klage,Klage,NOUN,oa,19839,erheben
19836,über,über,ADP,mnr,19835,Klage
19837,den,der,DET,nk,19838,Irrtum
19838,Irrtum,Irrtum,NOUN,nk,19836,über
19839,erheben,erheben,VERB,oc,19840,wollten
19840,wollten,wollen,AUX,ROOT,19840,wollten
19841,;,--,PUNCT,punct,19840,wollten
19842,der,der,DET,nk,19843,Kordon
19843,Kordon,Kordon,NOUN,sb,19844,habe
19844,habe,haben,AUX,ROOT,19844,habe
19845,sich,sich,PRON,oa,19844,habe
19846,schon,schon,ADV,mo,19847,nach
19847,nach,nach,ADP,mo,19844,habe
19848,einer,ein,DET,nk,19847,nach
19849,andern,anderer,DET,nk,19850,Richtung
19850,Richtung,Richtung,NOUN,da,19851,bewegt
19851,bewegt,bewegen,VERB,ROOT,19851,bewegt
19852,.,--,PUNCT,punct,19851,bewegt
19853,Der,der,DET,nk,19854,Gutsbesitzer
19854,Gutsbesitzer,Gutsbesitzer,NOUN,sb,19855,bestätigte
19855,bestätigte,bestätigen,VERB,ROOT,19855,bestätigte
19856,dies,dieser,PRON,oa,19855,bestätigte
19857,und,und,CCONJ,cd,19855,bestätigte
19858,lud,laden,VERB,cj,19857,und
19859,die,der,PRON,oa,19858,lud
19860,Gesellschaft,Gesellschaft,NOUN,ROOT,19860,Gesellschaft
19861,",",--,PUNCT,punct,19860,Gesellschaft
19862,von,von,ADP,pg,19865,Baciochi
19863,der,der,PRON,nk,19862,von
19864,ihm,ihm,PRON,nk,19865,Baciochi
19865,Baciochi,Baciochi,PROPN,cj,19860,Gesellschaft
19866,",",--,PUNCT,punct,19865,Baciochi
19867,Nanny,Nanny,PROPN,cj,19865,Baciochi
19868,und,und,CCONJ,cd,19867,Nanny
19869,Lindpeindler,Lindpeindler,NOUN,cj,19868,und
19870,so,so,ADV,mo,19871,viel
19871,viel,viel,ADV,pd,19860,Gesellschaft
19872,Interessantes,Interessant,NOUN,sb,19873,erzählten
19873,erzählten,erzählten,VERB,ROOT,19873,erzählten
19874,",",--,PUNCT,punct,19873,erzählten
19875,sämtlich,sämtlich,ADV,mo,19876,nach
19876,nach,nach,ADP,mo,19873,erzählten
19877,seinem,sein,DET,nk,19878,Edelhofe
19878,Edelhofe,Edelhof,NOUN,nk,19876,nach
19879,ein,ein,ADV,svp,19873,erzählten
19880,.,--,PUNCT,punct,19873,erzählten
19881,Die,der,DET,nk,19882,Bauern
19882,Bauern,Bauer,NOUN,ROOT,19882,Bauern
19883,und,und,CCONJ,cd,19882,Bauern
19884,Zigeuner,Zigeuner,NOUN,cj,19883,und
19885,",",--,PUNCT,punct,19882,Bauern
19886,die,der,PRON,nk,19892,Kordon
19887,unter,unter,ADP,mnr,19892,Kordon
19888,der,der,DET,nk,19889,Anführung
19889,Anführung,Anführung,NOUN,nk,19887,unter
19890,Mitidikas,Mitidika,PROPN,ag,19889,Anführung
19891,den,der,DET,nk,19892,Kordon
19892,Kordon,Kordon,NOUN,app,19882,Bauern
19893,durchbrochen,durchbrechen,VERB,oc,19894,hatten
19894,hatten,haben,AUX,sb,19896,waren
19895,",",--,PUNCT,punct,19896,waren
19896,waren,sein,AUX,ROOT,19896,waren
19897,hoch,hoch,ADV,mo,19898,erfreut
19898,erfreut,erfreut,ADV,pd,19896,waren
19899,über,über,ADP,mo,19898,erfreut
19900,diese,dieser,DET,nk,19901,Nachricht
19901,Nachricht,Nachricht,NOUN,nk,19899,über
19902,",",--,PUNCT,punct,19896,waren
19903,dankten,danken,VERB,cj,19896,waren
19904,ihrer,ihr,DET,sb,19903,dankten
19905,Anführerin,Anführerin,NOUN,ROOT,19905,Anführerin
19906,herzlich,herzlich,ADV,pd,19905,Anführerin
19907,und,und,CCONJ,cd,19905,Anführerin
19908,kehrten,kehren,VERB,cj,19907,und
19909,singend,singend,ADV,mo,19908,kehrten
19910,nach,nach,ADP,mo,19908,kehrten
19911,ihrer,ihr,DET,nk,19912,Heimat
19912,Heimat,Heimat,NOUN,nk,19910,nach
19913,zurück,zurück,ADV,svp,19908,kehrten
19914,.,--,PUNCT,punct,19905,Anführerin
19915,Michaly,michaly,VERB,ROOT,19915,Michaly
19916,aber,aber,ADV,mo,19915,Michaly
19917,nahm,nehmen,VERB,ROOT,19917,nahm
19918,seine,sein,DET,nk,19919,Violine
19919,Violine,Violin,NOUN,oa,19917,nahm
19920,und,und,CCONJ,cd,19917,nahm
19921,spielte,spielen,VERB,cj,19920,und
19922,lustig,lustig,ADV,mo,19921,spielte
19923,vor,vor,ADP,mo,19921,spielte
19924,der,der,DET,nk,19925,Gesellschaft
19925,Gesellschaft,Gesellschaft,NOUN,nk,19923,vor
19926,her,her,ADV,svp,19921,spielte
19927,",",--,PUNCT,punct,19921,spielte
19928,die,der,PRON,dep,19917,nahm
19929,dem,der,PRON,nk,19928,die
19930,Edelmanne,Edelmanne,NOUN,sb,19931,folgte
19931,folgte,folgen,VERB,ROOT,19931,folgte
19932,.,--,PUNCT,punct,19931,folgte
19933,Unterwegs,unterwegs,ADV,mo,19934,gab
19934,gab,geben,VERB,ROOT,19934,gab
19935,es,es,PRON,ep,19934,gab
19936,viele,vieler,DET,nk,19937,Aufklärungen
19937,Aufklärungen,Aufklärung,NOUN,oa,19934,gab
19938,und,und,CCONJ,cd,19937,Aufklärungen
19939,Herzensergießungen,Herzensergießunge,NOUN,cj,19938,und
19940,.,--,PUNCT,punct,19934,gab
19941,Devillier,Devillier,NOUN,sb,19944,hatten
19942,und,und,CCONJ,cd,19941,Devillier
19943,Mitidika,Mitidika,NOUN,cj,19942,und
19944,hatten,haben,AUX,ROOT,19944,hatten
19945,ihre,ihr,DET,nk,19946,Neigung
19946,Neigung,Neigung,NOUN,oa,19949,erneuert
19947,bald,bald,ADV,mo,19949,erneuert
19948,zärtlich,zärtlich,ADV,mo,19949,erneuert
19949,erneuert,erneuern,VERB,oc,19944,hatten
19950,und,und,CCONJ,cd,19949,erneuert
19951,gingen,gehen,VERB,cj,19950,und
19952,Arm,Arm,NOUN,ROOT,19952,Arm
19953,in,in,ADP,mnr,19952,Arm
19954,Arm,Arm,NOUN,nk,19953,in
19955,;,--,PUNCT,punct,19952,Arm
19956,dann,dann,ADV,mo,19958,folgten
19957,aber,aber,ADV,mo,19958,folgten
19958,folgten,folgen,VERB,ROOT,19958,folgten
19959,die,der,DET,nk,19961,Wehmüller
19960,drei,drei,NUM,nk,19961,Wehmüller
19961,Wehmüller,Wehmüller,NOUN,sb,19958,folgten
19962,",",--,PUNCT,punct,19961,Wehmüller
19963,Tonerl,Tonerl,NOUN,app,19961,Wehmüller
19964,in,in,ADP,mnr,19963,Tonerl
19965,der,der,DET,nk,19966,Mitte
19966,Mitte,Mitte,NOUN,nk,19964,in
19967,",",--,PUNCT,punct,19958,folgten
19968,und,und,CCONJ,cd,19958,folgten
19969,die,der,PRON,cj,19968,und
19970,andern,anderer,PRON,sb,19971,gingen
19971,gingen,gehen,VERB,ROOT,19971,gingen
19972,hintendrein,hintendrein,ADV,mo,19971,gingen
19973,über,über,ADP,mo,19971,gingen
19974,das,der,DET,nk,19975,Stoppelfeld
19975,Stoppelfeld,Stoppelfeld,NOUN,nk,19973,über
19976,.,--,PUNCT,punct,19971,gingen
19977,Mitidika,Mitidika,PROPN,sb,19978,sagte
19978,sagte,sagen,VERB,ROOT,19978,sagte
19979,",",--,PUNCT,punct,19978,sagte
19980,daß,daß,SCONJ,cp,19981,sie
19981,sie,sie,PRON,oc,19978,sagte
19982,Tonerl,Tonerl,PROPN,nk,19981,sie
19983,in,in,ADP,mo,19985,kennengelernt
19984,Stuhlweißenburg,Stuhlweißenburg,PROPN,nk,19983,in
19985,kennengelernt,kennenlernen,VERB,ROOT,19985,kennengelernt
19986,",",--,PUNCT,punct,19985,kennengelernt
19987,die,der,PRON,sb,19990,bekümmert
19988,",",--,PUNCT,punct,19990,bekümmert
19989,sehr,sehr,ADV,mo,19990,bekümmert
19990,bekümmert,bekümmert,ADV,rc,19984,Stuhlweißenburg
19991,über,über,ADP,mo,19990,bekümmert
19992,das,der,DET,nk,19993,Ausbleiben
19993,Ausbleiben,ausbleiben,NOUN,nk,19991,über
19994,ihres,ihr,DET,punct,19993,Ausbleiben
19995,Mannes,Mann,PROPN,ROOT,19995,Mannes
19996,",",--,PUNCT,punct,19995,Mannes
19997,eine,ein,DET,nk,19998,Reisegesellschaft
19998,Reisegesellschaft,Reisegesellschaft,NOUN,app,19995,Mannes
19999,nach,nach,ADP,mnr,19998,Reisegesellschaft
20000,Kroatien,Kroatien,PROPN,nk,19999,nach
20001,gesucht,suchen,VERB,oc,19995,Mannes
20002,",",--,PUNCT,punct,19995,Mannes
20003,und,und,CCONJ,cd,19995,Mannes
20004,da,da,SCONJ,cj,20003,und
20005,sie,sie,PRON,mo,20004,da
20006,selbst,selbst,ADV,mnr,20005,sie
20007,",",--,PUNCT,punct,20005,sie
20008,nach,nach,ADP,mo,20004,da
20009,dem,der,DET,nk,20010,Tode
20010,Tode,Tod,NOUN,da,20022,hätten
20011,ihrer,ihr,DET,nk,20012,Großmutter
20012,Großmutter,Großmutter,NOUN,ag,20010,Tode
20013,",",--,PUNCT,punct,20012,Großmutter
20014,zu,zu,ADP,mo,20020,wollen
20015,ihrem,ihr,DET,nk,20016,Bruder
20016,Bruder,Bruder,NOUN,nk,20014,zu
20017,Michaly,Michaly,NOUN,sb,20018,habe
20018,habe,haben,AUX,oc,20012,Großmutter
20019,ziehen,ziehen,VERB,oc,20020,wollen
20020,wollen,wollen,AUX,oc,20018,habe
20021,",",--,PUNCT,punct,20022,hätten
20022,hätten,haben,AUX,ROOT,20022,hätten
20023,sie,sie,PRON,sb,20025,entschlossen
20024,sich,sich,PRON,oa,20025,entschlossen
20025,entschlossen,entschlossen,VERB,ROOT,20025,entschlossen
20026,",",--,PUNCT,punct,20025,entschlossen
20027,zusammen,zusammen,ADV,mo,20029,reisen
20028,zu,zu,PART,pm,20029,reisen
20029,reisen,Reise,VERB,oc,20025,entschlossen
20030,in,in,ADP,mnr,20029,reisen
20031,männlicher,männlich,ADJ,nk,20032,Kleidung
20032,Kleidung,Kleidung,NOUN,nk,20030,in
20033,.,--,PUNCT,punct,20025,entschlossen
20034,Frau,Frau,NOUN,ROOT,20034,Frau
20035,Tonerl,Tonerl,PROPN,nk,20034,Frau
20036,sei,sein,AUX,ROOT,20036,sei
20037,in,in,ADP,mo,20036,sei
20038,einem,ein,DET,nk,20039,Habit
20039,Habit,Habit,NOUN,nk,20037,in
20040,ihres,ihr,DET,nk,20041,Mannes
20041,Mannes,Mann,NOUN,ag,20039,Habit
20042,und,und,CCONJ,cd,20036,sei
20043,sie,sie,PRON,oa,20047,gereist
20044,als,als,ADP,mo,20047,gereist
20045,ungarischer,ungarisch,ADJ,nk,20046,Arzneihändler
20046,Arzneihändler,Arzneihändler,NOUN,nk,20044,als
20047,gereist,reisen,VERB,cj,20042,und
20048,",",--,PUNCT,punct,20036,sei
20049,bis,bis,SCONJ,cp,20060,seien
20050,sie,sie,PRON,sb,20060,seien
20051,in,in,ADP,mo,20058,eingeschlossen
20052,dem,der,DET,nk,20053,Dorfe
20053,Dorfe,Dorfe,NOUN,nk,20051,in
20054,plötzlich,plötzlich,ADV,mo,20058,eingeschlossen
20055,von,von,ADP,sbp,20058,eingeschlossen
20056,dem,der,DET,nk,20057,Kordon
20057,Kordon,Kordon,NOUN,nk,20055,von
20058,eingeschlossen,einschließen,VERB,oc,20059,worden
20059,worden,werden,AUX,oc,20060,seien
20060,seien,sein,AUX,ROOT,20060,seien
20061,",",--,PUNCT,punct,20060,seien
20062,wo,wo,SCONJ,par,20050,sie
20063,sie,sie,PRON,ROOT,20063,sie
20064,auch,auch,ADV,mo,20065,Froschauer
20065,Froschauer,Froschauer,PROPN,ROOT,20065,Froschauer
20066,unter,unter,ADP,mnr,20065,Froschauer
20067,dem,der,DET,nk,20068,Namen
20068,Namen,Name,NOUN,nk,20066,unter
20069,Wehmüller,Wehmüller,NOUN,nk,20068,Namen
20070,ganz,ganz,ADV,mo,20071,in
20071,in,in,ADP,mnr,20065,Froschauer
20072,derselben,derselbe,DET,nk,20073,Kleidung
20073,Kleidung,Kleidung,NOUN,nk,20071,in
20074,vorgefunden,vorgefunden,VERB,ROOT,20074,vorgefunden
20075,",",--,PUNCT,punct,20074,vorgefunden
20076,was,wer,PRON,oa,20082,erschreckt
20077,die,der,DET,nk,20079,Tonerl
20078,arme,arm,ADJ,nk,20079,Tonerl
20079,Tonerl,Tonerl,NOUN,sb,20083,habe
20080,nicht,nicht,PART,ng,20082,erschreckt
20081,wenig,wenig,ADV,mo,20082,erschreckt
20082,erschreckt,erschreckt,VERB,oc,20083,habe
20083,habe,haben,AUX,oc,20074,vorgefunden
20084,.,--,PUNCT,punct,20074,vorgefunden
20085,Nach,nach,ADP,ROOT,20085,Nach
20086,vierzehn,vierzehn,NUM,nk,20085,Nach
20087,Tagen,Tag,NOUN,pd,20088,sei
20088,sei,sein,AUX,ROOT,20088,sei
20089,die,der,DET,nk,20090,Ungeduld
20090,Ungeduld,Ungeduld,NOUN,sb,20088,sei
20091,und,und,CCONJ,cd,20090,Ungeduld
20092,der,der,DET,nk,20093,Mangel
20093,Mangel,Mangel,NOUN,cj,20091,und
20094,der,der,DET,nk,20095,Einwohner
20095,Einwohner,Einwohner,NOUN,ag,20093,Mangel
20096,",",--,PUNCT,punct,20093,Mangel
20097,die,der,PRON,dep,20088,sei
20098,wohl,wohl,ADV,mo,20099,Hunger
20099,Hunger,Hunger,NOUN,pd,20088,sei
20100,",",--,PUNCT,punct,20099,Hunger
20101,aber,aber,CCONJ,cd,20099,Hunger
20102,keine,kein,DET,nk,20103,Pest
20103,Pest,Pest,NOUN,sb,20104,gehabt
20104,gehabt,haben,VERB,ROOT,20104,gehabt
20105,",",--,PUNCT,punct,20104,gehabt
20106,über,über,ADP,mo,20109,gestiegen
20107,alle,aller,DET,nk,20108,Grenzen
20108,Grenzen,Grenze,NOUN,nk,20106,über
20109,gestiegen,steigen,VERB,oc,20104,gehabt
20110,",",--,PUNCT,punct,20104,gehabt
20111,und,und,CCONJ,cd,20104,gehabt
20112,so,so,ADV,mo,20113,habe
20113,habe,haben,AUX,cj,20111,und
20114,sie,sie,PRON,sb,20113,habe
20115,sich,sich,PRON,oa,20113,habe
20116,an,an,ADP,mo,20113,habe
20117,ihre,ihr,DET,ROOT,20117,ihre
20118,Spitze,Spitze,NOUN,mo,20119,gesetzt
20119,gesetzt,setzen,VERB,ROOT,20119,gesetzt
20120,und,und,CCONJ,cd,20119,gesetzt
20121,den,der,DET,nk,20122,Kordon
20122,Kordon,Kordon,NOUN,oa,20123,durchbrochen
20123,durchbrochen,durchbrechen,VERB,cj,20120,und
20124,;,--,PUNCT,punct,20119,gesetzt
20125,das,der,PRON,sb,20126,sei
20126,sei,sein,AUX,ROOT,20126,sei
20127,ihr,ihr,PRON,da,20126,sei
20128,aber,aber,ADV,mo,20126,sei
20129,gar,gar,ADV,mo,20130,leicht
20130,leicht,leicht,ADV,pd,20126,sei
20131,geworden,werden,AUX,ROOT,20131,geworden
20132,",",--,PUNCT,punct,20131,geworden
20133,denn,denn,CCONJ,cd,20131,geworden
20134,die,der,DET,nk,20135,Kordonisten
20135,Kordonisten,Kordonist,NOUN,sb,20136,wären
20136,wären,sein,AUX,cj,20133,denn
20137,",",--,PUNCT,punct,20136,wären
20138,aus,aus,ADP,mo,20141,angesteckt
20139,Furcht,Furcht,NOUN,nk,20138,aus
20140,",",--,PUNCT,punct,20141,angesteckt
20141,angesteckt,anstecken,VERB,oc,20143,werden
20142,zu,zu,PART,pm,20143,werden
20143,werden,werden,AUX,cj,20133,denn
20144,",",--,PUNCT,punct,20143,werden
20145,gleich,gleich,ADV,ROOT,20145,gleich
20146,ausgerissen,ausgerissen,VERB,ROOT,20146,ausgerissen
20147,",",--,PUNCT,punct,20146,ausgerissen
20148,als,als,SCONJ,cp,20155,erschien
20149,sie,sie,PRON,sb,20155,erschien
20150,mit,mit,ADP,mo,20155,erschien
20151,ihrem,ihr,DET,nk,20152,Haufen
20152,Haufen,Haufen,NOUN,nk,20150,mit
20153,unter,unter,ADP,mo,20155,erschien
20154,ihnen,ihnen,PRON,nk,20153,unter
20155,erschien,erscheinen,VERB,mo,20146,ausgerissen
20156,.,--,PUNCT,punct,20146,ausgerissen
20157,Nun,nun,ADV,mo,20158,mußte
20158,mußte,müssen,AUX,ROOT,20158,mußte
20159,Froschauer,Froschauer,PROPN,sb,20158,mußte
20160,erzählen,erzählen,VERB,oc,20158,mußte
20161,;,--,PUNCT,punct,20158,mußte
20162,er,er,PRON,sb,20163,war
20163,war,sein,AUX,ROOT,20163,war
20164,eigentlich,eigentlich,ADV,mo,20163,war
20165,ein,ein,DET,nk,20167,Schelm
20166,guter,gut,ADJ,nk,20167,Schelm
20167,Schelm,Schelm,NOUN,pd,20163,war
20168,und,und,CCONJ,cd,20163,war
20169,sagte,sagen,VERB,cj,20168,und
20170,:,--,PUNCT,punct,20169,sagte
20171,»,--,PUNCT,punct,20173,Herr
20172,Lieber,lieb,ADJ,nk,20173,Herr
20173,Herr,Herr,NOUN,ROOT,20173,Herr
20174,Wehmüller,Wehmüller,NOUN,nk,20173,Herr
20175,",",--,PUNCT,punct,20173,Herr
20176,ich,ich,PRON,sb,20177,will
20177,will,wollen,AUX,cj,20173,Herr
20178,Ihnen,ihnen,PRON,da,20181,sagen
20179,die,der,DET,nk,20180,Wahrheit
20180,Wahrheit,Wahrheit,NOUN,oa,20181,sagen
20181,sagen,sagen,VERB,oc,20177,will
20182,;,--,PUNCT,punct,20173,Herr
20183,der,der,DET,nk,20184,Spaß
20184,Spaß,Spaß,NOUN,sb,20185,kostet
20185,kostet,kosten,VERB,ROOT,20185,kostet
20186,mich,mich,PRON,oa,20185,kostet
20187,fünfundzwanzig,fünfundzwanzig,ADV,mo,20188,Dukaten
20188,Dukaten,Dukat,NOUN,ROOT,20188,Dukaten
20189,und,und,CCONJ,cd,20188,Dukaten
20190,meine,mein,DET,nk,20191,Braut
20191,Braut,Braut,NOUN,cj,20189,und
20192,.,--,PUNCT,punct,20188,Dukaten
20193,Ich,ich,PRON,sb,20194,bin
20194,bin,sein,AUX,ROOT,20194,bin
20195,der,der,DET,nk,20196,Maler
20196,Maler,Maler,NOUN,pd,20194,bin
20197,Froschauer,Froschauer,PROPN,nk,20196,Maler
20198,von,von,ADP,mo,20194,bin
20199,Klagenfurt,Klagenfurt,PROPN,ROOT,20199,Klagenfurt
20200,und,und,CCONJ,cd,20199,Klagenfurt
20201,liebe,lieben,VERB,cj,20200,und
20202,die,der,DET,nk,20203,Tochter
20203,Tochter,Tochter,NOUN,oa,20201,liebe
20204,eines,ein,DET,nk,20205,Fleischhauers
20205,Fleischhauers,Fleischhauer,NOUN,ag,20203,Tochter
20206,;,--,PUNCT,punct,20199,Klagenfurt
20207,das,der,DET,nk,20208,Mädchen
20208,Mädchen,Mädchen,NOUN,sb,20210,wählte
20209,aber,aber,ADV,mo,20210,wählte
20210,wählte,wählen,VERB,ROOT,20210,wählte
20211,immer,immer,ADV,mo,20212,zwischen
20212,zwischen,zwischen,ADP,ROOT,20212,zwischen
20213,mir,mir,PRON,nk,20212,zwischen
20214,und,und,CCONJ,cd,20213,mir
20215,einem,ein,DET,nk,20217,Siebmacher
20216,wohlhabenden,wohlhabend,ADJ,nk,20217,Siebmacher
20217,Siebmacher,Siebmacher,NOUN,cj,20214,und
20218,",",--,PUNCT,punct,20213,mir
20219,der,der,PRON,sb,20223,freite
20220,auch,auch,ADV,mo,20221,um
20221,um,um,ADP,op,20223,freite
20222,sie,sie,PRON,nk,20221,um
20223,freite,freiten,VERB,rc,20213,mir
20224,.,--,PUNCT,punct,20212,zwischen
20225,Er,er,PRON,sb,20226,setzte
20226,setzte,setzen,VERB,ROOT,20226,setzte
20227,dem,der,DET,nk,20228,Vater
20228,Vater,Vater,NOUN,da,20226,setzte
20229,des,der,DET,nk,20230,Mädchens
20230,Mädchens,Mädchen,NOUN,ag,20228,Vater
20231,in,in,ADP,mo,20226,setzte
20232,den,der,DET,nk,20233,Kopf
20233,Kopf,Kopf,NOUN,nk,20231,in
20234,:,--,PUNCT,punct,20226,setzte
20235,es,es,PRON,sb,20236,sei
20236,sei,sein,AUX,oc,20226,setzte
20237,in,in,ADP,mo,20236,sei
20238,den,der,DET,nk,20239,kaiserlichen
20239,kaiserlichen,kaiserlich,ADJ,nk,20237,in
20240,Erblanden,erblanden,NOUN,ROOT,20240,Erblanden
20241,kein,kein,DET,nk,20242,Maler
20242,Maler,Maler,NOUN,pd,20240,Erblanden
20243,",",--,PUNCT,punct,20242,Maler
20244,der,der,PRON,sb,20248,könne
20245,eine,ein,DET,nk,20246,Frau
20246,Frau,Frau,NOUN,oa,20247,ernähren
20247,ernähren,ernähren,VERB,oc,20248,könne
20248,könne,können,AUX,rc,20242,Maler
20249,",",--,PUNCT,punct,20242,Maler
20250,und,und,CCONJ,cd,20242,Maler
20251,der,der,DET,nk,20253,Genie
20252,überhaupt,überhaupt,ADV,mo,20253,Genie
20253,Genie,Genie,NOUN,cj,20250,und
20254,habe,haben,AUX,ROOT,20254,habe
20255,",",--,PUNCT,punct,20254,habe
20256,als,als,SCONJ,cm,20258,Wehmüller
20257,der,der,DET,nk,20258,Wehmüller
20258,Wehmüller,Wehmüller,NOUN,mo,20254,habe
20259,in,in,ADP,mnr,20258,Wehmüller
20260,Wien,Wien,PROPN,nk,20259,in
20261,",",--,PUNCT,punct,20258,Wehmüller
20262,der,der,PRON,sb,20266,male
20263,die,der,DET,nk,20265,Nationalgesichter
20264,ungarischen,ungarisch,ADJ,nk,20265,Nationalgesichter
20265,Nationalgesichter,Nationalgesichter,NOUN,oa,20266,male
20266,male,mal,ADJ,rc,20258,Wehmüller
20267,",",--,PUNCT,punct,20258,Wehmüller
20268,und,und,CCONJ,ju,20274,gehe
20269,der,der,DET,sb,20274,gehe
20270,so,so,ADV,mo,20274,gehe
20271,und,und,CCONJ,cd,20270,so
20272,so,so,ADV,mo,20273,gekleidet
20273,gekleidet,kleiden,ADV,cj,20271,und
20274,gehe,gehen,VERB,ROOT,20274,gehe
20275,;,--,PUNCT,punct,20274,gehe
20276,dabei,dabei,ADV,mo,20277,hörte
20277,hörte,hören,VERB,ROOT,20277,hörte
20278,er,er,PRON,sb,20277,hörte
20279,nicht,nicht,PART,ng,20277,hörte
20280,auf,auf,ADP,svp,20277,hörte
20281,",",--,PUNCT,punct,20277,hörte
20282,von,von,ADP,op,20277,hörte
20283,Ihnen,ihnen,PRON,nk,20282,von
20284,und,und,CCONJ,cd,20283,Ihnen
20285,Ihrer,ihr,DET,cj,20284,und
20286,Arbeit,Arbeit,NOUN,oa,20288,reden
20287,zu,zu,PART,pm,20288,reden
20288,reden,reden,VERB,ROOT,20288,reden
20289,",",--,PUNCT,punct,20288,reden
20290,so,so,ADV,mo,20294,Fleischhauer
20291,daß,daß,SCONJ,mo,20290,so
20292,der,der,DET,nk,20294,Fleischhauer
20293,alte,alt,ADJ,nk,20294,Fleischhauer
20294,Fleischhauer,Fleischhauer,NOUN,sb,20288,reden
20295,und,und,CCONJ,cd,20294,Fleischhauer
20296,seine,sein,DET,nk,20297,Tochter
20297,Tochter,Tochter,NOUN,cj,20295,und
20298,mir,mir,PRON,dep,20294,Fleischhauer
20299,endlich,endlich,ADV,mo,20288,reden
20300,erklärten,erklären,VERB,ROOT,20300,erklärten
20301,:,--,PUNCT,punct,20300,erklärten
20302,sie,sie,PRON,sb,20303,würden
20303,würden,werden,AUX,oc,20300,erklärten
20304,den,der,DET,nk,20305,Siebmacher
20305,Siebmacher,Siebmacher,NOUN,oa,20306,vorziehen
20306,vorziehen,vorziehen,VERB,oc,20303,würden
20307,",",--,PUNCT,punct,20306,vorziehen
20308,wenn,wenn,SCONJ,cp,20313,den
20309,ich,ich,PRON,nk,20310,Ihnen
20310,Ihnen,ihnen,PRON,da,20313,den
20311,in,in,ADP,mnr,20310,Ihnen
20312,Ungarn,Ungarn,PROPN,nk,20311,in
20313,den,der,DET,ROOT,20313,den
20314,Rang,Rang,NOUN,oa,20316,abliefe
20315,nicht,nicht,PART,ng,20316,abliefe
20316,abliefe,abliefe,VERB,ROOT,20316,abliefe
20317,",",--,PUNCT,punct,20316,abliefe
20318,und,und,CCONJ,cd,20316,abliefe
20319,nun,nun,ADV,mo,20320,wettete
20320,wettete,wetten,VERB,cj,20318,und
20321,ich,ich,PRON,sb,20320,wettete
20322,mit,mit,ADP,mo,20320,wettete
20323,dem,der,DET,nk,20324,Siebmacher
20324,Siebmacher,Siebmacher,NOUN,nk,20322,mit
20325,:,--,PUNCT,punct,20320,wettete
20326,daß,daß,SCONJ,cp,20329,in
20327,ich,ich,PRON,sb,20329,in
20328,ihm,ihm,PRON,oa,20329,in
20329,in,in,ADP,mo,20320,wettete
20330,Jahr,Jahr,NOUN,nk,20329,in
20331,und,und,CCONJ,da,20335,abtreten
20332,Tag,Tag,NOUN,cj,20331,und
20333,das,der,DET,nk,20334,Mädchen
20334,Mädchen,Mädchen,NOUN,oa,20335,abtreten
20335,abtreten,abtreten,VERB,oc,20342,wollte
20336,und,und,CCONJ,cd,20335,abtreten
20337,noch,noch,ADV,mo,20338,fünfundzwanzig
20338,fünfundzwanzig,fünfundzwanzig,ADV,mo,20341,geben
20339,Dukaten,Dukat,NOUN,oa,20341,geben
20340,dazu,dazu,ADV,mo,20341,geben
20341,geben,geben,VERB,cj,20336,und
20342,wollte,wollen,AUX,ROOT,20342,wollte
20343,",",--,PUNCT,punct,20342,wollte
20344,wenn,wenn,SCONJ,cp,20351,könne
20345,ich,ich,PRON,sb,20351,könne
20346,Ihnen,ihnen,PRON,da,20350,ablaufen
20347,den,der,DET,nk,20348,Rang
20348,Rang,Rang,NOUN,oa,20350,ablaufen
20349,nicht,nicht,PART,ng,20351,könne
20350,ablaufen,ablaufen,VERB,oc,20351,könne
20351,könne,können,AUX,ROOT,20351,könne
20352,.,--,PUNCT,punct,20351,könne
20353,Ich,ich,PRON,sb,20354,reiste
20354,reiste,reisen,VERB,ROOT,20354,reiste
20355,nach,nach,ADP,mo,20354,reiste
20356,Wien,Wien,PROPN,nk,20355,nach
20357,und,und,CCONJ,cd,20355,nach
20358,nach,nach,ADP,cj,20357,und
20359,Ungarn,Ungar,PROPN,sb,20361,forschte
20360,",",--,PUNCT,punct,20361,forschte
20361,forschte,forschen,VERB,ROOT,20361,forschte
20362,nach,nach,ADP,mo,20361,forschte
20363,allen,aller,DET,nk,20365,Bildern
20364,Ihren,ihr,DET,nk,20365,Bildern
20365,Bildern,Bild,NOUN,nk,20362,nach
20366,und,und,CCONJ,cd,20361,forschte
20367,warf,werfen,VERB,cj,20366,und
20368,mich,mich,PRON,oa,20367,warf
20369,so,so,ADV,mo,20367,warf
20370,in,in,ADP,mo,20367,warf
20371,Ihre,ihr,DET,nk,20372,Manier
20372,Manier,Manier,NOUN,nk,20370,in
20373,",",--,PUNCT,punct,20367,warf
20374,daß,daß,SCONJ,ROOT,20374,daß
20375,man,man,PRON,sb,20381,konnte
20376,unsre,unsr,ADJ,nk,20377,Bilder
20377,Bilder,Bild,NOUN,oa,20380,unterscheiden
20378,nicht,nicht,PART,ng,20381,konnte
20379,mehr,mehr,ADV,mo,20378,nicht
20380,unterscheiden,unterscheiden,VERB,oc,20381,konnte
20381,konnte,können,AUX,ROOT,20381,konnte
20382,.,--,PUNCT,punct,20381,konnte
20383,Da,da,SCONJ,cp,20386,erfuhr
20384,ich,ich,PRON,sb,20386,erfuhr
20385,nun,nun,ADV,mo,20386,erfuhr
20386,erfuhr,erfahren,VERB,ROOT,20386,erfuhr
20387,",",--,PUNCT,punct,20386,erfuhr
20388,daß,daß,SCONJ,cp,20389,Sie
20389,Sie,sie,PRON,sb,20386,erfuhr
20390,die,der,DET,nk,20391,Reise
20391,Reise,Reise,NOUN,sb,20395,würden
20392,nach,nach,ADP,mnr,20391,Reise
20393,Stuhlweißenburg,Stuhlweißenburg,NOUN,nk,20392,nach
20394,machen,machen,VERB,oc,20395,würden
20395,würden,werden,AUX,ROOT,20395,würden
20396,",",--,PUNCT,punct,20395,würden
20397,wo,wo,SCONJ,mo,20401,gewesen
20398,Sie,sie,PRON,sb,20401,gewesen
20399,noch,noch,ADV,mo,20400,nicht
20400,nicht,nicht,PART,ng,20401,gewesen
20401,gewesen,sein,AUX,re,20395,würden
20402,",",--,PUNCT,punct,20395,würden
20403,und,und,CCONJ,cd,20395,würden
20404,sich,sich,PRON,oa,20411,vorbereiteten
20405,auf,auf,ADP,mo,20411,vorbereiteten
20406,dem,der,DET,nk,20407,Gute
20407,Gute,Gut,NOUN,nk,20405,auf
20408,des,der,DET,nk,20410,Giulowitsch
20409,Grafen,Graf,NOUN,nk,20410,Giulowitsch
20410,Giulowitsch,Giulowitsch,NOUN,ag,20407,Gute
20411,vorbereiteten,vorbereiten,VERB,mo,20413,benutzte
20412,",",--,PUNCT,punct,20413,benutzte
20413,benutzte,benutzen,VERB,ROOT,20413,benutzte
20414,ich,ich,PRON,sb,20413,benutzte
20415,die,der,PRON,oa,20413,benutzte
20416,Gelegenheit,Gelegenheit,NOUN,ROOT,20416,Gelegenheit
20417,",",--,PUNCT,punct,20416,Gelegenheit
20418,Ihnen,ihnen,PRON,da,20419,zuvorzukommen
20419,zuvorzukommen,zuvorzukommen,VERB,oc,20416,Gelegenheit
20420,",",--,PUNCT,punct,20416,Gelegenheit
20421,denn,denn,CCONJ,cd,20416,Gelegenheit
20422,ich,ich,PRON,sb,20423,wußte
20423,wußte,wissen,VERB,cj,20421,denn
20424,durch,durch,ADP,mo,20423,wußte
20425,einen,ein,DET,nk,20426,Freund
20426,Freund,Freund,NOUN,nk,20424,durch
20427,bei,bei,ADP,mnr,20426,Freund
20428,der,der,DET,nk,20427,bei
20429,Hofkriegskanzelei,hofkriegskanzelei,ADV,ROOT,20429,Hofkriegskanzelei
20430,",",--,PUNCT,punct,20429,Hofkriegskanzelei
20431,daß,daß,SCONJ,cp,20437,würden
20432,die,der,DET,nk,20434,Regimenter
20433,dortigen,dortig,ADJ,nk,20434,Regimenter
20434,Regimenter,Regimenter,NOUN,sb,20437,würden
20435,verlegt,verlegen,VERB,oc,20436,werden
20436,werden,werden,AUX,oc,20437,würden
20437,würden,werden,AUX,re,20429,Hofkriegskanzelei
20438,.,--,PUNCT,punct,20429,Hofkriegskanzelei
20439,Mit,mit,ADP,ROOT,20439,Mit
20440,einem,ein,DET,nk,20439,Mit
20441,Vorrate,Vorrat,NOUN,oa,20449,gekleidet
20442,von,von,ADP,pg,20441,Vorrate
20443,Nationalgesichtern,Nationalgesichter,NOUN,nk,20442,von
20444,in,in,ADP,mo,20449,gekleidet
20445,einer,ein,DET,nk,20446,Blechbüchse
20446,Blechbüchse,Blechbüchse,NOUN,nk,20444,in
20447,und,und,CCONJ,cd,20444,in
20448,ganz,ganz,ADV,mo,20449,gekleidet
20449,gekleidet,kleiden,VERB,ROOT,20449,gekleidet
20450,wie,wie,ADP,cm,20451,Sie
20451,Sie,sie,PRON,cc,20444,in
20452,",",--,PUNCT,punct,20449,gekleidet
20453,machte,machen,VERB,ROOT,20453,machte
20454,ich,ich,PRON,sb,20453,machte
20455,mich,sich,PRON,oa,20453,machte
20456,nun,nun,ADV,mo,20453,machte
20457,als,als,ADP,mo,20453,machte
20458,neuer,neu,ADJ,nk,20459,Wehmüller
20459,Wehmüller,Wehmüller,NOUN,nk,20457,als
20460,auf,auf,ADP,svp,20453,machte
20461,",",--,PUNCT,punct,20453,machte
20462,und,und,CCONJ,cd,20453,machte
20463,als,als,SCONJ,cm,20464,ich
20464,ich,ich,PRON,mo,20462,und
20465,auf,auf,ADP,mnr,20464,ich
20466,der,der,DET,nk,20467,Grenze
20467,Grenze,Grenze,NOUN,nk,20465,auf
20468,an,an,ADP,mnr,20467,Grenze
20469,der,der,DET,nk,20468,an
20470,Maut,Maut,VERB,mo,20473,liegen
20471,ein,ein,DET,nk,20472,Päckchen
20472,Päckchen,Päckchen,NOUN,nk,20470,Maut
20473,liegen,liegen,VERB,oc,20474,sah
20474,sah,sehen,VERB,ROOT,20474,sah
20475,",",--,PUNCT,punct,20474,sah
20476,an,an,ADP,mo,20474,sah
20477,Herrn,Herr,NOUN,nk,20476,an
20478,Wehmüller,Wehmüller,PROPN,nk,20477,Herrn
20479,",",--,PUNCT,punct,20474,sah
20480,wenn,wenn,SCONJ,cp,20482,durchreist
20481,er,er,PRON,sb,20482,durchreist
20482,durchreist,durchreist,ADV,mo,20474,sah
20483,",",--,PUNCT,punct,20474,sah
20484,überschrieben,überschreiben,VERB,mo,20486,ward
20485,",",--,PUNCT,punct,20486,ward
20486,ward,werden,VERB,ROOT,20486,ward
20487,es,es,PRON,sb,20486,ward
20488,mir,mir,PRON,da,20492,ausgeliefert
20489,von,von,ADP,sbp,20492,ausgeliefert
20490,dem,der,DET,nk,20491,Mautbeamten
20491,Mautbeamten,Mautbeamt,NOUN,nk,20489,von
20492,ausgeliefert,ausliefern,VERB,oc,20486,ward
20493,.,--,PUNCT,punct,20486,ward
20494,Es,es,PRON,sb,20495,war
20495,war,sein,AUX,ROOT,20495,war
20496,dies,dieser,PRON,pd,20495,war
20497,das,der,PRON,pd,20495,war
20498,Bild,Bild,NOUN,ROOT,20498,Bild
20499,Ihrer,ihr,DET,nk,20500,Gemahlin
20500,Gemahlin,Gemahlin,NOUN,ag,20498,Bild
20501,",",--,PUNCT,punct,20500,Gemahlin
20502,welches,welcher,PRON,oa,20510,hatte
20503,sie,sie,PRON,sb,20510,hatte
20504,auf,auf,ADP,mo,20510,hatte
20505,ihrer,ihr,DET,nk,20506,Reise
20506,Reise,Reise,NOUN,nk,20504,auf
20507,in,in,ADP,mo,20510,hatte
20508,einem,ein,DET,nk,20509,Posthause
20509,Posthause,Posthause,NOUN,nk,20507,in
20510,hatte,haben,AUX,rc,20498,Bild
20511,liegen,liegen,VERB,oc,20512,lassen
20512,lassen,lassen,VERB,ROOT,20512,lassen
20513,;,--,PUNCT,punct,20512,lassen
20514,ich,ich,PRON,sb,20515,nahm
20515,nahm,nehmen,VERB,ROOT,20515,nahm
20516,es,es,PRON,oa,20515,nahm
20517,mit,mit,ADP,svp,20515,nahm
20518,",",--,PUNCT,punct,20515,nahm
20519,um,um,SCONJ,cp,20524,lassen
20520,es,es,PRON,oa,20524,lassen
20521,ihr,ihr,DET,nk,20522,einhändigen
20522,einhändigen,Einhändigen,NOUN,oa,20524,lassen
20523,zu,zu,PART,pm,20524,lassen
20524,lassen,lassen,VERB,mo,20526,habe
20525,",",--,PUNCT,punct,20526,habe
20526,habe,haben,AUX,cj,20515,nahm
20527,es,es,PRON,ep,20526,habe
20528,aber,aber,ADV,mo,20526,habe
20529,vergessen,vergessen,VERB,mo,20532,abzunehmen
20530,dem,der,DET,nk,20531,Boten
20531,Boten,Boten,NOUN,da,20529,vergessen
20532,abzunehmen,abnehmen,VERB,ROOT,20532,abzunehmen
20533,",",--,PUNCT,punct,20532,abzunehmen
20534,der,der,PRON,sb,20536,trug
20535,es,es,PRON,oa,20536,trug
20536,trug,tragen,VERB,rc,20530,dem
20537,",",--,PUNCT,punct,20536,trug
20538,als,als,SCONJ,cm,20540,mich
20539,er,er,PRON,sb,20540,mich
20540,mich,sich,PRON,mo,20536,trug
20541,durch,durch,ADP,mnr,20540,mich
20542,den,der,DET,nk,20543,Kordon
20543,Kordon,Kordon,NOUN,nk,20541,durch
20544,brachte,bringen,VERB,ROOT,20544,brachte
20545,;,--,PUNCT,punct,20544,brachte
20546,denn,denn,CCONJ,ju,20549,war
20547,meine,mein,DET,nk,20548,Eile
20548,Eile,Eile,NOUN,sb,20549,war
20549,war,sein,AUX,ROOT,20549,war
20550,groß,groß,ADV,pd,20549,war
20551,",",--,PUNCT,punct,20549,war
20552,und,und,CCONJ,cd,20549,war
20553,ich,ich,PRON,sb,20554,triumphierte
20554,triumphierte,triumphieren,VERB,cj,20552,und
20555,schon,schon,ADV,mo,20554,triumphierte
20556,",",--,PUNCT,punct,20554,triumphierte
20557,daß,daß,SCONJ,ROOT,20557,daß
20558,ich,ich,PRON,sb,20557,daß
20559,",",--,PUNCT,punct,20558,ich
20560,indem,indem,SCONJ,mnr,20558,ich
20561,der,der,DET,nk,20562,Kordon
20562,Kordon,Kordon,NOUN,sb,20564,aussperrte
20563,Sie,sie,PRON,sb,20564,aussperrte
20564,aussperrte,aussperren,VERB,ROOT,20564,aussperrte
20565,",",--,PUNCT,punct,20564,aussperrte
20566,Ihnen,ihnen,PRON,da,20568,zuvorkommen
20567,gewiß,gewiß,ADV,mo,20568,zuvorkommen
20568,zuvorkommen,zuvorkommen,VERB,oc,20569,würde
20569,würde,werden,AUX,oc,20564,aussperrte
20570,.,--,PUNCT,punct,20564,aussperrte
20571,Aber,aber,CCONJ,ju,20573,war
20572,wie,wie,ADV,mo,20573,war
20573,war,sein,AUX,ROOT,20573,war
20574,mir,mir,PRON,da,20573,war
20575,zumute,zumute,ADV,mo,20577,da
20576,",",--,PUNCT,punct,20575,zumute
20577,da,da,SCONJ,punct,20589,den
20578,ich,ich,PRON,sb,20577,da
20579,mich,sich,PRON,oa,20589,den
20580,mit,mit,ADP,mnr,20579,mich
20581,Ihrer,ihr,DET,nk,20582,Frau
20582,Frau,Frau,NOUN,nk,20580,mit
20583,",",--,PUNCT,punct,20580,mit
20584,als,als,ADP,cj,20580,mit
20585,einem,ein,DET,nk,20587,Wehmüller
20586,zweiten,zweiter,ADJ,nk,20587,Wehmüller
20587,Wehmüller,Wehmüller,NOUN,nk,20584,als
20588,",",--,PUNCT,punct,20587,Wehmüller
20589,den,der,PRON,ROOT,20589,den
20590,ich,ich,PRON,ag,20589,den
20591,auch,auch,ADV,mo,20589,den
20592,nicht,nicht,PART,ng,20595,echten
20593,für,für,ADP,mo,20596,erkannte
20594,den,der,DET,nk,20595,echten
20595,echten,echten,ADJ,nk,20593,für
20596,erkannte,erkennen,VERB,ROOT,20596,erkannte
20597,",",--,PUNCT,punct,20596,erkannte
20598,weil,weil,SCONJ,cp,20605,verstand
20599,er,er,PRON,sb,20605,verstand
20600,von,von,ADP,mo,20605,verstand
20601,der,der,DET,nk,20602,Malerei
20602,Malerei,Malerei,NOUN,nk,20600,von
20603,gar,gar,ADV,mo,20604,nichts
20604,nichts,nichts,PRON,oa,20605,verstand
20605,verstand,verstehen,VERB,mo,20596,erkannte
20606,",",--,PUNCT,punct,20596,erkannte
20607,eingesperrt,einsperren,VERB,oc,20608,sah
20608,sah,sehen,VERB,ROOT,20608,sah
20609,;,--,PUNCT,punct,20608,sah
20610,bald,bald,ADV,mo,20611,ward
20611,ward,werden,VERB,ROOT,20611,ward
20612,ich,ich,PRON,sb,20611,ward
20613,aber,aber,ADV,mo,20611,ward
20614,von,von,ADP,mo,20611,ward
20615,der,der,DET,nk,20616,Kühnheit
20616,Kühnheit,Kühnheit,NOUN,nk,20614,von
20617,und,und,CCONJ,cd,20616,Kühnheit
20618,Schönheit,Schönheit,NOUN,cj,20617,und
20619,Mitidikas,Mitidika,PROPN,ag,20618,Schönheit
20620,",",--,PUNCT,punct,20611,ward
20621,die,der,DET,sb,20625,hatte
20622,es,es,PRON,sb,20625,hatte
20623,kein,kein,DET,nk,20624,Hehl
20624,Hehl,Hehl,NOUN,oa,20625,hatte
20625,hatte,haben,VERB,ROOT,20625,hatte
20626,",",--,PUNCT,punct,20625,hatte
20627,daß,daß,SCONJ,cp,20632,sei
20628,sie,sie,PRON,sb,20632,sei
20629,eine,ein,DET,nk,20631,Jungfer
20630,verkleidete,verkleidet,ADJ,nk,20631,Jungfer
20631,Jungfer,Jungfer,NOUN,pd,20632,sei
20632,sei,sein,AUX,oc,20635,hingerissen
20633,",",--,PUNCT,punct,20634,so
20634,so,so,ADV,mo,20635,hingerissen
20635,hingerissen,hingerissen,VERB,oc,20625,hatte
20636,",",--,PUNCT,punct,20635,hingerissen
20637,daß,daß,SCONJ,cp,20645,resigniert
20638,ich,ich,PRON,sb,20645,resigniert
20639,gern,gern,ADV,mo,20645,resigniert
20640,auf,auf,ADP,mo,20645,resigniert
20641,meine,mein,DET,nk,20642,Braut
20642,Braut,Braut,NOUN,nk,20640,auf
20643,und,und,CCONJ,cd,20642,Braut
20644,Wehmüllerschaft,Wehmüllerschaft,NOUN,cj,20643,und
20645,resigniert,resignieren,VERB,ROOT,20645,resigniert
20646,und,und,CCONJ,cd,20645,resigniert
20647,alles,alle,PRON,ROOT,20647,alles
20648,gleich,gleich,ADV,pd,20647,alles
20649,eingestanden,eingestehen,VERB,oc,20650,hätte
20650,hätte,haben,AUX,ROOT,20650,hätte
20651,;,--,PUNCT,punct,20650,hätte
20652,aber,aber,CCONJ,ju,20658,hielten
20653,Ehrgeiz,Ehrgeiz,NOUN,sb,20658,hielten
20654,und,und,CCONJ,cd,20653,Ehrgeiz
20655,die,der,DET,nk,20657,Dukaten
20656,fünfundzwanzig,fünfundzwanzig,ADV,nk,20657,Dukaten
20657,Dukaten,Dukat,NOUN,cj,20654,und
20658,hielten,halten,VERB,ROOT,20658,hielten
20659,mich,mich,PRON,oa,20658,hielten
20660,zurück,zurück,ADV,ROOT,20660,zurück
20661,.,--,PUNCT,ROOT,20661,.
20662,Ihr,ihr,DET,nk,20663,Erscheinen
20663,Erscheinen,erscheinen,NOUN,sb,20664,fuhr
20664,fuhr,fahren,VERB,ROOT,20664,fuhr
20665,mir,mir,PRON,da,20664,fuhr
20666,aber,aber,ADV,mo,20664,fuhr
20667,so,so,ADV,mo,20664,fuhr
20668,durch,durch,ADP,mo,20664,fuhr
20669,alle,aller,DET,nk,20670,Glieder
20670,Glieder,Glied,NOUN,nk,20668,durch
20671,",",--,PUNCT,punct,20664,fuhr
20672,daß,daß,SCONJ,cp,20674,die
20673,ich,ich,PRON,sb,20672,daß
20674,die,der,PRON,oc,20664,fuhr
20675,Besinnung,Besinnung,NOUN,oa,20676,verlor
20676,verlor,verlieren,VERB,ROOT,20676,verlor
20677,;,--,PUNCT,punct,20676,verlor
20678,die,der,DET,nk,20680,Laterne
20679,fatale,fatal,ADJ,nk,20680,Laterne
20680,Laterne,Laterne,NOUN,ROOT,20680,Laterne
20681,auf,auf,ADP,mnr,20680,Laterne
20682,dem,der,DET,nk,20683,Magen
20683,Magen,Magen,NOUN,nk,20681,auf
20684,und,und,CCONJ,cd,20680,Laterne
20685,der,der,DET,nk,20687,Theriak
20686,angedrohte,angedroht,ADJ,nk,20687,Theriak
20687,Theriak,Theriak,NOUN,cj,20684,und
20688,haben,haben,AUX,ROOT,20688,haben
20689,mich,mich,PRON,oa,20691,hergestellt
20690,gänzlich,gänzlich,ADV,mo,20691,hergestellt
20691,hergestellt,herstellen,VERB,oc,20688,haben
20692,",",--,PUNCT,punct,20688,haben
20693,und,und,CCONJ,cd,20688,haben
20694,nun,nun,ADV,mo,20695,bleibt
20695,bleibt,bleiben,VERB,cj,20693,und
20696,mir,mir,PRON,da,20695,bleibt
20697,nichts,nichts,PRON,sb,20695,bleibt
20698,übrig,übrig,ADP,svp,20695,bleibt
20699,",",--,PUNCT,punct,20695,bleibt
20700,als,als,SCONJ,cm,20701,Sie
20701,Sie,sie,PRON,cc,20695,bleibt
20702,herzlich,herzlich,ADV,mo,20706,bitten
20703,um,um,ADP,op,20706,bitten
20704,Verzeihung,Verzeihung,NOUN,nk,20703,um
20705,zu,zu,PART,pm,20706,bitten
20706,bitten,bitten,VERB,ROOT,20706,bitten
20707,",",--,PUNCT,punct,20706,bitten
20708,mit,mit,ADP,mo,20706,bitten
20709,dem,der,DET,nk,20710,Vorschlag
20710,Vorschlag,Vorschlag,NOUN,nk,20708,mit
20711,:,--,PUNCT,punct,20710,Vorschlag
20712,mich,mich,PRON,oa,20713,in
20713,in,in,ADP,mnr,20710,Vorschlag
20714,Ihren,ihr,DET,nk,20713,in
20715,Unternehmungen,Unternehmung,NOUN,oa,20719,machen
20716,zum,zu,ADP,mnr,20715,Unternehmungen
20717,Kompagnon,Kompagnon,NOUN,nk,20716,zum
20718,zu,zu,PART,pm,20719,machen
20719,machen,machen,VERB,ROOT,20719,machen
20720,;,--,PUNCT,punct,20719,machen
20721,Sie,sie,PRON,sb,20722,können
20722,können,können,AUX,ROOT,20722,können
20723,meine,mein,DET,nk,20724,Arbeiten
20724,Arbeiten,Arbeit,NOUN,oa,20725,untersuchen
20725,untersuchen,untersuchen,VERB,oc,20722,können
20726,",",--,PUNCT,punct,20722,können
20727,und,und,CCONJ,ju,20728,gehen
20728,gehen,gehen,VERB,re,20734,so
20729,Sie,sie,PRON,sb,20728,gehen
20730,den,der,DET,nk,20731,Vorschlag
20731,Vorschlag,Vorschlag,NOUN,oa,20728,gehen
20732,ein,ein,ADV,svp,20728,gehen
20733,",",--,PUNCT,punct,20734,so
20734,so,so,ADV,mo,20735,glaube
20735,glaube,glauben,VERB,ROOT,20735,glaube
20736,ich,ich,PRON,sb,20735,glaube
20737,",",--,PUNCT,punct,20735,glaube
20738,daß,daß,SCONJ,cp,20742,Vorrat
20739,wir,wir,PRON,sb,20742,Vorrat
20740,einen,ein,DET,nk,20742,Vorrat
20741,solchen,solcher,DET,nk,20742,Vorrat
20742,Vorrat,Vorrat,NOUN,oa,20735,glaube
20743,von,von,ADP,sbp,20745,anfertigen
20744,Nationalgesichtern,Nationalgesichter,NOUN,nk,20743,von
20745,anfertigen,anfertigen,VERB,ROOT,20745,anfertigen
20746,",",--,PUNCT,punct,20745,anfertigen
20747,daß,daß,SCONJ,cp,20751,ist
20748,unser,unser,DET,nk,20749,Glück
20749,Glück,Glück,NOUN,sb,20751,ist
20750,begründet,begründen,VERB,pd,20751,ist
20751,ist,sein,AUX,oc,20745,anfertigen
20752,",",--,PUNCT,punct,20751,ist
20753,wenn,wenn,SCONJ,cp,20754,wir
20754,wir,wir,PRON,ROOT,20754,wir
20755,redlich,redlich,ADV,mo,20756,teilen
20756,teilen,teilen,VERB,ROOT,20756,teilen
20757,.,--,PUNCT,punct,20756,teilen
20758,«,--,PUNCT,punct,20756,teilen
20759,–,--,PUNCT,punct,20762,läßt
20760,»,--,PUNCT,punct,20762,läßt
20761,Das,der,PRON,sb,20762,läßt
20762,läßt,lassen,VERB,oc,20767,sagte
20763,sich,sich,PRON,oa,20764,hören
20764,hören,hören,VERB,oc,20762,läßt
20765,!,--,PUNCT,punct,20767,sagte
20766,«,--,PUNCT,punct,20767,sagte
20767,sagte,sagen,VERB,ROOT,20767,sagte
20768,Wehmüller,Wehmüller,PROPN,sb,20767,sagte
20769,",",--,PUNCT,punct,20767,sagte
20770,»,--,PUNCT,punct,20762,läßt
20771,die,der,DET,nk,20772,ganze
20772,ganze,ganz,ADJ,dep,20767,sagte
20773,Geschichte,Geschichte,NOUN,sb,20774,macht
20774,macht,machen,VERB,ROOT,20774,macht
20775,mir,mir,PRON,da,20774,macht
20776,jetzt,jetzt,ADV,mo,20774,macht
20777,Spaß,Spaß,NOUN,oa,20774,macht
20778,",",--,PUNCT,punct,20774,macht
20779,und,und,CCONJ,cd,20774,macht
20780,wenn,wenn,SCONJ,cp,20787,hätte
20781,ich,ich,PRON,sb,20787,hätte
20782,meine,mein,DET,nk,20783,Tonerl
20783,Tonerl,Tonerl,NOUN,oa,20786,lieb
20784,nicht,nicht,PART,ng,20786,lieb
20785,so,so,ADV,mo,20786,lieb
20786,lieb,leiben,VERB,oc,20787,hätte
20787,hätte,haben,AUX,cj,20779,und
20788,",",--,PUNCT,punct,20774,macht
20789,so,so,ADV,mo,20790,möchte
20790,möchte,möchten,AUX,ROOT,20790,möchte
20791,ich,ich,PRON,sb,20790,möchte
20792,",",--,PUNCT,punct,20790,möchte
20793,um,um,SCONJ,cp,20796,wettzumachen
20794,es,es,PRON,oa,20796,wettzumachen
20795,Ihnen,ihnen,PRON,da,20796,wettzumachen
20796,wettzumachen,wettzumachen,VERB,mo,20790,möchte
20797,",",--,PUNCT,punct,20796,wettzumachen
20798,nach,nach,ADP,mo,20800,reisen
20799,Klagenfurt,Klagenfurt,PROPN,nk,20798,nach
20800,reisen,reisen,VERB,cj,20796,wettzumachen
20801,und,und,CCONJ,cd,20800,reisen
20802,Ihre,ihr,DET,cj,20801,und
20803,Fleischerstochter,Fleischerstochter,NOUN,sb,20809,wegschnappen
20804,und,und,CCONJ,cd,20803,Fleischerstochter
20805,die,der,DET,nk,20807,Dukaten
20806,fünfundzwanzig,fünfundzwanzig,ADV,mo,20807,Dukaten
20807,Dukaten,Dukat,NOUN,cj,20804,und
20808,Ihnen,ihnen,PRON,da,20809,wegschnappen
20809,wegschnappen,wegschnappen,VERB,ROOT,20809,wegschnappen
20810,",",--,PUNCT,punct,20809,wegschnappen
20811,aber,aber,CCONJ,cd,20809,wegschnappen
20812,so,so,ADV,cj,20811,aber
20813,geht,gehen,VERB,ROOT,20813,geht
20814,es,es,PRON,ep,20813,geht
20815,nicht,nicht,PART,ng,20813,geht
20816,.,--,PUNCT,punct,20813,geht
20817,«,--,PUNCT,punct,20813,geht
20818,Da,da,ADV,mo,20819,umarmte
20819,umarmte,umarmen,VERB,ROOT,20819,umarmte
20820,er,er,PRON,sb,20819,umarmte
20821,Tonerl,Tonerl,PROPN,oa,20819,umarmte
20822,herzlich,herzlich,ADV,mo,20819,umarmte
20823,und,und,CCONJ,cd,20819,umarmte
20824,ward,werden,VERB,cj,20823,und
20825,mit,mit,ADP,mo,20824,ward
20826,Froschauer,Froschauer,PROPN,nk,20825,mit
20827,eins,einer,NUM,pnc,20826,Froschauer
20828,:,--,PUNCT,punct,20824,ward
20829,daß,daß,SCONJ,ROOT,20829,daß
20830,er,er,PRON,ROOT,20830,er
20831,ihm,ihm,PRON,da,20842,schreiben
20832,",",--,PUNCT,punct,20831,ihm
20833,wenn,wenn,SCONJ,cp,20837,untersucht
20834,er,er,PRON,sb,20837,untersucht
20835,seine,sein,DET,nk,20836,Arbeiten
20836,Arbeiten,Arbeit,NOUN,oa,20837,untersucht
20837,untersucht,untersuchen,VERB,mo,20842,schreiben
20838,",",--,PUNCT,punct,20837,untersucht
20839,ein,ein,DET,nk,20841,Attest
20840,eigenhändiges,eigenhändig,ADJ,nk,20841,Attest
20841,Attest,Attest,NOUN,oa,20842,schreiben
20842,schreiben,schreiben,VERB,ROOT,20842,schreiben
20843,wolle,wollen,AUX,ROOT,20843,wolle
20844,:,--,PUNCT,punct,20843,wolle
20845,daß,daß,SCONJ,cp,20852,achte
20846,er,er,PRON,sb,20852,achte
20847,ihn,ihn,PRON,oa,20852,achte
20848,in,in,ADP,mo,20852,achte
20849,allem,alle,PRON,nk,20848,in
20850,sich,sich,PRON,oa,20852,achte
20851,gleich,gleich,ADV,mo,20852,achte
20852,achte,achten,VERB,oc,20843,wolle
20853,;,--,PUNCT,punct,20843,wolle
20854,gewänne,gewänne,VERB,re,20860,so
20855,er,er,PRON,sb,20854,gewänne
20856,dann,dann,ADV,mo,20854,gewänne
20857,seine,sein,DET,nk,20858,Wette
20858,Wette,Wette,NOUN,oa,20854,gewänne
20859,",",--,PUNCT,punct,20860,so
20860,so,so,ADV,ROOT,20860,so
20861,könne,können,AUX,ROOT,20861,könne
20862,er,er,PRON,sb,20861,könne
20863,sein,sein,DET,nk,20864,Mädchen
20864,Mädchen,Mädchen,NOUN,oa,20865,heiraten
20865,heiraten,heiraten,VERB,oc,20861,könne
20866,und,und,CCONJ,cd,20865,heiraten
20867,sich,sich,PRON,oa,20870,auf
20868,mit,mit,ADP,mo,20867,sich
20869,ihm,ihm,PRON,nk,20868,mit
20870,auf,auf,ADP,mo,20861,könne
20871,gleichen,gleich,ADJ,nk,20872,Vorteil
20872,Vorteil,Vorteil,NOUN,nk,20870,auf
20873,vereinigen,vereinigen,VERB,ROOT,20873,vereinigen
20874,.,--,PUNCT,punct,20873,vereinigen
20875,»,--,PUNCT,punct,20876,Ja
20876,Ja,ja,PART,dep,20879,sagte
20877,«,--,PUNCT,punct,20876,Ja
20878,",",--,PUNCT,punct,20879,sagte
20879,sagte,sagen,VERB,ROOT,20879,sagte
20880,Tonerl,Tonerl,PROPN,sb,20879,sagte
20881,",",--,PUNCT,punct,20879,sagte
20882,»,--,PUNCT,punct,20884,habe
20883,da,da,ADV,mo,20884,habe
20884,habe,haben,AUX,oc,20879,sagte
20885,ich,ich,PRON,sb,20884,habe
20886,doch,doch,ADV,mo,20884,habe
20887,eine,ein,DET,nk,20888,Gesellschaft
20888,Gesellschaft,Gesellschaft,NOUN,oa,20884,habe
20889,an,an,ADP,mnr,20888,Gesellschaft
20890,Frau,Frau,NOUN,nk,20889,an
20891,Froschauer,Froschauer,PROPN,ROOT,20891,Froschauer
20892,",",--,PUNCT,punct,20891,Froschauer
20893,wenn,wenn,SCONJ,cp,20895,herumzieht
20894,ihr,ihr,PRON,sb,20895,herumzieht
20895,herumzieht,herumziehen,VERB,mo,20891,Froschauer
20896,.,--,PUNCT,punct,20891,Froschauer
20897,«,--,PUNCT,punct,20891,Froschauer
20898,So,so,ADV,mo,20899,ward
20899,ward,werden,VERB,ROOT,20899,ward
20900,der,der,DET,nk,20901,Friede
20901,Friede,Friede,NOUN,sb,20899,ward
20902,gestiftet,stiften,VERB,oc,20899,ward
20903,",",--,PUNCT,punct,20899,ward
20904,und,und,CCONJ,cd,20899,ward
20905,sie,sie,PRON,sb,20906,kamen
20906,kamen,kommen,VERB,cj,20904,und
20907,auf,auf,ADP,mo,20906,kamen
20908,dem,der,DET,nk,20909,Edelhofe
20909,Edelhofe,Edelhofe,NOUN,nk,20907,auf
20910,an,an,ADP,svp,20906,kamen
20911,.,--,PUNCT,punct,20899,ward
20912,Die,der,DET,ROOT,20912,Die
20913,Kammerjungfer,Kammerjungfer,NOUN,sb,20916,standen
20914,und,und,CCONJ,cd,20913,Kammerjungfer
20915,Lindpeindler,Lindpeindler,NOUN,cj,20914,und
20916,standen,stehen,VERB,ROOT,20916,standen
20917,unter,unter,ADP,mo,20916,standen
20918,der,der,DET,nk,20919,Türe
20919,Türe,Türe,NOUN,nk,20917,unter
20920,und,und,CCONJ,cd,20916,standen
20921,waren,sein,AUX,cj,20920,und
20922,in,in,ADP,mo,20921,waren
20923,großem,groß,ADJ,nk,20922,in
20924,Erstaunen,erstaunen,NOUN,ROOT,20924,Erstaunen
20925,über,über,ADP,mnr,20924,Erstaunen
20926,die,der,DET,nk,20928,Wehmüller
20927,drei,drei,NUM,nk,20928,Wehmüller
20928,Wehmüller,Wehmüller,NOUN,nk,20925,über
20929,",",--,PUNCT,punct,20924,Erstaunen
20930,noch,noch,ADV,mo,20931,mehr
20931,mehr,mehr,ADV,mo,20933,über
20932,aber,aber,ADV,mo,20933,über
20933,über,über,ADP,par,20924,Erstaunen
20934,Mitidika,Mitidika,PROPN,nk,20933,über
20935,;,--,PUNCT,punct,20924,Erstaunen
20936,schnell,schnell,ADV,mo,20937,liefen
20937,liefen,laufen,VERB,ROOT,20937,liefen
20938,sie,sie,PRON,sb,20949,Gesellschaft
20939,",",--,PUNCT,punct,20938,sie
20940,der,der,DET,nk,20942,Frau
20941,gnädigen,gnädig,ADJ,nk,20942,Frau
20942,Frau,Frau,NOUN,app,20938,sie
20943,und,und,CCONJ,cd,20942,Frau
20944,dem,der,DET,nk,20946,Baron
20945,jungen,jung,ADJ,nk,20946,Baron
20946,Baron,Baron,PROPN,cj,20943,und
20947,die,der,DET,nk,20949,Gesellschaft
20948,interessante,interessant,ADJ,nk,20949,Gesellschaft
20949,Gesellschaft,Gesellschaft,NOUN,ROOT,20949,Gesellschaft
20950,anzukündigen,ankündigen,VERB,ROOT,20950,anzukündigen
20951,",",--,PUNCT,punct,20950,anzukündigen
20952,und,und,CCONJ,cd,20950,anzukündigen
20953,diese,dieser,PRON,sb,20954,trat
20954,trat,treten,VERB,cj,20952,und
20955,",",--,PUNCT,punct,20954,trat
20956,von,von,ADP,sbp,20959,geführt
20957,dem,der,DET,nk,20958,Edelmann
20958,Edelmann,Edelmann,NOUN,nk,20956,von
20959,geführt,führen,VERB,oc,20954,trat
20960,",",--,PUNCT,punct,20959,geführt
20961,in,in,ADP,mo,20950,anzukündigen
20962,eine,ein,DET,nk,20963,geräumige
20963,geräumige,geräumig,ADJ,nk,20961,in
20964,Weinlaube,Weinlaube,NOUN,ROOT,20964,Weinlaube
20965,",",--,PUNCT,punct,20964,Weinlaube
20966,wo,wo,SCONJ,mo,20974,erschien
20967,die,der,DET,nk,20968,Hausfrau
20968,Hausfrau,Hausfrau,NOUN,sb,20974,erschien
20969,bald,bald,ADV,mo,20974,erschien
20970,mit,mit,ADP,mo,20974,erschien
20971,einem,ein,DET,nk,20973,Frühstück
20972,guten,gut,ADJ,nk,20973,Frühstück
20973,Frühstück,Frühstück,NOUN,nk,20970,mit
20974,erschien,erscheinen,VERB,rc,20964,Weinlaube
20975,und,und,CCONJ,cd,20974,erschien
20976,alle,aller,PRON,sb,20977,die
20977,die,der,DET,cj,20975,und
20978,Abenteuer,Abenteuer,NOUN,sb,20982,mußten
20979,nochmals,nochmals,ADV,mo,20980,berichtet
20980,berichtet,berichten,VERB,oc,20981,werden
20981,werden,werden,AUX,oc,20982,mußten
20982,mußten,müssen,AUX,ROOT,20982,mußten
20983,;,--,PUNCT,punct,20982,mußten
20984,der,der,DET,nk,20985,Tiroler
20985,Tiroler,Tiroler,NOUN,ROOT,20985,Tiroler
20986,und,und,CCONJ,cd,20985,Tiroler
20987,der,der,DET,nk,20988,Savoyarde
20988,Savoyarde,Savoyarde,NOUN,cj,20986,und
20989,stellten,stellen,VERB,ROOT,20989,stellten
20990,sich,sich,PRON,oa,20989,stellten
20991,auch,auch,ADV,mo,20989,stellten
20992,ein,ein,ADV,svp,20989,stellten
20993,",",--,PUNCT,punct,20989,stellten
20994,und,und,CCONJ,cd,20989,stellten
20995,der,der,DET,nk,20996,Edelmann
20996,Edelmann,Edelmann,NOUN,sb,20997,bat
20997,bat,bitten,VERB,cj,20994,und
20998,alle,alle,PRON,oa,20997,bat
20999,",",--,PUNCT,punct,20997,bat
21000,bei,bei,ADP,mo,20997,bat
21001,der,der,DET,nk,21002,Weinlese
21002,Weinlese,Weinlese,NOUN,nk,21000,bei
21003,ihm,ihm,PRON,da,20997,bat
21004,behilflich,behilflich,ADV,pd,21006,sein
21005,zu,zu,PART,pm,21006,sein
21006,sein,sein,AUX,ROOT,21006,sein
21007,",",--,PUNCT,punct,21006,sein
21008,was,wer,PRON,sb,21010,wurde
21009,zugesagt,zusagen,VERB,oc,21010,wurde
21010,wurde,werden,AUX,rc,21006,sein
21011,.,--,PUNCT,punct,21006,sein
21012,Am,an,ADP,mo,21026,wollte
21013,Abend,Abend,NOUN,nk,21012,Am
21014,",",--,PUNCT,punct,21013,Abend
21015,als,als,SCONJ,cp,21024,war
21016,noch,noch,ADV,mo,21023,worden
21017,viel,viel,PRON,mo,21016,noch
21018,über,über,ADP,mo,21022,gescherzt
21019,die,der,DET,nk,21021,Wehmüller
21020,drei,drei,NUM,nk,21021,Wehmüller
21021,Wehmüller,Wehmüller,NOUN,nk,21018,über
21022,gescherzt,scherzen,VERB,oc,21023,worden
21023,worden,werden,AUX,oc,21024,war
21024,war,sein,AUX,cc,21012,Am
21025,",",--,PUNCT,punct,21026,wollte
21026,wollte,wollen,AUX,ROOT,21026,wollte
21027,Devillier,Devillier,NOUN,ROOT,21027,Devillier
21028,der,der,DET,nk,21029,Gesellschaft
21029,Gesellschaft,Gesellschaft,NOUN,ag,21027,Devillier
21030,eine,ein,DET,nk,21031,Geschichte
21031,Geschichte,Geschichte,NOUN,oa,21032,erzählen
21032,erzählen,erzählen,VERB,oc,21027,Devillier
21033,",",--,PUNCT,punct,21032,erzählen
21034,die,der,PRON,oa,21037,erlebt
21035,er,er,PRON,sb,21037,erlebt
21036,selbst,selbst,ADV,mnr,21035,er
21037,erlebt,erleben,VERB,rc,21031,Geschichte
21038,",",--,PUNCT,punct,21032,erzählen
21039,und,und,CCONJ,cd,21032,erzählen
21040,bei,bei,ADP,mo,21049,war
21041,welcher,welcher,PRON,nk,21040,bei
21042,die,der,DET,nk,21043,Verwechselung
21043,Verwechselung,Verwechselung,NOUN,sb,21049,war
21044,zweier,zwei,ADJ,nk,21045,Personen
21045,Personen,Person,NOUN,ag,21043,Verwechselung
21046,noch,noch,ADV,mo,21049,war
21047,viel,viel,ADV,mo,21048,unterhaltender
21048,unterhaltender,unterhaltend,ADV,pd,21049,war
21049,war,sein,AUX,ROOT,21049,war
21050,",",--,PUNCT,punct,21049,war
21051,als,als,ADP,mo,21049,war
21052,der,der,DET,nk,21053,Graf
21053,Graf,Graf,NOUN,ROOT,21053,Graf
21054,Giulowitsch,Giulowitsch,PROPN,nk,21053,Graf
21055,und,und,CCONJ,cd,21054,Giulowitsch
21056,Lury,Lury,NOUN,cj,21055,und
21057,",",--,PUNCT,punct,21053,Graf
21058,sein,sein,DET,nk,21059,Hofmeister
21059,Hofmeister,Hofmeister,NOUN,app,21053,Graf
21060,",",--,PUNCT,punct,21053,Graf
21061,mit,mit,ADP,par,21053,Graf
21062,seinen,sein,DET,nk,21063,Eleven
21063,Eleven,Eleve,NOUN,nk,21061,mit
21064,bei,bei,ADP,mnr,21063,Eleven
21065,dem,der,DET,nk,21064,bei
21066,Edelmann,Edelmann,NOUN,mo,21069,kamen
21067,zum,zu,ADP,mo,21069,kamen
21068,Besuch,Besuch,NOUN,nk,21067,zum
21069,kamen,kommen,VERB,ROOT,21069,kamen
21070,;,--,PUNCT,punct,21069,kamen
21071,sie,sie,PRON,sb,21072,freuten
21072,freuten,freuen,VERB,ROOT,21072,freuten
21073,sich,sich,PRON,oa,21072,freuten
21074,ungemein,ungemein,ADV,mo,21072,freuten
21075,",",--,PUNCT,punct,21072,freuten
21076,den,der,DET,nk,21078,Wehmüller
21077,guten,gut,ADJ,nk,21078,Wehmüller
21078,Wehmüller,Wehmüller,NOUN,oa,21072,freuten
21079,zu,zu,ADP,svp,21072,freuten
21080,finden,finden,VERB,ROOT,21080,finden
21081,und,und,CCONJ,cd,21080,finden
21082,die,der,DET,nk,21083,Aufklärung
21083,Aufklärung,Aufklärung,NOUN,oa,21087,hören
21084,seines,sein,DET,nk,21085,Abenteuers
21085,Abenteuers,Abenteuer,NOUN,ag,21083,Aufklärung
21086,zu,zu,PART,pm,21087,hören
21087,hören,hören,VERB,cj,21081,und
21088,.,--,PUNCT,punct,21080,finden
21089,Die,der,DET,nk,21090,Erzählung
21090,Erzählung,Erzählung,NOUN,ROOT,21090,Erzählung
21091,Devilliers,Devillier,PROPN,ag,21090,Erzählung
21092,ward,werden,VERB,ROOT,21092,ward
21093,aufgeschoben,aufschieben,VERB,oc,21092,ward
21094,",",--,PUNCT,punct,21092,ward
21095,aber,aber,CCONJ,cd,21092,ward
21096,nach,nach,ADP,mo,21099,mußte
21097,dem,der,DET,nk,21098,Abendessen
21098,Abendessen,Abendessen,NOUN,nk,21096,nach
21099,mußte,müssen,AUX,cj,21095,aber
21100,die,der,DET,nk,21102,Mitidika
21101,schöne,schön,ADJ,nk,21102,Mitidika
21102,Mitidika,Mitidika,NOUN,sb,21099,mußte
21103,all,all,DET,nk,21104,ihren
21104,ihren,ihr,DET,punct,21093,aufgeschoben
21105,Schmuck,Schmuck,NOUN,oa,21114,anlegen
21106,",",--,PUNCT,punct,21105,Schmuck
21107,den,der,PRON,oa,21112,empfing
21108,sie,sie,PRON,sb,21112,empfing
21109,einst,einst,ADV,mo,21112,empfing
21110,von,von,ADP,mo,21112,empfing
21111,Devillier,Devillier,NOUN,nk,21110,von
21112,empfing,empfangen,VERB,rc,21105,Schmuck
21113,",",--,PUNCT,punct,21114,anlegen
21114,anlegen,anlegen,VERB,ROOT,21114,anlegen
21115,;,--,PUNCT,punct,21114,anlegen
21116,die,der,DET,nk,21117,Edeldame
21117,Edeldame,Edeldame,NOUN,sb,21118,half
21118,half,helfen,VERB,ROOT,21118,half
21119,ihr,ihr,PRON,da,21118,half
21120,selbst,selbst,ADV,mo,21121,bei
21121,bei,bei,ADP,ROOT,21121,bei
21122,ihrer,ihr,DET,nk,21123,Toilette
21123,Toilette,Toilette,NOUN,nk,21121,bei
21124,",",--,PUNCT,punct,21121,bei
21125,denn,denn,CCONJ,cd,21121,bei
21126,Nanny,Nanny,PROPN,sb,21131,wurde
21127,",",--,PUNCT,punct,21126,Nanny
21128,die,der,DET,nk,21129,Kammerjungfer
21129,Kammerjungfer,Kammerjungfer,NOUN,app,21126,Nanny
21130,",",--,PUNCT,punct,21131,wurde
21131,wurde,werden,AUX,cj,21125,denn
21132,unpäßlich,unpäßlich,ADV,pd,21131,wurde
21133,.,--,PUNCT,punct,21121,bei
21134,So,so,ADV,ROOT,21134,So
21135,geschmückt,schmücken,VERB,mo,21136,trat
21136,trat,treten,VERB,ROOT,21136,trat
21137,das,der,DET,nk,21139,Mädchen
21138,braune,braun,ADJ,nk,21139,Mädchen
21139,Mädchen,Mädchen,NOUN,sb,21136,trat
21140,wie,wie,ADP,cm,21142,Zauberin
21141,eine,ein,DET,nk,21142,Zauberin
21142,Zauberin,Zauberin,NOUN,mo,21136,trat
21143,vor,vor,ADP,mo,21136,trat
21144,die,der,DET,nk,21145,Gesellschaft
21145,Gesellschaft,Gesellschaft,NOUN,nk,21143,vor
21146,;,--,PUNCT,punct,21136,trat
21147,der,der,PRON,ROOT,21147,der
21148,Tiroler,Tiroler,NOUN,sb,21149,breitete
21149,breitete,breiten,VERB,sb,21160,schlug
21150,seine,sein,DET,nk,21151,Teppiche
21151,Teppiche,Teppich,NOUN,oa,21149,breitete
21152,aus,aus,ADP,svp,21149,breitete
21153,",",--,PUNCT,punct,21149,breitete
21154,und,und,CCONJ,cd,21149,breitete
21155,das,der,DET,nk,21157,Geschöpf
21156,reizende,reizend,ADJ,nk,21157,Geschöpf
21157,Geschöpf,Geschöpf,NOUN,oa,21158,tanzte
21158,tanzte,tanzen,VERB,cj,21154,und
21159,",",--,PUNCT,punct,21160,schlug
21160,schlug,schlagen,VERB,ROOT,21160,schlug
21161,das,der,DET,nk,21162,Tambourin
21162,Tambourin,Tambourin,NOUN,ROOT,21162,Tambourin
21163,und,und,CCONJ,cd,21162,Tambourin
21164,sang,singen,VERB,cj,21163,und
21165,–,--,PUNCT,punct,21164,sang
21166,wozu,wozu,SCONJ,mo,21167,Michaly
21167,Michaly,Michaly,NOUN,sb,21169,begleitete
21168,sie,sie,PRON,sb,21169,begleitete
21169,begleitete,begleiten,VERB,oc,21164,sang
21170,–,--,PUNCT,punct,21164,sang
21171,so,so,ADV,mo,21172,ganz
21172,ganz,ganz,ADV,mo,21173,wunderbar
21173,wunderbar,wunderbar,ADV,mo,21164,sang
21174,hinreißend,hinreißend,ADV,pd,21181,war
21175,",",--,PUNCT,punct,21181,war
21176,daß,daß,SCONJ,cp,21181,war
21177,alles,alle,PRON,sb,21181,war
21178,vor,vor,ADP,mo,21180,versteinert
21179,Erstaunen,erstaunen,NOUN,nk,21178,vor
21180,versteinert,versteinern,VERB,pd,21181,war
21181,war,sein,AUX,ROOT,21181,war
21182,.,--,PUNCT,punct,21181,war
21183,Sie,sie,PRON,sb,21184,schloß
21184,schloß,schließen,VERB,ROOT,21184,schloß
21185,ihren,ihr,DET,nk,21186,Tanz
21186,Tanz,Tanz,NOUN,oa,21184,schloß
21187,damit,damit,ADV,ROOT,21187,damit
21188,",",--,PUNCT,punct,21187,damit
21189,daß,daß,SCONJ,cp,21194,erfaßte
21190,sie,sie,PRON,sb,21194,erfaßte
21191,den,der,DET,nk,21192,Teppich
21192,Teppich,Teppich,NOUN,oa,21194,erfaßte
21193,plötzlich,plötzlich,ADV,mo,21194,erfaßte
21194,erfaßte,erfassen,VERB,re,21187,damit
21195,",",--,PUNCT,punct,21194,erfaßte
21196,sich,sich,PRON,oa,21200,einpuppte
21197,schnell,schnell,ADV,mo,21200,einpuppte
21198,in,in,ADP,mo,21200,einpuppte
21199,ihn,ihn,PRON,nk,21198,in
21200,einpuppte,einpuppen,VERB,cj,21194,erfaßte
21201,und,und,CCONJ,cd,21200,einpuppte
21202,an,an,ADP,mo,21205,niederstreckte
21203,die,der,DET,nk,21204,Erde
21204,Erde,Erde,NOUN,nk,21202,an
21205,niederstreckte,niederstrecken,VERB,ROOT,21205,niederstreckte
21206,",",--,PUNCT,punct,21205,niederstreckte
21207,wie,wie,SCONJ,cm,21208,damals
21208,damals,damals,ADV,mo,21209,in
21209,in,in,ADP,mo,21205,niederstreckte
21210,der,der,DET,nk,21211,Hütte
21211,Hütte,Hütte,NOUN,nk,21209,in
21212,.,--,PUNCT,punct,21205,niederstreckte
21213,Ein,ein,DET,nk,21214,lebhaftes
21214,lebhaftes,lebhaft,ADJ,ROOT,21214,lebhaftes
21215,Beifallklatschen,Beifallklatschen,PROPN,sb,21216,rauschte
21216,rauschte,rauschen,VERB,ROOT,21216,rauschte
21217,durch,durch,ADP,mo,21216,rauschte
21218,den,der,DET,nk,21219,Saal
21219,Saal,Saal,NOUN,nk,21217,durch
21220,;,--,PUNCT,punct,21216,rauschte
21221,Devillier,devillier,NOUN,sb,21223,kniete
21222,aber,aber,ADV,mo,21221,Devillier
21223,kniete,knien,VERB,sb,21227,weinte
21224,vor,vor,ADP,mo,21223,kniete
21225,ihr,ihr,PRON,nk,21224,vor
21226,",",--,PUNCT,punct,21227,weinte
21227,weinte,weinen,VERB,ROOT,21227,weinte
21228,wie,wie,ADP,cm,21230,Kind
21229,ein,ein,DET,nk,21230,Kind
21230,Kind,Kind,NOUN,ROOT,21230,Kind
21231,und,und,CCONJ,cd,21230,Kind
21232,wurde,werden,AUX,cj,21231,und
21233,ausgelacht,ausgelacht,VERB,oc,21232,wurde
21234,;,--,PUNCT,punct,21230,Kind
21235,so,so,ADV,mo,21236,schied
21236,schied,scheiden,VERB,ROOT,21236,schied
21237,die,der,DET,nk,21238,Gesellschaft
21238,Gesellschaft,Gesellschaft,NOUN,sb,21236,schied
21239,für,für,ADP,mo,21236,schied
21240,diesen,dieser,DET,nk,21241,Abend
21241,Abend,Abend,NOUN,nk,21239,für
21242,auseinander,auseinander,ADV,ROOT,21242,auseinander
21243,.,--,PUNCT,punct,21242,auseinander
21244,Die,der,DET,nk,21245,Erzählung
21245,Erzählung,Erzählung,NOUN,ROOT,21245,Erzählung
21246,",",--,PUNCT,punct,21245,Erzählung
21247,welche,welcher,DET,nk,21248,Devillier
21248,Devillier,Devillier,NOUN,oa,21249,versprochen
21249,versprochen,versprechen,VERB,oc,21245,Erzählung
21250,",",--,PUNCT,punct,21245,Erzählung
21251,eine,ein,DET,nk,21252,andere
21252,andere,anderer,PRON,cj,21245,Erzählung
21253,des,der,DET,nk,21254,Tirolers
21254,Tirolers,Tiroler,NOUN,ag,21252,andere
21255,und,und,CCONJ,cd,21252,andere
21256,eine,ein,DET,cj,21255,und
21257,des,der,DET,nk,21258,Savoyarden
21258,Savoyarden,Savoyarden,PROPN,sb,21259,unterhielten
21259,unterhielten,unterhielen,VERB,ROOT,21259,unterhielten
21260,an,an,ADP,mo,21259,unterhielten
21261,den,der,DET,nk,21263,Tagen
21262,folgenden,folgend,ADJ,nk,21263,Tagen
21263,Tagen,Tag,NOUN,nk,21260,an
21264,",",--,PUNCT,punct,21259,unterhielten
21265,und,und,CCONJ,cd,21259,unterhielten
21266,ich,ich,PRON,sb,21267,werde
21267,werde,werden,AUX,cj,21265,und
21268,sie,sie,PRON,pd,21267,werde
21269,mitteilen,mitteilen,VERB,ROOT,21269,mitteilen
21270,",",--,PUNCT,punct,21269,mitteilen
21271,wenn,wenn,SCONJ,cp,21275,habe
21272,ich,ich,PRON,sb,21275,habe
21273,Lust,Lust,NOUN,oa,21275,habe
21274,dazu,dazu,ADV,mnr,21273,Lust
21275,habe,haben,VERB,mo,21269,mitteilen
21276,.,--,PUNCT,punct,21269,mitteilen
