Idx,Token,Lemma,PoS,Dependency,Dependency_head_idx,Dependency_head_text
0,David,David,PROPN,pnc,1,Heß
1,Heß,Heß,PROPN,ROOT,1,Heß
2,Der,der,DET,nk,3,Tonkunst
3,Tonkunst,Tonkunst,NOUN,ROOT,3,Tonkunst
4,Wettstreit,Wettstreit,NOUN,nk,3,Tonkunst
5,mit,mit,ADP,mnr,4,Wettstreit
6,der,der,DET,nk,7,Malerei
7,Malerei,Malerei,NOUN,nk,5,mit
8,1.,1.,ADV,ROOT,8,1.
9,»,--,PUNCT,punct,10,Potz
10,Potz,Potz,PROPN,ROOT,10,Potz
11,Stein,Stein,NOUN,pnc,10,Potz
12,und,und,CCONJ,cd,10,Potz
13,kein,kein,DET,nk,14,Ende
14,Ende,Ende,NOUN,cj,12,und
15,",",--,PUNCT,punct,14,Ende
16,Angelika,Angelika,PROPN,cj,12,und
17,!,--,PUNCT,punct,10,Potz
18,Indeß,Indeß,VERB,ROOT,18,Indeß
19,ich,ich,PRON,sb,18,Indeß
20,da,da,ADV,mo,18,Indeß
21,seit,seit,ADP,mo,18,Indeß
22,zwei,zwei,NUM,nk,23,Stunden
23,Stunden,Stunde,NOUN,nk,21,seit
24,im,in,ADP,mnr,23,Stunden
25,Feuer,Feuer,NOUN,nk,24,im
26,der,der,DET,nk,27,Composition
27,Composition,Composition,NOUN,da,31,sitze
28,vor,vor,ADP,mo,31,sitze
29,meiner,mein,DET,nk,30,Staffelei
30,Staffelei,Staffelei,NOUN,nk,28,vor
31,sitze,sitzen,VERB,ROOT,31,sitze
32,",",--,PUNCT,punct,31,sitze
33,meine,mein,DET,nk,35,Aufmerksamkeit
34,ganze,ganz,ADJ,nk,35,Aufmerksamkeit
35,Aufmerksamkeit,Aufmerksamkeit,NOUN,oa,31,sitze
36,dem,der,DET,nk,37,Bild
37,Bild,Bild,NOUN,da,31,sitze
38,weihe,Weihe,PROPN,ROOT,38,weihe
39,",",--,PUNCT,punct,38,weihe
40,das,der,PRON,sb,44,quillt
41,aus,aus,ADP,mo,44,quillt
42,meiner,mein,DET,nk,43,Seele
43,Seele,Seele,NOUN,nk,41,aus
44,quillt,quillen,VERB,rc,38,weihe
45,",",--,PUNCT,punct,38,weihe
46,und,und,CCONJ,cd,38,weihe
47,wähne,wähnen,VERB,cj,46,und
48,",",--,PUNCT,punct,47,wähne
49,du,du,PRON,sb,47,wähne
50,zeichnest,zeichnest,ADV,mo,53,eifrig
51,eben,eben,ADV,mo,53,eifrig
52,so,so,ADV,mo,53,eifrig
53,eifrig,eifrig,ADV,mo,47,wähne
54,fort,fort,ADV,mo,56,muß
55,",",--,PUNCT,punct,56,muß
56,muß,müssen,AUX,ROOT,56,muß
57,ich,ich,PRON,sb,56,muß
58,jetzt,jetzt,ADV,mo,56,muß
59,beim,bei,ADP,mo,62,gewahr
60,ersten,erster,ADJ,nk,61,Ausblick
61,Ausblick,Ausblick,NOUN,nk,59,beim
62,gewahr,gewahr,VERB,oc,63,werden
63,werden,werden,AUX,oc,56,muß
64,",",--,PUNCT,punct,63,werden
65,daß,daß,SCONJ,cp,67,leichtsinnige
66,das,der,DET,nk,67,leichtsinnige
67,leichtsinnige,leichtsinnig,ADJ,ROOT,67,leichtsinnige
68,Mädchen,Mädchen,NOUN,sb,74,verdirbt
69,schon,schon,ADV,mo,70,wieder
70,wieder,wieder,ADV,mo,74,verdirbt
71,Zeit,Zeit,NOUN,oa,74,verdirbt
72,und,und,CCONJ,cd,71,Zeit
73,Augen,Auge,NOUN,cj,72,und
74,verdirbt,verderben,VERB,ROOT,74,verdirbt
75,um,um,ADP,cp,78,abzuschreiben
76,–,--,PUNCT,punct,77,Noten
77,Noten,Note,NOUN,oa,78,abzuschreiben
78,abzuschreiben,abzuschreiben,VERB,mo,74,verdirbt
79,!,--,PUNCT,punct,74,verdirbt
80,Wie,wie,ADV,pd,81,ist
81,ist,sein,AUX,ROOT,81,ist
82,es,es,PRON,ROOT,82,es
83,denn,denn,ADV,mo,82,es
84,möglich,möglich,ADV,mo,82,es
85,",",--,PUNCT,punct,82,es
86,daß,daß,SCONJ,cp,87,du
87,du,du,PRON,ROOT,87,du
88,die,der,DET,nk,91,Paralell-Linien
89,fünf,fünf,NUM,nk,91,Paralell-Linien
90,ewigen,ewig,ADJ,nk,91,Paralell-Linien
91,Paralell-Linien,Paralell-Lini,NOUN,ag,87,du
92,",",--,PUNCT,punct,91,Paralell-Linien
93,die,der,DET,nk,95,Kleckse
94,schwarzen,schwarz,ADJ,nk,95,Kleckse
95,Kleckse,Kleckse,NOUN,app,91,Paralell-Linien
96,mit,mit,ADP,ROOT,96,mit
97,Schwänzen,Schwanz,NOUN,nk,96,mit
98,und,und,CCONJ,cd,97,Schwänzen
99,Schnörkeln,Schnörkel,NOUN,cj,98,und
100,dran,dran,ADV,mo,96,mit
101,",",--,PUNCT,punct,100,dran
102,lieber,lieber,ADV,mo,103,ansehn
103,ansehn,ansehn,PROPN,pnc,104,magst
104,magst,Magst,ADV,mo,100,dran
105,",",--,PUNCT,punct,104,magst
106,als,als,SCONJ,cm,108,weichen
107,die,der,DET,nk,108,weichen
108,weichen,weichen,NOUN,cc,104,magst
109,sphärischen,sphärisch,ADJ,nk,110,Formen
110,Formen,Form,NOUN,ROOT,110,Formen
111,deiner,dein,ADJ,nk,112,Niobe
112,Niobe,Niobe,NOUN,ag,110,Formen
113,",",--,PUNCT,punct,110,Formen
114,an,an,ADP,mo,118,fortarbeiten
115,der,der,PRON,nk,114,an
116,du,du,PRON,sb,119,sollen
117,hättest,Hättest,NOUN,oc,118,fortarbeiten
118,fortarbeiten,fortarbeiten,VERB,oc,119,sollen
119,sollen,sollen,AUX,rc,110,Formen
120,!,--,PUNCT,punct,110,Formen
121,Ich,ich,PRON,ROOT,121,Ich
122,hätt,Hätt,AUX,ROOT,122,hätt
123,',--,PUNCT,punct,122,hätt
124,es,es,PRON,ep,122,hätt
125,halt,halt,ADV,mo,128,leiden
126,gar,gar,ADV,mo,127,nie
127,nie,nie,ADV,mo,128,leiden
128,leiden,leiden,VERB,oc,122,hätt
129,",",--,PUNCT,punct,128,leiden
130,dir,dir,PRON,da,133,anschaffen
131,kein,kein,DET,nk,132,Klavier
132,Klavier,Klavier,NOUN,oa,133,anschaffen
133,anschaffen,anschaffen,VERB,oc,128,leiden
134,und,und,CCONJ,cd,133,anschaffen
135,dir,dir,PRON,sb,137,Musik
136,die,der,DET,nk,137,Musik
137,Musik,Musik,NOUN,cj,134,und
138,ein,ein,ADV,svp,122,hätt
139,für,für,ADP,mo,141,verbieten
140,allemal,allemal,ADV,nk,139,für
141,verbieten,verbieten,VERB,oc,142,sollen
142,sollen,sollen,AUX,ROOT,142,sollen
143,;,--,PUNCT,punct,142,sollen
144,denn,denn,CCONJ,ju,148,geht
145,über,über,ADP,mo,148,geht
146,dem,der,DET,nk,147,Gedudel
147,Gedudel,Gedudel,NOUN,nk,145,über
148,geht,gehen,VERB,ROOT,148,geht
149,der,der,DET,nk,150,Hauptzweck
150,Hauptzweck,Hauptzweck,NOUN,sb,148,geht
151,deines,dein,DET,punct,148,geht
152,Lebens,Leben,NOUN,ROOT,152,Lebens
153,verloren,verlieren,ADV,oc,152,Lebens
154,!,--,PUNCT,punct,152,Lebens
155,«,--,PUNCT,ROOT,155,«
156,Mit,mit,ADP,mo,160,fuhr
157,diesen,dieser,DET,nk,159,Worten
158,harten,hart,ADJ,nk,159,Worten
159,Worten,Wort,NOUN,nk,156,Mit
160,fuhr,fahren,VERB,ROOT,160,fuhr
161,der,der,DET,nk,162,Maler
162,Maler,Maler,NOUN,sb,160,fuhr
163,Lukas,Lukas,PROPN,pnc,164,Schönfeld
164,Schönfeld,Schönfeld,PROPN,nk,162,Maler
165,seine,sein,DET,nk,167,Tochter
166,einzige,einzig,ADJ,nk,167,Tochter
167,Tochter,Tochter,NOUN,oa,160,fuhr
168,an,an,ADP,ROOT,168,an
169,",",--,PUNCT,punct,168,an
170,die,der,PRON,sb,175,saß
171,nicht,nicht,PART,ng,175,saß
172,weit,weit,ADV,mo,175,saß
173,von,von,ADP,mo,172,weit
174,ihm,ihm,PRON,nk,173,von
175,saß,sitzen,VERB,rc,168,an
176,",",--,PUNCT,punct,175,saß
177,und,und,CCONJ,cd,175,saß
178,in,in,ADP,mo,182,emsig
179,der,der,DET,nk,180,That
180,That,That,NOUN,nk,178,in
181,sehr,sehr,ADV,mo,182,emsig
182,emsig,emsig,ADV,cj,177,und
183,neben,neben,ADP,mo,182,emsig
184,ihrem,ihr,DET,punct,174,ihm
185,Reißbrett,Reißbrett,NOUN,ROOT,185,Reißbrett
186,Mustknoten,Mustknot,NOUN,sb,187,kopierte
187,kopierte,kopieren,VERB,ROOT,187,kopierte
188,.,--,PUNCT,punct,187,kopierte
189,Des,der,DET,nk,190,Künstlers
190,Künstlers,Künstler,NOUN,ag,191,Eifer
191,Eifer,Eifer,NOUN,sb,192,war
192,war,sein,AUX,ROOT,192,war
193,eben,eben,ADV,mo,192,war
194,nicht,nicht,PART,ng,192,war
195,bös,Bös,NOUN,mo,196,gemeint
196,gemeint,meinen,VERB,pd,192,war
197,",",--,PUNCT,punct,192,war
198,denn,denn,CCONJ,cd,192,war
199,die,der,DET,nk,200,schöne
200,schöne,schön,ADJ,cj,198,denn
201,und,und,CCONJ,cd,200,schöne
202,wunderliebliche,wunderlieblich,ADJ,nk,203,Angelika
203,Angelika,Angelika,PROPN,sb,204,war
204,war,sein,AUX,ROOT,204,war
205,sein,sein,DET,nk,206,Herzblatt
206,Herzblatt,Herzblatt,NOUN,pd,204,war
207,;,--,PUNCT,punct,204,war
208,aber,aber,CCONJ,ju,210,war
209,es,es,PRON,sb,210,war
210,war,sein,AUX,ROOT,210,war
211,so,so,ADV,mo,210,war
212,die,der,DET,nk,213,Art
213,Art,Art,NOUN,pd,210,war
214,des,der,DET,punct,210,war
215,gutmüthig,gutmüthig,ADV,mo,216,launigten
216,launigten,launigt,ADJ,nk,217,Feuerkopfs
217,Feuerkopfs,Feuerkopf,NOUN,ROOT,217,Feuerkopfs
218,",",--,PUNCT,punct,217,Feuerkopfs
219,sich,sich,PRON,oa,223,auszudrücken
220,grell,grell,ADV,mo,223,auszudrücken
221,und,und,CCONJ,cd,220,grell
222,heftig,heftig,ADV,cj,221,und
223,auszudrücken,ausdrücken,VERB,oc,217,Feuerkopfs
224,.,--,PUNCT,punct,217,Feuerkopfs
225,»,--,PUNCT,punct,227,Vater
226,Lieber,lieb,ADJ,nk,227,Vater
227,Vater,Vater,NOUN,mo,230,erwiederte
228,«,--,PUNCT,punct,227,Vater
229,",",--,PUNCT,punct,230,erwiederte
230,erwiederte,erwiedern,VERB,ROOT,230,erwiederte
231,das,der,DET,nk,232,Mädchen
232,Mädchen,Mädchen,NOUN,sb,230,erwiederte
233,mit,mit,ADP,mo,230,erwiederte
234,sanfter,sanft,ADJ,nk,235,Stimme
235,Stimme,Stimme,NOUN,nk,233,mit
236,und,und,CCONJ,cd,230,erwiederte
237,legte,legen,VERB,cj,236,und
238,die,der,DET,nk,239,Feder
239,Feder,Feder,NOUN,oa,237,legte
240,weg,weg,ADV,dm,244,wußte
241,",",--,PUNCT,punct,244,wußte
242,»,--,PUNCT,punct,244,wußte
243,ich,ich,PRON,sb,244,wußte
244,wußte,wissen,VERB,ROOT,244,wußte
245,mir,sich,PRON,da,244,wußte
246,an,an,ADP,op,244,wußte
247,dem,der,DET,nk,248,Kontur
248,Kontur,Kontur,NOUN,nk,246,an
249,der,der,DET,nk,250,Schattenseite
250,Schattenseite,Schattenseite,NOUN,ag,248,Kontur
251,allein,allein,ADV,mo,244,wußte
252,nicht,nicht,PART,ng,244,wußte
253,mehr,mehr,ADV,mo,252,nicht
254,fortzuhelfen,fortzuhelfen,VERB,ROOT,254,fortzuhelfen
255,und,und,CCONJ,cd,254,fortzuhelfen
256,wollte,wollen,AUX,cj,255,und
257,Sie,sie,PRON,sb,256,wollte
258,doch,doch,ADV,mo,256,wollte
259,nicht,nicht,PART,ng,256,wollte
260,stören,stören,VERB,oc,256,wollte
261,",",--,PUNCT,punct,256,wollte
262,weil,weil,SCONJ,cp,264,sah
263,ich,ich,PRON,sb,264,sah
264,sah,sehen,VERB,mo,256,wollte
265,",",--,PUNCT,punct,264,sah
266,daß,daß,SCONJ,ROOT,266,daß
267,Sie,sie,PRON,sb,266,daß
268,so,so,ADV,mo,269,ganz
269,ganz,ganz,ADV,mo,270,in
270,in,in,ADP,mnr,267,Sie
271,Ihre,ihr,DET,nk,272,Arbeit
272,Arbeit,Arbeit,NOUN,sb,274,waren
273,vertieft,vertiefen,VERB,pd,274,waren
274,waren,sein,AUX,ROOT,274,waren
275,.,--,PUNCT,punct,274,waren
276,Da,da,ADV,mo,277,schrieb
277,schrieb,schreiben,VERB,ROOT,277,schrieb
278,ich,ich,PRON,sb,277,schrieb
279,unterdeß,unterdeß,ADV,mo,277,schrieb
280,",",--,PUNCT,punct,277,schrieb
281,um,um,SCONJ,cp,284,müßig
282,doch,doch,ADV,mo,284,müßig
283,nicht,nicht,PART,ng,284,müßig
284,müßig,müßig,ADV,mo,277,schrieb
285,zu,zu,ADP,svp,277,schrieb
286,bleiben,bleiben,VERB,ROOT,286,bleiben
287,",",--,PUNCT,punct,286,bleiben
288,den,der,DET,nk,290,Canon
289,artigen,artig,ADJ,nk,290,Canon
290,Canon,Canon,NOUN,oa,286,bleiben
291,ab,ab,ADP,svp,286,bleiben
292,",",--,PUNCT,punct,286,bleiben
293,welchen,welcher,DET,par,286,bleiben
294,die,der,DET,nk,295,Studenten
295,Studenten,Student,NOUN,sb,293,welchen
296,vorige,vorig,ADJ,nk,297,Woche
297,Woche,Woche,NOUN,mo,298,im
298,im,in,ADP,mo,293,welchen
299,Konzert,Konzert,NOUN,nk,298,im
300,sangen,singen,VERB,ROOT,300,sangen
301,.,--,PUNCT,punct,300,sangen
302,«,--,PUNCT,punct,300,sangen
303,»,--,PUNCT,punct,305,Konzert
304,Was,was,PRON,sb,305,Konzert
305,Konzert,Konzert,NOUN,ROOT,305,Konzert
306,und,und,CCONJ,cd,305,Konzert
307,Studenten,Student,NOUN,cj,306,und
308,!,--,PUNCT,punct,305,Konzert
309,Du,du,PRON,sb,310,sollst
310,sollst,sollen,AUX,ROOT,310,sollst
311,weder,weder,CCONJ,cd,313,Sängerin
312,eine,ein,DET,nk,313,Sängerin
313,Sängerin,Sängerin,NOUN,pd,314,werden
314,werden,werden,AUX,oc,310,sollst
315,",",--,PUNCT,punct,314,werden
316,Mädchen,Mädchen,NOUN,cj,314,werden
317,",",--,PUNCT,punct,314,werden
318,noch,noch,ADV,mo,310,sollst
319,mit,mit,ADP,mo,322,haben
320,Studenten,Student,NOUN,nk,319,mit
321,Verkehr,Verkehr,NOUN,oa,322,haben
322,haben,haben,VERB,oc,325,polterte
323,«,--,PUNCT,punct,322,haben
324,",",--,PUNCT,punct,325,polterte
325,polterte,polteren,VERB,ROOT,325,polterte
326,der,der,DET,nk,327,Alte
327,Alte,alt,NOUN,sb,325,polterte
328,fort,fort,ADV,svp,325,polterte
329,.,--,PUNCT,punct,325,polterte
330,»,--,PUNCT,punct,332,Malerin
331,Eine,ein,DET,nk,332,Malerin
332,Malerin,Malerin,NOUN,ROOT,332,Malerin
333,",",--,PUNCT,punct,332,Malerin
334,eine,ein,PRON,par,332,Malerin
335,bedeutende,bedeutend,ADJ,nk,338,Malerin
336,",",--,PUNCT,punct,335,bedeutende
337,berühmte,berühmt,ADJ,cj,335,bedeutende
338,Malerin,Malerin,NOUN,oa,341,werden
339,sollst,sollen,AUX,ROOT,339,sollst
340,du,du,PRON,sb,339,sollst
341,werden,werden,AUX,oc,339,sollst
342,",",--,PUNCT,punct,341,werden
343,wie,wie,SCONJ,cm,345,Namenspatronin
344,deine,dein,DET,nk,345,Namenspatronin
345,Namenspatronin,Namenspatronin,PROPN,mo,339,sollst
346,",",--,PUNCT,punct,345,Namenspatronin
347,die,der,PRON,dep,339,sollst
348,glorreiche,glorreich,ADJ,nk,349,Tyrolerin
349,Tyrolerin,Tyrolerin,NOUN,ROOT,349,Tyrolerin
350,!,--,PUNCT,punct,349,Tyrolerin
351,Darum,darum,ADV,mo,352,ließ
352,ließ,lassen,VERB,ROOT,352,ließ
353,ich,ich,PRON,sb,352,ließ
354,dich,dich,PRON,oa,356,taufen
355,Angelika,Angelika,PROPN,oa,356,taufen
356,taufen,taufen,VERB,oc,352,ließ
357,",",--,PUNCT,punct,356,taufen
358,um,um,SCONJ,dep,352,ließ
359,dich,dich,PRON,nk,358,um
360,durch,durch,ADP,mo,358,um
361,diesen,dieser,DET,nk,360,durch
362,Namen,Name,NOUN,ROOT,362,Namen
363,schon,schon,ADV,mo,365,Kunst
364,der,der,DET,nk,365,Kunst
365,Kunst,Kunst,NOUN,da,367,weihen
366,zu,zu,PART,pm,367,weihen
367,weihen,weihen,VERB,oc,362,Namen
368,",",--,PUNCT,punct,367,weihen
369,weil,weil,SCONJ,cp,371,Herrgott
370,unser,unser,DET,nk,371,Herrgott
371,Herrgott,Herrgott,NOUN,ROOT,371,Herrgott
372,mir,mir,PRON,nk,371,Herrgott
373,keinen,kein,DET,nk,374,Sohn
374,Sohn,Sohn,NOUN,oa,371,Herrgott
375,bescheerte,bescheeren,VERB,ROOT,375,bescheerte
376,.,--,PUNCT,punct,375,bescheerte
377,Gab,Gab,VERB,ROOT,377,Gab
378,doch,doch,ADV,mo,377,Gab
379,mein,mein,DET,nk,380,Vater
380,Vater,Vater,NOUN,sb,377,Gab
381,mir,mir,PRON,da,377,Gab
382,auch,auch,ADV,mo,377,Gab
383,schon,schon,ADV,mo,377,Gab
384,in,in,ADP,mo,377,Gab
385,prophetischem,prophetisch,ADJ,nk,386,Sinne
386,Sinne,Sinn,NOUN,nk,384,in
387,den,der,DET,nk,388,Namen
388,Namen,Name,NOUN,oa,377,Gab
389,des,der,DET,nk,392,Meisters
390,ältesten,alt,ADJ,nk,392,Meisters
391,christlichen,christlich,ADJ,nk,392,Meisters
392,Meisters,Meister,NOUN,ROOT,392,Meisters
393,",",--,PUNCT,punct,392,Meisters
394,des,der,DET,nk,395,Evangelisten
395,Evangelisten,Evangelist,ADJ,app,392,Meisters
396,Lukas,Luka,PROPN,ag,395,Evangelisten
397,!,--,PUNCT,ROOT,397,!
398,Und,und,CCONJ,ju,399,bin
399,bin,sein,AUX,ROOT,399,bin
400,ich,ich,PRON,sb,399,bin
401,nicht,nicht,PART,ng,399,bin
402,ein,ein,DET,nk,404,Kerl
403,ganzer,ganz,ADJ,nk,404,Kerl
404,Kerl,Kerl,NOUN,pd,405,geworden
405,geworden,werden,AUX,ROOT,405,geworden
406,",",--,PUNCT,punct,405,geworden
407,den,der,PRON,oa,411,ehren
408,die,der,DET,nk,410,Kenner
409,wahren,wahr,ADJ,nk,410,Kenner
410,Kenner,Kenner,NOUN,sb,411,ehren
411,ehren,ehren,VERB,rc,402,ein
412,",",--,PUNCT,punct,405,geworden
413,und,und,CCONJ,cd,405,geworden
414,dessen,der,DET,ag,415,Werke
415,Werke,Werk,NOUN,oa,416,lang
416,lang,lang,ADV,cj,413,und
417,nach,nach,ADP,mo,421,fortleben
418,seinem,sein,DET,nk,419,Tode
419,Tode,Tod,NOUN,nk,417,nach
420,noch,noch,ADV,mo,421,fortleben
421,fortleben,fortleben,VERB,oc,422,werden
422,werden,werden,AUX,ROOT,422,werden
423,?,--,PUNCT,punct,422,werden
424,Wie,wie,ADV,mo,427,erzählte
425,oft,oft,ADV,mo,427,erzählte
426,schon,schon,ADV,mo,427,erzählte
427,erzählte,erzählen,VERB,ROOT,427,erzählte
428,ich,ich,PRON,sb,427,erzählte
429,dir,dir,PRON,oa,427,erzählte
430,",",--,PUNCT,punct,427,erzählte
431,wie,wie,ADP,cm,432,der
432,der,der,DET,cc,427,erzählte
433,alte,alt,ADJ,nk,435,Mengs
434,Ismael,Ismael,PROPN,pnc,435,Mengs
435,Mengs,Meng,PROPN,sb,440,ließ
436,seinen,sein,DET,nk,437,Sohn
437,Sohn,Sohn,NOUN,oa,439,taufen
438,Raphael,Raphael,PROPN,nk,437,Sohn
439,taufen,taufen,VERB,oc,440,ließ
440,ließ,lassen,VERB,ROOT,440,ließ
441,",",--,PUNCT,punct,440,ließ
442,damit,damit,SCONJ,cp,444,er
443,auch,auch,ADV,mo,444,er
444,er,er,PRON,sb,440,ließ
445,seinem,sein,DET,da,439,taufen
446,Namenspatron,Namenspatron,PROPN,sb,454,nachstrebe
447,",",--,PUNCT,punct,446,Namenspatron
448,dem,der,DET,nk,449,Erzengel
449,Erzengel,Erzengel,NOUN,app,446,Namenspatron
450,unter,unter,ADP,mnr,449,Erzengel
451,den,der,DET,nk,452,Malern
452,Malern,Maler,NOUN,nk,450,unter
453,",",--,PUNCT,punct,454,nachstrebe
454,nachstrebe,nachstreben,VERB,ROOT,454,nachstrebe
455,in,in,ADP,mo,454,nachstrebe
456,der,der,DET,nk,457,göttlichen
457,göttlichen,göttlich,ADJ,nk,455,in
458,Kunst,Kunst,NOUN,ROOT,458,Kunst
459,.,--,PUNCT,punct,458,Kunst
460,Der,der,DET,nk,461,Blitzjunge
461,Blitzjunge,Blitzjunge,NOUN,sb,462,wollte
462,wollte,wollen,AUX,ROOT,462,wollte
463,Anfangs,Anfangs,ADV,mo,462,wollte
464,nicht,nicht,PART,ng,462,wollte
465,dran,dran,ADV,mo,462,wollte
466,",",--,PUNCT,punct,462,wollte
467,aber,aber,CCONJ,cd,462,wollte
468,sein,sein,DET,nk,469,Vater
469,Vater,Vater,NOUN,sb,470,wußte
470,wußte,wissen,VERB,cj,467,aber
471,ihm,ihm,PRON,da,470,wußte
472,die,der,DET,oa,470,wußte
473,Mücken,Mück,NOUN,oa,474,auszutreiben
474,auszutreiben,austreiben,VERB,ROOT,474,auszutreiben
475,.,--,PUNCT,punct,474,auszutreiben
476,Er,er,PRON,sb,477,prügelte
477,prügelte,prügelen,VERB,ROOT,477,prügelte
478,ihm,ihm,PRON,da,477,prügelte
479,",",--,PUNCT,punct,477,prügelte
480,ja,ja,PART,mo,477,prügelte
481,",",--,PUNCT,punct,477,prügelte
482,ich,ich,PRON,sb,483,sage
483,sage,sagen,VERB,oc,477,prügelte
484,dir,dir,PRON,oa,483,sage
485,",",--,PUNCT,punct,483,sage
486,er,er,PRON,sb,487,prügelte
487,prügelte,prügelen,VERB,oc,483,sage
488,ihm,ihm,PRON,da,487,prügelte
489,die,der,DET,punct,477,prügelte
490,Kunst,Kunst,NOUN,ROOT,490,Kunst
491,ein,ein,ADV,svp,490,Kunst
492,;,--,PUNCT,punct,490,Kunst
493,und,und,CCONJ,ju,498,faßte
494,daß,daß,SCONJ,cp,498,faßte
495,er,er,PRON,sb,498,faßte
496,sie,sie,PRON,oa,498,faßte
497,nachher,nachher,ADV,mo,498,faßte
498,faßte,fassen,VERB,ROOT,498,faßte
499,",",--,PUNCT,punct,498,faßte
500,und,und,CCONJ,cd,498,faßte
501,mit,mit,ADP,mo,505,trieb
502,hoher,hoch,ADJ,nk,504,Liebe
503,heißer,heiß,ADJ,nk,504,Liebe
504,Liebe,Liebe,NOUN,nk,501,mit
505,trieb,treiben,VERB,cj,500,und
506,",",--,PUNCT,punct,505,trieb
507,das,der,PRON,ROOT,507,das
508,beweisen,beweisen,VERB,ROOT,508,beweisen
509,die,der,DET,nk,510,Werke
510,Werke,Werk,NOUN,sb,508,beweisen
511,des,der,DET,nk,512,Unsterblichen
512,Unsterblichen,unsterbliche,NOUN,ag,510,Werke
513,.,--,PUNCT,punct,508,beweisen
514,Prügeln,Prügel,VERB,oc,515,werde
515,werde,werden,AUX,ROOT,515,werde
516,ich,ich,PRON,sb,515,werde
517,dich,dich,PRON,oa,514,Prügeln
518,freilich,freilich,ADV,mo,514,Prügeln
519,nicht,nicht,PART,ng,515,werde
520,",",--,PUNCT,punct,515,werde
521,Herzenskind,Herzenskind,NOUN,ROOT,521,Herzenskind
522,",",--,PUNCT,punct,521,Herzenskind
523,dir,dir,PRON,cj,521,Herzenskind
524,nicht,nicht,PART,ng,529,unsanft
525,einmal,einmal,ADV,mo,524,nicht
526,mit,mit,ADP,mo,529,unsanft
527,dem,der,DET,nk,528,Pinselstiel
528,Pinselstiel,Pinselstiel,NOUN,nk,526,mit
529,unsanft,unsanft,ADV,pd,523,dir
530,auf,auf,ADP,mo,529,unsanft
531,die,der,DET,nk,532,Fingerchen
532,Fingerchen,Fingerchen,NOUN,nk,530,auf
533,klopfen,klopfen,VERB,ROOT,533,klopfen
534,;,--,PUNCT,punct,533,klopfen
535,dafür,dafür,ADV,mo,537,sollst
536,aber,aber,ADV,mo,537,sollst
537,sollst,sollen,AUX,ROOT,537,sollst
538,du,du,PRON,sb,537,sollst
539,auch,auch,ADV,mo,541,Hoffnungen
540,die,der,DET,nk,541,Hoffnungen
541,Hoffnungen,Hoffnung,NOUN,oa,537,sollst
542,deines,dein,DET,nk,543,Vaters
543,Vaters,Vater,NOUN,ag,541,Hoffnungen
544,nicht,nicht,PART,ng,537,sollst
545,zu,zu,ADP,svp,537,sollst
546,Schanden,Schande,NOUN,oa,547,machen
547,machen,machen,VERB,ROOT,547,machen
548,",",--,PUNCT,punct,547,machen
549,keine,kein,DET,nk,550,Alotria
550,Alotria,Alotria,PROPN,oa,551,treiben
551,treiben,treiben,VERB,cj,547,machen
552,",",--,PUNCT,punct,547,machen
553,und,und,CCONJ,cd,547,machen
554,fleißig,fleißig,ADV,mo,555,nach
555,nach,nach,ADP,cj,553,und
556,den,der,DET,nk,558,Mustern
557,guten,gut,ADJ,nk,558,Mustern
558,Mustern,Muster,NOUN,nk,555,nach
559,",",--,PUNCT,punct,558,Mustern
560,die,der,PRON,oa,547,machen
561,ich,ich,PRON,sb,563,vorlege
562,dir,dir,PRON,oa,563,vorlege
563,vorlege,vorlegen,NOUN,ROOT,563,vorlege
564,",",--,PUNCT,punct,563,vorlege
565,zeichnen,zeichnen,VERB,cj,563,vorlege
566,und,und,CCONJ,cd,565,zeichnen
567,studiren,studiren,VERB,cj,566,und
568,",",--,PUNCT,punct,567,studiren
569,bis,bis,SCONJ,cp,575,aufgeht
570,einst,einst,ADV,mo,575,aufgeht
571,das,der,DET,nk,573,Licht
572,innere,innerer,ADJ,nk,573,Licht
573,Licht,Licht,NOUN,sb,575,aufgeht
574,dir,dir,PRON,mnr,573,Licht
575,aufgeht,aufgehen,VERB,mo,567,studiren
576,",",--,PUNCT,punct,563,vorlege
577,und,und,CCONJ,ROOT,577,und
578,du,du,PRON,sb,587,kannst
579,aus,aus,ADP,mo,587,kannst
580,eigener,eigen,ADJ,nk,581,Kraft
581,Kraft,Kraft,NOUN,nk,579,aus
582,die,der,DET,nk,583,Mythen
583,Mythen,Mythos,NOUN,oa,586,darstellen
584,der,der,DET,nk,585,Vorwelt
585,Vorwelt,Vorwelt,NOUN,ag,583,Mythen
586,darstellen,darstellen,VERB,pnc,587,kannst
587,kannst,Kannst,PROPN,cj,577,und
588,",",--,PUNCT,punct,587,kannst
589,wie,wie,SCONJ,cm,590,die
590,die,der,PRON,cc,587,kannst
591,Tyrolerin,Tyrolerin,NOUN,ROOT,591,Tyrolerin
592,",",--,PUNCT,punct,591,Tyrolerin
593,oder,oder,CCONJ,cd,591,Tyrolerin
594,besser,gut,ADV,cj,593,oder
595,noch,noch,ADV,mo,591,Tyrolerin
596,!,--,PUNCT,punct,591,Tyrolerin
597,«,--,PUNCT,punct,591,Tyrolerin
598,»,--,PUNCT,punct,600,zeichne
599,Ich,ich,PRON,sb,600,zeichne
600,zeichne,zeichnen,VERB,oc,612,sprach
601,ja,ja,ADV,mo,600,zeichne
602,recht,recht,ADV,mo,603,gern
603,gern,gern,ADV,mo,600,zeichne
604,und,und,CCONJ,cd,603,gern
605,fleißig,fleißig,ADV,cj,604,und
606,",",--,PUNCT,punct,600,zeichne
607,mein,mein,DET,nk,609,Vater
608,guter,gut,ADJ,nk,609,Vater
609,Vater,Vater,NOUN,cj,600,zeichne
610,«,--,PUNCT,punct,600,zeichne
611,",",--,PUNCT,punct,612,sprach
612,sprach,sprechen,VERB,ROOT,612,sprach
613,Angelika,Angelika,PROPN,sb,612,sprach
614,.,--,PUNCT,punct,612,sprach
615,»,--,PUNCT,punct,618,Erholung
616,Allein,allein,ADV,mo,617,zur
617,zur,zu,ADP,mo,621,darf
618,Erholung,Erholung,NOUN,nk,617,zur
619,und,und,CCONJ,cd,618,Erholung
620,Abwechslung,Abwechslung,NOUN,cj,619,und
621,darf,dürfen,AUX,ROOT,621,darf
622,ich,ich,PRON,sb,621,darf
623,doch,doch,ADV,mo,621,darf
624,wohl,wohl,ADV,mo,621,darf
625,auch,auch,ADV,mo,627,Stündchen
626,ein,ein,DET,nk,627,Stündchen
627,Stündchen,Stündchen,NOUN,oc,621,darf
628,singen,singen,VERB,ROOT,628,singen
629,und,und,CCONJ,cd,628,singen
630,spielen,spielen,VERB,cj,629,und
631,.,--,PUNCT,punct,628,singen
632,Wie,wie,ADV,mo,635,gestanden
633,oft,oft,ADV,mo,635,gestanden
634,schon,schon,ADV,mo,635,gestanden
635,gestanden,stehen,VERB,ROOT,635,gestanden
636,Sie,sie,PRON,sb,635,gestanden
637,mir,mir,PRON,da,635,gestanden
638,selbst,selbst,ADV,mnr,637,mir
639,",",--,PUNCT,punct,635,gestanden
640,daß,daß,SCONJ,cp,641,Sie
641,Sie,sie,PRON,cc,635,gestanden
642,mit,mit,ADP,mnr,641,Sie
643,erhöhter,erhöht,ADJ,nk,644,Begeisterung
644,Begeisterung,Begeisterung,NOUN,da,645,arbeiteten
645,arbeiteten,arbeiten,VERB,ROOT,645,arbeiteten
646,",",--,PUNCT,punct,645,arbeiteten
647,wenn,wenn,SCONJ,cp,652,Lied
648,ich,ich,PRON,sb,652,Lied
649,Ihnen,ihnen,PRON,oa,652,Lied
650,dazu,dazu,ADV,mnr,649,Ihnen
651,das,der,DET,nk,652,Lied
652,Lied,Lied,NOUN,ROOT,652,Lied
653,aus,aus,ADP,mnr,652,Lied
654,der,der,DET,nk,655,Ferne
655,Ferne,Ferne,NOUN,nk,653,aus
656,sang,singen,VERB,ROOT,656,sang
657,",",--,PUNCT,punct,656,sang
658,oder,oder,CCONJ,cd,656,sang
659,des,der,DET,nk,660,Wanderers
660,Wanderers,Wanderer,NOUN,cj,658,oder
661,Nachtlied,Nachtlied,NOUN,nk,660,Wanderers
662,an,an,ADP,mnr,660,Wanderers
663,die,der,DET,nk,664,Sterne
664,Sterne,Stern,NOUN,nk,662,an
665,?,--,PUNCT,punct,656,sang
666,Um,um,SCONJ,ROOT,666,Um
667,das,der,PRON,nk,666,Um
668,aber,aber,ADV,mo,669,mit
669,mit,mit,ADP,re,666,Um
670,einiger,einiger,DET,nk,669,mit
671,Fertigkeit,Fertigkeit,NOUN,oa,672,thun
672,thun,thun,VERB,oc,674,können
673,zu,zu,PART,pm,674,können
674,können,können,AUX,mo,676,muß
675,",",--,PUNCT,punct,676,muß
676,muß,müssen,AUX,ROOT,676,muß
677,ich,ich,PRON,sb,676,muß
678,mich,sich,PRON,oa,680,üben
679,doch,doch,ADV,mo,680,üben
680,üben,üben,VERB,oc,676,muß
681,",",--,PUNCT,punct,682,muß
682,muß,müssen,AUX,cj,676,muß
683,Noten,Note,NOUN,oa,684,abschreiben
684,abschreiben,abschreiben,VERB,oc,682,muß
685,",",--,PUNCT,punct,682,muß
686,um,um,SCONJ,punct,676,muß
687,sie,sie,PRON,sb,693,können
688,á,á,PROPN,oa,691,lesen
689,prima,Prima,PROPN,mo,690,vista
690,vista,Vista,PROPN,oa,691,lesen
691,lesen,lesen,VERB,oc,693,können
692,zu,zu,PART,pm,693,können
693,können,können,AUX,ROOT,693,können
694,.,--,PUNCT,punct,693,können
695,«,--,PUNCT,punct,693,können
696,»,--,PUNCT,punct,698,wollte
697,Ich,ich,PRON,sb,698,wollte
698,wollte,wollen,VERB,ROOT,698,wollte
699,",",--,PUNCT,punct,698,wollte
700,ich,ich,PRON,sb,701,hätte
701,hätte,haben,AUX,oc,698,wollte
702,meine,mein,DET,nk,703,Rührung
703,Rührung,Rührung,NOUN,oa,704,unterdrückt
704,unterdrückt,unterdrücken,VERB,oc,701,hätte
705,",",--,PUNCT,punct,701,hätte
706,deinem,dein,DET,nk,707,Gesang
707,Gesang,Gesang,NOUN,cj,698,wollte
708,nie,nie,ADV,mo,707,Gesang
709,keinen,kein,PRON,oa,701,hätte
710,Beifall,Beifall,NOUN,oa,711,gezollt
711,gezollt,zollen,VERB,ROOT,711,gezollt
712,",",--,PUNCT,punct,711,gezollt
713,und,und,CCONJ,cd,711,gezollt
714,dir,dir,PRON,da,719,gelassen
715,überhaupt,überhaupt,ADV,mo,716,nie
716,nie,nie,ADV,mo,719,gelassen
717,keinen,kein,DET,nk,718,Musikmeister
718,Musikmeister,Musikmeister,NOUN,oa,719,gelassen
719,gelassen,lassen,VERB,cj,713,und
720,«,--,PUNCT,punct,719,gelassen
721,",",--,PUNCT,punct,711,gezollt
722,entgegnete,entgegnet,ADJ,ROOT,722,entgegnete
723,Schönfeld,Schönfeld,NOUN,sb,722,entgegnete
724,.,--,PUNCT,punct,722,entgegnete
725,»,--,PUNCT,punct,727,that
726,Ich,ich,PRON,sb,727,that
727,that,that,AUX,ROOT,727,that
728,es,es,PRON,ep,727,that
729,deiner,dein,DET,nk,731,Mutter
730,seligen,selig,ADJ,nk,731,Mutter
731,Mutter,Mutter,NOUN,da,727,that
732,zu,zu,ADP,op,727,that
733,Gefallen,Gefalle,NOUN,nk,732,zu
734,",",--,PUNCT,punct,733,Gefallen
735,die,der,PRON,punct,727,that
736,immer,immer,ADV,mo,735,die
737,von,von,ADP,mo,742,machte
738,deiner,dein,DET,nk,739,Stimme
739,Stimme,Stimme,NOUN,nk,737,von
740,viel,viel,DET,nk,741,Rühmens
741,Rühmens,Rühmens,PROPN,oa,742,machte
742,machte,machen,VERB,ROOT,742,machte
743,",",--,PUNCT,punct,742,machte
744,und,und,CCONJ,cd,742,machte
745,wie,wie,SCONJ,mo,747,entwickelt
746,die,der,PRON,sb,747,entwickelt
747,entwickelt,entwickeln,VERB,cj,744,und
748,und,und,CCONJ,cd,747,entwickelt
749,gebildet,bilden,VERB,cj,748,und
750,werden,werden,AUX,oc,751,könnte
751,könnte,können,AUX,ROOT,751,könnte
752,.,--,PUNCT,punct,751,könnte
753,Hätte,haben,VERB,ROOT,753,Hätte
754,ich,ich,PRON,sb,753,Hätte
755,damals,damals,ADV,mo,756,geahnet
756,geahnet,ahnen,VERB,oc,753,Hätte
757,",",--,PUNCT,punct,756,geahnet
758,daß,daß,SCONJ,cp,762,Musik
759,die,der,DET,nk,762,Musik
760,liebe,lieb,ADJ,nk,762,Musik
761,leidige,leidig,ADJ,nk,762,Musik
762,Musik,Musik,NOUN,re,753,Hätte
763,so,so,ADV,mo,764,bei
764,bei,bei,ADP,mnr,762,Musik
765,dir,dir,PRON,nk,764,bei
766,die,der,DET,nk,767,Oberhand
767,Oberhand,Oberhand,NOUN,sb,769,würde
768,gewinnen,gewinnen,VERB,oc,769,würde
769,würde,werden,AUX,ROOT,769,würde
770,",",--,PUNCT,punct,769,würde
771,daß,daß,SCONJ,cp,778,abstehlen
772,du,du,PRON,sb,778,abstehlen
773,der,der,DET,nk,775,Malerei
774,ernstern,ernstern,ADJ,nk,775,Malerei
775,Malerei,Malerei,NOUN,da,778,abstehlen
776,jede,jeder,DET,nk,777,Minute
777,Minute,Minute,NOUN,oa,778,abstehlen
778,abstehlen,abstehlen,VERB,oc,769,würde
779,würdest,würdest,VERB,re,793,so
780,",",--,PUNCT,punct,779,würdest
781,um,um,SCONJ,cp,787,trommeln
782,auf,auf,ADP,mo,787,trommeln
783,dem,der,DET,nk,784,Klavier
784,Klavier,Klavier,NOUN,nk,782,auf
785,herum,herum,ADV,mo,787,trommeln
786,zu,zu,PART,pm,787,trommeln
787,trommeln,trommeln,VERB,mo,779,würdest
788,und,und,CCONJ,cd,787,trommeln
789,dabei,dabei,ADV,mo,791,trallaren
790,zu,zu,PART,pm,791,trallaren
791,trallaren,trallaren,VERB,cj,788,und
792,",",--,PUNCT,punct,793,so
793,so,so,ADV,ROOT,793,so
794,hättest,hättesen,VERB,ROOT,794,hättest
795,du,du,PRON,sb,794,hättest
796,mir,mir,PRON,da,794,hättest
797,nicht,nicht,PART,ng,801,dürfen
798,einmal,einmal,ADV,mo,797,nicht
799,Psalmen,Psalm,NOUN,oa,800,singen
800,singen,singen,VERB,oc,801,dürfen
801,dürfen,dürfen,AUX,oc,794,hättest
802,!,--,PUNCT,punct,794,hättest
803,Zwei,zwei,NUM,nk,804,Talente
804,Talente,Talent,NOUN,sb,805,können
805,können,können,AUX,ROOT,805,können
806,nie,nie,ADV,mo,805,können
807,neben,neben,ADP,mo,809,getrieben
808,einander,einander,PRON,nk,807,neben
809,getrieben,treiben,VERB,oc,810,werden
810,werden,werden,AUX,ROOT,810,werden
811,",",--,PUNCT,punct,810,werden
812,ohne,ohne,ADP,ac,817,schadet
813,daß,daß,SCONJ,cp,817,schadet
814,eins,einer,PRON,sb,817,schadet
815,dem,der,DET,nk,816,andern
816,andern,anderer,PRON,da,817,schadet
817,schadet,schaden,VERB,mo,809,getrieben
818,;,--,PUNCT,punct,810,werden
819,und,und,CCONJ,ROOT,819,und
820,wer,wer,PRON,cj,819,und
821,seine,sein,DET,nk,822,Zeit
822,Zeit,Zeit,NOUN,oa,823,versplittert
823,versplittert,versplittert,ADV,ROOT,823,versplittert
824,",",--,PUNCT,punct,823,versplittert
825,und,und,CCONJ,cd,823,versplittert
826,nicht,nicht,PART,ng,831,aufstellt
827,Eines,einer,PRON,sb,831,aufstellt
828,nur,nur,ADV,mo,829,als
829,als,als,ADP,mo,831,aufstellt
830,Hauptzweck,Hauptzweck,NOUN,nk,829,als
831,aufstellt,aufstellen,VERB,cj,825,und
832,",",--,PUNCT,punct,831,aufstellt
833,das,der,PRON,nk,834,Eine
834,Eine,einer,PRON,ROOT,834,Eine
835,zu,zu,PART,pm,836,erreichen
836,erreichen,erreichen,VERB,ROOT,836,erreichen
837,alle,aller,PRON,nk,839,Zeit
838,seine,sein,DET,nk,839,Zeit
839,Zeit,Zeit,NOUN,oa,840,verwendet
840,verwendet,verwenden,VERB,oc,836,erreichen
841,",",--,PUNCT,punct,840,verwendet
842,dem,der,PRON,da,848,einzige
843,das,der,DET,nk,844,Eine
844,Eine,einer,PRON,sb,848,einzige
845,allein,allein,ADV,mo,846,nicht
846,nicht,nicht,PART,ng,848,einzige
847,der,der,DET,nk,848,einzige
848,einzige,einzig,ADJ,rc,839,Zeit
849,Taggedanke,taggedanke,NOUN,re,859,der
850,",",--,PUNCT,punct,849,Taggedanke
851,der,der,PRON,nk,854,Traum
852,immer,immer,ADV,mo,853,wiederkehrende
853,wiederkehrende,wiederkehrend,ADJ,nk,854,Traum
854,Traum,Traum,NOUN,sb,857,bleibt
855,seiner,sein,DET,nk,856,Nächte
856,Nächte,Nacht,NOUN,ag,854,Traum
857,bleibt,bleiben,VERB,rc,849,Taggedanke
858,–,--,PUNCT,punct,859,der
859,der,der,PRON,sb,860,wird
860,wird,werden,AUX,ROOT,860,wird
861,auch,auch,ADV,mo,860,wird
862,immer,immer,ADV,mo,866,Stümper
863,nur,nur,ADV,mo,866,Stümper
864,ein,ein,DET,nk,866,Stümper
865,mittelmäßiger,mittelmäßig,ADJ,nk,866,Stümper
866,Stümper,Stümper,NOUN,ROOT,866,Stümper
867,",",--,PUNCT,punct,866,Stümper
868,ein,ein,DET,nk,872,Pfuscher
869,verdorbner,verdorbn,ADJ,nk,872,Pfuscher
870,",",--,PUNCT,punct,869,verdorbner
871,verzettelter,verzettelt,ADJ,cj,869,verdorbner
872,Pfuscher,Pfuscher,NOUN,app,866,Stümper
873,bleiben,bleiben,VERB,ROOT,873,bleiben
874,!,--,PUNCT,punct,873,bleiben
875,Und,und,CCONJ,ju,877,sage
876,ich,ich,PRON,sb,877,sage
877,sage,sagen,VERB,ROOT,877,sage
878,dir,dir,PRON,oa,877,sage
879,",",--,PUNCT,punct,877,sage
880,die,der,DET,nk,881,Malerei
881,Malerei,Malerei,NOUN,sb,882,nimmt
882,nimmt,nehmen,VERB,cj,877,sage
883,ein,ein,DET,nk,885,Leben
884,ganzes,ganz,ADJ,nk,885,Leben
885,Leben,Leben,NOUN,oa,882,nimmt
886,und,und,CCONJ,cd,885,Leben
887,all,all,DET,nk,888,unsre
888,unsre,Unsre,PROPN,cj,886,und
889,Kräfte,Kraft,NOUN,ROOT,889,Kräfte
890,in,in,ADP,mnr,889,Kräfte
891,Anspruch,Anspruch,NOUN,nk,890,in
892,",",--,PUNCT,punct,889,Kräfte
893,wenn,wenn,SCONJ,cp,898,wollen
894,wir,wir,PRON,sb,898,wollen
895,etwas,etwas,DET,nk,896,Rechtes
896,Rechtes,Rechtes,NOUN,oa,897,leisten
897,leisten,leisten,VERB,oc,898,wollen
898,wollen,wollen,AUX,mo,889,Kräfte
899,",",--,PUNCT,punct,889,Kräfte
900,denn,denn,CCONJ,cd,889,Kräfte
901,:,--,PUNCT,punct,889,Kräfte
902,Viel,viel,PRON,pd,903,sind
903,sind,sein,AUX,ROOT,903,sind
904,der,der,DET,nk,905,Zaubereien
905,Zaubereien,Zaubereie,NOUN,sb,903,sind
906,der,der,DET,nk,907,Kunst
907,Kunst,Kunst,NOUN,ag,905,Zaubereien
908,",",--,PUNCT,punct,903,sind
909,Und,und,CCONJ,ju,912,Tage
910,wenig,wenig,ADV,mo,912,Tage
911,der,der,DET,nk,912,Tage
912,Tage,Tag,NOUN,ROOT,912,Tage
913,des,der,DET,nk,914,Lenzes
914,Lenzes,Lenz,NOUN,ag,912,Tage
915,!,--,PUNCT,punct,912,Tage
916,«,--,PUNCT,punct,912,Tage
917,»,--,PUNCT,punct,920,meinte
918,Der,der,DET,nk,919,Dichter
919,Dichter,Dichter,NOUN,sb,920,meinte
920,meinte,meinen,VERB,oc,929,sagte
921,aber,aber,ADV,mo,920,meinte
922,ja,ja,ADV,mo,920,meinte
923,gerade,gerade,ADV,mo,920,meinte
924,die,der,DET,nk,925,Musik
925,Musik,Musik,NOUN,oa,920,meinte
926,damit,damit,ADV,mo,920,meinte
927,«,--,PUNCT,punct,920,meinte
928,",",--,PUNCT,punct,929,sagte
929,sagte,sagen,VERB,ROOT,929,sagte
930,Angelika,Angelika,PROPN,sb,929,sagte
931,",",--,PUNCT,punct,929,sagte
932,»,--,PUNCT,punct,920,meinte
933,und,und,CCONJ,cd,929,sagte
934,sie,sie,PRON,cj,933,und
935,ist,sein,AUX,ROOT,935,ist
936,doch,doch,ADV,mo,935,ist
937,auch,auch,ADV,mo,940,Kunst
938,eine,ein,DET,nk,940,Kunst
939,göttliche,göttlich,ADJ,nk,940,Kunst
940,Kunst,Kunst,NOUN,sb,935,ist
941,;,--,PUNCT,punct,935,ist
942,sie,sie,PRON,sb,943,ist
943,ist,sein,AUX,ROOT,943,ist
944,ja,ja,ADV,mo,943,ist
945,die,der,DET,nk,946,Schwester
946,Schwester,Schwester,NOUN,pd,943,ist
947,",",--,PUNCT,punct,943,ist
948,und,und,CCONJ,cd,943,ist
949,eine,ein,DET,ROOT,949,eine
950,recht,Recht,ADV,pd,949,eine
951,schöne,schön,ADJ,nk,952,Schwester
952,Schwester,Schwester,NOUN,ROOT,952,Schwester
953,der,der,DET,nk,954,Malerei
954,Malerei,Malerei,NOUN,ag,952,Schwester
955,.,--,PUNCT,punct,952,Schwester
956,«,--,PUNCT,ROOT,956,«
957,»,--,PUNCT,punct,960,Kind
958,Ja,ja,PART,dm,960,Kind
959,",",--,PUNCT,punct,960,Kind
960,Kind,Kind,NOUN,oc,963,antwortete
961,«,--,PUNCT,punct,960,Kind
962,",",--,PUNCT,punct,963,antwortete
963,antwortete,antworten,VERB,ROOT,963,antwortete
964,der,der,DET,nk,965,Vater
965,Vater,Vater,NOUN,sb,963,antwortete
966,",",--,PUNCT,punct,963,antwortete
967,»,--,PUNCT,punct,960,Kind
968,sie,sie,PRON,sb,969,ist
969,ist,sein,AUX,oc,963,antwortete
970,es,es,PRON,pd,969,ist
971,wohl,wohl,ADV,mo,969,ist
972,;,--,PUNCT,punct,963,antwortete
973,aber,aber,CCONJ,ROOT,973,aber
974,eine,ein,PRON,cj,973,aber
975,",",--,PUNCT,punct,974,eine
976,wenn,wenn,SCONJ,cp,977,nicht
977,nicht,nicht,PART,cc,974,eine
978,jüngere,jung,ADJ,nk,986,Schwester
979,",",--,PUNCT,punct,978,jüngere
980,doch,doch,CCONJ,cd,978,jüngere
981,an,an,ADP,mo,985,untergeordnete
982,innerm,innerm,ADJ,nk,983,Gehalt
983,Gehalt,Gehalt,NOUN,nk,981,an
984,sehr,sehr,ADV,mo,985,untergeordnete
985,untergeordnete,untergeordnet,ADJ,cj,980,doch
986,Schwester,Schwester,NOUN,ROOT,986,Schwester
987,;,--,PUNCT,punct,986,Schwester
988,sie,sie,PRON,sb,989,verhält
989,verhält,verhalten,VERB,ROOT,989,verhält
990,sich,sich,PRON,oa,989,verhält
991,zur,zu,ADP,ROOT,991,zur
992,Malerei,Malerei,NOUN,nk,991,zur
993,",",--,PUNCT,punct,992,Malerei
994,wie,wie,SCONJ,cm,997,Portrait
995,ein,ein,DET,nk,997,Portrait
996,verblasenes,verblasen,ADJ,nk,997,Portrait
997,Portrait,Portrait,NOUN,ROOT,997,Portrait
998,von,von,ADP,pg,997,Portrait
999,Füger,Füger,PROPN,nk,998,von
1000,gegen,gegen,ADP,mnr,997,Portrait
1001,ein,ein,DET,nk,1002,keckbestimmtes
1002,keckbestimmtes,keckbestimmt,ADJ,nk,1000,gegen
1003,Bild,Bild,NOUN,ROOT,1003,Bild
1004,von,von,ADP,pg,1003,Bild
1005,Michel,Michel,PROPN,pnc,1006,Angelo
1006,Angelo,Angelo,PROPN,nk,1004,von
1007,.,--,PUNCT,punct,1003,Bild
1008,Saitenspiel,Saitenspiel,NOUN,sb,1012,ist
1009,und,und,CCONJ,cd,1008,Saitenspiel
1010,Vogelsang,Vogelsang,NOUN,cj,1009,und
1011,",",--,PUNCT,punct,1012,ist
1012,ist,sein,AUX,ROOT,1012,ist
1013,gar,gar,ADV,mo,1014,schön
1014,schön,schön,ADV,pd,1012,ist
1015,und,und,CCONJ,cd,1012,ist
1016,währt,währt,VERB,cj,1015,und
1017,nicht,nicht,PART,ng,1018,lang
1018,lang,lang,ADV,mo,1020,sagt
1019,",",--,PUNCT,punct,1020,sagt
1020,sagt,sagen,VERB,ROOT,1020,sagt
1021,das,der,DET,nk,1023,Sprüchwort
1022,alte,alt,ADJ,nk,1023,Sprüchwort
1023,Sprüchwort,Sprüchwort,NOUN,sb,1020,sagt
1024,.,--,PUNCT,punct,1020,sagt
1025,Ihr,ihr,PRON,sb,1026,singt
1026,singt,singen,VERB,ROOT,1026,singt
1027,",",--,PUNCT,punct,1029,spielt
1028,ihr,ihr,PRON,da,1029,spielt
1029,spielt,spielen,VERB,cj,1026,singt
1030,",",--,PUNCT,punct,1029,spielt
1031,ihr,ihr,PRON,da,1032,kitzelt
1032,kitzelt,kitzeln,VERB,cj,1029,spielt
1033,die,der,DET,punct,1026,singt
1034,Ohren,Ohr,NOUN,sb,1037,regt
1035,",",--,PUNCT,punct,1037,regt
1036,ihr,ihr,PRON,da,1037,regt
1037,regt,regen,VERB,ROOT,1037,regt
1038,die,der,DET,nk,1039,Nerven
1039,Nerven,Nerv,NOUN,oa,1037,regt
1040,auf,auf,ADP,mo,1037,regt
1041,mit,mit,ADP,mo,1037,regt
1042,Tönen,Ton,NOUN,nk,1041,mit
1043,",",--,PUNCT,punct,1037,regt
1044,und,und,CCONJ,cd,1037,regt
1045,sind,sein,AUX,cj,1044,und
1046,diese,dieser,PRON,sb,1045,sind
1047,verhallt,verhallen,VERB,oc,1045,sind
1048,",",--,PUNCT,punct,1045,sind
1049,was,was,PRON,sb,1050,bleibt
1050,bleibt,bleiben,VERB,cj,1045,sind
1051,zurück,zurück,ADV,ROOT,1051,zurück
1052,?,--,PUNCT,punct,1051,zurück
1053,–,--,PUNCT,punct,1054,Nichts
1054,Nichts,nichts,PRON,ROOT,1054,Nichts
1055,!,--,PUNCT,punct,1054,Nichts
1056,Ausgesungen,Ausgesungen,NOUN,ROOT,1056,Ausgesungen
1057,",",--,PUNCT,punct,1058,ausgeklungen
1058,ausgeklungen,ausklungen,VERB,oc,1056,Ausgesungen
1059,!,--,PUNCT,punct,1056,Ausgesungen
1060,Wenn,wenn,SCONJ,cp,1062,Fugantini's
1061,eure,eur,DET,nk,1062,Fugantini's
1062,Fugantini's,Fugantini's,PROPN,ROOT,1062,Fugantini's
1063,",",--,PUNCT,punct,1062,Fugantini's
1064,eure,eur,ADJ,nk,1065,Heiden
1065,Heiden,Heide,NOUN,app,1062,Fugantini's
1066,und,und,CCONJ,ju,1072,haben
1067,Türken,Türke,NOUN,sb,1072,haben
1068,ihre,ihr,DET,nk,1070,Stücke
1069,besten,gut,ADJ,nk,1070,Stücke
1070,Stücke,Stück,NOUN,oa,1071,abgeorgelt
1071,abgeorgelt,aborgeln,VERB,oc,1072,haben
1072,haben,haben,AUX,ROOT,1072,haben
1073,",",--,PUNCT,punct,1072,haben
1074,und,und,CCONJ,cd,1072,haben
1075,nur,nur,ADV,mo,1076,abseits
1076,abseits,abseits,ADV,mo,1077,gehen
1077,gehen,gehen,VERB,cj,1074,und
1078,",",--,PUNCT,punct,1077,gehen
1079,einen,ein,DET,ROOT,1079,einen
1080,Schnaps,Schnaps,NOUN,oa,1082,trinken
1081,zu,zu,PART,pm,1082,trinken
1082,trinken,trinken,VERB,re,1084,so
1083,",",--,PUNCT,punct,1084,so
1084,so,so,ADV,mo,1085,hat
1085,hat,haben,VERB,ROOT,1085,hat
1086,Alles,alle,PRON,sb,1085,hat
1087,ein,ein,DET,nk,1088,Ende
1088,Ende,Ende,NOUN,oa,1085,hat
1089,;,--,PUNCT,punct,1085,hat
1090,und,und,CCONJ,ju,1095,soll
1091,wenn,wenn,SCONJ,cp,1095,soll
1092,es,es,PRON,sb,1095,soll
1093,wiederholt,wiederholen,VERB,oc,1094,werden
1094,werden,werden,AUX,oc,1095,soll
1095,soll,sollen,AUX,ROOT,1095,soll
1096,",",--,PUNCT,punct,1095,soll
1097,so,so,ADV,mo,1098,müssen
1098,müssen,müssen,AUX,ROOT,1098,müssen
1099,sie,sie,PRON,sb,1098,müssen
1100,wieder,wieder,ADV,mo,1098,müssen
1101,mit,mit,ADP,mo,1103,sein
1102,dabei,dabei,ADV,nk,1101,mit
1103,sein,sein,AUX,oc,1098,müssen
1104,;,--,PUNCT,punct,1098,müssen
1105,oder,oder,CCONJ,ju,1107,braucht
1106,es,es,PRON,sb,1107,braucht
1107,braucht,brauchen,VERB,ROOT,1107,braucht
1108,andere,anderer,ADJ,nk,1109,Leiermänner
1109,Leiermänner,Leiermänner,NOUN,oa,1107,braucht
1110,und,und,CCONJ,cd,1107,braucht
1111,Helfershelfer,Helfershelfer,NOUN,ROOT,1111,Helfershelfer
1112,",",--,PUNCT,punct,1111,Helfershelfer
1113,die,der,PRON,sb,1116,nachkaleien
1114,ihren,ihr,DET,nk,1115,Singsang
1115,Singsang,Singsang,NOUN,oa,1116,nachkaleien
1116,nachkaleien,nachkaleien,VERB,rc,1111,Helfershelfer
1117,",",--,PUNCT,punct,1111,Helfershelfer
1118,und,und,CCONJ,cd,1111,Helfershelfer
1119,nicht,nicht,PART,ng,1120,selten
1120,selten,selten,ADV,mo,1121,anders
1121,anders,anders,ADV,mo,1111,Helfershelfer
1122,vortragen,vortragen,VERB,ROOT,1122,vortragen
1123,",",--,PUNCT,punct,1122,vortragen
1124,als,als,SCONJ,cp,1127,sollte
1125,es,es,PRON,sb,1127,sollte
1126,sein,sein,AUX,oc,1127,sollte
1127,sollte,sollen,AUX,mo,1122,vortragen
1128,;,--,PUNCT,punct,1122,vortragen
1129,am,an,ADP,mo,1134,verhunzen
1130,Ende,Ende,NOUN,nk,1129,am
1131,gar,gar,ADV,mo,1132,noch
1132,noch,noch,ADV,mo,1134,verhunzen
1133,Alles,alle,PRON,oa,1134,verhunzen
1134,verhunzen,verhunzen,VERB,ROOT,1134,verhunzen
1135,.,--,PUNCT,punct,1134,verhunzen
1136,Auch,auch,ADV,mo,1137,der
1137,der,der,DET,ROOT,1137,der
1138,geübteste,geübteste,ADJ,nk,1139,Tonkünstler
1139,Tonkünstler,Tonkünstler,NOUN,sb,1140,hat
1140,hat,haben,AUX,ROOT,1140,hat
1141,nur,nur,ADV,mo,1144,Genuß
1142,einen,ein,DET,nk,1144,Genuß
1143,unvollkommnen,unvollkommn,ADJ,nk,1144,Genuß
1144,Genuß,Genuß,NOUN,oa,1140,hat
1145,",",--,PUNCT,punct,1140,hat
1146,wenn,wenn,SCONJ,cp,1149,schönste
1147,er,er,PRON,sb,1149,schönste
1148,die,der,DET,nk,1149,schönste
1149,schönste,schön,ADJ,punct,1140,hat
1150,Partitur,Partitur,NOUN,sb,1153,sieht
1151,vor,vor,ADP,mo,1153,sieht
1152,sich,sich,PRON,nk,1151,vor
1153,sieht,sehen,VERB,ROOT,1153,sieht
1154,",",--,PUNCT,punct,1153,sieht
1155,ohne,ohne,SCONJ,mo,1153,sieht
1156,ein,ein,DET,nk,1157,Instrument
1157,Instrument,Instrument,NOUN,nk,1155,ohne
1158,",",--,PUNCT,punct,1153,sieht
1159,und,und,CCONJ,cd,1153,sieht
1160,noch,noch,ADV,mo,1161,dazu
1161,dazu,dazu,ADV,mo,1163,gestimmtes
1162,ein,ein,DET,nk,1163,gestimmtes
1163,gestimmtes,gestimmt,ADJ,cj,1159,und
1164,",",--,PUNCT,punct,1163,gestimmtes
1165,bei,bei,ADP,mo,1153,sieht
1166,der,der,DET,nk,1167,Hand
1167,Hand,Hand,NOUN,da,1169,haben
1168,zu,zu,PART,pm,1169,haben
1169,haben,haben,VERB,ROOT,1169,haben
1170,",",--,PUNCT,punct,1169,haben
1171,auf,auf,ADP,mo,1175,buchstabiren
1172,dem,der,PRON,nk,1171,auf
1173,er,er,PRON,sb,1176,kann
1174,zusammen,zusammen,ADV,mo,1175,buchstabiren
1175,buchstabiren,buchstabiren,VERB,oc,1176,kann
1176,kann,können,AUX,rc,1169,haben
1177,",",--,PUNCT,punct,1176,kann
1178,was,was,PRON,dep,1176,kann
1179,der,der,DET,nk,1180,Komponist
1180,Komponist,Komponist,NOUN,dep,1176,kann
1181,mit,mit,ADP,mnr,1180,Komponist
1182,seinen,sein,DET,nk,1183,Hieroglyphen
1183,Hieroglyphen,hieroglyphen,NOUN,da,1184,sagen
1184,sagen,sagen,VERB,oc,1185,wollte
1185,wollte,wollen,AUX,ROOT,1185,wollte
1186,.,--,PUNCT,punct,1185,wollte
1187,Dagegen,dagegen,ADV,mo,1188,ist
1188,ist,sein,AUX,ROOT,1188,ist
1189,",",--,PUNCT,punct,1188,ist
1190,was,wer,PRON,oa,1192,gemalt
1191,wir,wir,PRON,sb,1193,haben
1192,gemalt,malen,VERB,oc,1193,haben
1193,haben,haben,AUX,sb,1188,ist
1194,",",--,PUNCT,punct,1188,ist
1195,jedem,jeder,PRON,dep,1188,ist
1196,gleich,gleich,ADV,mo,1197,anschaulich
1197,anschaulich,anschaulich,ADV,ROOT,1197,anschaulich
1198,in,in,ADP,mo,1197,anschaulich
1199,seiner,sein,DET,nk,1200,Urschönheit
1200,Urschönheit,Urschönheit,NOUN,nk,1198,in
1201,von,von,ADP,pg,1200,Urschönheit
1202,Formen,Form,NOUN,nk,1201,von
1203,und,und,CCONJ,cd,1202,Formen
1204,Farben,Farbe,NOUN,cj,1203,und
1205,",",--,PUNCT,punct,1197,anschaulich
1206,wenn,wenn,SCONJ,cp,1207,er
1207,er,er,PRON,cc,1197,anschaulich
1208,anders,anders,ADV,mo,1207,er
1209,nicht,nicht,PART,ng,1210,schielt
1210,schielt,schielen,ADV,ROOT,1210,schielt
1211,",",--,PUNCT,punct,1210,schielt
1212,gesunde,gesund,ADJ,nk,1213,Augen
1213,Augen,Auge,NOUN,oa,1216,hat
1214,im,in,ADP,mo,1216,hat
1215,Kopf,Kopf,NOUN,nk,1214,im
1216,hat,haben,VERB,oc,1210,schielt
1217,",",--,PUNCT,punct,1210,schielt
1218,und,und,CCONJ,cd,1210,schielt
1219,kein,kein,DET,nk,1220,Akyanobleps
1220,Akyanobleps,Akyanobleps,NOUN,pd,1221,ist
1221,ist,sein,AUX,cj,1218,und
1222,",",--,PUNCT,punct,1221,ist
1223,für,für,ADP,mo,1221,ist
1224,den,der,PRON,nk,1223,für
1225,kein,kein,DET,nk,1226,Blau
1226,Blau,blaue,NOUN,oa,1227,existirt
1227,existirt,existirtn,VERB,ROOT,1227,existirt
1228,",",--,PUNCT,punct,1227,existirt
1229,wie,wie,SCONJ,mo,1232,lehrt
1230,uns,uns,PRON,da,1232,lehrt
1231,Göthe,Göthe,PROPN,sb,1232,lehrt
1232,lehrt,lehren,VERB,mo,1227,existirt
1233,.,--,PUNCT,punct,1227,existirt
1234,Siehe,sehen,VERB,ROOT,1234,Siehe
1235,dessen,der,PRON,ag,1236,Farbenlehre
1236,Farbenlehre,Farbenlehre,NOUN,oa,1234,Siehe
1237,",",--,PUNCT,punct,1236,Farbenlehre
1238,1ter,1t,ADJ,nk,1239,Band
1239,Band,Band,NOUN,app,1236,Farbenlehre
1240,",",--,PUNCT,punct,1234,Siehe
1241,S.,S.,NOUN,ROOT,1241,S.
1242,42.,42.,ADJ,nk,1241,S.
1243,Was,was,PRON,oa,1245,erschaffen
1244,wir,wir,PRON,sb,1245,erschaffen
1245,erschaffen,erschaffen,VERB,sb,1247,bleibt
1246,",",--,PUNCT,punct,1247,bleibt
1247,bleibt,bleiben,VERB,ROOT,1247,bleibt
1248,!,--,PUNCT,punct,1247,bleibt
1249,Es,es,PRON,sb,1250,ist
1250,ist,sein,AUX,ROOT,1250,ist
1251,immer,immer,ADV,mo,1250,ist
1252,da,da,ADV,pd,1250,ist
1253,;,--,PUNCT,punct,1250,ist
1254,es,es,PRON,sb,1255,kann
1255,kann,können,AUX,ROOT,1255,kann
1256,",",--,PUNCT,punct,1255,kann
1257,ohne,ohne,SCONJ,mo,1255,kann
1258,jedes,jeder,DET,nk,1259,andere
1259,andere,anderer,PRON,nk,1257,ohne
1260,mechanische,mechanisch,ADJ,nk,1263,Vortragsmittel
1261,Hülfs-,Hülf,X,cj,1262,und
1262,und,und,CCONJ,cd,1263,Vortragsmittel
1263,Vortragsmittel,Vortragsmittel,NOUN,ROOT,1263,Vortragsmittel
1264,",",--,PUNCT,punct,1263,Vortragsmittel
1265,alle,aller,DET,nk,1266,Tage
1266,Tage,Tag,NOUN,ams,1267,auf's
1267,auf's,auf's,ADJ,par,1263,Vortragsmittel
1268,Neue,neu,ADJ,ROOT,1268,Neue
1269,wieder,wieder,ADV,mo,1270,genossen
1270,genossen,nossen,VERB,oc,1268,Neue
1271,werden,werden,AUX,ROOT,1271,werden
1272,",",--,PUNCT,punct,1271,werden
1273,wenn,wenn,SCONJ,cp,1276,Meister
1274,auch,auch,ADV,mo,1276,Meister
1275,der,der,DET,nk,1276,Meister
1276,Meister,Meister,NOUN,mo,1271,werden
1277,schon,schon,ADV,mo,1278,seit
1278,seit,seit,ADP,mo,1271,werden
1279,Jahrhunderten,Jahrhundert,NOUN,nk,1278,seit
1280,auf,auf,ADP,mo,1278,seit
1281,seinem,sein,DET,nk,1282,Pinsel
1282,Pinsel,Pinsel,NOUN,nk,1280,auf
1283,",",--,PUNCT,punct,1271,werden
1284,wie,wie,SCONJ,ROOT,1284,wie
1285,Elias,elias,PROPN,sb,1295,ist
1286,auf,auf,ADP,mnr,1285,Elias
1287,dem,der,DET,nk,1288,Feuerwagen
1288,Feuerwagen,Feuerwag,NOUN,nk,1286,auf
1289,",",--,PUNCT,punct,1286,auf
1290,zu,zu,ADP,mo,1294,gallopirt
1291,den,der,DET,nk,1292,Unsterblichen
1292,Unsterblichen,unsterbliche,NOUN,nk,1290,zu
1293,empor,empor,ADV,mo,1294,gallopirt
1294,gallopirt,gallopirt,ADV,pd,1295,ist
1295,ist,sein,AUX,ROOT,1295,ist
1296,!,--,PUNCT,punct,1295,ist
1297,«,--,PUNCT,punct,1295,ist
1298,»,--,PUNCT,punct,1301,kömmt
1299,Aber,aber,CCONJ,ju,1301,kömmt
1300,wie,wie,ADV,mo,1301,kömmt
1301,kömmt,kömmen,VERB,oc,1306,frug
1302,es,es,PRON,sb,1301,kömmt
1303,denn,denn,ADV,mo,1301,kömmt
1304,«,--,PUNCT,punct,1301,kömmt
1305,",",--,PUNCT,punct,1306,frug
1306,frug,Frug,VERB,ROOT,1306,frug
1307,Angelika,Angelika,PROPN,sb,1306,frug
1308,",",--,PUNCT,punct,1306,frug
1309,»,--,PUNCT,punct,1314,ungebildete
1310,daß,daß,SCONJ,cp,1314,ungebildete
1311,die,der,DET,nk,1312,Musik
1312,Musik,Musik,NOUN,sb,1314,ungebildete
1313,auch,auch,ADV,mo,1314,ungebildete
1314,ungebildete,ungebilden,VERB,mo,1306,frug
1315,Naturmenschen,naturmensche,NOUN,oa,1316,anspricht
1316,anspricht,ansprechen,VERB,ROOT,1316,anspricht
1317,und,und,CCONJ,cd,1316,anspricht
1318,rührt,rühren,VERB,cj,1317,und
1319,?,--,PUNCT,punct,1316,anspricht
1320,Beweist,Beweist,VERB,ROOT,1320,Beweist
1321,das,der,PRON,sb,1320,Beweist
1322,nicht,nicht,PART,ng,1320,Beweist
1323,",",--,PUNCT,punct,1320,Beweist
1324,sie,sie,PRON,sb,1325,sei
1325,sei,sein,AUX,oc,1320,Beweist
1326,die,der,DET,nk,1327,angeborne
1327,angeborne,angeborne,PROPN,pd,1325,sei
1328,",",--,PUNCT,punct,1325,sei
1329,überall,überall,ADV,mo,1331,Sprache
1330,verständliche,verständlich,ADJ,nk,1331,Sprache
1331,Sprache,Sprache,NOUN,ROOT,1331,Sprache
1332,des,der,DET,nk,1333,Herzens
1333,Herzens,Herzens,NOUN,ag,1331,Sprache
1334,?,--,PUNCT,punct,1331,Sprache
1335,Ein,ein,DET,nk,1336,Bauer
1336,Bauer,Bauer,NOUN,sb,1337,wird
1337,wird,werden,AUX,ROOT,1337,wird
1338,an,an,ADP,mo,1337,wird
1339,dem,der,DET,nk,1341,Gemälde
1340,besten,gut,ADJ,nk,1341,Gemälde
1341,Gemälde,Gemälde,NOUN,nk,1338,an
1342,ohne,ohne,ADP,mo,1344,vorbeigehn
1343,Interesse,Interesse,NOUN,nk,1342,ohne
1344,vorbeigehn,vorbeigehn,NUM,ROOT,1344,vorbeigehn
1345,",",--,PUNCT,punct,1344,vorbeigehn
1346,und,und,CCONJ,cd,1344,vorbeigehn
1347,es,es,PRON,sb,1349,ansehn
1348,nicht,nicht,PART,ng,1349,ansehn
1349,ansehn,ansehn,NUM,cj,1346,und
1350,",",--,PUNCT,punct,1349,ansehn
1351,wenn,wenn,SCONJ,cp,1356,durch
1352,es,es,PRON,ep,1356,durch
1353,ihn,ihn,PRON,oa,1356,durch
1354,nicht,nicht,PART,ng,1356,durch
1355,etwa,etwa,ADV,mo,1356,durch
1356,durch,durch,ADP,mo,1349,ansehn
1357,ungewöhnlichen,ungewöhnlich,ADJ,nk,1358,Farbenprunk
1358,Farbenprunk,Farbenprunk,NOUN,oa,1359,anzieht
1359,anzieht,anziehen,VERB,ROOT,1359,anzieht
1360,.,--,PUNCT,punct,1359,anzieht
1361,Hört,hören,VERB,ROOT,1361,Hört
1362,er,er,PRON,sb,1361,Hört
1363,aber,aber,ADV,mo,1361,Hört
1364,Musik,Musik,NOUN,oa,1361,Hört
1365,",",--,PUNCT,punct,1361,Hört
1366,wenn,wenn,SCONJ,cp,1367,es
1367,es,es,PRON,mo,1361,Hört
1368,auch,auch,ADV,mo,1369,nur
1369,nur,nur,ADV,mo,1370,ein
1370,ein,ein,DET,pd,1367,es
1371,lustiges,lustig,ADJ,nk,1372,Tänzchen
1372,Tänzchen,Tänzchen,NOUN,pd,1373,wäre
1373,wäre,sein,AUX,re,1375,so
1374,",",--,PUNCT,punct,1375,so
1375,so,so,ADV,mo,1376,steht
1376,steht,stehen,VERB,ROOT,1376,steht
1377,er,er,PRON,sb,1376,steht
1378,still,still,ADV,mo,1376,steht
1379,und,und,CCONJ,cd,1378,still
1380,lauscht,lauscht,ADV,cj,1379,und
1381,;,--,PUNCT,punct,1376,steht
1382,und,und,CCONJ,ju,1383,ist
1383,ist,sein,AUX,ROOT,1383,ist
1384,er,er,PRON,sb,1383,ist
1385,nicht,nicht,PART,ng,1383,ist
1386,ein,ein,ADV,pd,1383,ist
1387,ausgemachter,ausgemacht,ADJ,nk,1388,Kloß
1388,Kloß,Kloß,NOUN,ROOT,1388,Kloß
1389,",",--,PUNCT,punct,1388,Kloß
1390,oder,oder,CCONJ,cd,1388,Kloß
1391,ein,ein,DET,nk,1393,Alter
1392,abgelebter,abgelebt,ADJ,nk,1393,Alter
1393,Alter,Alter,NOUN,cj,1390,oder
1394,",",--,PUNCT,punct,1395,so
1395,so,so,ADV,mo,1396,krabbelt
1396,krabbelt,krabbeln,VERB,ROOT,1396,krabbelt
1397,ihn,ihn,PRON,oa,1396,krabbelt
1398,das,der,DET,nk,1399,Tänzchen
1399,Tänzchen,Tänzchen,NOUN,sb,1396,krabbelt
1400,in,in,ADP,mo,1396,krabbelt
1401,den,der,DET,nk,1402,Beinen
1402,Beinen,Bein,NOUN,ROOT,1402,Beinen
1403,",",--,PUNCT,punct,1402,Beinen
1404,daß,daß,SCONJ,cp,1410,möchte
1405,er,er,PRON,sb,1410,möchte
1406,hüpfen,hüpfen,VERB,oc,1410,möchte
1407,und,und,CCONJ,cd,1406,hüpfen
1408,Kapriolen,Kapriole,NOUN,oa,1409,schneiden
1409,schneiden,schneiden,VERB,cj,1407,und
1410,möchte,möchten,AUX,oc,1402,Beinen
1411,.,--,PUNCT,punct,1402,Beinen
1412,Regt,Regt,VERB,ROOT,1412,Regt
1413,nicht,nicht,PART,ng,1412,Regt
1414,die,der,PRON,svp,1412,Regt
1415,schmetternde,schmetternd,ADJ,nk,1416,Trompete
1416,Trompete,Trompet,NOUN,ROOT,1416,Trompete
1417,in,in,ADP,mnr,1416,Trompete
1418,Roß,Roß,NOUN,nk,1417,in
1419,und,und,CCONJ,cd,1418,Roß
1420,Reiter,Reiter,NOUN,cj,1419,und
1421,Kampf-,Kampf,X,cj,1422,und
1422,und,und,CCONJ,cd,1423,Siegeslust
1423,Siegeslust,Siegeslust,NOUN,app,1416,Trompete
1424,auf,auf,ADP,svp,1416,Trompete
1425,",",--,PUNCT,punct,1416,Trompete
1426,und,und,CCONJ,cd,1416,Trompete
1427,gibt,geben,VERB,cj,1426,und
1428,selbst,selbst,ADV,mo,1430,Verzagten
1429,dem,der,DET,nk,1430,Verzagten
1430,Verzagten,Verzagt,NOUN,ROOT,1430,Verzagten
1431,Muth,Muth,PROPN,nk,1430,Verzagten
1432,?,--,PUNCT,punct,1430,Verzagten
1433,Stolzer,Stolzer,PROPN,ROOT,1433,Stolzer
1434,und,und,CCONJ,cd,1433,Stolzer
1435,freier,frei,ADV,cj,1434,und
1436,als,als,ADP,cm,1437,nach
1437,nach,nach,ADP,cc,1435,freier
1438,der,der,DET,nk,1440,Trommel
1439,bloßen,bloß,ADJ,nk,1440,Trommel
1440,Trommel,Trommel,NOUN,nk,1437,nach
1441,marschiert,marschieren,VERB,ROOT,1441,marschiert
1442,der,der,DET,nk,1443,Soldat
1443,Soldat,Soldat,NOUN,sb,1441,marschiert
1444,nach,nach,ADP,mo,1441,marschiert
1445,der,der,DET,nk,1446,Melodie
1446,Melodie,Melodie,NOUN,nk,1444,nach
1447,des,der,DET,nk,1449,Marsches
1448,kriegerischen,kriegerisch,ADJ,nk,1449,Marsches
1449,Marsches,Marsch,NOUN,ag,1446,Melodie
1450,dem,der,DET,nk,1451,Tod
1451,Tod,Tod,NOUN,da,1441,marschiert
1452,entgegen,entgegen,ADP,ROOT,1452,entgegen
1453,.,--,PUNCT,ROOT,1453,.
1454,Und,und,CCONJ,ju,1455,in
1455,in,in,ADP,ROOT,1455,in
1456,der,der,DET,nk,1457,Kirche
1457,Kirche,Kirche,NOUN,nk,1455,in
1458,",",--,PUNCT,punct,1457,Kirche
1459,lieber,lieb,ADJ,nk,1460,Vater
1460,Vater,Vater,NOUN,cj,1457,Kirche
1461,!,--,PUNCT,punct,1455,in
1462,Wenn,wenn,SCONJ,cp,1465,Chorgesang
1463,der,der,DET,nk,1465,Chorgesang
1464,ernste,ernst,ADJ,nk,1465,Chorgesang
1465,Chorgesang,Chorgesang,NOUN,ROOT,1465,Chorgesang
1466,vielstimmig,vielstimmig,ADV,mo,1471,erschallt
1467,durch,durch,ADP,mo,1471,erschallt
1468,die,der,DET,nk,1470,Gewölbe
1469,hohen,hoch,ADJ,nk,1470,Gewölbe
1470,Gewölbe,Gewölbe,NOUN,nk,1467,durch
1471,erschallt,erschallen,VERB,ROOT,1471,erschallt
1472,",",--,PUNCT,punct,1471,erschallt
1473,wie,wie,SCONJ,mo,1474,erhebt
1474,erhebt,erheben,VERB,oc,1471,erschallt
1475,er,er,PRON,sb,1474,erhebt
1476,den,der,DET,nk,1478,Sinn
1477,frommen,fromm,ADJ,nk,1478,Sinn
1478,Sinn,Sinn,NOUN,oa,1474,erhebt
1479,der,der,DET,nk,1482,Gemeinde
1480,ganzen,ganz,ADJ,nk,1482,Gemeinde
1481,versammelten,versammelt,ADJ,nk,1482,Gemeinde
1482,Gemeinde,Gemeinde,NOUN,ROOT,1482,Gemeinde
1483,",",--,PUNCT,punct,1482,Gemeinde
1484,deren,der,DET,ag,1485,Herzen
1485,Herzen,Herz,NOUN,oa,1488,zusammenschmelzen
1486,in,in,ADP,mo,1488,zusammenschmelzen
1487,Liebe,Liebe,NOUN,nk,1486,in
1488,zusammenschmelzen,sammenschmelzen,VERB,rc,1482,Gemeinde
1489,",",--,PUNCT,punct,1488,zusammenschmelzen
1490,wie,wie,SCONJ,ROOT,1490,wie
1491,ihre,ihr,DET,nk,1492,Töne
1492,Töne,Ton,NOUN,ROOT,1492,Töne
1493,in,in,ADP,mnr,1492,Töne
1494,Harmonie,Harmonie,NOUN,nk,1493,in
1495,!,--,PUNCT,punct,1492,Töne
1496,Wie,wie,ADV,mo,1497,empfänglicher
1497,empfänglicher,empfänglich,ADV,mo,1498,wird
1498,wird,werden,AUX,ROOT,1498,wird
1499,die,der,DET,nk,1501,Seele
1500,gerührte,gerührt,ADJ,nk,1501,Seele
1501,Seele,Seele,NOUN,sb,1498,wird
1502,für,für,ADP,mnr,1501,Seele
1503,die,der,DET,nk,1504,hohen
1504,hohen,hoch,ADJ,nk,1502,für
1505,Wahrheiten,Wahrheit,NOUN,ROOT,1505,Wahrheiten
1506,",",--,PUNCT,punct,1505,Wahrheiten
1507,für,für,ADP,cj,1505,Wahrheiten
1508,die,der,DET,nk,1510,Mysterien
1509,heiligen,heilig,ADJ,nk,1510,Mysterien
1510,Mysterien,Mysteri,NOUN,nk,1507,für
1511,der,der,DET,nk,1512,Religion
1512,Religion,Religion,NOUN,ag,1510,Mysterien
1513,!,--,PUNCT,punct,1505,Wahrheiten
1514,Und,und,CCONJ,ju,1515,fällt
1515,fällt,fallen,VERB,ROOT,1515,fällt
1516,die,der,DET,nk,1517,Orgel
1517,Orgel,Orgel,NOUN,sb,1515,fällt
1518,mit,mit,ADP,svp,1515,fällt
1519,ihren,ihr,DET,nk,1520,Flötenregistern
1520,Flötenregistern,Flötenregister,NOUN,ROOT,1520,Flötenregistern
1521,",",--,PUNCT,punct,1520,Flötenregistern
1522,und,und,CCONJ,cd,1520,Flötenregistern
1523,dann,dann,ADV,mo,1524,mit
1524,mit,mit,ADP,cj,1522,und
1525,ihren,ihr,DET,nk,1527,Kontratönen
1526,ernsten,ernst,ADJ,nk,1527,Kontratönen
1527,Kontratönen,Kontratön,NOUN,nk,1524,mit
1528,in,in,ADP,mo,1524,mit
1529,die,der,DET,nk,1530,Pausen
1530,Pausen,Pause,NOUN,nk,1528,in
1531,des,der,DET,ROOT,1531,des
1532,Gesanges,Gesanges,NOUN,ROOT,1532,Gesanges
1533,ein,ein,ADV,mo,1532,Gesanges
1534,",",--,PUNCT,punct,1532,Gesanges
1535,und,und,CCONJ,cd,1532,Gesanges
1536,wenn,wenn,SCONJ,cj,1535,und
1537,der,der,DET,nk,1539,Meister
1538,geübte,geübt,ADJ,nk,1539,Meister
1539,Meister,Meister,NOUN,sb,1536,wenn
1540,sein,sein,DET,nk,1541,Thema
1541,Thema,Thema,NOUN,mo,1536,wenn
1542,durch,durch,ADP,mnr,1541,Thema
1543,alle,aller,DET,nk,1544,Tonarten
1544,Tonarten,Tonart,NOUN,nk,1542,durch
1545,in,in,ADP,mnr,1541,Thema
1546,abwechselnden,abwechselnd,ADJ,nk,1547,Modulationen
1547,Modulationen,Modulation,NOUN,sb,1551,führt
1548,hin,hin,ADV,mo,1551,führt
1549,und,und,CCONJ,cd,1548,hin
1550,her,her,ADV,cj,1549,und
1551,führt,führen,VERB,ROOT,1551,führt
1552,",",--,PUNCT,punct,1551,führt
1553,und,und,CCONJ,cd,1551,führt
1554,ein,ein,DET,nk,1555,Gedanke
1555,Gedanke,Gedanke,NOUN,cj,1553,und
1556,sich,sich,PRON,oa,1555,Gedanke
1557,an,an,ADP,mnr,1555,Gedanke
1558,den,der,DET,nk,1557,an
1559,andern,anderer,PRON,sb,1560,schmiegt
1560,schmiegt,schmiegen,VERB,ROOT,1560,schmiegt
1561,",",--,PUNCT,punct,1560,schmiegt
1562,wie,wie,SCONJ,cm,1563,Blum
1563,Blum,Blum,PROPN,mo,1565,an
1564,',--,PUNCT,punct,1563,Blum
1565,an,an,ADP,oc,1560,schmiegt
1566,Blume,Blume,NOUN,nk,1565,an
1567,zu,zu,ADP,mnr,1566,Blume
1568,einem,ein,DET,nk,1570,Kranze
1569,festlichen,festlich,ADJ,nk,1570,Kranze
1570,Kranze,Kranze,NOUN,nk,1567,zu
1571,",",--,PUNCT,punct,1560,schmiegt
1572,und,und,CCONJ,cd,1560,schmiegt
1573,die,der,PRON,cj,1572,und
1574,mannigfaltigen,Mannigfaltige,ADJ,nk,1576,Tonblüthen
1575,frischaufsprossenden,frischaufsprossend,ADJ,nk,1576,Tonblüthen
1576,Tonblüthen,Tonblüthe,NOUN,ROOT,1576,Tonblüthen
1577,doch,doch,ADV,mo,1581,abgerundetes
1578,alle,alle,PRON,sb,1581,abgerundetes
1579,nur,nur,ADV,mo,1581,abgerundetes
1580,ein,ein,DET,nk,1581,abgerundetes
1581,abgerundetes,abgerundet,ADJ,par,1576,Tonblüthen
1582,",",--,PUNCT,punct,1581,abgerundetes
1583,vollkommnes,vollkommn,ADJ,nk,1584,Ganzes
1584,Ganzes,Ganz,NOUN,og,1585,bilden
1585,bilden,bilden,VERB,ROOT,1585,bilden
1586,–,--,PUNCT,punct,1585,bilden
1587,o,o,X,oa,1585,bilden
1588,",",--,PUNCT,punct,1587,o
1589,Vater,Vater,NOUN,app,1587,o
1590,!,--,PUNCT,punct,1585,bilden
1591,welche,welcher,DET,nk,1593,Gefühle
1592,wunderbaren,wunderbar,ADJ,nk,1593,Gefühle
1593,Gefühle,Gefühl,NOUN,sb,1594,erwachen
1594,erwachen,erwachen,VERB,ROOT,1594,erwachen
1595,da,da,ADV,mo,1594,erwachen
1596,in,in,ADP,mo,1594,erwachen
1597,der,der,DET,nk,1598,Seele
1598,Seele,Seele,NOUN,ROOT,1598,Seele
1599,",",--,PUNCT,punct,1598,Seele
1600,die,der,PRON,sb,1607,hätten
1601,ohne,ohne,ADP,mo,1606,geschlummert
1602,Hülfe,Hülfe,NOUN,nk,1601,ohne
1603,der,der,DET,nk,1604,Musik
1604,Musik,Musik,NOUN,ag,1602,Hülfe
1605,ewig,ewig,ADV,mo,1606,geschlummert
1606,geschlummert,schlummern,VERB,oc,1607,hätten
1607,hätten,haben,AUX,rc,1598,Seele
1608,;,--,PUNCT,punct,1598,Seele
1609,welch,welcher,DET,ROOT,1609,welch
1610,',--,PUNCT,punct,1609,welch
1611,unbestimmtes,unbestimmt,ADJ,nk,1612,Ahnen
1612,Ahnen,Ahn,NOUN,oa,1615,füllt
1613,und,und,CCONJ,cd,1612,Ahnen
1614,Sehnen,Sehn,NOUN,cj,1613,und
1615,füllt,füllen,VERB,ROOT,1615,füllt
1616,das,der,DET,nk,1617,Herz
1617,Herz,Herz,NOUN,sb,1615,füllt
1618,",",--,PUNCT,punct,1615,füllt
1619,nach,nach,ADP,mo,1615,füllt
1620,Etwas,Etwas,PRON,nk,1619,nach
1621,",",--,PUNCT,punct,1620,Etwas
1622,das,der,PRON,nk,1623,von
1623,von,von,ADP,rc,1612,Ahnen
1624,Jenseits,jenseits,NOUN,nk,1623,von
1625,winkt,winken,VERB,ROOT,1625,winkt
1626,;,--,PUNCT,punct,1625,winkt
1627,welche,welcher,DET,nk,1629,Vibrationen
1628,zarten,zart,ADJ,nk,1629,Vibrationen
1629,Vibrationen,Vibration,NOUN,sb,1630,beben
1630,beben,ebben,VERB,ROOT,1630,beben
1631,durch,durch,ADP,mo,1630,beben
1632,alle,aller,DET,nk,1633,Nerven
1633,Nerven,Nerv,NOUN,nk,1631,durch
1634,!,--,PUNCT,punct,1630,beben
1635,Das,der,DET,nk,1636,Auge
1636,Auge,Auge,NOUN,sb,1637,füllt
1637,füllt,füllen,VERB,ROOT,1637,füllt
1638,sich,sich,PRON,oa,1637,füllt
1639,mit,mit,ADP,ROOT,1639,mit
1640,süßen,süß,ADJ,nk,1641,Thränen
1641,Thränen,Thrän,NOUN,nk,1639,mit
1642,;,--,PUNCT,punct,1639,mit
1643,die,der,DET,nk,1644,Wehmuth
1644,Wehmuth,Wehmuth,NOUN,sb,1645,wird
1645,wird,werden,AUX,ROOT,1645,wird
1646,Wonne,Wonne,NOUN,pd,1645,wird
1647,;,--,PUNCT,punct,1645,wird
1648,leise,leis,ADJ,nk,1649,Seufzer
1649,Seufzer,Seufzer,NOUN,sb,1650,heben
1650,heben,heben,VERB,ROOT,1650,heben
1651,die,der,DET,nk,1652,Brust
1652,Brust,Brust,NOUN,oa,1650,heben
1653,",",--,PUNCT,punct,1650,heben
1654,in,in,ADP,mo,1650,heben
1655,der,der,PRON,ROOT,1655,der
1656,es,es,PRON,par,1655,der
1657,träumerisch,träumerisch,ADV,pd,1655,der
1658,auf,auf,ADP,ROOT,1658,auf
1659,und,und,CCONJ,cd,1658,auf
1660,nieder,nieder,ADV,mo,1661,wogt
1661,wogt,wogt,PROPN,cj,1659,und
1662,",",--,PUNCT,punct,1661,wogt
1663,wie,wie,ADP,cm,1664,Ebbe
1664,Ebbe,Ebbe,NOUN,cc,1661,wogt
1665,und,und,CCONJ,cd,1664,Ebbe
1666,Fluth,Fluth,NOUN,cj,1665,und
1667,des,der,DET,nk,1668,Weltmeers
1668,Weltmeers,Weltmeer,NOUN,ag,1664,Ebbe
1669,",",--,PUNCT,punct,1664,Ebbe
1670,und,und,CCONJ,cd,1664,Ebbe
1671,keine,kein,DET,nk,1673,Sprache
1672,irdische,irdisch,ADJ,nk,1673,Sprache
1673,Sprache,Sprache,NOUN,sb,1674,vermag
1674,vermag,vermögen,VERB,ROOT,1674,vermag
1675,mit,mit,ADP,mo,1677,auszudrücken
1676,Worten,Wort,NOUN,nk,1675,mit
1677,auszudrücken,ausdrücken,VERB,oc,1674,vermag
1678,",",--,PUNCT,punct,1674,vermag
1679,und,und,CCONJ,cd,1674,vermag
1680,zu,zu,PART,pm,1681,versinnlichen
1681,versinnlichen,versinnlichen,VERB,cj,1679,und
1682,",",--,PUNCT,punct,1674,vermag
1683,was,was,PRON,sb,1690,regt
1684,tief,tief,ADV,mo,1690,regt
1685,sich,sich,PRON,oa,1690,regt
1686,im,in,ADP,mo,1690,regt
1687,Gemüth,Gemüth,NOUN,nk,1686,im
1688,des,der,DET,nk,1689,Menschen
1689,Menschen,Mensch,NOUN,ag,1687,Gemüth
1690,regt,regen,VERB,ROOT,1690,regt
1691,!,--,PUNCT,punct,1690,regt
1692,«,--,PUNCT,punct,1690,regt
1693,»,--,PUNCT,punct,1694,Schwärmerin
1694,Schwärmerin,Schwärmerin,NOUN,oc,1698,rief
1695,du,du,PRON,nk,1694,Schwärmerin
1696,«,--,PUNCT,punct,1694,Schwärmerin
1697,!,--,PUNCT,punct,1698,rief
1698,rief,rufen,VERB,ROOT,1698,rief
1699,der,der,DET,nk,1700,Vater
1700,Vater,Vater,NOUN,sb,1698,rief
1701,.,--,PUNCT,punct,1698,rief
1702,»,--,PUNCT,punct,1705,ist
1703,Eben,eben,ADV,mo,1704,das
1704,das,der,PRON,sb,1705,ist
1705,ist,sein,AUX,ROOT,1705,ist
1706,es,es,PRON,sb,1705,ist
1707,",",--,PUNCT,punct,1706,es
1708,was,was,PRON,re,1706,es
1709,ich,ich,PRON,ag,1708,was
1710,an,an,ADP,mnr,1709,ich
1711,der,der,DET,nk,1712,Musik
1712,Musik,Musik,NOUN,nk,1710,an
1713,auszusetzen,aussetzen,VERB,oc,1714,habe
1714,habe,haben,AUX,ROOT,1714,habe
1715,",",--,PUNCT,punct,1714,habe
1716,und,und,CCONJ,cd,1714,habe
1717,warum,warum,SCONJ,mo,1721,tadle
1718,ich,ich,PRON,sb,1721,tadle
1719,mich,sich,PRON,oa,1721,tadle
1720,selbst,selbst,ADV,mo,1719,mich
1721,tadle,tadlen,VERB,cj,1716,und
1722,",",--,PUNCT,punct,1721,tadle
1723,wenn,wenn,SCONJ,cp,1727,von
1724,ich,ich,PRON,sb,1727,von
1725,mich,sich,PRON,oa,1727,von
1726,etwa,etwa,ADV,mo,1727,von
1727,von,von,ADP,mo,1721,tadle
1728,ihrem,ihr,DET,nk,1727,von
1729,verführerischen,verführerisch,ADJ,nk,1730,Klingklang
1730,Klingklang,Klingklang,NOUN,oa,1731,hinreißen
1731,hinreißen,hinreißen,VERB,oc,1732,lasse
1732,lasse,lassen,VERB,ROOT,1732,lasse
1733,!,--,PUNCT,punct,1732,lasse
1734,Sie,sie,PRON,sb,1735,erregt
1735,erregt,erregen,VERB,ROOT,1735,erregt
1736,nur,nur,ADV,mo,1738,unbestimmte
1737,dunkle,dunkel,ADJ,nk,1738,unbestimmte
1738,unbestimmte,unbestimmte,NOUN,oa,1735,erregt
1739,Gefühle,Gefühl,NOUN,ROOT,1739,Gefühle
1740,;,--,PUNCT,punct,1739,Gefühle
1741,sie,sie,PRON,sb,1742,führt
1742,führt,führen,VERB,ROOT,1742,führt
1743,uns,uns,PRON,oa,1742,führt
1744,in,in,ADP,mo,1742,führt
1745,Oßianische,Oßianische,PROPN,pnc,1746,Thäler
1746,Thäler,Thäler,NOUN,nk,1744,in
1747,",",--,PUNCT,punct,1742,führt
1748,voll,voll,ADP,mo,1742,führt
1749,Schatten,Schatten,NOUN,nk,1748,voll
1750,",",--,PUNCT,punct,1749,Schatten
1751,Mondlicht,Mondlicht,NOUN,cj,1749,Schatten
1752,und,und,CCONJ,cd,1751,Mondlicht
1753,Nebelgestalten,Nebelgestalt,NOUN,ROOT,1753,Nebelgestalten
1754,",",--,PUNCT,punct,1753,Nebelgestalten
1755,an,an,ADP,mo,1761,erkennen
1756,denen,der,PRON,nk,1755,an
1757,kein,kein,DET,nk,1758,Umriß
1758,Umriß,Umriß,NOUN,sb,1761,erkennen
1759,deutlich,deutlich,ADV,mo,1761,erkennen
1760,zu,zu,PART,pm,1761,erkennen
1761,erkennen,erkennen,VERB,rc,1753,Nebelgestalten
1762,und,und,CCONJ,cd,1761,erkennen
1763,festzuhalten,festhalten,VERB,pd,1764,ist
1764,ist,sein,AUX,cj,1762,und
1765,.,--,PUNCT,punct,1753,Nebelgestalten
1766,Die,der,DET,nk,1767,Malerei
1767,Malerei,Malerei,NOUN,sb,1769,nimmt
1768,dagegen,dagegen,ADV,mnr,1767,Malerei
1769,nimmt,nehmen,VERB,ROOT,1769,nimmt
1770,nicht,nicht,PART,ng,1771,nur
1771,nur,nur,ADV,mo,1772,mit
1772,mit,mit,ADP,mo,1769,nimmt
1773,Homerischer,Homerischer,ADJ,nk,1774,Deutlichkeit
1774,Deutlichkeit,Deutlichkeit,NOUN,nk,1772,mit
1775,und,und,CCONJ,cd,1769,nimmt
1776,Zierlichkeit,Zierlichkeit,NOUN,ROOT,1776,Zierlichkeit
1777,unsere,unser,DET,nk,1778,Phantasie
1778,Phantasie,Phantasie,NOUN,sb,1776,Zierlichkeit
1779,in,in,ADP,mnr,1778,Phantasie
1780,Anspruch,Anspruch,NOUN,nk,1779,in
1781,;,--,PUNCT,punct,1776,Zierlichkeit
1782,sie,sie,PRON,sb,1783,ist
1783,ist,sein,AUX,ROOT,1783,ist
1784,auch,auch,ADV,mo,1785,Sache
1785,Sache,Sache,NOUN,pd,1783,ist
1786,des,der,DET,nk,1787,Verstandes
1787,Verstandes,Verstand,NOUN,ag,1785,Sache
1788,",",--,PUNCT,punct,1783,ist
1789,ohne,ohne,SCONJ,mo,1793,bestehen
1790,den,der,PRON,nk,1789,ohne
1791,sie,sie,PRON,sb,1794,kann
1792,nicht,nicht,PART,ng,1794,kann
1793,bestehen,bestehen,VERB,oc,1794,kann
1794,kann,können,AUX,ROOT,1794,kann
1795,.,--,PUNCT,punct,1794,kann
1796,Wie,wie,SCONJ,mo,1798,Bildung
1797,vielseitige,vielseitig,ADJ,nk,1798,Bildung
1798,Bildung,Bildung,NOUN,sb,1799,muß
1799,muß,müssen,AUX,ROOT,1799,muß
1800,nicht,nicht,PART,ng,1799,muß
1801,der,der,DET,nk,1802,Maler
1802,Maler,Maler,NOUN,pd,1799,muß
1803,sich,sich,PRON,oa,1808,erworben
1804,als,als,ADP,mo,1808,erworben
1805,Mensch,Mensch,NOUN,nk,1804,als
1806,und,und,CCONJ,cd,1805,Mensch
1807,Künstler,Künstler,NOUN,cj,1806,und
1808,erworben,erwerben,VERB,oc,1809,haben
1809,haben,haben,AUX,ROOT,1809,haben
1810,",",--,PUNCT,punct,1809,haben
1811,wenn,wenn,SCONJ,cp,1812,er
1812,er,er,PRON,mo,1808,erworben
1813,allen,aller,DET,nk,1814,Forderungen
1814,Forderungen,Forderung,NOUN,oa,1808,erworben
1815,der,der,DET,dep,1809,haben
1816,Kritik,Kritik,NOUN,ROOT,1816,Kritik
1817,Genüge,Genug,NOUN,oa,1818,leisten
1818,leisten,leisten,VERB,oc,1819,will
1819,will,wollen,AUX,ROOT,1819,will
1820,!,--,PUNCT,punct,1819,will
1821,Wie,wie,ADV,mo,1822,leer
1822,leer,leer,ADV,pd,1825,sind
1823,und,und,CCONJ,cd,1822,leer
1824,roh,roh,PROPN,cj,1823,und
1825,sind,sein,AUX,ROOT,1825,sind
1826,dagegen,dagegen,ADV,mo,1825,sind
1827,viele,vieler,DET,nk,1828,Virtuosen
1828,Virtuosen,Virtuose,NOUN,sb,1825,sind
1829,neben,neben,ADP,svp,1825,sind
1830,dem,der,DET,nk,1831,Orchester
1831,Orchester,Orchester,NOUN,ROOT,1831,Orchester
1832,",",--,PUNCT,punct,1831,Orchester
1833,wenn,wenn,SCONJ,cp,1834,sie
1834,sie,sie,PRON,ROOT,1834,sie
1835,von,von,ADP,pg,1834,sie
1836,dieser,dieser,DET,nk,1835,von
1837,bretternen,brettern,ADJ,nk,1838,Prunkbühne
1838,Prunkbühne,Prunkbühne,NOUN,nk,1835,von
1839,ihres,ihr,DET,nk,1840,beschränkten
1840,beschränkten,beschränkt,ADJ,ag,1838,Prunkbühne
1841,Wirkungskreises,Wirkungskrei,NOUN,sb,1843,sind
1842,herabgestiegen,herabgestiegen,VERB,oc,1843,sind
1843,sind,sein,AUX,ROOT,1843,sind
1844,!,--,PUNCT,punct,1843,sind
1845,Die,der,DET,nk,1846,Tonsetzer
1846,Tonsetzer,Tonsetzer,NOUN,sb,1847,meinen
1847,meinen,meinen,VERB,ROOT,1847,meinen
1848,sich,sich,PRON,oa,1847,meinen
1849,viel,viel,PRON,mo,1847,meinen
1850,damit,damit,ADV,mo,1847,meinen
1851,",",--,PUNCT,punct,1847,meinen
1852,wenn,wenn,SCONJ,mo,1847,meinen
1853,sie,sie,PRON,sb,1854,sagen
1854,sagen,sagen,VERB,ROOT,1854,sagen
1855,:,--,PUNCT,punct,1854,sagen
1856,das,der,DET,nk,1857,Fundament
1857,Fundament,Fundament,NOUN,sb,1860,beruht
1858,unserer,unser,DET,nk,1859,Kunst
1859,Kunst,Kunst,NOUN,ag,1857,Fundament
1860,beruht,beruhen,VERB,oc,1854,sagen
1861,auf,auf,ADP,op,1860,beruht
1862,der,der,DET,nk,1863,positivesten
1863,positivesten,Positivesten,NOUN,nk,1861,auf
1864,aller,aller,DET,ROOT,1864,aller
1865,Wissenschaften,Wissenschaft,NOUN,ROOT,1865,Wissenschaften
1866,",",--,PUNCT,punct,1865,Wissenschaften
1867,auf,auf,ADP,par,1865,Wissenschaften
1868,der,der,DET,nk,1869,Mathematik
1869,Mathematik,Mathematik,NOUN,nk,1867,auf
1870,.,--,PUNCT,punct,1865,Wissenschaften
1871,Das,der,PRON,sb,1872,beweist
1872,beweist,beweisen,VERB,ROOT,1872,beweist
1873,aber,aber,ADV,mo,1872,beweist
1874,Nichts,nichts,PRON,oa,1872,beweist
1875,.,--,PUNCT,punct,1872,beweist
1876,Sie,sie,PRON,sb,1877,dient
1877,dient,dienen,VERB,ROOT,1877,dient
1878,ihnen,ihnen,PRON,da,1877,dient
1879,bloß,bloß,ADV,mo,1880,als
1880,als,als,ADP,ROOT,1880,als
1881,Vorsorge,Vorsorge,NOUN,nk,1880,als
1882,und,und,CCONJ,cd,1881,Vorsorge
1883,Gesetz,Gesetz,NOUN,cj,1882,und
1884,",",--,PUNCT,punct,1880,als
1885,daß,daß,SCONJ,cp,1887,Balken
1886,die,der,DET,nk,1887,Balken
1887,Balken,Balken,NOUN,oc,1880,als
1888,des,der,DET,nk,1889,Gerüstes
1889,Gerüstes,Gerüst,NOUN,ag,1887,Balken
1890,",",--,PUNCT,punct,1887,Balken
1891,um,um,ADP,op,1894,Töne
1892,welches,welcher,PRON,nk,1891,um
1893,die,der,DET,nk,1894,Töne
1894,Töne,Ton,NOUN,ROOT,1894,Töne
1895,wie,wie,ADP,cm,1898,Lampenillumination
1896,eine,ein,DET,nk,1898,Lampenillumination
1897,vielfarbige,vielfarbig,ADJ,nk,1898,Lampenillumination
1898,Lampenillumination,Lampenillumination,NOUN,ROOT,1898,Lampenillumination
1899,um,um,ADP,mnr,1898,Lampenillumination
1900,architektonische,architektonisch,ADJ,nk,1901,Formen
1901,Formen,Form,NOUN,nk,1899,um
1902,sich,sich,PRON,oa,1898,Lampenillumination
1903,schlingen,schlingen,VERB,sb,1905,winkelrecht
1904,",",--,PUNCT,punct,1905,winkelrecht
1905,winkelrecht,winkelrecht,ADV,ROOT,1905,winkelrecht
1906,aufgestellt,aufstellen,VERB,oc,1907,werden
1907,werden,werden,AUX,oc,1908,können
1908,können,können,AUX,oc,1905,winkelrecht
1909,.,--,PUNCT,punct,1905,winkelrecht
1910,So,so,ADV,mo,1911,haben
1911,haben,haben,AUX,ROOT,1911,haben
1912,wir,wir,PRON,sb,1911,haben
1913,Historienmaler,Historienmaler,PROPN,oa,1911,haben
1914,auch,auch,ADV,mo,1916,Anatomie
1915,die,der,DET,nk,1916,Anatomie
1916,Anatomie,Anatomie,NOUN,ROOT,1916,Anatomie
1917,",",--,PUNCT,punct,1916,Anatomie
1918,daß,daß,SCONJ,cp,1920,Gerippe
1919,disästhetische,disästhetisch,ADJ,nk,1920,Gerippe
1920,Gerippe,Gerippe,NOUN,oc,1916,Anatomie
1921,",",--,PUNCT,punct,1920,Gerippe
1922,zu,zu,ADP,mnr,1920,Gerippe
1923,gleichem,gleich,ADJ,nk,1924,Behufe
1924,Behufe,Behufe,NOUN,nk,1922,zu
1925,.,--,PUNCT,punct,1916,Anatomie
1926,Deßwegen,deßwegen,NOUN,ROOT,1926,Deßwegen
1927,dürfen,dürfen,AUX,ROOT,1927,dürfen
1928,wir,wir,PRON,sb,1927,dürfen
1929,uns,sich,PRON,oa,1932,rühmen
1930,aber,aber,ADV,mo,1927,dürfen
1931,nicht,nicht,PART,ng,1927,dürfen
1932,rühmen,rühmen,VERB,oc,1927,dürfen
1933,",",--,PUNCT,punct,1927,dürfen
1934,eigentliche,eigentlich,ADJ,nk,1935,Zergliederer
1935,Zergliederer,Zergliederer,NOUN,pd,1937,sein
1936,zu,zu,PART,pm,1937,sein
1937,sein,sein,AUX,oc,1927,dürfen
1938,.,--,PUNCT,punct,1927,dürfen
1939,Und,und,CCONJ,ju,1940,bei
1940,bei,bei,ADP,ROOT,1940,bei
1941,Anlaß,Anlaß,NOUN,pd,1951,sagen
1942,der,der,DET,nk,1943,Anatomie
1943,Anatomie,Anatomie,NOUN,ag,1941,Anlaß
1944,muß,müssen,AUX,ROOT,1944,muß
1945,ich,ich,PRON,sb,1944,muß
1946,dir,dir,PRON,da,1951,sagen
1947,nur,nur,ADV,mo,1944,muß
1948,noch,noch,ADV,mo,1947,nur
1949,rund,rund,ADV,mo,1950,heraus
1950,heraus,heraus,ADV,mo,1951,sagen
1951,sagen,sagen,VERB,oc,1944,muß
1952,",",--,PUNCT,punct,1951,sagen
1953,daß,daß,SCONJ,cp,1955,Zauber
1954,der,der,DET,nk,1955,Zauber
1955,Zauber,Zauber,NOUN,oc,1951,sagen
1956,der,der,DET,dep,1944,muß
1957,Musik,Musik,NOUN,sb,1966,ist
1958,",",--,PUNCT,punct,1957,Musik
1959,physiologisch,physiologisch,ADV,mo,1960,geprüft
1960,geprüft,prüfen,VERB,oc,1957,Musik
1961,",",--,PUNCT,punct,1957,Musik
1962,im,in,ADP,mo,1957,Musik
1963,Grund,Grund,NOUN,nk,1962,im
1964,nichts,nichts,PRON,sb,1957,Musik
1965,Anders,anders,ADV,mo,1966,ist
1966,ist,sein,AUX,ROOT,1966,ist
1967,",",--,PUNCT,punct,1966,ist
1968,als,als,SCONJ,cm,1970,ein
1969,nur,nur,ADV,mo,1970,ein
1970,ein,ein,DET,cc,1966,ist
1971,künstlicher,künstlich,ADJ,nk,1974,Nervenreiz
1972,",",--,PUNCT,punct,1971,künstlicher
1973,feiner,fein,ADJ,cj,1971,künstlicher
1974,Nervenreiz,Nervenreiz,NOUN,ROOT,1974,Nervenreiz
1975,;,--,PUNCT,punct,1974,Nervenreiz
1976,und,und,CCONJ,ju,1977,wird
1977,wird,werden,AUX,ROOT,1977,wird
1978,er,er,PRON,sb,1977,wird
1979,zur,zu,ADP,mo,1982,gesteigert
1980,höchsten,hoch,ADJ,nk,1981,Spannung
1981,Spannung,Spannung,NOUN,nk,1979,zur
1982,gesteigert,steigern,VERB,oc,1977,wird
1983,",",--,PUNCT,punct,1977,wird
1984,so,so,ADV,mo,1985,entsteht
1985,entsteht,entstehen,VERB,ROOT,1985,entsteht
1986,am,an,ADP,mo,1985,entsteht
1987,Ende,Ende,NOUN,nk,1986,am
1988,kränkliche,kränklich,ADJ,nk,1989,Abnormität
1989,Abnormität,Abnormität,NOUN,sb,1985,entsteht
1990,.,--,PUNCT,punct,1985,entsteht
1991,Eine,ein,DET,nk,1993,Tochter
1992,liebenswürdige,liebenswürdig,ADJ,nk,1993,Tochter
1993,Tochter,Tochter,NOUN,ROOT,1993,Tochter
1994,des,der,DET,punct,1993,Tochter
1995,Kupferstechers,Kupferstecher,PROPN,ag,1996,Bause
1996,Bause,Bause,NOUN,sb,1997,spielte
1997,spielte,spielen,VERB,ROOT,1997,spielte
1998,sich,sich,PRON,oa,1997,spielte
1999,durch,durch,ADP,mo,1997,spielte
2000,die,der,DET,nk,2001,Harmonika
2001,Harmonika,Harmonika,NOUN,nk,1999,durch
2002,",",--,PUNCT,punct,2001,Harmonika
2003,deren,der,DET,ag,2004,Tonschwingungen
2004,Tonschwingungen,Tonschwingung,NOUN,oa,1997,spielte
2005,unmittelbar,unmittelbar,ADV,mo,2013,erschüttern
2006,durch,durch,ADP,mo,2013,erschüttern
2007,die,der,DET,nk,2008,Fingerkoppen
2008,Fingerkoppen,Fingerkoppe,NOUN,nk,2006,durch
2009,das,der,DET,nk,2010,Nervensystem
2010,Nervensystem,Nervensystem,NOUN,oa,2013,erschüttern
2011,am,am,PART,pm,2012,stärksten
2012,stärksten,stark,ADV,mo,2013,erschüttern
2013,erschüttern,erschüttern,VERB,ROOT,2013,erschüttern
2014,",",--,PUNCT,punct,2013,erschüttern
2015,eine,ein,DET,nk,2016,Nervenzehrung
2016,Nervenzehrung,Nervenzehrung,NOUN,ROOT,2016,Nervenzehrung
2017,an,an,ADP,ROOT,2017,an
2018,",",--,PUNCT,punct,2017,an
2019,die,der,PRON,oa,2026,dahinraffte
2020,sie,sie,PRON,sb,2026,dahinraffte
2021,in,in,ADP,mo,2026,dahinraffte
2022,der,der,DET,nk,2023,Blüthe
2023,Blüthe,Blüthe,NOUN,nk,2021,in
2024,des,der,DET,nk,2025,Lebens
2025,Lebens,Leben,NOUN,ag,2023,Blüthe
2026,dahinraffte,dahinraffen,VERB,ROOT,2026,dahinraffte
2027,.,--,PUNCT,punct,2026,dahinraffte
2028,–,--,PUNCT,punct,2030,habe
2029,Ich,ich,PRON,sb,2030,habe
2030,habe,haben,AUX,ROOT,2030,habe
2031,noch,noch,ADV,mo,2034,Grund
2032,einen,ein,DET,nk,2034,Grund
2033,andern,anderer,ADJ,nk,2034,Grund
2034,Grund,Grund,NOUN,ROOT,2034,Grund
2035,",",--,PUNCT,punct,2034,Grund
2036,warum,warum,SCONJ,mo,2037,ich
2037,ich,ich,PRON,ROOT,2037,ich
2038,dich,dich,PRON,mo,2037,ich
2039,vor,vor,ADP,mo,2037,ich
2040,dergleichen,dergleich,ADJ,nk,2039,vor
2041,",",--,PUNCT,punct,2039,vor
2042,durch,durch,ADP,cj,2039,vor
2043,Nervenreiz,Nervenreiz,PROPN,nk,2042,durch
2044,künstlich,künstlich,ADV,mo,2045,erhöhten
2045,erhöhten,erhöht,ADJ,nk,2046,Seelenstimmungen
2046,Seelenstimmungen,Seelenstimmungen,NOUN,da,2047,warnen
2047,warnen,warnen,VERB,oc,2048,muß
2048,muß,müssen,AUX,ROOT,2048,muß
2049,;,--,PUNCT,punct,2048,muß
2050,denn,denn,CCONJ,ju,2051,sieh
2051,sieh,Sieh,VERB,ROOT,2051,sieh
2052,',--,PUNCT,punct,2051,sieh
2053,",",--,PUNCT,punct,2051,sieh
2054,mein,mein,DET,nk,2055,Kind
2055,Kind,Kind,NOUN,cj,2051,sieh
2056,",",--,PUNCT,punct,2055,Kind
2057,wir,wir,PRON,dep,2051,sieh
2058,wissen,wissen,VERB,ROOT,2058,wissen
2059,noch,noch,ADV,mo,2060,alle
2060,alle,alle,PRON,sb,2058,wissen
2061,nicht,nicht,PART,ng,2058,wissen
2062,recht,recht,ADV,oa,2058,wissen
2063,",",--,PUNCT,punct,2058,wissen
2064,was,was,PRON,sb,2070,ist
2065,Körper,Körper,NOUN,sb,2070,ist
2066,oder,oder,CCONJ,cd,2065,Körper
2067,Seele,Seele,NOUN,cj,2066,oder
2068,an,an,ADP,mo,2070,ist
2069,uns,uns,PRON,nk,2068,an
2070,ist,sein,AUX,oc,2058,wissen
2071,",",--,PUNCT,punct,2070,ist
2072,an,an,ADP,mo,2070,ist
2073,welchen,welcher,DET,nk,2072,an
2074,Fibern,Fiber,NOUN,da,2076,zusammenhängen
2075,sie,sie,PRON,oa,2076,zusammenhängen
2076,zusammenhängen,zusammenhängen,VERB,ROOT,2076,zusammenhängen
2077,",",--,PUNCT,punct,2076,zusammenhängen
2078,und,und,CCONJ,cd,2076,zusammenhängen
2079,wo,wo,ADV,mo,2085,liegt
2080,der,der,DET,nk,2081,Haas
2081,Haas,Haas,NOUN,sb,2085,liegt
2082,eigentlich,eigentlich,ADV,mo,2085,liegt
2083,im,in,ADP,mo,2085,liegt
2084,Pfeffer,Pfeffer,NOUN,nk,2083,im
2085,liegt,liegen,VERB,cj,2078,und
2086,.,--,PUNCT,punct,2076,zusammenhängen
2087,Dergleichen,Dergleiche,NOUN,oa,2088,wachsartige
2088,wachsartige,wachsartig,ADJ,nk,2089,Dinger
2089,Dinger,Dinger,NOUN,sb,2095,werden
2090,wie,wie,ADP,cm,2091,du
2091,du,du,PRON,cc,2089,Dinger
2092,",",--,PUNCT,punct,2091,du
2093,Angelika,Angelika,PROPN,cj,2091,du
2094,",",--,PUNCT,punct,2095,werden
2095,werden,werden,AUX,ROOT,2095,werden
2096,durch,durch,ADP,mo,2095,werden
2097,Musik,Musik,NOUN,nk,2096,durch
2098,nur,nur,ADV,mo,2095,werden
2099,noch,noch,ADV,mo,2098,nur
2100,empfänglicher,empfänglich,ADV,ROOT,2100,empfänglicher
2101,für,für,ADP,mo,2100,empfänglicher
2102,jeden,jeder,DET,nk,2103,Eindruck
2103,Eindruck,Eindruck,NOUN,nk,2101,für
2104,von,von,ADP,pg,2103,Eindruck
2105,Außen,Außen,NOUN,nk,2104,von
2106,her,her,ADV,svp,2100,empfänglicher
2107,;,--,PUNCT,punct,2100,empfänglicher
2108,zum,zu,ADP,mo,2110,ist
2109,Nassen,Nassen,NOUN,nk,2108,zum
2110,ist,sein,AUX,ROOT,2110,ist
2111,bald,bald,ADV,mo,2110,ist
2112,genug,genug,ADV,dep,2110,ist
2113,geregnet,regnen,VERB,ROOT,2113,geregnet
2114,",",--,PUNCT,punct,2113,geregnet
2115,und,und,CCONJ,cd,2113,geregnet
2116,euere,eueren,VERB,nk,2119,Herzen
2117,vielfach,vielfach,ADV,mo,2118,besaiteten
2118,besaiteten,besaitet,ADJ,nk,2119,Herzen
2119,Herzen,Herz,NOUN,sb,2120,erklingen
2120,erklingen,erklingen,VERB,cj,2115,und
2121,ohnehin,ohnehin,ADV,mo,2120,erklingen
2122,gleich,gleich,ADV,mo,2120,erklingen
2123,wie,wie,ADP,cm,2124,die
2124,die,der,PRON,cc,2122,gleich
2125,Aeolsharfe,Aeolsharfe,NOUN,ROOT,2125,Aeolsharfe
2126,",",--,PUNCT,punct,2125,Aeolsharfe
2127,wenn,wenn,SCONJ,cp,2133,vorübergleitet
2128,nur,nur,ADV,mo,2131,Lüftchen
2129,ein,ein,DET,nk,2131,Lüftchen
2130,laues,lau,ADJ,nk,2131,Lüftchen
2131,Lüftchen,Lüftchen,NOUN,sb,2133,vorübergleitet
2132,daran,daran,ADV,mo,2133,vorübergleitet
2133,vorübergleitet,vorübergleiten,VERB,mo,2125,Aeolsharfe
2134,.,--,PUNCT,punct,2125,Aeolsharfe
2135,Der,der,DET,nk,2136,kleine
2136,kleine,klein,ADJ,ROOT,2136,kleine
2137,schlaue,schlau,ADJ,nk,2138,Amor
2138,Amor,Amor,NOUN,sb,2139,lauscht
2139,lauscht,lauscht,ADV,ROOT,2139,lauscht
2140,hinter,hinter,ADP,mo,2139,lauscht
2141,dem,der,DET,nk,2142,Sattel
2142,Sattel,Sattel,NOUN,nk,2140,hinter
2143,jeder,jeder,DET,nk,2144,Geige
2144,Geige,Geige,NOUN,ag,2142,Sattel
2145,",",--,PUNCT,punct,2139,lauscht
2146,und,und,CCONJ,cd,2139,lauscht
2147,bestreicht,bestreichen,VERB,cj,2146,und
2148,jeden,jeder,DET,oa,2147,bestreicht
2149,Fidelbogen,Fidelboge,NOUN,ROOT,2149,Fidelbogen
2150,",",--,PUNCT,punct,2149,Fidelbogen
2151,den,der,PRON,oa,2156,führt
2152,ein,ein,DET,nk,2155,Bursche
2153,junger,jung,ADJ,nk,2155,Bursche
2154,lebenslustiger,lebenslustig,ADJ,nk,2155,Bursche
2155,Bursche,Bursche,NOUN,sb,2156,führt
2156,führt,führen,VERB,rc,2149,Fidelbogen
2157,",",--,PUNCT,punct,2156,führt
2158,statt,statt,ADP,ac,2159,mit
2159,mit,mit,ADP,mo,2156,führt
2160,Calfonium,Calfonium,PROPN,nk,2159,mit
2161,",",--,PUNCT,punct,2149,Fidelbogen
2162,mit,mit,ADP,ROOT,2162,mit
2163,seinem,sein,DET,nk,2165,Vogelleim
2164,verführerischen,verführerisch,ADJ,nk,2165,Vogelleim
2165,Vogelleim,Vogelleim,PROPN,nk,2162,mit
2166,",",--,PUNCT,punct,2165,Vogelleim
2167,an,an,ADP,mo,2172,Augen
2168,dem,der,PRON,nk,2167,an
2169,erst,erst,ADV,mo,2172,Augen
2170,die,der,DET,nk,2172,Augen
2171,blitzenden,blitzend,ADJ,nk,2172,Augen
2172,Augen,Auge,NOUN,app,2165,Vogelleim
2173,",",--,PUNCT,punct,2162,mit
2174,und,und,CCONJ,cd,2162,mit
2175,dann,dann,ADV,mo,2180,Herzen
2176,bald,bald,ADV,mo,2175,dann
2177,auch,auch,ADV,mo,2180,Herzen
2178,die,der,DET,nk,2180,Herzen
2179,raschpulsirenden,raschpulsirend,ADJ,nk,2180,Herzen
2180,Herzen,Herz,NOUN,ROOT,2180,Herzen
2181,der,der,DET,nk,2183,Zuhörerinnen
2182,jungen,jung,ADJ,nk,2183,Zuhörerinnen
2183,Zuhörerinnen,Zuhörerinn,NOUN,ag,2180,Herzen
2184,wie,wie,ADP,cm,2185,Finken
2185,Finken,Fink,NOUN,cc,2180,Herzen
2186,kleben,kleben,VERB,oc,2187,bleiben
2187,bleiben,bleiben,VERB,ROOT,2187,bleiben
2188,.,--,PUNCT,punct,2187,bleiben
2189,Dein,dein,DET,nk,2190,Herz
2190,Herz,Herz,NOUN,sb,2195,sollst
2191,aber,aber,ADV,mo,2190,Herz
2192,",",--,PUNCT,punct,2190,Herz
2193,Angelika,Angelika,PROPN,app,2190,Herz
2194,",",--,PUNCT,punct,2195,sollst
2195,sollst,sollen,AUX,ROOT,2195,sollst
2196,du,du,PRON,sb,2195,sollst
2197,nicht,nicht,PART,ng,2195,sollst
2198,an,an,ADP,mo,2195,sollst
2199,den,der,DET,nk,2201,besten
2200,ersten,erster,ADJ,nk,2201,besten
2201,besten,gut,ADJ,nk,2198,an
2202,Geiger,Geiger,NOUN,sb,2205,vertändeln
2203,oder,oder,CCONJ,cd,2202,Geiger
2204,Sänger,Sänger,NOUN,cj,2203,oder
2205,vertändeln,vertändeln,VERB,ROOT,2205,vertändeln
2206,",",--,PUNCT,punct,2205,vertändeln
2207,der,der,PRON,sb,2212,versteht
2208,die,der,DET,nk,2209,Lockpfeife
2209,Lockpfeife,Lockpfeif,NOUN,oa,2211,spielen
2210,zu,zu,PART,pm,2211,spielen
2211,spielen,spielen,VERB,oc,2212,versteht
2212,versteht,verstehen,VERB,rc,2205,vertändeln
2213,.,--,PUNCT,punct,2205,vertändeln
2214,Nur,nur,ADV,mo,2215,ein
2215,ein,ein,DET,ROOT,2215,ein
2216,wackrer,wackrer,ADV,ROOT,2216,wackrer
2217,",",--,PUNCT,punct,2216,wackrer
2218,vielseitig,vielseitig,ADV,mo,2221,kann
2219,gebildeter,gebildet,ADJ,nk,2220,Maler
2220,Maler,Maler,NOUN,sb,2221,kann
2221,kann,können,AUX,rc,2216,wackrer
2222,und,und,CCONJ,cd,2221,kann
2223,soll,sollen,AUX,cj,2222,und
2224,mein,mein,DET,nk,2225,Eidam
2225,Eidam,Eidam,NOUN,pd,2226,werden
2226,werden,werden,AUX,oc,2223,soll
2227,",",--,PUNCT,punct,2223,soll
2228,wenn,wenn,SCONJ,cp,2229,dein
2229,dein,dein,DET,ROOT,2229,dein
2230,Verstand,Verstand,NOUN,sb,2239,sind
2231,",",--,PUNCT,punct,2230,Verstand
2232,dein,dein,DET,nk,2233,Aug
2233,Aug,Aug,NOUN,cj,2230,Verstand
2234,und,und,CCONJ,cd,2233,Aug
2235,deine,dein,ADJ,nk,2236,Hand
2236,Hand,Hand,NOUN,cj,2234,und
2237,sattsam,sattsam,ADV,mo,2238,geübt
2238,geübt,üben,VERB,oc,2239,sind
2239,sind,sein,AUX,ROOT,2239,sind
2240,;,--,PUNCT,punct,2239,sind
2241,und,und,CCONJ,ju,2243,ziehn
2242,dann,dann,ADV,mo,2243,ziehn
2243,ziehn,ziehn,NUM,ROOT,2243,ziehn
2244,wir,wir,PRON,sb,2243,ziehn
2245,",",--,PUNCT,punct,2243,ziehn
2246,ein,ein,DET,app,2243,ziehn
2247,artistisches,artistisch,ADJ,nk,2248,Kleeblatt
2248,Kleeblatt,Kleeblatt,NOUN,ROOT,2248,Kleeblatt
2249,",",--,PUNCT,punct,2248,Kleeblatt
2250,nach,nach,ADP,mo,2248,Kleeblatt
2251,Rom,Rom,PROPN,nk,2250,nach
2252,und,und,CCONJ,cd,2251,Rom
2253,Neapel,Neapel,PROPN,cj,2252,und
2254,",",--,PUNCT,punct,2248,Kleeblatt
2255,und,und,CCONJ,cd,2253,Neapel
2256,nach,nach,ADP,cj,2255,und
2257,Paris,Paris,PROPN,nk,2256,nach
2258,ins,in,ADP,mo,2256,nach
2259,Museum,Museum,NOUN,nk,2258,ins
2260,",",--,PUNCT,punct,2248,Kleeblatt
2261,und,und,CCONJ,cd,2248,Kleeblatt
2262,führen,führen,VERB,ROOT,2262,führen
2263,zusammen,zusammen,ADV,mo,2265,Götterleben
2264,ein,ein,DET,nk,2265,Götterleben
2265,Götterleben,Götterleben,NOUN,sb,2262,führen
2266,",",--,PUNCT,punct,2265,Götterleben
2267,von,von,ADP,dep,2262,führen
2268,dessen,der,DET,ag,2269,Wonne
2269,Wonne,Wonne,PROPN,nk,2267,von
2270,du,du,PRON,nk,2267,von
2271,dir,dir,PRON,nk,2267,von
2272,jetzt,jetzt,ADV,mo,2267,von
2273,noch,noch,ADV,mo,2274,keinen
2274,keinen,keiner,PRON,oa,2262,führen
2275,Begriff,Begriff,NOUN,oa,2276,machen
2276,machen,machen,VERB,ROOT,2276,machen
2277,kannst,Kannst,ADV,mo,2276,machen
2278,!,--,PUNCT,punct,2276,machen
2279,«,--,PUNCT,punct,2276,machen
2280,So,so,ADV,mo,2281,schwadronirte
2281,schwadronirte,schwadroniren,VERB,ROOT,2281,schwadronirte
2282,der,der,DET,nk,2285,Schönfeld
2283,rasche,rasch,ADJ,nk,2285,Schönfeld
2284,Fünfziger,Fünfziger,ADJ,nk,2285,Schönfeld
2285,Schönfeld,Schönfeld,NOUN,sb,2281,schwadronirte
2286,",",--,PUNCT,punct,2281,schwadronirte
2287,indeß,indeß,VERB,cj,2281,schwadronirte
2288,er,er,PRON,sb,2287,indeß
2289,seine,sein,DET,nk,2290,Palette
2290,Palette,Palette,NOUN,oa,2287,indeß
2291,beseitigte,beseitigen,VERB,ROOT,2291,beseitigte
2292,",",--,PUNCT,punct,2291,beseitigte
2293,und,und,CCONJ,cd,2291,beseitigte
2294,seine,sein,DET,nk,2295,Tochter
2295,Tochter,Tochter,NOUN,sb,2300,niederschlug
2296,hocherröthend,hocherröthend,ADV,mo,2300,niederschlug
2297,die,der,DET,nk,2299,Augen
2298,schönen,schön,ADJ,nk,2299,Augen
2299,Augen,Auge,NOUN,oa,2300,niederschlug
2300,niederschlug,niederschlagen,VERB,cj,2293,und
2301,",",--,PUNCT,punct,2291,beseitigte
2302,und,und,CCONJ,cd,2291,beseitigte
2303,nicht,nicht,PART,ng,2306,durfte
2304,weiter,weiter,ADV,mo,2305,widersprechen
2305,widersprechen,widersprechen,VERB,oc,2306,durfte
2306,durfte,dürfen,AUX,ROOT,2306,durfte
2307,",",--,PUNCT,punct,2306,durfte
2308,um,um,SCONJ,cp,2314,erhitzten
2309,den,der,DET,oa,2314,erhitzten
2310,",",--,PUNCT,punct,2314,erhitzten
2311,von,von,ADP,sbp,2314,erhitzten
2312,der,der,DET,nk,2313,Arbeit
2313,Arbeit,Arbeit,NOUN,nk,2311,von
2314,erhitzten,erhitzt,ADJ,mo,2306,durfte
2315,Vater,Vater,NOUN,sb,2314,erhitzten
2316,",",--,PUNCT,punct,2314,erhitzten
2317,nicht,nicht,PART,ng,2323,bringen
2318,noch,noch,ADV,mo,2319,mehr
2319,mehr,mehr,ADV,mo,2323,bringen
2320,in,in,ADP,mo,2323,bringen
2321,Wallung,Wallung,NOUN,nk,2320,in
2322,zu,zu,PART,pm,2323,bringen
2323,bringen,bringen,VERB,ROOT,2323,bringen
2324,;,--,PUNCT,punct,2323,bringen
2325,denn,denn,CCONJ,ju,2327,hatte
2326,sie,sie,PRON,sb,2327,hatte
2327,hatte,haben,AUX,ROOT,2327,hatte
2328,noch,noch,ADV,mo,2329,für
2329,für,für,ADP,mo,2327,hatte
2330,die,der,DET,nk,2331,nächste
2331,nächste,nächster,ADJ,nk,2329,für
2332,Stunde,Stunde,NOUN,mo,2334,Bitte
2333,eine,ein,DET,nk,2334,Bitte
2334,Bitte,Bitte,NOUN,ROOT,2334,Bitte
2335,an,an,ADP,mnr,2334,Bitte
2336,ihn,ihn,PRON,nk,2335,an
2337,auf,auf,ADP,mnr,2334,Bitte
2338,dem,der,DET,nk,2339,Herzen
2339,Herzen,Herz,NOUN,nk,2337,auf
2340,.,--,PUNCT,punct,2334,Bitte
2341,2,2,NUM,ROOT,2341,2
2342,Der,der,DET,nk,2343,Maler
2343,Maler,Maler,NOUN,sb,2344,war
2344,war,sein,AUX,ROOT,2344,war
2345,eigentlich,eigentlich,ADV,mo,2344,war
2346,nichts,nichts,PRON,pd,2344,war
2347,weniger,weniger,PRON,mo,2346,nichts
2348,als,als,ADP,cm,2350,Feind
2349,ein,ein,DET,nk,2350,Feind
2350,Feind,Feind,NOUN,cc,2347,weniger
2351,der,der,DET,nk,2353,Tonkunst
2352,edeln,edeln,VERB,nk,2353,Tonkunst
2353,Tonkunst,Tonkunst,NOUN,ag,2350,Feind
2354,.,--,PUNCT,punct,2344,war
2355,Er,er,PRON,ROOT,2355,Er
2356,hatte,haben,AUX,ROOT,2356,hatte
2357,ihr,ihr,PRON,da,2364,gewidmet
2358,selbst,selbst,ADV,mnr,2357,ihr
2359,einen,ein,DET,nk,2360,Theil
2360,Theil,Theil,NOUN,oa,2364,gewidmet
2361,seiner,sein,DET,nk,2363,Jugend
2362,stürmischen,stürmisch,ADJ,nk,2363,Jugend
2363,Jugend,Jugend,NOUN,ag,2360,Theil
2364,gewidmet,widmen,VERB,oc,2356,hatte
2365,;,--,PUNCT,punct,2356,hatte
2366,durch,durch,ADP,ROOT,2366,durch
2367,sie,sie,PRON,nk,2366,durch
2368,hatte,haben,AUX,ROOT,2368,hatte
2369,er,er,PRON,sb,2368,hatte
2370,sich,sich,PRON,da,2377,erworben
2371,die,der,DET,nk,2372,Liebe
2372,Liebe,Liebe,NOUN,oa,2377,erworben
2373,seiner,sein,DET,nk,2376,Gattin
2374,früh,früh,ADV,mo,2375,vollendeten
2375,vollendeten,vollendet,ADJ,nk,2376,Gattin
2376,Gattin,Gattin,NOUN,ag,2372,Liebe
2377,erworben,erwerben,VERB,oc,2368,hatte
2378,",",--,PUNCT,punct,2368,hatte
2379,und,und,CCONJ,cd,2368,hatte
2380,würde,werden,AUX,cj,2379,und
2381,es,es,PRON,oc,2380,würde
2382,vielleicht,vielleicht,ADV,mo,2383,zu
2383,zu,zu,ADP,ROOT,2383,zu
2384,einem,ein,DET,nk,2387,Grad
2385,nicht,nicht,PART,ng,2386,geringen
2386,geringen,gering,ADJ,nk,2387,Grad
2387,Grad,Grad,NOUN,nk,2383,zu
2388,von,von,ADP,pg,2387,Grad
2389,Virtuosität,Virtuosität,NOUN,nk,2388,von
2390,auf,auf,ADP,mnr,2387,Grad
2391,dem,der,DET,nk,2392,Pianoforte
2392,Pianoforte,Pianoforte,NOUN,nk,2390,auf
2393,gebracht,bringen,VERB,oc,2394,haben
2394,haben,haben,AUX,mo,2396,hätten
2395,",",--,PUNCT,punct,2396,hätten
2396,hätten,haben,AUX,ROOT,2396,hätten
2397,die,der,DET,nk,2399,Töne
2398,bekannten,bekannt,ADJ,nk,2399,Töne
2399,Töne,Ton,NOUN,sb,2396,hätten
2400,nicht,nicht,PART,ng,2402,Verbindung
2401,durch,durch,ADP,mo,2396,hätten
2402,Verbindung,Verbindung,NOUN,nk,2401,durch
2403,von,von,ADP,pg,2402,Verbindung
2404,Ideen,Idee,NOUN,nk,2403,von
2405,und,und,CCONJ,cd,2401,durch
2406,Erinnerungsgefühlen,Erinnerungsgefühl,NOUN,ROOT,2406,Erinnerungsgefühlen
2407,seinen,sein,DET,nk,2408,Schmerz
2408,Schmerz,Schmerz,NOUN,oa,2414,erneuert
2409,über,über,ADP,mnr,2408,Schmerz
2410,den,der,DET,nk,2411,Verlust
2411,Verlust,Verlust,NOUN,nk,2409,über
2412,der,der,DET,nk,2413,Geliebten
2413,Geliebten,geliebter,NOUN,ag,2411,Verlust
2414,erneuert,erneuern,VERB,oc,2406,Erinnerungsgefühlen
2415,.,--,PUNCT,punct,2406,Erinnerungsgefühlen
2416,Zudem,zudem,ADV,mo,2417,geschah
2417,geschah,geschehen,VERB,ROOT,2417,geschah
2418,ihm,ihm,PRON,da,2417,geschah
2419,wie,wie,ADP,cm,2421,Andern
2420,manchem,mancher,DET,nk,2421,Andern
2421,Andern,And,NOUN,da,2417,geschah
2422,",",--,PUNCT,punct,2421,Andern
2423,der,der,PRON,nk,2428,Künsten
2424,in,in,ADP,mo,2428,Künsten
2425,der,der,DET,nk,2426,Jugend
2426,Jugend,Jugend,NOUN,nk,2424,in
2427,beiden,beide,DET,nk,2428,Künsten
2428,Künsten,Künst,NOUN,dep,2417,geschah
2429,zugleich,zugleich,ADV,mo,2428,Künsten
2430,huldigte,huldigen,VERB,ROOT,2430,huldigte
2431,;,--,PUNCT,punct,2430,huldigte
2432,mit,mit,ADP,mo,2442,schließt
2433,den,der,DET,nk,2435,Jahren
2434,reifern,reifern,NOUN,nk,2435,Jahren
2435,Jahren,Jahr,NOUN,nk,2432,mit
2436,",",--,PUNCT,punct,2435,Jahren
2437,wo,wo,SCONJ,mo,2440,vorherrscht
2438,der,der,DET,nk,2439,Verstand
2439,Verstand,Verstand,NOUN,sb,2440,vorherrscht
2440,vorherrscht,vorherrschen,VERB,rc,2435,Jahren
2441,",",--,PUNCT,punct,2442,schließt
2442,schließt,schließen,VERB,ROOT,2442,schließt
2443,dieser,dieser,PRON,sb,2442,schließt
2444,sich,sich,PRON,ROOT,2444,sich
2445,naturnothwendig,naturnothwendig,ADV,mo,2444,sich
2446,und,und,CCONJ,cd,2445,naturnothwendig
2447,vorzüglich,vorzüglich,ADV,cj,2446,und
2448,dem,der,DET,nk,2449,Plastischen
2449,Plastischen,Plastischen,NOUN,nk,2447,vorzüglich
2450,an,an,ADP,ROOT,2450,an
2451,.,--,PUNCT,ROOT,2451,.
2452,Und,und,CCONJ,ROOT,2452,Und
2453,als,als,SCONJ,punct,2455,sich
2454,er,er,PRON,nk,2453,als
2455,sich,sich,PRON,mo,2452,Und
2456,immer,immer,ADV,mo,2455,sich
2457,mehr,mehr,ADV,mo,2462,hineingearbeitet
2458,in,in,ADP,mo,2462,hineingearbeitet
2459,die,der,DET,nk,2461,Kunst
2460,bildende,bildend,ADJ,nk,2461,Kunst
2461,Kunst,Kunst,NOUN,nk,2458,in
2462,hineingearbeitet,hineingearbeitet,VERB,oc,2463,hatte
2463,hatte,haben,AUX,ROOT,2463,hatte
2464,.,--,PUNCT,punct,2463,hatte
2465,entfaltete,entfalten,VERB,ROOT,2465,entfaltete
2466,sich,sich,PRON,oa,2465,entfaltete
2467,in,in,ADP,mo,2465,entfaltete
2468,seiner,sein,DET,punct,2465,entfaltete
2469,regen,reg,ADJ,nk,2470,Phantasie
2470,Phantasie,Phantasie,NOUN,ROOT,2470,Phantasie
2471,ein,ein,DET,nk,2472,Plan
2472,Plan,Plan,NOUN,ROOT,2472,Plan
2473,",",--,PUNCT,punct,2472,Plan
2474,der,der,PRON,sb,2481,gelegen
2475,schon,schon,ADV,mo,2476,früher
2476,früher,früh,ADV,mo,2481,gelegen
2477,im,in,ADP,mo,2481,gelegen
2478,Hintergrund,Hintergrund,NOUN,nk,2477,im
2479,seiner,sein,DET,nk,2480,Seele
2480,Seele,Seele,NOUN,ag,2478,Hintergrund
2481,gelegen,liegen,VERB,rc,2472,Plan
2482,",",--,PUNCT,punct,2472,Plan
2483,zu,zu,ADP,ROOT,2483,zu
2484,einem,ein,DET,nk,2486,Künstlerleben
2485,idealischen,idealisch,ADJ,nk,2486,Künstlerleben
2486,Künstlerleben,Künstlerleben,NOUN,nk,2483,zu
2487,",",--,PUNCT,punct,2486,Künstlerleben
2488,in,in,ADP,ROOT,2488,in
2489,welchem,welcher,PRON,nk,2488,in
2490,seine,sein,DET,nk,2491,Tochter
2491,Tochter,Tochter,NOUN,pd,2488,in
2492,",",--,PUNCT,punct,2491,Tochter
2493,die,der,PRON,nk,2494,entschiedene
2494,entschiedene,entschieden,ADJ,cj,2488,in
2495,Anlagen,Anlage,NOUN,sb,2496,zeigte
2496,zeigte,zeigen,VERB,ROOT,2496,zeigte
2497,",",--,PUNCT,punct,2496,zeigte
2498,eine,ein,DET,nk,2499,Hauptrolle
2499,Hauptrolle,Hauptrolle,NOUN,oa,2500,spielte
2500,spielte,spielen,VERB,oc,2496,zeigte
2501,.,--,PUNCT,punct,2496,zeigte
2502,Sie,sie,PRON,sb,2503,sollte
2503,sollte,sollen,AUX,ROOT,2503,sollte
2504,",",--,PUNCT,punct,2503,sollte
2505,selbst,selbst,ADV,mo,2506,Malerin
2506,Malerin,Malerin,NOUN,mo,2503,sollte
2507,",",--,PUNCT,punct,2506,Malerin
2508,mit,mit,ADP,mo,2503,sollte
2509,einem,ein,DET,nk,2508,mit
2510,geschickten,geschickt,ADJ,nk,2511,Maler
2511,Maler,Maler,NOUN,oa,2512,verbunden
2512,verbunden,verbinden,VERB,ROOT,2512,verbunden
2513,",",--,PUNCT,punct,2512,verbunden
2514,und,und,CCONJ,cd,2512,verbunden
2515,dann,dann,ADV,mo,2517,durch
2516,beide,beide,PRON,sb,2517,durch
2517,durch,durch,ADP,cj,2514,und
2518,ihn,ihn,PRON,nk,2517,durch
2519,zum,zu,ADP,mo,2517,durch
2520,höchstmöglichsten,höchstmöglichst,ADJ,nk,2519,zum
2521,Grade,Grad,NOUN,ROOT,2521,Grade
2522,der,der,DET,nk,2523,Kunst
2523,Kunst,Kunst,NOUN,ag,2521,Grade
2524,und,und,CCONJ,cd,2523,Kunst
2525,Celebrität,Celebrität,NOUN,cj,2524,und
2526,erhoben,erheben,VERB,oc,2527,werden
2527,werden,werden,AUX,oc,2521,Grade
2528,.,--,PUNCT,punct,2521,Grade
2529,Nur,nur,ADV,mo,2530,seit
2530,seit,seit,ADP,ROOT,2530,seit
2531,dem,der,PRON,nk,2530,seit
2532,er,er,PRON,sb,2530,seit
2533,später,spät,ADV,mo,2534,bei
2534,bei,bei,ADP,mo,2530,seit
2535,seiner,sein,DET,nk,2536,Angelika
2536,Angelika,Angelika,PROPN,da,2538,überhandnehmende
2537,eine,ein,DET,nk,2538,überhandnehmende
2538,überhandnehmende,überhandnehmend,ADJ,ROOT,2538,überhandnehmende
2539,",",--,PUNCT,punct,2538,überhandnehmende
2540,und,und,CCONJ,cd,2538,überhandnehmende
2541,kürzlich,kürzlich,ADV,mo,2543,scheinende
2542,vorherrschend,vorherrschend,ADV,mo,2543,scheinende
2543,scheinende,scheinend,ADJ,cj,2540,und
2544,Neigung,Neigung,NOUN,sb,2549,wurde
2545,für,für,ADP,mnr,2544,Neigung
2546,die,der,DET,nk,2547,Musik
2547,Musik,Musik,NOUN,nk,2545,für
2548,gewahr,gewahr,VERB,oc,2549,wurde
2549,wurde,werden,AUX,mo,2551,suchte
2550,",",--,PUNCT,punct,2551,suchte
2551,suchte,suchen,VERB,ROOT,2551,suchte
2552,er,er,PRON,sb,2551,suchte
2553,alles,aller,DET,nk,2554,Mögliche
2554,Mögliche,Mögliche,NOUN,oa,2551,suchte
2555,hervor,hervor,ADV,svp,2551,suchte
2556,",",--,PUNCT,punct,2551,suchte
2557,diese,dieser,PRON,dep,2551,suchte
2558,",",--,PUNCT,punct,2557,diese
2559,gegen,gegen,ADP,ROOT,2559,gegen
2560,seine,sein,DET,nk,2565,Ueberzeugung
2561,eigene,eigen,ADJ,nk,2565,Ueberzeugung
2562,innere,innerer,ADJ,nk,2565,Ueberzeugung
2563,und,und,CCONJ,cd,2562,innere
2564,geheime,geheim,ADJ,cj,2563,und
2565,Ueberzeugung,Ueberzeugung,NOUN,nk,2559,gegen
2566,",",--,PUNCT,punct,2565,Ueberzeugung
2567,durch,durch,ADP,mnr,2565,Ueberzeugung
2568,allerlei,allerlei,DET,nk,2569,Sophismen
2569,Sophismen,Sophism,NOUN,nk,2567,durch
2570,zu,zu,ADP,ROOT,2570,zu
2571,bekämpfen,bekämpfen,VERB,ROOT,2571,bekämpfen
2572,",",--,PUNCT,punct,2571,bekämpfen
2573,weil,weil,SCONJ,cp,2577,Ausführung
2574,sie,sie,PRON,sb,2577,Ausführung
2575,der,der,DET,nk,2577,Ausführung
2576,unbedingten,unbedingt,ADJ,nk,2577,Ausführung
2577,Ausführung,Ausführung,NOUN,mo,2571,bekämpfen
2578,seiner,sein,DET,nk,2579,Lieblingsgrille
2579,Lieblingsgrille,Lieblingsgrille,NOUN,ag,2577,Ausführung
2580,hinderlich,hinderlich,ADV,pd,2581,werden
2581,werden,werden,AUX,oc,2582,konnte
2582,konnte,können,AUX,ROOT,2582,konnte
2583,.,--,PUNCT,punct,2582,konnte
2584,3,3,NUM,ROOT,2584,3
2585,Als,als,SCONJ,cp,2597,gestellt
2586,die,der,DET,nk,2587,Palette
2587,Palette,Palette,NOUN,nk,2585,Als
2588,rein,rein,ADV,oc,2587,Palette
2589,",",--,PUNCT,punct,2587,Palette
2590,das,der,DET,nk,2592,Gemälde
2591,angefangene,angefangen,ADJ,nk,2592,Gemälde
2592,Gemälde,Gemälde,NOUN,oa,2597,gestellt
2593,umgekehrt,umgekehrt,ADV,mo,2597,gestellt
2594,an,an,ADP,mo,2597,gestellt
2595,die,der,DET,nk,2596,Wand
2596,Wand,Wand,NOUN,nk,2594,an
2597,gestellt,stellen,VERB,ROOT,2597,gestellt
2598,",",--,PUNCT,punct,2597,gestellt
2599,und,und,CCONJ,ju,2606,war
2600,die,der,DET,nk,2601,Staffelei
2601,Staffelei,Staffelei,NOUN,sb,2606,war
2602,auf,auf,ADP,mo,2605,geschafft
2603,die,der,DET,nk,2604,Seite
2604,Seite,Seite,NOUN,nk,2602,auf
2605,geschafft,schaffen,VERB,oc,2606,war
2606,war,sein,AUX,mo,2608,sprach
2607,",",--,PUNCT,punct,2608,sprach
2608,sprach,sprechen,VERB,ROOT,2608,sprach
2609,Schönfeld,Schönfeld,PROPN,sb,2608,sprach
2610,:,--,PUNCT,punct,2608,sprach
2611,»,--,PUNCT,punct,2613,zieh
2612,Jetzt,jetzt,ADV,mo,2613,zieh
2613,zieh,zieh,VERB,ROOT,2613,zieh
2614,dich,dich,PRON,ROOT,2614,dich
2615,an,an,ADP,ROOT,2615,an
2616,",",--,PUNCT,punct,2615,an
2617,Angelika,Angelika,PROPN,cj,2615,an
2618,;,--,PUNCT,ROOT,2618,;
2619,es,es,PRON,sb,2620,wird
2620,wird,werden,AUX,ROOT,2620,wird
2621,Abend,Abend,NOUN,pd,2620,wird
2622,",",--,PUNCT,punct,2620,wird
2623,und,und,CCONJ,cd,2620,wird
2624,den,der,PRON,oa,2625,bringen
2625,bringen,bringen,VERB,cj,2623,und
2626,wir,wir,PRON,sb,2625,bringen
2627,auf,auf,ADP,mo,2625,bringen
2628,der,der,DET,nk,2629,Akademie
2629,Akademie,Akademie,NOUN,nk,2627,auf
2630,zu,zu,ADP,svp,2625,bringen
2631,",",--,PUNCT,punct,2625,bringen
2632,wo,wo,SCONJ,ROOT,2632,wo
2633,du,du,PRON,sb,2644,mußt
2634,beim,bei,ADP,mo,2644,mußt
2635,Lampenschein,Lampenschein,NOUN,nk,2634,beim
2636,mir,mir,PRON,da,2643,entwerfen
2637,eine,ein,DET,nk,2638,Skizze
2638,Skizze,Skizze,NOUN,oa,2643,entwerfen
2639,nach,nach,ADP,mnr,2638,Skizze
2640,der,der,DET,nk,2641,Büste
2641,Büste,Büste,NOUN,nk,2639,nach
2642,Homers,Homer,NOUN,ag,2641,Büste
2643,entwerfen,entwerfen,VERB,mo,2644,mußt
2644,mußt,mußt,VERB,ROOT,2644,mußt
2645,.,--,PUNCT,punct,2644,mußt
2646,Es,es,PRON,ROOT,2646,Es
2647,ist,sein,AUX,ROOT,2647,ist
2648,ein,ein,DET,nk,2650,Kopf
2649,herrlicher,herrlich,ADJ,nk,2650,Kopf
2650,Kopf,Kopf,NOUN,pd,2647,ist
2651,;,--,PUNCT,punct,2647,ist
2652,ganz,ganz,ADV,mo,2657,Alte
2653,der,der,DET,nk,2657,Alte
2654,sinn-,sinn,X,cj,2655,und
2655,und,und,CCONJ,cd,2656,bilderreiche
2656,bilderreiche,bilderreich,ADJ,nk,2657,Alte
2657,Alte,alte,NOUN,ROOT,2657,Alte
2658,!,--,PUNCT,punct,2657,Alte
2659,Auf,auf,ADP,ROOT,2659,Auf
2660,den,der,DET,nk,2661,Konturen
2661,Konturen,Kontur,NOUN,nk,2659,Auf
2662,seiner,sein,DET,nk,2663,Stirn
2663,Stirn,Stirn,NOUN,da,2664,sieht
2664,sieht,sehen,VERB,ROOT,2664,sieht
2665,der,der,DET,nk,2666,Physiognom
2666,Physiognom,Physiognom,NOUN,sb,2664,sieht
2667,die,der,DET,nk,2669,Ilias
2668,ganze,ganz,ADJ,nk,2669,Ilias
2669,Ilias,Ilia,NOUN,oa,2670,schweben
2670,schweben,schweben,VERB,oc,2664,sieht
2671,",",--,PUNCT,punct,2664,sieht
2672,und,und,CCONJ,cd,2664,sieht
2673,du,du,PRON,sb,2674,kannst
2674,kannst,kannstn,VERB,cj,2672,und
2675,viel,viel,PRON,oa,2674,kannst
2676,daraus,daraus,ADV,mo,2677,lernen
2677,lernen,lernen,VERB,ROOT,2677,lernen
2678,.,--,PUNCT,punct,2677,lernen
2679,«,--,PUNCT,punct,2677,lernen
2680,»,--,PUNCT,punct,2682,Vater
2681,Lieber,lieb,ADJ,nk,2682,Vater
2682,Vater,Vater,NOUN,sb,2685,begann
2683,«,--,PUNCT,punct,2682,Vater
2684,",",--,PUNCT,punct,2685,begann
2685,begann,beginnen,VERB,ROOT,2685,begann
2686,das,der,DET,nk,2687,Mädchen
2687,Mädchen,Mädchen,NOUN,sb,2685,begann
2688,schüchtern,schüchtern,VERB,oc,2685,begann
2689,",",--,PUNCT,punct,2685,begann
2690,»,--,PUNCT,punct,2692,hätte
2691,ich,ich,PRON,sb,2692,hätte
2692,hätte,haben,AUX,cj,2685,begann
2693,sehr,sehr,ADV,mo,2694,gewünscht
2694,gewünscht,wünschen,VERB,oc,2692,hätte
2695,",",--,PUNCT,punct,2692,hätte
2696,Sie,sie,PRON,dep,2685,begann
2697,möchten,möchten,AUX,ROOT,2697,möchten
2698,mir,mir,PRON,da,2699,erlauben
2699,erlauben,erlauben,VERB,oc,2697,möchten
2700,",",--,PUNCT,punct,2699,erlauben
2701,diesen,dieser,DET,nk,2702,Abend
2702,Abend,Abend,NOUN,cj,2697,möchten
2703,meine,mein,DET,nk,2704,Freundin
2704,Freundin,Freundin,NOUN,sb,2702,Abend
2705,Egloff,Egloff,NOUN,nk,2704,Freundin
2706,ins,in,ADP,mo,2702,Abend
2707,Konzert,Konzert,NOUN,nk,2706,ins
2708,zu,zu,ADP,svp,2697,möchten
2709,begleiten,begleiten,VERB,ROOT,2709,begleiten
2710,",",--,PUNCT,punct,2709,begleiten
2711,da,da,SCONJ,cp,2719,mußte
2712,ich,ich,PRON,sb,2719,mußte
2713,es,es,PRON,oa,2718,versprechen
2714,ihr,ihr,PRON,da,2718,versprechen
2715,halb,halb,ADV,mo,2718,versprechen
2716,und,und,CCONJ,cd,2715,halb
2717,halb,halb,ADV,cj,2716,und
2718,versprechen,versprechen,VERB,oc,2719,mußte
2719,mußte,müssen,AUX,mo,2709,begleiten
2720,",",--,PUNCT,punct,2719,mußte
2721,im,in,ADP,mo,2718,versprechen
2722,Fall,Fall,NOUN,nk,2721,im
2723,Sie,sie,PRON,sb,2719,mußte
2724,mir,mir,PRON,da,2718,versprechen
2725,Ihre,ihr,DET,oa,2709,begleiten
2726,Einwilligung,Einwilligung,NOUN,sb,2728,verweigerten
2727,nicht,nicht,PART,ng,2728,verweigerten
2728,verweigerten,verweigern,VERB,ROOT,2728,verweigerten
2729,.,--,PUNCT,punct,2728,verweigerten
2730,Zudem,zudem,ADV,mo,2731,singen
2731,singen,singen,VERB,ROOT,2731,singen
2732,die,der,DET,nk,2733,Studenten
2733,Studenten,Student,NOUN,sb,2731,singen
2734,wieder,wieder,ADV,mo,2731,singen
2735,",",--,PUNCT,punct,2731,singen
2736,und,und,CCONJ,cd,2731,singen
2737,diese,dieser,PRON,cj,2736,und
2738,Art,Art,NOUN,sb,2741,ist
2739,von,von,ADP,pg,2738,Art
2740,Gesang,Gesang,NOUN,nk,2739,von
2741,ist,sein,AUX,ROOT,2741,ist
2742,mir,mir,PRON,da,2744,neu
2743,ganz,ganz,ADV,mo,2744,neu
2744,neu,neu,ADV,pd,2741,ist
2745,und,und,CCONJ,cd,2741,ist
2746,zieht,ziehen,VERB,cj,2745,und
2747,mich,mich,PRON,oa,2746,zieht
2748,ganz,ganz,ADV,mo,2749,besonders
2749,besonders,besonders,ADV,mo,2746,zieht
2750,an,an,ADP,svp,2746,zieht
2751,.,--,PUNCT,punct,2741,ist
2752,«,--,PUNCT,ROOT,2752,«
2753,»,--,PUNCT,punct,2755,haben
2754,Da,da,ADV,mo,2755,haben
2755,haben,haben,AUX,oc,2762,rief
2756,wir,wir,PRON,sb,2755,haben
2757,'s,es,PRON,oa,2755,haben
2758,schon,schon,ADV,mo,2755,haben
2759,wieder,wieder,ADV,mo,2755,haben
2760,«,--,PUNCT,punct,2755,haben
2761,!,--,PUNCT,punct,2762,rief
2762,rief,rufen,VERB,ROOT,2762,rief
2763,der,der,DET,nk,2764,Vater
2764,Vater,Vater,NOUN,sb,2762,rief
2765,.,--,PUNCT,punct,2762,rief
2766,»,--,PUNCT,punct,2771,will
2767,Statt,statt,SCONJ,cp,2771,will
2768,auf,auf,ADP,mo,2771,will
2769,den,der,DET,nk,2770,Antikensaal
2770,Antikensaal,Antikensaal,NOUN,nk,2768,auf
2771,will,wollen,AUX,ROOT,2771,will
2772,die,der,DET,ROOT,2772,die
2773,ins,in,ADP,mnr,2772,die
2774,Konzert,Konzert,NOUN,nk,2773,ins
2775,.,--,PUNCT,punct,2772,die
2776,Daß,daß,SCONJ,cp,2777,dich
2777,dich,dich,ADV,ROOT,2777,dich
2778,doch,doch,ADV,mo,2777,dich
2779,!,--,PUNCT,punct,2777,dich
2780,Und,und,CCONJ,ju,2782,munkelst
2781,was,was,PRON,oa,2782,munkelst
2782,munkelst,munkelst,VERB,ROOT,2782,munkelst
2783,du,du,PRON,sb,2782,munkelst
2784,denn,denn,ADV,mo,2782,munkelst
2785,immer,immer,ADV,mo,2782,munkelst
2786,von,von,ADP,mo,2782,munkelst
2787,Studenten,Student,NOUN,nk,2786,von
2788,?,--,PUNCT,punct,2782,munkelst
2789,Was,was,PRON,pd,2790,sind
2790,sind,sein,AUX,ROOT,2790,sind
2791,denn,denn,ADV,mo,2790,sind
2792,das,der,PRON,sb,2790,sind
2793,für,für,ADP,mnr,2792,das
2794,Studenten,Student,NOUN,nk,2793,für
2795,und,und,CCONJ,cd,2794,Studenten
2796,was,was,PRON,cj,2795,und
2797,hast,haben,AUX,cj,2790,sind
2798,du,du,PRON,sb,2797,hast
2799,ihnen,ihnen,PRON,da,2800,nachzulaufen
2800,nachzulaufen,nachlaufen,VERB,oc,2797,hast
2801,?,--,PUNCT,punct,2790,sind
2802,«,--,PUNCT,ROOT,2802,«
2803,»,--,PUNCT,punct,2810,ist
2804,Wie,wie,SCONJ,mo,2810,ist
2805,der,der,DET,nk,2807,Papa
2806,liebe,lieb,ADJ,nk,2807,Papa
2807,Papa,Papa,NOUN,sb,2810,ist
2808,doch,doch,ADV,mo,2809,zerstreut
2809,zerstreut,zerstreuen,VERB,pd,2810,ist
2810,ist,sein,AUX,oc,2813,erwiederte
2811,!,--,PUNCT,punct,2810,ist
2812,«,--,PUNCT,punct,2813,erwiederte
2813,erwiederte,erwiedern,VERB,ROOT,2813,erwiederte
2814,Angelika,Angelika,PROPN,sb,2813,erwiederte
2815,.,--,PUNCT,punct,2813,erwiederte
2816,»,--,PUNCT,punct,2818,haben
2817,Gewiß,gewiß,ADV,mo,2818,haben
2818,haben,haben,AUX,ROOT,2818,haben
2819,Sie's,Sie's,PROPN,sb,2820,überhört
2820,überhört,überhören,VERB,ROOT,2820,überhört
2821,",",--,PUNCT,punct,2820,überhört
2822,als,als,SCONJ,cm,2823,ich
2823,ich,ich,PRON,dep,2820,überhört
2824,Ihnen,ihnen,PRON,nk,2823,ich
2825,",",--,PUNCT,punct,2824,Ihnen
2826,vor,vor,ADP,mnr,2824,Ihnen
2827,mehr,mehr,ADV,nk,2826,vor
2828,schon,schon,ADV,mo,2829,als
2829,als,als,ADP,cm,2831,Wochen
2830,drei,drei,NUM,nk,2831,Wochen
2831,Wochen,Woche,NOUN,cc,2826,vor
2832,",",--,PUNCT,punct,2824,Ihnen
2833,von,von,ADP,op,2820,überhört
2834,diesen,dieser,PRON,nk,2833,von
2835,jungen,jung,ADJ,nk,2836,Leuten
2836,Leuten,Leute,NOUN,da,2837,erzählte
2837,erzählte,erzählen,VERB,ROOT,2837,erzählte
2838,.,--,PUNCT,punct,2837,erzählte
2839,Vier,vier,NUM,nk,2840,Universitätsfreunde
2840,Universitätsfreunde,Universitätsfreunde,NOUN,ROOT,2840,Universitätsfreunde
2841,",",--,PUNCT,punct,2840,Universitätsfreunde
2842,die,der,PRON,app,2840,Universitätsfreunde
2843,neben,neben,ADP,mnr,2842,die
2844,ihren,ihr,DET,nk,2845,ernsten
2845,ernsten,Ernst,NOUN,nk,2843,neben
2846,Studien,Studie,NOUN,ROOT,2846,Studien
2847,sich,sich,PRON,oa,2851,beflissen
2848,auch,auch,ADV,mo,2850,Musik
2849,der,der,DET,nk,2850,Musik
2850,Musik,Musik,NOUN,da,2851,beflissen
2851,beflissen,beflissen,VERB,oc,2846,Studien
2852,",",--,PUNCT,punct,2846,Studien
2853,und,und,CCONJ,cd,2846,Studien
2854,ihre,ihr,DET,nk,2855,Abende
2855,Abende,Abend,NOUN,cj,2853,und
2856,statt,statt,ADP,ac,2857,im
2857,im,in,ADP,mnr,2855,Abende
2858,lärmenden,lärmend,NOUN,nk,2857,im
2859,Kommerz,Kommerz,NOUN,sb,2865,zubrachten
2860,immer,immer,ADV,mo,2861,nur
2861,nur,nur,ADV,mo,2862,auf
2862,auf,auf,ADP,mo,2865,zubrachten
2863,ihrem,ihr,DET,nk,2864,Zimmer
2864,Zimmer,Zimmer,NOUN,nk,2862,auf
2865,zubrachten,zubrachen,ADJ,sb,2867,erwarben
2866,",",--,PUNCT,punct,2867,erwarben
2867,erwarben,erwerben,VERB,ROOT,2867,erwarben
2868,sich,sich,PRON,oa,2867,erwarben
2869,durch,durch,ADP,mo,2867,erwarben
2870,tägliche,täglich,ADJ,ROOT,2870,tägliche
2871,Uebung,Uebung,NOUN,ROOT,2871,Uebung
2872,ihrer,ihr,DET,nk,2874,Stimmen
2873,schönen,schön,ADJ,nk,2874,Stimmen
2874,Stimmen,Stimme,NOUN,ag,2871,Uebung
2875,eine,ein,DET,nk,2877,Fertigkeit
2876,solche,solcher,DET,nk,2877,Fertigkeit
2877,Fertigkeit,Fertigkeit,NOUN,oa,2871,Uebung
2878,im,in,ADP,mnr,2877,Fertigkeit
2879,Quartettsingen,Quartettsing,NOUN,nk,2878,im
2880,",",--,PUNCT,punct,2871,Uebung
2881,daß,daß,SCONJ,cp,2882,sie
2882,sie,sie,PRON,ROOT,2882,sie
2883,darin,darin,ADV,mo,2886,Geiger-Virtuosität
2884,fast,fast,ADV,mo,2886,Geiger-Virtuosität
2885,die,der,DET,nk,2886,Geiger-Virtuosität
2886,Geiger-Virtuosität,Geiger-Virtuosität,NOUN,ROOT,2886,Geiger-Virtuosität
2887,der,der,DET,nk,2889,Gebrüder
2888,berühmten,berühmt,ADJ,nk,2889,Gebrüder
2889,Gebrüder,Gebrüder,NOUN,ag,2886,Geiger-Virtuosität
2890,Moralt,Moralt,NOUN,nk,2889,Gebrüder
2891,aus,aus,ADP,mnr,2890,Moralt
2892,München,München,PROPN,nk,2891,aus
2893,erreichten,erreichen,VERB,ROOT,2893,erreichten
2894,.,--,PUNCT,punct,2893,erreichten
2895,Als,als,SCONJ,cp,2900,begannen
2896,nun,nun,ADV,mo,2900,begannen
2897,die,der,DET,nk,2899,Ferien
2898,akademischen,akademisch,ADJ,nk,2899,Ferien
2899,Ferien,Ferien,NOUN,sb,2900,begannen
2900,begannen,beginnen,VERB,mo,2902,regte
2901,",",--,PUNCT,punct,2902,regte
2902,regte,regen,VERB,ROOT,2902,regte
2903,sich,sich,PRON,oa,2902,regte
2904,ein,ein,DET,svp,2902,regte
2905,genialischer,genialisch,ADJ,nk,2906,Lustgedanke
2906,Lustgedanke,Lustgedanke,NOUN,ROOT,2906,Lustgedanke
2907,in,in,ADP,mnr,2906,Lustgedanke
2908,diesen,dieser,DET,nk,2911,Jünglingen
2909,vier,vier,NUM,nk,2911,Jünglingen
2910,befreundeten,befreundet,ADJ,nk,2911,Jünglingen
2911,Jünglingen,Jüngling,NOUN,nk,2907,in
2912,.,--,PUNCT,punct,2906,Lustgedanke
2913,Sie,sie,PRON,ROOT,2913,Sie
2914,beschlossen,beschließen,VERB,ROOT,2914,beschlossen
2915,",",--,PUNCT,punct,2914,beschlossen
2916,von,von,ADP,mo,2922,machen
2917,ihrem,ihr,DET,nk,2918,Talent
2918,Talent,Talent,NOUN,nk,2916,von
2919,öffentlichen,öffentlich,ADJ,nk,2920,Gebrauch
2920,Gebrauch,Gebrauch,NOUN,oa,2922,machen
2921,zu,zu,PART,pm,2922,machen
2922,machen,machen,VERB,oc,2914,beschlossen
2923,",",--,PUNCT,punct,2922,machen
2924,einen,ein,DET,punct,2914,beschlossen
2925,musikalischen,musikalisch,ADJ,nk,2926,Streifzug
2926,Streifzug,Streifzug,NOUN,oa,2927,anzutreten
2927,anzutreten,antreten,VERB,ROOT,2927,anzutreten
2928,",",--,PUNCT,punct,2927,anzutreten
2929,überall,überall,ADV,mo,2927,anzutreten
2930,",",--,PUNCT,punct,2929,überall
2931,wo,wo,SCONJ,mo,2934,anspräche
2932,es,es,PRON,oa,2934,anspräche
2933,sie,sie,PRON,sb,2934,anspräche
2934,anspräche,ansprächen,VERB,mo,2929,überall
2935,",",--,PUNCT,punct,2934,anspräche
2936,Konzerte,Konzert,NOUN,dep,2927,anzutreten
2937,zu,zu,ADP,svp,2927,anzutreten
2938,geben,geben,VERB,ROOT,2938,geben
2939,",",--,PUNCT,punct,2938,geben
2940,und,und,CCONJ,cd,2938,geben
2941,so,so,ADV,mo,2942,einige
2942,einige,einiger,DET,nk,2944,Monate
2943,glückliche,glücklich,ADJ,nk,2944,Monate
2944,Monate,Monat,NOUN,mo,2945,unter
2945,unter,unter,ADP,cj,2940,und
2946,neuen,neu,ADJ,nk,2947,Umgebungen
2947,Umgebungen,Umgebung,NOUN,nk,2945,unter
2948,und,und,CCONJ,cd,2947,Umgebungen
2949,Erscheinungen,Erscheinung,NOUN,cj,2948,und
2950,zu,zu,PART,pm,2951,feiern
2951,feiern,feiern,VERB,ROOT,2951,feiern
2952,.,--,PUNCT,punct,2951,feiern
2953,So,so,ADV,mo,2954,kamen
2954,kamen,kommen,VERB,ROOT,2954,kamen
2955,sie,sie,PRON,sb,2954,kamen
2956,auch,auch,ADV,mo,2954,kamen
2957,hieher,hieher,ADV,mo,2954,kamen
2958,;,--,PUNCT,punct,2954,kamen
2959,und,und,CCONJ,ju,2965,wurden
2960,da,da,SCONJ,cp,2965,wurden
2961,sie,sie,PRON,sb,2965,wurden
2962,sehr,sehr,ADV,mo,2963,wohl
2963,wohl,wohl,ADV,mo,2964,aufgenommen
2964,aufgenommen,aufnehmen,VERB,oc,2965,wurden
2965,wurden,werden,AUX,ROOT,2965,wurden
2966,",",--,PUNCT,punct,2965,wurden
2967,und,und,CCONJ,ROOT,2967,und
2968,mancherlei,mancherlei,DET,nk,2969,Bekanntschaften
2969,Bekanntschaften,Bekanntschaft,NOUN,cj,2967,und
2970,machten,machen,VERB,cj,2967,und
2971,",",--,PUNCT,punct,2972,verweilten
2972,verweilten,verweilen,VERB,cj,2967,und
2973,sie,sie,PRON,sb,2972,verweilten
2974,länger,lang,ADV,mo,2972,verweilten
2975,",",--,PUNCT,punct,2972,verweilten
2976,als,als,SCONJ,cm,2977,sie
2977,sie,sie,PRON,mo,2972,verweilten
2978,sonst,sonst,ADV,mo,2977,sie
2979,zu,zu,ADP,svp,2972,verweilten
2980,thun,Thun,PROPN,oa,2981,pflegen
2981,pflegen,pflegen,VERB,ROOT,2981,pflegen
2982,.,--,PUNCT,punct,2981,pflegen
2983,Nun,nun,ADV,mo,2990,auf
2984,aber,aber,ADV,mo,2990,auf
2985,werden,werden,AUX,ROOT,2985,werden
2986,sie,sie,PRON,sb,2985,werden
2987,wohl,wohl,ADV,mo,2985,werden
2988,bald,bald,ADV,mo,2990,auf
2989,wieder,wieder,ADV,mo,2990,auf
2990,auf,auf,ADP,oc,2985,werden
2991,ihre,ihr,DET,nk,2992,Universität
2992,Universität,Universität,NOUN,nk,2990,auf
2993,zurückkehren,zurückkehren,VERB,oc,2994,müssen
2994,müssen,müssen,AUX,ROOT,2994,müssen
2995,",",--,PUNCT,punct,2994,müssen
2996,und,und,CCONJ,cd,2994,müssen
2997,heut,heuen,VERB,cj,2996,und
2998,Abend,Abend,NOUN,oa,2997,heut
2999,vielleicht,vielleicht,ADV,mo,2997,heut
3000,zum,zu,ADP,mo,2997,heut
3001,letztenmal,letztenmal,NOUN,nk,3000,zum
3002,hier,hier,ADV,mo,2997,heut
3003,öffentlich,öffentlich,ADV,mo,2997,heut
3004,auftreten,auftreten,VERB,ROOT,3004,auftreten
3005,",",--,PUNCT,punct,3004,auftreten
3006,O,O,PROPN,cj,3004,auftreten
3007,",",--,PUNCT,punct,3004,auftreten
3008,lieber,lieb,ADJ,mo,3009,Vater
3009,Vater,Vater,NOUN,cj,3006,O
3010,!,--,PUNCT,punct,3004,auftreten
3011,Wenn,wenn,SCONJ,cp,3016,könnte
3012,ich,ich,PRON,sb,3016,könnte
3013,Sie,sie,PRON,oa,3015,bereden
3014,nur,nur,ADV,mo,3015,bereden
3015,bereden,bereden,VERB,oc,3016,könnte
3016,könnte,können,AUX,ROOT,3016,könnte
3017,",",--,PUNCT,punct,3019,mitzukommen
3018,auch,auch,ADV,mo,3019,mitzukommen
3019,mitzukommen,mitkommen,VERB,oc,3016,könnte
3020,.,--,PUNCT,punct,3016,könnte
3021,Es,es,PRON,sb,3022,würde
3022,würde,werden,AUX,ROOT,3022,würde
3023,Ihnen,ihnen,PRON,da,3026,machen
3024,gewiß,gewiß,ADV,mo,3026,machen
3025,Freude,Freude,NOUN,oa,3026,machen
3026,machen,machen,VERB,oc,3022,würde
3027,.,--,PUNCT,punct,3022,würde
3028,Nur,nur,ADV,mo,3029,Freunde
3029,Freunde,Freund,NOUN,ROOT,3029,Freunde
3030,",",--,PUNCT,punct,3029,Freunde
3031,nur,nur,ADV,mo,3032,Menschen
3032,Menschen,Mensch,NOUN,app,3029,Freunde
3033,",",--,PUNCT,punct,3032,Menschen
3034,die,der,PRON,sb,3036,innig
3035,sich,sich,PRON,oa,3036,innig
3036,innig,innig,ADV,rc,3032,Menschen
3037,lieben,lieben,VERB,mo,3045,können
3038,",",--,PUNCT,punct,3037,lieben
3039,und,und,CCONJ,cd,3037,lieben
3040,stündlich,stündlich,ADV,mo,3043,umgehen
3041,mit,mit,ADP,op,3043,umgehen
3042,einander,einander,PRON,nk,3041,mit
3043,umgehen,umgehen,VERB,cj,3039,und
3044,",",--,PUNCT,punct,3045,können
3045,können,können,AUX,ROOT,3045,können
3046,ihre,ihr,DET,nk,3047,Stimmen
3047,Stimmen,Stimme,NOUN,sb,3045,können
3048,so,so,ADV,mo,3045,können
3049,aneinander,aneinander,ADV,mo,3045,können
3050,gewöhnen,gewöhnen,VERB,sb,3052,können
3051,",",--,PUNCT,punct,3052,können
3052,können,können,AUX,ROOT,3052,können
3053,so,so,ADV,mo,3054,haarscharf
3054,haarscharf,haarscharf,ADV,mo,3055,einfallen
3055,einfallen,einfallen,VERB,oc,3052,können
3056,",",--,PUNCT,punct,3052,können
3057,und,und,CCONJ,cd,3052,können
3058,einander,einander,PRON,oa,3059,vor-
3059,vor-,vor,X,cj,3060,und
3060,und,und,CCONJ,cd,3061,nachgeben
3061,nachgeben,nachgeben,VERB,cj,3057,und
3062,.,--,PUNCT,punct,3052,können
3063,Man,man,PRON,ROOT,3063,Man
3064,glaubt,glauben,VERB,ROOT,3064,glaubt
3065,",",--,PUNCT,punct,3064,glaubt
3066,ein,ein,DET,nk,3068,Mensch
3067,einziger,einzig,ADJ,nk,3068,Mensch
3068,Mensch,Mensch,NOUN,sb,3069,spiele
3069,spiele,spielen,VERB,oc,3064,glaubt
3070,mit,mit,ADP,mo,3069,spiele
3071,der,der,DET,nk,3072,Einheit
3072,Einheit,Einheit,NOUN,nk,3070,mit
3073,seines,sein,DET,nk,3074,Willens
3074,Willens,Willen,NOUN,ag,3072,Einheit
3075,auf,auf,ADP,mnr,3074,Willens
3076,der,der,DET,nk,3077,Vox
3077,Vox,Vox,NOUN,nk,3075,auf
3078,humana,Humana,PROPN,ROOT,3078,humana
3079,einer,ein,DET,nk,3081,Orgel
3080,wohlgestimmten,wohlgestimmt,ADJ,nk,3081,Orgel
3081,Orgel,Orgel,NOUN,ag,3078,humana
3082,.,--,PUNCT,punct,3078,humana
3083,Einige,einiger,PRON,sb,3086,sind
3084,von,von,ADP,pg,3083,Einige
3085,ihnen,ihnen,PRON,nk,3084,von
3086,sind,sein,AUX,ROOT,3086,sind
3087,auch,auch,ADV,mo,3088,Virtuosen
3088,Virtuosen,Virtuose,NOUN,sb,3086,sind
3089,auf,auf,ADP,svp,3086,sind
3090,verschiedenen,verschieden,ADJ,nk,3091,Instrumenten
3091,Instrumenten,Instrument,NOUN,ROOT,3091,Instrumenten
3092,",",--,PUNCT,punct,3094,sollen
3093,Dabei,dabei,ADV,mo,3094,sollen
3094,sollen,sollen,AUX,par,3091,Instrumenten
3095,es,es,PRON,ep,3094,sollen
3096,sehr,sehr,ADV,mo,3097,ordentliche
3097,ordentliche,ordentlich,ADJ,mo,3094,sollen
3098,",",--,PUNCT,punct,3097,ordentliche
3099,sittsame,sittsam,ADJ,cj,3097,ordentliche
3100,und,und,CCONJ,cd,3099,sittsame
3101,anspruchlose,anspruchlos,ADJ,nk,3102,Leute
3102,Leute,Leute,NOUN,pd,3103,sein
3103,sein,sein,AUX,ROOT,3103,sein
3104,;,--,PUNCT,punct,3103,sein
3105,und,und,CCONJ,ju,3108,vortragen
3106,was,was,PRON,oa,3108,vortragen
3107,sie,sie,PRON,sb,3108,vortragen
3108,vortragen,vortragen,VERB,sb,3110,ist
3109,",",--,PUNCT,punct,3110,ist
3110,ist,sein,AUX,ROOT,3110,ist
3111,sehr,sehr,ADV,mo,3112,belehrend
3112,belehrend,belehrend,ADV,pd,3110,ist
3113,",",--,PUNCT,punct,3110,ist
3114,da,da,SCONJ,mo,3110,ist
3115,sie,sie,PRON,sb,3110,ist
3116,meistens,meistens,ADV,mo,3121,singen
3117,nur,nur,ADV,mo,3118,Fugen
3118,Fugen,Fuge,NOUN,oa,3121,singen
3119,und,und,CCONJ,cd,3118,Fugen
3120,Canons,Canon,PROPN,cj,3119,und
3121,singen,singen,VERB,ROOT,3121,singen
3122,.,--,PUNCT,punct,3121,singen
3123,«,--,PUNCT,punct,3121,singen
3124,»,--,PUNCT,punct,3128,sind
3125,Ja,ja,PART,dm,3128,sind
3126,",",--,PUNCT,punct,3128,sind
3127,das,der,PRON,sb,3128,sind
3128,sind,sein,AUX,oc,3134,platzte
3129,mir,mir,PRON,da,3128,sind
3130,die,der,DET,nk,3131,Rechten
3131,Rechten,rechte,NOUN,pd,3128,sind
3132,!,--,PUNCT,punct,3128,sind
3133,«,--,PUNCT,punct,3134,platzte
3134,platzte,platzen,VERB,ROOT,3134,platzte
3135,Schönfeld,Schönfeld,NOUN,ROOT,3135,Schönfeld
3136,heraus,heraus,ADV,mo,3135,Schönfeld
3137,.,--,PUNCT,punct,3135,Schönfeld
3138,»,--,PUNCT,punct,3145,kennte
3139,Als,als,SCONJ,mo,3145,kennte
3140,ob,ob,SCONJ,cp,3145,kennte
3141,ich,ich,PRON,sb,3145,kennte
3142,die,der,DET,nk,3143,Studenten
3143,Studenten,Student,NOUN,oa,3145,kennte
3144,nicht,nicht,PART,ng,3145,kennte
3145,kennte,kennen,VERB,ROOT,3145,kennte
3146,!,--,PUNCT,punct,3145,kennte
3147,Ein,ein,DET,nk,3149,burschikoser
3148,ganz,ganz,ADV,mo,3149,burschikoser
3149,burschikoser,burschikos,ADV,ROOT,3149,burschikoser
3150,Einfall,Einfall,NOUN,ROOT,3150,Einfall
3151,",",--,PUNCT,punct,3150,Einfall
3152,so,so,ADV,mo,3153,pfeifend
3153,pfeifend,pfeifend,ADV,mo,3150,Einfall
3154,",",--,PUNCT,punct,3153,pfeifend
3155,singend,singend,ADV,mo,3161,streifen
3156,und,und,CCONJ,cd,3155,singend
3157,spielend,spielend,ADV,cj,3156,und
3158,durch's,durch's,ADJ,nk,3159,Land
3159,Land,Land,NOUN,mo,3155,singend
3160,zu,zu,PART,pm,3161,streifen
3161,streifen,streifen,VERB,cc,3152,so
3162,",",--,PUNCT,punct,3150,Einfall
3163,und,und,CCONJ,cd,3150,Einfall
3164,unter,unter,ADP,cj,3163,und
3165,jedem,jeder,DET,nk,3166,Fenster
3166,Fenster,Fenster,NOUN,da,3174,gurgeln
3167,",",--,PUNCT,punct,3166,Fenster
3168,wo,wo,SCONJ,mo,3171,lauscht
3169,ein,ein,DET,nk,3170,Mädchenkopf
3170,Mädchenkopf,Mädchenkopf,NOUN,sb,3171,lauscht
3171,lauscht,lauscht,ADV,rc,3166,Fenster
3172,",",--,PUNCT,punct,3174,gurgeln
3173,zu,zu,PART,pm,3174,gurgeln
3174,gurgeln,gurgeln,VERB,ROOT,3174,gurgeln
3175,:,--,PUNCT,punct,3174,gurgeln
3176,Der,der,DET,nk,3177,Vogelfänger
3177,Vogelfänger,Vogelfänger,NOUN,pd,3178,bin
3178,bin,sein,AUX,ROOT,3178,bin
3179,ich,ich,PRON,sb,3178,bin
3180,ja,ja,PART,mo,3178,bin
3181,",",--,PUNCT,punct,3178,bin
3182,Stets,stets,ADV,mo,3183,lustig
3183,lustig,lustig,ADV,ROOT,3183,lustig
3184,",",--,PUNCT,punct,3183,lustig
3185,heißa,Heißa,PROPN,cj,3183,lustig
3186,",",--,PUNCT,punct,3187,hopsasa
3187,hopsasa,hopsasa,PROPN,cj,3185,heißa
3188,!,--,PUNCT,punct,3183,lustig
3189,Glaub,Glaub,NOUN,pd,3195,sind
3190,du,du,PRON,nk,3189,Glaub
3191,mir,mir,PRON,da,3189,Glaub
3192,",",--,PUNCT,punct,3189,Glaub
3193,ihre,ihr,DET,nk,3194,Canons
3194,Canons,Canon,NOUN,sb,3195,sind
3195,sind,sein,AUX,ROOT,3195,sind
3196,Kanonen,Kanon,NOUN,pd,3195,sind
3197,",",--,PUNCT,punct,3196,Kanonen
3198,womit,womit,SCONJ,op,3200,leichtfertige
3199,dergleichen,dergleichen,ADV,mo,3200,leichtfertige
3200,leichtfertige,leichtfertig,NOUN,mo,3195,sind
3201,Artilleristen,Artillerist,NOUN,ROOT,3201,Artilleristen
3202,hinter,hinter,ADP,mnr,3201,Artilleristen
3203,den,der,DET,nk,3204,Schanzkörben
3204,Schanzkörben,Schanzkörbe,NOUN,nk,3202,hinter
3205,ihrer,ihr,DET,nk,3207,Sittsamkeit
3206,geheuchelten,geheuchelt,ADJ,nk,3207,Sittsamkeit
3207,Sittsamkeit,Sittsamkeit,NOUN,ag,3204,Schanzkörben
3208,und,und,CCONJ,cd,3201,Artilleristen
3209,Bescheidenheit,Bescheidenheit,NOUN,sb,3213,bestreichen
3210,hervor,hervor,ADV,mo,3209,Bescheidenheit
3211,die,der,DET,nk,3212,Mädchenherzen
3212,Mädchenherzen,Mädchenherz,NOUN,oa,3213,bestreichen
3213,bestreichen,bestreichen,VERB,ROOT,3213,bestreichen
3214,",",--,PUNCT,punct,3213,bestreichen
3215,und,und,CCONJ,cd,3213,bestreichen
3216,Gott,Gott,NOUN,oa,3217,weiß
3217,weiß,wissen,VERB,cj,3215,und
3218,",",--,PUNCT,punct,3217,weiß
3219,wo,wo,SCONJ,mo,3220,sie
3220,sie,sie,PRON,ROOT,3220,sie
3221,schon,schon,ADV,mo,3222,Bresche
3222,Bresche,bresche,NOUN,sb,3224,haben
3223,geschossen,schießen,VERB,oc,3224,haben
3224,haben,haben,AUX,ROOT,3224,haben
3225,!,--,PUNCT,punct,3224,haben
3226,Kind,Kind,NOUN,sb,3228,bleib
3227,",",--,PUNCT,punct,3226,Kind
3228,bleib,bleib,VERB,ROOT,3228,bleib
3229,du,du,PRON,sb,3228,bleib
3230,mir,mir,PRON,da,3228,bleib
3231,aus,aus,ADP,mo,3228,bleib
3232,ihrer,ihr,DET,nk,3233,Schußweite
3233,Schußweite,Schußweite,NOUN,nk,3231,aus
3234,!,--,PUNCT,punct,3228,bleib
3235,Das,der,DET,ROOT,3235,Das
3236,taugt,taugen,VERB,ROOT,3236,taugt
3237,nichts,nichts,PRON,oa,3236,taugt
3238,für,für,ADP,mo,3236,taugt
3239,dich,dich,PRON,nk,3238,für
3240,!,--,PUNCT,punct,3236,taugt
3241,Dein,dein,DET,nk,3242,Herz
3242,Herz,Herz,NOUN,sb,3243,soll
3243,soll,sollen,AUX,ROOT,3243,soll
3244,keine,kein,DET,nk,3245,Zielscheibe
3245,Zielscheibe,Zielscheibe,NOUN,oa,3243,soll
3246,für,für,ADP,mnr,3245,Zielscheibe
3247,solche,solcher,DET,nk,3248,lockern
3248,lockern,lockern,NOUN,nk,3246,für
3249,Brüder,Bruder,NOUN,pd,3250,sein
3250,sein,sein,AUX,ROOT,3250,sein
3251,.,--,PUNCT,punct,3250,sein
3252,Und,und,CCONJ,ju,3253,hätten
3253,hätten,haben,AUX,re,3261,so
3254,wir,wir,PRON,sb,3253,hätten
3255,heut,heuen,VERB,mo,3253,hätten
3256,Abend,Abend,NOUN,oa,3255,heut
3257,auch,auch,ADV,mo,3259,Akademie
3258,keine,kein,DET,nk,3259,Akademie
3259,Akademie,Akademie,NOUN,oa,3253,hätten
3260,",",--,PUNCT,punct,3261,so
3261,so,so,ADV,mo,3262,dürftest
3262,dürftest,dürftesen,VERB,ROOT,3262,dürftest
3263,du,du,PRON,sb,3262,dürftest
3264,mir,mir,PRON,da,3262,dürftest
3265,unter,unter,ADP,ROOT,3265,unter
3266,solchen,solcher,DET,nk,3267,Umständen
3267,Umständen,Umstand,NOUN,nk,3265,unter
3268,doch,doch,ADV,mo,3265,unter
3269,nicht,nicht,PART,ng,3265,unter
3270,ins,in,ADP,mo,3265,unter
3271,Konzert,Konzert,NOUN,nk,3270,ins
3272,.,--,PUNCT,punct,3265,unter
3273,Ich,ich,PRON,sb,3274,rathe
3274,rathe,rathen,VERB,ROOT,3274,rathe
3275,dir,dir,PRON,da,3274,rathe
3276,zum,zu,ADP,mo,3274,rathe
3277,Besten,Besten,NOUN,nk,3276,zum
3278,",",--,PUNCT,punct,3274,rathe
3279,Angelika,Angelika,PROPN,ROOT,3279,Angelika
3280,",",--,PUNCT,punct,3279,Angelika
3281,und,und,CCONJ,cd,3279,Angelika
3282,damit,damit,ADV,mo,3283,Basta
3283,Basta,Basta,NOUN,cj,3281,und
3284,!,--,PUNCT,punct,3279,Angelika
3285,«,--,PUNCT,punct,3279,Angelika
3286,Ein,ein,DET,nk,3288,Gewitter
3287,kleines,klein,ADJ,nk,3288,Gewitter
3288,Gewitter,Gewitter,NOUN,sb,3294,stieg
3289,von,von,ADP,pg,3288,Gewitter
3290,krausen,kraus,ADJ,nk,3291,Wolken
3291,Wolken,Wolke,NOUN,nk,3289,von
3292,und,und,CCONJ,cd,3291,Wolken
3293,Thränenregengüssen,Thränenregengüss,NOUN,cj,3292,und
3294,stieg,steigen,VERB,ROOT,3294,stieg
3295,hinter,hinter,ADP,mo,3294,stieg
3296,des,der,DET,nk,3295,hinter
3297,Mädchens,Mädchen,NOUN,mo,3298,verdüsterten
3298,verdüsterten,verdüsterten,VERB,ROOT,3298,verdüsterten
3299,Augen,Auge,NOUN,sb,3298,verdüsterten
3300,auf,auf,ADP,svp,3298,verdüsterten
3301,",",--,PUNCT,punct,3298,verdüsterten
3302,als,als,SCONJ,cp,3309,abschlug
3303,der,der,DET,nk,3304,Vater
3304,Vater,Vater,NOUN,sb,3309,abschlug
3305,ihre,ihr,DET,nk,3306,Bitte
3306,Bitte,Bitte,NOUN,oa,3309,abschlug
3307,so,so,ADV,mo,3309,abschlug
3308,rund,rund,ADV,mo,3309,abschlug
3309,abschlug,abschlagen,VERB,mo,3298,verdüsterten
3310,.,--,PUNCT,punct,3298,verdüsterten
3311,Sie,sie,PRON,ROOT,3311,Sie
3312,hätte,haben,AUX,ROOT,3312,hätte
3313,gern,gern,ADV,mo,3315,fortgebeten
3314,noch,noch,ADV,mo,3315,fortgebeten
3315,fortgebeten,Fortgebet,ADJ,oc,3312,hätte
3316,und,und,CCONJ,cd,3315,fortgebeten
3317,geschmeichelt,schmeicheln,VERB,cj,3316,und
3318,",",--,PUNCT,punct,3321,wußte
3319,allein,allein,ADV,mo,3321,wußte
3320,sie,sie,PRON,sb,3321,wußte
3321,wußte,wissen,VERB,cj,3312,hätte
3322,",",--,PUNCT,punct,3321,wußte
3323,daß,daß,SCONJ,cp,3325,Nichts
3324,das,der,DET,nk,3325,Nichts
3325,Nichts,nichts,NOUN,oc,3321,wußte
3326,helfen,helfen,VERB,oc,3327,würde
3327,würde,werden,AUX,ROOT,3327,würde
3328,.,--,PUNCT,punct,3327,würde
3329,Kleinlaut,Kleinlaut,ADV,mo,3332,warf
3330,und,und,CCONJ,cd,3329,Kleinlaut
3331,verzagt,verzagt,VERB,cj,3330,und
3332,warf,werfen,VERB,ROOT,3332,warf
3333,sie,sie,PRON,sb,3332,warf
3334,einen,ein,DET,nk,3335,Shawl
3335,Shawl,Shawl,NOUN,oa,3332,warf
3336,über,über,ADP,svp,3332,warf
3337,und,und,CCONJ,cd,3332,warf
3338,begleitete,begleiten,VERB,cj,3337,und
3339,den,der,DET,nk,3340,Vater
3340,Vater,Vater,NOUN,ROOT,3340,Vater
3341,auf,auf,ADP,mnr,3340,Vater
3342,die,der,DET,nk,3343,Akademie
3343,Akademie,Akademie,NOUN,nk,3341,auf
3344,.,--,PUNCT,punct,3340,Vater
3345,Allein,allein,ADV,mo,3346,es
3346,es,es,PRON,sb,3347,wollte
3347,wollte,wollen,AUX,ROOT,3347,wollte
3348,ihr,ihr,PRON,da,3351,gelingen
3349,da,da,ADV,mo,3347,wollte
3350,Nichts,nichts,PRON,oa,3351,gelingen
3351,gelingen,gelingen,VERB,oc,3347,wollte
3352,.,--,PUNCT,punct,3347,wollte
3353,Die,der,DET,nk,3354,Kreide
3354,Kreide,Kreide,NOUN,ROOT,3354,Kreide
3355,war,sein,AUX,ROOT,3355,war
3356,immer,immer,ADV,mo,3357,stumpf
3357,stumpf,stumpf,VERB,pd,3355,war
3358,",",--,PUNCT,punct,3357,stumpf
3359,so,so,ADV,mo,3360,oft
3360,oft,oft,ADV,mo,3363,spitzte
3361,sie,sie,PRON,sb,3363,spitzte
3362,auch,auch,ADV,mo,3363,spitzte
3363,spitzte,spitzen,VERB,mo,3355,war
3364,.,--,PUNCT,punct,3355,war
3365,Das,der,DET,nk,3366,Oel
3366,Oel,Oel,NOUN,sb,3370,brannte
3367,in,in,ADP,mo,3370,brannte
3368,der,der,DET,nk,3369,Patentlampe
3369,Patentlampe,Patentlampe,NOUN,nk,3367,in
3370,brannte,brennen,VERB,ROOT,3370,brannte
3371,so,so,ADV,mo,3372,düster
3372,düster,düster,ADV,ROOT,3372,düster
3373,",",--,PUNCT,punct,3372,düster
3374,daß,daß,SCONJ,cp,3386,Form
3375,sie,sie,PRON,par,3386,Form
3376,",",--,PUNCT,punct,3386,Form
3377,mit,mit,ADP,mo,3376,","
3378,den,der,DET,nk,3380,Thränen
3379,zerdrückten,zerdrückt,ADJ,nk,3380,Thränen
3380,Thränen,Thrän,NOUN,nk,3377,mit
3381,in,in,ADP,mo,3377,mit
3382,den,der,DET,nk,3383,Augen
3383,Augen,Auge,NOUN,nk,3381,in
3384,",",--,PUNCT,punct,3386,Form
3385,keine,kein,DET,nk,3386,Form
3386,Form,Form,NOUN,cc,3371,so
3387,deutlich,deutlich,ADV,mo,3388,unterscheiden
3388,unterscheiden,unterscheiden,VERB,ROOT,3388,unterscheiden
3389,",",--,PUNCT,punct,3388,unterscheiden
3390,mit,mit,ADP,mo,3396,nachbilden
3391,zitternder,zitternd,ADJ,nk,3392,Hand
3392,Hand,Hand,NOUN,nk,3390,mit
3393,nur,nur,ADV,mo,3395,unvollkommen
3394,höchst,höchst,ADV,mo,3395,unvollkommen
3395,unvollkommen,unvollkommen,ADV,mo,3390,mit
3396,nachbilden,nichbilden,NOUN,cj,3388,unterscheiden
3397,konnte,können,AUX,ROOT,3397,konnte
3398,",",--,PUNCT,punct,3397,konnte
3399,und,und,CCONJ,cd,3397,konnte
3400,der,der,DET,nk,3401,Vater
3401,Vater,Vater,NOUN,sb,3403,kam
3402,Homer,Homer,NOUN,nk,3401,Vater
3403,kam,kommen,VERB,cj,3399,und
3404,ihr,ihr,PRON,da,3403,kam
3405,mit,mit,ADP,mo,3403,kam
3406,seinem,sein,DET,nk,3408,Barte
3407,krausen,kraus,ADJ,nk,3408,Barte
3408,Barte,Barte,NOUN,nk,3405,mit
3409,wie,wie,ADP,cm,3411,Popanz
3410,ein,ein,DET,nk,3411,Popanz
3411,Popanz,Popanz,NOUN,mo,3403,kam
3412,vor,vor,ADP,ROOT,3412,vor
3413,.,--,PUNCT,ROOT,3413,.
3414,»,--,PUNCT,punct,3421,gemacht
3415,So,so,ADV,mo,3416,schlecht
3416,schlecht,schlecht,ADV,mo,3421,gemacht
3417,hast,haben,AUX,oc,3424,schmälte
3418,du,du,PRON,sb,3417,hast
3419,nie,nie,ADV,mo,3421,gemacht
3420,was,was,PRON,oa,3421,gemacht
3421,gemacht,machen,VERB,oc,3417,hast
3422,«,--,PUNCT,punct,3417,hast
3423,",",--,PUNCT,punct,3424,schmälte
3424,schmälte,schmälen,VERB,ROOT,3424,schmälte
3425,der,der,DET,nk,3426,Vater
3426,Vater,Vater,NOUN,sb,3424,schmälte
3427,.,--,PUNCT,punct,3424,schmälte
3428,»,--,PUNCT,punct,3430,geht
3429,So,so,ADV,mo,3430,geht
3430,geht,gehen,VERB,ROOT,3430,geht
3431,es,es,PRON,ep,3430,geht
3432,",",--,PUNCT,punct,3430,geht
3433,wenn,wenn,SCONJ,mo,3430,geht
3434,man,man,PRON,sb,3437,treibt
3435,immer,immer,ADV,mo,3436,Aliena
3436,Aliena,Aliena,NOUN,oa,3437,treibt
3437,treibt,treiben,VERB,ROOT,3437,treibt
3438,!,--,PUNCT,punct,3437,treibt
3439,«,--,PUNCT,punct,3437,treibt
3440,Früh,früh,ADV,mo,3443,ging
3441,und,und,CCONJ,cd,3440,Früh
3442,stille,stille,NOUN,cj,3441,und
3443,ging,gehen,VERB,ROOT,3443,ging
3444,sie,sie,PRON,sb,3443,ging
3445,hinter,hinter,ADP,mo,3443,ging
3446,dem,der,DET,nk,3448,Vater
3447,schmollenden,schmollend,ADJ,nk,3448,Vater
3448,Vater,Vater,NOUN,nk,3445,hinter
3449,nach,nach,ADP,mo,3443,ging
3450,Hause,Haus,NOUN,nk,3449,nach
3451,;,--,PUNCT,punct,3443,ging
3452,und,und,CCONJ,ROOT,3452,und
3453,als,als,ADP,cj,3452,und
3454,der,der,DET,nk,3453,als
3455,Weg,weg,NOUN,mo,3463,seufzte
3456,sie,sie,PRON,sb,3461,vorüberführte
3457,an,an,ADP,mo,3461,vorüberführte
3458,dem,der,DET,nk,3460,Konzertsaal
3459,hellerleuchteten,hellerleuchtet,ADJ,nk,3460,Konzertsaal
3460,Konzertsaal,Konzertsaal,NOUN,nk,3457,an
3461,vorüberführte,vorüberführn,VERB,oc,3455,Weg
3462,",",--,PUNCT,punct,3463,seufzte
3463,seufzte,seufzen,VERB,ROOT,3463,seufzte
3464,sie,sie,PRON,sb,3463,seufzte
3465,",",--,PUNCT,punct,3463,seufzte
3466,daß,daß,SCONJ,mo,3463,seufzte
3467,die,der,DET,ROOT,3467,die
3468,Steine,Stein,NOUN,sb,3470,hätten
3469,sich,sich,PRON,oa,3472,mögen
3470,hätten,haben,AUX,ROOT,3470,hätten
3471,erbarmen,erbarmen,VERB,oc,3472,mögen
3472,mögen,mögen,AUX,oc,3470,hätten
3473,.,--,PUNCT,punct,3470,hätten
3474,4,4,NUM,ROOT,3474,4
3475,Allein,allein,ADV,mo,3476,über
3476,über,über,ADP,mo,3478,kömmt
3477,Nacht,Nacht,NOUN,nk,3476,über
3478,kömmt,kömmen,VERB,ROOT,3478,kömmt
3479,Rath,Rath,PROPN,sb,3478,kömmt
3480,.,--,PUNCT,punct,3478,kömmt
3481,Am,an,ADP,mo,3484,hatte
3482,folgenden,folgend,ADJ,nk,3483,Morgen
3483,Morgen,Morgen,NOUN,nk,3481,Am
3484,hatte,haben,AUX,ROOT,3484,hatte
3485,sie,sie,PRON,sb,3484,hatte
3486,mit,mit,ADP,mo,3484,hatte
3487,Erlaubniß,Erlaubniß,NOUN,nk,3486,mit
3488,des,der,DET,dep,3484,hatte
3489,wiederbesänftigten,wiederbesänftigten,VERB,ROOT,3489,wiederbesänftigten
3490,Vaters,Vater,NOUN,sb,3489,wiederbesänftigten
3491,den,der,DET,nk,3494,Gang
3492,durchaus,durchaus,ADV,mo,3493,nöthigen
3493,nöthigen,nöthig,ADJ,nk,3494,Gang
3494,Gang,Gang,NOUN,oa,3489,wiederbesänftigten
3495,zur,zu,ADP,mnr,3494,Gang
3496,Freundin,Freundin,NOUN,nk,3495,zur
3497,Egloff,Egloff,NOUN,nk,3496,Freundin
3498,zu,zu,ADP,svp,3489,wiederbesänftigten
3499,thun,thun,VERB,ROOT,3499,thun
3500,",",--,PUNCT,punct,3499,thun
3501,um,um,SCONJ,cp,3508,entschuldigen
3502,sich,sich,PRON,oa,3508,entschuldigen
3503,für,für,ADP,op,3508,entschuldigen
3504,ihr,ihr,DET,nk,3506,Ausbleiben
3505,gestriges,gestrig,ADJ,nk,3506,Ausbleiben
3506,Ausbleiben,Ausbleiben,NOUN,nk,3503,für
3507,zu,zu,PART,pm,3508,entschuldigen
3508,entschuldigen,entschuldigen,VERB,mo,3499,thun
3509,;,--,PUNCT,punct,3499,thun
3510,und,und,CCONJ,ROOT,3510,und
3511,Schönfeld,Schönfeld,NOUN,cj,3510,und
3512,glaubte,glauben,VERB,ROOT,3512,glaubte
3513,",",--,PUNCT,punct,3512,glaubte
3514,es,es,PRON,sb,3515,würde
3515,würde,werden,AUX,oc,3512,glaubte
3516,sie,sie,PRON,oa,3517,erleichtern
3517,erleichtern,erleichtern,VERB,oc,3515,würde
3518,und,und,CCONJ,cd,3517,erleichtern
3519,umstimmen,umstimm,VERB,cj,3518,und
3520,",",--,PUNCT,punct,3515,würde
3521,wenn,wenn,SCONJ,cp,3525,ausschütte
3522,sie,sie,PRON,sb,3525,ausschütte
3523,ihr,ihr,DET,nk,3524,Herz
3524,Herz,Herz,NOUN,oa,3525,ausschütte
3525,ausschütte,ausschütten,VERB,re,3514,es
3526,.,--,PUNCT,punct,3512,glaubte
3527,In,in,ADP,mo,3530,kam
3528,der,der,DET,nk,3529,That
3529,That,That,NOUN,nk,3527,In
3530,kam,kommen,VERB,ROOT,3530,kam
3531,das,der,DET,nk,3532,Mädchen
3532,Mädchen,Mädchen,NOUN,sb,3530,kam
3533,ganz,ganz,ADV,mo,3534,erheitert
3534,erheitert,erheitern,VERB,mo,3530,kam
3535,zurück,zurück,ADV,svp,3530,kam
3536,",",--,PUNCT,punct,3530,kam
3537,und,und,CCONJ,cd,3530,kam
3538,setzte,setzen,VERB,cj,3537,und
3539,sich,sich,PRON,oa,3538,setzte
3540,an,an,ADP,mo,3538,setzte
3541,ihren,ihr,DET,nk,3540,an
3542,Tisch,Tisch,NOUN,ROOT,3542,Tisch
3543,am,an,ADP,mnr,3542,Tisch
3544,Fenster,Fenster,NOUN,nk,3543,am
3545,",",--,PUNCT,punct,3542,Tisch
3546,um,um,SCONJ,cp,3552,fortzutuschen
3547,nach,nach,ADP,mo,3552,fortzutuschen
3548,der,der,DET,nk,3549,Niobe
3549,Niobe,Niobe,NOUN,nk,3547,nach
3550,von,von,ADP,pg,3549,Niobe
3551,Seidelmann,Seidelmann,PROPN,nk,3550,von
3552,fortzutuschen,fortzutuschen,VERB,mo,3542,Tisch
3553,.,--,PUNCT,punct,3542,Tisch
3554,Schönfeld,Schönfeld,NOUN,ROOT,3554,Schönfeld
3555,belehrte,belehren,VERB,ROOT,3555,belehrte
3556,und,und,CCONJ,cd,3555,belehrte
3557,unterhielt,unterhalten,VERB,cj,3556,und
3558,sie,sie,PRON,oa,3557,unterhielt
3559,abwechselnd,abwechselnd,ADV,mo,3557,unterhielt
3560,mit,mit,ADP,mo,3557,unterhielt
3561,allerlei,allerlei,DET,nk,3563,Einfällen
3562,abgebrochenen,abgebrochen,ADJ,nk,3563,Einfällen
3563,Einfällen,Einfall,NOUN,nk,3560,mit
3564,",",--,PUNCT,punct,3555,belehrte
3565,und,und,CCONJ,ju,3568,war
3566,die,der,DET,nk,3567,Harmonie
3567,Harmonie,Harmonie,NOUN,sb,3568,war
3568,war,sein,AUX,ROOT,3568,war
3569,wieder,wieder,ADV,mo,3570,hergestellt
3570,hergestellt,herstellen,VERB,pd,3568,war
3571,.,--,PUNCT,punct,3568,war
3572,5,5,NUM,ROOT,3572,5
3573,Gegen,gegen,ADP,mo,3583,geklopft
3574,zehn,zehn,NUM,nk,3575,Uhr
3575,Uhr,Uhr,NOUN,nk,3573,Gegen
3576,ward,werden,VERB,ROOT,3576,ward
3577,an,an,ADP,mo,3583,geklopft
3578,die,der,DET,nk,3579,Thüre
3579,Thüre,Thüre,NOUN,nk,3577,an
3580,des,der,DET,nk,3581,Ateliers
3581,Ateliers,Atelier,NOUN,ag,3579,Thüre
3582,sittig,sittig,ADV,mo,3583,geklopft
3583,geklopft,klopfen,VERB,oc,3576,ward
3584,",",--,PUNCT,punct,3576,ward
3585,und,und,CCONJ,cd,3576,ward
3586,auf,auf,ADP,cj,3585,und
3587,Schönfelds,Schönfeld,PROPN,ag,3589,Herein
3588,»,--,PUNCT,punct,3589,Herein
3589,Herein,Herein,NOUN,oa,3592,trat
3590,!,--,PUNCT,punct,3592,trat
3591,«,--,PUNCT,punct,3592,trat
3592,trat,treten,VERB,ROOT,3592,trat
3593,ein,ein,DET,nk,3594,Fremder
3594,Fremder,Fremder,NOUN,sb,3592,trat
3595,an,an,ADP,mnr,3594,Fremder
3596,des,der,DET,nk,3597,Malers
3597,Malers,Maler,NOUN,nk,3595,an
3598,Staffelei,Staffelei,NOUN,nk,3597,Malers
3599,mit,mit,ADP,mnr,3597,Malers
3600,freier,frei,ADJ,nk,3599,mit
3601,Verbeugung,Verbeugung,NOUN,ROOT,3601,Verbeugung
3602,und,und,CCONJ,cd,3601,Verbeugung
3603,edlem,edl,ADJ,nk,3604,Anstand
3604,Anstand,Anstand,PROPN,cj,3602,und
3605,und,und,CCONJ,cd,3601,Verbeugung
3606,sprach,sprechen,VERB,cj,3605,und
3607,nach,nach,ADP,op,3606,sprach
3608,den,der,DET,nk,3609,gewöhnlichen
3609,gewöhnlichen,gewöhnlich,ADJ,nk,3607,nach
3610,Begrüßungsformeln,Begrüßungsformel,NOUN,ROOT,3610,Begrüßungsformeln
3611,:,--,PUNCT,punct,3610,Begrüßungsformeln
3612,»,--,PUNCT,punct,3614,heiße
3613,Ich,ich,PRON,sb,3614,heiße
3614,heiße,heißen,VERB,ROOT,3614,heiße
3615,Wildenfels,Wildenfel,NOUN,oa,3614,heiße
3616,",",--,PUNCT,punct,3614,heiße
3617,und,und,CCONJ,cd,3614,heiße
3618,bin,sein,AUX,cj,3617,und
3619,ein,ein,DET,nk,3621,Pilgrim
3620,junger,jung,ADJ,nk,3621,Pilgrim
3621,Pilgrim,Pilgrim,NOUN,pd,3618,bin
3622,",",--,PUNCT,punct,3621,Pilgrim
3623,der,der,PRON,cj,3618,bin
3624,nach,nach,ADP,mo,3623,der
3625,dem,der,DET,nk,3626,Vortrefflichen
3626,Vortrefflichen,Vortrefflichen,NOUN,nk,3624,nach
3627,auf,auf,ADP,mo,3629,wandert
3628,Erden,Erde,NOUN,nk,3627,auf
3629,wandert,wandern,VERB,ROOT,3629,wandert
3630,.,--,PUNCT,punct,3629,wandert
3631,Ich,ich,PRON,sb,3632,suche
3632,suche,suchen,VERB,ROOT,3632,suche
3633,das,der,DET,nk,3634,Edle
3634,Edle,Edle,NOUN,oa,3632,suche
3635,und,und,CCONJ,cd,3634,Edle
3636,Schöne,schöne,NOUN,cj,3635,und
3637,in,in,ADP,mnr,3634,Edle
3638,allen,aller,DET,nk,3639,Gestalten
3639,Gestalten,Gestalt,NOUN,nk,3637,in
3640,und,und,CCONJ,cd,3639,Gestalten
3641,Formen,Form,NOUN,cj,3640,und
3642,",",--,PUNCT,punct,3632,suche
3643,um,um,SCONJ,cp,3649,zuzueignen
3644,es,es,PRON,oa,3649,zuzueignen
3645,mir,mir,PRON,da,3649,zuzueignen
3646,zur,zu,ADP,mo,3649,zuzueignen
3647,innern,innern,ADJ,nk,3648,Vervollkommnung
3648,Vervollkommnung,Vervollkommnung,NOUN,nk,3646,zur
3649,zuzueignen,zuzueignen,VERB,ROOT,3649,zuzueignen
3650,.,--,PUNCT,punct,3649,zuzueignen
3651,Die,der,DET,nk,3652,Kunst
3652,Kunst,Kunst,NOUN,sb,3653,spricht
3653,spricht,sprechen,VERB,ROOT,3653,spricht
3654,mein,mein,DET,nk,3655,Gemüth
3655,Gemüth,Gemüth,NOUN,oa,3653,spricht
3656,mit,mit,ADP,ROOT,3656,mit
3657,Zaubergewalt,Zaubergewalt,NOUN,nk,3656,mit
3658,an,an,ADP,svp,3656,mit
3659,;,--,PUNCT,punct,3656,mit
3660,sie,sie,PRON,sb,3661,gehört
3661,gehört,gehören,VERB,ROOT,3661,gehört
3662,mit,mit,ADP,op,3661,gehört
3663,in,in,ADP,mo,3661,gehört
3664,den,der,DET,nk,3665,Kreis
3665,Kreis,Kreis,NOUN,nk,3663,in
3666,meiner,mein,DET,nk,3667,Ausbildung
3667,Ausbildung,Ausbildung,NOUN,ag,3665,Kreis
3668,.,--,PUNCT,punct,3661,gehört
3669,Auf,auf,ADP,ROOT,3669,Auf
3670,langen,lang,ADJ,nk,3669,Auf
3671,Reisen,Reise,NOUN,oa,3672,fand
3672,fand,finden,VERB,ROOT,3672,fand
3673,ich,ich,PRON,sb,3672,fand
3674,selten,selten,ADV,mo,3672,fand
3675,Zeit,Zeit,NOUN,oa,3672,fand
3676,genug,genug,DET,nk,3675,Zeit
3677,",",--,PUNCT,punct,3675,Zeit
3678,die,der,DET,nk,3679,Hand
3679,Hand,Hand,NOUN,oa,3682,üben
3680,gehörig,gehörig,ADV,mo,3682,üben
3681,zu,zu,PART,pm,3682,üben
3682,üben,üben,VERB,oc,3675,Zeit
3683,;,--,PUNCT,punct,3672,fand
3684,allein,allein,ADV,mo,3685,da
3685,da,da,SCONJ,cp,3686,ich
3686,ich,ich,PRON,ROOT,3686,ich
3687,von,von,ADP,mnr,3686,ich
3688,Ihrem,ihr,DET,nk,3689,Künstlerruhm
3689,Künstlerruhm,Künstlerruhm,NOUN,da,3690,hörte
3690,hörte,hören,VERB,oc,3692,beschloß
3691,",",--,PUNCT,punct,3692,beschloß
3692,beschloß,beschließen,VERB,ROOT,3692,beschloß
3693,ich,ich,PRON,sb,3692,beschloß
3694,",",--,PUNCT,punct,3692,beschloß
3695,einige,einiger,DET,nk,3696,Wochen
3696,Wochen,Woche,NOUN,oa,3692,beschloß
3697,oder,oder,CCONJ,cd,3696,Wochen
3698,Monate,Monat,NOUN,cj,3697,oder
3699,hier,hier,ADV,mo,3692,beschloß
3700,vor,vor,ADP,svp,3692,beschloß
3701,Anker,Anker,NOUN,oa,3703,legen
3702,zu,zu,PART,pm,3703,legen
3703,legen,legen,VERB,ROOT,3703,legen
3704,und,und,CCONJ,cd,3703,legen
3705,mich,mich,PRON,oa,3711,erfreuen
3706,Ihres,ihr,DET,nk,3707,Unterrichtes
3707,Unterrichtes,Unterricht,NOUN,oa,3711,erfreuen
3708,im,in,ADP,mo,3711,erfreuen
3709,Zeichnen,zeichnen,NOUN,nk,3708,im
3710,zu,zu,PART,pm,3711,erfreuen
3711,erfreuen,erfreuen,VERB,cj,3704,und
3712,",",--,PUNCT,punct,3703,legen
3713,im,in,ADP,mo,3703,legen
3714,Fall,Fall,NOUN,nk,3713,im
3715,Sie,sie,PRON,ROOT,3715,Sie
3716,mir,mir,PRON,da,3719,versagen
3717,denselben,derselbe,PRON,oa,3719,versagen
3718,nicht,nicht,PART,ng,3720,wollen
3719,versagen,versagen,VERB,oc,3720,wollen
3720,wollen,wollen,AUX,ROOT,3720,wollen
3721,.,--,PUNCT,punct,3720,wollen
3722,An,an,ADP,mo,3729,fehlen
3723,gutem,gut,ADJ,nk,3724,Willen
3724,Willen,Wille,NOUN,nk,3722,An
3725,soll,sollen,AUX,ROOT,3725,soll
3726,es,es,PRON,sb,3725,soll
3727,mir,mir,PRON,da,3729,fehlen
3728,nicht,nicht,PART,ng,3725,soll
3729,fehlen,fehlen,VERB,oc,3725,soll
3730,.,--,PUNCT,punct,3725,soll
3731,«,--,PUNCT,punct,3725,soll
3732,Diese,dieser,DET,nk,3734,Ardinghelles-Anrede
3733,rasche,rasch,ADJ,nk,3734,Ardinghelles-Anrede
3734,Ardinghelles-Anrede,Ardinghelles-Anrede,NOUN,sb,3735,machte
3735,machte,machen,VERB,ROOT,3735,machte
3736,den,der,DET,nk,3737,Maler
3737,Maler,Maler,NOUN,oa,3735,machte
3738,stutzig,stutzig,ADV,mo,3735,machte
3739,.,--,PUNCT,punct,3735,machte
3740,Sein,sein,DET,nk,3741,Auge
3741,Auge,Auge,NOUN,oa,3742,verweilte
3742,verweilte,verweiln,VERB,ROOT,3742,verweilte
3743,mit,mit,ADP,mo,3755,anzieht
3744,Liebe,Liebe,NOUN,nk,3743,mit
3745,auf,auf,ADP,mnr,3744,Liebe
3746,dem,der,DET,nk,3747,Jüngling
3747,Jüngling,Jüngling,NOUN,nk,3745,auf
3748,",",--,PUNCT,punct,3755,anzieht
3749,weil,weil,SCONJ,cp,3755,anzieht
3750,alles,aller,DET,nk,3751,Schöne
3751,Schöne,schöne,NOUN,sb,3755,anzieht
3752,den,der,DET,nk,3753,Künstler
3753,Künstler,Künstler,NOUN,oa,3755,anzieht
3754,mächtig,mächtig,ADV,mo,3755,anzieht
3755,anzieht,anziehen,VERB,ROOT,3755,anzieht
3756,.,--,PUNCT,punct,3755,anzieht
3757,Der,der,DET,ROOT,3757,Der
3758,Fremde,Fremde,PROPN,sb,3759,war
3759,war,sein,AUX,ROOT,3759,war
3760,eine,ein,DET,nk,3763,Gestalt
3761,hohe,hoch,ADJ,nk,3763,Gestalt
3762,schlanke,schlank,ADJ,nk,3763,Gestalt
3763,Gestalt,Gestalt,NOUN,pd,3759,war
3764,;,--,PUNCT,punct,3759,war
3765,sein,sein,DET,nk,3767,Auge
3766,schwarzes,schwarz,ADJ,nk,3767,Auge
3767,Auge,Auge,NOUN,sb,3768,blickte
3768,blickte,blicken,VERB,ROOT,3768,blickte
3769,dreist,dreist,ADV,mo,3768,blickte
3770,umher,umher,ADV,ROOT,3770,umher
3771,",",--,PUNCT,punct,3770,umher
3772,als,als,SCONJ,cm,3777,angehöre
3773,ob,ob,SCONJ,cp,3777,angehöre
3774,die,der,DET,nk,3775,Welt
3775,Welt,Welt,NOUN,sb,3777,angehöre
3776,ihm,ihm,PRON,da,3777,angehöre
3777,angehöre,angehören,VERB,cc,3770,umher
3778,.,--,PUNCT,ROOT,3778,.
3779,Seine,sein,DET,nk,3781,Locken
3780,dunkeln,dunkeln,VERB,nk,3781,Locken
3781,Locken,Locke,NOUN,sb,3782,flatterten
3782,flatterten,flatterten,VERB,ROOT,3782,flatterten
3783,wild,wild,ADV,mo,3782,flatterten
3784,über,über,ADP,svp,3782,flatterten
3785,die,der,DET,nk,3787,Stirn
3786,gewölbte,gewölbt,ADJ,nk,3787,Stirn
3787,Stirn,Stirn,NOUN,ROOT,3787,Stirn
3788,;,--,PUNCT,punct,3787,Stirn
3789,die,der,DET,nk,3790,Nase
3790,Nase,Nase,NOUN,sb,3791,war
3791,war,sein,AUX,ROOT,3791,war
3792,fein,fein,ADV,mo,3793,zugespitzt
3793,zugespitzt,zuspitzen,VERB,pd,3791,war
3794,und,und,CCONJ,cd,3793,zugespitzt
3795,auf,auf,ADP,cj,3794,und
3796,den,der,DET,nk,3798,Lippen
3797,schmalen,schmal,ADJ,nk,3798,Lippen
3798,Lippen,Lippe,NOUN,nk,3795,auf
3799,war,sein,AUX,ROOT,3799,war
3800,ein,ein,DET,nk,3802,Anflug
3801,leichter,leicht,ADJ,nk,3802,Anflug
3802,Anflug,Anflug,NOUN,pd,3799,war
3803,von,von,ADP,pg,3802,Anflug
3804,Laune,Laune,NOUN,nk,3803,von
3805,unverkennbar,unverkennbar,ADV,pd,3799,war
3806,.,--,PUNCT,punct,3799,war
3807,Seine,sein,DET,nk,3808,Bewegungen
3808,Bewegungen,Bewegung,NOUN,sb,3809,waren
3809,waren,sein,AUX,ROOT,3809,waren
3810,gewandt,wenden,VERB,pd,3809,waren
3811,und,und,CCONJ,ju,3817,gab
3812,zierlich,zierlich,ADV,mo,3817,gab
3813,und,und,CCONJ,cd,3812,zierlich
3814,ein,ein,DET,nk,3816,Schnurbärtchen
3815,kräftiges,kräftig,ADJ,nk,3816,Schnurbärtchen
3816,Schnurbärtchen,Schnurbärtchen,NOUN,cj,3813,und
3817,gab,geben,VERB,ROOT,3817,gab
3818,dem,der,DET,nk,3819,Ganzen
3819,Ganzen,ganze,NOUN,da,3817,gab
3820,ein,ein,ADV,svp,3817,gab
3821,heroisch-romantisches,heroisch-romantisch,ADJ,nk,3822,Ansehen
3822,Ansehen,ansehen,NOUN,ROOT,3822,Ansehen
3823,.,--,PUNCT,punct,3822,Ansehen
3824,»,--,PUNCT,punct,3826,gebe
3825,Ich,ich,PRON,sb,3826,gebe
3826,gebe,geben,VERB,oc,3832,sagte
3827,sonst,sonst,ADV,mo,3826,gebe
3828,keinen,kein,DET,nk,3829,Unterricht
3829,Unterricht,Unterricht,NOUN,oa,3826,gebe
3830,«,--,PUNCT,punct,3826,gebe
3831,",",--,PUNCT,punct,3832,sagte
3832,sagte,sagen,VERB,ROOT,3832,sagte
3833,Schönfeld,Schönfeld,PROPN,sb,3832,sagte
3834,",",--,PUNCT,punct,3832,sagte
3835,nachdem,nachdem,SCONJ,mo,3832,sagte
3836,er,er,PRON,sb,3835,nachdem
3837,seinen,sein,DET,nk,3838,Gast
3838,Gast,Gast,NOUN,mo,3835,nachdem
3839,ein,ein,ADV,svp,3832,sagte
3840,wenig,wenig,PRON,mo,3841,gemustert
3841,gemustert,mustern,VERB,ROOT,3841,gemustert
3842,.,--,PUNCT,punct,3841,gemustert
3843,»,--,PUNCT,punct,3850,ist
3844,Allein,allein,ADV,mo,3850,ist
3845,wenn,wenn,SCONJ,cp,3850,ist
3846,es,es,PRON,sb,3850,ist
3847,Ihr,ihr,DET,nk,3849,Vorsatz
3848,ernster,ernst,ADJ,nk,3849,Vorsatz
3849,Vorsatz,Vorsatz,NOUN,pd,3850,ist
3850,ist,sein,AUX,ROOT,3850,ist
3851,",",--,PUNCT,punct,3854,studiren
3852,sinnig,sinnig,ADV,mo,3854,studiren
3853,zu,zu,PART,pm,3854,studiren
3854,studiren,studiren,VERB,oc,3850,ist
3855,",",--,PUNCT,punct,3850,ist
3856,und,und,CCONJ,ju,3858,bloß
3857,nicht,nicht,PART,ng,3858,bloß
3858,bloß,bloß,ADV,mo,3867,Früchte
3859,",",--,PUNCT,punct,3858,bloß
3860,um,um,SCONJ,cp,3864,fröhnen
3861,der,der,DET,nk,3862,Mode
3862,Mode,Mode,NOUN,oa,3864,fröhnen
3863,zu,zu,PART,pm,3864,fröhnen
3864,fröhnen,fröhnen,VERB,mo,3858,bloß
3865,",",--,PUNCT,punct,3858,bloß
3866,einige,einiger,DET,nk,3867,Früchte
3867,Früchte,Frucht,NOUN,ROOT,3867,Früchte
3868,der,der,DET,nk,3869,Kunst
3869,Kunst,Kunst,NOUN,ag,3867,Früchte
3870,im,in,ADP,mnr,3867,Früchte
3871,Fluge,Flug,NOUN,nk,3870,im
3872,zu,zu,ADP,mnr,3867,Früchte
3873,benaschen,benaschen,VERB,dep,3876,will
3874,",",--,PUNCT,punct,3875,so
3875,so,so,ADV,mo,3876,will
3876,will,wollen,AUX,ROOT,3876,will
3877,ich,ich,PRON,sb,3876,will
3878,wohl,wohl,ADV,mo,3876,will
3879,einen,ein,DET,nk,3880,Versuch
3880,Versuch,Versuch,NOUN,oa,3883,wagen
3881,mit,mit,ADP,mnr,3880,Versuch
3882,Ihnen,ihnen,PRON,nk,3881,mit
3883,wagen,wagen,VERB,oc,3876,will
3884,.,--,PUNCT,punct,3876,will
3885,Aber,aber,CCONJ,ju,3887,wiederhole
3886,ich,ich,PRON,sb,3887,wiederhole
3887,wiederhole,wiederholen,VERB,ROOT,3887,wiederhole
3888,es,es,PRON,ROOT,3888,es
3889,Ihnen,ihnen,PRON,ROOT,3889,Ihnen
3890,",",--,PUNCT,punct,3889,Ihnen
3891,junger,jung,ADJ,nk,3892,Mann
3892,Mann,Mann,NOUN,cj,3889,Ihnen
3893,",",--,PUNCT,punct,3889,Ihnen
3894,es,es,PRON,ph,3895,muß
3895,muß,müssen,AUX,cj,3889,Ihnen
3896,Ihr,ihr,DET,nk,3898,Ernst
3897,wohlüberlegter,wohlüberlegt,ADJ,nk,3898,Ernst
3898,Ernst,Ernst,NOUN,pd,3899,sein
3899,sein,sein,AUX,oc,3895,muß
3900,;,--,PUNCT,punct,3889,Ihnen
3901,denn,denn,CCONJ,ju,3903,Zeit
3902,meine,mein,DET,nk,3903,Zeit
3903,Zeit,Zeit,NOUN,ROOT,3903,Zeit
3904,ist,sein,AUX,ROOT,3904,ist
3905,kostbar,kostbar,ADV,pd,3904,ist
3906,.,--,PUNCT,punct,3904,ist
3907,–,--,PUNCT,punct,3909,möcht
3908,Ueberhaupt,Ueberhaupt,ADV,mo,3909,möcht
3909,möcht,möchen,VERB,ROOT,3909,möcht
3910,',--,PUNCT,punct,3909,möcht
3911,ich,ich,PRON,sb,3909,möcht
3912,Sie,sie,PRON,oa,3909,möcht
3913,und,und,CCONJ,cd,3912,Sie
3914,alle,aller,DET,nk,3916,Leute
3915,jungen,jung,ADJ,nk,3916,Leute
3916,Leute,Leute,NOUN,cj,3913,und
3917,vor,vor,ADP,mnr,3916,Leute
3918,dem,der,DET,nk,3917,vor
3919,überhandnehmenden,überhandnehmend,ADJ,nk,3920,Dilettantismus
3920,Dilettantismus,Dilettantismus,NOUN,sb,3921,warnen
3921,warnen,warnen,VERB,ROOT,3921,warnen
3922,",",--,PUNCT,punct,3921,warnen
3923,der,der,PRON,dep,3921,warnen
3924,selten,selten,ADV,mo,3926,mehr
3925,etwas,etwas,ADV,mo,3926,mehr
3926,mehr,mehr,PRON,mo,3923,der
3927,als,als,ADP,cm,3928,Windeier
3928,Windeier,Windeier,NOUN,cc,3926,mehr
3929,ausheckt,aushecken,VERB,ROOT,3929,ausheckt
3930,.,--,PUNCT,punct,3929,ausheckt
3931,Man,man,PRON,sb,3932,meint
3932,meint,meinen,VERB,ROOT,3932,meint
3933,jetzt,jetzt,ADV,mo,3932,meint
3934,",",--,PUNCT,punct,3932,meint
3935,Alles,alle,PRON,oa,3936,treiben
3936,treiben,treiben,VERB,oc,3938,können
3937,zu,zu,PART,pm,3938,können
3938,können,können,AUX,oc,3932,meint
3939,und,und,CCONJ,cd,3938,können
3940,zu,zu,PART,pm,3941,müssen
3941,müssen,müssen,AUX,cj,3939,und
3942,.,--,PUNCT,punct,3932,meint
3943,Ein,ein,DET,nk,3944,Jeder
3944,Jeder,jeder,PRON,ROOT,3944,Jeder
3945,will,wollen,AUX,ROOT,3945,will
3946,etwas,etwas,PRON,oa,3947,zeichnen
3947,zeichnen,zeichnen,VERB,oc,3948,lernen
3948,lernen,lernen,VERB,oc,3945,will
3949,",",--,PUNCT,punct,3948,lernen
3950,um,um,SCONJ,cj,3945,will
3951,die,der,DET,nk,3952,Werke
3952,Werke,Werk,NOUN,nk,3950,um
3953,seiner,sein,DET,nk,3954,Hand
3954,Hand,Hand,NOUN,ag,3952,Werke
3955,hinter,hinter,ADP,mnr,3952,Werke
3956,Glas,Glas,NOUN,nk,3955,hinter
3957,und,und,CCONJ,cd,3956,Glas
3958,Rahmen,Rahmen,NOUN,cj,3957,und
3959,von,von,ADP,pg,3952,Werke
3960,Idioten,Idiot,NOUN,ROOT,3960,Idioten
3961,bewundert,bewundern,VERB,oc,3963,sehen
3962,zu,zu,PART,pm,3963,sehen
3963,sehen,sehen,VERB,oc,3960,Idioten
3964,",",--,PUNCT,punct,3963,sehen
3965,und,und,CCONJ,cd,3963,sehen
3966,etwa,etwa,ADV,mo,3968,Dame
3967,einer,ein,DET,nk,3968,Dame
3968,Dame,Dame,NOUN,cj,3965,und
3969,ins,in,ADP,mnr,3968,Dame
3970,Stammbuch,Stammbuch,NOUN,nk,3969,ins
3971,oder,oder,CCONJ,cd,3969,ins
3972,zum,zu,ADP,cj,3971,oder
3973,Geburtstag,Geburtstag,NOUN,ROOT,3973,Geburtstag
3974,ein,ein,DET,nk,3976,Blättchen
3975,buntbekleckstes,buntbekleckst,ADJ,nk,3976,Blättchen
3976,Blättchen,Blättchen,NOUN,sb,3980,können
3977,gehorsamst,gehorsamst,ADV,mo,3978,überreichen
3978,überreichen,überreichen,VERB,oc,3980,können
3979,zu,zu,PART,pm,3980,können
3980,können,können,AUX,oc,3973,Geburtstag
3981,.,--,PUNCT,punct,3973,Geburtstag
3982,Wenn,wenn,SCONJ,ROOT,3982,Wenn
3983,besonnene,besonnen,ADJ,nk,3984,Schriftsteller
3984,Schriftsteller,Schriftsteller,NOUN,oa,3985,klagen
3985,klagen,klagen,VERB,ROOT,3985,klagen
3986,",",--,PUNCT,punct,3985,klagen
3987,die,der,DET,nk,3989,Sündfluth
3988,nächste,nächster,ADJ,nk,3989,Sündfluth
3989,Sündfluth,Sündfluth,PROPN,cj,3985,klagen
3990,",",--,PUNCT,punct,3989,Sündfluth
3991,welche,welcher,PRON,sb,3993,Welt
3992,die,der,DET,nk,3993,Welt
3993,Welt,Welt,NOUN,dep,3985,klagen
3994,zu,zu,ADP,svp,3985,klagen
3995,verschlingen,verschlingen,VERB,oc,3996,drohe
3996,drohe,drohen,VERB,mo,3998,könne
3997,",",--,PUNCT,punct,3998,könne
3998,könne,können,AUX,ROOT,3998,könne
3999,nicht,nicht,PART,ng,3998,könne
4000,mehr,mehr,ADV,mo,3999,nicht
4001,vom,von,ADP,sbp,4003,verursacht
4002,Wasser,Wasser,NOUN,nk,4001,vom
4003,verursacht,verursachen,VERB,oc,4004,werden
4004,werden,werden,AUX,oc,3998,könne
4005,",",--,PUNCT,punct,3998,könne
4006,sie,sie,PRON,sb,4007,müsse
4007,müsse,müssen,AUX,cj,3998,könne
4008,von,von,ADP,mo,4011,entstehen
4009,bedrucktem,bedruckt,ADJ,nk,4010,Papier
4010,Papier,Papier,NOUN,nk,4008,von
4011,entstehen,entstehen,VERB,oc,4014,klagen
4012,",",--,PUNCT,punct,4013,so
4013,so,so,ADV,mo,4014,klagen
4014,klagen,klagen,VERB,ROOT,4014,klagen
4015,wir,wir,PRON,sb,4014,klagen
4016,Maler,Maler,NOUN,oa,4014,klagen
4017,noch,noch,ADV,mo,4018,lauter
4018,lauter,laut,ADV,mo,4014,klagen
4019,über,über,ADP,mo,4014,klagen
4020,die,der,DET,nk,4019,über
4021,Anhäufung,Anhäufung,NOUN,ROOT,4021,Anhäufung
4022,des,der,DET,nk,4023,Wustes
4023,Wustes,Wust,NOUN,ag,4021,Anhäufung
4024,von,von,ADP,pg,4023,Wustes
4025,Bilderchen,Bilderche,NOUN,nk,4024,von
4026,jeder,jeder,DET,nk,4027,Art
4027,Art,Art,NOUN,ag,4025,Bilderchen
4028,",",--,PUNCT,punct,4021,Anhäufung
4029,welche,welcher,PRON,nk,4031,Wände
4030,alle,aller,DET,nk,4031,Wände
4031,Wände,Wand,NOUN,cj,4021,Anhäufung
4032,und,und,CCONJ,cd,4031,Wände
4033,alle,aller,PRON,cj,4032,und
4034,Mappen,Mappe,NOUN,oa,4035,füllen
4035,füllen,füllen,VERB,oc,4043,sind
4036,und,und,CCONJ,cd,4035,füllen
4037,mit,mit,ADP,mo,4042,gestempelt
4038,dem,der,DET,nk,4039,Fluche
4039,Fluche,Fluche,NOUN,nk,4037,mit
4040,der,der,DET,nk,4041,Mittelmäßigkeit
4041,Mittelmäßigkeit,Mittelmäßigkeit,NOUN,ag,4039,Fluche
4042,gestempelt,stempeln,VERB,cj,4036,und
4043,sind,sein,AUX,ROOT,4043,sind
4044,.,--,PUNCT,punct,4043,sind
4045,Ich,ich,PRON,sb,4046,sage
4046,sage,sagen,VERB,ROOT,4046,sage
4047,Ihnen,ihnen,PRON,da,4054,von
4048,",",--,PUNCT,punct,4047,Ihnen
4049,dieses,dieser,DET,nk,4050,Aufstapeln
4050,Aufstapeln,Aufstapel,NOUN,cj,4047,Ihnen
4051,gemeiner,gemein,ADJ,nk,4052,Waare
4052,Waare,Waare,NOUN,ag,4050,Aufstapeln
4053,",",--,PUNCT,punct,4047,Ihnen
4054,von,von,ADP,ROOT,4054,von
4055,Dilettanten,Dilettant,NOUN,nk,4054,von
4056,oder,oder,CCONJ,cd,4054,von
4057,verunglückten,verunglücken,VERB,cj,4056,oder
4058,Künstlern,Künstler,NOUN,sb,4062,geschichtet
4059,berghoch,berghoch,ADV,mo,4062,geschichtet
4060,auf,auf,ADP,mo,4062,geschichtet
4061,einander,einander,PRON,nk,4060,auf
4062,geschichtet,schichten,VERB,oc,4064,verbreitet
4063,",",--,PUNCT,punct,4064,verbreitet
4064,verbreitet,verbreiten,VERB,ROOT,4064,verbreitet
4065,eine,ein,DET,nk,4067,Pest
4066,wahre,wahr,ADJ,nk,4067,Pest
4067,Pest,Pest,NOUN,sb,4064,verbreitet
4068,für,für,ADP,mnr,4067,Pest
4069,die,der,DET,nk,4068,für
4070,ächte,ächt,ADJ,nk,4071,Kunst
4071,Kunst,Kunst,NOUN,ROOT,4071,Kunst
4072,.,--,PUNCT,punct,4071,Kunst
4073,Warum,warum,ADV,ROOT,4073,Warum
4074,?,--,PUNCT,punct,4073,Warum
4075,Da,da,ADV,mo,4076,gibt
4076,gibt,geben,VERB,ROOT,4076,gibt
4077,es,es,PRON,ep,4076,gibt
4078,denn,denn,ADV,mo,4076,gibt
4079,doch,doch,ADV,mo,4076,gibt
4080,auch,auch,ADV,mo,4076,gibt
4081,hin,hin,ADV,mo,4076,gibt
4082,und,und,CCONJ,cd,4081,hin
4083,wieder,wieder,ADV,mo,4085,eigentliches
4084,ein,ein,DET,nk,4085,eigentliches
4085,eigentliches,eigentlich,ADJ,cj,4082,und
4086,Genie,Genie,NOUN,ROOT,4086,Genie
4087,",",--,PUNCT,punct,4086,Genie
4088,ein,ein,DET,nk,4089,Wesen
4089,Wesen,Wesen,NOUN,cj,4086,Genie
4090,",",--,PUNCT,punct,4089,Wesen
4091,dem,der,PRON,da,4094,angeboren
4092,das,der,DET,nk,4093,Talent
4093,Talent,Talent,NOUN,sb,4095,ist
4094,angeboren,angeboren,VERB,oc,4095,ist
4095,ist,sein,AUX,rc,4089,Wesen
4096,.,--,PUNCT,punct,4086,Genie
4097,Vor,vor,ADP,ROOT,4097,Vor
4098,der,der,DET,nk,4099,Entwicklung
4099,Entwicklung,Entwicklung,NOUN,nk,4097,Vor
4100,der,der,DET,nk,4101,bessern
4101,bessern,besser,NOUN,ag,4099,Entwicklung
4102,Einsicht,Einsicht,NOUN,oa,4103,erblickt
4103,erblickt,erblicken,VERB,ROOT,4103,erblickt
4104,ein,ein,DET,nk,4106,Kunstjünger
4105,solcher,solcher,DET,nk,4106,Kunstjünger
4106,Kunstjünger,Kunstjünger,NOUN,sb,4103,erblickt
4107,statt,statt,ADP,mo,4109,einfacher
4108,wenig,wenig,ADV,mo,4109,einfacher
4109,einfacher,einfach,ADV,mo,4110,vortrefflicher
4110,vortrefflicher,vortrefflich,ADJ,dep,4103,erblickt
4111,Bilder,Bild,NOUN,ROOT,4111,Bilder
4112,eine,ein,DET,nk,4114,Zahl
4113,ungeheure,ungeheuer,ADJ,nk,4114,Zahl
4114,Zahl,Zahl,NOUN,ROOT,4114,Zahl
4115,gemeiner,Gemeiner,ADJ,ag,4114,Zahl
4116,",",--,PUNCT,punct,4115,gemeiner
4117,schlechtgedachter,Schlechtgedachter,ADJ,cj,4115,gemeiner
4118,",",--,PUNCT,punct,4117,schlechtgedachter
4119,geschmackloser,Geschmackloser,ADJ,cj,4117,schlechtgedachter
4120,Vorstellungen,Vorstellung,NOUN,ROOT,4120,Vorstellungen
4121,;,--,PUNCT,punct,4120,Vorstellungen
4122,er,er,PRON,sb,4123,muß
4123,muß,müssen,AUX,ROOT,4123,muß
4124,es,es,PRON,oa,4125,ansehen
4125,ansehen,ansehen,VERB,oc,4123,muß
4126,",",--,PUNCT,punct,4125,ansehen
4127,weil,weil,SCONJ,cp,4128,ihn
4128,ihn,ihn,PRON,mo,4123,muß
4129,sein,sein,DET,nk,4130,Instinkt
4130,Instinkt,Instinkt,NOUN,pd,4128,ihn
4131,zu,zu,ADP,mnr,4130,Instinkt
4132,allen,aller,DET,nk,4133,Kunstgebilden
4133,Kunstgebilden,Kunstgebild,NOUN,nk,4131,zu
4134,treibt,treiben,VERB,ROOT,4134,treibt
4135,;,--,PUNCT,punct,4134,treibt
4136,er,er,PRON,sb,4137,gewöhnt
4137,gewöhnt,gewöhnen,VERB,ROOT,4137,gewöhnt
4138,sich,sich,PRON,oa,4137,gewöhnt
4139,früh,früh,ADV,mo,4137,gewöhnt
4140,an,an,ADP,op,4137,gewöhnt
4141,das,der,DET,nk,4142,Mittelmäßige
4142,Mittelmäßige,Mittelmäßige,NOUN,nk,4140,an
4143,",",--,PUNCT,punct,4137,gewöhnt
4144,an,an,ADP,op,4137,gewöhnt
4145,das,der,DET,nk,4146,Schlechte
4146,Schlechte,Schlechte,NOUN,nk,4144,an
4147,",",--,PUNCT,punct,4137,gewöhnt
4148,und,und,CCONJ,cd,4137,gewöhnt
4149,durch,durch,ADP,cj,4148,und
4150,diese,dieser,DET,nk,4155,Eindrücke
4151,mannigfaltigen,Mannigfaltige,NOUN,nk,4155,Eindrücke
4152,ersten,erster,ADJ,nk,4155,Eindrücke
4153,und,und,CCONJ,cd,4152,ersten
4154,falschen,falsch,ADJ,cj,4153,und
4155,Eindrücke,Eindruck,NOUN,oa,4156,erhält
4156,erhält,erhalten,VERB,ROOT,4156,erhält
4157,er,er,PRON,sb,4156,erhält
4158,eine,ein,DET,nk,4159,schiefe
4159,schiefe,schiefe,NOUN,oa,4156,erhält
4160,Richtung,Richtung,NOUN,ROOT,4160,Richtung
4161,;,--,PUNCT,punct,4160,Richtung
4162,er,er,PRON,sb,4163,findet
4163,findet,finden,VERB,ROOT,4163,findet
4164,das,der,DET,nk,4165,Gemeine
4165,Gemeine,Gemeine,NOUN,oa,4163,findet
4166,erträglich,erträglich,ADV,mo,4163,findet
4167,;,--,PUNCT,punct,4163,findet
4168,er,er,PRON,sb,4169,begnügt
4169,begnügt,begnügen,VERB,ROOT,4169,begnügt
4170,sich,sich,PRON,oa,4169,begnügt
4171,damit,damit,ADV,mo,4169,begnügt
4172,;,--,PUNCT,punct,4169,begnügt
4173,er,er,PRON,sb,4174,steckt
4174,steckt,stecken,VERB,ROOT,4174,steckt
4175,sich,sich,PRON,da,4184,hinzustellen
4176,seine,sein,DET,nk,4177,Ideale
4177,Ideale,Ideal,NOUN,sb,4185,pflegt
4178,so,so,ADV,mo,4179,niedrig
4179,niedrig,niedrig,ADV,mo,4185,pflegt
4180,als,als,ADP,cm,4182,Zeitgeist
4181,der,der,DET,nk,4182,Zeitgeist
4182,Zeitgeist,Zeitgeist,NOUN,cc,4178,so
4183,sie,sie,PRON,oa,4184,hinzustellen
4184,hinzustellen,hinzustellen,VERB,oc,4185,pflegt
4185,pflegt,pflegen,VERB,ROOT,4185,pflegt
4186,",",--,PUNCT,punct,4185,pflegt
4187,seine,sein,DET,dep,4185,pflegt
4188,Phantasie,Phantasie,NOUN,sb,4189,erkrankt
4189,erkrankt,erkranken,VERB,ROOT,4189,erkrankt
4190,an,an,ADP,op,4189,erkrankt
4191,der,der,DET,nk,4192,Ueberfülle
4192,Ueberfülle,Ueberfülle,NOUN,nk,4190,an
4193,grober,grob,ADJ,mo,4189,erkrankt
4194,Kost,Kost,NOUN,oa,4189,erkrankt
4195,",",--,PUNCT,punct,4189,erkrankt
4196,und,und,CCONJ,cd,4189,erkrankt
4197,nur,nur,ADV,mo,4198,selten
4198,selten,selten,ADV,cj,4196,und
4199,",",--,PUNCT,punct,4198,selten
4200,und,und,CCONJ,cd,4198,selten
4201,meistens,meistens,ADV,cj,4200,und
4202,nur,nur,ADV,mo,4203,nach
4203,nach,nach,ADP,mo,4210,führt
4204,mühevollem,mühevoll,ADJ,nk,4205,Ringen
4205,Ringen,Ringe,NOUN,nk,4203,nach
4206,und,und,CCONJ,cd,4203,nach
4207,oft,oft,ADV,mo,4209,spät
4208,zu,zu,PART,mo,4209,spät
4209,spät,spät,ADV,cj,4206,und
4210,führt,führen,VERB,ROOT,4210,führt
4211,ihn,ihn,PRON,oa,4210,führt
4212,der,der,DET,nk,4214,Genius
4213,bessere,gut,ADJ,nk,4214,Genius
4214,Genius,Genius,NOUN,sb,4210,führt
4215,aus,aus,ADP,svp,4210,führt
4216,diesem,dieser,DET,nk,4217,Alles
4217,Alles,Alle,NOUN,da,4218,niederdrückenden
4218,niederdrückenden,niederdrückend,ADJ,nk,4219,Trödelkram
4219,Trödelkram,Trödelkram,PROPN,ROOT,4219,Trödelkram
4220,",",--,PUNCT,punct,4219,Trödelkram
4221,aus,aus,ADP,mnr,4219,Trödelkram
4222,dieser,dieser,DET,nk,4223,Wildniß
4223,Wildniß,Wildniß,NOUN,nk,4221,aus
4224,von,von,ADP,par,4219,Trödelkram
4225,Schmarotzerpflanzen,Schmarotzerpflanz,NOUN,ROOT,4225,Schmarotzerpflanzen
4226,",",--,PUNCT,punct,4225,Schmarotzerpflanzen
4227,auf,auf,ADP,mnr,4225,Schmarotzerpflanzen
4228,rauhem,rauh,ADJ,nk,4229,Pfad
4229,Pfad,Pfad,NOUN,nk,4227,auf
4230,empor,empor,ADV,mnr,4225,Schmarotzerpflanzen
4231,zu,zu,ADP,mnr,4225,Schmarotzerpflanzen
4232,wahrer,wahr,ADJ,nk,4233,Erkenntniß
4233,Erkenntniß,Erkenntniß,NOUN,nk,4231,zu
4234,des,der,DET,nk,4235,wenigen
4235,wenigen,weniger,DET,ag,4233,Erkenntniß
4236,Guten,gute,NOUN,ROOT,4236,Guten
4237,",",--,PUNCT,punct,4236,Guten
4238,des,der,DET,sb,4240,Wahren
4239,ewig,ewig,ADV,mo,4240,Wahren
4240,Wahren,Wahr,ADJ,cj,4236,Guten
4241,und,und,CCONJ,cd,4240,Wahren
4242,Schönen,schöne,NOUN,cj,4241,und
4243,!,--,PUNCT,punct,4240,Wahren
4244,–,--,PUNCT,punct,4248,könnte
4245,Den,der,DET,nk,4247,Dilettanten
4246,bloßen,bloß,ADJ,nk,4247,Dilettanten
4247,Dilettanten,Dilettant,NOUN,oa,4248,könnte
4248,könnte,können,AUX,ROOT,4248,könnte
4249,man,man,PRON,sb,4248,könnte
4250,allenfalls,allenfalls,ADV,mo,4255,gestatten
4251,noch,noch,ADV,mo,4250,allenfalls
4252,ihre,ihr,DET,nk,4254,Tändelei
4253,nutzlose,nutzlos,ADJ,nk,4254,Tändelei
4254,Tändelei,Tändelei,NOUN,oa,4255,gestatten
4255,gestatten,gestatten,VERB,ROOT,4255,gestatten
4256,.,--,PUNCT,punct,4255,gestatten
4257,Allein,allein,ADV,mo,4258,es
4258,es,es,PRON,sb,4259,ist
4259,ist,sein,AUX,ROOT,4259,ist
4260,gar,gar,ADV,mo,4261,nicht
4261,nicht,nicht,PART,ng,4259,ist
4262,gleichgültig,gleichgültig,ADV,ROOT,4262,gleichgültig
4263,",",--,PUNCT,punct,4262,gleichgültig
4264,ob,ob,SCONJ,cp,4270,sei
4265,ihr,ihr,DET,nk,4266,Geschmack
4266,Geschmack,Geschmack,NOUN,sb,4270,sei
4267,rein,rein,ADV,pd,4270,sei
4268,oder,oder,CCONJ,cd,4267,rein
4269,falsch,falsch,ADV,cj,4268,oder
4270,sei,sein,AUX,oc,4262,gleichgültig
4271,;,--,PUNCT,punct,4262,gleichgültig
4272,denn,denn,CCONJ,ju,4274,Zahl
4273,die,der,DET,nk,4274,Zahl
4274,Zahl,Zahl,NOUN,ROOT,4274,Zahl
4275,der,der,DET,ag,4274,Zahl
4276,Liebhaber,Liebhaber,NOUN,sb,4277,bildet
4277,bildet,bilden,VERB,ROOT,4277,bildet
4278,doch,doch,ADV,mo,4277,bildet
4279,das,der,DET,nk,4280,Schöppengericht
4280,Schöppengericht,Schöppengericht,NOUN,oa,4277,bildet
4281,–,--,PUNCT,punct,4277,bildet
4282,ich,ich,PRON,sb,4283,möchte
4283,möchte,möchten,AUX,cj,4277,bildet
4284,sagen,sagen,VERB,oc,4283,möchte
4285,das,der,PRON,oa,4284,sagen
4286,Schöpfengericht,Schöpfengericht,NOUN,ROOT,4286,Schöpfengericht
4287,",",--,PUNCT,punct,4286,Schöpfengericht
4288,welches,welcher,PRON,oa,4296,abzusprechen
4289,über,über,ADP,op,4296,abzusprechen
4290,den,der,DET,nk,4291,Werth
4291,Werth,Werth,NOUN,nk,4289,über
4292,des,der,DET,nk,4294,Künstlers
4293,ächten,ächt,ADJ,nk,4294,Künstlers
4294,Künstlers,Künstler,NOUN,ag,4291,Werth
4295,sich,sich,PRON,oa,4296,abzusprechen
4296,abzusprechen,abzusprech,VERB,rc,4286,Schöpfengericht
4297,anmaßt,anmassen,VERB,ROOT,4297,anmaßt
4298,und,und,CCONJ,cd,4297,anmaßt
4299,gewöhnlich,gewöhnlich,ADV,mo,4305,bestimmt
4300,sein,sein,DET,nk,4301,Fortkommen
4301,Fortkommen,fortkommen,NOUN,oa,4305,bestimmt
4302,in,in,ADP,mnr,4301,Fortkommen
4303,der,der,DET,nk,4304,Welt
4304,Welt,Welt,NOUN,nk,4302,in
4305,bestimmt,bestimmen,VERB,cj,4298,und
4306,.,--,PUNCT,punct,4297,anmaßt
4307,Wie,wie,ADV,mo,4308,ist
4308,ist,sein,AUX,ROOT,4308,ist
4309,er,er,PRON,sb,4308,ist
4310,zu,zu,ADP,svp,4308,ist
4311,beklagen,beklagen,VERB,ROOT,4311,beklagen
4312,",",--,PUNCT,punct,4311,beklagen
4313,wenn,wenn,SCONJ,cp,4319,laboriren
4314,seine,sein,DET,nk,4315,Patrone
4315,Patrone,Patron,NOUN,sb,4319,laboriren
4316,an,an,ADP,mo,4319,laboriren
4317,der,der,DET,nk,4318,Gemeinheitsseuche
4318,Gemeinheitsseuche,Gemeinheitsseuche,NOUN,nk,4316,an
4319,laboriren,laboriren,VERB,mo,4311,beklagen
4320,und,und,CCONJ,cd,4319,laboriren
4321,sein,sein,DET,cj,4320,und
4322,Streben,Streben,NOUN,ROOT,4322,Streben
4323,nach,nach,ADP,op,4322,Streben
4324,der,der,DET,nk,4326,Vollkommenheit
4325,selteneren,seltener,ADJ,nk,4326,Vollkommenheit
4326,Vollkommenheit,Vollkommenheit,NOUN,nk,4323,nach
4327,nicht,nicht,PART,ng,4329,würdigen
4328,zu,zu,PART,pm,4329,würdigen
4329,würdigen,würdigen,VERB,oc,4322,Streben
4330,verstehn,verstehn,NUM,mo,4329,würdigen
4331,!,--,PUNCT,punct,4322,Streben
4332,Man,man,PRON,sb,4333,läßt
4333,läßt,lassen,VERB,ROOT,4333,läßt
4334,den,der,DET,nk,4337,Denker
4335,ernsten,ernst,ADJ,nk,4337,Denker
4336,strengen,streng,ADJ,nk,4337,Denker
4337,Denker,Denker,NOUN,ROOT,4337,Denker
4338,einsam,einsam,ADV,mo,4339,darben
4339,darben,darben,VERB,oc,4337,Denker
4340,",",--,PUNCT,punct,4337,Denker
4341,und,und,CCONJ,cd,4337,Denker
4342,hält,halten,VERB,cj,4341,und
4343,sich,sich,PRON,oa,4342,hält
4344,an,an,ADP,mo,4342,hält
4345,den,der,DET,nk,4347,Troß
4346,großen,groß,ADJ,nk,4347,Troß
4347,Troß,Troß,NOUN,nk,4344,an
4348,der,der,DET,ROOT,4348,der
4349,Bilderfabrikanten,Bilderfabrikante,NOUN,ROOT,4349,Bilderfabrikanten
4350,",",--,PUNCT,punct,4349,Bilderfabrikanten
4351,die,der,PRON,sb,4354,hätten
4352,besser,gut,ADV,mo,4353,gethan
4353,gethan,Gethan,PROPN,oa,4354,hätten
4354,hätten,haben,AUX,rc,4349,Bilderfabrikanten
4355,",",--,PUNCT,punct,4354,hätten
4356,Schuster,Schuster,NOUN,pd,4360,werden
4357,und,und,CCONJ,cd,4356,Schuster
4358,Schneider,Schneider,PROPN,cj,4357,und
4359,zu,zu,PART,pm,4360,werden
4360,werden,werden,AUX,oc,4353,gethan
4361,",",--,PUNCT,punct,4349,Bilderfabrikanten
4362,als,als,SCONJ,cm,4364,Altäre
4363,die,der,DET,nk,4364,Altäre
4364,Altäre,Altär,NOUN,ROOT,4364,Altäre
4365,der,der,DET,nk,4366,Musen
4366,Musen,Muse,NOUN,ag,4364,Altäre
4367,mit,mit,ADP,op,4373,verkleistern
4368,den,der,DET,nk,4369,Aftergeburten
4369,Aftergeburten,Aftergeburt,NOUN,nk,4367,mit
4370,ihres,ihr,DET,nk,4371,Pinsels
4371,Pinsels,Pinsel,NOUN,ag,4369,Aftergeburten
4372,zu,zu,PART,pm,4373,verkleistern
4373,verkleistern,verkleistern,VERB,oc,4364,Altäre
4374,.,--,PUNCT,punct,4364,Altäre
4375,In,in,ADP,mo,4378,ließ
4376,frühern,frühern,ADJ,nk,4377,Jahren
4377,Jahren,Jahr,NOUN,nk,4375,In
4378,ließ,lassen,VERB,ROOT,4378,ließ
4379,ich,ich,PRON,sb,4378,ließ
4380,mich,sich,PRON,oa,4381,bereden
4381,bereden,bereden,VERB,oc,4378,ließ
4382,",",--,PUNCT,punct,4381,bereden
4383,einem,ein,DET,nk,4385,Herrensöhnchen
4384,vornehmen,vornehm,ADJ,nk,4385,Herrensöhnchen
4385,Herrensöhnchen,Herrensöhnchen,NOUN,app,4381,bereden
4386,Unterricht,Unterricht,NOUN,oa,4388,geben
4387,zu,zu,PART,pm,4388,geben
4388,geben,geben,VERB,ROOT,4388,geben
4389,.,--,PUNCT,punct,4388,geben
4390,Er,er,PRON,sb,4391,hatte
4391,hatte,haben,AUX,ROOT,4391,hatte
4392,ein,ein,DET,nk,4394,Farbenkästchen
4393,kostbares,kostbar,ADJ,nk,4394,Farbenkästchen
4394,Farbenkästchen,Farbenkästchen,NOUN,oa,4391,hatte
4395,aus,aus,ADP,mnr,4394,Farbenkästchen
4396,Paris,Paris,PROPN,nk,4395,aus
4397,verschrieben,verschreiben,VERB,ROOT,4397,verschrieben
4398,",",--,PUNCT,punct,4397,verschrieben
4399,und,und,CCONJ,cd,4397,verschrieben
4400,wollte,wollen,AUX,cj,4399,und
4401,gleich,gleich,ADV,mo,4402,anfangen
4402,anfangen,anfangen,VERB,oc,4400,wollte
4403,in,in,ADP,mo,4406,malen
4404,Miniatur,Miniatur,NOUN,nk,4403,in
4405,zu,zu,PART,pm,4406,malen
4406,malen,malen,VERB,oc,4402,anfangen
4407,.,--,PUNCT,punct,4397,verschrieben
4408,Ich,ich,PRON,sb,4409,suchte
4409,suchte,suchen,VERB,ROOT,4409,suchte
4410,ihm,ihm,PRON,da,4409,suchte
4411,begreiflich,begreiflich,ADV,mo,4413,machen
4412,zu,zu,PART,pm,4413,machen
4413,machen,machen,VERB,ROOT,4413,machen
4414,",",--,PUNCT,punct,4413,machen
4415,er,er,PRON,sb,4416,müsse
4416,müsse,müssen,AUX,oc,4413,machen
4417,erst,erst,ADV,mo,4416,müsse
4418,zeichnen,zeichnen,VERB,oc,4419,lernen
4419,lernen,lernen,VERB,oc,4416,müsse
4420,",",--,PUNCT,punct,4416,müsse
4421,und,und,CCONJ,cd,4416,müsse
4422,ließ,lassen,VERB,cj,4421,und
4423,ihn,ihn,PRON,oa,4422,ließ
4424,Augen,Auge,NOUN,oa,4422,ließ
4425,",",--,PUNCT,punct,4424,Augen
4426,Nasen,Nase,NOUN,oa,4422,ließ
4427,und,und,CCONJ,cd,4428,Ohren
4428,Ohren,Ohr,NOUN,sb,4429,nachbilden
4429,nachbilden,nachbilden,VERB,ROOT,4429,nachbilden
4430,.,--,PUNCT,punct,4429,nachbilden
4431,Nach,nach,ADP,mo,4439,trocken
4432,Verfluß,Verfluß,NOUN,nk,4431,Nach
4433,einiger,einiger,DET,nk,4434,Wochen
4434,Wochen,Woche,NOUN,ag,4432,Verfluß
4435,war,sein,AUX,ROOT,4435,war
4436,ihm,ihm,PRON,da,4439,trocken
4437,das,der,PRON,sb,4435,war
4438,zu,zu,PART,pm,4439,trocken
4439,trocken,trocken,VERB,oc,4435,war
4440,;,--,PUNCT,punct,4435,war
4441,er,er,PRON,ROOT,4441,er
4442,wollte,wollen,AUX,ROOT,4442,wollte
4443,gleich,gleich,ADV,mo,4444,zum
4444,zum,zu,ADP,mo,4446,übergehen
4445,Nassen,Nassen,NOUN,nk,4444,zum
4446,übergehen,übergehen,VERB,oc,4442,wollte
4447,und,und,CCONJ,cd,4442,wollte
4448,bat,bitten,VERB,cj,4447,und
4449,mich,mich,PRON,oa,4448,bat
4450,",",--,PUNCT,punct,4442,wollte
4451,ich,ich,PRON,sb,4452,möchte
4452,möchte,möchten,AUX,cj,4442,wollte
4453,ihm,ihm,PRON,da,4452,möchte
4454,doch,doch,ADV,mo,4452,möchte
4455,Umrisse,Umriß,NOUN,oa,4452,möchte
4456,von,von,ADP,mo,4461,zeichnen
4457,Offiziersfiguren,Offiziersfiguren,PROPN,nk,4456,von
4458,mit,mit,ADP,mo,4461,zeichnen
4459,der,der,DET,nk,4460,Feder
4460,Feder,Feder,NOUN,nk,4458,mit
4461,zeichnen,zeichnen,VERB,ROOT,4461,zeichnen
4462,",",--,PUNCT,punct,4461,zeichnen
4463,damit,damit,SCONJ,cp,4467,bunt
4464,er,er,PRON,sb,4467,bunt
4465,die,der,DET,nk,4466,Uniformen
4466,Uniformen,Uniform,NOUN,oa,4467,bunt
4467,bunt,bunt,ADV,mo,4461,zeichnen
4468,bemalen,bemalen,VERB,oc,4469,könne
4469,könne,können,AUX,ROOT,4469,könne
4470,;,--,PUNCT,punct,4469,könne
4471,da,da,ADV,mo,4472,machte
4472,machte,machen,VERB,ROOT,4472,machte
4473,ich,ich,PRON,sb,4472,machte
4474,mich,sich,PRON,oa,4472,machte
4475,auf,auf,ADP,svp,4472,machte
4476,und,und,CCONJ,cd,4472,machte
4477,von,von,ADP,cj,4476,und
4478,dannen,dannen,NOUN,nk,4477,von
4479,",",--,PUNCT,punct,4472,machte
4480,und,und,CCONJ,cd,4472,machte
4481,habe,haben,AUX,cj,4480,und
4482,seitdem,seitdem,ADV,mo,4481,habe
4483,keine,kein,DET,sb,4481,habe
4484,Schüler,Schüler,NOUN,sb,4487,mögen
4485,mehr,mehr,PRON,mo,4484,Schüler
4486,annehmen,annehmen,VERB,oc,4487,mögen
4487,mögen,mögen,AUX,ROOT,4487,mögen
4488,.,--,PUNCT,punct,4487,mögen
4489,Mit,mit,ADP,mo,4495,will
4490,Ihnen,ihnen,PRON,nk,4489,Mit
4491,",",--,PUNCT,punct,4490,Ihnen
4492,Herr,Herr,NOUN,app,4490,Ihnen
4493,Wildenfels,Wildenfel,PROPN,ag,4492,Herr
4494,",",--,PUNCT,punct,4495,will
4495,will,wollen,AUX,ROOT,4495,will
4496,ich,ich,PRON,sb,4495,will
4497,eine,ein,DET,nk,4498,Ausnahme
4498,Ausnahme,Ausnahme,NOUN,oa,4495,will
4499,machen,machen,VERB,ROOT,4499,machen
4500,",",--,PUNCT,punct,4499,machen
4501,da,da,SCONJ,cp,4505,gefällt
4502,Ihr,ihr,PRON,nk,4503,Aussehen
4503,Aussehen,Aussehen,NOUN,oa,4505,gefällt
4504,mir,mir,PRON,da,4505,gefällt
4505,gefällt,fällen,VERB,mo,4499,machen
4506,und,und,CCONJ,cd,4505,gefällt
4507,es,es,PRON,sb,4509,vorkömmt
4508,mir,mir,PRON,da,4509,vorkömmt
4509,vorkömmt,vorkömmen,VERB,cj,4506,und
4510,",",--,PUNCT,punct,4509,vorkömmt
4511,als,als,SCONJ,cm,4512,leuchte
4512,leuchte,leuchen,VERB,mo,4499,machen
4513,etwas,etwas,PRON,sb,4512,leuchte
4514,Kräftiges,Kräftig,NOUN,ROOT,4514,Kräftiges
4515,aus,aus,ADP,mnr,4514,Kräftiges
4516,Ihren,ihr,DET,nk,4517,Augen
4517,Augen,Auge,NOUN,nk,4515,aus
4518,hervor,hervor,ADV,svp,4514,Kräftiges
4519,.,--,PUNCT,punct,4514,Kräftiges
4520,Sie,sie,PRON,sb,4521,finden
4521,finden,finden,VERB,ROOT,4521,finden
4522,Papier,Papier,NOUN,oa,4521,finden
4523,und,und,CCONJ,cd,4522,Papier
4524,Bleistift,Bleistift,NOUN,cj,4523,und
4525,auf,auf,ADP,mo,4521,finden
4526,jenem,jener,DET,nk,4525,auf
4527,Tisch,Tisch,NOUN,ROOT,4527,Tisch
4528,;,--,PUNCT,punct,4527,Tisch
4529,ich,ich,PRON,sb,4530,will
4530,will,wollen,AUX,ROOT,4530,will
4531,hoffen,hoffen,VERB,oc,4530,will
4532,",",--,PUNCT,punct,4531,hoffen
4533,Sie,sie,PRON,sb,4534,haben
4534,haben,haben,VERB,oc,4531,hoffen
4535,dergleichen,dergleichen,PRON,oa,4538,hanthiert
4536,auch,auch,ADV,mo,4538,hanthiert
4537,schon,schon,ADV,mo,4538,hanthiert
4538,hanthiert,hanthieren,VERB,oc,4534,haben
4539,.,--,PUNCT,punct,4530,will
4540,Dort,dort,ADV,mo,4541,hängt
4541,hängt,hängen,VERB,ROOT,4541,hängt
4542,ein,ein,DET,nk,4543,Kupferstich
4543,Kupferstich,Kupferstich,NOUN,ROOT,4543,Kupferstich
4544,;,--,PUNCT,punct,4543,Kupferstich
4545,es,es,PRON,sb,4546,ist
4546,ist,sein,AUX,ROOT,4546,ist
4547,ein,ein,DET,nk,4548,Kopf
4548,Kopf,Kopf,NOUN,pd,4546,ist
4549,nach,nach,ADP,mo,4546,ist
4550,Raphael,Raphael,PROPN,nk,4549,nach
4551,.,--,PUNCT,punct,4546,ist
4552,Entwerfen,entwerfen,VERB,ROOT,4552,Entwerfen
4553,Sie,sie,PRON,sb,4552,Entwerfen
4554,eine,ein,DET,nk,4555,Skizze
4555,Skizze,Skizze,NOUN,oa,4552,Entwerfen
4556,davon,davon,ADV,svp,4552,Entwerfen
4557,;,--,PUNCT,punct,4552,Entwerfen
4558,fahren,fahren,VERB,ROOT,4558,fahren
4559,Sie,sie,PRON,sb,4558,fahren
4560,einige,einiger,DET,nk,4561,Tage
4561,Tage,Tag,NOUN,mo,4558,fahren
4562,damit,damit,ADV,mo,4558,fahren
4563,fort,fort,ADV,svp,4558,fahren
4564,;,--,PUNCT,punct,4558,fahren
4565,zwischen,zwischen,ADV,mo,4566,durch
4566,durch,durch,ADV,mo,4567,finde
4567,finde,finden,VERB,ROOT,4567,finde
4568,ich,ich,PRON,sb,4567,finde
4569,Gelegenheit,Gelegenheit,NOUN,oa,4567,finde
4570,",",--,PUNCT,punct,4569,Gelegenheit
4571,Ihnen,ihnen,PRON,da,4567,finde
4572,ein,ein,DET,nk,4573,Bischen
4573,Bischen,Bischen,NOUN,oa,4578,fühlen
4574,auf,auf,ADP,mnr,4573,Bischen
4575,den,der,DET,nk,4576,Puls
4576,Puls,Puls,NOUN,nk,4574,auf
4577,zu,zu,PART,pm,4578,fühlen
4578,fühlen,fühlen,VERB,ROOT,4578,fühlen
4579,",",--,PUNCT,punct,4578,fühlen
4580,ob,ob,SCONJ,cp,4581,Sie
4581,Sie,sie,PRON,cd,4578,fühlen
4582,auf,auf,ADP,mnr,4581,Sie
4583,Ihren,Ihr,DET,nk,4586,Querzügen
4584,Kreuz-,Kreuz,X,cj,4585,und
4585,und,und,CCONJ,cd,4586,Querzügen
4586,Querzügen,Querzüg,NOUN,nk,4582,auf
4587,auch,auch,ADV,ROOT,4587,auch
4588,etwas,etwas,PRON,sb,4593,haben
4589,mit,mit,ADP,mo,4592,angesehen
4590,gesunden,gesund,ADJ,nk,4591,Augen
4591,Augen,Auge,NOUN,nk,4589,mit
4592,angesehen,ansehen,VERB,oc,4593,haben
4593,haben,haben,AUX,ROOT,4593,haben
4594,;,--,PUNCT,punct,4593,haben
4595,gewahre,gewahren,VERB,ROOT,4595,gewahre
4596,ich,ich,PRON,sb,4595,gewahre
4597,aber,aber,ADV,mo,4595,gewahre
4598,",",--,PUNCT,punct,4595,gewahre
4599,daß,daß,SCONJ,cp,4600,Sie
4600,Sie,sie,PRON,sb,4595,gewahre
4601,nicht,nicht,PART,ng,4595,gewahre
4602,zur,zu,ADP,svp,4595,gewahre
4603,Kunst,Kunst,NOUN,sb,4605,sind
4604,berufen,berufen,VERB,pd,4605,sind
4605,sind,sein,AUX,re,4607,so
4606,",",--,PUNCT,punct,4607,so
4607,so,so,ADV,mo,4608,zeige
4608,zeige,zeigen,VERB,ROOT,4608,zeige
4609,ich,ich,PRON,sb,4608,zeige
4610,'s,es,PRON,oa,4608,zeige
4611,Ihnen,ihnen,PRON,da,4608,zeige
4612,gewissenhaft,gewissenhaft,ADV,mo,4608,zeige
4613,an,an,ADP,svp,4608,zeige
4614,",",--,PUNCT,punct,4608,zeige
4615,damit,damit,SCONJ,cp,4618,Zeit
4616,Sie,sie,PRON,sb,4615,damit
4617,Ihre,ihr,DET,nk,4618,Zeit
4618,Zeit,Zeit,NOUN,dep,4608,zeige
4619,nicht,nicht,PART,ng,4620,nutzlos
4620,nutzlos,nutzlos,ADV,mo,4621,verschleudern
4621,verschleudern,verschleudern,VERB,ROOT,4621,verschleudern
4622,.,--,PUNCT,punct,4621,verschleudern
4623,«,--,PUNCT,ROOT,4623,«
4624,Wildenfels,Wildenfel,PROPN,sb,4625,machte
4625,machte,machen,VERB,ROOT,4625,machte
4626,sich,sich,PRON,oa,4625,machte
4627,gleich,gleich,ADV,mo,4625,machte
4628,an,an,ADP,mo,4625,machte
4629,die,der,DET,nk,4630,Arbeit
4630,Arbeit,Arbeit,NOUN,nk,4628,an
4631,",",--,PUNCT,punct,4625,machte
4632,als,als,SCONJ,cm,4636,seit
4633,ob,ob,SCONJ,cp,4636,seit
4634,er,er,PRON,sb,4636,seit
4635,schon,schon,ADV,mo,4636,seit
4636,seit,seit,ADP,mo,4625,machte
4637,Jahr,Jahr,NOUN,nk,4636,seit
4638,und,und,CCONJ,cd,4637,Jahr
4639,Tag,Tag,NOUN,cj,4638,und
4640,hier,hier,ADV,mo,4642,gewesen
4641,einheimisch,einheimisch,ADV,pd,4642,gewesen
4642,gewesen,sein,AUX,ROOT,4642,gewesen
4643,",",--,PUNCT,punct,4642,gewesen
4644,und,und,CCONJ,cd,4642,gewesen
4645,nahm,nehmen,VERB,cj,4644,und
4646,weiter,weiter,ADV,mo,4645,nahm
4647,keine,kein,DET,nk,4648,Notiz
4648,Notiz,Notiz,NOUN,oa,4645,nahm
4649,von,von,ADP,mnr,4648,Notiz
4650,der,der,DET,nk,4651,Tochter
4651,Tochter,Tochter,NOUN,nk,4649,von
4652,des,der,DET,ROOT,4652,des
4653,Künstlers,Künstler,NOUN,ROOT,4653,Künstlers
4654,",",--,PUNCT,punct,4653,Künstlers
4655,die,der,PRON,sb,4664,schielte
4656,nur,nur,ADV,mo,4657,selten
4657,selten,selten,ADV,mo,4664,schielte
4658,von,von,ADP,op,4664,schielte
4659,ihrer,ihr,DET,nk,4660,Niobe
4660,Niobe,Niobe,NOUN,nk,4658,von
4661,auf,auf,ADP,mnr,4660,Niobe
4662,den,der,DET,nk,4663,Fremdling
4663,Fremdling,Fremdling,NOUN,nk,4661,auf
4664,schielte,schielen,VERB,rc,4653,Künstlers
4665,und,und,CCONJ,cd,4664,schielte
4666,emsiger,emsig,ADJ,nk,4667,fortzeichnete
4667,fortzeichnete,fortzeichnen,NOUN,ROOT,4667,fortzeichnete
4668,",",--,PUNCT,punct,4667,fortzeichnete
4669,als,als,SCONJ,cp,4675,hatte
4670,sie,sie,PRON,sb,4675,hatte
4671,noch,noch,ADV,mo,4672,nie
4672,nie,nie,ADV,mo,4675,hatte
4673,zuvor,zuvor,ADV,mo,4675,hatte
4674,gethan,Gethan,PROPN,oa,4675,hatte
4675,hatte,haben,VERB,mo,4667,fortzeichnete
4676,.,--,PUNCT,punct,4667,fortzeichnete
4677,Nach,nach,ADP,mo,4681,schob
4678,Verfluß,Verfluß,NOUN,nk,4677,Nach
4679,einer,ein,DET,nk,4680,Stunde
4680,Stunde,Stunde,NOUN,ag,4678,Verfluß
4681,schob,schieben,VERB,ROOT,4681,schob
4682,Schönfeld,Schönfeld,NOUN,sb,4681,schob
4683,seine,sein,DET,nk,4684,Staffelei
4684,Staffelei,Staffelei,NOUN,oa,4681,schob
4685,zurück,zurück,ADV,svp,4681,schob
4686,",",--,PUNCT,punct,4681,schob
4687,um,um,SCONJ,op,4681,schob
4688,sich,sich,PRON,oa,4689,nach
4689,nach,nach,ADP,svp,4681,schob
4690,dem,der,DET,nk,4692,Schüler
4691,neuen,neu,ADJ,nk,4692,Schüler
4692,Schüler,Schüler,NOUN,da,4693,umzusehen
4693,umzusehen,umzusehen,VERB,ROOT,4693,umzusehen
4694,",",--,PUNCT,punct,4693,umzusehen
4695,und,und,CCONJ,cd,4693,umzusehen
4696,zu,zu,PART,pm,4697,prüfen
4697,prüfen,prüfen,VERB,cj,4695,und
4698,",",--,PUNCT,punct,4697,prüfen
4699,was,wer,PRON,oa,4703,gefördert
4700,dieser,dieser,PRON,da,4703,gefördert
4701,zu,zu,ADP,mo,4703,gefördert
4702,Tage,Tag,NOUN,nk,4701,zu
4703,gefördert,fördern,VERB,oc,4697,prüfen
4704,.,--,PUNCT,punct,4693,umzusehen
4705,»,--,PUNCT,ROOT,4705,»
4706,Daß,daß,SCONJ,ROOT,4706,Daß
4707,Sie,sie,PRON,sb,4714,sprach
4708,schon,schon,ADV,mo,4710,dergleichen
4709,Etwas,etwas,PRON,mo,4710,dergleichen
4710,dergleichen,dergleichen,PRON,oa,4711,getrieben
4711,getrieben,treiben,VERB,oc,4707,Sie
4712,«,--,PUNCT,punct,4707,Sie
4713,",",--,PUNCT,punct,4714,sprach
4714,sprach,sprechen,VERB,ROOT,4714,sprach
4715,der,der,DET,nk,4716,Meister
4716,Meister,Meister,NOUN,sb,4714,sprach
4717,",",--,PUNCT,punct,4716,Meister
4718,das,der,PRON,oa,4714,sprach
4719,seh,seh,X,nk,4721,ich
4720,',--,PUNCT,punct,4721,ich
4721,ich,ich,PRON,dep,4714,sprach
4722,wohl,wohl,ADV,mnr,4721,ich
4723,",",--,PUNCT,punct,4721,ich
4724,und,und,CCONJ,ju,4731,geben
4725,auch,auch,ADV,mo,4731,geben
4726,",",--,PUNCT,punct,4731,geben
4727,daß,daß,SCONJ,cp,4731,geben
4728,Sie,sie,PRON,sb,4731,geben
4729,sich,sich,PRON,da,4731,geben
4730,Mühe,Mühe,NOUN,oa,4731,geben
4731,geben,geben,VERB,ROOT,4731,geben
4732,;,--,PUNCT,punct,4731,geben
4733,allein,allein,ADV,mo,4734,viel
4734,viel,viel,PRON,pd,4735,ist
4735,ist,sein,AUX,ROOT,4735,ist
4736,es,es,PRON,sb,4735,ist
4737,noch,noch,ADV,mo,4738,nicht
4738,nicht,nicht,PART,ng,4735,ist
4739,.,--,PUNCT,punct,4735,ist
4740,Die,der,DET,nk,4741,Züge
4741,Züge,Zug,NOUN,sb,4742,sind
4742,sind,sein,AUX,ROOT,4742,sind
4743,noch,noch,ADV,mo,4744,schwankend
4744,schwankend,schwankend,ADV,ROOT,4744,schwankend
4745,und,und,CCONJ,cd,4744,schwankend
4746,unsicher,unsicher,ADV,cj,4745,und
4747,;,--,PUNCT,punct,4744,schwankend
4748,ich,ich,PRON,sb,4749,fürchte
4749,fürchte,fürchten,VERB,ROOT,4749,fürchte
4750,",",--,PUNCT,punct,4749,fürchte
4751,Sie,sie,PRON,sb,4752,müssen
4752,müssen,müssen,AUX,oc,4749,fürchte
4753,ganz,ganz,ADV,mo,4756,anfangen
4754,von,von,ADP,mo,4756,anfangen
4755,vorn,vorn,ADV,nk,4754,von
4756,anfangen,anfangen,VERB,oc,4752,müssen
4757,.,--,PUNCT,punct,4749,fürchte
4758,Wir,wir,PRON,sb,4759,werden
4759,werden,werden,AUX,ROOT,4759,werden
4760,vorerst,vorerst,ADV,mo,4765,müssen
4761,Geduld,Geduld,NOUN,oa,4764,haben
4762,mit,mit,ADP,mo,4764,haben
4763,einander,einander,PRON,nk,4762,mit
4764,haben,haben,VERB,oc,4765,müssen
4765,müssen,müssen,AUX,oc,4759,werden
4766,.,--,PUNCT,punct,4759,werden
4767,«,--,PUNCT,punct,4759,werden
4768,6,6,NUM,ROOT,4768,6
4769,Wildenfels,Wildenfel,ADV,sb,4770,kam
4770,kam,kommen,VERB,ROOT,4770,kam
4771,nun,nun,ADV,mo,4770,kam
4772,alle,aller,DET,nk,4773,Morgen
4773,Morgen,Morgen,NOUN,sb,4770,kam
4774,von,von,ADP,mnr,4773,Morgen
4775,zehn,zehn,NUM,nk,4774,von
4776,bis,bis,ADP,cd,4775,zehn
4777,zwölf,zwölf,NUM,nk,4778,Uhr
4778,Uhr,Uhr,NOUN,nk,4776,bis
4779,",",--,PUNCT,punct,4770,kam
4780,schwatzte,schwatzen,VERB,cj,4770,kam
4781,wenig,wenig,PRON,sb,4780,schwatzte
4782,",",--,PUNCT,punct,4783,ließ
4783,ließ,lassen,VERB,cj,4780,schwatzte
4784,sich's,sich's,X,ROOT,4784,sich's
4785,aber,aber,ADV,mo,4784,sich's
4786,recht,recht,ADV,mo,4787,sauer
4787,sauer,sauer,ADV,pd,4788,werden
4788,werden,werden,AUX,oc,4784,sich's
4789,",",--,PUNCT,punct,4788,werden
4790,etwas,etwas,DET,nk,4791,Gutes
4791,Gutes,gute,NOUN,oa,4792,hervorzubringen
4792,hervorzubringen,hervorzubringen,VERB,oc,4788,werden
4793,",",--,PUNCT,punct,4792,hervorzubringen
4794,um,um,SCONJ,dep,4792,hervorzubringen
4795,die,der,DET,nk,4796,Zuneigung
4796,Zuneigung,Zuneigung,NOUN,oa,4784,sich's
4797,des,der,DET,nk,4798,Künstlers
4798,Künstlers,Künstler,NOUN,og,4800,gewinnen
4799,zu,zu,PART,pm,4800,gewinnen
4800,gewinnen,gewinnen,VERB,ROOT,4800,gewinnen
4801,",",--,PUNCT,punct,4800,gewinnen
4802,der,der,PRON,dep,4800,gewinnen
4803,den,der,DET,nk,4804,Jüngling
4804,Jüngling,Jüngling,NOUN,oa,4800,gewinnen
4805,wegen,wegen,ADP,mnr,4804,Jüngling
4806,seiner,sein,DET,nk,4808,Gestalt
4807,einnehmenden,einnehmend,ADJ,nk,4808,Gestalt
4808,Gestalt,Gestalt,NOUN,nk,4805,wegen
4809,wohl,wohl,ADV,mo,4810,leiden
4810,leiden,leiden,VERB,oc,4811,mochte
4811,mochte,mögen,AUX,ROOT,4811,mochte
4812,und,und,CCONJ,cd,4811,mochte
4813,sich,sich,PRON,oa,4815,verwunderte
4814,heimlich,heimlich,ADV,mo,4815,verwunderte
4815,verwunderte,verwunderen,VERB,cj,4812,und
4816,",",--,PUNCT,punct,4815,verwunderte
4817,daß,daß,SCONJ,cp,4820,Brauskopf
4818,der,der,DET,nk,4820,Brauskopf
4819,scheinbare,scheinbar,ADJ,nk,4820,Brauskopf
4820,Brauskopf,Brauskopf,NOUN,oc,4815,verwunderte
4821,sich,sich,PRON,oa,4824,hielt
4822,so,so,ADV,mo,4823,geschlossen
4823,geschlossen,geschlossen,ADV,mo,4824,hielt
4824,hielt,halten,VERB,ROOT,4824,hielt
4825,.,--,PUNCT,punct,4824,hielt
4826,Sonderbar,Sonderbar,ADV,pd,4827,war
4827,war,sein,AUX,ROOT,4827,war
4828,es,es,PRON,sb,4827,war
4829,jedoch,jedoch,ADV,mo,4827,war
4830,",",--,PUNCT,punct,4827,war
4831,daß,daß,SCONJ,cp,4832,zwischen
4832,zwischen,zwischen,ADP,mo,4827,war
4833,Vater,Vater,NOUN,nk,4832,zwischen
4834,und,und,CCONJ,cd,4833,Vater
4835,Tochter,Tochter,NOUN,cj,4834,und
4836,",",--,PUNCT,punct,4833,Vater
4837,die,der,PRON,sb,4840,ganzen
4838,sonst,sonst,ADV,mo,4840,ganzen
4839,den,der,DET,nk,4840,ganzen
4840,ganzen,ganz,ADJ,nk,4832,zwischen
4841,übrigen,übrig,ADJ,nk,4842,Tag
4842,Tag,Tag,NOUN,mo,4846,zubrachten
4843,allein,allein,ADV,mo,4844,mit
4844,mit,mit,ADP,mo,4846,zubrachten
4845,einander,einander,PRON,nk,4844,mit
4846,zubrachten,zubracht,ADJ,ROOT,4846,zubrachten
4847,",",--,PUNCT,punct,4846,zubrachten
4848,kein,kein,DET,nk,4849,Wort
4849,Wort,Wort,NOUN,oa,4846,zubrachten
4850,über,über,ADP,mnr,4849,Wort
4851,diese,dieser,DET,nk,4852,neue
4852,neue,neu,ADJ,nk,4850,über
4853,Erscheinung,Erscheinung,NOUN,sb,4855,wurde
4854,gewechselt,wechseln,VERB,oc,4855,wurde
4855,wurde,werden,AUX,ROOT,4855,wurde
4856,.,--,PUNCT,punct,4855,wurde
4857,Jedes,jeder,PRON,sb,4858,schien
4858,schien,scheinen,VERB,ROOT,4858,schien
4859,seinen,sein,DET,nk,4861,Gedanken
4860,eignen,eign,ADJ,nk,4861,Gedanken
4861,Gedanken,Gedanke,NOUN,oa,4858,schien
4862,darüber,darüber,ADV,op,4861,Gedanken
4863,im,in,ADP,mo,4858,schien
4864,Stillen,stille,NOUN,oa,4865,nachzuhängen
4865,nachzuhängen,nachzuhängen,VERB,ROOT,4865,nachzuhängen
4866,.,--,PUNCT,punct,4865,nachzuhängen
4867,Auch,auch,ADV,mo,4868,spielte
4868,spielte,spielen,VERB,ROOT,4868,spielte
4869,jetzt,jetzt,ADV,mo,4868,spielte
4870,Angelika,Angelika,PROPN,sb,4868,spielte
4871,seltener,selten,ADV,mo,4868,spielte
4872,als,als,ADP,cm,4873,sonst
4873,sonst,sonst,ADV,cc,4871,seltener
4874,auf,auf,ADP,mo,4868,spielte
4875,ihrem,ihr,DET,dep,4868,spielte
4876,guten,gut,ADJ,nk,4877,Wienerflügel
4877,Wienerflügel,Wienerflügel,NOUN,ROOT,4877,Wienerflügel
4878,.,--,PUNCT,punct,4877,Wienerflügel
4879,7,7,NUM,ROOT,4879,7
4880,Eines,ein,DET,nk,4881,Morgens
4881,Morgens,Morgen,NOUN,mo,4882,hatte
4882,hatte,haben,AUX,ROOT,4882,hatte
4883,sich,sich,PRON,oa,4882,hatte
4884,Schönfeld,Schönfeld,NOUN,sb,4882,hatte
4885,bei,bei,ADP,mo,4882,hatte
4886,einem,ein,DET,nk,4888,Gemäldehändler
4887,durchreisenden,durchreisend,ADJ,nk,4888,Gemäldehändler
4888,Gemäldehändler,Gemäldehändler,NOUN,nk,4885,bei
4889,verspätet,verspätet,ADV,ROOT,4889,verspätet
4890,und,und,CCONJ,cd,4889,verspätet
4891,kam,kommen,VERB,cj,4890,und
4892,erst,erst,ADV,mo,4893,gegen
4893,gegen,gegen,ADP,mo,4891,kam
4894,elf,elf,NUM,nk,4895,Uhr
4895,Uhr,Uhr,NOUN,nk,4893,gegen
4896,nach,nach,ADP,mo,4891,kam
4897,Hause,Haus,NOUN,nk,4896,nach
4898,.,--,PUNCT,punct,4889,verspätet
4899,Schon,schon,ADV,mo,4900,auf
4900,auf,auf,ADP,mo,4903,hörte
4901,der,der,DET,nk,4902,Treppe
4902,Treppe,Treppe,NOUN,nk,4900,auf
4903,hörte,hören,VERB,ROOT,4903,hörte
4904,er,er,PRON,sb,4903,hörte
4905,drinnen,drinnen,ADV,mo,4903,hörte
4906,einige,einiger,DET,nk,4908,Akkorde
4907,flüchtige,flüchtig,ADJ,nk,4908,Akkorde
4908,Akkorde,Akkorde,NOUN,oa,4903,hörte
4909,und,und,CCONJ,cd,4908,Akkorde
4910,Passagen,Passage,NOUN,cj,4909,und
4911,anschlagen,anschlagen,VERB,ROOT,4911,anschlagen
4912,.,--,PUNCT,punct,4911,anschlagen
4913,»,--,PUNCT,ju,4924,um
4914,Ob,ob,SCONJ,cp,4922,will
4915,wohl,wohl,ADV,mo,4922,will
4916,Angelika,Angelika,PROPN,sb,4922,will
4917,dem,der,DET,nk,4918,Wildfang
4918,Wildfang,Wildfang,NOUN,da,4921,zeigen
4919,ihre,ihr,DET,nk,4920,Künste
4920,Künste,Kunst,NOUN,oa,4921,zeigen
4921,zeigen,zeigen,VERB,oc,4922,will
4922,will,wollen,AUX,re,4924,um
4923,",",--,PUNCT,punct,4922,will
4924,um,um,SCONJ,ROOT,4924,um
4925,ihm,ihm,PRON,nk,4924,um
4926,doch,doch,ADV,mo,4924,um
4927,einmal,einmal,ADV,mo,4926,doch
4928,einen,ein,DET,nk,4929,Blick
4929,Blick,Blick,NOUN,oa,4930,abzugewinnen
4930,abzugewinnen,abgewinnen,VERB,oc,4933,dachte
4931,?,--,PUNCT,punct,4933,dachte
4932,«,--,PUNCT,punct,4930,abzugewinnen
4933,dachte,denken,VERB,ROOT,4933,dachte
4934,er,er,PRON,sb,4933,dachte
4935,und,und,CCONJ,cd,4933,dachte
4936,öffnete,öffnen,ADJ,cj,4935,und
4937,leis,leis,NOUN,oa,4936,öffnete
4938,',--,PUNCT,punct,4933,dachte
4939,und,und,CCONJ,cd,4933,dachte
4940,unbemerkt,unbemerken,VERB,cj,4939,und
4941,die,der,DET,nk,4942,Thüre
4942,Thüre,Thüre,NOUN,oa,4940,unbemerkt
4943,.,--,PUNCT,punct,4933,dachte
4944,Da,da,ADV,mo,4945,stand
4945,stand,stehen,VERB,ROOT,4945,stand
4946,das,der,DET,nk,4947,Mädchen
4947,Mädchen,Mädchen,NOUN,sb,4945,stand
4948,",",--,PUNCT,punct,4947,Mädchen
4949,die,der,PRON,oa,4954,kehrte
4950,der,der,DET,nk,4951,Thür
4951,Thür,Thür,NOUN,sb,4954,kehrte
4952,den,der,DET,nk,4953,Rücken
4953,Rücken,Rücken,NOUN,oa,4954,kehrte
4954,kehrte,kehren,VERB,rc,4947,Mädchen
4955,",",--,PUNCT,punct,4954,kehrte
4956,neben,neben,ADP,mo,4945,stand
4957,dem,der,DET,nk,4958,Pianoforte
4958,Pianoforte,Pianoforte,NOUN,nk,4956,neben
4959,und,und,CCONJ,cd,4956,neben
4960,Wildenfels,Wildenfel,PROPN,sb,4961,phantasirte
4961,phantasirte,phantasiren,VERB,ROOT,4961,phantasirte
4962,.,--,PUNCT,punct,4961,phantasirte
4963,Es,es,PRON,sb,4964,war
4964,war,sein,AUX,ROOT,4964,war
4965,ein,ein,DET,nk,4966,Feuerstrom
4966,Feuerstrom,Feuerstrom,NOUN,pd,4964,war
4967,neuer,neu,ADJ,nk,4969,Gedankenfülle
4968,kunstreicher,kunstreich,ADJ,nk,4969,Gedankenfülle
4969,Gedankenfülle,Gedankenfülle,NOUN,ag,4966,Feuerstrom
4970,",",--,PUNCT,punct,4969,Gedankenfülle
4971,das,der,DET,nk,4973,Produkt
4972,höchste,hoch,ADJ,nk,4973,Produkt
4973,Produkt,Produkt,NOUN,pd,4964,war
4974,zügelloser,zügellos,ADJ,nk,4975,Virtuosität
4975,Virtuosität,Virtuosität,NOUN,ROOT,4975,Virtuosität
4976,",",--,PUNCT,punct,4975,Virtuosität
4977,und,und,CCONJ,cd,4975,Virtuosität
4978,verhallte,verhalln,VERB,cj,4977,und
4979,endlich,endlich,ADV,mo,4978,verhallte
4980,wie,wie,ADP,cm,4981,fernes
4981,fernes,fern,ADJ,mo,4978,verhallte
4982,leises,leis,ADJ,nk,4983,Gesäusel
4983,Gesäusel,Gesäusel,NOUN,oa,4978,verhallte
4984,.,--,PUNCT,punct,4975,Virtuosität
4985,»,--,PUNCT,punct,4986,Herrlich
4986,Herrlich,Herrlich,NOUN,ROOT,4986,Herrlich
4987,",",--,PUNCT,punct,4986,Herrlich
4988,göttlich,göttlich,ADV,pd,4986,Herrlich
4989,!,--,PUNCT,punct,4986,Herrlich
4990,Das,der,PRON,sb,4991,ist
4991,ist,sein,AUX,ROOT,4991,ist
4992,das,der,DET,nk,4993,Wahre
4993,Wahre,Wahre,NOUN,pd,4991,ist
4994,!,--,PUNCT,punct,4991,ist
4995,Das,der,PRON,sb,4996,ist
4996,ist,sein,AUX,ROOT,4996,ist
4997,das,der,DET,nk,4998,Schöne
4998,Schöne,schön,NOUN,pd,4996,ist
4999,!,--,PUNCT,punct,4996,ist
5000,Das,der,PRON,sb,5001,ist
5001,ist,sein,AUX,ROOT,5001,ist
5002,der,der,DET,pd,5001,ist
5003,Ausdruck,Ausdruck,NOUN,ROOT,5003,Ausdruck
5004,tiefgefühlter,tiefgefühlt,ADJ,nk,5005,Tonformen
5005,Tonformen,Tonform,NOUN,ag,5003,Ausdruck
5006,",",--,PUNCT,punct,5005,Tonformen
5007,reicher,reich,ADJ,nk,5008,Ideenkraft
5008,Ideenkraft,Ideenkraft,NOUN,cj,5005,Tonformen
5009,",",--,PUNCT,punct,5005,Tonformen
5010,schöpferischer,schöpferisch,ADV,mnr,5003,Ausdruck
5011,Fertigkeit,Fertigkeit,NOUN,ROOT,5011,Fertigkeit
5012,",",--,PUNCT,punct,5011,Fertigkeit
5013,ohne,ohne,ADP,oc,5011,Fertigkeit
5014,Schulzwang,Schulzwang,NOUN,nk,5013,ohne
5015,",",--,PUNCT,punct,5013,ohne
5016,ohne,ohne,ADP,cj,5013,ohne
5017,Kleinheit,Kleinheit,NOUN,nk,5016,ohne
5018,!,--,PUNCT,punct,5011,Fertigkeit
5019,Alles,alle,DET,nk,5021,Leben
5020,inniges,innig,ADJ,nk,5021,Leben
5021,Leben,Leben,NOUN,ROOT,5021,Leben
5022,und,und,CCONJ,cd,5021,Leben
5023,Harmonie,Harmonie,NOUN,cj,5022,und
5024,",",--,PUNCT,punct,5021,Leben
5025,von,von,ADP,sbp,5027,erzeugt
5026,Liebe,Liebe,NOUN,nk,5025,von
5027,erzeugt,erzeugen,VERB,ROOT,5027,erzeugt
5028,",",--,PUNCT,punct,5027,erzeugt
5029,mit,mit,ADP,mo,5031,ausgesprochen
5030,Liebe,Liebe,NOUN,nk,5029,mit
5031,ausgesprochen,aussprechen,VERB,cj,5027,erzeugt
5032,!,--,PUNCT,punct,5027,erzeugt
5033,Satansjunge,Satansjung,NOUN,ROOT,5033,Satansjunge
5034,",",--,PUNCT,punct,5033,Satansjunge
5035,welch,welcher,DET,mo,5037,Gott
5036,ein,ein,DET,nk,5037,Gott
5037,Gott,Gott,NOUN,cj,5033,Satansjunge
5038,oder,oder,CCONJ,cd,5037,Gott
5039,welch,welcher,DET,mo,5040,Teufel
5040,Teufel,Teufel,PROPN,sb,5041,hat
5041,hat,haben,AUX,ROOT,5041,hat
5042,dich,dich,PRON,oa,5046,geführt
5043,in,in,ADP,mo,5046,geführt
5044,meine,mein,DET,nk,5045,Wohnung
5045,Wohnung,Wohnung,NOUN,nk,5043,in
5046,geführt,führen,VERB,oc,5041,hat
5047,?,--,PUNCT,punct,5041,hat
5048,«,--,PUNCT,ROOT,5048,«
5049,Mit,mit,ADP,mo,5052,stürzte
5050,diesen,dieser,DET,nk,5051,Worten
5051,Worten,Wort,NOUN,nk,5049,Mit
5052,stürzte,stürzen,VERB,ROOT,5052,stürzte
5053,der,der,DET,ROOT,5053,der
5054,hingerissene,hingerissen,ADJ,nk,5055,Schönfeld
5055,Schönfeld,Schönfeld,NOUN,sb,5061,packte
5056,gegen,gegen,ADP,mnr,5055,Schönfeld
5057,den,der,DET,nk,5059,Wildenfels
5058,aufgeschreckten,aufgeschreckt,ADJ,nk,5059,Wildenfels
5059,Wildenfels,Wildenfel,NOUN,nk,5056,gegen
5060,",",--,PUNCT,punct,5061,packte
5061,packte,packen,VERB,ROOT,5061,packte
5062,ihn,ihn,PRON,oa,5061,packte
5063,bei,bei,ADP,mo,5061,packte
5064,den,der,DET,nk,5063,bei
5065,Schultern,Schulter,NOUN,ROOT,5065,Schultern
5066,",",--,PUNCT,punct,5065,Schultern
5067,umarmte,umarmt,ADJ,cj,5065,Schultern
5068,und,und,CCONJ,cd,5065,Schultern
5069,küßte,küssen,VERB,cj,5068,und
5070,ihn,ihn,PRON,oa,5069,küßte
5071,",",--,PUNCT,punct,5072,indeß
5072,indeß,indeßn,PROPN,cj,5067,umarmte
5073,Angelika,Angelika,PROPN,sb,5072,indeß
5074,",",--,PUNCT,punct,5072,indeß
5075,zusammenfahrend,zusammenfahrend,ADV,par,5072,indeß
5076,",",--,PUNCT,punct,5072,indeß
5077,bald,bald,ADV,mo,5078,blaß
5078,blaß,blaß,ADV,mo,5072,indeß
5079,",",--,PUNCT,punct,5072,indeß
5080,bald,bald,ADV,mo,5081,roth
5081,roth,Roth,PROPN,sb,5083,verschüchtert
5082,",",--,PUNCT,punct,5083,verschüchtert
5083,verschüchtert,verschüchtern,VERB,ROOT,5083,verschüchtert
5084,und,und,CCONJ,cd,5083,verschüchtert
5085,wortlos,wortlos,ADV,mo,5088,anstarrte
5086,die,der,DET,nk,5087,Gruppe
5087,Gruppe,Gruppe,NOUN,oa,5088,anstarrte
5088,anstarrte,anstarren,VERB,cj,5084,und
5089,.,--,PUNCT,punct,5083,verschüchtert
5090,»,--,PUNCT,ROOT,5090,»
5091,Aber,aber,CCONJ,ROOT,5091,Aber
5092,um's,um's,PROPN,nk,5093,Himmelswillen
5093,Himmelswillen,Himmelswille,NOUN,cj,5091,Aber
5094,",",--,PUNCT,punct,5093,Himmelswillen
5095,welch,welcher,DET,mo,5098,Mozart
5096,einen,ein,DET,nk,5098,Mozart
5097,verkappten,verkappt,ADJ,nk,5098,Mozart
5098,Mozart,Mozart,PROPN,par,5093,Himmelswillen
5099,hab,hab,ADV,mnr,5098,Mozart
5100,',--,PUNCT,punct,5093,Himmelswillen
5101,ich,ich,PRON,app,5093,Himmelswillen
5102,da,da,ADV,mo,5104,lang
5103,so,so,ADV,mo,5104,lang
5104,lang,lang,ADV,pd,5093,Himmelswillen
5105,unter,unter,ADP,mo,5108,gehabt
5106,meinem,mein,DET,nk,5107,Dach
5107,Dach,Dach,NOUN,nk,5105,unter
5108,gehabt,haben,VERB,oc,5111,rief
5109,!,--,PUNCT,punct,5111,rief
5110,«,--,PUNCT,punct,5111,rief
5111,rief,rufen,VERB,ROOT,5111,rief
5112,Schönfeld,Schönfeld,PROPN,sb,5111,rief
5113,",",--,PUNCT,punct,5111,rief
5114,nachdem,nachdem,SCONJ,cp,5117,vom
5115,er,er,PRON,sb,5117,vom
5116,sich,sich,PRON,oa,5117,vom
5117,vom,von,ADP,mo,5111,rief
5118,Taumel,Taumel,NOUN,nk,5117,vom
5119,der,der,DET,dep,5111,rief
5120,ersten,erster,ADJ,nk,5121,Ueberraschung
5121,Ueberraschung,Ueberraschung,NOUN,da,5122,erholt
5122,erholt,erholen,VERB,oc,5123,hatte
5123,hatte,haben,AUX,ROOT,5123,hatte
5124,.,--,PUNCT,punct,5123,hatte
5125,»,--,PUNCT,punct,5130,haben
5126,Junger,Junger,ADJ,nk,5127,Mann
5127,Mann,Mann,NOUN,sb,5130,haben
5128,",",--,PUNCT,punct,5130,haben
5129,Sie,sie,PRON,sb,5130,haben
5130,haben,haben,AUX,ROOT,5130,haben
5131,die,der,DET,nk,5132,geheimsten
5132,geheimsten,Geheimst,NOUN,oa,5130,haben
5133,Gefühle,Gefühl,NOUN,sb,5136,aufgeregt
5134,meiner,mein,DET,nk,5135,Seele
5135,Seele,Seele,NOUN,ag,5133,Gefühle
5136,aufgeregt,aufgeregen,VERB,ROOT,5136,aufgeregt
5137,",",--,PUNCT,punct,5136,aufgeregt
5138,denn,denn,CCONJ,cd,5136,aufgeregt
5139,Sie,sie,PRON,sb,5140,sind
5140,sind,sein,AUX,cj,5138,denn
5141,ein,ein,DET,nk,5142,Meister
5142,Meister,Meister,NOUN,pd,5140,sind
5143,!,--,PUNCT,punct,5136,aufgeregt
5144,«,--,PUNCT,punct,5136,aufgeregt
5145,»,--,PUNCT,punct,5146,Aber
5146,Aber,aber,CCONJ,dep,5149,fuhr
5147,«,--,PUNCT,punct,5146,Aber
5148,–,--,PUNCT,punct,5149,fuhr
5149,fuhr,fahren,VERB,ROOT,5149,fuhr
5150,er,er,PRON,sb,5149,fuhr
5151,nach,nach,ADP,mo,5149,fuhr
5152,einer,ein,DET,nk,5153,Pause
5153,Pause,Pause,NOUN,nk,5151,nach
5154,fort,fort,ADV,svp,5149,fuhr
5155,",",--,PUNCT,punct,5149,fuhr
5156,»,--,PUNCT,punct,5158,hätten
5157,Sie,sie,PRON,sb,5158,hätten
5158,hätten,haben,AUX,oc,5149,fuhr
5159,sich,sich,PRON,oa,5158,hätten
5160,nicht,nicht,PART,ng,5158,hätten
5161,so,so,ADV,mo,5162,inkognito
5162,inkognito,inkognito,PROPN,pd,5158,hätten
5163,einschwärzen,einschwärzen,VERB,oc,5164,sollen
5164,sollen,sollen,AUX,ROOT,5164,sollen
5165,;,--,PUNCT,punct,5164,sollen
5166,das,der,PRON,ROOT,5166,das
5167,sag,sag,ADP,mnr,5166,das
5168,',--,PUNCT,punct,5169,ich
5169,ich,ich,PRON,nk,5167,sag
5170,Ihnen,ihnen,PRON,nk,5167,sag
5171,rund,rund,ADV,mo,5167,sag
5172,heraus,heraus,ADV,mnr,5166,das
5173,",",--,PUNCT,punct,5166,das
5174,des,der,DET,nk,5175,Mädchens
5175,Mädchens,Mädchen,NOUN,og,5176,wegen
5176,wegen,wegen,ADP,rc,5166,das
5177,.,--,PUNCT,punct,5166,das
5178,«,--,PUNCT,ROOT,5178,«
5179,Und,und,CCONJ,ju,5181,fuhr
5180,hitziger,hitzig,ADV,mo,5181,fuhr
5181,fuhr,fahren,VERB,ROOT,5181,fuhr
5182,er,er,PRON,sb,5181,fuhr
5183,fort,fort,ADV,svp,5181,fuhr
5184,:,--,PUNCT,punct,5181,fuhr
5185,»,--,PUNCT,punct,5188,nein
5186,Nein,nein,PART,dm,5188,nein
5187,",",--,PUNCT,punct,5186,Nein
5188,nein,nein,PART,oc,5181,fuhr
5189,!,--,PUNCT,punct,5181,fuhr
5190,Das,der,PRON,sb,5191,paßt
5191,paßt,passen,VERB,ROOT,5191,paßt
5192,nicht,nicht,PART,ng,5191,paßt
5193,in,in,ADP,mo,5191,paßt
5194,meinen,mein,DET,nk,5195,Kram
5195,Kram,Kram,PROPN,nk,5193,in
5196,!,--,PUNCT,punct,5191,paßt
5197,Wären,Wären,AUX,ROOT,5197,Wären
5198,Sie,sie,PRON,sb,5200,Maler
5199,ein,ein,DET,nk,5200,Maler
5200,Maler,Maler,NOUN,re,5212,so
5201,",",--,PUNCT,punct,5200,Maler
5202,wie,wie,SCONJ,mo,5208,sind
5203,Sie,sie,PRON,sb,5208,sind
5204,ein,ein,DET,nk,5207,Tausendkünstler
5205,Ton-,Ton,X,cj,5206,und
5206,und,und,CCONJ,cd,5207,Tausendkünstler
5207,Tausendkünstler,Tausendkünstler,NOUN,pd,5208,sind
5208,sind,sein,AUX,oc,5200,Maler
5209,–,--,PUNCT,punct,5208,sind
5210,ja,ja,PART,par,5200,Maler
5211,",",--,PUNCT,punct,5212,so
5212,so,so,ADV,ROOT,5212,so
5213,–,--,PUNCT,punct,5212,so
5214,allein,allein,ADV,mo,5215,noch
5215,noch,noch,ADV,mo,5212,so
5216,ist,sein,AUX,ROOT,5216,ist
5217,es,es,PRON,sb,5216,ist
5218,Zeit,Zeit,NOUN,pd,5216,ist
5219,",",--,PUNCT,punct,5216,ist
5220,aber,aber,CCONJ,cd,5216,ist
5221,",",--,PUNCT,punct,5216,ist
5222,bei,bei,ADP,mo,5216,ist
5223,Gott,Gott,NOUN,nk,5222,bei
5224,!,--,PUNCT,punct,5216,ist
5225,hohe,hoch,ADJ,nk,5228,Zeit
5226,",",--,PUNCT,punct,5225,hohe
5227,hohe,hoch,ADJ,cj,5225,hohe
5228,Zeit,Zeit,NOUN,pd,5216,ist
5229,!,--,PUNCT,punct,5216,ist
5230,Und,und,CCONJ,ju,5231,sehn
5231,sehn,sehn,NUM,ROOT,5231,sehn
5232,Sie,sie,PRON,sb,5231,sehn
5233,",",--,PUNCT,punct,5231,sehn
5234,mit,mit,ADP,mo,5231,sehn
5235,dem,der,PRON,nk,5234,mit
5236,Zeichnen,zeichnen,NOUN,nk,5234,mit
5237,ist,sein,AUX,ROOT,5237,ist
5238,es,es,PRON,sb,5237,ist
5239,doch,doch,ADV,mo,5237,ist
5240,nichts,nichts,PRON,pd,5237,ist
5241,.,--,PUNCT,punct,5237,ist
5242,Ihr,ihr,PRON,nk,5243,Zeichnen
5243,Zeichnen,zeichnen,NOUN,sb,5244,verhält
5244,verhält,verhalten,VERB,ROOT,5244,verhält
5245,sich,sich,PRON,oa,5244,verhält
5246,zu,zu,ADP,mo,5244,verhält
5247,Ihrer,ihr,DET,nk,5248,Musik
5248,Musik,Musik,NOUN,nk,5246,zu
5249,",",--,PUNCT,punct,5248,Musik
5250,wie,wie,ADP,cm,5251,Eins
5251,Eins,Eins,PROPN,cc,5248,Musik
5252,zu,zu,ADP,svp,5244,verhält
5253,Tausend,tausend,NUM,ROOT,5253,Tausend
5254,!,--,PUNCT,punct,5253,Tausend
5255,Jede,jeder,DET,nk,5256,Stunde
5256,Stunde,Stunde,NOUN,sb,5262,ist
5257,",",--,PUNCT,punct,5256,Stunde
5258,die,der,PRON,sb,5260,verzeichnen
5259,Sie,sie,PRON,sb,5260,verzeichnen
5260,verzeichnen,verzeichnen,VERB,rc,5256,Stunde
5261,",",--,PUNCT,punct,5262,ist
5262,ist,sein,AUX,ROOT,5262,ist
5263,ein,ein,DET,nk,5264,Diebstahl
5264,Diebstahl,Diebstahl,NOUN,sb,5262,ist
5265,an,an,ADP,mnr,5264,Diebstahl
5266,Ihrer,ihr,DET,nk,5267,Musik
5267,Musik,Musik,NOUN,nk,5265,an
5268,.,--,PUNCT,punct,5262,ist
5269,Zwei,zwei,NUM,nk,5271,Dinge
5270,dergleichen,dergleich,ADJ,nk,5271,Dinge
5271,Dinge,Ding,NOUN,sb,5272,dürfen
5272,dürfen,dürfen,AUX,ROOT,5272,dürfen
5273,durchaus,durchaus,ADV,mo,5272,dürfen
5274,nicht,nicht,PART,ng,5272,dürfen
5275,neben,neben,ADP,mo,5277,getrieben
5276,einander,einander,PRON,nk,5275,neben
5277,getrieben,treiben,VERB,oc,5278,werden
5278,werden,werden,AUX,oc,5272,dürfen
5279,",",--,PUNCT,punct,5272,dürfen
5280,und,und,CCONJ,ju,5282,würde
5281,ich,ich,PRON,sb,5282,würde
5282,würde,werden,AUX,ROOT,5282,würde
5283,Sie,sie,PRON,oa,5289,schieben
5284,immer,immer,ADV,mo,5289,schieben
5285,vom,von,ADP,mo,5289,schieben
5286,Reißbrett,Reißbrett,NOUN,nk,5285,vom
5287,ans,an,ADP,mo,5289,schieben
5288,Klavier,Klavier,NOUN,nk,5287,ans
5289,schieben,schieben,VERB,oc,5282,würde
5290,;,--,PUNCT,punct,5282,würde
5291,ich,ich,PRON,sb,5292,könnte
5292,könnte,können,AUX,ROOT,5292,könnte
5293,keinen,keiner,PRON,oa,5292,könnte
5294,vernünftigen,vernünftig,ADJ,nk,5295,Strich
5295,Strich,Strich,NOUN,oa,5299,malen
5296,mehr,mehr,ADV,mo,5295,Strich
5297,neben,neben,ADP,mnr,5295,Strich
5298,Ihnen,ihnen,PRON,nk,5297,neben
5299,malen,malen,VERB,ROOT,5299,malen
5300,",",--,PUNCT,punct,5299,malen
5301,und,und,CCONJ,cd,5299,malen
5302,es,es,PRON,sb,5303,würde
5303,würde,werden,AUX,cj,5301,und
5304,dem,der,DET,nk,5305,Mädchen
5305,Mädchen,Mädchen,NOUN,da,5303,würde
5306,da,da,ADV,mo,5303,würde
5307,den,der,DET,sb,5303,würde
5308,Kopf,Kopf,NOUN,oa,5310,verrücken
5309,vollends,vollends,ADV,mo,5310,verrücken
5310,verrücken,verrücken,VERB,ROOT,5310,verrücken
5311,!,--,PUNCT,punct,5310,verrücken
5312,Gehn,Gehn,ADJ,ROOT,5312,Gehn
5313,Sie,sie,PRON,sb,5312,Gehn
5314,um,um,ADP,mo,5312,Gehn
5315,Gotteswillen,Gotteswill,NOUN,nk,5314,um
5316,!,--,PUNCT,punct,5312,Gehn
5317,Lieber,lieb,ADJ,ROOT,5317,Lieber
5318,Herr,Herr,PROPN,pnc,5319,Wildenfels
5319,Wildenfels,Wildenfel,PROPN,ag,5317,Lieber
5320,",",--,PUNCT,punct,5317,Lieber
5321,stören,stören,VERB,ROOT,5321,stören
5322,Sie,sie,PRON,sb,5321,stören
5323,den,der,DET,nk,5324,Frieden
5324,Frieden,Frieden,NOUN,oa,5321,stören
5325,meines,mein,DET,nk,5326,Hauses
5326,Hauses,Haus,NOUN,ag,5324,Frieden
5327,nicht,nicht,PART,ng,5321,stören
5328,!,--,PUNCT,punct,5321,stören
5329,Mir,mir,PRON,da,5330,wird
5330,wird,werden,AUX,ROOT,5330,wird
5331,angst,angst,NOUN,pd,5330,wird
5332,und,und,CCONJ,cd,5331,angst
5333,bange,bange,ADV,cj,5332,und
5334,;,--,PUNCT,punct,5330,wird
5335,mir,mir,PRON,da,5336,wird
5336,wird,werden,AUX,ROOT,5336,wird
5337,siedend,siedend,ADV,mo,5338,heiß
5338,heiß,heiß,ADV,ROOT,5338,heiß
5339,!,--,PUNCT,punct,5338,heiß
5340,«,--,PUNCT,ROOT,5340,«
5341,Und,und,CCONJ,ju,5352,schob
5342,indem,indem,SCONJ,cp,5352,schob
5343,er,er,PRON,sb,5352,schob
5344,Wildenfels,Wildenfel,NOUN,oa,5352,schob
5345,bei,bei,ADP,mo,5352,schob
5346,den,der,DET,nk,5347,Schultern
5347,Schultern,Schulter,NOUN,nk,5345,bei
5348,gegen,gegen,ADP,mnr,5347,Schultern
5349,die,der,DET,nk,5351,Thüre
5350,offene,offen,ADJ,nk,5351,Thüre
5351,Thüre,Thüre,NOUN,nk,5348,gegen
5352,schob,schieben,VERB,ROOT,5352,schob
5353,",",--,PUNCT,punct,5352,schob
5354,sprudelte,sprudeln,VERB,ROOT,5354,sprudelte
5355,er,er,PRON,sb,5354,sprudelte
5356,",",--,PUNCT,punct,5354,sprudelte
5357,halb,halb,ADV,mo,5358,bittend
5358,bittend,bittend,ADV,mo,5354,sprudelte
5359,",",--,PUNCT,punct,5358,bittend
5360,halb,halb,ADV,mo,5361,drohend
5361,drohend,drohend,ADV,mo,5354,sprudelte
5362,:,--,PUNCT,punct,5354,sprudelte
5363,»,--,PUNCT,punct,5364,Gehn
5364,Gehn,gehn,VERB,ROOT,5364,Gehn
5365,Sie,sie,PRON,sb,5364,Gehn
5366,um,um,ADP,op,5364,Gehn
5367,Gotteswillen,Gotteswill,NOUN,nk,5366,um
5368,",",--,PUNCT,punct,5366,um
5369,aber,aber,CCONJ,cd,5364,Gehn
5370,kommen,kommen,VERB,ROOT,5370,kommen
5371,Sie,sie,PRON,sb,5370,kommen
5372,mir,mir,PRON,da,5370,kommen
5373,nie,nie,ADV,mo,5370,kommen
5374,wieder,wieder,ADV,svp,5370,kommen
5375,!,--,PUNCT,punct,5370,kommen
5376,Ich,ich,PRON,sb,5377,bitte
5377,bitte,bitten,VERB,ROOT,5377,bitte
5378,Sie,sie,PRON,oa,5377,bitte
5379,!,--,PUNCT,punct,5377,bitte
5380,Ich,ich,PRON,sb,5381,bin
5381,bin,sein,AUX,ROOT,5381,bin
5382,nie,nie,ADV,mo,5381,bin
5383,mehr,mehr,ADV,mo,5382,nie
5384,bei,bei,ADP,mo,5381,bin
5385,Hause,Haus,NOUN,nk,5384,bei
5386,;,--,PUNCT,punct,5381,bin
5387,ich,ich,PRON,sb,5388,ziehe
5388,ziehe,ziehen,VERB,ROOT,5388,ziehe
5389,aus,aus,ADP,ROOT,5389,aus
5390,der,der,DET,nk,5391,Stadt
5391,Stadt,Stadt,NOUN,nk,5389,aus
5392,!,--,PUNCT,punct,5389,aus
5393,Der,der,DET,nk,5394,Herr
5394,Herr,Herr,NOUN,sb,5395,segne
5395,segne,segnen,VERB,ROOT,5395,segne
5396,Sie,sie,PRON,oa,5395,segne
5397,!,--,PUNCT,punct,5395,segne
5398,Ich,ich,PRON,sb,5399,bin
5399,bin,sein,AUX,ROOT,5399,bin
5400,Ihnen,ihnen,PRON,da,5399,bin
5401,nicht,nicht,PART,ng,5399,bin
5402,gram,gram,ADV,pd,5399,bin
5403,",",--,PUNCT,punct,5402,gram
5404,ganz,ganz,ADV,mo,5399,bin
5405,und,und,CCONJ,cd,5404,ganz
5406,gar,gar,ADV,cj,5405,und
5407,nicht,nicht,PART,ROOT,5407,nicht
5408,;,--,PUNCT,punct,5407,nicht
5409,aber,aber,CCONJ,ju,5411,passen
5410,wir,wir,PRON,sb,5411,passen
5411,passen,passen,VERB,ROOT,5411,passen
5412,weiter,weiter,ADV,mo,5411,passen
5413,nicht,nicht,PART,ng,5411,passen
5414,zusammen,zusammen,ADV,svp,5411,passen
5415,!,--,PUNCT,punct,5411,passen
5416,Adieu,Adieu,NOUN,ROOT,5416,Adieu
5417,",",--,PUNCT,punct,5416,Adieu
5418,adieu,adieu,ADV,cj,5416,Adieu
5419,!,--,PUNCT,punct,5416,Adieu
5420,«,--,PUNCT,punct,5416,Adieu
5421,Und,und,CCONJ,ju,5423,schloß
5422,damit,damit,ADV,mo,5423,schloß
5423,schloß,schließen,VERB,ROOT,5423,schloß
5424,er,er,PRON,sb,5426,Thüre
5425,die,der,DET,nk,5426,Thüre
5426,Thüre,Thüre,NOUN,ROOT,5426,Thüre
5427,hinter,hinter,ADP,mnr,5426,Thüre
5428,dem,der,DET,nk,5430,Wildenfels
5429,verblüfften,verblüfft,ADJ,nk,5430,Wildenfels
5430,Wildenfels,Wildenfel,NOUN,nk,5427,hinter
5431,",",--,PUNCT,punct,5430,Wildenfels
5432,der,der,PRON,sb,5437,hatte
5433,gar,gar,ADV,mo,5434,nicht
5434,nicht,nicht,PART,ng,5437,hatte
5435,zu,zu,ADP,mo,5437,hatte
5436,Wort,Wort,NOUN,nk,5435,zu
5437,hatte,haben,VERB,rc,5430,Wildenfels
5438,kommen,kommen,VERB,oc,5439,können
5439,können,können,AUX,sb,5441,ging
5440,",",--,PUNCT,punct,5441,ging
5441,ging,gehen,VERB,oc,5454,indeß
5442,hastig,hastig,ADV,mo,5441,ging
5443,im,in,ADP,mo,5441,ging
5444,Zimmer,Zimmer,NOUN,nk,5443,im
5445,auf,auf,ADP,svp,5441,ging
5446,und,und,CCONJ,cd,5445,auf
5447,ab,ab,ADV,cj,5446,und
5448,und,und,CCONJ,cd,5441,ging
5449,rieb,rieb,VERB,cj,5448,und
5450,sich,sich,PRON,oa,5449,rieb
5451,die,der,DET,nk,5452,Stirn
5452,Stirn,Stirn,NOUN,sb,5449,rieb
5453,",",--,PUNCT,punct,5454,indeß
5454,indeß,indeß,VERB,ROOT,5454,indeß
5455,Angelika,Angelika,PROPN,sb,5457,verstört
5456,ganz,ganz,ADV,mo,5457,verstört
5457,verstört,verstören,VERB,mo,5463,ordnete
5458,an,an,ADP,mo,5463,ordnete
5459,ihren,ihr,DET,nk,5460,Pinseln
5460,Pinseln,Pinsel,NOUN,nk,5458,an
5461,und,und,CCONJ,cd,5460,Pinseln
5462,Tuschschälchen,Tuschschälche,NOUN,cj,5461,und
5463,ordnete,ordnen,VERB,ROOT,5463,ordnete
5464,.,--,PUNCT,punct,5463,ordnete
5465,8,8,NUM,ROOT,5465,8
5466,»,--,PUNCT,punct,5469,kam
5467,Aber,aber,CCONJ,ju,5469,kam
5468,wie,wie,ADV,mo,5469,kam
5469,kam,kommen,VERB,mo,5476,frug
5470,denn,denn,ADV,mo,5469,kam
5471,das,der,PRON,sb,5469,kam
5472,",",--,PUNCT,punct,5471,das
5473,Angelika,Angelika,PROPN,cj,5471,das
5474,?,--,PUNCT,punct,5476,frug
5475,«,--,PUNCT,punct,5476,frug
5476,frug,frug,VERB,ROOT,5476,frug
5477,endlich,endlich,ADV,mo,5476,frug
5478,der,der,DET,nk,5479,Vater
5479,Vater,Vater,NOUN,sb,5476,frug
5480,.,--,PUNCT,punct,5476,frug
5481,»,--,PUNCT,punct,5482,Wußtest
5482,Wußtest,Wußtest,VERB,ROOT,5482,Wußtest
5483,du,du,PRON,sb,5482,Wußtest
5484,",",--,PUNCT,punct,5482,Wußtest
5485,daß,daß,SCONJ,oc,5482,Wußtest
5486,der,der,DET,nk,5485,daß
5487,Sapperlötter,Sapperlötter,NOUN,sb,5491,ist
5488,ein,ein,DET,nk,5490,Spieler
5489,solcher,solcher,DET,nk,5490,Spieler
5490,Spieler,Spieler,NOUN,pd,5491,ist
5491,ist,sein,AUX,ROOT,5491,ist
5492,?,--,PUNCT,punct,5491,ist
5493,«,--,PUNCT,punct,5491,ist
5494,»,--,PUNCT,punct,5495,Ach
5495,Ach,ach,INTJ,mo,5501,sprach
5496,!,--,PUNCT,punct,5495,Ach
5497,mein,mein,DET,nk,5498,Vater
5498,Vater,Vater,NOUN,pd,5495,Ach
5499,«,--,PUNCT,punct,5498,Vater
5500,",",--,PUNCT,punct,5501,sprach
5501,sprach,sprechen,VERB,ROOT,5501,sprach
5502,das,der,DET,nk,5503,Mädchen
5503,Mädchen,Mädchen,NOUN,sb,5501,sprach
5504,mit,mit,ADP,mo,5501,sprach
5505,ausbrechenden,ausbrechend,ADJ,nk,5506,Thränen
5506,Thränen,Thrän,NOUN,nk,5504,mit
5507,",",--,PUNCT,punct,5501,sprach
5508,»,--,PUNCT,punct,5509,zürnen
5509,zürnen,zürnen,VERB,oc,5501,sprach
5510,Sie,sie,PRON,sb,5509,zürnen
5511,doch,doch,CCONJ,ju,5514,lassen
5512,nicht,nicht,PART,cj,5511,doch
5513,;,--,PUNCT,punct,5514,lassen
5514,lassen,lassen,VERB,ROOT,5514,lassen
5515,Sie,sie,PRON,sb,5514,lassen
5516,sich,sich,PRON,oa,5517,besänftigen
5517,besänftigen,besänftigen,VERB,oc,5514,lassen
5518,!,--,PUNCT,punct,5514,lassen
5519,Herr,Herr,NOUN,sb,5521,wartete
5520,Wildenfels,Wildenfel,PROPN,ag,5519,Herr
5521,wartete,warten,VERB,ROOT,5521,wartete
5522,mit,mit,ADP,mo,5521,wartete
5523,Ungeduld,Ungeduld,NOUN,nk,5522,mit
5524,auf,auf,ADP,ROOT,5524,auf
5525,Ihre,ihr,DET,nk,5526,Heimkunft
5526,Heimkunft,Heimkunft,NOUN,nk,5524,auf
5527,",",--,PUNCT,punct,5524,auf
5528,weil,weil,SCONJ,cp,5534,war
5529,er,er,PRON,sb,5534,war
5530,mit,mit,ADP,mo,5534,war
5531,seinem,sein,DET,nk,5532,Entwurfe
5532,Entwurfe,Entwurfe,NOUN,nk,5530,mit
5533,fertig,fertig,ADV,pd,5534,war
5534,war,sein,AUX,mo,5524,auf
5535,.,--,PUNCT,punct,5524,auf
5536,Er,er,PRON,sb,5537,ging
5537,ging,gehen,VERB,ROOT,5537,ging
5538,unbeschäftigt,unbeschäftigen,VERB,mo,5543,sah
5539,hin,hin,ADV,mo,5538,unbeschäftigt
5540,und,und,CCONJ,cd,5539,hin
5541,her,her,ADV,cj,5540,und
5542,",",--,PUNCT,punct,5543,sah
5543,sah,sehen,VERB,ROOT,5543,sah
5544,das,der,DET,nk,5546,Piano
5545,offene,offen,ADJ,nk,5546,Piano
5546,Piano,Piano,NOUN,sb,5543,sah
5547,",",--,PUNCT,punct,5543,sah
5548,und,und,CCONJ,cd,5543,sah
5549,frug,fragen,VERB,cj,5548,und
5550,mich,mich,PRON,oa,5549,frug
5551,",",--,PUNCT,punct,5549,frug
5552,ob,ob,SCONJ,cp,5554,spiele
5553,ich,ich,PRON,sb,5554,spiele
5554,spiele,spielen,VERB,oc,5549,frug
5555,?,--,PUNCT,punct,5543,sah
5556,Ein,ein,DET,nk,5557,wenig
5557,wenig,wenig,PRON,oa,5559,entgegnete
5558,",",--,PUNCT,punct,5559,entgegnete
5559,entgegnete,entgegnen,VERB,ROOT,5559,entgegnete
5560,ich,ich,PRON,sb,5559,entgegnete
5561,",",--,PUNCT,punct,5559,entgegnete
5562,und,und,CCONJ,cd,5559,entgegnete
5563,erkundigte,erkundigen,VERB,cj,5562,und
5564,mich,mich,PRON,oa,5563,erkundigte
5565,dann,dann,ADV,mo,5563,erkundigte
5566,",",--,PUNCT,punct,5565,dann
5567,ob,ob,SCONJ,cp,5569,er
5568,auch,auch,ADV,mo,5569,er
5569,er,er,PRON,sb,5563,erkundigte
5570,vielleicht,vielleicht,ADV,mo,5563,erkundigte
5571,musikalisch,musikalisch,ADV,pd,5572,sei
5572,sei,sein,AUX,ROOT,5572,sei
5573,?,--,PUNCT,punct,5572,sei
5574,Er,er,PRON,sb,5575,sagte
5575,sagte,sagen,VERB,ROOT,5575,sagte
5576,",",--,PUNCT,punct,5575,sagte
5577,er,er,PRON,sb,5578,spiele
5578,spiele,spielen,VERB,oc,5575,sagte
5579,auch,auch,ADV,mo,5578,spiele
5580,zuweilen,zuweilen,ADV,mo,5578,spiele
5581,.,--,PUNCT,punct,5575,sagte
5582,Ein,ein,DET,nk,5583,Wort
5583,Wort,Wort,NOUN,oa,5584,gab
5584,gab,geben,VERB,ROOT,5584,gab
5585,das,der,DET,nk,5586,andere
5586,andere,anderer,PRON,oa,5584,gab
5587,",",--,PUNCT,punct,5584,gab
5588,wie,wie,SCONJ,mo,5594,pflegt
5589,es,es,PRON,ep,5594,pflegt
5590,denn,denn,ADV,mo,5593,gehen
5591,so,so,ADV,mo,5593,gehen
5592,zu,zu,PART,pm,5593,gehen
5593,gehen,gehen,VERB,oc,5594,pflegt
5594,pflegt,pflegen,VERB,ROOT,5594,pflegt
5595,.,--,PUNCT,punct,5594,pflegt
5596,Da,da,ADV,mo,5597,bat
5597,bat,bitten,VERB,ROOT,5597,bat
5598,ich,ich,PRON,sb,5597,bat
5599,ihn,ihn,PRON,oa,5597,bat
5600,",",--,PUNCT,punct,5597,bat
5601,mich,mich,PRON,oa,5602,unterdeß
5602,unterdeß,unterdeß,ADV,oc,5597,bat
5603,Etwas,etwas,NOUN,oa,5597,bat
5604,von,von,ADP,pg,5603,Etwas
5605,seiner,sein,DET,nk,5604,von
5606,Kunst,Kunst,NOUN,oa,5607,hören
5607,hören,hören,VERB,oc,5609,lassen
5608,zu,zu,PART,pm,5609,lassen
5609,lassen,lassen,VERB,ROOT,5609,lassen
5610,.,--,PUNCT,punct,5609,lassen
5611,Da,da,ADV,mo,5612,setzte
5612,setzte,setzen,VERB,ROOT,5612,setzte
5613,er,er,PRON,sb,5612,setzte
5614,sich,sich,PRON,oa,5612,setzte
5615,hin,hin,ADV,svp,5612,setzte
5616,",",--,PUNCT,punct,5612,setzte
5617,und,und,CCONJ,cd,5612,setzte
5618,Sie,sie,PRON,sb,5619,haben
5619,haben,haben,AUX,cj,5617,und
5620,gehört,gehören,VERB,oc,5619,haben
5621,wie,wie,ADP,cm,5622,er
5622,er,er,PRON,cc,5611,Da
5623,spielte,spielen,VERB,ROOT,5623,spielte
5624,–,--,PUNCT,punct,5623,spielte
5625,ach,ach,ADV,svp,5623,spielte
5626,!,--,PUNCT,punct,5623,spielte
5627,«,--,PUNCT,punct,5623,spielte
5628,»,--,PUNCT,punct,5629,Laß
5629,Laß,Laß,X,oc,5639,sagte
5630,dir,dir,PRON,da,5629,Laß
5631,an,an,ADP,mo,5629,Laß
5632,dem,der,DET,nk,5631,an
5633,genug,genug,PRON,mo,5629,Laß
5634,sein,sein,AUX,oc,5629,Laß
5635,",",--,PUNCT,punct,5629,Laß
5636,Angelika,Angelika,PROPN,cj,5629,Laß
5637,«,--,PUNCT,punct,5629,Laß
5638,",",--,PUNCT,punct,5639,sagte
5639,sagte,sagen,VERB,ROOT,5639,sagte
5640,Schönfeld,Schönfeld,PROPN,sb,5639,sagte
5641,mit,mit,ADP,mo,5639,sagte
5642,großem,groß,ADJ,nk,5643,Ernst
5643,Ernst,Ernst,NOUN,nk,5641,mit
5644,.,--,PUNCT,punct,5639,sagte
5645,»,--,PUNCT,punct,5646,Es
5646,Es,es,PRON,ROOT,5646,Es
5647,geht,gehen,VERB,ROOT,5647,geht
5648,dir,dir,PRON,da,5647,geht
5649,für,für,ADP,mo,5647,geht
5650,drei,drei,NUM,nk,5651,Konzerte
5651,Konzerte,Konzert,NOUN,nk,5649,für
5652,.,--,PUNCT,punct,5647,geht
5653,Aber,aber,CCONJ,ju,5655,bitte
5654,ich,ich,PRON,sb,5655,bitte
5655,bitte,bitten,VERB,ROOT,5655,bitte
5656,dich,dich,PRON,oa,5655,bitte
5657,",",--,PUNCT,punct,5658,schlage
5658,schlage,schlagen,VERB,cj,5655,bitte
5659,dir,dir,PRON,sb,5658,schlage
5660,den,der,DET,nk,5661,Spieler
5661,Spieler,Spieler,NOUN,oa,5658,schlage
5662,und,und,CCONJ,cd,5658,schlage
5663,das,der,DET,nk,5664,Spiel
5664,Spiel,Spiel,NOUN,ROOT,5664,Spiel
5665,aus,aus,ADP,mnr,5664,Spiel
5666,dem,der,DET,nk,5667,Sinne
5667,Sinne,Sinn,NOUN,nk,5665,aus
5668,.,--,PUNCT,punct,5664,Spiel
5669,Laß,Laß,VERB,ROOT,5669,Laß
5670,das,der,PRON,nk,5671,eine
5671,eine,einer,PRON,oa,5669,Laß
5672,der,der,DET,nk,5674,Erscheinungen
5673,schönen,schön,ADJ,nk,5674,Erscheinungen
5674,Erscheinungen,Erscheinung,NOUN,ag,5671,eine
5675,im,in,ADP,mnr,5674,Erscheinungen
5676,Leben,Leben,NOUN,nk,5675,im
5677,für,für,ADP,mo,5669,Laß
5678,dich,dich,PRON,pd,5679,sein
5679,sein,sein,AUX,ROOT,5679,sein
5680,",",--,PUNCT,punct,5679,sein
5681,die,der,PRON,sb,5683,wiederkehren
5682,nicht,nicht,PART,ng,5683,wiederkehren
5683,wiederkehren,wiederkehren,VERB,dep,5679,sein
5684,und,und,CCONJ,cd,5683,wiederkehren
5685,an,an,ADP,cj,5684,und
5686,die,der,PRON,nk,5685,an
5687,wir,wir,PRON,sb,5679,sein
5688,deswegen,deswegen,ADV,mo,5679,sein
5689,unser,unser,DET,nk,5690,Herz
5690,Herz,Herz,NOUN,dep,5679,sein
5691,nicht,nicht,PART,ng,5679,sein
5692,hängen,hängen,VERB,oc,5693,dürfen
5693,dürfen,dürfen,AUX,ROOT,5693,dürfen
5694,.,--,PUNCT,punct,5693,dürfen
5695,Laß,Laß,VERB,ROOT,5695,Laß
5696,uns,uns,PRON,oa,5695,Laß
5697,auch,auch,ADV,mo,5695,Laß
5698,weiter,weiter,ADV,mo,5695,Laß
5699,nicht,nicht,PART,ng,5695,Laß
5700,mehr,mehr,ADV,mo,5699,nicht
5701,davon,davon,ADV,op,5702,sprechen
5702,sprechen,sprechen,VERB,oc,5695,Laß
5703,.,--,PUNCT,punct,5695,Laß
5704,Im,in,ADP,mo,5706,bist
5705,Zeichnen,zeichnen,NOUN,nk,5704,Im
5706,bist,sein,AUX,ROOT,5706,bist
5707,du,du,PRON,sb,5710,gekommen
5708,zu,zu,PART,mo,5709,weit
5709,weit,weit,ADV,mo,5710,gekommen
5710,gekommen,kommen,VERB,ROOT,5710,gekommen
5711,",",--,PUNCT,punct,5710,gekommen
5712,um,um,SCONJ,cp,5718,stehen
5713,auf,auf,ADP,mo,5718,stehen
5714,halbem,halb,ADJ,nk,5715,Weg
5715,Weg,Weg,NOUN,nk,5713,auf
5716,stille,stillen,VERB,oa,5718,stehen
5717,zu,zu,PART,pm,5718,stehen
5718,stehen,stehen,VERB,mo,5710,gekommen
5719,.,--,PUNCT,punct,5710,gekommen
5720,Blicke,Blick,NOUN,ROOT,5720,Blicke
5721,unverrückt,unverrückt,ADV,mnr,5720,Blicke
5722,nur,nur,ADV,mnr,5720,Blicke
5723,auf,auf,ADP,ROOT,5723,auf
5724,das,der,DET,nk,5726,Ziel
5725,hohe,hoch,ADJ,nk,5726,Ziel
5726,Ziel,Ziel,NOUN,nk,5723,auf
5727,",",--,PUNCT,punct,5726,Ziel
5728,dem,der,PRON,da,5732,führe
5729,ich,ich,PRON,sb,5732,führe
5730,dich,dich,PRON,oa,5732,führe
5731,entgegen,entgegen,ADP,mo,5732,führe
5732,führe,führen,VERB,rc,5726,Ziel
5733,.,--,PUNCT,punct,5723,auf
5734,Die,der,DET,nk,5736,Kunst
5735,bildende,bildend,ADJ,nk,5736,Kunst
5736,Kunst,Kunst,NOUN,sb,5737,sei
5737,sei,sein,AUX,ROOT,5737,sei
5738,dein,dein,DET,pd,5737,sei
5739,einziges,einzig,ADJ,nk,5740,Losungswort
5740,Losungswort,Losungswort,NOUN,ROOT,5740,Losungswort
5741,!,--,PUNCT,punct,5740,Losungswort
5742,In,in,ADP,mo,5751,geben
5743,der,der,DET,nk,5744,Folge
5744,Folge,Folge,NOUN,nk,5742,In
5745,wird,werden,AUX,ROOT,5745,wird
5746,sich,sich,PRON,oa,5751,geben
5747,auch,auch,ADV,mo,5748,sonst
5748,sonst,sonst,ADV,mo,5751,geben
5749,noch,noch,ADV,mo,5750,Manches
5750,Manches,Manche,PRON,oa,5751,geben
5751,geben,geben,VERB,oc,5745,wird
5752,.,--,PUNCT,punct,5745,wird
5753,«,--,PUNCT,ROOT,5753,«
5754,Mit,mit,ADP,mo,5757,ging
5755,diesen,dieser,DET,nk,5756,Worten
5756,Worten,Wort,NOUN,nk,5754,Mit
5757,ging,gehen,VERB,ROOT,5757,ging
5758,Schönfeld,Schönfeld,NOUN,sb,5757,ging
5759,aus,aus,ADP,mo,5757,ging
5760,dem,der,DET,nk,5761,Zimmer
5761,Zimmer,Zimmer,NOUN,nk,5759,aus
5762,und,und,CCONJ,cd,5757,ging
5763,überließ,überlassen,VERB,cj,5762,und
5764,das,der,DET,nk,5765,Mädchen
5765,Mädchen,Mädchen,NOUN,oa,5763,überließ
5766,seinen,sein,DET,dep,5757,ging
5767,stillen,still,ADJ,nk,5768,Betrachtungen
5768,Betrachtungen,Betrachtung,NOUN,ROOT,5768,Betrachtungen
5769,.,--,PUNCT,punct,5768,Betrachtungen
5770,9,9,NUM,ROOT,5770,9
5771,Ueber,Ueber,NOUN,pnc,5772,Tisch
5772,Tisch,Tisch,PROPN,sb,5773,ging
5773,ging,gehen,VERB,ROOT,5773,ging
5774,es,es,PRON,ep,5773,ging
5775,einsylbig,einsylbig,ADV,mo,5773,ging
5776,zu,zu,ADP,svp,5773,ging
5777,.,--,PUNCT,punct,5773,ging
5778,Die,der,DET,nk,5780,Tage
5779,folgenden,folgend,ADJ,nk,5780,Tage
5780,Tage,Tag,NOUN,sb,5781,ward
5781,ward,werden,VERB,ROOT,5781,ward
5782,wieder,wieder,ADV,mo,5783,gemalt
5783,gemalt,malen,VERB,oc,5781,ward
5784,und,und,CCONJ,cd,5783,gemalt
5785,gezeichnet,zeichnen,VERB,ROOT,5785,gezeichnet
5786,",",--,PUNCT,punct,5785,gezeichnet
5787,als,als,SCONJ,cm,5791,wäre
5788,ob,ob,SCONJ,cp,5791,wäre
5789,Nichts,nichts,PRON,sb,5791,wäre
5790,vorgefallen,vorgefallen,VERB,oc,5791,wäre
5791,wäre,sein,AUX,mo,5785,gezeichnet
5792,.,--,PUNCT,punct,5785,gezeichnet
5793,Aber,aber,CCONJ,ju,5795,war
5794,es,es,PRON,sb,5795,war
5795,war,sein,AUX,ROOT,5795,war
5796,etwas,etwas,DET,nk,5797,Fremdes
5797,Fremdes,fremde,NOUN,pd,5795,war
5798,zwischen,zwischen,ADP,mo,5795,war
5799,Vater,Vater,NOUN,sb,5802,getreten
5800,und,und,CCONJ,cd,5799,Vater
5801,Tochter,Tochter,NOUN,cj,5800,und
5802,getreten,treten,VERB,ROOT,5802,getreten
5803,.,--,PUNCT,punct,5802,getreten
5804,Schönfeld,Schönfeld,NOUN,sb,5805,pfiff
5805,pfiff,pfiff,VERB,ROOT,5805,pfiff
5806,jetzt,jetzt,ADV,mo,5805,pfiff
5807,meistens,meistens,ADV,mo,5805,pfiff
5808,bei,bei,ADP,mo,5805,pfiff
5809,seiner,sein,DET,nk,5810,Arbeit
5810,Arbeit,Arbeit,NOUN,nk,5808,bei
5811,",",--,PUNCT,punct,5805,pfiff
5812,was,was,PRON,oa,5818,pflegte
5813,er,er,PRON,sb,5818,pflegte
5814,nur,nur,ADV,mo,5815,dann
5815,dann,dann,ADV,mo,5817,thun
5816,zu,zu,PART,pm,5817,thun
5817,thun,Thun,VERB,oc,5818,pflegte
5818,pflegte,pflegen,VERB,ROOT,5818,pflegte
5819,",",--,PUNCT,punct,5818,pflegte
5820,wenn,wenn,SCONJ,cp,5823,wurmte
5821,ihn,ihn,PRON,oa,5823,wurmte
5822,Etwas,Etwas,PRON,sb,5823,wurmte
5823,wurmte,wurmen,VERB,mo,5817,thun
5824,.,--,PUNCT,punct,5818,pflegte
5825,Er,er,PRON,sb,5826,schien
5826,schien,scheinen,VERB,ROOT,5826,schien
5827,das,der,DET,nk,5828,Mädchen
5828,Mädchen,Mädchen,NOUN,oa,5826,schien
5829,oft,oft,ADV,mo,5831,belauschen
5830,zu,zu,PART,pm,5831,belauschen
5831,belauschen,belauschen,VERB,ROOT,5831,belauschen
5832,",",--,PUNCT,punct,5831,belauschen
5833,als,als,SCONJ,cm,5834,wolle
5834,wolle,wollen,AUX,cc,5829,oft
5835,er,er,PRON,sb,5834,wolle
5836,etwas,etwas,PRON,oa,5840,lesen
5837,in,in,ADP,mo,5840,lesen
5838,ihren,ihr,DET,nk,5839,Augen
5839,Augen,Auge,NOUN,nk,5837,in
5840,lesen,lesen,VERB,oc,5834,wolle
5841,.,--,PUNCT,punct,5831,belauschen
5842,Angelika,Angelika,PROPN,sb,5843,staunte
5843,staunte,staunen,VERB,ROOT,5843,staunte
5844,viel,viel,ADV,mo,5845,gen
5845,gen,gen,ADP,ROOT,5845,gen
5846,Himmel,Himmel,NOUN,nk,5845,gen
5847,oder,oder,CCONJ,cd,5845,gen
5848,zählte,zählen,VERB,cj,5847,oder
5849,die,der,DET,nk,5850,Fensterscheiben
5850,Fensterscheiben,Fensterscheibe,NOUN,oa,5848,zählte
5851,.,--,PUNCT,punct,5845,gen
5852,Zuweilen,zuweilen,ADV,mo,5853,kam
5853,kam,kommen,VERB,ROOT,5853,kam
5854,sie,sie,PRON,sb,5853,kam
5855,sehr,sehr,ADV,mo,5856,heiter
5856,heiter,heit,ADV,mo,5853,kam
5857,vom,von,ADP,mo,5863,trat
5858,Besuch,Besuch,NOUN,nk,5857,vom
5859,ihrer,ihr,DET,nk,5860,Freundinnen
5860,Freundinnen,Freundin,NOUN,ag,5858,Besuch
5861,zurück,zurück,ADV,mo,5857,vom
5862,",",--,PUNCT,punct,5863,trat
5863,trat,treten,VERB,ROOT,5863,trat
5864,dann,dann,ADV,mo,5863,trat
5865,hastig,hastig,ADV,mo,5863,trat
5866,zum,zu,ADP,mo,5863,trat
5867,Vater,Vater,NOUN,nk,5866,zum
5868,an,an,ADP,mo,5863,trat
5869,die,der,DET,nk,5868,an
5870,Staffelei,staffelei,NOUN,cj,5882,hatte
5871,",",--,PUNCT,punct,5870,Staffelei
5872,als,als,SCONJ,cm,5873,habe
5873,habe,haben,AUX,cc,5870,Staffelei
5874,sie,sie,PRON,sb,5873,habe
5875,ihm,ihm,PRON,da,5878,offenbaren
5876,Etwas,Etwas,PRON,oa,5878,offenbaren
5877,zu,zu,PART,pm,5878,offenbaren
5878,offenbaren,offenbaren,VERB,oc,5873,habe
5879,",",--,PUNCT,punct,5870,Staffelei
5880,und,und,CCONJ,ju,5882,hatte
5881,dann,dann,ADV,mo,5878,offenbaren
5882,hatte,haben,AUX,ROOT,5882,hatte
5883,sie,sie,PRON,sb,5882,hatte
5884,ihm,ihm,PRON,da,5882,hatte
5885,doch,doch,ADV,mo,5882,hatte
5886,weiter,weiter,ADV,mo,5889,sagen
5887,Nichts,nichts,PRON,oa,5889,sagen
5888,zu,zu,PART,pm,5889,sagen
5889,sagen,sagen,VERB,ROOT,5889,sagen
5890,",",--,PUNCT,punct,5889,sagen
5891,als,als,SCONJ,cm,5894,habe
5892,–,--,PUNCT,punct,5894,habe
5893,es,es,PRON,ep,5894,habe
5894,habe,haben,AUX,oc,5889,sagen
5895,ein,ein,DET,nk,5896,wenig
5896,wenig,wenig,DET,nk,5897,geschneit
5897,geschneit,Geschneit,NOUN,oa,5894,habe
5898,",",--,PUNCT,punct,5894,habe
5899,und,und,CCONJ,cd,5894,habe
5900,es,es,PRON,sb,5901,könnte
5901,könnte,können,AUX,cj,5899,und
5902,über,über,ADP,mo,5901,könnte
5903,Nacht,Nacht,NOUN,pd,5906,werden
5904,wieder,wieder,ADV,mo,5906,werden
5905,kalt,kalt,ADV,pd,5906,werden
5906,werden,werden,AUX,ROOT,5906,werden
5907,.,--,PUNCT,punct,5906,werden
5908,Daß,daß,SCONJ,cp,5912,vorgehe
5909,Etwas,Etwas,ADV,sb,5912,vorgehe
5910,in,in,ADP,mo,5912,vorgehe
5911,ihr,ihr,PRON,nk,5910,in
5912,vorgehe,vorgehen,VERB,sb,5914,mußte
5913,",",--,PUNCT,punct,5914,mußte
5914,mußte,müssen,AUX,ROOT,5914,mußte
5915,Schönfeld,Schönfeld,NOUN,oa,5916,sehen
5916,sehen,sehen,VERB,oc,5914,mußte
5917,;,--,PUNCT,punct,5914,mußte
5918,allein,allein,ADV,mo,5919,er
5919,er,er,PRON,sb,5920,wollte
5920,wollte,wollen,AUX,ROOT,5920,wollte
5921,ihr,ihr,PRON,oa,5920,wollte
5922,durch,durch,ADP,mo,5920,wollte
5923,keine,kein,DET,nk,5924,Frage
5924,Frage,Frage,NOUN,nk,5922,durch
5925,den,der,DET,nk,5926,Weg
5926,Weg,Weg,NOUN,oa,5920,wollte
5927,zu,zu,ADP,mnr,5926,Weg
5928,irgend,irgend,ADV,nk,5927,zu
5929,einer,ein,DET,nk,5930,Erklärung
5930,Erklärung,Erklärung,NOUN,nk,5927,zu
5931,bahnen,Bahn,NOUN,ROOT,5931,bahnen
5932,",",--,PUNCT,punct,5931,bahnen
5933,vor,vor,ADP,mo,5937,scheute
5934,welcher,welcher,PRON,nk,5933,vor
5935,er,er,PRON,sb,5937,scheute
5936,sich,sich,PRON,oa,5937,scheute
5937,scheute,scheuen,VERB,rc,5931,bahnen
5938,.,--,PUNCT,punct,5931,bahnen
5939,Sein,sein,DET,nk,5942,Bild
5940,großes,groß,ADJ,nk,5942,Bild
5941,historisches,historisch,ADJ,nk,5942,Bild
5942,Bild,Bild,NOUN,ROOT,5942,Bild
5943,",",--,PUNCT,punct,5942,Bild
5944,Coriolan,Coriolan,NOUN,app,5942,Bild
5945,vor,vor,ADP,mnr,5942,Bild
5946,den,der,DET,nk,5947,Mauern
5947,Mauern,Mauer,NOUN,nk,5945,vor
5948,Roms,Rom,PROPN,ag,5947,Mauern
5949,",",--,PUNCT,punct,5947,Mauern
5950,in,in,ADP,mnr,5942,Bild
5951,dem,der,DET,nk,5952,Augenblick
5952,Augenblick,Augenblick,NOUN,nk,5950,in
5953,",",--,PUNCT,punct,5942,Bild
5954,wo,wo,SCONJ,cp,5964,trachten
5955,Mutter,Mutter,NOUN,sb,5964,trachten
5956,",",--,PUNCT,punct,5955,Mutter
5957,Gattin,Gattin,NOUN,cj,5955,Mutter
5958,und,und,CCONJ,cd,5957,Gattin
5959,Kinder,Kind,NOUN,cj,5958,und
5960,sein,sein,DET,nk,5961,Herz
5961,Herz,Herz,NOUN,oa,5963,erweichen
5962,zu,zu,PART,pm,5963,erweichen
5963,erweichen,erweichen,VERB,oc,5964,trachten
5964,trachten,trachen,VERB,mo,5966,wollte
5965,",",--,PUNCT,punct,5966,wollte
5966,wollte,wollen,AUX,ROOT,5966,wollte
5967,ihm,ihm,PRON,da,5963,erweichen
5968,jetzt,jetzt,ADV,mo,5966,wollte
5969,auch,auch,ADV,mo,5974,gelingen
5970,nicht,nicht,PART,ng,5974,gelingen
5971,mehr,mehr,ADV,mo,5970,nicht
5972,nach,nach,ADP,mo,5974,gelingen
5973,Wunsch,Wunsch,NOUN,nk,5972,nach
5974,gelingen,gelingen,VERB,ROOT,5974,gelingen
5975,",",--,PUNCT,punct,5974,gelingen
5976,und,und,CCONJ,cd,5974,gelingen
5977,er,er,PRON,sb,5978,ärgerte
5978,ärgerte,ärgern,VERB,cj,5976,und
5979,sich,sich,PRON,oa,5978,ärgerte
5980,",",--,PUNCT,punct,5978,ärgerte
5981,daß,daß,SCONJ,cp,5983,Held
5982,sein,sein,DET,nk,5983,Held
5983,Held,Held,NOUN,oc,5978,ärgerte
5984,",",--,PUNCT,punct,5978,ärgerte
5985,ob,ob,SCONJ,ROOT,5985,ob
5986,zufällig,zufällig,ADV,ROOT,5986,zufällig
5987,oder,oder,CCONJ,cd,5986,zufällig
5988,durch,durch,ADP,cj,5987,oder
5989,eine,ein,DET,nk,5993,Einwirkung
5990,ihm,ihm,PRON,da,5992,unbekannte
5991,selbst,selbst,ADV,mnr,5990,ihm
5992,unbekannte,unbekannt,ADJ,nk,5993,Einwirkung
5993,Einwirkung,Einwirkung,NOUN,nk,5988,durch
5994,",",--,PUNCT,punct,5993,Einwirkung
5995,viel,viel,DET,nk,5996,Aehnliches
5996,Aehnliches,aehnliche,NOUN,cj,5993,Einwirkung
5997,mit,mit,ADP,mnr,5996,Aehnliches
5998,Wildenfels,Wildenfel,PROPN,sb,5999,hatte
5999,hatte,haben,VERB,ROOT,5999,hatte
6000,.,--,PUNCT,punct,5999,hatte
6001,Alle,aller,DET,nk,6002,Stunden
6002,Stunden,Stunde,NOUN,mo,6003,rückte
6003,rückte,rücken,VERB,ROOT,6003,rückte
6004,er,er,PRON,sb,6003,rückte
6005,an,an,ADP,mo,6003,rückte
6006,dem,der,DET,nk,6007,Gliedermann
6007,Gliedermann,Gliedermann,NOUN,nk,6005,an
6008,",",--,PUNCT,punct,6007,Gliedermann
6009,nach,nach,ADP,mo,6003,rückte
6010,welchem,welcher,PRON,nk,6009,nach
6011,er,er,PRON,sb,6003,rückte
6012,die,der,DET,nk,6013,Gewänder
6013,Gewänder,Gewänder,NOUN,sb,6014,malte
6014,malte,malen,VERB,sb,6016,setzte
6015,",",--,PUNCT,punct,6016,setzte
6016,setzte,setzen,VERB,ROOT,6016,setzte
6017,ihm,ihm,PRON,da,6016,setzte
6018,den,der,DET,nk,6019,Helm
6019,Helm,Helm,NOUN,oa,6016,setzte
6020,anders,anders,ADV,mo,6016,setzte
6021,auf,auf,ADP,svp,6016,setzte
6022,",",--,PUNCT,punct,6016,setzte
6023,suchte,suchen,VERB,cj,6016,setzte
6024,neu,neu,ADV,mo,6023,suchte
6025,«,--,PUNCT,punct,6016,setzte
6026,Mantelfaltenwürfe,Mantelfaltenwurf,NOUN,ROOT,6026,Mantelfaltenwürfe
6027,und,und,CCONJ,cd,6026,Mantelfaltenwürfe
6028,war,sein,AUX,cj,6027,und
6029,überhaupt,überhaupt,ADV,mo,6030,noch
6030,noch,noch,ADV,mo,6028,war
6031,heftiger,heftig,ADV,pd,6028,war
6032,und,und,CCONJ,cd,6031,heftiger
6033,auffahrender,auffahrend,ADV,cj,6032,und
6034,als,als,ADP,cm,6035,sonst
6035,sonst,sonst,ADV,cc,6031,heftiger
6036,.,--,PUNCT,punct,6026,Mantelfaltenwürfe
6037,10,10,NUM,ROOT,6037,10
6038,Alle,aller,DET,nk,6039,Montag
6039,Montag,Montag,NOUN,oa,6041,brachte
6040,Abende,Abend,NOUN,nk,6039,Montag
6041,brachte,bringen,VERB,ROOT,6041,brachte
6042,er,er,PRON,sb,6041,brachte
6043,im,in,ADP,mo,6041,brachte
6044,Künstlerklubb,Künstlerklubb,NOUN,nk,6043,im
6045,zu,zu,ADP,svp,6041,brachte
6046,;,--,PUNCT,punct,6041,brachte
6047,und,und,CCONJ,ju,6048,dieß
6048,dieß,dassen,VERB,ROOT,6048,dieß
6049,Mal,Mal,NOUN,mo,6050,räumte
6050,räumte,räumen,VERB,cj,6048,dieß
6051,er,er,PRON,sb,6050,räumte
6052,früher,früh,ADV,ROOT,6052,früher
6053,als,als,ADP,cm,6054,gewöhnlich
6054,gewöhnlich,gewöhnlich,ADV,cc,6052,früher
6055,mit,mit,ADP,cc,6052,früher
6056,dem,der,DET,nk,6057,Gliedermann
6057,Gliedermann,Gliedermann,NOUN,nk,6055,mit
6058,",",--,PUNCT,punct,6057,Gliedermann
6059,der,der,DET,nk,6060,Staffelei
6060,Staffelei,Staffelei,NOUN,cj,6057,Gliedermann
6061,und,und,CCONJ,cd,6060,Staffelei
6062,der,der,DET,nk,6063,Palette
6063,Palette,Palette,NOUN,cj,6061,und
6064,auf,auf,ADP,svp,6052,früher
6065,",",--,PUNCT,punct,6052,früher
6066,stellte,stellen,VERB,ROOT,6066,stellte
6067,alles,alle,PRON,sb,6066,stellte
6068,in,in,ADP,mo,6066,stellte
6069,das,der,DET,nk,6070,Nebenzimmer
6070,Nebenzimmer,Nebenzimmer,NOUN,nk,6068,in
6071,",",--,PUNCT,punct,6066,stellte
6072,griff,greifen,VERB,cj,6066,stellte
6073,dann,dann,ADV,mo,6072,griff
6074,nach,nach,ADP,mo,6072,griff
6075,dem,der,DET,nk,6076,Hut
6076,Hut,Hut,NOUN,nk,6074,nach
6077,und,und,CCONJ,cd,6072,griff
6078,sagte,sagen,VERB,cj,6077,und
6079,der,der,DET,nk,6080,Tochter
6080,Tochter,Tochter,NOUN,da,6078,sagte
6081,ein,ein,DET,nk,6083,Lebewohl
6082,zerstreutes,zerstreut,ADJ,nk,6083,Lebewohl
6083,Lebewohl,Lebewohl,NOUN,ROOT,6083,Lebewohl
6084,.,--,PUNCT,punct,6083,Lebewohl
6085,In,in,ADP,mo,6088,war's
6086,der,der,DET,nk,6087,Gesellschaft
6087,Gesellschaft,Gesellschaft,NOUN,nk,6085,In
6088,war's,war's,VERB,ROOT,6088,war's
6089,ihm,ihm,PRON,da,6088,war's
6090,auch,auch,ADV,mo,6088,war's
6091,nicht,nicht,PART,ng,6088,war's
6092,behaglich,behaglich,ADV,mo,6088,war's
6093,.,--,PUNCT,punct,6088,war's
6094,Er,er,PRON,sb,6095,nahm
6095,nahm,nehmen,VERB,ROOT,6095,nahm
6096,keinen,kein,DET,nk,6097,Antheil
6097,Antheil,Antheil,NOUN,oa,6095,nahm
6098,an,an,ADP,svp,6095,nahm
6099,den,der,DET,nk,6101,Gesprächen
6100,verschiedenen,verschieden,ADJ,nk,6101,Gesprächen
6101,Gesprächen,Gespräch,NOUN,ROOT,6101,Gesprächen
6102,über,über,ADP,op,6101,Gesprächen
6103,Kunstgegenstände,Kunstgegenstand,NOUN,nk,6102,über
6104,",",--,PUNCT,punct,6103,Kunstgegenstände
6105,die,der,PRON,sb,6108,liebste
6106,sonst,sonst,ADV,mo,6108,liebste
6107,seine,sein,DET,nk,6108,liebste
6108,liebste,liebste,NOUN,cj,6101,Gesprächen
6109,Erholung,Erholung,NOUN,pd,6110,waren
6110,waren,sein,AUX,ROOT,6110,waren
6111,;,--,PUNCT,punct,6110,waren
6112,und,und,CCONJ,ju,6114,fiel
6113,plötzlich,plötzlich,ADV,mo,6114,fiel
6114,fiel,fallen,VERB,ROOT,6114,fiel
6115,ihm,ihm,PRON,da,6114,fiel
6116,ein,ein,ADV,svp,6114,fiel
6117,",",--,PUNCT,punct,6114,fiel
6118,der,der,DET,nk,6120,Coriolan
6119,Wildenfelsische,Wildenfelsische,ADJ,nk,6120,Coriolan
6120,Coriolan,Coriolan,NOUN,sb,6121,müsse
6121,müsse,müssen,AUX,oc,6114,fiel
6122,ganz,ganz,ADV,mo,6123,umgeändert
6123,umgeändert,umgeänderen,VERB,oc,6124,werden
6124,werden,werden,AUX,ROOT,6124,werden
6125,;,--,PUNCT,punct,6124,werden
6126,diesen,dieser,DET,nk,6128,Burschen
6127,verführerischen,verführerisch,ADJ,nk,6128,Burschen
6128,Burschen,Bursch,NOUN,da,6129,wolle
6129,wolle,wollen,AUX,ROOT,6129,wolle
6130,er,er,PRON,sb,6129,wolle
6131,nicht,nicht,PART,ng,6129,wolle
6132,verewigen,verewigen,VERB,ROOT,6132,verewigen
6133,und,und,CCONJ,cd,6132,verewigen
6134,gleichsam,gleichsam,ADV,mo,6135,mit
6135,mit,mit,ADP,cj,6133,und
6136,Gewalt,Gewalt,NOUN,nk,6135,mit
6137,seiner,sein,DET,nk,6138,Tochter
6138,Tochter,Tochter,NOUN,ag,6136,Gewalt
6139,vor,vor,ADP,mo,6132,verewigen
6140,die,der,DET,nk,6141,Augen
6141,Augen,Auge,NOUN,nk,6139,vor
6142,und,und,CCONJ,cd,6139,vor
6143,ins,in,ADP,cj,6142,und
6144,Herz,Herz,NOUN,nk,6143,ins
6145,pflanzen,pflanzen,VERB,ROOT,6145,pflanzen
6146,.,--,PUNCT,punct,6145,pflanzen
6147,Er,er,PRON,sb,6148,dachte
6148,dachte,dachen,VERB,ROOT,6148,dachte
6149,sich,sich,PRON,oa,6148,dachte
6150,die,der,DET,nk,6152,Stellung
6151,neue,neu,ADJ,nk,6152,Stellung
6152,Stellung,Stellung,NOUN,sb,6148,dachte
6153,",",--,PUNCT,punct,6148,dachte
6154,und,und,CCONJ,cd,6148,dachte
6155,ob,ob,SCONJ,cj,6154,und
6156,es,es,PRON,sb,6155,ob
6157,gleich,gleich,ADV,mo,6160,nicht
6158,noch,noch,ADV,mo,6160,nicht
6159,lange,lange,ADV,mo,6160,nicht
6160,nicht,nicht,PART,ng,6155,ob
6161,Zeit,Zeit,NOUN,pd,6164,war
6162,zum,zu,ADP,mo,6164,war
6163,Aufbruche,Aufbruche,NOUN,nk,6162,zum
6164,war,sein,AUX,mo,6166,eilte
6165,",",--,PUNCT,punct,6166,eilte
6166,eilte,eilen,VERB,ROOT,6166,eilte
6167,er,er,PRON,sb,6166,eilte
6168,nach,nach,ADP,mo,6166,eilte
6169,Hause,Haus,NOUN,nk,6168,nach
6170,",",--,PUNCT,punct,6166,eilte
6171,um,um,SCONJ,op,6166,eilte
6172,sogleich,sogleich,ADV,mo,6171,um
6173,noch,noch,ADV,mo,6175,Gliedermann
6174,dem,der,DET,nk,6175,Gliedermann
6175,Gliedermann,Gliedermann,NOUN,nk,6171,um
6176,die,der,DET,nk,6177,Positur
6177,Positur,Positur,NOUN,ROOT,6177,Positur
6178,für,für,ADP,mnr,6177,Positur
6179,den,der,DET,nk,6181,Morgen
6180,folgenden,folgend,ADJ,nk,6181,Morgen
6181,Morgen,Morgen,NOUN,nk,6178,für
6182,zu,zu,PART,pm,6183,geben
6183,geben,geben,VERB,oc,6177,Positur
6184,.,--,PUNCT,punct,6177,Positur
6185,11,11,NUM,ROOT,6185,11
6186,Er,er,PRON,sb,6187,schellte
6187,schellte,schellen,VERB,ROOT,6187,schellte
6188,an,an,ADP,mo,6187,schellte
6189,seiner,sein,DET,nk,6191,Hausthüre
6190,wohlverschlossenen,wohlverschlossen,ADJ,nk,6191,Hausthüre
6191,Hausthüre,Hausthüre,NOUN,nk,6188,an
6192,;,--,PUNCT,punct,6187,schellte
6193,allein,allein,ADV,mo,6198,im
6194,",",--,PUNCT,punct,6198,im
6195,obgleich,obgleich,SCONJ,cp,6198,im
6196,er,er,PRON,sb,6198,im
6197,oben,oben,ADV,mo,6198,im
6198,im,in,ADP,ROOT,6198,im
6199,Zimmer,Zimmer,NOUN,nk,6200,Licht
6200,Licht,Licht,NOUN,oa,6201,sah
6201,sah,sehen,VERB,sb,6203,ward
6202,",",--,PUNCT,punct,6203,ward
6203,ward,werden,VERB,ROOT,6203,ward
6204,doch,doch,ADV,mo,6203,ward
6205,nicht,nicht,PART,ng,6206,aufgemacht
6206,aufgemacht,aufmachen,VERB,oc,6203,ward
6207,.,--,PUNCT,punct,6203,ward
6208,Nun,nun,ADV,mo,6209,schellte
6209,schellte,schelln,VERB,ROOT,6209,schellte
6210,er,er,PRON,sb,6209,schellte
6211,stärker,stark,ADV,mo,6209,schellte
6212,;,--,PUNCT,punct,6209,schellte
6213,Angelika,Angelika,PROPN,ROOT,6213,Angelika
6214,sah,sehen,VERB,ROOT,6214,sah
6215,aus,aus,ADP,mo,6214,sah
6216,dem,der,DET,nk,6217,Fenster
6217,Fenster,Fenster,NOUN,nk,6215,aus
6218,und,und,CCONJ,cd,6214,sah
6219,rief,rufen,VERB,cj,6218,und
6220,:,--,PUNCT,punct,6219,rief
6221,»,--,PUNCT,punct,6222,Gleich
6222,Gleich,gleich,ADV,oc,6219,rief
6223,",",--,PUNCT,punct,6222,Gleich
6224,sogleich,sogleich,ADV,mo,6225,Vater
6225,Vater,Vater,NOUN,cj,6222,Gleich
6226,!,--,PUNCT,punct,6214,sah
6227,«,--,PUNCT,punct,6214,sah
6228,und,und,CCONJ,cd,6214,sah
6229,dennoch,dennoch,ADV,mo,6230,dauerte
6230,dauerte,dauern,VERB,cj,6228,und
6231,es,es,PRON,sb,6230,dauerte
6232,wieder,wieder,ADV,mo,6235,Weile
6233,eine,ein,DET,nk,6235,Weile
6234,gute,gut,ADJ,nk,6235,Weile
6235,Weile,Weile,NOUN,ROOT,6235,Weile
6236,",",--,PUNCT,punct,6235,Weile
6237,bis,bis,SCONJ,cp,6242,zog
6238,sie,sie,PRON,sb,6242,zog
6239,endlich,endlich,ADV,mo,6242,zog
6240,die,der,DET,nk,6241,Klinke
6241,Klinke,Klinke,NOUN,oa,6242,zog
6242,zog,ziehen,VERB,mo,6235,Weile
6243,",",--,PUNCT,punct,6235,Weile
6244,und,und,CCONJ,cd,6235,Weile
6245,ihm,ihm,PRON,cj,6244,und
6246,dann,dann,ADV,mo,6244,und
6247,ganz,ganz,ADV,mo,6244,und
6248,verstört,verstören,VERB,mo,6253,kam
6249,mit,mit,ADP,mo,6253,kam
6250,dem,der,DET,nk,6251,Licht
6251,Licht,Licht,NOUN,nk,6249,mit
6252,entgegen,entgegen,ADP,mo,6253,kam
6253,kam,kommen,VERB,ROOT,6253,kam
6254,.,--,PUNCT,punct,6253,kam
6255,»,--,PUNCT,punct,6257,ist
6256,Was,was,PRON,sb,6257,ist
6257,ist,sein,AUX,oc,6265,frug
6258,dir,dir,PRON,sb,6257,ist
6259,denn,denn,ADV,mo,6257,ist
6260,",",--,PUNCT,punct,6257,ist
6261,mein,mein,DET,nk,6262,Kind
6262,Kind,Kind,NOUN,pd,6257,ist
6263,«,--,PUNCT,punct,6257,ist
6264,",",--,PUNCT,punct,6265,frug
6265,frug,frug,VERB,ROOT,6265,frug
6266,Schönfeld,Schönfeld,PROPN,sb,6265,frug
6267,",",--,PUNCT,punct,6265,frug
6268,»,--,PUNCT,punct,6265,frug
6269,und,und,CCONJ,cd,6265,frug
6270,warum,warum,ADV,mo,6271,lässest
6271,lässest,lässest,VERB,cj,6269,und
6272,du,du,PRON,sb,6271,lässest
6273,mich,sich,PRON,oa,6271,lässest
6274,so,so,ADV,mo,6271,lässest
6275,lang,lang,ADV,mo,6277,warten
6276,unten,unten,ADV,mo,6277,warten
6277,warten,warten,VERB,ROOT,6277,warten
6278,?,--,PUNCT,punct,6277,warten
6279,«,--,PUNCT,ROOT,6279,«
6280,»,--,PUNCT,punct,6282,glaubte
6281,Ich,ich,PRON,sb,6282,glaubte
6282,glaubte,glauben,VERB,ROOT,6282,glaubte
6283,",",--,PUNCT,punct,6282,glaubte
6284,mein,mein,DET,nk,6286,Vater
6285,lieber,lieb,ADJ,nk,6286,Vater
6286,Vater,Vater,NOUN,sb,6282,glaubte
6287,...,--,PUNCT,punct,6282,glaubte
6288,ich,ich,PRON,sb,6289,fürchtete
6289,fürchtete,fürchten,VERB,oc,6282,glaubte
6290,",",--,PUNCT,punct,6289,fürchtete
6291,es,es,PRON,sb,6292,sei
6292,sei,sein,AUX,oc,6289,fürchtete
6293,Ihnen,ihnen,PRON,da,6295,begegnet
6294,etwas,etwas,PRON,oa,6295,begegnet
6295,begegnet,begegnen,VERB,oc,6292,sei
6296,",",--,PUNCT,punct,6289,fürchtete
6297,weil,weil,SCONJ,cp,6301,spät
6298,Sie,sie,PRON,sb,6301,spät
6299,heute,heute,ADV,mo,6301,spät
6300,so,so,ADV,mo,6301,spät
6301,spät,spät,ADV,mo,6304,meine
6302,...,--,PUNCT,punct,6301,spät
6303,ich,ich,PRON,sb,6304,meine
6304,meine,meinen,VERB,ROOT,6304,meine
6305,",",--,PUNCT,punct,6304,meine
6306,weil,weil,SCONJ,cp,6311,heimkommen
6307,Sie,sie,PRON,sb,6311,heimkommen
6308,so,so,ADV,mo,6310,früh
6309,ungewöhnlich,ungewöhnlich,ADV,mo,6310,früh
6310,früh,früh,ADV,mo,6311,heimkommen
6311,heimkommen,heimkommen,VERB,mo,6304,meine
6312,",",--,PUNCT,punct,6304,meine
6313,deßwegen,deßwegen,ADV,mo,6314,bin
6314,bin,sein,AUX,oc,6320,stammelte
6315,ich,ich,PRON,sb,6314,bin
6316,ganz,ganz,ADV,mo,6317,erschrocken
6317,erschrocken,erschrocken,VERB,oc,6314,bin
6318,«,--,PUNCT,punct,6314,bin
6319,",",--,PUNCT,punct,6320,stammelte
6320,stammelte,stammeln,VERB,ROOT,6320,stammelte
6321,das,der,DET,nk,6322,Mädchen
6322,Mädchen,Mädchen,NOUN,sb,6320,stammelte
6323,",",--,PUNCT,punct,6320,stammelte
6324,»,--,PUNCT,punct,6326,haben
6325,Gewiß,gewiß,ADV,mo,6326,haben
6326,haben,haben,AUX,cj,6314,bin
6327,Sie,sie,PRON,sb,6326,haben
6328,die,der,DET,dep,6320,stammelte
6329,Tabakdose,Tabakdose,NOUN,oa,6330,vergessen
6330,vergessen,vergessen,VERB,ROOT,6330,vergessen
6331,und,und,CCONJ,cd,6330,vergessen
6332,kommen,kommen,VERB,cj,6331,und
6333,sie,sie,PRON,sb,6332,kommen
6334,zu,zu,PART,pm,6335,holen
6335,holen,holen,VERB,oc,6332,kommen
6336,.,--,PUNCT,punct,6330,vergessen
6337,Ich,ich,PRON,sb,6338,will
6338,will,wollen,AUX,ROOT,6338,will
6339,sie,sie,PRON,oa,6341,suchen
6340,Ihnen,ihnen,PRON,da,6341,suchen
6341,suchen,suchen,VERB,oc,6338,will
6342,.,--,PUNCT,punct,6338,will
6343,«,--,PUNCT,ROOT,6343,«
6344,»,--,PUNCT,punct,6347,Angelika
6345,Nein,nein,PART,dm,6347,Angelika
6346,",",--,PUNCT,punct,6345,Nein
6347,Angelika,Angelika,PROPN,sb,6350,sprach
6348,«,--,PUNCT,punct,6347,Angelika
6349,",",--,PUNCT,punct,6350,sprach
6350,sprach,sprechen,VERB,ROOT,6350,sprach
6351,Schönfeld,Schönfeld,PROPN,sb,6350,sprach
6352,",",--,PUNCT,punct,6350,sprach
6353,»,--,PUNCT,punct,6355,will
6354,ich,ich,PRON,sb,6355,will
6355,will,wollen,AUX,oc,6350,sprach
6356,nur,nur,ADV,mo,6358,Mannequin
6357,den,der,DET,nk,6358,Mannequin
6358,Mannequin,Mannequin,NOUN,oa,6360,stellen
6359,anders,anders,ADV,mo,6360,stellen
6360,stellen,stellen,VERB,oc,6355,will
6361,.,--,PUNCT,punct,6350,sprach
6362,Gib,Gib,NOUN,ROOT,6362,Gib
6363,mir,mir,PRON,da,6362,Gib
6364,das,der,DET,nk,6365,Licht
6365,Licht,Licht,NOUN,oa,6362,Gib
6366,!,--,PUNCT,punct,6362,Gib
6367,«,--,PUNCT,punct,6362,Gib
6368,»,--,PUNCT,punct,6372,geht
6369,Aber,aber,CCONJ,ju,6372,geht
6370,bei,bei,ADP,mo,6372,geht
6371,Nacht,Nacht,NOUN,nk,6370,bei
6372,geht,gehen,VERB,oc,6379,meinte
6373,das,der,PRON,sb,6372,geht
6374,nicht,nicht,PART,ng,6375,wohl
6375,wohl,wohl,ADV,mo,6372,geht
6376,an,an,ADP,svp,6372,geht
6377,«,--,PUNCT,punct,6372,geht
6378,",",--,PUNCT,punct,6379,meinte
6379,meinte,meinen,VERB,ROOT,6379,meinte
6380,Angelika,Angelika,PROPN,sb,6379,meinte
6381,;,--,PUNCT,punct,6379,meinte
6382,»,--,PUNCT,punct,6384,könnten
6383,Sie,sie,PRON,sb,6384,könnten
6384,könnten,können,AUX,ROOT,6384,könnten
6385,etwas,etwas,PRON,oa,6384,könnten
6386,dran,dran,ADV,mo,6387,verderben
6387,verderben,verderben,VERB,ROOT,6387,verderben
6388,.,--,PUNCT,punct,6387,verderben
6389,Ich,ich,PRON,sb,6390,denke
6390,denke,denken,VERB,ROOT,6390,denke
6391,",",--,PUNCT,punct,6390,denke
6392,ich,ich,PRON,sb,6393,bringe
6393,bringe,bringen,VERB,oc,6390,denke
6394,Ihnen,ihnen,PRON,da,6393,bringe
6395,den,der,DET,nk,6396,Gliedermann
6396,Gliedermann,Gliedermann,NOUN,oa,6393,bringe
6397,heraus,heraus,ADV,svp,6393,bringe
6398,.,--,PUNCT,punct,6390,denke
6399,«,--,PUNCT,punct,6390,denke
6400,»,--,PUNCT,punct,6404,Kind
6401,Nicht,nicht,PART,ng,6404,Kind
6402,doch,doch,ADV,mo,6404,Kind
6403,",",--,PUNCT,punct,6404,Kind
6404,Kind,Kind,NOUN,ROOT,6404,Kind
6405,!,--,PUNCT,punct,6404,Kind
6406,Gib,Gib,NOUN,mo,6413,brummte
6407,mir,mir,PRON,da,6406,Gib
6408,nur,nur,ADV,mo,6410,Licht
6409,das,der,DET,nk,6410,Licht
6410,Licht,Licht,NOUN,pd,6406,Gib
6411,«,--,PUNCT,punct,6410,Licht
6412,",",--,PUNCT,punct,6413,brummte
6413,brummte,brummen,VERB,ROOT,6413,brummte
6414,der,der,DET,nk,6415,Vater
6415,Vater,Vater,NOUN,sb,6413,brummte
6416,.,--,PUNCT,punct,6413,brummte
6417,»,--,PUNCT,punct,6419,will
6418,Ich,ich,PRON,sb,6419,will
6419,will,wollen,AUX,oc,6425,sagte
6420,Ihnen,ihnen,PRON,da,6422,leuchten
6421,schon,schon,ADV,mo,6422,leuchten
6422,leuchten,leuchten,VERB,oc,6419,will
6423,«,--,PUNCT,punct,6419,will
6424,",",--,PUNCT,punct,6425,sagte
6425,sagte,sagen,VERB,ROOT,6425,sagte
6426,Angelika,Angelika,PROPN,sb,6425,sagte
6427,zögernd,zögernd,ADV,mo,6425,sagte
6428,",",--,PUNCT,punct,6425,sagte
6429,trat,treten,VERB,cj,6425,sagte
6430,aber,aber,ADV,mo,6429,trat
6431,nur,nur,ADV,mo,6429,trat
6432,von,von,ADP,mo,6429,trat
6433,der,der,DET,nk,6432,von
6434,Seite,Seite,NOUN,ROOT,6434,Seite
6435,an,an,ADP,mnr,6434,Seite
6436,den,der,DET,nk,6437,Thürpfosten
6437,Thürpfosten,Thürpfost,NOUN,nk,6435,an
6438,und,und,CCONJ,cd,6434,Seite
6439,nicht,nicht,PART,cj,6438,und
6440,hinein,hinein,ADV,mo,6439,nicht
6441,.,--,PUNCT,punct,6434,Seite
6442,»,--,PUNCT,punct,6443,Wird
6443,Wird,werden,AUX,ROOT,6443,Wird
6444,es,es,PRON,sb,6443,Wird
6445,bald,bald,ADV,mo,6443,Wird
6446,?,--,PUNCT,punct,6443,Wird
6447,So,so,ADV,mo,6448,komm
6448,komm,kommn,VERB,ROOT,6448,komm
6449,doch,doch,ADV,mo,6448,komm
6450,näher,nah,ADV,mo,6448,komm
6451,–,--,PUNCT,punct,6448,komm
6452,aber,aber,CCONJ,ju,6457,rief
6453,was,was,PRON,nk,6454,Teufels
6454,Teufels,Teufel,NOUN,cj,6452,aber
6455,«,--,PUNCT,punct,6457,rief
6456,",",--,PUNCT,punct,6457,rief
6457,rief,rufen,VERB,ROOT,6457,rief
6458,Schönfeld,Schönfeld,PROPN,oa,6457,rief
6459,",",--,PUNCT,punct,6457,rief
6460,»,--,PUNCT,punct,6462,bin
6461,ich,ich,PRON,sb,6462,bin
6462,bin,sein,AUX,oc,6457,rief
6463,doch,doch,ADV,mo,6462,bin
6464,nicht,nicht,PART,ng,6462,bin
6465,betrunken,betrunken,ADV,pd,6462,bin
6466,",",--,PUNCT,punct,6457,rief
6467,und,und,CCONJ,cd,6457,rief
6468,sehe,sehen,VERB,cj,6467,und
6469,dennoch,dennoch,ADV,mo,6470,doppelt
6470,doppelt,doppelt,ADV,ROOT,6470,doppelt
6471,!,--,PUNCT,punct,6470,doppelt
6472,Da,da,ADV,mo,6473,liegt
6473,liegt,liegen,VERB,ROOT,6473,liegt
6474,mein,mein,DET,nk,6475,Gliedermann
6475,Gliedermann,Gliedermann,NOUN,sb,6473,liegt
6476,in,in,ADP,mo,6473,liegt
6477,der,der,DET,nk,6478,Ecke
6478,Ecke,Ecke,NOUN,nk,6476,in
6479,",",--,PUNCT,punct,6473,liegt
6480,und,und,CCONJ,cd,6473,liegt
6481,ein,ein,DET,nk,6482,anderer
6482,anderer,anderer,ADJ,sb,6483,steht
6483,steht,stehen,VERB,cj,6480,und
6484,daneben,daneben,ADV,mo,6485,mit
6485,mit,mit,ADP,ROOT,6485,mit
6486,dem,der,DET,nk,6487,Mantel
6487,Mantel,Mantel,NOUN,nk,6485,mit
6488,und,und,CCONJ,cd,6487,Mantel
6489,Helm,Helm,PROPN,pnc,6490,Coriolans
6490,Coriolans,Coriolans,PROPN,cj,6488,und
6491,.,--,PUNCT,punct,6485,mit
6492,Ich,ich,PRON,sb,6493,glaube
6493,glaube,glauben,VERB,ROOT,6493,glaube
6494,–,--,PUNCT,punct,6493,glaube
6495,wahrhaftig,wahrhaftig,ADV,mo,6493,glaube
6496,",",--,PUNCT,punct,6493,glaube
6497,der,der,DET,nk,6498,Kerl
6498,Kerl,Kerl,NOUN,cj,6493,glaube
6499,regt,regen,VERB,ROOT,6499,regt
6500,sich,sich,PRON,oa,6499,regt
6501,!,--,PUNCT,punct,6499,regt
6502,Was,was,PRON,pd,6503,ist
6503,ist,sein,AUX,ROOT,6503,ist
6504,das,der,PRON,pd,6503,ist
6505,?,--,PUNCT,punct,6503,ist
6506,Wie,wie,ADV,mo,6507,kömmt
6507,kömmt,kömmen,VERB,ROOT,6507,kömmt
6508,er,er,PRON,sb,6507,kömmt
6509,da,da,ADV,mo,6507,kömmt
6510,herein,herein,ADV,svp,6507,kömmt
6511,",",--,PUNCT,punct,6507,kömmt
6512,Hausschleicher,Hausschleicher,NOUN,cj,6507,kömmt
6513,",",--,PUNCT,punct,6512,Hausschleicher
6514,Bandit,Bandit,NOUN,cj,6512,Hausschleicher
6515,?,--,PUNCT,punct,6507,kömmt
6516,«,--,PUNCT,ROOT,6516,«
6517,Mit,mit,ADP,mo,6520,stürzte
6518,diesen,dieser,DET,nk,6519,Worten
6519,Worten,Wort,NOUN,nk,6517,Mit
6520,stürzte,stürzen,VERB,ROOT,6520,stürzte
6521,er,er,PRON,sb,6520,stürzte
6522,auf,auf,ADP,mo,6520,stürzte
6523,den,der,DET,nk,6524,Coriolan
6524,Coriolan,Coriolan,NOUN,nk,6522,auf
6525,zu,zu,ADP,svp,6520,stürzte
6526,",",--,PUNCT,punct,6520,stürzte
6527,packte,packen,VERB,cj,6520,stürzte
6528,einen,ein,DET,nk,6529,Unbekannten
6529,Unbekannten,unbekannte,NOUN,oa,6527,packte
6530,bei,bei,ADP,svp,6527,packte
6531,der,der,DET,nk,6532,Kehle
6532,Kehle,Kehle,NOUN,ROOT,6532,Kehle
6533,und,und,CCONJ,cd,6532,Kehle
6534,schleppte,schleppen,VERB,cj,6533,und
6535,ihn,ihn,PRON,oa,6534,schleppte
6536,ins,in,ADP,mo,6534,schleppte
6537,Zimmer,Zimmer,NOUN,nk,6536,ins
6538,.,--,PUNCT,punct,6532,Kehle
6539,Da,da,ADV,mo,6540,polterte
6540,polterte,polteren,VERB,ROOT,6540,polterte
6541,es,es,PRON,sb,6540,polterte
6542,in,in,ADP,mo,6540,polterte
6543,der,der,DET,nk,6544,Kammer
6544,Kammer,Kammer,NOUN,nk,6542,in
6545,.,--,PUNCT,punct,6540,polterte
6546,Schönfeld,Schönfeld,PROPN,sb,6547,ließ
6547,ließ,lassen,VERB,ROOT,6547,ließ
6548,den,der,DET,nk,6549,Coriolan
6549,Coriolan,Coriolan,NOUN,oa,6550,fahren
6550,fahren,fahren,VERB,oc,6547,ließ
6551,und,und,CCONJ,cd,6547,ließ
6552,stürmte,stürmen,VERB,cj,6551,und
6553,hinein,hinein,ADV,ROOT,6553,hinein
6554,.,--,PUNCT,punct,6553,hinein
6555,Eine,ein,DET,nk,6557,Figur
6556,andere,anderer,ADJ,nk,6557,Figur
6557,Figur,Figur,NOUN,sb,6566,hatte
6558,",",--,PUNCT,punct,6557,Figur
6559,die,der,PRON,sb,6564,gewesen
6560,hinter,hinter,ADP,mo,6563,versteckt
6561,der,der,DET,nk,6562,Staffelei
6562,Staffelei,Staffelei,NOUN,nk,6560,hinter
6563,versteckt,verstecken,VERB,pd,6564,gewesen
6564,gewesen,sein,AUX,rc,6557,Figur
6565,",",--,PUNCT,punct,6566,hatte
6566,hatte,haben,AUX,ROOT,6566,hatte
6567,diese,dieser,PRON,sb,6568,umgeworfen
6568,umgeworfen,umgeworfen,VERB,ROOT,6568,umgeworfen
6569,und,und,CCONJ,cd,6568,umgeworfen
6570,war,sein,AUX,cj,6569,und
6571,mit,mit,ADP,mo,6570,war
6572,dem,der,DET,nk,6573,Gesicht
6573,Gesicht,Gesicht,NOUN,nk,6571,mit
6574,gerade,gerade,ADV,mo,6575,in
6575,in,in,ADP,mo,6570,war
6576,die,der,DET,dep,6570,war
6577,auf,auf,ADP,mo,6580,liegende
6578,einem,ein,DET,nk,6579,Stuhl
6579,Stuhl,Stuhl,NOUN,nk,6577,auf
6580,liegende,liegend,ADJ,oc,6570,war
6581,Palette,Palette,NOUN,oa,6582,gefallen
6582,gefallen,fallen,VERB,ROOT,6582,gefallen
6583,.,--,PUNCT,punct,6582,gefallen
6584,»,--,PUNCT,punct,6586,Einer
6585,Noch,noch,ADV,mo,6586,Einer
6586,Einer,einer,PRON,pd,6589,wüthete
6587,!,--,PUNCT,punct,6586,Einer
6588,«,--,PUNCT,dep,6587,!
6589,wüthete,wüthet,VERB,ROOT,6589,wüthete
6590,Schönfeld,Schönfeld,NOUN,oa,6589,wüthete
6591,",",--,PUNCT,punct,6589,wüthete
6592,packte,packen,VERB,cj,6589,wüthete
6593,den,der,DET,oa,6592,packte
6594,sich,sich,PRON,oa,6592,packte
6595,Aufraffenden,Aufraffenden,NOUN,sb,6592,packte
6596,bei,bei,ADP,mo,6592,packte
6597,den,der,DET,nk,6598,Haaren
6598,Haaren,Haar,NOUN,nk,6596,bei
6599,und,und,CCONJ,ROOT,6599,und
6600,schleppte,schleppen,VERB,cj,6599,und
6601,auch,auch,ADV,mo,6602,diesen
6602,diesen,dieser,PRON,oa,6600,schleppte
6603,ins,in,ADP,mo,6600,schleppte
6604,Zimmer,Zimmer,NOUN,nk,6603,ins
6605,.,--,PUNCT,ROOT,6605,.
6606,»,--,PUNCT,punct,6607,Diebe
6607,Diebe,Dieb,NOUN,ROOT,6607,Diebe
6608,!,--,PUNCT,punct,6607,Diebe
6609,Mörder,Mörder,NOUN,pd,6607,Diebe
6610,!,--,PUNCT,punct,6607,Diebe
6611,Hilfe,Hilfe,NOUN,ROOT,6611,Hilfe
6612,",",--,PUNCT,punct,6611,Hilfe
6613,Nachbarn,Nachbar,NOUN,cj,6611,Hilfe
6614,!,--,PUNCT,punct,6611,Hilfe
6615,Mein,mein,DET,ROOT,6615,Mein
6616,Haus,Haus,NOUN,sb,6617,ist
6617,ist,sein,AUX,ROOT,6617,ist
6618,erbrochen,erbrochen,VERB,pd,6617,ist
6619,!,--,PUNCT,punct,6617,ist
6620,Sie,sie,PRON,sb,6621,wollen
6621,wollen,wollen,AUX,ROOT,6621,wollen
6622,meine,mein,DET,nk,6623,Skizzen
6623,Skizzen,Skizze,NOUN,oa,6624,stehlen
6624,stehlen,stehlen,VERB,oc,6621,wollen
6625,",",--,PUNCT,punct,6621,wollen
6626,sie,sie,PRON,sb,6627,wollen
6627,wollen,wollen,AUX,cj,6621,wollen
6628,meine,mein,DET,oc,6627,wollen
6629,Kunstschätze,Kunstschatz,NOUN,sb,6630,plündern
6630,plündern,plündern,VERB,ROOT,6630,plündern
6631,!,--,PUNCT,punct,6630,plündern
6632,Aber,aber,CCONJ,ju,6635,Teufel
6633,–,--,PUNCT,punct,6632,Aber
6634,alle,aller,DET,nk,6635,Teufel
6635,Teufel,Teufel,NOUN,ROOT,6635,Teufel
6636,!,--,PUNCT,punct,6635,Teufel
6637,Da,da,ADV,mo,6638,regt
6638,regt,regen,VERB,ROOT,6638,regt
6639,sich's,sich's,PROPN,mo,6638,regt
6640,noch,noch,ADV,mo,6638,regt
6641,!,--,PUNCT,punct,6638,regt
6642,Da,da,ADV,mo,6643,kömmt
6643,kömmt,kömmen,VERB,ROOT,6643,kömmt
6644,noch,noch,ADV,mo,6643,kömmt
6645,mehr,mehr,ADV,ROOT,6645,mehr
6646,!,--,PUNCT,punct,6645,mehr
6647,Es,es,PRON,sb,6648,ist
6648,ist,sein,AUX,ROOT,6648,ist
6649,eine,ein,DET,nk,6651,Bande
6650,ganze,ganz,ADJ,nk,6651,Bande
6651,Bande,Bande,NOUN,pd,6648,ist
6652,!,--,PUNCT,punct,6648,ist
6653,«,--,PUNCT,punct,6648,ist
6654,In,in,ADP,mo,6657,kam
6655,der,der,DET,nk,6656,That
6656,That,That,NOUN,nk,6654,In
6657,kam,kommen,VERB,ROOT,6657,kam
6658,aus,aus,ADP,mo,6657,kam
6659,dem,der,DET,nk,6660,Dunkel
6660,Dunkel,Dunkel,NOUN,nk,6658,aus
6661,hinter,hinter,ADP,mo,6657,kam
6662,den,der,DET,nk,6663,Vorhängen
6663,Vorhängen,Vorhang,NOUN,nk,6661,hinter
6664,hervor,hervor,ADV,svp,6657,kam
6665,noch,noch,ADV,mo,6667,Dritter
6666,ein,ein,DET,nk,6667,Dritter
6667,Dritter,dritter,NOUN,sb,6657,kam
6668,und,und,CCONJ,cd,6667,Dritter
6669,zog,ziehen,VERB,ROOT,6669,zog
6670,einen,ein,DET,nk,6671,Vierten
6671,Vierten,Vierten,NOUN,oa,6669,zog
6672,am,an,ADP,mnr,6671,Vierten
6673,Arme,Arm,NOUN,nk,6672,am
6674,nach,nach,ADP,mo,6669,zog
6675,sich,sich,PRON,nk,6674,nach
6676,",",--,PUNCT,punct,6669,zog
6677,in,in,ADP,mo,6682,Schönfeld
6678,welchem,welcher,PRON,nk,6677,in
6679,der,der,DET,nk,6682,Schönfeld
6680,ganz,ganz,ADV,mo,6681,verdutzte
6681,verdutzte,verdutzt,ADJ,nk,6682,Schönfeld
6682,Schönfeld,Schönfeld,NOUN,dep,6669,zog
6683,bei,bei,ADP,mo,6689,erkannte
6684,schärferm,schärferm,DET,nk,6685,Anstarren
6685,Anstarren,Anstarren,NOUN,nk,6683,bei
6686,den,der,DET,sb,6689,erkannte
6687,–,--,PUNCT,punct,6689,erkannte
6688,Wildenfels,Wildenfel,NOUN,oa,6689,erkannte
6689,erkannte,erkennen,VERB,ROOT,6689,erkannte
6690,.,--,PUNCT,punct,6689,erkannte
6691,Aber,aber,CCONJ,ju,6694,warf
6692,seine,sein,DET,nk,6693,Tochter
6693,Tochter,Tochter,NOUN,sb,6694,warf
6694,warf,werfen,VERB,ROOT,6694,warf
6695,sich,sich,PRON,oa,6694,warf
6696,ihm,ihm,PRON,da,6694,warf
6697,zu,zu,ADP,op,6694,warf
6698,Füßen,Fuß,NOUN,nk,6697,zu
6699,und,und,CCONJ,cd,6694,warf
6700,stöhnte,stöhnen,VERB,cj,6699,und
6701,händeringend,händeringend,ADV,mo,6700,stöhnte
6702,:,--,PUNCT,punct,6700,stöhnte
6703,»,--,PUNCT,punct,6704,Vater
6704,Vater,Vater,NOUN,oc,6700,stöhnte
6705,",",--,PUNCT,punct,6704,Vater
6706,um,um,SCONJ,op,6694,warf
6707,aller,aller,DET,nk,6708,Heiligen
6708,Heiligen,heilige,NOUN,nk,6709,willen
6709,willen,willen,ADP,ROOT,6709,willen
6710,!,--,PUNCT,punct,6709,willen
6711,Vergreifen,vergreifen,VERB,ROOT,6711,Vergreifen
6712,Sie,sie,PRON,sb,6711,Vergreifen
6713,sich,sich,PRON,oa,6711,Vergreifen
6714,nicht,nicht,PART,ng,6711,Vergreifen
6715,!,--,PUNCT,punct,6711,Vergreifen
6716,Es,es,PRON,sb,6717,sind
6717,sind,sein,AUX,ROOT,6717,sind
6718,keine,kein,DET,nk,6719,Diebe
6719,Diebe,Dieb,NOUN,pd,6717,sind
6720,!,--,PUNCT,punct,6717,sind
6721,Es,es,PRON,ROOT,6721,Es
6722,sind,sein,AUX,ROOT,6722,sind
6723,...,--,PUNCT,punct,6722,sind
6724,es,es,PRON,ph,6725,sind
6725,sind,sein,AUX,da,6722,sind
6726,ja,ja,ADV,mo,6725,sind
6727,nur,nur,ADV,mo,6729,Studenten
6728,die,der,DET,nk,6729,Studenten
6729,Studenten,Student,NOUN,pd,6725,sind
6730,!,--,PUNCT,punct,6722,sind
6731,«,--,PUNCT,punct,6722,sind
6732,»,--,PUNCT,punct,6739,rief
6733,Was,was,PRON,oa,6739,rief
6734,",",--,PUNCT,punct,6733,Was
6735,die,der,DET,nk,6736,Studenten
6736,Studenten,Student,NOUN,app,6733,Was
6737,!,--,PUNCT,punct,6739,rief
6738,«,--,PUNCT,punct,6739,rief
6739,rief,rufen,VERB,ROOT,6739,rief
6740,Schönfeld,Schönfeld,PROPN,sb,6739,rief
6741,.,--,PUNCT,punct,6739,rief
6742,»,--,PUNCT,ROOT,6742,»
6743,Wie,wie,ADV,mo,6751,wende
6744,?,--,PUNCT,punct,6743,Wie
6745,und,und,CCONJ,cd,6751,wende
6746,so,so,ADV,mo,6747,bald
6747,bald,bald,ADV,mo,6751,wende
6748,ich,ich,PRON,sb,6751,wende
6749,den,der,DET,nk,6750,Rücken
6750,Rücken,Rücken,NOUN,oa,6751,wende
6751,wende,wenden,VERB,ROOT,6751,wende
6752,",",--,PUNCT,punct,6751,wende
6753,öffnest,öffnest,X,pnc,6754,du
6754,du,du,PRON,ROOT,6754,du
6755,mein,mein,DET,nk,6756,Haus
6756,Haus,Haus,NOUN,sb,6759,Gesellen
6757,diesen,dieser,DET,nk,6759,Gesellen
6758,lockern,lockern,VERB,nk,6759,Gesellen
6759,Gesellen,Geselle,NOUN,oa,6761,schämst
6760,;,--,PUNCT,punct,6761,schämst
6761,schämst,schämsen,VERB,ROOT,6761,schämst
6762,dich,dich,PRON,oa,6761,schämst
6763,nicht,nicht,PART,ng,6761,schämst
6764,",",--,PUNCT,punct,6761,schämst
6765,dich,dich,PRON,dep,6761,schämst
6766,mit,mit,ADP,svp,6761,schämst
6767,ihnen,ihnen,PRON,da,6768,einzusperren
6768,einzusperren,einzusperren,VERB,ROOT,6768,einzusperren
6769,",",--,PUNCT,punct,6768,einzusperren
6770,und,und,CCONJ,cd,6768,einzusperren
6771,lässest,lässest,ADV,mo,6778,warten
6772,den,der,DET,nk,6773,Vater
6773,Vater,Vater,NOUN,oa,6778,warten
6774,draußen,draußen,ADV,mo,6778,warten
6775,auf,auf,ADP,op,6778,warten
6776,der,der,DET,nk,6777,Gasse
6777,Gasse,Gasse,NOUN,nk,6775,auf
6778,warten,warten,VERB,cj,6770,und
6779,?,--,PUNCT,punct,6768,einzusperren
6780,Du,du,PRON,ROOT,6780,Du
6781,pflichtvergessene,pflichtvergessen,ADJ,nk,6782,Dirne
6782,Dirne,Dirn,NOUN,ROOT,6782,Dirne
6783,!,--,PUNCT,punct,6782,Dirne
6784,Ist,sein,AUX,ROOT,6784,Ist
6785,das,der,PRON,sb,6784,Ist
6786,die,der,DET,nk,6787,Frucht
6787,Frucht,Frucht,NOUN,pd,6784,Ist
6788,meiner,mein,DET,nk,6789,Ermahnungen
6789,Ermahnungen,Ermahnung,NOUN,ag,6787,Frucht
6790,?,--,PUNCT,punct,6784,Ist
6791,das,der,PRON,ROOT,6791,das
6792,der,der,DET,nk,6793,Lohn
6793,Lohn,Lohn,NOUN,sb,6791,das
6794,meiner,mein,DET,nk,6795,Liebe
6795,Liebe,Liebe,NOUN,ROOT,6795,Liebe
6796,?,--,PUNCT,punct,6795,Liebe
6797,Am,an,ADP,mo,6799,erleb
6798,Ende,Ende,NOUN,nk,6797,Am
6799,erleb,erleb,VERB,ROOT,6799,erleb
6800,',--,PUNCT,punct,6801,ich
6801,ich,ich,PRON,sb,6799,erleb
6802,'s,es,PRON,oa,6799,erleb
6803,noch,noch,ADV,mo,6799,erleb
6804,",",--,PUNCT,punct,6799,erleb
6805,daß,daß,SCONJ,cp,6809,auf
6806,du,du,PRON,sb,6805,daß
6807,dich,dich,PRON,oa,6809,auf
6808,hinten,hinten,ADV,mo,6807,dich
6809,auf,auf,ADP,sb,6799,erleb
6810,das,der,DET,nk,6809,auf
6811,Steckenpferd,Steckenpferd,NOUN,ROOT,6811,Steckenpferd
6812,dieser,dieser,DET,nk,6814,Haimonskinder
6813,vermaledeiten,vermaledeit,ADJ,nk,6814,Haimonskinder
6814,Haimonskinder,Haimonskinder,NOUN,ag,6811,Steckenpferd
6815,schwingst,schwingst,ADV,mo,6811,Steckenpferd
6816,und,und,CCONJ,cd,6815,schwingst
6817,mit,mit,ADP,cj,6816,und
6818,ihnen,ihnen,PRON,nk,6817,mit
6819,",",--,PUNCT,punct,6811,Steckenpferd
6820,auf,auf,ADP,mnr,6811,Steckenpferd
6821,Abenteuer,Abenteuer,NOUN,ROOT,6821,Abenteuer
6822,",",--,PUNCT,punct,6821,Abenteuer
6823,ins,in,ADP,mnr,6821,Abenteuer
6824,Blaue,Blau,NOUN,nk,6823,ins
6825,davon,davon,ADV,mo,6821,Abenteuer
6826,jagst,jagst,ADV,pd,6821,Abenteuer
6827,!,--,PUNCT,punct,6821,Abenteuer
6828,«,--,PUNCT,punct,6821,Abenteuer
6829,Jetzt,jetzt,ADV,mo,6830,trat
6830,trat,treten,VERB,ROOT,6830,trat
6831,der,der,DET,nk,6833,Mann
6832,junge,jung,ADJ,nk,6833,Mann
6833,Mann,Mann,NOUN,sb,6830,trat
6834,hervor,hervor,ADV,svp,6830,trat
6835,",",--,PUNCT,punct,6830,trat
6836,der,der,PRON,sb,6841,herausgeführt
6837,den,der,DET,nk,6838,Wildenfels
6838,Wildenfels,Wildenfel,NOUN,oa,6841,herausgeführt
6839,am,an,ADP,mo,6841,herausgeführt
6840,Arm,Arm,NOUN,nk,6839,am
6841,herausgeführt,herausführen,VERB,rc,6833,Mann
6842,hatte,haben,AUX,ROOT,6842,hatte
6843,",",--,PUNCT,punct,6842,hatte
6844,und,und,CCONJ,cd,6842,hatte
6845,sprach,sprechen,VERB,cj,6844,und
6846,ruhig,ruhig,ADV,mo,6845,sprach
6847,und,und,CCONJ,cd,6846,ruhig
6848,besonnen,besonnen,ADV,cj,6847,und
6849,:,--,PUNCT,punct,6845,sprach
6850,»,--,PUNCT,punct,6851,Herr
6851,Herr,Herr,NOUN,sb,6856,ist
6852,Schönfeld,Schönfeld,PROPN,nk,6851,Herr
6853,",",--,PUNCT,punct,6851,Herr
6854,der,der,DET,nk,6855,Schein
6855,Schein,Schein,NOUN,sb,6856,ist
6856,ist,sein,AUX,ROOT,6856,ist
6857,allerdings,allerdings,ADV,mo,6856,ist
6858,gegen,gegen,ADP,mo,6856,ist
6859,uns,uns,PRON,nk,6858,gegen
6860,.,--,PUNCT,punct,6856,ist
6861,Allein,allein,ADV,mo,6862,Sie
6862,Sie,sie,PRON,sb,6863,sind
6863,sind,sein,AUX,ROOT,6863,sind
6864,ein,ein,DET,nk,6865,Mann
6865,Mann,Mann,NOUN,pd,6863,sind
6866,von,von,ADP,ROOT,6866,von
6867,Kopf,Kopf,NOUN,nk,6866,von
6868,und,und,CCONJ,cd,6867,Kopf
6869,Herz,Herz,NOUN,cj,6868,und
6870,",",--,PUNCT,punct,6866,von
6871,und,und,CCONJ,cd,6866,von
6872,werden,werden,AUX,cj,6871,und
6873,uns,uns,PRON,da,6875,anhören
6874,wenigstens,wenigstens,ADV,mo,6875,anhören
6875,anhören,anhören,VERB,oc,6872,werden
6876,.,--,PUNCT,punct,6866,von
6877,Wir,wir,PRON,sb,6878,sind
6878,sind,sein,AUX,ROOT,6878,sind
6879,keine,kein,DET,pd,6878,sind
6880,Abenteurer,Abenteurer,NOUN,ROOT,6880,Abenteurer
6881,",",--,PUNCT,punct,6880,Abenteurer
6882,wie,wie,SCONJ,mo,6885,könnten
6883,Sie,sie,PRON,sb,6885,könnten
6884,wähnen,wähnen,VERB,oc,6885,könnten
6885,könnten,können,AUX,cc,6880,Abenteurer
6886,.,--,PUNCT,punct,6880,Abenteurer
6887,Die,der,DET,nk,6889,Empfehlungen
6888,bedeutenden,bedeutend,ADJ,nk,6889,Empfehlungen
6889,Empfehlungen,Empfehlung,NOUN,ROOT,6889,Empfehlungen
6890,",",--,PUNCT,punct,6889,Empfehlungen
6891,die,der,PRON,punct,6889,Empfehlungen
6892,wir,wir,PRON,sb,6891,die
6893,von,von,ADP,mnr,6892,wir
6894,bekannten,bekannt,ADJ,nk,6895,Größen
6895,Größen,Größe,NOUN,da,6906,beweisen
6896,",",--,PUNCT,punct,6895,Größen
6897,von,von,ADP,par,6895,Größen
6898,geachteten,geachtet,ADJ,nk,6899,Männern
6899,Männern,Mann,NOUN,nk,6897,von
6900,bei,bei,ADP,mo,6902,führen
6901,uns,uns,PRON,nk,6900,bei
6902,führen,führen,VERB,oc,6895,Größen
6903,",",--,PUNCT,punct,6904,werden
6904,werden,werden,AUX,ROOT,6904,werden
6905,Ihnen,ihnen,PRON,da,6906,beweisen
6906,beweisen,beweisen,VERB,oc,6904,werden
6907,",",--,PUNCT,punct,6904,werden
6908,daß,daß,SCONJ,cp,6914,sind
6909,wir,wir,PRON,sb,6914,sind
6910,–,--,PUNCT,punct,6914,sind
6911,wenigstens,wenigstens,ADV,mo,6912,ehrliche
6912,ehrliche,ehrlich,ADJ,nk,6913,Leute
6913,Leute,Leute,NOUN,pd,6914,sind
6914,sind,sein,AUX,ROOT,6914,sind
6915,.,--,PUNCT,punct,6914,sind
6916,Ich,ich,PRON,sb,6917,heiße
6917,heiße,heißen,VERB,ROOT,6917,heiße
6918,Freimuth,Freimuth,PROPN,oa,6917,heiße
6919,und,und,CCONJ,cd,6918,Freimuth
6920,studire,Studir,PROPN,cj,6919,und
6921,Theologie,Theologie,NOUN,ROOT,6921,Theologie
6922,.,--,PUNCT,punct,6921,Theologie
6923,Der,der,DET,nk,6935,putz
6924,da,da,ADV,mo,6923,Der
6925,",",--,PUNCT,punct,6923,Der
6926,der,der,PRON,sb,6933,hat
6927,das,der,DET,nk,6928,Gesicht
6928,Gesicht,Gesicht,NOUN,oa,6932,gesteckt
6929,in,in,ADP,mo,6932,gesteckt
6930,die,der,DET,nk,6931,Farben
6931,Farben,Farbe,NOUN,nk,6929,in
6932,gesteckt,stecken,VERB,oc,6933,hat
6933,hat,haben,AUX,rc,6923,Der
6934,–,--,PUNCT,punct,6935,putz
6935,putz,Putz,NOUN,ROOT,6935,putz
6936,',--,PUNCT,punct,6935,putz
6937,dir,dir,PRON,app,6935,putz
6938,doch,doch,ADV,mo,6935,putz
6939,die,der,DET,nk,6940,Nase
6940,Nase,Nase,NOUN,sb,6943,heißt
6941,!,--,PUNCT,punct,6943,heißt
6942,–,--,PUNCT,punct,6943,heißt
6943,heißt,heißen,VERB,ROOT,6943,heißt
6944,Günther,Günther,PROPN,sb,6943,heißt
6945,und,und,CCONJ,cd,6944,Günther
6946,studirt,studirt,ADJ,nk,6947,Medizin
6947,Medizin,Medizin,NOUN,cj,6945,und
6948,.,--,PUNCT,punct,6943,heißt
6949,Der,der,DET,nk,6950,Pseudo-Coriolan
6950,Pseudo-Coriolan,Pseudo-Coriolan,NOUN,sb,6951,heißt
6951,heißt,heißen,VERB,ROOT,6951,heißt
6952,Klinger,Klinger,PROPN,ROOT,6952,Klinger
6953,und,und,CCONJ,cd,6952,Klinger
6954,ist,sein,AUX,cj,6953,und
6955,Jurist,Jurist,NOUN,pd,6954,ist
6956,.,--,PUNCT,punct,6952,Klinger
6957,Und,und,CCONJ,ju,6966,habe
6958,in,in,ADP,mo,6966,habe
6959,diesem,dieser,DET,nk,6958,in
6960,",",--,PUNCT,punct,6959,diesem
6961,Ihnen,ihnen,PRON,da,6963,bekannten
6962,schon,schon,ADV,mo,6963,bekannten
6963,bekannten,bekannt,ADJ,nk,6964,edeln
6964,edeln,edeln,NOUN,cj,6959,diesem
6965,Manne,Manne,NOUN,sb,6966,habe
6966,habe,haben,AUX,ROOT,6966,habe
6967,ich,ich,PRON,sb,6969,Ehre
6968,die,der,DET,nk,6969,Ehre
6969,Ehre,Ehre,NOUN,ROOT,6969,Ehre
6970,",",--,PUNCT,punct,6969,Ehre
6971,Ihnen,ihnen,PRON,da,6976,vorzustellen
6972,den,der,DET,nk,6973,Freiherrn
6973,Freiherrn,Freiherrn,NOUN,oa,6976,vorzustellen
6974,von,von,ADP,pg,6973,Freiherrn
6975,Wildenfels,Wildenfel,NOUN,nk,6974,von
6976,vorzustellen,vorstellen,VERB,oc,6969,Ehre
6977,",",--,PUNCT,punct,6976,vorzustellen
6978,der,der,PRON,dep,6976,vorzustellen
6979,noch,noch,ADV,mo,6980,keinen
6980,keinen,kein,PRON,dep,6969,Ehre
6981,bestimmten,bestimmt,ADJ,nk,6982,Beruf
6982,Beruf,Beruf,NOUN,sb,6984,hat
6983,gewählt,wählen,VERB,oc,6984,hat
6984,hat,haben,AUX,ROOT,6984,hat
6985,",",--,PUNCT,punct,6984,hat
6986,sich,sich,PRON,oa,6988,durch
6987,aber,aber,ADV,mo,6988,durch
6988,durch,durch,ADP,oc,6983,gewählt
6989,gründliche,gründlich,ADJ,nk,6990,Studien
6990,Studien,Studie,NOUN,nk,6988,durch
6991,zu,zu,ADP,mnr,6990,Studien
6992,jedem,jeder,PRON,nk,6991,zu
6993,geschickt,geschickt,ADV,mo,6994,machte
6994,machte,machen,VERB,ROOT,6994,machte
6995,",",--,PUNCT,punct,6994,machte
6996,und,und,CCONJ,cd,6994,machte
6997,als,als,ADP,mo,7000,Musik
6998,Liebhaber,Liebhaber,NOUN,nk,6997,als
6999,die,der,DET,nk,7000,Musik
7000,Musik,Musik,NOUN,cj,6996,und
7001,mit,mit,ADP,mnr,7000,Musik
7002,Künstlerfertigkeit,Künstlerfertigkeit,NOUN,nk,7001,mit
7003,leidenschaftlich,leidenschaftlich,ADV,mo,7004,treibt
7004,treibt,treiben,VERB,ROOT,7004,treibt
7005,.,--,PUNCT,punct,7004,treibt
7006,–,--,PUNCT,punct,7010,zur
7007,Und,und,CCONJ,ju,7010,zur
7008,nun,nun,ADV,mo,7010,zur
7009,kurz,kurz,ADV,mo,7010,zur
7010,zur,zu,ADP,mo,7014,machte
7011,Sache,Sache,NOUN,nk,7010,zur
7012,:,--,PUNCT,punct,7014,machte
7013,Wildenfels,Wildenfel,PROPN,sb,7014,machte
7014,machte,machen,VERB,ROOT,7014,machte
7015,in,in,ADP,mo,7014,machte
7016,den,der,DET,nk,7015,in
7017,Konzerten,Konzert,NOUN,ROOT,7017,Konzerten
7018,",",--,PUNCT,punct,7017,Konzerten
7019,die,der,PRON,mo,7017,Konzerten
7020,wir,wir,PRON,cj,7017,Konzerten
7021,in,in,ADP,mo,7026,öffentlich
7022,einer,ein,DET,nk,7023,Anwandlung
7023,Anwandlung,Anwandlung,NOUN,nk,7021,in
7024,jugendlicher,jugendlich,ADJ,nk,7025,Laune
7025,Laune,Laune,NOUN,ag,7023,Anwandlung
7026,öffentlich,öffentlich,ADV,pd,7017,Konzerten
7027,aufführten,aufführten,VERB,ROOT,7027,aufführten
7028,",",--,PUNCT,punct,7027,aufführten
7029,die,der,DET,nk,7030,Bekanntschaft
7030,Bekanntschaft,Bekanntschaft,NOUN,oa,7027,aufführten
7031,Ihrer,Ihr,DET,nk,7033,Tochter
7032,liebenswürdigen,liebenswürdig,ADJ,nk,7033,Tochter
7033,Tochter,Tochter,NOUN,ag,7030,Bekanntschaft
7034,.,--,PUNCT,punct,7027,aufführten
7035,Eine,ein,PRON,ROOT,7035,Eine
7036,wechselseitige,wechselseitig,ADJ,nk,7038,Leidenschaft
7037,glühende,glühend,ADJ,nk,7038,Leidenschaft
7038,Leidenschaft,Leidenschaft,NOUN,sb,7039,verband
7039,verband,verbinden,VERB,ROOT,7039,verband
7040,innert,inneren,VERB,mo,7039,verband
7041,wenigen,weniger,DET,nk,7042,Tagen
7042,Tagen,Tag,NOUN,oa,7040,innert
7043,ihre,ihr,DET,nk,7044,Herzen
7044,Herzen,Herz,NOUN,oa,7040,innert
7045,",",--,PUNCT,punct,7039,verband
7046,die,der,DET,sb,7049,hatten
7047,sich,sich,PRON,oa,7048,erkannt
7048,erkannt,erkennen,VERB,oc,7049,hatten
7049,hatten,haben,AUX,ROOT,7049,hatten
7050,",",--,PUNCT,punct,7049,hatten
7051,auf,auf,ADP,mo,7048,erkannt
7052,ewig,ewig,ADV,nk,7051,auf
7053,.,--,PUNCT,punct,7049,hatten
7054,Sie,sie,PRON,sb,7055,sahen
7055,sahen,sehen,VERB,ROOT,7055,sahen
7056,sich,sich,PRON,oa,7055,sahen
7057,bei,bei,ADP,mo,7055,sahen
7058,der,der,DET,nk,7059,Madame
7059,Madame,Madame,NOUN,nk,7057,bei
7060,Egloff,Egloff,NOUN,nk,7059,Madame
7061,",",--,PUNCT,punct,7060,Egloff
7062,an,an,ADP,op,7055,sahen
7063,die,der,PRON,nk,7062,an
7064,wir,wir,PRON,sb,7066,sind
7065,empfohlen,empfehlen,VERB,oc,7066,sind
7066,sind,sein,AUX,ROOT,7066,sind
7067,.,--,PUNCT,punct,7066,sind
7068,Allein,allein,ADV,mo,7072,wußte
7069,da,da,ADV,cp,7072,wußte
7070,Mademoiselle,Mademoiselle,NOUN,sb,7072,wußte
7071,Schönfeld,Schönfeld,NOUN,nk,7070,Mademoiselle
7072,wußte,wissen,VERB,ROOT,7072,wußte
7073,",",--,PUNCT,punct,7072,wußte
7074,daß,daß,SCONJ,cp,7077,einen
7075,Sie,sie,PRON,sb,7077,einen
7076,nur,nur,ADV,mo,7077,einen
7077,einen,ein,PRON,oc,7072,wußte
7078,Maler,Maler,NOUN,sb,7081,wünschten
7079,zum,zu,ADP,mo,7081,wünschten
7080,Eidam,Eidam,NOUN,nk,7079,zum
7081,wünschten,wünschen,VERB,mo,7083,durfte
7082,",",--,PUNCT,punct,7083,durfte
7083,durfte,dürfen,AUX,ROOT,7083,durfte
7084,sie,sie,PRON,sb,7083,durfte
7085,Ihnen,ihnen,PRON,da,7083,durfte
7086,Ihre,ihr,DET,nk,7088,Neigung
7087,unwiderstehliche,unwiderstehlich,ADJ,nk,7088,Neigung
7088,Neigung,Neigung,NOUN,oa,7083,durfte
7089,noch,noch,ADV,mo,7083,durfte
7090,nicht,nicht,PART,ng,7091,gestehen
7091,gestehen,gestehen,VERB,ROOT,7091,gestehen
7092,.,--,PUNCT,punct,7091,gestehen
7093,Wildenfels,Wildenfel,PROPN,sb,7102,beschloß
7094,",",--,PUNCT,punct,7093,Wildenfels
7095,der,der,PRON,nk,7096,Alles
7096,Alles,alle,PRON,sb,7097,kann
7097,kann,können,AUX,cj,7093,Wildenfels
7098,was,was,PRON,oa,7100,will
7099,er,er,PRON,sb,7100,will
7100,will,wollen,VERB,oc,7097,kann
7101,",",--,PUNCT,punct,7102,beschloß
7102,beschloß,beschließen,VERB,ROOT,7102,beschloß
7103,",",--,PUNCT,punct,7102,beschloß
7104,bei,bei,ADP,mo,7102,beschloß
7105,Ihnen,ihnen,PRON,nk,7104,bei
7106,in,in,ADP,svp,7102,beschloß
7107,die,der,DET,nk,7108,Lehre
7108,Lehre,Lehre,NOUN,oa,7110,gehen
7109,zu,zu,PART,pm,7110,gehen
7110,gehen,gehen,VERB,ROOT,7110,gehen
7111,",",--,PUNCT,punct,7110,gehen
7112,mit,mit,ADP,mo,7118,erlernen
7113,eisernem,eisern,ADJ,nk,7114,Fleiß
7114,Fleiß,Fleiß,NOUN,nk,7112,mit
7115,die,der,DET,nk,7116,Kunst
7116,Kunst,Kunst,NOUN,oa,7118,erlernen
7117,zu,zu,PART,pm,7118,erlernen
7118,erlernen,erlernen,VERB,oc,7108,Lehre
7119,",",--,PUNCT,punct,7110,gehen
7120,und,und,CCONJ,cd,7110,gehen
7121,seine,sein,DET,cj,7120,und
7122,Angelika,Angelika,PROPN,ROOT,7122,Angelika
7123,",",--,PUNCT,punct,7122,Angelika
7124,wie,wie,SCONJ,cm,7126,Jakob
7125,einst,einst,ADV,mo,7126,Jakob
7126,Jakob,Jakob,PROPN,par,7122,Angelika
7127,seine,sein,DET,nk,7128,Rahel
7128,Rahel,Rahel,NOUN,oa,7122,Angelika
7129,",",--,PUNCT,punct,7128,Rahel
7130,bei,bei,ADP,mo,7133,verdienen
7131,Ihnen,ihnen,PRON,nk,7130,bei
7132,zu,zu,PART,pm,7133,verdienen
7133,verdienen,verdienen,VERB,oc,7128,Rahel
7134,.,--,PUNCT,punct,7122,Angelika
7135,Wie,wie,SCONJ,mo,7136,Sie
7136,Sie,sie,PRON,ROOT,7136,Sie
7137,ihn,ihn,PRON,oa,7138,am
7138,am,an,ADP,mnr,7136,Sie
7139,Klavier,Klavier,ADV,mo,7140,überraschten
7140,überraschten,überraschen,VERB,oc,7147,brauche
7141,und,und,CCONJ,cd,7140,überraschten
7142,aus,aus,ADP,mo,7145,förderten
7143,dem,der,DET,nk,7144,Hause
7144,Hause,Haus,NOUN,nk,7142,aus
7145,förderten,fördern,VERB,cj,7141,und
7146,",",--,PUNCT,punct,7147,brauche
7147,brauche,brauchen,VERB,ROOT,7147,brauche
7148,ich,ich,PRON,sb,7147,brauche
7149,nicht,nicht,PART,ng,7147,brauche
7150,zu,zu,ADP,svp,7147,brauche
7151,wiederholen,wiederholen,VERB,ROOT,7151,wiederholen
7152,.,--,PUNCT,punct,7151,wiederholen
7153,Seither,seither,ADV,mo,7154,sahen
7154,sahen,sehen,VERB,ROOT,7154,sahen
7155,die,der,DET,nk,7156,Liebenden
7156,Liebenden,liebend,NOUN,sb,7154,sahen
7157,sich,sich,PRON,oa,7154,sahen
7158,nicht,nicht,PART,ng,7154,sahen
7159,",",--,PUNCT,punct,7154,sahen
7160,und,und,CCONJ,cd,7154,sahen
7161,Wildenfels,Wildenfel,NOUN,sb,7162,wollte
7162,wollte,wollen,AUX,cj,7160,und
7163,fast,fast,ADV,mo,7162,wollte
7164,verzweifeln,verzweifeln,VERB,ROOT,7164,verzweifeln
7165,.,--,PUNCT,punct,7164,verzweifeln
7166,Endlich,endlich,ADV,mo,7167,faßte
7167,faßte,fassen,VERB,ROOT,7167,faßte
7168,er,er,PRON,sb,7167,faßte
7169,neuen,neu,ADJ,nk,7170,Muth
7170,Muth,Muth,NOUN,oa,7167,faßte
7171,.,--,PUNCT,punct,7167,faßte
7172,Er,er,PRON,sb,7173,wußte
7173,wußte,wissen,VERB,ROOT,7173,wußte
7174,",",--,PUNCT,punct,7173,wußte
7175,daß,daß,SCONJ,cp,7179,Abend
7176,Sie,sie,PRON,sb,7179,Abend
7177,den,der,DET,nk,7179,Abend
7178,heutigen,heutig,ADJ,nk,7179,Abend
7179,Abend,Abend,NOUN,oc,7173,wußte
7180,im,in,ADP,mo,7182,zubringen
7181,Künstlerklubb,Künstlerklubb,NOUN,nk,7180,im
7182,zubringen,zubringen,VERB,oc,7183,würden
7183,würden,werden,AUX,ROOT,7183,würden
7184,",",--,PUNCT,punct,7183,würden
7185,und,und,CCONJ,cd,7183,würden
7186,Ihre,ihr,DET,nk,7187,Tochter
7187,Tochter,Tochter,NOUN,sb,7191,sei
7188,allein,allein,ADV,mo,7190,treffen
7189,zu,zu,PART,pm,7190,treffen
7190,treffen,treffen,VERB,oc,7191,sei
7191,sei,sein,AUX,cj,7185,und
7192,.,--,PUNCT,punct,7183,würden
7193,Um,um,SCONJ,ROOT,7193,Um
7194,aber,aber,CCONJ,ROOT,7194,aber
7195,allen,aller,DET,nk,7196,Anschein
7196,Anschein,Anschein,NOUN,oa,7203,verhüten
7197,von,von,ADP,pg,7196,Anschein
7198,geheimen,geheim,ADJ,nk,7199,Liebeshändeln
7199,Liebeshändeln,Liebeshändel,NOUN,nk,7197,von
7200,vor,vor,ADP,mo,7203,verhüten
7201,Nachbarsaugen,Nachbarsaug,NOUN,nk,7200,vor
7202,zu,zu,PART,pm,7203,verhüten
7203,verhüten,verhüten,VERB,cj,7194,aber
7204,",",--,PUNCT,punct,7194,aber
7205,forderte,fordern,VERB,ROOT,7205,forderte
7206,er,er,PRON,sb,7205,forderte
7207,uns,uns,PRON,da,7205,forderte
7208,alle,aller,DET,nk,7209,drei
7209,drei,drei,NUM,oa,7205,forderte
7210,auf,auf,ADP,svp,7205,forderte
7211,",",--,PUNCT,punct,7205,forderte
7212,ihn,ihn,PRON,oa,7214,begleiten
7213,zu,zu,PART,pm,7214,begleiten
7214,begleiten,begleiten,VERB,oc,7205,forderte
7215,.,--,PUNCT,punct,7205,forderte
7216,Mademoiselle,Mademoiselle,NOUN,pd,7218,war
7217,Schönfeld,Schönfeld,NOUN,nk,7216,Mademoiselle
7218,war,sein,AUX,ROOT,7218,war
7219,über,über,ADP,mo,7226,betroffen
7220,unsere,unser,DET,nk,7224,Erscheinung
7221,unerwartete,unerwartet,ADJ,nk,7224,Erscheinung
7222,und,und,CCONJ,cd,7221,unerwartete
7223,zahlreiche,zahlreich,ADJ,cj,7222,und
7224,Erscheinung,Erscheinung,NOUN,nk,7219,über
7225,sehr,sehr,ADV,mo,7226,betroffen
7226,betroffen,betroffen,ADV,ROOT,7226,betroffen
7227,",",--,PUNCT,punct,7226,betroffen
7228,obgleich,obgleich,SCONJ,mo,7226,betroffen
7229,sie,sie,PRON,ROOT,7229,sie
7230,uns,uns,PRON,da,7235,kannte
7231,drei,drei,NUM,nk,7232,andere
7232,andere,anderer,PRON,sb,7235,kannte
7233,auch,auch,ADV,mo,7235,kannte
7234,schon,schon,ADV,mo,7235,kannte
7235,kannte,kennen,VERB,ROOT,7235,kannte
7236,.,--,PUNCT,punct,7235,kannte
7237,Nach,nach,ADP,mo,7240,ward
7238,mancherlei,mancherlei,DET,nk,7239,Berathschlagungen
7239,Berathschlagungen,Berathschlagung,NOUN,nk,7237,Nach
7240,ward,werden,VERB,ROOT,7240,ward
7241,endlich,endlich,ADV,mo,7242,beschlossen
7242,beschlossen,beschließen,VERB,ROOT,7242,beschlossen
7243,",",--,PUNCT,punct,7242,beschlossen
7244,daß,daß,SCONJ,cp,7250,gehen
7245,ich,ich,PRON,sb,7250,gehen
7246,Morgen,Morgen,NOUN,mo,7250,gehen
7247,früh,früh,ADV,mo,7250,gehen
7248,zu,zu,ADP,mo,7250,gehen
7249,Ihnen,ihnen,PRON,nk,7248,zu
7250,gehen,gehen,VERB,oc,7242,beschlossen
7251,",",--,PUNCT,punct,7250,gehen
7252,Ihnen,ihnen,PRON,da,7254,offenbaren
7253,alles,alle,PRON,oa,7254,offenbaren
7254,offenbaren,offenbaren,VERB,oc,7242,beschlossen
7255,und,und,CCONJ,ju,7264,solle
7256,für,für,ADP,mo,7263,werben
7257,Wildenfels,Wildenfel,NOUN,nk,7256,für
7258,um,um,ADP,op,7263,werben
7259,die,der,DET,nk,7260,Hand
7260,Hand,Hand,NOUN,nk,7258,um
7261,Ihrer,ihr,DET,nk,7262,Tochter
7262,Tochter,Tochter,NOUN,ag,7260,Hand
7263,werben,werben,VERB,oc,7264,solle
7264,solle,sollen,AUX,ROOT,7264,solle
7265,.,--,PUNCT,punct,7264,solle
7266,Es,es,PRON,sb,7267,wäre
7267,wäre,sein,AUX,ROOT,7267,wäre
7268,auch,auch,ADV,mo,7269,in
7269,in,in,ADP,mo,7267,wäre
7270,der,der,DET,dep,7267,wäre
7271,That,That,PROPN,ROOT,7271,That
7272,geschehen,geschehen,VERB,oc,7271,That
7273,",",--,PUNCT,punct,7272,geschehen
7274,wenn,wenn,SCONJ,cp,7282,hätte
7275,sich,sich,PRON,oa,7281,entwickelt
7276,Alles,Alle,PRON,sb,7282,hätte
7277,nicht,nicht,PART,ng,7281,entwickelt
7278,früher,früh,ADV,mo,7281,entwickelt
7279,und,und,CCONJ,cd,7278,früher
7280,stürmisch,stürmisch,ADV,cj,7279,und
7281,entwickelt,entwickeln,VERB,oc,7282,hätte
7282,hätte,haben,AUX,mo,7272,geschehen
7283,.,--,PUNCT,punct,7271,That
7284,«,--,PUNCT,ROOT,7284,«
7285,»,--,PUNCT,punct,7289,Vater
7286,Ja,ja,PART,dm,7289,Vater
7287,",",--,PUNCT,punct,7286,Ja
7288,theurer,theur,ADJ,nk,7289,Vater
7289,Vater,Vater,NOUN,sb,7292,ist
7290,",",--,PUNCT,punct,7291,so
7291,so,so,ADV,mo,7292,ist
7292,ist,sein,AUX,ROOT,7292,ist
7293,es,es,PRON,sb,7292,ist
7294,!,--,PUNCT,punct,7292,ist
7295,«,--,PUNCT,punct,7292,ist
7296,schluchzte,schluchzen,VERB,ROOT,7296,schluchzte
7297,Angelika,Angelika,PROPN,sb,7296,schluchzte
7298,noch,noch,ADV,mo,7296,schluchzte
7299,immer,immer,ADV,mo,7300,knieend
7300,knieend,knieend,ADV,mo,7296,schluchzte
7301,",",--,PUNCT,punct,7296,schluchzte
7302,»,--,PUNCT,punct,7296,schluchzte
7303,und,und,CCONJ,cd,7296,schluchzte
7304,fest,fest,ADV,mo,7305,war
7305,war,sein,AUX,ROOT,7305,war
7306,ich,ich,PRON,sb,7305,war
7307,entschlossen,entschließen,VERB,pd,7305,war
7308,",",--,PUNCT,punct,7307,entschlossen
7309,meine,mein,DET,nk,7311,Liebe
7310,innige,innig,ADJ,nk,7311,Liebe
7311,Liebe,Liebe,NOUN,oa,7315,genialischen
7312,zu,zu,ADP,mo,7315,genialischen
7313,dem,der,DET,nk,7314,edeln
7314,edeln,edeln,NOUN,nk,7312,zu
7315,genialischen,genialisch,VERB,oc,7307,entschlossen
7316,Jüngling,Jüngling,NOUN,oa,7317,aufzugeben
7317,aufzugeben,aufgeben,VERB,ROOT,7317,aufzugeben
7318,",",--,PUNCT,punct,7317,aufzugeben
7319,wenn,wenn,SCONJ,cp,7325,sollten
7320,Sie,sie,PRON,sb,7325,sollten
7321,unsere,unser,DET,nk,7322,Bitten
7322,Bitten,Bitte,NOUN,oa,7324,erhören
7323,nicht,nicht,PART,ng,7325,sollten
7324,erhören,erhören,VERB,oc,7325,sollten
7325,sollten,sollen,AUX,mo,7317,aufzugeben
7326,",",--,PUNCT,punct,7317,aufzugeben
7327,und,und,CCONJ,cd,7317,aufzugeben
7328,eher,eher,ADV,ROOT,7328,eher
7329,mein,mein,DET,nk,7330,Herz
7330,Herz,Herz,NOUN,ROOT,7330,Herz
7331,einem,ein,DET,nk,7333,Gram
7332,ewigen,ewig,ADJ,nk,7333,Gram
7333,Gram,Gram,NOUN,da,7335,weihen
7334,zu,zu,PART,pm,7335,weihen
7335,weihen,weihen,VERB,oc,7330,Herz
7336,",",--,PUNCT,punct,7335,weihen
7337,als,als,SCONJ,cp,7340,erzürnen
7338,Sie,sie,PRON,sb,7340,erzürnen
7339,zu,zu,PART,pm,7340,erzürnen
7340,erzürnen,erzürnen,VERB,cc,7335,weihen
7341,.,--,PUNCT,punct,7330,Herz
7342,«,--,PUNCT,ROOT,7342,«
7343,»,--,PUNCT,punct,7344,Herr
7344,Herr,Herr,NOUN,sb,7348,begann
7345,Schönfeld,Schönfeld,PROPN,nk,7344,Herr
7346,«,--,PUNCT,punct,7344,Herr
7347,",",--,PUNCT,punct,7348,begann
7348,begann,beginnen,VERB,ROOT,7348,begann
7349,endlich,endlich,ADV,mo,7348,begann
7350,Wildenfels,Wildenfel,NOUN,sb,7348,begann
7351,",",--,PUNCT,punct,7348,begann
7352,»,--,PUNCT,punct,7354,wissen
7353,Sie,sie,PRON,sb,7354,wissen
7354,wissen,wissen,VERB,oc,7348,begann
7355,nun,nun,ADV,mo,7354,wissen
7356,Alles,alle,PRON,oa,7354,wissen
7357,.,--,PUNCT,punct,7348,begann
7358,Sie,sie,PRON,sb,7359,waren
7359,waren,sein,AUX,ROOT,7359,waren
7360,Mensch,Mensch,NOUN,ROOT,7360,Mensch
7361,",",--,PUNCT,punct,7360,Mensch
7362,bevor,bevor,SCONJ,cp,7366,waren
7363,Sie,sie,PRON,sb,7366,waren
7364,ein,ein,DET,nk,7365,Künstler
7365,Künstler,Künstler,NOUN,pd,7366,waren
7366,waren,sein,AUX,mo,7360,Mensch
7367,",",--,PUNCT,punct,7360,Mensch
7368,und,und,CCONJ,cd,7360,Mensch
7369,Sie,sie,PRON,sb,7370,sind
7370,sind,sein,AUX,cj,7368,und
7371,Vater,Vater,NOUN,pd,7370,sind
7372,.,--,PUNCT,punct,7360,Mensch
7373,Ein,ein,DET,nk,7374,Wort
7374,Wort,Wort,NOUN,ROOT,7374,Wort
7375,für,für,ADP,mnr,7374,Wort
7376,Tausende,Tausend,NOUN,ROOT,7376,Tausende
7377,!,--,PUNCT,punct,7376,Tausende
7378,Geben,geben,VERB,ROOT,7378,Geben
7379,Sie,sie,PRON,sb,7378,Geben
7380,mir,mir,PRON,da,7378,Geben
7381,die,der,DET,nk,7382,Hand
7382,Hand,Hand,NOUN,oa,7378,Geben
7383,Ihrer,ihr,DET,nk,7384,Tochter
7384,Tochter,Tochter,NOUN,ag,7382,Hand
7385,",",--,PUNCT,punct,7378,Geben
7386,Ihr,ihr,DET,nk,7387,Herz
7387,Herz,Herz,NOUN,sb,7388,gehört
7388,gehört,gehören,VERB,cj,7378,Geben
7389,schon,schon,ADV,mo,7388,gehört
7390,unwiderruflich,unwiderruflich,ADV,pd,7391,mein
7391,mein,mein,ADV,ROOT,7391,mein
7392,.,--,PUNCT,punct,7391,mein
7393,Ich,ich,PRON,sb,7394,weiß
7394,weiß,wissen,VERB,ROOT,7394,weiß
7395,es,es,PRON,oa,7394,weiß
7396,.,--,PUNCT,punct,7394,weiß
7397,Sie,sie,PRON,sb,7398,sind
7398,sind,sein,AUX,ROOT,7398,sind
7399,mir,mir,PRON,da,7398,sind
7400,im,in,ADP,mo,7404,ungewogen
7401,Grunde,Grund,NOUN,nk,7400,im
7402,doch,doch,ADV,mo,7404,ungewogen
7403,nicht,nicht,PART,ng,7404,ungewogen
7404,ungewogen,ungewogen,VERB,oc,7398,sind
7405,und,und,CCONJ,ROOT,7405,und
7406,entfernten,entfernen,VERB,cj,7405,und
7407,mich,mich,PRON,oa,7406,entfernten
7408,bloß,bloß,ADV,mo,7406,entfernten
7409,",",--,PUNCT,punct,7406,entfernten
7410,weil,weil,SCONJ,cp,7414,bin
7411,ich,ich,PRON,sb,7414,bin
7412,kein,kein,DET,nk,7413,Maler
7413,Maler,Maler,NOUN,pd,7414,bin
7414,bin,sein,AUX,mo,7406,entfernten
7415,.,--,PUNCT,ROOT,7415,.
7416,Aber,aber,CCONJ,ju,7418,kann
7417,Angelika,Angelika,PROPN,sb,7418,kann
7418,kann,können,AUX,ROOT,7418,kann
7419,ja,ja,ADV,mo,7418,kann
7420,auch,auch,ADV,mo,7418,kann
7421,als,als,ADP,mo,7426,bleiben
7422,Liebhaberin,Liebhaberin,NOUN,nk,7421,als
7423,der,der,DET,nk,7424,Kunst
7424,Kunst,Kunst,NOUN,ag,7422,Liebhaberin
7425,treu,treu,ADV,pd,7426,bleiben
7426,bleiben,bleiben,VERB,re,7428,so
7427,",",--,PUNCT,punct,7428,so
7428,so,so,ADV,mo,7429,geht
7429,geht,gehen,VERB,ROOT,7429,geht
7430,doch,doch,ADV,mo,7429,geht
7431,einer,einer,PRON,sb,7429,geht
7432,Ihrer,ihr,DET,nk,7433,Wünsche
7433,Wünsche,Wunsch,NOUN,ag,7431,einer
7434,in,in,ADP,svp,7429,geht
7435,Erfüllung,Erfüllung,NOUN,ROOT,7435,Erfüllung
7436,.,--,PUNCT,punct,7435,Erfüllung
7437,Ich,ich,PRON,sb,7438,habe
7438,habe,haben,AUX,ROOT,7438,habe
7439,meine,mein,DET,nk,7440,Studien
7440,Studien,Studie,NOUN,oa,7441,vollendet
7441,vollendet,vollenden,VERB,oc,7438,habe
7442,.,--,PUNCT,punct,7438,habe
7443,Ich,ich,PRON,sb,7444,bin
7444,bin,sein,AUX,ROOT,7444,bin
7445,reich,reich,ADV,pd,7444,bin
7446,und,und,CCONJ,cd,7445,reich
7447,unabhängig,unabhängig,ADV,cj,7446,und
7448,.,--,PUNCT,punct,7444,bin
7449,In,in,ADP,ROOT,7449,In
7450,den,der,DET,nk,7452,Umgebungen
7451,schönen,schön,ADJ,nk,7452,Umgebungen
7452,Umgebungen,Umgebung,NOUN,da,7456,läßt
7453,auf,auf,ADP,mnr,7452,Umgebungen
7454,meinen,mein,DET,nk,7455,Gütern
7455,Gütern,Gut,NOUN,nk,7453,auf
7456,läßt,lassen,VERB,ROOT,7456,läßt
7457,es,es,PRON,ep,7456,läßt
7458,sich,sich,PRON,da,7460,wohnen
7459,angenehm,angenehm,ADV,mo,7460,wohnen
7460,wohnen,wohnen,VERB,oc,7456,läßt
7461,.,--,PUNCT,punct,7456,läßt
7462,Ohne,ohne,ADP,ROOT,7462,Ohne
7463,Sie,sie,PRON,oa,7473,leben
7464,",",--,PUNCT,punct,7463,Sie
7465,lieber,lieber,ADJ,mo,7466,Feuermann
7466,Feuermann,Feuermann,PROPN,app,7463,Sie
7467,",",--,PUNCT,punct,7468,könnten
7468,könnten,können,AUX,ROOT,7468,könnten
7469,wir,wir,PRON,sb,7468,könnten
7470,nie,nie,ADV,mo,7468,könnten
7471,vergnügt,vergnügen,VERB,mo,7473,leben
7472,dort,dort,ADV,mo,7473,leben
7473,leben,leben,VERB,oc,7468,könnten
7474,.,--,PUNCT,punct,7468,könnten
7475,Sie,sie,PRON,sb,7476,ziehen
7476,ziehen,ziehen,VERB,ROOT,7476,ziehen
7477,mit,mit,ADP,mo,7476,ziehen
7478,uns,uns,PRON,nk,7477,mit
7479,",",--,PUNCT,punct,7476,ziehen
7480,Vater,Vater,NOUN,ROOT,7480,Vater
7481,",",--,PUNCT,punct,7480,Vater
7482,und,und,CCONJ,cd,7480,Vater
7483,wir,wir,PRON,sb,7484,bleiben
7484,bleiben,bleiben,VERB,cj,7482,und
7485,beisammen,beisammen,ADV,mo,7484,bleiben
7486,bis,bis,ADP,ac,7487,an
7487,an,an,ADP,mo,7484,bleiben
7488,den,der,DET,nk,7489,Tod
7489,Tod,Tod,NOUN,nk,7487,an
7490,.,--,PUNCT,punct,7480,Vater
7491,Bevor,bevor,SCONJ,cp,7495,auf
7492,wir,wir,PRON,sb,7491,Bevor
7493,uns,sich,PRON,oa,7495,auf
7494,aber,aber,ADV,mo,7493,uns
7495,auf,auf,ADP,ROOT,7495,auf
7496,dem,der,DET,nk,7495,auf
7497,Lande,Land,NOUN,oa,7498,ansiedeln
7498,ansiedeln,ansiedeln,VERB,mo,7500,reisen
7499,",",--,PUNCT,punct,7500,reisen
7500,reisen,reisen,VERB,ROOT,7500,reisen
7501,wir,wir,PRON,sb,7500,reisen
7502,noch,noch,ADV,mo,7500,reisen
7503,durch,durch,ADP,mo,7500,reisen
7504,Frankreich,Frankreich,PROPN,nk,7503,durch
7505,und,und,CCONJ,cd,7504,Frankreich
7506,Italien,Italien,PROPN,cj,7505,und
7507,",",--,PUNCT,punct,7500,reisen
7508,und,und,CCONJ,cd,7500,reisen
7509,schwelgen,schwelgen,VERB,cj,7508,und
7510,überall,überall,ADV,mo,7511,in
7511,in,in,ADP,ROOT,7511,in
7512,den,der,DET,nk,7513,Kunstschätzen
7513,Kunstschätzen,Kunstschatz,NOUN,nk,7511,in
7514,der,der,DET,nk,7515,Gallerieen
7515,Gallerieen,Galleriee,NOUN,ag,7513,Kunstschätzen
7516,und,und,CCONJ,cd,7515,Gallerieen
7517,Museen,Museum,NOUN,cj,7516,und
7518,.,--,PUNCT,punct,7511,in
7519,Schlagen,schlagen,NOUN,ROOT,7519,Schlagen
7520,Sie,sie,PRON,sb,7519,Schlagen
7521,ein,ein,ADV,svp,7519,Schlagen
7522,",",--,PUNCT,punct,7519,Schlagen
7523,Vater,Vater,NOUN,ROOT,7523,Vater
7524,.,--,PUNCT,punct,7523,Vater
7525,Beim,bei,ADP,mo,7529,soll
7526,Allmächtigen,Allmächtig,NOUN,nk,7525,Beim
7527,",",--,PUNCT,punct,7526,Allmächtigen
7528,es,es,PRON,oa,7532,gereuen
7529,soll,sollen,AUX,ROOT,7529,soll
7530,Sie,sie,PRON,sb,7529,soll
7531,nicht,nicht,PART,ng,7529,soll
7532,gereuen,gereuen,VERB,oc,7529,soll
7533,!,--,PUNCT,punct,7529,soll
7534,«,--,PUNCT,punct,7529,soll
7535,Schönfeld,Schönfeld,NOUN,sb,7536,hatte
7536,hatte,haben,AUX,ROOT,7536,hatte
7537,bereits,bereits,ADV,mo,7536,hatte
7538,seine,sein,DET,nk,7539,Tochter
7539,Tochter,Tochter,NOUN,ROOT,7539,Tochter
7540,sanft,sanft,ADV,mo,7543,aufgehoben
7541,vom,von,ADP,mo,7543,aufgehoben
7542,Boden,Boden,NOUN,nk,7541,vom
7543,aufgehoben,aufheben,VERB,oc,7539,Tochter
7544,",",--,PUNCT,punct,7543,aufgehoben
7545,jedoch,jedoch,CCONJ,mo,7548,anzusehen
7546,ohne,ohne,SCONJ,cp,7548,anzusehen
7547,sie,sie,PRON,oa,7548,anzusehen
7548,anzusehen,ansehen,VERB,oc,7539,Tochter
7549,.,--,PUNCT,punct,7539,Tochter
7550,Er,er,PRON,sb,7551,befand
7551,befand,befinden,VERB,ROOT,7551,befand
7552,sich,sich,PRON,ROOT,7552,sich
7553,gerade,gerade,ADV,mo,7554,in
7554,in,in,ADP,mnr,7552,sich
7555,der,der,DET,nk,7556,Stimmung
7556,Stimmung,Stimmung,NOUN,nk,7554,in
7557,",",--,PUNCT,punct,7556,Stimmung
7558,die,der,PRON,oa,7564,prägen
7559,er,er,PRON,sb,7565,wollte
7560,seinem,sein,DET,nk,7561,Coriolan
7561,Coriolan,Coriolan,NOUN,da,7564,prägen
7562,aufs,auf,ADP,mo,7564,prägen
7563,Gesicht,Gesicht,NOUN,nk,7562,aufs
7564,prägen,prägen,VERB,oc,7565,wollte
7565,wollte,wollen,AUX,rc,7556,Stimmung
7566,;,--,PUNCT,punct,7552,sich
7567,Unentschlossenheit,Unentschlossenheit,NOUN,ROOT,7567,Unentschlossenheit
7568,bei,bei,ADP,mnr,7567,Unentschlossenheit
7569,kämpfenden,kämpfend,ADJ,nk,7570,Gefühlen
7570,Gefühlen,Gefühl,NOUN,nk,7568,bei
7571,und,und,CCONJ,cd,7570,Gefühlen
7572,allmälige,allmälig,ADJ,nk,7573,Erweichung
7573,Erweichung,Erweichung,NOUN,cj,7571,und
7574,.,--,PUNCT,punct,7567,Unentschlossenheit
7575,»,--,PUNCT,punct,7577,weiß
7576,Ich,ich,PRON,sb,7577,weiß
7577,weiß,wissen,VERB,oc,7586,sprach
7578,nicht,nicht,PART,ng,7577,weiß
7579,",",--,PUNCT,punct,7577,weiß
7580,was,was,PRON,oa,7582,sagen
7581,ich,ich,PRON,sb,7583,soll
7582,sagen,sagen,VERB,oc,7583,soll
7583,soll,sollen,AUX,oc,7577,weiß
7584,«,--,PUNCT,punct,7577,weiß
7585,",",--,PUNCT,punct,7586,sprach
7586,sprach,sprechen,VERB,ROOT,7586,sprach
7587,er,er,PRON,sb,7586,sprach
7588,endlich,endlich,ADV,mo,7586,sprach
7589,nach,nach,ADP,mo,7586,sprach
7590,langem,lang,ADJ,nk,7591,Staunen
7591,Staunen,Staun,NOUN,nk,7589,nach
7592,",",--,PUNCT,punct,7586,sprach
7593,»,--,PUNCT,punct,7595,habt
7594,Ihr,ihr,PRON,sb,7595,habt
7595,habt,haben,AUX,ROOT,7595,habt
7596,mich,mich,PRON,oa,7597,erzürnt
7597,erzürnt,erzürnen,VERB,oc,7595,habt
7598,",",--,PUNCT,punct,7597,erzürnt
7599,erschüttert,erschüttern,ADV,cj,7597,erzürnt
7600,und,und,CCONJ,cd,7599,erschüttert
7601,in,in,ADP,cj,7600,und
7602,meinem,mein,DET,nk,7603,Hirnkasten
7603,Hirnkasten,Hirnkast,NOUN,nk,7601,in
7604,Alles,alle,PRON,ROOT,7604,Alles
7605,durch,durch,ADP,mnr,7604,Alles
7606,einander,einander,PRON,da,7607,gewühlt
7607,gewühlt,wühlen,VERB,ROOT,7607,gewühlt
7608,.,--,PUNCT,punct,7607,gewühlt
7609,Nie,nie,ADV,mo,7610,hätt
7610,hätt,hätt,VERB,ROOT,7610,hätt
7611,',--,PUNCT,punct,7610,hätt
7612,ich,ich,PRON,sb,7610,hätt
7613,mir's,mir's,VERB,mo,7614,geträumt
7614,geträumt,träumen,VERB,oc,7610,hätt
7615,",",--,PUNCT,punct,7614,geträumt
7616,daß,daß,SCONJ,dep,7610,hätt
7617,",",--,PUNCT,punct,7616,daß
7618,während,während,SCONJ,cp,7620,bei
7619,ich,ich,PRON,sb,7620,bei
7620,bei,bei,ADP,mo,7617,","
7621,meinen,mein,DET,nk,7620,bei
7622,Freunden,Freund,NOUN,sb,7624,saß
7623,harmlos,harmlos,ADV,mo,7624,saß
7624,saß,sitzen,VERB,ROOT,7624,saß
7625,",",--,PUNCT,punct,7624,saß
7626,meine,mein,DET,nk,7628,Tochter
7627,einzige,einzig,ADJ,nk,7628,Tochter
7628,Tochter,Tochter,NOUN,sb,7624,saß
7629,",",--,PUNCT,punct,7628,Tochter
7630,mein,mein,DET,nk,7631,Herzblut
7631,Herzblut,Herzblut,NOUN,cj,7628,Tochter
7632,",",--,PUNCT,punct,7628,Tochter
7633,mit,mit,ADP,app,7628,Tochter
7634,Fremden,fremde,NOUN,nk,7633,mit
7635,gegen,gegen,ADP,svp,7624,saß
7636,mich,mich,PRON,da,7637,komplottiren
7637,komplottiren,komplottiren,VERB,oc,7638,würde
7638,würde,werden,AUX,ROOT,7638,würde
7639,!,--,PUNCT,punct,7638,würde
7640,«,--,PUNCT,punct,7638,würde
7641,»,--,PUNCT,punct,7643,war
7642,Es,es,PRON,sb,7643,war
7643,war,sein,AUX,par,7646,weiß
7644,",",--,PUNCT,punct,7646,weiß
7645,Gott,Gott,NOUN,oa,7646,weiß
7646,weiß,wissen,VERB,oc,7656,versicherte
7647,es,es,PRON,ep,7646,weiß
7648,",",--,PUNCT,punct,7646,weiß
7649,kein,kein,DET,nk,7650,Komplott
7650,Komplott,Komplott,NOUN,oa,7646,weiß
7651,",",--,PUNCT,punct,7650,Komplott
7652,lieber,lieb,ADJ,mo,7653,Vater
7653,Vater,Vater,NOUN,cj,7650,Komplott
7654,«,--,PUNCT,punct,7646,weiß
7655,",",--,PUNCT,punct,7656,versicherte
7656,versicherte,versichern,VERB,ROOT,7656,versicherte
7657,Angelika,Angelika,PROPN,sb,7656,versicherte
7658,.,--,PUNCT,punct,7656,versicherte
7659,»,--,PUNCT,punct,7660,Es
7660,Es,es,PRON,ROOT,7660,Es
7661,kam,kommen,VERB,ROOT,7661,kam
7662,so,so,ADV,mo,7661,kam
7663,alles,alle,PRON,sb,7661,kam
7664,unvorbereitet,unvorbereiten,VERB,mo,7661,kam
7665,",",--,PUNCT,punct,7661,kam
7666,wie,wie,SCONJ,cm,7667,von
7667,von,von,ADP,dep,7671,müßt
7668,selbst,selbst,ADV,mo,7667,von
7669,",",--,PUNCT,punct,7671,müßt
7670,als,als,ADP,mo,7671,müßt
7671,müßt,müßen,VERB,cj,7661,kam
7672,',--,PUNCT,punct,7671,müßt
7673,es,es,PRON,ep,7671,müßt
7674,so,so,ADV,mo,7675,sein
7675,sein,sein,AUX,oc,7671,müßt
7676,.,--,PUNCT,punct,7661,kam
7677,«,--,PUNCT,ROOT,7677,«
7678,»,--,PUNCT,punct,7680,war
7679,Es,es,PRON,sb,7680,war
7680,war,sein,AUX,oc,7691,fiel
7681,eine,ein,DET,nk,7688,Verhandlung
7682,wohlgemeinte,wohlgemeint,ADJ,nk,7688,Verhandlung
7683,",",--,PUNCT,punct,7682,wohlgemeinte
7684,ruhig,ruhig,ADV,mo,7687,überlegte
7685,und,und,CCONJ,cd,7684,ruhig
7686,gewissenhaft,gewissenhaft,ADV,cj,7685,und
7687,überlegte,überlegt,ADJ,cj,7682,wohlgemeinte
7688,Verhandlung,Verhandlung,NOUN,pd,7680,war
7689,«,--,PUNCT,punct,7680,war
7690,",",--,PUNCT,punct,7691,fiel
7691,fiel,fallen,VERB,ROOT,7691,fiel
7692,Freimuth,Freimuth,PROPN,ROOT,7692,Freimuth
7693,ein,ein,ADV,svp,7692,Freimuth
7694,",",--,PUNCT,punct,7692,Freimuth
7695,»,--,PUNCT,punct,7692,Freimuth
7696,und,und,CCONJ,cd,7692,Freimuth
7697,nachdem,nachdem,SCONJ,cj,7696,und
7698,wir,wir,PRON,sb,7697,nachdem
7699,Ihrer,ihr,DET,nk,7700,Tochter
7700,Tochter,Tochter,NOUN,ag,7698,wir
7701,die,der,DET,nk,7702,Redlichkeit
7702,Redlichkeit,Redlichkeit,NOUN,oa,7692,Freimuth
7703,der,der,DET,nk,7704,Absichten
7704,Absichten,Absicht,NOUN,ag,7702,Redlichkeit
7705,unsers,unser,PROPN,ROOT,7705,unsers
7706,Freundes,Freund,NOUN,nk,7705,unsers
7707,",",--,PUNCT,punct,7706,Freundes
7708,die,der,DET,nk,7709,Nothwendigkeit
7709,Nothwendigkeit,Nothwendigkeit,NOUN,cj,7706,Freundes
7710,endlich,endlich,ADV,mo,7705,unsers
7711,einen,ein,DET,nk,7713,Schritt
7712,entscheidenden,entscheidend,ADJ,nk,7713,Schritt
7713,Schritt,Schritt,NOUN,oa,7705,unsers
7714,zu,zu,ADP,mo,7705,unsers
7715,wagen,wagen,VERB,oc,7718,hatten
7716,",",--,PUNCT,punct,7717,bewiesen
7717,bewiesen,beweisen,VERB,oc,7718,hatten
7718,hatten,haben,AUX,mo,7720,sangen
7719,",",--,PUNCT,punct,7720,sangen
7720,sangen,singen,VERB,ROOT,7720,sangen
7721,wir,wir,PRON,sb,7720,sangen
7722,ein,ein,DET,nk,7723,Paar
7723,Paar,Paar,NOUN,oa,7720,sangen
7724,Quartette,Quartette,NOUN,nk,7723,Paar
7725,",",--,PUNCT,punct,7723,Paar
7726,ihr,ihr,DET,nk,7728,Herz
7727,bewegtes,bewegt,ADJ,nk,7728,Herz
7728,Herz,Herz,NOUN,app,7723,Paar
7729,zu,zu,ADP,svp,7720,sangen
7730,beschwichtigen,beschwichtigen,VERB,ROOT,7730,beschwichtigen
7731,",",--,PUNCT,punct,7730,beschwichtigen
7732,und,und,CCONJ,cd,7730,beschwichtigen
7733,es,es,PRON,sb,7734,gelang
7734,gelang,gelingen,VERB,cj,7732,und
7735,uns,uns,PRON,da,7734,gelang
7736,",",--,PUNCT,punct,7734,gelang
7737,alle,aller,DET,nk,7738,Aengstlichkeit
7738,Aengstlichkeit,Aengstlichkeit,NOUN,oa,7742,verbannen
7739,von,von,ADP,mo,7742,verbannen
7740,ihr,ihr,PRON,nk,7739,von
7741,zu,zu,PART,pm,7742,verbannen
7742,verbannen,verbannen,VERB,re,7733,es
7743,.,--,PUNCT,punct,7730,beschwichtigen
7744,Am,an,ADP,ROOT,7744,Am
7745,Ende,Ende,NOUN,mo,7746,brachten
7746,brachten,bringen,VERB,ROOT,7746,brachten
7747,wir,wir,PRON,sb,7746,brachten
7748,sie,sie,PRON,oa,7746,brachten
7749,noch,noch,ADV,mo,7746,brachten
7750,dazu,dazu,ADV,mo,7746,brachten
7751,",",--,PUNCT,punct,7750,dazu
7752,ein,ein,DET,nk,7753,Duett
7753,Duett,Duett,NOUN,oa,7756,einzustudiren
7754,mit,mit,ADP,mnr,7753,Duett
7755,Wildenfels,Wildenfel,NOUN,nk,7754,mit
7756,einzustudiren,einzustudiren,VERB,re,7750,dazu
7757,",",--,PUNCT,punct,7756,einzustudiren
7758,von,von,ADP,mo,7746,brachten
7759,welchem,welcher,DET,sb,7765,war
7760,früher,früh,ADV,mo,7764,gewesen
7761,schon,schon,ADV,mo,7763,Rede
7762,die,der,DET,nk,7763,Rede
7763,Rede,Rede,NOUN,pd,7764,gewesen
7764,gewesen,sein,AUX,oc,7765,war
7765,war,sein,AUX,ROOT,7765,war
7766,.,--,PUNCT,punct,7765,war
7767,«,--,PUNCT,punct,7765,war
7768,»,--,PUNCT,punct,7772,Vater
7769,Ja,ja,PART,dm,7772,Vater
7770,",",--,PUNCT,punct,7772,Vater
7771,lieber,lieb,ADJ,mo,7772,Vater
7772,Vater,Vater,NOUN,oc,7775,sprach
7773,«,--,PUNCT,punct,7772,Vater
7774,",",--,PUNCT,punct,7775,sprach
7775,sprach,sprechen,VERB,ROOT,7775,sprach
7776,Angelika,Angelika,PROPN,sb,7775,sprach
7777,",",--,PUNCT,punct,7775,sprach
7778,»,--,PUNCT,punct,7780,repetirten
7779,wir,wir,PRON,sb,7780,repetirten
7780,repetirten,repetirt,ADJ,nk,7781,Martini's
7781,Martini's,Martini',PROPN,oa,7775,sprach
7782,schmelzendes,schmelzend,ADJ,oa,7775,sprach
7783,Occhietto,Occhietto,X,ROOT,7783,Occhietto
7784,furbetto,Furbetto,ADV,uc,7783,Occhietto
7785,",",--,PUNCT,punct,7784,furbetto
7786,aus,aus,ADP,mo,7789,l'arbore
7787,der,der,DET,nk,7788,Oper
7788,Oper,Oper,NOUN,nk,7786,aus
7789,l'arbore,l'arbore,PROPN,par,7783,Occhietto
7790,di,di,PROPN,pnc,7791,Diana
7791,Diana,Diana,PROPN,sb,7789,l'arbore
7792,um,um,ADP,mo,7789,l'arbore
7793,Sie,sie,PRON,nk,7792,um
7794,einst,einst,ADV,mo,7789,l'arbore
7795,damit,damit,ADV,mo,7789,l'arbore
7796,zu,zu,ADP,svp,7789,l'arbore
7797,überraschen,überraschen,VERB,ROOT,7797,überraschen
7798,.,--,PUNCT,punct,7797,überraschen
7799,Ach,ach,INTJ,dm,7802,weiß
7800,!,--,PUNCT,punct,7802,weiß
7801,ich,ich,PRON,sb,7802,weiß
7802,weiß,wissen,VERB,ROOT,7802,weiß
7803,es,es,PRON,oa,7802,weiß
7804,ja,ja,ADV,mo,7802,weiß
7805,.,--,PUNCT,punct,7802,weiß
7806,Sie,sie,PRON,sb,7807,sagten
7807,sagten,sagen,VERB,ROOT,7807,sagten
7808,mir,mir,PRON,da,7807,sagten
7809,oft,oft,ADV,mo,7807,sagten
7810,",",--,PUNCT,punct,7807,sagten
7811,wie,wie,SCONJ,mo,7807,sagten
7812,Sie,sie,PRON,pd,7811,wie
7813,diesen,dieser,PRON,oa,7807,sagten
7814,freundlichen,freundlich,ADJ,nk,7815,Erguß
7815,Erguß,Erguß,NOUN,ROOT,7815,Erguß
7816,liebender,liebend,ADJ,nk,7817,Herzen
7817,Herzen,Herz,NOUN,ag,7815,Erguß
7818,in,in,ADP,mnr,7817,Herzen
7819,den,der,DET,nk,7821,Brauttagen
7820,seligen,selig,ADJ,nk,7821,Brauttagen
7821,Brauttagen,Brauttag,NOUN,nk,7818,in
7822,mit,mit,ADP,mnr,7821,Brauttagen
7823,meiner,mein,DET,nk,7822,mit
7824,verklärten,verklärt,ADJ,nk,7825,Mutter
7825,Mutter,Mutter,NOUN,ROOT,7825,Mutter
7826,gesungen,singen,VERB,oc,7825,Mutter
7827,.,--,PUNCT,punct,7825,Mutter
7828,«,--,PUNCT,ROOT,7828,«
7829,»,--,PUNCT,punct,7830,Kinder
7830,Kinder,Kind,NOUN,ROOT,7830,Kinder
7831,",",--,PUNCT,punct,7830,Kinder
7832,Kinder,Kind,NOUN,cj,7830,Kinder
7833,!,--,PUNCT,punct,7830,Kinder
7834,Ihr,ihr,PRON,sb,7835,bietet
7835,bietet,bieten,VERB,oc,7845,rief
7836,ja,ja,ADV,mo,7835,bietet
7837,Alles,alle,PRON,oa,7835,bietet
7838,auf,auf,ADP,svp,7835,bietet
7839,",",--,PUNCT,punct,7835,bietet
7840,mich,mich,PRON,oa,7842,überwältigen
7841,zu,zu,PART,pm,7842,überwältigen
7842,überwältigen,überwältigen,VERB,oc,7835,bietet
7843,!,--,PUNCT,punct,7835,bietet
7844,«,--,PUNCT,punct,7845,rief
7845,rief,rufen,VERB,ROOT,7845,rief
7846,Schönfeld,Schönfeld,NOUN,ROOT,7846,Schönfeld
7847,.,--,PUNCT,punct,7846,Schönfeld
7848,»,--,PUNCT,punct,7850,ist
7849,Mir,mir,PRON,sb,7850,ist
7850,ist,sein,AUX,ROOT,7850,ist
7851,so,so,ADV,mo,7852,wunderbar
7852,wunderbar,wunderbar,ADV,pd,7850,ist
7853,zu,zu,ADP,mo,7852,wunderbar
7854,Muthe,Muthe,PROPN,nk,7853,zu
7855,.,--,PUNCT,punct,7850,ist
7856,Tausend,tausend,NUM,nk,7857,Gefühle
7857,Gefühle,Gefühl,NOUN,ROOT,7857,Gefühle
7858,und,und,CCONJ,cd,7857,Gefühle
7859,Erinnerungen,Erinnerung,NOUN,cj,7858,und
7860,kreuzen,kreuzen,VERB,ROOT,7860,kreuzen
7861,sich,sich,PRON,oa,7860,kreuzen
7862,in,in,ADP,mo,7860,kreuzen
7863,meinem,mein,DET,nk,7865,Kopfe
7864,brennenden,brennend,ADJ,nk,7865,Kopfe
7865,Kopfe,Kopf,NOUN,nk,7862,in
7866,",",--,PUNCT,punct,7860,kreuzen
7867,So,so,ADV,mo,7868,singt
7868,singt,singen,VERB,cj,7860,kreuzen
7869,denn,denn,ADV,mo,7868,singt
7870,in,in,ADP,mo,7872,euer
7871,Gottesnamen,Gottesnama,NOUN,nk,7870,in
7872,euer,eu,ADV,oc,7868,singt
7873,Duett,Duett,NOUN,ROOT,7873,Duett
7874,",",--,PUNCT,punct,7873,Duett
7875,daß,daß,SCONJ,cp,7879,fasse
7876,ich,ich,PRON,sb,7879,fasse
7877,unterdeß,unterdeßn,VERB,mo,7879,fasse
7878,mich,mich,PRON,oa,7879,fasse
7879,fasse,fassen,VERB,oc,7873,Duett
7880,und,und,CCONJ,cd,7879,fasse
7881,sammle,sammle,INTJ,cj,7880,und
7882,!,--,PUNCT,punct,7873,Duett
7883,«,--,PUNCT,punct,7873,Duett
7884,»,--,PUNCT,punct,7885,Geschwind
7885,Geschwind,Geschwind,NOUN,pd,7892,flüsterte
7886,ans,an,ADP,mnr,7885,Geschwind
7887,Piano,Piano,NOUN,nk,7886,ans
7888,",",--,PUNCT,punct,7887,Piano
7889,Wildenfels,Wildenfel,NOUN,cj,7887,Piano
7890,!,--,PUNCT,punct,7892,flüsterte
7891,«,--,PUNCT,punct,7892,flüsterte
7892,flüsterte,flüstert,ADJ,ROOT,7892,flüsterte
7893,Freimuth,Freimuth,PROPN,sb,7892,flüsterte
7894,.,--,PUNCT,punct,7892,flüsterte
7895,»,--,PUNCT,punct,7896,Singt
7896,Singt,singen,NOUN,ROOT,7896,Singt
7897,",",--,PUNCT,punct,7896,Singt
7898,wie,wie,SCONJ,mo,7899,David
7899,David,David,PROPN,cc,7896,Singt
7900,dem,der,DET,mo,7899,David
7901,Saul,Saul,PROPN,nk,7908,Gefühle
7902,",",--,PUNCT,punct,7901,Saul
7903,euerm,euerm,ADP,nk,7906,Vater
7904,bald,bald,ADV,mo,7905,gewonnenen
7905,gewonnenen,gewonnen,ADJ,nk,7906,Vater
7906,Vater,Vater,NOUN,app,7901,Saul
7907,zärtliche,zärtlich,ADJ,nk,7908,Gefühle
7908,Gefühle,Gefühl,NOUN,ROOT,7908,Gefühle
7909,in,in,ADP,mnr,7908,Gefühle
7910,die,der,DET,nk,7911,Seele
7911,Seele,Seele,NOUN,nk,7909,in
7912,.,--,PUNCT,punct,7908,Gefühle
7913,«,--,PUNCT,ROOT,7913,«
7914,12,12,NUM,ROOT,7914,12
7915,Und,und,CCONJ,ju,7917,sang
7916,Angelika,Angelika,PROPN,sb,7917,sang
7917,sang,singen,VERB,ROOT,7917,sang
7918,mit,mit,ADP,mo,7917,sang
7919,Wildenfels,Wildenfel,PROPN,ag,7922,Duett
7920,Martini's,Martini',PROPN,punct,7919,Wildenfels
7921,schmeichelndes,schmeichelnd,ADJ,nk,7922,Duett
7922,Duett,Duett,NOUN,nk,7918,mit
7923,",",--,PUNCT,punct,7922,Duett
7924,das,der,PRON,sb,7926,in
7925,schon,schon,ADV,mo,7926,in
7926,in,in,ADP,mo,7917,sang
7927,tausend,tausend,NUM,nk,7929,Herzen
7928,liebenden,liebend,ADJ,nk,7929,Herzen
7929,Herzen,Herz,NOUN,da,7930,wiederhallte
7930,wiederhallte,wiederhallen,VERB,ROOT,7930,wiederhallte
7931,.,--,PUNCT,punct,7930,wiederhallte
7932,Sie,sie,PRON,sb,7933,sangen
7933,sangen,singen,VERB,ROOT,7933,sangen
7934,es,es,PRON,oa,7933,sangen
7935,",",--,PUNCT,punct,7934,es
7936,von,von,ADP,op,7933,sangen
7937,des,der,DET,nk,7938,Vaters
7938,Vaters,Vater,NOUN,nk,7936,von
7939,immer,immer,ADV,mo,7936,von
7940,freundlichern,freundlichern,NOUN,ROOT,7940,freundlichern
7941,Blicken,Blick,NOUN,oa,7942,ermuthigt
7942,ermuthigt,ermuthigen,VERB,ROOT,7942,ermuthigt
7943,",",--,PUNCT,punct,7944,so
7944,so,so,ADV,mo,7945,anschmiegend
7945,anschmiegend,anschmiegend,ADV,mo,7942,ermuthigt
7946,",",--,PUNCT,punct,7945,anschmiegend
7947,so,so,ADV,mo,7948,schelmisch
7948,schelmisch,schelmisch,ADV,mo,7945,anschmiegend
7949,",",--,PUNCT,punct,7948,schelmisch
7950,wie,wie,SCONJ,mo,7951,es
7951,es,es,PRON,par,7952,Martini
7952,Martini,Martini,PROPN,ROOT,7952,Martini
7953,selbst,selbst,ADV,mo,7956,mögen
7954,hätte,haben,AUX,ROOT,7954,hätte
7955,hören,hören,VERB,oc,7956,mögen
7956,mögen,mögen,AUX,oc,7954,hätte
7957,;,--,PUNCT,punct,7954,hätte
7958,mit,mit,ADP,mo,7961,ward
7959,jedem,jeder,DET,nk,7960,Takte
7960,Takte,Takt,NOUN,nk,7958,mit
7961,ward,werden,VERB,ROOT,7961,ward
7962,der,der,DET,nk,7963,Vater
7963,Vater,Vater,NOUN,sb,7961,ward
7964,weicher,weich,ADV,mo,7961,ward
7965,",",--,PUNCT,punct,7961,ward
7966,und,und,CCONJ,cd,7961,ward
7967,endlich,endlich,ADV,mo,7961,ward
7968,sahen,sehen,VERB,ROOT,7968,sahen
7969,sie,sie,PRON,sb,7968,sahen
7970,das,der,DET,nk,7972,Entzücken
7971,reinste,reinst,ADJ,nk,7972,Entzücken
7972,Entzücken,Entzück,NOUN,oa,7976,leuchten
7973,aus,aus,ADP,mo,7976,leuchten
7974,seinen,sein,DET,nk,7975,Augen
7975,Augen,Auge,NOUN,nk,7973,aus
7976,leuchten,leuchten,VERB,oc,7968,sahen
7977,.,--,PUNCT,punct,7968,sahen
7978,»,--,PUNCT,punct,7979,Basta
7979,Basta,basta,PROPN,ROOT,7979,Basta
7980,",",--,PUNCT,punct,7979,Basta
7981,basta,Basta,PROPN,cj,7979,Basta
7982,",",--,PUNCT,punct,7979,Basta
7983,cosi,Cosi,X,cj,7981,basta
7984,!,--,PUNCT,punct,7979,Basta
7985,Nun,nun,ADV,mo,7989,ist
7986,ja,ja,PART,mo,7985,Nun
7987,",",--,PUNCT,punct,7989,ist
7988,es,es,PRON,sb,7989,ist
7989,ist,sein,AUX,ROOT,7989,ist
7990,euch,euch,PRON,da,7991,gelungen
7991,gelungen,gelingen,VERB,oc,7989,ist
7992,",",--,PUNCT,punct,7989,ist
7993,Ihr,ihr,PRON,sb,7994,habt
7994,habt,haben,AUX,ROOT,7994,habt
7995,das,der,DET,nk,7996,Herz
7996,Herz,Herz,NOUN,oa,7998,bezwungen
7997,mir,mir,PRON,da,7998,bezwungen
7998,bezwungen,bezwungen,VERB,oc,7994,habt
7999,!,--,PUNCT,punct,7994,habt
8000,«,--,PUNCT,punct,7994,habt
8001,rief,rufen,VERB,ROOT,8001,rief
8002,der,der,DET,nk,8009,Maler
8003,in,in,ADP,mo,8008,erschütterte
8004,den,der,DET,nk,8005,Tiefen
8005,Tiefen,Tiefe,NOUN,nk,8003,in
8006,seiner,sein,DET,nk,8007,Seele
8007,Seele,Seele,NOUN,ag,8005,Tiefen
8008,erschütterte,erschüttern,VERB,nk,8009,Maler
8009,Maler,Maler,NOUN,sb,8001,rief
8010,und,und,CCONJ,cd,8001,rief
8011,drückte,drücken,VERB,cj,8010,und
8012,die,der,DET,oa,8011,drückte
8013,Liebenden,liebenden,NOUN,ROOT,8013,Liebenden
8014,an,an,ADP,mnr,8013,Liebenden
8015,sein,sein,DET,nk,8017,Herz
8016,hochschlagendes,hochschlagend,ADJ,nk,8017,Herz
8017,Herz,Herz,NOUN,nk,8014,an
8018,",",--,PUNCT,punct,8013,Liebenden
8019,»,--,PUNCT,punct,8023,habt
8020,Welche,welcher,DET,nk,8022,Erinnerungen
8021,süße,süß,ADJ,nk,8022,Erinnerungen
8022,Erinnerungen,Erinnerung,NOUN,sb,8023,habt
8023,habt,haben,AUX,oc,8013,Liebenden
8024,ihr,ihr,PRON,oa,8023,habt
8025,in,in,ADP,mo,8023,habt
8026,mir,mir,PRON,da,8027,gewirkt
8027,gewirkt,wirken,VERB,ROOT,8027,gewirkt
8028,;,--,PUNCT,punct,8027,gewirkt
8029,welche,welcher,DET,nk,8030,Töne
8030,Töne,Ton,NOUN,sb,8033,habt
8031,süßer,süß,ADJ,nk,8032,Vergangenheit
8032,Vergangenheit,Vergangenheit,NOUN,ag,8030,Töne
8033,habt,haben,AUX,ROOT,8033,habt
8034,ihr,ihr,PRON,sb,8033,habt
8035,aus,aus,ADP,mo,8033,habt
8036,der,der,DET,nk,8038,Traumwelt
8037,schönen,schön,ADJ,nk,8038,Traumwelt
8038,Traumwelt,Traumwelt,NOUN,nk,8035,aus
8039,wieder,wieder,ADV,mo,8040,hervorgezaubert
8040,hervorgezaubert,hervorgezauberen,VERB,ROOT,8040,hervorgezaubert
8041,!,--,PUNCT,punct,8040,hervorgezaubert
8042,Ja,ja,PART,dm,8044,ja
8043,",",--,PUNCT,punct,8044,ja
8044,ja,ja,PART,ROOT,8044,ja
8045,!,--,PUNCT,punct,8044,ja
8046,Ich,ich,PRON,sb,8047,lege
8047,lege,legen,VERB,ROOT,8047,lege
8048,eure,eur,ADJ,nk,8049,Hände
8049,Hände,Hand,NOUN,oa,8047,lege
8050,zusammen,zusammen,ADV,svp,8047,lege
8051,;,--,PUNCT,punct,8047,lege
8052,ich,ich,PRON,sb,8053,segne
8053,segne,segnen,VERB,ROOT,8053,segne
8054,euch,euch,PRON,oa,8053,segne
8055,mit,mit,ADP,ROOT,8055,mit
8056,den,der,DET,nk,8057,Segnungen
8057,Segnungen,Segnung,NOUN,nk,8055,mit
8058,eines,ein,DET,nk,8060,Vaterherzens
8059,überströmenden,überströmend,ADJ,nk,8060,Vaterherzens
8060,Vaterherzens,Vaterherzen,NOUN,ag,8057,Segnungen
8061,.,--,PUNCT,punct,8055,mit
8062,Seid,Seid,AUX,ROOT,8062,Seid
8063,glücklich,glücklich,ADV,mo,8062,Seid
8064,mit,mit,ADP,svp,8062,Seid
8065,einander,sich,PRON,ROOT,8065,einander
8066,!,--,PUNCT,punct,8065,einander
8067,Ich,ich,PRON,sb,8068,will
8068,will,wollen,AUX,ROOT,8068,will
8069,glücklich,glücklich,ADV,pd,8075,sein
8070,mit,mit,ADP,mo,8075,sein
8071,euch,euch,PRON,nk,8070,mit
8072,und,und,CCONJ,cd,8070,mit
8073,durch,durch,ADP,cj,8072,und
8074,euch,euch,PRON,nk,8073,durch
8075,sein,sein,AUX,oc,8068,will
8076,!,--,PUNCT,punct,8068,will
8077,«,--,PUNCT,punct,8068,will
8078,–,--,PUNCT,ROOT,8078,–
8079,Und,und,CCONJ,ju,8080,euch
8080,euch,euch,PRON,re,8082,ihr
8081,",",--,PUNCT,punct,8082,ihr
8082,ihr,ihr,PRON,ROOT,8082,ihr
8083,wackern,wackern,ADJ,nk,8084,Gesellen
8084,Gesellen,Geselle,NOUN,ROOT,8084,Gesellen
8085,",",--,PUNCT,punct,8084,Gesellen
8086,dank,dank,ADP,cj,8084,Gesellen
8087,',--,PUNCT,punct,8084,Gesellen
8088,ich,ich,PRON,dep,8084,Gesellen
8089,",",--,PUNCT,punct,8088,ich
8090,daß,daß,SCONJ,cp,8098,habt
8091,ihr,ihr,PRON,sb,8098,habt
8092,mich,sich,PRON,oa,8097,geführt
8093,per,per,ADP,mo,8097,geführt
8094,aspera,Aspera,PROPN,nk,8093,per
8095,ad,ad,PROPN,pnc,8096,astra
8096,astra,Astra,PROPN,nk,8093,per
8097,geführt,führen,VERB,oc,8098,habt
8098,habt,haben,AUX,oc,8084,Gesellen
8099,.,--,PUNCT,punct,8084,Gesellen
8100,Nehmt,Nehmt,VERB,ROOT,8100,Nehmt
8101,es,es,PRON,sb,8100,Nehmt
8102,nicht,nicht,PART,ng,8100,Nehmt
8103,übel,übel,ADV,mo,8100,Nehmt
8104,",",--,PUNCT,punct,8100,Nehmt
8105,daß,daß,SCONJ,cp,8110,gehalten
8106,ich,ich,PRON,sb,8110,gehalten
8107,euch,euch,PRON,oa,8110,gehalten
8108,für,für,ADP,mo,8110,gehalten
8109,Diebe,Dieb,NOUN,nk,8108,für
8110,gehalten,halten,VERB,oc,8100,Nehmt
8111,und,und,CCONJ,cd,8110,gehalten
8112,nicht,nicht,PART,ng,8114,witterte
8113,gleich,gleich,ADV,mo,8114,witterte
8114,witterte,witteren,VERB,cj,8111,und
8115,",",--,PUNCT,punct,8100,Nehmt
8116,daß,daß,SCONJ,cp,8125,sei
8117,euer,eu,ADJ,nk,8118,Versteckens
8118,Versteckens,Verstecken,NOUN,sb,8125,sei
8119,nur,nur,ADV,mo,8124,Burschenstreich
8120,ein,ein,DET,nk,8124,Burschenstreich
8121,unschuldiger,unschuldig,ADJ,nk,8124,Burschenstreich
8122,",",--,PUNCT,punct,8121,unschuldiger
8123,fideler,fideler,ADJ,cj,8121,unschuldiger
8124,Burschenstreich,Burschenstreich,NOUN,pd,8125,sei
8125,sei,sein,AUX,ROOT,8125,sei
8126,.,--,PUNCT,punct,8125,sei
8127,Ihr,ihr,PRON,ROOT,8127,Ihr
8128,habt,haben,AUX,ROOT,8128,habt
8129,ein,ein,DET,nk,8131,Wunder
8130,halbes,halb,ADJ,nk,8131,Wunder
8131,Wunder,Wunder,NOUN,oa,8132,verrichtet
8132,verrichtet,verrichten,VERB,oc,8128,habt
8133,",",--,PUNCT,punct,8128,habt
8134,denn,denn,CCONJ,cd,8128,habt
8135,vor,vor,ADP,mo,8141,den
8136,einer,ein,DET,nk,8137,Stunde
8137,Stunde,Stunde,NOUN,nk,8135,vor
8138,noch,noch,ADV,mo,8135,vor
8139,würde,werden,AUX,cj,8134,denn
8140,ich,ich,PRON,sb,8139,würde
8141,den,der,PRON,oc,8139,würde
8142,einen,ein,DET,nk,8143,Narren
8143,Narren,Narr,NOUN,oa,8144,gescholten
8144,gescholten,scholten,VERB,oc,8145,haben
8145,haben,haben,AUX,ROOT,8145,haben
8146,",",--,PUNCT,punct,8145,haben
8147,der,der,PRON,sb,8150,hätte
8148,mir,mir,PRON,da,8149,gesagt
8149,gesagt,sagen,VERB,oc,8150,hätte
8150,hätte,haben,AUX,rc,8142,einen
8151,",",--,PUNCT,punct,8150,hätte
8152,meine,mein,DET,nk,8153,Tochter
8153,Tochter,Tochter,NOUN,sb,8154,würde
8154,würde,werden,AUX,oc,8149,gesagt
8155,einen,ein,DET,oc,8154,würde
8156,andern,anderer,VERB,ROOT,8156,andern
8157,als,als,ADP,cm,8159,Maler
8158,einen,ein,DET,nk,8159,Maler
8159,Maler,Maler,NOUN,cc,8160,heirathen
8160,heirathen,heirathen,VERB,mo,8156,andern
8161,.,--,PUNCT,punct,8156,andern
8162,Aber,aber,CCONJ,ju,8166,denkt's
8163,–,--,PUNCT,punct,8166,denkt's
8164,der,der,DET,nk,8165,Mensch
8165,Mensch,Mensch,NOUN,sb,8166,denkt's
8166,denkt's,denkt's,VERB,ROOT,8166,denkt's
8167,und,und,CCONJ,cd,8166,denkt's
8168,Gott,Gott,NOUN,oa,8169,lenkt's
8169,lenkt's,lenkt's,VERB,cj,8167,und
8170,!,--,PUNCT,punct,8166,denkt's
8171,Ach,ach,INTJ,ROOT,8171,Ach
8172,",",--,PUNCT,punct,8171,Ach
8173,meine,mein,DET,nk,8174,Pläne
8174,Pläne,Plan,NOUN,cj,8171,Ach
8175,!,--,PUNCT,punct,8171,Ach
8176,Mein,mein,DET,nk,8177,Künstlerkleeblatt
8177,Künstlerkleeblatt,Künstlerkleeblatt,NOUN,ROOT,8177,Künstlerkleeblatt
8178,",",--,PUNCT,punct,8177,Künstlerkleeblatt
8179,meine,mein,DET,nk,8181,Unsterblichkeit
8180,geträumte,geträumt,ADJ,nk,8181,Unsterblichkeit
8181,Unsterblichkeit,Unsterblichkeit,NOUN,app,8177,Künstlerkleeblatt
8182,!,--,PUNCT,punct,8177,Künstlerkleeblatt
8183,Alles,alle,PRON,sb,8186,habt
8184,",",--,PUNCT,punct,8186,habt
8185,Alles,alle,PRON,sb,8186,habt
8186,habt,haben,AUX,ROOT,8186,habt
8187,ihr,ihr,PRON,da,8189,weggeblasen
8188,rein,rein,ADV,mo,8189,weggeblasen
8189,weggeblasen,weggeblasen,VERB,oc,8186,habt
8190,!,--,PUNCT,punct,8186,habt
8191,«,--,PUNCT,punct,8186,habt
8192,»,--,PUNCT,punct,8194,Herr
8193,Lieber,lieb,ADJ,nk,8194,Herr
8194,Herr,Herr,NOUN,sb,8198,sprach
8195,Schönfeld,Schönfeld,PROPN,nk,8194,Herr
8196,«,--,PUNCT,punct,8194,Herr
8197,",",--,PUNCT,punct,8198,sprach
8198,sprach,sprechen,VERB,ROOT,8198,sprach
8199,Freimuth,Freimuth,PROPN,sb,8198,sprach
8200,",",--,PUNCT,punct,8198,sprach
8201,es,es,PRON,sb,8202,ist
8202,ist,sein,AUX,oc,8198,sprach
8203,ja,ja,ADV,mo,8202,ist
8204,alles,alle,PRON,sb,8202,ist
8205,so,so,ADV,mo,8202,ist
8206,",",--,PUNCT,punct,8205,so
8207,wie,wie,ADP,cm,8208,Sie's
8208,Sie's,Sie's,PROPN,cc,8205,so
8209,wünschten,wünschen,VERB,ROOT,8209,wünschten
8210,;,--,PUNCT,punct,8209,wünschten
8211,nur,nur,ADV,mo,8212,schöner
8212,schöner,schön,ADV,ROOT,8212,schöner
8213,noch,noch,ADV,mo,8212,schöner
8214,und,und,CCONJ,cd,8213,noch
8215,etwas,etwas,ADV,mo,8216,anders
8216,anders,anders,ADV,cj,8214,und
8217,",",--,PUNCT,punct,8216,anders
8218,als,als,SCONJ,cp,8220,träumten
8219,Sie's,Sie's,PROPN,sb,8220,träumten
8220,träumten,träumen,VERB,cc,8216,anders
8221,.,--,PUNCT,punct,8212,schöner
8222,Ihre,ihr,DET,nk,8223,Liebe
8223,Liebe,Liebe,NOUN,ROOT,8223,Liebe
8224,zur,zu,ADP,mo,8226,gab
8225,Kunst,Kunst,NOUN,nk,8224,zur
8226,gab,geben,VERB,ROOT,8226,gab
8227,Ihnen,ihnen,PRON,da,8226,gab
8228,den,der,DET,nk,8229,Gedanken
8229,Gedanken,Gedanke,NOUN,oa,8226,gab
8230,ein,ein,ADV,svp,8226,gab
8231,",",--,PUNCT,punct,8226,gab
8232,Ihre,ihr,DET,nk,8233,Angelika
8233,Angelika,Angelika,PROPN,oa,8226,gab
8234,mit,mit,ADP,mnr,8233,Angelika
8235,einem,ein,DET,nk,8236,Maler
8236,Maler,Maler,NOUN,nk,8234,mit
8237,zu,zu,ADP,svp,8226,gab
8238,verbinden,verbinden,VERB,ROOT,8238,verbinden
8239,.,--,PUNCT,punct,8238,verbinden
8240,Wenn,wenn,SCONJ,cp,8246,ist
8241,Wildenfels,Wildenfel,PROPN,sb,8246,ist
8242,nicht,nicht,PART,ng,8246,ist
8243,eben,eben,ADV,mo,8246,ist
8244,ein,ein,DET,nk,8245,Maler
8245,Maler,Maler,NOUN,pd,8246,ist
8246,ist,sein,AUX,re,8248,so
8247,",",--,PUNCT,punct,8248,so
8248,so,so,ADV,mo,8249,ist
8249,ist,sein,AUX,ROOT,8249,ist
8250,er,er,PRON,sb,8249,ist
8251,doch,doch,ADV,mo,8249,ist
8252,ein,ein,DET,pd,8249,ist
8253,Künstler,Künstler,NOUN,ROOT,8253,Künstler
8254,",",--,PUNCT,punct,8253,Künstler
8255,und,und,CCONJ,cd,8253,Künstler
8256,die,der,DET,nk,8257,Kraft
8257,Kraft,Kraft,NOUN,sb,8260,hat
8258,seiner,sein,DET,nk,8259,Kunst
8259,Kunst,Kunst,NOUN,ag,8257,Kraft
8260,hat,haben,AUX,cj,8255,und
8261,sich,sich,PRON,oa,8265,bewährt
8262,an,an,ADP,mo,8265,bewährt
8263,Ihnen,ihnen,PRON,nk,8262,an
8264,selbst,selbst,ADV,mnr,8263,Ihnen
8265,bewährt,bewähren,VERB,oc,8260,hat
8266,.,--,PUNCT,punct,8253,Künstler
8267,Und,und,CCONJ,ju,8268,ist
8268,ist,sein,AUX,ROOT,8268,ist
8269,das,der,DET,nk,8270,Urprinzip
8270,Urprinzip,Urprinzip,NOUN,ROOT,8270,Urprinzip
8271,aller,aller,DET,nk,8272,Künste
8272,Künste,Kunst,NOUN,ag,8270,Urprinzip
8273,nicht,nicht,PART,ng,8270,Urprinzip
8274,eines,ein,DET,sb,8270,Urprinzip
8275,und,und,CCONJ,cd,8274,eines
8276,eben,eben,ADV,mo,8277,dasselbe
8277,dasselbe,dasselbe,PRON,cj,8275,und
8278,im,in,ADP,mnr,8274,eines
8279,Gemüth,Gemüth,NOUN,nk,8278,im
8280,des,der,DET,mnr,8270,Urprinzip
8281,Menschen,Mensch,NOUN,ROOT,8281,Menschen
8282,?,--,PUNCT,punct,8281,Menschen
8283,Es,es,PRON,sb,8284,ist
8284,ist,sein,AUX,ROOT,8284,ist
8285,eine,ein,DET,nk,8288,Kraft
8286,rege,rege,ADJ,nk,8288,Kraft
8287,schöpferische,schöpferisch,ADJ,nk,8288,Kraft
8288,Kraft,Kraft,NOUN,pd,8284,ist
8289,von,von,ADP,mnr,8288,Kraft
8290,oben,oben,ADV,nk,8289,von
8291,",",--,PUNCT,punct,8288,Kraft
8292,die,der,DET,nk,8293,Jeden
8293,Jeden,Jeder,NOUN,cj,8288,Kraft
8294,",",--,PUNCT,punct,8293,Jeden
8295,dem,der,PRON,mo,8284,ist
8296,sie,sie,PRON,pd,8284,ist
8297,innewohnt,innewohnen,VERB,mo,8301,antreibt
8298,",",--,PUNCT,punct,8301,antreibt
8299,mit,mit,ADP,mo,8301,antreibt
8300,Göttergewalt,Göttergewalt,NOUN,nk,8299,mit
8301,antreibt,antreeben,VERB,ROOT,8301,antreibt
8302,",",--,PUNCT,punct,8301,antreibt
8303,die,der,DET,nk,8304,Erscheinungen
8304,Erscheinungen,Erscheinung,NOUN,app,8301,antreibt
8305,in,in,ADP,mnr,8304,Erscheinungen
8306,der,der,DET,nk,8307,physischen
8307,physischen,physisch,ADJ,nk,8305,in
8308,und,und,CCONJ,cd,8307,physischen
8309,moralischen,moralisch,ADJ,nk,8310,Welt
8310,Welt,Welt,NOUN,da,8315,aufzufassen
8311,mit,mit,ADP,mo,8315,aufzufassen
8312,dem,der,DET,nk,8314,Gefühl
8313,lebhaftesten,lebhaftest,ADJ,nk,8314,Gefühl
8314,Gefühl,Gefühl,NOUN,nk,8311,mit
8315,aufzufassen,auffassen,VERB,ROOT,8315,aufzufassen
8316,",",--,PUNCT,punct,8315,aufzufassen
8317,das,der,DET,nk,8318,Geistige
8318,Geistige,geistige,NOUN,app,8315,aufzufassen
8319,aus,aus,ADP,mnr,8318,Geistige
8320,dem,der,DET,nk,8319,aus
8321,Sinnlichen,Sinnliche,NOUN,oa,8322,herauszuheben
8322,herauszuheben,herauszuheben,VERB,ROOT,8322,herauszuheben
8323,",",--,PUNCT,punct,8322,herauszuheben
8324,verschönert,verschönern,VERB,cj,8322,herauszuheben
8325,und,und,CCONJ,cd,8324,verschönert
8326,mit,mit,ADP,mo,8329,darzustellen
8327,erhöhtem,erhöht,ADJ,nk,8328,Leben
8328,Leben,Leben,NOUN,nk,8326,mit
8329,darzustellen,darstellen,VERB,cj,8325,und
8330,;,--,PUNCT,punct,8322,herauszuheben
8331,durch,durch,ADP,ROOT,8331,durch
8332,diese,dieser,DET,nk,8334,Gebilde
8333,idealisirten,idealisirt,ADJ,nk,8334,Gebilde
8334,Gebilde,Gebilde,NOUN,nk,8331,durch
8335,",",--,PUNCT,punct,8334,Gebilde
8336,durch,durch,ADP,app,8334,Gebilde
8337,diese,dieser,DET,nk,8338,Anklage
8338,Anklage,Anklage,NOUN,nk,8336,durch
8339,aus,aus,ADP,mnr,8338,Anklage
8340,den,der,DET,nk,8341,Tiefen
8341,Tiefen,Tiefe,NOUN,nk,8339,aus
8342,unsers,unsers,DET,mo,8331,durch
8343,bessern,bessern,VERB,nk,8344,Wesens
8344,Wesens,wesen,NOUN,ROOT,8344,Wesens
8345,",",--,PUNCT,punct,8344,Wesens
8346,den,der,DET,nk,8348,Sinn
8347,feinern,feinern,ADJ,nk,8348,Sinn
8348,Sinn,Sinn,NOUN,oa,8352,wecken
8349,der,der,DET,nk,8350,Menge
8350,Menge,Menge,NOUN,ag,8348,Sinn
8351,zu,zu,PART,pm,8352,wecken
8352,wecken,wecken,VERB,oc,8344,Wesens
8353,",",--,PUNCT,punct,8352,wecken
8354,ihren,ihr,DET,nk,8355,Geschmack
8355,Geschmack,Geschmack,NOUN,app,8348,Sinn
8356,zu,zu,ADP,punct,8344,Wesens
8357,veredeln,veredeln,VERB,ROOT,8357,veredeln
8358,und,und,CCONJ,cd,8357,veredeln
8359,sie,sie,PRON,cj,8358,und
8360,aus,aus,ADP,mnr,8359,sie
8361,dem,der,DET,nk,8363,Kreise
8362,engen,eng,ADJ,nk,8363,Kreise
8363,Kreise,Kreis,NOUN,nk,8360,aus
8364,des,der,DET,nk,8366,Werkeltaglebens
8365,niederdrückenden,niederdrückend,ADJ,nk,8366,Werkeltaglebens
8366,Werkeltaglebens,Werkeltagleben,NOUN,ag,8363,Kreise
8367,in,in,ADP,mnr,8359,sie
8368,höhere,hoch,ADJ,nk,8369,Sphären
8369,Sphären,Sphäre,NOUN,oa,8370,emporzuheben
8370,emporzuheben,emporzuheben,VERB,ROOT,8370,emporzuheben
8371,.,--,PUNCT,punct,8370,emporzuheben
8372,Ob,ob,SCONJ,cp,8373,das
8373,das,der,PRON,ROOT,8373,das
8374,mit,mit,ADP,mnr,8373,das
8375,Farben,Farbe,NOUN,nk,8374,mit
8376,oder,oder,CCONJ,cd,8374,mit
8377,mit,mit,ADP,cj,8376,oder
8378,harmonischen,harmonisch,ADJ,nk,8379,Tönen
8379,Tönen,Tön,NOUN,nk,8377,mit
8380,oder,oder,CCONJ,cd,8374,mit
8381,mit,mit,ADP,mo,8385,geschehe
8382,schön,schön,ADV,mo,8383,artikulirten
8383,artikulirten,artikulirt,ADJ,nk,8384,Worten
8384,Worten,Wort,NOUN,nk,8381,mit
8385,geschehe,geschehen,VERB,pd,8389,ist
8386,",",--,PUNCT,punct,8389,ist
8387,der,der,DET,nk,8388,Zweck
8388,Zweck,Zweck,NOUN,sb,8389,ist
8389,ist,sein,AUX,ROOT,8389,ist
8390,der,der,DET,nk,8391,nämliche
8391,nämliche,nämlich,ADJ,sb,8389,ist
8392,",",--,PUNCT,punct,8389,ist
8393,wenn,wenn,SCONJ,cp,8394,schon
8394,schon,schon,ADV,mo,8389,ist
8395,die,der,DET,nk,8396,Mittel
8396,Mittel,Mittel,NOUN,ROOT,8396,Mittel
8397,dazu,dazu,ADV,mnr,8396,Mittel
8398,",",--,PUNCT,punct,8397,dazu
8399,je,je,ADV,mo,8400,nach
8400,nach,nach,ADP,mo,8397,dazu
8401,der,der,DET,nk,8403,Natur
8402,individuellen,individuell,ADJ,nk,8403,Natur
8403,Natur,Natur,NOUN,nk,8400,nach
8404,des,der,DET,nk,8406,Priesters
8405,geweihten,geweiht,ADJ,nk,8406,Priesters
8406,Priesters,Priester,NOUN,ag,8403,Natur
8407,",",--,PUNCT,punct,8396,Mittel
8408,verschieden,verschieden,ADV,pd,8409,sind
8409,sind,sein,AUX,ROOT,8409,sind
8410,.,--,PUNCT,punct,8409,sind
8411,Aechte,Aecht,ADJ,sb,8417,sind
8412,Dichter,Dichter,NOUN,nk,8411,Aechte
8413,",",--,PUNCT,punct,8412,Dichter
8414,Maler,Maler,NOUN,cj,8412,Dichter
8415,und,und,CCONJ,cd,8414,Maler
8416,Tonkünstler,Tonkünstler,NOUN,cj,8415,und
8417,sind,sein,AUX,ROOT,8417,sind
8418,Brüder,Bruder,NOUN,sb,8417,sind
8419,",",--,PUNCT,punct,8420,sind
8420,sind,sein,AUX,cj,8417,sind
8421,alle,aller,PRON,sb,8420,sind
8422,Kinder,Kind,NOUN,ROOT,8422,Kinder
8423,einer,ein,DET,nk,8424,Mutter
8424,Mutter,Mutter,NOUN,ag,8422,Kinder
8425,.,--,PUNCT,punct,8422,Kinder
8426,Die,der,DET,nk,8427,Einen
8427,Einen,Einer,PRON,sb,8428,bewegen
8428,bewegen,bewegen,VERB,ROOT,8428,bewegen
8429,die,der,DET,nk,8430,Seele
8430,Seele,Seele,NOUN,oa,8428,bewegen
8431,durch,durch,ADP,mo,8428,bewegen
8432,das,der,DET,nk,8433,Auge
8433,Auge,Auge,NOUN,nk,8431,durch
8434,;,--,PUNCT,punct,8428,bewegen
8435,die,der,DET,nk,8436,andern
8436,andern,anderer,PRON,ROOT,8436,andern
8437,durch,durch,ADP,ROOT,8437,durch
8438,das,der,DET,nk,8439,Ohr
8439,Ohr,Ohr,NOUN,nk,8437,durch
8440,.,--,PUNCT,punct,8437,durch
8441,Wenn,wenn,SCONJ,cp,8446,genießt
8442,der,der,DET,nk,8443,Maler
8443,Maler,Maler,NOUN,sb,8446,genießt
8444,den,der,DET,nk,8445,Vortheil
8445,Vortheil,Vortheil,NOUN,oa,8446,genießt
8446,genießt,genießen,VERB,ROOT,8446,genießt
8447,",",--,PUNCT,punct,8446,genießt
8448,die,der,DET,nk,8449,Schöpfungen
8449,Schöpfungen,Schöpfung,NOUN,oa,8446,genießt
8450,seines,sein,DET,ag,8449,Schöpfungen
8451,Geistes,Geist,NOUN,ROOT,8451,Geistes
8452,auf,auf,ADP,mo,8456,befestigen
8453,dem,der,DET,nk,8454,Tuche
8454,Tuche,Tuche,NOUN,nk,8452,auf
8455,zu,zu,PART,pm,8456,befestigen
8456,befestigen,befestigen,VERB,oc,8451,Geistes
8457,und,und,CCONJ,cd,8456,befestigen
8458,ihnen,ihnen,PRON,da,8462,einen
8459,durch,durch,ADP,mo,8458,ihnen
8460,bestimmte,bestimmt,ADJ,nk,8461,Formen
8461,Formen,Form,NOUN,nk,8459,durch
8462,einen,ein,DET,ROOT,8462,einen
8463,bleibenden,bleibenden,VERB,re,8470,so
8464,",",--,PUNCT,punct,8463,bleibenden
8465,unveränderlichen,unveränderlich,ADJ,nk,8466,Gehalt
8466,Gehalt,Gehalt,NOUN,oa,8468,geben
8467,zu,zu,PART,pm,8468,geben
8468,geben,geben,VERB,oc,8463,bleibenden
8469,",",--,PUNCT,punct,8470,so
8470,so,so,ADV,mo,8471,ist
8471,ist,sein,AUX,ROOT,8471,ist
8472,sein,sein,DET,nk,8473,Werk
8473,Werk,Werk,NOUN,sb,8471,ist
8474,",",--,PUNCT,punct,8473,Werk
8475,das,der,PRON,da,8471,ist
8476,er,er,PRON,sb,8471,ist
8477,mit,mit,ADP,mo,8471,ist
8478,mühsamer,mühsam,ADJ,nk,8480,Anstrengung
8479,ausdauernder,ausdauernd,ADJ,nk,8480,Anstrengung
8480,Anstrengung,Anstrengung,NOUN,da,8481,vollendete
8481,vollendete,vollenden,VERB,ROOT,8481,vollendete
8482,",",--,PUNCT,punct,8481,vollendete
8483,doch,doch,ADV,cd,8481,vollendete
8484,nur,nur,ADV,mo,8485,auf
8485,auf,auf,ADP,cj,8483,doch
8486,einen,ein,DET,nk,8487,einzigen
8487,einzigen,einzig,ADJ,dep,8481,vollendete
8488,Zustand,Zustand,NOUN,oa,8489,beschränkt
8489,beschränkt,beschränken,VERB,ROOT,8489,beschränkt
8490,;,--,PUNCT,punct,8489,beschränkt
8491,er,er,PRON,sb,8492,vermag
8492,vermag,vermögen,VERB,ROOT,8492,vermag
8493,nur,nur,ADV,mo,8496,Moment
8494,einen,ein,DET,nk,8496,Moment
8495,einzigen,einzig,ADJ,nk,8496,Moment
8496,Moment,Moment,NOUN,oa,8497,darzustellen
8497,darzustellen,darstellen,VERB,oc,8492,vermag
8498,;,--,PUNCT,punct,8492,vermag
8499,indeß,indeß,VERB,ROOT,8499,indeß
8500,der,der,DET,ROOT,8500,der
8501,Tonkünstler,Tonkünstler,NOUN,ROOT,8501,Tonkünstler
8502,",",--,PUNCT,punct,8501,Tonkünstler
8503,durch,durch,ADP,cj,8501,Tonkünstler
8504,Aufregung,Aufregung,NOUN,nk,8503,durch
8505,aller,aller,DET,nk,8507,Nerven
8506,feinern,feinern,ADJ,nk,8507,Nerven
8507,Nerven,Nerv,NOUN,ag,8504,Aufregung
8508,",",--,PUNCT,punct,8504,Aufregung
8509,einen,ein,DET,nk,8511,Antheil
8510,tiefern,tiefern,NOUN,nk,8511,Antheil
8511,Antheil,Antheil,NOUN,app,8501,Tonkünstler
8512,an,an,ADP,svp,8501,Tonkünstler
8513,seinen,sein,DET,nk,8515,Formen
8514,melodischen,melodisch,ADJ,nk,8515,Formen
8515,Formen,Form,NOUN,da,8516,erweckt
8516,erweckt,erwecken,VERB,ROOT,8516,erweckt
8517,",",--,PUNCT,punct,8516,erweckt
8518,und,und,CCONJ,cd,8516,erweckt
8519,die,der,DET,nk,8520,Seele
8520,Seele,Seele,NOUN,cj,8518,und
8521,",",--,PUNCT,punct,8520,Seele
8522,in,in,ADP,par,8520,Seele
8523,kurzen,kurz,ADJ,nk,8524,Zwischenräumen
8524,Zwischenräumen,Zwischenräume,NOUN,nk,8522,in
8525,",",--,PUNCT,punct,8520,Seele
8526,in,in,ADP,mnr,8520,Seele
8527,mannigfaltig,mannigfaltig,ADV,mo,8528,abwechselnde
8528,abwechselnde,abwechselnd,ADJ,nk,8529,Zustände
8529,Zustände,Zustand,NOUN,oa,8534,versetzt
8530,",",--,PUNCT,punct,8529,Zustände
8531,nach,nach,ADP,mnr,8529,Zustände
8532,Willkür,Willkür,NOUN,nk,8531,nach
8533,",",--,PUNCT,punct,8534,versetzt
8534,versetzt,versetzen,VERB,ROOT,8534,versetzt
8535,",",--,PUNCT,punct,8534,versetzt
8536,sie,sie,PRON,app,8534,versetzt
8537,zur,zu,ADP,mnr,8536,sie
8538,Traurigkeit,Traurigkeit,NOUN,nk,8537,zur
8539,und,und,CCONJ,ju,8544,stimmt
8540,dann,dann,ADV,mo,8544,stimmt
8541,wieder,wieder,ADV,mo,8544,stimmt
8542,zur,zu,ADP,mo,8544,stimmt
8543,Freude,Freude,NOUN,nk,8542,zur
8544,stimmt,stimmen,VERB,ROOT,8544,stimmt
8545,",",--,PUNCT,punct,8549,begeistert
8546,zu,zu,ADP,mo,8549,begeistert
8547,großen,groß,ADJ,nk,8548,Entschlüssen
8548,Entschlüssen,Entschlüs,NOUN,nk,8546,zu
8549,begeistert,begeistern,VERB,mo,8544,stimmt
8550,",",--,PUNCT,punct,8544,stimmt
8551,die,der,DET,nk,8552,heiße
8552,heiße,heiß,ADJ,cj,8544,stimmt
8553,Sehnsucht,Sehnsucht,NOUN,oa,8554,beschwichtigt
8554,beschwichtigt,beschwichtigen,VERB,ROOT,8554,beschwichtigt
8555,und,und,CCONJ,cd,8554,beschwichtigt
8556,milden,mild,ADJ,nk,8557,Trost
8557,Trost,Trost,NOUN,oa,8561,gießt
8558,in,in,ADP,mo,8561,gießt
8559,tiefbetrübte,tiefbetrübt,ADJ,nk,8560,Herzen
8560,Herzen,Herz,NOUN,nk,8558,in
8561,gießt,gießt,VERB,cj,8555,und
8562,.,--,PUNCT,punct,8554,beschwichtigt
8563,Eigentlich,eigentlich,ADV,mo,8564,sind
8564,sind,sein,AUX,ROOT,8564,sind
8565,die,der,DET,nk,8567,Künstler
8566,wahren,wahr,ADJ,nk,8567,Künstler
8567,Künstler,Künstler,NOUN,sb,8564,sind
8568,allzumal,allzumal,ADV,mo,8564,sind
8569,Dichter,Dichter,NOUN,pd,8564,sind
8570,",",--,PUNCT,punct,8564,sind
8571,und,und,CCONJ,cd,8564,sind
8572,alle,alle,PRON,sb,8573,sollten
8573,sollten,sollen,AUX,cj,8571,und
8574,",",--,PUNCT,punct,8573,sollten
8575,weil,weil,SCONJ,dep,8564,sind
8576,entfernt,entfernen,ADV,mo,8578,anzufeinden
8577,sich,sich,PRON,oa,8578,anzufeinden
8578,anzufeinden,anfeinden,VERB,ROOT,8578,anzufeinden
8579,und,und,CCONJ,cd,8578,anzufeinden
8580,ihre,ihr,DET,nk,8582,Wirkungsmittel
8581,verschiedenen,verschieden,ADJ,nk,8582,Wirkungsmittel
8582,Wirkungsmittel,Wirkungsmittel,NOUN,cj,8579,und
8583,",",--,PUNCT,punct,8582,Wirkungsmittel
8584,einer,ein,PRON,cj,8582,Wirkungsmittel
8585,auf,auf,ADP,mnr,8584,einer
8586,Kosten,Kosten,NOUN,oa,8591,preisen
8587,des,der,DET,nk,8588,andern
8588,andern,anderer,ADJ,ag,8586,Kosten
8589,",",--,PUNCT,punct,8593,wollen
8590,vorzüglich,vorzüglich,ADV,mo,8591,preisen
8591,preisen,preisen,VERB,oc,8593,wollen
8592,zu,zu,PART,pm,8593,wollen
8593,wollen,wollen,AUX,ROOT,8593,wollen
8594,",",--,PUNCT,punct,8593,wollen
8595,sich,sich,PRON,app,8593,wollen
8596,vielmehr,vielmehr,ADV,mo,8595,sich
8597,brüderlich,brüderlich,ADV,pd,8595,sich
8598,vereinen,vereinen,VERB,ROOT,8598,vereinen
8599,",",--,PUNCT,punct,8598,vereinen
8600,nach,nach,ADP,mo,8606,helfen
8601,besten,gut,ADJ,nk,8602,Kräften
8602,Kräften,Kraft,NOUN,nk,8600,nach
8603,einander,einander,PRON,oa,8606,helfen
8604,aufwärts,aufwärts,ADV,mo,8606,helfen
8605,zu,zu,PART,pm,8606,helfen
8606,helfen,helfen,VERB,oc,8598,vereinen
8607,",",--,PUNCT,punct,8606,helfen
8608,durch,durch,ADP,mo,8598,vereinen
8609,Ideentausch,Ideentausch,NOUN,nk,8608,durch
8610,und,und,CCONJ,ROOT,8610,und
8611,Ineinandergreifen,Ineinandergreifen,NOUN,cj,8610,und
8612,aller,aller,DET,nk,8613,Kunstzweige
8613,Kunstzweige,Kunstzweig,NOUN,ag,8611,Ineinandergreifen
8614,",",--,PUNCT,punct,8611,Ineinandergreifen
8615,woraus,woraus,SCONJ,mo,8617,Gesammtwirkung
8616,eine,ein,DET,nk,8617,Gesammtwirkung
8617,Gesammtwirkung,Gesammtwirkung,NOUN,app,8611,Ineinandergreifen
8618,entstehen,entstehen,VERB,oc,8611,Ineinandergreifen
8619,könnte,können,AUX,ROOT,8619,könnte
8620,",",--,PUNCT,punct,8619,könnte
8621,welche,welcher,PRON,oa,8628,umgestalten
8622,die,der,DET,nk,8623,Welt
8623,Welt,Welt,NOUN,oa,8628,umgestalten
8624,in,in,ADP,mo,8628,umgestalten
8625,ein,ein,DET,nk,8627,Paradies
8626,wahres,wahres,ADJ,nk,8627,Paradies
8627,Paradies,Paradies,NOUN,nk,8624,in
8628,umgestalten,umgestalten,VERB,rc,8619,könnte
8629,und,und,CCONJ,cd,8628,umgestalten
8630,alle,aller,DET,nk,8631,Menschen
8631,Menschen,Mensch,NOUN,cj,8629,und
8632,auf,auf,ADP,mo,8636,emporheben
8633,eine,ein,DET,nk,8635,Vollkommenheitsstufe
8634,höhere,hoch,ADJ,nk,8635,Vollkommenheitsstufe
8635,Vollkommenheitsstufe,Vollkommenheitsstufe,NOUN,nk,8632,auf
8636,emporheben,emporheben,VERB,oc,8637,würde
8637,würde,werden,AUX,ROOT,8637,würde
8638,.,--,PUNCT,punct,8637,würde
8639,«,--,PUNCT,punct,8636,emporheben
8640,»,--,PUNCT,punct,8642,Herzensjungen
8641,Ihr,ihr,PRON,nk,8642,Herzensjungen
8642,Herzensjungen,Herzensjung,NOUN,sb,8645,rief
8643,!,--,PUNCT,punct,8645,rief
8644,«,--,PUNCT,punct,8645,rief
8645,rief,rufen,VERB,ROOT,8645,rief
8646,Schönfeld,Schönfeld,PROPN,sb,8645,rief
8647,",",--,PUNCT,punct,8645,rief
8648,»,--,PUNCT,punct,8650,ist
8649,Es,es,PRON,sb,8650,ist
8650,ist,sein,AUX,oc,8645,rief
8651,alles,alle,PRON,sb,8650,ist
8652,wahr,wahr,ADV,pd,8650,ist
8653,;,--,PUNCT,punct,8645,rief
8654,ich,ich,PRON,sb,8655,habe
8655,habe,haben,AUX,ROOT,8655,habe
8656,das,der,DET,nk,8657,Alles
8657,Alles,alle,NOUN,oa,8655,habe
8658,schon,schon,ADV,mo,8659,früher
8659,früher,früh,ADV,mo,8660,empfunden
8660,empfunden,empfinden,VERB,ROOT,8660,empfunden
8661,und,und,CCONJ,cd,8660,empfunden
8662,gedacht,denken,VERB,cj,8661,und
8663,",",--,PUNCT,punct,8660,empfunden
8664,und,und,CCONJ,cd,8660,empfunden
8665,nur,nur,ADV,mo,8668,Grille
8666,meine,mein,DET,nk,8668,Grille
8667,tolle,toll,ADJ,nk,8668,Grille
8668,Grille,Grille,NOUN,sb,8669,machte
8669,machte,machen,VERB,cj,8664,und
8670,mich,mich,PRON,oa,8669,machte
8671,so,so,ADV,mo,8669,machte
8672,schülerhaft,schülerhaft,ADV,mo,8673,einseitig
8673,einseitig,einseitig,ADV,ROOT,8673,einseitig
8674,.,--,PUNCT,punct,8673,einseitig
8675,Ja,ja,PART,dm,8680,bist
8676,",",--,PUNCT,punct,8680,bist
8677,Wildenfels,Wildenfel,NOUN,vo,8680,bist
8678,",",--,PUNCT,punct,8680,bist
8679,du,du,PRON,sb,8680,bist
8680,bist,sein,AUX,ROOT,8680,bist
8681,ein,ein,DET,nk,8682,Seelenmaler
8682,Seelenmaler,Seelenmaler,NOUN,sb,8680,bist
8683,mit,mit,ADP,mnr,8682,Seelenmaler
8684,deinen,deinen,DET,nk,8683,mit
8685,Harmonieen,Harmonieen,X,ROOT,8685,Harmonieen
8686,",",--,PUNCT,punct,8685,Harmonieen
8687,und,und,CCONJ,cd,8685,Harmonieen
8688,meine,mein,DET,nk,8689,Angelika
8689,Angelika,Angelika,PROPN,sb,8690,soll
8690,soll,sollen,AUX,cj,8687,und
8691,dich,dich,PRON,oa,8693,begeistern
8692,ewig,ewig,ADV,mo,8693,begeistern
8693,begeistern,begeistern,VERB,oc,8690,soll
8694,",",--,PUNCT,punct,8693,begeistern
8695,zu,zu,ADP,mo,8690,soll
8696,immer,immer,ADV,mo,8697,neuen
8697,neuen,neu,ADJ,nk,8695,zu
8698,und,und,CCONJ,cd,8697,neuen
8699,immer,immer,ADV,mo,8700,höhern
8700,höhern,höhern,ADJ,nk,8701,Ausflügen
8701,Ausflügen,Ausflug,NOUN,ROOT,8701,Ausflügen
8702,ins,in,ADP,mnr,8701,Ausflügen
8703,Reich,Reich,NOUN,nk,8702,ins
8704,der,der,DET,nk,8705,Töne
8705,Töne,Ton,NOUN,ag,8703,Reich
8706,!,--,PUNCT,punct,8701,Ausflügen
8707,Noch,noch,ADV,mo,8708,weißt
8708,weißt,weißen,VERB,ROOT,8708,weißt
8709,du,du,PRON,sb,8708,weißt
8710,nicht,nicht,PART,ng,8708,weißt
8711,",",--,PUNCT,punct,8708,weißt
8712,was,was,PRON,oa,8708,weißt
8713,Alles,alle,PRON,ROOT,8713,Alles
8714,sich,sich,PRON,ROOT,8714,sich
8715,in,in,ADP,mo,8721,regt
8716,dieser,dieser,DET,nk,8718,Mädchenseele
8717,reinen,rein,ADJ,nk,8718,Mädchenseele
8718,Mädchenseele,Mädchenseel,NOUN,nk,8715,in
8719,still,still,ADV,mo,8720,verborgen
8720,verborgen,verbergen,VERB,mo,8721,regt
8721,regt,regen,VERB,ROOT,8721,regt
8722,;,--,PUNCT,punct,8721,regt
8723,und,und,CCONJ,ju,8726,wird
8724,jeder,jeder,DET,nk,8725,Tag
8725,Tag,Tag,NOUN,mo,8726,wird
8726,wird,werden,AUX,ROOT,8726,wird
8727,dir,dir,PRON,sb,8726,wird
8728,eine,ein,DET,pd,8726,wird
8729,neue,neu,ADJ,nk,8730,Vollkommenheit
8730,Vollkommenheit,Vollkommenheit,NOUN,sb,8733,entfalten
8731,an,an,ADP,mo,8733,entfalten
8732,ihr,ihr,PRON,nk,8731,an
8733,entfalten,entfalten,VERB,ROOT,8733,entfalten
8734,",",--,PUNCT,punct,8733,entfalten
8735,wenn,wenn,SCONJ,cp,8738,Blüthen
8736,du,du,PRON,sb,8738,Blüthen
8737,die,der,DET,nk,8738,Blüthen
8738,Blüthen,Blüthen,NOUN,oa,8733,entfalten
8739,des,der,DET,nk,8740,Gefühls
8740,Gefühls,Gefühl,NOUN,ag,8738,Blüthen
8741,mit,mit,ADP,mnr,8738,Blüthen
8742,sinnig-schonender,sinnig-schonend,ADJ,nk,8743,Hand
8743,Hand,Hand,NOUN,sb,8746,weißt
8744,zu,zu,PART,pm,8745,pflücken
8745,pflücken,pflücken,VERB,oc,8746,weißt
8746,weißt,weißt,VERB,ROOT,8746,weißt
8747,!,--,PUNCT,punct,8746,weißt
8748,–,--,PUNCT,punct,8752,war
8749,Welch,welch,SCONJ,mo,8752,war
8750,ein,ein,DET,nk,8751,Thor
8751,Thor,Thor,NOUN,pd,8752,war
8752,war,sein,AUX,ROOT,8752,war
8753,ich,ich,PRON,sb,8752,war
8754,",",--,PUNCT,punct,8753,ich
8755,der,der,DET,nk,8756,beinah
8756,beinah,beinah,NOUN,pd,8752,war
8757,das,der,DET,nk,8758,Glück
8758,Glück,Glück,NOUN,ROOT,8758,Glück
8759,",",--,PUNCT,punct,8758,Glück
8760,das,der,PRON,sb,8762,verschleiert
8761,ihn,ihn,PRON,oa,8762,verschleiert
8762,verschleiert,verschleieren,VERB,rc,8758,Glück
8763,und,und,CCONJ,cd,8762,verschleiert
8764,prüfend,prüfend,ADV,mo,8765,heimsuchte
8765,heimsuchte,heimsuchen,VERB,cj,8763,und
8766,",",--,PUNCT,punct,8765,heimsuchte
8767,mit,mit,ADP,mo,8765,heimsuchte
8768,groben,grob,ADJ,nk,8769,Händen
8769,Händen,Hand,NOUN,nk,8767,mit
8770,aus,aus,ADP,svp,8765,heimsuchte
8771,der,der,DET,nk,8772,Thür
8772,Thür,Thür,NOUN,sb,8774,hätte
8773,geschoben,schieben,VERB,oc,8774,hätte
8774,hätte,haben,AUX,ROOT,8774,hätte
8775,!,--,PUNCT,punct,8774,hätte
8776,Es,es,PRON,sb,8777,ist
8777,ist,sein,AUX,ROOT,8777,ist
8778,nun,nun,ADV,mo,8777,ist
8779,Alles,alle,PRON,pd,8777,ist
8780,",",--,PUNCT,punct,8779,Alles
8781,Alles,alle,PRON,cj,8779,Alles
8782,gut,gut,ADV,pd,8779,Alles
8783,!,--,PUNCT,punct,8777,ist
8784,Komm,Komm,NOUN,ROOT,8784,Komm
8785,in,in,ADP,mo,8784,Komm
8786,meine,mein,DET,nk,8787,Arme
8787,Arme,Arm,NOUN,nk,8785,in
8788,",",--,PUNCT,punct,8784,Komm
8789,Sohn,Sohn,NOUN,cj,8784,Komm
8790,meines,mein,DET,nk,8791,Herzens
8791,Herzens,Herzens,NOUN,ROOT,8791,Herzens
8792,",",--,PUNCT,punct,8791,Herzens
8793,und,und,CCONJ,cd,8791,Herzens
8794,du,du,PRON,cj,8793,und
8795,",",--,PUNCT,punct,8794,du
8796,Angelika,Angelika,PROPN,cj,8794,du
8797,",",--,PUNCT,punct,8794,du
8798,nur,nur,ADV,mo,8800,Augenblick
8799,einen,ein,DET,nk,8800,Augenblick
8800,Augenblick,Augenblick,NOUN,oa,8801,reiß
8801,reiß,reiß,VERB,cj,8793,und
8802,dich,dich,PRON,oa,8801,reiß
8803,los,los,ADV,mo,8801,reiß
8804,von,von,ADP,mo,8801,reiß
8805,deinem,dein,DET,nk,8804,von
8806,Auserkornen,Auserkorn,NOUN,ROOT,8806,Auserkornen
8807,!,--,PUNCT,punct,8806,Auserkornen
8808,Laß,Laß,VERB,ROOT,8808,Laß
8809,vom,von,ADP,mo,8808,Laß
8810,Traiteur,Traiteur,NOUN,nk,8809,vom
8811,einen,ein,DET,nk,8812,Ueberfluß
8812,Ueberfluß,Ueberfluß,NOUN,oa,8816,herschaffen
8813,von,von,ADP,mnr,8812,Ueberfluß
8814,kalter,kalt,ADJ,nk,8815,Küche
8815,Küche,Küche,NOUN,nk,8813,von
8816,herschaffen,herschaffen,VERB,oc,8808,Laß
8817,und,und,CCONJ,cd,8816,herschaffen
8818,vom,von,ADP,ROOT,8818,vom
8819,besten,gut,ADJ,nk,8820,Achtundvierziger
8820,Achtundvierziger,Achtundvierziger,NOUN,nk,8818,vom
8821,.,--,PUNCT,punct,8818,vom
8822,Wir,wir,PRON,sb,8823,wollen
8823,wollen,wollen,AUX,ROOT,8823,wollen
8824,uns,sich,PRON,oa,8827,freuen
8825,des,der,DET,nk,8826,Lebens
8826,Lebens,Leben,NOUN,og,8827,freuen
8827,freuen,freuen,VERB,oc,8823,wollen
8828,",",--,PUNCT,punct,8823,wollen
8829,Und,und,CCONJ,ju,8832,erneuen
8830,unsern,unsern,ADV,mo,8832,erneuen
8831,Seelenbund,Seelenbund,NOUN,oa,8832,erneuen
8832,erneuen,erneuen,VERB,ROOT,8832,erneuen
8833,!,--,PUNCT,punct,8832,erneuen
8834,Die,der,DET,nk,8835,Hochzeit
8835,Hochzeit,Hochzeit,NOUN,sb,8836,soll
8836,soll,sollen,AUX,ROOT,8836,soll
8837,künftige,künftig,ADJ,nk,8838,Woche
8838,Woche,Woche,NOUN,mo,8839,gefeiert
8839,gefeiert,feiern,VERB,oc,8840,werden
8840,werden,werden,AUX,oc,8836,soll
8841,",",--,PUNCT,punct,8836,soll
8842,und,und,CCONJ,cd,8836,soll
8843,erst,erst,ADV,mo,8844,dann
8844,dann,dann,ADV,mo,8846,rechte
8845,das,der,DET,nk,8846,rechte
8846,rechte,rechter,NOUN,cj,8842,und
8847,Leben,Leben,NOUN,oa,8848,angehen
8848,angehen,angehen,VERB,ROOT,8848,angehen
8849,!,--,PUNCT,punct,8848,angehen
8850,Wir,wir,PRON,sb,8851,wollen
8851,wollen,wollen,AUX,ROOT,8851,wollen
8852,malen,malen,VERB,oc,8851,wollen
8853,und,und,CCONJ,cd,8852,malen
8854,spielen,spielen,VERB,cj,8853,und
8855,und,und,CCONJ,cd,8854,spielen
8856,singen,singen,VERB,cj,8855,und
8857,!,--,PUNCT,punct,8851,wollen
8858,Die,der,DET,nk,8860,Welt
8859,ganze,ganz,ADJ,nk,8860,Welt
8860,Welt,Welt,NOUN,sb,8861,soll
8861,soll,sollen,AUX,ROOT,8861,soll
8862,von,von,ADP,op,8865,erklingen
8863,unsern,unsern,NOUN,nk,8864,Thaten
8864,Thaten,Thate,NOUN,nk,8862,von
8865,erklingen,erklingen,VERB,oc,8861,soll
8866,!,--,PUNCT,punct,8861,soll
8867,Aber,aber,CCONJ,ju,8869,beding
8868,das,der,DET,nk,8869,beding
8869,beding,beding,NOUN,mo,8871,ich
8870,',--,PUNCT,punct,8869,beding
8871,ich,ich,PRON,ROOT,8871,ich
8872,mir,sich,PRON,nk,8873,aus
8873,aus,aus,ADP,ROOT,8873,aus
8874,",",--,PUNCT,punct,8875,Kinder
8875,Kinder,Kind,NOUN,da,8873,aus
8876,!,--,PUNCT,ROOT,8876,!
8877,Euer,Euer,ADJ,nk,8878,Erstgeborne
8878,Erstgeborne,Erstgeborne,NOUN,mo,8879,soll
8879,soll,sollen,AUX,ROOT,8879,soll
8880,dennoch,dennoch,ADV,mo,8879,soll
8881,Raphael,Raphael,PROPN,sb,8879,soll
8882,getauft,taufen,VERB,oc,8883,werden
8883,werden,werden,AUX,ROOT,8883,werden
8884,;,--,PUNCT,punct,8883,werden
8885,und,und,CCONJ,ju,8893,wird
8886,wenn,wenn,SCONJ,cp,8893,wird
8887,das,der,DET,nk,8888,Aug
8888,Aug,Aug,NOUN,sb,8893,wird
8889,des,der,DET,nk,8890,Greises
8890,Greises,Greis,NOUN,ag,8888,Aug
8891,nicht,nicht,PART,ng,8892,trübe
8892,trübe,trübe,VERB,oc,8893,wird
8893,wird,werden,AUX,ROOT,8893,wird
8894,",",--,PUNCT,punct,8893,wird
8895,wenn,wenn,SCONJ,cp,8896,seine
8896,seine,sein,DET,ROOT,8896,seine
8897,zitternde,zitternd,ADJ,nk,8898,Hand
8898,Hand,Hand,NOUN,sb,8903,kann
8899,noch,noch,ADV,mo,8903,kann
8900,den,der,DET,nk,8901,Pinsel
8901,Pinsel,Pinsel,NOUN,oa,8902,führen
8902,führen,führen,VERB,oc,8903,kann
8903,kann,können,AUX,ROOT,8903,kann
8904,und,und,CCONJ,cd,8903,kann
8905,wenn,wenn,SCONJ,cp,8910,lebt
8906,unser,unser,DET,nk,8907,Geist
8907,Geist,Geist,NOUN,sb,8910,lebt
8908,in,in,ADP,mo,8910,lebt
8909,ihm,ihm,PRON,nk,8908,in
8910,lebt,leben,VERB,cj,8904,und
8911,und,und,CCONJ,cd,8910,lebt
8912,waltet,walten,VERB,re,8914,so
8913,",",--,PUNCT,punct,8914,so
8914,so,so,ADV,mo,8915,soll
8915,soll,sollen,AUX,ROOT,8915,soll
8916,er,er,PRON,sb,8915,soll
8917,ein,ein,DET,nk,8918,poetischer
8918,poetischer,Poetischer,ADJ,pd,8923,werden
8919,und,und,CCONJ,cd,8918,poetischer
8920,ein,ein,DET,nk,8922,Maler
8921,harmonienreicher,harmonienreich,ADJ,nk,8922,Maler
8922,Maler,Maler,NOUN,cj,8919,und
8923,werden,werden,AUX,oc,8915,soll
8924,!,--,PUNCT,punct,8915,soll
8925,Gott,Gott,NOUN,ROOT,8925,Gott
8926,segne,segne,VERB,ROOT,8926,segne
8927,den,der,DET,nk,8928,Jungen
8928,Jungen,Junge,NOUN,da,8926,segne
8929,in,in,ADP,mo,8926,segne
8930,seiner,sein,DET,nk,8931,Unschuldswelt
8931,Unschuldswelt,Unschuldswelt,NOUN,nk,8929,in
8932,der,der,DET,nk,8934,Kinder
8933,neugebornen,neugeborn,ADJ,nk,8934,Kinder
8934,Kinder,Kind,NOUN,ag,8931,Unschuldswelt
8935,!,--,PUNCT,punct,8926,segne
8936,«,--,PUNCT,ROOT,8936,«
8937,So,so,ADV,mo,8938,jubelte
8938,jubelte,jubeln,VERB,ROOT,8938,jubelte
8939,Schönfeld,Schönfeld,NOUN,sb,8938,jubelte
8940,",",--,PUNCT,punct,8938,jubelte
8941,sprang,springen,VERB,cj,8938,jubelte
8942,mit,mit,ADP,mo,8941,sprang
8943,Sätzen,Satz,NOUN,nk,8942,mit
8944,im,in,ADP,mnr,8943,Sätzen
8945,Zimmer,Zimmer,NOUN,nk,8944,im
8946,hin,hin,ADV,svp,8941,sprang
8947,und,und,CCONJ,cd,8946,hin
8948,her,her,ADV,cj,8947,und
8949,",",--,PUNCT,punct,8938,jubelte
8950,schüttelte,schüttelen,VERB,cj,8941,sprang
8951,alle,aller,PRON,sb,8950,schüttelte
8952,Augenblicke,Augenblick,NOUN,sb,8962,seinem
8953,einem,einer,PRON,sb,8952,Augenblicke
8954,der,der,DET,nk,8956,Jünglinge
8955,herrlichen,herrlich,ADJ,nk,8956,Jünglinge
8956,Jünglinge,Jünglinge,NOUN,ag,8953,einem
8957,die,der,DET,nk,8958,Hand
8958,Hand,Hand,NOUN,dep,8952,Augenblicke
8959,",",--,PUNCT,punct,8958,Hand
8960,am,an,ADP,mnr,8958,Hand
8961,kräftigsten,kräftigst,NOUN,nk,8960,am
8962,seinem,sein,DET,ROOT,8962,seinem
8963,Eidam,Eidam,PROPN,sb,8965,scherzte
8964,",",--,PUNCT,punct,8965,scherzte
8965,scherzte,scherzen,VERB,ROOT,8965,scherzte
8966,mit,mit,ADP,mo,8965,scherzte
8967,seiner,sein,DET,nk,8968,Angelika
8968,Angelika,Angelika,PROPN,nk,8966,mit
8969,gleich,gleich,ADV,mo,8971,Verliebten
8970,einem,ein,DET,nk,8971,Verliebten
8971,Verliebten,Verliebte,NOUN,da,8965,scherzte
8972,und,und,CCONJ,cd,8965,scherzte
8973,fühlte,fühlen,VERB,cj,8972,und
8974,sich,sich,PRON,oa,8973,fühlte
8975,wie,wie,ADP,mo,8973,fühlte
8976,neugeboren,neugeboren,VERB,ROOT,8976,neugeboren
8977,.,--,PUNCT,punct,8976,neugeboren
8978,Ein,ein,DET,nk,8980,Mahl
8979,trauliches,traulich,ADJ,nk,8980,Mahl
8980,Mahl,Mahl,NOUN,sb,8990,beschloß
8981,",",--,PUNCT,punct,8980,Mahl
8982,bei,bei,ADP,mo,8987,gespart
8983,dem,der,PRON,nk,8982,bei
8984,der,der,DET,nk,8985,Achtundvierziger
8985,Achtundvierziger,Achtundvierziger,NOUN,sb,8988,wurde
8986,nicht,nicht,PART,ng,8987,gespart
8987,gespart,sparen,VERB,oc,8988,wurde
8988,wurde,werden,AUX,rc,8980,Mahl
8989,",",--,PUNCT,punct,8990,beschloß
8990,beschloß,beschließen,VERB,ROOT,8990,beschloß
8991,den,der,DET,nk,8993,Tag
8992,verhängnißreichen,verhängnißreich,ADJ,nk,8993,Tag
8993,Tag,Tag,NOUN,ROOT,8993,Tag
8994,.,--,PUNCT,punct,8993,Tag
8995,Mitternacht,Mitternacht,NOUN,sb,8996,war
8996,war,sein,AUX,ROOT,8996,war
8997,schon,schon,ADV,mo,8998,lang
8998,lang,lang,ADV,mo,8996,war
8999,vorüber,vorüber,ADP,mo,8996,war
9000,",",--,PUNCT,punct,8996,war
9001,als,als,SCONJ,cm,9003,wackern
9002,die,der,DET,nk,9003,wackern
9003,wackern,wackern,NOUN,dep,8996,war
9004,Brüder,Bruder,NOUN,sb,9010,gingen
9005,unter,unter,ADP,mnr,9004,Brüder
9006,herzlichen,herzlich,ADJ,nk,9007,Umarmungen
9007,Umarmungen,Umarmung,NOUN,nk,9005,unter
9008,von,von,ADP,pg,9007,Umarmungen
9009,dannen,dannen,NOUN,nk,9008,von
9010,gingen,gehen,VERB,ROOT,9010,gingen
9011,.,--,PUNCT,punct,9010,gingen
9012,Vor,vor,ADP,ROOT,9012,Vor
9013,dem,der,DET,nk,9014,Hause
9014,Hause,Haus,NOUN,nk,9012,Vor
9015,",",--,PUNCT,punct,9014,Hause
9016,unter,unter,ADP,mnr,9014,Hause
9017,den,der,DET,nk,9016,unter
9018,Fenstern,Fenster,NOUN,ROOT,9018,Fenstern
9019,des,der,DET,nk,9021,Malers
9020,wonnetrunkenen,wonnetrunken,ADJ,nk,9021,Malers
9021,Malers,Maler,NOUN,ag,9018,Fenstern
9022,und,und,CCONJ,cd,9021,Malers
9023,seiner,sein,DET,nk,9025,Tochter
9024,hochbeglückten,hochbeglückt,ADJ,nk,9025,Tochter
9025,Tochter,Tochter,NOUN,cj,9022,und
9026,verweilten,verweilten,VERB,oc,9018,Fenstern
9027,sie,sie,PRON,ROOT,9027,sie
9028,noch,noch,ADV,mo,9027,sie
9029,und,und,CCONJ,cd,9027,sie
9030,sangen,singen,VERB,cj,9029,und
9031,mit,mit,ADP,mo,9030,sangen
9032,gedämpfter,gedämpft,ADJ,nk,9033,Stimme
9033,Stimme,Stimme,NOUN,nk,9031,mit
9034,:,--,PUNCT,punct,9027,sie
9035,»,--,PUNCT,punct,9037,Nacht
9036,Gute,gut,ADJ,nk,9037,Nacht
9037,Nacht,Nacht,NOUN,ROOT,9037,Nacht
9038,!,--,PUNCT,punct,9037,Nacht
9039,Wir,wir,PRON,sb,9040,scheiden
9040,scheiden,scheiden,VERB,ROOT,9040,scheiden
9041,fröhlich,fröhlich,ADV,mo,9040,scheiden
9042,!,--,PUNCT,punct,9040,scheiden
9043,Lieb,Lieb,NOUN,sb,9047,hat
9044,',--,PUNCT,punct,9043,Lieb
9045,und,und,CCONJ,cd,9043,Lieb
9046,Kunst,Kunst,NOUN,cj,9045,und
9047,hat,haben,AUX,ROOT,9047,hat
9048,uns,uns,PRON,oa,9049,vereint
9049,vereint,vereinen,VERB,oc,9047,hat
9050,.,--,PUNCT,punct,9047,hat
9051,Jeder,jeder,PRON,sb,9052,fühlt
9052,fühlt,fühlen,VERB,ROOT,9052,fühlt
9053,sich,sich,PRON,oa,9052,fühlt
9054,leicht,leicht,ADV,mo,9052,fühlt
9055,und,und,CCONJ,cd,9054,leicht
9056,selig,selig,ADV,cj,9055,und
9057,.,--,PUNCT,punct,9052,fühlt
9058,Und,und,CCONJ,ju,9061,hat
9059,der,der,DET,nk,9060,Schmerz
9060,Schmerz,Schmerz,NOUN,sb,9061,hat
9061,hat,haben,VERB,ROOT,9061,hat
9062,ausgeweint,ausgeweinen,VERB,oc,9061,hat
9063,!,--,PUNCT,punct,9061,hat
9064,Mit,mit,ADP,mo,9067,goldnen
9065,des,der,DET,nk,9066,Morgens
9066,Morgens,Morgen,NOUN,nk,9064,Mit
9067,goldnen,goldn,ADJ,nk,9068,Stunden
9068,Stunden,Stunde,NOUN,ROOT,9068,Stunden
9069,Sind,sein,AUX,ROOT,9069,Sind
9070,wir,wir,PRON,sb,9069,Sind
9071,wieder,wieder,ADV,mo,9069,Sind
9072,neu,neu,ADV,mo,9073,verbunden
9073,verbunden,verbinden,VERB,pd,9069,Sind
9074,.,--,PUNCT,punct,9069,Sind
9075,Dank,dank,ADP,mo,9080,gebracht
9076,für,für,ADP,mnr,9075,Dank
9077,heut,heut,ADV,nk,9076,für
9078,sei,sein,AUX,ROOT,9078,sei
9079,euch,euch,PRON,da,9080,gebracht
9080,gebracht,bringen,VERB,oc,9078,sei
9081,",",--,PUNCT,punct,9078,sei
9082,Liebchen,liebche,NOUN,ROOT,9082,Liebchen
9083,",",--,PUNCT,punct,9082,Liebchen
9084,Vater,Vater,NOUN,cj,9082,Liebchen
9085,!,--,PUNCT,punct,9082,Liebchen
9086,Gute,gut,ADJ,nk,9087,Nacht
9087,Nacht,Nacht,NOUN,ROOT,9087,Nacht
9088,!,--,PUNCT,punct,9087,Nacht
9089,«,--,PUNCT,punct,9087,Nacht
