Idx,Token,Lemma,PoS,Dependency,Dependency_head_idx,Dependency_head_text
0,E.T.A,E.T.A,PROPN,ROOT,0,E.T.A
1,Hoffmann,Hoffmann,PROPN,sb,0,E.T.A
2,Ignaz,Ignaz,PROPN,pnc,3,Denner
3,Denner,Denner,PROPN,ROOT,3,Denner
4,(,--,PUNCT,punct,5,Erstdruck
5,Erstdruck,Erstdruck,NOUN,ROOT,5,Erstdruck
6,1817,1817,NUM,nk,5,Erstdruck
7,),--,PUNCT,punct,5,Erstdruck
8,Vor,vor,ADP,mo,13,lebte
9,alter,alt,ADJ,nk,12,Zeit
10,längst,längst,ADV,mo,11,verfloßner
11,verfloßner,verfloßn,ADJ,nk,12,Zeit
12,Zeit,Zeit,NOUN,nk,8,Vor
13,lebte,leben,VERB,ROOT,13,lebte
14,in,in,ADP,mo,13,lebte
15,einem,ein,DET,nk,18,Forst
16,wilden,wild,ADJ,nk,18,Forst
17,einsamen,einsam,ADJ,nk,18,Forst
18,Forst,Forst,NOUN,nk,14,in
19,des,der,DET,dep,13,lebte
20,Fuldaischen,Fuldaischen,NOUN,ROOT,20,Fuldaischen
21,Gebiets,Gebiet,NOUN,ag,20,Fuldaischen
22,ein,ein,DET,nk,24,Jägersmann
23,wackrer,wackrer,ADJ,nk,24,Jägersmann
24,Jägersmann,Jägersmann,NOUN,sb,20,Fuldaischen
25,",",--,PUNCT,punct,24,Jägersmann
26,Andres,Andr,NOUN,cj,24,Jägersmann
27,mit,mit,ADP,mo,20,Fuldaischen
28,Namen,Name,NOUN,nk,27,mit
29,.,--,PUNCT,punct,20,Fuldaischen
30,Er,er,PRON,sb,31,war
31,war,sein,AUX,ROOT,31,war
32,sonst,sonst,ADV,mo,31,war
33,Leibjäger,Leibjäger,NOUN,pd,40,gewesen
34,des,der,DET,nk,35,Herrn
35,Herrn,Herr,NOUN,ag,33,Leibjäger
36,Grafen,Grafen,PROPN,pnc,37,Aloys
37,Aloys,Aloys,PROPN,nk,35,Herrn
38,von,von,ADP,mo,40,gewesen
39,Vach,Vach,PROPN,nk,38,von
40,gewesen,sein,AUX,ROOT,40,gewesen
41,",",--,PUNCT,punct,40,gewesen
42,den,der,PRON,app,39,Vach
43,er,er,PRON,sb,42,den
44,auf,auf,ADP,mnr,42,den
45,weiten,weit,ADJ,nk,46,Reisen
46,Reisen,Reise,NOUN,nk,44,auf
47,durch,durch,ADP,mo,51,begleitet
48,das,der,DET,nk,50,Welschland
49,schöne,schön,ADJ,nk,50,Welschland
50,Welschland,Welschland,NOUN,nk,47,durch
51,begleitet,begleiten,VERB,ROOT,51,begleitet
52,",",--,PUNCT,punct,51,begleitet
53,und,und,CCONJ,cd,51,begleitet
54,einmal,einmal,ADV,mo,53,und
55,",",--,PUNCT,punct,54,einmal
56,als,als,SCONJ,cp,57,sie
57,sie,sie,PRON,ROOT,57,sie
58,auf,auf,ADP,mnr,57,sie
59,den,der,DET,nk,60,unsichern
60,unsichern,Unsicher,NOUN,nk,58,auf
61,Wegen,wegen,ADP,ac,62,in
62,in,in,ADP,mo,68,angefallen
63,dem,der,DET,nk,64,Königreich
64,Königreich,Königreich,NOUN,nk,62,in
65,Neapel,Neapel,PROPN,nk,64,Königreich
66,von,von,ADP,pg,64,Königreich
67,Straßenräubern,Straßenräubern,NOUN,nk,66,von
68,angefallen,anfallen,VERB,oc,69,wurden
69,wurden,werden,AUX,ROOT,69,wurden
70,",",--,PUNCT,punct,69,wurden
71,durch,durch,ADP,mo,68,angefallen
72,seine,sein,DET,nk,73,Klugheit
73,Klugheit,Klugheit,NOUN,oa,79,gerettet
74,und,und,CCONJ,cd,73,Klugheit
75,Tapferkeit,Tapferkeit,NOUN,cj,74,und
76,aus,aus,ADP,mo,79,gerettet
77,großer,groß,ADJ,nk,78,Lebensgefahr
78,Lebensgefahr,Lebensgefahr,NOUN,nk,76,aus
79,gerettet,retten,VERB,oc,80,hatte
80,hatte,haben,AUX,ROOT,80,hatte
81,.,--,PUNCT,punct,80,hatte
82,In,in,ADP,ROOT,82,In
83,dem,der,DET,nk,82,In
84,Wirtshause,Wirtshause,NOUN,sb,93,befand
85,zu,zu,ADP,mnr,84,Wirtshause
86,Neapel,Neapel,PROPN,nk,85,zu
87,",",--,PUNCT,punct,84,Wirtshause
88,wo,wo,SCONJ,mo,90,eingekehrt
89,sie,sie,PRON,sb,91,waren
90,eingekehrt,eingekehren,VERB,oc,91,waren
91,waren,sein,AUX,rc,84,Wirtshause
92,",",--,PUNCT,punct,93,befand
93,befand,befinden,VERB,ROOT,93,befand
94,sich,sich,PRON,oa,93,befand
95,ein,ein,DET,nk,96,armes
96,armes,arm,ADJ,sb,93,befand
97,",",--,PUNCT,punct,93,befand
98,bildschönes,bildschönes,ADJ,nk,99,Mädchen
99,Mädchen,Mädchen,NOUN,ROOT,99,Mädchen
100,",",--,PUNCT,punct,99,Mädchen
101,die,der,PRON,sb,102,von
102,von,von,ADP,rc,99,Mädchen
103,dem,der,DET,nk,104,Hauswirt
104,Hauswirt,Hauswirt,NOUN,nk,102,von
105,",",--,PUNCT,punct,104,Hauswirt
106,der,der,PRON,oa,111,aufgenommen
107,sie,sie,PRON,oa,111,aufgenommen
108,als,als,ADP,mo,111,aufgenommen
109,eine,ein,DET,nk,110,Waise
110,Waise,Waise,NOUN,nk,108,als
111,aufgenommen,aufnehmen,VERB,rc,104,Hauswirt
112,",",--,PUNCT,punct,111,aufgenommen
113,gar,gar,ADV,mo,114,hart
114,hart,hart,ADV,mo,115,behandelt
115,behandelt,behandeln,VERB,ROOT,115,behandelt
116,und,und,CCONJ,cd,115,behandelt
117,zu,zu,ADP,mo,125,gebraucht
118,den,der,DET,nk,120,Arbeiten
119,niedrigsten,niedrig,ADJ,nk,120,Arbeiten
120,Arbeiten,Arbeit,NOUN,nk,117,zu
121,in,in,ADP,mnr,120,Arbeiten
122,Hof,Hof,PROPN,nk,121,in
123,und,und,CCONJ,cd,122,Hof
124,Küche,Küche,NOUN,cj,123,und
125,gebraucht,brauchen,VERB,cj,116,und
126,wurde,werden,AUX,ROOT,126,wurde
127,.,--,PUNCT,punct,126,wurde
128,Andres,Andres,PROPN,sb,129,suchte
129,suchte,suchen,VERB,ROOT,129,suchte
130,sie,sie,PRON,sb,129,suchte
131,",",--,PUNCT,punct,129,suchte
132,so,so,ADV,mo,133,gut
133,gut,gut,ADV,mo,129,suchte
134,er,er,PRON,sb,139,konnte
135,sich,sich,PRON,da,138,machen
136,ihr,ihr,PRON,da,138,machen
137,verständlich,verständlich,ADV,mo,138,machen
138,machen,machen,VERB,oc,139,konnte
139,konnte,können,AUX,cc,132,so
140,",",--,PUNCT,punct,129,suchte
141,mit,mit,ADP,mo,129,suchte
142,trostreichen,trostreich,ADJ,nk,143,Worten
143,Worten,Wort,NOUN,oa,144,aufzurichten
144,aufzurichten,aufzurichen,VERB,ROOT,144,aufzurichten
145,",",--,PUNCT,punct,144,aufzurichten
146,und,und,CCONJ,cd,144,aufzurichten
147,das,der,DET,nk,148,Mädchen
148,Mädchen,Mädchen,NOUN,sb,149,faßte
149,faßte,fassen,VERB,cj,146,und
150,solche,solcher,DET,nk,151,Liebe
151,Liebe,Liebe,NOUN,oa,149,faßte
152,zu,zu,ADP,mo,149,faßte
153,ihm,ihm,PRON,nk,152,zu
154,",",--,PUNCT,punct,149,faßte
155,daß,daß,SCONJ,cp,162,trennen
156,sie,sie,PRON,sb,162,trennen
157,sich,sich,PRON,oa,162,trennen
158,nicht,nicht,PART,ng,162,trennen
159,mehr,mehr,ADV,mo,158,nicht
160,von,von,ADP,op,162,trennen
161,ihm,ihm,PRON,nk,160,von
162,trennen,trennen,VERB,ROOT,162,trennen
163,",",--,PUNCT,punct,162,trennen
164,sondern,sondern,CCONJ,cd,162,trennen
165,mitziehen,mitziehen,VERB,sb,166,wollte
166,wollte,wollen,AUX,cj,164,sondern
167,nach,nach,ADP,mo,166,wollte
168,dem,der,DET,nk,167,nach
169,kalten,kalt,VERB,ROOT,169,kalten
170,Deutschland,Deutschland,PROPN,sb,169,kalten
171,.,--,PUNCT,punct,169,kalten
172,Der,der,DET,nk,173,Graf
173,Graf,Graf,NOUN,ROOT,173,Graf
174,von,von,ADP,pg,173,Graf
175,Vach,Vach,PROPN,nk,174,von
176,",",--,PUNCT,punct,173,Graf
177,gerührt,rühren,VERB,par,173,Graf
178,von,von,ADP,sbp,177,gerührt
179,Andres,Andr,NOUN,nk,178,von
180,',--,PUNCT,punct,179,Andres
181,Bitten,Bitte,NOUN,cj,179,Andres
182,und,und,CCONJ,cd,179,Andres
183,Giorginas,Giorgina,PROPN,cj,182,und
184,Tränen,Träne,NOUN,sb,186,erlaubte
185,",",--,PUNCT,punct,186,erlaubte
186,erlaubte,erlauben,VERB,ROOT,186,erlaubte
187,",",--,PUNCT,punct,186,erlaubte
188,daß,daß,SCONJ,cp,189,sie
189,sie,sie,PRON,sb,186,erlaubte
190,sich,sich,PRON,oa,195,auf
191,zu,zu,ADP,op,195,auf
192,dem,der,DET,nk,194,Andres
193,geliebten,geliebt,ADJ,nk,194,Andres
194,Andres,Andr,NOUN,nk,191,zu
195,auf,auf,ADP,mo,186,erlaubte
196,den,der,DET,nk,197,Kutschbock
197,Kutschbock,Kutschbock,NOUN,nk,195,auf
198,setzen,setzen,VERB,ROOT,198,setzen
199,",",--,PUNCT,punct,198,setzen
200,und,und,CCONJ,cd,198,setzen
201,so,so,ADV,mo,205,machen
202,die,der,DET,nk,204,Reise
203,beschwerliche,beschwerlich,ADJ,nk,204,Reise
204,Reise,Reise,NOUN,oa,205,machen
205,machen,machen,VERB,oc,206,durfte
206,durfte,dürfen,AUX,cj,200,und
207,.,--,PUNCT,punct,198,setzen
208,Schon,schon,ADV,mo,209,ehe
209,ehe,ehe,SCONJ,cp,210,sie
210,sie,sie,PRON,ROOT,210,sie
211,über,über,ADP,mnr,210,sie
212,die,der,DET,nk,211,über
213,Grenzen,Grenze,NOUN,oa,216,hinausgekommen
214,von,von,ADP,mo,216,hinausgekommen
215,Italien,Italien,PROPN,nk,214,von
216,hinausgekommen,hinauskommen,VERB,sb,218,ließ
217,",",--,PUNCT,punct,218,ließ
218,ließ,lassen,VERB,ROOT,218,ließ
219,sich,sich,PRON,oa,224,trauen
220,Andres,Andres,NOUN,sb,218,ließ
221,mit,mit,ADP,mo,224,trauen
222,seiner,sein,DET,nk,223,Giorgina
223,Giorgina,Giorgina,PROPN,nk,221,mit
224,trauen,trauen,VERB,oc,218,ließ
225,und,und,CCONJ,ju,232,waren
226,als,als,SCONJ,cp,232,waren
227,sie,sie,PRON,sb,232,waren
228,dann,dann,ADV,mo,231,zurückgekehrt
229,nun,nun,ADV,mo,231,zurückgekehrt
230,endlich,endlich,ADV,mo,231,zurückgekehrt
231,zurückgekehrt,zurückkehren,VERB,oc,232,waren
232,waren,sein,AUX,ROOT,232,waren
233,auf,auf,ADP,mo,231,zurückgekehrt
234,die,der,DET,nk,235,Güter
235,Güter,Gut,NOUN,nk,233,auf
236,des,der,DET,nk,237,Grafen
237,Grafen,Graf,NOUN,ag,235,Güter
238,von,von,ADP,pg,237,Grafen
239,Vach,Vach,PROPN,mo,241,glaubte
240,",",--,PUNCT,punct,241,glaubte
241,glaubte,glauben,VERB,ROOT,241,glaubte
242,dieser,dieser,PRON,sb,241,glaubte
243,den,der,DET,nk,245,Diener
244,treuen,treu,ADJ,nk,245,Diener
245,Diener,Diener,NOUN,oa,241,glaubte
246,recht,Recht,NOUN,oa,248,belohnen
247,zu,zu,PART,pm,248,belohnen
248,belohnen,belohnen,VERB,oc,241,glaubte
249,",",--,PUNCT,punct,248,belohnen
250,da,da,SCONJ,cp,252,ihn
251,er,er,PRON,sb,252,ihn
252,ihn,ihn,PRON,mo,241,glaubte
253,zu,zu,ADP,mnr,252,ihn
254,seinem,sein,DET,nk,253,zu
255,Revierjäger,Revierjäger,PROPN,sb,256,ernannte
256,ernannte,ernennen,VERB,ROOT,256,ernannte
257,.,--,PUNCT,punct,256,ernannte
258,Mit,mit,ADP,mo,265,zog
259,seiner,sein,DET,nk,260,Giorgina
260,Giorgina,Giorgina,PROPN,nk,258,Mit
261,und,und,CCONJ,cd,260,Giorgina
262,einem,ein,DET,nk,264,Knecht
263,alten,alt,ADJ,nk,264,Knecht
264,Knecht,Knecht,NOUN,cj,261,und
265,zog,ziehen,VERB,ROOT,265,zog
266,er,er,PRON,sb,265,zog
267,in,in,ADP,mo,265,zog
268,den,der,DET,punct,265,zog
269,einsamen,einsaem,ADJ,nk,271,Wald
270,rauhen,rauh,ADJ,nk,271,Wald
271,Wald,Wald,NOUN,ROOT,271,Wald
272,",",--,PUNCT,punct,271,Wald
273,den,der,PRON,oa,275,schützen
274,er,er,PRON,sb,276,sollte
275,schützen,schützen,VERB,oc,276,sollte
276,sollte,sollen,AUX,rc,271,Wald
277,wider,wider,ADP,mo,275,schützen
278,die,der,DET,nk,279,Freijäger
279,Freijäger,Freijäger,NOUN,nk,277,wider
280,und,und,CCONJ,cd,279,Freijäger
281,Holzdiebe,Holzdieb,NOUN,cj,280,und
282,.,--,PUNCT,punct,271,Wald
283,Statt,statt,ADP,mo,296,führte
284,des,der,DET,nk,286,Wohlstandes
285,geholten,geholt,ADJ,nk,286,Wohlstandes
286,Wohlstandes,Wohlstand,NOUN,nk,283,Statt
287,",",--,PUNCT,punct,286,Wohlstandes
288,den,der,PRON,oa,294,verheißen
289,ihm,ihm,PRON,da,294,verheißen
290,der,der,DET,nk,291,Graf
291,Graf,Graf,NOUN,sb,294,verheißen
292,von,von,ADP,pg,291,Graf
293,Vach,Vach,PROPN,nk,292,von
294,verheißen,verheißen,VERB,rc,286,Wohlstandes
295,",",--,PUNCT,punct,296,führte
296,führte,führen,VERB,ROOT,296,führte
297,er,er,PRON,sb,296,führte
298,aber,aber,CCONJ,ROOT,298,aber
299,ein,ein,DET,nk,305,Leben
300,beschwerliches,beschwerlich,ADJ,nk,305,Leben
301,",",--,PUNCT,punct,300,beschwerliches
302,mühseliges,mühselig,ADJ,cj,300,beschwerliches
303,",",--,PUNCT,punct,300,beschwerliches
304,dürftiges,dürftig,ADJ,cj,302,mühseliges
305,Leben,Leben,NOUN,cj,298,aber
306,und,und,CCONJ,cd,305,Leben
307,geriet,geraten,VERB,cj,306,und
308,bald,bald,ADV,mo,307,geriet
309,in,in,ADP,mo,307,geriet
310,Kummer,Kummer,NOUN,nk,309,in
311,und,und,CCONJ,ROOT,311,und
312,Elend,Elend,NOUN,cj,311,und
313,.,--,PUNCT,ROOT,313,.
314,Der,der,DET,nk,316,Lohn
315,kleine,klein,ADJ,nk,316,Lohn
316,Lohn,Lohn,NOUN,ROOT,316,Lohn
317,an,an,ADP,mnr,316,Lohn
318,barem,bar,ADJ,nk,319,Geld
319,Geld,Geld,NOUN,nk,317,an
320,",",--,PUNCT,punct,316,Lohn
321,den,der,PRON,oa,326,erhielt
322,er,er,PRON,sb,326,erhielt
323,von,von,ADP,op,326,erhielt
324,dem,der,DET,nk,325,Grafen
325,Grafen,Grafen,NOUN,nk,323,von
326,erhielt,erhalten,VERB,rc,316,Lohn
327,",",--,PUNCT,punct,316,Lohn
328,reichte,reichen,VERB,ROOT,328,reichte
329,kaum,kaum,ADV,mo,328,reichte
330,hin,hin,ADV,svp,328,reichte
331,",",--,PUNCT,punct,328,reichte
332,sich,sich,PRON,oa,337,kleiden
333,und,und,CCONJ,cd,332,sich
334,seine,sein,DET,nk,335,Giorgina
335,Giorgina,Giorgina,PROPN,cj,333,und
336,zu,zu,PART,pm,337,kleiden
337,kleiden,kleiden,VERB,oc,328,reichte
338,;,--,PUNCT,punct,328,reichte
339,die,der,DET,nk,341,Gefälle
340,geringen,gering,ADJ,nk,341,Gefälle
341,Gefälle,Gefall,NOUN,ROOT,341,Gefälle
342,",",--,PUNCT,punct,341,Gefälle
343,die,der,PRON,cj,341,Gefälle
344,ihm,ihm,PRON,da,347,zukamen
345,bei,bei,ADP,mo,347,zukamen
346,Holzverkäufen,Holzverkäufe,NOUN,nk,345,bei
347,zukamen,zukamen,VERB,sb,349,waren
348,",",--,PUNCT,punct,349,waren
349,waren,sein,AUX,ROOT,349,waren
350,selten,selten,ADV,pd,349,waren
351,und,und,CCONJ,cd,350,selten
352,ungewiß,ungewiß,ADV,cj,351,und
353,und,und,CCONJ,cd,350,selten
354,den,der,DET,nk,355,Garten
355,Garten,Garten,NOUN,cj,353,und
356,",",--,PUNCT,punct,349,waren
357,auf,auf,ADP,dep,349,waren
358,dessen,der,PRON,ag,359,Bebauung
359,Bebauung,Bebauung,NOUN,ROOT,359,Bebauung
360,und,und,CCONJ,cd,359,Bebauung
361,Benutzung,Benutzung,NOUN,cj,360,und
362,er,er,PRON,sb,363,angewiesen
363,angewiesen,angewiesen,ADV,mo,365,verwüsteten
364,",",--,PUNCT,punct,365,verwüsteten
365,verwüsteten,verwüsteten,VERB,ROOT,365,verwüsteten
366,oft,oft,ADV,mo,365,verwüsteten
367,die,der,DET,nk,368,Wölfe
368,Wölfe,Wolf,NOUN,oa,365,verwüsteten
369,und,und,CCONJ,cd,368,Wölfe
370,die,der,DET,cj,369,und
371,wilden,wild,ADJ,nk,372,Schweine
372,Schweine,Schwein,NOUN,ROOT,372,Schweine
373,",",--,PUNCT,punct,372,Schweine
374,er,er,PRON,sb,375,mochte
375,mochte,mögen,VERB,cj,372,Schweine
376,mit,mit,ADP,mo,382,sein
377,seinem,sein,DET,nk,378,Knecht
378,Knecht,Knecht,NOUN,nk,376,mit
379,auf,auf,ADP,mo,382,sein
380,der,der,DET,nk,381,Hut
381,Hut,Hut,NOUN,nk,379,auf
382,sein,sein,AUX,oc,375,mochte
383,",",--,PUNCT,punct,375,mochte
384,wie,wie,SCONJ,mo,386,wollte
385,er,er,PRON,sb,386,wollte
386,wollte,wollen,VERB,mo,375,mochte
387,",",--,PUNCT,punct,375,mochte
388,so,so,ADV,mo,396,Hoffnung
389,daß,daß,SCONJ,cp,396,Hoffnung
390,bisweilen,bisweilen,ADV,mo,396,Hoffnung
391,in,in,ADP,mo,390,bisweilen
392,einer,ein,DET,nk,393,Nacht
393,Nacht,Nacht,NOUN,nk,391,in
394,die,der,DET,nk,396,Hoffnung
395,letzte,letzter,ADJ,nk,396,Hoffnung
396,Hoffnung,Hoffnung,NOUN,ROOT,396,Hoffnung
397,des,der,DET,nk,398,Lebensunterhalts
398,Lebensunterhalts,Lebensunterhalt,NOUN,ag,396,Hoffnung
399,vereitelt,vereiteln,VERB,oc,400,ward
400,ward,würden,AUX,ROOT,400,ward
401,.,--,PUNCT,punct,400,ward
402,Dabei,dabei,ADV,mo,403,war
403,war,sein,AUX,ROOT,403,war
404,sein,sein,DET,nk,405,Leben
405,Leben,Leben,NOUN,sb,403,war
406,stets,stets,ADV,mo,407,bedroht
407,bedroht,bedrohen,VERB,pd,403,war
408,von,von,ADP,sbp,407,bedroht
409,den,der,DET,nk,410,Holzdieben
410,Holzdieben,Holzdiebe,NOUN,nk,408,von
411,und,und,CCONJ,cd,403,war
412,Freischützen,Freischützen,NOUN,ROOT,412,Freischützen
413,.,--,PUNCT,punct,412,Freischützen
414,Jeder,jeder,DET,nk,415,Lockung
415,Lockung,Lockung,NOUN,oa,416,widerstand
416,widerstand,widerstinden,VERB,ROOT,416,widerstand
417,er,er,PRON,sb,416,widerstand
418,als,als,ADP,mo,416,widerstand
419,ein,ein,DET,nk,422,Mann
420,wackrer,wackrer,ADJ,nk,422,Mann
421,frommer,fromm,ADJ,nk,422,Mann
422,Mann,Mann,NOUN,nk,418,als
423,",",--,PUNCT,punct,422,Mann
424,der,der,PRON,app,422,Mann
425,lieber,lieber,ADV,mo,426,darben
426,darben,darben,VERB,ROOT,426,darben
427,",",--,PUNCT,punct,426,darben
428,als,als,ADP,mo,433,bringen
429,ungerechtes,ungerecht,ADJ,nk,430,Gut
430,Gut,Gut,NOUN,nk,428,als
431,an,an,ADP,mo,433,bringen
432,sich,sich,PRON,nk,431,an
433,bringen,bringen,VERB,oc,434,wollte
434,wollte,wollen,AUX,cj,426,darben
435,und,und,CCONJ,cd,426,darben
436,verwaltete,verwalten,VERB,cj,435,und
437,sein,sein,AUX,oc,436,verwaltete
438,Amt,Amt,NOUN,oa,444,stellten
439,getreulich,getreulich,ADV,mnr,438,Amt
440,und,und,CCONJ,cd,439,getreulich
441,tapfer,tapf,ADV,cj,440,und
442,",",--,PUNCT,punct,443,deshalb
443,deshalb,deshalb,ADV,mo,444,stellten
444,stellten,stellen,VERB,ROOT,444,stellten
445,sie,sie,PRON,sb,444,stellten
446,ihm,ihm,PRON,da,444,stellten
447,nach,nach,ADP,mo,444,stellten
448,auf,auf,ADP,mo,444,stellten
449,gefährliche,gefährlich,ADJ,nk,450,Weise
450,Weise,Weise,NOUN,nk,448,auf
451,",",--,PUNCT,punct,444,stellten
452,und,und,CCONJ,ROOT,452,und
453,nur,nur,ADV,mo,456,Doggen
454,seine,sein,DET,nk,456,Doggen
455,treuen,treu,ADJ,nk,456,Doggen
456,Doggen,Dogg,NOUN,sb,457,schützten
457,schützten,schützen,VERB,cj,452,und
458,ihn,ihn,PRON,oa,457,schützten
459,vor,vor,ADP,mo,457,schützten
460,nächtlichem,nächtlich,ADJ,nk,461,Überfall
461,Überfall,Überfall,NOUN,nk,459,vor
462,des,der,DET,ROOT,462,des
463,Raubgesindels,Raubgesindel,PROPN,ROOT,463,Raubgesindels
464,.,--,PUNCT,punct,463,Raubgesindels
465,Giorgina,Giorgina,PROPN,ROOT,465,Giorgina
466,",",--,PUNCT,punct,465,Giorgina
467,des,der,DET,nk,468,Klimas
468,Klimas,Klima,PROPN,cj,465,Giorgina
469,und,und,CCONJ,cd,468,Klimas
470,der,der,DET,nk,471,Lebensweise
471,Lebensweise,Lebensweise,NOUN,cj,469,und
472,in,in,ADP,mnr,471,Lebensweise
473,dem,der,DET,nk,475,Forst
474,wilden,wild,ADJ,nk,475,Forst
475,Forst,Forst,NOUN,nk,472,in
476,ganz,ganz,ADV,mo,477,ungewohnt
477,ungewohnt,ungewohnen,VERB,mo,479,welkte
478,",",--,PUNCT,punct,479,welkte
479,welkte,welken,VERB,ROOT,479,welkte
480,zusehends,zusehends,ADV,mo,479,welkte
481,hin,hin,ADV,svp,479,welkte
482,.,--,PUNCT,punct,479,welkte
483,Ihre,ihr,DET,nk,485,Gesichtsfarbe
484,bräunliche,bräunlich,ADJ,nk,485,Gesichtsfarbe
485,Gesichtsfarbe,Gesichtsfarbe,NOUN,sb,486,verwandelte
486,verwandelte,verwandeln,VERB,ROOT,486,verwandelte
487,sich,sich,PRON,da,497,düster
488,in,in,ADP,mnr,487,sich
489,fahles,fahl,ADJ,nk,490,Gelb
490,Gelb,Gelb,NOUN,nk,488,in
491,",",--,PUNCT,punct,488,in
492,ihre,ihr,DET,nk,495,Augen
493,lebhaften,lebhaft,ADJ,nk,495,Augen
494,blitzenden,blitzend,ADJ,nk,495,Augen
495,Augen,Auge,NOUN,sb,496,wurden
496,wurden,werden,AUX,ROOT,496,wurden
497,düster,düster,ADV,oc,496,wurden
498,",",--,PUNCT,punct,496,wurden
499,und,und,CCONJ,cd,496,wurden
500,ihr,ihr,PRON,cj,499,und
501,voller,voll,ADP,mo,505,magerte
502,",",--,PUNCT,punct,501,voller
503,üppiger,üppig,ADJ,nk,504,Wuchs
504,Wuchs,Wuchs,NOUN,sb,505,magerte
505,magerte,mageren,VERB,ROOT,505,magerte
506,mit,mit,ADP,mo,505,magerte
507,jedem,jeder,DET,nk,508,Tage
508,Tage,Tag,NOUN,nk,506,mit
509,mehr,mehr,ADV,mo,505,magerte
510,ab,ab,ADP,svp,505,magerte
511,.,--,PUNCT,punct,505,magerte
512,Oft,oft,ADV,mo,513,erwachte
513,erwachte,erwachen,VERB,ROOT,513,erwachte
514,sie,sie,PRON,sb,513,erwachte
515,in,in,ADP,mo,513,erwachte
516,mondheller,mondhell,ADJ,nk,517,Nacht
517,Nacht,Nacht,NOUN,ROOT,517,Nacht
518,.,--,PUNCT,punct,517,Nacht
519,Schüsse,Schuß,NOUN,sb,520,krachten
520,krachten,krachen,VERB,ROOT,520,krachten
521,in,in,ADP,mo,520,krachten
522,der,der,DET,nk,523,Ferne
523,Ferne,Ferne,NOUN,nk,521,in
524,durch,durch,ADP,mo,520,krachten
525,den,der,DET,nk,526,Wald
526,Wald,Wald,NOUN,nk,524,durch
527,",",--,PUNCT,punct,520,krachten
528,die,der,DET,nk,529,Doggen
529,Doggen,Dogg,NOUN,cj,520,krachten
530,heulten,heulter,VERB,mo,533,erhob
531,",",--,PUNCT,punct,533,erhob
532,leise,leise,ADV,mo,533,erhob
533,erhob,erheben,VERB,ROOT,533,erhob
534,sich,sich,PRON,oa,533,erhob
535,der,der,DET,nk,536,Mann
536,Mann,Mann,NOUN,sb,533,erhob
537,vom,von,ADP,mnr,536,Mann
538,Lager,Lager,NOUN,nk,537,vom
539,und,und,CCONJ,cd,533,erhob
540,schlich,schlich,ADV,mo,541,mit
541,mit,mit,ADP,cj,539,und
542,dem,der,DET,nk,543,Knecht
543,Knecht,Knecht,NOUN,nk,541,mit
544,murmelnd,murmelnd,ADV,ROOT,544,murmelnd
545,hinaus,hinaus,ADP,svp,544,murmelnd
546,in,in,ADP,mo,544,murmelnd
547,den,der,DET,nk,548,Forst
548,Forst,Forst,NOUN,nk,546,in
549,.,--,PUNCT,punct,544,murmelnd
550,Dann,dann,ADV,mo,551,betete
551,betete,beten,VERB,ROOT,551,betete
552,sie,sie,PRON,sb,551,betete
553,inbrünstig,inbrünstig,ADV,mo,551,betete
554,zu,zu,ADP,mo,551,betete
555,Gott,Gott,NOUN,nk,554,zu
556,und,und,CCONJ,cd,554,zu
557,zu,zu,ADP,cj,556,und
558,den,der,DET,nk,557,zu
559,Heiligen,heilige,NOUN,ROOT,559,Heiligen
560,",",--,PUNCT,punct,559,Heiligen
561,daß,daß,SCONJ,cp,569,möchten
562,sie,sie,PRON,sb,569,möchten
563,und,und,CCONJ,cd,562,sie
564,ihr,ihr,DET,nk,566,Mann
565,treuer,treu,ADJ,nk,566,Mann
566,Mann,Mann,NOUN,cj,563,und
567,errettet,errettet,VERB,oc,568,werden
568,werden,werden,AUX,oc,569,möchten
569,möchten,möchten,AUX,oc,559,Heiligen
570,aus,aus,ADP,mo,569,möchten
571,dieser,dieser,DET,nk,570,aus
572,schrecklichen,schrecklich,ADJ,nk,573,Einöde
573,Einöde,Einöde,NOUN,ROOT,573,Einöde
574,und,und,CCONJ,cd,573,Einöde
575,aus,aus,ADP,cj,574,und
576,der,der,DET,nk,578,Todesgefahr
577,steten,stet,ADJ,nk,578,Todesgefahr
578,Todesgefahr,Todesgefahr,NOUN,nk,575,aus
579,.,--,PUNCT,punct,573,Einöde
580,Die,der,DET,nk,581,Geburt
581,Geburt,Geburt,NOUN,ROOT,581,Geburt
582,eines,ein,DET,nk,583,Knaben
583,Knaben,Knabe,NOUN,ag,581,Geburt
584,warf,werfen,VERB,ROOT,584,warf
585,Giorgina,Giorgina,PROPN,sb,584,warf
586,endlich,endlich,ADV,mo,584,warf
587,auf,auf,ADP,mo,584,warf
588,das,der,DET,nk,589,Krankenlager
589,Krankenlager,Krankenlager,NOUN,nk,587,auf
590,",",--,PUNCT,punct,584,warf
591,und,und,CCONJ,cd,584,warf
592,immer,immer,ADV,mo,593,schwächer
593,schwächer,schwach,ADV,cj,591,und
594,und,und,CCONJ,cd,593,schwächer
595,schwächer,schwach,ADV,cj,594,und
596,werdend,werdend,ADV,mo,598,sah
597,",",--,PUNCT,punct,598,sah
598,sah,sehen,VERB,ROOT,598,sah
599,sie,sie,PRON,sb,598,sah
600,ihr,ihr,DET,nk,601,Ende
601,Ende,Ende,NOUN,oa,598,sah
602,vor,vor,ADP,mo,598,sah
603,Augen,Auge,NOUN,nk,602,vor
604,.,--,PUNCT,punct,598,sah
605,Dumpf,Dumpf,NOUN,ROOT,605,Dumpf
606,in,in,ADP,mo,605,Dumpf
607,sich,sich,PRON,nk,606,in
608,hinbrütend,hinbrütend,ADV,mo,605,Dumpf
609,",",--,PUNCT,punct,605,Dumpf
610,schlich,schlich,ADV,mo,605,Dumpf
611,der,der,DET,ROOT,611,der
612,unglückliche,unglücklich,ADJ,nk,613,Andres
613,Andres,Andre,NOUN,ROOT,613,Andres
614,umher,umher,ADV,svp,613,Andres
615,;,--,PUNCT,punct,613,Andres
616,alles,alle,DET,nk,617,Glück
617,Glück,Glück,NOUN,sb,618,war
618,war,sein,AUX,ROOT,618,war
619,mit,mit,ADP,mo,618,war
620,der,der,DET,nk,621,Krankheit
621,Krankheit,Krankheit,NOUN,nk,619,mit
622,seines,sein,DET,nk,623,Weibes
623,Weibes,Weibe,NOUN,ag,621,Krankheit
624,von,von,ADP,pg,623,Weibes
625,ihm,ihm,PRON,da,626,gewichen
626,gewichen,gewichen,VERB,ROOT,626,gewichen
627,.,--,PUNCT,punct,626,gewichen
628,Wie,wie,ADP,cm,629,neckendes
629,neckendes,neckend,PRON,mo,633,guckte
630,",",--,PUNCT,punct,629,neckendes
631,gespenstisches,gespenstisch,ADJ,nk,632,Wesen
632,Wesen,Wesen,NOUN,cj,629,neckendes
633,guckte,gucken,VERB,ROOT,633,guckte
634,das,der,DET,nk,635,Wild
635,Wild,Wild,NOUN,oa,633,guckte
636,aus,aus,ADP,mo,633,guckte
637,den,der,DET,nk,636,aus
638,Büschen,Büschen,NOUN,ROOT,638,Büschen
639,;,--,PUNCT,punct,638,Büschen
640,sowie,sowie,CCONJ,ju,644,abdrückte
641,er,er,PRON,sb,644,abdrückte
642,sein,sein,DET,nk,643,Gewehr
643,Gewehr,Gewehr,NOUN,oa,644,abdrückte
644,abdrückte,abdrücken,VERB,mo,646,war
645,",",--,PUNCT,punct,646,war
646,war,sein,AUX,ROOT,646,war
647,es,es,PRON,sb,646,war
648,verstoben,Verstoben,VERB,pd,646,war
649,in,in,ADP,mo,648,verstoben
650,der,der,DET,nk,651,Luft
651,Luft,Luft,NOUN,nk,649,in
652,.,--,PUNCT,punct,646,war
653,Er,er,PRON,ROOT,653,Er
654,konnte,können,AUX,ROOT,654,konnte
655,kein,kein,DET,nk,656,Tier
656,Tier,Tier,NOUN,sb,654,konnte
657,mehr,mehr,ADV,mo,654,konnte
658,treffen,treffen,VERB,oc,654,konnte
659,und,und,CCONJ,cd,658,treffen
660,nur,nur,ADV,mo,662,Knecht
661,sein,sein,DET,nk,662,Knecht
662,Knecht,Knecht,NOUN,cj,659,und
663,",",--,PUNCT,punct,662,Knecht
664,ein,ein,DET,nk,666,Schütze
665,geübter,geübt,ADJ,nk,666,Schütze
666,Schütze,Schütze,NOUN,app,662,Knecht
667,",",--,PUNCT,punct,654,konnte
668,beschaffte,beschaffen,VERB,ROOT,668,beschaffte
669,das,der,DET,nk,670,Wild
670,Wild,Wild,NOUN,sb,668,beschaffte
671,",",--,PUNCT,punct,670,Wild
672,welches,welcher,PRON,oa,680,gehalten
673,er,er,PRON,sb,681,war
674,dem,der,DET,nk,675,Grafen
675,Grafen,Grafen,NOUN,da,679,liefern
676,von,von,ADP,mo,679,liefern
677,Vach,Vach,NOUN,nk,676,von
678,zu,zu,PART,pm,679,liefern
679,liefern,liefern,VERB,oc,680,gehalten
680,gehalten,halten,VERB,oc,681,war
681,war,sein,AUX,rc,670,Wild
682,.,--,PUNCT,punct,668,beschaffte
683,Einst,einst,ADV,mo,684,saß
684,saß,sitzen,VERB,ROOT,684,saß
685,er,er,PRON,sb,684,saß
686,an,an,ADP,mo,684,saß
687,Giorginas,Giorgina,PROPN,ag,688,Bette
688,Bette,Bette,NOUN,nk,686,an
689,",",--,PUNCT,punct,684,saß
690,den,der,DET,nk,692,Blick
691,starren,starr,ADJ,nk,692,Blick
692,Blick,Blick,NOUN,oa,684,saß
693,auf,auf,ADP,mnr,692,Blick
694,das,der,DET,nk,696,Weib
695,geliebte,geliebt,ADJ,nk,696,Weib
696,Weib,Weib,NOUN,nk,693,auf
697,gerichtet,richten,VERB,ROOT,697,gerichtet
698,",",--,PUNCT,punct,697,gerichtet
699,die,der,PRON,sb,700,ermattet
700,ermattet,ermatten,VERB,mo,705,atmete
701,zum,zu,ADP,mo,700,ermattet
702,Tode,Tod,NOUN,nk,701,zum
703,kaum,kaum,ADV,mo,705,atmete
704,mehr,mehr,ADV,mo,703,kaum
705,atmete,atmen,VERB,mo,697,gerichtet
706,.,--,PUNCT,punct,697,gerichtet
707,In,in,ADP,ROOT,707,In
708,dumpfem,dumpf,ADJ,nk,707,In
709,",",--,PUNCT,punct,708,dumpfem
710,lautlosem,lautloser,ADJ,cj,708,dumpfem
711,Schmerz,Schmerz,PROPN,oa,716,gefaßt
712,hatte,haben,AUX,ROOT,712,hatte
713,er,er,PRON,sb,712,hatte
714,ihre,ihr,DET,nk,715,Hand
715,Hand,Hand,NOUN,oa,716,gefaßt
716,gefaßt,fassen,VERB,oc,712,hatte
717,und,und,CCONJ,cd,712,hatte
718,hörte,hören,VERB,cj,717,und
719,nicht,nicht,PART,ng,718,hörte
720,das,der,DET,nk,721,Ächzen
721,Ächzen,Ächz,NOUN,oa,718,hörte
722,des,der,DET,nk,723,Knaben
723,Knaben,Knabe,NOUN,ag,721,Ächzen
724,",",--,PUNCT,punct,721,Ächzen
725,der,der,PRON,da,718,hörte
726,nahrungslos,nahrungslos,ADV,mo,727,verschmachten
727,verschmachten,verschmachten,VERB,oc,728,wollte
728,wollte,wollen,AUX,ROOT,728,wollte
729,.,--,PUNCT,punct,728,wollte
730,Der,der,DET,nk,731,Knecht
731,Knecht,Knecht,NOUN,sb,732,ging
732,ging,gehen,VERB,ROOT,732,ging
733,schon,schon,ADV,mo,734,am
734,am,an,ADP,mo,732,ging
735,frühen,früh,ADJ,nk,736,Morgen
736,Morgen,Morgen,NOUN,nk,734,am
737,nach,nach,ADP,svp,732,ging
738,Fulda,Fulda,PROPN,ROOT,738,Fulda
739,",",--,PUNCT,punct,738,Fulda
740,um,um,SCONJ,cp,746,Erquickung
741,für,für,ADP,mo,746,Erquickung
742,das,der,DET,nk,744,Ersparnis
743,letzte,letzter,ADJ,nk,744,Ersparnis
744,Ersparnis,Ersparnis,NOUN,nk,741,für
745,einige,einiger,DET,nk,746,Erquickung
746,Erquickung,Erquickung,NOUN,mo,738,Fulda
747,für,für,ADP,mnr,746,Erquickung
748,die,der,DET,nk,749,Kranke
749,Kranke,kranke,NOUN,nk,747,für
750,herbeizuschaffen,herbeizuschaffen,VERB,ROOT,750,herbeizuschaffen
751,.,--,PUNCT,punct,750,herbeizuschaffen
752,Kein,kein,DET,nk,755,Wesen
753,menschliches,menschlich,ADJ,nk,755,Wesen
754,tröstendes,tröstend,ADJ,nk,755,Wesen
755,Wesen,Wesen,NOUN,sb,756,war
756,war,sein,AUX,ROOT,756,war
757,weit,weit,ADV,pd,756,war
758,und,und,CCONJ,cd,757,weit
759,breit,breit,ADV,cj,758,und
760,zu,zu,ADP,svp,756,war
761,finden,finden,VERB,ROOT,761,finden
762,",",--,PUNCT,punct,761,finden
763,nur,nur,ADV,mo,766,heulte
764,der,der,DET,nk,765,Sturm
765,Sturm,Sturm,NOUN,sb,766,heulte
766,heulte,heuln,VERB,oc,761,finden
767,in,in,ADP,mo,766,heulte
768,schneidenden,schneidend,ADJ,nk,769,Tönen
769,Tönen,Tön,NOUN,nk,767,in
770,des,der,DET,nk,772,Jammers
771,entsetzlichen,entsetzlich,ADJ,nk,772,Jammers
772,Jammers,Jammer,NOUN,ag,769,Tönen
773,durch,durch,ADP,mo,780,winselten
774,die,der,DET,nk,776,Tannen
775,schwarzen,schwarz,ADJ,nk,776,Tannen
776,Tannen,Tanne,NOUN,nk,773,durch
777,und,und,CCONJ,cd,776,Tannen
778,die,der,DET,nk,779,Doggen
779,Doggen,Dogg,NOUN,cj,777,und
780,winselten,winselten,VERB,ROOT,780,winselten
781,",",--,PUNCT,punct,780,winselten
782,wie,wie,SCONJ,cm,783,in
783,in,in,ADP,mo,780,winselten
784,trostloser,trostlos,ADJ,nk,785,Klage
785,Klage,Klage,NOUN,nk,783,in
786,",",--,PUNCT,punct,780,winselten
787,um,um,ADP,ROOT,787,um
788,den,der,DET,nk,790,Herrn
789,unglücklichen,unglücklich,ADJ,nk,790,Herrn
790,Herrn,Herr,NOUN,nk,787,um
791,.,--,PUNCT,punct,787,um
792,Da,da,ADV,mo,793,hörte
793,hörte,hört,ADJ,ROOT,793,hörte
794,Andres,Andr,NOUN,sb,793,hörte
795,auf,auf,ADP,mo,793,hörte
796,einmal,einmal,ADV,nk,795,auf
797,es,es,PRON,oa,793,hörte
798,vor,vor,ADP,mo,793,hörte
799,dem,der,DET,nk,800,Hause
800,Hause,Haus,NOUN,nk,798,vor
801,daherschreiten,daherschreien,VERB,ROOT,801,daherschreiten
802,",",--,PUNCT,punct,801,daherschreiten
803,wie,wie,ADP,cm,805,Fußtritte
804,menschliche,menschlich,ADJ,nk,805,Fußtritte
805,Fußtritte,Fußtritt,NOUN,mo,801,daherschreiten
806,.,--,PUNCT,punct,801,daherschreiten
807,Er,er,PRON,sb,808,glaubte
808,glaubte,glauben,VERB,ROOT,808,glaubte
809,",",--,PUNCT,punct,808,glaubte
810,es,es,PRON,sb,811,wäre
811,wäre,sein,AUX,oc,808,glaubte
812,der,der,DET,pd,811,wäre
813,zurückkehrende,zurückkehrend,ADJ,nk,814,Knecht
814,Knecht,Knecht,NOUN,oa,816,unerachtet
815,",",--,PUNCT,punct,816,unerachtet
816,unerachtet,unerachten,VERB,ROOT,816,unerachtet
817,er,er,PRON,sb,816,unerachtet
818,ihn,ihn,PRON,oa,816,unerachtet
819,nicht,nicht,PART,ng,823,konnte
820,so,so,ADV,mo,821,früh
821,früh,früh,ADV,mo,822,erwarten
822,erwarten,erwarten,VERB,oc,823,konnte
823,konnte,können,AUX,mo,816,unerachtet
824,",",--,PUNCT,punct,816,unerachtet
825,aber,aber,CCONJ,cd,816,unerachtet
826,die,der,DET,nk,827,Hunde
827,Hunde,Hunde,NOUN,sb,828,sprangen
828,sprangen,springen,VERB,ROOT,828,sprangen
829,heraus,heraus,ADV,svp,828,sprangen
830,und,und,CCONJ,cd,828,sprangen
831,bellten,bellten,VERB,cj,830,und
832,heftig,heftig,ADV,mo,831,bellten
833,.,--,PUNCT,punct,828,sprangen
834,Es,es,PRON,ph,835,mußte
835,mußte,müssen,AUX,ROOT,835,mußte
836,ein,ein,DET,nk,837,Fremder
837,Fremder,Fremder,NOUN,pd,838,sein
838,sein,sein,AUX,oc,835,mußte
839,.,--,PUNCT,punct,835,mußte
840,Andres,Andres,NOUN,ROOT,840,Andres
841,ging,gehen,VERB,ROOT,841,ging
842,selbst,selbst,ADV,mo,843,vor
843,vor,vor,ADP,mo,841,ging
844,die,der,DET,nk,845,Tür
845,Tür,Tür,NOUN,nk,843,vor
846,:,--,PUNCT,punct,841,ging
847,da,da,ADV,mo,848,trat
848,trat,treten,VERB,ROOT,848,trat
849,ihm,ihm,PRON,da,848,trat
850,ein,ein,DET,nk,851,langer
851,langer,lang,ADJ,nk,854,Mann
852,",",--,PUNCT,punct,851,langer
853,hagerer,hager,ADJ,cj,851,langer
854,Mann,Mann,NOUN,sb,848,trat
855,entgegen,entgegen,ADP,svp,848,trat
856,",",--,PUNCT,punct,848,trat
857,in,in,ADP,mo,848,trat
858,grauem,grau,ADJ,nk,859,Mantel
859,Mantel,Mantel,NOUN,ROOT,859,Mantel
860,",",--,PUNCT,punct,859,Mantel
861,die,der,DET,nk,862,Reisemütze
862,Reisemütze,Reisemütze,NOUN,oa,866,gedrückt
863,tief,tief,ADV,mo,866,gedrückt
864,ins,in,ADP,mo,866,gedrückt
865,Gesicht,Gesicht,NOUN,nk,864,ins
866,gedrückt,drücken,VERB,oc,859,Mantel
867,.,--,PUNCT,punct,859,Mantel
868,»,--,PUNCT,punct,869,Ei
869,Ei,Ei,NOUN,sb,872,sagte
870,«,--,PUNCT,punct,869,Ei
871,",",--,PUNCT,punct,872,sagte
872,sagte,sagen,VERB,ROOT,872,sagte
873,der,der,DET,dep,872,sagte
874,Fremde,Fremde,NOUN,ROOT,874,Fremde
875,:,--,PUNCT,punct,874,Fremde
876,»,--,PUNCT,punct,878,bin
877,wie,wie,ADV,mo,878,bin
878,bin,sein,AUX,rs,874,Fremde
879,ich,ich,PRON,sb,878,bin
880,doch,doch,ADV,mo,886,gegangen
881,hier,hier,ADV,mo,886,gegangen
882,im,in,ADP,mo,886,gegangen
883,Walde,Walde,NOUN,nk,882,im
884,so,so,ADV,mo,885,irre
885,irre,irre,ADJ,oa,886,gegangen
886,gegangen,gehen,VERB,oc,878,bin
887,!,--,PUNCT,punct,874,Fremde
888,Der,der,DET,nk,889,Sturm
889,Sturm,Sturm,NOUN,sb,890,tobt
890,tobt,toben,VERB,ROOT,890,tobt
891,von,von,ADP,op,890,tobt
892,den,der,DET,nk,893,Bergen
893,Bergen,Berg,NOUN,da,894,herab
894,herab,herab,ADV,dm,897,bekommen
895,",",--,PUNCT,punct,897,bekommen
896,wir,wir,PRON,sb,897,bekommen
897,bekommen,bekommen,VERB,ROOT,897,bekommen
898,ein,ein,DET,nk,900,Wetter
899,schrecklich,schrecklich,ADV,mo,900,Wetter
900,Wetter,Wetter,NOUN,oa,897,bekommen
901,.,--,PUNCT,punct,897,bekommen
902,Möchtet,Möchtet,VERB,ROOT,902,Möchtet
903,Ihr,ihr,PRON,sb,902,Möchtet
904,nicht,nicht,PART,ng,902,Möchtet
905,erlauben,erlauben,VERB,ROOT,905,erlauben
906,",",--,PUNCT,punct,905,erlauben
907,lieber,lieb,ADJ,mo,908,Herr
908,Herr,Herr,NOUN,oa,905,erlauben
909,!,--,PUNCT,punct,905,erlauben
910,daß,daß,SCONJ,cp,915,eintreten
911,ich,ich,PRON,sb,915,eintreten
912,in,in,ADP,mo,915,eintreten
913,Euer,Euer,PROPN,nk,914,Haus
914,Haus,Haus,NOUN,nk,912,in
915,eintreten,eintreten,VERB,ROOT,915,eintreten
916,und,und,CCONJ,cd,915,eintreten
917,mich,sich,PRON,cj,916,und
918,von,von,ADP,pg,917,mich
919,dem,der,DET,nk,918,von
920,beschwerlichen,beschwerlich,ADJ,nk,921,Wege
921,Wege,Weg,NOUN,oa,922,erholen
922,erholen,erholen,VERB,oc,925,dürfte
923,und,und,CCONJ,cd,922,erholen
924,erquicken,erquicken,VERB,cj,923,und
925,dürfte,dürfen,AUX,ROOT,925,dürfte
926,zur,zu,ADP,mo,925,dürfte
927,weitern,weit,ADJ,nk,928,Reise
928,Reise,Reise,NOUN,nk,926,zur
929,?,--,PUNCT,punct,925,dürfte
930,«,--,PUNCT,punct,925,dürfte
931,-,--,PUNCT,punct,933,Ach
932,»,--,PUNCT,punct,933,Ach
933,Ach,ach,INTJ,ROOT,933,Ach
934,Herr,Herr,NOUN,oa,937,erwiderte
935,«,--,PUNCT,punct,937,erwiderte
936,",",--,PUNCT,punct,937,erwiderte
937,erwiderte,erwidern,VERB,ROOT,937,erwiderte
938,der,der,DET,nk,940,Andres
939,betrübte,betrübt,ADJ,nk,940,Andres
940,Andres,Andres,NOUN,sb,937,erwiderte
941,",",--,PUNCT,punct,937,erwiderte
942,»,--,PUNCT,punct,944,kommt
943,Ihr,ihr,PRON,sb,944,kommt
944,kommt,kommen,VERB,oc,937,erwiderte
945,in,in,ADP,mo,944,kommt
946,ein,ein,DET,nk,947,Haus
947,Haus,Haus,NOUN,nk,945,in
948,der,der,DET,nk,949,Not
949,Not,Not,NOUN,ag,947,Haus
950,und,und,CCONJ,cd,949,Not
951,des,der,DET,cj,950,und
952,Elends,elends,ADV,sb,964,vermag
953,und,und,CCONJ,cd,952,Elends
954,außer,außer,ADP,cj,953,und
955,dem,der,DET,nk,956,Stuhl
956,Stuhl,Stuhl,NOUN,nk,954,außer
957,",",--,PUNCT,punct,956,Stuhl
958,auf,auf,ADP,mo,962,könnt
959,dem,der,PRON,nk,958,auf
960,Ihr,ihr,PRON,sb,962,könnt
961,ausruhen,ausruhen,VERB,oc,962,könnt
962,könnt,können,VERB,rc,956,Stuhl
963,",",--,PUNCT,punct,964,vermag
964,vermag,vermögen,VERB,ROOT,964,vermag
965,ich,ich,PRON,sb,964,vermag
966,kaum,kaum,ADV,mo,964,vermag
967,Euch,euch,PRON,oa,964,vermag
968,irgend,irgend,ADV,mo,970,Erquickung
969,eine,ein,DET,nk,970,Erquickung
970,Erquickung,Erquickung,NOUN,oa,971,anzubieten
971,anzubieten,anbieten,VERB,ROOT,971,anzubieten
972,;,--,PUNCT,punct,971,anzubieten
973,meinem,mein,DET,nk,976,Weibe
974,armen,arm,ADJ,nk,976,Weibe
975,kranken,krank,ADJ,nk,976,Weibe
976,Weibe,Weibe,NOUN,da,977,mangelt
977,mangelt,mangeln,VERB,ROOT,977,mangelt
978,es,es,PRON,ep,977,mangelt
979,selbst,selbst,ADV,mo,977,mangelt
980,daran,daran,ADV,ROOT,980,daran
981,",",--,PUNCT,punct,980,daran
982,und,und,CCONJ,cd,980,daran
983,mein,mein,DET,nk,984,Knecht
984,Knecht,Knecht,NOUN,sb,992,wird
985,",",--,PUNCT,punct,984,Knecht
986,den,der,PRON,oa,990,geschickt
987,ich,ich,PRON,sb,990,geschickt
988,nach,nach,ADP,mo,990,geschickt
989,Fulda,Fulda,PROPN,nk,988,nach
990,geschickt,schicken,VERB,rc,984,Knecht
991,",",--,PUNCT,punct,992,wird
992,wird,werden,AUX,cj,982,und
993,erst,erst,ADV,mo,994,am
994,am,an,ADP,oc,992,wird
995,späten,spät,ADJ,nk,996,Abend
996,Abend,Abend,NOUN,nk,994,am
997,etwas,etwas,PRON,mo,1000,herbeibringen
998,zur,zu,ADP,cvc,1000,herbeibringen
999,Labung,Labung,NOUN,nk,998,zur
1000,herbeibringen,herbeibringen,VERB,ROOT,1000,herbeibringen
1001,.,--,PUNCT,punct,1000,herbeibringen
1002,«,--,PUNCT,ROOT,1002,«
1003,Unter,unter,ADP,mo,1006,waren
1004,diesen,dieser,DET,nk,1005,Worten
1005,Worten,Wort,NOUN,nk,1003,Unter
1006,waren,sein,AUX,ROOT,1006,waren
1007,sie,sie,PRON,sb,1006,waren
1008,in,in,ADP,mo,1006,waren
1009,die,der,DET,nk,1010,Stube
1010,Stube,Stube,NOUN,nk,1008,in
1011,getreten,treten,VERB,ROOT,1011,getreten
1012,.,--,PUNCT,punct,1011,getreten
1013,Der,der,DET,nk,1014,Fremde
1014,Fremde,Fremde,NOUN,sb,1015,legte
1015,legte,legen,VERB,ROOT,1015,legte
1016,seine,sein,DET,nk,1017,Reisemütze
1017,Reisemütze,Reisemütz,NOUN,oa,1015,legte
1018,und,und,CCONJ,cd,1017,Reisemütze
1019,seinen,sein,DET,nk,1020,Mantel
1020,Mantel,Mantel,NOUN,cj,1018,und
1021,ab,ab,ADP,svp,1015,legte
1022,",",--,PUNCT,punct,1015,legte
1023,unter,unter,ADP,mo,1015,legte
1024,dem,der,PRON,nk,1023,unter
1025,er,er,PRON,oa,1015,legte
1026,ein,ein,DET,nk,1027,Felleisen
1027,Felleisen,Felleise,NOUN,sb,1031,trug
1028,und,und,CCONJ,cd,1027,Felleisen
1029,ein,ein,DET,nk,1030,Kistchen
1030,Kistchen,Kistchen,NOUN,cj,1028,und
1031,trug,tragen,VERB,ROOT,1031,trug
1032,.,--,PUNCT,punct,1031,trug
1033,Er,er,PRON,sb,1034,zog
1034,zog,ziehen,VERB,ROOT,1034,zog
1035,auch,auch,ADV,mo,1034,zog
1036,ein,ein,DET,nk,1037,Stilett
1037,Stilett,Stilett,NOUN,oa,1034,zog
1038,und,und,CCONJ,cd,1037,Stilett
1039,ein,ein,DET,nk,1040,paar
1040,paar,paar,PRON,cj,1038,und
1041,Terzerole,Terzerol,NOUN,ROOT,1041,Terzerole
1042,hervor,hervor,ADV,svp,1041,Terzerole
1043,",",--,PUNCT,punct,1041,Terzerole
1044,die,der,PRON,oa,1049,legte
1045,er,er,PRON,sb,1049,legte
1046,auf,auf,ADP,mo,1049,legte
1047,den,der,DET,nk,1048,Tisch
1048,Tisch,Tisch,NOUN,nk,1046,auf
1049,legte,legen,VERB,rc,1041,Terzerole
1050,.,--,PUNCT,punct,1041,Terzerole
1051,Andres,Andres,NOUN,sb,1052,war
1052,war,sein,AUX,ROOT,1052,war
1053,an,an,ADP,mo,1052,war
1054,Giorginas,Giorgina,PROPN,ag,1055,Bett
1055,Bett,Bett,NOUN,nk,1053,an
1056,getreten,treten,VERB,ROOT,1056,getreten
1057,",",--,PUNCT,punct,1056,getreten
1058,sie,sie,PRON,sb,1059,lag
1059,lag,liegen,VERB,oc,1056,getreten
1060,in,in,ADP,mo,1059,lag
1061,bewußtlosem,bewußtlos,ADJ,nk,1062,Zustande
1062,Zustande,Zustande,NOUN,nk,1060,in
1063,.,--,PUNCT,punct,1056,getreten
1064,Der,der,DET,nk,1065,Fremde
1065,Fremde,Fremde,NOUN,sb,1066,trat
1066,trat,treten,VERB,ROOT,1066,trat
1067,ebenfalls,ebenfalls,ADV,mo,1066,trat
1068,hinzu,hinzu,ADV,svp,1066,trat
1069,",",--,PUNCT,punct,1066,trat
1070,schaute,schaun,VERB,ROOT,1070,schaute
1071,die,der,DET,nk,1072,Kranke
1072,Kranke,kranke,NOUN,sb,1070,schaute
1073,lange,lange,ADV,mo,1070,schaute
1074,mit,mit,ADP,mo,1070,schaute
1075,scharfen,scharf,ADJ,nk,1074,mit
1076,",",--,PUNCT,punct,1075,scharfen
1077,bedächtigen,bedächtig,ADJ,cj,1075,scharfen
1078,Blicken,Blick,NOUN,oa,1070,schaute
1079,an,an,ADP,svp,1070,schaute
1080,und,und,CCONJ,cd,1070,schaute
1081,ergriff,ergreifen,VERB,cj,1080,und
1082,ihre,ihr,DET,oa,1070,schaute
1083,Hand,Hand,NOUN,ROOT,1083,Hand
1084,",",--,PUNCT,punct,1083,Hand
1085,den,der,DET,nk,1086,Puls
1086,Puls,Puls,NOUN,oa,1088,erforschend
1087,sorglich,sorglich,ADV,mo,1088,erforschend
1088,erforschend,erforschend,ADV,pd,1083,Hand
1089,.,--,PUNCT,punct,1083,Hand
1090,Als,als,SCONJ,cp,1095,ausrief
1091,nun,nun,ADV,mo,1092,Andres
1092,Andres,Andres,NOUN,sb,1095,ausrief
1093,voll,voll,ADP,mo,1095,ausrief
1094,Verzweiflung,Verzweiflung,NOUN,nk,1093,voll
1095,ausrief,ausraufen,VERB,ROOT,1095,ausrief
1096,:,--,PUNCT,punct,1095,ausrief
1097,»,--,PUNCT,punct,1099,Gott
1098,Ach,ach,INTJ,pnc,1099,Gott
1099,Gott,Gott,NOUN,cj,1102,stirbt
1100,",",--,PUNCT,punct,1102,stirbt
1101,nun,nun,ADV,mo,1102,stirbt
1102,stirbt,sterben,VERB,ROOT,1102,stirbt
1103,sie,sie,PRON,sb,1102,stirbt
1104,wohl,wohl,ADV,mo,1102,stirbt
1105,!,--,PUNCT,punct,1102,stirbt
1106,«,--,PUNCT,punct,1102,stirbt
1107,da,da,ADV,mo,1108,sagte
1108,sagte,sagen,VERB,ROOT,1108,sagte
1109,der,der,DET,nk,1110,Fremde
1110,Fremde,Fremde,NOUN,sb,1108,sagte
1111,:,--,PUNCT,punct,1108,sagte
1112,»,--,PUNCT,punct,1114,nichten
1113,Mit,mit,ADP,ROOT,1113,Mit
1114,nichten,nicht,ADJ,nk,1113,Mit
1115,",",--,PUNCT,punct,1114,nichten
1116,lieber,lieber,ADV,cj,1114,nichten
1117,Freund,Freund,NOUN,sb,1119,seid
1118,!,--,PUNCT,punct,1117,Freund
1119,seid,sein,AUX,ROOT,1119,seid
1120,ganz,ganz,ADV,mo,1121,ruhig
1121,ruhig,ruhig,ADV,pd,1119,seid
1122,.,--,PUNCT,punct,1119,seid
1123,Euerm,Euerm,ADP,mo,1125,fehlt
1124,Weibe,Weibe,NOUN,nk,1123,Euerm
1125,fehlt,fehlen,VERB,ROOT,1125,fehlt
1126,nichts,nichts,PRON,sb,1125,fehlt
1127,als,als,ADP,cm,1131,Nahrung
1128,kräftige,kräftig,ADJ,nk,1131,Nahrung
1129,",",--,PUNCT,punct,1128,kräftige
1130,gute,gut,ADJ,cj,1128,kräftige
1131,Nahrung,Nahrung,NOUN,cc,1126,nichts
1132,",",--,PUNCT,punct,1125,fehlt
1133,und,und,CCONJ,ju,1137,wird
1134,vor,vor,ADP,mo,1137,wird
1135,der,der,DET,nk,1136,Hand
1136,Hand,Hand,NOUN,nk,1134,vor
1137,wird,werden,AUX,ROOT,1137,wird
1138,ihr,ihr,PRON,da,1137,wird
1139,ein,ein,DET,nk,1140,Mittel
1140,Mittel,Mittel,NOUN,sb,1137,wird
1141,",",--,PUNCT,punct,1140,Mittel
1142,das,der,PRON,sb,1144,reizt
1143,zugleich,zugleich,ADV,mo,1144,reizt
1144,reizt,reizen,VERB,rc,1140,Mittel
1145,und,und,CCONJ,cd,1144,reizt
1146,stärkt,stärken,VERB,cj,1145,und
1147,",",--,PUNCT,punct,1144,reizt
1148,die,der,DET,nk,1149,besten
1149,besten,gut,ADJ,punct,1137,wird
1150,Dienste,Dienst,NOUN,oa,1151,tun
1151,tun,tun,VERB,ROOT,1151,tun
1152,.,--,PUNCT,punct,1151,tun
1153,Ich,ich,PRON,sb,1154,bin
1154,bin,sein,AUX,ROOT,1154,bin
1155,zwar,zwar,ADV,mo,1154,bin
1156,kein,kein,DET,nk,1157,Arzt
1157,Arzt,Arzt,NOUN,pd,1154,bin
1158,",",--,PUNCT,punct,1157,Arzt
1159,sondern,sondern,CCONJ,cd,1157,Arzt
1160,vielmehr,vielmehr,ADV,mo,1162,Kaufmann
1161,ein,ein,DET,nk,1162,Kaufmann
1162,Kaufmann,Kaufmann,NOUN,cj,1159,sondern
1163,",",--,PUNCT,punct,1154,bin
1164,allein,allein,ADV,mo,1154,bin
1165,doch,doch,ADV,mo,1164,allein
1166,in,in,ADP,mo,1170,unerfahren
1167,der,der,DET,nk,1168,Arzneiwissenschaft
1168,Arzneiwissenschaft,Arzneiwissenschaft,NOUN,nk,1166,in
1169,nicht,nicht,PART,ng,1170,unerfahren
1170,unerfahren,unerfahren,VERB,ROOT,1170,unerfahren
1171,",",--,PUNCT,punct,1170,unerfahren
1172,und,und,CCONJ,cd,1170,unerfahren
1173,besitze,besitzen,VERB,cj,1172,und
1174,aus,aus,ADP,mo,1173,besitze
1175,uralter,uralt,ADJ,nk,1176,Zeit
1176,Zeit,Zeit,NOUN,nk,1174,aus
1177,her,her,ADV,svp,1173,besitze
1178,manches,mancher,DET,nk,1179,Arcanum
1179,Arcanum,Arcanum,NOUN,ROOT,1179,Arcanum
1180,",",--,PUNCT,punct,1179,Arcanum
1181,welches,welcher,PRON,oa,1185,führe
1182,ich,ich,PRON,sb,1185,führe
1183,mit,mit,ADP,mo,1185,führe
1184,mir,mir,PRON,nk,1183,mit
1185,führe,führen,VERB,rc,1179,Arcanum
1186,und,und,CCONJ,cd,1185,führe
1187,auch,auch,ADV,mo,1189,verkaufe
1188,wohl,wohl,ADV,mo,1189,verkaufe
1189,verkaufe,verkaufen,VERB,cj,1186,und
1190,.,--,PUNCT,punct,1179,Arcanum
1191,«,--,PUNCT,punct,1179,Arcanum
1192,Damit,damit,ADV,ROOT,1192,Damit
1193,öffnete,öffnen,VERB,oc,1199,holte
1194,der,der,DET,nk,1195,Fremde
1195,Fremde,Fremde,NOUN,sb,1193,öffnete
1196,sein,sein,DET,nk,1197,Kistchen
1197,Kistchen,Kistchen,NOUN,oa,1193,öffnete
1198,",",--,PUNCT,punct,1199,holte
1199,holte,holen,VERB,ROOT,1199,holte
1200,eine,ein,DET,nk,1201,Phiole
1201,Phiole,Phiole,NOUN,sb,1199,holte
1202,heraus,heraus,ADV,svp,1199,holte
1203,",",--,PUNCT,punct,1199,holte
1204,tröpfelte,tröpfelen,VERB,cj,1199,holte
1205,von,von,ADP,mo,1204,tröpfelte
1206,dem,der,DET,nk,1205,von
1207,ganz,ganz,ADV,mo,1208,dunkelroten
1208,dunkelroten,dunkelrot,ADJ,nk,1209,Liquor
1209,Liquor,Liquor,NOUN,ROOT,1209,Liquor
1210,etwas,etwas,PRON,mo,1211,auf
1211,auf,auf,ADP,mnr,1209,Liquor
1212,Zucker,Zucker,NOUN,nk,1211,auf
1213,und,und,CCONJ,ju,1214,gab
1214,gab,geben,VERB,ROOT,1214,gab
1215,es,es,PRON,ep,1214,gab
1216,der,der,DET,nk,1217,Kranken
1217,Kranken,Kranken,NOUN,da,1214,gab
1218,.,--,PUNCT,punct,1214,gab
1219,Dann,dann,ADV,mo,1220,holte
1220,holte,holen,VERB,ROOT,1220,holte
1221,er,er,PRON,sb,1220,holte
1222,aus,aus,ADP,mo,1229,köstlichen
1223,dem,der,DET,nk,1224,Felleisen
1224,Felleisen,Felleise,NOUN,nk,1222,aus
1225,eine,ein,DET,nk,1228,Flasche
1226,kleine,klein,ADJ,nk,1228,Flasche
1227,geschliffene,geschliffen,ADJ,nk,1228,Flasche
1228,Flasche,Flasche,NOUN,sb,1229,köstlichen
1229,köstlichen,köstlichen,VERB,ROOT,1229,köstlichen
1230,Rheinweins,Rheinwein,PROPN,sb,1229,köstlichen
1231,und,und,CCONJ,cd,1229,köstlichen
1232,flößte,flößen,VERB,ROOT,1232,flößte
1233,der,der,DET,nk,1234,Kranken
1234,Kranken,kranke,NOUN,sb,1232,flößte
1235,ein,ein,DET,nk,1236,paar
1236,paar,paar,DET,nk,1237,Löffel
1237,Löffel,Löffel,NOUN,oa,1232,flößte
1238,voll,voll,ADV,mo,1232,flößte
1239,ein,ein,ADV,svp,1232,flößte
1240,.,--,PUNCT,punct,1232,flößte
1241,Den,der,DET,nk,1242,Knaben
1242,Knaben,Knabe,NOUN,da,1244,befahl
1243,",",--,PUNCT,punct,1244,befahl
1244,befahl,befehlen,VERB,ROOT,1244,befahl
1245,er,er,PRON,sb,1244,befahl
1246,",",--,PUNCT,punct,1244,befahl
1247,nur,nur,ADV,mo,1248,dicht
1248,dicht,dicht,ADV,mo,1244,befahl
1249,an,an,ADP,mo,1253,gelehnt
1250,der,der,DET,nk,1251,Mutter
1251,Mutter,Mutter,NOUN,nk,1249,an
1252,Brust,Brust,NOUN,nk,1251,Mutter
1253,gelehnt,gelehnen,VERB,ROOT,1253,gelehnt
1254,ins,in,ADP,mo,1257,legen
1255,Bette,Bette,NOUN,nk,1254,ins
1256,zu,zu,PART,pm,1257,legen
1257,legen,legen,VERB,oc,1253,gelehnt
1258,und,und,CCONJ,cd,1257,legen
1259,beide,beide,PRON,cj,1258,und
1260,der,der,DET,nk,1261,Ruhe
1261,Ruhe,Ruhe,NOUN,ag,1259,beide
1262,zu,zu,ADP,svp,1253,gelehnt
1263,überlassen,überlassen,VERB,ROOT,1263,überlassen
1264,.,--,PUNCT,punct,1263,überlassen
1265,Dem,der,DET,nk,1266,Andres
1266,Andres,Andr,NOUN,da,1267,war
1267,war,sein,AUX,ROOT,1267,war
1268,es,es,PRON,sb,1267,war
1269,zumute,zumute,ADV,mo,1267,war
1270,",",--,PUNCT,punct,1267,war
1271,als,als,SCONJ,cm,1272,sei
1272,sei,sein,AUX,cc,1269,zumute
1273,ein,ein,DET,nk,1274,Heiliger
1274,Heiliger,Heiliger,NOUN,sb,1275,herabgestiegen
1275,herabgestiegen,herabgestiegen,VERB,sb,1272,sei
1276,in,in,ADP,mo,1275,herabgestiegen
1277,die,der,DET,nk,1278,Einöde
1278,Einöde,Einöde,NOUN,ROOT,1278,Einöde
1279,",",--,PUNCT,punct,1278,Einöde
1280,ihm,ihm,PRON,da,1285,bringen
1281,Trost,Trost,NOUN,oa,1285,bringen
1282,und,und,CCONJ,cd,1281,Trost
1283,Hülfe,Hülfe,NOUN,cj,1282,und
1284,zu,zu,PART,pm,1285,bringen
1285,bringen,bringen,VERB,oc,1278,Einöde
1286,.,--,PUNCT,punct,1278,Einöde
1287,Anfangs,Anfangs,ADV,mo,1288,hatte
1288,hatte,haben,AUX,ROOT,1288,hatte
1289,ihn,ihn,PRON,oa,1288,hatte
1290,der,der,DET,nk,1291,stechende
1291,stechende,stechend,ADJ,sb,1288,hatte
1292,",",--,PUNCT,punct,1288,hatte
1293,falsche,falsch,ADJ,nk,1294,Blick
1294,Blick,Blick,NOUN,sb,1297,abgeschreckt
1295,des,der,DET,nk,1296,Fremden
1296,Fremden,fremde,NOUN,ag,1294,Blick
1297,abgeschreckt,abgeschrecken,VERB,mo,1300,wurde
1298,",",--,PUNCT,punct,1299,jetzt
1299,jetzt,jetzt,ADV,mo,1300,wurde
1300,wurde,werden,AUX,ROOT,1300,wurde
1301,er,er,PRON,sb,1300,wurde
1302,durch,durch,ADP,mo,1300,wurde
1303,die,der,DET,nk,1304,sorgliche
1304,sorgliche,sorglich,ADJ,nk,1302,durch
1305,Teilnahme,Teilnahme,NOUN,ROOT,1305,Teilnahme
1306,",",--,PUNCT,punct,1305,Teilnahme
1307,durch,durch,ADP,mo,1305,Teilnahme
1308,die,der,DET,nk,1310,Hülfe
1309,augenscheinliche,augenscheinlich,ADJ,nk,1310,Hülfe
1310,Hülfe,Hülfe,NOUN,nk,1307,durch
1311,",",--,PUNCT,punct,1310,Hülfe
1312,die,der,PRON,nk,1307,durch
1313,er,er,PRON,sb,1305,Teilnahme
1314,der,der,DET,nk,1316,Giorgina
1315,armen,arm,ADJ,nk,1316,Giorgina
1316,Giorgina,Giorgina,PROPN,ag,1313,er
1317,leistete,leisten,VERB,ROOT,1317,leistete
1318,",",--,PUNCT,punct,1321,hingezogen
1319,zu,zu,ADP,op,1321,hingezogen
1320,ihm,ihm,PRON,nk,1319,zu
1321,hingezogen,hinziehen,VERB,oc,1317,leistete
1322,.,--,PUNCT,punct,1317,leistete
1323,Er,er,PRON,sb,1324,erzählte
1324,erzählte,erzählen,VERB,ROOT,1324,erzählte
1325,dem,der,DET,nk,1326,Fremden
1326,Fremden,fremde,NOUN,da,1327,unverhohlen
1327,unverhohlen,unverhohlen,VERB,oc,1324,erzählte
1328,",",--,PUNCT,punct,1324,erzählte
1329,wie,wie,SCONJ,cm,1330,er
1330,er,er,PRON,mo,1324,erzählte
1331,eben,eben,ADV,mo,1330,er
1332,durch,durch,ADP,ROOT,1332,durch
1333,die,der,DET,nk,1334,Gnade
1334,Gnade,Gnade,NOUN,nk,1332,durch
1335,",",--,PUNCT,punct,1334,Gnade
1336,die,der,PRON,oa,1347,lassen
1337,ihm,ihm,PRON,da,1346,angedeihen
1338,sein,sein,DET,nk,1339,Herr
1339,Herr,Herr,NOUN,pd,1337,ihm
1340,",",--,PUNCT,punct,1339,Herr
1341,der,der,DET,nk,1342,Graf
1342,Graf,Graf,NOUN,app,1339,Herr
1343,von,von,ADP,pg,1342,Graf
1344,Vach,Vach,PROPN,nk,1343,von
1345,",",--,PUNCT,punct,1346,angedeihen
1346,angedeihen,angedeihen,VERB,oc,1347,lassen
1347,lassen,lassen,VERB,rc,1334,Gnade
1348,wollen,wollen,AUX,ROOT,1348,wollen
1349,",",--,PUNCT,punct,1348,wollen
1350,in,in,ADP,mo,1354,geraten
1351,Not,Not,NOUN,nk,1350,in
1352,und,und,CCONJ,cd,1351,Not
1353,Elend,Elend,NOUN,cj,1352,und
1354,geraten,geraten,VERB,oc,1355,sei
1355,sei,sein,AUX,oc,1348,wollen
1356,und,und,CCONJ,cd,1355,sei
1357,wie,wie,SCONJ,cm,1358,er
1358,er,er,PRON,mo,1356,und
1359,wohl,wohl,ADV,mo,1360,Zeit
1360,Zeit,Zeit,NOUN,oa,1363,nicht
1361,seines,sein,DET,nk,1362,Lebens
1362,Lebens,Leben,NOUN,ag,1360,Zeit
1363,nicht,nicht,PART,ng,1348,wollen
1364,aus,aus,ADP,mo,1369,kommen
1365,drückender,drückend,ADJ,nk,1366,Armut
1366,Armut,Armut,NOUN,nk,1364,aus
1367,und,und,CCONJ,cd,1366,Armut
1368,Dürftigkeit,Dürftigkeit,NOUN,cj,1367,und
1369,kommen,kommen,VERB,oc,1370,werde
1370,werde,werden,AUX,ROOT,1370,werde
1371,.,--,PUNCT,punct,1370,werde
1372,Der,der,DET,nk,1373,Fremde
1373,Fremde,Fremde,NOUN,sb,1374,tröstete
1374,tröstete,trösten,VERB,ROOT,1374,tröstete
1375,ihn,ihn,PRON,oa,1374,tröstete
1376,dagegen,dagegen,ADV,ROOT,1376,dagegen
1377,und,und,CCONJ,cd,1376,dagegen
1378,meinte,meinen,VERB,cj,1377,und
1379,",",--,PUNCT,punct,1378,meinte
1380,wie,wie,ADV,mo,1381,oft
1381,oft,oft,ADV,mo,1384,Glück
1382,ein,ein,DET,nk,1384,Glück
1383,unverhofftes,unverhofft,ADJ,nk,1384,Glück
1384,Glück,Glück,NOUN,oc,1378,meinte
1385,dem,der,DET,nk,1386,Hoffnungslosesten
1386,Hoffnungslosesten,hoffnungslosesten,NOUN,da,1384,Glück
1387,alle,aller,PRON,ROOT,1387,alle
1388,Güter,Gut,NOUN,sb,1391,bringe
1389,des,der,DET,nk,1390,Lebens
1390,Lebens,Leben,NOUN,ag,1388,Güter
1391,bringe,bringen,VERB,ROOT,1391,bringe
1392,",",--,PUNCT,punct,1391,bringe
1393,und,und,CCONJ,cd,1391,bringe
1394,daß,daß,SCONJ,cp,1399,müsse
1395,man,man,PRON,sb,1399,müsse
1396,wohl,wohl,ADV,mo,1399,müsse
1397,etwas,etwas,PRON,oa,1398,wagen
1398,wagen,wagen,VERB,oc,1399,müsse
1399,müsse,müssen,AUX,cj,1393,und
1400,",",--,PUNCT,punct,1399,müsse
1401,das,der,DET,nk,1402,Glück
1402,Glück,Glück,NOUN,app,1397,etwas
1403,selbst,selbst,ADV,mnr,1402,Glück
1404,sich,sich,PRON,oa,1407,machen
1405,dienstbar,dienstbar,ADV,mo,1407,machen
1406,zu,zu,PART,pm,1407,machen
1407,machen,machen,VERB,ROOT,1407,machen
1408,.,--,PUNCT,punct,1407,machen
1409,»,--,PUNCT,punct,1412,Herr
1410,Ach,ach,INTJ,nk,1412,Herr
1411,lieber,lieb,ADJ,nk,1412,Herr
1412,Herr,Herr,NOUN,ROOT,1412,Herr
1413,!,--,PUNCT,punct,1416,Andres
1414,«,--,PUNCT,punct,1416,Andres
1415,erwiderte,erwidert,ADJ,nk,1416,Andres
1416,Andres,Andr,NOUN,sb,1412,Herr
1417,",",--,PUNCT,punct,1416,Andres
1418,»,--,PUNCT,punct,1420,vertraue
1419,ich,ich,PRON,sb,1420,vertraue
1420,vertraue,vertrauen,VERB,rc,1416,Andres
1421,Gott,Gott,NOUN,ROOT,1421,Gott
1422,und,und,CCONJ,cd,1421,Gott
1423,der,der,DET,nk,1424,Fürsprache
1424,Fürsprache,Fürsprache,NOUN,cj,1422,und
1425,der,der,DET,nk,1426,Heiligen
1426,Heiligen,heilige,NOUN,ag,1424,Fürsprache
1427,",",--,PUNCT,punct,1426,Heiligen
1428,zu,zu,ADP,mo,1430,wir
1429,denen,der,PRON,nk,1428,zu
1430,wir,wir,PRON,ROOT,1430,wir
1431,",",--,PUNCT,punct,1430,wir
1432,ich,ich,PRON,app,1430,wir
1433,und,und,CCONJ,cd,1432,ich
1434,mein,mein,DET,nk,1436,Weib
1435,treues,treu,ADJ,nk,1436,Weib
1436,Weib,Weib,NOUN,cj,1433,und
1437,",",--,PUNCT,punct,1430,wir
1438,jeden,jeder,DET,nk,1439,Tag
1439,Tag,Tag,NOUN,mo,1442,beten
1440,mit,mit,ADP,mo,1442,beten
1441,Inbrunst,Inbrunst,NOUN,nk,1440,mit
1442,beten,beten,VERB,ROOT,1442,beten
1443,.,--,PUNCT,punct,1442,beten
1444,Was,was,PRON,oa,1448,tun
1445,soll,sollen,AUX,ROOT,1445,soll
1446,ich,ich,PRON,sb,1445,soll
1447,denn,denn,ADV,mo,1448,tun
1448,tun,tun,VERB,oc,1445,soll
1449,",",--,PUNCT,punct,1448,tun
1450,um,um,SCONJ,dep,1445,soll
1451,mir,mir,PRON,nk,1452,Geld
1452,Geld,Geld,NOUN,dep,1445,soll
1453,und,und,CCONJ,cd,1452,Geld
1454,Gut,gut,NOUN,cj,1453,und
1455,zu,zu,ADP,svp,1445,soll
1456,verschaffen,verschaffen,VERB,ROOT,1456,verschaffen
1457,?,--,PUNCT,punct,1456,verschaffen
1458,Ist,sein,AUX,re,1467,so
1459,es,es,PRON,sb,1458,Ist
1460,mir,mir,PRON,da,1465,beschieden
1461,nach,nach,ADP,mo,1465,beschieden
1462,Gottes,Gott,NOUN,ag,1463,Weisheit
1463,Weisheit,Weisheit,NOUN,nk,1461,nach
1464,nicht,nicht,PART,ng,1465,beschieden
1465,beschieden,bescheiden,VERB,oc,1458,Ist
1466,",",--,PUNCT,punct,1467,so
1467,so,so,ADV,mo,1468,wäre
1468,wäre,sein,AUX,ROOT,1468,wäre
1469,es,es,PRON,sb,1468,wäre
1470,ja,ja,ADV,mo,1468,wäre
1471,sündlich,Sündlich,ADV,mo,1477,soll
1472,",",--,PUNCT,punct,1471,sündlich
1473,darnach,darnach,ADV,mo,1475,trachten
1474,zu,zu,PART,pm,1475,trachten
1475,trachten,trachen,VERB,oc,1471,sündlich
1476,;,--,PUNCT,punct,1477,soll
1477,soll,sollen,AUX,ROOT,1477,soll
1478,ich,ich,PRON,sb,1477,soll
1479,aber,aber,ADV,mo,1477,soll
1480,noch,noch,ADV,mo,1481,in
1481,in,in,ADP,mo,1477,soll
1482,dieser,dieser,DET,nk,1483,Welt
1483,Welt,Welt,NOUN,nk,1481,in
1484,zu,zu,ADP,mo,1477,soll
1485,Gütern,Gut,NOUN,nk,1484,zu
1486,gelangen,gelangen,VERB,ROOT,1486,gelangen
1487,",",--,PUNCT,punct,1486,gelangen
1488,welches,welcher,PRON,oa,1494,wünsche
1489,ich,ich,PRON,sb,1494,wünsche
1490,meines,mein,DET,nk,1492,Weibes
1491,armen,arm,ADJ,nk,1492,Weibes
1492,Weibes,Weibe,NOUN,da,1494,wünsche
1493,halber,halber,ADV,mo,1494,wünsche
1494,wünsche,wünschen,VERB,rc,1497,ihr
1495,",",--,PUNCT,punct,1494,wünsche
1496,die,der,PRON,dep,1494,wünsche
1497,ihr,ihr,DET,nk,1498,schönes
1498,schönes,schön,ADJ,punct,1486,gelangen
1499,Vaterland,Vaterland,NOUN,oa,1500,verlassen
1500,verlassen,verlassen,VERB,re,1511,so
1501,",",--,PUNCT,punct,1500,verlassen
1502,um,um,SCONJ,cp,1509,folgen
1503,mir,mir,PRON,da,1509,folgen
1504,in,in,ADP,mo,1509,folgen
1505,diese,dieser,DET,nk,1507,Einöde
1506,wilde,wild,ADJ,nk,1507,Einöde
1507,Einöde,Einöde,NOUN,nk,1504,in
1508,zu,zu,PART,pm,1509,folgen
1509,folgen,folgen,VERB,mo,1500,verlassen
1510,",",--,PUNCT,punct,1511,so
1511,so,so,ADV,mo,1512,kommt
1512,kommt,kommen,VERB,ROOT,1512,kommt
1513,es,es,PRON,sb,1512,kommt
1514,wohl,wohl,ADV,mo,1512,kommt
1515,",",--,PUNCT,punct,1512,kommt
1516,ohne,ohne,ADP,ac,1522,wage
1517,daß,daß,SCONJ,cp,1522,wage
1518,ich,ich,PRON,sb,1522,wage
1519,Leib,Leib,NOUN,oa,1522,wage
1520,und,und,CCONJ,cd,1519,Leib
1521,Leben,Leben,NOUN,cj,1520,und
1522,wage,wagen,VERB,ROOT,1522,wage
1523,um,um,ADP,cp,1524,schnödes
1524,schnödes,schnöd,ADJ,mo,1522,wage
1525,",",--,PUNCT,punct,1524,schnödes
1526,weltliches,weltlich,ADJ,nk,1527,Gut
1527,Gut,Gut,NOUN,oa,1522,wage
1528,.,--,PUNCT,punct,1522,wage
1529,«,--,PUNCT,punct,1522,wage
1530,Der,der,DET,nk,1531,Fremde
1531,Fremde,Fremde,NOUN,ROOT,1531,Fremde
1532,lächelte,lächelen,VERB,ROOT,1532,lächelte
1533,bei,bei,ADP,mo,1532,lächelte
1534,diesen,dieser,DET,nk,1535,Reden
1535,Reden,Rede,NOUN,nk,1533,bei
1536,des,der,DET,nk,1538,Andres
1537,frommen,fromm,ADJ,nk,1538,Andres
1538,Andres,Andr,NOUN,ag,1535,Reden
1539,auf,auf,ADP,mo,1532,lächelte
1540,ganz,ganz,ADV,mo,1541,seltsame
1541,seltsame,seltsam,ADJ,nk,1542,Weise
1542,Weise,Weise,NOUN,nk,1539,auf
1543,und,und,CCONJ,cd,1532,lächelte
1544,war,sein,AUX,cj,1543,und
1545,im,in,ADP,mo,1544,war
1546,Begriff,Begriff,NOUN,ROOT,1546,Begriff
1547,",",--,PUNCT,punct,1546,Begriff
1548,etwas,etwas,PRON,oa,1550,erwidern
1549,zu,zu,PART,pm,1550,erwidern
1550,erwidern,erwidern,VERB,oc,1546,Begriff
1551,",",--,PUNCT,punct,1550,erwidern
1552,als,als,SCONJ,mo,1550,erwidern
1553,Giorgina,Giorgina,PROPN,nk,1552,als
1554,mit,mit,ADP,mo,1546,Begriff
1555,einem,ein,DET,nk,1557,Seufzer
1556,tiefen,tief,ADJ,nk,1557,Seufzer
1557,Seufzer,Seufzer,NOUN,nk,1554,mit
1558,aus,aus,ADP,mnr,1557,Seufzer
1559,dem,der,DET,nk,1558,aus
1560,Schlaf,Schlaf,NOUN,sb,1567,erwachte
1561,",",--,PUNCT,punct,1560,Schlaf
1562,in,in,ADP,mo,1565,versunken
1563,den,der,PRON,nk,1562,in
1564,sie,sie,PRON,sb,1565,versunken
1565,versunken,versunken,VERB,rc,1560,Schlaf
1566,",",--,PUNCT,punct,1567,erwachte
1567,erwachte,erwachen,VERB,ROOT,1567,erwachte
1568,.,--,PUNCT,punct,1567,erwachte
1569,Sie,sie,PRON,sb,1570,fühlte
1570,fühlte,fühlen,VERB,ROOT,1570,fühlte
1571,sich,sich,PRON,oa,1570,fühlte
1572,wunderbarlich,wunderbarlich,ADV,mo,1570,fühlte
1573,gestärkt,stärken,VERB,mo,1570,fühlte
1574,;,--,PUNCT,punct,1570,fühlte
1575,auch,auch,ADV,mo,1577,Knabe
1576,der,der,DET,nk,1577,Knabe
1577,Knabe,Knabe,NOUN,sb,1578,lächelte
1578,lächelte,lächelen,VERB,pnc,1579,hold
1579,hold,Hold,PROPN,ROOT,1579,hold
1580,und,und,CCONJ,cd,1579,hold
1581,lieblich,lieblich,ADV,mo,1582,an
1582,an,an,ADP,cj,1580,und
1583,ihrer,ihr,DET,nk,1584,Brust
1584,Brust,Brust,NOUN,nk,1582,an
1585,.,--,PUNCT,punct,1579,hold
1586,Andres,Andres,NOUN,sb,1587,war
1587,war,sein,AUX,ROOT,1587,war
1588,außer,außer,ADP,mo,1587,war
1589,sich,sich,PRON,nk,1588,außer
1590,vor,vor,ADP,ROOT,1590,vor
1591,Freude,Freude,NOUN,nk,1590,vor
1592,",",--,PUNCT,punct,1591,Freude
1593,er,er,PRON,sb,1594,weinte
1594,weinte,weinen,VERB,cj,1590,vor
1595,",",--,PUNCT,punct,1594,weinte
1596,er,er,PRON,sb,1597,betete
1597,betete,beten,VERB,oc,1594,weinte
1598,",",--,PUNCT,punct,1597,betete
1599,er,er,PRON,sb,1600,jubelte
1600,jubelte,jubeln,VERB,oc,1597,betete
1601,durch,durch,ADP,mo,1600,jubelte
1602,das,der,DET,nk,1603,Haus
1603,Haus,Haus,NOUN,nk,1601,durch
1604,.,--,PUNCT,punct,1590,vor
1605,Der,der,DET,nk,1606,Knecht
1606,Knecht,Knecht,NOUN,sb,1607,war
1607,war,sein,AUX,ROOT,1607,war
1608,indessen,indessen,ADV,mo,1609,zurückgekommen
1609,zurückgekommen,zurückgekommen,VERB,ROOT,1609,zurückgekommen
1610,und,und,CCONJ,cd,1609,zurückgekommen
1611,bereitete,bereiten,VERB,cj,1610,und
1612,",",--,PUNCT,punct,1613,so
1613,so,so,ADV,mo,1614,gut
1614,gut,gut,ADV,mo,1611,bereitete
1615,er,er,PRON,sb,1617,vermochte
1616,es,es,PRON,oa,1617,vermochte
1617,vermochte,vermochen,VERB,oc,1611,bereitete
1618,",",--,PUNCT,punct,1617,vermochte
1619,von,von,ADP,sbp,1609,zurückgekommen
1620,den,der,DET,nk,1619,von
1621,mitgebrachten,mitgebracht,ADJ,nk,1622,Lebensmitteln
1622,Lebensmitteln,Lebensmittel,NOUN,sb,1624,Mahl
1623,das,der,DET,nk,1624,Mahl
1624,Mahl,Mahl,NOUN,ROOT,1624,Mahl
1625,",",--,PUNCT,punct,1624,Mahl
1626,an,an,ADP,mo,1631,teilnehmen
1627,dem,der,PRON,nk,1626,an
1628,nun,nun,ADV,mo,1631,teilnehmen
1629,der,der,DET,nk,1630,Fremde
1630,Fremde,Fremde,NOUN,sb,1632,sollte
1631,teilnehmen,teilnehmen,VERB,oc,1632,sollte
1632,sollte,sollen,AUX,rc,1624,Mahl
1633,.,--,PUNCT,punct,1624,Mahl
1634,Der,der,DET,nk,1635,Fremde
1635,Fremde,Fremde,NOUN,sb,1636,kochte
1636,kochte,kochen,VERB,ROOT,1636,kochte
1637,selbst,selbst,ADV,mo,1639,Kraftsuppe
1638,eine,ein,DET,nk,1639,Kraftsuppe
1639,Kraftsuppe,Kraftsuppe,NOUN,oa,1636,kochte
1640,für,für,ADP,mnr,1639,Kraftsuppe
1641,Giorgina,Giorgina,PROPN,nk,1640,für
1642,",",--,PUNCT,punct,1636,kochte
1643,und,und,CCONJ,cd,1636,kochte
1644,man,man,PRON,sb,1645,sah
1645,sah,sehen,VERB,cj,1643,und
1646,",",--,PUNCT,punct,1645,sah
1647,daß,daß,SCONJ,cp,1648,er
1648,er,er,PRON,oc,1645,sah
1649,allerlei,allerlei,DET,nk,1650,Gewürz
1650,Gewürz,Gewürz,NOUN,sb,1654,hineinwarf
1651,und,und,CCONJ,cd,1650,Gewürz
1652,andere,anderer,ADJ,nk,1653,Ingredienzien
1653,Ingredienzien,Ingredienzie,NOUN,cj,1651,und
1654,hineinwarf,hineinwarf,VERB,ROOT,1654,hineinwarf
1655,",",--,PUNCT,punct,1654,hineinwarf
1656,die,der,PRON,oa,1660,getragen
1657,er,er,PRON,sb,1660,getragen
1658,bei,bei,ADP,mo,1660,getragen
1659,sich,sich,PRON,nk,1658,bei
1660,getragen,tragen,VERB,rc,1654,hineinwarf
1661,.,--,PUNCT,punct,1654,hineinwarf
1662,Es,es,PRON,sb,1663,war
1663,war,sein,AUX,ROOT,1663,war
1664,später,spät,ADV,mo,1663,war
1665,Abend,Abend,NOUN,pd,1663,war
1666,worden,werden,AUX,oc,1663,war
1667,",",--,PUNCT,punct,1663,war
1668,der,der,DET,nk,1669,Fremde
1669,Fremde,Fremde,NOUN,sb,1670,mußte
1670,mußte,müssen,AUX,cj,1663,war
1671,daher,daher,ADV,mo,1670,mußte
1672,bei,bei,ADP,mo,1675,übernachten
1673,dem,der,DET,nk,1674,Andres
1674,Andres,Andres,NOUN,nk,1672,bei
1675,übernachten,übernachten,VERB,oc,1670,mußte
1676,",",--,PUNCT,punct,1663,war
1677,und,und,CCONJ,ju,1679,bat
1678,er,er,PRON,sb,1679,bat
1679,bat,bitten,VERB,ROOT,1679,bat
1680,",",--,PUNCT,punct,1679,bat
1681,daß,daß,SCONJ,cp,1684,in
1682,man,man,PRON,sb,1684,in
1683,ihm,ihm,PRON,da,1684,in
1684,in,in,ADP,oc,1679,bat
1685,derselben,derselbe,DET,nk,1686,Stube
1686,Stube,Stube,NOUN,nk,1684,in
1687,",",--,PUNCT,punct,1686,Stube
1688,wo,wo,SCONJ,mo,1692,schliefen
1689,Andres,Andr,NOUN,sb,1692,schliefen
1690,und,und,CCONJ,cd,1689,Andres
1691,Giorgina,Giorgina,PROPN,cj,1690,und
1692,schliefen,schlafen,VERB,rc,1686,Stube
1693,",",--,PUNCT,punct,1684,in
1694,ein,ein,DET,nk,1695,Strohlager
1695,Strohlager,Strohlager,NOUN,sb,1697,möge
1696,bereiten,bereiten,VERB,oc,1697,möge
1697,möge,mögen,AUX,ROOT,1697,möge
1698,.,--,PUNCT,punct,1697,möge
1699,Das,der,PRON,sb,1700,geschah
1700,geschah,geschehen,VERB,ROOT,1700,geschah
1701,.,--,PUNCT,punct,1700,geschah
1702,Andres,Andres,PROPN,ROOT,1702,Andres
1703,",",--,PUNCT,punct,1702,Andres
1704,den,der,PRON,sb,1702,Andres
1705,die,der,DET,nk,1706,Besorgnis
1706,Besorgnis,Besorgnis,NOUN,cj,1702,Andres
1707,um,um,ADP,mnr,1706,Besorgnis
1708,Giorgina,Giorgina,PROPN,sb,1711,ließ
1709,nicht,nicht,PART,ng,1711,ließ
1710,schlafen,schlafen,VERB,oc,1711,ließ
1711,ließ,lassen,VERB,oc,1713,bemerkte
1712,",",--,PUNCT,punct,1713,bemerkte
1713,bemerkte,bemerken,VERB,ROOT,1713,bemerkte
1714,",",--,PUNCT,punct,1713,bemerkte
1715,wie,wie,SCONJ,cm,1717,Fremde
1716,der,der,DET,nk,1717,Fremde
1717,Fremde,Fremde,NOUN,mo,1713,bemerkte
1718,beinahe,beinahe,ADV,mo,1719,bei
1719,bei,bei,ADP,mnr,1717,Fremde
1720,jedem,jeder,PRON,nk,1719,bei
1721,stärkeren,stark,ADJ,nk,1722,Atemzuge
1722,Atemzuge,Atemzug,NOUN,sb,1724,auffuhr
1723,Giorginas,Giorgina,PROPN,ag,1722,Atemzuge
1724,auffuhr,Auffuhr,VERB,ROOT,1724,auffuhr
1725,",",--,PUNCT,punct,1724,auffuhr
1726,wie,wie,SCONJ,mo,1729,aufstand
1727,er,er,PRON,sb,1729,aufstand
1728,stündlich,stündlich,ADV,mo,1729,aufstand
1729,aufstand,aufstinden,VERB,cc,1724,auffuhr
1730,",",--,PUNCT,punct,1724,auffuhr
1731,leise,leise,VERB,oc,1724,auffuhr
1732,sich,sich,PRON,oa,1731,leise
1733,ihrem,ihr,DET,nk,1734,Bette
1734,Bette,Bette,NOUN,da,1735,näherte
1735,näherte,nähern,VERB,ROOT,1735,näherte
1736,",",--,PUNCT,punct,1735,näherte
1737,ihren,ihr,DET,nk,1738,Puls
1738,Puls,Puls,NOUN,oa,1739,erforschte
1739,erforschte,erforschen,VERB,cj,1735,näherte
1740,und,und,CCONJ,cd,1739,erforschte
1741,ihr,ihr,DET,nk,1742,Arznei
1742,Arznei,Arznei,NOUN,oa,1743,eintröpfelte
1743,eintröpfelte,eintröpfeln,VERB,cj,1740,und
1744,.,--,PUNCT,punct,1735,näherte
1745,Als,als,SCONJ,cp,1748,angebrochen
1746,der,der,DET,nk,1747,Morgen
1747,Morgen,Morgen,NOUN,sb,1748,angebrochen
1748,angebrochen,anbrechen,VERB,mo,1750,war
1749,",",--,PUNCT,punct,1750,war
1750,war,sein,AUX,ROOT,1750,war
1751,Giorgina,Giorgina,PROPN,sb,1750,war
1752,wieder,wieder,ADV,mo,1755,geworden
1753,zusehends,zusehends,ADV,mo,1755,geworden
1754,besser,gut,ADV,pd,1755,geworden
1755,geworden,werden,AUX,oc,1750,war
1756,.,--,PUNCT,punct,1750,war
1757,Andres,Andres,NOUN,sb,1758,dankte
1758,dankte,danken,VERB,ROOT,1758,dankte
1759,dem,der,DET,nk,1760,Fremden
1760,Fremden,fremde,NOUN,da,1758,dankte
1761,",",--,PUNCT,punct,1760,Fremden
1762,den,der,PRON,oa,1766,nannte
1763,er,er,PRON,sb,1766,nannte
1764,seinen,sein,DET,nk,1765,Schutzengel
1765,Schutzengel,Schutzengel,NOUN,oa,1766,nannte
1766,nannte,nennen,VERB,rc,1760,Fremden
1767,",",--,PUNCT,punct,1758,dankte
1768,aus,aus,ADP,mo,1758,dankte
1769,der,der,DET,nk,1770,Fülle
1770,Fülle,Fülle,NOUN,nk,1768,aus
1771,seines,sein,DET,nk,1772,Herzens
1772,Herzens,Herzens,NOUN,ROOT,1772,Herzens
1773,.,--,PUNCT,ROOT,1773,.
1774,Auch,auch,ADV,mo,1775,Giorgina
1775,Giorgina,Giorgina,PROPN,sb,1776,äußerte
1776,äußerte,äußern,VERB,ROOT,1776,äußerte
1777,",",--,PUNCT,punct,1776,äußerte
1778,wie,wie,SCONJ,mo,1784,inbrünstiges
1779,ihn,ihn,PRON,oa,1784,inbrünstiges
1780,wohl,wohl,ADV,mnr,1779,ihn
1781,",",--,PUNCT,punct,1780,wohl
1782,auf,auf,ADP,mo,1784,inbrünstiges
1783,ihr,ihr,PRON,nk,1782,auf
1784,inbrünstiges,inbrünstig,ADJ,oc,1776,äußerte
1785,Gebet,Gebet,NOUN,sb,1790,habe
1786,",",--,PUNCT,punct,1785,Gebet
1787,Gott,Gott,NOUN,app,1785,Gebet
1788,selbst,selbst,ADV,mnr,1787,Gott
1789,gesendet,senden,VERB,par,1785,Gebet
1790,habe,haben,AUX,ROOT,1790,habe
1791,zu,zu,ADP,mo,1790,habe
1792,ihrer,ihr,DET,nk,1793,Rettung
1793,Rettung,Rettung,NOUN,nk,1791,zu
1794,.,--,PUNCT,punct,1790,habe
1795,Dem,der,DET,nk,1796,Fremden
1796,Fremden,fremde,NOUN,da,1797,schienen
1797,schienen,scheinen,VERB,ROOT,1797,schienen
1798,diese,dieser,PRON,sb,1797,schienen
1799,lebhaften,lebhaft,ADJ,nk,1800,Ausbrüche
1800,Ausbrüche,Ausbrüche,NOUN,ROOT,1800,Ausbrüche
1801,des,der,DET,nk,1802,Danks
1802,Danks,Dank,NOUN,ag,1800,Ausbrüche
1803,in,in,ADP,mo,1808,fallen
1804,gewisser,gewiß,ADJ,nk,1805,Art
1805,Art,Art,NOUN,nk,1803,in
1806,beschwerlich,beschwerlich,ADV,mo,1808,fallen
1807,zu,zu,PART,pm,1808,fallen
1808,fallen,fallen,VERB,oc,1800,Ausbrüche
1809,;,--,PUNCT,punct,1800,Ausbrüche
1810,er,er,PRON,sb,1811,war
1811,war,sein,AUX,ROOT,1811,war
1812,sichtlich,sichtlich,ADV,mo,1813,verlegen
1813,verlegen,verlegen,ADV,ROOT,1813,verlegen
1814,und,und,CCONJ,cd,1813,verlegen
1815,äußerte,äußern,VERB,cj,1814,und
1816,ein,ein,DET,nk,1817,Mal
1817,Mal,Mal,NOUN,oa,1815,äußerte
1818,über,über,ADP,mnr,1817,Mal
1819,das,der,DET,nk,1820,andere
1820,andere,anderer,PRON,nk,1818,über
1821,",",--,PUNCT,punct,1820,andere
1822,wie,wie,SCONJ,cm,1823,er
1823,er,er,PRON,cc,1820,andere
1824,ja,ja,ADV,mo,1823,er
1825,ein,ein,DET,nk,1826,Unmensch
1826,Unmensch,Unmensch,NOUN,oa,1815,äußerte
1827,sein,sein,AUX,oc,1828,müsse
1828,müsse,müssen,AUX,ROOT,1828,müsse
1829,",",--,PUNCT,punct,1828,müsse
1830,wenn,wenn,SCONJ,cp,1834,Kranken
1831,er,er,PRON,sb,1834,Kranken
1832,nicht,nicht,PART,ng,1834,Kranken
1833,der,der,DET,nk,1834,Kranken
1834,Kranken,kranke,NOUN,mo,1827,sein
1835,mit,mit,ADP,mnr,1834,Kranken
1836,seiner,sein,DET,nk,1837,Kenntnis
1837,Kenntnis,Kenntnis,NOUN,nk,1835,mit
1838,und,und,CCONJ,cd,1837,Kenntnis
1839,den,der,DET,cj,1838,und
1840,Arzneimitteln,Arzneimittel,NOUN,sb,1848,habe
1841,",",--,PUNCT,punct,1840,Arzneimitteln
1842,die,der,PRON,oa,1846,führe
1843,er,er,PRON,sb,1846,führe
1844,bei,bei,ADP,mo,1846,führe
1845,sich,sich,PRON,nk,1844,bei
1846,führe,führen,VERB,rc,1840,Arzneimitteln
1847,",",--,PUNCT,punct,1848,habe
1848,habe,haben,AUX,ROOT,1848,habe
1849,beistehen,beistehen,VERB,oc,1850,sollen
1850,sollen,sollen,AUX,oc,1848,habe
1851,.,--,PUNCT,punct,1848,habe
1852,Übrigens,übrigens,ADV,mo,1853,sei
1853,sei,sein,AUX,ROOT,1853,sei
1854,nicht,nicht,PART,ng,1853,sei
1855,Andres,Andr,NOUN,sb,1861,verpflichtet
1856,",",--,PUNCT,punct,1855,Andres
1857,sondern,sondern,CCONJ,cd,1855,Andres
1858,er,er,PRON,cj,1857,sondern
1859,zum,zu,ADP,op,1861,verpflichtet
1860,Dank,Dank,NOUN,nk,1859,zum
1861,verpflichtet,verpflichten,VERB,ROOT,1861,verpflichtet
1862,",",--,PUNCT,punct,1861,verpflichtet
1863,da,da,SCONJ,cp,1869,unerachtet
1864,man,man,PRON,sb,1869,unerachtet
1865,ihn,ihn,PRON,oa,1869,unerachtet
1866,",",--,PUNCT,punct,1865,ihn
1867,der,der,DET,nk,1868,Not
1868,Not,Not,NOUN,da,1869,unerachtet
1869,unerachtet,unerachten,VERB,mo,1861,verpflichtet
1870,",",--,PUNCT,punct,1869,unerachtet
1871,die,der,PRON,oa,1861,verpflichtet
1872,im,in,ADP,mo,1874,herrsche
1873,Hause,Haus,NOUN,nk,1872,im
1874,herrsche,herrschen,VERB,ROOT,1874,herrsche
1875,",",--,PUNCT,punct,1876,so
1876,so,so,ADV,mo,1878,aufgenommen
1877,gastlich,gastlich,ADV,mo,1878,aufgenommen
1878,aufgenommen,aufnehmen,VERB,mo,1874,herrsche
1879,",",--,PUNCT,punct,1874,herrsche
1880,und,und,CCONJ,cd,1874,herrsche
1881,er,er,PRON,sb,1882,wolle
1882,wolle,wollen,AUX,cj,1880,und
1883,auch,auch,ADV,mo,1882,wolle
1884,keineswegs,keineswegs,ADV,mo,1882,wolle
1885,diese,dieser,PRON,punct,1874,herrsche
1886,Pflicht,Pflicht,NOUN,sb,1888,lassen
1887,unerfüllt,unerfüllt,ADV,mo,1888,lassen
1888,lassen,lassen,VERB,ROOT,1888,lassen
1889,.,--,PUNCT,punct,1888,lassen
1890,Er,er,PRON,sb,1891,zog
1891,zog,ziehen,VERB,ROOT,1891,zog
1892,einen,ein,DET,nk,1894,Beutel
1893,wohlgefüllten,wohlgefüllt,ADJ,nk,1894,Beutel
1894,Beutel,Beutel,NOUN,oa,1891,zog
1895,hervor,hervor,ADV,svp,1891,zog
1896,und,und,CCONJ,cd,1891,zog
1897,nahm,nehmen,VERB,cj,1896,und
1898,einige,einiger,DET,nk,1899,Goldstücke
1899,Goldstücke,Goldstück,NOUN,ROOT,1899,Goldstücke
1900,heraus,heraus,ADV,svp,1899,Goldstücke
1901,",",--,PUNCT,punct,1899,Goldstücke
1902,die,der,PRON,oa,1906,hinreichte
1903,er,er,PRON,sb,1906,hinreichte
1904,dem,der,DET,nk,1905,Andres
1905,Andres,Andr,NOUN,da,1906,hinreichte
1906,hinreichte,hinreichen,VERB,rc,1899,Goldstücke
1907,.,--,PUNCT,punct,1899,Goldstücke
1908,»,--,PUNCT,punct,1909,Ei
1909,Ei,Ei,X,oc,1913,sagte
1910,Herr,Herr,NOUN,nk,1909,Ei
1911,«,--,PUNCT,punct,1909,Ei
1912,",",--,PUNCT,punct,1913,sagte
1913,sagte,sagen,VERB,ROOT,1913,sagte
1914,Andres,Andr,NOUN,ROOT,1914,Andres
1915,",",--,PUNCT,punct,1914,Andres
1916,»,--,PUNCT,punct,1920,sollte
1917,wie,wie,ADV,mo,1920,sollte
1918,und,und,CCONJ,ju,1920,sollte
1919,wofür,wofür,ADV,mo,1920,sollte
1920,sollte,sollen,AUX,sb,1914,Andres
1921,ich,ich,PRON,sb,1920,sollte
1922,denn,denn,ADV,mo,1920,sollte
1923,so,so,ADV,mo,1924,vieles
1924,vieles,viel,ADJ,nk,1925,Geld
1925,Geld,Geld,NOUN,oa,1928,annehmen
1926,von,von,ADP,mo,1928,annehmen
1927,Euch,euch,PRON,nk,1926,von
1928,annehmen,annehmen,VERB,oc,1920,sollte
1929,?,--,PUNCT,punct,1914,Andres
1930,Euch,euch,PRON,ROOT,1930,Euch
1931,in,in,ADP,mo,1935,beherbergen
1932,meinem,mein,DET,nk,1933,Hause
1933,Hause,Haus,NOUN,nk,1931,in
1934,zu,zu,PART,pm,1935,beherbergen
1935,beherbergen,beherbergen,VERB,ROOT,1935,beherbergen
1936,",",--,PUNCT,punct,1935,beherbergen
1937,da,da,SCONJ,cp,1939,Euch
1938,Ihr,ihr,PRON,nk,1939,Euch
1939,Euch,euch,PRON,oa,1935,beherbergen
1940,in,in,ADP,mnr,1939,Euch
1941,dem,der,DET,nk,1944,Forst
1942,wilden,wild,ADJ,nk,1944,Forst
1943,weitläufigen,weitläufig,ADJ,nk,1944,Forst
1944,Forst,Forst,NOUN,nk,1940,in
1945,verirrt,verirren,VERB,oc,1946,hattet
1946,hattet,hatten,VERB,re,1948,das
1947,",",--,PUNCT,punct,1948,das
1948,das,der,PRON,sb,1949,war
1949,war,sein,AUX,ROOT,1949,war
1950,ja,ja,ADV,mo,1949,war
1951,Christenpflicht,Christenpflicht,NOUN,pd,1949,war
1952,",",--,PUNCT,punct,1949,war
1953,und,und,CCONJ,cd,1949,war
1954,dünkte,dünken,VERB,cj,1953,und
1955,Euch,euch,PRON,da,1954,dünkte
1956,das,der,PRON,oa,1954,dünkte
1957,irgend,irgend,ADV,mo,1954,dünkte
1958,eines,ein,DET,oa,1954,dünkte
1959,Dankes,Dank,PROPN,oa,1960,wert
1960,wert,wert,ADV,re,1962,so
1961,",",--,PUNCT,punct,1962,so
1962,so,so,ADV,mo,1963,habt
1963,habt,haben,AUX,ROOT,1963,habt
1964,Ihr,ihr,PRON,sb,1963,habt
1965,mich,sich,PRON,oa,1963,habt
1966,ja,ja,ADV,mo,1963,habt
1967,überreich,überreich,ADV,mo,1963,habt
1968,",",--,PUNCT,punct,1967,überreich
1969,ja,ja,ADV,cj,1967,überreich
1970,mehr,mehr,ADV,mo,1969,ja
1971,",",--,PUNCT,punct,1967,überreich
1972,als,als,SCONJ,cm,1976,mit
1973,ich,ich,PRON,sb,1976,mit
1974,es,es,PRON,oa,1976,mit
1975,nur,nur,ADV,mo,1976,mit
1976,mit,mit,ADP,cc,1967,überreich
1977,Worten,Wort,NOUN,nk,1976,mit
1978,sagen,sagen,VERB,oc,1979,mag
1979,mag,mögen,AUX,re,1981,dadurch
1980,",",--,PUNCT,punct,1981,dadurch
1981,dadurch,dadurch,ADV,mo,1982,belohnt
1982,belohnt,belohnen,VERB,ROOT,1982,belohnt
1983,",",--,PUNCT,punct,1982,belohnt
1984,daß,daß,SCONJ,cp,1985,Ihr
1985,Ihr,ihr,PRON,sb,1982,belohnt
1986,als,als,ADP,mnr,1985,Ihr
1987,ein,ein,DET,nk,1990,Mann
1988,weiser,weis,ADJ,nk,1990,Mann
1989,kunsterfahrner,kunsterfahrn,ADJ,cj,1988,weiser
1990,Mann,Mann,NOUN,nk,1986,als
1991,mein,mein,AUX,oa,1982,belohnt
1992,liebes,liebe,PROPN,ag,1993,Weib
1993,Weib,Weib,NOUN,ROOT,1993,Weib
1994,vom,von,ADP,mnr,1993,Weib
1995,augenscheinlichen,augenscheinlich,ADJ,nk,1996,Tode
1996,Tode,Tod,NOUN,nk,1994,vom
1997,rettetet,retteten,VERB,oc,1993,Weib
1998,.,--,PUNCT,punct,1993,Weib
1999,Ach,ach,INTJ,pnc,2000,Herr
2000,Herr,Herr,NOUN,ROOT,2000,Herr
2001,!,--,PUNCT,punct,2000,Herr
2002,was,was,PRON,ROOT,2002,was
2003,Ihr,ihr,PRON,ROOT,2003,Ihr
2004,an,an,ADP,mnr,2003,Ihr
2005,mir,mir,PRON,nk,2004,an
2006,getan,tun,VERB,mo,2013,vergessen
2007,",",--,PUNCT,punct,2008,werde
2008,werde,werden,AUX,ROOT,2008,werde
2009,ich,ich,PRON,sb,2008,werde
2010,Euch,euch,PRON,oa,2013,vergessen
2011,ewiglich,ewiglich,ADV,mo,2013,vergessen
2012,nicht,nicht,PART,ng,2013,vergessen
2013,vergessen,vergessen,VERB,oc,2008,werde
2014,",",--,PUNCT,punct,2013,vergessen
2015,und,und,CCONJ,cd,2008,werde
2016,Gott,Gott,NOUN,oa,2020,verleihen
2017,möge,mögen,AUX,cj,2015,und
2018,es,es,PRON,oa,2020,verleihen
2019,mir,mir,PRON,da,2020,verleihen
2020,verleihen,verleihen,VERB,oc,2017,möge
2021,",",--,PUNCT,punct,2017,möge
2022,daß,daß,SCONJ,cp,2034,könne
2023,ich,ich,PRON,sb,2034,könne
2024,die,der,DET,nk,2026,Tat
2025,edle,edl,ADJ,nk,2026,Tat
2026,Tat,Tat,NOUN,oa,2033,lohnen
2027,Euch,euch,PRON,oa,2033,lohnen
2028,mit,mit,ADP,mo,2033,lohnen
2029,meinem,mein,DET,nk,2030,Leben
2030,Leben,Leben,NOUN,nk,2028,mit
2031,und,und,CCONJ,cd,2030,Leben
2032,Blut,Blut,NOUN,cj,2031,und
2033,lohnen,lohnen,VERB,oc,2034,könne
2034,könne,können,AUX,ROOT,2034,könne
2035,.,--,PUNCT,punct,2034,könne
2036,«,--,PUNCT,punct,2034,könne
2037,Bei,bei,ADP,ROOT,2037,Bei
2038,diesen,dieser,PRON,nk,2037,Bei
2039,Worten,Wort,NOUN,oa,2043,fuhr
2040,des,der,DET,nk,2042,Andres
2041,wackern,wackern,ADJ,nk,2042,Andres
2042,Andres,Andr,NOUN,ag,2039,Worten
2043,fuhr,fahren,VERB,ROOT,2043,fuhr
2044,es,es,PRON,sb,2043,fuhr
2045,wie,wie,ADP,cm,2049,Blitz
2046,ein,ein,DET,nk,2049,Blitz
2047,rascher,rasch,ADJ,mo,2048,funkelnder
2048,funkelnder,funkelnd,ADJ,nk,2049,Blitz
2049,Blitz,Blitz,NOUN,mo,2043,fuhr
2050,aus,aus,ADP,mnr,2049,Blitz
2051,den,der,DET,punct,2043,fuhr
2052,Augen,Auge,NOUN,ROOT,2052,Augen
2053,des,der,DET,nk,2054,Fremden
2054,Fremden,fremde,NOUN,ag,2052,Augen
2055,.,--,PUNCT,punct,2052,Augen
2056,»,--,PUNCT,punct,2058,müßt
2057,Ihr,ihr,PRON,sb,2058,müßt
2058,müßt,müßen,VERB,oc,2064,sprach
2059,",",--,PUNCT,punct,2058,müßt
2060,braver,brav,ADJ,nk,2061,Mann
2061,Mann,Mann,NOUN,oa,2058,müßt
2062,«,--,PUNCT,punct,2058,müßt
2063,",",--,PUNCT,punct,2064,sprach
2064,sprach,sprechen,VERB,ROOT,2064,sprach
2065,er,er,PRON,sb,2064,sprach
2066,",",--,PUNCT,punct,2064,sprach
2067,»,--,PUNCT,punct,2064,sprach
2068,durchaus,durchaus,ADV,mo,2064,sprach
2069,das,der,DET,nk,2070,Geld
2070,Geld,Geld,NOUN,oa,2064,sprach
2071,annehmen,annehmen,VERB,ROOT,2071,annehmen
2072,.,--,PUNCT,punct,2071,annehmen
2073,Ihr,ihr,PRON,sb,2074,seid
2074,seid,sein,AUX,ROOT,2074,seid
2075,das,der,PRON,sb,2074,seid
2076,schon,schon,ADV,mo,2074,seid
2077,Euerm,Euern,ADP,nk,2078,Weibe
2078,Weibe,Weibe,NOUN,da,2079,schuldig
2079,schuldig,schuldig,ADV,pd,2074,seid
2080,",",--,PUNCT,punct,2079,schuldig
2081,der,der,PRON,oa,2084,bessere
2082,Ihr,ihr,PRON,oa,2084,bessere
2083,damit,damit,ADV,op,2084,bessere
2084,bessere,gut,ADJ,cj,2074,seid
2085,Nahrungsmittel,Nahrungsmittel,NOUN,sb,2089,könnt
2086,und,und,CCONJ,cd,2085,Nahrungsmittel
2087,Pflege,Pflege,NOUN,cj,2086,und
2088,verschaffen,verschaffen,VERB,oc,2089,könnt
2089,könnt,können,ADV,ROOT,2089,könnt
2090,;,--,PUNCT,punct,2089,könnt
2091,denn,denn,CCONJ,ju,2093,bedarf
2092,dieser,dieser,PRON,sb,2093,bedarf
2093,bedarf,bedürfen,VERB,ROOT,2093,bedarf
2094,sie,sie,PRON,sb,2093,bedarf
2095,nunmehro,Nunmehro,PROPN,og,2093,bedarf
2096,",",--,PUNCT,punct,2093,bedarf
2097,um,um,SCONJ,cp,2104,zurückzufallen
2098,nicht,nicht,PART,ng,2099,wieder
2099,wieder,wieder,ADV,mo,2104,zurückzufallen
2100,in,in,ADP,mo,2104,zurückzufallen
2101,ihren,ihr,DET,nk,2103,Zustand
2102,vorigen,vorig,ADJ,nk,2103,Zustand
2103,Zustand,Zustand,NOUN,nk,2100,in
2104,zurückzufallen,zurückzufallen,VERB,ROOT,2104,zurückzufallen
2105,",",--,PUNCT,punct,2104,zurückzufallen
2106,und,und,CCONJ,cd,2104,zurückzufallen
2107,Euerm,Euerm,PROPN,pnc,2108,Knaben
2108,Knaben,Knaben,NOUN,cj,2106,und
2109,Nahrung,Nahrung,NOUN,oa,2110,geben
2110,geben,geben,VERB,oc,2112,können
2111,zu,zu,PART,pm,2112,können
2112,können,können,AUX,ROOT,2112,können
2113,.,--,PUNCT,punct,2112,können
2114,«,--,PUNCT,punct,2112,können
2115,-,--,PUNCT,punct,2118,Herr
2116,»,--,PUNCT,punct,2118,Herr
2117,Ach,ach,INTJ,pnc,2118,Herr
2118,Herr,Herr,NOUN,oc,2121,erwiderte
2119,«,--,PUNCT,punct,2118,Herr
2120,",",--,PUNCT,punct,2121,erwiderte
2121,erwiderte,erwidern,VERB,ROOT,2121,erwiderte
2122,Andres,Andr,NOUN,sb,2121,erwiderte
2123,",",--,PUNCT,punct,2121,erwiderte
2124,»,--,PUNCT,punct,2125,verzeiht
2125,verzeiht,verzeihen,VERB,oc,2121,erwiderte
2126,es,es,PRON,sb,2125,verzeiht
2127,",",--,PUNCT,punct,2125,verzeiht
2128,aber,aber,CCONJ,cd,2125,verzeiht
2129,eine,ein,DET,nk,2131,Stimme
2130,innere,innerer,ADJ,nk,2131,Stimme
2131,Stimme,Stimme,NOUN,sb,2132,sagt
2132,sagt,sagen,VERB,ROOT,2132,sagt
2133,mir,mir,PRON,da,2132,sagt
2134,",",--,PUNCT,punct,2132,sagt
2135,daß,daß,SCONJ,cp,2142,darf
2136,ich,ich,PRON,sb,2142,darf
2137,Euer,Euer,ADV,mo,2138,unverdientes
2138,unverdientes,unverdient,ADJ,nk,2139,Geld
2139,Geld,Geld,NOUN,oa,2141,nehmen
2140,nicht,nicht,PART,ng,2142,darf
2141,nehmen,nehmen,VERB,oc,2142,darf
2142,darf,dürfen,AUX,oc,2132,sagt
2143,.,--,PUNCT,punct,2132,sagt
2144,Diese,dieser,DET,nk,2146,Stimme
2145,innere,innerer,ADJ,nk,2146,Stimme
2146,Stimme,Stimme,NOUN,ROOT,2146,Stimme
2147,",",--,PUNCT,punct,2146,Stimme
2148,der,der,PRON,dep,2146,Stimme
2149,ich,ich,PRON,cj,2146,Stimme
2150,",",--,PUNCT,punct,2149,ich
2151,wie,wie,SCONJ,cm,2154,Eingebung
2152,der,der,DET,nk,2154,Eingebung
2153,höhern,höhern,ADJ,nk,2154,Eingebung
2154,Eingebung,Eingebung,NOUN,mo,2150,","
2155,meines,mein,DET,nk,2156,Schutzheiligen
2156,Schutzheiligen,Schutzheilig,NOUN,ag,2154,Eingebung
2157,",",--,PUNCT,punct,2146,Stimme
2158,immer,immer,ADV,mo,2159,vertraut
2159,vertraut,vertraut,ADV,mo,2168,geführt
2160,",",--,PUNCT,punct,2161,hat
2161,hat,haben,AUX,ROOT,2161,hat
2162,mich,mich,PRON,oa,2168,geführt
2163,bisher,bisher,ADV,mo,2168,geführt
2164,sicher,sicher,ADV,mo,2168,geführt
2165,durch,durch,ADP,mo,2168,geführt
2166,das,der,DET,nk,2167,Leben
2167,Leben,Leben,NOUN,nk,2165,durch
2168,geführt,führen,VERB,oc,2161,hat
2169,und,und,CCONJ,cd,2168,geführt
2170,mich,mich,PRON,cj,2169,und
2171,beschützt,beschützen,VERB,ROOT,2171,beschützt
2172,vor,vor,ADP,mo,2171,beschützt
2173,allen,aller,DET,nk,2174,Gefahren
2174,Gefahren,Gefahr,NOUN,nk,2172,vor
2175,des,der,DET,nk,2176,Leibes
2176,Leibes,Leib,NOUN,ag,2174,Gefahren
2177,und,und,CCONJ,cd,2176,Leibes
2178,der,der,DET,nk,2179,Seele
2179,Seele,Seele,NOUN,cj,2177,und
2180,.,--,PUNCT,punct,2171,beschützt
2181,Wollt,wollen,VERB,ROOT,2181,Wollt
2182,Ihr,ihr,PRON,sb,2181,Wollt
2183,großmütig,großmütig,ADV,oc,2181,Wollt
2184,handeln,handeln,VERB,sb,2191,tun
2185,und,und,CCONJ,cd,2184,handeln
2186,an,an,ADP,cj,2185,und
2187,mir,mir,PRON,nk,2188,Armen
2188,Armen,arme,NOUN,nk,2186,an
2189,ein,ein,DET,nk,2190,übriges
2190,übriges,übrig,ADJ,oa,2191,tun
2191,tun,tun,VERB,re,2193,so
2192,",",--,PUNCT,punct,2193,so
2193,so,so,ADV,mo,2194,laßt
2194,laßt,lassen,VERB,ROOT,2194,laßt
2195,mir,mir,PRON,da,2194,laßt
2196,ein,ein,DET,nk,2197,Fläschlein
2197,Fläschlein,Fläschlein,NOUN,sb,2194,laßt
2198,von,von,ADP,pg,2197,Fläschlein
2199,Eurer,Eurer,PROPN,nk,2198,von
2200,wundervollen,wundervoll,ADJ,nk,2201,Arznei
2201,Arznei,Arznei,NOUN,ROOT,2201,Arznei
2202,zurück,zurück,ADV,mo,2201,Arznei
2203,",",--,PUNCT,punct,2201,Arznei
2204,damit,damit,SCONJ,cp,2211,genese
2205,durch,durch,ADP,mo,2211,genese
2206,ihre,ihr,DET,nk,2207,Kraft
2207,Kraft,Kraft,NOUN,nk,2205,durch
2208,mein,mein,DET,nk,2209,Weib
2209,Weib,Weib,NOUN,sb,2211,genese
2210,ganz,ganz,ADV,mo,2211,genese
2211,genese,genes,VERB,mo,2201,Arznei
2212,.,--,PUNCT,punct,2201,Arznei
2213,«,--,PUNCT,ROOT,2213,«
2214,Giorgina,Giorgina,PROPN,sb,2215,richtete
2215,richtete,richten,VERB,ROOT,2215,richtete
2216,sich,sich,PRON,oa,2215,richtete
2217,im,in,ADP,mo,2215,richtete
2218,Bette,Bett,NOUN,nk,2217,im
2219,auf,auf,ADP,svp,2215,richtete
2220,",",--,PUNCT,punct,2215,richtete
2221,und,und,CCONJ,cd,2215,richtete
2222,der,der,DET,nk,2225,Blick
2223,schmerzvolle,schmerzvoll,ADJ,nk,2225,Blick
2224,wehmütige,wehmütig,ADJ,nk,2225,Blick
2225,Blick,Blick,NOUN,cj,2221,und
2226,",",--,PUNCT,punct,2225,Blick
2227,den,der,PRON,dep,2215,richtete
2228,sie,sie,PRON,sb,2231,warf
2229,auf,auf,ADP,mo,2231,warf
2230,Andres,Andres,NOUN,nk,2229,auf
2231,warf,werfen,VERB,sb,2233,schien
2232,",",--,PUNCT,punct,2233,schien
2233,schien,scheinen,VERB,ROOT,2233,schien
2234,ihn,ihn,PRON,oa,2235,anzusehen
2235,anzusehen,ansehen,VERB,oc,2233,schien
2236,",",--,PUNCT,punct,2233,schien
2237,diesmal,diesmal,ADV,mo,2240,strenge
2238,nicht,nicht,PART,ng,2240,strenge
2239,so,so,ADV,mo,2240,strenge
2240,strenge,strenge,ADV,mo,2233,schien
2241,auf,auf,ADP,mo,2240,strenge
2242,sein,sein,AUX,nk,2241,auf
2243,inneres,innerer,ADJ,nk,2244,Widerstreben
2244,Widerstreben,widerstreben,NOUN,oa,2246,achten
2245,zu,zu,PART,pm,2246,achten
2246,achten,achten,VERB,ROOT,2246,achten
2247,",",--,PUNCT,punct,2246,achten
2248,sondern,sondern,CCONJ,cd,2246,achten
2249,die,der,DET,nk,2250,Gabe
2250,Gabe,Gabe,NOUN,cj,2248,sondern
2251,des,der,DET,nk,2253,Mannes
2252,mildtätigen,mildtätig,ADJ,nk,2253,Mannes
2253,Mannes,Mann,NOUN,ag,2250,Gabe
2254,anzunehmen,annehmen,VERB,ROOT,2254,anzunehmen
2255,.,--,PUNCT,punct,2254,anzunehmen
2256,Der,der,DET,nk,2257,Fremde
2257,Fremde,Fremde,NOUN,sb,2258,bemerkte
2258,bemerkte,bemerken,VERB,ROOT,2258,bemerkte
2259,das,der,PRON,oa,2258,bemerkte
2260,und,und,CCONJ,cd,2258,bemerkte
2261,sprach,sprechen,VERB,cj,2260,und
2262,:,--,PUNCT,punct,2261,sprach
2263,»,--,PUNCT,punct,2258,bemerkte
2264,Nun,nun,ADV,mo,2266,Ihr
2265,wenn,wenn,SCONJ,mo,2264,Nun
2266,Ihr,ihr,PRON,ROOT,2266,Ihr
2267,denn,denn,ADV,mo,2266,Ihr
2268,durchaus,durchaus,ADV,mo,2266,Ihr
2269,mein,mein,DET,nk,2270,Geld
2270,Geld,Geld,NOUN,oa,2272,annehmen
2271,nicht,nicht,PART,ng,2273,wollt
2272,annehmen,annehmen,VERB,oc,2273,wollt
2273,wollt,wollen,AUX,re,2275,so
2274,",",--,PUNCT,punct,2275,so
2275,so,so,ADV,mo,2276,schenke
2276,schenke,schenken,VERB,ROOT,2276,schenke
2277,ich,ich,PRON,sb,2276,schenke
2278,es,es,PRON,oa,2276,schenke
2279,Euerm,Euerm,DET,da,2276,schenke
2280,lieben,lieb,ADJ,nk,2281,Weibe
2281,Weibe,Weibe,NOUN,oa,2276,schenke
2282,",",--,PUNCT,punct,2281,Weibe
2283,die,der,PRON,dep,2276,schenke
2284,meinen,meinen,DET,ROOT,2284,meinen
2285,guten,gut,ADJ,nk,2286,Willen
2286,Willen,Wille,NOUN,oa,2284,meinen
2287,",",--,PUNCT,punct,2284,meinen
2288,Euch,euch,PRON,oa,2294,retten
2289,aus,aus,ADP,mo,2294,retten
2290,der,der,DET,nk,2292,Not
2291,bittern,bittern,ADJ,nk,2292,Not
2292,Not,Not,NOUN,nk,2289,aus
2293,zu,zu,PART,pm,2294,retten
2294,retten,retten,VERB,oc,2284,meinen
2295,",",--,PUNCT,punct,2284,meinen
2296,nicht,nicht,PART,ng,2284,meinen
2297,verschmähen,verschmähen,VERB,oc,2284,meinen
2298,wird,werden,AUX,ROOT,2298,wird
2299,.,--,PUNCT,punct,2298,wird
2300,«,--,PUNCT,punct,2298,wird
2301,Damit,damit,ADV,mo,2302,griff
2302,griff,greifen,VERB,ROOT,2302,griff
2303,er,er,PRON,sb,2302,griff
2304,noch,noch,ADV,mo,2305,einmal
2305,einmal,einmal,ADV,mo,2302,griff
2306,in,in,ADP,mo,2302,griff
2307,den,der,DET,nk,2308,Beutel
2308,Beutel,Beutel,NOUN,nk,2306,in
2309,",",--,PUNCT,punct,2302,griff
2310,und,und,CCONJ,cd,2302,griff
2311,sich,sich,PRON,da,2314,nähernd
2312,der,der,DET,nk,2313,Giorgina
2313,Giorgina,Giorgina,NOUN,sb,2314,nähernd
2314,nähernd,nähernd,ADV,cj,2310,und
2315,",",--,PUNCT,punct,2302,griff
2316,gab,geben,VERB,ROOT,2316,gab
2317,er,er,PRON,sb,2316,gab
2318,ihr,ihr,PRON,da,2316,gab
2319,wohl,wohl,ADV,mo,2316,gab
2320,noch,noch,ADV,mo,2321,einmal
2321,einmal,einmal,ADV,mo,2316,gab
2322,so,so,ADV,mo,2323,viel
2323,viel,viel,DET,nk,2324,Geld
2324,Geld,Geld,NOUN,oa,2316,gab
2325,",",--,PUNCT,punct,2316,gab
2326,als,als,SCONJ,cp,2331,angeboten
2327,er,er,PRON,sb,2331,angeboten
2328,vorhin,vorhin,ADV,mo,2331,angeboten
2329,dem,der,DET,nk,2330,Andres
2330,Andres,Andr,NOUN,da,2331,angeboten
2331,angeboten,anbieten,VERB,mo,2316,gab
2332,hatte,haben,AUX,ROOT,2332,hatte
2333,.,--,PUNCT,punct,2332,hatte
2334,Giorgina,Giorgina,PROPN,sb,2335,sah
2335,sah,sehen,VERB,ROOT,2335,sah
2336,das,der,DET,nk,2339,Gold
2337,schöne,schön,ADJ,nk,2339,Gold
2338,funkelnde,funkelnd,ADJ,nk,2339,Gold
2339,Gold,Gold,NOUN,oa,2335,sah
2340,mit,mit,ADP,mo,2335,sah
2341,vor,vor,ADP,mo,2343,leuchtenden
2342,Freude,Freude,NOUN,nk,2341,vor
2343,leuchtenden,leuchtend,ADJ,nk,2344,Augen
2344,Augen,Auge,NOUN,nk,2340,mit
2345,",",--,PUNCT,punct,2335,sah
2346,sie,sie,PRON,sb,2347,konnte
2347,konnte,können,AUX,ROOT,2347,konnte
2348,kein,kein,DET,nk,2349,Wort
2349,Wort,Wort,NOUN,oa,2352,herausbringen
2350,des,der,DET,nk,2351,Danks
2351,Danks,Dank,NOUN,ag,2349,Wort
2352,herausbringen,herausbringen,VERB,oc,2347,konnte
2353,",",--,PUNCT,punct,2352,herausbringen
2354,die,der,DET,nk,2356,Tränen
2355,hellen,hell,ADJ,nk,2356,Tränen
2356,Tränen,Träne,NOUN,sb,2357,schossen
2357,schossen,schießen,VERB,cj,2347,konnte
2358,ihr,ihr,PRON,oa,2357,schossen
2359,die,der,DET,nk,2360,Wangen
2360,Wangen,Wang,NOUN,ROOT,2360,Wangen
2361,herab,herab,ADV,mnr,2360,Wangen
2362,.,--,PUNCT,punct,2360,Wangen
2363,Der,der,DET,nk,2364,Fremde
2364,Fremde,Fremde,NOUN,sb,2365,wandte
2365,wandte,wenden,VERB,ROOT,2365,wandte
2366,sich,sich,PRON,oa,2365,wandte
2367,schnell,schnell,ADV,mo,2365,wandte
2368,von,von,ADP,op,2365,wandte
2369,ihr,ihr,PRON,nk,2368,von
2370,weg,weg,ADV,svp,2365,wandte
2371,",",--,PUNCT,punct,2365,wandte
2372,und,und,CCONJ,cd,2365,wandte
2373,sprach,sprechen,VERB,cj,2372,und
2374,zu,zu,ADP,svp,2373,sprach
2375,Andres,Andres,NOUN,ROOT,2375,Andres
2376,:,--,PUNCT,punct,2375,Andres
2377,»,--,PUNCT,punct,2378,Seht
2378,Seht,Seht,VERB,rs,2375,Andres
2379,",",--,PUNCT,punct,2378,Seht
2380,lieber,lieb,ADJ,mo,2381,Mann
2381,Mann,Mann,NOUN,pd,2378,Seht
2382,!,--,PUNCT,punct,2375,Andres
2383,Ihr,ihr,PRON,sb,2384,könnet
2384,könnet,können,VERB,ROOT,2384,könnet
2385,meine,mein,DET,nk,2386,Gabe
2386,Gabe,Gabe,NOUN,oa,2384,könnet
2387,getrost,getrost,ADV,mo,2388,annehmen
2388,annehmen,annehmen,VERB,oc,2384,könnet
2389,",",--,PUNCT,punct,2388,annehmen
2390,da,da,SCONJ,mo,2384,könnet
2391,ich,ich,PRON,sb,2384,könnet
2392,nur,nur,ADV,mo,2391,ich
2393,etwas,etwas,PRON,mo,2394,von
2394,von,von,ADP,ROOT,2394,von
2395,großem,groß,ADJ,nk,2396,Überfluß
2396,Überfluß,Überfluß,NOUN,nk,2394,von
2397,Euch,euch,PRON,sb,2398,mitteile
2398,mitteile,mitteilen,VERB,ROOT,2398,mitteile
2399,.,--,PUNCT,punct,2398,mitteile
2400,Gestehen,Gestehen,VERB,oc,2401,will
2401,will,wollen,AUX,ROOT,2401,will
2402,ich,ich,PRON,sb,2401,will
2403,Euch,euch,PRON,oa,2400,Gestehen
2404,",",--,PUNCT,punct,2401,will
2405,daß,daß,SCONJ,punct,2401,will
2406,ich,ich,PRON,sb,2401,will
2407,das,der,PRON,oa,2400,Gestehen
2408,nicht,nicht,PART,ng,2409,bin
2409,bin,sein,AUX,ROOT,2409,bin
2410,",",--,PUNCT,punct,2409,bin
2411,was,was,PRON,oa,2413,scheine
2412,ich,ich,PRON,sb,2413,scheine
2413,scheine,scheinen,VERB,sb,2409,bin
2414,.,--,PUNCT,punct,2409,bin
2415,Nach,nach,ADP,ROOT,2415,Nach
2416,meiner,mein,DET,nk,2418,Kleidung
2417,schlichten,schlicht,ADJ,nk,2418,Kleidung
2418,Kleidung,Kleidung,NOUN,nk,2415,Nach
2419,",",--,PUNCT,punct,2415,Nach
2420,und,und,CCONJ,cd,2415,Nach
2421,da,da,SCONJ,cj,2420,und
2422,ich,ich,PRON,sb,2421,da
2423,wie,wie,ADP,mo,2424,ein
2424,ein,ein,DET,cc,2422,ich
2425,dürftiger,dürftig,ADJ,nk,2427,Krämer
2426,wandernder,wandernd,ADJ,nk,2427,Krämer
2427,Krämer,Krämer,NOUN,dep,2432,glaubt
2428,zu,zu,ADP,mnr,2427,Krämer
2429,Fuß,Fuß,NOUN,nk,2428,zu
2430,reise,reise,NOUN,pd,2427,Krämer
2431,",",--,PUNCT,punct,2432,glaubt
2432,glaubt,glauben,VERB,ROOT,2432,glaubt
2433,Ihr,ihr,PRON,sb,2432,glaubt
2434,gewiß,gewiß,ADV,mo,2432,glaubt
2435,",",--,PUNCT,punct,2432,glaubt
2436,daß,daß,SCONJ,cp,2439,bin
2437,ich,ich,PRON,sb,2439,bin
2438,arm,arm,ADV,pd,2439,bin
2439,bin,sein,AUX,oc,2432,glaubt
2440,und,und,CCONJ,cd,2439,bin
2441,mich,mich,PRON,da,2451,nähre
2442,nur,nur,ADV,mo,2443,kümmerlich
2443,kümmerlich,kümmerlich,ADV,mo,2451,nähre
2444,von,von,ADP,mo,2451,nähre
2445,kleinem,klein,DET,nk,2446,Verdienst
2446,Verdienst,Verdienst,NOUN,nk,2444,von
2447,auf,auf,ADP,mnr,2446,Verdienst
2448,Messen,Messe,NOUN,nk,2447,auf
2449,und,und,CCONJ,cd,2448,Messen
2450,Jahrmärkten,Jahrmärkt,NOUN,cj,2449,und
2451,nähre,nähren,VERB,ROOT,2451,nähre
2452,:,--,PUNCT,punct,2451,nähre
2453,ich,ich,PRON,ROOT,2453,ich
2454,muß,müssen,AUX,ROOT,2454,muß
2455,Euch,euch,PRON,da,2457,sagen
2456,jedoch,jedoch,ADV,mo,2454,muß
2457,sagen,sagen,VERB,oc,2454,muß
2458,",",--,PUNCT,punct,2457,sagen
2459,daß,daß,SCONJ,cp,2460,ich
2460,ich,ich,PRON,oc,2457,sagen
2461,durch,durch,ADP,mnr,2460,ich
2462,glücklichen,glücklich,ADJ,nk,2463,Handel
2463,Handel,Handel,NOUN,nk,2461,durch
2464,mit,mit,ADP,mnr,2463,Handel
2465,den,der,DET,nk,2466,trefflichsten
2466,trefflichsten,Trefflichst,NOUN,nk,2464,mit
2467,Kleinodien,Kleinodie,NOUN,ROOT,2467,Kleinodien
2468,",",--,PUNCT,punct,2467,Kleinodien
2469,den,der,PRON,oa,2474,treibe
2470,ich,ich,PRON,sb,2474,treibe
2471,seit,seit,ADP,mo,2474,treibe
2472,vielen,vieler,DET,nk,2473,Jahren
2473,Jahren,Jahr,NOUN,nk,2471,seit
2474,treibe,treiben,VERB,rc,2467,Kleinodien
2475,",",--,PUNCT,punct,2474,treibe
2476,ein,ein,DET,nk,2479,Mann
2477,sehr,sehr,ADV,mo,2478,reicher
2478,reicher,reich,ADJ,nk,2479,Mann
2479,Mann,Mann,NOUN,pd,2480,geworden
2480,geworden,werden,AUX,cj,2474,treibe
2481,",",--,PUNCT,punct,2467,Kleinodien
2482,und,und,CCONJ,ju,2491,habe
2483,nur,nur,ADV,mo,2486,Lebensweise
2484,die,der,DET,nk,2486,Lebensweise
2485,einfache,einfach,ADJ,nk,2486,Lebensweise
2486,Lebensweise,Lebensweise,NOUN,oa,2490,beibehalten
2487,aus,aus,ADP,mnr,2486,Lebensweise
2488,alter,alt,ADJ,nk,2489,Gewohnheit
2489,Gewohnheit,Gewohnheit,NOUN,nk,2487,aus
2490,beibehalten,beibehalten,VERB,oc,2491,habe
2491,habe,haben,AUX,ROOT,2491,habe
2492,.,--,PUNCT,punct,2491,habe
2493,In,in,ADP,ROOT,2493,In
2494,diesem,dieser,DET,nk,2496,Felleisen
2495,kleinen,klein,ADJ,nk,2496,Felleisen
2496,Felleisen,Felleise,NOUN,da,2500,bewahre
2497,und,und,CCONJ,cd,2496,Felleisen
2498,dem,der,DET,nk,2499,Kistchen
2499,Kistchen,Kistchen,NOUN,cj,2497,und
2500,bewahre,bewahren,VERB,ROOT,2500,bewahre
2501,ich,ich,PRON,sb,2500,bewahre
2502,Juwelen,Juwele,NOUN,oa,2500,bewahre
2503,und,und,CCONJ,cd,2502,Juwelen
2504,köstliche,köstlich,ADJ,cj,2503,und
2505,",",--,PUNCT,punct,2500,bewahre
2506,zum,zu,ADP,mo,2509,im
2507,Teil,Teil,NOUN,nk,2506,zum
2508,noch,noch,ADV,mo,2509,im
2509,im,in,ADP,ROOT,2509,im
2510,grauen,grau,ADJ,nk,2511,Altertum
2511,Altertum,Altertum,NOUN,nk,2509,im
2512,geschnittene,geschnitten,ADJ,nk,2513,Steine
2513,Steine,Stein,NOUN,sb,2509,im
2514,",",--,PUNCT,punct,2513,Steine
2515,welche,welcher,PRON,oa,2518,viele
2516,viele,viele,PRON,nk,2515,welche
2517,",",--,PUNCT,punct,2516,viele
2518,viele,vieler,PRON,cj,2509,im
2519,Tausende,Tausend,NOUN,sb,2521,sind
2520,wert,wert,ADV,pd,2521,sind
2521,sind,sein,AUX,ROOT,2521,sind
2522,.,--,PUNCT,punct,2521,sind
2523,Ich,ich,PRON,sb,2524,habe
2524,habe,haben,AUX,ROOT,2524,habe
2525,diesmal,diesmal,ADV,mo,2524,habe
2526,in,in,ADP,mo,2525,diesmal
2527,Frankfurt,Frankfurt,PROPN,nk,2526,in
2528,sehr,sehr,ADV,mo,2529,glückliche
2529,glückliche,glücklich,ADJ,nk,2530,Geschäfte
2530,Geschäfte,Geschäft,NOUN,oa,2524,habe
2531,gemacht,machen,VERB,pd,2545,sein
2532,",",--,PUNCT,punct,2531,gemacht
2533,so,so,ADV,mo,2545,sein
2534,daß,daß,SCONJ,cp,2545,sein
2535,das,der,PRON,sb,2545,sein
2536,wohl,wohl,ADV,mo,2545,sein
2537,noch,noch,ADV,mo,2539,nicht
2538,lange,lange,ADV,mo,2539,nicht
2539,nicht,nicht,PART,ng,2545,sein
2540,der,der,DET,nk,2542,Teil
2541,hundertste,hundert,ADJ,nk,2542,Teil
2542,Teil,Teil,NOUN,pd,2545,sein
2543,des,der,DET,nk,2544,Gewinns
2544,Gewinns,Gewinn,NOUN,ag,2542,Teil
2545,sein,sein,AUX,ROOT,2545,sein
2546,mag,mögen,AUX,ROOT,2546,mag
2547,",",--,PUNCT,punct,2546,mag
2548,was,wer,PRON,oa,2553,schenkte
2549,ich,ich,PRON,sb,2553,schenkte
2550,Euerm,Euerm,NOUN,da,2553,schenkte
2551,lieben,lieb,ADJ,nk,2552,Weibe
2552,Weibe,Weib,NOUN,mo,2553,schenkte
2553,schenkte,schenken,VERB,sb,2546,mag
2554,.,--,PUNCT,punct,2546,mag
2555,Überdem,Überdem,ADV,mo,2556,gebe
2556,gebe,geben,VERB,ROOT,2556,gebe
2557,ich,ich,PRON,sb,2556,gebe
2558,Euch,euch,PRON,da,2556,gebe
2559,das,der,DET,nk,2560,Geld
2560,Geld,Geld,NOUN,oa,2556,gebe
2561,keineswegs,keineswegs,ADV,mo,2562,umsonst
2562,umsonst,umsonst,ADV,ROOT,2562,umsonst
2563,",",--,PUNCT,punct,2562,umsonst
2564,sondern,sondern,CCONJ,cd,2562,umsonst
2565,verlange,verlangen,VERB,cj,2564,sondern
2566,von,von,ADP,op,2565,verlange
2567,Euch,euch,PRON,nk,2566,von
2568,dafür,dafür,ADV,mo,2565,verlange
2569,allerlei,allerlei,DET,nk,2570,Gefälligkeiten
2570,Gefälligkeiten,Gefälligkeit,NOUN,oa,2565,verlange
2571,.,--,PUNCT,punct,2562,umsonst
2572,Ich,ich,PRON,sb,2573,wollte
2573,wollte,wollen,VERB,ROOT,2573,wollte
2574,",",--,PUNCT,punct,2573,wollte
2575,wie,wie,ADV,mo,2576,gewöhnlich
2576,gewöhnlich,gewöhnlich,ADV,mo,2582,gehen
2577,",",--,PUNCT,punct,2582,gehen
2578,von,von,ADP,mo,2582,gehen
2579,Frankfurt,Frankfurt,PROPN,nk,2578,von
2580,nach,nach,ADP,mo,2582,gehen
2581,Kassel,Kassel,PROPN,nk,2580,nach
2582,gehen,gehen,VERB,oc,2573,wollte
2583,und,und,CCONJ,cd,2573,wollte
2584,kam,kommen,VERB,cj,2583,und
2585,von,von,ADP,mo,2584,kam
2586,Schlüchtern,Schlüchter,NOUN,ROOT,2586,Schlüchtern
2587,aus,aus,ADP,ac,2588,vom
2588,vom,von,ADP,mnr,2586,Schlüchtern
2589,richtigen,richtig,ADJ,nk,2590,Wege
2590,Wege,Weg,NOUN,nk,2588,vom
2591,ab,ab,ADP,svp,2586,Schlüchtern
2592,.,--,PUNCT,punct,2586,Schlüchtern
2593,Indessen,indessen,ADV,mo,2596,gefunden
2594,habe,haben,AUX,ROOT,2594,habe
2595,ich,ich,PRON,sb,2594,habe
2596,gefunden,finden,VERB,oc,2594,habe
2597,",",--,PUNCT,punct,2596,gefunden
2598,daß,daß,SCONJ,cp,2600,Weg
2599,der,der,DET,nk,2600,Weg
2600,Weg,Weg,NOUN,par,2595,ich
2601,durch,durch,ADP,ROOT,2601,durch
2602,diesen,dieser,DET,nk,2603,Forst
2603,Forst,Forst,NOUN,nk,2601,durch
2604,",",--,PUNCT,punct,2603,Forst
2605,den,der,PRON,oa,2609,scheuen
2606,sonst,sonst,ADV,mo,2609,scheuen
2607,die,der,DET,nk,2608,Reisenden
2608,Reisenden,reisend,NOUN,oa,2609,scheuen
2609,scheuen,scheuen,VERB,rc,2603,Forst
2610,",",--,PUNCT,punct,2601,durch
2611,gerade,gerade,ADV,mo,2612,für
2612,für,für,ADP,cj,2601,durch
2613,einen,ein,DET,nk,2614,Fußgänger
2614,Fußgänger,Fußgänger,NOUN,nk,2612,für
2615,recht,recht,ADV,mo,2616,anmutig
2616,anmutig,anmutig,ADV,pd,2617,ist
2617,ist,sein,AUX,ROOT,2617,ist
2618,",",--,PUNCT,punct,2617,ist
2619,weshalb,weshalb,SCONJ,mo,2620,ich
2620,ich,ich,PRON,sb,2617,ist
2621,denn,denn,ADV,mo,2620,ich
2622,künftig,künftig,ADV,mo,2621,denn
2623,auf,auf,ADP,mo,2622,künftig
2624,gleicher,gleich,ADJ,nk,2625,Reise
2625,Reise,Reise,NOUN,nk,2623,auf
2626,immer,immer,ADV,mo,2621,denn
2627,diese,dieser,PRON,pd,2617,ist
2628,Straße,Straße,NOUN,oa,2629,einschlagen
2629,einschlagen,einschlagen,VERB,oc,2634,will
2630,und,und,CCONJ,cd,2629,einschlagen
2631,bei,bei,ADP,mo,2633,einsprechen
2632,Euch,euch,PRON,nk,2631,bei
2633,einsprechen,einsprechen,VERB,cj,2630,und
2634,will,wollen,AUX,ROOT,2634,will
2635,.,--,PUNCT,punct,2634,will
2636,Ihr,ihr,PRON,sb,2637,werdet
2637,werdet,werden,VERB,ROOT,2637,werdet
2638,daher,daher,ADV,mo,2637,werdet
2639,mich,mich,PRON,oa,2637,werdet
2640,jährlich,jährlich,ADV,mo,2644,eintreffen
2641,zweimal,zweimal,ADV,mo,2644,eintreffen
2642,bei,bei,ADP,mo,2644,eintreffen
2643,Euch,euch,PRON,nk,2642,bei
2644,eintreffen,eintreffen,VERB,oc,2645,sehen
2645,sehen,sehen,VERB,ROOT,2645,sehen
2646,;,--,PUNCT,punct,2645,sehen
2647,nämlich,nämlich,ADV,mo,2648,zu
2648,zu,zu,ADP,ROOT,2648,zu
2649,Ostern,Ostern,NOUN,nk,2648,zu
2650,",",--,PUNCT,punct,2648,zu
2651,wenn,wenn,SCONJ,cp,2652,ich
2652,ich,ich,PRON,ROOT,2652,ich
2653,von,von,ADP,pg,2652,ich
2654,Frankfurt,Frankfurt,PROPN,sb,2657,wandere
2655,nach,nach,ADP,mnr,2654,Frankfurt
2656,Kassel,Kassel,PROPN,nk,2655,nach
2657,wandere,wandern,VERB,ROOT,2657,wandere
2658,",",--,PUNCT,punct,2657,wandere
2659,und,und,CCONJ,cd,2657,wandere
2660,im,in,ADP,cj,2659,und
2661,späten,spät,ADJ,nk,2662,Herbst
2662,Herbst,Herbst,NOUN,nk,2660,im
2663,",",--,PUNCT,punct,2657,wandere
2664,wenn,wenn,SCONJ,cp,2665,ich
2665,ich,ich,PRON,ROOT,2665,ich
2666,von,von,ADP,mnr,2665,ich
2667,der,der,DET,nk,2668,Leipziger
2668,Leipziger,Leipziger,ADJ,nk,2666,von
2669,Michaelismesse,Michaelismeß,NOUN,ROOT,2669,Michaelismesse
2670,nach,nach,ADP,mnr,2669,Michaelismesse
2671,Frankfurt,Frankfurt,PROPN,nk,2670,nach
2672,und,und,CCONJ,cd,2670,nach
2673,von,von,ADP,cj,2672,und
2674,dort,dort,ADV,nk,2673,von
2675,nach,nach,ADP,cj,2672,und
2676,der,der,DET,nk,2677,Schweiz
2677,Schweiz,Schweiz,PROPN,nk,2675,nach
2678,und,und,CCONJ,cd,2670,nach
2679,wohl,wohl,ADV,mo,2681,nach
2680,auch,auch,ADV,mo,2681,nach
2681,nach,nach,ADP,cj,2678,und
2682,Welschland,Welschland,NOUN,sb,2683,gehe
2683,gehe,gehen,VERB,ROOT,2683,gehe
2684,.,--,PUNCT,punct,2683,gehe
2685,Dann,dann,ADV,mo,2686,sollt
2686,sollt,sollen,VERB,ROOT,2686,sollt
2687,Ihr,ihr,PRON,sb,2686,sollt
2688,mich,sich,PRON,oa,2686,sollt
2689,für,für,ADP,mo,2686,sollt
2690,gute,gut,ADJ,nk,2691,Bezahlung
2691,Bezahlung,Bezahlung,NOUN,nk,2689,für
2692,-,--,PUNCT,punct,2686,sollt
2693,einen,ein,DET,nk,2695,zwei
2694,-,--,PUNCT,punct,2693,einen
2695,zwei,zwei,NUM,app,2688,mich
2696,auch,auch,ADV,mo,2686,sollt
2697,wohl,wohl,ADV,mo,2702,beherbergen
2698,drei,drei,NUM,nk,2699,Tage
2699,Tage,Tag,NOUN,mo,2702,beherbergen
2700,bei,bei,ADP,mo,2702,beherbergen
2701,Euch,euch,PRON,nk,2700,bei
2702,beherbergen,beherbergen,VERB,ROOT,2702,beherbergen
2703,und,und,CCONJ,cd,2702,beherbergen
2704,das,der,PRON,sb,2705,ist
2705,ist,sein,AUX,cj,2703,und
2706,die,der,DET,nk,2708,Gefälligkeit
2707,erste,erster,ADJ,nk,2708,Gefälligkeit
2708,Gefälligkeit,Gefälligkeit,NOUN,pd,2705,ist
2709,",",--,PUNCT,punct,2708,Gefälligkeit
2710,um,um,SCONJ,ROOT,2710,um
2711,die,der,PRON,nk,2710,um
2712,ich,ich,PRON,sb,2714,ersuche
2713,Euch,euch,PRON,oa,2714,ersuche
2714,ersuche,ersuchen,VERB,ROOT,2714,ersuche
2715,.,--,PUNCT,punct,2714,ersuche
2716,Ferner,ferner,ADV,mo,2717,bitte
2717,bitte,bitte,VERB,ROOT,2717,bitte
2718,ich,ich,PRON,sb,2717,bitte
2719,Euch,euch,PRON,oa,2717,bitte
2720,",",--,PUNCT,punct,2717,bitte
2721,dieses,dieser,DET,nk,2723,Kistchen
2722,kleine,klein,ADJ,nk,2723,Kistchen
2723,Kistchen,Kistchen,NOUN,cj,2717,bitte
2724,",",--,PUNCT,punct,2717,bitte
2725,worin,worin,SCONJ,mo,2727,sind
2726,Waren,Ware,NOUN,pd,2727,sind
2727,sind,sein,AUX,oc,2717,bitte
2728,",",--,PUNCT,punct,2727,sind
2729,die,der,PRON,punct,2717,bitte
2730,ich,ich,PRON,sb,2729,die
2731,in,in,ADP,mo,2717,bitte
2732,Kassel,Kassel,PROPN,sb,2734,brauche
2733,nicht,nicht,PART,ng,2734,brauche
2734,brauche,brauchen,VERB,ROOT,2734,brauche
2735,",",--,PUNCT,punct,2734,brauche
2736,und,und,CCONJ,cd,2734,brauche
2737,das,der,PRON,sb,2742,ist
2738,mir,mir,PRON,da,2741,hinderlich
2739,beim,bei,ADP,mo,2742,ist
2740,Wandern,wandern,NOUN,nk,2739,beim
2741,hinderlich,hinderlich,ADV,pd,2742,ist
2742,ist,sein,AUX,cj,2736,und
2743,",",--,PUNCT,punct,2742,ist
2744,zu,zu,PART,pm,2745,behalten
2745,behalten,behalten,VERB,oc,2741,hinderlich
2746,",",--,PUNCT,punct,2745,behalten
2747,bis,bis,SCONJ,cd,2734,brauche
2748,ich,ich,PRON,nk,2750,Herbst
2749,künftigen,künftig,ADJ,nk,2750,Herbst
2750,Herbst,Herbst,NOUN,sb,2754,einspreche
2751,wieder,wieder,ADV,mo,2754,einspreche
2752,bei,bei,ADP,mo,2754,einspreche
2753,Euch,euch,PRON,nk,2752,bei
2754,einspreche,einsprechen,VERB,ROOT,2754,einspreche
2755,.,--,PUNCT,punct,2754,einspreche
2756,Nicht,nicht,PART,pm,2757,verhehlen
2757,verhehlen,verhehlen,VERB,oc,2758,will
2758,will,wollen,AUX,ROOT,2758,will
2759,ich,ich,PRON,sb,2758,will
2760,",",--,PUNCT,punct,2758,will
2761,daß,daß,SCONJ,dep,2758,will
2762,die,der,DET,nk,2763,Waren
2763,Waren,Ware,NOUN,sb,2767,sind
2764,viele,vieler,DET,nk,2765,Tausende
2765,Tausende,Tausend,NOUN,sb,2767,sind
2766,wert,wert,ADV,pd,2767,sind
2767,sind,sein,AUX,ROOT,2767,sind
2768,",",--,PUNCT,punct,2767,sind
2769,aber,aber,CCONJ,cd,2767,sind
2770,ich,ich,PRON,sb,2771,mag
2771,mag,mögen,AUX,cj,2769,aber
2772,Euch,euch,PRON,oa,2771,mag
2773,deshalb,deshalb,ADV,mo,2771,mag
2774,doch,doch,ADV,mo,2771,mag
2775,kaum,kaum,ADV,mo,2771,mag
2776,größere,groß,ADJ,pd,2771,mag
2777,Sorglichkeit,Sorglichkeit,NOUN,oa,2778,empfehlen
2778,empfehlen,empfehlen,VERB,ROOT,2778,empfehlen
2779,",",--,PUNCT,punct,2778,empfehlen
2780,da,da,SCONJ,cd,2778,empfehlen
2781,ich,ich,PRON,sb,2778,empfehlen
2782,nach,nach,ADP,mnr,2781,ich
2783,der,der,DET,nk,2784,Treue
2784,Treue,Treue,NOUN,nk,2782,nach
2785,und,und,CCONJ,cd,2784,Treue
2786,Frömmigkeit,Frömmigkeit,NOUN,cj,2785,und
2787,",",--,PUNCT,punct,2784,Treue
2788,die,der,PRON,nk,2789,Ihr
2789,Ihr,ihr,PRON,app,2781,ich
2790,an,an,ADP,mnr,2789,Ihr
2791,den,der,DET,nk,2790,an
2792,Tag,Tag,NOUN,mo,2793,legt
2793,legt,legen,VERB,ROOT,2793,legt
2794,",",--,PUNCT,punct,2796,zutraue
2795,Euch,euch,PRON,oa,2796,zutraue
2796,zutraue,zutrauen,VERB,mo,2793,legt
2797,",",--,PUNCT,punct,2796,zutraue
2798,daß,daß,SCONJ,cp,2802,Geringste
2799,Ihr,ihr,PRON,nk,2798,daß
2800,auch,auch,ADV,mo,2802,Geringste
2801,das,der,DET,nk,2802,Geringste
2802,Geringste,Geringste,NOUN,ROOT,2802,Geringste
2803,",",--,PUNCT,punct,2802,Geringste
2804,was,wer,PRON,oa,2807,zurückließe
2805,ich,ich,PRON,sb,2807,zurückließe
2806,Euch,euch,PRON,oa,2807,zurückließe
2807,zurückließe,zurückließen,VERB,rc,2802,Geringste
2808,",",--,PUNCT,punct,2802,Geringste
2809,sorgfältig,sorgfältig,ADV,mo,2810,aufbewahren
2810,aufbewahren,aufbewahren,VERB,oc,2811,würdet
2811,würdet,würden,VERB,ROOT,2811,würdet
2812,;,--,PUNCT,punct,2811,würdet
2813,zumal,zumal,ADV,mo,2814,werdet
2814,werdet,werden,VERB,ROOT,2814,werdet
2815,Ihr,ihr,PRON,sb,2814,werdet
2816,das,der,PRON,sb,2814,werdet
2817,bei,bei,ADP,mo,2814,werdet
2818,Sachen,Sache,NOUN,nk,2817,bei
2819,von,von,ADP,mnr,2818,Sachen
2820,solch,solch,DET,mo,2821,großem
2821,großem,groß,ADJ,nk,2819,von
2822,Werte,Wert,NOUN,sb,2835,tun
2823,",",--,PUNCT,punct,2822,Werte
2824,als,als,ADP,cm,2826,sind
2825,die,der,PRON,sb,2826,sind
2826,sind,sein,AUX,cc,2822,Werte
2827,",",--,PUNCT,punct,2826,sind
2828,welche,welcher,PRON,sb,2832,verschlossen
2829,in,in,ADP,mo,2832,verschlossen
2830,dem,der,DET,nk,2831,Kistchen
2831,Kistchen,Kistchen,NOUN,nk,2829,in
2832,verschlossen,verschließen,VERB,sb,2826,sind
2833,",",--,PUNCT,punct,2835,tun
2834,sicherlich,sicherlich,ADV,mo,2835,tun
2835,tun,tun,VERB,ROOT,2835,tun
2836,.,--,PUNCT,punct,2835,tun
2837,Seht,Seht,VERB,ROOT,2837,Seht
2838,",",--,PUNCT,punct,2837,Seht
2839,das,der,PRON,sb,2840,ist
2840,ist,sein,AUX,ROOT,2840,ist
2841,der,der,DET,nk,2843,Dienst
2842,zweite,zweiter,ADJ,nk,2843,Dienst
2843,Dienst,Dienst,NOUN,pd,2840,ist
2844,",",--,PUNCT,punct,2843,Dienst
2845,den,der,PRON,oa,2849,fordere
2846,ich,ich,PRON,sb,2849,fordere
2847,von,von,ADP,op,2849,fordere
2848,Euch,euch,PRON,nk,2847,von
2849,fordere,fordern,VERB,rc,2843,Dienst
2850,.,--,PUNCT,punct,2840,ist
2851,Das,der,DET,nk,2852,Dritte
2852,Dritte,dritter,NOUN,ROOT,2852,Dritte
2853,",",--,PUNCT,punct,2852,Dritte
2854,was,wer,PRON,app,2852,Dritte
2855,ich,ich,PRON,pd,2852,Dritte
2856,verlange,verlangen,VERB,mo,2863,fallen
2857,",",--,PUNCT,punct,2858,wird
2858,wird,werden,AUX,ROOT,2858,wird
2859,Euch,euch,PRON,da,2863,fallen
2860,wohl,wohl,ADV,mo,2863,fallen
2861,am,am,PART,pm,2862,schwersten
2862,schwersten,schwer,ADV,mo,2863,fallen
2863,fallen,fallen,VERB,oc,2858,wird
2864,",",--,PUNCT,punct,2858,wird
2865,unerachtet,unerachten,VERB,cj,2858,wird
2866,es,es,PRON,oa,2865,unerachtet
2867,mir,mir,PRON,da,2865,unerachtet
2868,jetzt,jetzt,ADV,mo,2865,unerachtet
2869,am,an,ADP,mo,2865,unerachtet
2870,nötigsten,nötigsten,VERB,oc,2871,tut
2871,tut,tun,VERB,ROOT,2871,tut
2872,.,--,PUNCT,punct,2871,tut
2873,Ihr,ihr,PRON,sb,2874,sollt
2874,sollt,sollen,VERB,ROOT,2874,sollt
2875,Euer,Euer,ADV,mo,2876,liebes
2876,liebes,liebes,ADJ,ROOT,2876,liebes
2877,Weib,Weib,NOUN,ROOT,2877,Weib
2878,nur,nur,ADV,mo,2879,auf
2879,auf,auf,ADP,mo,2882,verlassen
2880,diesen,dieser,DET,nk,2881,Tag
2881,Tag,Tag,NOUN,nk,2879,auf
2882,verlassen,verlassen,VERB,oc,2877,Weib
2883,und,und,CCONJ,cd,2882,verlassen
2884,mich,mich,PRON,cj,2883,und
2885,aus,aus,ADP,mo,2894,geleiten
2886,dem,der,DET,nk,2887,Forst
2887,Forst,Forst,NOUN,nk,2885,aus
2888,bis,bis,ADP,ac,2889,auf
2889,auf,auf,ADP,mo,2894,geleiten
2890,die,der,DET,nk,2891,Straße
2891,Straße,Straße,NOUN,nk,2889,auf
2892,nach,nach,ADP,mo,2894,geleiten
2893,Hirschfeld,Hirschfeld,PROPN,nk,2892,nach
2894,geleiten,geleiten,VERB,re,2896,wo
2895,",",--,PUNCT,punct,2894,geleiten
2896,wo,wo,SCONJ,mo,2897,ich
2897,ich,ich,PRON,ROOT,2897,ich
2898,bei,bei,ADP,mnr,2897,ich
2899,Bekannten,bekannte,NOUN,nk,2898,bei
2900,einsprechen,einsprechen,VERB,oc,2908,will
2901,und,und,CCONJ,cd,2900,einsprechen
2902,dann,dann,ADV,mo,2907,fortsetzen
2903,meine,mein,DET,nk,2904,Reise
2904,Reise,Reise,NOUN,oa,2907,fortsetzen
2905,nach,nach,ADP,mnr,2904,Reise
2906,Kassel,Kassel,PROPN,nk,2905,nach
2907,fortsetzen,fortsetzen,VERB,cj,2901,und
2908,will,wollen,AUX,ROOT,2908,will
2909,.,--,PUNCT,punct,2908,will
2910,Denn,denn,CCONJ,ju,2911,außer
2911,außer,außer,ADP,ROOT,2911,außer
2912,dem,der,PRON,nk,2911,außer
2913,",",--,PUNCT,punct,2912,dem
2914,daß,daß,SCONJ,cp,2923,bin
2915,ich,ich,PRON,sb,2923,bin
2916,des,der,DET,nk,2917,Weges
2917,Weges,Weg,NOUN,pd,2923,bin
2918,im,in,ADP,mnr,2917,Weges
2919,Forst,Forst,NOUN,nk,2918,im
2920,nicht,nicht,PART,ng,2923,bin
2921,recht,recht,ADV,mo,2922,kundig
2922,kundig,kundig,ADV,pd,2923,bin
2923,bin,sein,AUX,ROOT,2923,bin
2924,und,und,CCONJ,cd,2923,bin
2925,mich,sich,PRON,cj,2924,und
2926,daher,daher,ADV,mo,2925,mich
2927,zum,zu,ADP,mo,2925,mich
2928,zweitenmal,zweitenmal,ADV,nk,2927,zum
2929,verirren,verirren,VERB,oc,2930,könnte
2930,könnte,können,AUX,ROOT,2930,könnte
2931,",",--,PUNCT,punct,2930,könnte
2932,ohne,ohne,SCONJ,cp,2944,aufgenommen
2933,von,von,ADP,mo,2944,aufgenommen
2934,einem,ein,DET,nk,2937,Mann
2935,so,so,ADV,mo,2936,wackern
2936,wackern,wackern,ADJ,nk,2937,Mann
2937,Mann,Mann,NOUN,nk,2933,von
2938,",",--,PUNCT,punct,2937,Mann
2939,wie,wie,SCONJ,mo,2942,seid
2940,Ihr,ihr,PRON,sb,2942,seid
2941,es,es,PRON,sb,2942,seid
2942,seid,sein,AUX,rc,2937,Mann
2943,",",--,PUNCT,punct,2944,aufgenommen
2944,aufgenommen,aufnehmen,VERB,mo,2929,verirren
2945,zu,zu,PART,pm,2946,werden
2946,werden,werden,AUX,mo,2948,ist
2947,",",--,PUNCT,punct,2948,ist
2948,ist,sein,AUX,ROOT,2948,ist
2949,es,es,PRON,sb,2948,ist
2950,auch,auch,ADV,mo,2951,in
2951,in,in,ADP,mo,2948,ist
2952,der,der,DET,nk,2953,Gegend
2953,Gegend,Gegend,NOUN,nk,2951,in
2954,nicht,nicht,PART,ng,2955,recht
2955,recht,recht,ADV,mo,2956,geheuer
2956,geheuer,geheuer,ADV,pd,2948,ist
2957,.,--,PUNCT,punct,2948,ist
2958,Euch,euch,PRON,ROOT,2958,Euch
2959,als,als,ADP,mnr,2958,Euch
2960,einem,einer,PRON,nk,2959,als
2961,Jägersmann,Jägersmann,NOUN,mo,2968,anhaben
2962,aus,aus,ADP,mnr,2961,Jägersmann
2963,der,der,DET,nk,2964,Gegend
2964,Gegend,Gegend,NOUN,nk,2962,aus
2965,wird,werden,AUX,ROOT,2965,wird
2966,man,man,PRON,sb,2965,wird
2967,nichts,nichts,PRON,oa,2968,anhaben
2968,anhaben,anhaben,VERB,oc,2965,wird
2969,",",--,PUNCT,punct,2965,wird
2970,aber,aber,CCONJ,cd,2965,wird
2971,ich,ich,PRON,cj,2970,aber
2972,",",--,PUNCT,punct,2971,ich
2973,als,als,ADP,mnr,2971,ich
2974,einsamer,einsamer,NOUN,nk,2973,als
2975,Wanderer,Wanderer,PROPN,sb,2977,könnte
2976,",",--,PUNCT,punct,2977,könnte
2977,könnte,können,AUX,ROOT,2977,könnte
2978,wohl,wohl,ADV,mo,2977,könnte
2979,gefährdet,gefährden,VERB,oc,2980,werden
2980,werden,werden,AUX,oc,2977,könnte
2981,.,--,PUNCT,punct,2977,könnte
2982,Man,man,PRON,sb,2983,sprach
2983,sprach,sprechen,VERB,ROOT,2983,sprach
2984,in,in,ADP,mo,2983,sprach
2985,Frankfurt,Frankfurt,PROPN,nk,2984,in
2986,davon,davon,ADV,op,2983,sprach
2987,",",--,PUNCT,punct,2986,davon
2988,daß,daß,SCONJ,cp,2989,eine
2989,eine,ein,DET,oc,2983,sprach
2990,Räuberbande,Räuberbande,NOUN,ROOT,2990,Räuberbande
2991,",",--,PUNCT,punct,2990,Räuberbande
2992,die,der,PRON,sb,2999,machte
2993,sonst,sonst,ADV,mo,2999,machte
2994,die,der,DET,nk,2995,Gegend
2995,Gegend,Gegend,NOUN,oa,2999,machte
2996,von,von,ADP,pg,2995,Gegend
2997,Schaffhausen,Schaffhausen,NOUN,nk,2996,von
2998,unsicher,unsicher,ADV,mo,2999,machte
2999,machte,machen,VERB,rc,2990,Räuberbande
3000,und,und,CCONJ,cd,2999,machte
3001,sich,sich,PRON,oa,3002,bis
3002,bis,bis,ADP,cd,2990,Räuberbande
3003,nach,nach,ADP,mo,3006,ausdehnte
3004,Straßburg,Straßburg,PROPN,nk,3003,nach
3005,herauf,herauf,ADV,mo,3006,ausdehnte
3006,ausdehnte,ausdehnen,VERB,ROOT,3006,ausdehnte
3007,",",--,PUNCT,punct,3006,ausdehnte
3008,nunmehr,nunmehr,ADV,mo,3012,geworfen
3009,sich,sich,PRON,oa,3012,geworfen
3010,ins,in,ADP,mo,3012,geworfen
3011,Fuldaische,fuldaische,NOUN,nk,3010,ins
3012,geworfen,werfen,VERB,oc,3013,haben
3013,haben,haben,AUX,oc,3006,ausdehnte
3014,soll,sollen,AUX,ROOT,3014,soll
3015,",",--,PUNCT,punct,3014,soll
3016,da,da,SCONJ,cp,3025,reicheren
3017,die,der,DET,nk,3023,Kaufleute
3018,von,von,ADP,sbp,3022,reisenden
3019,Leipzig,Leipzig,PROPN,nk,3018,von
3020,nach,nach,ADP,mo,3022,reisenden
3021,Frankfurt,Frankfurt,PROPN,nk,3020,nach
3022,reisenden,reisend,ADJ,nk,3023,Kaufleute
3023,Kaufleute,Kaufleute,NOUN,sb,3025,reicheren
3024,ihnen,ihnen,PRON,da,3025,reicheren
3025,reicheren,reicheren,VERB,mo,3014,soll
3026,Gewinst,Gewinst,NOUN,sb,3027,versprachen
3027,versprachen,versprechen,VERB,ROOT,3027,versprachen
3028,",",--,PUNCT,punct,3027,versprachen
3029,als,als,SCONJ,cp,3033,konnten
3030,sie,sie,PRON,sb,3033,konnten
3031,dort,dort,ADV,mo,3032,finden
3032,finden,finden,VERB,oc,3033,konnten
3033,konnten,können,AUX,mo,3027,versprachen
3034,.,--,PUNCT,punct,3027,versprachen
3035,Wie,wie,ADV,mo,3036,leicht
3036,leicht,leicht,ADV,pd,3037,wär
3037,wär,wär,VERB,ROOT,3037,wär
3038,es,es,PRON,sb,3037,wär
3039,möglich,möglich,ADV,pd,3037,wär
3040,",",--,PUNCT,punct,3037,wär
3041,daß,daß,SCONJ,cp,3051,kennten
3042,sie,sie,PRON,sb,3051,kennten
3043,mich,sich,PRON,oa,3051,kennten
3044,schon,schon,ADV,mo,3045,von
3045,von,von,ADP,mo,3051,kennten
3046,Frankfurt,Frankfurt,PROPN,nk,3045,von
3047,aus,aus,ADP,ac,3045,von
3048,als,als,ADP,mo,3051,kennten
3049,reichen,reich,ADJ,nk,3050,Juwelenhändler
3050,Juwelenhändler,Juwelenhändler,NOUN,nk,3048,als
3051,kennten,kennen,VERB,ROOT,3051,kennten
3052,.,--,PUNCT,punct,3051,kennten
3053,Hab,Hab,ADV,ROOT,3053,Hab
3054,ich,ich,PRON,sb,3063,verdient
3055,also,also,ADV,mo,3063,verdient
3056,ja,ja,ADV,mo,3063,verdient
3057,durch,durch,ADP,mo,3063,verdient
3058,die,der,DET,nk,3059,Rettung
3059,Rettung,Rettung,NOUN,nk,3057,durch
3060,Eures,Eure,PROPN,ag,3061,Weibes
3061,Weibes,Weibe,NOUN,ag,3059,Rettung
3062,Dank,dank,NOUN,mo,3063,verdient
3063,verdient,verdienen,VERB,re,3065,so
3064,",",--,PUNCT,punct,3065,so
3065,so,so,ADV,mo,3066,könnt
3066,könnt,können,VERB,ROOT,3066,könnt
3067,Ihr,ihr,PRON,sb,3066,könnt
3068,mich,sich,PRON,oa,3066,könnt
3069,dadurch,dadurch,ADV,mo,3071,lohnen
3070,reichlich,reichlich,ADV,mo,3071,lohnen
3071,lohnen,lohnen,VERB,ROOT,3071,lohnen
3072,",",--,PUNCT,punct,3071,lohnen
3073,daß,daß,SCONJ,cp,3074,Ihr
3074,Ihr,ihr,PRON,sb,3071,lohnen
3075,aus,aus,ADP,mnr,3074,Ihr
3076,diesem,dieser,DET,nk,3077,Forste
3077,Forste,Forste,NOUN,nk,3075,aus
3078,mich,mich,PRON,oa,3074,Ihr
3079,auf,auf,ADP,mnr,3078,mich
3080,Weg,Weg,NOUN,nk,3079,auf
3081,und,und,CCONJ,cd,3080,Weg
3082,Steg,Steg,NOUN,cj,3081,und
3083,leitet,leiten,VERB,ROOT,3083,leitet
3084,.,--,PUNCT,punct,3083,leitet
3085,«,--,PUNCT,punct,3083,leitet
3086,Andres,Andres,NOUN,sb,3087,war
3087,war,sein,AUX,ROOT,3087,war
3088,mit,mit,ADP,mo,3090,bereit
3089,Freuden,Freude,NOUN,nk,3088,mit
3090,bereit,bereit,ADV,pd,3087,war
3091,",",--,PUNCT,punct,3090,bereit
3092,alles,alle,PRON,oa,3094,erfüllen
3093,zu,zu,PART,pm,3094,erfüllen
3094,erfüllen,erfüllen,VERB,oc,3090,bereit
3095,",",--,PUNCT,punct,3094,erfüllen
3096,was,wer,PRON,punct,3087,war
3097,man,man,PRON,sb,3087,war
3098,von,von,ADP,mnr,3097,man
3099,ihm,ihm,PRON,nk,3098,von
3100,verlangte,verlangen,VERB,ROOT,3100,verlangte
3101,",",--,PUNCT,punct,3100,verlangte
3102,und,und,CCONJ,cd,3100,verlangte
3103,machte,machen,VERB,cj,3102,und
3104,sich,sich,PRON,oa,3103,machte
3105,gleich,gleich,ADV,mo,3103,machte
3106,",",--,PUNCT,punct,3103,machte
3107,wie,wie,SCONJ,mo,3111,wünschte
3108,es,es,PRON,oa,3111,wünschte
3109,der,der,DET,nk,3110,Fremde
3110,Fremde,Fremde,NOUN,sb,3111,wünschte
3111,wünschte,wünschen,VERB,mo,3103,machte
3112,",",--,PUNCT,punct,3103,machte
3113,zur,zu,ADP,mo,3103,machte
3114,Wanderung,Wanderung,NOUN,nk,3113,zur
3115,fertig,fertig,ADV,ROOT,3115,fertig
3116,",",--,PUNCT,punct,3115,fertig
3117,indem,indem,SCONJ,cp,3121,anzog
3118,er,er,PRON,sb,3121,anzog
3119,seine,sein,DET,nk,3120,Jägeruniform
3120,Jägeruniform,Jägeruniform,NOUN,oa,3121,anzog
3121,anzog,anziehen,VERB,mo,3115,fertig
3122,",",--,PUNCT,punct,3121,anzog
3123,seine,sein,DET,nk,3124,Doppelbüchse
3124,Doppelbüchse,Doppelbüchse,NOUN,ROOT,3124,Doppelbüchse
3125,und,und,CCONJ,cd,3124,Doppelbüchse
3126,seinen,sein,DET,cj,3125,und
3127,tüchtigen,tüchtig,VERB,nk,3128,Hirschfänger
3128,Hirschfänger,Hirschfänger,NOUN,sb,3129,umschnallte
3129,umschnallte,umschnallen,VERB,ROOT,3129,umschnallte
3130,und,und,CCONJ,cd,3129,umschnallte
3131,dem,der,DET,nk,3132,Knecht
3132,Knecht,Knecht,NOUN,da,3133,befahl
3133,befahl,befehlen,VERB,cj,3130,und
3134,",",--,PUNCT,punct,3133,befahl
3135,zwei,zwei,NUM,ROOT,3135,zwei
3136,von,von,ADP,pg,3135,zwei
3137,den,der,DET,nk,3138,Doggen
3138,Doggen,Dogg,NOUN,nk,3136,von
3139,anzukuppeln,anzukuppeln,VERB,ROOT,3139,anzukuppeln
3140,.,--,PUNCT,punct,3139,anzukuppeln
3141,Der,der,DET,nk,3142,Fremde
3142,Fremde,Fremde,NOUN,sb,3143,hatte
3143,hatte,haben,AUX,ROOT,3143,hatte
3144,unterdessen,unterdessen,ADV,mo,3147,geöffnet
3145,das,der,DET,nk,3146,Kistchen
3146,Kistchen,Kistchen,NOUN,oa,3147,geöffnet
3147,geöffnet,öffnen,VERB,oc,3143,hatte
3148,und,und,CCONJ,cd,3147,geöffnet
3149,die,der,DET,dep,3143,hatte
3150,prächtigsten,prächtigsen,VERB,ROOT,3150,prächtigsten
3151,Geschmeide,Geschmeide,NOUN,sb,3150,prächtigsten
3152,",",--,PUNCT,punct,3151,Geschmeide
3153,Halsketten,Halskett,NOUN,cj,3151,Geschmeide
3154,-,--,PUNCT,punct,3151,Geschmeide
3155,Ohrringe,Ohrringe,NOUN,cj,3153,Halsketten
3156,-,--,PUNCT,punct,3151,Geschmeide
3157,Spangen,Spang,NOUN,oa,3150,prächtigsten
3158,herausgenommen,herausnehmen,VERB,oc,3150,prächtigsten
3159,",",--,PUNCT,punct,3158,herausgenommen
3160,die,der,PRON,oa,3161,er
3161,er,er,PRON,dep,3150,prächtigsten
3162,auf,auf,ADP,mo,3165,ausbreitete
3163,Giorginas,Giorgina,PROPN,ag,3164,Bette
3164,Bette,Bette,NOUN,nk,3162,auf
3165,ausbreitete,ausbreiten,VERB,ROOT,3165,ausbreitete
3166,",",--,PUNCT,punct,3165,ausbreitete
3167,so,so,ADV,mo,3171,Verwunderung
3168,daß,daß,SCONJ,cp,3171,Verwunderung
3169,sie,sie,PRON,sb,3171,Verwunderung
3170,ihre,ihr,DET,nk,3171,Verwunderung
3171,Verwunderung,Verwunderung,NOUN,oa,3165,ausbreitete
3172,und,und,CCONJ,cd,3171,Verwunderung
3173,Freude,Freude,NOUN,cj,3172,und
3174,gar,gar,ADV,mo,3165,ausbreitete
3175,nicht,nicht,PART,ng,3177,konnte
3176,bergen,bergen,VERB,oc,3177,konnte
3177,konnte,können,AUX,ROOT,3177,konnte
3178,.,--,PUNCT,punct,3177,konnte
3179,Als,als,SCONJ,cp,3185,aufforderte
3180,nun,nun,ADV,mo,3185,aufforderte
3181,aber,aber,ADV,mo,3185,aufforderte
3182,der,der,DET,nk,3183,Fremde
3183,Fremde,Fremde,NOUN,sb,3185,aufforderte
3184,sie,sie,PRON,oa,3185,aufforderte
3185,aufforderte,auffordern,VERB,ROOT,3185,aufforderte
3186,",",--,PUNCT,punct,3185,aufforderte
3187,doch,doch,CCONJ,cd,3185,aufforderte
3188,eine,einer,PRON,cj,3187,doch
3189,der,der,DET,dep,3187,doch
3190,schönsten,schön,ADJ,nk,3191,Halsketten
3191,Halsketten,Halskett,NOUN,oa,3192,umzuhängen
3192,umzuhängen,umzuhängen,VERB,ROOT,3192,umzuhängen
3193,",",--,PUNCT,punct,3192,umzuhängen
3194,die,der,DET,nk,3196,Spangen
3195,reichen,reich,ADJ,nk,3196,Spangen
3196,Spangen,Spang,NOUN,app,3191,Halsketten
3197,auf,auf,ADP,mo,3192,umzuhängen
3198,ihre,ihr,DET,nk,3197,auf
3199,wunderschön,wunderschön,NOUN,oa,3192,umzuhängen
3200,geformten,geformt,ADJ,nk,3201,Ärme
3201,Ärme,Ärm,NOUN,da,3203,streifen
3202,zu,zu,PART,pm,3203,streifen
3203,streifen,streifen,VERB,ROOT,3203,streifen
3204,",",--,PUNCT,punct,3203,streifen
3205,und,und,CCONJ,cd,3203,streifen
3206,ihr,ihr,PRON,da,3211,vorhielt
3207,dann,dann,ADV,mo,3211,vorhielt
3208,einen,ein,DET,nk,3210,Taschenspiegel
3209,kleinen,klein,ADJ,nk,3210,Taschenspiegel
3210,Taschenspiegel,Taschenspiegel,NOUN,oa,3211,vorhielt
3211,vorhielt,vorhalten,VERB,cj,3205,und
3212,",",--,PUNCT,punct,3203,streifen
3213,worin,worin,SCONJ,mo,3219,konnte
3214,sie,sie,PRON,sb,3219,konnte
3215,sich,sich,PRON,oa,3218,beschauen
3216,nach,nach,ADP,mo,3218,beschauen
3217,Herzenslust,Herzenslust,NOUN,nk,3216,nach
3218,beschauen,beschauen,VERB,oc,3219,konnte
3219,konnte,können,AUX,ROOT,3219,konnte
3220,",",--,PUNCT,punct,3219,konnte
3221,so,so,ADV,mo,3219,konnte
3222,daß,daß,SCONJ,cp,3223,sie
3223,sie,sie,PRON,cc,3221,so
3224,in,in,ADP,mnr,3223,sie
3225,kindischer,kindisch,ADJ,nk,3226,Lust
3226,Lust,Lust,NOUN,nk,3224,in
3227,aufjauchzte,aufjauchzen,VERB,ROOT,3227,aufjauchzte
3228,",",--,PUNCT,punct,3227,aufjauchzte
3229,da,da,ADV,mo,3230,sagte
3230,sagte,sagen,VERB,mo,3227,aufjauchzte
3231,Andres,Andres,PROPN,sb,3230,sagte
3232,zu,zu,ADP,mo,3230,sagte
3233,dem,der,DET,nk,3234,Fremden
3234,Fremden,fremde,NOUN,nk,3232,zu
3235,:,--,PUNCT,punct,3230,sagte
3236,»,--,PUNCT,punct,3239,Herr
3237,Ach,ach,INTJ,nk,3239,Herr
3238,lieber,lieb,ADJ,nk,3239,Herr
3239,Herr,Herr,NOUN,ROOT,3239,Herr
3240,!,--,PUNCT,punct,3239,Herr
3241,wie,wie,ADP,cm,3242,möget
3242,möget,möget,ADV,ROOT,3242,möget
3243,Ihr,ihr,PRON,ROOT,3243,Ihr
3244,doch,doch,CCONJ,ju,3251,erregen
3245,in,in,ADP,mo,3251,erregen
3246,meinem,mein,DET,nk,3248,Weibe
3247,armen,arm,ADJ,nk,3248,Weibe
3248,Weibe,Weibe,NOUN,nk,3245,in
3249,solche,solcher,DET,nk,3250,Lüsternheit
3250,Lüsternheit,Lüsternheit,NOUN,oa,3251,erregen
3251,erregen,erregen,VERB,ROOT,3251,erregen
3252,",",--,PUNCT,punct,3251,erregen
3253,daß,daß,SCONJ,cp,3256,mit
3254,sie,sie,PRON,sb,3256,mit
3255,sich,sich,PRON,oa,3256,mit
3256,mit,mit,ADP,oc,3251,erregen
3257,Dingen,Ding,NOUN,nk,3256,mit
3258,putzt,putzen,VERB,ROOT,3258,putzt
3259,",",--,PUNCT,punct,3258,putzt
3260,die,der,PRON,sb,3263,zukommen
3261,ihr,ihr,PRON,da,3263,zukommen
3262,nimmermehr,nimmermehr,PRON,mo,3263,zukommen
3263,zukommen,zukommen,VERB,rc,3258,putzt
3264,",",--,PUNCT,punct,3258,putzt
3265,und,und,CCONJ,cd,3258,putzt
3266,auch,auch,ADV,mo,3268,nicht
3267,gar,gar,ADV,mo,3268,nicht
3268,nicht,nicht,PART,ng,3269,anstehen
3269,anstehen,anstehen,VERB,cj,3265,und
3270,.,--,PUNCT,punct,3258,putzt
3271,Nehmt,Nehmt,VERB,ROOT,3271,Nehmt
3272,mir,mir,PRON,da,3271,Nehmt
3273,es,es,PRON,sb,3271,Nehmt
3274,nicht,nicht,PART,ng,3275,übel
3275,übel,übel,ADV,ROOT,3275,übel
3276,",",--,PUNCT,punct,3275,übel
3277,Herr,Herr,NOUN,cj,3275,übel
3278,!,--,PUNCT,punct,3275,übel
3279,aber,aber,CCONJ,ju,3288,um
3280,die,der,DET,nk,3283,Korallenschnur
3281,einfache,einfach,ADJ,nk,3283,Korallenschnur
3282,rote,rot,ADJ,nk,3283,Korallenschnur
3283,Korallenschnur,Korallenschnur,NOUN,cj,3279,aber
3284,",",--,PUNCT,punct,3283,Korallenschnur
3285,die,der,PRON,app,3283,Korallenschnur
3286,meine,mein,DET,nk,3287,Giorgina
3287,Giorgina,Giorgina,PROPN,app,3283,Korallenschnur
3288,um,um,ADP,ROOT,3288,um
3289,den,der,DET,nk,3290,Hals
3290,Hals,Hals,NOUN,oa,3291,gehängt
3291,gehängt,hängen,VERB,oc,3292,hatte
3292,hatte,haben,AUX,mo,3303,ist
3293,",",--,PUNCT,punct,3292,hatte
3294,als,als,SCONJ,cp,3301,sah
3295,ich,ich,PRON,sb,3301,sah
3296,sie,sie,PRON,oa,3301,sah
3297,zum,zu,ADP,mo,3301,sah
3298,erstenmal,erstenmal,ADV,nk,3297,zum
3299,in,in,ADP,mo,3301,sah
3300,Neapel,Neapel,PROPN,nk,3299,in
3301,sah,sehen,VERB,mo,3291,gehängt
3302,",",--,PUNCT,punct,3303,ist
3303,ist,sein,AUX,ROOT,3303,ist
3304,mir,mir,PRON,da,3303,ist
3305,tausendmal,tausendmal,ADV,mo,3306,lieber
3306,lieber,lieber,ADV,ROOT,3306,lieber
3307,",",--,PUNCT,punct,3306,lieber
3308,als,als,SCONJ,cm,3312,Geschmeide
3309,das,der,DET,nk,3312,Geschmeide
3310,funkelnde,funkelnd,ADJ,nk,3312,Geschmeide
3311,blitzende,blitzend,ADJ,nk,3312,Geschmeide
3312,Geschmeide,Geschmeide,NOUN,cc,3306,lieber
3313,",",--,PUNCT,punct,3312,Geschmeide
3314,das,der,PRON,cc,3306,lieber
3315,mir,mir,PRON,da,3317,eitel
3316,recht,recht,ADV,mo,3317,eitel
3317,eitel,eitel,ADV,pd,3314,das
3318,und,und,CCONJ,ju,3320,vorkommt
3319,trügerisch,trügerisch,ADV,mo,3320,vorkommt
3320,vorkommt,vorkommen,VERB,ROOT,3320,vorkommt
3321,.,--,PUNCT,punct,3320,vorkommt
3322,«,--,PUNCT,punct,3320,vorkommt
3323,-,--,PUNCT,punct,3326,seid
3324,»,--,PUNCT,punct,3326,seid
3325,Ihr,ihr,PRON,sb,3326,seid
3326,seid,sein,AUX,oc,3333,erwiderte
3327,auch,auch,ADV,mo,3326,seid
3328,gar,gar,ADV,mo,3330,strenge
3329,zu,zu,PART,pm,3330,strenge
3330,strenge,strengen,VERB,pd,3326,seid
3331,«,--,PUNCT,punct,3333,erwiderte
3332,",",--,PUNCT,punct,3333,erwiderte
3333,erwiderte,erwidern,VERB,ROOT,3333,erwiderte
3334,der,der,DET,dep,3333,erwiderte
3335,Fremde,Fremd,PROPN,ROOT,3335,Fremde
3336,höhnisch,höhnisch,ADV,mo,3337,lächelnd
3337,lächelnd,lächelnd,ADV,pd,3335,Fremde
3338,",",--,PUNCT,punct,3335,Fremde
3339,»,--,PUNCT,punct,3342,Euerm
3340,daß,daß,SCONJ,cp,3342,Euerm
3341,Ihr,ihr,DET,nk,3342,Euerm
3342,Euerm,Euerm,ADP,oc,3335,Fremde
3343,Weibe,Weibe,NOUN,nk,3342,Euerm
3344,nicht,nicht,PART,ng,3348,Krankheit
3345,einmal,einmal,ADV,mo,3344,nicht
3346,in,in,ADP,mo,3342,Euerm
3347,ihrer,ihr,DET,nk,3348,Krankheit
3348,Krankheit,Krankheit,NOUN,nk,3346,in
3349,die,der,DET,nk,3351,Freude
3350,unschuldige,unschuldig,ADJ,nk,3351,Freude
3351,Freude,Freude,NOUN,oa,3352,lassen
3352,lassen,lassen,VERB,oc,3353,wollt
3353,wollt,wollen,AUX,ROOT,3353,wollt
3354,",",--,PUNCT,punct,3353,wollt
3355,sich,sich,PRON,oa,3356,mit
3356,mit,mit,ADP,dep,3353,wollt
3357,meinen,mein,DET,nk,3359,Geschmeiden
3358,schönen,schön,ADJ,nk,3359,Geschmeiden
3359,Geschmeiden,Geschmeid,NOUN,nk,3356,mit
3360,herauszuputzen,herauszuputzen,VERB,ROOT,3360,herauszuputzen
3361,",",--,PUNCT,punct,3360,herauszuputzen
3362,die,der,PRON,sb,3369,sind
3363,keineswegs,keineswegs,ADV,mo,3369,sind
3364,trügerisch,trügerisch,ADV,pd,3369,sind
3365,",",--,PUNCT,punct,3364,trügerisch
3366,sondern,sondern,CCONJ,cd,3364,trügerisch
3367,wahrhaft,wahrhaft,ADV,mo,3368,echt
3368,echt,echt,ADV,cj,3366,sondern
3369,sind,sein,AUX,rc,3360,herauszuputzen
3370,.,--,PUNCT,punct,3360,herauszuputzen
3371,Wißt,Wißt,VERB,ROOT,3371,Wißt
3372,Ihr,ihr,PRON,ROOT,3372,Ihr
3373,denn,denn,CCONJ,mo,3384,verursachen
3374,nicht,nicht,PART,ng,3373,denn
3375,",",--,PUNCT,punct,3384,verursachen
3376,daß,daß,SCONJ,cp,3384,verursachen
3377,eben,eben,ADV,mo,3384,verursachen
3378,den,der,DET,nk,3379,Weibern
3379,Weibern,Weiber,NOUN,da,3384,verursachen
3380,solche,solcher,DET,nk,3381,Dinge
3381,Dinge,Ding,NOUN,oa,3384,verursachen
3382,rechte,recht,ADJ,nk,3383,Freude
3383,Freude,Freude,NOUN,oa,3384,verursachen
3384,verursachen,verursachen,VERB,ROOT,3384,verursachen
3385,?,--,PUNCT,punct,3384,verursachen
3386,Und,und,CCONJ,ROOT,3386,Und
3387,was,was,PRON,sb,3390,sagt
3388,Ihr,ihr,PRON,sb,3390,sagt
3389,da,da,ADV,mo,3390,sagt
3390,sagt,sagen,VERB,re,3400,so
3391,",",--,PUNCT,punct,3390,sagt
3392,daß,daß,SCONJ,cp,3398,zukomme
3393,solcher,solcher,DET,nk,3394,Prunk
3394,Prunk,Prunk,NOUN,sb,3398,zukomme
3395,Eurer,Eurer,DET,nk,3396,Giorgina
3396,Giorgina,Giorgina,PROPN,sb,3398,zukomme
3397,nicht,nicht,PART,ng,3398,zukomme
3398,zukomme,zukommen,VERB,oc,3390,sagt
3399,",",--,PUNCT,punct,3400,so
3400,so,so,ADV,mo,3401,muß
3401,muß,müssen,AUX,ROOT,3401,muß
3402,ich,ich,PRON,sb,3401,muß
3403,das,der,PRON,oc,3401,muß
3404,Gegenteil,Gegenteil,NOUN,oa,3405,behaupten
3405,behaupten,behaupten,VERB,ROOT,3405,behaupten
3406,.,--,PUNCT,punct,3405,behaupten
3407,Euer,Euer,DET,nk,3408,Weib
3408,Weib,Weib,NOUN,sb,3409,ist
3409,ist,sein,AUX,ROOT,3409,ist
3410,hübsch,hübsch,ADV,pd,3409,ist
3411,genug,genug,ADV,mo,3410,hübsch
3412,",",--,PUNCT,punct,3410,hübsch
3413,sich,sich,PRON,oa,3415,herauszuputzen
3414,so,so,ADV,mo,3415,herauszuputzen
3415,herauszuputzen,herauszuputzen,VERB,cj,3409,ist
3416,und,und,CCONJ,cd,3415,herauszuputzen
3417,Ihr,ihr,PRON,cj,3416,und
3418,wißt,wissen,VERB,ROOT,3418,wißt
3419,ja,ja,ADV,mo,3418,wißt
3420,nicht,nicht,PART,ng,3418,wißt
3421,",",--,PUNCT,punct,3418,wißt
3422,ob,ob,SCONJ,cp,3431,wird
3423,sie,sie,PRON,sb,3431,wird
3424,nicht,nicht,PART,ng,3430,sein
3425,einmal,einmal,ADV,mo,3424,nicht
3426,auch,auch,ADV,mo,3428,reich
3427,noch,noch,ADV,mo,3428,reich
3428,reich,reich,ADV,pd,3430,sein
3429,genug,genug,ADV,mo,3428,reich
3430,sein,sein,AUX,oc,3431,wird
3431,wird,werden,AUX,oc,3418,wißt
3432,",",--,PUNCT,punct,3418,wißt
3433,dergleichen,dergleichen,VERB,oc,3418,wißt
3434,Schmuck,Schmuck,NOUN,oa,3437,besitzen
3435,selbst,selbst,ADV,mnr,3434,Schmuck
3436,zu,zu,PART,pm,3437,besitzen
3437,besitzen,besitzen,VERB,ROOT,3437,besitzen
3438,und,und,CCONJ,cd,3437,besitzen
3439,zu,zu,PART,pm,3440,tragen
3440,tragen,tragen,VERB,cj,3438,und
3441,.,--,PUNCT,punct,3437,besitzen
3442,«,--,PUNCT,ROOT,3442,«
3443,Andres,Andres,NOUN,sb,3444,sprach
3444,sprach,sprechen,VERB,ROOT,3444,sprach
3445,mit,mit,ADP,mo,3444,sprach
3446,sehr,sehr,ADV,mo,3447,ernstem
3447,ernstem,ernst,ADJ,nk,3445,mit
3448,nachdrücklichen,nachdrücklich,ADJ,nk,3449,Ton
3449,Ton,Ton,NOUN,sb,3458,führt
3450,:,--,PUNCT,punct,3449,Ton
3451,»,--,PUNCT,punct,3453,bitte
3452,Ich,ich,PRON,sb,3453,bitte
3453,bitte,bitten,VERB,rs,3449,Ton
3454,Euch,euch,PRON,oa,3453,bitte
3455,",",--,PUNCT,punct,3453,bitte
3456,Herr,Herr,NOUN,cj,3453,bitte
3457,!,--,PUNCT,punct,3458,führt
3458,führt,führen,VERB,ROOT,3458,führt
3459,nicht,nicht,PART,ng,3458,führt
3460,solche,solcher,DET,nk,3461,geheimnisvolle
3461,geheimnisvolle,Geheimnisvolle,NOUN,oa,3458,führt
3462,verfängliche,verfänglich,ADJ,nk,3463,Reden
3463,Reden,Rede,NOUN,ROOT,3463,Reden
3464,!,--,PUNCT,punct,3463,Reden
3465,Wollt,wollen,VERB,ROOT,3465,Wollt
3466,Ihr,ihr,PRON,sb,3465,Wollt
3467,denn,denn,ADV,mo,3465,Wollt
3468,mein,mein,DET,nk,3470,Weib
3469,armes,arm,ADJ,nk,3470,Weib
3470,Weib,Weib,NOUN,oa,3471,betören
3471,betören,betören,VERB,oc,3465,Wollt
3472,",",--,PUNCT,punct,3471,betören
3473,daß,daß,SCONJ,cp,3474,sie
3474,sie,sie,PRON,ROOT,3474,sie
3475,von,von,ADP,pg,3474,sie
3476,eitlem,eitler,PRON,nk,3475,von
3477,Gelüst,Gelüst,NOUN,ROOT,3477,Gelüst
3478,nach,nach,ADP,mnr,3477,Gelüst
3479,solchem,solcher,DET,nk,3481,Prunk
3480,weltlichen,weltlich,ADJ,nk,3481,Prunk
3481,Prunk,Prunk,NOUN,nk,3478,nach
3482,und,und,CCONJ,cd,3481,Prunk
3483,Staat,Staat,NOUN,cj,3482,und
3484,nur,nur,ADV,mo,3485,drückender
3485,drückender,drückend,ADV,mo,3477,Gelüst
3486,unsere,unser,DET,nk,3487,Armut
3487,Armut,Armut,NOUN,oa,3477,Gelüst
3488,fühle,fühlen,VERB,ROOT,3488,fühle
3489,und,und,CCONJ,cd,3488,fühle
3490,um,um,ADP,cp,3498,werde
3491,alle,aller,DET,nk,3492,Lebensruhe
3492,Lebensruhe,Lebensruhe,NOUN,nk,3490,um
3493,",",--,PUNCT,punct,3498,werde
3494,um,um,SCONJ,cp,3498,werde
3495,alle,aller,DET,nk,3496,Heiterkeit
3496,Heiterkeit,Heiterkeit,NOUN,oa,3497,gebracht
3497,gebracht,bringen,VERB,oc,3498,werde
3498,werde,werden,AUX,cj,3489,und
3499,?,--,PUNCT,punct,3488,fühle
3500,Packt,Packt,VERB,ROOT,3500,Packt
3501,nur,nur,ADV,mo,3502,Eure
3502,Eure,euer,NOUN,oa,3500,Packt
3503,schöne,schön,ADJ,nk,3504,Sachen
3504,Sachen,Sache,NOUN,ROOT,3504,Sachen
3505,ein,ein,ADV,ROOT,3505,ein
3506,",",--,PUNCT,punct,3505,ein
3507,lieber,lieb,ADJ,mo,3508,Herr
3508,Herr,Herr,NOUN,cj,3505,ein
3509,!,--,PUNCT,punct,3511,will
3510,ich,ich,PRON,sb,3511,will
3511,will,wollen,AUX,ROOT,3511,will
3512,sie,sie,PRON,oa,3515,bewahren
3513,Euch,euch,PRON,oa,3515,bewahren
3514,treulich,treulich,ADV,mo,3515,bewahren
3515,bewahren,bewahren,VERB,oc,3511,will
3516,",",--,PUNCT,punct,3515,bewahren
3517,bis,bis,SCONJ,mo,3511,will
3518,Ihr,ihr,PRON,nk,3517,bis
3519,zurückkommt,zurückkommen,VERB,ROOT,3519,zurückkommt
3520,.,--,PUNCT,punct,3519,zurückkommt
3521,Aber,aber,CCONJ,ju,3522,sagt
3522,sagt,sagen,VERB,ROOT,3522,sagt
3523,mir,mir,PRON,da,3522,sagt
3524,nun,nun,ADV,mo,3522,sagt
3525,",",--,PUNCT,punct,3522,sagt
3526,wenn,wenn,SCONJ,cp,3533,möge
3527,",",--,PUNCT,punct,3533,möge
3528,wie,wie,SCONJ,mo,3532,verhüten
3529,es,es,PRON,sb,3533,möge
3530,der,der,DET,nk,3531,Himmel
3531,Himmel,Himmel,NOUN,da,3532,verhüten
3532,verhüten,verhüten,VERB,oc,3533,möge
3533,möge,mögen,AUX,mo,3522,sagt
3534,!,--,PUNCT,punct,3522,sagt
3535,Euch,euch,PRON,ROOT,3535,Euch
3536,unterdessen,unterdessen,ADV,mo,3540,sollte
3537,ein,ein,DET,nk,3538,Unglück
3538,Unglück,Unglück,NOUN,sb,3540,sollte
3539,zustoßen,zustoßen,VERB,oc,3540,sollte
3540,sollte,sollen,AUX,ROOT,3540,sollte
3541,",",--,PUNCT,punct,3540,sollte
3542,so,so,ADV,mo,3547,zurückkehrtet
3543,daß,daß,SCONJ,cp,3547,zurückkehrtet
3544,Ihr,ihr,PRON,sb,3547,zurückkehrtet
3545,nicht,nicht,PART,ng,3547,zurückkehrtet
3546,mehr,mehr,ADV,mo,3545,nicht
3547,zurückkehrtet,zurückkehrten,VERB,mo,3540,sollte
3548,in,in,ADP,mo,3547,zurückkehrtet
3549,mein,mein,DET,nk,3550,Haus
3550,Haus,Haus,NOUN,oa,3558,abliefern
3551,",",--,PUNCT,punct,3553,soll
3552,wohin,wohin,SCONJ,mo,3553,soll
3553,soll,sollen,AUX,ROOT,3553,soll
3554,ich,ich,PRON,sb,3553,soll
3555,dann,dann,ADV,mo,3553,soll
3556,das,der,DET,nk,3557,Kistchen
3557,Kistchen,Kistchen,NOUN,oa,3558,abliefern
3558,abliefern,abliefern,VERB,oc,3553,soll
3559,",",--,PUNCT,punct,3553,soll
3560,und,und,CCONJ,cd,3553,soll
3561,wie,wie,ADV,mo,3562,lange
3562,lange,lange,ADV,mo,3563,soll
3563,soll,sollen,AUX,cj,3560,und
3564,ich,ich,PRON,sb,3563,soll
3565,auf,auf,ADP,op,3567,warten
3566,Euch,euch,PRON,nk,3565,auf
3567,warten,warten,VERB,ROOT,3567,warten
3568,",",--,PUNCT,punct,3567,warten
3569,ehe,ehe,SCONJ,cp,3580,werdet
3570,ich,ich,PRON,sb,3580,werdet
3571,die,der,DET,nk,3572,Juwelen
3572,Juwelen,Juwele,NOUN,oa,3580,werdet
3573,dem,der,DET,da,3580,werdet
3574,einhändige,einhändig,ADJ,mo,3573,dem
3575,",",--,PUNCT,punct,3574,einhändige
3576,den,der,PRON,nk,3577,Ihr
3577,Ihr,ihr,PRON,da,3579,nennen
3578,mir,mir,PRON,da,3579,nennen
3579,nennen,nennen,VERB,oc,3580,werdet
3580,werdet,werden,VERB,mo,3567,warten
3581,",",--,PUNCT,punct,3567,warten
3582,so,so,ADV,mo,3589,Namen
3583,wie,wie,ADP,cm,3584,ich
3584,ich,ich,PRON,cc,3582,so
3585,Euch,euch,PRON,cc,3582,so
3586,jetzt,jetzt,ADV,mo,3585,Euch
3587,um,um,ADP,op,3585,Euch
3588,Euern,Euer,NOUN,nk,3587,um
3589,Namen,Name,NOUN,ROOT,3589,Namen
3590,bitte,bitte,ADV,mo,3589,Namen
3591,?,--,PUNCT,punct,3589,Namen
3592,«,--,PUNCT,punct,3589,Namen
3593,-,--,PUNCT,punct,3596,heiße
3594,»,--,PUNCT,punct,3596,heiße
3595,Ich,ich,PRON,sb,3596,heiße
3596,heiße,heißen,VERB,oc,3599,erwiderte
3597,«,--,PUNCT,punct,3596,heiße
3598,",",--,PUNCT,punct,3599,erwiderte
3599,erwiderte,erwidern,VERB,ROOT,3599,erwiderte
3600,der,der,DET,dep,3599,erwiderte
3601,Fremde,Fremde,PROPN,ROOT,3601,Fremde
3602,",",--,PUNCT,punct,3601,Fremde
3603,»,--,PUNCT,punct,3605,Denner
3604,Ignaz,Ignaz,PROPN,pnc,3605,Denner
3605,Denner,Denner,PROPN,app,3601,Fremde
3606,",",--,PUNCT,punct,3601,Fremde
3607,und,und,CCONJ,cd,3601,Fremde
3608,bin,sein,AUX,cj,3607,und
3609,",",--,PUNCT,punct,3608,bin
3610,wie,wie,SCONJ,cm,3611,Ihr
3611,Ihr,ihr,PRON,da,3613,wisset
3612,schon,schon,ADV,mo,3613,wisset
3613,wisset,wisset,ADJ,sb,3608,bin
3614,",",--,PUNCT,punct,3613,wisset
3615,Kauf-,Kauf,X,cj,3616,und
3616,und,und,CCONJ,cd,3617,Handelsmann
3617,Handelsmann,Handelsmann,PROPN,cj,3613,wisset
3618,.,--,PUNCT,punct,3601,Fremde
3619,Ich,ich,PRON,sb,3620,habe
3620,habe,haben,VERB,ROOT,3620,habe
3621,weder,weder,CCONJ,cd,3622,Weib
3622,Weib,Weib,NOUN,oa,3620,habe
3623,",",--,PUNCT,punct,3622,Weib
3624,noch,noch,ADV,mo,3625,Kinder
3625,Kinder,Kind,NOUN,cj,3622,Weib
3626,",",--,PUNCT,punct,3622,Weib
3627,und,und,CCONJ,cd,3622,Weib
3628,meine,mein,DET,nk,3629,Verwandte
3629,Verwandte,verwandte,NOUN,sb,3630,wohnen
3630,wohnen,wohnen,VERB,cj,3627,und
3631,im,in,ADP,mo,3630,wohnen
3632,Walliser,Walliser,NOUN,nk,3631,im
3633,Lande,Land,NOUN,nk,3632,Walliser
3634,.,--,PUNCT,punct,3620,habe
3635,Die,der,PRON,oa,3640,lieben
3636,kann,können,AUX,ROOT,3636,kann
3637,ich,ich,PRON,sb,3636,kann
3638,aber,aber,ADV,mo,3636,kann
3639,keineswegs,keineswegs,ADV,mo,3636,kann
3640,lieben,lieben,VERB,oc,3636,kann
3641,und,und,CCONJ,cd,3636,kann
3642,achten,achten,VERB,cj,3641,und
3643,",",--,PUNCT,punct,3642,achten
3644,da,da,SCONJ,cp,3646,sich
3645,sie,sie,PRON,sb,3646,sich
3646,sich,sich,PRON,mo,3636,kann
3647,",",--,PUNCT,punct,3646,sich
3648,als,als,SCONJ,cm,3649,ich
3649,ich,ich,PRON,mo,3646,sich
3650,noch,noch,ADV,mo,3651,arm
3651,arm,arm,ADV,pd,3649,ich
3652,und,und,CCONJ,ROOT,3652,und
3653,bedürftig,bedürftig,ADV,pd,3654,war
3654,war,sein,AUX,cj,3652,und
3655,",",--,PUNCT,punct,3654,war
3656,um,um,SCONJ,cp,3661,haben
3657,mich,mich,PRON,oa,3660,gekümmert
3658,gar,gar,ADV,mo,3659,nicht
3659,nicht,nicht,PART,ng,3660,gekümmert
3660,gekümmert,kümmern,VERB,oc,3661,haben
3661,haben,haben,AUX,mo,3654,war
3662,.,--,PUNCT,punct,3652,und
3663,Sollte,sollen,AUX,ROOT,3663,Sollte
3664,ich,ich,PRON,sb,3663,Sollte
3665,in,in,ADP,mo,3663,Sollte
3666,drei,drei,NUM,nk,3667,Jahren
3667,Jahren,Jahr,NOUN,nk,3665,in
3668,mich,mich,PRON,oa,3670,sehen
3669,nicht,nicht,PART,ng,3671,lassen
3670,sehen,sehen,VERB,oc,3671,lassen
3671,lassen,lassen,VERB,re,3673,so
3672,",",--,PUNCT,punct,3673,so
3673,so,so,ADV,mo,3674,behaltet
3674,behaltet,behalten,VERB,ROOT,3674,behaltet
3675,das,der,DET,nk,3676,Kistchen
3676,Kistchen,Kistchen,NOUN,sb,3674,behaltet
3677,ruhig,ruhig,ADV,mo,3674,behaltet
3678,an,an,ADP,mo,3674,behaltet
3679,Euch,euch,PRON,nk,3678,an
3680,und,und,CCONJ,cd,3674,behaltet
3681,",",--,PUNCT,punct,3674,behaltet
3682,da,da,SCONJ,mo,3674,behaltet
3683,ich,ich,PRON,sb,3674,behaltet
3684,wohl,wohl,ADV,mo,3685,weiß
3685,weiß,wissen,VERB,ROOT,3685,weiß
3686,",",--,PUNCT,punct,3685,weiß
3687,daß,daß,SCONJ,cp,3696,werdet
3688,beide,beide,PRON,sb,3696,werdet
3689,",",--,PUNCT,punct,3688,beide
3690,Ihr,ihr,PRON,cj,3688,beide
3691,und,und,CCONJ,cd,3690,Ihr
3692,Giorgina,Giorgina,PROPN,cj,3691,und
3693,",",--,PUNCT,punct,3696,werdet
3694,Euch,euch,PRON,sb,3696,werdet
3695,sträuben,sträuben,VERB,oc,3696,werdet
3696,werdet,werden,VERB,oc,3685,weiß
3697,",",--,PUNCT,punct,3696,werdet
3698,das,der,PRON,oa,3699,reiche
3699,reiche,reich,ADJ,oc,3685,weiß
3700,Vermächtnis,Vermächtnis,NOUN,re,3705,so
3701,von,von,ADP,pg,3700,Vermächtnis
3702,mir,mir,PRON,nk,3701,von
3703,anzunehmen,annehmen,VERB,oc,3700,Vermächtnis
3704,",",--,PUNCT,punct,3705,so
3705,so,so,ADV,mo,3706,schenke
3706,schenke,schenken,VERB,ROOT,3706,schenke
3707,ich,ich,PRON,sb,3706,schenke
3708,in,in,ADP,mo,3706,schenke
3709,jenem,jener,DET,nk,3710,Fall
3710,Fall,Fall,NOUN,nk,3708,in
3711,das,der,DET,nk,3712,Kästchen
3712,Kästchen,Kästchen,NOUN,oa,3706,schenke
3713,mit,mit,ADP,svp,3706,schenke
3714,Kleinodien,Kleinodie,NOUN,ROOT,3714,Kleinodien
3715,Euerm,Euerm,ADP,nk,3716,Knaben
3716,Knaben,Knabe,NOUN,da,3728,Namen
3717,",",--,PUNCT,punct,3716,Knaben
3718,dem,der,PRON,da,3725,laßt
3719,ich,ich,PRON,sb,3725,laßt
3720,",",--,PUNCT,punct,3725,laßt
3721,wenn,wenn,SCONJ,cp,3725,laßt
3722,Ihr,ihr,PRON,sb,3725,laßt
3723,ihn,ihn,PRON,oa,3724,firmeln
3724,firmeln,firmeln,VERB,oc,3725,laßt
3725,laßt,lassen,VERB,rc,3716,Knaben
3726,",",--,PUNCT,punct,3725,laßt
3727,den,der,DET,nk,3728,Namen
3728,Namen,Name,NOUN,ROOT,3728,Namen
3729,Ignatius,Ignatius,PROPN,nk,3728,Namen
3730,beizugeben,beizugeben,VERB,ROOT,3730,beizugeben
3731,bitte,bitte,PART,mo,3730,beizugeben
3732,.,--,PUNCT,punct,3730,beizugeben
3733,«,--,PUNCT,punct,3735,wußte
3734,Andres,Andres,NOUN,sb,3735,wußte
3735,wußte,wissen,VERB,ROOT,3735,wußte
3736,in,in,ADP,mo,3735,wußte
3737,der,der,DET,nk,3738,Tat
3738,Tat,Tat,NOUN,nk,3736,in
3739,nicht,nicht,PART,ng,3735,wußte
3740,",",--,PUNCT,punct,3735,wußte
3741,was,was,PRON,oa,3735,wußte
3742,er,er,PRON,sb,3735,wußte
3743,aus,aus,ADP,mnr,3742,er
3744,der,der,DET,nk,3745,seltenen
3745,seltenen,selten,ADJ,nk,3743,aus
3746,Freigebigkeit,Freigebigkeit,NOUN,oa,3752,machen
3747,und,und,CCONJ,cd,3746,Freigebigkeit
3748,Großmut,Großmut,NOUN,cj,3747,und
3749,des,der,DET,nk,3751,Mannes
3750,fremden,fremd,ADJ,nk,3751,Mannes
3751,Mannes,Mann,NOUN,ag,3746,Freigebigkeit
3752,machen,machen,VERB,oc,3753,sollte
3753,sollte,sollen,AUX,ROOT,3753,sollte
3754,.,--,PUNCT,punct,3753,sollte
3755,Er,er,PRON,sb,3756,stand
3756,stand,stehen,VERB,ROOT,3756,stand
3757,ganz,ganz,ADV,mo,3756,stand
3758,verstummt,verstummen,VERB,ROOT,3758,verstummt
3759,vor,vor,ADP,mo,3758,verstummt
3760,ihm,ihm,PRON,nk,3759,vor
3761,",",--,PUNCT,punct,3758,verstummt
3762,indes,indes,ADV,mo,3769,dankte
3763,Giorgina,Giorgina,PROPN,sb,3769,dankte
3764,ihm,ihm,PRON,da,3769,dankte
3765,für,für,ADP,mo,3769,dankte
3766,seinen,sein,DET,nk,3768,Willen
3767,guten,gut,ADJ,nk,3768,Willen
3768,Willen,Wille,NOUN,nk,3765,für
3769,dankte,danken,VERB,mo,3758,verstummt
3770,und,und,CCONJ,cd,3769,dankte
3771,versicherte,versichern,VERB,ROOT,3771,versicherte
3772,",",--,PUNCT,punct,3771,versicherte
3773,zu,zu,ADP,mo,3779,beten
3774,Gott,Gott,NOUN,nk,3773,zu
3775,und,und,CCONJ,cd,3774,Gott
3776,den,der,DET,nk,3777,Heiligen
3777,Heiligen,heilig,NOUN,cj,3775,und
3778,fleißig,fleißig,ADV,mo,3779,beten
3779,beten,beten,VERB,oc,3781,wollen
3780,zu,zu,PART,pm,3781,wollen
3781,wollen,wollen,AUX,oc,3771,versicherte
3782,",",--,PUNCT,punct,3781,wollen
3783,daß,daß,SCONJ,cp,3784,sie
3784,sie,sie,PRON,sb,3771,versicherte
3785,ihn,ihn,PRON,oa,3786,auf
3786,auf,auf,ADP,mnr,3784,sie
3787,seinen,sein,DET,nk,3790,Reisen
3788,weiten,weit,ADJ,nk,3790,Reisen
3789,beschwerlichen,beschwerlich,ADJ,nk,3790,Reisen
3790,Reisen,Reise,NOUN,oa,3791,beschützen
3791,beschützen,beschützen,VERB,ROOT,3791,beschützen
3792,und,und,CCONJ,cd,3791,beschützen
3793,ihn,ihn,PRON,ROOT,3793,ihn
3794,stets,stets,ADV,mo,3793,ihn
3795,glücklich,glücklich,ADV,pd,3793,ihn
3796,in,in,ADP,mo,3795,glücklich
3797,ihr,ihr,PRON,nk,3796,in
3798,Haus,Haus,NOUN,oa,3799,zurückführen
3799,zurückführen,zurückführen,VERB,oc,3800,möchten
3800,möchten,möchten,AUX,ROOT,3800,möchten
3801,.,--,PUNCT,punct,3800,möchten
3802,Der,der,DET,nk,3803,Fremde
3803,Fremde,Fremde,NOUN,sb,3804,lächelte
3804,lächelte,lächelen,VERB,ROOT,3804,lächelte
3805,",",--,PUNCT,punct,3804,lächelte
3806,so,so,ADV,mo,3804,lächelte
3807,wie,wie,SCONJ,cm,3811,war
3808,es,es,PRON,sb,3811,war
3809,seine,sein,DET,nk,3810,Art
3810,Art,Art,NOUN,pd,3811,war
3811,war,sein,AUX,cc,3806,so
3812,",",--,PUNCT,punct,3804,lächelte
3813,auf,auf,ADP,mo,3804,lächelte
3814,seltsame,seltsam,ADJ,nk,3815,Weise
3815,Weise,Weise,NOUN,ROOT,3815,Weise
3816,und,und,CCONJ,ju,3817,meinte
3817,meinte,meinen,VERB,ROOT,3817,meinte
3818,",",--,PUNCT,punct,3817,meinte
3819,daß,daß,SCONJ,cp,3822,Gebet
3820,wohl,wohl,ADV,mo,3822,Gebet
3821,das,der,DET,nk,3822,Gebet
3822,Gebet,Gebet,NOUN,oc,3817,meinte
3823,einer,ein,DET,nk,3825,Frau
3824,schönen,schön,ADJ,nk,3825,Frau
3825,Frau,Frau,NOUN,ag,3822,Gebet
3826,mehr,mehr,DET,nk,3827,Kraft
3827,Kraft,Kraft,NOUN,oa,3822,Gebet
3828,haben,haben,AUX,oc,3829,möge
3829,möge,mögen,AUX,ROOT,3829,möge
3830,",",--,PUNCT,punct,3829,möge
3831,als,als,SCONJ,cm,3833,seinige
3832,das,der,DET,nk,3833,seinige
3833,seinige,seinig,ADJ,mo,3828,haben
3834,.,--,PUNCT,punct,3829,möge
3835,Das,der,DET,nk,3836,Beten
3836,Beten,Beten,NOUN,oa,3841,überlassen
3837,wolle,wollen,AUX,ROOT,3837,wolle
3838,er,er,PRON,sb,3837,wolle
3839,daher,daher,ADV,mo,3837,wolle
3840,ihr,ihr,DET,da,3841,überlassen
3841,überlassen,überlassen,VERB,oc,3837,wolle
3842,und,und,CCONJ,cd,3841,überlassen
3843,übrigens,übrigens,ADV,mo,3847,Körper
3844,seinem,sein,DET,nk,3847,Körper
3845,kräftigen,kräftig,ADJ,nk,3847,Körper
3846,abgehärteten,abgehärtet,ADJ,nk,3847,Körper
3847,Körper,Körper,NOUN,ROOT,3847,Körper
3848,und,und,CCONJ,cd,3847,Körper
3849,seinen,sein,DET,nk,3851,Waffen
3850,guten,gut,ADJ,nk,3851,Waffen
3851,Waffen,Waffe,NOUN,cj,3848,und
3852,vertrauen,vertrauen,VERB,ROOT,3852,vertrauen
3853,.,--,PUNCT,punct,3852,vertrauen
3854,Dem,der,DET,nk,3856,Andres
3855,frommen,fromm,ADJ,nk,3856,Andres
3856,Andres,Andr,NOUN,da,3857,mißfiel
3857,mißfiel,mißfiel,VERB,ROOT,3857,mißfiel
3858,diese,dieser,DET,nk,3859,Äußerung
3859,Äußerung,Äußerung,NOUN,sb,3857,mißfiel
3860,des,der,DET,nk,3861,Fremden
3861,Fremden,fremde,NOUN,ag,3859,Äußerung
3862,höchlich,höchlich,ADV,mo,3857,mißfiel
3863,;,--,PUNCT,punct,3857,mißfiel
3864,indessen,indessen,ADV,ROOT,3864,indessen
3865,verschwieg,verschweigen,VERB,ROOT,3865,verschwieg
3866,er,er,PRON,sb,3865,verschwieg
3867,das,der,PRON,oa,3865,verschwieg
3868,",",--,PUNCT,punct,3867,das
3869,was,wer,PRON,oa,3877,stand
3870,er,er,PRON,sb,3877,stand
3871,darauf,darauf,ADV,op,3877,stand
3872,zu,zu,PART,pm,3873,erwidern
3873,erwidern,Erwidern,VERB,nk,3871,darauf
3874,schon,schon,ADV,mo,3875,im
3875,im,in,ADP,mo,3877,stand
3876,Begriff,Begriff,NOUN,nk,3875,im
3877,stand,stehen,VERB,rc,3867,das
3878,",",--,PUNCT,punct,3865,verschwieg
3879,und,und,CCONJ,cd,3865,verschwieg
3880,trieb,treiben,VERB,cj,3879,und
3881,vielmehr,vielmehr,ADV,mo,3883,Fremden
3882,den,der,DET,nk,3883,Fremden
3883,Fremden,fremde,NOUN,ROOT,3883,Fremden
3884,an,an,ADP,punct,3883,Fremden
3885,",",--,PUNCT,punct,3883,Fremden
3886,jetzt,jetzt,ADV,mo,3893,beginnen
3887,die,der,DET,nk,3888,Wanderung
3888,Wanderung,Wanderung,NOUN,oa,3893,beginnen
3889,durch,durch,ADP,mo,3893,beginnen
3890,den,der,DET,nk,3891,Forst
3891,Forst,Forst,NOUN,nk,3889,durch
3892,zu,zu,PART,pm,3893,beginnen
3893,beginnen,beginnen,VERB,oc,3883,Fremden
3894,",",--,PUNCT,punct,3893,beginnen
3895,da,da,SCONJ,ROOT,3895,da
3896,er,er,PRON,sb,3895,da
3897,sonst,sonst,ADV,mo,3905,zurückkehren
3898,erst,erst,ADV,mo,3899,in
3899,in,in,ADP,mo,3905,zurückkehren
3900,später,spät,ADJ,nk,3901,Nacht
3901,Nacht,Nacht,NOUN,nk,3899,in
3902,in,in,ADP,mo,3905,zurückkehren
3903,sein,sein,DET,nk,3904,Haus
3904,Haus,Haus,NOUN,nk,3902,in
3905,zurückkehren,zurückkehren,VERB,ROOT,3905,zurückkehren
3906,und,und,CCONJ,cd,3905,zurückkehren
3907,seine,sein,DET,nk,3908,Giorgina
3908,Giorgina,Giorgina,PROPN,cj,3906,und
3909,in,in,ADP,mo,3905,zurückkehren
3910,Furcht,Furcht,NOUN,oa,3913,setzen
3911,und,und,CCONJ,cd,3910,Furcht
3912,Angst,Angst,NOUN,cj,3911,und
3913,setzen,setzen,VERB,oc,3914,würde
3914,würde,werden,AUX,ROOT,3914,würde
3915,.,--,PUNCT,punct,3914,würde
3916,Der,der,DET,nk,3917,Fremde
3917,Fremde,Fremde,NOUN,sb,3918,sagte
3918,sagte,sagen,VERB,ROOT,3918,sagte
3919,beim,bei,ADP,mo,3918,sagte
3920,Abschied,Abschied,NOUN,nk,3919,beim
3921,noch,noch,ADV,mo,3918,sagte
3922,Giorginen,giorginen,NOUN,oa,3918,sagte
3923,:,--,PUNCT,punct,3922,Giorginen
3924,daß,daß,SCONJ,cp,3928,erlaube
3925,er,er,PRON,sb,3928,erlaube
3926,ausdrücklich,ausdrücklich,ADV,mo,3928,erlaube
3927,ihr,ihr,PRON,da,3928,erlaube
3928,erlaube,erlauben,VERB,oc,3922,Giorginen
3929,",",--,PUNCT,punct,3928,erlaube
3930,sich,sich,PRON,da,3936,mache
3931,",",--,PUNCT,punct,3930,sich
3932,wenn,wenn,SCONJ,cp,3936,mache
3933,es,es,PRON,sb,3936,mache
3934,ihr,ihr,DET,nk,3935,Vergnügen
3935,Vergnügen,Vergnügen,NOUN,oa,3936,mache
3936,mache,machen,VERB,ROOT,3936,mache
3937,",",--,PUNCT,punct,3936,mache
3938,mit,mit,ADP,mo,3942,schmücken
3939,seinen,sein,DET,nk,3940,Geschmeiden
3940,Geschmeiden,Geschmeid,NOUN,nk,3938,mit
3941,zu,zu,PART,pm,3942,schmücken
3942,schmücken,schmücken,VERB,cj,3936,mache
3943,",",--,PUNCT,punct,3942,schmücken
3944,da,da,SCONJ,ROOT,3944,da
3945,es,es,PRON,ROOT,3945,es
3946,ihr,ihr,PRON,da,3957,mangle
3947,ja,ja,ADV,mo,3957,mangle
3948,ohnedies,ohnedies,ADV,mo,3957,mangle
3949,in,in,ADP,mo,3957,mangle
3950,diesem,dieser,DET,nk,3953,Forst
3951,einsamen,einsam,ADJ,nk,3953,Forst
3952,wilden,wild,ADJ,nk,3953,Forst
3953,Forst,Forst,NOUN,nk,3949,in
3954,an,an,ADP,mo,3957,mangle
3955,jeder,jeder,DET,nk,3956,Belustigung
3956,Belustigung,Belustigung,NOUN,nk,3954,an
3957,mangle,mangle,VERB,ROOT,3957,mangle
3958,.,--,PUNCT,punct,3957,mangle
3959,Giorgina,Giorgina,PROPN,sb,3960,errötete
3960,errötete,erröten,VERB,ROOT,3960,errötete
3961,vor,vor,ADP,mo,3960,errötete
3962,innerm,innerm,ADJ,nk,3963,Vergnügen
3963,Vergnügen,Vergnügen,NOUN,nk,3961,vor
3964,",",--,PUNCT,punct,3960,errötete
3965,da,da,SCONJ,cp,3971,eigne
3966,sie,sie,PRON,sb,3971,eigne
3967,freilich,freilich,ADV,mo,3971,eigne
3968,die,der,DET,nk,3970,Nation
3969,ihrer,ihr,DET,nk,3970,Nation
3970,Nation,Nation,NOUN,oa,3971,eigne
3971,eigne,eigne,VERB,mo,3960,errötete
3972,Lust,Lust,NOUN,ROOT,3972,Lust
3973,an,an,ADP,mnr,3972,Lust
3974,glänzendem,glänzend,ADJ,nk,3975,Staat
3975,Staat,Staat,NOUN,nk,3973,an
3976,und,und,CCONJ,cd,3972,Lust
3977,vorzüglich,vorzüglich,ADV,mo,3978,an
3978,an,an,ADP,cj,3976,und
3979,kostbaren,kostbar,ADJ,nk,3980,Steinen
3980,Steinen,Stein,NOUN,nk,3978,an
3981,nicht,nicht,PART,ng,3972,Lust
3982,unterdrücken,unterdrücken,VERB,oc,3972,Lust
3983,konnte,können,AUX,ROOT,3983,konnte
3984,.,--,PUNCT,punct,3983,konnte
3985,-,--,PUNCT,punct,3987,schritten
3986,Nun,nun,ADV,mo,3987,schritten
3987,schritten,schriten,VERB,ROOT,3987,schritten
3988,Denner,Denner,NOUN,sb,3987,schritten
3989,und,und,CCONJ,cd,3988,Denner
3990,Andres,Andr,NOUN,cj,3989,und
3991,rasch,rasch,ADV,mo,3987,schritten
3992,vorwärts,vorwärts,ADV,mo,3987,schritten
3993,durch,durch,ADP,mo,3987,schritten
3994,den,der,DET,nk,3995,finstern
3995,finstern,finstern,NOUN,nk,3993,durch
3996,öden,öde,ADJ,nk,3997,Wald
3997,Wald,Wald,NOUN,ROOT,3997,Wald
3998,.,--,PUNCT,punct,3997,Wald
3999,In,in,ADP,mo,4003,schnupperten
4000,dem,der,DET,nk,4002,Gebüsch
4001,dicksten,dickst,ADJ,nk,4002,Gebüsch
4002,Gebüsch,Gebüsch,NOUN,nk,3999,In
4003,schnupperten,schnupperen,VERB,ROOT,4003,schnupperten
4004,die,der,DET,nk,4005,Doggen
4005,Doggen,Dogg,NOUN,sb,4003,schnupperten
4006,umher,umh,ADV,mo,4003,schnupperten
4007,und,und,CCONJ,cd,4006,umher
4008,klafften,Klafft,ADJ,cj,4007,und
4009,",",--,PUNCT,punct,4003,schnupperten
4010,den,der,DET,nk,4011,Herrn
4011,Herrn,Herr,NOUN,ROOT,4011,Herrn
4012,mit,mit,ADP,mnr,4011,Herrn
4013,klugen,klug,ADJ,nk,4015,Augen
4014,beredten,beredt,ADJ,nk,4015,Augen
4015,Augen,Auge,NOUN,nk,4012,mit
4016,anschauend,anschauend,ADV,pd,4011,Herrn
4017,.,--,PUNCT,punct,4011,Herrn
4018,»,--,PUNCT,punct,4020,ist
4019,Hier,hier,ADV,mo,4020,ist
4020,ist,sein,AUX,ROOT,4020,ist
4021,es,es,PRON,sb,4020,ist
4022,nicht,nicht,PART,ng,4020,ist
4023,geheuer,geheuer,ADV,pd,4020,ist
4024,«,--,PUNCT,punct,4020,ist
4025,",",--,PUNCT,punct,4020,ist
4026,sprach,sprechen,VERB,mo,4029,spannte
4027,Andres,Andres,NOUN,sb,4026,sprach
4028,",",--,PUNCT,punct,4029,spannte
4029,spannte,spannen,VERB,ROOT,4029,spannte
4030,den,der,DET,nk,4031,Hahn
4031,Hahn,Hahn,NOUN,oa,4029,spannte
4032,seiner,sein,DET,nk,4033,Büchse
4033,Büchse,Büchse,NOUN,ag,4031,Hahn
4034,und,und,CCONJ,cd,4029,spannte
4035,schritt,Schritt,NOUN,cj,4034,und
4036,mit,mit,ADP,op,4035,schritt
4037,den,der,DET,nk,4038,Hunden
4038,Hunden,Hund,NOUN,nk,4036,mit
4039,bedächtig,bedächtig,ADV,ROOT,4039,bedächtig
4040,vor,vor,ADP,mo,4039,bedächtig
4041,dem,der,DET,nk,4043,Kaufmann
4042,fremden,fremd,ADJ,nk,4043,Kaufmann
4043,Kaufmann,Kaufmann,NOUN,nk,4040,vor
4044,her,her,ADV,mo,4039,bedächtig
4045,.,--,PUNCT,punct,4039,bedächtig
4046,Oft,oft,ADV,mo,4047,war
4047,war,sein,AUX,ROOT,4047,war
4048,es,es,PRON,sb,4047,war
4049,ihm,ihm,PRON,da,4047,war
4050,",",--,PUNCT,punct,4047,war
4051,als,als,SCONJ,mo,4047,war
4052,rausche,rausch,NOUN,nk,4051,als
4053,es,es,PRON,oa,4052,rausche
4054,in,in,ADP,mo,4051,als
4055,den,der,DET,dep,4047,war
4056,Bäumen,Bäume,NOUN,oa,4059,erblickte
4057,und,und,CCONJ,cd,4056,Bäumen
4058,bald,bald,ADV,mo,4059,erblickte
4059,erblickte,erblicken,VERB,ROOT,4059,erblickte
4060,er,er,PRON,sb,4059,erblickte
4061,in,in,ADP,mo,4059,erblickte
4062,der,der,DET,nk,4063,Ferne
4063,Ferne,Ferne,NOUN,nk,4061,in
4064,finstre,finstre,X,nk,4065,Gestalten
4065,Gestalten,Gestalt,NOUN,oa,4059,erblickte
4066,",",--,PUNCT,punct,4065,Gestalten
4067,die,der,PRON,oa,4059,erblickte
4068,gleich,gleich,ADV,mo,4069,wieder
4069,wieder,wieder,ADV,mo,4059,erblickte
4070,in,in,ADP,mo,4073,verschwanden
4071,dem,der,DET,nk,4072,Gebüsch
4072,Gebüsch,Gebüsch,NOUN,nk,4070,in
4073,verschwanden,verschwinden,VERB,ROOT,4073,verschwanden
4074,.,--,PUNCT,punct,4073,verschwanden
4075,Er,er,PRON,sb,4076,wollte
4076,wollte,wollen,AUX,ROOT,4076,wollte
4077,seine,sein,DET,nk,4078,Doggen
4078,Doggen,Dogg,NOUN,oa,4079,loskuppeln
4079,loskuppeln,loskuppeln,VERB,oc,4076,wollte
4080,.,--,PUNCT,punct,4076,wollte
4081,»,--,PUNCT,punct,4082,Tut
4082,Tut,Tut,VERB,ROOT,4082,Tut
4083,das,der,PRON,sb,4082,Tut
4084,nicht,nicht,PART,ng,4082,Tut
4085,",",--,PUNCT,punct,4082,Tut
4086,lieber,lieb,ADJ,nk,4087,Mann
4087,Mann,Mann,NOUN,sb,4098,versichern
4088,!,--,PUNCT,punct,4090,rief
4089,«,--,PUNCT,punct,4090,rief
4090,rief,rufen,VERB,ROOT,4090,rief
4091,Denner,Denner,PROPN,sb,4090,rief
4092,",",--,PUNCT,punct,4090,rief
4093,»,--,PUNCT,punct,4090,rief
4094,denn,denn,CCONJ,cd,4090,rief
4095,ich,ich,PRON,sb,4096,kann
4096,kann,können,AUX,cj,4094,denn
4097,Euch,euch,PRON,oa,4098,versichern
4098,versichern,versichern,VERB,oc,4096,kann
4099,",",--,PUNCT,punct,4098,versichern
4100,daß,daß,SCONJ,cp,4103,das
4101,wir,wir,PRON,sb,4100,daß
4102,nicht,nicht,PART,ng,4103,das
4103,das,der,PRON,oa,4090,rief
4104,mindeste,minde,ADJ,sb,4107,haben
4105,zu,zu,PART,pm,4106,fürchten
4106,fürchten,fürchten,VERB,oc,4107,haben
4107,haben,haben,AUX,ROOT,4107,haben
4108,.,--,PUNCT,punct,4107,haben
4109,«,--,PUNCT,punct,4107,haben
4110,Kaum,kaum,ADV,mo,4115,gesprochen
4111,hatte,haben,AUX,ROOT,4111,hatte
4112,er,er,PRON,sb,4111,hatte
4113,diese,dieser,DET,nk,4114,Worte
4114,Worte,Wort,NOUN,oa,4115,gesprochen
4115,gesprochen,sprechen,VERB,oc,4111,hatte
4116,",",--,PUNCT,punct,4115,gesprochen
4117,als,als,SCONJ,dep,4111,hatte
4118,nur,nur,ADV,mo,4117,als
4119,wenige,weniger,DET,nk,4120,Schritte
4120,Schritte,Schritt,NOUN,ROOT,4120,Schritte
4121,von,von,ADP,mnr,4120,Schritte
4122,ihnen,ihnen,PRON,nk,4121,von
4123,ein,ein,DET,nk,4126,Kerl
4124,großer,groß,ADJ,nk,4126,Kerl
4125,schwarzer,schwarz,ADJ,nk,4126,Kerl
4126,Kerl,Kerl,NOUN,mnr,4120,Schritte
4127,mit,mit,ADP,mnr,4126,Kerl
4128,struppigen,struppig,ADJ,nk,4129,Haaren
4129,Haaren,Haar,NOUN,nk,4127,mit
4130,und,und,CCONJ,cd,4126,Kerl
4131,großem,groß,ADJ,nk,4132,Knebelbart
4132,Knebelbart,Knebelbart,NOUN,ROOT,4132,Knebelbart
4133,",",--,PUNCT,punct,4132,Knebelbart
4134,eine,ein,DET,nk,4135,Büchse
4135,Büchse,Büchse,NOUN,app,4132,Knebelbart
4136,in,in,ADP,mnr,4135,Büchse
4137,der,der,DET,nk,4138,Hand
4138,Hand,Hand,NOUN,nk,4136,in
4139,",",--,PUNCT,punct,4135,Büchse
4140,aus,aus,ADP,mo,4143,heraustrat
4141,dem,der,DET,nk,4142,Gebüsch
4142,Gebüsch,Gebüsch,NOUN,nk,4140,aus
4143,heraustrat,Heraustrat,VERB,mnr,4135,Büchse
4144,.,--,PUNCT,punct,4132,Knebelbart
4145,Andres,Andres,NOUN,ROOT,4145,Andres
4146,machte,machen,VERB,ROOT,4146,machte
4147,sich,sich,PRON,oa,4146,machte
4148,schußfertig,schußfertig,ADV,mo,4146,machte
4149,;,--,PUNCT,punct,4146,machte
4150,»,--,PUNCT,punct,4151,schießt
4151,schießt,schießen,VERB,oc,4154,schießt
4152,nicht,nicht,PART,ng,4151,schießt
4153,",",--,PUNCT,punct,4154,schießt
4154,schießt,schießen,VERB,oc,4158,rief
4155,nicht,nicht,PART,ng,4154,schießt
4156,!,--,PUNCT,punct,4158,rief
4157,«,--,PUNCT,punct,4158,rief
4158,rief,rufen,VERB,ROOT,4158,rief
4159,Denner,Denner,PROPN,sb,4158,rief
4160,;,--,PUNCT,punct,4158,rief
4161,der,der,DET,ROOT,4161,der
4162,schwarze,schwarz,ADJ,nk,4163,Kerl
4163,Kerl,Kerl,NOUN,sb,4164,nickte
4164,nickte,nicken,VERB,ROOT,4164,nickte
4165,ihm,ihm,PRON,da,4164,nickte
4166,freundlich,freundlich,ADV,mo,4164,nickte
4167,zu,zu,ADP,svp,4164,nickte
4168,und,und,CCONJ,cd,4164,nickte
4169,verlor,verlieren,VERB,cj,4168,und
4170,sich,sich,PRON,oa,4169,verlor
4171,in,in,ADP,mo,4169,verlor
4172,den,der,DET,nk,4173,Bäumen
4173,Bäumen,Baum,NOUN,nk,4171,in
4174,.,--,PUNCT,punct,4164,nickte
4175,Endlich,endlich,ADV,ROOT,4175,Endlich
4176,waren,sein,AUX,ROOT,4176,waren
4177,sie,sie,PRON,sb,4176,waren
4178,aus,aus,ADP,mo,4176,waren
4179,dem,der,DET,nk,4180,Walde
4180,Walde,Walde,NOUN,nk,4178,aus
4181,heraus,heraus,ADV,svp,4176,waren
4182,",",--,PUNCT,punct,4176,waren
4183,auf,auf,ADP,mo,4176,waren
4184,der,der,DET,nk,4186,Landstraße
4185,lebhaften,lebhaft,ADJ,nk,4186,Landstraße
4186,Landstraße,Landstraße,NOUN,nk,4183,auf
4187,.,--,PUNCT,punct,4176,waren
4188,»,--,PUNCT,punct,4190,danke
4189,Nun,nun,ADV,mo,4190,danke
4190,danke,danken,VERB,ROOT,4190,danke
4191,ich,ich,PRON,sb,4190,danke
4192,Euch,euch,PRON,sb,4199,sprach
4193,herzlich,herzlich,ADV,mo,4194,für
4194,für,für,ADP,mnr,4192,Euch
4195,Euer,Euer,PROPN,nk,4196,Geleite
4196,Geleite,Geleite,NOUN,nk,4194,für
4197,«,--,PUNCT,punct,4196,Geleite
4198,",",--,PUNCT,punct,4199,sprach
4199,sprach,sprechen,VERB,ROOT,4199,sprach
4200,Denner,Denner,PROPN,sb,4199,sprach
4201,;,--,PUNCT,punct,4199,sprach
4202,»,--,PUNCT,punct,4203,kehrt
4203,kehrt,kehren,VERB,ROOT,4203,kehrt
4204,nur,nur,ADV,mo,4205,jetzt
4205,jetzt,jetzt,ADV,mo,4203,kehrt
4206,in,in,ADP,mo,4203,kehrt
4207,Eure,euer,NOUN,nk,4206,in
4208,Wohnung,Wohnung,NOUN,mo,4211,sollten
4209,zurück,zurück,ADV,pd,4208,Wohnung
4210,;,--,PUNCT,punct,4211,sollten
4211,sollten,sollen,AUX,ROOT,4211,sollten
4212,Euch,euch,PRON,da,4216,aufstoßen
4213,wieder,wieder,ADV,mo,4211,sollten
4214,solche,solcher,DET,nk,4215,Gestalten
4215,Gestalten,Gestalt,NOUN,sb,4211,sollten
4216,aufstoßen,aufstoßen,VERB,oc,4211,sollten
4217,",",--,PUNCT,punct,4216,aufstoßen
4218,wie,wie,SCONJ,mo,4219,wir
4219,wir,wir,PRON,cc,4208,Wohnung
4220,sie,sie,PRON,oa,4211,sollten
4221,gesehen,sehen,VERB,re,4223,so
4222,",",--,PUNCT,punct,4223,so
4223,so,so,ADV,mo,4224,zieht
4224,zieht,ziehen,VERB,ROOT,4224,zieht
4225,ruhig,ruhig,ADV,mo,4224,zieht
4226,Eure,euer,DET,nk,4227,Straße
4227,Straße,Straße,NOUN,oa,4224,zieht
4228,fort,fort,ADV,svp,4224,zieht
4229,",",--,PUNCT,punct,4224,zieht
4230,ohne,ohne,SCONJ,cp,4234,kümmern
4231,Euch,euch,PRON,oa,4234,kümmern
4232,darum,darum,ADV,op,4234,kümmern
4233,zu,zu,PART,pm,4234,kümmern
4234,kümmern,kümmern,VERB,mo,4224,zieht
4235,.,--,PUNCT,punct,4224,zieht
4236,Tut,Tut,ADV,ROOT,4236,Tut
4237,",",--,PUNCT,punct,4236,Tut
4238,als,als,ADP,mo,4236,Tut
4239,wenn,wenn,SCONJ,cp,4243,bemerktet
4240,Ihr,ihr,PRON,sb,4243,bemerktet
4241,gar,gar,ADV,mo,4242,nichts
4242,nichts,nichts,PRON,oa,4243,bemerktet
4243,bemerktet,bemerkten,VERB,mo,4245,behaltet
4244,",",--,PUNCT,punct,4245,behaltet
4245,behaltet,behalten,VERB,ROOT,4245,behaltet
4246,Eure,euer,DET,nk,4247,Doggen
4247,Doggen,Dogg,NOUN,sb,4245,behaltet
4248,am,an,ADP,mnr,4247,Doggen
4249,Strick,Strick,NOUN,nk,4248,am
4250,",",--,PUNCT,punct,4245,behaltet
4251,Ihr,ihr,PRON,sb,4252,werdet
4252,werdet,werden,VERB,cj,4245,behaltet
4253,ohne,ohne,ADP,mo,4252,werdet
4254,alle,aller,DET,nk,4255,Gefahr
4255,Gefahr,Gefahr,NOUN,oa,4258,erreichen
4256,Eure,euer,DET,nk,4257,Wohnung
4257,Wohnung,Wohnung,NOUN,oa,4258,erreichen
4258,erreichen,erreichen,VERB,ROOT,4258,erreichen
4259,.,--,PUNCT,punct,4258,erreichen
4260,«,--,PUNCT,punct,4262,wußte
4261,Andres,Andres,NOUN,sb,4262,wußte
4262,wußte,wissen,VERB,ROOT,4262,wußte
4263,nicht,nicht,PART,ng,4262,wußte
4264,",",--,PUNCT,punct,4262,wußte
4265,was,was,PRON,oa,4262,wußte
4266,er,er,PRON,dep,4262,wußte
4267,von,von,ADP,pg,4266,er
4268,dem,der,DET,nk,4269,allen
4269,allen,alle,PRON,nk,4267,von
4270,und,und,CCONJ,ju,4276,sollte
4271,von,von,ADP,op,4275,denken
4272,dem,der,DET,nk,4274,Kaufmann
4273,wunderlichen,wunderlich,ADJ,nk,4274,Kaufmann
4274,Kaufmann,Kaufmann,NOUN,nk,4271,von
4275,denken,denken,VERB,oc,4276,sollte
4276,sollte,sollen,AUX,ROOT,4276,sollte
4277,",",--,PUNCT,punct,4276,sollte
4278,der,der,PRON,sb,4276,sollte
4279,",",--,PUNCT,punct,4278,der
4280,wie,wie,SCONJ,dep,4276,sollte
4281,ein,ein,DET,sb,4276,sollte
4282,Geisterbeschwörer,Geisterbeschwörer,NOUN,ROOT,4282,Geisterbeschwörer
4283,",",--,PUNCT,punct,4282,Geisterbeschwörer
4284,den,der,DET,nk,4285,Feind
4285,Feind,Feind,NOUN,oa,4287,bannen
4286,zu,zu,PART,pm,4287,bannen
4287,bannen,bannen,VERB,oc,4282,Geisterbeschwörer
4288,und,und,CCONJ,cd,4287,bannen
4289,von,von,ADP,mo,4291,abzuhalten
4290,sich,sich,PRON,nk,4289,von
4291,abzuhalten,abhalten,VERB,oc,4292,schien
4292,schien,scheinen,VERB,cj,4288,und
4293,.,--,PUNCT,punct,4282,Geisterbeschwörer
4294,Er,er,PRON,ROOT,4294,Er
4295,konnte,können,AUX,ROOT,4295,konnte
4296,nicht,nicht,PART,ng,4295,konnte
4297,begreifen,begreifen,VERB,oc,4295,konnte
4298,",",--,PUNCT,punct,4297,begreifen
4299,warum,warum,SCONJ,mo,4308,geleiten
4300,er,er,PRON,sb,4304,habe
4301,denn,denn,ADV,mo,4308,geleiten
4302,erst,erst,ADV,mo,4308,geleiten
4303,sich,sich,PRON,oa,4308,geleiten
4304,habe,haben,AUX,oc,4297,begreifen
4305,durch,durch,ADP,mo,4308,geleiten
4306,den,der,DET,nk,4307,Wald
4307,Wald,Wald,NOUN,nk,4305,durch
4308,geleiten,geleiten,VERB,oc,4304,habe
4309,lassen,lassen,VERB,ROOT,4309,lassen
4310,.,--,PUNCT,punct,4309,lassen
4311,Getrost,getrost,ADV,mo,4312,schritt
4312,schritt,schreiden,VERB,ROOT,4312,schritt
4313,Andres,Andre,NOUN,sb,4312,schritt
4314,durch,durch,ADP,mo,4312,schritt
4315,den,der,DET,nk,4316,Forst
4316,Forst,Forst,NOUN,nk,4314,durch
4317,zurück,zurück,ADV,svp,4312,schritt
4318,",",--,PUNCT,punct,4312,schritt
4319,es,es,PRON,sb,4320,stieß
4320,stieß,stoßen,VERB,cj,4312,schritt
4321,ihm,ihm,PRON,da,4320,stieß
4322,durchaus,durchaus,ADV,mo,4320,stieß
4323,nichts,nichts,DET,nk,4324,Verdächtiges
4324,Verdächtiges,Verdächtiges,NOUN,ROOT,4324,Verdächtiges
4325,auf,auf,ADP,mnr,4324,Verdächtiges
4326,und,und,CCONJ,cd,4324,Verdächtiges
4327,er,er,PRON,sb,4328,kam
4328,kam,kommen,VERB,cj,4326,und
4329,wohlbehalten,wohlbehalten,VERB,oc,4328,kam
4330,in,in,ADP,mo,4328,kam
4331,sein,sein,DET,nk,4332,Haus
4332,Haus,Haus,NOUN,nk,4330,in
4333,",",--,PUNCT,punct,4332,Haus
4334,wo,wo,SCONJ,mo,4335,ihm
4335,ihm,ihm,PRON,mo,4328,kam
4336,seine,sein,DET,ROOT,4336,seine
4337,Giorgina,Giorgina,PROPN,ROOT,4337,Giorgina
4338,",",--,PUNCT,punct,4337,Giorgina
4339,die,der,PRON,sb,4347,gemacht
4340,sich,sich,PRON,oa,4347,gemacht
4341,munter,munter,ADV,mo,4347,gemacht
4342,und,und,CCONJ,cd,4341,munter
4343,kräftig,kräftig,ADV,cj,4342,und
4344,aus,aus,ADP,mo,4347,gemacht
4345,dem,der,DET,nk,4346,Bette
4346,Bette,Bette,NOUN,nk,4344,aus
4347,gemacht,machen,VERB,rc,4337,Giorgina
4348,",",--,PUNCT,punct,4337,Giorgina
4349,voll,voll,ADP,par,4337,Giorgina
4350,Freude,Freude,NOUN,nk,4349,voll
4351,in,in,ADP,mnr,4350,Freude
4352,die,der,DET,nk,4351,in
4353,Arme,Arm,NOUN,sb,4354,fiel
4354,fiel,fallen,VERB,ROOT,4354,fiel
4355,.,--,PUNCT,punct,4354,fiel
4356,Durch,durch,ADP,mo,4362,bekam
4357,die,der,DET,nk,4358,Freigebigkeit
4358,Freigebigkeit,Freigebigkeit,NOUN,nk,4356,Durch
4359,des,der,DET,nk,4361,Kaufmanns
4360,fremden,fremd,ADJ,nk,4361,Kaufmanns
4361,Kaufmanns,Kaufmann,NOUN,ag,4358,Freigebigkeit
4362,bekam,bekommen,VERB,ROOT,4362,bekam
4363,die,der,DET,nk,4365,Haushaltung
4364,kleine,klein,ADJ,nk,4365,Haushaltung
4365,Haushaltung,Haushaltung,NOUN,sb,4362,bekam
4366,des,der,DET,dep,4362,bekam
4367,Andres,Andres,NOUN,sb,4371,Gestalt
4368,eine,ein,DET,nk,4371,Gestalt
4369,ganz,ganz,ADV,mo,4370,andere
4370,andere,anderer,ADJ,nk,4371,Gestalt
4371,Gestalt,Gestalt,NOUN,ROOT,4371,Gestalt
4372,.,--,PUNCT,punct,4371,Gestalt
4373,Kaum,kaum,ADV,mo,4378,genesen
4374,war,sein,AUX,ROOT,4374,war
4375,nämlich,nämlich,ADV,mo,4374,war
4376,Giorgina,Giorgina,PROPN,sb,4374,war
4377,ganz,ganz,ADV,mo,4378,genesen
4378,genesen,nesen,VERB,oc,4374,war
4379,",",--,PUNCT,punct,4378,genesen
4380,als,als,SCONJ,cm,4381,er
4381,er,er,PRON,cc,4378,genesen
4382,mit,mit,ADP,mo,4386,ging
4383,ihr,ihr,PRON,nk,4382,mit
4384,nach,nach,ADP,mo,4386,ging
4385,Fulda,Fulda,PROPN,nk,4384,nach
4386,ging,gehen,VERB,ROOT,4386,ging
4387,und,und,CCONJ,cd,4386,ging
4388,außer,außer,ADP,mo,4394,Stück
4389,den,der,DET,nk,4391,Bedürfnissen
4390,nötigsten,nötig,ADJ,nk,4391,Bedürfnissen
4391,Bedürfnissen,Bedürfnis,NOUN,nk,4388,außer
4392,noch,noch,ADV,mo,4393,manches
4393,manches,mancher,DET,nk,4394,Stück
4394,Stück,Stück,NOUN,cj,4387,und
4395,einkaufte,einkaufen,VERB,ROOT,4395,einkaufte
4396,",",--,PUNCT,punct,4395,einkaufte
4397,das,der,PRON,sb,4401,abging
4398,ihrer,ihr,DET,nk,4400,Einrichtung
4399,häuslichen,häuslich,ADJ,nk,4400,Einrichtung
4400,Einrichtung,Einrichtung,NOUN,da,4401,abging
4401,abging,abging,VERB,oc,4395,einkaufte
4402,und,und,CCONJ,cd,4401,abging
4403,wodurch,wodurch,SCONJ,mo,4404,diese
4404,diese,dieser,PRON,cj,4402,und
4405,das,der,PRON,oa,4395,einkaufte
4406,Ansehen,ansehen,NOUN,oa,4410,erhielt
4407,eines,ein,DET,nk,4409,Wohlstandes
4408,gewissen,gewiß,ADJ,nk,4409,Wohlstandes
4409,Wohlstandes,Wohlstand,NOUN,ag,4406,Ansehen
4410,erhielt,erhalten,VERB,ROOT,4410,erhielt
4411,.,--,PUNCT,punct,4410,erhielt
4412,Dazu,dazu,ADV,mo,4413,kam
4413,kam,kommen,VERB,ROOT,4413,kam
4414,",",--,PUNCT,punct,4413,kam
4415,daß,daß,SCONJ,dep,4413,kam
4416,seit,seit,ADP,mo,4415,daß
4417,dem,der,DET,nk,4418,Besuch
4418,Besuch,Besuch,NOUN,nk,4416,seit
4419,des,der,DET,re,4415,daß
4420,Fremden,fremde,NOUN,ROOT,4420,Fremden
4421,die,der,DET,nk,4422,Freijäger
4422,Freijäger,Freijäger,NOUN,sb,4429,schienen
4423,und,und,CCONJ,cd,4422,Freijäger
4424,Holzdiebe,Holzdieb,NOUN,cj,4423,und
4425,aus,aus,ADP,mo,4428,gebannt
4426,der,der,DET,nk,4427,Gegend
4427,Gegend,Gegend,NOUN,nk,4425,aus
4428,gebannt,bannen,VERB,oc,4429,schienen
4429,schienen,scheinen,VERB,oc,4420,Fremden
4430,",",--,PUNCT,punct,4420,Fremden
4431,und,und,CCONJ,cd,4420,Fremden
4432,Andres,Andr,NOUN,cj,4431,und
4433,seinem,sein,DET,nk,4434,Posten
4434,Posten,Posten,NOUN,da,4436,vorstehen
4435,ruhig,ruhig,ADV,mo,4436,vorstehen
4436,vorstehen,vorstehen,VERB,oc,4437,konnte
4437,konnte,können,AUX,ROOT,4437,konnte
4438,.,--,PUNCT,punct,4437,konnte
4439,Auch,auch,ADV,mo,4441,Jagdglück
4440,sein,sein,DET,nk,4441,Jagdglück
4441,Jagdglück,Jagdglück,NOUN,sb,4442,war
4442,war,sein,AUX,re,4445,so
4443,wiedergekehrt,wiederkehren,ADV,pd,4442,war
4444,",",--,PUNCT,punct,4445,so
4445,so,so,ADV,ROOT,4445,so
4446,daß,daß,SCONJ,cp,4456,tat
4447,er,er,PRON,sb,4456,tat
4448,",",--,PUNCT,punct,4456,tat
4449,wie,wie,ADP,cm,4450,sonst
4450,sonst,sonst,ADV,mo,4456,tat
4451,",",--,PUNCT,punct,4456,tat
4452,beinahe,beinahe,ADV,mo,4453,niemals
4453,niemals,niemals,ADV,mo,4456,tat
4454,einen,ein,DET,nk,4455,Fehlschuß
4455,Fehlschuß,Fehlschuß,NOUN,oa,4456,tat
4456,tat,tun,VERB,ROOT,4456,tat
4457,.,--,PUNCT,punct,4456,tat
4458,Der,der,DET,nk,4459,Fremde
4459,Fremde,Fremde,NOUN,sb,4460,stellte
4460,stellte,stellen,VERB,ROOT,4460,stellte
4461,sich,sich,PRON,oa,4460,stellte
4462,zu,zu,ADP,ROOT,4462,zu
4463,Michaelis,Michaeli,PROPN,nk,4462,zu
4464,wieder,wieder,ADV,mo,4462,zu
4465,ein,ein,ADV,svp,4462,zu
4466,und,und,CCONJ,cd,4462,zu
4467,blieb,bleiben,VERB,cj,4466,und
4468,drei,drei,NUM,nk,4469,Tage
4469,Tage,Tag,NOUN,mo,4467,blieb
4470,.,--,PUNCT,punct,4462,zu
4471,Der,der,DET,nk,4473,Weigerung
4472,hartnäckigen,hartnäckig,ADJ,nk,4473,Weigerung
4473,Weigerung,Weigerung,NOUN,ROOT,4473,Weigerung
4474,der,der,DET,ag,4473,Weigerung
4475,Wirtsleute,Wirtsleute,NOUN,sb,4477,war
4476,unerachtet,unerachtet,VERB,oc,4477,war
4477,war,sein,AUX,ROOT,4477,war
4478,er,er,PRON,sb,4477,war
4479,doch,doch,ADV,mo,4477,war
4480,wieder,wieder,ADV,mo,4477,war
4481,so,so,ADV,mo,4482,freigebig
4482,freigebig,freigebig,ADV,pd,4477,war
4483,",",--,PUNCT,punct,4482,freigebig
4484,wie,wie,ADP,cm,4486,erstemal
4485,das,der,DET,nk,4486,erstemal
4486,erstemal,erstemal,NOUN,cc,4481,so
4487,.,--,PUNCT,punct,4477,war
4488,Er,er,PRON,ROOT,4488,Er
4489,versicherte,versichern,VERB,ROOT,4489,versicherte
4490,",",--,PUNCT,punct,4489,versicherte
4491,es,es,PRON,sb,4492,sei
4492,sei,sein,AUX,oc,4489,versicherte
4493,nun,nun,ADV,mo,4492,sei
4494,einmal,einmal,ADV,mo,4492,sei
4495,seine,sein,DET,nk,4496,Absicht
4496,Absicht,Absicht,NOUN,pd,4492,sei
4497,",",--,PUNCT,punct,4496,Absicht
4498,sie,sie,PRON,oa,4502,versetzen
4499,in,in,ADP,mo,4502,versetzen
4500,Wohlstand,Wohlstand,NOUN,nk,4499,in
4501,zu,zu,PART,pm,4502,versetzen
4502,versetzen,versetzen,VERB,oc,4496,Absicht
4503,",",--,PUNCT,punct,4492,sei
4504,und,und,CCONJ,ju,4506,sich
4505,so,so,ADV,mo,4506,sich
4506,sich,sich,PRON,nk,4515,zu
4507,selbst,selbst,ADV,mnr,4506,sich
4508,das,der,DET,nk,4509,Absteigequartier
4509,Absteigequartier,Absteigequartier,NOUN,sb,4506,sich
4510,im,in,ADP,mnr,4509,Absteigequartier
4511,Walde,Walde,NOUN,nk,4510,im
4512,freundlicher,freundlich,ADV,pd,4506,sich
4513,und,und,CCONJ,cd,4512,freundlicher
4514,angenehmer,Angenehmer,NOUN,cj,4513,und
4515,zu,zu,ADP,ROOT,4515,zu
4516,machen,machen,VERB,ROOT,4516,machen
4517,.,--,PUNCT,punct,4516,machen
4518,Nun,nun,ADV,mo,4519,konnte
4519,konnte,können,AUX,ROOT,4519,konnte
4520,die,der,DET,nk,4522,Giorgina
4521,bildhübsche,bildhübsch,ADJ,nk,4522,Giorgina
4522,Giorgina,Giorgina,PROPN,sb,4519,konnte
4523,sich,sich,PRON,oa,4525,kleiden
4524,besser,gut,ADV,mo,4525,kleiden
4525,kleiden,kleiden,VERB,oc,4519,konnte
4526,;,--,PUNCT,punct,4519,konnte
4527,sie,sie,PRON,sb,4528,gestand
4528,gestand,gestehen,VERB,ROOT,4528,gestand
4529,dem,der,DET,da,4528,gestand
4530,Andres,Andr,NOUN,ROOT,4530,Andres
4531,",",--,PUNCT,punct,4530,Andres
4532,daß,daß,SCONJ,cp,4533,sie
4533,sie,sie,PRON,oc,4530,Andres
4534,der,der,DET,nk,4535,Fremde
4535,Fremde,Fremde,NOUN,ag,4533,sie
4536,mit,mit,ADP,mnr,4535,Fremde
4537,einer,ein,DET,nk,4538,zierlich
4538,zierlich,Zierlich,ADV,mo,4539,gearbeiteten
4539,gearbeiteten,gearbeitet,ADJ,nk,4541,Nadel
4540,goldnen,goldn,ADJ,nk,4541,Nadel
4541,Nadel,Nadel,NOUN,nk,4536,mit
4542,",",--,PUNCT,punct,4535,Fremde
4543,wie,wie,ADP,ROOT,4543,wie
4544,sie,sie,PRON,ROOT,4544,sie
4545,die,der,DET,nk,4546,Mädchen
4546,Mädchen,Mädchen,NOUN,ROOT,4546,Mädchen
4547,und,und,CCONJ,cd,4546,Mädchen
4548,Weiber,Weiber,NOUN,cj,4547,und
4549,in,in,ADP,mnr,4546,Mädchen
4550,mancher,mancher,DET,nk,4551,Gegend
4551,Gegend,Gegend,NOUN,nk,4549,in
4552,Italiens,Italien,PROPN,ag,4551,Gegend
4553,durch,durch,ADP,mnr,4551,Gegend
4554,das,der,PRON,nk,4553,durch
4555,in,in,ADP,mnr,4546,Mädchen
4556,Zöpfen,Zöpfen,NOUN,nk,4555,in
4557,zusammengeflochtene,zusammengeflochtener,ADJ,nk,4559,Haar
4558,aufgewirbelte,aufgewirbelt,ADJ,nk,4559,Haar
4559,Haar,Haar,NOUN,sb,4562,pflegen
4560,zu,zu,PART,pm,4561,stecken
4561,stecken,stecken,VERB,oc,4562,pflegen
4562,pflegen,pflegen,VERB,ROOT,4562,pflegen
4563,",",--,PUNCT,punct,4564,beschenkt
4564,beschenkt,beschenken,VERB,cj,4562,pflegen
4565,habe,haben,AUX,cj,4564,beschenkt
4566,.,--,PUNCT,punct,4562,pflegen
4567,Andres,Andres,NOUN,sb,4568,zog
4568,zog,ziehen,VERB,ROOT,4568,zog
4569,ein,ein,DET,nk,4571,Gesicht
4570,finstres,finstres,ADJ,nk,4571,Gesicht
4571,Gesicht,Gesicht,NOUN,oa,4568,zog
4572,",",--,PUNCT,punct,4568,zog
4573,aber,aber,CCONJ,cd,4568,zog
4574,in,in,ADP,mo,4577,war
4575,dem,der,DET,nk,4576,Augenblick
4576,Augenblick,Augenblick,NOUN,nk,4574,in
4577,war,sein,AUX,cj,4573,aber
4578,Giorgina,Giorgina,PROPN,sb,4577,war
4579,zur,zu,ADP,mo,4577,war
4580,Tür,Tür,NOUN,nk,4579,zur
4581,herausgesprungen,herausspringen,VERB,re,4588,so
4582,und,und,CCONJ,cd,4581,herausgesprungen
4583,nicht,nicht,PART,ng,4584,lange
4584,lange,lange,ADV,mo,4585,dauerte
4585,dauerte,dauern,VERB,cj,4582,und
4586,es,es,PRON,ep,4585,dauerte
4587,",",--,PUNCT,punct,4588,so
4588,so,so,ADV,mo,4589,kehrte
4589,kehrte,kehren,VERB,ROOT,4589,kehrte
4590,sie,sie,PRON,sb,4589,kehrte
4591,zurück,zurück,ADV,mo,4589,kehrte
4592,ganz,ganz,ADV,mo,4593,so
4593,so,so,ADV,mo,4589,kehrte
4594,gekleidet,kleiden,VERB,ROOT,4594,gekleidet
4595,und,und,CCONJ,cd,4594,gekleidet
4596,geschmückt,schmücken,VERB,cj,4595,und
4597,",",--,PUNCT,punct,4594,gekleidet
4598,wie,wie,ADP,cm,4599,Andres
4599,Andres,Andres,NOUN,mo,4603,gesehen
4600,sie,sie,PRON,sb,4604,hatte
4601,in,in,ADP,mo,4603,gesehen
4602,Neapel,Neapel,PROPN,nk,4601,in
4603,gesehen,sehen,VERB,oc,4604,hatte
4604,hatte,haben,AUX,oc,4594,gekleidet
4605,.,--,PUNCT,punct,4594,gekleidet
4606,Die,der,DET,nk,4607,schöne
4607,schöne,schön,ADJ,ROOT,4607,schöne
4608,goldne,Goldne,ADJ,nk,4609,Nadel
4609,Nadel,Nadel,NOUN,sb,4610,prangte
4610,prangte,prangen,VERB,ROOT,4610,prangte
4611,in,in,ADP,mo,4610,prangte
4612,dem,der,DET,nk,4614,Haar
4613,schwarzen,schwarz,ADJ,nk,4614,Haar
4614,Haar,Haar,NOUN,nk,4611,in
4615,",",--,PUNCT,punct,4614,Haar
4616,in,in,ADP,mo,4610,prangte
4617,das,der,PRON,nk,4616,in
4618,sie,sie,PRON,oa,4610,prangte
4619,mit,mit,ADP,mnr,4618,sie
4620,malerischem,malerisch,ADJ,nk,4621,Sinn
4621,Sinn,Sinn,NOUN,nk,4619,mit
4622,bunte,bunt,ADJ,nk,4623,Blumen
4623,Blumen,Blume,NOUN,oa,4624,geflochten
4624,geflochten,geflochten,VERB,ROOT,4624,geflochten
4625,",",--,PUNCT,punct,4624,geflochten
4626,und,und,CCONJ,cd,4624,geflochten
4627,Andres,Andres,NOUN,sb,4628,mußte
4628,mußte,müssen,AUX,cj,4626,und
4629,sich,sich,PRON,oa,4632,gestehen
4630,nun,nun,ADV,mo,4628,mußte
4631,selbst,selbst,ADV,mo,4628,mußte
4632,gestehen,gestehen,VERB,oc,4628,mußte
4633,",",--,PUNCT,punct,4632,gestehen
4634,daß,daß,SCONJ,mo,4624,geflochten
4635,der,der,DET,ROOT,4635,der
4636,Fremde,Fremde,NOUN,sb,4642,hatte
4637,sein,sein,DET,nk,4638,Geschenk
4638,Geschenk,Geschenk,NOUN,oa,4641,gewählt
4639,recht,recht,ADV,mo,4640,sinnig
4640,sinnig,sinnig,ADV,mo,4641,gewählt
4641,gewählt,wählen,VERB,oc,4642,hatte
4642,hatte,haben,AUX,ROOT,4642,hatte
4643,",",--,PUNCT,punct,4642,hatte
4644,um,um,SCONJ,mo,4641,gewählt
4645,seine,sein,DET,nk,4646,Giorgina
4646,Giorgina,Giorgina,PROPN,nk,4644,um
4647,wahrhaft,wahrhaft,ADV,mo,4644,um
4648,zu,zu,ADP,svp,4642,hatte
4649,erfreuen,erfreuen,VERB,ROOT,4649,erfreuen
4650,.,--,PUNCT,punct,4649,erfreuen
4651,Andres,Andres,NOUN,sb,4652,äußerte
4652,äußerte,äußern,VERB,ROOT,4652,äußerte
4653,dies,dieser,PRON,oa,4652,äußerte
4654,unverhohlen,unverhohlen,VERB,oc,4652,äußerte
4655,und,und,CCONJ,cd,4652,äußerte
4656,Giorgina,Giorgina,PROPN,sb,4657,meinte
4657,meinte,meinen,VERB,cj,4655,und
4658,",",--,PUNCT,punct,4657,meinte
4659,daß,daß,SCONJ,oc,4657,meinte
4660,der,der,DET,nk,4661,Fremde
4661,Fremde,Fremde,NOUN,sb,4657,meinte
4662,wohl,wohl,ADV,mo,4661,Fremde
4663,ihr,ihr,PRON,oa,4652,äußerte
4664,Schutzengel,Schutzengel,NOUN,pd,4665,sei
4665,sei,sein,AUX,ROOT,4665,sei
4666,",",--,PUNCT,punct,4665,sei
4667,der,der,PRON,sb,4675,erhebe
4668,sie,sie,PRON,sb,4675,erhebe
4669,aus,aus,ADP,mo,4675,erhebe
4670,der,der,DET,nk,4672,Dürftigkeit
4671,tiefsten,tief,ADJ,nk,4672,Dürftigkeit
4672,Dürftigkeit,Dürftigkeit,NOUN,nk,4669,aus
4673,zum,zu,ADP,mo,4675,erhebe
4674,Wohlstande,Wohlstande,NOUN,nk,4673,zum
4675,erhebe,erheben,VERB,sb,4665,sei
4676,",",--,PUNCT,punct,4665,sei
4677,und,und,CCONJ,ju,4682,begreife
4678,daß,daß,SCONJ,cp,4682,begreife
4679,sie,sie,PRON,sb,4682,begreife
4680,gar,gar,ADV,mo,4681,nicht
4681,nicht,nicht,PART,ng,4682,begreife
4682,begreife,begreifen,VERB,cc,4689,so
4683,",",--,PUNCT,punct,4682,begreife
4684,wie,wie,ADP,mo,4685,Andres
4685,Andres,Andr,NOUN,sb,4687,wortkarg
4686,so,so,ADV,mo,4687,wortkarg
4687,wortkarg,wortkarg,ADV,oc,4682,begreife
4688,",",--,PUNCT,punct,4689,so
4689,so,so,ADV,mo,4690,verschlossen
4690,verschlossen,verschlossen,ADV,ROOT,4690,verschlossen
4691,gegen,gegen,ADP,mo,4690,verschlossen
4692,den,der,DET,nk,4693,Fremden
4693,Fremden,fremde,NOUN,da,4704,bleiben
4694,und,und,CCONJ,cd,4693,Fremden
4695,überhaupt,überhaupt,ADV,mo,4697,traurig
4696,so,so,ADV,mo,4697,traurig
4697,traurig,traurig,ADV,cj,4694,und
4698,",",--,PUNCT,punct,4693,Fremden
4699,so,so,ADV,mo,4702,gekehrt
4700,in,in,ADP,mo,4702,gekehrt
4701,sich,sich,PRON,nk,4700,in
4702,gekehrt,kehren,VERB,par,4693,Fremden
4703,",",--,PUNCT,punct,4704,bleiben
4704,bleiben,bleiben,VERB,oc,4705,könne
4705,könne,können,AUX,ROOT,4705,könne
4706,.,--,PUNCT,punct,4705,könne
4707,»,--,PUNCT,punct,4708,Ach
4708,Ach,ach,INTJ,ROOT,4708,Ach
4709,",",--,PUNCT,punct,4708,Ach
4710,liebes,lieb,ADJ,nk,4711,Herzensweib
4711,Herzensweib,Herzensweib,NOUN,sb,4714,sprach
4712,!,--,PUNCT,punct,4714,sprach
4713,«,--,PUNCT,punct,4714,sprach
4714,sprach,sprechen,VERB,ROOT,4714,sprach
4715,Andres,Andres,NOUN,oa,4714,sprach
4716,",",--,PUNCT,punct,4714,sprach
4717,»,--,PUNCT,punct,4714,sprach
4718,die,der,DET,nk,4720,Stimme
4719,innere,innerer,ADJ,nk,4720,Stimme
4720,Stimme,Stimme,NOUN,dep,4714,sprach
4721,",",--,PUNCT,punct,4720,Stimme
4722,welche,welcher,PRON,oa,4714,sprach
4723,mir,mir,PRON,da,4724,damals
4724,damals,damals,ADV,mnr,4722,welche
4725,so,so,ADV,mo,4724,damals
4726,laut,laut,ADV,mo,4727,sagte
4727,sagte,sagen,VERB,ROOT,4727,sagte
4728,",",--,PUNCT,punct,4727,sagte
4729,daß,daß,SCONJ,cp,4737,dürfe
4730,ich,ich,PRON,sb,4737,dürfe
4731,durchaus,durchaus,ADV,mo,4737,dürfe
4732,nichts,nichts,PRON,oa,4736,annehmen
4733,von,von,ADP,mo,4736,annehmen
4734,dem,der,DET,nk,4735,Fremden
4735,Fremden,fremde,NOUN,nk,4733,von
4736,annehmen,annehmen,VERB,oc,4737,dürfe
4737,dürfe,dürfen,AUX,oc,4727,sagte
4738,",",--,PUNCT,punct,4737,dürfe
4739,die,der,PRON,dep,4737,dürfe
4740,schweigt,schweigen,VERB,ROOT,4740,schweigt
4741,bis,bis,ADP,mo,4740,schweigt
4742,jetzt,jetzt,ADV,nk,4741,bis
4743,keineswegs,keineswegs,ADV,mo,4740,schweigt
4744,.,--,PUNCT,punct,4740,schweigt
4745,Ich,ich,PRON,sb,4746,werde
4746,werde,werden,AUX,ROOT,4746,werde
4747,oft,oft,ADV,mo,4751,gemartert
4748,von,von,ADP,sbp,4751,gemartert
4749,innern,innern,ADJ,nk,4750,Vorwürfen
4750,Vorwürfen,Vorwurf,NOUN,nk,4748,von
4751,gemartert,martern,VERB,oc,4746,werde
4752,;,--,PUNCT,punct,4746,werde
4753,es,es,PRON,ROOT,4753,es
4754,ist,sein,AUX,ROOT,4754,ist
4755,mir,mir,PRON,da,4754,ist
4756,",",--,PUNCT,punct,4754,ist
4757,als,als,SCONJ,cm,4769,gekommen
4758,ob,ob,SCONJ,cp,4769,gekommen
4759,mit,mit,ADP,mo,4764,unrechtes
4760,dem,der,DET,nk,4761,Gelde
4761,Gelde,Gelde,NOUN,nk,4759,mit
4762,des,der,DET,nk,4763,Fremden
4763,Fremden,Fremden,NOUN,ag,4761,Gelde
4764,unrechtes,unrecht,ADJ,nk,4765,Gut
4765,Gut,Gut,NOUN,nk,4758,ob
4766,in,in,ADP,mo,4769,gekommen
4767,mein,mein,DET,nk,4768,Haus
4768,Haus,Haus,NOUN,nk,4766,in
4769,gekommen,kommen,VERB,dep,4754,ist
4770,sei,sein,AUX,ROOT,4770,sei
4771,und,und,CCONJ,cd,4770,sei
4772,deshalb,deshalb,ADV,mo,4773,kann
4773,kann,können,AUX,cj,4771,und
4774,mich,mich,PRON,oa,4777,freuen
4775,nichts,nichts,PRON,sb,4773,kann
4776,recht,recht,NOUN,mo,4773,kann
4777,freuen,freuen,VERB,oc,4773,kann
4778,",",--,PUNCT,punct,4773,kann
4779,was,wer,PRON,sb,4782,wurde
4780,dafür,dafür,ADV,mo,4781,angeschafft
4781,angeschafft,anschaffen,VERB,oc,4782,wurde
4782,wurde,werden,AUX,rc,4775,nichts
4783,.,--,PUNCT,punct,4770,sei
4784,Ich,ich,PRON,ROOT,4784,Ich
4785,kann,können,AUX,ROOT,4785,kann
4786,mich,mich,PRON,oa,4785,kann
4787,jetzt,jetzt,ADV,mo,4785,kann
4788,wohl,wohl,ADV,mo,4785,kann
4789,öfter,öfter,ADV,mo,4785,kann
4790,mit,mit,ADP,mo,4785,kann
4791,einer,ein,DET,nk,4793,Speise
4792,kräftigen,kräftig,ADJ,nk,4793,Speise
4793,Speise,Speise,NOUN,nk,4790,mit
4794,",",--,PUNCT,punct,4785,kann
4795,mit,mit,ADP,mo,4785,kann
4796,einem,ein,DET,nk,4797,Glase
4797,Glase,Glase,NOUN,nk,4795,mit
4798,Wein,Wein,PROPN,nk,4797,Glase
4799,erlaben,erlaben,VERB,mo,4801,glaube
4800,;,--,PUNCT,punct,4799,erlaben
4801,glaube,glauben,VERB,oc,4805,liebe
4802,mir,mir,PRON,da,4801,glaube
4803,aber,aber,ADV,mo,4801,glaube
4804,",",--,PUNCT,punct,4801,glaube
4805,liebe,lieben,VERB,ROOT,4805,liebe
4806,Giorgina,Giorgina,PROPN,sb,4805,liebe
4807,!,--,PUNCT,punct,4805,liebe
4808,war,sein,AUX,cj,4805,liebe
4809,einmal,einmal,ADV,mo,4808,war
4810,ein,ein,DET,nk,4812,Holzverkauf
4811,guter,gut,ADJ,nk,4812,Holzverkauf
4812,Holzverkauf,Holzverkauf,NOUN,pd,4808,war
4813,vorgefallen,vorgefallen,VERB,ROOT,4813,vorgefallen
4814,und,und,CCONJ,cd,4813,vorgefallen
4815,hatte,haben,AUX,cj,4814,und
4816,mir,mir,PRON,da,4824,Groschen
4817,der,der,DET,nk,4819,Gott
4818,liebe,lieb,ADJ,nk,4819,Gott
4819,Gott,Gott,NOUN,sb,4815,hatte
4820,ein,ein,DET,nk,4821,paar
4821,paar,paar,DET,oa,4823,verdiente
4822,ehrlich,ehrlich,ADV,mo,4823,verdiente
4823,verdiente,verdient,ADJ,nk,4824,Groschen
4824,Groschen,Groschen,NOUN,oc,4815,hatte
4825,mehr,mehr,ADV,mo,4826,beschert
4826,beschert,bescheren,VERB,re,4831,dann
4827,",",--,PUNCT,punct,4826,beschert
4828,als,als,ADP,mo,4826,beschert
4829,gewöhnlich,gewöhnlich,ADV,nk,4828,als
4830,",",--,PUNCT,punct,4831,dann
4831,dann,dann,ADV,mo,4832,schmeckte
4832,schmeckte,schmecken,VERB,ROOT,4832,schmeckte
4833,mir,mir,PRON,da,4832,schmeckte
4834,ein,ein,DET,nk,4835,Glas
4835,Glas,Glas,NOUN,sb,4832,schmeckte
4836,geringen,gering,ADJ,nk,4837,Weins
4837,Weins,Wein,NOUN,ag,4835,Glas
4838,viel,viel,ADV,mo,4832,schmeckte
4839,besser,gut,ADV,ROOT,4839,besser
4840,",",--,PUNCT,punct,4839,besser
4841,als,als,SCONJ,cm,4845,Wein
4842,jetzt,jetzt,ADV,mo,4845,Wein
4843,der,der,DET,nk,4845,Wein
4844,gute,gut,ADJ,nk,4845,Wein
4845,Wein,Wein,NOUN,cc,4839,besser
4846,",",--,PUNCT,punct,4845,Wein
4847,den,der,PRON,oa,4851,mitbringt
4848,der,der,DET,nk,4849,Fremde
4849,Fremde,Fremde,NOUN,sb,4851,mitbringt
4850,uns,uns,PRON,oa,4851,mitbringt
4851,mitbringt,mitbringen,VERB,rc,4845,Wein
4852,.,--,PUNCT,punct,4839,besser
4853,Ich,ich,PRON,sb,4854,kann
4854,kann,können,AUX,ROOT,4854,kann
4855,mich,sich,PRON,oa,4854,kann
4856,mit,mit,ADP,mo,4862,befreunden
4857,diesem,dieser,DET,nk,4859,Kaufmann
4858,sonderbaren,sonderbar,ADJ,nk,4859,Kaufmann
4859,Kaufmann,Kaufmann,NOUN,nk,4856,mit
4860,durchaus,durchaus,ADV,mo,4862,befreunden
4861,nicht,nicht,PART,ng,4862,befreunden
4862,befreunden,befreunden,VERB,ROOT,4862,befreunden
4863,",",--,PUNCT,punct,4862,befreunden
4864,ja,ja,ADV,mo,4866,ist
4865,es,es,PRON,sb,4866,ist
4866,ist,sein,AUX,oc,4862,befreunden
4867,mir,mir,PRON,da,4866,ist
4868,in,in,ADP,mo,4866,ist
4869,seiner,sein,DET,nk,4870,Gegenwart
4870,Gegenwart,Gegenwart,NOUN,ROOT,4870,Gegenwart
4871,oft,oft,ADV,mo,4873,unheimlich
4872,ganz,ganz,ADV,mo,4873,unheimlich
4873,unheimlich,unheimlich,ADV,pd,4870,Gegenwart
4874,zumute,zumute,ADV,mo,4873,unheimlich
4875,.,--,PUNCT,ROOT,4875,.
4876,Hast,Hast,AUX,mo,4881,liebe
4877,du,du,PRON,sb,4876,Hast
4878,wohl,wohl,ADV,mo,4879,bemerkt
4879,bemerkt,bemerken,VERB,oc,4876,Hast
4880,",",--,PUNCT,punct,4881,liebe
4881,liebe,lieben,VERB,ROOT,4881,liebe
4882,Giorgina,Giorgina,PROPN,ROOT,4882,Giorgina
4883,!,--,PUNCT,punct,4882,Giorgina
4884,daß,daß,SCONJ,cp,4889,vermag
4885,er,er,PRON,sb,4889,vermag
4886,niemanden,niemand,PRON,oa,4888,anzuschauen
4887,fest,fest,ADV,mo,4888,anzuschauen
4888,anzuschauen,anschauen,VERB,oc,4889,vermag
4889,vermag,vermögen,VERB,ROOT,4889,vermag
4890,?,--,PUNCT,punct,4889,vermag
4891,Und,und,CCONJ,ju,4893,blitzt
4892,dabei,dabei,ADV,mo,4893,blitzt
4893,blitzt,blitzen,VERB,ROOT,4893,blitzt
4894,es,es,PRON,sb,4893,blitzt
4895,zuweilen,zuweilen,ADV,mo,4902,sonderbar
4896,aus,aus,ADP,mo,4902,sonderbar
4897,seinen,sein,DET,nk,4900,Augen
4898,tiefliegenden,tiefliegend,ADJ,nk,4900,Augen
4899,kleinen,klein,ADJ,nk,4900,Augen
4900,Augen,Auge,NOUN,nk,4896,aus
4901,so,so,ADV,mo,4902,sonderbar
4902,sonderbar,sonderbar,ADV,ROOT,4902,sonderbar
4903,heraus,heraus,ADV,svp,4902,sonderbar
4904,",",--,PUNCT,punct,4902,sonderbar
4905,und,und,CCONJ,cd,4902,sonderbar
4906,dann,dann,ADV,mo,4905,und
4907,kann,können,AUX,ROOT,4907,kann
4908,er,er,PRON,sb,4907,kann
4909,bei,bei,ADP,mo,4907,kann
4910,unsern,unsern,NOUN,nk,4909,bei
4911,schlichten,schlichen,ADJ,nk,4912,Reden
4912,Reden,Rede,NOUN,oa,4921,lachen
4913,oft,oft,ADV,mo,4907,kann
4914,so,so,ADV,mo,4907,kann
4915,-,--,PUNCT,punct,4907,kann
4916,bübisch,bübisch,ADV,mo,4917,möcht
4917,möcht,möchen,VERB,cj,4907,kann
4918,ich,ich,PRON,sb,4917,möcht
4919,sagen,sagen,VERB,mo,4917,möcht
4920,",",--,PUNCT,punct,4917,möcht
4921,lachen,lachen,VERB,oc,4917,möcht
4922,",",--,PUNCT,punct,4907,kann
4923,daß,daß,SCONJ,cp,4927,überläuft
4924,es,es,PRON,sb,4927,überläuft
4925,mich,mich,PRON,oa,4927,überläuft
4926,eiskalt,eiskalt,ADV,mo,4927,überläuft
4927,überläuft,überläufen,VERB,ROOT,4927,überläuft
4928,.,--,PUNCT,punct,4927,überläuft
4929,-,--,PUNCT,punct,4932,möchten
4930,Ach,ach,INTJ,dm,4932,möchten
4931,",",--,PUNCT,punct,4932,möchten
4932,möchten,möchten,AUX,ROOT,4932,möchten
4933,nur,nur,ADV,mo,4934,nicht
4934,nicht,nicht,PART,ng,4932,möchten
4935,meine,mein,DET,nk,4937,Gedanken
4936,innern,innern,ADJ,nk,4937,Gedanken
4937,Gedanken,Gedanke,NOUN,oa,4932,möchten
4938,wahr,wahr,ADV,pd,4939,werden
4939,werden,werden,AUX,ROOT,4939,werden
4940,",",--,PUNCT,punct,4939,werden
4941,aber,aber,CCONJ,cd,4939,werden
4942,oft,oft,ADV,mo,4943,ist
4943,ist,sein,AUX,cj,4941,aber
4944,es,es,PRON,sb,4943,ist
4945,mir,mir,PRON,da,4943,ist
4946,",",--,PUNCT,punct,4943,ist
4947,als,als,SCONJ,cm,4948,liege
4948,liege,liegen,VERB,cc,4942,oft
4949,allerlei,allerlei,DET,nk,4951,Unheil
4950,schwarzes,schwarz,ADJ,nk,4951,Unheil
4951,Unheil,Unheil,NOUN,sb,4948,liege
4952,im,in,ADP,mo,4948,liege
4953,Hintergrunde,Hintergrunde,PROPN,ROOT,4953,Hintergrunde
4954,",",--,PUNCT,punct,4953,Hintergrunde
4955,das,der,PRON,sb,4962,werde
4956,nun,nun,ADV,mo,4961,hervorrufen
4957,der,der,DET,nk,4958,Fremde
4958,Fremde,Fremde,NOUN,sb,4962,werde
4959,mit,mit,ADP,mo,4961,hervorrufen
4960,einemmal,einemmal,ADV,mo,4961,hervorrufen
4961,hervorrufen,hervorrufen,VERB,oc,4962,werde
4962,werde,werden,AUX,rc,4953,Hintergrunde
4963,",",--,PUNCT,punct,4962,werde
4964,nachdem,nachdem,SCONJ,cp,4966,uns
4965,er,er,PRON,sb,4964,nachdem
4966,uns,uns,PRON,ROOT,4966,uns
4967,in,in,ADP,mo,4971,gefangen
4968,seinen,sein,DET,nk,4970,Schlingen
4969,künstlichen,künstlich,ADJ,nk,4970,Schlingen
4970,Schlingen,Schling,NOUN,nk,4967,in
4971,gefangen,gefangen,ADV,ROOT,4971,gefangen
4972,.,--,PUNCT,punct,4971,gefangen
4973,«,--,PUNCT,ROOT,4973,«
4974,Giorgina,Giorgina,PROPN,sb,4975,suchte
4975,suchte,suchen,VERB,ROOT,4975,suchte
4976,ihrem,ihr,DET,nk,4977,Mann
4977,Mann,Mann,NOUN,da,4975,suchte
4978,die,der,DET,nk,4980,Vorstellungen
4979,schwarzen,schwarz,ADJ,nk,4980,Vorstellungen
4980,Vorstellungen,Vorstellung,NOUN,oa,4981,auszureden
4981,auszureden,auszureden,VERB,oc,4975,suchte
4982,",",--,PUNCT,punct,4981,auszureden
4983,indem,indem,SCONJ,punct,4975,suchte
4984,sie,sie,PRON,oa,4975,suchte
4985,versicherte,versichern,VERB,ROOT,4985,versicherte
4986,",",--,PUNCT,punct,4985,versicherte
4987,wie,wie,SCONJ,mo,4988,sie
4988,sie,sie,PRON,mo,4985,versicherte
4989,oft,oft,ADV,mo,4990,in
4990,in,in,ADP,mo,4985,versicherte
4991,ihrem,ihr,DET,nk,4992,Vaterlande
4992,Vaterlande,Vaterlande,NOUN,nk,4990,in
4993,und,und,CCONJ,cd,4990,in
4994,vorzüglich,vorzüglich,ADV,mo,4995,bei
4995,bei,bei,ADP,cj,4993,und
4996,ihren,ihr,DET,nk,4995,bei
4997,Pflegeeltern,Pflegeelter,NOUN,ROOT,4997,Pflegeeltern
4998,im,in,ADP,mnr,4997,Pflegeeltern
4999,Wirtshause,Wirtshause,NOUN,nk,4998,im
5000,",",--,PUNCT,punct,5002,kennen
5001,Personen,Person,NOUN,oa,5002,kennen
5002,kennen,kennen,VERB,oc,5003,gelernt
5003,gelernt,lernen,VERB,oc,4997,Pflegeeltern
5004,",",--,PUNCT,punct,5003,gelernt
5005,deren,der,DET,ag,5006,Äußeres
5006,Äußeres,Äußeres,NOUN,cj,4997,Pflegeeltern
5007,noch,noch,ADV,mo,5008,viel
5008,viel,viel,ADV,pd,4997,Pflegeeltern
5009,widriger,widrig,ADV,pd,5010,gewesen
5010,gewesen,sein,AUX,oc,5011,sei
5011,sei,sein,AUX,mo,5013,unerachtet
5012,",",--,PUNCT,punct,5013,unerachtet
5013,unerachtet,unerachten,VERB,ROOT,5013,unerachtet
5014,es,es,PRON,sb,5013,unerachtet
5015,am,an,ADP,mo,5017,grundgute
5016,Ende,Ende,NOUN,nk,5015,am
5017,grundgute,grundgut,ADJ,nk,5018,Menschen
5018,Menschen,Mensch,NOUN,pd,5019,waren
5019,waren,sein,AUX,re,5014,es
5020,.,--,PUNCT,punct,5013,unerachtet
5021,Andres,Andres,PROPN,ROOT,5021,Andres
5022,schien,scheinen,VERB,ROOT,5022,schien
5023,getröstet,trösten,VERB,oc,5022,schien
5024,",",--,PUNCT,punct,5023,getröstet
5025,im,in,ADP,mo,5027,beschloß
5026,Innern,innere,NOUN,nk,5025,im
5027,beschloß,beschließen,VERB,cj,5022,schien
5028,er,er,PRON,sb,5027,beschloß
5029,aber,aber,ADV,mo,5027,beschloß
5030,auf,auf,ADP,mo,5034,sein
5031,der,der,DET,nk,5032,Hut
5032,Hut,Hut,NOUN,nk,5030,auf
5033,zu,zu,PART,pm,5034,sein
5034,sein,sein,AUX,oc,5027,beschloß
5035,.,--,PUNCT,punct,5022,schien
5036,Der,der,DET,nk,5037,Fremde
5037,Fremde,Fremde,NOUN,sb,5038,sprach
5038,sprach,sprechen,VERB,ROOT,5038,sprach
5039,bei,bei,ADP,mo,5038,sprach
5040,Andres,Andres,NOUN,nk,5039,bei
5041,wieder,wieder,ADV,mo,5038,sprach
5042,ein,ein,ADV,svp,5038,sprach
5043,",",--,PUNCT,punct,5038,sprach
5044,als,als,SCONJ,cm,5046,Knabe
5045,sein,sein,DET,nk,5046,Knabe
5046,Knabe,Knabe,NOUN,mo,5038,sprach
5047,",",--,PUNCT,punct,5046,Knabe
5048,ein,ein,DET,nk,5049,wunderschönes
5049,wunderschönes,wunderschön,ADJ,cj,5046,Knabe
5050,Kind,Kind,NOUN,ROOT,5050,Kind
5051,",",--,PUNCT,punct,5050,Kind
5052,ganz,ganz,ADV,mo,5054,Mutter
5053,der,der,DET,nk,5054,Mutter
5054,Mutter,Mutter,NOUN,cj,5050,Kind
5055,Ebenbild,Ebenbild,NOUN,nk,5054,Mutter
5056,",",--,PUNCT,punct,5054,Mutter
5057,gerade,gerade,ADV,mo,5058,neun
5058,neun,neun,NUM,nk,5059,Monate
5059,Monate,Monat,NOUN,ams,5060,alt
5060,alt,alt,ADV,pd,5061,geworden
5061,geworden,werden,AUX,oc,5050,Kind
5062,.,--,PUNCT,punct,5050,Kind
5063,Es,es,PRON,sb,5064,war
5064,war,sein,AUX,ROOT,5064,war
5065,Giorginas,Giorgina,PROPN,ag,5066,Namenstag
5066,Namenstag,Namenstag,NOUN,ROOT,5066,Namenstag
5067,;,--,PUNCT,punct,5066,Namenstag
5068,sie,sie,PRON,sb,5069,hatte
5069,hatte,haben,AUX,ROOT,5069,hatte
5070,den,der,DET,nk,5071,Kleinen
5071,Kleinen,kleine,NOUN,da,5072,fremdartig
5072,fremdartig,fremdartig,ADV,oc,5069,hatte
5073,und,und,CCONJ,cd,5072,fremdartig
5074,sonderbar,sonderbar,ADV,cj,5073,und
5075,herausgeputzt,herausputzen,VERB,ROOT,5075,herausgeputzt
5076,",",--,PUNCT,punct,5075,herausgeputzt
5077,sich,sich,PRON,oa,5084,geworfen
5078,selbst,selbst,ADV,mnr,5077,sich
5079,in,in,ADP,mo,5084,geworfen
5080,ihre,ihr,DET,nk,5083,Tracht
5081,liebe,Liebe,ADJ,nk,5083,Tracht
5082,neapolitanische,neapolitanisch,ADJ,nk,5083,Tracht
5083,Tracht,Tracht,NOUN,nk,5079,in
5084,geworfen,werfen,VERB,oc,5075,herausgeputzt
5085,und,und,CCONJ,cd,5084,geworfen
5086,ein,ein,DET,nk,5088,Mahl
5087,besseres,besseres,ADJ,nk,5088,Mahl
5088,Mahl,Mahl,NOUN,ROOT,5088,Mahl
5089,",",--,PUNCT,punct,5088,Mahl
5090,als,als,ADP,mo,5093,bereitet
5091,gewöhnlich,gewöhnlich,ADV,nk,5090,als
5092,",",--,PUNCT,punct,5093,bereitet
5093,bereitet,bereiten,VERB,par,5088,Mahl
5094,",",--,PUNCT,punct,5093,bereitet
5095,wozu,wozu,SCONJ,mo,5097,Fremde
5096,der,der,DET,nk,5097,Fremde
5097,Fremde,Fremde,NOUN,sb,5093,bereitet
5098,eine,ein,DET,nk,5099,Flasche
5099,Flasche,Flasche,NOUN,oa,5093,bereitet
5100,köstlichen,köstlichen,VERB,ROOT,5100,köstlichen
5101,Weins,Wein,PROPN,sb,5100,köstlichen
5102,aus,aus,ADP,mnr,5101,Weins
5103,dem,der,DET,nk,5104,Felleisen
5104,Felleisen,Felleise,NOUN,nk,5102,aus
5105,hergab,hergeben,VERB,mo,5100,köstlichen
5106,.,--,PUNCT,punct,5100,köstlichen
5107,Als,als,SCONJ,ROOT,5107,Als
5108,sie,sie,PRON,nk,5107,Als
5109,nun,nun,ADV,mo,5108,sie
5110,fröhlich,fröhlich,ADV,mo,5111,bei
5111,bei,bei,ADP,mo,5109,nun
5112,Tische,Tisch,NOUN,nk,5111,bei
5113,saßen,sitzen,VERB,ROOT,5113,saßen
5114,und,und,CCONJ,cd,5113,saßen
5115,der,der,DET,nk,5117,Knabe
5116,kleine,klein,ADJ,nk,5117,Knabe
5117,Knabe,Knabe,NOUN,oa,5123,umherblickte
5118,mit,mit,ADP,mo,5123,umherblickte
5119,solch,solch,DET,mo,5120,wunderbar
5120,wunderbar,wunderbar,ADV,mo,5121,verständigen
5121,verständigen,verständig,ADJ,nk,5122,Augen
5122,Augen,Auge,NOUN,nk,5118,mit
5123,umherblickte,umherblicken,VERB,cj,5114,und
5124,",",--,PUNCT,punct,5113,saßen
5125,hub,hub,VERB,ROOT,5125,hub
5126,der,der,DET,nk,5127,Fremde
5127,Fremde,Fremde,NOUN,sb,5125,hub
5128,an,an,ADP,svp,5125,hub
5129,:,--,PUNCT,punct,5125,hub
5130,»,--,PUNCT,punct,5133,verspricht
5131,Euer,euer,DET,nk,5132,Kind
5132,Kind,Kind,NOUN,sb,5133,verspricht
5133,verspricht,versprechen,VERB,rs,5125,hub
5134,in,in,ADP,mo,5133,verspricht
5135,der,der,DET,nk,5136,Tat
5136,Tat,Tat,NOUN,nk,5134,in
5137,mit,mit,ADP,mo,5133,verspricht
5138,seinem,sein,DET,nk,5140,Wesen
5139,besondern,besonder,ADJ,nk,5140,Wesen
5140,Wesen,Wesen,NOUN,nk,5137,mit
5141,schon,schon,ADV,mo,5142,jetzt
5142,jetzt,jetzt,ADV,ROOT,5142,jetzt
5143,recht,recht,ADV,mo,5144,viel
5144,viel,viel,PRON,ROOT,5144,viel
5145,und,und,CCONJ,cd,5144,viel
5146,es,es,PRON,sb,5147,ist
5147,ist,sein,AUX,cj,5145,und
5148,schade,schade,ADV,pd,5147,ist
5149,",",--,PUNCT,punct,5147,ist
5150,daß,daß,SCONJ,cp,5155,werdet
5151,ihr,ihr,PRON,da,5155,werdet
5152,nicht,nicht,PART,ng,5155,werdet
5153,imstande,imstande,ADV,pd,5154,sein
5154,sein,sein,AUX,oc,5155,werdet
5155,werdet,werden,VERB,re,5146,es
5156,",",--,PUNCT,punct,5144,viel
5157,es,es,PRON,oa,5160,erziehen
5158,gehörig,gehörig,ADV,mo,5160,erziehen
5159,zu,zu,PART,pm,5160,erziehen
5160,erziehen,erziehen,VERB,ROOT,5160,erziehen
5161,.,--,PUNCT,punct,5160,erziehen
5162,Ich,ich,PRON,sb,5163,hätte
5163,hätte,haben,AUX,ROOT,5163,hätte
5164,euch,euch,PRON,da,5169,tun
5165,wohl,wohl,ADV,mo,5169,tun
5166,einen,ein,DET,nk,5167,Vorschlag
5167,Vorschlag,Vorschlag,NOUN,oa,5169,tun
5168,zu,zu,PART,pm,5169,tun
5169,tun,tun,VERB,oc,5163,hätte
5170,",",--,PUNCT,punct,5172,werdet
5171,ihr,ihr,PRON,da,5172,werdet
5172,werdet,werden,VERB,cj,5163,hätte
5173,ihn,ihn,PRON,oa,5175,verwerfen
5174,aber,aber,ADV,mo,5176,wollen
5175,verwerfen,verwerfen,VERB,oc,5176,wollen
5176,wollen,wollen,AUX,sb,5178,unerachtet
5177,",",--,PUNCT,punct,5178,unerachtet
5178,unerachtet,unerachten,VERB,ROOT,5178,unerachtet
5179,ihr,ihr,DET,nk,5180,bedenken
5180,bedenken,Bedenken,NOUN,oa,5178,unerachtet
5181,möchtet,möchten,VERB,mo,5178,unerachtet
5182,",",--,PUNCT,punct,5181,möchtet
5183,daß,daß,SCONJ,cp,5184,er
5184,er,er,PRON,sb,5178,unerachtet
5185,nur,nur,ADV,mo,5186,euer
5186,euer,eu,ADV,pd,5184,er
5187,Glück,Glück,NOUN,ROOT,5187,Glück
5188,",",--,PUNCT,punct,5187,Glück
5189,euern,euern,VERB,mo,5191,bezweckt
5190,Wohlstand,Wohlstand,NOUN,oa,5191,bezweckt
5191,bezweckt,bezwecken,VERB,par,5187,Glück
5192,.,--,PUNCT,punct,5187,Glück
5193,Ihr,ihr,PRON,sb,5194,wißt
5194,wißt,wissen,VERB,ROOT,5194,wißt
5195,",",--,PUNCT,punct,5194,wißt
5196,daß,daß,SCONJ,cp,5202,bin
5197,ich,ich,PRON,sb,5202,bin
5198,reich,reich,ADV,pd,5202,bin
5199,und,und,CCONJ,cd,5198,reich
5200,ohne,ohne,ADP,cj,5199,und
5201,Kinder,Kind,NOUN,nk,5200,ohne
5202,bin,sein,AUX,oc,5194,wißt
5203,",",--,PUNCT,punct,5194,wißt
5204,ich,ich,PRON,sb,5205,fühle
5205,fühle,fühlen,VERB,ROOT,5205,fühle
5206,eine,ein,DET,nk,5209,Liebe
5207,ganz,ganz,ADV,mo,5208,besondere
5208,besondere,besonderer,ADJ,nk,5209,Liebe
5209,Liebe,Liebe,NOUN,oa,5205,fühle
5210,und,und,CCONJ,cd,5209,Liebe
5211,Zuneigung,Zuneigung,NOUN,cj,5210,und
5212,zu,zu,ADP,mnr,5209,Liebe
5213,euerm,euerm,ADP,nk,5214,Knaben
5214,Knaben,Knabe,NOUN,nk,5212,zu
5215,-,--,PUNCT,punct,5205,fühle
5216,Gebt,geben,VERB,cj,5205,fühle
5217,mir,mir,PRON,da,5216,Gebt
5218,ihn,ihn,PRON,ROOT,5218,ihn
5219,!,--,PUNCT,punct,5218,ihn
5220,-,--,PUNCT,punct,5222,bringe
5221,Ich,ich,PRON,sb,5222,bringe
5222,bringe,bringen,VERB,ROOT,5222,bringe
5223,ihn,ihn,PRON,oa,5222,bringe
5224,nach,nach,ADP,mo,5222,bringe
5225,Straßburg,Straßburg,PROPN,nk,5224,nach
5226,",",--,PUNCT,punct,5225,Straßburg
5227,wo,wo,SCONJ,mo,5222,bringe
5228,er,er,PRON,oa,5222,bringe
5229,von,von,ADP,pg,5228,er
5230,einer,ein,DET,nk,5231,Freundin
5231,Freundin,Freundin,NOUN,nk,5229,von
5232,von,von,ADP,pg,5231,Freundin
5233,mir,mir,PRON,nk,5232,von
5234,",",--,PUNCT,punct,5231,Freundin
5235,einer,ein,PRON,dep,5228,er
5236,alten,alt,ADJ,nk,5238,Frau
5237,ehrbaren,ehrbar,ADJ,nk,5238,Frau
5238,Frau,Frau,NOUN,ROOT,5238,Frau
5239,",",--,PUNCT,punct,5238,Frau
5240,auf,auf,ADP,mo,5243,erzogen
5241,das,der,DET,nk,5242,beste
5242,beste,gut,ADJ,nk,5240,auf
5243,erzogen,erziehen,VERB,oc,5244,werden
5244,werden,werden,AUX,oc,5238,Frau
5245,und,und,CCONJ,cd,5244,werden
5246,mir,mir,PRON,cj,5245,und
5247,sowie,sowie,CCONJ,cd,5246,mir
5248,euch,euch,PRON,cj,5247,sowie
5249,große,groß,ADJ,cj,5247,sowie
5250,Freude,Freude,NOUN,oa,5251,machen
5251,machen,machen,VERB,oc,5252,soll
5252,soll,sollen,AUX,ROOT,5252,soll
5253,.,--,PUNCT,punct,5252,soll
5254,Ihr,ihr,PRON,sb,5255,werdet
5255,werdet,werden,VERB,ROOT,5255,werdet
5256,mit,mit,ADP,mo,5255,werdet
5257,euerm,euerm,ADP,nk,5258,Kinde
5258,Kinde,Kind,NOUN,nk,5256,mit
5259,einer,ein,DET,nk,5261,Last
5260,großen,groß,ADJ,nk,5261,Last
5261,Last,Last,NOUN,ag,5258,Kinde
5262,frei,frei,ADV,svp,5255,werdet
5263,;,--,PUNCT,punct,5255,werdet
5264,doch,doch,CCONJ,ROOT,5264,doch
5265,müßt,müßt,VERB,ROOT,5265,müßt
5266,ihr,ihr,DET,nk,5268,Entschluß
5267,euern,Euer,ADJ,nk,5268,Entschluß
5268,Entschluß,Entschluß,NOUN,oa,5270,fassen
5269,schnell,schnell,ADV,mo,5270,fassen
5270,fassen,fassen,VERB,oc,5265,müßt
5271,",",--,PUNCT,punct,5265,müßt
5272,da,da,SCONJ,cp,5275,bin
5273,ich,ich,PRON,sb,5275,bin
5274,genötigt,nötigen,VERB,oc,5275,bin
5275,bin,sein,AUX,mo,5265,müßt
5276,",",--,PUNCT,punct,5275,bin
5277,noch,noch,ADV,mo,5278,heute
5278,heute,heute,ADV,mo,5265,müßt
5279,abend,abend,ADV,mo,5278,heute
5280,abzureisen,abzureisen,VERB,ROOT,5280,abzureisen
5281,.,--,PUNCT,punct,5280,abzureisen
5282,Auf,auf,ADP,op,5285,trage
5283,meinen,mein,DET,nk,5284,Armen
5284,Armen,arme,NOUN,nk,5282,Auf
5285,trage,tragen,VERB,ROOT,5285,trage
5286,ich,ich,PRON,sb,5285,trage
5287,das,der,DET,nk,5288,Kind
5288,Kind,Kind,NOUN,oa,5285,trage
5289,bis,bis,ADP,ac,5290,in
5290,in,in,ADP,mo,5285,trage
5291,das,der,DET,nk,5293,Dorf
5292,nächste,nächster,ADJ,nk,5293,Dorf
5293,Dorf,Dorf,NOUN,nk,5290,in
5294,;,--,PUNCT,punct,5285,trage
5295,dort,dort,ADV,ROOT,5295,dort
5296,nehme,nehmen,VERB,ROOT,5296,nehme
5297,ich,ich,PRON,sb,5296,nehme
5298,dann,dann,ADV,mo,5296,nehme
5299,ein,ein,DET,nk,5300,Fuhrwerk
5300,Fuhrwerk,Fuhrwerk,NOUN,oa,5296,nehme
5301,.,--,PUNCT,punct,5296,nehme
5302,«,--,PUNCT,punct,5296,nehme
5303,Bei,bei,ADP,mo,5308,riß
5304,diesen,dieser,DET,nk,5305,Worten
5305,Worten,Wort,NOUN,nk,5303,Bei
5306,des,der,DET,nk,5307,Fremden
5307,Fremden,fremde,NOUN,ag,5305,Worten
5308,riß,riß,VERB,ROOT,5308,riß
5309,Giorgina,Giorgina,PROPN,sb,5308,riß
5310,das,der,PRON,oa,5308,riß
5311,Kind,Kind,NOUN,ROOT,5311,Kind
5312,",",--,PUNCT,punct,5311,Kind
5313,das,der,PRON,oa,5318,geschaukelt
5314,er,er,PRON,sb,5319,hatte
5315,auf,auf,ADP,mo,5318,geschaukelt
5316,seinen,sein,DET,nk,5317,Knien
5317,Knien,Knie,NOUN,nk,5315,auf
5318,geschaukelt,schaukeln,VERB,oc,5319,hatte
5319,hatte,haben,AUX,rc,5311,Kind
5320,",",--,PUNCT,punct,5311,Kind
5321,hastig,hastig,ADV,mo,5311,Kind
5322,fort,fort,ADV,svp,5311,Kind
5323,und,und,CCONJ,cd,5311,Kind
5324,drückte,drücken,VERB,cj,5323,und
5325,es,es,PRON,oa,5324,drückte
5326,an,an,ADP,svp,5324,drückte
5327,ihren,ihr,DET,nk,5328,Busen
5328,Busen,Busen,NOUN,ROOT,5328,Busen
5329,",",--,PUNCT,punct,5328,Busen
5330,indem,indem,SCONJ,cp,5337,traten
5331,ihr,ihr,PRON,da,5337,traten
5332,die,der,DET,nk,5333,Tränen
5333,Tränen,Träne,NOUN,sb,5337,traten
5334,in,in,ADP,mo,5337,traten
5335,die,der,DET,nk,5336,Augen
5336,Augen,Auge,NOUN,nk,5334,in
5337,traten,treten,VERB,mnr,5328,Busen
5338,.,--,PUNCT,punct,5328,Busen
5339,»,--,PUNCT,punct,5343,Herr
5340,Seht,Seht,VERB,dm,5343,Herr
5341,",",--,PUNCT,punct,5340,Seht
5342,lieber,lieb,ADJ,mo,5343,Herr
5343,Herr,Herr,NOUN,ROOT,5343,Herr
5344,!,--,PUNCT,punct,5343,Herr
5345,«,--,PUNCT,punct,5343,Herr
5346,sprach,sprechen,VERB,ROOT,5346,sprach
5347,Andres,Andres,NOUN,sb,5346,sprach
5348,",",--,PUNCT,punct,5346,sprach
5349,»,--,PUNCT,punct,5357,antwortet
5350,wie,wie,ADV,mo,5357,antwortet
5351,meine,mein,DET,nk,5352,Frau
5352,Frau,Frau,NOUN,sb,5357,antwortet
5353,Euch,euch,PRON,nk,5356,Vorschlag
5354,auf,auf,ADP,mnr,5353,Euch
5355,Euern,Euer,NOUN,nk,5354,auf
5356,Vorschlag,Vorschlag,NOUN,oa,5357,antwortet
5357,antwortet,antworten,VERB,mo,5346,sprach
5358,",",--,PUNCT,punct,5346,sprach
5359,und,und,CCONJ,cd,5346,sprach
5360,ebenso,ebenso,ADV,mo,5346,sprach
5361,bin,sein,AUX,ROOT,5361,bin
5362,auch,auch,ADV,mo,5363,ich
5363,ich,ich,PRON,sb,5361,bin
5364,gesinnt,sinnen,VERB,pd,5361,bin
5365,.,--,PUNCT,punct,5361,bin
5366,Eure,euer,DET,nk,5367,Absicht
5367,Absicht,Absicht,NOUN,sb,5368,mag
5368,mag,mögen,AUX,ROOT,5368,mag
5369,recht,recht,ADV,mo,5370,gut
5370,gut,gut,ADV,pd,5371,sein
5371,sein,sein,AUX,oc,5368,mag
5372,;,--,PUNCT,punct,5368,mag
5373,aber,aber,CCONJ,ROOT,5373,aber
5374,wie,wie,ADP,cm,5375,möget
5375,möget,möget,ADV,mo,5373,aber
5376,Ihr,ihr,PRON,sb,5375,möget
5377,doch,doch,ADV,mo,5375,möget
5378,uns,uns,PRON,da,5381,rauben
5379,das,der,DET,nk,5380,Liebste
5380,Liebste,Liebste,NOUN,oa,5381,rauben
5381,rauben,rauben,VERB,oc,5382,wollen
5382,wollen,wollen,AUX,ROOT,5382,wollen
5383,",",--,PUNCT,punct,5382,wollen
5384,das,der,PRON,oa,5388,besitzen
5385,wir,wir,PRON,sb,5388,besitzen
5386,auf,auf,ADP,mo,5388,besitzen
5387,Erden,Erde,NOUN,nk,5386,auf
5388,besitzen,besitzen,VERB,rc,5379,das
5389,?,--,PUNCT,punct,5382,wollen
5390,wie,wie,ADP,cm,5391,möget
5391,möget,möget,ADV,mo,5392,Ihr
5392,Ihr,ihr,PRON,ROOT,5392,Ihr
5393,doch,doch,ADV,mo,5392,Ihr
5394,das,der,PRON,sb,5397,nennen
5395,eine,ein,DET,nk,5396,Last
5396,Last,Last,NOUN,oa,5397,nennen
5397,nennen,nennen,VERB,mo,5405,wären
5398,",",--,PUNCT,punct,5397,nennen
5399,was,wer,PRON,sb,5403,würde
5400,unser,unser,DET,nk,5401,Leben
5401,Leben,Leben,NOUN,oa,5402,aufheitern
5402,aufheitern,aufheitern,VERB,oc,5403,würde
5403,würde,werden,AUX,oc,5397,nennen
5404,",",--,PUNCT,punct,5405,wären
5405,wären,sein,AUX,ROOT,5405,wären
5406,wir,wir,PRON,sb,5405,wären
5407,auch,auch,ADV,mo,5405,wären
5408,noch,noch,ADV,mo,5405,wären
5409,in,in,ADP,mo,5405,wären
5410,der,der,DET,nk,5412,Dürftigkeit
5411,tiefsten,tief,ADJ,nk,5412,Dürftigkeit
5412,Dürftigkeit,Dürftigkeit,NOUN,ROOT,5412,Dürftigkeit
5413,",",--,PUNCT,punct,5412,Dürftigkeit
5414,aus,aus,ADP,mo,5419,gerissen
5415,der,der,PRON,nk,5414,aus
5416,uns,uns,PRON,da,5419,gerissen
5417,Eure,euer,DET,nk,5418,Güte
5418,Güte,Güte,NOUN,oa,5419,gerissen
5419,gerissen,gerissen,VERB,rc,5412,Dürftigkeit
5420,?,--,PUNCT,punct,5412,Dürftigkeit
5421,Seht,Seht,VERB,ROOT,5421,Seht
5422,",",--,PUNCT,punct,5421,Seht
5423,lieber,lieb,ADJ,mo,5424,Herr
5424,Herr,Herr,NOUN,sb,5421,Seht
5425,!,--,PUNCT,punct,5421,Seht
5426,Ihr,ihr,PRON,sb,5427,sagtet
5427,sagtet,sagten,VERB,ROOT,5427,sagtet
5428,selbst,selbst,ADV,mo,5427,sagtet
5429,",",--,PUNCT,punct,5427,sagtet
5430,daß,daß,SCONJ,cp,5431,Ihr
5431,Ihr,ihr,PRON,oc,5427,sagtet
5432,ohne,ohne,ADP,mnr,5431,Ihr
5433,Frau,Frau,NOUN,nk,5432,ohne
5434,und,und,CCONJ,cd,5432,ohne
5435,ohne,ohne,ADP,cj,5434,und
5436,Kinder,Kind,NOUN,nk,5435,ohne
5437,wäret,wäret,ADV,pd,5431,Ihr
5438,;,--,PUNCT,punct,5427,sagtet
5439,Euch,euch,PRON,sb,5440,ist
5440,ist,sein,AUX,ROOT,5440,ist
5441,daher,daher,ADV,mo,5440,ist
5442,wohl,wohl,ADV,mo,5440,ist
5443,die,der,DET,nk,5444,Seligkeit
5444,Seligkeit,Seligkeit,NOUN,ROOT,5444,Seligkeit
5445,fremd,fremd,ADV,pd,5444,Seligkeit
5446,",",--,PUNCT,punct,5445,fremd
5447,die,der,PRON,sb,5449,aus
5448,gleichsam,gleichsam,ADV,mo,5449,aus
5449,aus,aus,ADP,rc,5444,Seligkeit
5450,der,der,DET,nk,5451,Glorie
5451,Glorie,Glorie,NOUN,nk,5449,aus
5452,des,der,DET,nk,5454,Himmelreichs
5453,offnen,offn,ADJ,nk,5454,Himmelreichs
5454,Himmelreichs,Himmelreich,NOUN,ag,5451,Glorie
5455,herabströmt,herabströmen,VERB,ROOT,5455,herabströmt
5456,auf,auf,ADP,mo,5455,herabströmt
5457,Mann,Mann,NOUN,nk,5456,auf
5458,und,und,CCONJ,cd,5457,Mann
5459,Weib,Weib,NOUN,cj,5458,und
5460,bei,bei,ADP,mo,5455,herabströmt
5461,der,der,DET,nk,5462,Geburt
5462,Geburt,Geburt,NOUN,nk,5460,bei
5463,eines,ein,DET,nk,5464,Kindes
5464,Kindes,Kind,NOUN,ag,5462,Geburt
5465,.,--,PUNCT,punct,5455,herabströmt
5466,Es,es,PRON,sb,5467,ist
5467,ist,sein,AUX,ROOT,5467,ist
5468,ja,ja,ADV,mo,5467,ist
5469,die,der,DET,pd,5467,ist
5470,reinste,reinst,ADJ,nk,5471,Liebe
5471,Liebe,Liebe,NOUN,ROOT,5471,Liebe
5472,und,und,CCONJ,cd,5471,Liebe
5473,Himmelswonne,Himmelswonne,NOUN,cj,5472,und
5474,selbst,selbst,ADV,mnr,5471,Liebe
5475,",",--,PUNCT,punct,5471,Liebe
5476,von,von,ADP,mo,5480,erfüllt
5477,der,der,PRON,nk,5476,von
5478,die,der,DET,nk,5479,Eltern
5479,Eltern,Eltern,NOUN,sb,5481,werden
5480,erfüllt,erfüllen,VERB,oc,5481,werden
5481,werden,werden,AUX,rc,5471,Liebe
5482,",",--,PUNCT,punct,5481,werden
5483,wenn,wenn,SCONJ,ROOT,5483,wenn
5484,sie,sie,PRON,sb,5487,schauen
5485,ihr,ihr,DET,nk,5486,Kind
5486,Kind,Kind,NOUN,oa,5487,schauen
5487,schauen,schauen,VERB,ROOT,5487,schauen
5488,",",--,PUNCT,punct,5487,schauen
5489,das,der,PRON,sb,5497,liegend
5490,stumm,stumm,ADV,mo,5497,liegend
5491,und,und,CCONJ,cd,5490,stumm
5492,still,still,ADV,mo,5493,an
5493,an,an,ADP,cj,5491,und
5494,der,der,DET,nk,5495,Mutter
5495,Mutter,Mutter,NOUN,nk,5493,an
5496,Brust,Brust,NOUN,nk,5495,Mutter
5497,liegend,liegend,ADV,rc,5485,ihr
5498,",",--,PUNCT,punct,5487,schauen
5499,doch,doch,CCONJ,cd,5487,schauen
5500,mit,mit,ADP,svp,5487,schauen
5501,gar,gar,ADV,mo,5502,beredten
5502,beredten,beredt,ADJ,nk,5503,Zungen
5503,Zungen,Zunge,NOUN,sb,5512,spricht
5504,von,von,ADP,pg,5503,Zungen
5505,ihrer,ihr,DET,nk,5506,Liebe
5506,Liebe,Liebe,NOUN,nk,5504,von
5507,",",--,PUNCT,punct,5512,spricht
5508,von,von,ADP,op,5512,spricht
5509,ihrem,ihr,DET,nk,5511,Lebensglück
5510,höchsten,hoch,ADJ,nk,5511,Lebensglück
5511,Lebensglück,Lebensglück,NOUN,nk,5508,von
5512,spricht,sprechen,VERB,ROOT,5512,spricht
5513,.,--,PUNCT,punct,5512,spricht
5514,-,--,PUNCT,ROOT,5514,-
5515,Nein,nein,PART,dm,5518,Herr
5516,",",--,PUNCT,punct,5518,Herr
5517,lieber,lieb,ADJ,mo,5518,Herr
5518,Herr,Herr,NOUN,ROOT,5518,Herr
5519,!,--,PUNCT,punct,5518,Herr
5520,so,so,ADV,mo,5521,groß
5521,groß,groß,ADV,pd,5525,sind
5522,auch,auch,ADV,mo,5524,Wohltaten
5523,die,der,DET,nk,5524,Wohltaten
5524,Wohltaten,Wohltat,NOUN,sb,5525,sind
5525,sind,sein,AUX,ROOT,5525,sind
5526,",",--,PUNCT,punct,5525,sind
5527,die,der,PRON,sb,5531,habt
5528,Ihr,ihr,PRON,da,5530,erzeigt
5529,uns,sich,PRON,oa,5530,erzeigt
5530,erzeigt,erzeigen,VERB,oc,5531,habt
5531,habt,haben,AUX,rc,5524,Wohltaten
5532,",",--,PUNCT,punct,5525,sind
5533,so,so,ADV,mo,5534,wiegen
5534,wiegen,wiegen,VERB,ROOT,5534,wiegen
5535,sie,sie,PRON,sb,5534,wiegen
5536,doch,doch,ADV,mo,5534,wiegen
5537,lange,lange,ADV,mo,5538,nicht
5538,nicht,nicht,PART,ng,5539,das
5539,das,der,PRON,sb,5534,wiegen
5540,auf,auf,ADP,svp,5534,wiegen
5541,",",--,PUNCT,punct,5534,wiegen
5542,was,was,PRON,sb,5547,ist
5543,uns,uns,PRON,da,5546,wert
5544,unser,unser,DET,nk,5545,Kind
5545,Kind,Kind,NOUN,sb,5547,ist
5546,wert,wert,ADV,pd,5547,ist
5547,ist,sein,AUX,rc,5534,wiegen
5548,;,--,PUNCT,punct,5534,wiegen
5549,denn,denn,CCONJ,ROOT,5549,denn
5550,wo,wo,SCONJ,mo,5549,denn
5551,gäbe,geben,VERB,ROOT,5551,gäbe
5552,es,es,PRON,ep,5551,gäbe
5553,Schätze,Schatz,NOUN,oa,5551,gäbe
5554,der,der,DET,nk,5555,Welt
5555,Welt,Welt,NOUN,ag,5553,Schätze
5556,",",--,PUNCT,punct,5553,Schätze
5557,die,der,PRON,sb,5560,gleichzustellen
5558,diesem,dieser,DET,nk,5559,Besitz
5559,Besitz,Besitz,NOUN,da,5560,gleichzustellen
5560,gleichzustellen,gleichzustellen,VERB,rc,5553,Schätze
5561,?,--,PUNCT,punct,5551,gäbe
5562,Scheltet,Schelten,VERB,ROOT,5562,Scheltet
5563,uns,uns,PRON,oa,5562,Scheltet
5564,daher,daher,ADV,mo,5562,Scheltet
5565,nicht,nicht,PART,ng,5566,undankbar
5566,undankbar,undankbar,ADV,ROOT,5566,undankbar
5567,",",--,PUNCT,punct,5566,undankbar
5568,lieber,lieb,ADJ,mo,5569,Herr
5569,Herr,Herr,NOUN,cj,5566,undankbar
5570,!,--,PUNCT,punct,5566,undankbar
5571,daß,daß,SCONJ,cp,5572,wir
5572,wir,wir,PRON,ROOT,5572,wir
5573,Euch,Euch,PRON,nk,5575,Ansinnen
5574,Euer,Euer,PROPN,nk,5575,Ansinnen
5575,Ansinnen,Ansinnen,NOUN,oa,5577,ganz
5576,so,so,ADV,mo,5577,ganz
5577,ganz,ganz,ADV,pd,5572,wir
5578,und,und,CCONJ,cd,5577,ganz
5579,gar,gar,ADV,cj,5578,und
5580,abschlagen,abschlagen,VERB,ROOT,5580,abschlagen
5581,.,--,PUNCT,punct,5580,abschlagen
5582,Wäret,wäret,ADV,ROOT,5582,Wäret
5583,Ihr,ihr,PRON,sb,5588,bedürfte
5584,selbst,selbst,ADV,mo,5585,Vater
5585,Vater,Vater,NOUN,pd,5583,Ihr
5586,",",--,PUNCT,punct,5587,so
5587,so,so,ADV,mo,5588,bedürfte
5588,bedürfte,bedürfte,VERB,ROOT,5588,bedürfte
5589,es,es,PRON,oa,5588,bedürfte
5590,weiter,weiter,ADV,mo,5588,bedürfte
5591,gar,gar,ADV,mo,5592,keiner
5592,keiner,keiner,PRON,oa,5588,bedürfte
5593,Entschuldigung,Entschuldigung,NOUN,ROOT,5593,Entschuldigung
5594,für,für,ADP,mnr,5593,Entschuldigung
5595,uns,uns,PRON,nk,5594,für
5596,.,--,PUNCT,punct,5593,Entschuldigung
5597,«,--,PUNCT,punct,5593,Entschuldigung
5598,-,--,PUNCT,punct,5605,erwiderte
5599,»,--,PUNCT,punct,5602,nun
5600,Nun,nun,ADV,dep,5602,nun
5601,",",--,PUNCT,punct,5602,nun
5602,nun,nun,ADV,mo,5605,erwiderte
5603,«,--,PUNCT,punct,5605,erwiderte
5604,",",--,PUNCT,punct,5605,erwiderte
5605,erwiderte,erwidern,VERB,ROOT,5605,erwiderte
5606,der,der,DET,nk,5607,Fremde
5607,Fremde,Fremde,NOUN,sb,5605,erwiderte
5608,",",--,PUNCT,punct,5605,erwiderte
5609,indem,indem,SCONJ,cp,5610,er
5610,er,er,PRON,mo,5605,erwiderte
5611,finster,finst,ADV,mo,5605,erwiderte
5612,seitwärts,seitwärts,ADV,mo,5613,blickte
5613,blickte,blicken,VERB,ROOT,5613,blickte
5614,",",--,PUNCT,punct,5613,blickte
5615,»,--,PUNCT,punct,5617,glaubte
5616,ich,ich,PRON,sb,5617,glaubte
5617,glaubte,glauben,VERB,oc,5613,blickte
5618,Euch,euch,PRON,oa,5619,wohlzutun
5619,wohlzutun,wohlzutun,VERB,oc,5617,glaubte
5620,",",--,PUNCT,punct,5619,wohlzutun
5621,indem,indem,SCONJ,cp,5624,Sohn
5622,ich,ich,PRON,sb,5621,indem
5623,Euern,Euern,NOUN,nk,5622,ich
5624,Sohn,Sohn,NOUN,ROOT,5624,Sohn
5625,reich,reich,ADV,pd,5624,Sohn
5626,und,und,CCONJ,cd,5625,reich
5627,glücklich,glücklich,ADV,mo,5628,machte
5628,machte,machen,VERB,ROOT,5628,machte
5629,.,--,PUNCT,punct,5628,machte
5630,Seid,Seid,AUX,re,5636,so
5631,ihr,ihr,PRON,sb,5630,Seid
5632,nicht,nicht,PART,ng,5630,Seid
5633,damit,damit,ADV,mo,5634,zufrieden
5634,zufrieden,zufrieden,ADV,pd,5630,Seid
5635,",",--,PUNCT,punct,5636,so
5636,so,so,ADV,mo,5637,ist
5637,ist,sein,AUX,ROOT,5637,ist
5638,davon,davon,ADV,mo,5637,ist
5639,weiter,weiter,ADV,mo,5637,ist
5640,nicht,nicht,PART,ng,5637,ist
5641,die,der,DET,dep,5637,ist
5642,Rede,Rede,NOUN,ROOT,5642,Rede
5643,.,--,PUNCT,punct,5642,Rede
5644,«,--,PUNCT,punct,5642,Rede
5645,-,--,PUNCT,punct,5647,küßte
5646,Giorgina,Giorgina,PROPN,sb,5647,küßte
5647,küßte,küssen,VERB,ROOT,5647,küßte
5648,und,und,CCONJ,cd,5647,küßte
5649,herzte,herzen,VERB,cj,5648,und
5650,den,der,DET,nk,5651,Knaben
5651,Knaben,Knabe,NOUN,oa,5649,herzte
5652,",",--,PUNCT,punct,5649,herzte
5653,als,als,SCONJ,cm,5654,sei
5654,sei,sein,AUX,oc,5649,herzte
5655,er,er,PRON,sb,5654,sei
5656,aus,aus,ADP,mo,5654,sei
5657,großer,groß,ADJ,nk,5658,Gefahr
5658,Gefahr,Gefahr,NOUN,nk,5656,aus
5659,errettet,erretten,VERB,ROOT,5659,errettet
5660,",",--,PUNCT,punct,5659,errettet
5661,und,und,CCONJ,cd,5659,errettet
5662,ihr,ihr,DET,da,5663,wiedergegeben
5663,wiedergegeben,wiedergeben,VERB,oc,5664,worden
5664,worden,werden,AUX,cj,5661,und
5665,.,--,PUNCT,punct,5659,errettet
5666,Der,der,DET,nk,5667,Fremde
5667,Fremde,Fremde,NOUN,sb,5668,strebte
5668,strebte,streben,VERB,ROOT,5668,strebte
5669,sichtlich,sichtlich,ADV,mo,5668,strebte
5670,wieder,wieder,ADV,mo,5668,strebte
5671,unbefangen,Unbefang,NOUN,pd,5675,scheinen
5672,und,und,CCONJ,cd,5671,unbefangen
5673,heiter,heit,ADV,cj,5672,und
5674,zu,zu,PART,pm,5675,scheinen
5675,scheinen,scheinen,VERB,ROOT,5675,scheinen
5676,;,--,PUNCT,punct,5675,scheinen
5677,man,man,PRON,sb,5678,merkte
5678,merkte,merken,VERB,ROOT,5678,merkte
5679,es,es,PRON,oa,5678,merkte
5680,indessen,indessen,ADV,mo,5678,merkte
5681,doch,doch,ADV,mo,5678,merkte
5682,nur,nur,ADV,mo,5678,merkte
5683,zu,zu,PART,mo,5684,deutlich
5684,deutlich,deutlich,ADV,mo,5678,merkte
5685,",",--,PUNCT,punct,5678,merkte
5686,wie,wie,ADV,mo,5687,sehr
5687,sehr,sehr,ADV,mo,5688,ihn
5688,ihn,ihn,PRON,ROOT,5688,ihn
5689,die,der,DET,nk,5690,Weigerung
5690,Weigerung,Weigerung,NOUN,sb,5688,ihn
5691,seiner,sein,DET,nk,5692,Wirtsleute
5692,Wirtsleute,Wirtsleute,NOUN,ag,5690,Weigerung
5693,",",--,PUNCT,punct,5692,Wirtsleute
5694,ihm,ihm,PRON,da,5698,geben
5695,den,der,DET,nk,5696,Knaben
5696,Knaben,Knabe,NOUN,da,5698,geben
5697,zu,zu,PART,pm,5698,geben
5698,geben,geben,VERB,oc,5690,Weigerung
5699,",",--,PUNCT,punct,5690,Weigerung
5700,verdrossen,verdrossen,VERB,oc,5701,hatte
5701,hatte,haben,AUX,ROOT,5701,hatte
5702,.,--,PUNCT,punct,5701,hatte
5703,Statt,statt,SCONJ,ROOT,5703,Statt
5704,",",--,PUNCT,punct,5703,Statt
5705,wie,wie,SCONJ,mo,5707,gesagt
5706,er,er,PRON,sb,5707,gesagt
5707,gesagt,sagen,VERB,cc,5703,Statt
5708,",",--,PUNCT,punct,5707,gesagt
5709,noch,noch,CCONJ,mo,5712,fortzureisen
5710,denselben,derselbe,DET,nk,5711,Abend
5711,Abend,Abend,NOUN,oa,5712,fortzureisen
5712,fortzureisen,fortzureisen,VERB,cj,5707,gesagt
5713,",",--,PUNCT,punct,5707,gesagt
5714,blieb,bleiben,VERB,ROOT,5714,blieb
5715,er,er,PRON,sb,5714,blieb
5716,wieder,wieder,ADV,mo,5714,blieb
5717,drei,drei,NUM,nk,5718,Tage
5718,Tage,Tag,NOUN,mo,5714,blieb
5719,",",--,PUNCT,punct,5718,Tage
5720,in,in,ADP,mo,5722,er
5721,welchen,welcher,PRON,nk,5720,in
5722,er,er,PRON,app,5718,Tage
5723,jedoch,jedoch,ADV,mo,5714,blieb
5724,nicht,nicht,PART,ng,5714,blieb
5725,so,so,ADV,mo,5714,blieb
5726,",",--,PUNCT,punct,5725,so
5727,wie,wie,SCONJ,cm,5728,sonst
5728,sonst,sonst,ADV,mo,5729,bei
5729,bei,bei,ADP,cc,5725,so
5730,Giorgina,Giorgina,PROPN,sb,5731,verweilte
5731,verweilte,verweilten,VERB,ROOT,5731,verweilte
5732,",",--,PUNCT,punct,5731,verweilte
5733,sondern,sondern,CCONJ,cd,5731,verweilte
5734,mit,mit,ADP,mo,5739,zog
5735,Andres,Andr,NOUN,nk,5734,mit
5736,auf,auf,ADP,mo,5739,zog
5737,die,der,DET,nk,5738,Jagd
5738,Jagd,Jagd,NOUN,nk,5736,auf
5739,zog,ziehen,VERB,cj,5733,sondern
5740,und,und,CCONJ,cd,5739,zog
5741,sich,sich,PRON,oa,5742,bei
5742,bei,bei,ADP,cj,5740,und
5743,dieser,dieser,DET,nk,5742,bei
5744,Gelegenheit,Gelegenheit,NOUN,sb,5753,ließ
5745,viel,viel,PRON,sb,5744,Gelegenheit
5746,von,von,ADP,sbp,5752,erzählen
5747,dem,der,DET,nk,5748,Grafen
5748,Grafen,Graf,NOUN,nk,5746,von
5749,Aloys,Aloys,PROPN,nk,5748,Grafen
5750,von,von,ADP,mo,5752,erzählen
5751,Vach,Vach,PROPN,nk,5750,von
5752,erzählen,erzählen,VERB,oc,5753,ließ
5753,ließ,lassen,VERB,ROOT,5753,ließ
5754,.,--,PUNCT,punct,5753,ließ
5755,Als,als,SCONJ,cp,5756,in
5756,in,in,ADP,ROOT,5756,in
5757,der,der,DET,nk,5758,Folge
5758,Folge,Folge,NOUN,nk,5756,in
5759,Ignaz,Ignaz,PROPN,pnc,5760,Denner
5760,Denner,Denner,PROPN,sb,5766,einsprach
5761,wieder,wieder,ADV,mo,5766,einsprach
5762,bei,bei,ADP,mo,5766,einsprach
5763,seinem,sein,DET,nk,5764,Freunde
5764,Freunde,Freund,NOUN,nk,5762,bei
5765,Andres,Andres,PROPN,nk,5764,Freunde
5766,einsprach,einsprach,VERB,mo,5768,dachte
5767,",",--,PUNCT,punct,5768,dachte
5768,dachte,denken,VERB,ROOT,5768,dachte
5769,er,er,PRON,sb,5768,dachte
5770,nicht,nicht,PART,ng,5768,dachte
5771,mehr,mehr,ADV,mo,5770,nicht
5772,an,an,ADP,ROOT,5772,an
5773,seinen,sein,DET,nk,5774,Plan
5774,Plan,Plan,NOUN,nk,5772,an
5775,",",--,PUNCT,punct,5774,Plan
5776,den,der,DET,nk,5777,Knaben
5777,Knaben,Knabe,NOUN,da,5781,nehmen
5778,mit,mit,ADP,mo,5781,nehmen
5779,sich,sich,PRON,nk,5778,mit
5780,zu,zu,PART,pm,5781,nehmen
5781,nehmen,nehmen,VERB,oc,5774,Plan
5782,.,--,PUNCT,punct,5772,an
5783,Er,er,PRON,sb,5784,war
5784,war,sein,AUX,ROOT,5784,war
5785,nach,nach,ADP,mo,5784,war
5786,seiner,sein,DET,nk,5787,Art
5787,Art,Art,NOUN,nk,5785,nach
5788,freundlich,freundlich,ADV,ROOT,5788,freundlich
5789,wie,wie,CCONJ,cm,5790,vorher
5790,vorher,vorher,ADV,cc,5788,freundlich
5791,",",--,PUNCT,punct,5788,freundlich
5792,und,und,CCONJ,cd,5788,freundlich
5793,fuhr,fahren,VERB,cj,5792,und
5794,fort,fort,ADV,svp,5793,fuhr
5795,",",--,PUNCT,punct,5793,fuhr
5796,Giorgina,Giorgina,PROPN,oa,5799,beschenken
5797,reichlich,reichlich,ADV,mo,5799,beschenken
5798,zu,zu,PART,pm,5799,beschenken
5799,beschenken,beschenken,VERB,oc,5793,fuhr
5800,",",--,PUNCT,punct,5799,beschenken
5801,die,der,PRON,ROOT,5801,die
5802,er,er,PRON,sb,5801,die
5803,noch,noch,ADV,mo,5804,überdem
5804,überdem,überd,ADV,mo,5805,wiederholt
5805,wiederholt,wiederholt,ADV,mo,5806,aufforderte
5806,aufforderte,auffordern,VERB,ROOT,5806,aufforderte
5807,",",--,PUNCT,punct,5806,aufforderte
5808,so,so,ADV,mo,5809,oft
5809,oft,oft,ADV,mo,5814,mit
5810,sie,sie,PRON,sb,5812,habe
5811,Lust,Lust,NOUN,sb,5812,habe
5812,habe,haben,AUX,oc,5806,aufforderte
5813,sich,sich,PRON,oa,5814,mit
5814,mit,mit,ADP,oc,5812,habe
5815,den,der,DET,nk,5816,Juwelen
5816,Juwelen,Juwel,NOUN,nk,5814,mit
5817,aus,aus,ADP,mo,5829,schmücken
5818,dem,der,DET,nk,5819,Kistchen
5819,Kistchen,Kistchen,NOUN,nk,5817,aus
5820,",",--,PUNCT,punct,5819,Kistchen
5821,das,der,PRON,oa,5826,gegeben
5822,er,er,PRON,sb,5826,gegeben
5823,Andres,andre,NOUN,oa,5826,gegeben
5824,in,in,ADP,mo,5826,gegeben
5825,Verwahrung,Verwahrung,NOUN,nk,5824,in
5826,gegeben,geben,VERB,rc,5819,Kistchen
5827,",",--,PUNCT,punct,5829,schmücken
5828,zu,zu,PART,pm,5829,schmücken
5829,schmücken,schmücken,VERB,ROOT,5829,schmücken
5830,",",--,PUNCT,punct,5829,schmücken
5831,welches,welcher,PRON,oa,5829,schmücken
5832,sie,sie,PRON,sb,5839,tat
5833,auch,auch,ADV,mo,5834,wohl
5834,wohl,wohl,ADV,mo,5839,tat
5835,dann,dann,ADV,mo,5839,tat
5836,und,und,CCONJ,cd,5835,dann
5837,wann,wann,SCONJ,mo,5839,tat
5838,heimlich,heimlich,ADV,mo,5839,tat
5839,tat,tun,VERB,ROOT,5839,tat
5840,.,--,PUNCT,punct,5839,tat
5841,Oft,oft,ADV,mo,5842,wollte
5842,wollte,wollen,AUX,ROOT,5842,wollte
5843,Denner,Denner,PROPN,sb,5842,wollte
5844,",",--,PUNCT,punct,5842,wollte
5845,wie,wie,ADP,cm,5846,sonst
5846,sonst,sonst,ADV,mo,5842,wollte
5847,",",--,PUNCT,punct,5846,sonst
5848,mit,mit,ADP,mo,5842,wollte
5849,dem,der,PRON,nk,5848,mit
5850,Knaben,Knabe,NOUN,oa,5851,spielen
5851,spielen,spielen,VERB,ROOT,5851,spielen
5852,;,--,PUNCT,punct,5851,spielen
5853,dieser,dieser,PRON,sb,5854,sträubte
5854,sträubte,sträuben,VERB,ROOT,5854,sträubte
5855,sich,sich,PRON,oa,5854,sträubte
5856,aber,aber,ADV,mo,5854,sträubte
5857,und,und,CCONJ,cd,5854,sträubte
5858,weinte,weinen,VERB,cj,5857,und
5859,",",--,PUNCT,punct,5854,sträubte
5860,durchaus,durchaus,ADV,mo,5861,mochte
5861,mochte,mögen,VERB,cj,5854,sträubte
5862,er,er,PRON,sb,5861,mochte
5863,nicht,nicht,PART,ng,5861,mochte
5864,mehr,mehr,ADV,mo,5865,zu
5865,zu,zu,ADP,mo,5868,gehen
5866,dem,der,DET,nk,5867,Fremden
5867,Fremden,fremde,NOUN,nk,5865,zu
5868,gehen,gehen,VERB,ROOT,5868,gehen
5869,",",--,PUNCT,punct,5868,gehen
5870,als,als,SCONJ,cm,5871,wisse
5871,wisse,wissen,VERB,oc,5868,gehen
5872,er,er,PRON,sb,5871,wisse
5873,etwas,etwas,PRON,oa,5871,wisse
5874,von,von,ADP,mo,5871,wisse
5875,dem,der,DET,nk,5877,Anschlag
5876,feindlichen,feindlich,ADJ,nk,5877,Anschlag
5877,Anschlag,Anschlag,NOUN,nk,5874,von
5878,",",--,PUNCT,punct,5877,Anschlag
5879,ihn,ihn,PRON,ROOT,5879,ihn
5880,seinen,sein,DET,nk,5881,Eltern
5881,Eltern,Eltern,NOUN,da,5883,entführen
5882,zu,zu,PART,pm,5883,entführen
5883,entführen,entführen,VERB,ROOT,5883,entführen
5884,.,--,PUNCT,punct,5883,entführen
5885,-,--,PUNCT,punct,5889,hatte
5886,Zwei,zwei,NUM,nk,5887,Jahre
5887,Jahre,Jahr,NOUN,ams,5888,hindurch
5888,hindurch,hindurch,ADV,mo,5889,hatte
5889,hatte,haben,AUX,ROOT,5889,hatte
5890,der,der,DET,nk,5891,Fremde
5891,Fremde,Fremde,NOUN,sb,5889,hatte
5892,nun,nun,ADV,mo,5889,hatte
5893,auf,auf,ADP,svp,5889,hatte
5894,seinen,sein,DET,nk,5895,Wanderungen
5895,Wanderungen,Wanderung,NOUN,da,5898,besucht
5896,den,der,DET,nk,5897,Andres
5897,Andres,Andr,NOUN,oa,5898,besucht
5898,besucht,besuchen,VERB,oc,5904,hatten
5899,",",--,PUNCT,punct,5898,besucht
5900,und,und,CCONJ,cd,5898,besucht
5901,Zeit,Zeit,NOUN,cj,5900,und
5902,und,und,CCONJ,cd,5901,Zeit
5903,Gewohnheit,Gewohnheit,NOUN,cj,5902,und
5904,hatten,haben,AUX,ROOT,5904,hatten
5905,die,der,DET,sb,5904,hatten
5906,Scheu,Scheu,NOUN,re,5915,so
5907,",",--,PUNCT,punct,5906,Scheu
5908,das,der,DET,nk,5909,Mißtrauen
5909,Mißtrauen,mißtrauen,NOUN,oa,5913,überwunden
5910,wider,wider,ADP,mnr,5909,Mißtrauen
5911,Denner,Denner,NOUN,nk,5910,wider
5912,endlich,endlich,ADV,mo,5913,überwunden
5913,überwunden,überwinden,VERB,oc,5906,Scheu
5914,",",--,PUNCT,punct,5906,Scheu
5915,so,so,ADV,mo,5916,daß
5916,daß,daß,SCONJ,punct,5918,seinen
5917,Andres,Andres,NOUN,sb,5916,daß
5918,seinen,sein,DET,ROOT,5918,seinen
5919,Wohlstand,Wohlstand,NOUN,ROOT,5919,Wohlstand
5920,ruhig,ruhig,ADV,mo,5919,Wohlstand
5921,und,und,CCONJ,cd,5920,ruhig
5922,heiter,heit,ADJ,nk,5923,genoß
5923,genoß,Genoß,NOUN,cj,5921,und
5924,.,--,PUNCT,punct,5919,Wohlstand
5925,Im,in,ADP,ROOT,5925,Im
5926,Herbst,Herbst,NOUN,nk,5925,Im
5927,des,der,DET,nk,5929,Jahres
5928,dritten,dritter,ADJ,nk,5929,Jahres
5929,Jahres,Jahr,NOUN,ag,5926,Herbst
5930,",",--,PUNCT,punct,5926,Herbst
5931,als,als,SCONJ,cm,5933,Zeit
5932,die,der,DET,nk,5933,Zeit
5933,Zeit,Zeit,NOUN,cc,5926,Herbst
5934,",",--,PUNCT,punct,5926,Herbst
5935,in,in,ADP,mo,5939,einzusprechen
5936,der,der,DET,nk,5937,Denner
5937,Denner,Denner,ADJ,nk,5935,in
5938,gewöhnlich,gewöhnlich,ADV,mo,5939,einzusprechen
5939,einzusprechen,einzusprechen,VERB,oc,5940,pflegte
5940,pflegte,pflegen,VERB,mo,5946,pochte
5941,",",--,PUNCT,punct,5940,pflegte
5942,schon,schon,ADV,mo,5943,vorüber
5943,vorüber,vorüber,ADV,mo,5944,war
5944,war,sein,AUX,cj,5940,pflegte
5945,",",--,PUNCT,punct,5946,pochte
5946,pochte,pochen,VERB,ROOT,5946,pochte
5947,es,es,PRON,sb,5946,pochte
5948,in,in,ADP,mo,5946,pochte
5949,einer,ein,DET,nk,5951,Nacht
5950,stürmischen,stürmisch,ADJ,nk,5951,Nacht
5951,Nacht,Nacht,NOUN,ROOT,5951,Nacht
5952,hart,hart,ADV,mnr,5951,Nacht
5953,an,an,ADP,mnr,5951,Nacht
5954,Andres,Andr,PROPN,ag,5956,Tür
5955,',--,PUNCT,punct,5954,Andres
5956,Tür,Tür,NOUN,nk,5953,an
5957,",",--,PUNCT,punct,5951,Nacht
5958,und,und,CCONJ,cd,5951,Nacht
5959,mehrere,mehrere,DET,nk,5961,Stimmen
5960,rauhe,rauh,ADJ,nk,5961,Stimmen
5961,Stimmen,Stimme,NOUN,oa,5962,riefen
5962,riefen,rufen,VERB,cj,5958,und
5963,seinen,sein,DET,nk,5964,Namen
5964,Namen,Name,NOUN,ROOT,5964,Namen
5965,.,--,PUNCT,punct,5964,Namen
5966,Erschrocken,erschrocken,ADV,mo,5967,sprang
5967,sprang,springen,VERB,ROOT,5967,sprang
5968,er,er,PRON,sb,5967,sprang
5969,aus,aus,ADP,mo,5967,sprang
5970,dem,der,DET,nk,5971,Bette
5971,Bette,Bette,NOUN,nk,5969,aus
5972,;,--,PUNCT,punct,5967,sprang
5973,als,als,SCONJ,cp,5976,zum
5974,er,er,PRON,sb,5973,als
5975,aber,aber,ADV,mo,5976,zum
5976,zum,zu,ADP,ROOT,5976,zum
5977,Fenster,Fenster,NOUN,nk,5976,zum
5978,herausfrug,herausfragen,VERB,ROOT,5978,herausfrug
5979,",",--,PUNCT,punct,5978,herausfrug
5980,wer,wer,PRON,sb,5986,störe
5981,ihn,ihn,PRON,oa,5986,störe
5982,in,in,ADP,mo,5986,störe
5983,finstrer,finstr,ADJ,nk,5984,Nacht
5984,Nacht,Nacht,NOUN,nk,5982,in
5985,so,so,ADV,mo,5986,störe
5986,störe,stören,VERB,sb,5978,herausfrug
5987,und,und,CCONJ,cd,5986,störe
5988,wie,wie,SCONJ,cm,5989,er
5989,er,er,PRON,cj,5987,und
5990,gleich,gleich,ADV,mo,5992,Doggen
5991,seine,sein,DET,nk,5992,Doggen
5992,Doggen,Dogg,NOUN,oa,5986,störe
5993,loslassen,loslassen,VERB,oc,5994,werde
5994,werde,werden,AUX,re,6002,da
5995,",",--,PUNCT,punct,5994,werde
5996,um,um,SCONJ,cp,6000,wegzuhetzen
5997,solche,solcher,DET,nk,5999,Gäste
5998,ungebetene,ungebeten,ADJ,nk,5999,Gäste
5999,Gäste,Gast,NOUN,oa,6000,wegzuhetzen
6000,wegzuhetzen,wegzuhetzen,VERB,mo,5993,loslassen
6001,",",--,PUNCT,punct,6002,da
6002,da,da,ADV,mo,6003,sagte
6003,sagte,sagen,VERB,ROOT,6003,sagte
6004,einer,einer,PRON,sb,6003,sagte
6005,",",--,PUNCT,punct,6003,sagte
6006,er,er,PRON,sb,6003,sagte
6007,möge,mögen,AUX,ROOT,6007,möge
6008,nur,nur,ADV,mo,6009,aufmachen
6009,aufmachen,aufmachen,VERB,oc,6007,möge
6010,",",--,PUNCT,punct,6007,möge
6011,ein,ein,DET,nk,6012,Freund
6012,Freund,Freund,NOUN,sb,6013,sei
6013,sei,sein,AUX,cj,6007,möge
6014,da,da,ADV,mo,6013,sei
6015,",",--,PUNCT,punct,6013,sei
6016,und,und,CCONJ,cd,6007,möge
6017,Andres,Andres,NOUN,sb,6018,erkannte
6018,erkannte,erkennen,VERB,cj,6016,und
6019,Denners,Denner,PROPN,ag,6020,Stimme
6020,Stimme,Stimme,NOUN,oa,6018,erkannte
6021,.,--,PUNCT,punct,6007,möge
6022,Als,als,ADP,ROOT,6022,Als
6023,er,er,PRON,sb,6033,öffnete
6024,nun,nun,ADV,mo,6033,öffnete
6025,mit,mit,ADP,mo,6033,öffnete
6026,dem,der,DET,nk,6027,Licht
6027,Licht,Licht,NOUN,nk,6025,mit
6028,in,in,ADP,mnr,6027,Licht
6029,der,der,DET,nk,6030,Hand
6030,Hand,Hand,NOUN,nk,6028,in
6031,die,der,DET,nk,6032,Haustür
6032,Haustür,Haustür,NOUN,oa,6033,öffnete
6033,öffnete,öffnen,VERB,sb,6035,trat
6034,",",--,PUNCT,punct,6035,trat
6035,trat,treten,VERB,ROOT,6035,trat
6036,ihm,ihm,PRON,da,6035,trat
6037,Denner,Denner,NOUN,sb,6035,trat
6038,allein,allein,ADV,mo,6035,trat
6039,entgegen,entgegen,ADP,ROOT,6039,entgegen
6040,.,--,PUNCT,punct,6039,entgegen
6041,Andres,Andres,PROPN,sb,6042,äußerte
6042,äußerte,äußern,VERB,ROOT,6042,äußerte
6043,",",--,PUNCT,punct,6042,äußerte
6044,wie,wie,SCONJ,mo,6047,vorgekommen
6045,es,es,PRON,ep,6047,vorgekommen
6046,ihm,ihm,PRON,da,6047,vorgekommen
6047,vorgekommen,vorkommen,VERB,oc,6042,äußerte
6048,",",--,PUNCT,punct,6042,äußerte
6049,als,als,SCONJ,cm,6053,seinen
6050,ob,ob,SCONJ,cp,6053,seinen
6051,mehrere,mehrere,DET,nk,6052,Stimmen
6052,Stimmen,Stimme,NOUN,sb,6053,seinen
6053,seinen,sein,DET,cc,6042,äußerte
6054,Namen,Name,NOUN,sb,6056,hätten
6055,gerufen,rufen,VERB,oc,6056,hätten
6056,hätten,haben,AUX,ROOT,6056,hätten
6057,;,--,PUNCT,punct,6056,hätten
6058,Denner,Denner,PROPN,sb,6059,meinte
6059,meinte,meinen,VERB,ROOT,6059,meinte
6060,dagegen,dagegen,ADV,mo,6059,meinte
6061,",",--,PUNCT,punct,6060,dagegen
6062,daß,daß,SCONJ,mo,6059,meinte
6063,den,der,DET,nk,6064,Andres
6064,Andres,Andr,NOUN,nk,6062,daß
6065,das,der,DET,nk,6066,Heulen
6066,Heulen,heulen,NOUN,sb,6064,Andres
6067,des,der,DET,dep,6062,daß
6068,Windes,Wind,NOUN,sb,6071,müsse
6069,getäuscht,täuschen,VERB,oc,6070,haben
6070,haben,haben,AUX,oc,6071,müsse
6071,müsse,müssen,AUX,ROOT,6071,müsse
6072,.,--,PUNCT,punct,6071,müsse
6073,Als,als,SCONJ,cp,6078,traten
6074,sie,sie,PRON,sb,6078,traten
6075,in,in,ADP,mo,6078,traten
6076,die,der,DET,nk,6077,Stube
6077,Stube,Stube,NOUN,nk,6075,in
6078,traten,treten,VERB,mo,6080,erstaunte
6079,",",--,PUNCT,punct,6080,erstaunte
6080,erstaunte,erstaunt,ADJ,ROOT,6080,erstaunte
6081,Andres,Andres,NOUN,sb,6080,erstaunte
6082,nicht,nicht,PART,ng,6083,wenig
6083,wenig,wenig,PRON,ROOT,6083,wenig
6084,",",--,PUNCT,punct,6083,wenig
6085,als,als,SCONJ,cp,6090,betrachtete
6086,er,er,PRON,sb,6090,betrachtete
6087,den,der,DET,nk,6088,Denner
6088,Denner,Denner,NOUN,oa,6090,betrachtete
6089,näher,nah,ADV,mo,6090,betrachtete
6090,betrachtete,betrachten,VERB,cc,6083,wenig
6091,und,und,CCONJ,cd,6090,betrachtete
6092,seinen,sein,DET,nk,6094,veränderten
6093,ganz,ganz,ADV,mo,6094,veränderten
6094,veränderten,verändert,ADJ,cj,6091,und
6095,Anzug,Anzug,NOUN,sb,6097,wurde
6096,gewahr,gewahr,VERB,oc,6097,wurde
6097,wurde,werden,AUX,ROOT,6097,wurde
6098,.,--,PUNCT,punct,6097,wurde
6099,Statt,statt,ADP,mo,6107,trug
6100,der,der,DET,nk,6103,Kleidung
6101,grauen,grau,ADJ,nk,6103,Kleidung
6102,schlichten,schlicht,ADJ,nk,6103,Kleidung
6103,Kleidung,Kleidung,NOUN,nk,6099,Statt
6104,und,und,CCONJ,cd,6103,Kleidung
6105,des,der,DET,nk,6106,Mantels
6106,Mantels,Mantel,NOUN,cj,6104,und
6107,trug,tragen,VERB,ROOT,6107,trug
6108,er,er,PRON,ROOT,6108,er
6109,ein,ein,DET,nk,6111,Wams
6110,dunkelrotes,dunkelrot,ADJ,nk,6111,Wams
6111,Wams,Wam,NOUN,ROOT,6111,Wams
6112,und,und,CCONJ,cd,6111,Wams
6113,einen,ein,DET,nk,6116,Gurt
6114,breiten,breit,ADJ,nk,6116,Gurt
6115,ledernen,ledern,ADJ,nk,6116,Gurt
6116,Gurt,Gurt,NOUN,cj,6112,und
6117,",",--,PUNCT,punct,6116,Gurt
6118,in,in,ADP,mo,6121,Stilett
6119,dem,der,PRON,nk,6118,in
6120,ein,ein,DET,nk,6121,Stilett
6121,Stilett,Stilett,NOUN,app,6111,Wams
6122,und,und,CCONJ,cd,6121,Stilett
6123,vier,vier,NUM,nk,6124,Pistolen
6124,Pistolen,Pistol,NOUN,oa,6125,staken
6125,staken,staken,VERB,ROOT,6125,staken
6126,;,--,PUNCT,punct,6125,staken
6127,außerdem,außerdem,ADV,mo,6128,war
6128,war,sein,AUX,ROOT,6128,war
6129,er,er,PRON,sb,6128,war
6130,noch,noch,ADV,mo,6131,mit
6131,mit,mit,ADP,mo,6134,bewaffnet
6132,einem,ein,DET,nk,6133,Säbel
6133,Säbel,Säbel,NOUN,nk,6131,mit
6134,bewaffnet,bewaffnet,ADV,pd,6128,war
6135,",",--,PUNCT,punct,6128,war
6136,selbst,selbst,ADV,dep,6128,war
6137,das,der,DET,nk,6138,Gesicht
6138,Gesicht,Gesicht,NOUN,sb,6139,schien
6139,schien,scheinen,VERB,ROOT,6139,schien
6140,verändert,verändern,VERB,oc,6139,schien
6141,",",--,PUNCT,punct,6140,verändert
6142,indem,indem,SCONJ,cp,6149,buschichte
6143,auf,auf,ADP,mo,6149,buschichte
6144,der,der,DET,nk,6147,Stirn
6145,sonst,sonst,ADV,mo,6146,glatten
6146,glatten,glatt,ADJ,nk,6147,Stirn
6147,Stirn,Stirn,NOUN,nk,6143,auf
6148,nun,nun,ADV,mo,6149,buschichte
6149,buschichte,buschichten,VERB,mo,6139,schien
6150,Augenbrauen,Augenbraue,NOUN,oa,6151,lagen
6151,lagen,liegen,VERB,ROOT,6151,lagen
6152,und,und,CCONJ,cd,6151,lagen
6153,ein,ein,DET,nk,6156,Bart
6154,starker,stark,ADJ,nk,6156,Bart
6155,schwarzer,schwarz,ADJ,nk,6156,Bart
6156,Bart,Bart,NOUN,cj,6152,und
6157,sich,sich,PRON,oa,6151,lagen
6158,über,über,ADP,mo,6151,lagen
6159,Lippe,Lippe,NOUN,nk,6158,über
6160,und,und,CCONJ,cd,6159,Lippe
6161,Wangen,Wang,NOUN,cj,6160,und
6162,zog,ziehen,VERB,ROOT,6162,zog
6163,.,--,PUNCT,punct,6162,zog
6164,»,--,PUNCT,punct,6165,Andres
6165,Andres,Andres,NOUN,sb,6168,sprach
6166,!,--,PUNCT,punct,6168,sprach
6167,«,--,PUNCT,punct,6168,sprach
6168,sprach,sprechen,VERB,ROOT,6168,sprach
6169,Denner,Denner,PROPN,sb,6168,sprach
6170,",",--,PUNCT,punct,6168,sprach
6171,indem,indem,SCONJ,mo,6168,sprach
6172,er,er,PRON,sb,6168,sprach
6173,ihn,ihn,PRON,oa,6174,mit
6174,mit,mit,ADP,mo,6168,sprach
6175,seinen,sein,DET,nk,6177,Augen
6176,funkelnden,funkelnd,ADJ,nk,6177,Augen
6177,Augen,Auge,NOUN,nk,6174,mit
6178,anblitzte,anblitzen,ADJ,nk,6181,Andres
6179,",",--,PUNCT,punct,6178,anblitzte
6180,»,--,PUNCT,punct,6181,Andres
6181,Andres,Andres,NOUN,ROOT,6181,Andres
6182,!,--,PUNCT,punct,6181,Andres
6183,als,als,SCONJ,cp,6193,errettet
6184,ich,ich,PRON,sb,6193,errettet
6185,vor,vor,ADP,mo,6193,errettet
6186,beinahe,beinahe,ADV,mo,6187,drei
6187,drei,drei,NUM,nk,6188,Jahren
6188,Jahren,Jahr,NOUN,nk,6185,vor
6189,dein,dein,DET,nk,6190,Weib
6190,Weib,Weib,NOUN,oa,6193,errettet
6191,vom,von,ADP,mo,6193,errettet
6192,Tode,Tod,NOUN,nk,6191,vom
6193,errettet,erretten,VERB,cc,6181,Andres
6194,hatte,haben,AUX,ROOT,6194,hatte
6195,",",--,PUNCT,punct,6194,hatte
6196,da,da,SCONJ,cp,6197,wünschtest
6197,wünschtest,wünschtest,VERB,ROOT,6197,wünschtest
6198,du,du,PRON,sb,6197,wünschtest
6199,",",--,PUNCT,punct,6198,du
6200,daß,daß,SCONJ,cp,6205,möge
6201,Gott,Gott,NOUN,sb,6205,möge
6202,es,es,PRON,oa,6204,verleihen
6203,dir,dir,PRON,da,6204,verleihen
6204,verleihen,verleihen,VERB,oc,6205,möge
6205,möge,mögen,AUX,re,6197,wünschtest
6206,",",--,PUNCT,punct,6205,möge
6207,mir,mir,PRON,da,6210,erzeigte
6208,die,der,DET,nk,6209,dir
6209,dir,dir,PRON,sb,6210,erzeigte
6210,erzeigte,erzeigen,VERB,cj,6205,möge
6211,Wohltat,Wohltat,NOUN,ROOT,6211,Wohltat
6212,mit,mit,ADP,mo,6217,lohnen
6213,deinem,dein,DET,nk,6214,Blut
6214,Blut,Blut,NOUN,nk,6212,mit
6215,und,und,CCONJ,cd,6214,Blut
6216,Leben,Leben,NOUN,cj,6215,und
6217,lohnen,lohnen,VERB,oc,6219,können
6218,zu,zu,PART,pm,6219,können
6219,können,können,AUX,oc,6211,Wohltat
6220,.,--,PUNCT,punct,6211,Wohltat
6221,Dein,dein,DET,nk,6222,Wunsch
6222,Wunsch,Wunsch,NOUN,sb,6223,ist
6223,ist,sein,AUX,ROOT,6223,ist
6224,erfüllt,erfüllen,VERB,pd,6223,ist
6225,;,--,PUNCT,punct,6223,ist
6226,denn,denn,CCONJ,ju,6228,ist
6227,es,es,PRON,sb,6228,ist
6228,ist,sein,AUX,ROOT,6228,ist
6229,nunmehr,nunmehr,ADV,mo,6228,ist
6230,der,der,DET,nk,6231,Augenblick
6231,Augenblick,Augenblick,NOUN,sb,6228,ist
6232,gekommen,kommen,VERB,oc,6228,ist
6233,",",--,PUNCT,punct,6228,ist
6234,in,in,ADP,mo,6228,ist
6235,dem,der,PRON,nk,6234,in
6236,du,du,PRON,dep,6234,in
6237,mir,mir,PRON,nk,6234,in
6238,deine,dein,DET,nk,6239,Dankbarkeit
6239,Dankbarkeit,Dankbarkeit,NOUN,pd,6228,ist
6240,",",--,PUNCT,punct,6239,Dankbarkeit
6241,deine,dein,ADJ,nk,6242,Treue
6242,Treue,Treue,NOUN,oa,6243,beweisen
6243,beweisen,beweisen,VERB,oc,6244,kannst
6244,kannst,Kannst,ADV,ROOT,6244,kannst
6245,.,--,PUNCT,punct,6244,kannst
6246,Kleide,Kleide,PROPN,ROOT,6246,Kleide
6247,dich,dich,PRON,mo,6246,Kleide
6248,an,an,ADP,svp,6246,Kleide
6249,;,--,PUNCT,punct,6246,Kleide
6250,nimm,nimm,ADV,nk,6252,Büchse
6251,deine,dein,DET,nk,6252,Büchse
6252,Büchse,Büchse,NOUN,ROOT,6252,Büchse
6253,und,und,CCONJ,cd,6252,Büchse
6254,komme,kommen,VERB,cj,6253,und
6255,mit,mit,ADP,op,6254,komme
6256,mir,mir,PRON,da,6268,erfahren
6257,",",--,PUNCT,punct,6256,mir
6258,nur,nur,ADV,mo,6259,wenige
6259,wenige,weniger,DET,nk,6260,Schritte
6260,Schritte,Schritt,NOUN,oa,6268,erfahren
6261,von,von,ADP,mnr,6260,Schritte
6262,deiner,dein,DET,nk,6263,Wohnung
6263,Wohnung,Wohnung,NOUN,nk,6261,von
6264,sollst,sollen,AUX,ROOT,6264,sollst
6265,du,du,PRON,sb,6264,sollst
6266,das,der,DET,nk,6267,übrige
6267,übrige,übrig,ADJ,oa,6268,erfahren
6268,erfahren,erfahren,VERB,oc,6264,sollst
6269,.,--,PUNCT,punct,6264,sollst
6270,«,--,PUNCT,punct,6264,sollst
6271,Andres,Andres,NOUN,sb,6272,wußte
6272,wußte,wissen,VERB,ROOT,6272,wußte
6273,nicht,nicht,PART,ng,6272,wußte
6274,",",--,PUNCT,punct,6272,wußte
6275,was,was,PRON,oa,6280,halten
6276,er,er,PRON,sb,6281,sollte
6277,von,von,ADP,op,6280,halten
6278,Denners,Denner,PROPN,ag,6279,Zumutung
6279,Zumutung,Zumutung,NOUN,nk,6277,von
6280,halten,halten,VERB,oc,6281,sollte
6281,sollte,sollen,AUX,oc,6272,wußte
6282,;,--,PUNCT,punct,6272,wußte
6283,der,der,DET,nk,6284,Worte
6284,Worte,Wort,NOUN,ROOT,6284,Worte
6285,",",--,PUNCT,punct,6284,Worte
6286,die,der,PRON,dep,6284,Worte
6287,er,er,PRON,sb,6289,vorhielt
6288,ihm,ihm,PRON,da,6289,vorhielt
6289,vorhielt,vorhalten,VERB,oc,6295,versicherte
6290,",",--,PUNCT,punct,6289,vorhielt
6291,indessen,indessen,ADV,mo,6293,eingedenk
6292,wohl,wohl,ADV,mo,6293,eingedenk
6293,eingedenk,eingedenk,ADV,oc,6289,vorhielt
6294,",",--,PUNCT,punct,6295,versicherte
6295,versicherte,versichern,VERB,ROOT,6295,versicherte
6296,er,er,PRON,sb,6295,versicherte
6297,",",--,PUNCT,punct,6295,versicherte
6298,wie,wie,SCONJ,mo,6301,sei
6299,er,er,PRON,sb,6301,sei
6300,bereit,bereit,ADV,pd,6301,sei
6301,sei,sein,AUX,oc,6295,versicherte
6302,",",--,PUNCT,punct,6295,versicherte
6303,alles,alle,PRON,oa,6309,unternehmen
6304,nur,nur,ADV,mo,6305,mögliche
6305,mögliche,möglich,ADJ,oa,6309,unternehmen
6306,für,für,ADP,mo,6309,unternehmen
6307,ihn,ihn,PRON,nk,6306,für
6308,zu,zu,PART,pm,6309,unternehmen
6309,unternehmen,unternehmen,VERB,ROOT,6309,unternehmen
6310,",",--,PUNCT,punct,6309,unternehmen
6311,sobald,sobald,SCONJ,cp,6312,es
6312,es,es,PRON,ROOT,6312,es
6313,nicht,nicht,PART,ng,6312,es
6314,der,der,DET,ROOT,6314,der
6315,Rechtschaffenheit,Rechtschaffenheit,NOUN,sb,6320,zuwiderlaufe
6316,",",--,PUNCT,punct,6315,Rechtschaffenheit
6317,Tugend,Tugend,NOUN,cj,6315,Rechtschaffenheit
6318,und,und,CCONJ,cd,6317,Tugend
6319,Religion,Religion,NOUN,cj,6318,und
6320,zuwiderlaufe,zuwiderlaufen,VERB,ROOT,6320,zuwiderlaufe
6321,.,--,PUNCT,punct,6320,zuwiderlaufe
6322,»,--,PUNCT,punct,6324,kannst
6323,Darüber,darüber,ADV,mo,6324,kannst
6324,kannst,kannstn,VERB,ROOT,6324,kannst
6325,du,du,PRON,sb,6324,kannst
6326,ganz,ganz,ADV,mo,6324,kannst
6327,ruhig,ruhig,ADV,pd,6328,sein
6328,sein,sein,AUX,oc,6331,rief
6329,«,--,PUNCT,punct,6331,rief
6330,",",--,PUNCT,punct,6331,rief
6331,rief,rufen,VERB,ROOT,6331,rief
6332,Denner,Denner,PROPN,sb,6331,rief
6333,",",--,PUNCT,punct,6331,rief
6334,indem,indem,SCONJ,cp,6341,klopfte
6335,er,er,PRON,sb,6341,klopfte
6336,ihm,ihm,PRON,da,6341,klopfte
6337,lächelnd,lächelnd,ADV,mo,6341,klopfte
6338,auf,auf,ADP,mo,6341,klopfte
6339,die,der,DET,nk,6340,Schulter
6340,Schulter,Schulter,NOUN,nk,6338,auf
6341,klopfte,klopften,VERB,mo,6331,rief
6342,;,--,PUNCT,punct,6331,rief
6343,und,und,CCONJ,ROOT,6343,und
6344,da,da,SCONJ,cp,6346,bemerkte
6345,er,er,PRON,sb,6346,bemerkte
6346,bemerkte,bemerken,VERB,ROOT,6346,bemerkte
6347,",",--,PUNCT,punct,6346,bemerkte
6348,daß,daß,SCONJ,cp,6351,war
6349,Giorgina,Giorgina,PROPN,sb,6351,war
6350,aufgesprungen,aufgesprungen,VERB,oc,6351,war
6351,war,sein,AUX,oc,6346,bemerkte
6352,",",--,PUNCT,punct,6346,bemerkte
6353,und,und,CCONJ,cd,6346,bemerkte
6354,vor,vor,ADP,mo,6356,zitternd
6355,Angst,Angst,NOUN,nk,6354,vor
6356,zitternd,zitternd,ADV,cj,6353,und
6357,und,und,CCONJ,cd,6356,zitternd
6358,bebend,bebend,ADV,mo,6361,umklammerte
6359,ihren,ihr,DET,nk,6360,Mann
6360,Mann,Mann,NOUN,oa,6361,umklammerte
6361,umklammerte,umklammeren,VERB,mo,6363,nahm
6362,",",--,PUNCT,punct,6363,nahm
6363,nahm,nehmen,VERB,ROOT,6363,nahm
6364,er,er,PRON,sb,6363,nahm
6365,sie,sie,PRON,oa,6363,nahm
6366,bei,bei,ADP,mo,6363,nahm
6367,den,der,DET,nk,6368,Armen
6368,Armen,arme,NOUN,nk,6366,bei
6369,und,und,CCONJ,cd,6363,nahm
6370,sprach,sprechen,VERB,cj,6369,und
6371,",",--,PUNCT,punct,6370,sprach
6372,sie,sie,PRON,oa,6363,nahm
6373,sanft,sanft,ADV,mo,6363,nahm
6374,zurückziehend,zurückziehend,ADV,pd,6377,Laßt
6375,:,--,PUNCT,punct,6374,zurückziehend
6376,»,--,PUNCT,punct,6377,Laßt
6377,Laßt,lassen,VERB,ROOT,6377,Laßt
6378,Euern,Euern,NOUN,da,6377,Laßt
6379,Mann,Mann,NOUN,oa,6384,ziehen
6380,nur,nur,ADV,mo,6382,mit
6381,immer,immer,ADV,mo,6380,nur
6382,mit,mit,ADP,mo,6384,ziehen
6383,mir,mir,PRON,nk,6382,mit
6384,ziehen,ziehen,VERB,oc,6377,Laßt
6385,",",--,PUNCT,punct,6384,ziehen
6386,in,in,ADP,mo,6384,ziehen
6387,wenigen,weniger,DET,nk,6388,Stunden
6388,Stunden,Stunde,NOUN,nk,6386,in
6389,ist,sein,AUX,ROOT,6389,ist
6390,er,er,PRON,sb,6389,ist
6391,wieder,wieder,ADV,mo,6389,ist
6392,gesund,gesund,ADV,pd,6389,ist
6393,bei,bei,ADP,mo,6389,ist
6394,Euch,euch,PRON,nk,6393,bei
6395,",",--,PUNCT,punct,6389,ist
6396,und,und,CCONJ,cd,6389,ist
6397,bringt,bringen,VERB,cj,6396,und
6398,Euch,euch,PRON,da,6397,bringt
6399,vielleicht,vielleicht,ADV,mo,6397,bringt
6400,was,was,PRON,nk,6401,Schönes
6401,Schönes,Schönes,NOUN,oa,6397,bringt
6402,mit,mit,ADP,svp,6397,bringt
6403,.,--,PUNCT,punct,6389,ist
6404,Hab,Hab,ADV,ROOT,6404,Hab
6405,ich,ich,PRON,sb,6412,gemeint
6406,es,es,PRON,oa,6412,gemeint
6407,denn,denn,ADV,mo,6412,gemeint
6408,jemals,jemals,ADV,mo,6412,gemeint
6409,böse,böse,ADV,mo,6412,gemeint
6410,mit,mit,ADP,mo,6412,gemeint
6411,euch,euch,PRON,nk,6410,mit
6412,gemeint,meinen,VERB,ROOT,6412,gemeint
6413,?,--,PUNCT,punct,6412,gemeint
6414,Habe,Habe,VERB,mo,6421,mich
6415,ich,ich,PRON,sb,6414,Habe
6416,selbst,selbst,ADV,mo,6417,dann
6417,dann,dann,ADV,mo,6414,Habe
6418,",",--,PUNCT,punct,6417,dann
6419,wenn,wenn,SCONJ,cp,6421,mich
6420,ihr,ihr,PRON,nk,6421,mich
6421,mich,mich,PRON,ROOT,6421,mich
6422,verkanntet,verkannten,VERB,mo,6428,erzeigt
6423,",",--,PUNCT,punct,6428,erzeigt
6424,nicht,nicht,PART,ng,6425,immer
6425,immer,immer,ADV,mo,6428,erzeigt
6426,euch,euch,PRON,nk,6427,Gutes
6427,Gutes,gute,NOUN,oa,6428,erzeigt
6428,erzeigt,erzeigen,VERB,ROOT,6428,erzeigt
6429,?,--,PUNCT,punct,6428,erzeigt
6430,Wahrhaftig,wahrhaftig,ADV,mo,6433,seid
6431,",",--,PUNCT,punct,6433,seid
6432,ihr,ihr,PRON,sb,6433,seid
6433,seid,sein,AUX,ROOT,6433,seid
6434,recht,recht,ADV,pd,6433,seid
6435,besondere,besonderer,ADJ,nk,6437,Leute
6436,mißtrauische,mißtrauisch,ADJ,nk,6437,Leute
6437,Leute,Leute,NOUN,ROOT,6437,Leute
6438,.,--,PUNCT,punct,6437,Leute
6439,«,--,PUNCT,punct,6437,Leute
6440,Andres,Andres,NOUN,sb,6441,zauderte
6441,zauderte,zauderen,VERB,ROOT,6441,zauderte
6442,noch,noch,ADV,mo,6443,immer
6443,immer,immer,ADV,mo,6445,anzukleiden
6444,sich,sich,PRON,oa,6445,anzukleiden
6445,anzukleiden,ankleiden,VERB,oc,6441,zauderte
6446,",",--,PUNCT,punct,6441,zauderte
6447,da,da,SCONJ,mo,6441,zauderte
6448,wandte,wenden,VERB,ROOT,6448,wandte
6449,Denner,Denner,NOUN,sb,6448,wandte
6450,sich,sich,PRON,oa,6448,wandte
6451,zu,zu,ADP,mo,6448,wandte
6452,ihm,ihm,PRON,nk,6451,zu
6453,und,und,CCONJ,cd,6448,wandte
6454,sprach,sprechen,VERB,cj,6453,und
6455,mit,mit,ADP,mo,6454,sprach
6456,zornigem,zornig,ADJ,nk,6457,Blick
6457,Blick,Blick,NOUN,nk,6455,mit
6458,:,--,PUNCT,punct,6454,sprach
6459,»,--,PUNCT,punct,6461,hoffe
6460,Ich,ich,PRON,sb,6461,hoffe
6461,hoffe,hoffen,VERB,mo,6448,wandte
6462,du,du,PRON,sb,6461,hoffe
6463,wirst,wirst,AUX,oc,6461,hoffe
6464,deine,dein,ADJ,nk,6465,Zusage
6465,Zusage,Zusage,NOUN,oa,6466,halten
6466,halten,halten,VERB,ROOT,6466,halten
6467,",",--,PUNCT,punct,6466,halten
6468,denn,denn,CCONJ,cd,6466,halten
6469,es,es,PRON,sb,6470,gilt
6470,gilt,gelten,VERB,cj,6468,denn
6471,nunmehr,nunmehr,ADV,mo,6470,gilt
6472,",",--,PUNCT,punct,6470,gilt
6473,das,der,PRON,oa,6475,beweisen
6474,zu,zu,PART,pm,6475,beweisen
6475,beweisen,beweisen,VERB,mo,6470,gilt
6476,mit,mit,ADP,op,6475,beweisen
6477,der,der,DET,nk,6478,Tat
6478,Tat,Tat,NOUN,nk,6476,mit
6479,",",--,PUNCT,punct,6475,beweisen
6480,was,wer,PRON,ROOT,6480,was
6481,du,du,PRON,ROOT,6481,du
6482,gesprochen,sprechen,VERB,ROOT,6482,gesprochen
6483,!,--,PUNCT,punct,6482,gesprochen
6484,«,--,PUNCT,ROOT,6484,«
6485,Schnell,schnell,ADV,mo,6489,angekleidet
6486,war,sein,AUX,ROOT,6486,war
6487,nun,nun,ADV,mo,6489,angekleidet
6488,Andres,Andres,NOUN,sb,6486,war
6489,angekleidet,ankleiden,VERB,oc,6486,war
6490,",",--,PUNCT,punct,6486,war
6491,und,und,CCONJ,cd,6486,war
6492,indem,indem,SCONJ,cp,6493,er
6493,er,er,PRON,cj,6491,und
6494,mit,mit,ADP,mnr,6493,er
6495,Denner,Denner,NOUN,nk,6494,mit
6496,zur,zu,ADP,svp,6486,war
6497,Türe,Türe,NOUN,mo,6498,herausschritt
6498,herausschritt,herausschreiten,VERB,mo,6500,sprach
6499,",",--,PUNCT,punct,6500,sprach
6500,sprach,sprechen,VERB,ROOT,6500,sprach
6501,er,er,PRON,sb,6500,sprach
6502,noch,noch,ADV,mo,6500,sprach
6503,einmal,einmal,ADV,mo,6502,noch
6504,:,--,PUNCT,punct,6500,sprach
6505,»,--,PUNCT,punct,6511,will
6506,Alles,alle,PRON,oa,6511,will
6507,",",--,PUNCT,punct,6506,Alles
6508,lieber,lieb,ADJ,mo,6509,Herr
6509,Herr,Herr,NOUN,app,6506,Alles
6510,!,--,PUNCT,punct,6511,will
6511,will,wollen,AUX,oc,6500,sprach
6512,ich,ich,PRON,sb,6511,will
6513,für,für,ADP,mo,6511,will
6514,Euch,euch,PRON,da,6515,tun
6515,tun,tun,VERB,ROOT,6515,tun
6516,",",--,PUNCT,punct,6515,tun
6517,doch,doch,CCONJ,cd,6515,tun
6518,etwas,etwas,DET,nk,6519,Unrechtes
6519,Unrechtes,Unrechtes,NOUN,sb,6520,werdet
6520,werdet,werden,VERB,cj,6517,doch
6521,Ihr,ihr,PRON,sb,6520,werdet
6522,wohl,wohl,ADV,mo,6520,werdet
6523,von,von,ADP,mo,6520,werdet
6524,mir,mir,PRON,nk,6523,von
6525,nicht,nicht,PART,ng,6520,werdet
6526,fordern,fordern,VERB,oc,6520,werdet
6527,",",--,PUNCT,punct,6526,fordern
6528,da,da,SCONJ,ROOT,6528,da
6529,ich,ich,PRON,sb,6528,da
6530,auch,auch,ADV,mo,6532,Kleinste
6531,das,der,DET,nk,6532,Kleinste
6532,Kleinste,Kleinste,NOUN,sb,6542,würde
6533,",",--,PUNCT,punct,6532,Kleinste
6534,was,wer,PRON,sb,6538,liefe
6535,wider,wider,ADP,mo,6538,liefe
6536,mein,mein,DET,nk,6537,Gewissen
6537,Gewissen,Gewissen,NOUN,nk,6535,wider
6538,liefe,liefe,VERB,rc,6532,Kleinste
6539,",",--,PUNCT,punct,6542,würde
6540,nicht,nicht,PART,ng,6541,vollbringen
6541,vollbringen,vollbringen,VERB,oc,6542,würde
6542,würde,werden,AUX,ROOT,6542,würde
6543,.,--,PUNCT,punct,6542,würde
6544,«,--,PUNCT,punct,6542,würde
6545,Denner,Denner,NOUN,sb,6546,antwortete
6546,antwortete,antworten,VERB,ROOT,6546,antwortete
6547,nichts,nichts,PRON,oa,6546,antwortete
6548,",",--,PUNCT,punct,6546,antwortete
6549,sondern,sondern,CCONJ,cd,6546,antwortete
6550,schritt,Schritt,NOUN,cj,6549,sondern
6551,rasch,rasch,ADV,mo,6550,schritt
6552,vorwärts,vorwärts,ADV,svp,6550,schritt
6553,.,--,PUNCT,punct,6546,antwortete
6554,Sie,sie,PRON,sb,6555,waren
6555,waren,sein,AUX,ROOT,6555,waren
6556,durch,durch,ADP,mo,6555,waren
6557,das,der,PRON,nk,6556,durch
6558,Dickicht,Dickicht,NOUN,oa,6559,gedrungen
6559,gedrungen,dringen,VERB,ROOT,6559,gedrungen
6560,bis,bis,ADP,ac,6561,auf
6561,auf,auf,ADP,mo,6559,gedrungen
6562,einen,ein,DET,nk,6565,Rasenplatz
6563,ziemlich,ziemlich,ADV,mo,6564,geräumigen
6564,geräumigen,geräumig,ADJ,nk,6565,Rasenplatz
6565,Rasenplatz,Rasenplatz,NOUN,nk,6561,auf
6566,;,--,PUNCT,punct,6559,gedrungen
6567,da,da,ADV,cp,6568,pfiff
6568,pfiff,Pfiff,VERB,ROOT,6568,pfiff
6569,Denner,Denner,PROPN,ROOT,6569,Denner
6570,dreimal,dreimal,ADV,mo,6569,Denner
6571,",",--,PUNCT,punct,6570,dreimal
6572,daß,daß,SCONJ,cp,6580,widerhallte
6573,der,der,DET,nk,6574,Ton
6574,Ton,Ton,NOUN,sb,6580,widerhallte
6575,ringsumher,ringsumh,ADV,oa,6580,widerhallte
6576,aus,aus,ADP,mo,6580,widerhallte
6577,den,der,DET,nk,6579,Klüften
6578,schaurigen,schaurig,ADJ,nk,6579,Klüften
6579,Klüften,Klüfte,NOUN,nk,6576,aus
6580,widerhallte,widerhalln,VERB,re,6570,dreimal
6581,und,und,CCONJ,ROOT,6581,und
6582,überall,überall,ADV,mo,6583,in
6583,in,in,ADP,mo,6586,flackerten
6584,den,der,DET,nk,6585,Büschen
6585,Büschen,Büschen,NOUN,nk,6583,in
6586,flackerten,flackert,ADJ,nk,6587,Windlichter
6587,Windlichter,Windlichter,NOUN,cj,6581,und
6588,auf,auf,ADP,ROOT,6588,auf
6589,und,und,CCONJ,ROOT,6589,und
6590,es,es,PRON,ep,6591,rauschte
6591,rauschte,rauschen,VERB,cj,6589,und
6592,und,und,CCONJ,cd,6591,rauschte
6593,klirrte,klirren,VERB,ROOT,6593,klirrte
6594,in,in,ADP,mo,6593,klirrte
6595,den,der,DET,nk,6597,Gängen
6596,dunklen,dunkel,ADJ,nk,6597,Gängen
6597,Gängen,Gäng,NOUN,nk,6594,in
6598,",",--,PUNCT,punct,6593,klirrte
6599,bis,bis,SCONJ,cp,6603,Gestalten
6600,sich,sich,PRON,oa,6603,Gestalten
6601,schwarze,schwarz,ADJ,nk,6603,Gestalten
6602,gräßliche,gräßlich,ADJ,nk,6603,Gestalten
6603,Gestalten,Gestalt,NOUN,mo,6593,klirrte
6604,gespenstisch,gespenstisch,ADV,mo,6605,hervordrängten
6605,hervordrängten,hervordrängten,VERB,ROOT,6605,hervordrängten
6606,und,und,CCONJ,cd,6605,hervordrängten
6607,den,der,DET,nk,6608,Denner
6608,Denner,Denner,NOUN,oa,6611,umringten
6609,im,in,ADP,mo,6611,umringten
6610,Kreise,Kreis,NOUN,nk,6609,im
6611,umringten,umringen,VERB,cj,6606,und
6612,.,--,PUNCT,punct,6605,hervordrängten
6613,Einer,einer,PRON,ROOT,6613,Einer
6614,aus,aus,ADP,mnr,6613,Einer
6615,dem,der,DET,nk,6614,aus
6616,Kreise,Kreis,NOUN,sb,6617,trat
6617,trat,treten,VERB,ROOT,6617,trat
6618,hervor,hervor,ADV,svp,6617,trat
6619,und,und,CCONJ,cd,6617,trat
6620,sprach,sprechen,VERB,cj,6619,und
6621,auf,auf,ADP,op,6620,sprach
6622,Andres,Andr,NOUN,nk,6621,auf
6623,hindeutend,hindeutend,ADV,svp,6620,sprach
6624,:,--,PUNCT,punct,6617,trat
6625,»,--,PUNCT,punct,6627,ist
6626,Das,der,PRON,sb,6627,ist
6627,ist,sein,AUX,ROOT,6627,ist
6628,ja,ja,ADV,mo,6627,ist
6629,wohl,wohl,ADV,mo,6627,ist
6630,unser,unser,DET,punct,6627,ist
6631,neuer,neu,ADJ,nk,6632,Geselle
6632,Geselle,Geselle,NOUN,ROOT,6632,Geselle
6633,",",--,PUNCT,punct,6632,Geselle
6634,nicht,nicht,PART,ng,6635,wahr
6635,wahr,wahr,ADV,mo,6636,Hauptmann
6636,Hauptmann,Hauptmann,NOUN,par,6632,Geselle
6637,?,--,PUNCT,punct,6632,Geselle
6638,«,--,PUNCT,punct,6632,Geselle
6639,-,--,PUNCT,punct,6641,Ja
6640,»,--,PUNCT,punct,6641,Ja
6641,Ja,ja,PART,sb,6649,hab
6642,«,--,PUNCT,punct,6641,Ja
6643,",",--,PUNCT,punct,6644,antwortete
6644,antwortete,antworten,VERB,ROOT,6644,antwortete
6645,Denner,Denner,PROPN,sb,6644,antwortete
6646,",",--,PUNCT,punct,6644,antwortete
6647,»,--,PUNCT,punct,6644,antwortete
6648,ich,ich,PRON,sb,6649,hab
6649,hab,hab,AUX,oc,6644,antwortete
6650,ihn,ihn,PRON,oa,6649,hab
6651,aus,aus,ADP,mo,6654,geholt
6652,dem,der,DET,nk,6653,Bette
6653,Bette,Bette,NOUN,nk,6651,aus
6654,geholt,holen,VERB,ROOT,6654,geholt
6655,",",--,PUNCT,punct,6654,geholt
6656,er,er,PRON,sb,6657,soll
6657,soll,sollen,AUX,oc,6654,geholt
6658,sein,sein,DET,nk,6659,Probestück
6659,Probestück,Probestück,NOUN,oa,6660,machen
6660,machen,machen,VERB,oc,6657,soll
6661,",",--,PUNCT,punct,6657,soll
6662,es,es,PRON,sb,6663,kann
6663,kann,können,AUX,cj,6657,soll
6664,nun,nun,ADV,mo,6663,kann
6665,gleich,gleich,ADV,mo,6663,kann
6666,vorwärts,vorwärts,ADV,mo,6667,gehen
6667,gehen,gehen,VERB,ROOT,6667,gehen
6668,.,--,PUNCT,punct,6667,gehen
6669,«,--,PUNCT,ROOT,6669,«
6670,Andres,Andres,NOUN,sb,6671,erwachte
6671,erwachte,erwachen,VERB,ROOT,6671,erwachte
6672,bei,bei,ADP,mo,6671,erwachte
6673,diesen,dieser,DET,nk,6674,Worten
6674,Worten,Wort,NOUN,nk,6672,bei
6675,wie,wie,ADP,cm,6676,aus
6676,aus,aus,ADP,mo,6671,erwachte
6677,dumpfer,dumpf,ADJ,nk,6678,Betäubung
6678,Betäubung,Betäubung,NOUN,nk,6676,aus
6679,",",--,PUNCT,punct,6671,erwachte
6680,kalter,kalt,ADJ,nk,6681,Schweiß
6681,Schweiß,Schweiß,NOUN,sb,6682,stand
6682,stand,stehen,VERB,ROOT,6682,stand
6683,ihm,ihm,PRON,da,6682,stand
6684,auf,auf,ADP,mo,6682,stand
6685,der,der,DET,nk,6686,Stirne
6686,Stirne,Stirne,NOUN,nk,6684,auf
6687,;,--,PUNCT,punct,6682,stand
6688,aber,aber,CCONJ,ju,6690,ermannte
6689,er,er,PRON,sb,6690,ermannte
6690,ermannte,ermannen,VERB,ROOT,6690,ermannte
6691,sich,sich,PRON,oa,6690,ermannte
6692,und,und,CCONJ,cd,6690,ermannte
6693,rief,rufen,VERB,cj,6692,und
6694,heftig,heftig,ADV,mo,6693,rief
6695,:,--,PUNCT,punct,6693,rief
6696,»,--,PUNCT,punct,6709,aus
6697,Was,was,PRON,sb,6709,aus
6698,",",--,PUNCT,punct,6697,Was
6699,du,du,PRON,sb,6701,Betrüger
6700,schändlicher,schändlich,ADJ,nk,6701,Betrüger
6701,Betrüger,Betrüger,NOUN,app,6697,Was
6702,",",--,PUNCT,punct,6697,Was
6703,für,für,ADP,mnr,6697,Was
6704,einen,ein,DET,nk,6705,Kaufmann
6705,Kaufmann,Kaufmann,NOUN,nk,6703,für
6706,gabst,gabst,ADV,mo,6707,du
6707,du,du,PRON,nk,6703,für
6708,dich,dich,PRON,nk,6703,für
6709,aus,aus,ADP,punct,6711,und
6710,",",--,PUNCT,punct,6709,aus
6711,und,und,CCONJ,ROOT,6711,und
6712,treibst,treibst,ADV,mo,6716,Gewerbe
6713,ein,ein,DET,nk,6716,Gewerbe
6714,höllisches,höllisch,ADJ,nk,6716,Gewerbe
6715,verruchtes,verrucht,ADJ,nk,6716,Gewerbe
6716,Gewerbe,Gewerbe,NOUN,cj,6719,bist
6717,",",--,PUNCT,punct,6716,Gewerbe
6718,und,und,CCONJ,ju,6719,bist
6719,bist,sein,AUX,ROOT,6719,bist
6720,ein,ein,DET,nk,6722,Räuber
6721,verworfener,verworfen,ADJ,nk,6722,Räuber
6722,Räuber,Räuber,NOUN,pd,6719,bist
6723,?,--,PUNCT,punct,6719,bist
6724,Nimmermehr,Nimmermehr,X,oa,6729,sein
6725,will,wollen,AUX,ROOT,6725,will
6726,ich,ich,PRON,sb,6725,will
6727,dein,dein,DET,nk,6728,Geselle
6728,Geselle,Geselle,NOUN,pd,6729,sein
6729,sein,sein,AUX,oc,6725,will
6730,und,und,CCONJ,cd,6725,will
6731,teilnehmen,teilnehmen,VERB,cj,6730,und
6732,an,an,ADP,op,6731,teilnehmen
6733,deinen,dein,DET,nk,6734,Schandtaten
6734,Schandtaten,Schandtat,NOUN,nk,6732,an
6735,",",--,PUNCT,punct,6731,teilnehmen
6736,zu,zu,ADP,op,6731,teilnehmen
6737,denen,der,PRON,da,6750,verlocken
6738,du,du,PRON,sb,6750,verlocken
6739,mich,mich,PRON,oa,6750,verlocken
6740,",",--,PUNCT,punct,6739,mich
6741,wie,wie,ADP,cm,6743,Satan
6742,der,der,DET,nk,6743,Satan
6743,Satan,Satan,PROPN,mo,6750,verlocken
6744,selbst,selbst,ADV,mo,6743,Satan
6745,",",--,PUNCT,punct,6750,verlocken
6746,auf,auf,ADP,mo,6750,verlocken
6747,künstliche,künstlich,ADJ,nk,6749,Weise
6748,hämische,hämisch,ADJ,nk,6749,Weise
6749,Weise,Weise,NOUN,nk,6746,auf
6750,verlocken,verlocken,VERB,ROOT,6750,verlocken
6751,wolltest,wolltest,ADV,ROOT,6751,wolltest
6752,?,--,PUNCT,punct,6751,wolltest
6753,-,--,PUNCT,punct,6754,Laß
6754,Laß,Laß,VERB,ROOT,6754,Laß
6755,mich,mich,PRON,oa,6754,Laß
6756,gleich,gleich,ADV,mo,6754,Laß
6757,fort,fort,ADV,svp,6754,Laß
6758,",",--,PUNCT,punct,6754,Laß
6759,du,du,PRON,sb,6761,Bösewicht
6760,frevelicher,frevelich,ADV,nk,6761,Bösewicht
6761,Bösewicht,Bösewicht,NOUN,cj,6764,räume
6762,",",--,PUNCT,punct,6754,Laß
6763,und,und,CCONJ,cd,6754,Laß
6764,räume,räume,NOUN,cj,6763,und
6765,mit,mit,ADP,svp,6754,Laß
6766,deiner,dein,DET,nk,6767,Rotte
6767,Rotte,Rotte,NOUN,ROOT,6767,Rotte
6768,dies,dieser,DET,nk,6769,Gebiet
6769,Gebiet,Gebiet,NOUN,ROOT,6769,Gebiet
6770,",",--,PUNCT,punct,6769,Gebiet
6771,sonst,sonst,ADV,mo,6772,verrate
6772,verrate,verraten,VERB,par,6769,Gebiet
6773,ich,ich,PRON,sb,6772,verrate
6774,deine,dein,DET,nk,6775,Schlupfwinkel
6775,Schlupfwinkel,Schlupfwinkel,NOUN,oa,6772,verrate
6776,der,der,DET,nk,6777,Obrigkeit
6777,Obrigkeit,Obrigkeit,NOUN,ag,6775,Schlupfwinkel
6778,",",--,PUNCT,punct,6772,verrate
6779,und,und,CCONJ,ju,6781,bekommst
6780,du,du,PRON,sb,6781,bekommst
6781,bekommst,bekommsen,VERB,ROOT,6781,bekommst
6782,den,der,DET,nk,6783,Lohn
6783,Lohn,Lohn,NOUN,oa,6781,bekommst
6784,für,für,ADP,mnr,6783,Lohn
6785,deine,dein,ADJ,nk,6786,Schandtaten
6786,Schandtaten,Schandtat,NOUN,nk,6784,für
6787,;,--,PUNCT,punct,6781,bekommst
6788,denn,denn,CCONJ,ju,6790,weiß
6789,nun,nun,ADV,mo,6790,weiß
6790,weiß,wissen,VERB,ROOT,6790,weiß
6791,ich,ich,PRON,sb,6790,weiß
6792,es,es,PRON,oa,6790,weiß
6793,wohl,wohl,ADV,mo,6790,weiß
6794,",",--,PUNCT,punct,6790,weiß
6795,daß,daß,SCONJ,dep,6790,weiß
6796,du,du,PRON,sb,6801,bist
6797,selbst,selbst,ADV,mo,6801,bist
6798,der,der,DET,nk,6800,Ignaz
6799,schwarze,schwarz,ADJ,nk,6800,Ignaz
6800,Ignaz,Ignaz,NOUN,pd,6801,bist
6801,bist,sein,AUX,ROOT,6801,bist
6802,",",--,PUNCT,punct,6801,bist
6803,der,der,PRON,sb,6810,gehauset
6804,mit,mit,ADP,op,6810,gehauset
6805,seiner,sein,DET,nk,6806,Bande
6806,Bande,Bande,NOUN,nk,6804,mit
6807,an,an,ADP,mnr,6806,Bande
6808,der,der,DET,nk,6809,Grenze
6809,Grenze,Grenze,NOUN,nk,6807,an
6810,gehauset,gehauset,PROPN,rc,6798,der
6811,und,und,CCONJ,ROOT,6811,und
6812,geraubt,gerauben,VERB,cj,6811,und
6813,",",--,PUNCT,punct,6812,geraubt
6814,und,und,CCONJ,cd,6812,geraubt
6815,gemordet,morden,VERB,oc,6816,hat
6816,hat,haben,AUX,cj,6814,und
6817,.,--,PUNCT,ROOT,6817,.
6818,-,--,PUNCT,punct,6820,lasse
6819,Gleich,gleich,ADV,mo,6820,lasse
6820,lasse,lassen,VERB,ROOT,6820,lasse
6821,mich,mich,PRON,sb,6820,lasse
6822,fort,fort,ADV,svp,6820,lasse
6823,",",--,PUNCT,punct,6820,lasse
6824,ich,ich,PRON,sb,6825,will
6825,will,wollen,AUX,cj,6820,lasse
6826,dich,dich,PRON,oa,6825,will
6827,nie,nie,ADV,mo,6825,will
6828,mehr,mehr,ADV,mo,6825,will
6829,schauen,schauen,VERB,ROOT,6829,schauen
6830,.,--,PUNCT,punct,6829,schauen
6831,«,--,PUNCT,punct,6829,schauen
6832,Denner,denner,NOUN,sb,6833,lachte
6833,lachte,lachen,VERB,ROOT,6833,lachte
6834,laut,laut,ADV,mo,6833,lachte
6835,auf,auf,ADP,svp,6833,lachte
6836,.,--,PUNCT,punct,6833,lachte
6837,»,--,PUNCT,punct,6845,sprach
6838,Was,was,PRON,oa,6845,sprach
6839,",",--,PUNCT,punct,6838,Was
6840,du,du,PRON,sb,6842,Bube
6841,feiger,feig,ADJ,nk,6842,Bube
6842,Bube,Bube,NOUN,app,6838,Was
6843,?,--,PUNCT,punct,6845,sprach
6844,«,--,PUNCT,punct,6845,sprach
6845,sprach,sprechen,VERB,ROOT,6845,sprach
6846,er,er,PRON,sb,6845,sprach
6847,:,--,PUNCT,punct,6845,sprach
6848,»,--,PUNCT,punct,6845,sprach
6849,du,du,PRON,dep,6845,sprach
6850,unterstehst,unterstehst,VERB,ROOT,6850,unterstehst
6851,dich,dich,PRON,oa,6850,unterstehst
6852,",",--,PUNCT,punct,6851,dich
6853,mir,mir,PRON,da,6855,trotzen
6854,zu,zu,PART,pm,6855,trotzen
6855,trotzen,trotzen,VERB,oc,6851,dich
6856,",",--,PUNCT,punct,6855,trotzen
6857,dich,dich,PRON,mo,6850,unterstehst
6858,meinem,mein,DET,nk,6859,Willen
6859,Willen,Wille,NOUN,da,6850,unterstehst
6860,",",--,PUNCT,punct,6859,Willen
6861,meinem,mein,DET,nk,6862,Machtwort
6862,Machtwort,Machtwort,NOUN,app,6859,Willen
6863,entziehen,entziehen,VERB,oc,6865,wollen
6864,zu,zu,PART,pm,6865,wollen
6865,wollen,wollen,AUX,ROOT,6865,wollen
6866,?,--,PUNCT,punct,6865,wollen
6867,Bist,Bist,AUX,ROOT,6867,Bist
6868,du,du,PRON,sb,6867,Bist
6869,nicht,nicht,PART,ng,6867,Bist
6870,längst,längst,ADV,mo,6867,Bist
6871,schon,schon,ADV,mo,6867,Bist
6872,unser,unser,DET,nk,6873,Geselle
6873,Geselle,Geselle,NOUN,pd,6867,Bist
6874,?,--,PUNCT,punct,6867,Bist
6875,lebst,lebst,ADV,mo,6876,du
6876,du,du,PRON,ROOT,6876,du
6877,nicht,nicht,PART,dep,6876,du
6878,schon,schon,ADV,mo,6879,seit
6879,seit,seit,ADP,ROOT,6879,seit
6880,beinahe,beinahe,ADV,mo,6881,drei
6881,drei,drei,NUM,nk,6882,Jahren
6882,Jahren,Jahr,NOUN,nk,6879,seit
6883,von,von,ADP,pg,6882,Jahren
6884,unserm,unserm,DET,nk,6885,Gelde
6885,Gelde,Gelde,NOUN,nk,6883,von
6886,?,--,PUNCT,punct,6879,seit
6887,schmückt,schmücken,VERB,ROOT,6887,schmückt
6888,sich,sich,PRON,oa,6887,schmückt
6889,dein,dein,DET,nk,6890,Weib
6890,Weib,Weib,NOUN,sb,6887,schmückt
6891,nicht,nicht,PART,ng,6887,schmückt
6892,mit,mit,ADP,ROOT,6892,mit
6893,unserm,unserm,ADJ,nk,6894,Raube
6894,Raube,Raube,NOUN,nk,6892,mit
6895,?,--,PUNCT,punct,6892,mit
6896,Nun,nun,ADV,mo,6897,stehst
6897,stehst,stehen,VERB,mo,6904,arbeiten
6898,du,du,PRON,sb,6897,stehst
6899,unter,unter,ADP,mo,6897,stehst
6900,uns,uns,PRON,nk,6899,unter
6901,und,und,CCONJ,cd,6897,stehst
6902,willst,willst,AUX,cj,6901,und
6903,nicht,nicht,PART,ng,6902,willst
6904,arbeiten,arbeiten,VERB,ROOT,6904,arbeiten
6905,dafür,dafür,ADV,mo,6904,arbeiten
6906,was,was,PRON,sb,6904,arbeiten
6907,du,du,PRON,sb,6908,genossen
6908,genossen,nossen,VERB,ROOT,6908,genossen
6909,?,--,PUNCT,punct,6908,genossen
6910,Folgst,folgst,ADV,mo,6916,zeigst
6911,du,du,PRON,sb,6910,Folgst
6912,uns,sich,PRON,da,6910,Folgst
6913,nun,nun,ADV,mo,6910,Folgst
6914,nicht,nicht,PART,ng,6910,Folgst
6915,",",--,PUNCT,punct,6916,zeigst
6916,zeigst,zeigen,VERB,ROOT,6916,zeigst
6917,du,du,PRON,sb,6916,zeigst
6918,dich,dich,PRON,mo,6916,zeigst
6919,nicht,nicht,PART,ng,6920,gleich
6920,gleich,gleich,ADV,mo,6921,als
6921,als,als,ADP,mo,6916,zeigst
6922,unsern,unsern,ADV,nk,6921,als
6923,rüstigen,rüstig,ADJ,nk,6924,Kumpan
6924,Kumpan,Kumpan,NOUN,sb,6927,lasse
6925,",",--,PUNCT,punct,6926,so
6926,so,so,ADV,mo,6927,lasse
6927,lasse,lassen,VERB,ROOT,6927,lasse
6928,ich,ich,PRON,sb,6927,lasse
6929,dich,dich,PRON,oa,6930,gebunden
6930,gebunden,binden,VERB,mo,6927,lasse
6931,in,in,ADP,mo,6934,werfen
6932,unsere,unser,DET,nk,6933,Höhle
6933,Höhle,Höhle,NOUN,nk,6931,in
6934,werfen,werfen,VERB,oc,6927,lasse
6935,und,und,CCONJ,cd,6934,werfen
6936,meine,meinen,DET,cj,6935,und
6937,Gesellen,Geselle,NOUN,sb,6938,ziehen
6938,ziehen,ziehen,VERB,ROOT,6938,ziehen
6939,nach,nach,ADP,mo,6938,ziehen
6940,deiner,dein,DET,nk,6941,Wohnung
6941,Wohnung,Wohnung,NOUN,nk,6939,nach
6942,",",--,PUNCT,punct,6943,zünden
6943,zünden,zünden,VERB,cj,6938,ziehen
6944,sie,sie,PRON,sb,6943,zünden
6945,an,an,ADP,svp,6943,zünden
6946,und,und,CCONJ,cd,6943,zünden
6947,ermorden,ermorden,VERB,cj,6946,und
6948,dein,dein,DET,nk,6949,Weib
6949,Weib,Weib,NOUN,oa,6947,ermorden
6950,und,und,CCONJ,cd,6947,ermorden
6951,deinen,dein,DET,nk,6952,Knaben
6952,Knaben,Knabe,NOUN,ROOT,6952,Knaben
6953,.,--,PUNCT,punct,6952,Knaben
6954,Doch,doch,CCONJ,ju,6956,werde
6955,ich,ich,PRON,sb,6956,werde
6956,werde,werden,AUX,ROOT,6956,werde
6957,wohl,wohl,ADV,mo,6956,werde
6958,diese,dieser,DET,nk,6959,Maßregel
6959,Maßregel,Maßregel,NOUN,oa,6956,werde
6960,",",--,PUNCT,punct,6959,Maßregel
6961,die,der,PRON,sb,6964,Folge
6962,nur,nur,ADV,mo,6964,Folge
6963,eine,ein,DET,nk,6964,Folge
6964,Folge,Folge,NOUN,rc,6959,Maßregel
6965,deiner,dein,DET,ag,6964,Folge
6966,Halsstarrigkeit,Halsstarrigkeit,NOUN,pd,6967,sein
6967,sein,sein,AUX,oc,6968,würde
6968,würde,werden,AUX,ROOT,6968,würde
6969,",",--,PUNCT,punct,6972,dürfen
6970,nicht,nicht,PART,ng,6972,dürfen
6971,ergreifen,ergreifen,VERB,oc,6972,dürfen
6972,dürfen,dürfen,AUX,oc,6968,würde
6973,.,--,PUNCT,punct,6968,würde
6974,Nun,nun,ADV,mo,6977,wähle
6975,!,--,PUNCT,punct,6977,wähle
6976,-,--,PUNCT,punct,6977,wähle
6977,wähle,wählen,NOUN,ROOT,6977,wähle
6978,!,--,PUNCT,punct,6977,wähle
6979,-,--,PUNCT,punct,6981,ist
6980,es,es,PRON,sb,6981,ist
6981,ist,sein,AUX,ROOT,6981,ist
6982,Zeit,Zeit,NOUN,dm,6985,müssen
6983,",",--,PUNCT,punct,6985,müssen
6984,wir,wir,PRON,sb,6985,müssen
6985,müssen,müssen,VERB,ROOT,6985,müssen
6986,fort,fort,ADV,svp,6985,müssen
6987,!,--,PUNCT,punct,6985,müssen
6988,«,--,PUNCT,punct,6985,müssen
6989,-,--,PUNCT,punct,6991,sah
6990,Andres,Andres,NOUN,sb,6991,sah
6991,sah,sehen,VERB,ROOT,6991,sah
6992,nun,nun,ADV,mo,6991,sah
6993,wohl,wohl,ADV,mo,6991,sah
6994,ein,ein,ADV,svp,6991,sah
6995,",",--,PUNCT,punct,6991,sah
6996,daß,daß,SCONJ,cp,6999,Weigerung
6997,die,der,DET,nk,6999,Weigerung
6998,mindeste,minde,ADJ,nk,6999,Weigerung
6999,Weigerung,Weigerung,NOUN,sb,6991,sah
7000,seiner,sein,DET,nk,7002,Giorgina
7001,geliebten,geliebt,ADJ,nk,7002,Giorgina
7002,Giorgina,Giorgina,PROPN,da,7008,kosten
7003,und,und,CCONJ,cd,7002,Giorgina
7004,dem,der,DET,nk,7005,Knaben
7005,Knaben,Knabe,NOUN,cj,7003,und
7006,das,der,DET,nk,7007,Leben
7007,Leben,Leben,NOUN,oa,7008,kosten
7008,kosten,kosten,VERB,oc,7009,würde
7009,würde,werden,AUX,ROOT,7009,würde
7010,;,--,PUNCT,punct,7009,würde
7011,den,der,DET,ROOT,7011,den
7012,verräterischen,verräterisch,ADJ,nk,7014,Denner
7013,bübischen,bübisch,ADJ,nk,7014,Denner
7014,Denner,Denner,NOUN,da,7019,verfluchend
7015,im,in,ADP,mnr,7014,Denner
7016,Innern,innere,NOUN,nk,7015,im
7017,zur,zu,ADP,mnr,7014,Denner
7018,Hölle,Hölle,NOUN,nk,7017,zur
7019,verfluchend,verfluchend,ADV,mo,7021,beschloß
7020,",",--,PUNCT,punct,7021,beschloß
7021,beschloß,beschließen,VERB,ROOT,7021,beschloß
7022,er,er,PRON,sb,7021,beschloß
7023,daher,daher,ADV,ROOT,7023,daher
7024,",",--,PUNCT,punct,7023,daher
7025,in,in,ADP,mo,7031,fügen
7026,seinen,sein,DET,nk,7027,Willen
7027,Willen,Wille,NOUN,nk,7025,in
7028,sich,sich,PRON,oa,7031,fügen
7029,scheinbar,scheinbar,ADV,mo,7031,fügen
7030,zu,zu,PART,pm,7031,fügen
7031,fügen,fügen,VERB,re,7023,daher
7032,",",--,PUNCT,punct,7023,daher
7033,rein,rein,ADV,mo,7023,daher
7034,von,von,ADP,mo,7033,rein
7035,Diebstahl,Diebstahl,NOUN,nk,7034,von
7036,und,und,CCONJ,cd,7035,Diebstahl
7037,Mord,Mord,NOUN,cj,7036,und
7038,zu,zu,ADP,mo,7023,daher
7039,bleiben,bleiben,VERB,ROOT,7039,bleiben
7040,und,und,CCONJ,cd,7039,bleiben
7041,das,der,DET,nk,7043,Eindringen
7042,tiefere,tief,ADJ,nk,7043,Eindringen
7043,Eindringen,eindringen,NOUN,cj,7040,und
7044,in,in,ADP,mnr,7043,Eindringen
7045,die,der,DET,nk,7046,Schlupfwinkel
7046,Schlupfwinkel,Schlupfwinkel,NOUN,nk,7044,in
7047,der,der,DET,nk,7048,Bande
7048,Bande,Bande,NOUN,ag,7046,Schlupfwinkel
7049,nur,nur,ADV,mo,7050,dazu
7050,dazu,dazu,ADV,mnr,7043,Eindringen
7051,zu,zu,ADP,svp,7039,bleiben
7052,benutzen,benutzen,VERB,ROOT,7052,benutzen
7053,",",--,PUNCT,punct,7052,benutzen
7054,bei,bei,ADP,mo,7060,Aufhebung
7055,der,der,DET,nk,7058,Gelegenheit
7056,ersten,erster,ADJ,nk,7058,Gelegenheit
7057,günstigen,günstig,ADJ,nk,7058,Gelegenheit
7058,Gelegenheit,Gelegenheit,NOUN,nk,7054,bei
7059,ihre,ihr,DET,nk,7060,Aufhebung
7060,Aufhebung,Aufhebung,NOUN,oa,7052,benutzen
7061,und,und,CCONJ,cd,7060,Aufhebung
7062,Einziehung,Einziehung,NOUN,cj,7061,und
7063,zu,zu,ADP,svp,7052,benutzen
7064,bewirken,bewirken,VERB,ROOT,7064,bewirken
7065,.,--,PUNCT,punct,7064,bewirken
7066,Nach,nach,ADP,mo,7072,erklärte
7067,diesem,dieser,DET,nk,7071,Entschluß
7068,im,in,ADP,mo,7070,gefaßten
7069,stillen,still,ADJ,nk,7068,im
7070,gefaßten,gefaßt,ADJ,nk,7071,Entschluß
7071,Entschluß,Entschluß,NOUN,nk,7066,Nach
7072,erklärte,erklären,VERB,ROOT,7072,erklärte
7073,er,er,PRON,sb,7072,erklärte
7074,dem,der,DET,nk,7075,Denner
7075,Denner,Denner,NOUN,da,7072,erklärte
7076,",",--,PUNCT,punct,7072,erklärte
7077,wie,wie,SCONJ,mo,7072,erklärte
7078,trotz,trotz,ADP,ROOT,7078,trotz
7079,seines,sein,DET,nk,7081,Widerstrebens
7080,innern,innern,ADJ,nk,7081,Widerstrebens
7081,Widerstrebens,Widerstreben,NOUN,nk,7078,trotz
7082,doch,doch,ADV,mo,7078,trotz
7083,die,der,DET,nk,7084,Dankbarkeit
7084,Dankbarkeit,Dankbarkeit,NOUN,nk,7078,trotz
7085,für,für,ADP,mnr,7084,Dankbarkeit
7086,Giorginas,Giorgina,PROPN,ag,7087,Rettung
7087,Rettung,Rettung,NOUN,nk,7085,für
7088,ihn,ihn,PRON,oa,7089,verpflichte
7089,verpflichte,verpflichten,VERB,ROOT,7089,verpflichte
7090,",",--,PUNCT,punct,7089,verpflichte
7091,etwas,etwas,PRON,oa,7093,wagen
7092,zu,zu,PART,pm,7093,wagen
7093,wagen,wagen,VERB,oc,7089,verpflichte
7094,",",--,PUNCT,punct,7089,verpflichte
7095,und,und,CCONJ,cd,7089,verpflichte
7096,er,er,PRON,sb,7097,wolle
7097,wolle,wollen,AUX,cj,7095,und
7098,daher,daher,ADV,mo,7097,wolle
7099,die,der,DET,nk,7100,Expedition
7100,Expedition,Expedition,NOUN,oa,7101,mitmachen
7101,mitmachen,mitmachen,VERB,oc,7097,wolle
7102,",",--,PUNCT,punct,7101,mitmachen
7103,wobei,wobei,SCONJ,mo,7106,bitte
7104,er,er,PRON,sb,7106,bitte
7105,nur,nur,ADV,mo,7106,bitte
7106,bitte,bitte,ADV,ROOT,7106,bitte
7107,",",--,PUNCT,punct,7106,bitte
7108,ihn,ihn,PRON,app,7106,bitte
7109,als,als,ADP,mnr,7108,ihn
7110,einen,ein,DET,nk,7111,Neuling
7111,Neuling,Neuling,NOUN,nk,7109,als
7112,",",--,PUNCT,punct,7108,ihn
7113,soviel,soviel,ADV,mo,7114,möglich
7114,möglich,möglich,ADV,par,7108,ihn
7115,mit,mit,ADP,mo,7114,möglich
7116,dem,der,DET,nk,7117,tätigen
7117,tätigen,tätig,ADJ,nk,7115,mit
7118,Anteil,Anteil,NOUN,oa,7121,verschonen
7119,daran,daran,ADV,mo,7121,verschonen
7120,zu,zu,PART,pm,7121,verschonen
7121,verschonen,verschonen,VERB,ROOT,7121,verschonen
7122,.,--,PUNCT,punct,7121,verschonen
7123,Denner,Denner,PROPN,sb,7124,lobte
7124,lobte,loben,VERB,ROOT,7124,lobte
7125,seinen,sein,DET,nk,7126,Entschluß
7126,Entschluß,Entschluß,NOUN,oa,7124,lobte
7127,",",--,PUNCT,punct,7124,lobte
7128,indem,indem,SCONJ,cp,7130,hinzufügte
7129,er,er,PRON,sb,7130,hinzufügte
7130,hinzufügte,hinzufügen,VERB,mo,7124,lobte
7131,",",--,PUNCT,punct,7130,hinzufügte
7132,wie,wie,SCONJ,mo,7135,verlange
7133,er,er,PRON,sb,7135,verlange
7134,keineswegs,keineswegs,ADV,mo,7135,verlange
7135,verlange,verlangen,VERB,ROOT,7135,verlange
7136,",",--,PUNCT,punct,7135,verlange
7137,daß,daß,SCONJ,cp,7143,solle
7138,er,er,PRON,sb,7143,solle
7139,förmlich,förmlich,ADV,mo,7142,übertreten
7140,zur,zu,ADP,op,7142,übertreten
7141,Bande,Bande,NOUN,nk,7140,zur
7142,übertreten,übertreten,VERB,oc,7143,solle
7143,solle,sollen,AUX,oc,7135,verlange
7144,",",--,PUNCT,punct,7135,verlange
7145,vielmehr,vielmehr,ADV,mo,7146,müsse
7146,müsse,müssen,AUX,ROOT,7146,müsse
7147,er,er,PRON,sb,7146,müsse
7148,Revierjäger,Revierjäger,NOUN,pd,7149,bleiben
7149,bleiben,bleiben,VERB,oc,7146,müsse
7150,;,--,PUNCT,punct,7146,müsse
7151,denn,denn,CCONJ,ju,7153,wäre
7152,so,so,ADV,mo,7153,wäre
7153,wäre,sein,AUX,ROOT,7153,wäre
7154,er,er,PRON,sb,7153,wäre
7155,ihm,ihm,PRON,da,7153,wäre
7156,und,und,CCONJ,cd,7155,ihm
7157,der,der,DET,nk,7158,Bande
7158,Bande,Bande,NOUN,cj,7156,und
7159,schon,schon,ADV,mo,7153,wäre
7160,jetzt,jetzt,ADV,mo,7164,gewesen
7161,von,von,ADP,sbp,7164,gewesen
7162,großem,groß,ADJ,nk,7163,Nutzen
7163,Nutzen,Nutzen,NOUN,nk,7161,von
7164,gewesen,sein,AUX,ROOT,7164,gewesen
7165,",",--,PUNCT,punct,7164,gewesen
7166,was,wer,PRON,sb,7173,würde
7167,denn,denn,ADV,mo,7172,sein
7168,auch,auch,ADV,mo,7169,künftig
7169,künftig,künftig,ADV,mo,7172,sein
7170,der,der,DET,nk,7171,Fall
7171,Fall,Fall,NOUN,pd,7172,sein
7172,sein,sein,AUX,oc,7173,würde
7173,würde,werden,AUX,rc,7163,Nutzen
7174,.,--,PUNCT,punct,7164,gewesen
7175,Es,es,PRON,sb,7176,war
7176,war,sein,AUX,ROOT,7176,war
7177,auf,auf,ADP,op,7180,abgesehen
7178,nichts,nichts,DET,nk,7179,Geringeres
7179,Geringeres,Geringeres,NOUN,nk,7177,auf
7180,abgesehen,absehen,VERB,oc,7176,war
7181,",",--,PUNCT,punct,7180,abgesehen
7182,als,als,SCONJ,cp,7184,Wohnung
7183,die,der,DET,nk,7184,Wohnung
7184,Wohnung,Wohnung,NOUN,re,7175,Es
7185,eines,ein,DET,nk,7187,Pachters
7186,reichen,reich,ADJ,nk,7187,Pachters
7187,Pachters,Pachter,NOUN,ag,7184,Wohnung
7188,",",--,PUNCT,punct,7184,Wohnung
7189,die,der,DET,nk,7193,abgelegen
7190,von,von,ADP,sbp,7193,abgelegen
7191,dem,der,DET,nk,7192,Dorfe
7192,Dorfe,Dorfe,NOUN,nk,7190,von
7193,abgelegen,abgelegen,ADV,sb,7199,stand
7194,",",--,PUNCT,punct,7193,abgelegen
7195,unfern,unfern,ADV,mo,7193,abgelegen
7196,dem,der,DET,nk,7197,Walde
7197,Walde,Walde,NOUN,da,7195,unfern
7198,",",--,PUNCT,punct,7199,stand
7199,stand,stehen,VERB,ROOT,7199,stand
7200,",",--,PUNCT,punct,7199,stand
7201,zu,zu,PART,pm,7202,überfallen
7202,überfallen,überfallen,VERB,oc,7199,stand
7203,und,und,CCONJ,cd,7202,überfallen
7204,auszuplündern,auszuplündern,VERB,ROOT,7204,auszuplündern
7205,.,--,PUNCT,punct,7204,auszuplündern
7206,Man,man,PRON,sb,7207,wußte
7207,wußte,wissen,VERB,ROOT,7207,wußte
7208,",",--,PUNCT,punct,7207,wußte
7209,daß,daß,SCONJ,cp,7211,Pachter
7210,der,der,DET,nk,7211,Pachter
7211,Pachter,Pachter,NOUN,oc,7207,wußte
7212,außer,außer,ADP,mnr,7211,Pachter
7213,dem,der,DET,nk,7215,Gelde
7214,vielen,vieler,DET,nk,7215,Gelde
7215,Gelde,Gelde,PROPN,nk,7212,außer
7216,und,und,CCONJ,cd,7215,Gelde
7217,den,der,DET,cj,7216,und
7218,Kostbarkeiten,Kostbarkeit,NOUN,ROOT,7218,Kostbarkeiten
7219,",",--,PUNCT,punct,7218,Kostbarkeiten
7220,die,der,PRON,oa,7222,besaß
7221,er,er,PRON,sb,7222,besaß
7222,besaß,besitzen,VERB,rc,7218,Kostbarkeiten
7223,",",--,PUNCT,punct,7218,Kostbarkeiten
7224,eben,eben,ADV,mo,7225,jetzt
7225,jetzt,jetzt,ADV,mo,7218,Kostbarkeiten
7226,für,für,ADP,mo,7225,jetzt
7227,verkauftes,verkauft,ADJ,nk,7228,Getreide
7228,Getreide,Getreide,NOUN,nk,7226,für
7229,eine,ein,DET,nk,7230,sehr
7230,sehr,sehr,ADV,ROOT,7230,sehr
7231,bedeutende,bedeutend,ADJ,nk,7232,Summe
7232,Summe,Summe,NOUN,oa,7233,eingenommen
7233,eingenommen,einnehmen,VERB,oc,7234,hatte
7234,hatte,haben,AUX,ROOT,7234,hatte
7235,",",--,PUNCT,punct,7234,hatte
7236,die,der,PRON,oa,7240,bewahrte
7237,er,er,PRON,sb,7240,bewahrte
7238,bei,bei,ADP,mo,7240,bewahrte
7239,sich,sich,PRON,nk,7238,bei
7240,bewahrte,bewahrten,VERB,rc,7231,bedeutende
7241,und,und,CCONJ,cd,7240,bewahrte
7242,um,um,SCONJ,avc,7243,so
7243,so,so,ADV,mo,7244,mehr
7244,mehr,mehr,ADV,mo,7233,eingenommen
7245,versprachen,versprechen,VERB,ROOT,7245,versprachen
7246,sich,sich,PRON,oa,7245,versprachen
7247,die,der,DET,nk,7248,Räuber
7248,Räuber,Räuber,NOUN,sb,7245,versprachen
7249,einen,ein,DET,nk,7251,Fang
7250,reichen,reich,ADJ,nk,7251,Fang
7251,Fang,Fang,NOUN,oa,7245,versprachen
7252,.,--,PUNCT,punct,7245,versprachen
7253,Die,der,DET,nk,7254,Windlichter
7254,Windlichter,Windlichter,NOUN,sb,7255,wurden
7255,wurden,werden,AUX,ROOT,7255,wurden
7256,ausgelöscht,auslöschen,VERB,ROOT,7256,ausgelöscht
7257,und,und,CCONJ,cd,7256,ausgelöscht
7258,still,still,ADV,mo,7259,zogen
7259,zogen,ziehen,VERB,cj,7257,und
7260,die,der,DET,nk,7261,Räuber
7261,Räuber,Räuber,NOUN,sb,7259,zogen
7262,durch,durch,ADP,mo,7259,zogen
7263,die,der,DET,nk,7265,Schleichwege
7264,engen,eng,ADJ,nk,7265,Schleichwege
7265,Schleichwege,Schleichweg,NOUN,nk,7262,durch
7266,",",--,PUNCT,punct,7259,zogen
7267,bis,bis,SCONJ,mo,7259,zogen
7268,sie,sie,PRON,oa,7259,zogen
7269,dicht,dicht,ADV,mo,7270,an
7270,an,an,ADP,mo,7273,standen
7271,dem,der,DET,nk,7272,Gebäude
7272,Gebäude,Gebäude,NOUN,nk,7270,an
7273,standen,stehen,VERB,ROOT,7273,standen
7274,",",--,PUNCT,punct,7273,standen
7275,welches,welcher,PRON,oa,7280,umringten
7276,einige,einige,PRON,sb,7280,umringten
7277,von,von,ADP,op,7280,umringten
7278,der,der,DET,nk,7279,Bande
7279,Bande,Bande,NOUN,nk,7277,von
7280,umringten,umringen,VERB,rc,7272,Gebäude
7281,.,--,PUNCT,punct,7273,standen
7282,Andere,anderer,PRON,ROOT,7282,Andere
7283,dagegen,dagegen,ADV,mo,7284,stiegen
7284,stiegen,steigen,VERB,ROOT,7284,stiegen
7285,über,über,ADP,mo,7284,stiegen
7286,die,der,DET,nk,7287,Mauer
7287,Mauer,Mauer,NOUN,nk,7285,über
7288,",",--,PUNCT,punct,7284,stiegen
7289,und,und,CCONJ,cd,7284,stiegen
7290,sprengten,Sprengt,NOUN,cj,7289,und
7291,von,von,ADP,mo,7290,sprengten
7292,innen,innen,ADV,nk,7291,von
7293,das,der,DET,nk,7294,Hoftor
7294,Hoftor,Hoftor,NOUN,oa,7290,sprengten
7295,;,--,PUNCT,punct,7284,stiegen
7296,einige,einige,PRON,ROOT,7296,einige
7297,wurden,werden,AUX,ROOT,7297,wurden
7298,auf,auf,ADP,mo,7300,ausgestellt
7299,Wache,Wache,NOUN,nk,7298,auf
7300,ausgestellt,ausstellen,VERB,oc,7297,wurden
7301,",",--,PUNCT,punct,7297,wurden
7302,und,und,CCONJ,cd,7297,wurden
7303,unter,unter,ADP,mo,7305,befand
7304,diesen,dieser,DET,nk,7303,unter
7305,befand,befinden,VERB,cj,7302,und
7306,sich,sich,PRON,oa,7305,befand
7307,Andres,Andres,NOUN,sb,7305,befand
7308,.,--,PUNCT,punct,7297,wurden
7309,Bald,bald,ADV,mo,7310,hörte
7310,hörte,hören,VERB,ROOT,7310,hörte
7311,er,er,PRON,ROOT,7311,er
7312,",",--,PUNCT,punct,7311,er
7313,wie,wie,SCONJ,mo,7318,erbrachen
7314,die,der,DET,nk,7315,Räuber
7315,Räuber,Räuber,NOUN,sb,7318,erbrachen
7316,die,der,DET,nk,7317,Türen
7317,Türen,Tür,NOUN,oa,7318,erbrachen
7318,erbrachen,erbrach,VERB,mnr,7311,er
7319,und,und,CCONJ,cd,7318,erbrachen
7320,ins,in,ADP,mo,7322,stürmten
7321,Haus,Haus,NOUN,nk,7320,ins
7322,stürmten,stürmen,VERB,cj,7319,und
7323,",",--,PUNCT,punct,7318,erbrachen
7324,er,er,PRON,sb,7325,vernahm
7325,vernahm,vernehmen,VERB,cj,7318,erbrachen
7326,ihr,ihr,PRON,da,7325,vernahm
7327,Fluchen,Fluchen,NOUN,ROOT,7327,Fluchen
7328,",",--,PUNCT,punct,7327,Fluchen
7329,ihr,ihr,DET,nk,7330,Geschrei
7330,Geschrei,Geschrei,NOUN,cj,7327,Fluchen
7331,",",--,PUNCT,punct,7327,Fluchen
7332,das,der,DET,nk,7333,Geheul
7333,Geheul,Geheul,NOUN,cj,7330,Geschrei
7334,der,der,DET,nk,7335,Gemißhandelten
7335,Gemißhandelten,Gemißhandelt,NOUN,ag,7333,Geheul
7336,.,--,PUNCT,punct,7327,Fluchen
7337,Es,es,PRON,sb,7338,fiel
7338,fiel,fallen,VERB,ROOT,7338,fiel
7339,ein,ein,DET,nk,7340,Schuß
7340,Schuß,Schuß,NOUN,sb,7338,fiel
7341,;,--,PUNCT,punct,7338,fiel
7342,der,der,PRON,ROOT,7342,der
7343,Pachter,Pachter,PROPN,sb,7349,mochte
7344,",",--,PUNCT,punct,7343,Pachter
7345,ein,ein,DET,nk,7347,Mann
7346,beherzter,beherzt,ADJ,nk,7347,Mann
7347,Mann,Mann,NOUN,app,7343,Pachter
7348,",",--,PUNCT,punct,7349,mochte
7349,mochte,mögen,VERB,ROOT,7349,mochte
7350,sich,sich,PRON,oa,7353,setzen
7351,zur,zu,ADP,mo,7353,setzen
7352,Wehre,Wehr,NOUN,nk,7351,zur
7353,setzen,setzen,VERB,oc,7349,mochte
7354,-,--,PUNCT,punct,7349,mochte
7355,dann,dann,ADV,mo,7356,wurde
7356,wurde,werden,AUX,cj,7349,mochte
7357,es,es,PRON,sb,7356,wurde
7358,stiller,still,ADJ,nk,7361,Schlösser
7359,-,--,PUNCT,punct,7358,stiller
7360,aufgesprengte,aufgesprengt,ADJ,nk,7361,Schlösser
7361,Schlösser,Schloß,NOUN,sb,7362,klirrten
7362,klirrten,klirren,VERB,ROOT,7362,klirrten
7363,",",--,PUNCT,punct,7362,klirrten
7364,Räuber,Räuber,NOUN,cj,7362,klirrten
7365,schleppten,schleppten,ADJ,nk,7366,Kisten
7366,Kisten,Kiste,NOUN,da,7362,klirrten
7367,zum,zu,ADP,mo,7362,klirrten
7368,Hoftor,Hoftor,NOUN,nk,7367,zum
7369,heraus,heraus,ADV,ROOT,7369,heraus
7370,.,--,PUNCT,punct,7369,heraus
7371,Einer,einer,PRON,sb,7376,mußte
7372,von,von,ADP,pg,7371,Einer
7373,des,der,DET,nk,7374,Pachters
7374,Pachters,Pachter,PROPN,ag,7375,Leuten
7375,Leuten,Leute,NOUN,nk,7372,von
7376,mußte,müssen,AUX,ROOT,7376,mußte
7377,in,in,ADP,mo,7380,entwischt
7378,der,der,DET,nk,7379,Finsternis
7379,Finsternis,Finsternis,NOUN,nk,7377,in
7380,entwischt,entwischen,VERB,oc,7376,mußte
7381,und,und,CCONJ,cd,7380,entwischt
7382,ins,in,ADP,cj,7381,und
7383,Dorf,Dorf,NOUN,ROOT,7383,Dorf
7384,gerannt,gerennen,VERB,pd,7385,sein
7385,sein,sein,AUX,oc,7383,Dorf
7386,;,--,PUNCT,punct,7383,Dorf
7387,denn,denn,CCONJ,ju,7390,tönte
7388,auf,auf,ADP,mo,7390,tönte
7389,einmal,einmal,ADV,nk,7388,auf
7390,tönte,Tönt,VERB,ROOT,7390,tönte
7391,die,der,DET,nk,7392,Sturmglocke
7392,Sturmglocke,Sturmglocke,NOUN,sb,7390,tönte
7393,durch,durch,ADP,mo,7390,tönte
7394,die,der,DET,nk,7395,Nacht
7395,Nacht,Nacht,NOUN,nk,7393,durch
7396,",",--,PUNCT,punct,7390,tönte
7397,und,und,CCONJ,cd,7390,tönte
7398,bald,bald,ADV,mo,7399,darauf
7399,darauf,darauf,ADV,op,7400,strömten
7400,strömten,strömten,ADJ,nk,7401,Haufen
7401,Haufen,Haufen,NOUN,ROOT,7401,Haufen
7402,mit,mit,ADP,mnr,7401,Haufen
7403,hellauflodernden,hellauflodernd,ADJ,nk,7404,Lichtern
7404,Lichtern,Lichter,NOUN,nk,7402,mit
7405,die,der,DET,nk,7406,Straße
7406,Straße,Straße,NOUN,oa,7401,Haufen
7407,herauf,herauf,ADV,svp,7401,Haufen
7408,nach,nach,ADP,ROOT,7408,nach
7409,der,der,DET,nk,7410,Pachterwohnung
7410,Pachterwohnung,Pachterwohnung,NOUN,nk,7408,nach
7411,.,--,PUNCT,punct,7408,nach
7412,Nun,nun,ADV,mo,7413,fiel
7413,fiel,fallen,VERB,ROOT,7413,fiel
7414,Schuß,Schuß,NOUN,sb,7413,fiel
7415,auf,auf,ADP,mo,7413,fiel
7416,Schuß,Schuß,NOUN,nk,7415,auf
7417,",",--,PUNCT,punct,7413,fiel
7418,die,der,PRON,nk,7419,Räuber
7419,Räuber,Räuber,NOUN,sb,7420,sammelten
7420,sammelten,sammeln,VERB,cj,7413,fiel
7421,sich,sich,PRON,oa,7420,sammelten
7422,im,in,ADP,mo,7420,sammelten
7423,Hofe,Hof,NOUN,ROOT,7423,Hofe
7424,und,und,CCONJ,cd,7423,Hofe
7425,streckten,streckn,VERB,cj,7424,und
7426,alles,alle,PRON,oa,7425,streckten
7427,nieder,nieder,ADV,svp,7425,streckten
7428,",",--,PUNCT,punct,7425,streckten
7429,was,wer,PRON,sb,7433,näherte
7430,sich,sich,PRON,oa,7433,näherte
7431,der,der,DET,nk,7432,Mauer
7432,Mauer,Mauer,NOUN,da,7433,näherte
7433,näherte,näheren,VERB,oc,7425,streckten
7434,.,--,PUNCT,punct,7423,Hofe
7435,Sie,sie,PRON,sb,7436,hatten
7436,hatten,haben,AUX,ROOT,7436,hatten
7437,ihre,ihr,DET,oa,7436,hatten
7438,Windfackeln,Windfackel,NOUN,mo,7439,angezündet
7439,angezündet,anzünden,VERB,ROOT,7439,angezündet
7440,.,--,PUNCT,punct,7439,angezündet
7441,Andres,Andres,PROPN,sb,7449,konnte
7442,",",--,PUNCT,punct,7441,Andres
7443,der,der,PRON,sb,7447,stand
7444,auf,auf,ADP,op,7447,stand
7445,einer,ein,DET,nk,7446,Anhöhe
7446,Anhöhe,Anhöhe,NOUN,nk,7444,auf
7447,stand,stehen,VERB,rc,7441,Andres
7448,",",--,PUNCT,punct,7449,konnte
7449,konnte,können,AUX,ROOT,7449,konnte
7450,alles,alle,PRON,oa,7449,konnte
7451,übersehen,übersehen,VERB,ROOT,7451,übersehen
7452,.,--,PUNCT,punct,7451,übersehen
7453,Mit,mit,ADP,mo,7455,erblickte
7454,Entsetzen,entsetzen,NOUN,nk,7453,Mit
7455,erblickte,erblicken,VERB,ROOT,7455,erblickte
7456,er,er,PRON,sb,7455,erblickte
7457,unter,unter,ADP,mo,7455,erblickte
7458,den,der,DET,nk,7459,Bauern
7459,Bauern,Bauer,NOUN,nk,7457,unter
7460,",",--,PUNCT,punct,7459,Bauern
7461,Jäger,Jäger,NOUN,app,7459,Bauern
7462,in,in,ADP,mnr,7461,Jäger
7463,der,der,DET,nk,7464,Liverei
7464,Liverei,Liverei,NOUN,nk,7462,in
7465,seines,sein,DET,nk,7466,Herrn
7466,Herrn,Herr,NOUN,ROOT,7466,Herrn
7467,",",--,PUNCT,punct,7466,Herrn
7468,des,der,DET,nk,7469,Grafen
7469,Grafen,Graf,NOUN,cj,7466,Herrn
7470,von,von,ADP,pg,7469,Grafen
7471,Vach,Vach,PROPN,nk,7470,von
7472,!,--,PUNCT,punct,7466,Herrn
7473,-,--,PUNCT,punct,7475,sollte
7474,Was,was,PRON,oa,7477,tun
7475,sollte,sollen,AUX,ROOT,7475,sollte
7476,er,er,PRON,sb,7475,sollte
7477,tun,tun,VERB,oc,7475,sollte
7478,?,--,PUNCT,punct,7475,sollte
7479,-,--,PUNCT,punct,7480,Sich
7480,Sich,Sich,PRON,ROOT,7480,Sich
7481,zu,zu,ADP,mnr,7480,Sich
7482,ihnen,ihnen,PRON,nk,7481,zu
7483,zu,zu,ADP,svp,7480,Sich
7484,begeben,begeben,VERB,sb,7486,war
7485,",",--,PUNCT,punct,7486,war
7486,war,sein,AUX,ROOT,7486,war
7487,unmöglich,unmöglich,ADV,pd,7486,war
7488,",",--,PUNCT,punct,7486,war
7489,nur,nur,ADV,mo,7492,Flucht
7490,die,der,DET,nk,7492,Flucht
7491,schnellste,schnell,ADJ,nk,7492,Flucht
7492,Flucht,Flucht,NOUN,sb,7493,konnte
7493,konnte,können,AUX,cj,7486,war
7494,ihn,ihn,PRON,oa,7495,retten
7495,retten,retten,VERB,oc,7493,konnte
7496,;,--,PUNCT,punct,7486,war
7497,aber,aber,CCONJ,ROOT,7497,aber
7498,wie,wie,SCONJ,dep,7497,aber
7499,festgezaubert,festgezaubern,VERB,mo,7500,stand
7500,stand,stehen,VERB,ROOT,7500,stand
7501,er,er,PRON,sb,7500,stand
7502,da,da,ADV,mo,7500,stand
7503,hinstarrend,hinstarrend,ADV,mo,7500,stand
7504,in,in,ADP,mo,7503,hinstarrend
7505,den,der,DET,nk,7506,Pachterhof
7506,Pachterhof,Pachterhof,PROPN,nk,7504,in
7507,",",--,PUNCT,punct,7506,Pachterhof
7508,wo,wo,SCONJ,mo,7510,Gefecht
7509,das,der,DET,nk,7510,Gefecht
7510,Gefecht,Gefecht,NOUN,cj,7500,stand
7511,immer,immer,ADV,mo,7510,Gefecht
7512,mörderischer,mörderische,ADV,pd,7513,wurde
7513,wurde,werden,AUX,ROOT,7513,wurde
7514,;,--,PUNCT,punct,7513,wurde
7515,denn,denn,CCONJ,cd,7513,wurde
7516,durch,durch,ADP,mo,7524,waren
7517,eine,ein,DET,nk,7519,Pforte
7518,kleine,klein,ADJ,nk,7519,Pforte
7519,Pforte,Pfort,NOUN,nk,7516,durch
7520,an,an,ADP,mnr,7519,Pforte
7521,der,der,DET,nk,7523,Seite
7522,andern,anderer,ADJ,nk,7523,Seite
7523,Seite,Seite,NOUN,nk,7520,an
7524,waren,sein,AUX,cj,7515,denn
7525,die,der,DET,sb,7524,waren
7526,Vachschen,Vachschen,ADJ,nk,7527,Jäger
7527,Jäger,Jäger,NOUN,oa,7528,gedrungen
7528,gedrungen,dringen,VERB,ROOT,7528,gedrungen
7529,und,und,CCONJ,cd,7528,gedrungen
7530,mit,mit,ADP,mo,7534,geworden
7531,den,der,DET,nk,7532,Räubern
7532,Räubern,Räuber,NOUN,nk,7530,mit
7533,handgemein,Handgemein,ADV,pd,7534,geworden
7534,geworden,werden,AUX,cj,7529,und
7535,.,--,PUNCT,punct,7528,gedrungen
7536,Die,der,DET,nk,7537,Räuber
7537,Räuber,Räuber,NOUN,ROOT,7537,Räuber
7538,mußten,müssen,AUX,ROOT,7538,mußten
7539,zurück,zurück,ADV,svp,7538,mußten
7540,",",--,PUNCT,punct,7538,mußten
7541,sie,sie,PRON,sb,7542,drängten
7542,drängten,drängen,VERB,cj,7538,mußten
7543,sich,sich,PRON,oa,7542,drängten
7544,fechtend,fechtend,ADV,mo,7542,drängten
7545,durch,durch,ADP,mo,7542,drängten
7546,das,der,DET,nk,7547,Tor
7547,Tor,Tor,NOUN,nk,7545,durch
7548,nach,nach,ADP,mnr,7547,Tor
7549,der,der,DET,nk,7550,Gegend
7550,Gegend,Gegend,NOUN,nk,7548,nach
7551,hin,hin,ADV,svp,7542,drängten
7552,",",--,PUNCT,punct,7542,drängten
7553,wo,wo,SCONJ,ROOT,7553,wo
7554,Andres,Andr,NOUN,sb,7555,stand
7555,stand,stehen,VERB,ROOT,7555,stand
7556,.,--,PUNCT,punct,7555,stand
7557,Er,er,PRON,sb,7558,sah
7558,sah,sehen,VERB,ROOT,7558,sah
7559,Dennern,Denner,NOUN,oa,7558,sah
7560,",",--,PUNCT,punct,7559,Dennern
7561,der,der,PRON,sb,7563,lud
7562,unaufhörlich,unaufhörlich,ADV,mo,7563,lud
7563,lud,laden,VERB,rc,7559,Dennern
7564,und,und,CCONJ,cd,7563,lud
7565,schoß,Schoß,PROPN,cj,7564,und
7566,und,und,CCONJ,cd,7565,schoß
7567,niemals,niemals,ADV,cj,7566,und
7568,fehlte,fehlen,VERB,ROOT,7568,fehlte
7569,.,--,PUNCT,punct,7568,fehlte
7570,Ein,ein,DET,nk,7573,Mann
7571,junger,jung,ADJ,nk,7573,Mann
7572,reichgekleideten,reichgekleidet,ADJ,nk,7573,Mann
7573,Mann,Mann,NOUN,sb,7580,schien
7574,",",--,PUNCT,punct,7573,Mann
7575,von,von,ADP,sbp,7578,umgeben
7576,Vachschen,Vachschen,ADJ,nk,7577,Jägern
7577,Jägern,Jäger,NOUN,nk,7575,von
7578,umgeben,umgeben,VERB,par,7573,Mann
7579,",",--,PUNCT,punct,7580,schien
7580,schien,scheinen,VERB,ROOT,7580,schien
7581,den,der,DET,nk,7582,Anführer
7582,Anführer,Anführer,NOUN,oa,7584,machen
7583,zu,zu,PART,pm,7584,machen
7584,machen,machen,VERB,ROOT,7584,machen
7585,;,--,PUNCT,punct,7584,machen
7586,auf,auf,ADP,mo,7588,legte
7587,ihn,ihn,PRON,nk,7586,auf
7588,legte,legen,VERB,ROOT,7588,legte
7589,Denner,Denner,NOUN,sb,7588,legte
7590,an,an,ADP,svp,7588,legte
7591,",",--,PUNCT,punct,7588,legte
7592,aber,aber,CCONJ,cd,7588,legte
7593,noch,noch,ADV,mo,7596,abdrückte
7594,ehe,ehe,SCONJ,cp,7596,abdrückte
7595,er,er,PRON,sb,7596,abdrückte
7596,abdrückte,abdrücken,VERB,cj,7592,aber
7597,",",--,PUNCT,punct,7588,legte
7598,stürzte,stürzen,VERB,ROOT,7598,stürzte
7599,er,er,PRON,sb,7598,stürzte
7600,von,von,ADP,sbp,7603,getroffen
7601,einer,ein,DET,nk,7602,Kugel
7602,Kugel,Kugel,NOUN,nk,7600,von
7603,getroffen,treffen,VERB,mo,7598,stürzte
7604,mit,mit,ADP,mo,7603,getroffen
7605,einem,ein,DET,nk,7607,Schrei
7606,dumpfen,dumpf,ADJ,nk,7607,Schrei
7607,Schrei,Schrei,NOUN,nk,7604,mit
7608,nieder,nieder,ADV,svp,7603,getroffen
7609,.,--,PUNCT,punct,7598,stürzte
7610,Die,der,DET,ROOT,7610,Die
7611,Räuber,Räuber,NOUN,sb,7612,flohen
7612,flohen,fliehen,VERB,mo,7615,stürzten
7613,-,--,PUNCT,punct,7615,stürzten
7614,schon,schon,ADV,mo,7615,stürzten
7615,stürzten,stürzen,VERB,ROOT,7615,stürzten
7616,die,der,DET,nk,7618,Jäger
7617,Vachschen,Vachschen,ADJ,nk,7618,Jäger
7618,Jäger,Jäger,NOUN,sb,7615,stürzten
7619,herbei,herbei,ADV,svp,7615,stürzten
7620,",",--,PUNCT,punct,7615,stürzten
7621,da,da,ADV,mo,7622,sprang
7622,sprang,springen,VERB,mo,7615,stürzten
7623,",",--,PUNCT,punct,7622,sprang
7624,wie,wie,SCONJ,cm,7625,von
7625,von,von,ADP,mo,7622,sprang
7626,unwiderstehlicher,unwiderstehlich,ADJ,nk,7627,Macht
7627,Macht,Macht,NOUN,ROOT,7627,Macht
7628,getrieben,treiben,VERB,oc,7627,Macht
7629,",",--,PUNCT,punct,7627,Macht
7630,Andres,Andr,NOUN,cj,7627,Macht
7631,herbei,herbei,ADV,ROOT,7631,herbei
7632,und,und,CCONJ,cd,7631,herbei
7633,rettete,retten,VERB,cj,7632,und
7634,Dennern,Denner,NOUN,oa,7633,rettete
7635,",",--,PUNCT,punct,7634,Dennern
7636,den,der,PRON,oa,7637,er
7637,er,er,PRON,ROOT,7637,er
7638,",",--,PUNCT,punct,7637,er
7639,stark,stark,ADV,pd,7642,war
7640,wie,wie,SCONJ,cm,7641,er
7641,er,er,PRON,sb,7642,war
7642,war,sein,AUX,ROOT,7642,war
7643,",",--,PUNCT,punct,7642,war
7644,auf,auf,ADP,mo,7647,warf
7645,die,der,DET,nk,7646,Schultern
7646,Schultern,Schulter,NOUN,nk,7644,auf
7647,warf,werfen,VERB,sb,7642,war
7648,und,und,CCONJ,cd,7647,warf
7649,schnell,schnell,ADV,mo,7650,forteilte
7650,forteilte,forteiln,VERB,cj,7648,und
7651,.,--,PUNCT,punct,7642,war
7652,Ohne,ohne,SCONJ,cp,7653,verfolgt
7653,verfolgt,verfolgen,VERB,ROOT,7653,verfolgt
7654,zu,zu,PART,pm,7655,werden
7655,werden,werden,AUX,oc,7657,erreichte
7656,",",--,PUNCT,punct,7657,erreichte
7657,erreichte,erreichen,VERB,ROOT,7657,erreichte
7658,er,er,PRON,sb,7657,erreichte
7659,glücklich,glücklich,ADV,mo,7657,erreichte
7660,den,der,DET,nk,7661,Wald
7661,Wald,Wald,NOUN,oa,7657,erreichte
7662,.,--,PUNCT,punct,7657,erreichte
7663,Nur,nur,ADV,mo,7664,einzelne
7664,einzelne,einzeln,ADJ,nk,7665,Schüsse
7665,Schüsse,Schuß,NOUN,sb,7666,fielen
7666,fielen,fallen,VERB,ROOT,7666,fielen
7667,hin,hin,ADV,mo,7666,fielen
7668,und,und,CCONJ,cd,7667,hin
7669,wieder,wieder,ADV,mo,7672,wurde
7670,und,und,CCONJ,cd,7669,wieder
7671,bald,bald,ADV,cj,7670,und
7672,wurde,werden,AUX,ROOT,7672,wurde
7673,es,es,PRON,sb,7672,wurde
7674,ganz,ganz,ADV,mo,7675,still
7675,still,still,ADV,pd,7672,wurde
7676,;,--,PUNCT,punct,7672,wurde
7677,ein,ein,DET,nk,7678,Zeichen
7678,Zeichen,Zeichen,NOUN,ROOT,7678,Zeichen
7679,",",--,PUNCT,punct,7678,Zeichen
7680,daß,daß,SCONJ,cp,7681,es
7681,es,es,PRON,sb,7678,Zeichen
7682,den,der,DET,nk,7683,Räubern
7683,Räubern,Räuber,NOUN,da,7678,Zeichen
7684,",",--,PUNCT,punct,7683,Räubern
7685,die,der,PRON,sb,7686,nicht
7686,nicht,nicht,PART,ng,7678,Zeichen
7687,verwundet,verwunden,ADV,mo,7694,geglückt
7688,auf,auf,ADP,mo,7691,liegen
7689,dem,der,DET,nk,7690,Platze
7690,Platze,Platz,NOUN,nk,7688,auf
7691,liegen,liegen,VERB,oc,7692,geblieben
7692,geblieben,bleiben,VERB,oc,7687,verwundet
7693,",",--,PUNCT,punct,7694,geglückt
7694,geglückt,glücken,VERB,oc,7695,war
7695,war,sein,AUX,ROOT,7695,war
7696,",",--,PUNCT,punct,7695,war
7697,in,in,ADP,mo,7694,geglückt
7698,den,der,DET,nk,7699,Wald
7699,Wald,Wald,NOUN,nk,7697,in
7700,zu,zu,ADP,svp,7695,war
7701,entkommen,entkommen,VERB,ROOT,7701,entkommen
7702,und,und,CCONJ,cd,7701,entkommen
7703,daß,daß,SCONJ,cp,7711,schien
7704,es,es,PRON,sb,7711,schien
7705,den,der,DET,nk,7706,Jägern
7706,Jägern,Jäger,NOUN,da,7711,schien
7707,und,und,CCONJ,cd,7706,Jägern
7708,Bauern,Bauer,NOUN,cj,7707,und
7709,nicht,nicht,PART,ng,7711,schien
7710,ratsam,ratsam,ADV,mo,7711,schien
7711,schien,scheinen,VERB,cj,7702,und
7712,",",--,PUNCT,punct,7711,schien
7713,in,in,ADP,mo,7701,entkommen
7714,das,der,DET,nk,7715,Dickicht
7715,Dickicht,Dickicht,NOUN,nk,7713,in
7716,einzubrechen,einzubrechen,VERB,ROOT,7716,einzubrechen
7717,.,--,PUNCT,punct,7716,einzubrechen
7718,»,--,PUNCT,punct,7719,Setze
7719,Setze,Setze,VERB,oc,7727,sprach
7720,mich,mich,PRON,oa,7719,Setze
7721,nur,nur,ADV,mo,7722,nieder
7722,nieder,nieder,ADV,mo,7719,Setze
7723,",",--,PUNCT,punct,7719,Setze
7724,Andres,Andr,NOUN,cj,7719,Setze
7725,!,--,PUNCT,punct,7727,sprach
7726,«,--,PUNCT,punct,7727,sprach
7727,sprach,sprechen,VERB,ROOT,7727,sprach
7728,Denner,Denner,PROPN,sb,7727,sprach
7729,",",--,PUNCT,punct,7727,sprach
7730,»,--,PUNCT,punct,7732,bin
7731,ich,ich,PRON,sb,7732,bin
7732,bin,sein,AUX,oc,7727,sprach
7733,in,in,ADP,mo,7732,bin
7734,den,der,DET,nk,7733,in
7735,Fuß,Fuß,NOUN,oa,7736,verwundet
7736,verwundet,verwunden,VERB,ROOT,7736,verwundet
7737,und,und,CCONJ,cd,7736,verwundet
7738,verdammt,verdammen,VERB,cj,7737,und
7739,",",--,PUNCT,punct,7738,verdammt
7740,daß,daß,SCONJ,cp,7742,umstürzte
7741,ich,ich,PRON,sb,7742,umstürzte
7742,umstürzte,umstürzen,VERB,oc,7738,verdammt
7743,",",--,PUNCT,punct,7742,umstürzte
7744,denn,denn,CCONJ,cd,7742,umstürzte
7745,",",--,PUNCT,punct,7746,unerachtet
7746,unerachtet,unerachten,VERB,cj,7744,denn
7747,mich,mich,PRON,oa,7746,unerachtet
7748,die,der,DET,nk,7749,Wunde
7749,Wunde,Wunde,NOUN,oa,7746,unerachtet
7750,sehr,sehr,ADV,mo,7751,schmerzt
7751,schmerzt,schmerzen,VERB,ROOT,7751,schmerzt
7752,",",--,PUNCT,punct,7751,schmerzt
7753,glaub,glaub,VERB,mo,7751,schmerzt
7754,ich,ich,PRON,sb,7751,schmerzt
7755,doch,doch,ADV,mo,7751,schmerzt
7756,nicht,nicht,PART,ng,7751,schmerzt
7757,einmal,einmal,ADV,mo,7756,nicht
7758,",",--,PUNCT,punct,7751,schmerzt
7759,daß,daß,SCONJ,cp,7762,ist
7760,sie,sie,PRON,sb,7762,ist
7761,bedeutend,bedeutend,ADV,pd,7762,ist
7762,ist,sein,AUX,oc,7751,schmerzt
7763,.,--,PUNCT,punct,7751,schmerzt
7764,«,--,PUNCT,punct,7751,schmerzt
7765,Andres,Andres,NOUN,sb,7766,tat
7766,tat,tun,VERB,ROOT,7766,tat
7767,es,es,PRON,ph,7770,holte
7768,",",--,PUNCT,punct,7767,es
7769,Denner,Denner,PROPN,sb,7770,holte
7770,holte,holen,VERB,ROOT,7770,holte
7771,eine,ein,DET,nk,7773,Phiole
7772,kleine,klein,ADJ,nk,7773,Phiole
7773,Phiole,Phiole,NOUN,oa,7770,holte
7774,aus,aus,ADP,mnr,7773,Phiole
7775,der,der,DET,nk,7776,Tasche
7776,Tasche,Tasche,NOUN,nk,7774,aus
7777,und,und,CCONJ,cd,7770,holte
7778,als,als,SCONJ,cp,7781,öffnete
7779,er,er,PRON,sb,7781,öffnete
7780,sie,sie,PRON,oa,7781,öffnete
7781,öffnete,öffnen,VERB,cj,7777,und
7782,",",--,PUNCT,punct,7770,holte
7783,strahlte,strahlen,VERB,ROOT,7783,strahlte
7784,ein,ein,DET,nk,7786,Licht
7785,helles,hell,ADJ,nk,7786,Licht
7786,Licht,Licht,NOUN,sb,7783,strahlte
7787,heraus,heraus,ADV,svp,7783,strahlte
7788,",",--,PUNCT,punct,7783,strahlte
7789,bei,bei,ADP,mo,7795,untersuchen
7790,dem,der,DET,nk,7791,Andres
7791,Andres,Andres,NOUN,nk,7789,bei
7792,die,der,DET,nk,7793,Wunde
7793,Wunde,Wunde,NOUN,oa,7795,untersuchen
7794,genau,genau,ADV,mo,7795,untersuchen
7795,untersuchen,untersuchen,VERB,oc,7783,strahlte
7796,konnte,können,AUX,ROOT,7796,konnte
7797,:,--,PUNCT,punct,7796,konnte
7798,Denner,Denner,ADV,sb,7799,hatte
7799,hatte,haben,VERB,oc,7796,konnte
7800,recht,Recht,NOUN,oa,7799,hatte
7801,;,--,PUNCT,punct,7796,konnte
7802,nur,nur,ADV,mo,7805,Streifschuß
7803,ein,ein,DET,nk,7805,Streifschuß
7804,starker,stark,ADJ,nk,7805,Streifschuß
7805,Streifschuß,Streifschuß,NOUN,sb,7806,hatte
7806,hatte,haben,AUX,ROOT,7806,hatte
7807,den,der,DET,nk,7809,Fuß
7808,rechten,rechter,ADJ,nk,7809,Fuß
7809,Fuß,Fuß,NOUN,oa,7806,hatte
7810,getroffen,treffen,VERB,ROOT,7810,getroffen
7811,",",--,PUNCT,punct,7810,getroffen
7812,der,der,PRON,sb,7814,blutete
7813,stark,stark,ADV,mo,7814,blutete
7814,blutete,bluten,VERB,rc,7810,getroffen
7815,.,--,PUNCT,punct,7810,getroffen
7816,Andres,Andres,NOUN,sb,7817,verband
7817,verband,verbinden,VERB,ROOT,7817,verband
7818,die,der,DET,nk,7819,Wunde
7819,Wunde,Wunde,NOUN,oa,7817,verband
7820,mit,mit,ADP,mo,7817,verband
7821,seinem,sein,DET,nk,7822,Schnupftuch
7822,Schnupftuch,Schnupftuch,NOUN,nk,7820,mit
7823,",",--,PUNCT,punct,7817,verband
7824,Denner,Denner,PROPN,sb,7825,ließ
7825,ließ,lassen,VERB,ROOT,7825,ließ
7826,seine,sein,DET,nk,7827,Pfeife
7827,Pfeife,Pfeif,NOUN,oa,7828,ertönen
7828,ertönen,ertönen,VERB,oc,7825,ließ
7829,",",--,PUNCT,punct,7828,ertönen
7830,aus,aus,ADP,mo,7834,geantwortet
7831,der,der,DET,nk,7832,Ferne
7832,Ferne,Ferne,NOUN,nk,7830,aus
7833,wurde,werden,AUX,rc,7827,Pfeife
7834,geantwortet,antworten,VERB,oc,7833,wurde
7835,und,und,CCONJ,cd,7833,wurde
7836,nun,nun,ADV,mo,7837,bat
7837,bat,bitten,VERB,cj,7835,und
7838,er,er,PRON,sb,7843,sachte
7839,den,der,DET,nk,7840,Andres
7840,Andres,Andr,NOUN,mo,7838,er
7841,",",--,PUNCT,punct,7840,Andres
7842,ihn,ihn,PRON,sb,7843,sachte
7843,sachte,sachen,VERB,ROOT,7843,sachte
7844,den,der,DET,nk,7846,Waldweg
7845,schmalen,schmal,ADJ,nk,7846,Waldweg
7846,Waldweg,Waldweg,NOUN,oa,7847,heraufzuführen
7847,heraufzuführen,heraufzuführen,VERB,oc,7843,sachte
7848,",",--,PUNCT,punct,7843,sachte
7849,denn,denn,CCONJ,cd,7843,sachte
7850,bald,bald,ADV,mo,7851,würden
7851,würden,werden,AUX,cj,7849,denn
7852,sie,sie,PRON,sb,7857,sein
7853,an,an,ADP,mo,7857,sein
7854,Ort,Ort,NOUN,nk,7853,an
7855,und,und,CCONJ,cd,7854,Ort
7856,Stelle,Stelle,NOUN,cj,7855,und
7857,sein,sein,AUX,ROOT,7857,sein
7858,.,--,PUNCT,punct,7857,sein
7859,Wirklich,wirklich,ADV,mo,7860,dauerte
7860,dauerte,dauern,VERB,re,7866,so
7861,es,es,PRON,sb,7860,dauerte
7862,auch,auch,ADV,mo,7860,dauerte
7863,nicht,nicht,PART,ng,7864,lange
7864,lange,lange,ADV,mo,7860,dauerte
7865,",",--,PUNCT,punct,7866,so
7866,so,so,ADV,mo,7867,sahen
7867,sahen,sehen,VERB,ROOT,7867,sahen
7868,sie,sie,PRON,sb,7867,sahen
7869,den,der,DET,nk,7870,Schein
7870,Schein,Schein,NOUN,oa,7877,brechen
7871,von,von,ADP,pg,7870,Schein
7872,Windlichtern,Windlichter,NOUN,nk,7871,von
7873,durch,durch,ADP,mo,7877,brechen
7874,das,der,DET,nk,7876,Gebüsch
7875,dunkle,dunkel,ADJ,nk,7876,Gebüsch
7876,Gebüsch,Gebüsch,NOUN,nk,7873,durch
7877,brechen,brechen,VERB,ROOT,7877,brechen
7878,und,und,CCONJ,cd,7877,brechen
7879,hatten,haben,AUX,cj,7878,und
7880,jenen,jener,PRON,oa,7879,hatten
7881,Rasenplatz,Rasenplatz,NOUN,oa,7882,erreicht
7882,erreicht,erreichen,VERB,ROOT,7882,erreicht
7883,",",--,PUNCT,punct,7882,erreicht
7884,von,von,ADP,mo,7887,ausgegangen
7885,dem,der,PRON,nk,7884,von
7886,sie,sie,PRON,sb,7887,ausgegangen
7887,ausgegangen,ausgehen,VERB,rc,7881,Rasenplatz
7888,und,und,CCONJ,cd,7887,ausgegangen
7889,wo,wo,SCONJ,mo,7892,übriggebliebenen
7890,sie,sie,PRON,oa,7892,übriggebliebenen
7891,die,der,DET,nk,7892,übriggebliebenen
7892,übriggebliebenen,übriggeblieben,ADJ,cj,7888,und
7893,Räuber,Räuber,NOUN,sb,7896,fanden
7894,bereits,bereits,ADV,mo,7895,versammelt
7895,versammelt,versammeln,VERB,mo,7896,fanden
7896,fanden,finden,VERB,ROOT,7896,fanden
7897,.,--,PUNCT,punct,7896,fanden
7898,Alle,aller,DET,nk,7899,jauchzten
7899,jauchzten,jauchzn,VERB,ROOT,7899,jauchzten
7900,vor,vor,ADP,mo,7899,jauchzten
7901,Freude,Freude,NOUN,nk,7900,vor
7902,auf,auf,ADP,svp,7899,jauchzten
7903,",",--,PUNCT,punct,7899,jauchzten
7904,als,als,SCONJ,mo,7899,jauchzten
7905,Denner,Denner,NOUN,nk,7904,als
7906,unter,unter,ADP,mo,7908,trat
7907,sie,sie,PRON,nk,7906,unter
7908,trat,treten,VERB,ROOT,7908,trat
7909,und,und,CCONJ,cd,7908,trat
7910,rühmten,rühmn,VERB,cj,7909,und
7911,den,der,DET,nk,7912,Andres
7912,Andres,Andr,NOUN,oa,7910,rühmten
7913,",",--,PUNCT,punct,7912,Andres
7914,der,der,PRON,sb,7919,gekehrt
7915,",",--,PUNCT,punct,7919,gekehrt
7916,tief,tief,ADV,mo,7919,gekehrt
7917,in,in,ADP,mo,7919,gekehrt
7918,sich,sich,PRON,nk,7917,in
7919,gekehrt,kehren,VERB,rc,7912,Andres
7920,",",--,PUNCT,punct,7910,rühmten
7921,kein,kein,DET,nk,7922,Wort
7922,Wort,Wort,NOUN,oa,7910,rühmten
7923,vorzubringen,vorbringen,VERB,oc,7924,vermochte
7924,vermochte,vermögen,VERB,ROOT,7924,vermochte
7925,.,--,PUNCT,punct,7924,vermochte
7926,Es,es,PRON,sb,7927,fand
7927,fand,finden,VERB,ROOT,7927,fand
7928,sich,sich,PRON,oa,7927,fand
7929,",",--,PUNCT,punct,7927,fand
7930,daß,daß,SCONJ,cp,7936,tot
7931,über,über,ADP,mo,7936,tot
7932,die,der,DET,nk,7933,Hälfte
7933,Hälfte,Hälfte,NOUN,nk,7931,über
7934,der,der,DET,nk,7935,Bande
7935,Bande,Bande,NOUN,ag,7933,Hälfte
7936,tot,tot,ADV,re,7926,Es
7937,",",--,PUNCT,punct,7927,fand
7938,oder,oder,CCONJ,cd,7927,fand
7939,hart,hart,ADV,mo,7940,verwundet
7940,verwundet,verwunden,ADV,mo,7944,liegen
7941,auf,auf,ADP,mo,7944,liegen
7942,dem,der,DET,nk,7943,Platze
7943,Platze,Platz,NOUN,nk,7941,auf
7944,liegen,liegen,VERB,oc,7946,war
7945,geblieben,bleiben,VERB,oc,7946,war
7946,war,sein,AUX,ROOT,7946,war
7947,;,--,PUNCT,punct,7946,war
7948,indessen,indessen,ADV,mo,7949,hatten
7949,hatten,haben,AUX,ROOT,7949,hatten
7950,einige,einige,PRON,sb,7949,hatten
7951,von,von,ADP,pg,7950,einige
7952,den,der,DET,nk,7953,Räubern
7953,Räubern,Räuber,NOUN,ROOT,7953,Räubern
7954,",",--,PUNCT,punct,7953,Räubern
7955,die,der,PRON,sb,7958,waren
7956,dazu,dazu,ADV,mo,7957,bestimmt
7957,bestimmt,bestimmen,VERB,oc,7958,waren
7958,waren,sein,AUX,rc,7953,Räubern
7959,",",--,PUNCT,punct,7953,Räubern
7960,den,der,DET,nk,7961,Raub
7961,Raub,Raub,NOUN,oa,7965,bringen
7962,in,in,ADP,mo,7965,bringen
7963,Sicherheit,Sicherheit,NOUN,nk,7962,in
7964,zu,zu,PART,pm,7965,bringen
7965,bringen,bringen,VERB,oc,7953,Räubern
7966,",",--,PUNCT,punct,7953,Räubern
7967,mitten,mitten,ADV,mnr,7953,Räubern
7968,im,in,ADP,mo,7972,Kisten
7969,Gefecht,Gefecht,NOUN,nk,7968,im
7970,wirklich,wirklich,ADV,mo,7971,mehrere
7971,mehrere,mehrere,DET,nk,7972,Kisten
7972,Kisten,Kiste,NOUN,ROOT,7972,Kisten
7973,mit,mit,ADP,mnr,7972,Kisten
7974,kostbarem,kostbar,ADJ,nk,7975,Gerät
7975,Gerät,Gerät,NOUN,nk,7973,mit
7976,",",--,PUNCT,punct,7972,Kisten
7977,sowie,sowie,CCONJ,cd,7972,Kisten
7978,eine,ein,DET,nk,7979,ansehnliche
7979,ansehnliche,ansehnlich,ADJ,cj,7977,sowie
7980,Summe,Summe,NOUN,pnc,7981,Geld
7981,Geld,Geld,NOUN,sb,7983,fortzuschaffen
7982,",",--,PUNCT,punct,7983,fortzuschaffen
7983,fortzuschaffen,fortzuschaffen,VERB,ROOT,7983,fortzuschaffen
7984,gewußt,wissen,VERB,mo,7983,fortzuschaffen
7985,",",--,PUNCT,punct,7984,gewußt
7986,so,so,ADV,mo,7987,daß
7987,daß,daß,SCONJ,mo,7983,fortzuschaffen
7988,",",--,PUNCT,punct,7989,unerachtet
7989,unerachtet,unerachten,VERB,re,7986,so
7990,das,der,DET,nk,7991,Unternehmen
7991,Unternehmen,Unternehmen,NOUN,sb,7989,unerachtet
7992,schlimm,schlimm,ADV,mo,7989,unerachtet
7993,ausgegangen,ausgehen,VERB,ROOT,7993,ausgegangen
7994,",",--,PUNCT,punct,7993,ausgegangen
7995,doch,doch,CCONJ,cd,7993,ausgegangen
7996,die,der,DET,nk,7997,Beute
7997,Beute,Beute,NOUN,sb,7999,blieb
7998,ansehnlich,ansehnlich,ADV,pd,7999,blieb
7999,blieb,bleiben,VERB,cj,7995,doch
8000,.,--,PUNCT,punct,7993,ausgegangen
8001,Als,als,SCONJ,cp,8005,besprochen
8002,nun,nun,ADV,mo,8005,besprochen
8003,das,der,DET,nk,8004,Nötige
8004,Nötige,nötige,NOUN,oa,8005,besprochen
8005,besprochen,besprechen,VERB,ROOT,8005,besprochen
8006,",",--,PUNCT,punct,8005,besprochen
8007,wandte,wenden,VERB,ROOT,8007,wandte
8008,sich,sich,PRON,oa,8007,wandte
8009,Denner,Denner,NOUN,sb,8007,wandte
8010,",",--,PUNCT,punct,8009,Denner
8011,den,der,PRON,oa,8015,verbunden
8012,man,man,PRON,sb,8016,hatte
8013,unterdessen,unterdessen,ADV,mo,8015,verbunden
8014,ordentlich,ordentlich,ADV,mo,8015,verbunden
8015,verbunden,verbinden,VERB,oc,8016,hatte
8016,hatte,haben,AUX,rc,8009,Denner
8017,",",--,PUNCT,punct,8007,wandte
8018,und,und,CCONJ,cd,8007,wandte
8019,der,der,DET,ROOT,8019,der
8020,kaum,kaum,ADV,mo,8026,fühlen
8021,irgend,irgend,ADV,mo,8020,kaum
8022,einen,ein,DET,nk,8023,Schmerz
8023,Schmerz,Schmerz,NOUN,oa,8026,fühlen
8024,mehr,mehr,ADV,mnr,8023,Schmerz
8025,zu,zu,PART,pm,8026,fühlen
8026,fühlen,fühlen,VERB,oc,8027,schien
8027,schien,scheinen,VERB,ROOT,8027,schien
8028,",",--,PUNCT,punct,8027,schien
8029,zu,zu,ADP,mo,8026,fühlen
8030,Andres,Andr,NOUN,nk,8029,zu
8031,und,und,CCONJ,cd,8027,schien
8032,sprach,sprechen,VERB,cj,8031,und
8033,:,--,PUNCT,punct,8027,schien
8034,»,--,PUNCT,punct,8035,Ich
8035,Ich,ich,PRON,ROOT,8035,Ich
8036,habe,haben,AUX,ROOT,8036,habe
8037,dein,dein,DET,nk,8038,Weib
8038,Weib,Weib,NOUN,sb,8036,habe
8039,vom,von,ADP,mo,8041,errettet
8040,Tode,Tod,NOUN,nk,8039,vom
8041,errettet,erretten,VERB,oc,8036,habe
8042,",",--,PUNCT,punct,8036,habe
8043,du,du,PRON,sb,8044,hast
8044,hast,haben,AUX,cj,8036,habe
8045,mich,mich,PRON,oa,8044,hast
8046,in,in,ADP,mo,8044,hast
8047,dieser,dieser,DET,nk,8048,Nacht
8048,Nacht,Nacht,NOUN,nk,8046,in
8049,der,der,DET,dep,8036,habe
8050,Gefangenschaft,Gefangenschaft,NOUN,ROOT,8050,Gefangenschaft
8051,entzogen,entziehen,VERB,oc,8050,Gefangenschaft
8052,und,und,CCONJ,cd,8051,entzogen
8053,mich,mich,PRON,cj,8052,und
8054,folglich,folglich,ADV,mo,8056,von
8055,auch,auch,ADV,mo,8056,von
8056,von,von,ADP,oc,8053,mich
8057,dem,der,DET,nk,8060,Tode
8058,mir,mir,PRON,da,8059,gewissen
8059,gewissen,gewiß,ADJ,nk,8060,Tode
8060,Tode,Tod,NOUN,nk,8056,von
8061,befreit,befreien,VERB,ROOT,8061,befreit
8062,",",--,PUNCT,punct,8061,befreit
8063,wir,wir,PRON,sb,8064,sind
8064,sind,sein,AUX,oc,8061,befreit
8065,quitt,quitten,NOUN,pd,8064,sind
8066,!,--,PUNCT,punct,8061,befreit
8067,du,du,PRON,sb,8068,kannst
8068,kannst,kannstn,VERB,ROOT,8068,kannst
8069,in,in,ADP,mo,8072,zurückkehren
8070,deine,dein,DET,nk,8071,Wohnung
8071,Wohnung,Wohnung,NOUN,nk,8069,in
8072,zurückkehren,zurückkehren,VERB,oc,8068,kannst
8073,.,--,PUNCT,punct,8068,kannst
8074,In,in,ADP,ROOT,8074,In
8075,den,der,DET,nk,8074,In
8076,nächsten,nächster,ADJ,nk,8077,Tagen
8077,Tagen,Tag,NOUN,ROOT,8077,Tagen
8078,",",--,PUNCT,punct,8077,Tagen
8079,vielleicht,vielleicht,ADV,mo,8081,morgen
8080,schon,schon,ADV,mo,8081,morgen
8081,morgen,morgen,ADV,par,8077,Tagen
8082,",",--,PUNCT,punct,8083,verlassen
8083,verlassen,verlassen,VERB,ROOT,8083,verlassen
8084,wir,wir,PRON,sb,8083,verlassen
8085,die,der,DET,nk,8086,Gegend
8086,Gegend,Gegend,NOUN,oa,8083,verlassen
8087,;,--,PUNCT,punct,8083,verlassen
8088,du,du,PRON,ROOT,8088,du
8089,magst,magst,X,mo,8088,du
8090,daher,daher,ADV,mo,8094,sein
8091,ganz,ganz,ADV,mo,8092,ruhig
8092,ruhig,ruhig,ADV,pd,8094,sein
8093,darüber,darüber,ADV,op,8094,sein
8094,sein,sein,AUX,ROOT,8094,sein
8095,",",--,PUNCT,punct,8094,sein
8096,daß,daß,SCONJ,cp,8105,zumuten
8097,wir,wir,PRON,sb,8099,Ähnliches
8098,dir,dir,PRON,nk,8099,Ähnliches
8099,Ähnliches,Ähnliches,NOUN,oa,8105,zumuten
8100,",",--,PUNCT,punct,8101,so
8101,so,so,ADV,mo,8105,zumuten
8102,wie,wie,ADP,cm,8103,heute
8103,heute,heute,ADV,cc,8101,so
8104,",",--,PUNCT,punct,8105,zumuten
8105,zumuten,zumuen,VERB,oc,8092,ruhig
8106,werden,werden,AUX,ROOT,8106,werden
8107,.,--,PUNCT,punct,8106,werden
8108,Du,du,PRON,sb,8109,bist
8109,bist,sein,AUX,ROOT,8109,bist
8110,ja,ja,ADV,mo,8109,bist
8111,so,so,ADV,mo,8114,Narr
8112,ein,ein,DET,nk,8114,Narr
8113,gottesfürchtiger,gottesfürchtig,ADJ,nk,8114,Narr
8114,Narr,Narr,NOUN,pd,8109,bist
8115,und,und,CCONJ,cd,8114,Narr
8116,uns,uns,PRON,cj,8115,und
8117,nicht,nicht,PART,ng,8109,bist
8118,brauchbar,brauchbar,ADV,pd,8109,bist
8119,.,--,PUNCT,punct,8109,bist
8120,Es,es,PRON,sb,8121,ist
8121,ist,sein,AUX,ROOT,8121,ist
8122,indessen,indessen,ADV,mo,8123,billig
8123,billig,billig,ADV,ROOT,8123,billig
8124,",",--,PUNCT,punct,8123,billig
8125,daß,daß,SCONJ,cp,8131,nehmest
8126,du,du,PRON,sb,8131,nehmest
8127,teil,Teil,NOUN,mo,8131,nehmest
8128,am,an,ADP,mnr,8127,teil
8129,heutigen,heutig,ADJ,nk,8130,Raube
8130,Raube,Raube,NOUN,nk,8128,am
8131,nehmest,nehmest,ADV,cc,8122,indessen
8132,und,und,CCONJ,cd,8131,nehmest
8133,überdem,überd,ADV,cj,8132,und
8134,für,für,ADP,mo,8131,nehmest
8135,meine,mein,DET,nk,8134,für
8136,Rettung,Rettung,NOUN,sb,8137,belohnt
8137,belohnt,belohnen,VERB,ROOT,8137,belohnt
8138,werdest,werdest,VERB,oa,8137,belohnt
8139,.,--,PUNCT,punct,8137,belohnt
8140,Nimm,Nimm,PROPN,ROOT,8140,Nimm
8141,daher,daher,ADV,mo,8140,Nimm
8142,diesen,dieser,DET,nk,8143,Beutel
8143,Beutel,Beutel,NOUN,oa,8140,Nimm
8144,mit,mit,ADP,mnr,8143,Beutel
8145,Gold,Gold,NOUN,nk,8144,mit
8146,und,und,CCONJ,cd,8140,Nimm
8147,behalte,behalten,VERB,cj,8146,und
8148,mich,sich,PRON,oa,8147,behalte
8149,in,in,ADP,mo,8147,behalte
8150,gutem,gut,ADJ,nk,8151,Andenken
8151,Andenken,Andenken,NOUN,ROOT,8151,Andenken
8152,;,--,PUNCT,punct,8151,Andenken
8153,denn,denn,CCONJ,ju,8156,hoffe
8154,übers,über,ADP,mo,8156,hoffe
8155,Jahr,Jahr,NOUN,nk,8154,übers
8156,hoffe,hoffen,VERB,ROOT,8156,hoffe
8157,ich,ich,PRON,sb,8156,hoffe
8158,bei,bei,ADP,mo,8160,einzusprechen
8159,dir,dir,PRON,nk,8158,bei
8160,einzusprechen,einzusprechen,VERB,oc,8156,hoffe
8161,.,--,PUNCT,punct,8156,hoffe
8162,«,--,PUNCT,punct,8156,hoffe
8163,-,--,PUNCT,punct,8165,Gott
8164,»,--,PUNCT,punct,8165,Gott
8165,Gott,Gott,NOUN,ROOT,8165,Gott
8166,der,der,DET,sb,8165,Gott
8167,Herr,Herr,NOUN,sb,8168,soll
8168,soll,sollen,AUX,oc,8173,erwiderte
8169,mich,mich,PRON,oa,8170,behüten
8170,behüten,behüten,VERB,oc,8168,soll
8171,«,--,PUNCT,punct,8168,soll
8172,",",--,PUNCT,punct,8173,erwiderte
8173,erwiderte,erwidern,VERB,ROOT,8173,erwiderte
8174,Andres,Andr,NOUN,sb,8173,erwiderte
8175,heftig,heftig,ADV,svp,8173,erwiderte
8176,",",--,PUNCT,punct,8173,erwiderte
8177,»,--,PUNCT,punct,8173,erwiderte
8178,daß,daß,SCONJ,cp,8182,einen
8179,ich,ich,PRON,sb,8182,einen
8180,auch,auch,ADV,mo,8182,einen
8181,nur,nur,ADV,mo,8180,auch
8182,einen,ein,PRON,dep,8173,erwiderte
8183,Pfennig,Pfennig,NOUN,sb,8189,sollte
8184,von,von,ADP,sbp,8186,schändlichen
8185,Eurem,Eurem,PROPN,nk,8184,von
8186,schändlichen,schändlich,ADJ,nk,8187,Raube
8187,Raube,Raube,NOUN,da,8188,nehmen
8188,nehmen,nehmen,VERB,oc,8189,sollte
8189,sollte,sollen,AUX,ROOT,8189,sollte
8190,.,--,PUNCT,punct,8189,sollte
8191,Habt,Habt,X,ROOT,8191,Habt
8192,Ihr,ihr,PRON,nk,8193,mich
8193,mich,sich,PRON,ROOT,8193,mich
8194,doch,doch,ADV,mo,8193,mich
8195,nur,nur,ADV,mo,8193,mich
8196,durch,durch,ADP,mo,8200,gezwungen
8197,die,der,DET,nk,8199,Drohungen
8198,abscheulichsten,abscheulichst,ADJ,nk,8199,Drohungen
8199,Drohungen,Drohung,NOUN,nk,8196,durch
8200,gezwungen,zwingen,VERB,ROOT,8200,gezwungen
8201,mitzugehen,mitzugehen,VERB,oc,8200,gezwungen
8202,",",--,PUNCT,punct,8201,mitzugehen
8203,welches,welcher,PRON,oa,8205,ewiglich
8204,ich,ich,PRON,sb,8203,welches
8205,ewiglich,ewiglich,ADV,mo,8201,mitzugehen
8206,bereuen,bereuen,VERB,oc,8207,werde
8207,werde,werden,AUX,ROOT,8207,werde
8208,.,--,PUNCT,punct,8207,werde
8209,Wohl,wohl,ADV,mo,8210,mag
8210,mag,mögen,AUX,ROOT,8210,mag
8211,es,es,PRON,sb,8210,mag
8212,Sünde,Sünde,NOUN,pd,8213,gewesen
8213,gewesen,sein,AUX,oc,8214,sein
8214,sein,sein,AUX,oc,8210,mag
8215,",",--,PUNCT,punct,8210,mag
8216,daß,daß,SCONJ,cp,8218,dich
8217,ich,ich,PRON,sb,8216,daß
8218,dich,dich,PRON,dep,8210,mag
8219,",",--,PUNCT,punct,8218,dich
8220,du,du,PRON,app,8218,dich
8221,schändlicher,schändlich,ADV,pd,8220,du
8222,Bösewicht,Bösewicht,NOUN,ROOT,8222,Bösewicht
8223,!,--,PUNCT,punct,8222,Bösewicht
8224,der,der,DET,nk,8226,Strafe
8225,gerechten,gerecht,ADJ,nk,8226,Strafe
8226,Strafe,Strafe,NOUN,da,8227,entzogen
8227,entzogen,entziehen,VERB,oc,8228,habe
8228,habe,haben,AUX,ROOT,8228,habe
8229,;,--,PUNCT,punct,8228,habe
8230,aber,aber,CCONJ,ju,8234,mag
8231,Gott,Gott,NOUN,oa,8234,mag
8232,im,in,ADP,mnr,8231,Gott
8233,Himmel,Himmel,NOUN,nk,8232,im
8234,mag,mögen,AUX,ROOT,8234,mag
8235,es,es,PRON,sb,8234,mag
8236,mir,mir,PRON,da,8234,mag
8237,nach,nach,ADP,mo,8240,verzeihen
8238,seiner,sein,DET,nk,8239,Langmut
8239,Langmut,Langmut,NOUN,nk,8237,nach
8240,verzeihen,verzeihen,VERB,ROOT,8240,verzeihen
8241,.,--,PUNCT,punct,8240,verzeihen
8242,Es,es,PRON,sb,8243,war
8243,war,sein,AUX,ROOT,8243,war
8244,",",--,PUNCT,punct,8243,war
8245,als,als,SCONJ,cm,8246,flehe
8246,flehe,Fleh,NOUN,re,8242,Es
8247,in,in,ADP,mnr,8246,flehe
8248,dem,der,DET,nk,8249,Augenblick
8249,Augenblick,Augenblick,NOUN,nk,8247,in
8250,meine,mein,VERB,sb,8246,flehe
8251,Giorgina,Giorgina,PROPN,ROOT,8251,Giorgina
8252,um,um,ADP,mo,8251,Giorgina
8253,dein,dein,DET,nk,8254,Leben
8254,Leben,Leben,NOUN,nk,8252,um
8255,",",--,PUNCT,punct,8251,Giorgina
8256,da,da,SCONJ,cp,8260,errettet
8257,du,du,PRON,sb,8260,errettet
8258,das,der,DET,nk,8259,ihrige
8259,ihrige,ihrige,ADJ,oa,8260,errettet
8260,errettet,erretten,VERB,mo,8251,Giorgina
8261,",",--,PUNCT,punct,8251,Giorgina
8262,und,und,CCONJ,cd,8251,Giorgina
8263,ich,ich,PRON,sb,8264,konnte
8264,konnte,können,AUX,cj,8262,und
8265,nicht,nicht,PART,ng,8264,konnte
8266,anders,anders,ADV,mo,8264,konnte
8267,",",--,PUNCT,punct,8264,konnte
8268,als,als,SCONJ,cm,8272,mit
8269,daß,daß,SCONJ,cp,8272,mit
8270,ich,ich,PRON,sb,8272,mit
8271,dich,dich,PRON,oa,8272,mit
8272,mit,mit,ADP,ROOT,8272,mit
8273,Gefahr,Gefahr,NOUN,nk,8272,mit
8274,meines,mein,DET,nk,8275,Lebens
8275,Lebens,Leben,NOUN,ag,8273,Gefahr
8276,und,und,CCONJ,cd,8275,Lebens
8277,meiner,mein,DET,nk,8278,Ehre
8278,Ehre,Ehre,NOUN,cj,8276,und
8279,",",--,PUNCT,punct,8273,Gefahr
8280,ja,ja,ADV,mo,8282,Wohl
8281,das,der,DET,nk,8282,Wohl
8282,Wohl,Wohl,NOUN,cj,8273,Gefahr
8283,und,und,CCONJ,cd,8282,Wohl
8284,Weh,Weh,NOUN,cj,8283,und
8285,meines,mein,DET,nk,8286,Weibes
8286,Weibes,Weibe,NOUN,sb,8292,setzend
8287,und,und,CCONJ,cd,8286,Weibes
8288,meines,mein,DET,nk,8289,Kindes
8289,Kindes,Kind,NOUN,cj,8287,und
8290,aufs,auf,ADP,mo,8292,setzend
8291,Spiel,Spiel,NOUN,nk,8290,aufs
8292,setzend,setzend,ADV,ROOT,8292,setzend
8293,",",--,PUNCT,punct,8292,setzend
8294,der,der,DET,nk,8295,Gefahr
8295,Gefahr,Gefahr,NOUN,da,8296,entriß
8296,entriß,entreißen,VERB,cj,8292,setzend
8297,.,--,PUNCT,punct,8292,setzend
8298,Denn,denn,CCONJ,ROOT,8298,Denn
8299,sprich,sprich,ADV,mo,8302,wäre
8300,",",--,PUNCT,punct,8302,wäre
8301,was,was,PRON,sb,8302,wäre
8302,wäre,sein,AUX,ROOT,8302,wäre
8303,aus,aus,ADP,mo,8302,wäre
8304,mir,mir,PRON,nk,8303,aus
8305,",",--,PUNCT,punct,8302,wäre
8306,wenn,wenn,SCONJ,cp,8309,verwundet
8307,man,man,PRON,sb,8309,verwundet
8308,mich,mich,PRON,oa,8309,verwundet
8309,verwundet,verwunden,VERB,mo,8302,wäre
8310,",",--,PUNCT,punct,8302,wäre
8311,ja,ja,ADV,mo,8313,wäre
8312,was,was,PRON,sb,8313,wäre
8313,wäre,sein,AUX,cj,8302,wäre
8314,aus,aus,ADP,mo,8313,wäre
8315,meinem,mein,DET,nk,8316,armen
8316,armen,arm,ADJ,nk,8314,aus
8317,Weibe,Weibe,NOUN,ROOT,8317,Weibe
8318,",",--,PUNCT,punct,8317,Weibe
8319,meinem,mein,DET,nk,8320,Knaben
8320,Knaben,Knabe,NOUN,da,8321,geworden
8321,geworden,werden,AUX,oc,8317,Weibe
8322,",",--,PUNCT,punct,8321,geworden
8323,wenn,wenn,SCONJ,cp,8326,erschlagen
8324,man,man,PRON,sb,8326,erschlagen
8325,mich,mich,PRON,oa,8326,erschlagen
8326,erschlagen,erschlagen,VERB,mnr,8317,Weibe
8327,unter,unter,ADP,mo,8326,erschlagen
8328,deiner,dein,DET,nk,8329,verruchten
8329,verruchten,verrucht,ADJ,nk,8327,unter
8330,Mörderbande,Mörderband,NOUN,sb,8332,hätte
8331,gefunden,finden,VERB,oc,8332,hätte
8332,hätte,haben,AUX,ROOT,8332,hätte
8333,?,--,PUNCT,punct,8332,hätte
8334,-,--,PUNCT,punct,8336,sei
8335,Aber,aber,CCONJ,ju,8336,sei
8336,sei,sein,AUX,ROOT,8336,sei
8337,überzeugt,überzeugen,VERB,pd,8336,sei
8338,",",--,PUNCT,punct,8337,überzeugt
8339,daß,daß,SCONJ,punct,8336,sei
8340,",",--,PUNCT,punct,8339,daß
8341,wenn,wenn,SCONJ,cc,8339,daß
8342,du,du,PRON,sb,8345,nicht
8343,die,der,DET,nk,8344,Gegend
8344,Gegend,Gegend,NOUN,oa,8342,du
8345,nicht,nicht,PART,ng,8341,wenn
8346,verlässest,verlässest,VERB,ROOT,8346,verlässest
8347,",",--,PUNCT,punct,8346,verlässest
8348,wenn,wenn,SCONJ,cp,8354,Raub
8349,nur,nur,ADV,mo,8354,Raub
8350,ein,ein,DET,nk,8354,Raub
8351,einziger,einzig,ADJ,mo,8353,geschehener
8352,hier,hier,ADV,mo,8353,geschehener
8353,geschehener,geschehen,ADJ,nk,8354,Raub
8354,Raub,Raub,NOUN,mo,8346,verlässest
8355,",",--,PUNCT,punct,8346,verlässest
8356,oder,oder,CCONJ,cd,8346,verlässest
8357,Mord,Mord,NOUN,cj,8356,oder
8358,mir,mir,PRON,da,8359,kund
8359,kund,kund,ADV,mo,8346,verlässest
8360,wird,werden,AUX,ROOT,8360,wird
8361,",",--,PUNCT,punct,8360,wird
8362,ich,ich,PRON,sb,8366,gehe
8363,augenblicklich,augenblicklich,ADV,mo,8366,gehe
8364,nach,nach,ADP,mo,8366,gehe
8365,Fulda,Fulda,PROPN,nk,8364,nach
8366,gehe,gehen,VERB,sb,8360,wird
8367,und,und,CCONJ,cd,8366,gehe
8368,der,der,DET,nk,8369,Obrigkeit
8369,Obrigkeit,Obrigkeit,NOUN,cj,8367,und
8370,deine,dein,PROPN,nk,8371,Schlupfwinkel
8371,Schlupfwinkel,Schlupfwinkel,NOUN,sb,8360,wird
8372,verrate,verrate,VERB,ROOT,8372,verrate
8373,.,--,PUNCT,punct,8372,verrate
8374,«,--,PUNCT,punct,8372,verrate
8375,-,--,PUNCT,punct,8378,wollten
8376,Die,der,DET,nk,8377,Räuber
8377,Räuber,Räuber,NOUN,sb,8378,wollten
8378,wollten,wollen,AUX,ROOT,8378,wollten
8379,über,über,ADP,mo,8382,herfallen
8380,den,der,DET,nk,8381,Andres
8381,Andres,Andr,NOUN,nk,8379,über
8382,herfallen,herfallen,VERB,oc,8378,wollten
8383,",",--,PUNCT,punct,8382,herfallen
8384,um,um,SCONJ,punct,8378,wollten
8385,ihn,ihn,PRON,nk,8384,um
8386,für,für,ADP,mnr,8385,ihn
8387,seine,sein,DET,nk,8386,für
8388,Reden,Rede,NOUN,oa,8390,züchtigen
8389,zu,zu,PART,pm,8390,züchtigen
8390,züchtigen,züchtigen,VERB,ROOT,8390,züchtigen
8391,;,--,PUNCT,punct,8390,züchtigen
8392,Denner,Denner,PROPN,sb,8393,verbot
8393,verbot,verbieten,VERB,ROOT,8393,verbot
8394,es,es,PRON,oa,8393,verbot
8395,ihnen,ihnen,PRON,da,8393,verbot
8396,jedoch,jedoch,ADV,mo,8393,verbot
8397,",",--,PUNCT,punct,8393,verbot
8398,indem,indem,SCONJ,cp,8400,sagte
8399,er,er,PRON,sb,8400,sagte
8400,sagte,sagen,VERB,mo,8393,verbot
8401,:,--,PUNCT,punct,8400,sagte
8402,»,--,PUNCT,punct,8403,Laßt
8403,Laßt,lassen,VERB,oc,8400,sagte
8404,doch,doch,ADV,mo,8403,Laßt
8405,den,der,DET,nk,8407,Kerl
8406,albernen,albern,ADJ,nk,8407,Kerl
8407,Kerl,Kerl,NOUN,oa,8408,schwatzen
8408,schwatzen,schwatzen,VERB,ROOT,8408,schwatzen
8409,",",--,PUNCT,punct,8410,was
8410,was,was,PRON,oa,8411,tut
8411,tut,tun,VERB,cj,8408,schwatzen
8412,das,der,PRON,sb,8411,tut
8413,uns,uns,PRON,oa,8411,tut
8414,?,--,PUNCT,punct,8408,schwatzen
8415,-,--,PUNCT,punct,8416,Andres
8416,Andres,Andr,NOUN,sb,8419,fuhr
8417,«,--,PUNCT,punct,8416,Andres
8418,",",--,PUNCT,punct,8419,fuhr
8419,fuhr,fahren,VERB,ROOT,8419,fuhr
8420,Denner,Denner,PROPN,sb,8419,fuhr
8421,fort,fort,ADV,svp,8419,fuhr
8422,",",--,PUNCT,punct,8419,fuhr
8423,»,--,PUNCT,punct,8419,fuhr
8424,du,du,PRON,dep,8419,fuhr
8425,bist,sein,AUX,ROOT,8425,bist
8426,in,in,ADP,mo,8425,bist
8427,meiner,mein,DET,nk,8428,Gewalt
8428,Gewalt,Gewalt,NOUN,nk,8426,in
8429,",",--,PUNCT,punct,8425,bist
8430,so,so,ADV,mo,8425,bist
8431,wie,wie,ADP,cm,8433,Weib
8432,dein,dein,DET,nk,8433,Weib
8433,Weib,Weib,NOUN,cc,8430,so
8434,und,und,CCONJ,cd,8433,Weib
8435,dein,dein,DET,nk,8436,Knabe
8436,Knabe,Knabe,NOUN,cj,8434,und
8437,.,--,PUNCT,punct,8425,bist
8438,Du,du,PRON,ROOT,8438,Du
8439,sowohl,sowohl,CCONJ,mnr,8438,Du
8440,",",--,PUNCT,punct,8438,Du
8441,als,als,SCONJ,mnr,8438,Du
8442,diese,dieser,PRON,nk,8441,als
8443,",",--,PUNCT,punct,8442,diese
8444,sollen,sollen,AUX,re,8454,dich
8445,aber,aber,ADV,mo,8444,sollen
8446,ungefährdet,ungefährdet,ADV,pd,8447,bleiben
8447,bleiben,bleiben,VERB,oc,8444,sollen
8448,",",--,PUNCT,punct,8447,bleiben
8449,wenn,wenn,SCONJ,cp,8452,versprichst
8450,du,du,PRON,sb,8452,versprichst
8451,mir,mir,PRON,da,8452,versprichst
8452,versprichst,versprichsen,VERB,mo,8447,bleiben
8453,",",--,PUNCT,punct,8452,versprichst
8454,dich,dich,PRON,ROOT,8454,dich
8455,ruhig,ruhig,ADV,mo,8456,in
8456,in,in,ADP,mo,8454,dich
8457,deiner,dein,DET,ROOT,8457,deiner
8458,Wohnung,Wohnung,NOUN,oa,8460,halten
8459,zu,zu,PART,pm,8460,halten
8460,halten,halten,VERB,ROOT,8460,halten
8461,und,und,CCONJ,cd,8460,halten
8462,über,über,ADP,cj,8461,und
8463,deine,dein,ADJ,nk,8464,Mitwissenschaft
8464,Mitwissenschaft,Mitwissenschaft,NOUN,nk,8462,über
8465,von,von,ADP,pg,8462,über
8466,dem,der,DET,nk,8467,Vorfall
8467,Vorfall,Vorfall,NOUN,nk,8465,von
8468,dieser,dieser,DET,nk,8469,Nacht
8469,Nacht,Nacht,NOUN,ag,8467,Vorfall
8470,gänzlich,gänzlich,ADV,mo,8472,schweigen
8471,zu,zu,PART,pm,8472,schweigen
8472,schweigen,schweigen,VERB,ROOT,8472,schweigen
8473,.,--,PUNCT,punct,8472,schweigen
8474,Das,der,DET,nk,8476,rate
8475,letzte,letzter,ADJ,nk,8476,rate
8476,rate,raten,VERB,ROOT,8476,rate
8477,ich,ich,PRON,sb,8476,rate
8478,dir,dir,PRON,oa,8476,rate
8479,um,um,SCONJ,avc,8480,so
8480,so,so,ADV,mo,8481,mehr
8481,mehr,mehr,ADV,mo,8476,rate
8482,",",--,PUNCT,punct,8481,mehr
8483,als,als,SCONJ,cm,8485,Rache
8484,meine,mein,DET,nk,8485,Rache
8485,Rache,Rache,NOUN,cc,8480,so
8486,dich,dich,PRON,oa,8476,rate
8487,furchtbar,furchtbar,ADV,mo,8488,treffen
8488,treffen,treffen,VERB,ROOT,8488,treffen
8489,und,und,CCONJ,cd,8488,treffen
8490,überdem,überd,ADV,mo,8497,Hülfe
8491,die,der,DET,nk,8492,Obrigkeit
8492,Obrigkeit,Obrigkeit,NOUN,oa,8497,Hülfe
8493,dir,dir,PRON,nk,8492,Obrigkeit
8494,selbst,selbst,ADV,mnr,8493,dir
8495,wohl,wohl,ADV,mo,8497,Hülfe
8496,deine,dein,DET,nk,8497,Hülfe
8497,Hülfe,Hülfe,NOUN,cj,8489,und
8498,bei,bei,ADP,mnr,8497,Hülfe
8499,der,der,DET,nk,8498,bei
8500,Tat,Tat,NOUN,ROOT,8500,Tat
8501,",",--,PUNCT,punct,8500,Tat
8502,sowie,sowie,CCONJ,cd,8500,Tat
8503,",",--,PUNCT,punct,8511,genossest
8504,daß,daß,SCONJ,cp,8511,genossest
8505,du,du,PRON,sb,8511,genossest
8506,schon,schon,ADV,mo,8507,lange
8507,lange,lange,ADV,mo,8511,genossest
8508,von,von,ADP,mo,8511,genossest
8509,meinem,mein,DET,nk,8510,Reichtum
8510,Reichtum,Reichtum,NOUN,nk,8508,von
8511,genossest,nossesen,ADV,mo,8515,hingehen
8512,",",--,PUNCT,punct,8514,so
8513,nicht,nicht,PART,ng,8514,so
8514,so,so,ADV,mo,8515,hingehen
8515,hingehen,hingehen,VERB,oc,8500,Tat
8516,lassen,lassen,VERB,oc,8517,würde
8517,würde,werden,AUX,ROOT,8517,würde
8518,.,--,PUNCT,punct,8517,würde
8519,Dagegen,dagegen,ADV,mo,8520,verspreche
8520,verspreche,versprechen,VERB,ROOT,8520,verspreche
8521,ich,ich,PRON,sb,8520,verspreche
8522,dir,dir,PRON,oa,8520,verspreche
8523,noch,noch,ADV,mo,8520,verspreche
8524,einmal,einmal,ADV,mo,8523,noch
8525,",",--,PUNCT,punct,8520,verspreche
8526,daß,daß,SCONJ,cp,8529,Gegend
8527,ich,ich,PRON,sb,8526,daß
8528,die,der,DET,nk,8529,Gegend
8529,Gegend,Gegend,NOUN,oa,8520,verspreche
8530,gänzlich,gänzlich,ADV,mo,8531,räumen
8531,räumen,räumen,VERB,oc,8532,will
8532,will,wollen,AUX,ROOT,8532,will
8533,und,und,CCONJ,cd,8532,will
8534,wenigstens,wenigstens,ADV,mo,8535,von
8535,von,von,ADP,mo,8541,kein
8536,mir,mir,PROPN,nk,8535,von
8537,und,und,CCONJ,cd,8536,mir
8538,meiner,mein,DET,nk,8539,Bande
8539,Bande,Bande,NOUN,cj,8537,und
8540,hier,hier,ADV,mo,8541,kein
8541,kein,kein,DET,cj,8533,und
8542,Unternehmen,Unternehmen,NOUN,sb,8546,soll
8543,mehr,mehr,ADV,mo,8544,ausgeführt
8544,ausgeführt,ausführen,VERB,oc,8545,werden
8545,werden,werden,AUX,oc,8546,soll
8546,soll,sollen,AUX,ROOT,8546,soll
8547,.,--,PUNCT,punct,8546,soll
8548,«,--,PUNCT,punct,8546,soll
8549,Nachdem,nachdem,SCONJ,mo,8551,notgedrungen
8550,Andres,Andres,NOUN,sb,8551,notgedrungen
8551,notgedrungen,notgedrungen,VERB,ROOT,8551,notgedrungen
8552,diese,dieser,PRON,oa,8551,notgedrungen
8553,Bedingungen,Bedingung,NOUN,sb,8557,war
8554,des,der,DET,nk,8555,Räuberhauptmanns
8555,Räuberhauptmanns,Räuberhauptmann,NOUN,ag,8553,Bedingungen
8556,eingegangen,eingehen,VERB,oc,8557,war
8557,war,sein,AUX,ROOT,8557,war
8558,und,und,CCONJ,cd,8557,war
8559,feierlich,feierlich,ADV,mo,8560,versprochen
8560,versprochen,versprechen,VERB,cj,8558,und
8561,hatte,haben,AUX,mo,8565,wurde
8562,zu,zu,PART,pm,8563,schweigen
8563,schweigen,schweigen,VERB,oc,8561,hatte
8564,",",--,PUNCT,punct,8565,wurde
8565,wurde,werden,AUX,ROOT,8565,wurde
8566,er,er,PRON,sb,8565,wurde
8567,von,von,ADP,sbp,8563,schweigen
8568,zwei,zwei,NUM,nk,8569,Räubern
8569,Räubern,Räuber,NOUN,nk,8567,von
8570,durch,durch,ADP,mo,8565,wurde
8571,wildverwachsne,wildverwachsn,ADJ,nk,8572,Fußsteige
8572,Fußsteige,Fußsteige,NOUN,nk,8570,durch
8573,auf,auf,ADP,mo,8577,geführt
8574,den,der,DET,nk,8576,Waldweg
8575,breiten,breit,ADJ,nk,8576,Waldweg
8576,Waldweg,Waldweg,NOUN,nk,8573,auf
8577,geführt,führen,VERB,ROOT,8577,geführt
8578,und,und,CCONJ,cd,8577,geführt
8579,es,es,PRON,sb,8580,war
8580,war,sein,AUX,cj,8578,und
8581,längst,längst,ADV,mo,8582,heller
8582,heller,hell,ADJ,nk,8583,Morgen
8583,Morgen,Morgen,NOUN,nk,8580,war
8584,worden,werden,AUX,oc,8580,war
8585,",",--,PUNCT,punct,8584,worden
8586,als,als,SCONJ,cm,8587,er
8587,er,er,PRON,cc,8583,Morgen
8588,in,in,ADP,mo,8591,trat
8589,sein,sein,DET,nk,8590,Haus
8590,Haus,Haus,NOUN,nk,8588,in
8591,trat,treten,VERB,ROOT,8591,trat
8592,und,und,CCONJ,cd,8591,trat
8593,die,der,PRON,sb,8600,umarmte
8594,vor,vor,ADP,mo,8598,totenbleiche
8595,Sorge,Sorge,NOUN,nk,8594,vor
8596,und,und,CCONJ,cd,8595,Sorge
8597,Angst,Angst,NOUN,cj,8596,und
8598,totenbleiche,totenbleich,ADJ,nk,8599,Giorgina
8599,Giorgina,Giorgina,PROPN,oa,8600,umarmte
8600,umarmte,umarmen,VERB,cj,8592,und
8601,.,--,PUNCT,punct,8591,trat
8602,Er,er,PRON,ROOT,8602,Er
8603,sagte,sagen,VERB,ROOT,8603,sagte
8604,ihr,ihr,PRON,da,8603,sagte
8605,nur,nur,ADV,mo,8606,im
8606,im,in,ADP,mo,8603,sagte
8607,allgemeinen,allgemein,ADJ,nk,8606,im
8608,",",--,PUNCT,punct,8603,sagte
8609,daß,daß,SCONJ,cp,8612,Denner
8610,sich,sich,PRON,oa,8612,Denner
8611,ihm,ihm,PRON,nk,8612,Denner
8612,Denner,Denner,NOUN,oc,8603,sagte
8613,als,als,ADP,mnr,8612,Denner
8614,der,der,DET,nk,8615,verruchteste
8615,verruchteste,Verruchteste,ADJ,nk,8613,als
8616,Bösewicht,Bösewicht,NOUN,oa,8617,offenbart
8617,offenbart,offenbaren,VERB,ROOT,8617,offenbart
8618,",",--,PUNCT,punct,8617,offenbart
8619,und,und,CCONJ,cd,8617,offenbart
8620,er,er,PRON,sb,8627,habe
8621,daher,daher,ADV,mo,8626,abgebrochen
8622,alle,aller,DET,nk,8623,Gemeinschaft
8623,Gemeinschaft,Gemeinschaft,NOUN,oa,8626,abgebrochen
8624,mit,mit,ADP,mo,8626,abgebrochen
8625,ihm,ihm,PRON,nk,8624,mit
8626,abgebrochen,abbrechen,VERB,oc,8627,habe
8627,habe,haben,AUX,cj,8619,und
8628,;,--,PUNCT,punct,8617,offenbart
8629,nie,nie,ADV,mo,8630,solle
8630,solle,sollen,AUX,ROOT,8630,solle
8631,er,er,PRON,sb,8630,solle
8632,mehr,mehr,ADV,mo,8635,betreten
8633,seine,sein,DET,nk,8634,Schwelle
8634,Schwelle,Schwelle,NOUN,oa,8635,betreten
8635,betreten,betreten,VERB,oc,8630,solle
8636,.,--,PUNCT,punct,8630,solle
8637,»,--,PUNCT,punct,8640,Juwelenkästchen
8638,Aber,aber,CCONJ,ju,8640,Juwelenkästchen
8639,das,der,DET,nk,8640,Juwelenkästchen
8640,Juwelenkästchen,Juwelenkästchen,NOUN,ROOT,8640,Juwelenkästchen
8641,?,--,PUNCT,punct,8640,Juwelenkästchen
8642,«,--,PUNCT,punct,8640,Juwelenkästchen
8643,unterbrach,unterbrechen,VERB,ROOT,8643,unterbrach
8644,ihn,ihn,PRON,oa,8643,unterbrach
8645,Giorgina,Giorgina,PROPN,sb,8643,unterbrach
8646,.,--,PUNCT,punct,8643,unterbrach
8647,Da,da,ADV,mo,8648,fiel
8648,fiel,fallen,VERB,ROOT,8648,fiel
8649,es,es,PRON,sb,8648,fiel
8650,dem,der,DET,nk,8651,Andres
8651,Andres,Andr,NOUN,da,8648,fiel
8652,wie,wie,ADP,cm,8655,Last
8653,eine,ein,DET,nk,8655,Last
8654,schwere,schwer,ADJ,nk,8655,Last
8655,Last,Last,NOUN,mo,8648,fiel
8656,aufs,auf,ADP,mnr,8655,Last
8657,Herz,Herz,NOUN,nk,8656,aufs
8658,.,--,PUNCT,punct,8648,fiel
8659,An,an,ADP,mo,8672,gedacht
8660,die,der,DET,nk,8661,Kleinodien
8661,Kleinodien,Kleinodie,NOUN,nk,8659,An
8662,",",--,PUNCT,punct,8661,Kleinodien
8663,die,der,PRON,sb,8667,zurückgelassen
8664,Denner,Denner,NOUN,oa,8667,zurückgelassen
8665,bei,bei,ADP,mo,8667,zurückgelassen
8666,ihm,ihm,PRON,nk,8665,bei
8667,zurückgelassen,zurückgelassen,VERB,rc,8661,Kleinodien
8668,",",--,PUNCT,punct,8669,hatte
8669,hatte,haben,AUX,ROOT,8669,hatte
8670,er,er,PRON,sb,8669,hatte
8671,nicht,nicht,PART,ng,8672,gedacht
8672,gedacht,denken,VERB,oc,8669,hatte
8673,",",--,PUNCT,punct,8672,gedacht
8674,und,und,CCONJ,ju,8676,schien
8675,unerklärlich,unerklärlich,ADV,mo,8676,schien
8676,schien,scheinen,VERB,ROOT,8676,schien
8677,es,es,PRON,sb,8676,schien
8678,ihm,ihm,PRON,da,8676,schien
8679,",",--,PUNCT,punct,8676,schien
8680,daß,daß,SCONJ,cp,8685,Wort
8681,Dennern,Denner,NOUN,sb,8685,Wort
8682,auch,auch,ADV,mo,8683,nicht
8683,nicht,nicht,PART,ng,8685,Wort
8684,ein,ein,DET,nk,8685,Wort
8685,Wort,Wort,NOUN,re,8677,es
8686,darüber,darüber,ADV,mnr,8685,Wort
8687,entfallen,entfallen,VERB,oc,8688,war
8688,war,sein,AUX,ROOT,8688,war
8689,.,--,PUNCT,punct,8688,war
8690,Er,er,PRON,sb,8691,ging
8691,ging,gehen,VERB,ROOT,8691,ging
8692,mit,mit,ADP,mo,8691,ging
8693,sich,sich,PRON,nk,8692,mit
8694,zu,zu,ADP,mo,8691,ging
8695,Rate,Rate,NOUN,nk,8694,zu
8696,",",--,PUNCT,punct,8691,ging
8697,was,wer,PRON,oa,8691,ging
8698,er,er,PRON,dep,8691,ging
8699,wohl,wohl,ADV,mo,8700,mit
8700,mit,mit,ADP,mo,8691,ging
8701,diesem,dieser,DET,nk,8702,Kästchen
8702,Kästchen,Kästchen,NOUN,nk,8700,mit
8703,anfangen,anfangen,VERB,oc,8704,solle
8704,solle,sollen,AUX,ROOT,8704,solle
8705,.,--,PUNCT,punct,8704,solle
8706,Zwar,zwar,ADV,mo,8707,dachte
8707,dachte,denken,VERB,ROOT,8707,dachte
8708,er,er,PRON,sb,8707,dachte
8709,daran,daran,ADV,op,8707,dachte
8710,",",--,PUNCT,punct,8709,daran
8711,es,es,PRON,oa,8715,bringen
8712,nach,nach,ADP,mo,8715,bringen
8713,Fulda,Fulda,PROPN,nk,8712,nach
8714,zu,zu,PART,pm,8715,bringen
8715,bringen,bringen,VERB,re,8709,daran
8716,und,und,CCONJ,cd,8715,bringen
8717,der,der,DET,cj,8716,und
8718,Obrigkeit,Obrigkeit,NOUN,oa,8720,übergeben
8719,zu,zu,PART,pm,8720,übergeben
8720,übergeben,übergeben,VERB,ROOT,8720,übergeben
8721,;,--,PUNCT,punct,8720,übergeben
8722,wie,wie,ADV,mo,8723,sollte
8723,sollte,sollen,AUX,ROOT,8723,sollte
8724,er,er,PRON,sb,8723,sollte
8725,aber,aber,ADV,mo,8723,sollte
8726,den,der,DET,nk,8727,Besitz
8727,Besitz,Besitz,NOUN,oa,8729,beschönigen
8728,desselben,derselbe,PRON,ag,8727,Besitz
8729,beschönigen,beschönigen,VERB,oc,8723,sollte
8730,",",--,PUNCT,punct,8723,sollte
8731,ohne,ohne,SCONJ,cp,8736,auszusetzen
8732,sich,sich,PRON,oa,8736,auszusetzen
8733,wenigstens,wenigstens,ADV,mo,8734,dringender
8734,dringender,dringend,ADJ,nk,8735,Gefahr
8735,Gefahr,Gefahr,NOUN,ag,8732,sich
8736,auszusetzen,aussetzen,VERB,ROOT,8736,auszusetzen
8737,",",--,PUNCT,punct,8736,auszusetzen
8738,das,der,PRON,sb,8740,Denner
8739,dem,der,DET,nk,8740,Denner
8740,Denner,Denner,NOUN,app,8732,sich
8741,einmal,einmal,ADV,mnr,8740,Denner
8742,gegebene,gegeben,ADJ,nk,8743,Wort
8743,Wort,Wort,NOUN,oa,8745,brechen
8744,zu,zu,PART,pm,8745,brechen
8745,brechen,brechen,VERB,ROOT,8745,brechen
8746,?,--,PUNCT,punct,8745,brechen
8747,Er,er,PRON,sb,8748,beschloß
8748,beschloß,beschließen,VERB,ROOT,8748,beschloß
8749,endlich,endlich,ADV,mo,8748,beschloß
8750,",",--,PUNCT,punct,8748,beschloß
8751,diesen,dieser,DET,nk,8752,Schatz
8752,Schatz,Schatz,NOUN,oa,8753,getreulich
8753,getreulich,getreulich,ADV,mo,8748,beschloß
8754,zu,zu,ADP,svp,8748,beschloß
8755,bewahren,bewahren,VERB,ROOT,8755,bewahren
8756,",",--,PUNCT,punct,8755,bewahren
8757,bis,bis,SCONJ,cp,8763,würde
8758,der,der,DET,nk,8759,Zufall
8759,Zufall,Zufall,NOUN,sb,8763,würde
8760,ihm,ihm,PRON,da,8762,darbieten
8761,Gelegenheit,Gelegenheit,NOUN,oa,8762,darbieten
8762,darbieten,darbieten,VERB,oc,8763,würde
8763,würde,werden,AUX,oc,8755,bewahren
8764,",",--,PUNCT,punct,8763,würde
8765,es,es,PRON,nk,8766,Dennern
8766,Dennern,Denner,NOUN,oa,8755,bewahren
8767,wieder,wieder,ADV,svp,8755,bewahren
8768,zuzustellen,zustellen,VERB,ROOT,8768,zuzustellen
8769,",",--,PUNCT,punct,8768,zuzustellen
8770,oder,oder,CCONJ,cd,8768,zuzustellen
8771,besser,gut,ADV,cj,8770,oder
8772,noch,noch,ADV,mo,8771,besser
8773,",",--,PUNCT,punct,8768,zuzustellen
8774,es,es,PRON,dep,8768,zuzustellen
8775,",",--,PUNCT,punct,8774,es
8776,ohne,ohne,SCONJ,cp,8780,brechen
8777,sein,sein,DET,nk,8778,Wort
8778,Wort,Wort,NOUN,oa,8780,brechen
8779,zu,zu,PART,pm,8780,brechen
8780,brechen,brechen,VERB,re,8774,es
8781,",",--,PUNCT,punct,8774,es
8782,an,an,ADP,re,8774,es
8783,die,der,DET,nk,8784,Obrigkeit
8784,Obrigkeit,Obrigkeit,NOUN,nk,8782,an
8785,zu,zu,PART,pm,8786,bringen
8786,bringen,bringen,VERB,ROOT,8786,bringen
8787,.,--,PUNCT,punct,8786,bringen
8788,Der,der,DET,nk,8789,Überfall
8789,Überfall,Überfall,NOUN,sb,8792,hatte
8790,der,der,DET,nk,8791,Pachterwohnung
8791,Pachterwohnung,Pachterwohnung,NOUN,ag,8789,Überfall
8792,hatte,haben,AUX,ROOT,8792,hatte
8793,nicht,nicht,PART,ng,8794,geringen
8794,geringen,gering,VERB,nk,8795,Schreck
8795,Schreck,Schreck,PROPN,oa,8792,hatte
8796,in,in,ADP,mnr,8795,Schreck
8797,der,der,DET,nk,8798,ganzen
8798,ganzen,ganz,ADJ,nk,8796,in
8799,Gegend,gegend,ADV,mo,8800,verursacht
8800,verursacht,verursachen,VERB,ROOT,8800,verursacht
8801,;,--,PUNCT,punct,8800,verursacht
8802,denn,denn,CCONJ,ju,8804,war
8803,es,es,PRON,sb,8804,war
8804,war,sein,AUX,ROOT,8804,war
8805,das,der,DET,nk,8807,Wagestück
8806,kühnste,kühn,ADJ,nk,8807,Wagestück
8807,Wagestück,Wagestück,NOUN,pd,8804,war
8808,",",--,PUNCT,punct,8807,Wagestück
8809,das,der,PRON,app,8807,Wagestück
8810,die,der,DET,nk,8811,Räuber
8811,Räuber,Räuber,NOUN,pd,8804,war
8812,seit,seit,ADP,mo,8804,war
8813,Jahren,Jahr,NOUN,oa,8814,unternommen
8814,unternommen,unternehmen,VERB,ROOT,8814,unternommen
8815,und,und,CCONJ,cd,8814,unternommen
8816,ein,ein,DET,nk,8818,Beweis
8817,sichrer,sichr,ADJ,nk,8818,Beweis
8818,Beweis,Beweis,NOUN,cj,8815,und
8819,",",--,PUNCT,punct,8818,Beweis
8820,daß,daß,SCONJ,cp,8822,Bande
8821,die,der,DET,nk,8822,Bande
8822,Bande,Bande,NOUN,oc,8818,Beweis
8823,",",--,PUNCT,punct,8822,Bande
8824,welche,welcher,PRON,cj,8822,Bande
8825,sich,sich,PRON,dep,8822,Bande
8826,erst,erst,ADV,mo,8825,sich
8827,durch,durch,ADP,ROOT,8827,durch
8828,gemeine,gemein,ADJ,nk,8829,Diebereien
8829,Diebereien,Diebereium,NOUN,nk,8827,durch
8830,",",--,PUNCT,punct,8827,durch
8831,dann,dann,ADV,mo,8832,durch
8832,durch,durch,ADP,cj,8827,durch
8833,das,der,DET,nk,8834,Anhalten
8834,Anhalten,Anhalten,NOUN,nk,8832,durch
8835,und,und,CCONJ,cd,8834,Anhalten
8836,Berauben,Beraube,NOUN,cj,8835,und
8837,einzelner,einzeln,PRON,nk,8827,durch
8838,Reisenden,reisend,NOUN,oa,8840,tat
8839,kund,kund,ADV,mo,8840,tat
8840,tat,tun,VERB,ROOT,8840,tat
8841,",",--,PUNCT,punct,8840,tat
8842,[,[,PROPN,cj,8840,tat
8843,sich,sich,PRON,oa,8847,haben
8844,],],ADV,mo,8846,verstärkt
8845,bedeutend,bedeutend,ADV,mo,8846,verstärkt
8846,verstärkt,verstärken,VERB,oc,8847,haben
8847,haben,haben,AUX,oc,8848,mußte
8848,mußte,müssen,AUX,cj,8840,tat
8849,.,--,PUNCT,punct,8840,tat
8850,Nur,nur,ADV,mo,8852,Zufall
8851,dem,der,DET,nk,8852,Zufall
8852,Zufall,Zufall,NOUN,ROOT,8852,Zufall
8853,",",--,PUNCT,punct,8852,Zufall
8854,daß,daß,SCONJ,app,8852,Zufall
8855,der,der,DET,nk,8856,Neffe
8856,Neffe,Neff,NOUN,ROOT,8856,Neffe
8857,des,der,DET,nk,8858,Grafen
8858,Grafen,Graf,NOUN,ag,8856,Neffe
8859,von,von,ADP,pg,8858,Grafen
8860,Vach,Vach,PROPN,nk,8859,von
8861,",",--,PUNCT,punct,8856,Neffe
8862,von,von,ADP,sbp,8867,begleitet
8863,mehreren,mehrere,DET,nk,8864,Leuten
8864,Leuten,Leute,NOUN,nk,8862,von
8865,seines,sein,DET,nk,8866,Oheims
8866,Oheims,Oheim,NOUN,ag,8864,Leuten
8867,begleitet,begleiten,VERB,par,8856,Neffe
8868,",",--,PUNCT,punct,8856,Neffe
8869,eben,eben,ADV,mo,8870,in
8870,in,in,ADP,mo,8880,übernachtete
8871,dem,der,DET,nk,8872,Dorfe
8872,Dorfe,Dorfe,NOUN,nk,8870,in
8873,",",--,PUNCT,punct,8872,Dorfe
8874,das,der,PRON,sb,8878,lag
8875,unfern,Unfern,NOUN,mo,8878,lag
8876,der,der,DET,nk,8877,Pachterwohnung
8877,Pachterwohnung,Pachterwohnung,NOUN,da,8878,lag
8878,lag,liegen,VERB,rc,8872,Dorfe
8879,",",--,PUNCT,punct,8880,übernachtete
8880,übernachtete,übernachten,VERB,ROOT,8880,übernachtete
8881,und,und,CCONJ,cd,8880,übernachtete
8882,auf,auf,ADP,cj,8881,und
8883,den,der,DET,nk,8882,auf
8884,ersten,erster,ADJ,nk,8885,Lärm
8885,Lärm,Lärm,NOUN,oa,8899,hatte
8886,den,der,DET,nk,8887,Bauern
8887,Bauern,Bauer,NOUN,ag,8885,Lärm
8888,",",--,PUNCT,punct,8887,Bauern
8889,die,der,PRON,sb,8893,auszogen
8890,gegen,gegen,ADP,mo,8893,auszogen
8891,die,der,DET,nk,8892,Räuber
8892,Räuber,Räuber,NOUN,nk,8890,gegen
8893,auszogen,auszogen,VERB,rc,8887,Bauern
8894,",",--,PUNCT,punct,8887,Bauern
8895,zu,zu,ADP,mo,8897,eilte
8896,Hülfe,Hülfe,NOUN,nk,8895,zu
8897,eilte,eilen,VERB,oc,8887,Bauern
8898,",",--,PUNCT,punct,8899,hatte
8899,hatte,haben,AUX,ROOT,8899,hatte
8900,der,der,DET,nk,8901,Pachter
8901,Pachter,Pachter,NOUN,ROOT,8901,Pachter
8902,die,der,DET,nk,8903,Rettung
8903,Rettung,Rettung,NOUN,ROOT,8903,Rettung
8904,seines,sein,DET,nk,8905,Lebens
8905,Lebens,Leben,NOUN,ag,8903,Rettung
8906,und,und,CCONJ,cd,8905,Lebens
8907,des,der,DET,nk,8909,Teils
8908,größten,groß,ADJ,nk,8909,Teils
8909,Teils,Teil,NOUN,cj,8906,und
8910,seiner,sein,DET,nk,8911,Barschaft
8911,Barschaft,Barschaft,NOUN,ag,8909,Teils
8912,zu,zu,ADP,mnr,8903,Rettung
8913,verdanken,verdanken,VERB,ROOT,8913,verdanken
8914,.,--,PUNCT,punct,8913,verdanken
8915,Drei,drei,NUM,sb,8927,lebten
8916,von,von,ADP,pg,8915,Drei
8917,den,der,DET,nk,8918,Räubern
8918,Räubern,Räuber,NOUN,nk,8916,von
8919,",",--,PUNCT,punct,8918,Räubern
8920,die,der,PRON,sb,8925,waren
8921,auf,auf,ADP,mo,8924,geblieben
8922,dem,der,DET,nk,8923,Platz
8923,Platz,Platz,NOUN,nk,8921,auf
8924,geblieben,bleiben,VERB,oc,8925,waren
8925,waren,sein,AUX,rc,8918,Räubern
8926,",",--,PUNCT,punct,8927,lebten
8927,lebten,leben,VERB,ROOT,8927,lebten
8928,noch,noch,ADV,mo,8927,lebten
8929,den,der,DET,nk,8931,Tag
8930,andern,anderer,ADJ,nk,8931,Tag
8931,Tag,Tag,NOUN,ROOT,8931,Tag
8932,und,und,CCONJ,cd,8931,Tag
8933,gaben,geben,VERB,cj,8932,und
8934,Hoffnung,Hoffnung,NOUN,oa,8933,gaben
8935,",",--,PUNCT,punct,8934,Hoffnung
8936,von,von,ADP,op,8940,genesen
8937,ihren,ihr,DET,nk,8938,Wunden
8938,Wunden,Wunde,NOUN,nk,8936,von
8939,zu,zu,PART,pm,8940,genesen
8940,genesen,genesen,VERB,oc,8934,Hoffnung
8941,.,--,PUNCT,punct,8931,Tag
8942,Man,man,PRON,sb,8943,hatte
8943,hatte,haben,AUX,ROOT,8943,hatte
8944,sie,sie,PRON,oa,8943,hatte
8945,sorgfältig,sorgfältig,ADV,mo,8946,verbunden
8946,verbunden,verbinden,VERB,ROOT,8946,verbunden
8947,und,und,CCONJ,cd,8946,verbunden
8948,in,in,ADP,mo,8951,gesperrt
8949,das,der,DET,nk,8950,Dorfgefängnis
8950,Dorfgefängnis,Dorfgefängnis,NOUN,nk,8948,in
8951,gesperrt,sperren,VERB,cj,8947,und
8952,;,--,PUNCT,punct,8946,verbunden
8953,als,als,SCONJ,cp,8956,am
8954,man,man,PRON,sb,8953,als
8955,indessen,indessen,ADV,mo,8956,am
8956,am,an,ADP,ROOT,8956,am
8957,frühen,früh,ADJ,nk,8958,Morgen
8958,Morgen,Morgen,NOUN,sb,8964,wollte
8959,des,der,DET,nk,8961,Tages
8960,dritten,dritter,ADJ,nk,8961,Tages
8961,Tages,Tag,NOUN,ag,8958,Morgen
8962,sie,sie,PRON,oa,8963,abführen
8963,abführen,abführen,VERB,oc,8964,wollte
8964,wollte,wollen,AUX,mo,8966,fand
8965,",",--,PUNCT,punct,8966,fand
8966,fand,finden,VERB,ROOT,8966,fand
8967,man,man,PRON,sb,8966,fand
8968,sie,sie,PRON,oa,8966,fand
8969,durch,durch,ADP,mo,8966,fand
8970,viele,vieler,PRON,nk,8969,durch
8971,Stiche,Stiche,NOUN,sb,8972,ermordet
8972,ermordet,ermorden,VERB,ROOT,8972,ermordet
8973,",",--,PUNCT,punct,8972,ermordet
8974,ohne,ohne,ADP,ac,8977,hätte
8975,daß,daß,SCONJ,cp,8977,hätte
8976,man,man,PRON,sb,8977,hätte
8977,hätte,haben,AUX,mo,8972,ermordet
8978,erraten,erraten,VERB,oc,8979,können
8979,können,können,AUX,oc,8977,hätte
8980,",",--,PUNCT,punct,8979,können
8981,wie,wie,SCONJ,mo,8983,zugegangen
8982,das,der,PRON,oa,8983,zugegangen
8983,zugegangen,zugegangen,VERB,oc,8978,erraten
8984,.,--,PUNCT,punct,8972,ermordet
8985,Jede,jeder,PRON,ROOT,8985,Jede
8986,Hoffnung,Hoffnung,NOUN,ROOT,8986,Hoffnung
8987,der,der,DET,nk,8988,Gerichte
8988,Gerichte,Gericht,NOUN,ag,8986,Hoffnung
8989,",",--,PUNCT,punct,8986,Hoffnung
8990,von,von,ADP,sbp,8993,näheren
8991,den,der,DET,nk,8992,Gefangenen
8992,Gefangenen,gefangener,NOUN,nk,8990,von
8993,näheren,näh,ADJ,nk,8994,Aufschluß
8994,Aufschluß,Aufschluß,NOUN,oa,8986,Hoffnung
8995,über,über,ADP,mnr,8994,Aufschluß
8996,die,der,DET,nk,8997,Bande
8997,Bande,Bande,NOUN,nk,8995,über
8998,zu,zu,ADP,op,8986,Hoffnung
8999,erhalten,erhalten,VERB,sb,9001,war
9000,",",--,PUNCT,punct,9001,war
9001,war,sein,AUX,ROOT,9001,war
9002,daher,daher,ADV,mo,9003,vereitelt
9003,vereitelt,vereiteln,VERB,pd,9001,war
9004,.,--,PUNCT,punct,9001,war
9005,Andres,Andres,NOUN,sb,9006,schauderte
9006,schauderte,schauderen,VERB,ROOT,9006,schauderte
9007,im,in,ADP,mo,9006,schauderte
9008,Innern,innere,NOUN,nk,9007,im
9009,",",--,PUNCT,punct,9006,schauderte
9010,als,als,SCONJ,cm,9011,er
9011,er,er,PRON,mo,9006,schauderte
9012,das,der,PRON,nk,9013,alles
9013,alles,alle,PRON,oa,9006,schauderte
9014,erzählen,erzählen,VERB,oc,9015,hörte
9015,hörte,hören,VERB,ROOT,9015,hörte
9016,",",--,PUNCT,punct,9015,hörte
9017,als,als,SCONJ,cp,9019,vernahm
9018,er,er,PRON,sb,9019,vernahm
9019,vernahm,vernehmen,VERB,mo,9015,hörte
9020,",",--,PUNCT,punct,9019,vernahm
9021,wie,wie,ADP,cm,9023,Bauern
9022,mehrere,mehrere,DET,nk,9023,Bauern
9023,Bauern,Bauer,NOUN,dep,9015,hörte
9024,und,und,CCONJ,cd,9023,Bauern
9025,Jäger,Jäger,NOUN,cj,9024,und
9026,des,der,DET,nk,9027,Grafen
9027,Grafen,Graf,NOUN,ag,9023,Bauern
9028,von,von,ADP,pg,9027,Grafen
9029,Vach,vach,ADP,mo,9032,getötet
9030,zum,zu,ADP,mo,9032,getötet
9031,Teil,Teil,NOUN,nk,9030,zum
9032,getötet,töten,VERB,oc,9038,worden
9033,",",--,PUNCT,punct,9032,getötet
9034,zum,zu,ADP,mo,9037,verwundet
9035,Teil,Teil,NOUN,nk,9034,zum
9036,schwer,schwer,ADV,mo,9037,verwundet
9037,verwundet,verwunden,VERB,oc,9038,worden
9038,worden,werden,AUX,ROOT,9038,worden
9039,.,--,PUNCT,punct,9038,worden
9040,-,--,PUNCT,punct,9042,Patrouillen
9041,Starke,stark,ADJ,nk,9042,Patrouillen
9042,Patrouillen,Patrouill,NOUN,ROOT,9042,Patrouillen
9043,von,von,ADP,pg,9048,Wald
9044,Fuldaischen,Fuldaische,NOUN,nk,9045,Reitern
9045,Reitern,Reiter,NOUN,nk,9043,von
9046,durchstreiften,durchstreiften,VERB,ROOT,9046,durchstreiften
9047,den,der,DET,nk,9048,Wald
9048,Wald,Wald,NOUN,sb,9046,durchstreiften
9049,",",--,PUNCT,punct,9046,durchstreiften
9050,und,und,CCONJ,cd,9046,durchstreiften
9051,sprachen,sprechen,VERB,cj,9050,und
9052,öfters,öfter,NOUN,oa,9051,sprachen
9053,bei,bei,ADP,mo,9051,sprachen
9054,ihm,ihm,PRON,nk,9053,bei
9055,ein,ein,ADV,punct,9059,mußte
9056,;,--,PUNCT,punct,9055,ein
9057,jeden,jeder,DET,nk,9058,Augenblick
9058,Augenblick,Augenblick,NOUN,oa,9059,mußte
9059,mußte,müssen,AUX,ROOT,9059,mußte
9060,Andres,Andr,NOUN,sb,9059,mußte
9061,befürchten,befürchten,VERB,oc,9059,mußte
9062,",",--,PUNCT,punct,9061,befürchten
9063,daß,daß,SCONJ,cp,9065,Dennern
9064,man,man,PRON,sb,9065,Dennern
9065,Dennern,Denner,NOUN,oc,9058,Augenblick
9066,selbst,selbst,ADV,mnr,9065,Dennern
9067,",",--,PUNCT,punct,9065,Dennern
9068,oder,oder,CCONJ,cd,9065,Dennern
9069,wenigstens,wenigstens,ADV,mo,9070,einen
9070,einen,einer,DET,oa,9074,einbringen
9071,von,von,ADP,mo,9074,einbringen
9072,der,der,DET,nk,9073,Bande
9073,Bande,Bande,NOUN,nk,9071,von
9074,einbringen,einbringen,VERB,ROOT,9074,einbringen
9075,",",--,PUNCT,punct,9074,einbringen
9076,und,und,CCONJ,cd,9074,einbringen
9077,dieser,dieser,PRON,sb,9080,als
9078,ihn,ihn,PRON,oa,9080,als
9079,dann,dann,ADV,mo,9080,als
9080,als,als,ADP,cj,9076,und
9081,Genosse,Genosse,NOUN,nk,9080,als
9082,jener,jener,DET,nk,9084,Freveltat
9083,kühnen,kühn,ADJ,nk,9084,Freveltat
9084,Freveltat,Freveltat,NOUN,oa,9085,erkennen
9085,erkennen,erkennen,VERB,oc,9088,werde
9086,und,und,CCONJ,cd,9085,erkennen
9087,angeben,angeben,VERB,cj,9086,und
9088,werde,werden,AUX,ROOT,9088,werde
9089,.,--,PUNCT,punct,9088,werde
9090,Zum,zu,ADP,mo,9092,in
9091,erstenmal,erstenmal,ADV,nk,9090,Zum
9092,in,in,ADP,ROOT,9092,in
9093,seinem,sein,DET,nk,9092,in
9094,Leben,Leben,NOUN,oa,9095,fühlte
9095,fühlte,fühlen,VERB,ROOT,9095,fühlte
9096,er,er,PRON,sb,9095,fühlte
9097,die,der,DET,nk,9099,Qual
9098,folternde,folternd,ADJ,nk,9099,Qual
9099,Qual,Qual,NOUN,oa,9095,fühlte
9100,des,der,DET,nk,9102,Gewissens
9101,bösen,bös,ADJ,nk,9102,Gewissens
9102,Gewissens,Gewissen,NOUN,ag,9099,Qual
9103,",",--,PUNCT,punct,9095,fühlte
9104,und,und,CCONJ,cd,9095,fühlte
9105,doch,doch,ADV,mo,9106,hatte
9106,hatte,haben,AUX,cj,9104,und
9107,ihn,ihn,PRON,oa,9106,hatte
9108,nur,nur,ADV,mo,9106,hatte
9109,die,der,DET,nk,9110,Liebe
9110,Liebe,Liebe,NOUN,ROOT,9110,Liebe
9111,zu,zu,ADP,mnr,9110,Liebe
9112,seinem,sein,DET,nk,9113,Weibe
9113,Weibe,Weibe,NOUN,nk,9111,zu
9114,",",--,PUNCT,punct,9113,Weibe
9115,zu,zu,ADP,op,9119,gezwungen
9116,dem,der,PRON,nk,9117,Knaben
9117,Knaben,Knabe,NOUN,nk,9115,zu
9118,",",--,PUNCT,punct,9119,gezwungen
9119,gezwungen,zwingen,VERB,rc,9110,Liebe
9120,",",--,PUNCT,punct,9119,gezwungen
9121,dem,der,DET,nk,9123,Ansinnen
9122,frevelichen,frevelich,ADJ,nk,9123,Ansinnen
9123,Ansinnen,Ansinnen,NOUN,app,9110,Liebe
9124,Denners,Denner,ADV,mo,9125,nachzugeben
9125,nachzugeben,nachgeben,VERB,ROOT,9125,nachzugeben
9126,.,--,PUNCT,punct,9125,nachzugeben
9127,Alle,aller,DET,nk,9128,Nachforschungen
9128,Nachforschungen,Nachforschung,NOUN,sb,9129,blieben
9129,blieben,bleiben,VERB,ROOT,9129,blieben
9130,fruchtlos,fruchtlos,ADV,pd,9129,blieben
9131,",",--,PUNCT,punct,9129,blieben
9132,es,es,PRON,sb,9133,war
9133,war,sein,AUX,cj,9129,blieben
9134,unmöglich,unmöglich,ADV,mo,9133,war
9135,den,der,DET,nk,9136,Räubern
9136,Räubern,Räuber,NOUN,da,9133,war
9137,auf,auf,ADP,mo,9133,war
9138,die,der,DET,dep,9129,blieben
9139,Spur,Spur,NOUN,pd,9141,kommen
9140,zu,zu,PART,pm,9141,kommen
9141,kommen,kommen,VERB,ROOT,9141,kommen
9142,",",--,PUNCT,punct,9141,kommen
9143,und,und,CCONJ,cd,9141,kommen
9144,Andres,Andres,NOUN,sb,9145,überzeugte
9145,überzeugte,überzeugen,VERB,cj,9143,und
9146,sich,sich,PRON,oa,9145,überzeugte
9147,bald,bald,ADV,mo,9145,überzeugte
9148,",",--,PUNCT,punct,9145,überzeugte
9149,daß,daß,SCONJ,cp,9152,gehalten
9150,Denner,Denner,ADJ,nk,9151,Wort
9151,Wort,Wort,NOUN,sb,9152,gehalten
9152,gehalten,halten,VERB,oc,9145,überzeugte
9153,und,und,CCONJ,cd,9152,gehalten
9154,die,der,DET,nk,9155,Gegend
9155,Gegend,Gegend,NOUN,sb,9160,hatte
9156,mit,mit,ADP,mo,9159,verlassen
9157,seiner,sein,DET,nk,9158,Bande
9158,Bande,Bande,NOUN,nk,9156,mit
9159,verlassen,verlassen,VERB,oc,9160,hatte
9160,hatte,haben,AUX,ROOT,9160,hatte
9161,.,--,PUNCT,punct,9160,hatte
9162,Das,der,DET,nk,9163,Geld
9163,Geld,Geld,NOUN,ROOT,9163,Geld
9164,",",--,PUNCT,punct,9163,Geld
9165,welches,welcher,PRON,oa,9166,er
9166,er,er,PRON,oc,9163,Geld
9167,noch,noch,ADV,mo,9168,von
9168,von,von,ADP,oc,9166,er
9169,Denners,Denner,PROPN,ag,9170,Geschenken
9170,Geschenken,Geschenk,NOUN,sb,9172,behalten
9171,übrig,übrig,ADV,mo,9172,behalten
9172,behalten,behalten,VERB,oc,9179,legte
9173,",",--,PUNCT,punct,9172,behalten
9174,sowie,sowie,CCONJ,cd,9172,behalten
9175,die,der,DET,nk,9177,Nadel
9176,goldene,golden,ADJ,nk,9177,Nadel
9177,Nadel,Nadel,NOUN,cj,9174,sowie
9178,",",--,PUNCT,punct,9179,legte
9179,legte,legen,VERB,ROOT,9179,legte
9180,er,er,PRON,sb,9179,legte
9181,zu,zu,ADP,mo,9179,legte
9182,den,der,DET,nk,9181,zu
9183,Kleinodien,Kleinodie,NOUN,ROOT,9183,Kleinodien
9184,in,in,ADP,mnr,9183,Kleinodien
9185,das,der,DET,nk,9186,Kistchen
9186,Kistchen,Kistchen,NOUN,nk,9184,in
9187,;,--,PUNCT,punct,9183,Kleinodien
9188,denn,denn,CCONJ,ju,9190,wollte
9189,er,er,PRON,sb,9190,wollte
9190,wollte,wollen,AUX,ROOT,9190,wollte
9191,nicht,nicht,PART,ng,9190,wollte
9192,noch,noch,ADV,mo,9193,mehr
9193,mehr,mehr,DET,nk,9194,Sünde
9194,Sünde,Sünde,NOUN,oa,9197,laden
9195,auf,auf,ADP,mo,9197,laden
9196,sich,sich,PRON,nk,9195,auf
9197,laden,laden,VERB,oc,9190,wollte
9198,und,und,CCONJ,ju,9204,tun
9199,von,von,ADP,sbp,9204,tun
9200,geraubtem,geraubt,ADJ,nk,9201,Gelde
9201,Gelde,Gelde,NOUN,nk,9199,von
9202,sich,sich,PRON,oa,9204,tun
9203,gütlich,gütlich,ADV,mo,9204,tun
9204,tun,tun,VERB,ROOT,9204,tun
9205,.,--,PUNCT,punct,9204,tun
9206,So,so,ADV,mo,9207,kam
9207,kam,kommen,VERB,ROOT,9207,kam
9208,es,es,PRON,ep,9207,kam
9209,denn,denn,ADV,mo,9207,kam
9210,",",--,PUNCT,punct,9207,kam
9211,daß,daß,SCONJ,cp,9212,Andres
9212,Andres,Andres,NOUN,sb,9207,kam
9213,bald,bald,ADV,mo,9207,kam
9214,wieder,wieder,ADV,mo,9221,geriet
9215,in,in,ADP,mo,9221,geriet
9216,die,der,DET,nk,9218,Dürftigkeit
9217,vorige,vorig,ADJ,nk,9218,Dürftigkeit
9218,Dürftigkeit,Dürftigkeit,NOUN,nk,9215,in
9219,und,und,CCONJ,cd,9218,Dürftigkeit
9220,Armut,Armut,NOUN,cj,9219,und
9221,geriet,geraten,VERB,ROOT,9221,geriet
9222,;,--,PUNCT,punct,9221,geriet
9223,aber,aber,CCONJ,ju,9226,erheiterte
9224,immer,immer,ADV,mo,9225,mehr
9225,mehr,mehr,ADV,mo,9226,erheiterte
9226,erheiterte,erheitern,VERB,ROOT,9226,erheiterte
9227,sich,sich,PRON,da,9234,verstrich
9228,sein,sein,DET,nk,9229,Inneres
9229,Inneres,Innere,NOUN,sb,9234,verstrich
9230,",",--,PUNCT,punct,9234,verstrich
9231,je,je,ADV,mo,9232,längere
9232,längere,lang,ADJ,nk,9233,Zeit
9233,Zeit,Zeit,NOUN,oa,9234,verstrich
9234,verstrich,verstrich,ADV,ROOT,9234,verstrich
9235,",",--,PUNCT,punct,9234,verstrich
9236,ohne,ohne,ADP,ac,9240,sein
9237,daß,daß,SCONJ,cp,9240,sein
9238,irgend,irgend,ADV,mo,9239,etwas
9239,etwas,etwas,PRON,pd,9240,sein
9240,sein,sein,AUX,mo,9234,verstrich
9241,ruhiges,ruhig,ADJ,nk,9242,Leben
9242,Leben,Leben,NOUN,oa,9243,verstört
9243,verstört,verstört,VERB,oc,9244,hätte
9244,hätte,haben,AUX,ROOT,9244,hätte
9245,.,--,PUNCT,punct,9244,hätte
9246,Nach,nach,ADP,mo,9249,gebar
9247,zwei,zwei,NUM,nk,9248,Jahren
9248,Jahren,Jahr,NOUN,nk,9246,Nach
9249,gebar,gebar,ADV,ROOT,9249,gebar
9250,ihm,ihm,PRON,da,9249,gebar
9251,sein,sein,DET,nk,9252,Weib
9252,Weib,Weib,NOUN,sb,9249,gebar
9253,noch,noch,ADV,mo,9249,gebar
9254,einen,ein,DET,oa,9249,gebar
9255,Knaben,Knabe,NOUN,ROOT,9255,Knaben
9256,",",--,PUNCT,punct,9255,Knaben
9257,ohne,ohne,ADP,cp,9265,erkranken
9258,jedoch,jedoch,ADV,mo,9265,erkranken
9259,",",--,PUNCT,punct,9265,erkranken
9260,wie,wie,ADP,cm,9262,erstemal
9261,das,der,DET,nk,9262,erstemal
9262,erstemal,erstemal,NOUN,mo,9265,erkranken
9263,",",--,PUNCT,punct,9265,erkranken
9264,zu,zu,PART,pm,9265,erkranken
9265,erkranken,erkranken,VERB,mo,9255,Knaben
9266,",",--,PUNCT,punct,9265,erkranken
9267,wiewohl,wiewohl,SCONJ,ROOT,9267,wiewohl
9268,sie,sie,PRON,sb,9267,wiewohl
9269,sich,sich,PRON,oa,9270,herzlich
9270,herzlich,herzlich,ADV,mo,9267,wiewohl
9271,nach,nach,ADP,mo,9277,sehnte
9272,jener,jener,DET,nk,9274,Kost
9273,bessern,bessern,ADJ,nk,9274,Kost
9274,Kost,Kost,NOUN,nk,9271,nach
9275,und,und,CCONJ,cd,9274,Kost
9276,Pflege,Pflege,NOUN,cj,9275,und
9277,sehnte,sehnen,VERB,ROOT,9277,sehnte
9278,",",--,PUNCT,punct,9277,sehnte
9279,die,der,PRON,sb,9284,getan
9280,ihr,ihr,PRON,da,9284,getan
9281,damals,damals,ADV,mo,9284,getan
9282,so,so,ADV,mo,9283,wohl
9283,wohl,wohl,ADV,mo,9284,getan
9284,getan,tun,VERB,rc,9277,sehnte
9285,.,--,PUNCT,punct,9277,sehnte
9286,Andres,Andres,NOUN,ROOT,9286,Andres
9287,saß,sitzen,VERB,ROOT,9287,saß
9288,einst,einst,ADV,mo,9287,saß
9289,in,in,ADP,mo,9287,saß
9290,der,der,DET,nk,9291,Abenddämmerung
9291,Abenddämmerung,Abenddämmerung,NOUN,nk,9289,in
9292,traulich,traulich,ADV,mo,9287,saß
9293,mit,mit,ADP,mo,9287,saß
9294,seinem,sein,DET,nk,9295,Weibe
9295,Weibe,Weibe,NOUN,nk,9293,mit
9296,zusammen,zusammen,ADV,svp,9287,saß
9297,",",--,PUNCT,punct,9287,saß
9298,die,der,PRON,nk,9299,den
9299,den,der,DET,dep,9287,saß
9300,jüngstgebornen,jüngstgeborn,NOUN,nk,9301,Knaben
9301,Knaben,Knabe,NOUN,sb,9305,hatte
9302,an,an,ADP,mnr,9301,Knaben
9303,der,der,DET,nk,9304,Brust
9304,Brust,Brust,NOUN,nk,9302,an
9305,hatte,haben,VERB,ROOT,9305,hatte
9306,",",--,PUNCT,punct,9305,hatte
9307,während,während,SCONJ,cp,9311,mit
9308,der,der,DET,nk,9309,ältere
9309,ältere,alt,ADJ,nk,9307,während
9310,sich,sich,PRON,oa,9311,mit
9311,mit,mit,ADP,mo,9305,hatte
9312,dem,der,DET,nk,9311,mit
9313,großen,groß,ADJ,nk,9314,Hunde
9314,Hunde,Hund,NOUN,da,9315,herumbalgte
9315,herumbalgte,herumbalgen,VERB,ROOT,9315,herumbalgte
9316,",",--,PUNCT,punct,9315,herumbalgte
9317,der,der,PRON,sb,9315,herumbalgte
9318,",",--,PUNCT,punct,9317,der
9319,als,als,ADP,mo,9317,der
9320,Liebling,Liebling,NOUN,nk,9319,als
9321,seines,sein,DET,nk,9322,Herrn
9322,Herrn,Herr,NOUN,ag,9320,Liebling
9323,",",--,PUNCT,punct,9317,der
9324,wohl,wohl,ADV,mo,9325,in
9325,in,in,ADP,mnr,9317,der
9326,der,der,DET,nk,9327,Stube
9327,Stube,Stube,NOUN,nk,9325,in
9328,sein,sein,AUX,oc,9329,durfte
9329,durfte,dürfen,AUX,ROOT,9329,durfte
9330,.,--,PUNCT,punct,9329,durfte
9331,Da,da,ADV,mo,9332,kam
9332,kam,kommen,VERB,ROOT,9332,kam
9333,der,der,DET,nk,9334,Knecht
9334,Knecht,Knecht,NOUN,sb,9332,kam
9335,hinein,hinein,ADV,svp,9332,kam
9336,und,und,CCONJ,cd,9332,kam
9337,sagte,sagen,VERB,cj,9336,und
9338,",",--,PUNCT,punct,9337,sagte
9339,wie,wie,SCONJ,cm,9341,Mensch
9340,ein,ein,DET,nk,9341,Mensch
9341,Mensch,Mensch,NOUN,oc,9337,sagte
9342,",",--,PUNCT,punct,9341,Mensch
9343,der,der,PRON,sb,9341,Mensch
9344,ihm,ihm,PRON,da,9345,ganz
9345,ganz,ganz,ADV,mo,9332,kam
9346,verdächtig,verdächtig,ADV,mo,9347,vorkomme
9347,vorkomme,vorkommen,VERB,ROOT,9347,vorkomme
9348,",",--,PUNCT,punct,9347,vorkomme
9349,schon,schon,ADV,mo,9350,seit
9350,seit,seit,ADP,mo,9347,vorkomme
9351,beinahe,beinahe,ADV,mo,9352,einer
9352,einer,ein,DET,nk,9353,Stunde
9353,Stunde,Stunde,NOUN,nk,9350,seit
9354,um,um,ADP,mo,9347,vorkomme
9355,das,der,DET,nk,9356,Haus
9356,Haus,Haus,NOUN,nk,9354,um
9357,herumschleiche,herumschleichen,VERB,ROOT,9357,herumschleiche
9358,.,--,PUNCT,punct,9357,herumschleiche
9359,Andres,Andres,NOUN,sb,9360,war
9360,war,sein,AUX,ROOT,9360,war
9361,im,in,ADP,mo,9366,hinauszugehen
9362,Begriff,Begriff,NOUN,nk,9361,im
9363,mit,mit,ADP,mo,9366,hinauszugehen
9364,seiner,sein,DET,nk,9365,Büchse
9365,Büchse,Büchse,NOUN,nk,9363,mit
9366,hinauszugehen,hinauszugehen,VERB,oc,9360,war
9367,",",--,PUNCT,punct,9366,hinauszugehen
9368,als,als,SCONJ,cp,9369,er
9369,er,er,PRON,dep,9360,war
9370,vor,vor,ADP,mo,9375,rufen
9371,dem,der,DET,nk,9372,Hause
9372,Hause,Haus,NOUN,nk,9370,vor
9373,seinen,sein,DET,nk,9374,Namen
9374,Namen,Name,NOUN,oa,9375,rufen
9375,rufen,rufen,VERB,oc,9376,hörte
9376,hörte,hören,VERB,ROOT,9376,hörte
9377,.,--,PUNCT,punct,9376,hörte
9378,Er,er,PRON,sb,9379,öffnete
9379,öffnete,öffnen,VERB,ROOT,9379,öffnete
9380,das,der,DET,nk,9381,Fenster
9381,Fenster,Fenster,NOUN,oa,9379,öffnete
9382,und,und,CCONJ,cd,9379,öffnete
9383,erkannte,erkennen,VERB,cj,9382,und
9384,auf,auf,ADP,mo,9383,erkannte
9385,den,der,DET,nk,9387,Blick
9386,ersten,erster,ADJ,nk,9387,Blick
9387,Blick,Blick,NOUN,ROOT,9387,Blick
9388,den,der,DET,nk,9391,Denner
9389,verhaßten,verhaßt,ADJ,nk,9391,Denner
9390,Ignaz,Ignaz,PROPN,pnc,9391,Denner
9391,Denner,Denner,PROPN,ag,9387,Blick
9392,",",--,PUNCT,punct,9391,Denner
9393,der,der,PRON,sb,9396,in
9394,sich,sich,PRON,oa,9396,in
9395,wieder,wieder,ADV,mo,9396,in
9396,in,in,ADP,rc,9387,Blick
9397,den,der,DET,nk,9398,grauen
9398,grauen,grau,ADJ,nk,9396,in
9399,Kaufmannshabit,Kaufmannshabit,ADV,mo,9400,geworfen
9400,geworfen,werfen,VERB,oc,9401,hatte
9401,hatte,haben,AUX,ROOT,9401,hatte
9402,",",--,PUNCT,punct,9401,hatte
9403,und,und,CCONJ,cd,9401,hatte
9404,ein,ein,DET,nk,9405,Felleisen
9405,Felleisen,Felleise,NOUN,sb,9409,trug
9406,unter,unter,ADP,mo,9409,trug
9407,dem,der,DET,nk,9408,Arme
9408,Arme,Arm,NOUN,nk,9406,unter
9409,trug,tragen,VERB,cj,9403,und
9410,.,--,PUNCT,punct,9401,hatte
9411,»,--,PUNCT,punct,9412,Andres
9412,Andres,Andres,NOUN,ROOT,9412,Andres
9413,«,--,PUNCT,punct,9412,Andres
9414,",",--,PUNCT,punct,9412,Andres
9415,rief,rufen,VERB,ROOT,9415,rief
9416,Denner,Denner,PROPN,sb,9415,rief
9417,",",--,PUNCT,punct,9415,rief
9418,»,--,PUNCT,punct,9420,mußt
9419,du,du,PRON,sb,9420,mußt
9420,mußt,mußt,VERB,oc,9415,rief
9421,mir,sich,PRON,da,9420,mußt
9422,diese,dieser,DET,nk,9423,Nacht
9423,Nacht,Nacht,NOUN,oa,9425,geben
9424,Herberge,Herberge,PROPN,nk,9423,Nacht
9425,geben,geben,VERB,oc,9420,mußt
9426,in,in,ADP,mo,9425,geben
9427,deinem,dein,DET,nk,9428,Hause
9428,Hause,Haus,NOUN,nk,9426,in
9429,",",--,PUNCT,punct,9425,geben
9430,morgen,morgen,ADV,mo,9415,rief
9431,ziehe,ziehen,VERB,ROOT,9431,ziehe
9432,ich,ich,PRON,sb,9431,ziehe
9433,weiter,weiter,ADV,mo,9431,ziehe
9434,.,--,PUNCT,punct,9431,ziehe
9435,«,--,PUNCT,punct,9431,ziehe
9436,-,--,PUNCT,punct,9438,Was
9437,»,--,PUNCT,punct,9438,Was
9438,Was,was,PRON,ROOT,9438,Was
9439,?,--,PUNCT,punct,9438,Was
9440,Du,du,PRON,nk,9443,Bösewicht
9441,unverschämter,unverschämt,ADV,mo,9442,verruchter
9442,verruchter,verrucht,ADJ,nk,9443,Bösewicht
9443,Bösewicht,Bösewicht,NOUN,sb,9446,rief
9444,?,--,PUNCT,punct,9446,rief
9445,«,--,PUNCT,punct,9440,Du
9446,rief,rufen,VERB,ROOT,9446,rief
9447,Andres,Andres,PROPN,oa,9446,rief
9448,in,in,ADP,ROOT,9448,in
9449,vollem,voll,ADJ,nk,9450,Zorn
9450,Zorn,Zorn,NOUN,nk,9448,in
9451,",",--,PUNCT,punct,9448,in
9452,»,--,PUNCT,punct,9454,wagst
9453,du,du,PRON,sb,9454,wagst
9454,wagst,wagstn,AUX,nk,9448,in
9455,es,es,PRON,oa,9461,lassen
9456,dich,dich,PRON,da,9461,lassen
9457,wieder,wieder,ADV,mo,9459,sehen
9458,hier,hier,ADV,mo,9459,sehen
9459,sehen,sehen,VERB,oc,9461,lassen
9460,zu,zu,PART,pm,9461,lassen
9461,lassen,lassen,VERB,re,9453,du
9462,?,--,PUNCT,punct,9454,wagst
9463,Habe,Habe,VERB,ROOT,9463,Habe
9464,ich,ich,PRON,sb,9463,Habe
9465,dir,dir,PRON,oc,9463,Habe
9466,nicht,nicht,PART,ng,9467,treulich
9467,treulich,treulich,ADV,mo,9469,gehalten
9468,Wort,Wort,NOUN,oa,9469,gehalten
9469,gehalten,halten,VERB,ROOT,9469,gehalten
9470,",",--,PUNCT,punct,9469,gehalten
9471,nur,nur,ADV,mo,9476,erfüllen
9472,damit,damit,SCONJ,cp,9476,erfüllen
9473,du,du,PRON,sb,9476,erfüllen
9474,dein,dein,DET,nk,9475,Versprechen
9475,Versprechen,Versprechen,NOUN,oa,9476,erfüllen
9476,erfüllen,erfüllen,VERB,mo,9469,gehalten
9477,und,und,CCONJ,cd,9476,erfüllen
9478,auf,auf,ADP,mo,9469,gehalten
9479,immer,immer,ADV,mo,9481,Gegend
9480,diese,dieser,DET,nk,9481,Gegend
9481,Gegend,Gegend,NOUN,oa,9482,verlassen
9482,verlassen,verlassen,VERB,oc,9483,solltest
9483,solltest,solltest,VERB,ROOT,9483,solltest
9484,?,--,PUNCT,punct,9483,solltest
9485,Du,du,PRON,sb,9486,darfst
9486,darfst,darfstn,VERB,ROOT,9486,darfst
9487,nicht,nicht,PART,ng,9486,darfst
9488,mehr,mehr,ADV,mo,9487,nicht
9489,meine,mein,DET,nk,9490,Schwelle
9490,Schwelle,Schwelle,NOUN,oa,9486,darfst
9491,betreten,betreten,ADV,sb,9493,entferne
9492,-,--,PUNCT,punct,9493,entferne
9493,entferne,entferne,VERB,ROOT,9493,entferne
9494,dich,dich,PRON,oa,9493,entferne
9495,schnell,schnell,ADV,mo,9493,entferne
9496,",",--,PUNCT,punct,9493,entferne
9497,oder,oder,CCONJ,cd,9493,entferne
9498,ich,ich,PRON,sb,9499,schieße
9499,schieße,schießen,VERB,cj,9497,oder
9500,dich,dich,PRON,mo,9499,schieße
9501,mörderischen,mörderisch,ADJ,nk,9502,Buben
9502,Buben,Bube,NOUN,da,9499,schieße
9503,nieder,nieder,ADV,ROOT,9503,nieder
9504,!,--,PUNCT,punct,9507,warte
9505,-,--,PUNCT,punct,9507,warte
9506,Doch,doch,CCONJ,ju,9507,warte
9507,warte,warten,VERB,cj,9503,nieder
9508,",",--,PUNCT,punct,9507,warte
9509,ich,ich,PRON,sb,9510,will
9510,will,wollen,AUX,cj,9507,warte
9511,dir,dir,PRON,oa,9510,will
9512,dein,dein,DET,nk,9513,Gold
9513,Gold,Gold,NOUN,oa,9510,will
9514,",",--,PUNCT,punct,9507,warte
9515,dein,dein,DET,nk,9516,Geschmeide
9516,Geschmeide,Geschmeide,NOUN,cj,9507,warte
9517,",",--,PUNCT,punct,9507,warte
9518,womit,womit,SCONJ,mo,9519,du
9519,du,du,PRON,ag,9520,Satan
9520,Satan,Satan,PROPN,ROOT,9520,Satan
9521,mein,mein,DET,nk,9522,Weib
9522,Weib,Weib,NOUN,ROOT,9522,Weib
9523,verblenden,verblend,ADJ,nk,9524,wolltest
9524,wolltest,wolltest,NOUN,ag,9522,Weib
9525,",",--,PUNCT,punct,9526,hinabwerfen
9526,hinabwerfen,hinabwerfen,VERB,oc,9522,Weib
9527,;,--,PUNCT,punct,9522,Weib
9528,dann,dann,ADV,mo,9532,forteilen
9529,magst,magst,ADV,mo,9532,forteilen
9530,du,du,PRON,sb,9529,magst
9531,schnell,schnell,ADV,mo,9532,forteilen
9532,forteilen,forteilen,VERB,ROOT,9532,forteilen
9533,.,--,PUNCT,punct,9532,forteilen
9534,Ich,ich,PRON,sb,9535,lasse
9535,lasse,lassen,VERB,ROOT,9535,lasse
9536,dir,dir,PRON,da,9535,lasse
9537,drei,drei,NUM,nk,9538,Tage
9538,Tage,Tag,NOUN,oa,9535,lasse
9539,Zeit,Zeit,NOUN,nk,9538,Tage
9540,",",--,PUNCT,punct,9535,lasse
9541,spüre,spüren,VERB,cj,9535,lasse
9542,ich,ich,PRON,sb,9541,spüre
9543,aber,aber,ADV,mo,9541,spüre
9544,dann,dann,ADV,mo,9541,spüre
9545,nur,nur,ADV,mo,9541,spüre
9546,auf,auf,ADP,mo,9541,spüre
9547,irgend,irgend,ADV,mo,9548,eine
9548,eine,ein,DET,nk,9549,Weise
9549,Weise,Weise,NOUN,nk,9546,auf
9550,deine,deinen,PROPN,sb,9557,eile
9551,und,und,CCONJ,cd,9550,deine
9552,deiner,dein,ADJ,nk,9553,Bande
9553,Bande,Bande,NOUN,cj,9551,und
9554,Gegenwart,Gegenwart,NOUN,nk,9553,Bande
9555,",",--,PUNCT,punct,9556,so
9556,so,so,ADV,mo,9557,eile
9557,eile,eilen,VERB,ROOT,9557,eile
9558,ich,ich,PRON,sb,9557,eile
9559,schnell,schnell,ADV,mo,9557,eile
9560,nach,nach,ADP,mo,9557,eile
9561,Fulda,Fulda,PROPN,nk,9560,nach
9562,und,und,CCONJ,cd,9557,eile
9563,entdecke,entdecken,VERB,cj,9562,und
9564,alles,alle,PRON,ROOT,9564,alles
9565,",",--,PUNCT,punct,9564,alles
9566,was,wer,PRON,oa,9568,weiß
9567,ich,ich,PRON,sb,9568,weiß
9568,weiß,wissen,VERB,rc,9564,alles
9569,",",--,PUNCT,punct,9568,weiß
9570,der,der,DET,nk,9571,Obrigkeit
9571,Obrigkeit,Obrigkeit,NOUN,app,9564,alles
9572,.,--,PUNCT,punct,9564,alles
9573,Magst,Magst,ADV,ROOT,9573,Magst
9574,du,du,PRON,sb,9573,Magst
9575,nun,nun,ADV,mo,9573,Magst
9576,deine,dein,ADJ,nk,9577,Drohungen
9577,Drohungen,Drohung,NOUN,oa,9573,Magst
9578,gegen,gegen,ADP,mnr,9577,Drohungen
9579,mich,mich,PRON,nk,9578,gegen
9580,und,und,CCONJ,cd,9573,Magst
9581,mein,mein,DET,nk,9582,Weib
9582,Weib,Weib,NOUN,oa,9583,erfüllen
9583,erfüllen,erfüllen,VERB,oc,9584,wollen
9584,wollen,wollen,AUX,ROOT,9584,wollen
9585,",",--,PUNCT,punct,9584,wollen
9586,ich,ich,PRON,sb,9587,verlasse
9587,verlasse,verlassen,VERB,oc,9584,wollen
9588,mich,sich,PRON,oa,9587,verlasse
9589,auf,auf,ADP,mo,9587,verlasse
9590,den,der,DET,nk,9591,Beistand
9591,Beistand,Beistand,NOUN,nk,9589,auf
9592,Gottes,Gott,NOUN,ag,9591,Beistand
9593,",",--,PUNCT,punct,9587,verlasse
9594,und,und,CCONJ,cd,9587,verlasse
9595,werde,werden,AUX,cj,9594,und
9596,dich,dich,PRON,mo,9604,wissen
9597,Bösewicht,Bösewicht,NOUN,sb,9604,wissen
9598,mit,mit,ADP,mo,9603,treffen
9599,meinem,mein,DET,nk,9601,Gewehr
9600,guten,gut,ADJ,nk,9601,Gewehr
9601,Gewehr,Gewehr,NOUN,nk,9598,mit
9602,zu,zu,PART,pm,9603,treffen
9603,treffen,treffen,VERB,oc,9604,wissen
9604,wissen,wissen,VERB,ROOT,9604,wissen
9605,.,--,PUNCT,punct,9604,wissen
9606,«,--,PUNCT,punct,9604,wissen
9607,Nun,nun,ADV,mo,9608,holte
9608,holte,holen,VERB,ROOT,9608,holte
9609,Andres,Andres,NOUN,sb,9608,holte
9610,schnell,schnell,ADV,ROOT,9610,schnell
9611,das,der,DET,nk,9612,Kästchen
9612,Kästchen,Kästchen,NOUN,nk,9610,schnell
9613,herbei,herbei,ADV,mo,9610,schnell
9614,",",--,PUNCT,punct,9610,schnell
9615,um,um,SCONJ,cp,9617,hinabzuwerfen
9616,es,es,PRON,oa,9617,hinabzuwerfen
9617,hinabzuwerfen,hinabzuwerfen,VERB,mo,9610,schnell
9618,;,--,PUNCT,punct,9610,schnell
9619,als,als,SCONJ,cp,9624,trat
9620,er,er,PRON,sb,9624,trat
9621,aber,aber,ADV,mo,9624,trat
9622,ans,an,ADP,mo,9624,trat
9623,Fenster,Fenster,NOUN,nk,9622,ans
9624,trat,treten,VERB,ROOT,9624,trat
9625,",",--,PUNCT,punct,9624,trat
9626,war,sein,AUX,ROOT,9626,war
9627,Denner,Denner,NOUN,sb,9626,war
9628,verschwunden,verschwinden,VERB,oc,9626,war
9629,",",--,PUNCT,punct,9626,war
9630,und,und,CCONJ,cd,9626,war
9631,unerachtet,unerachten,VERB,cj,9630,und
9632,die,der,DET,nk,9633,Doggen
9633,Doggen,Dogg,NOUN,oa,9631,unerachtet
9634,die,der,DET,nk,9636,Gegend
9635,ganze,ganz,ADJ,nk,9636,Gegend
9636,Gegend,Gegend,NOUN,oa,9631,unerachtet
9637,rings,rings,ADV,mo,9631,unerachtet
9638,ums,um,ADP,svp,9631,unerachtet
9639,Haus,Haus,NOUN,oa,9640,durchspüren
9640,durchspüren,durchspüren,VERB,oc,9641,mußten
9641,mußten,müssen,AUX,mo,9643,war
9642,",",--,PUNCT,punct,9643,war
9643,war,sein,AUX,ROOT,9643,war
9644,es,es,PRON,sb,9643,war
9645,doch,doch,ADV,mo,9643,war
9646,nicht,nicht,PART,ng,9643,war
9647,möglich,möglich,ADV,pd,9643,war
9648,ihn,ihn,PRON,oa,9649,aufzufinden
9649,aufzufinden,aufzufinden,VERB,oc,9643,war
9650,.,--,PUNCT,punct,9643,war
9651,Andres,Andres,NOUN,sb,9652,sah
9652,sah,sehen,VERB,ROOT,9652,sah
9653,nun,nun,ADV,mo,9662,ausgesetzt
9654,wohl,wohl,ADV,mo,9653,nun
9655,ein,ein,ADV,mo,9653,nun
9656,",",--,PUNCT,punct,9653,nun
9657,wie,wie,SCONJ,cm,9658,er
9658,er,er,PRON,mo,9662,ausgesetzt
9659,",",--,PUNCT,punct,9662,ausgesetzt
9660,Denners,Denner,PROPN,ag,9661,Bosheit
9661,Bosheit,Bosheit,NOUN,oa,9662,ausgesetzt
9662,ausgesetzt,aussetzen,VERB,ROOT,9662,ausgesetzt
9663,",",--,PUNCT,punct,9662,ausgesetzt
9664,nun,nun,ADV,mo,9668,schwebe
9665,in,in,ADP,mo,9668,schwebe
9666,großer,groß,ADJ,nk,9667,Gefahr
9667,Gefahr,Gefahr,NOUN,nk,9665,in
9668,schwebe,schweben,VERB,cj,9662,ausgesetzt
9669,;,--,PUNCT,punct,9662,ausgesetzt
9670,er,er,PRON,sb,9671,war
9671,war,sein,AUX,ROOT,9671,war
9672,daher,daher,ADV,mo,9671,war
9673,allnächtlich,allnächtlich,ADV,pd,9671,war
9674,auf,auf,ADP,mo,9671,war
9675,seiner,sein,DET,nk,9676,Hut
9676,Hut,Hut,NOUN,nk,9674,auf
9677,",",--,PUNCT,punct,9671,war
9678,indessen,indessen,ADV,mo,9679,blieb
9679,blieb,bleiben,VERB,cj,9671,war
9680,alles,alle,PRON,sb,9679,blieb
9681,ruhig,ruhig,ADV,mo,9679,blieb
9682,und,und,CCONJ,cd,9681,ruhig
9683,Andres,Andr,NOUN,cj,9682,und
9684,überzeugte,überzeugen,VERB,ROOT,9684,überzeugte
9685,sich,sich,PRON,oa,9684,überzeugte
9686,",",--,PUNCT,punct,9684,überzeugte
9687,daß,daß,SCONJ,cp,9694,hatte
9688,Denner,Denner,NOUN,sb,9694,hatte
9689,nur,nur,ADV,mo,9692,Wald
9690,allein,allein,ADV,mo,9689,nur
9691,den,der,DET,nk,9692,Wald
9692,Wald,Wald,NOUN,oa,9693,durchstrichen
9693,durchstrichen,durchstrichen,VERB,oc,9694,hatte
9694,hatte,haben,AUX,oc,9684,überzeugte
9695,.,--,PUNCT,punct,9684,überzeugte
9696,Um,um,SCONJ,ROOT,9696,Um
9697,indessen,indessen,ADV,mo,9702,enden
9698,seinen,sein,DET,nk,9700,Zustand
9699,ängstlichen,ängstlich,ADJ,nk,9700,Zustand
9700,Zustand,Zustand,NOUN,oa,9702,enden
9701,zu,zu,PART,pm,9702,enden
9702,enden,enden,VERB,ROOT,9702,enden
9703,",",--,PUNCT,punct,9702,enden
9704,ja,ja,ADV,mo,9709,beruhigen
9705,um,um,SCONJ,cp,9709,beruhigen
9706,sein,sein,DET,nk,9707,Gewissen
9707,Gewissen,Gewissen,NOUN,oa,9709,beruhigen
9708,zu,zu,PART,pm,9709,beruhigen
9709,beruhigen,beruhigen,VERB,mo,9702,enden
9710,",",--,PUNCT,punct,9702,enden
9711,das,der,PRON,sb,9715,quälte
9712,ihn,ihn,PRON,oa,9715,quälte
9713,mit,mit,ADP,mo,9715,quälte
9714,Vorwürfen,Vorwurf,NOUN,nk,9713,mit
9715,quälte,quälen,VERB,oc,9717,beschloß
9716,",",--,PUNCT,punct,9717,beschloß
9717,beschloß,beschließen,VERB,ROOT,9717,beschloß
9718,er,er,PRON,sb,9717,beschloß
9719,nun,nun,ADV,mo,9717,beschloß
9720,nicht,nicht,PART,ng,9717,beschloß
9721,länger,lang,ADV,mo,9723,schweigen
9722,zu,zu,PART,pm,9723,schweigen
9723,schweigen,schweigen,VERB,oc,9717,beschloß
9724,",",--,PUNCT,punct,9717,beschloß
9725,sondern,sondern,CCONJ,ROOT,9725,sondern
9726,dem,der,DET,nk,9727,Rat
9727,Rat,Rat,NOUN,cj,9725,sondern
9728,in,in,ADP,mnr,9727,Rat
9729,Fulda,Fulda,PROPN,nk,9728,in
9730,sein,sein,DET,nk,9733,Verhältnis
9731,ganzes,ganz,ADJ,nk,9733,Verhältnis
9732,unverschuldetes,unverschuldet,ADJ,nk,9733,Verhältnis
9733,Verhältnis,Verhältnis,NOUN,cj,9725,sondern
9734,mit,mit,ADP,mnr,9733,Verhältnis
9735,Denner,Denner,NOUN,nk,9734,mit
9736,zu,zu,ADP,ROOT,9736,zu
9737,berichten,berichten,VERB,ROOT,9737,berichten
9738,und,und,CCONJ,cd,9737,berichten
9739,zugleich,zugleich,ADV,mo,9745,abzuliefern
9740,das,der,DET,nk,9741,Kistchen
9741,Kistchen,Kistchen,NOUN,oa,9745,abzuliefern
9742,mit,mit,ADP,mo,9745,abzuliefern
9743,den,der,DET,nk,9744,Kleinodien
9744,Kleinodien,Kleinodie,NOUN,nk,9742,mit
9745,abzuliefern,abliefern,VERB,cj,9738,und
9746,.,--,PUNCT,punct,9737,berichten
9747,Andres,Andres,NOUN,ROOT,9747,Andres
9748,wußte,wissen,VERB,ROOT,9748,wußte
9749,wohl,wohl,ADV,mo,9748,wußte
9750,",",--,PUNCT,punct,9748,wußte
9751,daß,daß,SCONJ,cp,9757,würde
9752,er,er,PRON,sb,9757,würde
9753,ohne,ohne,ADP,mo,9756,abkommen
9754,Strafe,Strafe,NOUN,nk,9753,ohne
9755,nicht,nicht,PART,ng,9756,abkommen
9756,abkommen,abkommen,VERB,oc,9757,würde
9757,würde,werden,AUX,oc,9748,wußte
9758,",",--,PUNCT,punct,9748,wußte
9759,jedoch,jedoch,ADV,cd,9748,wußte
9760,verließ,verlassen,VERB,cj,9759,jedoch
9761,er,er,PRON,sb,9760,verließ
9762,sich,sich,PRON,oa,9760,verließ
9763,auf,auf,ADP,svp,9760,verließ
9764,sein,sein,DET,nk,9766,Bekenntnis
9765,reuiges,reuig,ADJ,nk,9766,Bekenntnis
9766,Bekenntnis,Bekenntnis,NOUN,ROOT,9766,Bekenntnis
9767,eines,ein,DET,nk,9768,Fehltritts
9768,Fehltritts,Fehltritt,NOUN,ag,9766,Bekenntnis
9769,",",--,PUNCT,punct,9768,Fehltritts
9770,zu,zu,ADP,op,9766,Bekenntnis
9771,dem,der,PRON,nk,9770,zu
9772,ihn,ihn,PRON,nk,9770,zu
9773,der,der,DET,nk,9775,Ignaz
9774,verruchte,verrucht,ADJ,nk,9775,Ignaz
9775,Ignaz,Ignaz,PROPN,nk,9770,zu
9776,Denner,Denner,NOUN,ROOT,9776,Denner
9777,",",--,PUNCT,punct,9776,Denner
9778,wie,wie,SCONJ,cm,9780,Satan
9779,der,der,DET,nk,9780,Satan
9780,Satan,Satan,PROPN,mo,9783,verlockt
9781,selbst,selbst,ADV,mo,9780,Satan
9782,",",--,PUNCT,punct,9780,Satan
9783,verlockt,verlockt,ADV,par,9776,Denner
9784,und,und,CCONJ,cd,9783,verlockt
9785,gezwungen,zwingen,VERB,cj,9784,und
9786,",",--,PUNCT,punct,9776,Denner
9787,sowie,sowie,CCONJ,cd,9776,Denner
9788,auf,auf,ADP,cj,9787,sowie
9789,die,der,DET,nk,9790,Fürsprache
9790,Fürsprache,Fürsprach,NOUN,nk,9788,auf
9791,seines,sein,DET,nk,9792,Herrn
9792,Herrn,Herr,NOUN,ROOT,9792,Herrn
9793,",",--,PUNCT,punct,9792,Herrn
9794,des,der,DET,nk,9795,Grafen
9795,Grafen,Graf,NOUN,cj,9792,Herrn
9796,von,von,ADP,pg,9795,Grafen
9797,Vach,Vach,PROPN,nk,9796,von
9798,",",--,PUNCT,punct,9797,Vach
9799,der,der,PRON,sb,9802,Diener
9800,dem,der,DET,nk,9802,Diener
9801,treuen,treu,ADJ,nk,9802,Diener
9802,Diener,Diener,ADJ,rc,9792,Herrn
9803,ein,ein,DET,nk,9805,Zeugnis
9804,günstiges,günstig,ADJ,nk,9805,Zeugnis
9805,Zeugnis,Zeugnis,NOUN,oa,9802,Diener
9806,nicht,nicht,PART,ng,9808,konnte
9807,versagen,versagen,VERB,oc,9808,konnte
9808,konnte,können,AUX,ROOT,9808,konnte
9809,.,--,PUNCT,punct,9808,konnte
9810,Er,er,PRON,sb,9811,hatte
9811,hatte,haben,AUX,ROOT,9811,hatte
9812,mit,mit,ADP,mo,9811,hatte
9813,seinem,sein,DET,nk,9814,Knechte
9814,Knechte,Knecht,NOUN,nk,9812,mit
9815,mehrmals,mehrmals,ADV,mo,9812,mit
9816,den,der,DET,nk,9817,Wald
9817,Wald,Wald,NOUN,oa,9811,hatte
9818,durchstreift,durchstreifen,VERB,ROOT,9818,durchstreift
9819,und,und,CCONJ,cd,9818,durchstreift
9820,nie,nie,ADV,mo,9821,war
9821,war,sein,AUX,cj,9819,und
9822,ihm,ihm,PRON,da,9825,aufgestoßen
9823,etwas,etwas,DET,nk,9824,Verdächtiges
9824,Verdächtiges,Verdächtiges,NOUN,oa,9825,aufgestoßen
9825,aufgestoßen,aufgestoßen,VERB,oc,9821,war
9826,;,--,PUNCT,punct,9818,durchstreift
9827,für,für,ADP,mo,9830,war
9828,sein,sein,DET,nk,9829,Weib
9829,Weib,Weib,NOUN,nk,9827,für
9830,war,sein,AUX,ROOT,9830,war
9831,daher,daher,ADV,mo,9835,vorhanden
9832,jetzt,jetzt,ADV,mo,9835,vorhanden
9833,keine,kein,DET,nk,9834,Gefahr
9834,Gefahr,Gefahr,NOUN,oa,9835,vorhanden
9835,vorhanden,vorhanden,ADV,ROOT,9835,vorhanden
9836,und,und,CCONJ,cd,9835,vorhanden
9837,er,er,PRON,sb,9838,wollte
9838,wollte,wollen,AUX,cj,9836,und
9839,nun,nun,ADV,mo,9838,wollte
9840,ungesäumt,ungesäumen,VERB,oc,9838,wollte
9841,nach,nach,ADP,mo,9840,ungesäumt
9842,Fulda,Fulda,PROPN,nk,9841,nach
9843,gehen,gehen,VERB,ROOT,9843,gehen
9844,",",--,PUNCT,punct,9843,gehen
9845,um,um,SCONJ,cp,9848,auszufahren
9846,seinen,sein,DET,nk,9847,Vorsatz
9847,Vorsatz,Vorsatz,NOUN,oa,9848,auszufahren
9848,auszufahren,auszufahren,VERB,mo,9843,gehen
9849,.,--,PUNCT,punct,9843,gehen
9850,An,an,ADP,ROOT,9850,An
9851,dem,der,DET,nk,9852,Morgen
9852,Morgen,Morgen,NOUN,nk,9850,An
9853,",",--,PUNCT,punct,9852,Morgen
9854,als,als,SCONJ,cp,9857,zur
9855,er,er,PRON,sb,9857,zur
9856,sich,sich,PRON,oa,9857,zur
9857,zur,zu,ADP,mnr,9852,Morgen
9858,Reise,Reise,NOUN,nk,9857,zur
9859,bereit,bereit,ADV,mo,9860,gemacht
9860,gemacht,machen,VERB,mo,9862,kam
9861,",",--,PUNCT,punct,9862,kam
9862,kam,kommen,VERB,ROOT,9862,kam
9863,ein,ein,DET,nk,9864,Bote
9864,Bote,Bote,NOUN,sb,9862,kam
9865,von,von,ADP,mo,9862,kam
9866,dem,der,DET,nk,9867,Grafen
9867,Grafen,Grafen,NOUN,nk,9865,von
9868,von,von,ADP,pg,9867,Grafen
9869,Vach,Vach,PROPN,nk,9868,von
9870,",",--,PUNCT,punct,9867,Grafen
9871,der,der,PRON,sb,9862,kam
9872,ihn,ihn,PRON,oa,9873,augenblicklich
9873,augenblicklich,augenblicklich,ADV,dep,9862,kam
9874,auf,auf,ADP,mo,9879,mitgehen
9875,das,der,DET,nk,9876,Schloß
9876,Schloß,Schloß,NOUN,nk,9874,auf
9877,seines,sein,DET,nk,9878,Herrn
9878,Herrn,Herr,NOUN,ag,9876,Schloß
9879,mitgehen,mitgehen,VERB,oc,9880,hieß
9880,hieß,heißen,VERB,ROOT,9880,hieß
9881,.,--,PUNCT,punct,9880,hieß
9882,Statt,statt,SCONJ,ac,9883,nach
9883,nach,nach,ADP,mo,9885,wanderte
9884,Fulda,Fulda,PROPN,nk,9883,nach
9885,wanderte,wanderen,VERB,ROOT,9885,wanderte
9886,er,er,PRON,sb,9885,wanderte
9887,also,also,ADV,mo,9885,wanderte
9888,fort,fort,ADV,mo,9889,mit
9889,mit,mit,ADP,ROOT,9889,mit
9890,dem,der,DET,nk,9891,Boten
9891,Boten,Boten,NOUN,nk,9889,mit
9892,nach,nach,ADP,mnr,9891,Boten
9893,dem,der,DET,nk,9894,Schloß
9894,Schloß,Schloß,NOUN,nk,9892,nach
9895,",",--,PUNCT,punct,9889,mit
9896,nicht,nicht,PART,ng,9898,Bangigkeit
9897,ohne,ohne,ADP,cj,9889,mit
9898,Bangigkeit,Bangigkeit,NOUN,nk,9897,ohne
9899,",",--,PUNCT,punct,9889,mit
9900,was,was,PRON,ROOT,9900,was
9901,wohl,wohl,ADV,mo,9900,was
9902,dieser,dieser,PRON,dep,9900,was
9903,ganz,ganz,ADV,pd,9900,was
9904,ungewöhnliche,ungewöhnlich,ADJ,nk,9905,Ruf
9905,Ruf,Ruf,NOUN,sb,9911,werde
9906,seines,sein,DET,nk,9907,Herrn
9907,Herrn,Herr,NOUN,ag,9905,Ruf
9908,zu,zu,PART,pm,9909,bedeuten
9909,bedeuten,bedeuten,VERB,oc,9910,haben
9910,haben,haben,AUX,oc,9911,werde
9911,werde,werden,AUX,ROOT,9911,werde
9912,.,--,PUNCT,punct,9911,werde
9913,Als,als,SCONJ,cp,9914,er
9914,er,er,PRON,ROOT,9914,er
9915,in,in,ADP,mnr,9914,er
9916,dem,der,DET,nk,9917,Schloß
9917,Schloß,Schloß,NOUN,nk,9915,in
9918,angekommen,ankommen,VERB,mo,9920,mußte
9919,",",--,PUNCT,punct,9920,mußte
9920,mußte,müssen,AUX,ROOT,9920,mußte
9921,er,er,PRON,sb,9920,mußte
9922,gleich,gleich,ADV,mo,9923,in
9923,in,in,ADP,mo,9928,treten
9924,das,der,DET,nk,9925,Zimmer
9925,Zimmer,Zimmer,NOUN,nk,9923,in
9926,des,der,DET,nk,9927,Grafen
9927,Grafen,Graf,NOUN,ag,9925,Zimmer
9928,treten,treten,VERB,oc,9920,mußte
9929,.,--,PUNCT,punct,9920,mußte
9930,»,--,PUNCT,punct,9931,Freue
9931,Freue,Freuen,VERB,ROOT,9931,Freue
9932,dich,dich,PRON,sb,9931,Freue
9933,",",--,PUNCT,punct,9931,Freue
9934,Andres,Andr,NOUN,dep,9937,rief
9935,«,--,PUNCT,punct,9937,rief
9936,",",--,PUNCT,punct,9937,rief
9937,rief,rufen,VERB,ROOT,9937,rief
9938,dieser,dieser,PRON,sb,9937,rief
9939,ihm,ihm,PRON,da,9937,rief
9940,entgegen,entgegen,ADP,svp,9937,rief
9941,",",--,PUNCT,punct,9937,rief
9942,»,--,PUNCT,punct,9944,hat
9943,dich,dich,PRON,oa,9944,hat
9944,hat,haben,AUX,oc,9937,rief
9945,ein,ein,DET,nk,9948,Glück
9946,ganz,ganz,ADV,mo,9947,unerwartetes
9947,unerwartetes,unerwartet,ADJ,nk,9948,Glück
9948,Glück,Glück,NOUN,sb,9944,hat
9949,getroffen,treffen,VERB,ROOT,9949,getroffen
9950,.,--,PUNCT,punct,9949,getroffen
9951,Erinnerst,erinnerst,ADV,mo,9952,du
9952,du,du,PRON,sb,9956,unsers
9953,dich,dich,PRON,mnr,9952,du
9954,wohl,wohl,ADV,mo,9956,unsers
9955,noch,noch,ADV,mo,9956,unsers
9956,unsers,unsers,ADP,ROOT,9956,unsers
9957,alten,alt,ADJ,nk,9959,Hauswirts
9958,mürrischen,mürrisch,ADJ,nk,9959,Hauswirts
9959,Hauswirts,Hauswirt,NOUN,nk,9956,unsers
9960,in,in,ADP,mo,9956,unsers
9961,Neapel,Neapel,PROPN,ROOT,9961,Neapel
9962,",",--,PUNCT,punct,9961,Neapel
9963,des,der,DET,nk,9964,Pflegevaters
9964,Pflegevaters,Pflegevater,NOUN,app,9961,Neapel
9965,deiner,dein,DET,nk,9966,Giorgina
9966,Giorgina,Giorgina,PROPN,ag,9964,Pflegevaters
9967,?,--,PUNCT,punct,9961,Neapel
9968,Der,der,PRON,sb,9969,ist
9969,ist,sein,AUX,ROOT,9969,ist
9970,gestorben,sterben,VERB,oc,9969,ist
9971,;,--,PUNCT,punct,9969,ist
9972,aber,aber,CCONJ,ROOT,9972,aber
9973,auf,auf,ADP,cj,9972,aber
9974,dem,der,DET,nk,9973,auf
9975,Sterbebette,Sterbebette,NOUN,mo,9981,gerührt
9976,hatte,haben,AUX,ROOT,9976,hatte
9977,ihn,ihn,PRON,oa,9981,gerührt
9978,noch,noch,ADV,mo,9976,hatte
9979,das,der,DET,nk,9980,Gewissen
9980,Gewissen,Gewissen,NOUN,sb,9976,hatte
9981,gerührt,rühren,VERB,oc,9976,hatte
9982,wegen,wegen,ADP,mo,9981,gerührt
9983,der,der,DET,nk,9984,abscheulichen
9984,abscheulichen,abscheulich,ADJ,nk,9982,wegen
9985,Behandlung,Behandlung,NOUN,cj,9993,hat
9986,des,der,DET,nk,9989,Kindes
9987,armen,arm,ADJ,nk,9989,Kindes
9988,verwaisten,verwaist,ADJ,nk,9989,Kindes
9989,Kindes,Kind,NOUN,ag,9985,Behandlung
9990,",",--,PUNCT,punct,9985,Behandlung
9991,und,und,CCONJ,ju,9993,hat
9992,deshalb,deshalb,ADV,mo,9996,zweitausend
9993,hat,haben,AUX,ROOT,9993,hat
9994,er,er,PRON,sb,9993,hat
9995,ihr,ihr,PRON,da,9996,zweitausend
9996,zweitausend,zweitausend,ADV,oc,9993,hat
9997,Dukaten,Dukat,NOUN,sb,9998,vermacht
9998,vermacht,vermacht,VERB,ROOT,9998,vermacht
9999,",",--,PUNCT,punct,9998,vermacht
10000,die,der,PRON,sb,10007,sind
10001,bereits,bereits,ADV,mo,10006,angekommen
10002,in,in,ADP,mo,10006,angekommen
10003,Wechselbriefen,Wechselbrief,NOUN,nk,10002,in
10004,in,in,ADP,mnr,10003,Wechselbriefen
10005,Frankfurt,Frankfurt,PROPN,nk,10004,in
10006,angekommen,ankommen,VERB,oc,10007,sind
10007,sind,sein,AUX,rc,9998,vermacht
10008,und,und,CCONJ,ju,10014,heben
10009,die,der,PRON,oa,10014,heben
10010,du,du,PRON,sb,10014,heben
10011,bei,bei,ADP,mo,10014,heben
10012,meinem,mein,DET,nk,10013,Bankier
10013,Bankier,Bankier,NOUN,nk,10011,bei
10014,heben,heben,VERB,ROOT,10014,heben
10015,kannst,Kannst,NOUN,mo,10014,heben
10016,.,--,PUNCT,punct,10014,heben
10017,Willst,willst,PRON,ROOT,10017,Willst
10018,du,du,PRON,sb,10017,Willst
10019,dich,dich,PRON,mo,10017,Willst
10020,gleich,gleich,ADV,mo,10021,nach
10021,nach,nach,ADP,mo,10017,Willst
10022,Frankfurt,Frankfurt,PROPN,oa,10023,aufmachen
10023,aufmachen,aufmachen,VERB,re,10025,so
10024,",",--,PUNCT,punct,10025,so
10025,so,so,ADV,mo,10026,lasse
10026,lasse,lassen,VERB,ROOT,10026,lasse
10027,ich,ich,PRON,sb,10026,lasse
10028,dir,dir,PRON,oa,10026,lasse
10029,auf,auf,ADP,mo,10026,lasse
10030,der,der,DET,nk,10031,Stelle
10031,Stelle,Stelle,NOUN,nk,10029,auf
10032,das,der,DET,nk,10034,Zertifikat
10033,nötige,nötig,ADJ,nk,10034,Zertifikat
10034,Zertifikat,Zertifikat,NOUN,oa,10026,lasse
10035,ausfertigen,ausfertigen,VERB,ROOT,10035,ausfertigen
10036,",",--,PUNCT,punct,10035,ausfertigen
10037,damit,damit,SCONJ,cp,10044,werde
10038,dir,dir,PRON,da,10043,ausgezahlt
10039,das,der,DET,nk,10040,Geld
10040,Geld,Geld,NOUN,sb,10044,werde
10041,ohne,ohne,ADP,mo,10043,ausgezahlt
10042,Anstand,Anstand,PROPN,nk,10041,ohne
10043,ausgezahlt,auszahlen,VERB,oc,10044,werde
10044,werde,werden,AUX,mo,10035,ausfertigen
10045,.,--,PUNCT,punct,10035,ausfertigen
10046,«,--,PUNCT,ROOT,10046,«
10047,Den,der,DET,nk,10048,Andres
10048,Andres,Andr,PROPN,ROOT,10048,Andres
10049,machte,machen,VERB,ROOT,10049,machte
10050,die,der,DET,nk,10051,Freude
10051,Freude,Freude,NOUN,sb,10049,machte
10052,sprachlos,sprachlos,ADV,mo,10049,machte
10053,",",--,PUNCT,punct,10049,machte
10054,und,und,CCONJ,cd,10049,machte
10055,der,der,DET,nk,10056,Graf
10056,Graf,Graf,NOUN,sb,10059,ergötzte
10057,von,von,ADP,pg,10056,Graf
10058,Vach,Vach,PROPN,nk,10057,von
10059,ergötzte,ergötzen,VERB,cj,10054,und
10060,sich,sich,PRON,oa,10059,ergötzte
10061,nicht,nicht,PART,ng,10062,wenig
10062,wenig,wenig,ADV,mo,10059,ergötzte
10063,an,an,ADP,svp,10059,ergötzte
10064,dem,der,DET,nk,10065,Entzücken
10065,Entzücken,entzücken,NOUN,ROOT,10065,Entzücken
10066,seines,sein,DET,nk,10068,Dieners
10067,treuen,treu,ADJ,nk,10068,Dieners
10068,Dieners,Diener,NOUN,ag,10065,Entzücken
10069,.,--,PUNCT,punct,10065,Entzücken
10070,Andres,Andres,PROPN,sb,10071,beschloß
10071,beschloß,beschließen,VERB,ROOT,10071,beschloß
10072,",",--,PUNCT,punct,10071,beschloß
10073,als,als,SCONJ,cp,10077,hatte
10074,er,er,PRON,sb,10077,hatte
10075,sich,sich,PRON,oa,10076,gefaßt
10076,gefaßt,fassen,VERB,oc,10077,hatte
10077,hatte,haben,AUX,mo,10071,beschloß
10078,",",--,PUNCT,punct,10071,beschloß
10079,seinem,sein,DET,nk,10080,Weibe
10080,Weibe,Weibe,NOUN,da,10085,bereiten
10081,eine,ein,DET,nk,10083,Freude
10082,unvermutete,unvermutet,ADJ,nk,10083,Freude
10083,Freude,Freude,NOUN,oa,10085,bereiten
10084,zu,zu,PART,pm,10085,bereiten
10085,bereiten,bereiten,VERB,ROOT,10085,bereiten
10086,;,--,PUNCT,punct,10085,bereiten
10087,er,er,PRON,sb,10088,nahm
10088,nahm,nehmen,VERB,ROOT,10088,nahm
10089,daher,daher,ADV,mo,10088,nahm
10090,seines,sein,DET,nk,10091,Herrn
10091,Herrn,Herr,NOUN,oa,10088,nahm
10092,gnädiges,gnädig,ADJ,nk,10093,Anerbieten
10093,Anerbieten,Anerbiet,NOUN,ROOT,10093,Anerbieten
10094,an,an,ADP,svp,10093,Anerbieten
10095,",",--,PUNCT,punct,10093,Anerbieten
10096,und,und,CCONJ,cd,10093,Anerbieten
10097,machte,machen,VERB,cj,10096,und
10098,sich,sich,PRON,oa,10097,machte
10099,",",--,PUNCT,punct,10097,machte
10100,nachdem,nachdem,SCONJ,cp,10103,Urkunde
10101,er,er,PRON,sb,10103,Urkunde
10102,die,der,DET,nk,10103,Urkunde
10103,Urkunde,Urkunde,NOUN,mo,10097,machte
10104,zu,zu,ADP,mnr,10103,Urkunde
10105,seiner,sein,DET,nk,10104,zu
10106,Legitimation,Legitimation,NOUN,oa,10107,erhalten
10107,erhalten,erhalten,VERB,ROOT,10107,erhalten
10108,",",--,PUNCT,punct,10107,erhalten
10109,auf,auf,ADP,mo,10107,erhalten
10110,den,der,DET,nk,10111,Weg
10111,Weg,Weg,NOUN,nk,10109,auf
10112,nach,nach,ADP,mnr,10111,Weg
10113,Frankfurt,Frankfurt,PROPN,nk,10112,nach
10114,.,--,PUNCT,punct,10107,erhalten
10115,Seinem,Seinem,DET,nk,10116,Weibe
10116,Weibe,Weibe,NOUN,da,10119,sagen
10117,ließ,lassen,VERB,ROOT,10117,ließ
10118,er,er,PRON,sb,10117,ließ
10119,sagen,sagen,VERB,oc,10117,ließ
10120,",",--,PUNCT,punct,10119,sagen
10121,wie,wie,SCONJ,mo,10124,Graf
10122,ihn,ihn,PRON,oa,10124,Graf
10123,der,der,DET,nk,10124,Graf
10124,Graf,Graf,NOUN,oc,10119,sagen
10125,mit,mit,ADP,op,10128,verschickt
10126,wichtigen,wichtig,ADJ,nk,10127,Aufträgen
10127,Aufträgen,Auftrag,NOUN,nk,10125,mit
10128,verschickt,verschicken,VERB,oc,10124,Graf
10129,habe,haben,AUX,ROOT,10129,habe
10130,",",--,PUNCT,punct,10129,habe
10131,und,und,CCONJ,cd,10137,werde
10132,er,er,PRON,sb,10137,werde
10133,daher,daher,ADV,mo,10136,ausbleiben
10134,einige,einiger,DET,nk,10135,Tage
10135,Tage,Tag,NOUN,oa,10136,ausbleiben
10136,ausbleiben,ausbleiben,VERB,oc,10137,werde
10137,werde,werden,AUX,mo,10129,habe
10138,.,--,PUNCT,punct,10129,habe
10139,-,--,PUNCT,ROOT,10139,-
10140,Als,als,SCONJ,cp,10141,er
10141,er,er,PRON,mo,10139,-
10142,in,in,ADP,mnr,10141,er
10143,Frankfurt,Frankfurt,PROPN,nk,10142,in
10144,angekommen,ankommen,VERB,mo,10146,wies
10145,",",--,PUNCT,punct,10146,wies
10146,wies,weisen,VERB,ROOT,10146,wies
10147,ihn,ihn,PRON,oa,10146,wies
10148,der,der,DET,nk,10149,Bankier
10149,Bankier,Bankier,NOUN,sb,10146,wies
10150,des,der,DET,nk,10151,Grafen
10151,Grafen,Grafen,NOUN,ag,10149,Bankier
10152,",",--,PUNCT,punct,10149,Bankier
10153,bei,bei,ADP,mo,10157,meldete
10154,dem,der,PRON,nk,10153,bei
10155,er,er,PRON,sb,10157,meldete
10156,sich,sich,PRON,oa,10157,meldete
10157,meldete,melden,VERB,rc,10149,Bankier
10158,",",--,PUNCT,punct,10157,meldete
10159,an,an,ADP,op,10146,wies
10160,einen,einer,PRON,nk,10159,an
10161,andern,anderer,ADJ,nk,10162,Kaufmann
10162,Kaufmann,Kaufmann,NOUN,ROOT,10162,Kaufmann
10163,",",--,PUNCT,punct,10162,Kaufmann
10164,der,der,PRON,sb,10172,sollte
10165,mit,mit,ADP,op,10170,beauftragt
10166,der,der,DET,nk,10167,Auszahlung
10167,Auszahlung,Auszahlung,NOUN,nk,10165,mit
10168,des,der,DET,nk,10169,Legats
10169,Legats,Legat,NOUN,ag,10167,Auszahlung
10170,beauftragt,beauftragen,VERB,pd,10171,sein
10171,sein,sein,AUX,oc,10172,sollte
10172,sollte,sollen,AUX,rc,10162,Kaufmann
10173,.,--,PUNCT,punct,10162,Kaufmann
10174,Andres,Andres,NOUN,sb,10175,fand
10175,fand,finden,VERB,ROOT,10175,fand
10176,ihn,ihn,PRON,oa,10175,fand
10177,endlich,endlich,ADV,mo,10175,fand
10178,und,und,CCONJ,cd,10175,fand
10179,erhielt,erhalten,VERB,cj,10178,und
10180,die,der,DET,nk,10182,Summe
10181,ansehnliche,ansehnlich,ADJ,nk,10182,Summe
10182,Summe,Summe,NOUN,oa,10179,erhielt
10183,wirklich,wirklich,ADV,mo,10184,ausgezahlt
10184,ausgezahlt,auszahlen,VERB,oc,10179,erhielt
10185,.,--,PUNCT,punct,10175,fand
10186,Immer,immer,ADV,mo,10188,an
10187,nur,nur,ADV,mo,10188,an
10188,an,an,ADP,mo,10190,denkend
10189,Giorgina,Giorgina,PROPN,nk,10188,an
10190,denkend,denkend,ADV,ROOT,10190,denkend
10191,",",--,PUNCT,punct,10190,denkend
10192,immer,immer,ADV,mo,10194,trachtend
10193,darnach,darnach,ADV,mo,10194,trachtend
10194,trachtend,trachtend,ADV,cj,10190,denkend
10195,",",--,PUNCT,punct,10190,denkend
10196,ihre,ihr,DET,nk,10197,Freude
10197,Freude,Freude,NOUN,cj,10190,denkend
10198,recht,Recht,ADV,mo,10190,denkend
10199,vollkommen,vollkommen,ADV,mo,10201,machen
10200,zu,zu,PART,pm,10201,machen
10201,machen,machen,VERB,mo,10203,kaufte
10202,",",--,PUNCT,punct,10203,kaufte
10203,kaufte,kaufen,VERB,ROOT,10203,kaufte
10204,er,er,PRON,sb,10203,kaufte
10205,für,für,ADP,mo,10203,kaufte
10206,sie,sie,PRON,nk,10205,für
10207,allerlei,allerlei,DET,nk,10209,Sachen
10208,schöne,schön,ADJ,nk,10209,Sachen
10209,Sachen,Sache,NOUN,oa,10203,kaufte
10210,und,und,CCONJ,cd,10209,Sachen
10211,auch,auch,ADV,mo,10212,eine
10212,eine,ein,DET,cj,10210,und
10213,goldene,golden,ADJ,nk,10214,Nadel
10214,Nadel,Nadel,NOUN,ROOT,10214,Nadel
10215,",",--,PUNCT,punct,10214,Nadel
10216,der,der,PRON,sb,10218,gleich
10217,ganz,ganz,ADV,mo,10218,gleich
10218,gleich,gleich,ADV,rc,10214,Nadel
10219,",",--,PUNCT,punct,10218,gleich
10220,welche,welcher,PRON,oa,10223,geschenkt
10221,ihr,ihr,DET,nk,10222,Denner
10222,Denner,Denner,NOUN,sb,10224,hatte
10223,geschenkt,schenken,VERB,oc,10224,hatte
10224,hatte,haben,AUX,rc,10218,gleich
10225,",",--,PUNCT,punct,10218,gleich
10226,und,und,CCONJ,cd,10214,Nadel
10227,da,da,SCONJ,cj,10226,und
10228,er,er,PRON,cj,10226,und
10229,nun,nun,ADV,mo,10238,konnte
10230,das,der,DET,nk,10232,Felleisen
10231,schwere,schwer,ADJ,nk,10232,Felleisen
10232,Felleisen,Felleise,NOUN,sb,10238,konnte
10233,nicht,nicht,PART,ng,10238,konnte
10234,wohl,wohl,ADV,mo,10238,konnte
10235,als,als,ADP,mo,10237,fortbringen
10236,Fußgänger,Fußgänger,NOUN,nk,10235,als
10237,fortbringen,fortbringen,VERB,oc,10238,konnte
10238,konnte,können,AUX,ROOT,10238,konnte
10239,",",--,PUNCT,punct,10238,konnte
10240,verschaffte,verschaffen,VERB,ROOT,10240,verschaffte
10241,er,er,PRON,sb,10240,verschaffte
10242,sich,sich,PRON,da,10240,verschaffte
10243,ein,ein,DET,nk,10244,Pferd
10244,Pferd,Pferd,NOUN,oa,10240,verschaffte
10245,.,--,PUNCT,punct,10240,verschaffte
10246,So,so,ADV,mo,10247,trat
10247,trat,treten,VERB,ROOT,10247,trat
10248,er,er,PRON,sb,10247,trat
10249,nun,nun,ADV,mo,10247,trat
10250,",",--,PUNCT,punct,10247,trat
10251,nachdem,nachdem,SCONJ,cp,10255,abwesend
10252,er,er,PRON,sb,10255,abwesend
10253,sechs,sechs,NUM,nk,10254,Tage
10254,Tage,Tag,NOUN,oa,10255,abwesend
10255,abwesend,abwesend,ADV,mo,10247,trat
10256,gewesen,sein,AUX,ROOT,10256,gewesen
10257,",",--,PUNCT,punct,10256,gewesen
10258,wohlgemut,Wohlgemut,PROPN,sb,10256,gewesen
10259,seine,sein,DET,nk,10260,Rückreise
10260,Rückreise,Rückreise,NOUN,oa,10258,wohlgemut
10261,an,an,ADP,svp,10258,wohlgemut
10262,.,--,PUNCT,punct,10256,gewesen
10263,Bald,bald,ADV,mo,10264,hatte
10264,hatte,haben,AUX,ROOT,10264,hatte
10265,er,er,PRON,sb,10264,hatte
10266,den,der,DET,nk,10267,Forst
10267,Forst,Forst,NOUN,oa,10264,hatte
10268,und,und,CCONJ,cd,10267,Forst
10269,seine,sein,DET,cj,10268,und
10270,Wohnung,Wohnung,NOUN,oa,10271,erreicht
10271,erreicht,erreichen,VERB,ROOT,10271,erreicht
10272,.,--,PUNCT,punct,10271,erreicht
10273,Er,er,PRON,sb,10274,fand
10274,fand,finden,VERB,ROOT,10274,fand
10275,das,der,DET,nk,10276,Haus
10276,Haus,Haus,NOUN,oa,10274,fand
10277,fest,fest,ADV,mo,10278,verschlossen
10278,verschlossen,verschlossen,VERB,mo,10274,fand
10279,.,--,PUNCT,punct,10274,fand
10280,Laut,laut,ADV,mo,10281,rief
10281,rief,rufen,VERB,ROOT,10281,rief
10282,er,er,PRON,sb,10281,rief
10283,den,der,DET,nk,10284,Knecht
10284,Knecht,Knecht,NOUN,oa,10281,rief
10285,",",--,PUNCT,punct,10281,rief
10286,seine,sein,DET,nk,10287,Giorgina
10287,Giorgina,Giorgina,PROPN,sb,10290,antwortete
10288,",",--,PUNCT,punct,10290,antwortete
10289,niemand,niemand,PRON,sb,10290,antwortete
10290,antwortete,antworten,VERB,ROOT,10290,antwortete
10291,:,--,PUNCT,punct,10290,antwortete
10292,die,der,DET,nk,10293,Hunde
10293,Hunde,Hund,NOUN,sb,10294,winselten
10294,winselten,winselten,VERB,oc,10290,antwortete
10295,im,in,ADP,mo,10297,eingesperrt
10296,Hause,Haus,NOUN,nk,10295,im
10297,eingesperrt,einsperren,VERB,oc,10294,winselten
10298,.,--,PUNCT,punct,10290,antwortete
10299,Da,da,ADV,mo,10300,ahnete
10300,ahnete,ahnen,VERB,ROOT,10300,ahnete
10301,er,er,PRON,sb,10300,ahnete
10302,großes,groß,ADJ,nk,10303,Unglück
10303,Unglück,Unglück,NOUN,oa,10300,ahnete
10304,und,und,CCONJ,cd,10300,ahnete
10305,schlug,schlagen,VERB,cj,10304,und
10306,heftig,heftig,ADV,mo,10305,schlug
10307,an,an,ADP,mo,10305,schlug
10308,die,der,DET,nk,10309,Tür
10309,Tür,Tür,NOUN,nk,10307,an
10310,und,und,CCONJ,cd,10305,schlug
10311,schrie,schreien,VERB,cj,10310,und
10312,laut,laut,ADV,mo,10311,schrie
10313,:,--,PUNCT,punct,10311,schrie
10314,»,--,PUNCT,punct,10315,Giorgina
10315,Giorgina,Giorgina,PROPN,ROOT,10315,Giorgina
10316,!,--,PUNCT,punct,10315,Giorgina
10317,-,--,PUNCT,punct,10318,Giorgina
10318,Giorgina,Giorgina,PROPN,cj,10329,schaute
10319,!,--,PUNCT,punct,10315,Giorgina
10320,«,--,PUNCT,punct,10315,Giorgina
10321,-,--,PUNCT,punct,10323,rauschte
10322,Nun,nun,ADV,mo,10323,rauschte
10323,rauschte,rauschen,VERB,rs,10315,Giorgina
10324,es,es,PRON,ep,10323,rauschte
10325,am,an,ADP,mo,10323,rauschte
10326,Bodenfenster,Bodenfenster,NOUN,nk,10325,am
10327,",",--,PUNCT,punct,10326,Bodenfenster
10328,Giorgina,Giorgina,PROPN,sb,10329,schaute
10329,schaute,schaut,VERB,cj,10323,rauschte
10330,heraus,heraus,ADV,ROOT,10330,heraus
10331,und,und,CCONJ,cd,10330,heraus
10332,rief.-,rief.-,PROPN,cj,10331,und
10333,»,--,PUNCT,punct,10335,Gott
10334,Ach,ach,INTJ,pnc,10335,Gott
10335,Gott,Gott,NOUN,nk,10332,rief.-
10336,!,--,PUNCT,ROOT,10336,!
10337,-,--,PUNCT,punct,10339,Gott
10338,Ach,ach,INTJ,pnc,10339,Gott
10339,Gott,Gott,NOUN,ROOT,10339,Gott
10340,!,--,PUNCT,punct,10339,Gott
10341,Andres,Andres,NOUN,mo,10343,bist
10342,",",--,PUNCT,punct,10343,bist
10343,bist,sein,AUX,ROOT,10343,bist
10344,du,du,PRON,sb,10343,bist
10345,es,es,PRON,oa,10343,bist
10346,?,--,PUNCT,punct,10343,bist
10347,Gepriesen,Gepriesen,NOUN,pd,10348,sei
10348,sei,sein,AUX,ROOT,10348,sei
10349,die,der,DET,sb,10348,sei
10350,Macht,Macht,NOUN,ROOT,10350,Macht
10351,des,der,DET,nk,10352,Himmels
10352,Himmels,Himmel,NOUN,ag,10350,Macht
10353,",",--,PUNCT,punct,10352,Himmels
10354,daß,daß,SCONJ,cp,10359,bist
10355,du,du,PRON,sb,10359,bist
10356,nur,nur,ADV,mo,10357,wieder
10357,wieder,wieder,ADV,mo,10359,bist
10358,da,da,ADV,mo,10359,bist
10359,bist,sein,AUX,oc,10352,Himmels
10360,.,--,PUNCT,punct,10350,Macht
10361,«,--,PUNCT,punct,10350,Macht
10362,Als,als,ADP,mo,10365,durch
10363,Andres,Andres,NOUN,nk,10362,Als
10364,nun,nun,ADV,mo,10365,durch
10365,durch,durch,ADP,ROOT,10365,durch
10366,die,der,DET,nk,10365,durch
10367,geöffnete,geöffnet,ADJ,nk,10368,Tür
10368,Tür,Tür,NOUN,sb,10369,eintrat
10369,eintrat,eintreten,VERB,mo,10371,fiel
10370,",",--,PUNCT,punct,10371,fiel
10371,fiel,fallen,VERB,ROOT,10371,fiel
10372,ihm,ihm,PRON,da,10371,fiel
10373,sein,sein,DET,nk,10374,Weib
10374,Weib,Weib,NOUN,sb,10371,fiel
10375,totenbleich,totenbleich,ADV,mo,10371,fiel
10376,und,und,CCONJ,cd,10375,totenbleich
10377,laut,laut,ADV,mo,10378,heulend
10378,heulend,heulend,ADV,cj,10376,und
10379,in,in,ADP,mo,10371,fiel
10380,die,der,DET,nk,10379,in
10381,Arme,Arm,NOUN,ROOT,10381,Arme
10382,.,--,PUNCT,punct,10381,Arme
10383,Regungslos,Regungslos,ADV,mo,10384,stand
10384,stand,stehen,VERB,ROOT,10384,stand
10385,er,er,PRON,sb,10384,stand
10386,da,da,ADV,svp,10384,stand
10387,;,--,PUNCT,punct,10384,stand
10388,endlich,endlich,ADV,mo,10389,faßte
10389,faßte,fassen,VERB,ROOT,10389,faßte
10390,er,er,PRON,sb,10389,faßte
10391,sein,sein,DET,nk,10392,Weib
10392,Weib,Weib,NOUN,oa,10389,faßte
10393,",",--,PUNCT,punct,10392,Weib
10394,die,der,PRON,sb,10396,erschlafften
10395,mit,mit,ADP,pm,10396,erschlafften
10396,erschlafften,erschlafften,NOUN,oc,10389,faßte
10397,Gliedern,Glieder,NOUN,sb,10401,wollte
10398,zu,zu,ADP,mo,10400,sinken
10399,Boden,Boden,NOUN,nk,10398,zu
10400,sinken,sinken,VERB,oc,10401,wollte
10401,wollte,wollen,AUX,ROOT,10401,wollte
10402,",",--,PUNCT,punct,10401,wollte
10403,und,und,CCONJ,cd,10401,wollte
10404,trug,tragen,VERB,cj,10403,und
10405,sie,sie,PRON,oa,10404,trug
10406,in,in,ADP,mo,10404,trug
10407,die,der,DET,nk,10408,Stube
10408,Stube,Stube,NOUN,nk,10406,in
10409,.,--,PUNCT,punct,10401,wollte
10410,Aber,aber,CCONJ,ju,10412,mit
10411,wie,wie,SCONJ,cm,10412,mit
10412,mit,mit,ADP,ROOT,10412,mit
10413,eisigen,eisig,ADJ,nk,10414,Krallen
10414,Krallen,Kralle,NOUN,oa,10415,packte
10415,packte,packen,VERB,ROOT,10415,packte
10416,ihn,ihn,PRON,oa,10415,packte
10417,das,der,DET,nk,10418,Entsetzen
10418,Entsetzen,entsetzen,NOUN,sb,10415,packte
10419,bei,bei,ADP,mo,10415,packte
10420,dem,der,DET,nk,10422,Anblick
10421,gräßlichen,gräßlich,ADJ,nk,10422,Anblick
10422,Anblick,Anblick,NOUN,nk,10419,bei
10423,.,--,PUNCT,punct,10415,packte
10424,Die,der,DET,nk,10425,ganze
10425,ganze,ganz,ADJ,ROOT,10425,ganze
10426,Stube,Stube,NOUN,ROOT,10426,Stube
10427,voller,voller,ADP,mnr,10426,Stube
10428,Blutflecke,Blutfleck,NOUN,nk,10427,voller
10429,an,an,ADP,mnr,10426,Stube
10430,dem,der,DET,nk,10431,Boden
10431,Boden,Boden,NOUN,nk,10429,an
10432,",",--,PUNCT,punct,10426,Stube
10433,an,an,ADP,par,10426,Stube
10434,den,der,DET,nk,10435,Wänden
10435,Wänden,Wand,NOUN,nk,10433,an
10436,",",--,PUNCT,punct,10426,Stube
10437,sein,sein,DET,nk,10439,Knabe
10438,jüngster,jung,ADJ,nk,10439,Knabe
10439,Knabe,Knabe,NOUN,app,10426,Stube
10440,mit,mit,ADP,svp,10426,Stube
10441,zerschnittener,zerschnitten,ADJ,nk,10442,Brust
10442,Brust,Brust,NOUN,ROOT,10442,Brust
10443,tot,tot,ADV,ROOT,10443,tot
10444,auf,auf,ADP,mo,10443,tot
10445,seinem,sein,DET,nk,10446,Bettchen
10446,Bettchen,Bettchen,NOUN,nk,10444,auf
10447,!,--,PUNCT,punct,10443,tot
10448,-,--,PUNCT,punct,10451,ist
10449,»,--,PUNCT,punct,10451,ist
10450,Wo,wo,ADV,mo,10451,ist
10451,ist,sein,AUX,ROOT,10451,ist
10452,George,George,PROPN,sb,10451,ist
10453,",",--,PUNCT,punct,10451,ist
10454,wo,wo,ADV,mo,10455,ist
10455,ist,sein,AUX,cj,10451,ist
10456,George,George,PROPN,sb,10455,ist
10457,?,--,PUNCT,punct,10451,ist
10458,«,--,PUNCT,punct,10451,ist
10459,schrie,Schrie,NOUN,pnc,10460,Andres
10460,Andres,Andres,NOUN,ROOT,10460,Andres
10461,endlich,endlich,ADV,mo,10460,Andres
10462,auf,auf,ADP,mo,10471,hörte
10463,in,in,ADP,nk,10462,auf
10464,wilder,wild,ADJ,nk,10465,Verzweiflung
10465,Verzweiflung,Verzweiflung,NOUN,nk,10463,in
10466,",",--,PUNCT,punct,10463,in
10467,aber,aber,CCONJ,cd,10463,in
10468,in,in,ADP,mo,10471,hörte
10469,dem,der,DET,nk,10470,Augenblick
10470,Augenblick,Augenblick,NOUN,nk,10468,in
10471,hörte,hören,VERB,ROOT,10471,hörte
10472,er,er,PRON,sb,10479,herabtrippelte
10473,",",--,PUNCT,punct,10472,er
10474,wie,wie,ADP,cm,10476,Knabe
10475,der,der,DET,nk,10476,Knabe
10476,Knabe,Knabe,NOUN,da,10479,herabtrippelte
10477,die,der,DET,nk,10478,Treppe
10478,Treppe,Treppe,NOUN,oa,10479,herabtrippelte
10479,herabtrippelte,herabtrippelen,VERB,ROOT,10479,herabtrippelte
10480,und,und,CCONJ,cd,10479,herabtrippelte
10481,nach,nach,ADP,op,10484,rief
10482,dem,der,DET,nk,10483,Vater
10483,Vater,Vater,NOUN,nk,10481,nach
10484,rief,rufen,VERB,cj,10480,und
10485,.,--,PUNCT,punct,10479,herabtrippelte
10486,-,--,PUNCT,ROOT,10486,-
10487,Zerbrochene,zerbrochen,ADJ,nk,10488,Gläser
10488,Gläser,Gläser,NOUN,ROOT,10488,Gläser
10489,",",--,PUNCT,punct,10488,Gläser
10490,Flaschen,Flasche,NOUN,cj,10488,Gläser
10491,",",--,PUNCT,punct,10488,Gläser
10492,Teller,Teller,NOUN,sb,10493,lagen
10493,lagen,liegen,VERB,par,10488,Gläser
10494,umher,umher,ADV,svp,10493,lagen
10495,.,--,PUNCT,punct,10488,Gläser
10496,Der,der,DET,nk,10499,Tisch
10497,große,groß,ADJ,nk,10499,Tisch
10498,schwere,schwer,ADJ,nk,10499,Tisch
10499,Tisch,Tisch,NOUN,ROOT,10499,Tisch
10500,",",--,PUNCT,punct,10499,Tisch
10501,sonst,sonst,ADV,mo,10505,stehend
10502,an,an,ADP,mo,10505,stehend
10503,der,der,DET,nk,10504,Wand
10504,Wand,Wand,NOUN,nk,10502,an
10505,stehend,stehend,ADV,sb,10507,war
10506,",",--,PUNCT,punct,10507,war
10507,war,sein,AUX,ROOT,10507,war
10508,in,in,ADP,mo,10513,gerückt
10509,die,der,DET,nk,10510,Mitte
10510,Mitte,Mitte,NOUN,nk,10508,in
10511,des,der,DET,nk,10512,Zimmers
10512,Zimmers,Zimmer,NOUN,ag,10510,Mitte
10513,gerückt,rücken,VERB,oc,10507,war
10514,",",--,PUNCT,punct,10513,gerückt
10515,eine,ein,DET,punct,10507,war
10516,sonderbar,sonderbar,ADV,pd,10515,eine
10517,geformte,geformt,ADJ,nk,10518,Kohlpfanne
10518,Kohlpfanne,Kohlpfann,NOUN,ROOT,10518,Kohlpfanne
10519,",",--,PUNCT,punct,10518,Kohlpfanne
10520,mehrere,mehrere,DET,nk,10521,Phiolen
10521,Phiolen,Phiole,NOUN,cj,10518,Kohlpfanne
10522,und,und,CCONJ,cd,10521,Phiolen
10523,eine,ein,DET,nk,10524,Schüssel
10524,Schüssel,Schüssel,NOUN,cj,10522,und
10525,mit,mit,ADP,mnr,10524,Schüssel
10526,geronnenem,geronnen,ADJ,nk,10527,Blut
10527,Blut,Blut,NOUN,nk,10525,mit
10528,standen,stehen,VERB,ROOT,10528,standen
10529,auf,auf,ADP,mo,10528,standen
10530,demselben,derselbe,PRON,nk,10529,auf
10531,.,--,PUNCT,punct,10528,standen
10532,Andres,Andres,NOUN,sb,10533,nahm
10533,nahm,nehmen,VERB,ROOT,10533,nahm
10534,sein,sein,DET,nk,10536,Knäblein
10535,armes,arm,ADJ,nk,10536,Knäblein
10536,Knäblein,Knäblein,NOUN,oa,10533,nahm
10537,aus,aus,ADP,mo,10533,nahm
10538,dem,der,DET,nk,10539,Bette
10539,Bette,Bette,NOUN,nk,10537,aus
10540,.,--,PUNCT,punct,10533,nahm
10541,Giorgina,Giorgina,PROPN,ROOT,10541,Giorgina
10542,verstand,verstehen,VERB,ROOT,10542,verstand
10543,ihn,ihn,PRON,oa,10542,verstand
10544,",",--,PUNCT,punct,10542,verstand
10545,sie,sie,PRON,sb,10546,holte
10546,holte,holen,VERB,cj,10542,verstand
10547,Tücher,Tücher,NOUN,oa,10546,holte
10548,herbei,herbei,ADV,svp,10546,holte
10549,",",--,PUNCT,punct,10546,holte
10550,in,in,ADP,mo,10555,wickelten
10551,die,der,PRON,nk,10550,in
10552,sie,sie,PRON,sb,10555,wickelten
10553,den,der,DET,nk,10554,Leichnam
10554,Leichnam,Leichnam,NOUN,oa,10555,wickelten
10555,wickelten,wickelen,VERB,rc,10547,Tücher
10556,und,und,CCONJ,cd,10555,wickelten
10557,im,in,ADP,cj,10556,und
10558,Garten,Gart,NOUN,oa,10559,begruben
10559,begruben,begruben,VERB,ROOT,10559,begruben
10560,.,--,PUNCT,punct,10559,begruben
10561,Andres,Andres,NOUN,sb,10562,schnitt
10562,schnitt,schneiden,VERB,ROOT,10562,schnitt
10563,ein,ein,DET,nk,10565,Kreuz
10564,kleines,klein,ADJ,nk,10565,Kreuz
10565,Kreuz,Kreuz,NOUN,sb,10562,schnitt
10566,aus,aus,ADP,mnr,10565,Kreuz
10567,Eichenholz,Eichenholz,PROPN,nk,10566,aus
10568,und,und,CCONJ,cd,10562,schnitt
10569,setzte,setzen,VERB,cj,10568,und
10570,es,es,PRON,oa,10569,setzte
10571,auf,auf,ADP,ROOT,10571,auf
10572,den,der,DET,nk,10573,Grabhügel
10573,Grabhügel,Grabhügel,NOUN,nk,10571,auf
10574,.,--,PUNCT,ROOT,10574,.
10575,Kein,kein,DET,nk,10576,Wort
10576,Wort,Wort,NOUN,ROOT,10576,Wort
10577,",",--,PUNCT,punct,10576,Wort
10578,kein,kein,DET,nk,10579,Laut
10579,Laut,laut,ADP,mo,10584,unglücklichen
10580,entfloh,Entfloh,DET,nk,10579,Laut
10581,den,der,DET,nk,10582,Lippen
10582,Lippen,Lippe,NOUN,da,10579,Laut
10583,der,der,DET,nk,10584,unglücklichen
10584,unglücklichen,unglücklich,ADJ,oc,10576,Wort
10585,Eltern,Eltern,NOUN,ROOT,10585,Eltern
10586,.,--,PUNCT,punct,10585,Eltern
10587,In,in,ADP,mo,10595,vollendet
10588,dumpfem,dumpf,ADJ,nk,10590,Schweigen
10589,düsterem,düster,ADJ,nk,10590,Schweigen
10590,Schweigen,schweigen,NOUN,nk,10587,In
10591,hatten,haben,AUX,ROOT,10591,hatten
10592,sie,sie,PRON,sb,10591,hatten
10593,die,der,DET,nk,10594,Arbeit
10594,Arbeit,Arbeit,NOUN,oa,10595,vollendet
10595,vollendet,vollenden,VERB,oc,10591,hatten
10596,und,und,CCONJ,cd,10591,hatten
10597,saßen,sitzen,VERB,cj,10596,und
10598,nun,nun,ADV,mo,10599,vor
10599,vor,vor,ADP,ROOT,10599,vor
10600,dem,der,DET,nk,10601,Hause
10601,Hause,Haus,NOUN,nk,10599,vor
10602,in,in,ADP,mnr,10601,Hause
10603,der,der,DET,nk,10604,Abenddämmerung
10604,Abenddämmerung,Abenddämmerung,NOUN,nk,10602,in
10605,",",--,PUNCT,punct,10604,Abenddämmerung
10606,den,der,DET,nk,10608,Blick
10607,starren,starr,ADJ,nk,10608,Blick
10608,Blick,Blick,NOUN,nk,10599,vor
10609,in,in,ADP,mnr,10608,Blick
10610,die,der,DET,nk,10611,Ferne
10611,Ferne,Ferne,NOUN,nk,10609,in
10612,gerichtet,richten,VERB,ROOT,10612,gerichtet
10613,.,--,PUNCT,punct,10612,gerichtet
10614,Erst,erst,ADV,mo,10617,Tag
10615,den,der,DET,nk,10617,Tag
10616,andern,anderer,ADJ,nk,10617,Tag
10617,Tag,Tag,NOUN,oa,10618,konnte
10618,konnte,können,AUX,ROOT,10618,konnte
10619,Giorgina,Giorgina,PROPN,sb,10618,konnte
10620,den,der,DET,nk,10621,Verlauf
10621,Verlauf,Verlauf,NOUN,oa,10618,konnte
10622,dessen,der,PRON,ag,10621,Verlauf
10623,",",--,PUNCT,punct,10622,dessen
10624,was,wer,PRON,re,10622,dessen
10625,sich,sich,PRON,oa,10626,in
10626,in,in,ADP,mo,10618,konnte
10627,Andres,Andr,NOUN,ag,10629,Abwesenheit
10628,',--,PUNCT,punct,10627,Andres
10629,Abwesenheit,Abwesenheit,NOUN,oa,10630,zugetragen
10630,zugetragen,zugetragen,VERB,oc,10632,erzählen
10631,",",--,PUNCT,punct,10632,erzählen
10632,erzählen,erzählen,VERB,ROOT,10632,erzählen
10633,.,--,PUNCT,punct,10632,erzählen
10634,Am,an,ADP,mo,10640,sein
10635,vierten,vierter,ADJ,nk,10636,Tage
10636,Tage,Tag,NOUN,nk,10634,Am
10637,",",--,PUNCT,punct,10636,Tage
10638,nachdem,nachdem,SCONJ,cp,10640,sein
10639,Andres,Andres,NOUN,nk,10638,nachdem
10640,sein,sein,AUX,ROOT,10640,sein
10641,Haus,Haus,NOUN,oa,10642,verlassen
10642,verlassen,verlassen,VERB,mo,10644,hatte
10643,",",--,PUNCT,punct,10644,hatte
10644,hatte,haben,AUX,ROOT,10644,hatte
10645,der,der,DET,nk,10646,Knecht
10646,Knecht,Knecht,NOUN,sb,10644,hatte
10647,zur,zu,ADP,mo,10644,hatte
10648,Mittagszeit,Mittagszeit,NOUN,nk,10647,zur
10649,wieder,wieder,ADV,mo,10644,hatte
10650,allerlei,allerlei,DET,nk,10651,verdächtige
10651,verdächtige,verdächtig,NOUN,oa,10644,hatte
10652,Gestalten,Gestalt,NOUN,ROOT,10652,Gestalten
10653,durch,durch,ADP,mo,10656,wanken
10654,den,der,DET,nk,10655,Wald
10655,Wald,Wald,NOUN,nk,10653,durch
10656,wanken,wanken,VERB,oc,10657,gesehen
10657,gesehen,sehen,VERB,oc,10652,Gestalten
10658,",",--,PUNCT,punct,10652,Gestalten
10659,und,und,CCONJ,cd,10652,Gestalten
10660,Giorgina,Giorgina,PROPN,sb,10663,Mannes
10661,deshalb,deshalb,ADV,mo,10663,Mannes
10662,des,der,DET,nk,10663,Mannes
10663,Mannes,Mann,NOUN,cj,10659,und
10664,Rückkehr,Rückkehr,NOUN,sb,10666,gewünscht
10665,herzlich,herzlich,ADV,mo,10666,gewünscht
10666,gewünscht,wünschen,VERB,ROOT,10666,gewünscht
10667,.,--,PUNCT,punct,10666,gewünscht
10668,Mitten,mitten,ADV,mo,10669,in
10669,in,in,ADP,mo,10672,wurde
10670,der,der,DET,nk,10671,Nacht
10671,Nacht,Nacht,NOUN,nk,10669,in
10672,wurde,werden,AUX,ROOT,10672,wurde
10673,sie,sie,PRON,sb,10672,wurde
10674,durch,durch,ADP,mo,10672,wurde
10675,lautes,laut,ADJ,nk,10676,Toben
10676,Toben,Toben,NOUN,nk,10674,durch
10677,und,und,CCONJ,ROOT,10677,und
10678,Schreien,schreien,NOUN,oa,10686,geweckt
10679,dicht,dicht,ADV,mo,10680,vor
10680,vor,vor,ADP,mo,10686,geweckt
10681,dem,der,DET,nk,10682,Hause
10682,Hause,Haus,NOUN,nk,10680,vor
10683,aus,aus,ADP,mo,10686,geweckt
10684,dem,der,DET,nk,10685,Schlafe
10685,Schlafe,Schlafe,NOUN,nk,10683,aus
10686,geweckt,wecken,VERB,cj,10677,und
10687,",",--,PUNCT,punct,10690,stürzte
10688,der,der,DET,nk,10689,Knecht
10689,Knecht,Knecht,NOUN,da,10690,stürzte
10690,stürzte,stürzen,VERB,cj,10677,und
10691,herein,herein,ADV,ROOT,10691,herein
10692,und,und,CCONJ,cd,10691,herein
10693,verkündete,verkünden,VERB,cj,10692,und
10694,voller,voll,ADP,mo,10693,verkündete
10695,Schreck,Schreck,PROPN,nk,10694,voller
10696,",",--,PUNCT,punct,10693,verkündete
10697,daß,daß,SCONJ,cp,10703,umringt
10698,das,der,DET,nk,10700,Haus
10699,ganze,ganz,ADJ,nk,10700,Haus
10700,Haus,Haus,NOUN,sb,10703,umringt
10701,von,von,ADP,pg,10700,Haus
10702,Räubern,Räuber,NOUN,nk,10701,von
10703,umringt,umringen,VERB,oc,10693,verkündete
10704,und,und,CCONJ,ju,10712,sei
10705,an,an,ADP,op,10711,denken
10706,eine,ein,DET,nk,10707,Gegenwehr
10707,Gegenwehr,Gegenwehr,NOUN,nk,10705,an
10708,gar,gar,ADV,mo,10709,nicht
10709,nicht,nicht,PART,ng,10711,denken
10710,zu,zu,PART,pm,10711,denken
10711,denken,denken,VERB,oc,10712,sei
10712,sei,sein,AUX,ROOT,10712,sei
10713,.,--,PUNCT,punct,10712,sei
10714,Die,der,DET,nk,10715,Doggen
10715,Doggen,Dogg,NOUN,sb,10716,wüteten
10716,wüteten,wüten,VERB,ROOT,10716,wüteten
10717,",",--,PUNCT,punct,10716,wüteten
10718,aber,aber,CCONJ,cd,10716,wüteten
10719,bald,bald,ADV,mo,10716,wüteten
10720,schien,scheinen,VERB,ROOT,10720,schien
10721,es,es,PRON,sb,10720,schien
10722,",",--,PUNCT,punct,10720,schien
10723,als,als,SCONJ,cm,10724,würden
10724,würden,werden,AUX,oc,10720,schien
10725,sie,sie,PRON,sb,10724,würden
10726,beschwichtigt,beschwichtigen,VERB,oc,10724,würden
10727,und,und,CCONJ,cd,10724,würden
10728,man,man,PRON,sb,10729,rief
10729,rief,rufen,VERB,cj,10727,und
10730,laut,laut,ADP,svp,10729,rief
10731,:,--,PUNCT,punct,10729,rief
10732,»,--,PUNCT,punct,10733,Andres
10733,Andres,Andres,NOUN,oc,10729,rief
10734,!,--,PUNCT,punct,10733,Andres
10735,-,--,PUNCT,punct,10736,Andres
10736,Andres,Andr,NOUN,cj,10733,Andres
10737,!,--,PUNCT,punct,10720,schien
10738,«,--,PUNCT,punct,10720,schien
10739,-,--,PUNCT,punct,10742,faßte
10740,Der,der,DET,nk,10741,Knecht
10741,Knecht,Knecht,NOUN,sb,10742,faßte
10742,faßte,fassen,VERB,ROOT,10742,faßte
10743,sich,sich,PRON,oa,10742,faßte
10744,ein,ein,DET,nk,10745,Herz
10745,Herz,Herz,NOUN,sb,10742,faßte
10746,",",--,PUNCT,punct,10742,faßte
10747,öffnete,öffnen,VERB,cj,10742,faßte
10748,ein,ein,DET,nk,10749,Fenster
10749,Fenster,Fenster,NOUN,sb,10747,öffnete
10750,und,und,CCONJ,cd,10747,öffnete
10751,rief,rufen,VERB,cj,10750,und
10752,herab,herab,ADV,mo,10751,rief
10753,",",--,PUNCT,punct,10751,rief
10754,daß,daß,SCONJ,ROOT,10754,daß
10755,der,der,DET,ROOT,10755,der
10756,Revierjäger,Revierjäger,ADJ,nk,10757,Andres
10757,Andres,Andres,NOUN,sb,10761,sei
10758,nicht,nicht,PART,ng,10761,sei
10759,zu,zu,ADP,mo,10761,sei
10760,Hause,Haus,NOUN,nk,10759,zu
10761,sei,sein,AUX,ROOT,10761,sei
10762,.,--,PUNCT,punct,10761,sei
10763,»,--,PUNCT,punct,10767,tut
10764,Nun,nun,ADV,mo,10767,tut
10765,",",--,PUNCT,punct,10767,tut
10766,es,es,PRON,ep,10767,tut
10767,tut,tun,VERB,oc,10771,antwortete
10768,nichts,nichts,PRON,oa,10767,tut
10769,«,--,PUNCT,punct,10767,tut
10770,",",--,PUNCT,punct,10771,antwortete
10771,antwortete,antworten,VERB,ROOT,10771,antwortete
10772,eine,ein,DET,sb,10771,antwortete
10773,Stimme,Stimme,NOUN,cj,10786,müssen
10774,von,von,ADP,mnr,10773,Stimme
10775,unten,unten,ADV,nk,10774,von
10776,herauf,herauf,ADV,svp,10773,Stimme
10777,",",--,PUNCT,punct,10773,Stimme
10778,»,--,PUNCT,punct,10779,öffne
10779,öffne,öffnen,VERB,oc,10773,Stimme
10780,nur,nur,ADV,mo,10782,Tür
10781,die,der,DET,nk,10782,Tür
10782,Tür,Tür,NOUN,sb,10779,öffne
10783,",",--,PUNCT,punct,10773,Stimme
10784,denn,denn,CCONJ,cd,10786,müssen
10785,wir,wir,PRON,sb,10786,müssen
10786,müssen,müssen,AUX,ROOT,10786,müssen
10787,bei,bei,ADP,mo,10786,müssen
10788,euch,euch,PRON,nk,10787,bei
10789,einkehren,einkehren,VERB,ROOT,10789,einkehren
10790,",",--,PUNCT,punct,10789,einkehren
10791,Andres,Andres,NOUN,sb,10792,wird
10792,wird,werden,AUX,cj,10789,einkehren
10793,bald,bald,ADV,mo,10794,nachfolgen
10794,nachfolgen,nachfolgen,VERB,oc,10792,wird
10795,.,--,PUNCT,punct,10789,einkehren
10796,«,--,PUNCT,punct,10789,einkehren
10797,Was,was,PRON,sb,10798,blieb
10798,blieb,bleiben,VERB,ROOT,10798,blieb
10799,dem,der,DET,nk,10800,Knecht
10800,Knecht,Knecht,NOUN,da,10798,blieb
10801,übrig,übrig,ADV,svp,10798,blieb
10802,",",--,PUNCT,punct,10798,blieb
10803,als,als,SCONJ,mo,10798,blieb
10804,die,der,DET,nk,10803,als
10805,Tür,Tür,NOUN,oa,10807,öffnen
10806,zu,zu,PART,pm,10807,öffnen
10807,öffnen,öffnen,VERB,ROOT,10807,öffnen
10808,;,--,PUNCT,punct,10807,öffnen
10809,da,da,SCONJ,mo,10810,strömte
10810,strömte,strömn,VERB,ROOT,10810,strömte
10811,der,der,DET,nk,10813,Haufe
10812,helle,hell,ADJ,nk,10813,Haufe
10813,Haufe,Hauf,NOUN,sb,10810,strömte
10814,der,der,DET,nk,10815,Räuber
10815,Räuber,Räuber,NOUN,ag,10813,Haufe
10816,herein,herein,ADV,svp,10810,strömte
10817,und,und,CCONJ,cd,10810,strömte
10818,begrüßte,begrüßen,VERB,cj,10817,und
10819,Giorgina,Giorgina,PROPN,ROOT,10819,Giorgina
10820,als,als,ADP,mo,10819,Giorgina
10821,die,der,DET,nk,10822,Frau
10822,Frau,Frau,NOUN,nk,10820,als
10823,ihres,ihr,DET,nk,10824,Kameraden
10824,Kameraden,Kamerad,NOUN,ag,10822,Frau
10825,",",--,PUNCT,punct,10822,Frau
10826,dem,der,PRON,da,10819,Giorgina
10827,der,der,DET,nk,10828,Hauptmann
10828,Hauptmann,Hauptmann,NOUN,cj,10819,Giorgina
10829,Freiheit,Freiheit,NOUN,nk,10828,Hauptmann
10830,und,und,CCONJ,cd,10829,Freiheit
10831,Leben,Leben,NOUN,cj,10830,und
10832,zu,zu,ADP,mo,10819,Giorgina
10833,danken,danken,VERB,oc,10834,habe
10834,habe,haben,AUX,ROOT,10834,habe
10835,.,--,PUNCT,punct,10834,habe
10836,Sie,sie,PRON,sb,10837,verlangten
10837,verlangten,verlangen,VERB,ROOT,10837,verlangten
10838,",",--,PUNCT,punct,10837,verlangten
10839,daß,daß,SCONJ,cp,10845,bereiten
10840,Giorgina,Giorgina,PROPN,sb,10845,bereiten
10841,ihnen,ihnen,PRON,da,10845,bereiten
10842,ein,ein,DET,nk,10844,Essen
10843,tüchtiges,tüchtig,ADJ,nk,10844,Essen
10844,Essen,Essen,NOUN,oa,10845,bereiten
10845,bereiten,bereiten,VERB,oc,10837,verlangten
10846,möge,mögen,AUX,ROOT,10846,möge
10847,",",--,PUNCT,punct,10846,möge
10848,weil,weil,SCONJ,cp,10855,vollbracht
10849,sie,sie,PRON,sb,10855,vollbracht
10850,nachts,nachts,ADV,mo,10855,vollbracht
10851,ein,ein,DET,nk,10853,Stück
10852,schweres,schwer,ADJ,nk,10853,Stück
10853,Stück,Stück,NOUN,oa,10855,vollbracht
10854,Arbeit,Arbeit,NOUN,nk,10853,Stück
10855,vollbracht,vollbringen,VERB,mo,10846,möge
10856,",",--,PUNCT,punct,10855,vollbracht
10857,das,der,PRON,sb,10846,möge
10858,aber,aber,ADV,mo,10857,das
10859,herrlich,herrlich,ADV,pd,10857,das
10860,gelungen,gelingen,VERB,oc,10861,sei
10861,sei,sein,AUX,ROOT,10861,sei
10862,.,--,PUNCT,punct,10861,sei
10863,Zitternd,Zitternd,ADV,mo,10866,machte
10864,und,und,CCONJ,cd,10863,Zitternd
10865,bebend,bebend,ADV,cj,10864,und
10866,machte,machen,VERB,ROOT,10866,machte
10867,Giorgina,Giorgina,PROPN,sb,10866,machte
10868,in,in,ADP,mo,10866,machte
10869,der,der,DET,nk,10870,Küche
10870,Küche,Küche,NOUN,nk,10868,in
10871,ein,ein,DET,nk,10873,Feuer
10872,großes,groß,ADJ,nk,10873,Feuer
10873,Feuer,Feuer,NOUN,oa,10866,machte
10874,an,an,ADP,mo,10876,bereitete
10875,und,und,CCONJ,ju,10876,bereitete
10876,bereitete,bereiten,VERB,ROOT,10876,bereitete
10877,das,der,DET,nk,10878,Mahl
10878,Mahl,Mahl,NOUN,sb,10876,bereitete
10879,",",--,PUNCT,punct,10878,Mahl
10880,wozu,wozu,SCONJ,mo,10882,Wildpret
10881,sie,sie,PRON,nk,10880,wozu
10882,Wildpret,Wildpret,NOUN,oa,10876,bereitete
10883,",",--,PUNCT,punct,10882,Wildpret
10884,Wein,Wein,NOUN,cj,10882,Wildpret
10885,und,und,CCONJ,cd,10884,Wein
10886,allerlei,allerlei,DET,nk,10887,andere
10887,andere,anderer,PRON,cj,10885,und
10888,Ingredienzien,Ingredienzie,NOUN,sb,10893,empfing
10889,von,von,ADP,pg,10888,Ingredienzien
10890,einem,ein,PRON,nk,10889,von
10891,der,der,DET,nk,10892,Räuber
10892,Räuber,Räuber,NOUN,nk,10889,von
10893,empfing,empfangen,VERB,ROOT,10893,empfing
10894,",",--,PUNCT,punct,10893,empfing
10895,der,der,PRON,dep,10893,empfing
10896,der,der,DET,nk,10899,Kellermeister
10897,Küchen-,Küche,X,cj,10898,und
10898,und,und,CCONJ,cd,10899,Kellermeister
10899,Kellermeister,Kellermeister,NOUN,ag,10895,der
10900,der,der,DET,nk,10901,Bande
10901,Bande,Bande,NOUN,og,10903,sein
10902,zu,zu,PART,pm,10903,sein
10903,sein,sein,AUX,oc,10904,schien
10904,schien,scheinen,VERB,ROOT,10904,schien
10905,.,--,PUNCT,punct,10904,schien
10906,Der,der,DET,nk,10907,Knecht
10907,Knecht,Knecht,NOUN,sb,10908,mußte
10908,mußte,müssen,AUX,ROOT,10908,mußte
10909,den,der,DET,nk,10910,Tisch
10910,Tisch,Tisch,NOUN,oa,10911,decken
10911,decken,decken,VERB,oc,10908,mußte
10912,und,und,CCONJ,cd,10911,decken
10913,das,der,DET,nk,10914,Geschirr
10914,Geschirr,Geschirr,NOUN,cj,10912,und
10915,herbeibringen,herbeibringen,VERB,ROOT,10915,herbeibringen
10916,.,--,PUNCT,punct,10915,herbeibringen
10917,Er,er,PRON,sb,10918,nahm
10918,nahm,nehmen,VERB,ROOT,10918,nahm
10919,den,der,DET,nk,10920,Augenblick
10920,Augenblick,Augenblick,NOUN,oa,10918,nahm
10921,wahr,wahr,ADV,svp,10918,nahm
10922,und,und,CCONJ,cd,10918,nahm
10923,schlich,schlich,ADV,cj,10922,und
10924,sich,sich,PRON,oa,10923,schlich
10925,fort,fort,ADV,mo,10926,zu
10926,zu,zu,ADP,mnr,10924,sich
10927,seiner,sein,DET,nk,10928,Frau
10928,Frau,Frau,NOUN,nk,10926,zu
10929,in,in,ADP,ROOT,10929,in
10930,die,der,DET,nk,10931,Küche
10931,Küche,Küche,NOUN,nk,10929,in
10932,.,--,PUNCT,punct,10929,in
10933,»,--,PUNCT,punct,10935,wißt
10934,Ach,ach,INTJ,oa,10935,wißt
10935,wißt,wissen,VERB,oc,10940,fing
10936,Ihr,ihr,PRON,sb,10935,wißt
10937,wohl,wohl,ADV,mo,10935,wißt
10938,«,--,PUNCT,punct,10935,wißt
10939,",",--,PUNCT,punct,10940,fing
10940,fing,fing,VERB,ROOT,10940,fing
10941,er,er,PRON,sb,10940,fing
10942,voller,voller,ADP,mo,10940,fing
10943,Entsetzen,entsetzen,NOUN,nk,10942,voller
10944,an,an,ADP,svp,10940,fing
10945,",",--,PUNCT,punct,10940,fing
10946,»,--,PUNCT,punct,10940,fing
10947,was,was,PRON,oa,10940,fing
10948,für,für,ADP,mnr,10947,was
10949,eine,ein,PRON,nk,10948,für
10950,Tat,Tat,NOUN,sb,10957,haben
10951,die,der,DET,nk,10952,Räuber
10952,Räuber,Räuber,NOUN,sb,10957,haben
10953,in,in,ADP,mo,10956,verübt
10954,dieser,dieser,DET,nk,10955,Nacht
10955,Nacht,Nacht,NOUN,nk,10953,in
10956,verübt,verüben,VERB,oc,10957,haben
10957,haben,haben,AUX,ROOT,10957,haben
10958,?,--,PUNCT,punct,10957,haben
10959,Nach,nach,ADP,ROOT,10959,Nach
10960,langer,lang,ADJ,nk,10961,Abwesenheit
10961,Abwesenheit,Abwesenheit,NOUN,nk,10959,Nach
10962,und,und,CCONJ,cd,10959,Nach
10963,nach,nach,ADP,cj,10962,und
10964,langer,lang,ADJ,nk,10965,Vorbereitung
10965,Vorbereitung,Vorbereitung,NOUN,da,10966,haben
10966,haben,haben,AUX,ROOT,10966,haben
10967,sie,sie,PRON,sb,10966,haben
10968,vor,vor,ADP,mo,10966,haben
10969,etlichen,etlicher,DET,nk,10970,Stunden
10970,Stunden,Stunde,NOUN,nk,10968,vor
10971,das,der,DET,nk,10972,Schloß
10972,Schloß,Schloß,NOUN,oa,10966,haben
10973,des,der,DET,nk,10974,Herrn
10974,Herrn,Herr,NOUN,ag,10972,Schloß
10975,Grafen,Grafen,PROPN,nk,10974,Herrn
10976,von,von,ADP,sbp,10978,überfallen
10977,Vach,Vach,PROPN,nk,10976,von
10978,überfallen,überfallen,VERB,ROOT,10978,überfallen
10979,",",--,PUNCT,punct,10978,überfallen
10980,und,und,CCONJ,cd,10978,überfallen
10981,nach,nach,ADP,cj,10980,und
10982,tapferer,tapfer,ADJ,nk,10983,Gegenwehr
10983,Gegenwehr,Gegenwehr,NOUN,nk,10981,nach
10984,mehrere,mehrere,PRON,ROOT,10984,mehrere
10985,seiner,sein,DET,nk,10986,Leute
10986,Leute,Leute,NOUN,ag,10984,mehrere
10987,und,und,CCONJ,cd,10986,Leute
10988,ihn,ihn,PRON,cj,10987,und
10989,selbst,selbst,ADV,mo,10990,getötet
10990,getötet,töten,VERB,ROOT,10990,getötet
10991,",",--,PUNCT,punct,10990,getötet
10992,das,der,DET,nk,10993,Schloß
10993,Schloß,Schloß,NOUN,oa,10995,angezündet
10994,aber,aber,ADV,mo,10995,angezündet
10995,angezündet,anzünden,VERB,oc,10990,getötet
10996,.,--,PUNCT,punct,10990,getötet
10997,«,--,PUNCT,punct,10990,getötet
10998,Giorgina,Giorgina,PROPN,sb,10999,schrie
10999,schrie,schreien,VERB,ROOT,10999,schrie
11000,unaufhörlich,unaufhörlich,ADV,mo,10999,schrie
11001,:,--,PUNCT,punct,10999,schrie
11002,»,--,PUNCT,punct,11003,Ach
11003,Ach,ach,INTJ,ROOT,11003,Ach
11004,mein,mein,DET,nk,11005,Mann
11005,Mann,Mann,NOUN,ROOT,11005,Mann
11006,",",--,PUNCT,punct,11005,Mann
11007,wenn,wenn,SCONJ,cp,11015,wäre
11008,mein,mein,DET,nk,11009,Mann
11009,Mann,Mann,NOUN,sb,11015,wäre
11010,nur,nur,ADV,mo,11011,auf
11011,auf,auf,ADP,mo,11014,gewesen
11012,dem,der,DET,nk,11013,Schlosse
11013,Schlosse,Schlosse,NOUN,nk,11011,auf
11014,gewesen,sein,AUX,oc,11015,wäre
11015,wäre,sein,AUX,oc,11005,Mann
11016,-,--,PUNCT,punct,11015,wäre
11017,Ach,Ach,INTJ,cj,11015,wäre
11018,",",--,PUNCT,punct,11015,wäre
11019,der,der,DET,nk,11020,arme
11020,arme,Arm,NOUN,cj,11005,Mann
11021,Herr,Herr,NOUN,ROOT,11021,Herr
11022,!,--,PUNCT,punct,11021,Herr
11023,«,--,PUNCT,punct,11021,Herr
11024,-,--,PUNCT,punct,11027,tobten
11025,Die,der,DET,nk,11026,Räuber
11026,Räuber,Räuber,NOUN,sb,11027,tobten
11027,tobten,toben,VERB,ROOT,11027,tobten
11028,und,und,CCONJ,cd,11027,tobten
11029,sangen,singen,VERB,cj,11028,und
11030,unterdessen,unterdessen,ADV,mo,11029,sangen
11031,in,in,ADP,mo,11029,sangen
11032,der,der,DET,nk,11033,Stube
11033,Stube,Stube,NOUN,nk,11031,in
11034,und,und,CCONJ,cd,11029,sangen
11035,ließen,lassen,VERB,cj,11034,und
11036,sich,sich,PRON,oa,11035,ließen
11037,den,der,DET,nk,11038,Wein
11038,Wein,Wein,NOUN,oa,11040,schmecken
11039,wohl,wohl,ADV,mo,11040,schmecken
11040,schmecken,schmecken,VERB,ROOT,11040,schmecken
11041,",",--,PUNCT,punct,11040,schmecken
11042,bis,bis,SCONJ,cp,11047,wurde
11043,ihnen,ihnen,PRON,da,11046,aufgetragen
11044,das,der,DET,nk,11045,Mahl
11045,Mahl,Mahl,NOUN,sb,11047,wurde
11046,aufgetragen,aufgetragen,VERB,oc,11047,wurde
11047,wurde,werden,AUX,mo,11040,schmecken
11048,.,--,PUNCT,punct,11040,schmecken
11049,Der,der,DET,nk,11050,Morgen
11050,Morgen,Morgen,NOUN,sb,11051,fing
11051,fing,fing,VERB,ROOT,11051,fing
11052,schon,schon,ADV,mo,11053,an
11053,an,an,ADP,mo,11060,erschien
11054,zu,zu,PART,pm,11055,dämmern
11055,dämmern,dämmern,VERB,nk,11053,an
11056,als,als,ADP,mo,11060,erschien
11057,der,der,DET,nk,11059,Denner
11058,verhaßte,verhaßt,ADJ,nk,11059,Denner
11059,Denner,Denner,NOUN,nk,11056,als
11060,erschien,erscheinen,VERB,ROOT,11060,erschien
11061,;,--,PUNCT,punct,11060,erschien
11062,nun,nun,ADV,mo,11063,wurden
11063,wurden,werden,AUX,ROOT,11063,wurden
11064,die,der,DET,nk,11065,Kisten
11065,Kisten,Kiste,NOUN,sb,11063,wurden
11066,und,und,CCONJ,cd,11065,Kisten
11067,Felleisen,Felleise,NOUN,ROOT,11067,Felleisen
11068,",",--,PUNCT,punct,11067,Felleisen
11069,die,der,PRON,oa,11074,mitgebracht
11070,sie,sie,PRON,sb,11075,hatten
11071,auf,auf,ADP,mo,11074,mitgebracht
11072,ihren,ihr,DET,nk,11073,Packpferden
11073,Packpferden,Packpferde,NOUN,nk,11071,auf
11074,mitgebracht,mitbringen,VERB,oc,11075,hatten
11075,hatten,haben,AUX,rc,11067,Felleisen
11076,",",--,PUNCT,punct,11077,geöffnet
11077,geöffnet,öffnen,VERB,oc,11067,Felleisen
11078,.,--,PUNCT,punct,11067,Felleisen
11079,Giorgina,Giorgina,PROPN,ROOT,11079,Giorgina
11080,hörte,hören,VERB,ROOT,11080,hörte
11081,",",--,PUNCT,punct,11080,hörte
11082,wie,wie,SCONJ,mo,11086,zählten
11083,sie,sie,PRON,sb,11086,zählten
11084,vieles,viele,DET,nk,11085,Geld
11085,Geld,Geld,NOUN,oa,11086,zählten
11086,zählten,zählen,VERB,oc,11080,hörte
11087,und,und,CCONJ,cd,11086,zählten
11088,wie,wie,ADP,mo,11091,klirrten
11089,die,der,DET,nk,11090,Silbergeschirre
11090,Silbergeschirre,Silbergeschirre,NOUN,sb,11091,klirrten
11091,klirrten,klirren,VERB,cj,11087,und
11092,;,--,PUNCT,punct,11080,hörte
11093,es,es,PRON,ROOT,11093,es
11094,schien,scheinen,VERB,ROOT,11094,schien
11095,alles,alle,PRON,sb,11094,schien
11096,verzeichnet,verzeichnen,VERB,oc,11098,werden
11097,zu,zu,PART,pm,11098,werden
11098,werden,werden,AUX,oc,11094,schien
11099,.,--,PUNCT,punct,11094,schien
11100,Endlich,endlich,ADV,ROOT,11100,Endlich
11101,als,als,SCONJ,cm,11106,geworden
11102,es,es,PRON,sb,11106,geworden
11103,schon,schon,ADV,mo,11104,Lichter
11104,Lichter,Licht,NOUN,pd,11106,geworden
11105,Tag,Tag,NOUN,pd,11106,geworden
11106,geworden,werden,AUX,cc,11100,Endlich
11107,",",--,PUNCT,punct,11100,Endlich
11108,brachen,brechen,VERB,ROOT,11108,brachen
11109,die,der,DET,nk,11110,Räuber
11110,Räuber,Räuber,NOUN,sb,11108,brachen
11111,auf,auf,ADP,svp,11108,brachen
11112,",",--,PUNCT,punct,11108,brachen
11113,nur,nur,ADV,mo,11114,Denner
11114,Denner,Denner,NOUN,sb,11115,blieb
11115,blieb,bleiben,VERB,cj,11108,brachen
11116,zurück,zurück,ADV,svp,11115,blieb
11117,.,--,PUNCT,punct,11108,brachen
11118,Er,er,PRON,sb,11119,nahm
11119,nahm,nehmen,VERB,ROOT,11119,nahm
11120,eine,ein,DET,nk,11121,freundliche
11121,freundliche,freundlich,ADJ,oa,11119,nahm
11122,leutselige,leutselig,ADJ,nk,11123,Miene
11123,Miene,Miene,NOUN,ROOT,11123,Miene
11124,an,an,ADP,svp,11123,Miene
11125,",",--,PUNCT,punct,11123,Miene
11126,und,und,CCONJ,cd,11123,Miene
11127,sprach,sprechen,VERB,cj,11126,und
11128,zu,zu,ADP,mo,11127,sprach
11129,Giorgina,Giorgina,PROPN,nk,11128,zu
11130,:,--,PUNCT,punct,11127,sprach
11131,»,--,PUNCT,punct,11133,seid
11132,Ihr,ihr,PRON,sb,11133,seid
11133,seid,sein,AUX,oc,11127,sprach
11134,wohl,wohl,ADV,mo,11136,erschreckt
11135,recht,recht,ADV,mo,11136,erschreckt
11136,erschreckt,erschreckt,VERB,pd,11133,seid
11137,worden,werden,AUX,ROOT,11137,worden
11138,",",--,PUNCT,punct,11137,worden
11139,liebe,lieb,ADJ,nk,11140,Frau
11140,Frau,Frau,NOUN,sb,11137,worden
11141,;,--,PUNCT,punct,11137,worden
11142,denn,denn,CCONJ,ju,11145,scheint
11143,Euer,euer,DET,nk,11144,Mann
11144,Mann,Mann,NOUN,sb,11145,scheint
11145,scheint,scheinen,VERB,ROOT,11145,scheint
11146,Euch,euch,PRON,oa,11148,gesagt
11147,nicht,nicht,PART,ng,11148,gesagt
11148,gesagt,sagen,VERB,oc,11150,haben
11149,zu,zu,PART,pm,11150,haben
11150,haben,haben,AUX,oc,11145,scheint
11151,",",--,PUNCT,punct,11150,haben
11152,daß,daß,SCONJ,cp,11153,er
11153,er,er,PRON,ROOT,11153,er
11154,schon,schon,ADV,mo,11155,seit
11155,seit,seit,ADP,mo,11160,geworden
11156,geraumer,geraum,ADJ,nk,11157,Zeit
11157,Zeit,Zeit,NOUN,nk,11155,seit
11158,unser,unser,DET,nk,11159,Kamerad
11159,Kamerad,Kamerad,NOUN,pd,11160,geworden
11160,geworden,werden,AUX,ROOT,11160,geworden
11161,.,--,PUNCT,punct,11160,geworden
11162,Es,es,PRON,sb,11163,tut
11163,tut,tun,VERB,ROOT,11163,tut
11164,mir,mir,PRON,da,11163,tut
11165,in,in,ADP,mo,11163,tut
11166,der,der,DET,nk,11167,Tat
11167,Tat,Tat,NOUN,nk,11165,in
11168,leid,Leid,ADV,mo,11163,tut
11169,",",--,PUNCT,punct,11163,tut
11170,daß,daß,SCONJ,cp,11176,ist
11171,er,er,PRON,sb,11176,ist
11172,nicht,nicht,PART,ng,11175,gekommen
11173,zu,zu,ADP,mo,11175,gekommen
11174,Hause,Haus,NOUN,nk,11173,zu
11175,gekommen,kommen,VERB,oc,11176,ist
11176,ist,sein,AUX,ROOT,11176,ist
11177,;,--,PUNCT,punct,11176,ist
11178,er,er,PRON,sb,11179,muß
11179,muß,müssen,AUX,ROOT,11179,muß
11180,einen,ein,DET,nk,11182,Weg
11181,andern,anderer,ADJ,nk,11182,Weg
11182,Weg,Weg,NOUN,oa,11183,eingeschlagen
11183,eingeschlagen,einschlagen,VERB,oc,11179,muß
11184,und,und,CCONJ,cd,11179,muß
11185,uns,uns,PRON,da,11186,verfehlt
11186,verfehlt,verfehlen,VERB,oc,11187,haben
11187,haben,haben,AUX,ROOT,11187,haben
11188,.,--,PUNCT,punct,11187,haben
11189,Er,er,PRON,sb,11190,war
11190,war,sein,AUX,ROOT,11190,war
11191,mit,mit,ADP,mo,11190,war
11192,uns,uns,PRON,nk,11191,mit
11193,auf,auf,ADP,mo,11190,war
11194,dem,der,DET,nk,11195,Schlosse
11195,Schlosse,Schloß,NOUN,nk,11193,auf
11196,des,der,DET,nk,11197,Bösewichts
11197,Bösewichts,Bösewicht,NOUN,ag,11195,Schlosse
11198,",",--,PUNCT,punct,11197,Bösewichts
11199,des,der,DET,nk,11200,Grafen
11200,Grafen,Graf,NOUN,ag,11195,Schlosse
11201,von,von,ADP,ROOT,11201,von
11202,Vach,Vach,PROPN,nk,11201,von
11203,",",--,PUNCT,punct,11202,Vach
11204,der,der,PRON,sb,11215,hat
11205,uns,uns,PRON,oa,11214,verfolgt
11206,vor,vor,ADP,mo,11214,verfolgt
11207,zwei,zwei,NUM,nk,11208,Jahren
11208,Jahren,Jahr,NOUN,nk,11206,vor
11209,auf,auf,ADP,mo,11214,verfolgt
11210,alle,aller,PRON,nk,11213,Weise
11211,nur,nur,ADV,mo,11212,mögliche
11212,mögliche,möglich,ADJ,nk,11213,Weise
11213,Weise,Weise,NOUN,nk,11209,auf
11214,verfolgt,verfolgen,VERB,oc,11215,hat
11215,hat,haben,AUX,rc,11202,Vach
11216,und,und,CCONJ,cd,11215,hat
11217,an,an,ADP,mo,11224,nahmen
11218,dem,der,DET,nk,11217,an
11219,in,in,ADP,mo,11224,nahmen
11220,voriger,vorig,ADJ,nk,11221,Nacht
11221,Nacht,Nacht,NOUN,nk,11219,in
11222,wir,wir,PRON,sb,11224,nahmen
11223,Rache,Rache,NOUN,oa,11224,nahmen
11224,nahmen,nehmen,VERB,ROOT,11224,nahmen
11225,.,--,PUNCT,punct,11224,nahmen
11226,-,--,PUNCT,punct,11228,fiel
11227,Er,er,PRON,sb,11228,fiel
11228,fiel,fallen,VERB,ROOT,11228,fiel
11229,",",--,PUNCT,punct,11228,fiel
11230,kämpfend,kämpfend,ADV,mo,11228,fiel
11231,",",--,PUNCT,punct,11230,kämpfend
11232,von,von,ADP,mo,11228,fiel
11233,Eures,Eure,PROPN,ag,11234,Mannes
11234,Mannes,Mann,NOUN,nk,11232,von
11235,Hand,Hand,NOUN,ROOT,11235,Hand
11236,.,--,PUNCT,punct,11235,Hand
11237,Beruhigt,beruhigen,VERB,ROOT,11237,Beruhigt
11238,Euch,euch,PRON,nk,11242,Frau
11239,nur,nur,ADV,mo,11238,Euch
11240,",",--,PUNCT,punct,11241,liebe
11241,liebe,lieb,ADJ,nk,11242,Frau
11242,Frau,Frau,NOUN,ROOT,11242,Frau
11243,",",--,PUNCT,punct,11242,Frau
11244,und,und,CCONJ,cd,11242,Frau
11245,sagt,sagen,VERB,cj,11244,und
11246,dem,der,DET,nk,11247,Andres
11247,Andres,Andres,NOUN,da,11245,sagt
11248,",",--,PUNCT,punct,11247,Andres
11249,daß,daß,SCONJ,cp,11251,mich
11250,er,er,PRON,sb,11251,mich
11251,mich,sich,PRON,oc,11245,sagt
11252,nun,nun,ADV,mo,11251,mich
11253,so,so,ADV,mo,11251,mich
11254,bald,bald,ADV,mo,11257,sehen
11255,nicht,nicht,PART,ng,11257,sehen
11256,wieder,wieder,ADV,mo,11257,sehen
11257,sehen,sehen,VERB,oc,11258,würde
11258,würde,werden,AUX,ROOT,11258,würde
11259,",",--,PUNCT,punct,11258,würde
11260,da,da,SCONJ,cp,11267,trennt
11261,die,der,DET,nk,11262,Bande
11262,Bande,Bande,NOUN,sb,11267,trennt
11263,sich,sich,PRON,oa,11267,trennt
11264,auf,auf,ADP,op,11267,trennt
11265,einige,einiger,DET,nk,11266,Zeit
11266,Zeit,Zeit,NOUN,nk,11264,auf
11267,trennt,trennen,VERB,mo,11257,sehen
11268,.,--,PUNCT,punct,11258,würde
11269,Heute,heute,ADV,ROOT,11269,Heute
11270,abend,Abend,ADV,mo,11271,verlasse
11271,verlasse,verlassen,VERB,ROOT,11271,verlasse
11272,ich,ich,PRON,sb,11271,verlasse
11273,Euch,euch,PRON,oa,11271,verlasse
11274,.,--,PUNCT,punct,11271,verlasse
11275,-,--,PUNCT,punct,11277,habt
11276,Ihr,ihr,PRON,sb,11277,habt
11277,habt,haben,AUX,ROOT,11277,habt
11278,lauter,lauter,DET,nk,11280,Kinder
11279,hübsche,hübsch,ADJ,nk,11280,Kinder
11280,Kinder,Kind,NOUN,oa,11277,habt
11281,",",--,PUNCT,punct,11280,Kinder
11282,liebe,lieb,ADJ,nk,11283,Frau
11283,Frau,Frau,NOUN,cj,11280,Kinder
11284,!,--,PUNCT,punct,11277,habt
11285,Das,der,PRON,sb,11286,ist
11286,ist,sein,AUX,ROOT,11286,ist
11287,ja,ja,ADV,mo,11291,Knabe
11288,wieder,wieder,ADV,mo,11291,Knabe
11289,ein,ein,DET,nk,11291,Knabe
11290,herrlicher,herrlich,ADJ,nk,11291,Knabe
11291,Knabe,Knabe,NOUN,ROOT,11291,Knabe
11292,.,--,PUNCT,punct,11291,Knabe
11293,«,--,PUNCT,punct,11291,Knabe
11294,Mit,mit,ADP,mo,11297,nahm
11295,diesen,dieser,DET,nk,11296,Worten
11296,Worten,Wort,NOUN,nk,11294,Mit
11297,nahm,nehmen,VERB,ROOT,11297,nahm
11298,er,er,PRON,sb,11297,nahm
11299,den,der,DET,nk,11300,Kleinen
11300,Kleinen,kleine,NOUN,oa,11297,nahm
11301,von,von,ADP,op,11297,nahm
11302,Giorginas,Giorgina,PROPN,ag,11303,Arm
11303,Arm,Arm,NOUN,ROOT,11303,Arm
11304,und,und,CCONJ,ROOT,11304,und
11305,wußte,wissen,VERB,cj,11304,und
11306,mit,mit,ADP,mo,11305,wußte
11307,ihm,ihm,PRON,nk,11306,mit
11308,so,so,ADV,mo,11309,freundlich
11309,freundlich,freundlich,ADV,mo,11311,spielen
11310,zu,zu,PART,pm,11311,spielen
11311,spielen,spielen,VERB,oc,11305,wußte
11312,",",--,PUNCT,punct,11311,spielen
11313,daß,daß,SCONJ,cp,11316,lachte
11314,das,der,DET,nk,11315,Kind
11315,Kind,Kind,NOUN,sb,11316,lachte
11316,lachte,lachen,VERB,oc,11311,spielen
11317,und,und,CCONJ,ROOT,11317,und
11318,jauchzte,jauchzen,VERB,cj,11317,und
11319,und,und,CCONJ,cd,11318,jauchzte
11320,gern,gern,ADV,mo,11323,blieb
11321,bei,bei,ADP,mo,11323,blieb
11322,ihm,ihm,PRON,nk,11321,bei
11323,blieb,bleiben,VERB,cj,11319,und
11324,",",--,PUNCT,punct,11323,blieb
11325,bis,bis,SCONJ,cp,11331,zurückgab
11326,er,er,PRON,sb,11331,zurückgab
11327,es,es,PRON,oa,11331,zurückgab
11328,wieder,wieder,ADV,mo,11331,zurückgab
11329,der,der,DET,nk,11330,Mutter
11330,Mutter,Mutter,NOUN,da,11331,zurückgab
11331,zurückgab,zurückgeben,VERB,mo,11323,blieb
11332,.,--,PUNCT,punct,11317,und
11333,Schon,schon,ADV,mo,11334,war
11334,war,sein,AUX,ROOT,11334,war
11335,es,es,PRON,sb,11334,war
11336,Abend,Abend,NOUN,pd,11337,geworden
11337,geworden,werden,AUX,oc,11334,war
11338,",",--,PUNCT,punct,11334,war
11339,als,als,ADP,mo,11343,sagte
11340,Denner,Denner,NOUN,nk,11339,als
11341,zu,zu,ADP,mnr,11340,Denner
11342,Giorgina,Giorgina,PROPN,nk,11341,zu
11343,sagte,sagen,VERB,re,11335,es
11344,:,--,PUNCT,punct,11343,sagte
11345,»,--,PUNCT,punct,11347,merkt
11346,Ihr,ihr,PRON,sb,11347,merkt
11347,merkt,merken,VERB,cj,11334,war
11348,wohl,wohl,ADV,mo,11347,merkt
11349,",",--,PUNCT,punct,11347,merkt
11350,daß,daß,SCONJ,dep,11334,war
11351,ich,ich,PRON,sb,11353,unerachtet
11352,",",--,PUNCT,punct,11353,unerachtet
11353,unerachtet,unerachten,VERB,ROOT,11353,unerachtet
11354,ich,ich,PRON,sb,11353,unerachtet
11355,kein,kein,DET,nk,11356,Weib
11356,Weib,Weib,NOUN,oa,11353,unerachtet
11357,und,und,CCONJ,cd,11356,Weib
11358,keine,kein,DET,nk,11359,Kinder
11359,Kinder,Kind,NOUN,cj,11357,und
11360,habe,haben,VERB,oc,11353,unerachtet
11361,",",--,PUNCT,punct,11360,habe
11362,welches,welcher,PRON,oa,11353,unerachtet
11363,mir,mir,PRON,da,11365,recht
11364,manchmal,manchmal,ADV,mo,11363,mir
11365,recht,recht,ADV,mo,11353,unerachtet
11366,nahe,nahe,ADV,mo,11367,geht
11367,geht,gehen,VERB,ROOT,11367,geht
11368,",",--,PUNCT,punct,11367,geht
11369,doch,doch,CCONJ,cd,11367,geht
11370,gar,gar,ADV,mo,11372,gern
11371,zu,zu,PART,mo,11372,gern
11372,gern,gern,ADV,mo,11376,spiele
11373,mit,mit,ADP,mo,11376,spiele
11374,kleinen,klein,ADJ,nk,11375,Kindern
11375,Kindern,Kind,NOUN,nk,11373,mit
11376,spiele,spielen,VERB,cj,11369,doch
11377,und,und,CCONJ,cd,11376,spiele
11378,tändle,tändel,VERB,cj,11377,und
11379,.,--,PUNCT,punct,11367,geht
11380,Gebt,geben,VERB,ROOT,11380,Gebt
11381,mir,mir,PRON,da,11380,Gebt
11382,doch,doch,CCONJ,ROOT,11382,doch
11383,Euern,Euern,NOUN,cj,11382,doch
11384,Kleinen,Kleinen,PROPN,ROOT,11384,Kleinen
11385,auf,auf,ADP,mnr,11384,Kleinen
11386,die,der,DET,nk,11388,Augenblicke
11387,wenigen,weniger,DET,nk,11388,Augenblicke
11388,Augenblicke,Augenblick,NOUN,nk,11385,auf
11389,",",--,PUNCT,punct,11388,Augenblicke
11390,die,der,PRON,oa,11395,zubringe
11391,ich,ich,PRON,sb,11395,zubringe
11392,noch,noch,ADV,mo,11393,bei
11393,bei,bei,ADP,mo,11395,zubringe
11394,Euch,euch,PRON,nk,11393,bei
11395,zubringe,zubringen,VERB,rc,11388,Augenblicke
11396,.,--,PUNCT,punct,11384,Kleinen
11397,Nicht,nicht,PART,ROOT,11397,Nicht
11398,wahr,wahr,ADV,pd,11397,Nicht
11399,?,--,PUNCT,punct,11397,Nicht
11400,der,der,DET,nk,11401,Kleine
11401,Kleine,Kleine,NOUN,sb,11402,ist
11402,ist,sein,AUX,ROOT,11402,ist
11403,jetzt,jetzt,ADV,mo,11402,ist
11404,gerade,gerade,ADV,mo,11405,neun
11405,neun,neun,NUM,nk,11406,Wochen
11406,Wochen,Woche,NOUN,ams,11407,alt
11407,alt,alt,ADV,pd,11402,ist
11408,.,--,PUNCT,punct,11402,ist
11409,«,--,PUNCT,punct,11402,ist
11410,Giorgina,Giorgina,PROPN,sb,11411,bejahte
11411,bejahte,bejahen,VERB,ROOT,11411,bejahte
11412,das,der,PRON,oa,11411,bejahte
11413,und,und,CCONJ,ROOT,11413,und
11414,gab,geben,VERB,cj,11413,und
11415,",",--,PUNCT,punct,11414,gab
11416,jedoch,jedoch,ADV,mo,11414,gab
11417,nicht,nicht,PART,ng,11420,Widerstreben
11418,ohne,ohne,ADP,cj,11416,jedoch
11419,inneres,innerer,ADJ,nk,11420,Widerstreben
11420,Widerstreben,Widerstrebe,NOUN,nk,11418,ohne
11421,",",--,PUNCT,punct,11420,Widerstreben
11422,den,der,DET,nk,11424,Knaben
11423,kleinen,klein,ADJ,nk,11424,Knaben
11424,Knaben,Knabe,NOUN,da,11414,gab
11425,Dennern,Denner,NOUN,nk,11424,Knaben
11426,hin,hin,ADV,mo,11435,setzte
11427,",",--,PUNCT,punct,11426,hin
11428,der,der,PRON,sb,11435,setzte
11429,sich,sich,PRON,oa,11435,setzte
11430,mit,mit,ADP,mo,11435,setzte
11431,ihm,ihm,PRON,nk,11430,mit
11432,vor,vor,ADP,mo,11435,setzte
11433,die,der,DET,nk,11434,Haustür
11434,Haustür,Haustür,NOUN,nk,11432,vor
11435,setzte,setzen,VERB,ROOT,11435,setzte
11436,und,und,CCONJ,cd,11435,setzte
11437,Giorgina,Giorgina,PROPN,oa,11438,bat
11438,bat,bitten,VERB,cj,11436,und
11439,",",--,PUNCT,punct,11438,bat
11440,ihm,ihm,PRON,da,11435,setzte
11441,nun,nun,ADV,mo,11440,ihm
11442,das,der,DET,oa,11435,setzte
11443,Abendessen,Abendessen,NOUN,oa,11445,bereiten
11444,zu,zu,PART,pm,11445,bereiten
11445,bereiten,bereiten,VERB,ROOT,11445,bereiten
11446,",",--,PUNCT,punct,11445,bereiten
11447,weil,weil,SCONJ,cp,11453,müßte
11448,er,er,PRON,sb,11453,müßte
11449,in,in,ADP,mo,11453,müßte
11450,einer,ein,DET,nk,11451,Stunde
11451,Stunde,Stunde,NOUN,nk,11449,in
11452,fort,fort,ADV,mo,11453,müßte
11453,müßte,müssen,AUX,mo,11445,bereiten
11454,.,--,PUNCT,punct,11445,bereiten
11455,Kaum,kaum,ADV,mo,11456,war
11456,war,sein,AUX,ROOT,11456,war
11457,Giorgina,Giorgina,PROPN,sb,11456,war
11458,in,in,ADP,mo,11461,getreten
11459,die,der,DET,nk,11460,Küche
11460,Küche,Küche,NOUN,nk,11458,in
11461,getreten,treten,VERB,ROOT,11461,getreten
11462,",",--,PUNCT,punct,11461,getreten
11463,als,als,SCONJ,cp,11465,sah
11464,sie,sie,PRON,sb,11465,sah
11465,sah,sehen,VERB,mo,11461,getreten
11466,",",--,PUNCT,punct,11465,sah
11467,wie,wie,SCONJ,cm,11468,Denner
11468,Denner,Denner,NOUN,mo,11461,getreten
11469,mit,mit,ADP,mnr,11468,Denner
11470,dem,der,DET,nk,11471,Kinde
11471,Kinde,Kind,NOUN,nk,11469,mit
11472,auf,auf,ADP,mo,11469,mit
11473,dem,der,DET,nk,11474,Arm
11474,Arm,Arm,NOUN,nk,11472,auf
11475,in,in,ADP,mnr,11468,Denner
11476,die,der,DET,nk,11475,in
11477,Stube,Stube,NOUN,sb,11478,ging
11478,ging,gehen,VERB,ROOT,11478,ging
11479,.,--,PUNCT,punct,11478,ging
11480,Bald,bald,ADV,mo,11481,darauf
11481,darauf,darauf,ADV,mo,11482,verbreitete
11482,verbreitete,verbreiten,VERB,ROOT,11482,verbreitete
11483,sich,sich,PRON,oa,11482,verbreitete
11484,ein,ein,DET,nk,11487,Dampf
11485,seltsam,seltsam,ADV,mo,11486,riechender
11486,riechender,riechend,ADJ,nk,11487,Dampf
11487,Dampf,Dampf,NOUN,sb,11482,verbreitete
11488,durch,durch,ADP,mo,11482,verbreitete
11489,das,der,DET,nk,11488,durch
11490,Haus,Haus,NOUN,ROOT,11490,Haus
11491,",",--,PUNCT,punct,11490,Haus
11492,der,der,PRON,sb,11498,schien
11493,aus,aus,ADP,mo,11497,quirlen
11494,der,der,DET,nk,11495,Stube
11495,Stube,Stube,NOUN,nk,11493,aus
11496,zu,zu,PART,pm,11497,quirlen
11497,quirlen,quirlen,VERB,oc,11498,schien
11498,schien,scheinen,VERB,rc,11490,Haus
11499,.,--,PUNCT,punct,11490,Haus
11500,Giorgina,Giorgina,PROPN,sb,11501,wurde
11501,wurde,werden,AUX,ROOT,11501,wurde
11502,von,von,ADP,sbp,11501,wurde
11503,unbeschreiblicher,unbeschreiblich,ADJ,nk,11502,von
11504,Angst,Angst,NOUN,oa,11505,ergriffen
11505,ergriffen,ergreifen,VERB,ROOT,11505,ergriffen
11506,;,--,PUNCT,punct,11505,ergriffen
11507,sie,sie,PRON,sb,11508,lief
11508,lief,laufen,VERB,ROOT,11508,lief
11509,schnell,schnell,ADV,mo,11508,lief
11510,nach,nach,ADP,mo,11508,lief
11511,der,der,DET,nk,11512,Stube
11512,Stube,Stube,NOUN,nk,11510,nach
11513,und,und,CCONJ,cd,11508,lief
11514,fand,finden,VERB,cj,11513,und
11515,die,der,DET,nk,11516,Tür
11516,Tür,Tür,NOUN,oa,11514,fand
11517,von,von,ADP,pg,11516,Tür
11518,innen,innen,ADV,nk,11517,von
11519,verriegelt,verriegeln,VERB,ROOT,11519,verriegelt
11520,.,--,PUNCT,punct,11519,verriegelt
11521,Es,es,PRON,sb,11522,war
11522,war,sein,AUX,ROOT,11522,war
11523,ihr,ihr,PRON,pd,11522,war
11524,",",--,PUNCT,punct,11522,war
11525,als,als,SCONJ,cm,11526,höre
11526,höre,hören,VERB,mo,11522,war
11527,sie,sie,PRON,sb,11526,höre
11528,das,der,DET,nk,11529,Kind
11529,Kind,Kind,NOUN,oa,11531,wimmern
11530,leise,leise,ADV,mo,11531,wimmern
11531,wimmern,wimmern,VERB,oc,11526,höre
11532,.,--,PUNCT,punct,11522,war
11533,»,--,PUNCT,punct,11536,rette
11534,Rette,Rette,NOUN,sb,11536,rette
11535,",",--,PUNCT,punct,11536,rette
11536,rette,retten,VERB,ROOT,11536,rette
11537,mein,mein,DET,sb,11536,rette
11538,Kind,Kind,NOUN,ROOT,11538,Kind
11539,aus,aus,ADP,mnr,11538,Kind
11540,den,der,DET,nk,11541,Klauen
11541,Klauen,Klau,NOUN,nk,11539,aus
11542,des,der,DET,nk,11543,Bösewichts
11543,Bösewichts,Bösewicht,NOUN,ag,11541,Klauen
11544,!,--,PUNCT,punct,11538,Kind
11545,«,--,PUNCT,punct,11538,Kind
11546,so,so,ADV,mo,11547,schrie
11547,schrie,schreien,VERB,ROOT,11547,schrie
11548,sie,sie,PRON,sb,11547,schrie
11549,",",--,PUNCT,punct,11547,schrie
11550,eine,ein,DET,nk,11552,Tat
11551,gräßliche,gräßlich,ADJ,nk,11552,Tat
11552,Tat,Tat,NOUN,oa,11553,ahnend
11553,ahnend,ahnend,ADV,mo,11547,schrie
11554,",",--,PUNCT,punct,11547,schrie
11555,dem,der,DET,nk,11556,Knecht
11556,Knecht,Knecht,NOUN,nk,11557,entgegen
11557,entgegen,entgegen,ADP,ROOT,11557,entgegen
11558,",",--,PUNCT,punct,11557,entgegen
11559,der,der,PRON,sb,11564,trat
11560,eben,eben,ADV,mo,11564,trat
11561,in,in,ADP,mo,11564,trat
11562,das,der,DET,nk,11563,Haus
11563,Haus,Haus,NOUN,nk,11561,in
11564,trat,treten,VERB,rc,11556,Knecht
11565,.,--,PUNCT,ROOT,11565,.
11566,Dieser,dieser,DET,nk,11567,ergriff
11567,ergriff,ergreifen,VERB,ROOT,11567,ergriff
11568,schnell,schnell,ADV,mo,11567,ergriff
11569,die,der,DET,nk,11570,Axt
11570,Axt,Axt,NOUN,oa,11567,ergriff
11571,und,und,CCONJ,ju,11572,sprengte
11572,sprengte,sprengen,VERB,ROOT,11572,sprengte
11573,die,der,DET,nk,11574,Tür
11574,Tür,Tür,NOUN,oa,11572,sprengte
11575,.,--,PUNCT,punct,11572,sprengte
11576,Dicker,Dicker,NOUN,nk,11578,Dampf
11577,stinkender,stinkend,ADJ,nk,11578,Dampf
11578,Dampf,Dampf,NOUN,sb,11579,schlug
11579,schlug,schlagen,VERB,ROOT,11579,schlug
11580,ihnen,ihnen,PRON,da,11579,schlug
11581,entgegen,entgegen,ADP,svp,11579,schlug
11582,.,--,PUNCT,punct,11579,schlug
11583,Mit,mit,ADP,ROOT,11583,Mit
11584,einem,ein,DET,nk,11583,Mit
11585,Sprunge,Sprunge,PROPN,sb,11586,war
11586,war,sein,AUX,ROOT,11586,war
11587,Giorgina,Giorgina,PROPN,pd,11586,war
11588,im,in,ADP,mo,11586,war
11589,Zimmer,Zimmer,NOUN,nk,11588,im
11590,;,--,PUNCT,punct,11586,war
11591,der,der,DET,nk,11592,Knabe
11592,Knabe,Knabe,NOUN,sb,11593,lag
11593,lag,liegen,VERB,ROOT,11593,lag
11594,nackt,nackt,ADV,mo,11593,lag
11595,über,über,ADP,mo,11593,lag
11596,einer,ein,DET,nk,11597,Schüssel
11597,Schüssel,Schüssel,NOUN,nk,11595,über
11598,",",--,PUNCT,punct,11597,Schüssel
11599,in,in,ADP,mo,11593,lag
11600,die,der,PRON,nk,11599,in
11601,sein,sein,DET,nk,11602,Blut
11602,Blut,Blut,NOUN,sb,11603,tröpfelte
11603,tröpfelte,tröpfelen,VERB,ROOT,11603,tröpfelte
11604,.,--,PUNCT,punct,11603,tröpfelte
11605,Sie,sie,PRON,sb,11606,sah
11606,sah,sehen,VERB,ROOT,11606,sah
11607,nur,nur,ADV,mo,11606,sah
11608,noch,noch,ADV,mo,11606,sah
11609,",",--,PUNCT,punct,11606,sah
11610,wie,wie,SCONJ,mo,11616,ausholte
11611,der,der,DET,nk,11612,Knecht
11612,Knecht,Knecht,NOUN,sb,11616,ausholte
11613,mit,mit,ADP,mo,11616,ausholte
11614,der,der,DET,nk,11615,Axt
11615,Axt,Axt,NOUN,nk,11613,mit
11616,ausholte,ausholen,VERB,mo,11606,sah
11617,",",--,PUNCT,punct,11616,ausholte
11618,um,um,SCONJ,punct,11606,sah
11619,den,der,DET,nk,11620,Denner
11620,Denner,Denner,NOUN,oa,11622,treffen
11621,zu,zu,PART,pm,11622,treffen
11622,treffen,treffen,VERB,ROOT,11622,treffen
11623,",",--,PUNCT,punct,11622,treffen
11624,wie,wie,SCONJ,mo,11628,auswich
11625,dieser,dieser,PRON,sb,11628,auswich
11626,dem,der,DET,nk,11627,Schlage
11627,Schlage,Schlage,NOUN,da,11628,auswich
11628,auswich,ausweichen,VERB,mo,11622,treffen
11629,",",--,PUNCT,punct,11628,auswich
11630,den,der,DET,nk,11631,Knecht
11631,Knecht,Knecht,NOUN,oa,11632,unterlief
11632,unterlief,unterlaufen,VERB,cj,11628,auswich
11633,und,und,CCONJ,cd,11632,unterlief
11634,mit,mit,ADP,ROOT,11634,mit
11635,ihm,ihm,PRON,nk,11634,mit
11636,rang,Rang,NOUN,nk,11634,mit
11637,.,--,PUNCT,punct,11634,mit
11638,Es,es,PRON,sb,11639,war
11639,war,sein,AUX,ROOT,11639,war
11640,ihr,ihr,PRON,pd,11639,war
11641,",",--,PUNCT,punct,11639,war
11642,als,als,SCONJ,cm,11643,höre
11643,höre,hören,VERB,mo,11639,war
11644,sie,sie,PRON,sb,11643,höre
11645,jetzt,jetzt,ADV,mo,11643,höre
11646,mehrere,mehrere,DET,nk,11647,Stimmen
11647,Stimmen,Stimme,NOUN,oa,11643,höre
11648,dicht,dicht,ADV,mo,11643,höre
11649,vor,vor,ADP,mo,11643,höre
11650,den,der,DET,punct,11639,war
11651,Fenstern,Fenster,NOUN,ROOT,11651,Fenstern
11652,",",--,PUNCT,punct,11651,Fenstern
11653,bewußtlos,bewußtlos,ADV,mo,11654,sank
11654,sank,sinken,VERB,cj,11651,Fenstern
11655,sie,sie,PRON,sb,11654,sank
11656,zu,zu,ADP,mo,11654,sank
11657,Boden,Boden,NOUN,nk,11656,zu
11658,.,--,PUNCT,punct,11654,sank
11659,Als,als,SCONJ,cp,11662,erwachte
11660,sie,sie,PRON,sb,11662,erwachte
11661,wieder,wieder,ADV,mo,11662,erwachte
11662,erwachte,erwachen,VERB,mo,11664,war
11663,",",--,PUNCT,punct,11664,war
11664,war,sein,AUX,ROOT,11664,war
11665,es,es,PRON,sb,11664,war
11666,finstre,finstre,X,pd,11664,war
11667,Nacht,Nacht,NOUN,pd,11668,worden
11668,worden,werden,AUX,oc,11673,vermochte
11669,",",--,PUNCT,punct,11668,worden
11670,aber,aber,CCONJ,cd,11668,worden
11671,ganz,ganz,ADV,mo,11672,betäubt
11672,betäubt,betäuben,ADV,cj,11670,aber
11673,vermochte,vermögen,VERB,ROOT,11673,vermochte
11674,sie,sie,PRON,sb,11673,vermochte
11675,nicht,nicht,PART,ng,11673,vermochte
11676,die,der,DET,nk,11678,Glieder
11677,erstarrten,erstarrt,ADJ,nk,11678,Glieder
11678,Glieder,Glied,NOUN,oa,11673,vermochte
11679,zu,zu,ADP,svp,11673,vermochte
11680,regen,regen,VERB,ROOT,11680,regen
11681,.,--,PUNCT,punct,11680,regen
11682,Endlich,endlich,ADV,mo,11683,wurde
11683,wurde,werden,AUX,ROOT,11683,wurde
11684,es,es,PRON,sb,11683,wurde
11685,Tag,Tag,NOUN,pd,11683,wurde
11686,und,und,CCONJ,cd,11685,Tag
11687,nun,nun,ADV,mo,11688,sah
11688,sah,sehen,VERB,cj,11686,und
11689,sie,sie,PRON,oa,11688,sah
11690,mit,mit,ADP,mo,11688,sah
11691,Entsetzen,entsetzen,NOUN,nk,11690,mit
11692,",",--,PUNCT,punct,11688,sah
11693,wie,wie,SCONJ,cm,11695,Blut
11694,das,der,DET,nk,11695,Blut
11695,Blut,Blut,NOUN,mo,11688,sah
11696,im,in,ADP,mnr,11695,Blut
11697,Zimmer,Zimmer,NOUN,oa,11698,schwamm
11698,schwamm,schwamm,VERB,ROOT,11698,schwamm
11699,.,--,PUNCT,punct,11698,schwamm
11700,Stücke,Stück,NOUN,sb,11704,lagen
11701,von,von,ADP,pg,11700,Stücke
11702,Denners,Denner,PROPN,ag,11703,Kleidern
11703,Kleidern,Kleid,NOUN,nk,11701,von
11704,lagen,liegen,VERB,ROOT,11704,lagen
11705,überall,überall,ADV,mo,11704,lagen
11706,umher,umh,ADV,mo,11704,lagen
11707,-,--,PUNCT,punct,11704,lagen
11708,ein,ein,DET,ROOT,11708,ein
11709,ausgerissener,ausgerissen,ADJ,nk,11710,Schopf
11710,Schopf,Schopf,NOUN,ROOT,11710,Schopf
11711,von,von,ADP,mnr,11710,Schopf
11712,des,der,DET,nk,11713,Knechts
11713,Knechts,Knecht,NOUN,nk,11711,von
11714,Haaren,Haaren,NOUN,nk,11713,Knechts
11715,-,--,PUNCT,punct,11710,Schopf
11716,die,der,DET,nk,11717,Axt
11717,Axt,Axt,NOUN,cj,11710,Schopf
11718,blutig,blutig,ADV,mo,11719,daneben
11719,daneben,daneben,ADV,oc,11710,Schopf
11720,-,--,PUNCT,punct,11710,Schopf
11721,der,der,PRON,app,11710,Schopf
11722,Knabe,Knabe,NOUN,oa,11725,herabgeschleudert
11723,vom,von,ADP,mnr,11722,Knabe
11724,Tische,Tisch,NOUN,nk,11723,vom
11725,herabgeschleudert,herabgeschleuderen,VERB,ROOT,11725,herabgeschleudert
11726,mit,mit,ADP,mo,11725,herabgeschleudert
11727,zerschnittener,zerschnitten,ADJ,nk,11728,Brust
11728,Brust,Brust,NOUN,nk,11726,mit
11729,.,--,PUNCT,punct,11725,herabgeschleudert
11730,Aufs,auf,ADP,mo,11732,wurde
11731,neue,neue,ADJ,nk,11730,Aufs
11732,wurde,werden,AUX,ROOT,11732,wurde
11733,Giorgina,Giorgina,PROPN,sb,11737,glaubte
11734,ohnmächtig,ohnmächtig,ADV,mo,11737,glaubte
11735,",",--,PUNCT,punct,11737,glaubte
11736,sie,sie,PRON,sb,11737,glaubte
11737,glaubte,glauben,VERB,ROOT,11737,glaubte
11738,zu,zu,PART,pm,11739,sterben
11739,sterben,sterben,VERB,oc,11737,glaubte
11740,",",--,PUNCT,punct,11737,glaubte
11741,aber,aber,CCONJ,cd,11737,glaubte
11742,sie,sie,PRON,sb,11743,erwachte
11743,erwachte,erwachen,VERB,cj,11741,aber
11744,wie,wie,ADP,cm,11745,aus
11745,aus,aus,ADP,mo,11743,erwachte
11746,dem,der,DET,nk,11745,aus
11747,Todesschlummer,Todesschlummer,ADV,pd,11753,geworden
11748,",",--,PUNCT,punct,11747,Todesschlummer
11749,als,als,SCONJ,cm,11753,geworden
11750,es,es,PRON,sb,11753,geworden
11751,schon,schon,ADV,mo,11753,geworden
11752,Mittag,Mittag,NOUN,pd,11753,geworden
11753,geworden,werden,AUX,ROOT,11753,geworden
11754,.,--,PUNCT,punct,11753,geworden
11755,Sie,sie,PRON,sb,11756,raffte
11756,raffte,raffen,VERB,ROOT,11756,raffte
11757,sich,sich,PRON,oa,11756,raffte
11758,mühsam,mühsam,ADV,mo,11756,raffte
11759,auf,auf,ADP,svp,11756,raffte
11760,",",--,PUNCT,punct,11756,raffte
11761,sie,sie,PRON,dep,11756,raffte
11762,rief,rufen,VERB,ROOT,11762,rief
11763,laut,laut,ADP,mo,11762,rief
11764,den,der,DET,nk,11765,Georg
11765,Georg,Georg,NOUN,nk,11763,laut
11766,",",--,PUNCT,punct,11762,rief
11767,aber,aber,CCONJ,cd,11762,rief
11768,als,als,SCONJ,cp,11770,antwortete
11769,niemand,niemand,PRON,sb,11770,antwortete
11770,antwortete,antworten,VERB,mo,11772,glaubte
11771,",",--,PUNCT,punct,11772,glaubte
11772,glaubte,glauben,VERB,cj,11767,aber
11773,sie,sie,PRON,sb,11772,glaubte
11774,",",--,PUNCT,punct,11772,glaubte
11775,auch,auch,ADV,mo,11776,Georg
11776,Georg,Georg,PROPN,sb,11777,sei
11777,sei,sein,AUX,oc,11772,glaubte
11778,ermordet,ermorden,VERB,ROOT,11778,ermordet
11779,.,--,PUNCT,punct,11778,ermordet
11780,Die,der,DET,nk,11781,Verzweiflung
11781,Verzweiflung,Verzweiflung,NOUN,sb,11782,gab
11782,gab,geben,VERB,ROOT,11782,gab
11783,ihr,ihr,PRON,nk,11784,Kräfte
11784,Kräfte,Kraft,NOUN,oa,11782,gab
11785,",",--,PUNCT,punct,11782,gab
11786,sie,sie,PRON,sb,11787,floh
11787,floh,fliehen,VERB,cj,11782,gab
11788,aus,aus,ADP,mo,11787,floh
11789,dem,der,DET,nk,11790,Zimmer
11790,Zimmer,Zimmer,NOUN,nk,11788,aus
11791,in,in,ADP,mnr,11790,Zimmer
11792,den,der,DET,nk,11793,Hof
11793,Hof,Hof,NOUN,nk,11791,in
11794,und,und,CCONJ,ju,11795,schrie
11795,schrie,schreien,VERB,ROOT,11795,schrie
11796,laut,laut,ADV,mo,11795,schrie
11797,:,--,PUNCT,punct,11795,schrie
11798,»,--,PUNCT,punct,11799,Georg
11799,Georg,Georg,PROPN,sb,11795,schrie
11800,!,--,PUNCT,punct,11799,Georg
11801,-,--,PUNCT,punct,11802,Georg
11802,Georg,Georg,PROPN,cj,11799,Georg
11803,!,--,PUNCT,punct,11795,schrie
11804,«,--,PUNCT,punct,11795,schrie
11805,Da,da,ADV,mo,11806,antwortete
11806,antwortete,antworten,VERB,ROOT,11806,antwortete
11807,es,es,PRON,ep,11806,antwortete
11808,mit,mit,ADP,mo,11806,antwortete
11809,matter,Matter,NOUN,nk,11808,mit
11810,kläglicher,kläglich,ADJ,nk,11809,matter
11811,Stimme,Stimme,NOUN,pd,11823,bist
11812,vom,von,ADP,mnr,11811,Stimme
11813,Bodenfenster,Bodenfenster,NOUN,nk,11812,vom
11814,herab,herab,ADV,svp,11811,Stimme
11815,:,--,PUNCT,punct,11811,Stimme
11816,»,--,PUNCT,punct,11817,Mutter
11817,Mutter,Mutter,NOUN,mo,11823,bist
11818,",",--,PUNCT,punct,11817,Mutter
11819,ach,ach,ADP,mo,11821,Mutter
11820,liebe,lieb,ADJ,nk,11821,Mutter
11821,Mutter,Mutter,NOUN,app,11817,Mutter
11822,",",--,PUNCT,punct,11823,bist
11823,bist,sein,AUX,ROOT,11823,bist
11824,du,du,PRON,sb,11823,bist
11825,denn,denn,ADV,mo,11823,bist
11826,da,da,ADV,mo,11823,bist
11827,?,--,PUNCT,punct,11823,bist
11828,Komm,Komm,VERB,ROOT,11828,Komm
11829,herauf,herauf,ADV,ROOT,11829,herauf
11830,zu,zu,ADP,mo,11829,herauf
11831,mir,mir,PRON,nk,11830,zu
11832,!,--,PUNCT,punct,11829,herauf
11833,mich,mich,PRON,sb,11834,hungert
11834,hungert,hungeren,VERB,ROOT,11834,hungert
11835,sehr,sehr,ADV,mo,11834,hungert
11836,!,--,PUNCT,punct,11834,hungert
11837,«,--,PUNCT,punct,11834,hungert
11838,-,--,PUNCT,punct,11840,sprang
11839,Schnell,schnell,ADV,mo,11840,sprang
11840,sprang,springen,VERB,ROOT,11840,sprang
11841,jetzt,jetzt,ADV,mo,11840,sprang
11842,Giorgina,Giorgina,PROPN,sb,11840,sprang
11843,hinauf,hinauf,ADV,mo,11840,sprang
11844,und,und,CCONJ,cd,11843,hinauf
11845,fand,finden,VERB,ROOT,11845,fand
11846,den,der,DET,nk,11847,Kleinen
11847,Kleinen,kleine,NOUN,oa,11845,fand
11848,",",--,PUNCT,punct,11847,Kleinen
11849,der,der,PRON,dep,11845,fand
11850,vor,vor,ADP,mo,11849,der
11851,Angst,Angst,NOUN,nk,11850,vor
11852,bei,bei,ADP,mnr,11851,Angst
11853,dem,der,DET,nk,11854,Lärm
11854,Lärm,Lärm,NOUN,nk,11852,bei
11855,im,in,ADP,mo,11857,in
11856,Hause,Haus,NOUN,nk,11855,im
11857,in,in,ADP,mo,11850,vor
11858,die,der,DET,nk,11859,Bodenkammer
11859,Bodenkammer,Bodenkammer,PROPN,nk,11857,in
11860,gekrochen,gekrochen,VERB,oc,11861,war
11861,war,sein,AUX,oc,11865,hatte
11862,und,und,CCONJ,cd,11861,war
11863,nicht,nicht,PART,ng,11864,gewagt
11864,gewagt,wagen,VERB,cj,11862,und
11865,hatte,haben,AUX,ROOT,11865,hatte
11866,herauszukommen,herauskommen,VERB,oc,11865,hatte
11867,.,--,PUNCT,punct,11865,hatte
11868,Mit,mit,ADP,mo,11870,drückte
11869,Entzücken,Entzück,NOUN,nk,11868,Mit
11870,drückte,drücken,VERB,ROOT,11870,drückte
11871,Giorgina,Giorgina,PROPN,ROOT,11871,Giorgina
11872,den,der,DET,nk,11873,Kleinen
11873,Kleinen,kleine,NOUN,oa,11871,Giorgina
11874,an,an,ADP,mnr,11873,Kleinen
11875,die,der,DET,nk,11876,Brust
11876,Brust,Brust,NOUN,nk,11874,an
11877,.,--,PUNCT,punct,11871,Giorgina
11878,Sie,sie,PRON,sb,11879,verschloß
11879,verschloß,verschloß,VERB,ROOT,11879,verschloß
11880,das,der,DET,nk,11881,Haus
11881,Haus,Haus,NOUN,oa,11879,verschloß
11882,und,und,CCONJ,cd,11879,verschloß
11883,wartete,warten,VERB,cj,11882,und
11884,nun,nun,ADV,mo,11883,wartete
11885,von,von,ADP,op,11883,wartete
11886,Stunde,Stunde,NOUN,mo,11889,in
11887,zu,zu,ADP,mnr,11886,Stunde
11888,Stunde,Stunde,NOUN,nk,11887,zu
11889,in,in,ADP,ROOT,11889,in
11890,der,der,DET,nk,11891,Bodenkammer
11891,Bodenkammer,Bodenkammer,PROPN,nk,11889,in
11892,auf,auf,ADP,mo,11889,in
11893,Andres,Andre,NOUN,nk,11892,auf
11894,",",--,PUNCT,punct,11893,Andres
11895,den,der,PRON,oa,11899,glaubte
11896,sie,sie,PRON,sb,11899,glaubte
11897,auch,auch,ADV,mo,11898,verloren
11898,verloren,verloren,ADV,mo,11899,glaubte
11899,glaubte,glauben,VERB,rc,11893,Andres
11900,.,--,PUNCT,punct,11889,in
11901,Der,der,DET,nk,11902,Knabe
11902,Knabe,Knabe,NOUN,sb,11903,hatte
11903,hatte,haben,AUX,ROOT,11903,hatte
11904,von,von,ADP,sbp,11907,gesehen
11905,oben,oben,ADV,nk,11904,von
11906,herab,herab,ADV,mo,11907,gesehen
11907,gesehen,sehen,VERB,oc,11903,hatte
11908,",",--,PUNCT,punct,11907,gesehen
11909,wie,wie,SCONJ,mo,11914,gingen
11910,mehrere,mehrere,DET,nk,11911,Männer
11911,Männer,Mann,NOUN,sb,11914,gingen
11912,ins,in,ADP,mo,11914,gingen
11913,Haus,Haus,NOUN,nk,11912,ins
11914,gingen,gehen,VERB,mo,11907,gesehen
11915,und,und,CCONJ,cd,11914,gingen
11916,mit,mit,ADP,mo,11921,heraustrugen
11917,Dennern,Denner,NOUN,nk,11916,mit
11918,einen,ein,DET,nk,11920,Menschen
11919,toten,tot,ADJ,nk,11920,Menschen
11920,Menschen,Mensch,NOUN,oa,11921,heraustrugen
11921,heraustrugen,heraustrugen,VERB,ROOT,11921,heraustrugen
11922,.,--,PUNCT,punct,11921,heraustrugen
11923,-,--,PUNCT,punct,11925,bemerkte
11924,Endlich,endlich,ADV,mo,11925,bemerkte
11925,bemerkte,bemerken,VERB,ROOT,11925,bemerkte
11926,auch,auch,ADV,mo,11927,Giorgina
11927,Giorgina,Giorgina,PROPN,sb,11925,bemerkte
11928,das,der,DET,nk,11929,Geld
11929,Geld,Geld,NOUN,ROOT,11929,Geld
11930,und,und,CCONJ,cd,11929,Geld
11931,die,der,DET,nk,11933,Sachen
11932,schönen,schön,ADJ,nk,11933,Sachen
11933,Sachen,Sache,NOUN,cj,11930,und
11934,",",--,PUNCT,punct,11933,Sachen
11935,die,der,DET,nk,11936,Andres
11936,Andres,Andr,NOUN,oa,11937,mitgebracht
11937,mitgebracht,mitbringen,VERB,oc,11938,hatte
11938,hatte,haben,AUX,rc,11933,Sachen
11939,.,--,PUNCT,punct,11929,Geld
11940,»,--,PUNCT,punct,11944,ist
11941,Ach,ach,INTJ,dm,11944,ist
11942,",",--,PUNCT,punct,11943,so
11943,so,so,ADV,mo,11944,ist
11944,ist,sein,AUX,ROOT,11944,ist
11945,es,es,PRON,sb,11944,ist
11946,doch,doch,CCONJ,ju,11947,wahr
11947,wahr,wahr,ADV,mo,11950,schrie
11948,?,--,PUNCT,punct,11950,schrie
11949,«,--,PUNCT,punct,11950,schrie
11950,schrie,schreien,VERB,ROOT,11950,schrie
11951,sie,sie,PRON,sb,11950,schrie
11952,entsetzt,entsetzt,ADV,mo,11950,schrie
11953,auf,auf,ADP,svp,11950,schrie
11954,",",--,PUNCT,punct,11950,schrie
11955,»,--,PUNCT,punct,11957,bist
11956,so,so,ADV,mo,11957,bist
11957,bist,sein,AUX,cj,11950,schrie
11958,du,du,PRON,sb,11957,bist
11959,doch,doch,ADV,mo,11957,bist
11960,-,--,PUNCT,punct,11957,bist
11961,«,--,PUNCT,punct,11957,bist
11962,Andres,Andres,NOUN,oa,11963,ließ
11963,ließ,lassen,VERB,ROOT,11963,ließ
11964,sie,sie,PRON,sb,11963,ließ
11965,nicht,nicht,PART,ng,11963,ließ
11966,ausreden,ausreden,VERB,ROOT,11966,ausreden
11967,",",--,PUNCT,punct,11966,ausreden
11968,sondern,sondern,CCONJ,cd,11966,ausreden
11969,erzählte,erzählen,VERB,cj,11968,sondern
11970,ausführlich,ausführlich,ADV,mo,11969,erzählte
11971,",",--,PUNCT,punct,11969,erzählte
11972,welches,welcher,DET,nk,11973,Glück
11973,Glück,Glück,NOUN,oa,11975,betroffen
11974,sie,sie,PRON,sb,11973,Glück
11975,betroffen,betreffen,VERB,oc,11969,erzählte
11976,und,und,CCONJ,cd,11975,betroffen
11977,wie,wie,SCONJ,cm,11978,er
11978,er,er,PRON,mo,11969,erzählte
11979,in,in,ADP,mo,11981,gewesen
11980,Frankfurt,Frankfurt,PROPN,nk,11979,in
11981,gewesen,sein,AUX,oc,11982,sei
11982,sei,sein,AUX,ROOT,11982,sei
11983,",",--,PUNCT,punct,11982,sei
11984,wo,wo,SCONJ,mo,11991,lassen
11985,er,er,PRON,sb,11989,habe
11986,sich,sich,PRON,da,11991,lassen
11987,ihre,ihr,DET,nk,11988,Erbschaft
11988,Erbschaft,Erbschaft,NOUN,oa,11991,lassen
11989,habe,haben,AUX,sb,11982,sei
11990,auszahlen,auszahlen,VERB,oc,11991,lassen
11991,lassen,lassen,VERB,oc,11989,habe
11992,.,--,PUNCT,punct,11982,sei
11993,Der,der,DET,ROOT,11993,Der
11994,Neffe,Neff,NOUN,pd,12000,war
11995,des,der,DET,nk,11997,Grafen
11996,ermordeten,ermordet,ADJ,nk,11997,Grafen
11997,Grafen,Graf,NOUN,ag,11994,Neffe
11998,von,von,ADP,pg,11997,Grafen
11999,Vach,Vach,PROPN,nk,11998,von
12000,war,sein,AUX,ROOT,12000,war
12001,nun,nun,ADV,mo,12000,war
12002,Besitzer,Besitzer,NOUN,sb,12000,war
12003,der,der,DET,nk,12004,Güter
12004,Güter,Gut,NOUN,ag,12002,Besitzer
12005,worden,werden,AUX,oc,12000,war
12006,;,--,PUNCT,punct,12000,war
12007,bei,bei,ADP,ROOT,12007,bei
12008,diesem,dieser,PRON,da,12012,melden
12009,wollte,wollen,AUX,ROOT,12009,wollte
12010,sich,sich,PRON,oa,12012,melden
12011,Andres,andre,NOUN,oa,12012,melden
12012,melden,melden,VERB,oc,12009,wollte
12013,",",--,PUNCT,punct,12012,melden
12014,getreulich,getreulich,ADV,mo,12017,erzählen
12015,alles,aller,PRON,nk,12016,Geschehene
12016,Geschehene,Geschehene,NOUN,oa,12017,erzählen
12017,erzählen,erzählen,VERB,oc,12012,melden
12018,",",--,PUNCT,punct,12012,melden
12019,Denners,Denner,PROPN,dep,12009,wollte
12020,Schlupfwinkel,Schlupfwinkel,NOUN,oa,12021,entdecken
12021,entdecken,entdecken,VERB,ROOT,12021,entdecken
12022,und,und,CCONJ,cd,12021,entdecken
12023,bitten,bitten,VERB,cj,12022,und
12024,",",--,PUNCT,punct,12023,bitten
12025,ihn,ihn,PRON,oa,12029,entlassen
12026,seines,sein,DET,nk,12027,Dienstes
12027,Dienstes,Dienst,NOUN,og,12029,entlassen
12028,zu,zu,PART,pm,12029,entlassen
12029,entlassen,entlassen,VERB,oc,12023,bitten
12030,",",--,PUNCT,punct,12029,entlassen
12031,der,der,PRON,nk,12032,ihm
12032,ihm,ihm,PRON,punct,12026,seines
12033,so,so,ADV,mo,12034,viel
12034,viel,viel,DET,nk,12035,Not
12035,Not,Not,NOUN,oa,12038,bringe
12036,und,und,CCONJ,cd,12035,Not
12037,Gefahr,Gefahr,NOUN,cj,12036,und
12038,bringe,bringen,VERB,ROOT,12038,bringe
12039,.,--,PUNCT,punct,12038,bringe
12040,Giorgina,Giorgina,PROPN,sb,12041,durfte
12041,durfte,dürfen,AUX,ROOT,12041,durfte
12042,mit,mit,ADP,mo,12041,durfte
12043,dem,der,DET,nk,12044,Knaben
12044,Knaben,Knabe,NOUN,nk,12042,mit
12045,im,in,ADP,mo,12041,durfte
12046,Hause,Haus,NOUN,nk,12045,im
12047,nicht,nicht,PART,ng,12041,durfte
12048,zurückbleiben,zurückbleiben,VERB,ROOT,12048,zurückbleiben
12049,.,--,PUNCT,punct,12048,zurückbleiben
12050,Andres,Andres,NOUN,sb,12051,beschloß
12051,beschloß,beschließen,VERB,ROOT,12051,beschloß
12052,daher,daher,ADV,mo,12051,beschloß
12053,",",--,PUNCT,punct,12051,beschloß
12054,seine,sein,DET,nk,12055,besten
12055,besten,gut,ADJ,oa,12057,fortzuschaffenden
12056,leicht,leicht,ADV,mo,12057,fortzuschaffenden
12057,fortzuschaffenden,fortzuschaffenden,VERB,oc,12051,beschloß
12058,Sachen,Sache,NOUN,oa,12064,packen
12059,auf,auf,ADP,mnr,12058,Sachen
12060,einen,ein,DET,nk,12062,Leiterwagen
12061,kleinen,klein,ADJ,nk,12062,Leiterwagen
12062,Leiterwagen,Leiterwag,NOUN,nk,12059,auf
12063,zu,zu,PART,pm,12064,packen
12064,packen,packen,VERB,ROOT,12064,packen
12065,",",--,PUNCT,punct,12064,packen
12066,das,der,DET,nk,12067,Pferd
12067,Pferd,Pferd,NOUN,oa,12068,vorzuspannen
12068,vorzuspannen,vorzuspannen,VERB,cj,12064,packen
12069,und,und,CCONJ,cd,12068,vorzuspannen
12070,so,so,ADV,mo,12064,packen
12071,mit,mit,ADP,mo,12081,verlassen
12072,seinem,sein,DET,nk,12073,Weibe
12073,Weibe,Weibe,NOUN,nk,12071,mit
12074,und,und,CCONJ,cd,12073,Weibe
12075,Kinde,Kind,NOUN,cj,12074,und
12076,eine,ein,DET,nk,12077,Gegend
12077,Gegend,Gegend,NOUN,oa,12081,verlassen
12078,auf,auf,ADP,mo,12081,verlassen
12079,immer,immer,ADV,nk,12078,auf
12080,zu,zu,PART,pm,12081,verlassen
12081,verlassen,verlassen,VERB,ROOT,12081,verlassen
12082,",",--,PUNCT,punct,12081,verlassen
12083,die,der,PRON,app,12077,Gegend
12084,ihm,ihm,PRON,da,12086,die
12085,nur,nur,ADV,mo,12086,die
12086,die,der,DET,mnr,12083,die
12087,schrecklichsten,schrecklichst,ADJ,nk,12088,Erinnerungen
12088,Erinnerungen,Erinnerung,NOUN,oa,12089,erregen
12089,erregen,erregen,VERB,ROOT,12089,erregen
12090,und,und,CCONJ,cd,12089,erregen
12091,überdem,überd,ADJ,cj,12090,und
12092,niemals,niemals,ADV,mo,12091,überdem
12093,Ruhe,Ruhe,NOUN,oa,12091,überdem
12094,und,und,CCONJ,cd,12093,Ruhe
12095,Sicherheit,Sicherheit,NOUN,cj,12094,und
12096,gewähren,gewähren,VERB,oc,12097,konnte
12097,konnte,können,AUX,ROOT,12097,konnte
12098,.,--,PUNCT,punct,12097,konnte
12099,Der,der,DET,nk,12101,Tag
12100,dritte,dritter,ADJ,nk,12101,Tag
12101,Tag,Tag,NOUN,sb,12102,war
12102,war,sein,AUX,ROOT,12102,war
12103,zur,zu,ADP,mo,12105,bestimmt
12104,Abreise,Abreise,NOUN,nk,12103,zur
12105,bestimmt,bestimmen,VERB,pd,12102,war
12106,",",--,PUNCT,punct,12102,war
12107,und,und,CCONJ,cd,12102,war
12108,eben,eben,ADV,mo,12109,packten
12109,packten,packten,VERB,cj,12107,und
12110,sie,sie,PRON,sb,12109,packten
12111,einen,ein,DET,nk,12112,Kasten
12112,Kasten,Kasten,NOUN,ROOT,12112,Kasten
12113,",",--,PUNCT,punct,12112,Kasten
12114,als,als,SCONJ,cp,12122,kam
12115,ein,ein,DET,nk,12117,Pferdegetrappel
12116,starkes,stark,ADJ,nk,12117,Pferdegetrappel
12117,Pferdegetrappel,Pferdegetrappel,NOUN,sb,12122,kam
12118,immer,immer,ADV,mo,12119,näher
12119,näher,nah,ADV,mo,12122,kam
12120,und,und,CCONJ,cd,12119,näher
12121,näher,nah,ADV,cj,12120,und
12122,kam,kommen,VERB,mnr,12112,Kasten
12123,.,--,PUNCT,punct,12112,Kasten
12124,Andres,Andres,NOUN,ROOT,12124,Andres
12125,erkannte,erkennen,VERB,ROOT,12125,erkannte
12126,den,der,DET,nk,12128,Förster
12127,Vachschen,Vachschen,ADJ,nk,12128,Förster
12128,Förster,Förster,NOUN,oa,12125,erkannte
12129,",",--,PUNCT,punct,12128,Förster
12130,der,der,PRON,sb,12134,wohnte
12131,bei,bei,ADP,mo,12134,wohnte
12132,dem,der,DET,nk,12133,Schlosse
12133,Schlosse,Schloß,NOUN,nk,12131,bei
12134,wohnte,wohnen,VERB,rc,12128,Förster
12135,;,--,PUNCT,punct,12125,erkannte
12136,hinter,hinter,ADP,mo,12138,ritt
12137,ihm,ihm,PRON,nk,12136,hinter
12138,ritt,riten,VERB,ROOT,12138,ritt
12139,ein,ein,DET,nk,12140,Kommando
12140,Kommando,Kommando,NOUN,ROOT,12140,Kommando
12141,Fuldaischer,fuldaisch,ADJ,nk,12142,Dragoner
12142,Dragoner,Dragoner,NOUN,ag,12140,Kommando
12143,.,--,PUNCT,punct,12140,Kommando
12144,»,--,PUNCT,punct,12147,finden
12145,Nun,nun,ADV,mo,12146,da
12146,da,da,ADV,mo,12147,finden
12147,finden,finden,VERB,ROOT,12147,finden
12148,wir,wir,PRON,sb,12147,finden
12149,ja,ja,ADV,mo,12147,finden
12150,den,der,DET,nk,12151,Bösewicht
12151,Bösewicht,Bösewicht,NOUN,oa,12147,finden
12152,gerade,gerade,ADV,mo,12147,finden
12153,bei,bei,ADP,mo,12165,rief
12154,der,der,DET,nk,12155,Arbeit
12155,Arbeit,Arbeit,NOUN,nk,12153,bei
12156,",",--,PUNCT,punct,12155,Arbeit
12157,seinen,sein,DET,nk,12158,Raub
12158,Raub,Raub,NOUN,oa,12162,bringen
12159,in,in,ADP,cvc,12162,bringen
12160,Sicherheit,Sicherheit,NOUN,nk,12159,in
12161,zu,zu,PART,pm,12162,bringen
12162,bringen,bringen,VERB,oc,12155,Arbeit
12163,«,--,PUNCT,punct,12165,rief
12164,",",--,PUNCT,punct,12165,rief
12165,rief,rufen,VERB,ROOT,12165,rief
12166,der,der,DET,nk,12167,Kommissarius
12167,Kommissarius,Kommissarius,NOUN,sb,12165,rief
12168,des,der,DET,nk,12169,Gerichts
12169,Gerichts,Gericht,NOUN,ROOT,12169,Gerichts
12170,",",--,PUNCT,punct,12169,Gerichts
12171,der,der,DET,sb,12172,mitgekommen
12172,mitgekommen,mitgekommen,VERB,cj,12169,Gerichts
12173,.,--,PUNCT,ROOT,12173,.
12174,Andres,Andres,NOUN,sb,12175,erstarrte
12175,erstarrte,erstarren,VERB,ROOT,12175,erstarrte
12176,vor,vor,ADP,mo,12175,erstarrte
12177,Staunen,Staune,NOUN,nk,12176,vor
12178,und,und,CCONJ,cd,12177,Staunen
12179,Schreck,Schreck,PROPN,cj,12178,und
12180,.,--,PUNCT,punct,12175,erstarrte
12181,Giorgina,Giorgina,PROPN,sb,12182,war
12182,war,sein,AUX,ROOT,12182,war
12183,halb,halb,ADV,mo,12184,ohnmächtig
12184,ohnmächtig,ohnmächtig,ADV,pd,12182,war
12185,.,--,PUNCT,punct,12182,war
12186,Sie,sie,PRON,sb,12187,fielen
12187,fielen,fallen,VERB,ROOT,12187,fielen
12188,über,über,ADP,mo,12187,fielen
12189,ihn,ihn,PRON,nk,12188,über
12190,her,her,ADV,svp,12187,fielen
12191,",",--,PUNCT,punct,12187,fielen
12192,banden,banden,VERB,cj,12187,fielen
12193,ihn,ihn,PRON,oa,12192,banden
12194,und,und,CCONJ,cd,12193,ihn
12195,sein,sein,DET,nk,12196,Weib
12196,Weib,Weib,NOUN,cj,12194,und
12197,mit,mit,ADP,ROOT,12197,mit
12198,Stricken,Strick,NOUN,nk,12197,mit
12199,und,und,CCONJ,ju,12200,warfen
12200,warfen,werfen,VERB,ROOT,12200,warfen
12201,sie,sie,PRON,oa,12200,warfen
12202,auf,auf,ADP,mo,12200,warfen
12203,den,der,DET,nk,12204,Leiterwagen
12204,Leiterwagen,Leiterwage,NOUN,nk,12202,auf
12205,",",--,PUNCT,punct,12204,Leiterwagen
12206,der,der,PRON,sb,12211,stand
12207,schon,schon,ADV,mo,12208,vor
12208,vor,vor,ADP,mo,12211,stand
12209,dem,der,DET,nk,12210,Hause
12210,Hause,Haus,NOUN,nk,12208,vor
12211,stand,stehen,VERB,rc,12204,Leiterwagen
12212,.,--,PUNCT,punct,12200,warfen
12213,Giorgina,Giorgina,PROPN,sb,12214,jammerte
12214,jammerte,jammern,VERB,ROOT,12214,jammerte
12215,laut,laut,ADP,mo,12214,jammerte
12216,um,um,ADP,op,12214,jammerte
12217,den,der,DET,nk,12218,Knaben
12218,Knaben,Knabe,NOUN,nk,12216,um
12219,und,und,CCONJ,cd,12214,jammerte
12220,flehte,flehen,VERB,cj,12219,und
12221,um,um,ADP,mo,12220,flehte
12222,Gottes,Gott,NOUN,nk,12221,um
12223,willen,willen,ADP,svp,12220,flehte
12224,",",--,PUNCT,punct,12220,flehte
12225,daß,daß,SCONJ,cp,12227,ihn
12226,man,man,PRON,sb,12225,daß
12227,ihn,ihn,PRON,oa,12220,flehte
12228,ihr,ihr,DET,nk,12229,mitgeben
12229,mitgeben,mitgeben,VERB,oc,12230,möge
12230,möge,mögen,AUX,ROOT,12230,möge
12231,.,--,PUNCT,punct,12230,möge
12232,»,--,PUNCT,punct,12236,Brut
12233,Damit,damit,SCONJ,cp,12236,Brut
12234,du,du,PRON,sb,12236,Brut
12235,deine,dein,VERB,nk,12236,Brut
12236,Brut,Brut,NOUN,ROOT,12236,Brut
12237,auch,auch,ADV,mo,12239,ins
12238,noch,noch,ADV,mo,12239,ins
12239,ins,in,ADP,mo,12236,Brut
12240,höllische,höllisch,ADJ,nk,12241,Verderben
12241,Verderben,verderben,NOUN,nk,12239,ins
12242,bringen,bringen,VERB,oc,12246,sprach
12243,kannst,Kannst,VERB,oa,12242,bringen
12244,?,--,PUNCT,punct,12246,sprach
12245,«,--,PUNCT,punct,12246,sprach
12246,sprach,sprechen,VERB,ROOT,12246,sprach
12247,der,der,DET,nk,12248,Kommissarius
12248,Kommissarius,Kommissarius,NOUN,sb,12246,sprach
12249,und,und,CCONJ,cd,12246,sprach
12250,riß,reißen,VERB,cj,12249,und
12251,den,der,DET,nk,12252,Knaben
12252,Knaben,Knabe,NOUN,oa,12250,riß
12253,mit,mit,ADP,mo,12250,riß
12254,Gewalt,Gewalt,NOUN,nk,12253,mit
12255,aus,aus,ADP,svp,12250,riß
12256,Giorginas,Giorgina,PROPN,ag,12257,Armen
12257,Armen,arme,NOUN,ROOT,12257,Armen
12258,.,--,PUNCT,punct,12257,Armen
12259,Schon,schon,ADV,mo,12260,sollte
12260,sollte,sollen,AUX,ROOT,12260,sollte
12261,es,es,PRON,sb,12260,sollte
12262,fortgehen,fortgeh,VERB,oc,12260,sollte
12263,",",--,PUNCT,punct,12260,sollte
12264,da,da,ADV,mo,12265,trat
12265,trat,treten,VERB,cj,12260,sollte
12266,der,der,DET,nk,12268,Förster
12267,alte,alt,ADJ,nk,12268,Förster
12268,Förster,Förster,NOUN,sb,12265,trat
12269,",",--,PUNCT,punct,12265,trat
12270,ein,ein,DET,punct,12260,sollte
12271,rauher,Rauher,NOUN,nk,12274,Mann
12272,aber,aber,ADV,mo,12271,rauher
12273,biederer,bieder,ADJ,nk,12274,Mann
12274,Mann,Mann,NOUN,ROOT,12274,Mann
12275,",",--,PUNCT,punct,12274,Mann
12276,noch,noch,ADV,mo,12277,einmal
12277,einmal,einmal,ADV,mo,12278,an
12278,an,an,ADP,mnr,12274,Mann
12279,den,der,DET,nk,12280,Wagen
12280,Wagen,Wagen,NOUN,nk,12278,an
12281,und,und,CCONJ,cd,12274,Mann
12282,sagte,sagen,VERB,cj,12281,und
12283,:,--,PUNCT,punct,12282,sagte
12284,»,--,PUNCT,punct,12285,Andres
12285,Andres,Andres,NOUN,oc,12282,sagte
12286,",",--,PUNCT,punct,12285,Andres
12287,Andres,Andr,NOUN,cj,12285,Andres
12288,",",--,PUNCT,punct,12285,Andres
12289,wie,wie,SCONJ,cm,12290,hast
12290,hast,haben,AUX,ROOT,12290,hast
12291,du,du,PRON,sb,12290,hast
12292,dich,dich,PRON,oa,12290,hast
12293,denn,denn,ADV,mo,12298,lassen
12294,von,von,ADP,mo,12297,verlocken
12295,dem,der,DET,nk,12296,Satan
12296,Satan,Satan,PROPN,nk,12294,von
12297,verlocken,verlocken,VERB,oc,12298,lassen
12298,lassen,lassen,VERB,oc,12290,hast
12299,",",--,PUNCT,punct,12298,lassen
12300,solche,solcher,DET,nk,12301,Freveltaten
12301,Freveltaten,Freveltat,NOUN,cj,12290,hast
12302,zu,zu,ADP,svp,12290,hast
12303,begehen,begehen,VERB,ROOT,12303,begehen
12304,?,--,PUNCT,punct,12303,begehen
12305,Immer,immer,ADV,mo,12306,warst
12306,warst,warst,VERB,mo,12320,Herr
12307,du,du,PRON,sb,12306,warst
12308,ja,ja,ADV,mo,12306,warst
12309,sonst,sonst,ADV,mo,12308,ja
12310,so,so,ADV,mo,12311,fromm
12311,fromm,fromm,ADV,pd,12306,warst
12312,und,und,CCONJ,cd,12311,fromm
12313,ehrlich,ehrlich,ADV,cj,12312,und
12314,!,--,PUNCT,punct,12306,warst
12315,«,--,PUNCT,punct,12306,warst
12316,-,--,PUNCT,punct,12320,Herr
12317,»,--,PUNCT,punct,12320,Herr
12318,Ach,ach,INTJ,nk,12320,Herr
12319,lieber,lieb,ADJ,nk,12320,Herr
12320,Herr,Herr,NOUN,ROOT,12320,Herr
12321,!,--,PUNCT,punct,12320,Herr
12322,«,--,PUNCT,punct,12320,Herr
12323,schrie,Schrie,NOUN,pnc,12324,Andres
12324,Andres,Andres,PROPN,ROOT,12324,Andres
12325,auf,auf,ADP,mnr,12324,Andres
12326,im,in,ADP,mnr,12324,Andres
12327,höchsten,hoch,ADJ,nk,12328,Jammer
12328,Jammer,Jammer,NOUN,nk,12326,im
12329,",",--,PUNCT,punct,12324,Andres
12330,»,--,PUNCT,punct,12331,so
12331,so,so,ADV,mo,12332,wahr
12332,wahr,wahr,ADV,mo,12336,lebt
12333,Gott,Gott,NOUN,sb,12336,lebt
12334,im,in,ADP,mo,12336,lebt
12335,Himmel,Himmel,NOUN,nk,12334,im
12336,lebt,leben,VERB,par,12324,Andres
12337,",",--,PUNCT,punct,12336,lebt
12338,so,so,ADV,mo,12336,lebt
12339,wie,wie,SCONJ,cm,12340,ich
12340,ich,ich,PRON,cc,12338,so
12341,dereinst,dereinst,ADV,mo,12344,sterben
12342,selig,selig,ADV,mo,12344,sterben
12343,zu,zu,PART,pm,12344,sterben
12344,sterben,sterben,VERB,oc,12345,hoffe
12345,hoffe,hoffen,VERB,ROOT,12345,hoffe
12346,",",--,PUNCT,punct,12345,hoffe
12347,ich,ich,PRON,sb,12348,bin
12348,bin,sein,AUX,oc,12345,hoffe
12349,unschuldig,unschuldig,ADV,pd,12348,bin
12350,.,--,PUNCT,punct,12345,hoffe
12351,Ihr,ihr,PRON,sb,12352,habt
12352,habt,haben,AUX,ROOT,12352,habt
12353,mich,sich,PRON,oa,12355,gekannt
12354,ja,ja,ADV,mo,12355,gekannt
12355,gekannt,kennen,VERB,oc,12352,habt
12356,von,von,ADP,ROOT,12356,von
12357,früher,früh,ADJ,nk,12358,Jugend
12358,Jugend,Jugend,NOUN,nk,12356,von
12359,her,her,ADV,ac,12356,von
12360,;,--,PUNCT,punct,12356,von
12361,wie,wie,ADV,mo,12362,sollte
12362,sollte,sollen,AUX,ROOT,12362,sollte
12363,ich,ich,PRON,sb,12362,sollte
12364,",",--,PUNCT,punct,12362,sollte
12365,der,der,PRON,da,12369,getan
12366,ich,ich,PRON,sb,12369,getan
12367,niemals,niemals,ADV,mo,12369,getan
12368,Unrechtes,Unrechtes,NOUN,oa,12369,getan
12369,getan,tun,VERB,mo,12362,sollte
12370,",",--,PUNCT,punct,12362,sollte
12371,solch,solch,DET,dep,12362,sollte
12372,ein,ein,DET,nk,12374,Bösewicht
12373,abscheulicher,abscheulich,ADJ,nk,12374,Bösewicht
12374,Bösewicht,Bösewicht,NOUN,pd,12375,geworden
12375,geworden,werden,AUX,oc,12376,sein
12376,sein,sein,AUX,ROOT,12376,sein
12377,?,--,PUNCT,punct,12376,sein
12378,-,--,PUNCT,punct,12381,weiß
12379,denn,denn,CCONJ,ju,12381,weiß
12380,ich,ich,PRON,sb,12381,weiß
12381,weiß,wissen,VERB,ROOT,12381,weiß
12382,wohl,wohl,ADV,mo,12381,weiß
12383,",",--,PUNCT,punct,12381,weiß
12384,daß,daß,SCONJ,cp,12385,Ihr
12385,Ihr,ihr,PRON,oc,12381,weiß
12386,mich,sich,PRON,oa,12385,Ihr
12387,für,für,ADP,mo,12396,haltet
12388,einen,ein,DET,nk,12390,Räuber
12389,verruchten,verrucht,ADJ,nk,12390,Räuber
12390,Räuber,Räuber,NOUN,nk,12387,für
12391,und,und,CCONJ,cd,12390,Räuber
12392,Teilnehmer,Teilnehmer,NOUN,cj,12391,und
12393,an,an,ADP,mo,12396,haltet
12394,der,der,DET,nk,12395,Freveltat
12395,Freveltat,Freveltat,NOUN,nk,12393,an
12396,haltet,halten,VERB,ROOT,12396,haltet
12397,",",--,PUNCT,punct,12396,haltet
12398,die,der,PRON,app,12396,haltet
12399,auf,auf,ADP,mnr,12398,die
12400,dem,der,DET,nk,12399,auf
12401,Schlosse,Schloß,NOUN,sb,12408,ist
12402,meines,mein,DET,nk,12405,Herrn
12403,geliebten,geliebt,ADJ,nk,12405,Herrn
12404,unglücklichen,unglücklich,ADJ,nk,12405,Herrn
12405,Herrn,Herr,NOUN,ag,12401,Schlosse
12406,verübt,verüben,VERB,oc,12407,worden
12407,worden,werden,AUX,oc,12408,ist
12408,ist,sein,AUX,ROOT,12408,ist
12409,.,--,PUNCT,punct,12408,ist
12410,Aber,aber,CCONJ,ju,12412,bin
12411,ich,ich,PRON,sb,12412,bin
12412,bin,sein,AUX,ROOT,12412,bin
12413,unschuldig,unschuldig,ADV,ROOT,12413,unschuldig
12414,bei,bei,ADP,mo,12413,unschuldig
12415,meinem,mein,DET,nk,12416,Leben
12416,Leben,Leben,NOUN,nk,12414,bei
12417,und,und,CCONJ,cd,12416,Leben
12418,meiner,mein,DET,nk,12419,Seligkeit
12419,Seligkeit,Seligkeit,NOUN,cj,12417,und
12420,!,--,PUNCT,punct,12413,unschuldig
12421,«,--,PUNCT,punct,12413,unschuldig
12422,-,--,PUNCT,punct,12424,Nun
12423,»,--,PUNCT,punct,12424,Nun
12424,Nun,nun,ADV,mo,12427,sagte
12425,«,--,PUNCT,punct,12424,Nun
12426,",",--,PUNCT,punct,12427,sagte
12427,sagte,sagen,VERB,ROOT,12427,sagte
12428,der,der,DET,nk,12429,alte
12429,alte,alt,ADJ,sb,12427,sagte
12430,Förster,Förster,PROPN,sb,12446,mag
12431,",",--,PUNCT,punct,12430,Förster
12432,»,--,PUNCT,punct,12444,kommen
12433,wenn,wenn,SCONJ,cp,12436,bist
12434,du,du,PRON,sb,12436,bist
12435,unschuldig,unschuldig,ADV,pd,12436,bist
12436,bist,sein,AUX,re,12438,so
12437,",",--,PUNCT,punct,12438,so
12438,so,so,ADV,mo,12444,kommen
12439,wird,werden,AUX,rs,12430,Förster
12440,das,der,DET,sb,12439,wird
12441,an,an,ADP,mo,12444,kommen
12442,den,der,DET,nk,12443,Tag
12443,Tag,Tag,NOUN,nk,12441,an
12444,kommen,kommen,VERB,oc,12439,wird
12445,",",--,PUNCT,punct,12446,mag
12446,mag,mögen,AUX,ROOT,12446,mag
12447,auch,auch,ADV,mo,12446,mag
12448,noch,noch,ADV,mo,12446,mag
12449,so,so,ADV,mo,12450,viel
12450,viel,viel,ADV,mo,12453,sprechen
12451,wider,wider,ADP,mo,12453,sprechen
12452,dich,dich,PRON,nk,12451,wider
12453,sprechen,sprechen,VERB,ROOT,12453,sprechen
12454,.,--,PUNCT,punct,12453,sprechen
12455,Deines,Deines,ADJ,nk,12456,Knaben
12456,Knaben,Knabe,NOUN,ROOT,12456,Knaben
12457,und,und,CCONJ,cd,12456,Knaben
12458,des,der,DET,nk,12459,Besitztums
12459,Besitztums,Besitztum,NOUN,cj,12457,und
12460,",",--,PUNCT,punct,12456,Knaben
12461,was,wer,PRON,punct,12456,Knaben
12462,du,du,PRON,dep,12456,Knaben
12463,zurücklässest,zurücklässest,VERB,mo,12465,will
12464,",",--,PUNCT,punct,12465,will
12465,will,wollen,AUX,ROOT,12465,will
12466,ich,ich,PRON,sb,12465,will
12467,mich,sich,PRON,oa,12469,annehmen
12468,getreulich,getreulich,ADV,mo,12469,annehmen
12469,annehmen,annehmen,VERB,oc,12465,will
12470,",",--,PUNCT,punct,12469,annehmen
12471,so,so,ADV,mo,12472,daß
12472,daß,daß,SCONJ,dep,12465,will
12473,",",--,PUNCT,punct,12472,daß
12474,wenn,wenn,SCONJ,cp,12475,deine
12475,deine,dein,NOUN,cc,12471,so
12476,und,und,CCONJ,cd,12475,deine
12477,deines,dein,ADJ,cj,12476,und
12478,Weibes,Weibe,PROPN,ag,12479,Unschuld
12479,Unschuld,Unschuld,NOUN,ROOT,12479,Unschuld
12480,erwiesen,erweisen,VERB,oc,12479,Unschuld
12481,",",--,PUNCT,punct,12479,Unschuld
12482,du,du,PRON,sb,12479,Unschuld
12483,den,der,DET,nk,12484,Jungen
12484,Jungen,Junge,NOUN,da,12485,frisch
12485,frisch,frisch,ADV,pd,12482,du
12486,und,und,CCONJ,cd,12485,frisch
12487,munter,Munter,ADJ,cj,12486,und
12488,und,und,CCONJ,cd,12487,munter
12489,deine,dein,ADJ,nk,12490,Sachen
12490,Sachen,Sache,NOUN,cj,12488,und
12491,unversehrt,unversehren,VERB,mo,12492,wiederfinden
12492,wiederfinden,wiederfinden,VERB,oc,12493,sollst
12493,sollst,sollen,AUX,ROOT,12493,sollst
12494,.,--,PUNCT,punct,12493,sollst
12495,«,--,PUNCT,punct,12492,wiederfinden
12496,Das,der,DET,nk,12497,Geld
12497,Geld,Geld,NOUN,sb,12498,nahm
12498,nahm,nehmen,VERB,ROOT,12498,nahm
12499,der,der,DET,nk,12500,Kommissarius
12500,Kommissarius,Kommissarius,NOUN,sb,12498,nahm
12501,des,der,DET,nk,12502,Gerichts
12502,Gerichts,Gericht,NOUN,ag,12500,Kommissarius
12503,in,in,ADP,svp,12498,nahm
12504,Beschlag,Beschlag,NOUN,ROOT,12504,Beschlag
12505,.,--,PUNCT,punct,12504,Beschlag
12506,Unterweges,Unterweges,NOUN,sb,12507,frug
12507,frug,frug,VERB,ROOT,12507,frug
12508,Andres,Andr,NOUN,sb,12507,frug
12509,Giorginen,giorginen,NOUN,oa,12507,frug
12510,",",--,PUNCT,punct,12509,Giorginen
12511,wo,wo,SCONJ,mo,12516,verwahrt
12512,sie,sie,PRON,sb,12516,verwahrt
12513,denn,denn,ADV,mo,12516,verwahrt
12514,das,der,DET,nk,12515,Kästchen
12515,Kästchen,Kästchen,NOUN,oa,12516,verwahrt
12516,verwahrt,verwahren,VERB,rc,12509,Giorginen
12517,habe,haben,AUX,ROOT,12517,habe
12518,;,--,PUNCT,punct,12517,habe
12519,sie,sie,PRON,sb,12520,gestand
12520,gestand,gestehen,VERB,ROOT,12520,gestand
12521,",",--,PUNCT,punct,12520,gestand
12522,wie,wie,SCONJ,mo,12527,tue
12523,es,es,PRON,oa,12527,tue
12524,ihr,ihr,PRON,da,12527,tue
12525,jetzt,jetzt,ADV,mo,12527,tue
12526,leid,Leid,ADV,mo,12527,tue
12527,tue,tun,VERB,oc,12520,gestand
12528,",",--,PUNCT,punct,12527,tue
12529,daß,daß,SCONJ,cp,12533,Denner
12530,sie,sie,PRON,sb,12529,daß
12531,es,es,PRON,oa,12533,Denner
12532,dem,der,DET,nk,12533,Denner
12533,Denner,Denner,NOUN,da,12520,gestand
12534,überliefert,überlieferen,VERB,ROOT,12534,überliefert
12535,",",--,PUNCT,punct,12534,überliefert
12536,da,da,SCONJ,cp,12541,hätte
12537,es,es,PRON,sb,12541,hätte
12538,jetzt,jetzt,ADV,mo,12544,können
12539,der,der,DET,nk,12540,Obrigkeit
12540,Obrigkeit,Obrigkeit,NOUN,mo,12538,jetzt
12541,hätte,haben,AUX,mo,12534,überliefert
12542,übergeben,übergeben,VERB,oc,12543,werden
12543,werden,werden,AUX,oc,12544,können
12544,können,können,AUX,oc,12541,hätte
12545,.,--,PUNCT,punct,12534,überliefert
12546,In,in,ADP,ROOT,12546,In
12547,Fulda,Fulda,PROPN,nk,12546,In
12548,trennte,trennen,VERB,ROOT,12548,trennte
12549,man,man,PRON,sb,12548,trennte
12550,den,der,DET,nk,12551,Andres
12551,Andres,Andr,NOUN,oa,12548,trennte
12552,von,von,ADP,mo,12548,trennte
12553,seinem,sein,DET,nk,12554,Weibe
12554,Weibe,Weibe,NOUN,nk,12552,von
12555,und,und,CCONJ,cd,12548,trennte
12556,warf,werfen,VERB,cj,12555,und
12557,ihn,ihn,PRON,oa,12556,warf
12558,in,in,ADP,mo,12556,warf
12559,ein,ein,DET,nk,12561,finstres
12560,tiefes,tief,ADJ,nk,12561,finstres
12561,finstres,finstres,ADJ,nk,12558,in
12562,Gefängnis,Gefängnis,NOUN,ROOT,12562,Gefängnis
12563,.,--,PUNCT,punct,12562,Gefängnis
12564,Nach,nach,ADP,mo,12571,geführt
12565,einigen,einiger,DET,nk,12566,Tagen
12566,Tagen,Tag,NOUN,nk,12564,Nach
12567,wurde,werden,AUX,ROOT,12567,wurde
12568,er,er,PRON,sb,12567,wurde
12569,zum,zu,ADP,mo,12571,geführt
12570,Verhör,Verhör,NOUN,nk,12569,zum
12571,geführt,führen,VERB,oc,12567,wurde
12572,.,--,PUNCT,punct,12567,wurde
12573,Man,man,PRON,sb,12574,beschuldigte
12574,beschuldigte,beschuldigen,VERB,ROOT,12574,beschuldigte
12575,ihn,ihn,PRON,oa,12574,beschuldigte
12576,der,der,DET,nk,12577,Teilnahme
12577,Teilnahme,Teilnahme,NOUN,ROOT,12577,Teilnahme
12578,an,an,ADP,op,12577,Teilnahme
12579,dem,der,DET,nk,12584,Raubmorde
12580,im,in,ADP,mo,12583,verübten
12581,Vachschen,Vachschen,NOUN,nk,12582,Schlosse
12582,Schlosse,Schloß,NOUN,nk,12580,im
12583,verübten,verübt,VERB,nk,12584,Raubmorde
12584,Raubmorde,Raubmorde,NOUN,nk,12578,an
12585,und,und,CCONJ,ju,12586,ermahnte
12586,ermahnte,ermahnen,VERB,ROOT,12586,ermahnte
12587,ihn,ihn,PRON,oa,12586,ermahnte
12588,die,der,DET,nk,12589,Wahrheit
12589,Wahrheit,Wahrheit,NOUN,oa,12591,gestehen
12590,zu,zu,PART,pm,12591,gestehen
12591,gestehen,gestehen,VERB,ROOT,12591,gestehen
12592,",",--,PUNCT,punct,12591,gestehen
12593,da,da,SCONJ,cp,12602,sei
12594,schon,schon,ADV,mo,12602,sei
12595,alles,alle,PRON,sb,12602,sei
12596,wider,wider,ADP,mnr,12595,alles
12597,ihn,ihn,PRON,nk,12596,wider
12598,so,so,ADV,mo,12599,gut
12599,gut,gut,ADV,pd,12602,sei
12600,als,als,ADP,mo,12601,ausgemittelt
12601,ausgemittelt,ausgemittelt,VERB,cc,12598,so
12602,sei,sein,AUX,mo,12591,gestehen
12603,.,--,PUNCT,punct,12591,gestehen
12604,Andres,Andres,NOUN,sb,12605,erzählte
12605,erzählte,erzählen,VERB,ROOT,12605,erzählte
12606,nun,nun,ADV,mo,12605,erzählte
12607,getreulich,getreulich,ADV,mo,12605,erzählte
12608,alles,alle,PRON,oa,12605,erzählte
12609,",",--,PUNCT,punct,12608,alles
12610,was,wer,PRON,sb,12614,zugetragen
12611,sich,sich,PRON,oa,12614,zugetragen
12612,mit,mit,ADP,mo,12614,zugetragen
12613,ihm,ihm,PRON,nk,12612,mit
12614,zugetragen,zugetragen,VERB,rc,12608,alles
12615,",",--,PUNCT,punct,12614,zugetragen
12616,von,von,ADP,dep,12605,erzählte
12617,dem,der,PRON,nk,12616,von
12618,ersten,erster,ADJ,nk,12619,Eintritt
12619,Eintritt,Eintritt,NOUN,ROOT,12619,Eintritt
12620,des,der,DET,nk,12622,Denners
12621,abscheulichen,abscheulich,ADJ,nk,12622,Denners
12622,Denners,Denner,NOUN,ag,12619,Eintritt
12623,in,in,ADP,mnr,12619,Eintritt
12624,sein,sein,DET,nk,12625,Haus
12625,Haus,Haus,NOUN,nk,12623,in
12626,bis,bis,ADP,ac,12627,zu
12627,zu,zu,ADP,mnr,12619,Eintritt
12628,dem,der,DET,nk,12629,Augenblick
12629,Augenblick,Augenblick,NOUN,nk,12627,zu
12630,seiner,sein,DET,nk,12631,Verhaftung
12631,Verhaftung,Verhaftung,NOUN,ROOT,12631,Verhaftung
12632,.,--,PUNCT,punct,12631,Verhaftung
12633,Er,er,PRON,sb,12634,klagte
12634,klagte,klagen,VERB,ROOT,12634,klagte
12635,sich,sich,PRON,oa,12634,klagte
12636,selbst,selbst,ADV,mnr,12635,sich
12637,voll,voll,ADP,mo,12634,klagte
12638,Reue,Reue,NOUN,nk,12637,voll
12639,des,der,DET,nk,12641,Vergehens
12640,einzigen,einzig,ADJ,nk,12641,Vergehens
12641,Vergehens,Vergehen,NOUN,ag,12638,Reue
12642,an,an,ADP,svp,12634,klagte
12643,",",--,PUNCT,punct,12634,klagte
12644,daß,daß,SCONJ,cp,12652,retten
12645,er,er,PRON,sb,12652,retten
12646,",",--,PUNCT,punct,12652,retten
12647,um,um,SCONJ,cp,12652,retten
12648,Weib,Weib,NOUN,oa,12652,retten
12649,und,und,CCONJ,cd,12648,Weib
12650,Kind,Kind,NOUN,cj,12649,und
12651,zu,zu,PART,pm,12652,retten
12652,retten,retten,VERB,ROOT,12652,retten
12653,",",--,PUNCT,punct,12652,retten
12654,bei,bei,ADP,mo,12659,zugegen
12655,der,der,DET,nk,12656,Plünderung
12656,Plünderung,Plünderung,NOUN,nk,12654,bei
12657,des,der,DET,nk,12658,Pachters
12658,Pachters,Pachter,NOUN,ag,12656,Plünderung
12659,zugegen,zugegen,VERB,cj,12652,retten
12660,war,sein,AUX,ROOT,12660,war
12661,",",--,PUNCT,punct,12660,war
12662,und,und,CCONJ,cd,12660,war
12663,den,der,DET,nk,12664,Denner
12664,Denner,Denner,NOUN,oa,12668,befreite
12665,von,von,ADP,mo,12668,befreite
12666,der,der,DET,nk,12667,Gefangennehmung
12667,Gefangennehmung,Gefangennehmung,NOUN,nk,12665,von
12668,befreite,befreiten,VERB,cj,12662,und
12669,",",--,PUNCT,punct,12660,war
12670,und,und,CCONJ,cd,12660,war
12671,beteuerte,beteuern,VERB,cj,12670,und
12672,seine,sein,DET,ROOT,12672,seine
12673,gänzliche,gänzlich,ADJ,nk,12674,Unschuld
12674,Unschuld,Unschuld,NOUN,ROOT,12674,Unschuld
12675,rücksichts,rücksichts,ADV,mnr,12674,Unschuld
12676,des,der,DET,nk,12677,letzten
12677,letzten,letzter,ADJ,nk,12675,rücksichts
12678,von,von,ADP,sbp,12682,verübten
12679,der,der,DET,nk,12680,Dennerschen
12680,Dennerschen,Dennerschen,ADJ,nk,12678,von
12681,Bande,Bande,NOUN,nk,12678,von
12682,verübten,verüben,VERB,oc,12674,Unschuld
12683,Raubmordes,Raubmord,NOUN,sb,12693,sei
12684,",",--,PUNCT,punct,12693,sei
12685,da,da,SCONJ,cp,12693,sei
12686,er,er,PRON,sb,12693,sei
12687,zu,zu,PART,pm,12688,ebenderselben
12688,ebenderselben,ebenderselben,VERB,nk,12689,Zeit
12689,Zeit,Zeit,NOUN,pd,12692,gewesen
12690,in,in,ADP,mo,12692,gewesen
12691,Frankfurt,Frankfurt,PROPN,nk,12690,in
12692,gewesen,sein,AUX,oc,12693,sei
12693,sei,sein,AUX,ROOT,12693,sei
12694,.,--,PUNCT,punct,12693,sei
12695,Jetzt,jetzt,ADV,ROOT,12695,Jetzt
12696,öffneten,öffnen,VERB,ROOT,12696,öffneten
12697,sich,sich,PRON,oa,12696,öffneten
12698,die,der,DET,nk,12699,Türen
12699,Türen,Tür,NOUN,sb,12696,öffneten
12700,des,der,DET,nk,12701,Gerichtssaals
12701,Gerichtssaals,Gerichtssaal,NOUN,ag,12699,Türen
12702,und,und,CCONJ,cd,12701,Gerichtssaals
12703,der,der,DET,nk,12705,Denner
12704,abscheuliche,abscheulich,ADJ,nk,12705,Denner
12705,Denner,Denner,NOUN,cj,12702,und
12706,wurde,werden,AUX,cj,12696,öffneten
12707,hereingeführt,hereingeführen,VERB,ROOT,12707,hereingeführt
12708,.,--,PUNCT,punct,12707,hereingeführt
12709,Als,als,SCONJ,cp,12713,erblickte
12710,er,er,PRON,sb,12713,erblickte
12711,den,der,DET,nk,12712,Andres
12712,Andres,Andr,NOUN,oa,12713,erblickte
12713,erblickte,erblicken,VERB,mo,12715,lachte
12714,",",--,PUNCT,punct,12715,lachte
12715,lachte,lachen,VERB,ROOT,12715,lachte
12716,er,er,PRON,sb,12715,lachte
12717,auf,auf,ADP,mo,12715,lachte
12718,in,in,ADP,mo,12715,lachte
12719,teuflischem,teuflisch,ADJ,nk,12720,Hohn
12720,Hohn,Hohn,NOUN,nk,12718,in
12721,und,und,CCONJ,ju,12722,sprach
12722,sprach,sprechen,VERB,ROOT,12722,sprach
12723,:,--,PUNCT,punct,12722,sprach
12724,»,--,PUNCT,punct,12734,lassen
12725,Nun,nun,ADV,mo,12727,Kamerad
12726,",",--,PUNCT,punct,12725,Nun
12727,Kamerad,Kamerad,PROPN,dep,12724,»
12728,",",--,PUNCT,punct,12729,hast
12729,hast,haben,AUX,oc,12722,sprach
12730,du,du,PRON,sb,12729,hast
12731,dich,dich,PRON,oa,12733,erwischen
12732,auch,auch,ADV,mo,12734,lassen
12733,erwischen,erwischen,VERB,oc,12734,lassen
12734,lassen,lassen,VERB,oc,12729,hast
12735,?,--,PUNCT,punct,12722,sprach
12736,Hat,haben,AUX,ROOT,12736,Hat
12737,dir,dir,PRON,sb,12736,Hat
12738,deines,dein,PRON,dep,12736,Hat
12739,Weibes,Weibe,PROPN,ag,12740,Gebet
12740,Gebet,Gebet,NOUN,ROOT,12740,Gebet
12741,denn,denn,ADV,mo,12743,herausgeholfen
12742,nicht,nicht,PART,ng,12743,herausgeholfen
12743,herausgeholfen,herausgeholfen,VERB,oc,12740,Gebet
12744,?,--,PUNCT,punct,12740,Gebet
12745,«,--,PUNCT,punct,12740,Gebet
12746,Die,der,DET,nk,12747,Richter
12747,Richter,Richter,NOUN,sb,12748,forderten
12748,forderten,fordern,VERB,ROOT,12748,forderten
12749,Dennern,Denner,NOUN,oa,12748,forderten
12750,auf,auf,ADP,svp,12748,forderten
12751,",",--,PUNCT,punct,12748,forderten
12752,sein,sein,DET,nk,12753,Bekenntnis
12753,Bekenntnis,Bekenntnis,NOUN,oa,12758,wiederholen
12754,rücksichts,rücksichts,ADV,mnr,12753,Bekenntnis
12755,des,der,DET,nk,12756,Andres
12756,Andres,Andr,NOUN,ag,12754,rücksichts
12757,zu,zu,PART,pm,12758,wiederholen
12758,wiederholen,wiederholen,VERB,ROOT,12758,wiederholen
12759,und,und,CCONJ,cd,12758,wiederholen
12760,er,er,PRON,sb,12761,sagte
12761,sagte,sagen,VERB,cj,12759,und
12762,aus,aus,ADP,svp,12761,sagte
12763,",",--,PUNCT,punct,12761,sagte
12764,daß,daß,SCONJ,ROOT,12764,daß
12765,eben,eben,ADV,mo,12764,daß
12766,der,der,DET,nk,12769,Andres
12767,Vachsche,Vachsche,ADJ,nk,12769,Andres
12768,Revierjäger,Revierjäger,ADJ,nk,12769,Andres
12769,Andres,Andres,PROPN,ROOT,12769,Andres
12770,",",--,PUNCT,punct,12769,Andres
12771,der,der,PRON,sb,12775,stehe
12772,jetzt,jetzt,ADV,mo,12775,stehe
12773,vor,vor,ADP,mo,12775,stehe
12774,ihm,ihm,PRON,nk,12773,vor
12775,stehe,stehen,VERB,rc,12769,Andres
12776,",",--,PUNCT,punct,12775,stehe
12777,schon,schon,ADV,mo,12778,seit
12778,seit,seit,ADP,mo,12775,stehe
12779,fünf,fünf,NUM,nk,12778,seit
12780,Jahren,Jahr,NOUN,sb,12783,verbunden
12781,mit,mit,ADP,op,12783,verbunden
12782,ihm,ihm,PRON,nk,12781,mit
12783,verbunden,verbinden,VERB,ROOT,12783,verbunden
12784,und,und,CCONJ,cd,12783,verbunden
12785,das,der,DET,nk,12786,Jägerhaus
12786,Jägerhaus,Jägerhaus,NOUN,cj,12784,und
12787,sein,sein,DET,nk,12788,bester
12788,bester,gut,ADJ,sb,12783,verbunden
12789,und,und,CCONJ,cd,12788,bester
12790,sicherster,sicherst,ADJ,cj,12789,und
12791,Schlupfwinkel,Schlupfwinkel,NOUN,pd,12792,gewesen
12792,gewesen,sein,AUX,oc,12793,sei
12793,sei,sein,AUX,ROOT,12793,sei
12794,.,--,PUNCT,punct,12793,sei
12795,Andres,Andres,NOUN,sb,12796,habe
12796,habe,haben,AUX,ROOT,12796,habe
12797,immer,immer,ADV,mo,12801,Anteil
12798,den,der,DET,nk,12801,Anteil
12799,ihm,ihm,PRON,da,12800,gebührenden
12800,gebührenden,gebührend,ADJ,nk,12801,Anteil
12801,Anteil,Anteil,NOUN,oa,12796,habe
12802,vom,von,ADP,mnr,12801,Anteil
12803,Raube,Raube,NOUN,oa,12804,erhalten
12804,erhalten,erhalten,VERB,ROOT,12804,erhalten
12805,",",--,PUNCT,punct,12804,erhalten
12806,wiewohl,wiewohl,SCONJ,cp,12814,mitgewirkt
12807,er,er,PRON,sb,12814,mitgewirkt
12808,nur,nur,ADV,mo,12809,zweimal
12809,zweimal,zweimal,ADV,mo,12814,mitgewirkt
12810,tätig,tätig,ADV,mo,12814,mitgewirkt
12811,bei,bei,ADP,mo,12814,mitgewirkt
12812,den,der,DET,nk,12813,Räubereien
12813,Räubereien,Räubereium,NOUN,nk,12811,bei
12814,mitgewirkt,mitwirken,VERB,mo,12804,erhalten
12815,.,--,PUNCT,punct,12804,erhalten
12816,Einmal,einmal,ADV,mo,12818,bei
12817,nämlich,nämlich,ADV,mo,12818,bei
12818,bei,bei,ADP,ROOT,12818,bei
12819,der,der,DET,nk,12820,Beraubung
12820,Beraubung,Beraubung,NOUN,nk,12818,bei
12821,des,der,DET,nk,12822,Pachters
12822,Pachters,Pachter,NOUN,ag,12820,Beraubung
12823,",",--,PUNCT,punct,12822,Pachters
12824,wo,wo,SCONJ,mo,12825,er
12825,er,er,PRON,ROOT,12825,er
12826,ihn,ihn,PRON,oa,12825,er
12827,",",--,PUNCT,punct,12826,ihn
12828,den,der,DET,nk,12829,Denner
12829,Denner,Denner,NOUN,app,12826,ihn
12830,",",--,PUNCT,punct,12829,Denner
12831,aus,aus,ADP,mnr,12829,Denner
12832,der,der,PRON,nk,12831,aus
12833,dringendsten,dringend,ADJ,nk,12834,Gefahr
12834,Gefahr,Gefahr,NOUN,oa,12835,errettet
12835,errettet,erretten,VERB,ROOT,12835,errettet
12836,",",--,PUNCT,punct,12835,errettet
12837,und,und,CCONJ,cd,12835,errettet
12838,dann,dann,ADV,mo,12839,bei
12839,bei,bei,ADP,cj,12837,und
12840,dem,der,DET,nk,12841,Unternehmen
12841,Unternehmen,Unternehmen,NOUN,nk,12839,bei
12842,gegen,gegen,ADP,mnr,12841,Unternehmen
12843,den,der,DET,nk,12844,Grafen
12844,Grafen,Graf,NOUN,nk,12842,gegen
12845,Aloys,Aloys,PROPN,ROOT,12845,Aloys
12846,von,von,ADP,mnr,12845,Aloys
12847,Vach,Vach,PROPN,nk,12846,von
12848,",",--,PUNCT,punct,12847,Vach
12849,der,der,PRON,sb,12857,getötet
12850,eben,eben,ADV,mo,12857,getötet
12851,durch,durch,ADP,mo,12857,getötet
12852,einen,ein,DET,nk,12854,Schuß
12853,glücklichen,glücklich,ADJ,nk,12854,Schuß
12854,Schuß,Schuß,NOUN,nk,12851,durch
12855,des,der,DET,nk,12856,Andres
12856,Andres,Andr,NOUN,ag,12854,Schuß
12857,getötet,töten,VERB,rc,12845,Aloys
12858,worden,werden,AUX,oc,12859,sei
12859,sei,sein,AUX,ROOT,12859,sei
12860,.,--,PUNCT,punct,12859,sei
12861,-,--,PUNCT,punct,12863,geriet
12862,Andres,Andres,NOUN,sb,12863,geriet
12863,geriet,geraten,VERB,ROOT,12863,geriet
12864,in,in,ADP,mo,12863,geriet
12865,Wut,Wut,NOUN,nk,12864,in
12866,",",--,PUNCT,punct,12863,geriet
12867,als,als,SCONJ,cp,12872,hörte
12868,er,er,PRON,sb,12872,hörte
12869,diese,dieser,DET,nk,12871,Lüge
12870,schändliche,schändlich,ADJ,nk,12871,Lüge
12871,Lüge,Lüge,NOUN,oa,12872,hörte
12872,hörte,hören,VERB,mo,12863,geriet
12873,.,--,PUNCT,punct,12863,geriet
12874,»,--,PUNCT,punct,12875,Was
12875,Was,was,PRON,ROOT,12875,Was
12876,?,--,PUNCT,punct,12875,Was
12877,«,--,PUNCT,punct,12875,Was
12878,schrie,schreien,VERB,ROOT,12878,schrie
12879,er,er,PRON,sb,12878,schrie
12880,",",--,PUNCT,punct,12878,schrie
12881,»,--,PUNCT,punct,12878,schrie
12882,du,du,PRON,dep,12878,schrie
12883,verruchter,verrucht,ADJ,nk,12885,Bösewicht
12884,teuflischer,teuflisch,ADJ,nk,12885,Bösewicht
12885,Bösewicht,Bösewicht,NOUN,ag,12882,du
12886,",",--,PUNCT,punct,12885,Bösewicht
12887,du,du,PRON,sb,12888,wagst
12888,wagst,Wagst,AUX,mo,12878,schrie
12889,es,es,PRON,oa,12888,wagst
12890,",",--,PUNCT,punct,12889,es
12891,mich,mich,PRON,oa,12878,schrie
12892,der,der,DET,pd,12891,mich
12893,Ermordung,Ermordung,NOUN,oa,12898,anzuklagen
12894,meines,mein,DET,nk,12897,Herrn
12895,lieben,lieb,ADJ,nk,12897,Herrn
12896,armen,arm,ADJ,nk,12897,Herrn
12897,Herrn,Herr,NOUN,ag,12893,Ermordung
12898,anzuklagen,anklagen,VERB,ROOT,12898,anzuklagen
12899,",",--,PUNCT,punct,12898,anzuklagen
12900,die,der,PRON,oa,12903,verübt
12901,du,du,PRON,sb,12903,verübt
12902,selbst,selbst,ADV,mnr,12901,du
12903,verübt,verüben,VERB,rc,12894,meines
12904,?,--,PUNCT,punct,12898,anzuklagen
12905,-,--,PUNCT,punct,12906,Ja
12906,Ja,ja,PART,ROOT,12906,Ja
12907,!,--,PUNCT,punct,12906,Ja
12908,ich,ich,PRON,ROOT,12908,ich
12909,weiß,wissen,VERB,ROOT,12909,weiß
12910,es,es,PRON,ep,12909,weiß
12911,",",--,PUNCT,punct,12909,weiß
12912,nur,nur,ADV,mo,12913,du
12913,du,du,PRON,sb,12915,bist
12914,selbst,selbst,ADV,mnr,12913,du
12915,bist,sein,AUX,oc,12909,weiß
12916,solcher,solcher,DET,nk,12917,Tat
12917,Tat,Tat,NOUN,da,12915,bist
12918,fähig,fähig,ADV,pd,12915,bist
12919,;,--,PUNCT,punct,12909,weiß
12920,aber,aber,CCONJ,ju,12923,verfolgt
12921,deine,dein,ADJ,nk,12922,Rache
12922,Rache,Rache,NOUN,sb,12923,verfolgt
12923,verfolgt,verfolgen,VERB,ROOT,12923,verfolgt
12924,mich,mich,PRON,oa,12923,verfolgt
12925,",",--,PUNCT,punct,12923,verfolgt
12926,weil,weil,SCONJ,cp,12933,habe
12927,ich,ich,PRON,sb,12933,habe
12928,aller,aller,DET,nk,12929,Gemeinschaft
12929,Gemeinschaft,Gemeinschaft,NOUN,da,12932,entsagt
12930,mit,mit,ADP,mo,12932,entsagt
12931,dir,dir,PRON,nk,12930,mit
12932,entsagt,entsagen,VERB,oc,12933,habe
12933,habe,haben,AUX,ROOT,12933,habe
12934,",",--,PUNCT,punct,12933,habe
12935,weil,weil,SCONJ,cp,12937,drohte
12936,ich,ich,PRON,sb,12937,drohte
12937,drohte,drohen,VERB,mo,12932,entsagt
12938,",",--,PUNCT,punct,12937,drohte
12939,dich,dich,PRON,mo,12937,drohte
12940,als,als,ADP,mo,12937,drohte
12941,einen,ein,DET,nk,12943,Räuber
12942,verruchten,verrucht,ADJ,nk,12943,Räuber
12943,Räuber,Räuber,NOUN,oa,12946,niederzuschießen
12944,und,und,CCONJ,cd,12943,Räuber
12945,Mörder,Mörder,NOUN,cj,12944,und
12946,niederzuschießen,niederzuschießen,VERB,ROOT,12946,niederzuschießen
12947,",",--,PUNCT,punct,12946,niederzuschießen
12948,so,so,ADV,mo,12946,niederzuschießen
12949,wie,wie,SCONJ,cm,12950,du
12950,du,du,PRON,cc,12948,so
12951,meine,mein,DET,nk,12952,Schwelle
12952,Schwelle,Schwelle,NOUN,oa,12946,niederzuschießen
12953,betreten,betreten,VERB,oc,12954,würdest
12954,würdest,würdest,VERB,ROOT,12954,würdest
12955,.,--,PUNCT,punct,12954,würdest
12956,Darum,darum,ADV,mo,12964,überfallen
12957,hast,haben,AUX,ROOT,12957,hast
12958,du,du,PRON,sb,12957,hast
12959,mit,mit,ADP,mo,12964,überfallen
12960,deiner,dein,DET,nk,12961,Bande
12961,Bande,Bande,NOUN,nk,12959,mit
12962,mein,mein,DET,nk,12963,Haus
12963,Haus,Haus,NOUN,oa,12964,überfallen
12964,überfallen,überfallen,VERB,oc,12957,hast
12965,",",--,PUNCT,punct,12964,überfallen
12966,als,als,SCONJ,cm,12967,ich
12967,ich,ich,PRON,cc,12959,mit
12968,abwesend,abwesend,ADV,pd,12969,war
12969,war,sein,AUX,ROOT,12969,war
12970,;,--,PUNCT,punct,12969,war
12971,darum,darum,ADV,mo,12972,hast
12972,hast,haben,AUX,ROOT,12972,hast
12973,du,du,PRON,sb,12972,hast
12974,mein,mein,DET,nk,12977,Kind
12975,armes,arm,ADJ,nk,12977,Kind
12976,unschuldiges,unschuldig,ADJ,nk,12977,Kind
12977,Kind,Kind,NOUN,oa,12972,hast
12978,und,und,CCONJ,cd,12977,Kind
12979,meinen,mein,DET,nk,12980,braven
12980,braven,brave,NOUN,cj,12978,und
12981,Knecht,Knecht,NOUN,sb,12982,ermordet
12982,ermordet,ermorden,VERB,ROOT,12982,ermordet
12983,!,--,PUNCT,punct,12982,ermordet
12984,-,--,PUNCT,punct,12987,wirst
12985,Aber,aber,CCONJ,ju,12987,wirst
12986,du,du,PRON,sb,12987,wirst
12987,wirst,wirst,AUX,ROOT,12987,wirst
12988,der,der,DET,nk,12990,Strafe
12989,schrecklichen,schrecklich,ADJ,nk,12990,Strafe
12990,Strafe,Strafe,NOUN,da,12987,wirst
12991,des,der,DET,nk,12993,Gottes
12992,gerechten,gerecht,ADJ,nk,12993,Gottes
12993,Gottes,Gott,NOUN,ag,12990,Strafe
12994,nicht,nicht,PART,ng,12995,entgehen
12995,entgehen,entgehen,VERB,mo,12997,sollte
12996,",",--,PUNCT,punct,12997,sollte
12997,sollte,sollen,AUX,ROOT,12997,sollte
12998,ich,ich,PRON,sb,12997,sollte
12999,auch,auch,ADV,mo,13001,Bosheit
13000,deiner,dein,DET,nk,13001,Bosheit
13001,Bosheit,Bosheit,NOUN,da,13002,unterliegen
13002,unterliegen,unterliegen,VERB,oc,12997,sollte
13003,.,--,PUNCT,punct,12997,sollte
13004,«,--,PUNCT,punct,12997,sollte
13005,Nun,nun,ADV,mo,13006,wiederholte
13006,wiederholte,wiederholen,VERB,ROOT,13006,wiederholte
13007,Andres,Andr,NOUN,sb,13010,Bekenntnis
13008,sein,sein,DET,nk,13010,Bekenntnis
13009,voriges,vorig,ADJ,nk,13010,Bekenntnis
13010,Bekenntnis,Bekenntnis,NOUN,ROOT,13010,Bekenntnis
13011,unter,unter,ADP,op,13010,Bekenntnis
13012,den,der,DET,nk,13014,Beteurungen
13013,heiligsten,heilig,ADJ,nk,13014,Beteurungen
13014,Beteurungen,Beteurung,NOUN,nk,13011,unter
13015,der,der,DET,nk,13016,Wahrheit
13016,Wahrheit,Wahrheit,NOUN,ag,13014,Beteurungen
13017,;,--,PUNCT,punct,13010,Bekenntnis
13018,aber,aber,CCONJ,ju,13020,lachte
13019,Denner,Denner,NOUN,sb,13020,lachte
13020,lachte,lachen,VERB,ROOT,13020,lachte
13021,höhnisch,höhnisch,ADV,mo,13020,lachte
13022,und,und,CCONJ,cd,13020,lachte
13023,meinte,meinen,VERB,cj,13022,und
13024,",",--,PUNCT,punct,13023,meinte
13025,warum,warum,SCONJ,mo,13023,meinte
13026,er,er,PRON,sb,13023,meinte
13027,denn,denn,ADV,mo,13028,aus
13028,aus,aus,ADP,mo,13023,meinte
13029,allzugroßer,allzugroß,ADJ,nk,13030,Furcht
13030,Furcht,Furcht,NOUN,nk,13028,aus
13031,vor,vor,ADP,mnr,13037,Gericht
13032,dem,der,DET,nk,13033,Tode
13033,Tode,Tod,NOUN,nk,13031,vor
13034,noch,noch,ADV,mo,13037,Gericht
13035,erst,erst,ADV,mo,13037,Gericht
13036,das,der,DET,nk,13037,Gericht
13037,Gericht,Gericht,NOUN,oa,13039,belügen
13038,zu,zu,PART,pm,13039,belügen
13039,belügen,belügen,VERB,ROOT,13039,belügen
13040,sich,sich,PRON,oa,13039,belügen
13041,unterfange,unterfangen,NOUN,mo,13039,belügen
13042,",",--,PUNCT,punct,13039,belügen
13043,und,und,CCONJ,cd,13039,belügen
13044,daß,daß,SCONJ,cp,13045,es
13045,es,es,PRON,cj,13043,und
13046,sich,sich,PRON,cj,13043,und
13047,schlecht,schlecht,ADV,mo,13060,vereinbare
13048,mit,mit,ADP,mo,13060,vereinbare
13049,der,der,DET,nk,13050,Frömmigkeit
13050,Frömmigkeit,Frömmigkeit,NOUN,nk,13048,mit
13051,",",--,PUNCT,punct,13050,Frömmigkeit
13052,von,von,ADP,mo,13058,mache
13053,der,der,PRON,nk,13052,von
13054,er,er,PRON,sb,13058,mache
13055,so,so,ADV,mo,13056,viel
13056,viel,viel,DET,nk,13057,Aufhebens
13057,Aufhebens,aufheben,NOUN,oa,13058,mache
13058,mache,machen,VERB,rc,13050,Frömmigkeit
13059,",",--,PUNCT,punct,13060,vereinbare
13060,vereinbare,vereinbare,VERB,ROOT,13060,vereinbare
13061,",",--,PUNCT,punct,13060,vereinbare
13062,daß,daß,SCONJ,cp,13073,anrufe
13063,er,er,PRON,sb,13073,anrufe
13064,Gott,Gott,NOUN,oa,13073,anrufe
13065,und,und,CCONJ,cd,13064,Gott
13066,die,der,DET,nk,13067,Heiligen
13067,Heiligen,heilige,NOUN,cj,13065,und
13068,zur,zu,ADP,op,13073,anrufe
13069,Bekräftigung,Bekräftigung,NOUN,nk,13068,zur
13070,seiner,sein,DET,nk,13072,Aussagen
13071,falschen,falsch,ADJ,nk,13072,Aussagen
13072,Aussagen,Aussage,NOUN,ag,13069,Bekräftigung
13073,anrufe,anrufen,VERB,ROOT,13073,anrufe
13074,.,--,PUNCT,punct,13073,anrufe
13075,Die,der,DET,nk,13076,Richter
13076,Richter,Richter,NOUN,sb,13077,wußten
13077,wußten,wissen,VERB,ROOT,13077,wußten
13078,in,in,ADP,mo,13077,wußten
13079,der,der,DET,nk,13080,Tat
13080,Tat,Tat,NOUN,nk,13078,in
13081,nicht,nicht,PART,ng,13077,wußten
13082,",",--,PUNCT,punct,13077,wußten
13083,was,was,PRON,oa,13077,wußten
13084,sie,sie,PRON,oa,13077,wußten
13085,von,von,ADP,pg,13084,sie
13086,dem,der,DET,nk,13087,Andres
13087,Andres,Andr,NOUN,nk,13085,von
13088,",",--,PUNCT,punct,13087,Andres
13089,dessen,der,DET,ag,13090,Miene
13090,Miene,Miene,NOUN,app,13087,Andres
13091,und,und,CCONJ,cd,13090,Miene
13092,Sprache,Sprache,NOUN,sb,13099,schien
13093,die,der,DET,nk,13094,Wahrheit
13094,Wahrheit,Wahrheit,NOUN,oa,13098,bestätigen
13095,seiner,sein,DET,nk,13096,Aussage
13096,Aussage,Aussage,NOUN,ag,13094,Wahrheit
13097,zu,zu,PART,pm,13098,bestätigen
13098,bestätigen,bestätigen,VERB,oc,13099,schien
13099,schien,scheinen,VERB,ROOT,13099,schien
13100,",",--,PUNCT,punct,13099,schien
13101,sowie,sowie,CCONJ,cd,13099,schien
13102,von,von,ADP,cj,13101,sowie
13103,Denners,Denner,PROPN,nk,13102,von
13104,kalter,kalt,ADJ,nk,13105,Festigkeit
13105,Festigkeit,Festigkeit,NOUN,sb,13107,sollten
13106,denken,denken,VERB,oc,13107,sollten
13107,sollten,sollen,AUX,ROOT,13107,sollten
13108,.,--,PUNCT,punct,13107,sollten
13109,-,--,PUNCT,punct,13111,wurde
13110,Nun,nun,ADV,mo,13113,vorgeführt
13111,wurde,werden,AUX,ROOT,13111,wurde
13112,Giorgina,Giorgina,PROPN,sb,13111,wurde
13113,vorgeführt,vorführen,VERB,oc,13111,wurde
13114,",",--,PUNCT,punct,13111,wurde
13115,die,der,PRON,dep,13111,wurde
13116,in,in,ADP,mnr,13115,die
13117,namenlosem,namenlos,DET,nk,13118,Jammer
13118,Jammer,Jammer,NOUN,da,13124,zustürzte
13119,laut,laut,ADV,mo,13120,weinend
13120,weinend,weinend,ADV,mo,13124,zustürzte
13121,auf,auf,ADP,op,13124,zustürzte
13122,den,der,DET,nk,13123,Mann
13123,Mann,Mann,NOUN,nk,13121,auf
13124,zustürzte,zustürzen,VERB,ROOT,13124,zustürzte
13125,.,--,PUNCT,punct,13124,zustürzte
13126,Sie,sie,PRON,sb,13127,wußte
13127,wußte,wissen,VERB,ROOT,13127,wußte
13128,nur,nur,ADV,mo,13127,wußte
13129,Unzusammenhängendes,Unzusammenhängende,NOUN,oa,13131,erzählen
13130,zu,zu,PART,pm,13131,erzählen
13131,erzählen,erzählen,VERB,ROOT,13131,erzählen
13132,",",--,PUNCT,punct,13131,erzählen
13133,und,und,CCONJ,cd,13131,erzählen
13134,unerachtet,unerachten,VERB,cj,13133,und
13135,sie,sie,PRON,oa,13134,unerachtet
13136,den,der,DET,nk,13137,Denner
13137,Denner,Denner,NOUN,oa,13134,unerachtet
13138,des,der,DET,ROOT,13138,des
13139,entsetzlichen,entsetzlich,ADJ,nk,13140,Mordes
13140,Mordes,Mord,NOUN,oa,13143,anklagte
13141,ihres,ihr,DET,nk,13142,Knaben
13142,Knaben,Knabe,NOUN,ag,13140,Mordes
13143,anklagte,anklagen,VERB,oc,13145,schien
13144,",",--,PUNCT,punct,13145,schien
13145,schien,scheinen,VERB,ROOT,13145,schien
13146,Denner,Denner,NOUN,sb,13145,schien
13147,doch,doch,ADV,mo,13145,schien
13148,keineswegs,keineswegs,ADV,mo,13145,schien
13149,entrüstet,entrüsten,VERB,ROOT,13149,entrüstet
13150,",",--,PUNCT,punct,13149,entrüstet
13151,sondern,sondern,CCONJ,cd,13149,entrüstet
13152,behauptete,behaupten,VERB,cj,13151,sondern
13153,",",--,PUNCT,punct,13152,behauptete
13154,wie,wie,SCONJ,mo,13158,getan
13155,er,er,PRON,sb,13158,getan
13156,schon,schon,ADV,mo,13157,früher
13157,früher,früh,ADV,mo,13158,getan
13158,getan,tun,VERB,oc,13152,behauptete
13159,",",--,PUNCT,punct,13158,getan
13160,daß,daß,SCONJ,cp,13161,Giorgina
13161,Giorgina,Giorgina,PROPN,ROOT,13161,Giorgina
13162,nie,nie,ADV,mo,13161,Giorgina
13163,etwas,etwas,PRON,mo,13169,gewußt
13164,von,von,ADP,op,13169,gewußt
13165,den,der,DET,nk,13166,Unternehmungen
13166,Unternehmungen,Unternehmung,NOUN,nk,13164,von
13167,ihres,ihr,DET,nk,13168,Mannes
13168,Mannes,Mann,NOUN,ag,13166,Unternehmungen
13169,gewußt,wissen,VERB,oc,13170,habe
13170,habe,haben,AUX,ROOT,13170,habe
13171,",",--,PUNCT,punct,13170,habe
13172,sondern,sondern,CCONJ,cd,13170,habe
13173,ganz,ganz,ADV,mo,13174,unschuldig
13174,unschuldig,unschuldig,ADV,cj,13172,sondern
13175,sei,sein,AUX,ROOT,13175,sei
13176,.,--,PUNCT,punct,13175,sei
13177,Andres,Andres,NOUN,sb,13178,wurde
13178,wurde,werden,AUX,ROOT,13178,wurde
13179,in,in,ADP,mo,13182,zurückgeführt
13180,sein,sein,DET,nk,13181,Gefängnis
13181,Gefängnis,Gefängnis,NOUN,nk,13179,in
13182,zurückgeführt,zurückführen,VERB,oc,13178,wurde
13183,.,--,PUNCT,punct,13178,wurde
13184,Einige,einiger,DET,nk,13185,Tage
13185,Tage,Tag,NOUN,ams,13186,nachher
13186,nachher,nachher,ADV,mo,13187,sagte
13187,sagte,sagen,VERB,ROOT,13187,sagte
13188,ihm,ihm,PRON,da,13187,sagte
13189,der,der,DET,nk,13192,Gefangenwärter
13190,ziemlich,ziemlich,ADV,mo,13191,gutmütige
13191,gutmütige,gutmütig,ADJ,nk,13192,Gefangenwärter
13192,Gefangenwärter,Gefangenwärter,NOUN,sb,13187,sagte
13193,",",--,PUNCT,punct,13187,sagte
13194,daß,daß,SCONJ,cp,13195,sein
13195,sein,sein,AUX,oc,13187,sagte
13196,Weib,weib,NOUN,ROOT,13196,Weib
13197,",",--,PUNCT,punct,13196,Weib
13198,da,da,ADV,mo,13196,Weib
13199,sowohl,sowohl,CCONJ,cd,13200,Denner
13200,Denner,Denner,NOUN,mo,13198,da
13201,",",--,PUNCT,punct,13200,Denner
13202,als,als,SCONJ,cm,13205,Räuber
13203,die,der,DET,nk,13205,Räuber
13204,übrigen,übrig,ADJ,nk,13205,Räuber
13205,Räuber,Räuber,NOUN,app,13200,Denner
13206,fortwährend,fortwährend,ADV,mnr,13205,Räuber
13207,ihre,ihr,DET,nk,13208,Unschuld
13208,Unschuld,Unschuld,NOUN,oa,13196,Weib
13209,behauptet,behaupten,VERB,ROOT,13209,behauptet
13210,",",--,PUNCT,punct,13209,behauptet
13211,sonst,sonst,ADV,mo,13213,nichts
13212,auch,auch,ADV,mo,13213,nichts
13213,nichts,nichts,PRON,sb,13209,behauptet
13214,wider,wider,ADP,mo,13216,ausgemittelt
13215,sie,sie,PRON,nk,13214,wider
13216,ausgemittelt,ausmitteln,VERB,oc,13217,worden
13217,worden,werden,AUX,oc,13209,behauptet
13218,",",--,PUNCT,punct,13217,worden
13219,der,der,DET,nk,13220,Haft
13220,Haft,Haft,NOUN,da,13221,entlassen
13221,entlassen,entlassen,VERB,oc,13209,behauptet
13222,sei,sein,AUX,ROOT,13222,sei
13223,.,--,PUNCT,punct,13222,sei
13224,Der,der,DET,nk,13226,Graf
13225,junge,jung,ADJ,nk,13226,Graf
13226,Graf,Graf,NOUN,ROOT,13226,Graf
13227,von,von,ADP,pg,13226,Graf
13228,Vach,Vach,PROPN,nk,13227,von
13229,",",--,PUNCT,punct,13226,Graf
13230,ein,ein,DET,nk,13232,Herr
13231,edelmütiger,edelmütig,ADJ,nk,13232,Herr
13232,Herr,Herr,NOUN,app,13226,Graf
13233,",",--,PUNCT,punct,13232,Herr
13234,der,der,PRON,sb,13236,an
13235,sogar,sogar,ADV,mo,13236,an
13236,an,an,ADP,rc,13226,Graf
13237,seiner,sein,DET,nk,13236,an
13238,",",--,PUNCT,punct,13237,seiner
13239,des,der,DET,app,13237,seiner
13240,Andres,Andr,NOUN,sb,13246,habe
13241,",",--,PUNCT,punct,13240,Andres
13242,Schuld,Schuld,NOUN,oa,13244,zweifeln
13243,zu,zu,PART,pm,13244,zweifeln
13244,zweifeln,zweifeln,VERB,oc,13245,scheinen
13245,scheinen,scheinen,AUX,oc,13246,habe
13246,habe,haben,AUX,ROOT,13246,habe
13247,Kaution,Kaution,NOUN,oa,13248,gestellt
13248,gestellt,stellen,VERB,oc,13246,habe
13249,",",--,PUNCT,punct,13248,gestellt
13250,und,und,CCONJ,cd,13246,habe
13251,der,der,DET,nk,13253,Förster
13252,alte,alt,ADJ,nk,13253,Förster
13253,Förster,Förster,NOUN,cj,13250,und
13254,Giorginen,giorginen,NOUN,ROOT,13254,Giorginen
13255,in,in,ADP,mo,13259,abgeholt
13256,einem,ein,DET,nk,13258,Wagen
13257,schönen,schön,ADJ,nk,13258,Wagen
13258,Wagen,Wagen,NOUN,nk,13255,in
13259,abgeholt,abholen,VERB,oc,13254,Giorginen
13260,.,--,PUNCT,punct,13254,Giorginen
13261,Vergebens,vergebens,ADV,mo,13264,gebeten
13262,habe,haben,AUX,ROOT,13262,habe
13263,Giorgina,Giorgina,PROPN,sb,13262,habe
13264,gebeten,bitten,VERB,oc,13262,habe
13265,",",--,PUNCT,punct,13262,habe
13266,ihren,ihr,DET,nk,13267,Mann
13267,Mann,Mann,NOUN,oa,13268,sehen
13268,sehen,sehen,VERB,oc,13270,dürfen
13269,zu,zu,PART,pm,13270,dürfen
13270,dürfen,dürfen,AUX,ROOT,13270,dürfen
13271,;,--,PUNCT,punct,13270,dürfen
13272,das,der,PRON,sb,13273,sei
13273,sei,sein,AUX,ROOT,13273,sei
13274,ihr,ihr,PRON,da,13278,abgeschlagen
13275,vom,von,ADP,mo,13278,abgeschlagen
13276,Gericht,Gericht,NOUN,nk,13275,vom
13277,gänzlich,gänzlich,ADV,mo,13278,abgeschlagen
13278,abgeschlagen,abschlagen,VERB,pd,13273,sei
13279,worden,werden,AUX,ROOT,13279,worden
13280,.,--,PUNCT,punct,13279,worden
13281,Den,der,DET,nk,13283,Andres
13282,armen,arm,ADJ,nk,13283,Andres
13283,Andres,Andr,NOUN,da,13284,tröstete
13284,tröstete,trösten,VERB,ROOT,13284,tröstete
13285,diese,dieser,DET,nk,13286,Nachricht
13286,Nachricht,Nachricht,NOUN,oa,13284,tröstete
13287,nicht,nicht,PART,ng,13284,tröstete
13288,wenig,wenig,ADV,mo,13284,tröstete
13289,",",--,PUNCT,punct,13284,tröstete
13290,da,da,SCONJ,mo,13284,tröstete
13291,mehr,mehr,ADV,mo,13290,da
13292,",",--,PUNCT,punct,13291,mehr
13293,als,als,ADP,cc,13291,mehr
13294,sein,sein,DET,nk,13295,Unglück
13295,Unglück,Unglück,NOUN,sb,13305,ging
13296,ihm,ihm,PRON,nk,13295,Unglück
13297,seines,sein,DET,nk,13298,Weibes
13298,Weibes,Weibe,NOUN,ag,13295,Unglück
13299,elender,elend,ADJ,nk,13300,Zustand
13300,Zustand,Zustand,NOUN,par,13295,Unglück
13301,im,in,ADP,mo,13305,ging
13302,Gefängnis,Gefängnis,NOUN,nk,13301,im
13303,zu,zu,ADP,mo,13305,ging
13304,Herzen,Herz,NOUN,nk,13303,zu
13305,ging,gehen,VERB,ROOT,13305,ging
13306,.,--,PUNCT,punct,13305,ging
13307,Sein,sein,DET,nk,13308,Prozeß
13308,Prozeß,Prozeß,NOUN,sb,13309,verschlimmerte
13309,verschlimmerte,verschlimmeren,VERB,ROOT,13309,verschlimmerte
13310,sich,sich,PRON,oa,13309,verschlimmerte
13311,indessen,indessen,ADV,mo,13309,verschlimmerte
13312,von,von,ADP,mo,13309,verschlimmerte
13313,Tage,Tag,NOUN,nk,13312,von
13314,zu,zu,ADP,mo,13309,verschlimmerte
13315,Tage,Tag,NOUN,nk,13314,zu
13316,.,--,PUNCT,punct,13309,verschlimmerte
13317,Es,es,PRON,sb,13318,war
13318,war,sein,AUX,ROOT,13318,war
13319,erwiesen,erweisen,VERB,pd,13318,war
13320,",",--,PUNCT,punct,13318,war
13321,daß,daß,SCONJ,cd,13318,war
13322,eben,eben,ADV,mo,13329,seit
13323,",",--,PUNCT,punct,13322,eben
13324,wie,wie,SCONJ,mo,13327,angegeben
13325,Denner,Denner,NOUN,sb,13327,angegeben
13326,es,es,PRON,oa,13327,angegeben
13327,angegeben,angeben,VERB,cc,13322,eben
13328,",",--,PUNCT,punct,13322,eben
13329,seit,seit,ADP,ROOT,13329,seit
13330,fünf,fünf,NUM,nk,13331,Jahren
13331,Jahren,Jahr,NOUN,nk,13329,seit
13332,Andres,Andres,NOUN,nk,13331,Jahren
13333,in,in,ADP,mo,13329,seit
13334,einen,ein,DET,nk,13335,gewissen
13335,gewissen,gewiß,ADJ,nk,13333,in
13336,Wohlstand,Wohlstand,NOUN,sb,13337,geriet
13337,geriet,geraten,VERB,ROOT,13337,geriet
13338,",",--,PUNCT,punct,13337,geriet
13339,dessen,der,DET,ag,13340,Quelle
13340,Quelle,Quelle,NOUN,par,13336,Wohlstand
13341,nur,nur,ADV,mo,13343,Teilnahme
13342,die,der,DET,nk,13343,Teilnahme
13343,Teilnahme,Teilnahme,NOUN,oa,13347,sein
13344,an,an,ADP,op,13343,Teilnahme
13345,den,der,DET,nk,13346,Räubereien
13346,Räubereien,Räubereie,NOUN,nk,13344,an
13347,sein,sein,AUX,oc,13340,Quelle
13348,konnte,können,AUX,ROOT,13348,konnte
13349,.,--,PUNCT,punct,13348,konnte
13350,Ferner,ferner,ADV,mo,13351,gestand
13351,gestand,gestehen,VERB,ROOT,13351,gestand
13352,Andres,Andres,PROPN,sb,13351,gestand
13353,selbst,selbst,ADV,mo,13351,gestand
13354,seine,sein,DET,nk,13355,Abwesenheit
13355,Abwesenheit,Abwesenheit,NOUN,oa,13351,gestand
13356,von,von,ADP,mnr,13355,Abwesenheit
13357,Hause,Haus,NOUN,nk,13356,von
13358,während,während,ADP,mnr,13355,Abwesenheit
13359,der,der,DET,punct,13351,gestand
13360,auf,auf,ADP,mo,13364,verübten
13361,dem,der,DET,nk,13363,Schlosse
13362,Vachschen,Vachschen,NOUN,nk,13363,Schlosse
13363,Schlosse,Schloß,NOUN,nk,13360,auf
13364,verübten,verübt,ADJ,nk,13365,Tat
13365,Tat,Tat,NOUN,ROOT,13365,Tat
13366,",",--,PUNCT,punct,13367,und
13367,und,und,CCONJ,cd,13365,Tat
13368,seine,sein,DET,nk,13369,Angabe
13369,Angabe,Angabe,NOUN,cj,13367,und
13370,wegen,wegen,ADP,mnr,13369,Angabe
13371,seiner,sein,DET,ROOT,13371,seiner
13372,Erbschaft,Erbschaft,NOUN,sb,13378,blieb
13373,und,und,CCONJ,cd,13372,Erbschaft
13374,seines,sein,DET,nk,13375,Aufenthalts
13375,Aufenthalts,Aufenthalt,NOUN,cj,13373,und
13376,in,in,ADP,mnr,13375,Aufenthalts
13377,Frankfurt,Frankfurt,PROPN,nk,13376,in
13378,blieb,bleiben,VERB,ROOT,13378,blieb
13379,verdächtig,verdächtig,ADV,pd,13378,blieb
13380,",",--,PUNCT,punct,13378,blieb
13381,weil,weil,SCONJ,cp,13383,den
13382,er,er,PRON,sb,13381,weil
13383,den,der,DET,mo,13378,blieb
13384,Namen,Name,NOUN,ROOT,13384,Namen
13385,des,der,DET,nk,13386,Kaufmanns
13386,Kaufmanns,Kaufmann,NOUN,ag,13384,Namen
13387,",",--,PUNCT,punct,13386,Kaufmanns
13388,von,von,ADP,mo,13395,haben
13389,dem,der,PRON,nk,13388,von
13390,er,er,PRON,sb,13396,wollte
13391,das,der,DET,nk,13392,Geld
13392,Geld,Geld,NOUN,oa,13395,haben
13393,ausgezahlt,auszahlen,VERB,mo,13394,erhalten
13394,erhalten,erhalten,VERB,oc,13395,haben
13395,haben,haben,AUX,oc,13396,wollte
13396,wollte,wollen,AUX,rc,13386,Kaufmanns
13397,",",--,PUNCT,punct,13384,Namen
13398,durchaus,durchaus,ADV,mo,13400,anzugeben
13399,nicht,nicht,PART,ng,13400,anzugeben
13400,anzugeben,angeben,VERB,oc,13401,wußte
13401,wußte,wissen,VERB,ROOT,13401,wußte
13402,.,--,PUNCT,punct,13401,wußte
13403,Der,der,DET,nk,13404,Bankier
13404,Bankier,Bankier,NOUN,ROOT,13404,Bankier
13405,des,der,DET,nk,13406,Grafen
13406,Grafen,Graf,NOUN,ag,13404,Bankier
13407,von,von,ADP,pg,13406,Grafen
13408,Vach,Vach,PROPN,nk,13407,von
13409,",",--,PUNCT,punct,13404,Bankier
13410,sowie,sowie,CCONJ,cd,13404,Bankier
13411,der,der,DET,cj,13410,sowie
13412,Hauswirt,Hauswirt,NOUN,pd,13420,war
13413,in,in,ADP,mnr,13412,Hauswirt
13414,Frankfurt,Frankfurt,PROPN,nk,13413,in
13415,",",--,PUNCT,punct,13420,war
13416,bei,bei,ADP,mo,13419,eingekehrt
13417,dem,der,DET,nk,13418,Andres
13418,Andres,Andr,NOUN,nk,13416,bei
13419,eingekehrt,eingekehren,VERB,oc,13420,war
13420,war,sein,AUX,sb,13422,versicherten
13421,",",--,PUNCT,punct,13422,versicherten
13422,versicherten,versicheren,VERB,ROOT,13422,versicherten
13423,einstimmig,einstimmig,ADV,mo,13422,versicherten
13424,",",--,PUNCT,punct,13422,versicherten
13425,wie,wie,SCONJ,mo,13434,könnten
13426,sie,sie,PRON,sb,13434,könnten
13427,sich,sich,PRON,oa,13433,erinnern
13428,des,der,DET,nk,13430,Revierjägers
13429,beschriebenen,beschrieben,ADJ,nk,13430,Revierjägers
13430,Revierjägers,Revierjäger,NOUN,ag,13427,sich
13431,gar,gar,ADV,mo,13432,nicht
13432,nicht,nicht,PART,ng,13434,könnten
13433,erinnern,erinnern,VERB,oc,13434,könnten
13434,könnten,können,AUX,ROOT,13434,könnten
13435,;,--,PUNCT,punct,13434,könnten
13436,der,der,PRON,ROOT,13436,der
13437,Gerichtshalter,Gerichtshalter,NOUN,ROOT,13437,Gerichtshalter
13438,des,der,DET,nk,13439,Grafen
13439,Grafen,Graf,NOUN,ag,13437,Gerichtshalter
13440,von,von,ADP,pg,13439,Grafen
13441,Vach,Vach,PROPN,nk,13440,von
13442,",",--,PUNCT,punct,13439,Grafen
13443,der,der,PRON,sb,13437,Gerichtshalter
13444,das,der,DET,nk,13445,Zertifikat
13445,Zertifikat,Zertifikat,NOUN,pd,13437,Gerichtshalter
13446,für,für,ADP,mnr,13445,Zertifikat
13447,den,der,DET,nk,13448,Andres
13448,Andres,Andr,NOUN,nk,13446,für
13449,ausgefertigt,ausgefertigt,VERB,oc,13450,hatte
13450,hatte,haben,AUX,sb,13452,war
13451,",",--,PUNCT,punct,13452,war
13452,war,sein,AUX,ROOT,13452,war
13453,gestorben,sterben,VERB,oc,13452,war
13454,",",--,PUNCT,punct,13452,war
13455,und,und,CCONJ,cd,13452,war
13456,niemand,niemand,PRON,sb,13461,wußte
13457,von,von,ADP,pg,13456,niemand
13458,den,der,DET,nk,13460,Dienern
13459,Vachschen,Vachschen,ADJ,nk,13460,Dienern
13460,Dienern,Diener,NOUN,nk,13457,von
13461,wußte,wissen,VERB,cj,13455,und
13462,etwas,etwas,PRON,ROOT,13462,etwas
13463,von,von,ADP,pg,13462,etwas
13464,der,der,DET,nk,13465,Erbschaft
13465,Erbschaft,Erbschaft,NOUN,nk,13463,von
13466,",",--,PUNCT,punct,13462,etwas
13467,da,da,SCONJ,cp,13472,geäußert
13468,der,der,DET,nk,13469,Graf
13469,Graf,Graf,NOUN,sb,13472,geäußert
13470,nichts,nichts,PRON,oa,13472,geäußert
13471,davon,davon,ADV,op,13472,geäußert
13472,geäußert,äußern,VERB,mo,13462,etwas
13473,",",--,PUNCT,punct,13472,geäußert
13474,Andres,Andres,NOUN,dep,13472,geäußert
13475,aber,aber,ADV,mo,13472,geäußert
13476,auch,auch,ADV,mo,13462,etwas
13477,davon,davon,ADV,op,13478,geschwiegen
13478,geschwiegen,geschwiegen,VERB,ROOT,13478,geschwiegen
13479,",",--,PUNCT,punct,13478,geschwiegen
13480,weil,weil,SCONJ,cp,13481,er
13481,er,er,PRON,sb,13478,geschwiegen
13482,",",--,PUNCT,punct,13481,er
13483,aus,aus,ADP,mo,13485,zurückkehrend
13484,Frankfurt,Frankfurt,PROPN,nk,13483,aus
13485,zurückkehrend,zurückkehrend,ADV,pd,13482,","
13486,",",--,PUNCT,punct,13485,zurückkehrend
13487,sein,sein,DET,nk,13488,Weib
13488,Weib,Weib,NOUN,app,13481,er
13489,mit,mit,ADP,mnr,13488,Weib
13490,dem,der,DET,nk,13489,mit
13491,Gelde,Geld,NOUN,oa,13492,überraschen
13492,überraschen,überraschen,VERB,oc,13493,wollte
13493,wollte,wollen,AUX,ROOT,13493,wollte
13494,.,--,PUNCT,punct,13493,wollte
13495,So,so,ADV,mo,13496,blieb
13496,blieb,bleiben,VERB,ROOT,13496,blieb
13497,alles,alle,PRON,sb,13496,blieb
13498,",",--,PUNCT,punct,13496,blieb
13499,was,wer,PRON,sb,13501,vorbrachte
13500,Andres,andre,NOUN,oa,13501,vorbrachte
13501,vorbrachte,vorbrachen,VERB,rc,13496,blieb
13502,",",--,PUNCT,punct,13501,vorbrachte
13503,um,um,SCONJ,punct,13496,blieb
13504,nachzuweisen,nachweisen,VERB,ROOT,13504,nachzuweisen
13505,",",--,PUNCT,punct,13504,nachzuweisen
13506,daß,daß,SCONJ,cp,13514,gewesen
13507,er,er,PRON,sb,13514,gewesen
13508,zur,zu,ADP,mo,13514,gewesen
13509,Zeit,Zeit,NOUN,nk,13508,zur
13510,des,der,DET,nk,13511,Raubes
13511,Raubes,Raub,NOUN,ag,13509,Zeit
13512,in,in,ADP,mnr,13511,Raubes
13513,Frankfurt,Frankfurt,PROPN,nk,13512,in
13514,gewesen,sein,AUX,oc,13504,nachzuweisen
13515,und,und,CCONJ,cd,13514,gewesen
13516,das,der,DET,nk,13517,Geld
13517,Geld,Geld,NOUN,cj,13515,und
13518,ehrlich,ehrlich,ADV,mo,13519,erworben
13519,erworben,erwerben,VERB,oc,13520,sei
13520,sei,sein,AUX,ROOT,13520,sei
13521,",",--,PUNCT,punct,13522,unausgemittelt
13522,unausgemittelt,unausgemitteln,VERB,pd,13520,sei
13523,.,--,PUNCT,punct,13520,sei
13524,Denner,Denner,PROPN,sb,13525,blieb
13525,blieb,bleiben,VERB,ROOT,13525,blieb
13526,dagegen,dagegen,ADV,mo,13525,blieb
13527,bei,bei,ADP,mo,13525,blieb
13528,seiner,sein,DET,nk,13529,frühern
13529,frühern,frühern,NOUN,nk,13527,bei
13530,Behauptung,Behauptung,NOUN,oa,13533,stimmten
13531,und,und,CCONJ,cd,13530,Behauptung
13532,ihm,ihm,PRON,cj,13531,und
13533,stimmten,stimmen,VERB,ROOT,13533,stimmten
13534,sämtliche,sämtlicher,DET,nk,13535,Räuber
13535,Räuber,Räuber,NOUN,sb,13533,stimmten
13536,",",--,PUNCT,punct,13533,stimmten
13537,die,der,PRON,sb,13539,worden
13538,eingefangen,eingefangen,VERB,oc,13539,worden
13539,worden,werden,AUX,rc,13533,stimmten
13540,",",--,PUNCT,punct,13539,worden
13541,in,in,ADP,mo,13533,stimmten
13542,allem,alle,PRON,nk,13541,in
13543,bei,bei,ADP,ROOT,13543,bei
13544,.,--,PUNCT,punct,13543,bei
13545,Alles,alle,PRON,nk,13546,dieses
13546,dieses,dieser,PRON,oa,13547,hätte
13547,hätte,haben,AUX,ROOT,13547,hätte
13548,aber,aber,ADV,mo,13547,hätte
13549,die,der,DET,nk,13550,Richter
13550,Richter,Richter,NOUN,sb,13547,hätte
13551,noch,noch,ADV,mo,13552,nicht
13552,nicht,nicht,PART,ng,13553,so
13553,so,so,ADV,mo,13554,von
13554,von,von,ADP,mo,13547,hätte
13555,der,der,DET,nk,13556,Schuld
13556,Schuld,Schuld,NOUN,nk,13554,von
13557,des,der,DET,dep,13547,hätte
13558,unglücklichen,unglücklich,ADJ,nk,13559,Andres
13559,Andres,Andr,NOUN,og,13560,überzeugt
13560,überzeugt,überzeugen,VERB,ROOT,13560,überzeugt
13561,",",--,PUNCT,punct,13560,überzeugt
13562,als,als,SCONJ,cm,13564,Aussage
13563,die,der,DET,nk,13564,Aussage
13564,Aussage,Aussage,NOUN,dep,13560,überzeugt
13565,von,von,ADP,pg,13564,Aussage
13566,zwei,zwei,NUM,nk,13568,Jägern
13567,Vachschen,Vachschen,ADJ,nk,13568,Jägern
13568,Jägern,Jäger,NOUN,nk,13565,von
13569,",",--,PUNCT,punct,13564,Aussage
13570,die,der,PRON,dep,13560,überzeugt
13571,bei,bei,ADP,mo,13580,erkannt
13572,dem,der,DET,nk,13573,Schein
13573,Schein,Schein,NOUN,nk,13571,bei
13574,der,der,DET,nk,13575,Flammen
13575,Flammen,Flamme,NOUN,ag,13573,Schein
13576,ganz,ganz,ADV,mo,13577,genau
13577,genau,genau,ADV,mo,13579,Andres
13578,den,der,DET,nk,13579,Andres
13579,Andres,Andr,NOUN,oa,13580,erkannt
13580,erkannt,erkennen,VERB,oc,13583,haben
13581,und,und,CCONJ,cd,13580,erkannt
13582,gesehen,sehen,VERB,cj,13581,und
13583,haben,haben,AUX,ROOT,13583,haben
13584,wollten,wollen,AUX,ROOT,13584,wollten
13585,",",--,PUNCT,punct,13584,wollten
13586,wie,wie,SCONJ,mo,13591,niedergestreckt
13587,von,von,ADP,mo,13591,niedergestreckt
13588,ihm,ihm,PRON,nk,13587,von
13589,der,der,DET,nk,13590,Graf
13590,Graf,Graf,NOUN,sb,13592,wurde
13591,niedergestreckt,niedergestrecken,VERB,oc,13592,wurde
13592,wurde,werden,AUX,mo,13584,wollten
13593,.,--,PUNCT,punct,13584,wollten
13594,Nun,nun,ADV,mo,13595,war
13595,war,sein,AUX,ROOT,13595,war
13596,Andres,Andres,NOUN,sb,13595,war
13597,in,in,ADP,mo,13595,war
13598,den,der,DET,nk,13597,in
13599,Augen,Auge,NOUN,ROOT,13599,Augen
13600,des,der,DET,nk,13601,Gerichts
13601,Gerichts,Gericht,NOUN,ag,13599,Augen
13602,ein,ein,DET,nk,13605,Bösewicht
13603,verstockter,verstockt,ADJ,nk,13605,Bösewicht
13604,heuchlerischer,heuchlerisch,ADJ,nk,13605,Bösewicht
13605,Bösewicht,Bösewicht,NOUN,ag,13599,Augen
13606,und,und,CCONJ,cd,13605,Bösewicht
13607,gestützt,stützen,VERB,cj,13606,und
13608,auf,auf,ADP,mo,13599,Augen
13609,das,der,DET,nk,13610,Resultat
13610,Resultat,Resultat,NOUN,sb,13616,wurde
13611,aller,aller,DET,nk,13613,Aussagen
13612,jener,jener,DET,nk,13613,Aussagen
13613,Aussagen,Aussage,NOUN,ag,13610,Resultat
13614,und,und,CCONJ,cd,13613,Aussagen
13615,Beweise,Beweis,NOUN,cj,13614,und
13616,wurde,werden,AUX,ROOT,13616,wurde
13617,ihm,ihm,PRON,da,13620,zuerkannt
13618,die,der,DET,nk,13619,Tortur
13619,Tortur,Tortur,NOUN,sb,13616,wurde
13620,zuerkannt,zuerkennen,VERB,oc,13616,wurde
13621,",",--,PUNCT,punct,13616,wurde
13622,um,um,ADP,cp,13627,beugen
13623,seinen,sein,DET,nk,13625,Sinn
13624,starren,starr,ADJ,nk,13625,Sinn
13625,Sinn,Sinn,NOUN,oa,13627,beugen
13626,zu,zu,PART,pm,13627,beugen
13627,beugen,beugen,VERB,ROOT,13627,beugen
13628,",",--,PUNCT,punct,13627,beugen
13629,und,und,CCONJ,cd,13627,beugen
13630,ihn,ihn,PRON,oa,13634,bringen
13631,zum,zu,ADP,mo,13634,bringen
13632,Geständnis,Geständnis,NOUN,nk,13631,zum
13633,zu,zu,PART,pm,13634,bringen
13634,bringen,bringen,VERB,cj,13629,und
13635,.,--,PUNCT,punct,13627,beugen
13636,Schon,schon,ADV,mo,13637,über
13637,über,über,ADP,ROOT,13637,über
13638,ein,ein,DET,nk,13639,Jahr
13639,Jahr,Jahr,NOUN,ams,13640,schmachtete
13640,schmachtete,schmachtet,ADJ,nk,13641,Andres
13641,Andres,Andr,NOUN,sb,13647,hatte
13642,im,in,ADP,mnr,13641,Andres
13643,Kerker,Kerker,NOUN,nk,13642,im
13644,",",--,PUNCT,punct,13641,Andres
13645,der,der,DET,nk,13646,Gram
13646,Gram,Gram,NOUN,sb,13647,hatte
13647,hatte,haben,AUX,ROOT,13647,hatte
13648,seine,sein,DET,nk,13649,Kräfte
13649,Kräfte,Kraft,NOUN,oa,13650,aufgezehrt
13650,aufgezehrt,aufzehren,VERB,oc,13647,hatte
13651,",",--,PUNCT,punct,13647,hatte
13652,und,und,CCONJ,ju,13658,war
13653,sein,sein,DET,nk,13657,Körper
13654,sonst,sonst,ADV,mo,13655,robuster
13655,robuster,robust,ADJ,nk,13657,Körper
13656,starker,stark,ADJ,nk,13657,Körper
13657,Körper,Körper,NOUN,sb,13658,war
13658,war,sein,AUX,ROOT,13658,war
13659,schwach,schwach,ADV,pd,13662,geworden
13660,und,und,CCONJ,cd,13659,schwach
13661,ohnmächtig,ohnmächtig,ADV,cj,13660,und
13662,geworden,werden,AUX,oc,13658,war
13663,.,--,PUNCT,punct,13658,war
13664,Der,der,DET,ROOT,13664,Der
13665,schreckliche,schrecklich,ADJ,nk,13666,Tag
13666,Tag,Tag,NOUN,ROOT,13666,Tag
13667,",",--,PUNCT,punct,13666,Tag
13668,an,an,ADP,mo,13674,Geständnis
13669,dem,der,PRON,nk,13668,an
13670,die,der,DET,nk,13671,Pein
13671,Pein,Pein,NOUN,sb,13674,Geständnis
13672,ihm,ihm,PRON,da,13671,Pein
13673,das,der,DET,nk,13674,Geständnis
13674,Geständnis,Geständnis,NOUN,dep,13666,Tag
13675,einer,ein,DET,nk,13676,Tat
13676,Tat,Tat,NOUN,ag,13674,Geständnis
13677,",",--,PUNCT,punct,13676,Tat
13678,welche,welcher,PRON,ROOT,13678,welche
13679,er,er,PRON,sb,13678,welche
13680,niemals,niemals,ADV,mo,13681,begangen
13681,begangen,begehen,VERB,sb,13686,kam
13682,",",--,PUNCT,punct,13683,abdringen
13683,abdringen,abdringen,VERB,oc,13684,sollte
13684,sollte,sollen,AUX,oc,13681,begangen
13685,",",--,PUNCT,punct,13686,kam
13686,kam,kommen,VERB,ROOT,13686,kam
13687,heran,heran,ADV,svp,13686,kam
13688,.,--,PUNCT,punct,13686,kam
13689,Man,man,PRON,sb,13690,führte
13690,führte,führen,VERB,ROOT,13690,führte
13691,ihn,ihn,PRON,oa,13690,führte
13692,in,in,ADP,mo,13690,führte
13693,die,der,DET,nk,13692,in
13694,Folterkammer,Folterkammer,NOUN,ROOT,13694,Folterkammer
13695,",",--,PUNCT,punct,13694,Folterkammer
13696,wo,wo,SCONJ,mo,13702,erfundenen
13697,die,der,DET,nk,13698,entsetzlichen
13698,entsetzlichen,entsetzlich,ADJ,sb,13702,erfundenen
13699,mit,mit,ADP,mo,13702,erfundenen
13700,sinnreicher,sinnreich,ADJ,nk,13701,Grausamkeit
13701,Grausamkeit,Grausamkeit,NOUN,nk,13699,mit
13702,erfundenen,erfunden,VERB,rc,13694,Folterkammer
13703,Instrumente,Instrument,NOUN,sb,13704,lagen
13704,lagen,liegen,VERB,ROOT,13704,lagen
13705,",",--,PUNCT,punct,13704,lagen
13706,und,und,CCONJ,cd,13704,lagen
13707,die,der,DET,nk,13708,Henkersknechte
13708,Henkersknechte,Henkersknecht,NOUN,sb,13710,bereiteten
13709,sich,sich,PRON,oa,13710,bereiteten
13710,bereiteten,bereiten,VERB,cj,13706,und
13711,",",--,PUNCT,punct,13710,bereiteten
13712,den,der,DET,nk,13713,Unglücklichen
13713,Unglücklichen,Unglückliche,NOUN,da,13704,lagen
13714,zu,zu,ADP,svp,13704,lagen
13715,martern,martern,VERB,ROOT,13715,martern
13716,.,--,PUNCT,punct,13715,martern
13717,Nochmals,nochmals,ADV,mo,13720,ermahnt
13718,wurde,werden,AUX,ROOT,13718,wurde
13719,Andres,Andres,PROPN,sb,13718,wurde
13720,ermahnt,ermahnen,VERB,oc,13718,wurde
13721,",",--,PUNCT,punct,13718,wurde
13722,die,der,DET,nk,13723,Tat
13723,Tat,Tat,NOUN,cj,13718,wurde
13724,",",--,PUNCT,punct,13723,Tat
13725,deren,die,DET,da,13728,dringend
13726,er,er,PRON,sb,13728,dringend
13727,so,so,ADV,mo,13728,dringend
13728,dringend,dringend,ADV,pd,13718,wurde
13729,verdächtig,verdächtig,ADV,ROOT,13729,verdächtig
13730,",",--,PUNCT,punct,13729,verdächtig
13731,ja,ja,ADV,mo,13739,überführt
13732,deren,die,PRON,oa,13739,überführt
13733,er,er,PRON,sb,13740,worden
13734,durch,durch,ADP,mo,13739,überführt
13735,das,der,DET,nk,13736,Zeugnis
13736,Zeugnis,Zeugnis,NOUN,nk,13734,durch
13737,jener,jener,DET,nk,13738,Jäger
13738,Jäger,Jäger,NOUN,ag,13736,Zeugnis
13739,überführt,überführen,VERB,oc,13740,worden
13740,worden,werden,AUX,mo,13729,verdächtig
13741,",",--,PUNCT,punct,13729,verdächtig
13742,zu,zu,ADP,mo,13729,verdächtig
13743,gestehen,gestehen,VERB,ROOT,13743,gestehen
13744,.,--,PUNCT,punct,13743,gestehen
13745,Er,er,PRON,sb,13746,beteuerte
13746,beteuerte,beteuern,VERB,ROOT,13746,beteuerte
13747,wiederum,wiederum,ADV,mo,13746,beteuerte
13748,seine,sein,DET,nk,13749,Unschuld
13749,Unschuld,Unschuld,NOUN,oa,13746,beteuerte
13750,",",--,PUNCT,punct,13746,beteuerte
13751,und,und,CCONJ,cd,13746,beteuerte
13752,wiederholte,wiederholen,VERB,cj,13751,und
13753,alle,aller,DET,nk,13754,Umstände
13754,Umstände,Umstand,NOUN,oa,13752,wiederholte
13755,seiner,sein,DET,nk,13756,Bekanntschaft
13756,Bekanntschaft,Bekanntschaft,NOUN,ROOT,13756,Bekanntschaft
13757,mit,mit,ADP,mnr,13756,Bekanntschaft
13758,Dennern,Denner,NOUN,nk,13757,mit
13759,in,in,ADP,mnr,13756,Bekanntschaft
13760,denselben,derselbe,DET,nk,13761,Worten
13761,Worten,Wort,NOUN,nk,13759,in
13762,",",--,PUNCT,punct,13756,Bekanntschaft
13763,wie,wie,SCONJ,mo,13764,er
13764,er,er,PRON,cc,13756,Bekanntschaft
13765,es,es,PRON,oa,13766,im
13766,im,in,ADP,mnr,13756,Bekanntschaft
13767,ersten,erster,ADJ,nk,13766,im
13768,Verhör,Verhör,NOUN,ROOT,13768,Verhör
13769,getan,tun,VERB,oc,13768,Verhör
13770,.,--,PUNCT,punct,13768,Verhör
13771,Da,da,ADV,mo,13772,ergriffen
13772,ergriffen,ergreifen,VERB,ROOT,13772,ergriffen
13773,ihn,ihn,PRON,oa,13772,ergriffen
13774,die,der,DET,nk,13775,Knechte
13775,Knechte,Knecht,NOUN,sb,13772,ergriffen
13776,",",--,PUNCT,punct,13772,ergriffen
13777,banden,banden,VERB,cj,13772,ergriffen
13778,ihn,ihn,PRON,oa,13777,banden
13779,mit,mit,ADP,mo,13777,banden
13780,Stricken,Strick,NOUN,nk,13779,mit
13781,und,und,CCONJ,cd,13777,banden
13782,marterten,marterten,VERB,ROOT,13782,marterten
13783,ihn,ihn,PRON,oa,13782,marterten
13784,",",--,PUNCT,punct,13782,marterten
13785,indem,indem,SCONJ,cp,13789,ausrenkten
13786,sie,sie,PRON,sb,13789,ausrenkten
13787,seine,sein,DET,nk,13788,Glieder
13788,Glieder,Glied,NOUN,oa,13789,ausrenkten
13789,ausrenkten,ausrenkt,ADJ,mo,13782,marterten
13790,und,und,CCONJ,cd,13789,ausrenkten
13791,Stacheln,Stachel,NOUN,oa,13792,einbohrten
13792,einbohrten,einbohren,VERB,cj,13790,und
13793,in,in,ADP,mo,13792,einbohrten
13794,das,der,DET,nk,13796,Fleisch
13795,gedehnte,gedehnt,ADJ,nk,13796,Fleisch
13796,Fleisch,Fleisch,NOUN,ROOT,13796,Fleisch
13797,.,--,PUNCT,punct,13796,Fleisch
13798,Andres,Andres,NOUN,sb,13799,vermochte
13799,vermochte,vermögen,VERB,ROOT,13799,vermochte
13800,nicht,nicht,PART,ng,13799,vermochte
13801,die,der,DET,nk,13802,Qual
13802,Qual,Qual,NOUN,oa,13804,ertragen
13803,zu,zu,PART,pm,13804,ertragen
13804,ertragen,ertragen,VERB,oc,13799,vermochte
13805,:,--,PUNCT,punct,13799,vermochte
13806,vom,von,ADP,mo,13799,vermochte
13807,Schmerz,Schmerz,NOUN,nk,13806,vom
13808,gewaltsam,gewaltsam,ADV,mo,13809,zerrissen
13809,zerrissen,zerrissen,VERB,mo,13815,gestand
13810,",",--,PUNCT,punct,13809,zerrissen
13811,den,der,DET,nk,13812,Tod
13812,Tod,Tod,NOUN,oa,13813,wünschend
13813,wünschend,wünschend,ADV,mo,13809,zerrissen
13814,",",--,PUNCT,punct,13815,gestand
13815,gestand,gestehen,VERB,ROOT,13815,gestand
13816,er,er,PRON,sb,13815,gestand
13817,alles,alle,PRON,oa,13815,gestand
13818,was,wer,PRON,oa,13820,wollte
13819,man,man,PRON,sb,13820,wollte
13820,wollte,wollen,VERB,oc,13815,gestand
13821,",",--,PUNCT,punct,13815,gestand
13822,und,und,CCONJ,cd,13815,gestand
13823,wurde,werden,AUX,ROOT,13823,wurde
13824,ohnmächtig,ohnmächtig,ADV,mo,13828,zurückgeschleppt
13825,in,in,ADP,mo,13828,zurückgeschleppt
13826,den,der,DET,nk,13827,Kerker
13827,Kerker,Kerker,NOUN,nk,13825,in
13828,zurückgeschleppt,zurückgeschleppen,VERB,oc,13823,wurde
13829,.,--,PUNCT,punct,13823,wurde
13830,Man,man,PRON,sb,13831,stärkte
13831,stärkte,stärken,VERB,ROOT,13831,stärkte
13832,ihn,ihn,PRON,oa,13831,stärkte
13833,",",--,PUNCT,punct,13831,stärkte
13834,wie,wie,SCONJ,mo,13831,stärkte
13835,es,es,PRON,dep,13831,stärkte
13836,nach,nach,ADP,re,13835,es
13837,erlittener,erlitten,ADJ,nk,13838,Tortur
13838,Tortur,Tortur,NOUN,ROOT,13838,Tortur
13839,gewöhnlich,gewöhnlich,ADV,mo,13838,Tortur
13840,",",--,PUNCT,punct,13839,gewöhnlich
13841,mit,mit,ADP,mo,13838,Tortur
13842,Wein,Wein,NOUN,nk,13841,mit
13843,und,und,CCONJ,cd,13842,Wein
13844,er,er,PRON,sb,13845,fiel
13845,fiel,fallen,VERB,cj,13843,und
13846,in,in,ADP,mo,13845,fiel
13847,einen,ein,DET,nk,13846,in
13848,zwischen,zwischen,ADP,mo,13845,fiel
13849,Wachen,Wachen,NOUN,nk,13848,zwischen
13850,und,und,CCONJ,cd,13849,Wachen
13851,Schlafen,schlafen,NOUN,mo,13852,hinbrütenden
13852,hinbrütenden,hinbrütend,ADJ,ROOT,13852,hinbrütenden
13853,Zustand,Zustand,NOUN,oa,13852,hinbrütenden
13854,.,--,PUNCT,punct,13852,hinbrütenden
13855,Da,da,ADV,mo,13856,war
13856,war,sein,AUX,ROOT,13856,war
13857,es,es,PRON,sb,13856,war
13858,ihm,ihm,PRON,da,13856,war
13859,als,als,ADP,mo,13856,war
13860,lösten,lösen,VERB,nk,13859,als
13861,sich,sich,PRON,oa,13860,lösten
13862,die,der,DET,nk,13863,Steine
13863,Steine,Stein,NOUN,sb,13860,lösten
13864,aus,aus,ADP,op,13860,lösten
13865,der,der,DET,nk,13864,aus
13866,Mauer,Mauer,NOUN,ROOT,13866,Mauer
13867,",",--,PUNCT,punct,13866,Mauer
13868,und,und,CCONJ,cd,13866,Mauer
13869,als,als,SCONJ,mo,13870,fielen
13870,fielen,fallen,VERB,cj,13868,und
13871,sie,sie,PRON,sb,13870,fielen
13872,krachend,krachend,ADV,mo,13870,fielen
13873,herab,herab,ADV,mo,13870,fielen
13874,auf,auf,ADP,mo,13870,fielen
13875,den,der,DET,nk,13876,Boden
13876,Boden,Boden,NOUN,nk,13874,auf
13877,des,der,DET,nk,13878,Kerkers
13878,Kerkers,Kerker,NOUN,ag,13876,Boden
13879,.,--,PUNCT,punct,13866,Mauer
13880,Ein,ein,DET,ROOT,13880,Ein
13881,blutroter,blutrot,ADJ,nk,13882,Schimmer
13882,Schimmer,Schimmer,NOUN,sb,13883,drang
13883,drang,drang,NOUN,mo,13888,trat
13884,durch,durch,ADP,mo,13883,drang
13885,und,und,CCONJ,cd,13884,durch
13886,in,in,ADP,cj,13885,und
13887,ihm,ihm,PRON,nk,13886,in
13888,trat,treten,VERB,ROOT,13888,trat
13889,eine,ein,DET,nk,13890,Gestalt
13890,Gestalt,Gestalt,NOUN,sb,13888,trat
13891,hinein,hinein,ADV,svp,13888,trat
13892,",",--,PUNCT,punct,13888,trat
13893,die,der,PRON,app,13890,Gestalt
13894,",",--,PUNCT,punct,13893,die
13895,unerachtet,unerachten,VERB,ROOT,13895,unerachtet
13896,sie,sie,PRON,sb,13895,unerachtet
13897,Denners,Denner,PROPN,ag,13898,Züge
13898,Züge,Zug,NOUN,oa,13899,hatte
13899,hatte,haben,AUX,ROOT,13899,hatte
13900,",",--,PUNCT,punct,13899,hatte
13901,ihm,ihm,PRON,da,13906,sein
13902,doch,doch,ADV,mo,13906,sein
13903,nicht,nicht,PART,ng,13906,sein
13904,Denner,Denner,NOUN,pd,13906,sein
13905,zu,zu,PART,pm,13906,sein
13906,sein,sein,AUX,oc,13907,schien
13907,schien,scheinen,VERB,oc,13899,hatte
13908,.,--,PUNCT,punct,13899,hatte
13909,Glühender,Glühend,NOUN,sb,13910,funkelten
13910,funkelten,funkeln,VERB,ROOT,13910,funkelten
13911,die,der,DET,nk,13912,Augen
13912,Augen,Auge,NOUN,oa,13910,funkelten
13913,",",--,PUNCT,punct,13910,funkelten
13914,schwärzer,schwärz,ADV,sb,13915,starrte
13915,starrte,starrn,VERB,cj,13910,funkelten
13916,das,der,DET,nk,13918,Haar
13917,struppige,struppig,ADJ,nk,13918,Haar
13918,Haar,Haar,NOUN,sb,13915,starrte
13919,auf,auf,ADP,mo,13915,starrte
13920,der,der,DET,punct,13910,funkelten
13921,Stirn,Stirn,PROPN,sb,13925,senkten
13922,empor,empor,ADV,mo,13925,senkten
13923,und,und,CCONJ,cd,13922,empor
13924,tiefer,tief,ADV,mo,13925,senkten
13925,senkten,senken,VERB,ROOT,13925,senkten
13926,sich,sich,PRON,oa,13925,senkten
13927,die,der,DET,nk,13928,finstern
13928,finstern,finstern,NOUN,sb,13925,senkten
13929,Augenbrauen,Augenbraue,NOUN,oa,13925,senkten
13930,in,in,ADP,mnr,13929,Augenbrauen
13931,die,der,DET,nk,13932,dicke
13932,dicke,dick,ADJ,nk,13930,in
13933,Muskel,Muskel,NOUN,ROOT,13933,Muskel
13934,herab,herab,ADV,mo,13933,Muskel
13935,",",--,PUNCT,punct,13933,Muskel
13936,die,der,PRON,sb,13941,lag
13937,über,über,ADP,mo,13941,lag
13938,der,der,DET,nk,13940,Habichtsnase
13939,krummgebogenen,krummgebogen,ADJ,nk,13940,Habichtsnase
13940,Habichtsnase,Habichtsnase,NOUN,nk,13937,über
13941,lag,liegen,VERB,rc,13933,Muskel
13942,.,--,PUNCT,punct,13933,Muskel
13943,Auf,auf,ADP,ROOT,13943,Auf
13944,gräßlich,gräßlich,ADV,nk,13943,Auf
13945,seltsame,seltsam,ADJ,nk,13946,Weise
13946,Weise,Weise,NOUN,pd,13947,war
13947,war,sein,AUX,ROOT,13947,war
13948,das,der,DET,nk,13949,Gesicht
13949,Gesicht,Gesicht,NOUN,sb,13947,war
13950,verschrumpft,verschrumpfen,VERB,oc,13947,war
13951,und,und,CCONJ,cd,13950,verschrumpft
13952,verzerrt,verzerren,VERB,cj,13951,und
13953,",",--,PUNCT,punct,13947,war
13954,und,und,CCONJ,cd,13947,war
13955,die,der,DET,nk,13956,Kleidung
13956,Kleidung,Kleidung,NOUN,cj,13954,und
13957,fremd,fremd,ADV,ROOT,13957,fremd
13958,und,und,CCONJ,cd,13957,fremd
13959,abenteuerlich,abenteuerlich,ADV,cj,13958,und
13960,",",--,PUNCT,punct,13957,fremd
13961,wie,wie,SCONJ,mo,13965,gesehen
13962,er,er,PRON,sb,13965,gesehen
13963,Dennern,Denner,NOUN,oa,13965,gesehen
13964,niemals,niemals,ADV,mo,13965,gesehen
13965,gesehen,sehen,VERB,mo,13957,fremd
13966,.,--,PUNCT,punct,13957,fremd
13967,Ein,ein,DET,nk,13968,feuerroter
13968,feuerroter,Feuerroter,NOUN,ROOT,13968,feuerroter
13969,mit,mit,ADP,mnr,13968,feuerroter
13970,Gold,Gold,NOUN,sb,13972,verbrämter
13971,stark,stark,ADV,mo,13972,verbrämter
13972,verbrämter,Verbrämter,ADJ,ROOT,13972,verbrämter
13973,weiter,weiter,ADV,mo,13972,verbrämter
13974,Mantel,Mantel,NOUN,ROOT,13974,Mantel
13975,hing,Hing,PROPN,nk,13974,Mantel
13976,in,in,ADP,mnr,13974,Mantel
13977,bauschichten,bauschicht,ADJ,nk,13978,Falten
13978,Falten,Falte,NOUN,nk,13976,in
13979,der,der,DET,nk,13980,Gestalt
13980,Gestalt,Gestalt,NOUN,ag,13978,Falten
13981,über,über,ADP,ROOT,13981,über
13982,die,der,DET,nk,13983,Schultern
13983,Schultern,Schulter,NOUN,nk,13981,über
13984,",",--,PUNCT,punct,13983,Schultern
13985,ein,ein,DET,nk,13989,Hut
13986,breiter,breit,ADJ,mo,13987,niedergekrempter
13987,niedergekrempter,niedergekrempt,ADJ,nk,13989,Hut
13988,spanischer,spanisch,ADJ,nk,13989,Hut
13989,Hut,Hut,NOUN,app,13983,Schultern
13990,mit,mit,ADP,mo,13981,über
13991,herabhängender,Herabhängender,ADJ,nk,13993,Feder
13992,roter,rot,ADJ,nk,13993,Feder
13993,Feder,Feder,NOUN,sb,13994,saß
13994,saß,sitzen,VERB,ROOT,13994,saß
13995,schief,schief,ADV,mo,13994,saß
13996,auf,auf,ADP,mo,13994,saß
13997,dem,der,DET,nk,13998,Kopfe
13998,Kopfe,Kopf,NOUN,nk,13996,auf
13999,",",--,PUNCT,punct,13998,Kopfe
14000,ein,ein,DET,nk,14002,Stoßdegen
14001,langer,lang,ADJ,nk,14002,Stoßdegen
14002,Stoßdegen,Stoßdeg,NOUN,sb,14003,hing
14003,hing,hing,VERB,oc,13994,saß
14004,an,an,ADP,ROOT,14004,an
14005,der,der,DET,nk,14006,Seite
14006,Seite,Seite,NOUN,nk,14004,an
14007,",",--,PUNCT,punct,14004,an
14008,und,und,CCONJ,cd,14004,an
14009,unter,unter,ADP,mo,14013,trug
14010,dem,der,DET,nk,14012,Arm
14011,linken,linker,ADJ,nk,14012,Arm
14012,Arm,Arm,NOUN,nk,14009,unter
14013,trug,tragen,VERB,cj,14008,und
14014,die,der,DET,nk,14015,Gestalt
14015,Gestalt,Gestalt,NOUN,sb,14013,trug
14016,ein,ein,DET,nk,14018,Kistchen
14017,kleines,klein,ADJ,nk,14018,Kistchen
14018,Kistchen,Kistchen,NOUN,oa,14013,trug
14019,.,--,PUNCT,punct,14004,an
14020,So,so,ADV,mo,14021,schritt
14021,schritt,schritt,VERB,ROOT,14021,schritt
14022,der,der,DET,nk,14024,Unhold
14023,gespenstische,gespenstisch,ADJ,nk,14024,Unhold
14024,Unhold,Unhold,NOUN,sb,14021,schritt
14025,auf,auf,ADP,op,14021,schritt
14026,Andres,Andr,NOUN,nk,14025,auf
14027,zu,zu,PART,svp,14021,schritt
14028,in,in,ADP,mo,14021,schritt
14029,hohlem,hohl,ADJ,nk,14031,Tone
14030,dumpfen,dumpf,ADJ,nk,14031,Tone
14031,Tone,Tone,NOUN,nk,14028,in
14032,sprechend,sprechend,ADV,mo,14044,geschmeckt
14033,:,--,PUNCT,punct,14032,sprechend
14034,»,--,PUNCT,punct,14040,hat
14035,Nun,nun,ADV,mo,14044,geschmeckt
14036,",",--,PUNCT,punct,14040,hat
14037,Kamerad,Kamerad,PROPN,vo,14040,hat
14038,",",--,PUNCT,punct,14040,hat
14039,wie,wie,SCONJ,mo,14044,geschmeckt
14040,hat,haben,AUX,ROOT,14040,hat
14041,dir,dir,PRON,sb,14040,hat
14042,die,der,DET,nk,14043,Folter
14043,Folter,Folter,NOUN,oa,14044,geschmeckt
14044,geschmeckt,schmecken,VERB,oc,14040,hat
14045,?,--,PUNCT,punct,14040,hat
14046,Du,du,PRON,sb,14047,hast
14047,hast,haben,AUX,ROOT,14047,hast
14048,das,der,PRON,nk,14049,alles
14049,alles,alle,PRON,oa,14047,hast
14050,bloß,bloß,ADV,mo,14054,verdanken
14051,deinem,dein,DET,nk,14052,Eigensinn
14052,Eigensinn,Eigensinn,NOUN,da,14054,verdanken
14053,zu,zu,PART,pm,14054,verdanken
14054,verdanken,verdanken,VERB,ROOT,14054,verdanken
14055,;,--,PUNCT,punct,14054,verdanken
14056,hättest,hättesen,VERB,ROOT,14056,hättest
14057,du,du,PRON,sb,14056,hättest
14058,dich,dich,PRON,oa,14056,hättest
14059,als,als,ADP,ac,14060,zur
14060,zur,zu,ADP,mo,14056,hättest
14061,Bande,Bande,NOUN,nk,14060,zur
14062,gehörig,gehörig,ADV,mo,14056,hättest
14063,bekannt,bekannt,ADV,mo,14066,wärst
14064,",",--,PUNCT,punct,14065,so
14065,so,so,ADV,mo,14066,wärst
14066,wärst,wärst,VERB,ROOT,14066,wärst
14067,du,du,PRON,sb,14066,wärst
14068,nun,nun,ADV,mo,14070,gerettet
14069,schon,schon,ADV,mo,14070,gerettet
14070,gerettet,retten,VERB,oc,14066,wärst
14071,.,--,PUNCT,punct,14066,wärst
14072,Versprichst,versprichst,VERB,ROOT,14072,Versprichst
14073,du,du,PRON,sb,14072,Versprichst
14074,aber,aber,ADV,mo,14072,Versprichst
14075,",",--,PUNCT,punct,14072,Versprichst
14076,dich,dich,PRON,mo,14072,Versprichst
14077,mir,mir,PRON,oa,14076,dich
14078,und,und,CCONJ,cd,14076,dich
14079,meiner,mein,DET,nk,14080,Leitung
14080,Leitung,Leitung,NOUN,da,14083,ergeben
14081,ganz,ganz,ADV,mo,14083,ergeben
14082,zu,zu,PART,pm,14083,ergeben
14083,ergeben,ergeben,VERB,ROOT,14083,ergeben
14084,",",--,PUNCT,punct,14083,ergeben
14085,und,und,CCONJ,cd,14083,ergeben
14086,gewinnst,gewinnst,ADV,mo,14087,du
14087,du,du,PRON,cj,14085,und
14088,es,es,PRON,oa,14085,und
14089,über,über,ADP,mnr,14088,es
14090,dich,dich,PRON,nk,14089,über
14091,",",--,PUNCT,punct,14089,über
14092,von,von,ADP,op,14088,es
14093,diesen,dieser,PRON,nk,14092,von
14094,Tropfen,Tropfen,NOUN,oa,14096,trinken
14095,zu,zu,PART,pm,14096,trinken
14096,trinken,trinken,VERB,re,14106,so
14097,",",--,PUNCT,punct,14096,trinken
14098,die,der,PRON,sb,14104,sind
14099,aus,aus,ADP,mo,14103,gekocht
14100,deines,dein,DET,nk,14101,Kindes
14101,Kindes,Kind,NOUN,nk,14099,aus
14102,Herzblut,Herzblut,NOUN,nk,14099,aus
14103,gekocht,kochen,VERB,pd,14104,sind
14104,sind,sein,AUX,rc,14094,Tropfen
14105,",",--,PUNCT,punct,14106,so
14106,so,so,ADV,mo,14107,bist
14107,bist,sein,AUX,ROOT,14107,bist
14108,du,du,PRON,sb,14107,bist
14109,augenblicklich,augenblicklich,ADV,mo,14112,entledigt
14110,aller,aller,DET,nk,14111,Qual
14111,Qual,Qual,NOUN,ag,14109,augenblicklich
14112,entledigt,entledigen,VERB,ROOT,14112,entledigt
14113,.,--,PUNCT,punct,14112,entledigt
14114,Du,du,PRON,sb,14115,fühlst
14115,fühlst,fühlsen,VERB,ROOT,14115,fühlst
14116,dich,dich,PRON,oa,14115,fühlst
14117,gesund,gesund,ADV,mo,14115,fühlst
14118,und,und,CCONJ,cd,14117,gesund
14119,kräftig,kräftig,ADV,cj,14118,und
14120,",",--,PUNCT,punct,14115,fühlst
14121,und,und,CCONJ,cd,14115,fühlst
14122,für,für,ADP,cj,14121,und
14123,deine,dein,DET,nk,14125,Rettung
14124,weitere,weit,ADJ,nk,14125,Rettung
14125,Rettung,Rettung,NOUN,oa,14129,sorgen
14126,will,wollen,AUX,ROOT,14126,will
14127,ich,ich,PRON,sb,14126,will
14128,dann,dann,ADV,mo,14126,will
14129,sorgen,sorgen,VERB,oc,14126,will
14130,.,--,PUNCT,punct,14126,will
14131,«,--,PUNCT,punct,14126,will
14132,-,--,PUNCT,punct,14134,konnte
14133,Andres,Andr,NOUN,sb,14134,konnte
14134,konnte,können,AUX,ROOT,14134,konnte
14135,vor,vor,ADP,mo,14134,konnte
14136,Schreck,Schreck,PROPN,nk,14135,vor
14137,",",--,PUNCT,punct,14134,konnte
14138,Angst,Angst,NOUN,sb,14142,sprechen
14139,und,und,CCONJ,cd,14138,Angst
14140,Ermattung,Ermattung,NOUN,cj,14139,und
14141,nicht,nicht,PART,ng,14142,sprechen
14142,sprechen,sprechen,VERB,ROOT,14142,sprechen
14143,;,--,PUNCT,punct,14142,sprechen
14144,er,er,PRON,sb,14145,sah
14145,sah,sehen,VERB,ROOT,14145,sah
14146,",",--,PUNCT,punct,14145,sah
14147,wie,wie,ADP,cm,14149,Kindes
14148,seines,sein,DET,nk,14149,Kindes
14149,Kindes,Kind,NOUN,mo,14145,sah
14150,Blut,Blut,NOUN,nk,14149,Kindes
14151,in,in,ADP,mnr,14149,Kindes
14152,der,der,DET,nk,14151,in
14153,Phiole,Phiole,PROPN,sb,14164,spielte
14154,",",--,PUNCT,punct,14153,Phiole
14155,die,der,PRON,sb,14159,hinhielt
14156,ihm,ihm,PRON,da,14159,hinhielt
14157,die,der,DET,nk,14158,Gestalt
14158,Gestalt,Gestalt,NOUN,oa,14159,hinhielt
14159,hinhielt,hinhieln,VERB,rc,14153,Phiole
14160,",",--,PUNCT,punct,14164,spielte
14161,in,in,ADP,mo,14164,spielte
14162,roten,rot,ADJ,nk,14163,Flämmchen
14163,Flämmchen,Flämmche,NOUN,nk,14161,in
14164,spielte,spielen,VERB,ROOT,14164,spielte
14165,;,--,PUNCT,punct,14164,spielte
14166,inbrünstig,inbrünstig,ADV,ROOT,14166,inbrünstig
14167,betete,beten,VERB,ROOT,14167,betete
14168,er,er,PRON,sb,14167,betete
14169,zu,zu,ADP,mo,14167,betete
14170,Gott,Gott,NOUN,nk,14169,zu
14171,und,und,CCONJ,cd,14170,Gott
14172,den,der,DET,nk,14173,Heiligen
14173,Heiligen,heilige,NOUN,cj,14171,und
14174,",",--,PUNCT,punct,14167,betete
14175,daß,daß,SCONJ,cp,14179,möchten
14176,sie,sie,PRON,sb,14179,möchten
14177,ihn,ihn,PRON,oa,14178,retten
14178,retten,retten,VERB,oc,14179,möchten
14179,möchten,möchten,AUX,oc,14167,betete
14180,aus,aus,ADP,mo,14178,retten
14181,den,der,DET,nk,14182,Klauen
14182,Klauen,Klau,NOUN,nk,14180,aus
14183,des,der,DET,nk,14184,Satans
14184,Satans,Satan,NOUN,ROOT,14184,Satans
14185,",",--,PUNCT,punct,14184,Satans
14186,der,der,PRON,sb,14188,verfolge
14187,ihn,ihn,PRON,oa,14188,verfolge
14188,verfolge,verfolgen,VERB,rc,14184,Satans
14189,und,und,CCONJ,cd,14188,verfolge
14190,um,um,ADP,mo,14194,bringen
14191,die,der,DET,nk,14193,Seligkeit
14192,ewige,ewig,ADJ,nk,14193,Seligkeit
14193,Seligkeit,Seligkeit,NOUN,nk,14190,um
14194,bringen,bringen,VERB,oc,14195,wolle
14195,wolle,wollen,AUX,cj,14189,und
14196,",",--,PUNCT,punct,14195,wolle
14197,die,der,PRON,ROOT,14197,die
14198,er,er,PRON,sb,14197,die
14199,zu,zu,PART,pm,14200,erlangen
14200,erlangen,erlangen,VERB,oc,14201,hoffe
14201,hoffe,hoffen,VERB,mo,14203,sollte
14202,",",--,PUNCT,punct,14203,sollte
14203,sollte,sollen,AUX,ROOT,14203,sollte
14204,er,er,PRON,sb,14203,sollte
14205,auch,auch,ADV,mo,14208,Todes
14206,eines,ein,DET,nk,14208,Todes
14207,schimpflichen,schimpflich,ADJ,nk,14208,Todes
14208,Todes,Tod,NOUN,oa,14209,sterben
14209,sterben,sterben,VERB,oc,14203,sollte
14210,.,--,PUNCT,punct,14203,sollte
14211,Nun,nun,ADV,mo,14212,lachte
14212,lachte,lachen,VERB,ROOT,14212,lachte
14213,die,der,DET,nk,14214,Gestalt
14214,Gestalt,Gestalt,NOUN,ROOT,14214,Gestalt
14215,",",--,PUNCT,punct,14214,Gestalt
14216,daß,daß,SCONJ,cp,14220,widergellte
14217,es,es,PRON,ep,14220,widergellte
14218,im,in,ADP,mo,14220,widergellte
14219,Kerker,Kerker,NOUN,nk,14218,im
14220,widergellte,widergelln,VERB,oc,14214,Gestalt
14221,",",--,PUNCT,punct,14214,Gestalt
14222,und,und,CCONJ,cd,14214,Gestalt
14223,verschwand,verschwinden,VERB,cj,14222,und
14224,im,in,ADP,mo,14223,verschwand
14225,dicken,dick,ADJ,nk,14226,Dampf
14226,Dampf,Dampf,NOUN,nk,14224,im
14227,.,--,PUNCT,punct,14214,Gestalt
14228,Andres,Andres,NOUN,sb,14229,erwachte
14229,erwachte,erwachen,VERB,ROOT,14229,erwachte
14230,endlich,endlich,ADV,mo,14229,erwachte
14231,aus,aus,ADP,mo,14229,erwachte
14232,dumpfer,dumpf,ADJ,nk,14233,Betäubung
14233,Betäubung,Betäubung,NOUN,nk,14231,aus
14234,",",--,PUNCT,punct,14229,erwachte
14235,er,er,PRON,sb,14236,vermochte
14236,vermochte,vermögen,VERB,oc,14229,erwachte
14237,sich,sich,PRON,oa,14238,aufzurichten
14238,aufzurichten,aufzuricht,VERB,oc,14236,vermochte
14239,vom,von,ADP,ROOT,14239,vom
14240,Lager,Lager,NOUN,nk,14239,vom
14241,;,--,PUNCT,punct,14239,vom
14242,aber,aber,CCONJ,ju,14244,ward
14243,wie,wie,ADV,mo,14244,ward
14244,ward,ward,VERB,ROOT,14244,ward
14245,ihm,ihm,PRON,da,14244,ward
14246,",",--,PUNCT,punct,14244,ward
14247,als,als,SCONJ,cp,14249,sah
14248,er,er,PRON,sb,14249,sah
14249,sah,sehen,VERB,mo,14244,ward
14250,",",--,PUNCT,punct,14249,sah
14251,daß,daß,SCONJ,dep,14244,ward
14252,das,der,DET,nk,14253,Stroh
14253,Stroh,Stroh,PROPN,sb,14244,ward
14254,",",--,PUNCT,punct,14253,Stroh
14255,was,wer,PRON,app,14253,Stroh
14256,unter,unter,ADP,mnr,14255,was
14257,seinem,sein,DET,nk,14256,unter
14258,Haupte,Haupt,NOUN,sb,14259,gelegen
14259,gelegen,liegen,VERB,ROOT,14259,gelegen
14260,",",--,PUNCT,punct,14259,gelegen
14261,sich,sich,PRON,oa,14267,begann
14262,stärker,stark,ADV,mo,14266,rühren
14263,und,und,CCONJ,cd,14262,stärker
14264,stärker,stark,ADV,cj,14263,und
14265,zu,zu,PART,pm,14266,rühren
14266,rühren,rühren,VERB,oc,14267,begann
14267,begann,beginnen,VERB,oc,14259,gelegen
14268,und,und,CCONJ,cd,14267,begann
14269,endlich,endlich,ADV,mo,14259,gelegen
14270,weggeschoben,weggeschoben,VERB,oc,14271,wurde
14271,wurde,werden,AUX,ROOT,14271,wurde
14272,.,--,PUNCT,punct,14271,wurde
14273,Er,er,PRON,sb,14274,gewahrte
14274,gewahrte,gewahren,VERB,ROOT,14274,gewahrte
14275,",",--,PUNCT,punct,14274,gewahrte
14276,daß,daß,SCONJ,cp,14278,Stein
14277,ein,ein,DET,nk,14278,Stein
14278,Stein,Stein,NOUN,oc,14274,gewahrte
14279,aus,aus,ADP,mnr,14278,Stein
14280,dem,der,DET,nk,14281,Fußboden
14281,Fußboden,Fußboden,NOUN,nk,14279,aus
14282,von,von,ADP,mnr,14278,Stein
14283,unten,unten,ADV,nk,14282,von
14284,herausgedrängt,herausgedrängen,VERB,oc,14285,worden
14285,worden,werden,AUX,ROOT,14285,worden
14286,und,und,CCONJ,cd,14285,worden
14287,hörte,hören,VERB,cj,14286,und
14288,mehrmals,mehrmals,ADV,mo,14287,hörte
14289,seinen,sein,DET,nk,14290,Namen
14290,Namen,Name,NOUN,oa,14292,rufen
14291,leise,leise,ADV,mo,14292,rufen
14292,rufen,rufen,VERB,oc,14287,hörte
14293,.,--,PUNCT,punct,14285,worden
14294,Er,er,PRON,sb,14295,erkannte
14295,erkannte,erkennen,VERB,ROOT,14295,erkannte
14296,Denners,Denner,PROPN,ag,14297,Stimme
14297,Stimme,Stimme,NOUN,ROOT,14297,Stimme
14298,und,und,CCONJ,cd,14297,Stimme
14299,sprach,sprechen,VERB,cj,14298,und
14300,:,--,PUNCT,punct,14299,sprach
14301,»,--,PUNCT,punct,14303,willst
14302,Was,was,PRON,oa,14303,willst
14303,willst,willst,VERB,oc,14299,sprach
14304,du,du,PRON,sb,14303,willst
14305,von,von,ADP,mo,14303,willst
14306,mir,mir,PRON,nk,14305,von
14307,?,--,PUNCT,punct,14303,willst
14308,Laß,Laß,VERB,ag,14309,mich
14309,mich,mich,PRON,oa,14310,ruhen
14310,ruhen,ruhen,VERB,ROOT,14310,ruhen
14311,",",--,PUNCT,punct,14310,ruhen
14312,ich,ich,PRON,sb,14313,habe
14313,habe,haben,AUX,oc,14310,ruhen
14314,mit,mit,ADP,oc,14313,habe
14315,dir,dir,PRON,nk,14320,Andres
14316,nichts,nichts,PRON,oa,14315,dir
14317,zu,zu,ADP,mnr,14316,nichts
14318,schaffen!«-,schaffen!«-,NOUN,nk,14317,zu
14319,»,--,PUNCT,punct,14320,Andres
14320,Andres,Andre,NOUN,sb,14328,bin
14321,«,--,PUNCT,punct,14320,Andres
14322,",",--,PUNCT,punct,14323,sprach
14323,sprach,sprechen,VERB,ROOT,14323,sprach
14324,Denner,Denner,PROPN,sb,14323,sprach
14325,",",--,PUNCT,punct,14323,sprach
14326,»,--,PUNCT,punct,14328,bin
14327,ich,ich,PRON,sb,14328,bin
14328,bin,sein,AUX,oc,14323,sprach
14329,durch,durch,ADP,mo,14328,bin
14330,mehrere,mehrere,PRON,nk,14329,durch
14331,Gewölbe,Gewölb,NOUN,oa,14332,gedrungen
14332,gedrungen,dringen,VERB,ROOT,14332,gedrungen
14333,",",--,PUNCT,punct,14332,gedrungen
14334,um,um,SCONJ,cp,14337,retten
14335,dich,dich,PRON,oa,14337,retten
14336,zu,zu,PART,pm,14337,retten
14337,retten,retten,VERB,mo,14332,gedrungen
14338,;,--,PUNCT,punct,14332,gedrungen
14339,denn,denn,CCONJ,ju,14346,kommst
14340,",",--,PUNCT,punct,14346,kommst
14341,wenn,wenn,SCONJ,cp,14346,kommst
14342,du,du,PRON,sb,14346,kommst
14343,auf,auf,ADP,mo,14346,kommst
14344,den,der,DET,nk,14345,Richtplatz
14345,Richtplatz,Richtplatz,NOUN,nk,14343,auf
14346,kommst,kommsen,ADV,ROOT,14346,kommst
14347,",",--,PUNCT,punct,14346,kommst
14348,von,von,ADP,mo,14351,errettet
14349,dem,der,PRON,nk,14348,von
14350,ich,ich,PRON,sb,14352,wurde
14351,errettet,erretten,VERB,oc,14352,wurde
14352,wurde,werden,AUX,mo,14354,bist
14353,",",--,PUNCT,punct,14354,bist
14354,bist,sein,AUX,ROOT,14354,bist
14355,du,du,PRON,sb,14354,bist
14356,verloren,verloren,ADV,oc,14354,bist
14357,.,--,PUNCT,punct,14354,bist
14358,Bloß,bloß,ADV,mo,14359,um
14359,um,um,ADP,ROOT,14359,um
14360,deines,dein,DET,nk,14361,Weibes
14361,Weibes,Weibe,NOUN,nk,14359,um
14362,willen,willen,ADP,ac,14359,um
14363,",",--,PUNCT,punct,14359,um
14364,die,der,PRON,cj,14359,um
14365,mir,mir,PRON,da,14367,angehört
14366,mehr,mehr,PRON,mo,14367,angehört
14367,angehört,angehören,VERB,ROOT,14367,angehört
14368,",",--,PUNCT,punct,14367,angehört
14369,als,als,SCONJ,cp,14372,denken
14370,du,du,PRON,sb,14372,denken
14371,wohl,wohl,ADV,mo,14372,denken
14372,denken,denken,VERB,mo,14367,angehört
14373,magst,magst,ADV,sb,14372,denken
14374,",",--,PUNCT,punct,14372,denken
14375,helfe,helfen,VERB,cj,14372,denken
14376,ich,ich,PRON,sb,14375,helfe
14377,dir,dir,PRON,da,14375,helfe
14378,.,--,PUNCT,punct,14367,angehört
14379,Du,du,PRON,sb,14380,bist
14380,bist,sein,AUX,ROOT,14380,bist
14381,ein,ein,DET,pd,14380,bist
14382,mutloser,mutlos,ADJ,nk,14383,Feigling
14383,Feigling,Feigling,NOUN,ROOT,14383,Feigling
14384,.,--,PUNCT,punct,14383,Feigling
14385,Was,was,PRON,oa,14392,gefruchtet
14386,hat,haben,AUX,ROOT,14386,hat
14387,dir,dir,PRON,sb,14386,hat
14388,nun,nun,ADV,mo,14392,gefruchtet
14389,dein,dein,DET,nk,14391,Leugnen
14390,erbärmliches,erbärmlich,ADJ,nk,14391,Leugnen
14391,Leugnen,Leugnen,NOUN,oa,14392,gefruchtet
14392,gefruchtet,fruchten,VERB,oc,14386,hat
14393,?,--,PUNCT,punct,14386,hat
14394,Bloß,bloß,ADV,ROOT,14394,Bloß
14395,",",--,PUNCT,punct,14394,Bloß
14396,daß,daß,SCONJ,cp,14407,zurückkehrtest
14397,du,du,PRON,sb,14407,zurückkehrtest
14398,vom,von,ADP,mo,14407,zurückkehrtest
14399,Vachschen,Vachschen,ADJ,nk,14400,Schloß
14400,Schloß,Schloß,NOUN,nk,14398,vom
14401,nicht,nicht,PART,ng,14404,Zeit
14402,zu,zu,ADP,mo,14407,zurückkehrtest
14403,rechter,recht,ADJ,nk,14404,Zeit
14404,Zeit,Zeit,NOUN,nk,14402,zu
14405,nach,nach,ADP,mo,14402,zu
14406,Hause,Haus,NOUN,nk,14405,nach
14407,zurückkehrtest,zurückkehrtest,ADV,ROOT,14407,zurückkehrtest
14408,und,und,CCONJ,cd,14407,zurückkehrtest
14409,ich,ich,PRON,sb,14416,aufhielt
14410,mich,sich,PRON,oa,14416,aufhielt
14411,zu,zu,PART,mo,14412,lange
14412,lange,lange,ADV,mo,14416,aufhielt
14413,bei,bei,ADP,mo,14416,aufhielt
14414,deinem,dein,DET,nk,14415,Weibe
14415,Weibe,Weibe,NOUN,nk,14413,bei
14416,aufhielt,aufhielt,VERB,sb,14418,ist
14417,",",--,PUNCT,punct,14418,ist
14418,ist,sein,AUX,ROOT,14418,ist
14419,schuld,schuld,ADV,pd,14418,ist
14420,",",--,PUNCT,punct,14419,schuld
14421,daß,daß,SCONJ,cp,14424,auffing
14422,man,man,PRON,sb,14424,auffing
14423,mich,mich,PRON,oa,14424,auffing
14424,auffing,auffing,VERB,oc,14419,schuld
14425,!,--,PUNCT,punct,14418,ist
14426,Da,da,ADV,mo,14435,befreie
14427,!,--,PUNCT,punct,14426,Da
14428,nimm,nimm,ADV,mo,14430,Feile
14429,die,der,DET,nk,14430,Feile
14430,Feile,Feil,NOUN,oc,14426,Da
14431,und,und,CCONJ,cd,14430,Feile
14432,die,der,DET,nk,14433,Säge
14433,Säge,Sag,NOUN,cj,14431,und
14434,",",--,PUNCT,punct,14435,befreie
14435,befreie,befreien,VERB,ROOT,14435,befreie
14436,dich,dich,PRON,oa,14435,befreie
14437,in,in,ADP,mo,14435,befreie
14438,künftiger,künftig,ADJ,nk,14439,Nacht
14439,Nacht,Nacht,NOUN,nk,14437,in
14440,von,von,ADP,op,14435,befreie
14441,den,der,DET,nk,14442,Ketten
14442,Ketten,Kette,NOUN,nk,14440,von
14443,und,und,CCONJ,ju,14444,durchsage
14444,durchsage,Durchsage,NOUN,ROOT,14444,durchsage
14445,das,der,DET,nk,14446,Schloß
14446,Schloß,Schloß,NOUN,oa,14444,durchsage
14447,der,der,DET,nk,14448,Kerkertüre
14448,Kerkertüre,Kerkertüre,NOUN,ag,14446,Schloß
14449,;,--,PUNCT,punct,14444,durchsage
14450,schleiche,schleiche,VERB,ROOT,14450,schleiche
14451,durch,durch,ADP,mo,14450,schleiche
14452,den,der,DET,nk,14453,Gang
14453,Gang,Gang,NOUN,nk,14451,durch
14454,!,--,PUNCT,punct,14450,schleiche
14455,Die,der,DET,nk,14456,äußere
14456,äußere,äußerer,ADJ,ROOT,14456,äußere
14457,Tür,Tür,NOUN,sb,14460,wird
14458,linker,linker,ADJ,nk,14459,Hand
14459,Hand,Hand,NOUN,ag,14457,Tür
14460,wird,werden,AUX,ROOT,14460,wird
14461,offen,offen,ADV,mo,14462,stehn
14462,stehn,stehn,NUM,oc,14460,wird
14463,",",--,PUNCT,punct,14460,wird
14464,und,und,CCONJ,cd,14460,wird
14465,draußen,draußen,ADV,mo,14471,finden
14466,wirst,wirst,AUX,cj,14464,und
14467,du,du,PRON,sb,14466,wirst
14468,einen,einer,PRON,oa,14471,finden
14469,von,von,ADP,mo,14471,finden
14470,uns,uns,PRON,nk,14469,von
14471,finden,finden,VERB,oc,14466,wirst
14472,",",--,PUNCT,punct,14466,wirst
14473,der,der,DET,sb,14476,geleitet
14474,dich,dich,PRON,mo,14476,geleitet
14475,weiter,weiter,ADV,mo,14476,geleitet
14476,geleitet,leiten,VERB,ROOT,14476,geleitet
14477,.,--,PUNCT,punct,14476,geleitet
14478,Halte,Halte,VERB,ROOT,14478,Halte
14479,dich,dich,PRON,oa,14478,Halte
14480,gut,gut,ADV,mo,14478,Halte
14481,!,--,PUNCT,punct,14478,Halte
14482,«,--,PUNCT,dep,14478,Halte
14483,Andres,Andres,NOUN,sb,14484,nahm
14484,nahm,nehmen,VERB,ROOT,14484,nahm
14485,die,der,DET,nk,14486,Säge
14486,Säge,Sag,NOUN,oa,14484,nahm
14487,und,und,CCONJ,cd,14486,Säge
14488,die,der,DET,nk,14489,Feile
14489,Feile,Feil,NOUN,cj,14487,und
14490,",",--,PUNCT,punct,14484,nahm
14491,die,der,DET,sb,14494,hineinreichte
14492,ihm,ihm,PRON,da,14494,hineinreichte
14493,Denner,Denner,NOUN,oa,14494,hineinreichte
14494,hineinreichte,hineinreichen,VERB,ROOT,14494,hineinreichte
14495,und,und,CCONJ,cd,14494,hineinreichte
14496,hob,heben,VERB,cj,14495,und
14497,dann,dann,ADV,mo,14496,hob
14498,den,der,DET,nk,14499,Stein
14499,Stein,Stein,NOUN,oa,14496,hob
14500,wieder,wieder,ADV,mo,14496,hob
14501,in,in,ADP,mo,14496,hob
14502,die,der,DET,nk,14503,Öffnung
14503,Öffnung,Öffnung,NOUN,nk,14501,in
14504,.,--,PUNCT,punct,14494,hineinreichte
14505,Er,er,PRON,ROOT,14505,Er
14506,war,sein,AUX,ROOT,14506,war
14507,entschlossen,entschließen,VERB,pd,14506,war
14508,",",--,PUNCT,punct,14507,entschlossen
14509,das,der,PRON,oa,14511,tun
14510,zu,zu,PART,pm,14511,tun
14511,tun,tun,VERB,oc,14507,entschlossen
14512,",",--,PUNCT,punct,14511,tun
14513,wozu,wozu,SCONJ,op,14517,Stimme
14514,ihn,ihn,PRON,nk,14513,wozu
14515,die,der,DET,nk,14517,Stimme
14516,innere,innerer,ADJ,nk,14517,Stimme
14517,Stimme,Stimme,NOUN,dep,14506,war
14518,des,der,DET,nk,14519,Gewissens
14519,Gewissens,Gewissen,NOUN,ag,14517,Stimme
14520,aufforderte,auffordern,VERB,ROOT,14520,aufforderte
14521,.,--,PUNCT,punct,14520,aufforderte
14522,-,--,PUNCT,punct,14533,sagte
14523,Als,als,SCONJ,cp,14526,geworden
14524,es,es,PRON,sb,14526,geworden
14525,Tag,Tag,NOUN,pd,14526,geworden
14526,geworden,werden,AUX,mo,14533,sagte
14527,und,und,CCONJ,cd,14526,geworden
14528,der,der,DET,nk,14529,Gefangenwärter
14529,Gefangenwärter,Gefangenwärter,NOUN,sb,14530,hineintrat
14530,hineintrat,hineintrat,VERB,cj,14527,und
14531,",",--,PUNCT,punct,14532,da
14532,da,da,ADV,mo,14533,sagte
14533,sagte,sagen,VERB,ROOT,14533,sagte
14534,er,er,PRON,ROOT,14534,er
14535,",",--,PUNCT,punct,14534,er
14536,wie,wie,SCONJ,mo,14543,geführt
14537,er,er,PRON,sb,14545,werden
14538,sehnlich,sehnlich,ADV,mo,14539,wünsche
14539,wünsche,wünschen,VERB,mo,14543,geführt
14540,vor,vor,ADP,mo,14543,geführt
14541,den,der,DET,nk,14542,Richter
14542,Richter,Richter,NOUN,nk,14540,vor
14543,geführt,führen,VERB,oc,14545,werden
14544,zu,zu,PART,pm,14545,werden
14545,werden,werden,AUX,mnr,14534,er
14546,",",--,PUNCT,punct,14545,werden
14547,indem,indem,SCONJ,cp,14548,er
14548,er,er,PRON,ROOT,14548,er
14549,Wichtiges,Wichtig,NOUN,oa,14551,entdecken
14550,zu,zu,PART,pm,14551,entdecken
14551,entdecken,entdecken,VERB,oc,14552,habe
14552,habe,haben,AUX,ROOT,14552,habe
14553,.,--,PUNCT,punct,14552,habe
14554,Noch,noch,ADV,mo,14555,an
14555,an,an,ADP,mo,14558,wurde
14556,demselben,derselbe,DET,nk,14557,Vormittage
14557,Vormittage,Vormittage,NOUN,nk,14555,an
14558,wurde,werden,AUX,ROOT,14558,wurde
14559,sein,sein,DET,nk,14560,Verlangen
14560,Verlangen,verlangen,NOUN,sb,14558,wurde
14561,erfüllt,erfüllen,VERB,ROOT,14561,erfüllt
14562,",",--,PUNCT,punct,14561,erfüllt
14563,weil,weil,SCONJ,cp,14567,glaubte
14564,man,man,PRON,sb,14567,glaubte
14565,nicht,nicht,PART,ng,14567,glaubte
14566,anders,anders,ADV,mo,14567,glaubte
14567,glaubte,glauben,VERB,mo,14561,erfüllt
14568,",",--,PUNCT,punct,14567,glaubte
14569,als,als,SCONJ,cm,14572,neue
14570,daß,daß,SCONJ,cp,14572,neue
14571,Andres,Andres,NOUN,nk,14570,daß
14572,neue,neu,ADJ,cc,14566,anders
14573,",",--,PUNCT,punct,14572,neue
14574,bisher,bisher,ADV,cj,14572,neue
14575,noch,noch,ADV,mo,14561,erfüllt
14576,unbekannt,unbekannt,ADV,mo,14577,gebliebene
14577,gebliebene,geblieben,ADJ,nk,14579,Freveltaten
14578,",",--,PUNCT,punct,14577,gebliebene
14579,Freveltaten,Freveltat,NOUN,sb,14583,werde
14580,der,der,DET,nk,14581,Bande
14581,Bande,Bande,NOUN,ag,14579,Freveltaten
14582,gestehen,gestehen,VERB,oc,14583,werde
14583,werde,werden,AUX,ROOT,14583,werde
14584,.,--,PUNCT,punct,14583,werde
14585,Andres,Andres,PROPN,sb,14586,überreichte
14586,überreichte,überreichen,VERB,ROOT,14586,überreichte
14587,den,der,DET,nk,14588,Richtern
14588,Richtern,Richter,NOUN,ROOT,14588,Richtern
14589,die,der,DET,nk,14593,Instrumente
14590,von,von,ADP,sbp,14592,erhaltenen
14591,Dennern,Denner,NOUN,nk,14590,von
14592,erhaltenen,erhalten,ADJ,nk,14593,Instrumente
14593,Instrumente,Instrument,NOUN,ag,14588,Richtern
14594,",",--,PUNCT,punct,14588,Richtern
14595,und,und,CCONJ,cd,14588,Richtern
14596,erzählte,erzählen,VERB,cj,14595,und
14597,den,der,DET,nk,14598,Vorgang
14598,Vorgang,Vorgang,NOUN,oa,14596,erzählte
14599,der,der,DET,nk,14600,Nacht
14600,Nacht,Nacht,NOUN,ROOT,14600,Nacht
14601,.,--,PUNCT,punct,14600,Nacht
14602,»,--,PUNCT,punct,14603,Unerachtet
14603,Unerachtet,Unerachtet,VERB,re,14611,so
14604,ich,ich,PRON,sb,14603,Unerachtet
14605,gewiß,gewiß,ADV,mo,14603,Unerachtet
14606,und,und,CCONJ,cd,14605,gewiß
14607,wahrhaftig,wahrhaftig,ADV,cj,14606,und
14608,unschuldig,unschuldig,ADV,mo,14609,leide
14609,leide,Leide,PROPN,re,14603,Unerachtet
14610,",",--,PUNCT,punct,14611,so
14611,so,so,ADV,mo,14612,soll
14612,soll,sollen,AUX,ROOT,14612,soll
14613,mich,mich,PRON,oa,14612,soll
14614,doch,doch,CCONJ,ju,14616,behüten
14615,Gott,Gott,NOUN,oa,14616,behüten
14616,behüten,behün,VERB,ROOT,14616,behüten
14617,",",--,PUNCT,punct,14616,behüten
14618,daß,daß,SCONJ,cp,14622,sollte
14619,ich,ich,PRON,sb,14622,sollte
14620,darnach,darnach,ADV,mo,14621,trachten
14621,trachten,trachten,VERB,oc,14622,sollte
14622,sollte,sollen,AUX,oc,14616,behüten
14623,",",--,PUNCT,punct,14622,sollte
14624,meine,mein,DET,nk,14625,Freiheit
14625,Freiheit,Freiheit,NOUN,oa,14616,behüten
14626,auf,auf,ADP,svp,14616,behüten
14627,unerlaubte,unerlaubt,ADJ,nk,14628,Weise
14628,Weise,Weise,NOUN,oa,14630,erlangen
14629,zu,zu,PART,pm,14630,erlangen
14630,erlangen,erlangen,VERB,ROOT,14630,erlangen
14631,;,--,PUNCT,punct,14630,erlangen
14632,denn,denn,CCONJ,ju,14634,würde
14633,das,der,PRON,sb,14634,würde
14634,würde,werden,AUX,ROOT,14634,würde
14635,mich,mich,PRON,oa,14634,würde
14636,ja,ja,ADV,mo,14634,würde
14637,dem,der,DET,nk,14639,Denner
14638,verruchten,verrucht,ADJ,nk,14639,Denner
14639,Denner,Denner,NOUN,og,14634,würde
14640,",",--,PUNCT,punct,14639,Denner
14641,der,der,PRON,dep,14639,Denner
14642,mich,sich,PRON,oa,14647,gestürzt
14643,in,in,ADP,mo,14647,gestürzt
14644,Schande,Schand,NOUN,nk,14643,in
14645,und,und,CCONJ,cd,14644,Schande
14646,Tod,Tod,NOUN,cj,14645,und
14647,gestürzt,stürzen,VERB,oc,14648,hat
14648,hat,haben,AUX,ROOT,14648,hat
14649,",",--,PUNCT,punct,14648,hat
14650,in,in,ADP,mo,14653,liefern
14651,die,der,DET,nk,14652,Hände
14652,Hände,Hand,NOUN,nk,14650,in
14653,liefern,liefern,VERB,oc,14647,gestürzt
14654,und,und,CCONJ,cd,14653,liefern
14655,ich,ich,PRON,cj,14654,und
14656,dann,dann,ADV,mo,14653,liefern
14657,erst,erst,ADV,mo,14647,gestürzt
14658,durch,durch,ADP,mo,14665,verdienen
14659,mein,mein,DET,nk,14662,Unternehmen
14660,sündliches,sündlich,ADJ,nk,14662,Unternehmen
14661,freveliches,frevelich,ADJ,nk,14662,Unternehmen
14662,Unternehmen,Unternehmen,NOUN,nk,14658,durch
14663,die,der,DET,nk,14664,Strafe
14664,Strafe,Strafe,NOUN,oa,14665,verdienen
14665,verdienen,verdienen,VERB,ROOT,14665,verdienen
14666,",",--,PUNCT,punct,14665,verdienen
14667,die,der,PRON,app,14664,Strafe
14668,ich,ich,PRON,sb,14667,die
14669,jetzt,jetzt,ADV,mo,14671,leiden
14670,unschuldig,unschuldig,ADV,mo,14671,leiden
14671,leiden,leiden,VERB,oc,14672,werde
14672,werde,werden,AUX,ROOT,14672,werde
14673,.,--,PUNCT,punct,14672,werde
14674,«,--,PUNCT,punct,14671,leiden
14675,So,so,ADV,mo,14676,beschloß
14676,beschloß,beschließen,VERB,ROOT,14676,beschloß
14677,Andres,Andres,NOUN,sb,14676,beschloß
14678,seinen,sein,DET,nk,14679,Vortrag
14679,Vortrag,Vortrag,NOUN,oa,14676,beschloß
14680,.,--,PUNCT,punct,14676,beschloß
14681,Die,der,DET,nk,14682,Richter
14682,Richter,Richter,NOUN,ROOT,14682,Richter
14683,schienen,scheinen,VERB,ROOT,14683,schienen
14684,erstaunt,erstaunt,ADV,mo,14683,schienen
14685,und,und,CCONJ,cd,14684,erstaunt
14686,von,von,ADP,mo,14691,durchdrungen
14687,Mitleid,Mitleid,NOUN,nk,14686,von
14688,für,für,ADP,mnr,14687,Mitleid
14689,den,der,DET,nk,14690,Unglücklichen
14690,Unglücklichen,Unglückliche,NOUN,nk,14688,für
14691,durchdrungen,durchdrungen,VERB,cj,14685,und
14692,",",--,PUNCT,punct,14683,schienen
14693,wiewohl,wiewohl,SCONJ,mo,14683,schienen
14694,sie,sie,PRON,ROOT,14694,sie
14695,durch,durch,ADP,mnr,14694,sie
14696,die,der,DET,nk,14698,Tatsachen
14697,mannigfachen,mannigfach,ADJ,nk,14698,Tatsachen
14698,Tatsachen,Tatsache,NOUN,nk,14695,durch
14699,",",--,PUNCT,punct,14698,Tatsachen
14700,die,der,PRON,sb,14703,sprachen
14701,wider,wider,ADP,mo,14703,sprachen
14702,ihn,ihn,PRON,nk,14701,wider
14703,sprachen,sprechen,VERB,rc,14698,Tatsachen
14704,",",--,PUNCT,punct,14706,sehr
14705,zu,zu,PART,mo,14706,sehr
14706,sehr,sehr,ADV,mo,14694,sie
14707,von,von,ADP,pg,14706,sehr
14708,seiner,sein,DET,nk,14709,Schuld
14709,Schuld,Schuld,NOUN,da,14710,überzeugt
14710,überzeugt,überzeugen,VERB,pd,14711,waren
14711,waren,sein,AUX,ROOT,14711,waren
14712,",",--,PUNCT,punct,14711,waren
14713,um,um,SCONJ,mo,14710,überzeugt
14714,sein,sein,DET,nk,14716,Benehmen
14715,jetziges,jetzig,ADJ,nk,14716,Benehmen
14716,Benehmen,benehmen,NOUN,dep,14711,waren
14717,nicht,nicht,PART,ng,14716,Benehmen
14718,auch,auch,ADV,mo,14719,für
14719,für,für,ADP,mnr,14716,Benehmen
14720,zweifelhaft,zweifelhaft,ADV,mo,14722,halten
14721,zu,zu,PART,pm,14722,halten
14722,halten,halten,VERB,ROOT,14722,halten
14723,.,--,PUNCT,punct,14722,halten
14724,Die,der,DET,nk,14725,Aufrichtigkeit
14725,Aufrichtigkeit,Aufrichtigkeit,NOUN,ROOT,14725,Aufrichtigkeit
14726,des,der,DET,nk,14727,Andres
14727,Andres,Andr,NOUN,ag,14725,Aufrichtigkeit
14728,und,und,CCONJ,cd,14725,Aufrichtigkeit
14729,vorzüglich,vorzüglich,ADV,cj,14728,und
14730,der,der,DET,ROOT,14730,der
14731,Umstand,Umstand,NOUN,ROOT,14731,Umstand
14732,",",--,PUNCT,punct,14731,Umstand
14733,daß,daß,SCONJ,cp,14734,nach
14734,nach,nach,ADP,re,14731,Umstand
14735,jener,jener,DET,nk,14736,Anzeige
14736,Anzeige,Anzeige,NOUN,nk,14734,nach
14737,der,der,DET,nk,14741,Flucht
14738,von,von,ADP,sbp,14740,beabsichtigten
14739,Denner,Denner,ADJ,nk,14738,von
14740,beabsichtigten,beabsichtigt,ADJ,nk,14741,Flucht
14741,Flucht,Flucht,NOUN,ag,14736,Anzeige
14742,",",--,PUNCT,punct,14741,Flucht
14743,in,in,ADP,mo,14734,nach
14744,der,der,PRON,nk,14743,in
14745,Stadt,Stadt,NOUN,ROOT,14745,Stadt
14746,und,und,CCONJ,cd,14745,Stadt
14747,zwar,zwar,ADV,mo,14748,in
14748,in,in,ADP,cj,14746,und
14749,der,der,DET,nk,14751,Umgebung
14750,nächsten,nächster,ADJ,nk,14751,Umgebung
14751,Umgebung,Umgebung,NOUN,nk,14748,in
14752,des,der,DET,nk,14753,Gefängnisses
14753,Gefängnisses,Gefängnis,NOUN,ag,14751,Umgebung
14754,wirklich,wirklich,ADV,mnr,14745,Stadt
14755,noch,noch,ADV,mo,14756,einige
14756,einige,einiger,PRON,pd,14745,Stadt
14757,von,von,ADP,sbp,14760,ertappt
14758,der,der,DET,nk,14759,Bande
14759,Bande,Bande,NOUN,nk,14757,von
14760,ertappt,ertappen,VERB,oc,14763,wurden
14761,und,und,CCONJ,cd,14760,ertappt
14762,aufgegriffen,aufgreifen,VERB,cj,14761,und
14763,wurden,werden,AUX,sb,14765,hatte
14764,",",--,PUNCT,punct,14765,hatte
14765,hatte,haben,AUX,ROOT,14765,hatte
14766,jedoch,jedoch,ADV,mo,14765,hatte
14767,den,der,DET,nk,14768,wohltätigen
14768,wohltätigen,wohltätiger,ADJ,oa,14765,hatte
14769,Einfluß,Einfluß,NOUN,ROOT,14769,Einfluß
14770,auf,auf,ADP,mnr,14769,Einfluß
14771,ihn,ihn,PRON,nk,14770,auf
14772,",",--,PUNCT,punct,14769,Einfluß
14773,daß,daß,SCONJ,cp,14783,gesperrt
14774,er,er,PRON,sb,14783,gesperrt
14775,aus,aus,ADP,mo,14783,gesperrt
14776,dem,der,DET,nk,14778,Kerker
14777,unterirdischen,unterirdisch,ADJ,nk,14778,Kerker
14778,Kerker,Kerker,NOUN,nk,14775,aus
14779,",",--,PUNCT,punct,14778,Kerker
14780,in,in,ADP,mo,14783,gesperrt
14781,den,der,PRON,nk,14780,in
14782,er,er,PRON,sb,14783,gesperrt
14783,gesperrt,sperren,VERB,oc,14769,Einfluß
14784,gewesen,sein,AUX,oc,14787,wurde
14785,",",--,PUNCT,punct,14787,wurde
14786,herausgenommen,herausnehmen,VERB,oc,14787,wurde
14787,wurde,werden,AUX,ROOT,14787,wurde
14788,",",--,PUNCT,punct,14787,wurde
14789,und,und,CCONJ,cd,14787,wurde
14790,eine,ein,DET,nk,14792,Gefängnisstube
14791,lichte,licht,ADJ,nk,14792,Gefängnisstube
14792,Gefängnisstube,Gefängnisstube,NOUN,cj,14789,und
14793,neben,neben,ADP,mnr,14792,Gefängnisstube
14794,der,der,DET,nk,14795,Wohnung
14795,Wohnung,Wohnung,NOUN,nk,14793,neben
14796,des,der,DET,nk,14797,Gefangenwärters
14797,Gefangenwärters,Gefangenwärter,NOUN,og,14798,erhielt
14798,erhielt,erhalten,VERB,ROOT,14798,erhielt
14799,.,--,PUNCT,punct,14798,erhielt
14800,Da,da,ADV,mo,14801,brachte
14801,brachte,bringen,VERB,ROOT,14801,brachte
14802,er,er,PRON,sb,14801,brachte
14803,seine,sein,DET,nk,14804,Zeit
14804,Zeit,Zeit,NOUN,oa,14801,brachte
14805,mit,mit,ADP,mo,14801,brachte
14806,Gedanken,Gedanke,NOUN,nk,14805,mit
14807,an,an,ADP,mnr,14806,Gedanken
14808,sein,sein,AUX,oa,14801,brachte
14809,treues,treu,ADJ,nk,14810,Weib
14810,Weib,Weib,NOUN,ROOT,14810,Weib
14811,",",--,PUNCT,punct,14810,Weib
14812,an,an,ADP,par,14810,Weib
14813,seinen,sein,DET,nk,14814,Knaben
14814,Knaben,Knabe,NOUN,nk,14812,an
14815,",",--,PUNCT,punct,14810,Weib
14816,und,und,CCONJ,cd,14810,Weib
14817,mit,mit,ADP,cj,14816,und
14818,gottseligen,gottselig,ADJ,nk,14819,Betrachtungen
14819,Betrachtungen,Betrachtung,NOUN,nk,14817,mit
14820,hin,hin,ADV,mo,14817,mit
14821,",",--,PUNCT,punct,14810,Weib
14822,und,und,CCONJ,cd,14810,Weib
14823,bald,bald,ADV,cj,14822,und
14824,fühlte,fühlen,VERB,ROOT,14824,fühlte
14825,er,er,PRON,sb,14824,fühlte
14826,sich,sich,PRON,oa,14827,ermutigt
14827,ermutigt,ermutigen,VERB,oc,14824,fühlte
14828,",",--,PUNCT,punct,14827,ermutigt
14829,das,der,DET,nk,14830,Leben
14830,Leben,Leben,NOUN,oa,14824,fühlte
14831,auch,auch,ADV,mo,14832,auf
14832,auf,auf,ADP,mnr,14830,Leben
14833,schmerzliche,schmerzlich,ADJ,nk,14834,Weise
14834,Weise,Weise,NOUN,nk,14832,auf
14835,",",--,PUNCT,punct,14824,fühlte
14836,wie,wie,ADP,cm,14838,Bürde
14837,eine,ein,DET,nk,14838,Bürde
14838,Bürde,Bürde,NOUN,mo,14824,fühlte
14839,",",--,PUNCT,punct,14824,fühlte
14840,abzuwerfen,abwerfen,VERB,ROOT,14840,abzuwerfen
14841,.,--,PUNCT,punct,14840,abzuwerfen
14842,Nicht,nicht,PART,ng,14843,genug
14843,genug,genug,ADV,mo,14844,konnte
14844,konnte,können,AUX,ROOT,14844,konnte
14845,sich,sich,PRON,oa,14844,konnte
14846,der,der,DET,nk,14847,Gefangenwärter
14847,Gefangenwärter,Gefangenwärter,NOUN,sb,14844,konnte
14848,über,über,ADP,mo,14844,konnte
14849,den,der,DET,nk,14850,frommen
14850,frommen,Fromme,NOUN,nk,14848,über
14851,Verbrecher,verbrecher,ADV,mo,14852,wundern
14852,wundern,wundern,VERB,ROOT,14852,wundern
14853,und,und,CCONJ,cd,14852,wundern
14854,er,er,PRON,sb,14855,mußte
14855,mußte,müssen,AUX,cj,14853,und
14856,notgedrungen,notgedrungen,ADV,mo,14855,mußte
14857,beinahe,beinahe,ADV,mo,14858,an
14858,an,an,ADP,op,14861,glauben
14859,seine,sein,DET,nk,14860,Unschuld
14860,Unschuld,Unschuld,NOUN,nk,14858,an
14861,glauben,glauben,VERB,oc,14855,mußte
14862,.,--,PUNCT,punct,14852,wundern
14863,Endlich,endlich,ADV,mo,14872,war
14864,",",--,PUNCT,punct,14863,Endlich
14865,nachdem,nachdem,SCONJ,cp,14870,verflossen
14866,beinahe,beinahe,ADV,mo,14870,verflossen
14867,noch,noch,ADV,mo,14869,Jahr
14868,ein,ein,DET,nk,14869,Jahr
14869,Jahr,Jahr,NOUN,oa,14870,verflossen
14870,verflossen,verflessen,VERB,mo,14863,Endlich
14871,",",--,PUNCT,punct,14872,war
14872,war,sein,AUX,ROOT,14872,war
14873,der,der,DET,nk,14874,schwierige
14874,schwierige,schwierig,ADJ,pd,14872,war
14875,verwickelte,verwickelt,ADJ,ROOT,14875,verwickelte
14876,Prozeß,Prozeß,NOUN,sb,14875,verwickelte
14877,wider,wider,ADP,mnr,14876,Prozeß
14878,Denner,Denner,NOUN,nk,14877,wider
14879,und,und,CCONJ,cd,14876,Prozeß
14880,seine,sein,DET,nk,14881,Mitschuldigen
14881,Mitschuldigen,Mitschuldig,NOUN,cj,14879,und
14882,geschlossen,schließen,VERB,mo,14875,verwickelte
14883,.,--,PUNCT,punct,14875,verwickelte
14884,Es,es,PRON,ep,14885,hatte
14885,hatte,haben,AUX,ROOT,14885,hatte
14886,sich,sich,PRON,oa,14887,gefunden
14887,gefunden,finden,VERB,ROOT,14887,gefunden
14888,",",--,PUNCT,punct,14887,gefunden
14889,daß,daß,SCONJ,cp,14899,war
14890,die,der,DET,nk,14891,Bande
14891,Bande,Bande,NOUN,sb,14899,war
14892,bis,bis,ADP,ac,14893,an
14893,an,an,ADP,mo,14898,ausgebreitet
14894,die,der,DET,nk,14895,Grenze
14895,Grenze,Grenze,NOUN,nk,14893,an
14896,von,von,ADP,pg,14895,Grenze
14897,Italien,Italien,PROPN,nk,14896,von
14898,ausgebreitet,ausbreiten,VERB,oc,14899,war
14899,war,sein,AUX,oc,14887,gefunden
14900,und,und,CCONJ,cd,14899,war
14901,schon,schon,ADV,mo,14902,seit
14902,seit,seit,ADP,mo,14906,raubte
14903,geraumer,geraum,ADJ,nk,14904,Zeit
14904,Zeit,Zeit,NOUN,nk,14902,seit
14905,überall,überall,ADV,mo,14906,raubte
14906,raubte,rauben,VERB,ROOT,14906,raubte
14907,und,und,CCONJ,cd,14906,raubte
14908,mordete,morden,VERB,cj,14907,und
14909,.,--,PUNCT,punct,14906,raubte
14910,Denner,Denner,PROPN,sb,14911,sollte
14911,sollte,sollen,AUX,ROOT,14911,sollte
14912,gehängt,hängen,VERB,oc,14911,sollte
14913,",",--,PUNCT,punct,14911,sollte
14914,und,und,CCONJ,cd,14911,sollte
14915,dann,dann,ADV,mo,14918,verbrannt
14916,sein,sein,DET,nk,14917,Körper
14917,Körper,Körper,NOUN,sb,14919,werden
14918,verbrannt,verbrennen,VERB,oc,14919,werden
14919,werden,werden,AUX,ROOT,14919,werden
14920,.,--,PUNCT,punct,14919,werden
14921,Auch,auch,ADV,mo,14924,Andres
14922,dem,der,DET,nk,14924,Andres
14923,unglücklichen,unglücklich,ADJ,nk,14924,Andres
14924,Andres,Andr,NOUN,da,14925,war
14925,war,sein,AUX,ROOT,14925,war
14926,der,der,DET,nk,14927,Strang
14927,Strang,Strang,NOUN,sb,14925,war
14928,zuerkannt,zuerkennen,VERB,ROOT,14928,zuerkannt
14929,;,--,PUNCT,punct,14928,zuerkannt
14930,seiner,sein,DET,nk,14931,Reue
14931,Reue,Reue,NOUN,ROOT,14931,Reue
14932,halber,halber,ADV,svp,14931,Reue
14933,",",--,PUNCT,punct,14931,Reue
14934,und,und,CCONJ,cd,14931,Reue
14935,da,da,SCONJ,cj,14934,und
14936,er,er,PRON,cj,14934,und
14937,durch,durch,ADP,mnr,14936,er
14938,das,der,DET,nk,14939,Bekenntnis
14939,Bekenntnis,Bekenntnis,NOUN,nk,14937,durch
14940,der,der,DET,nk,14941,ihm
14941,ihm,ihm,PRON,ag,14939,Bekenntnis
14942,von,von,ADP,pg,14937,durch
14943,Denner,Denner,NOUN,sb,14944,geratenen
14944,geratenen,geraten,ADJ,nk,14945,Flucht
14945,Flucht,Flucht,NOUN,ROOT,14945,Flucht
14946,die,der,DET,nk,14947,Entdeckung
14947,Entdeckung,Entdeckung,NOUN,ROOT,14947,Entdeckung
14948,des,der,DET,nk,14949,Anschlags
14949,Anschlags,Anschlag,NOUN,ag,14947,Entdeckung
14950,der,der,DET,nk,14951,Bande
14951,Bande,Bande,NOUN,ag,14949,Anschlags
14952,",",--,PUNCT,punct,14947,Entdeckung
14953,durchzubrechen,durchzubrech,VERB,par,14947,Entdeckung
14954,",",--,PUNCT,punct,14947,Entdeckung
14955,veranlaßt,veranlassen,VERB,oc,14956,hatte
14956,hatte,haben,AUX,mo,14958,durfte
14957,",",--,PUNCT,punct,14958,durfte
14958,durfte,dürfen,AUX,ROOT,14958,durfte
14959,jedoch,jedoch,ADV,mo,14958,durfte
14960,sein,sein,DET,nk,14961,Körper
14961,Körper,Körper,NOUN,sb,14958,durfte
14962,herabgenommen,herabgenommen,VERB,oc,14958,durfte
14963,",",--,PUNCT,punct,14958,durfte
14964,und,und,CCONJ,cd,14958,durfte
14965,auf,auf,ADP,cj,14964,und
14966,der,der,DET,nk,14965,auf
14967,Gerichtsstätte,Gerichtsstätte,NOUN,sb,14969,werden
14968,verscharrt,verscharren,VERB,oc,14969,werden
14969,werden,werden,AUX,ROOT,14969,werden
14970,.,--,PUNCT,punct,14969,werden
14971,Der,der,DET,nk,14972,Morgen
14972,Morgen,Morgen,NOUN,sb,14983,war
14973,",",--,PUNCT,punct,14972,Morgen
14974,an,an,ADP,mo,14980,werden
14975,dem,der,PRON,nk,14974,an
14976,Denner,Denner,ADJ,sb,14981,sollten
14977,und,und,CCONJ,cd,14976,Denner
14978,Andres,Andr,NOUN,cj,14977,und
14979,hingerichtet,hinrichten,VERB,oc,14980,werden
14980,werden,werden,AUX,oc,14981,sollten
14981,sollten,sollen,AUX,rc,14972,Morgen
14982,",",--,PUNCT,punct,14983,war
14983,war,sein,AUX,ROOT,14983,war
14984,angebrochen,anbrechen,VERB,ROOT,14984,angebrochen
14985,;,--,PUNCT,punct,14984,angebrochen
14986,da,da,ADV,mo,14987,ging
14987,ging,gehen,VERB,ROOT,14987,ging
14988,die,der,DET,nk,14989,Tür
14989,Tür,Tür,NOUN,sb,14987,ging
14990,des,der,DET,nk,14991,Gefängnisses
14991,Gefängnisses,Gefängnis,NOUN,ag,14989,Tür
14992,auf,auf,ADP,svp,14987,ging
14993,",",--,PUNCT,punct,14987,ging
14994,und,und,CCONJ,cd,14987,ging
14995,der,der,DET,nk,14997,Graf
14996,junge,jung,ADJ,nk,14997,Graf
14997,Graf,Graf,NOUN,cj,14994,und
14998,von,von,ADP,pg,14997,Graf
14999,Vach,Vach,PROPN,nk,14998,von
15000,trat,treten,VERB,ROOT,15000,trat
15001,hinein,hinein,ADV,mo,15000,trat
15002,zum,zu,ADP,mo,15000,trat
15003,Andres,Andr,NOUN,nk,15002,zum
15004,",",--,PUNCT,punct,15003,Andres
15005,der,der,PRON,sb,15009,lag
15006,auf,auf,ADP,mo,15009,lag
15007,den,der,DET,nk,15008,Knien
15008,Knien,Knie,NOUN,nk,15006,auf
15009,lag,liegen,VERB,rc,15003,Andres
15010,und,und,CCONJ,cd,15009,lag
15011,still,still,ADV,mo,15012,betete
15012,betete,beten,VERB,cj,15010,und
15013,.,--,PUNCT,punct,15000,trat
15014,»,--,PUNCT,punct,15015,Andres
15015,Andres,Andres,NOUN,ROOT,15015,Andres
15016,«,--,PUNCT,punct,15015,Andres
15017,",",--,PUNCT,punct,15015,Andres
15018,sprach,sprechen,VERB,ROOT,15018,sprach
15019,der,der,DET,nk,15020,Graf
15020,Graf,Graf,NOUN,sb,15018,sprach
15021,",",--,PUNCT,punct,15018,sprach
15022,»,--,PUNCT,punct,15025,sterben
15023,du,du,PRON,sb,15025,sterben
15024,mußt,mußt,ADV,mo,15025,sterben
15025,sterben,sterben,VERB,oc,15018,sprach
15026,.,--,PUNCT,punct,15018,sprach
15027,Erleichtere,Erleichtere,VERB,ROOT,15027,Erleichtere
15028,dein,dein,DET,nk,15029,Gewissen
15029,Gewissen,Gewissen,NOUN,sb,15027,Erleichtere
15030,noch,noch,ADV,mo,15027,Erleichtere
15031,durch,durch,ADP,mo,15027,Erleichtere
15032,ein,ein,DET,nk,15031,durch
15033,offnes,offn,ADJ,nk,15034,Geständnis
15034,Geständnis,Geständnis,NOUN,ROOT,15034,Geständnis
15035,!,--,PUNCT,punct,15034,Geständnis
15036,Sage,Sage,VERB,mo,15043,getötet
15037,mir,mir,PRON,nk,15036,Sage
15038,",",--,PUNCT,punct,15039,hast
15039,hast,haben,AUX,ROOT,15039,hast
15040,du,du,PRON,sb,15039,hast
15041,deinen,dein,DET,nk,15042,Herrn
15042,Herrn,Herr,NOUN,oa,15043,getötet
15043,getötet,töten,VERB,oc,15039,hast
15044,?,--,PUNCT,punct,15039,hast
15045,Bist,Bist,AUX,ROOT,15045,Bist
15046,du,du,PRON,sb,15045,Bist
15047,wirklich,wirklich,ADV,mo,15045,Bist
15048,der,der,DET,pd,15045,Bist
15049,Mörder,Mörder,NOUN,ROOT,15049,Mörder
15050,meines,mein,DET,nk,15051,Oheims
15051,Oheims,Oheim,NOUN,ag,15049,Mörder
15052,?,--,PUNCT,punct,15049,Mörder
15053,«,--,PUNCT,punct,15049,Mörder
15054,-,--,PUNCT,punct,15056,stürzten
15055,Da,da,ADV,mo,15056,stürzten
15056,stürzten,stürzen,VERB,ROOT,15056,stürzten
15057,dem,der,DET,nk,15058,Andres
15058,Andres,Andr,NOUN,da,15056,stürzten
15059,die,der,DET,nk,15060,Tränen
15060,Tränen,Träne,NOUN,oa,15056,stürzten
15061,aus,aus,ADP,mo,15056,stürzten
15062,den,der,DET,nk,15063,Augen
15063,Augen,Auge,NOUN,nk,15061,aus
15064,",",--,PUNCT,punct,15056,stürzten
15065,und,und,CCONJ,cd,15056,stürzten
15066,er,er,PRON,sb,15067,wiederholte
15067,wiederholte,wiederholen,VERB,ROOT,15067,wiederholte
15068,nochmals,nochmals,ADV,mo,15067,wiederholte
15069,alles,alle,PRON,oa,15067,wiederholte
15070,",",--,PUNCT,punct,15069,alles
15071,was,wer,PRON,oa,15075,ausgesagt
15072,er,er,PRON,sb,15075,ausgesagt
15073,vor,vor,ADP,mo,15075,ausgesagt
15074,Gericht,Gericht,NOUN,nk,15073,vor
15075,ausgesagt,aussagen,VERB,rc,15069,alles
15076,",",--,PUNCT,punct,15075,ausgesagt
15077,ehe,ehe,SCONJ,mo,15067,wiederholte
15078,ihm,ihm,PRON,da,15077,ehe
15079,die,der,DET,ROOT,15079,die
15080,unleidliche,unleidlich,ADJ,nk,15081,Qual
15081,Qual,Qual,NOUN,sb,15086,auspreßte
15082,der,der,DET,nk,15083,Tortur
15083,Tortur,Tortur,NOUN,ag,15081,Qual
15084,eine,ein,DET,nk,15085,Lüge
15085,Lüge,Lüge,NOUN,oa,15086,auspreßte
15086,auspreßte,auspreßen,VERB,ROOT,15086,auspreßte
15087,.,--,PUNCT,punct,15086,auspreßte
15088,Er,er,PRON,sb,15089,rief
15089,rief,rufen,VERB,ROOT,15089,rief
15090,Gott,Gott,NOUN,oa,15089,rief
15091,und,und,CCONJ,cd,15090,Gott
15092,die,der,DET,nk,15093,Heiligen
15093,Heiligen,heilige,NOUN,cj,15091,und
15094,an,an,ADP,ROOT,15094,an
15095,",",--,PUNCT,punct,15094,an
15096,die,der,DET,nk,15097,Wahrheit
15097,Wahrheit,Wahrheit,NOUN,ROOT,15097,Wahrheit
15098,seiner,sein,DET,nk,15099,Aussage
15099,Aussage,Aussage,NOUN,ag,15097,Wahrheit
15100,und,und,CCONJ,cd,15097,Wahrheit
15101,seine,sein,DET,nk,15103,Unschuld
15102,gänzliche,gänzlich,ADJ,nk,15103,Unschuld
15103,Unschuld,Unschuld,NOUN,cj,15100,und
15104,an,an,ADP,mnr,15103,Unschuld
15105,dem,der,DET,nk,15106,Tode
15106,Tode,Tod,NOUN,nk,15104,an
15107,des,der,DET,ROOT,15107,des
15108,geliebten,geliebt,ADJ,nk,15109,Herrn
15109,Herrn,Herr,NOUN,oa,15111,bekräftigen
15110,zu,zu,PART,pm,15111,bekräftigen
15111,bekräftigen,bekräftigen,VERB,ROOT,15111,bekräftigen
15112,.,--,PUNCT,punct,15111,bekräftigen
15113,»,--,PUNCT,punct,15115,ist
15114,So,so,ADV,mo,15115,ist
15115,ist,sein,AUX,oc,15119,fuhr
15116,hier,hier,ADV,mo,15115,ist
15117,«,--,PUNCT,punct,15115,ist
15118,",",--,PUNCT,punct,15119,fuhr
15119,fuhr,fahren,VERB,ROOT,15119,fuhr
15120,der,der,DET,nk,15121,Graf
15121,Graf,Graf,NOUN,sb,15119,fuhr
15122,von,von,ADP,pg,15121,Graf
15123,Vach,Vach,PROPN,nk,15122,von
15124,fort,fort,ADV,svp,15119,fuhr
15125,",",--,PUNCT,punct,15119,fuhr
15126,»,--,PUNCT,punct,15129,Geheimnis
15127,ein,ein,DET,nk,15129,Geheimnis
15128,unerklärliches,unerklärlich,ADJ,nk,15129,Geheimnis
15129,Geheimnis,Geheimnis,NOUN,dep,15119,fuhr
15130,im,in,ADP,mnr,15129,Geheimnis
15131,Spiele,Spiel,NOUN,ROOT,15131,Spiele
15132,.,--,PUNCT,punct,15131,Spiele
15133,Ich,ich,PRON,sb,15138,war
15134,selbst,selbst,ADV,mnr,15133,Ich
15135,",",--,PUNCT,punct,15133,Ich
15136,Andres,Andres,NOUN,app,15133,Ich
15137,",",--,PUNCT,punct,15138,war
15138,war,sein,AUX,ROOT,15138,war
15139,von,von,ADP,op,15142,überzeugt
15140,deiner,dein,DET,nk,15141,Unschuld
15141,Unschuld,Unschuld,NOUN,nk,15139,von
15142,überzeugt,überzeugen,VERB,oc,15138,war
15143,",",--,PUNCT,punct,15142,überzeugt
15144,unerachtet,unerachten,VERB,oc,15138,war
15145,vieles,viele,PRON,sb,15148,sprach
15146,wider,wider,ADP,mnr,15145,vieles
15147,dich,dich,PRON,nk,15146,wider
15148,sprach,sprechen,VERB,ROOT,15148,sprach
15149,;,--,PUNCT,punct,15148,sprach
15150,denn,denn,CCONJ,ju,15152,wußte
15151,ich,ich,PRON,sb,15152,wußte
15152,wußte,wissen,VERB,ROOT,15152,wußte
15153,ja,ja,ADV,mo,15152,wußte
15154,",",--,PUNCT,punct,15152,wußte
15155,daß,daß,SCONJ,cp,15156,du
15156,du,du,PRON,oc,15152,wußte
15157,von,von,ADP,mnr,15156,du
15158,Jugend,Jugend,NOUN,nk,15157,von
15159,auf,auf,ADP,mnr,15156,du
15160,der,der,DET,nk,15161,treuste
15161,treuste,treu,ADJ,nk,15159,auf
15162,Diener,diener,NOUN,pd,15165,gewesen
15163,meines,mein,DET,nk,15164,Oheims
15164,Oheims,Oheim,NOUN,ag,15162,Diener
15165,gewesen,sein,AUX,oc,15166,bist
15166,bist,sein,AUX,ROOT,15166,bist
15167,",",--,PUNCT,punct,15166,bist
15168,und,und,CCONJ,cd,15166,bist
15169,ihn,ihn,PRON,cj,15168,und
15170,selbst,selbst,ADV,mnr,15169,ihn
15171,einmal,einmal,ADV,mo,15170,selbst
15172,in,in,ADP,mnr,15169,ihn
15173,Neapel,Neapel,PROPN,nk,15172,in
15174,mit,mit,ADP,mnr,15169,ihn
15175,Gefahr,Gefahr,NOUN,nk,15174,mit
15176,deines,dein,DET,nk,15177,Lebens
15177,Lebens,Leben,NOUN,ROOT,15177,Lebens
15178,aus,aus,ADP,mnr,15177,Lebens
15179,Räuberhänden,Räuberhänden,NOUN,nk,15178,aus
15180,gerettet,retten,VERB,oc,15181,hast
15181,hast,haben,AUX,ROOT,15181,hast
15182,.,--,PUNCT,punct,15181,hast
15183,Allein,allein,ADV,mo,15186,gestern
15184,nur,nur,ADV,mo,15186,gestern
15185,noch,noch,ADV,mo,15186,gestern
15186,gestern,gestern,ADV,mo,15187,haben
15187,haben,haben,AUX,ROOT,15187,haben
15188,mir,mir,PRON,oa,15187,haben
15189,die,der,DET,nk,15192,Jäger
15190,beiden,beide,DET,nk,15192,Jäger
15191,alten,alt,ADJ,nk,15192,Jäger
15192,Jäger,Jäger,NOUN,ROOT,15192,Jäger
15193,meines,mein,DET,nk,15194,Oheims
15194,Oheims,Oheim,NOUN,ag,15192,Jäger
15195,Franz,Franz,PROPN,nk,15194,Oheims
15196,und,und,CCONJ,cd,15195,Franz
15197,Nikolaus,Nikolaus,PROPN,cj,15196,und
15198,geschworen,geschworen,VERB,oc,15192,Jäger
15199,",",--,PUNCT,punct,15198,geschworen
15200,daß,daß,SCONJ,cp,15201,sie
15201,sie,sie,PRON,cc,15192,Jäger
15202,dich,dich,PRON,oa,15207,gesehen
15203,leibhaftig,leibhaftig,ADV,mo,15207,gesehen
15204,unter,unter,ADP,mo,15207,gesehen
15205,den,der,DET,nk,15206,Räubern
15206,Räubern,Räuber,NOUN,nk,15204,unter
15207,gesehen,sehen,VERB,oc,15211,hätten
15208,und,und,CCONJ,cd,15207,gesehen
15209,genau,genau,ADV,mo,15210,bemerkt
15210,bemerkt,bemerken,VERB,cj,15208,und
15211,hätten,haben,AUX,ROOT,15211,hätten
15212,",",--,PUNCT,punct,15211,hätten
15213,wie,wie,SCONJ,cm,15214,du
15214,du,du,PRON,dep,15211,hätten
15215,selbst,selbst,ADV,mo,15217,Oheim
15216,meinen,mein,DET,nk,15217,Oheim
15217,Oheim,Oheim,NOUN,ROOT,15217,Oheim
15218,niederstrecktest,Niederstrecktest,VERB,pd,15217,Oheim
15219,.,--,PUNCT,punct,15217,Oheim
15220,«,--,PUNCT,punct,15217,Oheim
15221,Andres,Andres,NOUN,sb,15222,wurde
15222,wurde,werden,AUX,ROOT,15222,wurde
15223,von,von,ADP,mo,15222,wurde
15224,den,der,DET,nk,15225,peinlichsten
15225,peinlichsten,Peinlichst,NOUN,nk,15223,von
15226,",",--,PUNCT,punct,15222,wurde
15227,schrecklichsten,schrecklichst,ADJ,nk,15228,Gefühlen
15228,Gefühlen,Gefühl,NOUN,da,15229,durchbohrt
15229,durchbohrt,durchbohrt,VERB,ROOT,15229,durchbohrt
15230,;,--,PUNCT,punct,15229,durchbohrt
15231,es,es,PRON,sb,15232,war
15232,war,sein,AUX,ROOT,15232,war
15233,ihm,ihm,PRON,da,15232,war
15234,",",--,PUNCT,punct,15232,war
15235,als,als,SCONJ,cm,15238,Satan
15236,wenn,wenn,SCONJ,mo,15235,als
15237,der,der,DET,nk,15238,Satan
15238,Satan,Satan,PROPN,cc,15232,war
15239,selbst,selbst,ADV,mnr,15238,Satan
15240,seine,sein,DET,nk,15241,Gestalt
15241,Gestalt,Gestalt,NOUN,oa,15242,angenommen
15242,angenommen,annehmen,VERB,oc,15243,habe
15243,habe,haben,AUX,ROOT,15243,habe
15244,",",--,PUNCT,punct,15243,habe
15245,um,um,SCONJ,cp,15248,verderben
15246,ihn,ihn,PRON,oa,15248,verderben
15247,zu,zu,PART,pm,15248,verderben
15248,verderben,verderben,VERB,mo,15242,angenommen
15249,;,--,PUNCT,punct,15243,habe
15250,denn,denn,CCONJ,ju,15253,hatte
15251,auch,auch,ADV,mo,15252,Denner
15252,Denner,Denner,NOUN,sb,15253,hatte
15253,hatte,haben,AUX,ROOT,15253,hatte
15254,ja,ja,ADV,mo,15253,hatte
15255,sogar,sogar,ADV,mo,15256,im
15256,im,in,ADP,mo,15259,gesprochen
15257,Kerker,Kerker,NOUN,nk,15256,im
15258,davon,davon,ADV,op,15259,gesprochen
15259,gesprochen,sprechen,VERB,ROOT,15259,gesprochen
15260,",",--,PUNCT,punct,15259,gesprochen
15261,daß,daß,SCONJ,cp,15266,gesehen
15262,er,er,PRON,sb,15266,gesehen
15263,den,der,DET,nk,15264,Andres
15264,Andres,Andr,NOUN,da,15266,gesehen
15265,wirklich,wirklich,ADV,mo,15266,gesehen
15266,gesehen,sehen,VERB,re,15256,im
15267,",",--,PUNCT,punct,15259,gesprochen
15268,und,und,CCONJ,cd,15259,gesprochen
15269,so,so,ADV,mo,15268,und
15270,schien,scheinen,VERB,ROOT,15270,schien
15271,selbst,selbst,ADV,mo,15274,Beschuldigung
15272,die,der,DET,nk,15274,Beschuldigung
15273,falsche,falsch,ADJ,nk,15274,Beschuldigung
15274,Beschuldigung,Beschuldigung,NOUN,sb,15270,schien
15275,vor,vor,ADP,mnr,15274,Beschuldigung
15276,Gericht,Gericht,NOUN,nk,15275,vor
15277,auf,auf,ADP,mo,15270,schien
15278,innerer,inner,ADJ,nk,15279,wahrer
15279,wahrer,Wahrer,ADJ,nk,15277,auf
15280,Überzeugung,Überzeugung,NOUN,oa,15282,beruhen
15281,zu,zu,PART,pm,15282,beruhen
15282,beruhen,beruhen,VERB,ROOT,15282,beruhen
15283,.,--,PUNCT,punct,15282,beruhen
15284,Andres,Andres,PROPN,sb,15285,sagte
15285,sagte,sagen,VERB,ROOT,15285,sagte
15286,dies,dieser,PRON,oa,15285,sagte
15287,alles,alle,PRON,oa,15288,unverhohlen
15288,unverhohlen,unverhohlen,VERB,oc,15285,sagte
15289,",",--,PUNCT,punct,15285,sagte
15290,indem,indem,SCONJ,cp,15291,er
15291,er,er,PRON,mo,15285,sagte
15292,hinzusetzte,hinzusetzen,VERB,ROOT,15292,hinzusetzte
15293,",",--,PUNCT,punct,15292,hinzusetzte
15294,daß,daß,SCONJ,cp,15301,ergebe
15295,er,er,PRON,sb,15301,ergebe
15296,sich,sich,PRON,oa,15301,ergebe
15297,der,der,DET,nk,15298,Schickung
15298,Schickung,Schickung,NOUN,da,15301,ergebe
15299,des,der,DET,nk,15300,Himmels
15300,Himmels,Himmel,NOUN,ag,15298,Schickung
15301,ergebe,ergeben,VERB,oc,15292,hinzusetzte
15302,",",--,PUNCT,punct,15301,ergebe
15303,nach,nach,ADP,mo,15301,ergebe
15304,welcher,welcher,PRON,nk,15303,nach
15305,er,er,PRON,sb,15301,ergebe
15306,den,der,DET,oa,15292,hinzusetzte
15307,schmählichen,schmählicher,ADJ,nk,15308,Tod
15308,Tod,Tod,NOUN,oa,15311,sterben
15309,eines,ein,DET,nk,15310,Verbrechers
15310,Verbrechers,Verbrecher,NOUN,ag,15308,Tod
15311,sterben,sterben,VERB,oc,15312,solle
15312,solle,sollen,AUX,ROOT,15312,solle
15313,",",--,PUNCT,punct,15312,solle
15314,daß,daß,SCONJ,dep,15312,solle
15315,aber,aber,ADV,mo,15314,daß
15316,",",--,PUNCT,punct,15317,sei
15317,sei,sein,AUX,cj,15315,aber
15318,es,es,PRON,sb,15317,sei
15319,auch,auch,ADV,mo,15317,sei
15320,lange,lange,ADV,mo,15317,sei
15321,Zeit,Zeit,NOUN,ROOT,15321,Zeit
15322,nachher,nachher,ADV,mo,15321,Zeit
15323,",",--,PUNCT,punct,15321,Zeit
15324,seine,sein,DET,nk,15325,Unschuld
15325,Unschuld,Unschuld,NOUN,sb,15331,werde
15326,gewiß,gewiß,ADV,mo,15330,kommen
15327,an,an,ADP,mo,15330,kommen
15328,den,der,DET,nk,15329,Tag
15329,Tag,Tag,NOUN,nk,15327,an
15330,kommen,kommen,VERB,oc,15331,werde
15331,werde,werden,AUX,oc,15321,Zeit
15332,.,--,PUNCT,punct,15321,Zeit
15333,Der,der,DET,nk,15334,Graf
15334,Graf,Graf,NOUN,ROOT,15334,Graf
15335,von,von,ADP,pg,15334,Graf
15336,Vach,Vach,PROPN,nk,15335,von
15337,schien,scheinen,VERB,ROOT,15337,schien
15338,tief,tief,ADV,mo,15339,erschüttert
15339,erschüttert,erschüttern,VERB,oc,15337,schien
15340,;,--,PUNCT,punct,15337,schien
15341,er,er,PRON,sb,15342,konnte
15342,konnte,können,AUX,ROOT,15342,konnte
15343,kaum,kaum,ADV,mo,15342,konnte
15344,noch,noch,ADV,mo,15346,Andres
15345,dem,der,DET,nk,15346,Andres
15346,Andres,Andr,NOUN,da,15347,sagen
15347,sagen,sagen,VERB,oc,15342,konnte
15348,",",--,PUNCT,punct,15347,sagen
15349,daß,daß,SCONJ,dep,15342,konnte
15350,",",--,PUNCT,punct,15349,daß
15351,nach,nach,ADP,re,15349,daß
15352,seinem,sein,DET,nk,15351,nach
15353,Wunsche,wunsche,NOUN,ROOT,15353,Wunsche
15354,",",--,PUNCT,punct,15353,Wunsche
15355,der,der,DET,nk,15356,Tag
15356,Tag,Tag,NOUN,cj,15353,Wunsche
15357,der,der,DET,nk,15358,Hinrichtung
15358,Hinrichtung,Hinrichtung,NOUN,ag,15356,Tag
15359,seinem,sein,DET,nk,15361,Weibe
15360,unglücklichen,unglücklich,ADJ,nk,15361,Weibe
15361,Weibe,Weibe,NOUN,da,15362,verschwiegen
15362,verschwiegen,verschweigen,VERB,oc,15353,Wunsche
15363,geblieben,bleiben,VERB,oc,15364,sei
15364,sei,sein,AUX,ROOT,15364,sei
15365,",",--,PUNCT,punct,15364,sei
15366,und,und,CCONJ,cd,15364,sei
15367,daß,daß,SCONJ,cp,15368,sie
15368,sie,sie,PRON,cj,15366,und
15369,sich,sich,PRON,oa,15370,nebst
15370,nebst,nebst,ADP,mnr,15368,sie
15371,dem,der,DET,nk,15372,Knaben
15372,Knaben,Knabe,NOUN,nk,15370,nebst
15373,bei,bei,ADP,mnr,15372,Knaben
15374,dem,der,DET,nk,15376,Förster
15375,alten,alt,ADJ,nk,15376,Förster
15376,Förster,Förster,NOUN,nk,15373,bei
15377,aufhalte,aufhalen,VERB,ROOT,15377,aufhalte
15378,.,--,PUNCT,punct,15377,aufhalte
15379,Die,der,DET,nk,15380,Rathausglocke
15380,Rathausglocke,Rathausglocke,NOUN,sb,15381,erklang
15381,erklang,erklingen,VERB,ROOT,15381,erklang
15382,dumpf,Dumpf,PROPN,oa,15381,erklang
15383,und,und,CCONJ,cd,15382,dumpf
15384,schauerlich,schauerlich,ADV,cj,15383,und
15385,in,in,ADP,mo,15384,schauerlich
15386,abgemessenen,abgemessen,ADJ,cj,15383,und
15387,Pulsen,Pulsen,NOUN,ROOT,15387,Pulsen
15388,.,--,PUNCT,punct,15387,Pulsen
15389,Andres,Andres,NOUN,sb,15390,wurde
15390,wurde,werden,AUX,ROOT,15390,wurde
15391,angekleidet,ankleiden,VERB,oc,15390,wurde
15392,und,und,CCONJ,cd,15390,wurde
15393,der,der,DET,nk,15394,Zug
15394,Zug,Zug,NOUN,sb,15395,ging
15395,ging,gehen,VERB,cj,15392,und
15396,mit,mit,ADP,mo,15395,ging
15397,den,der,DET,nk,15398,gewöhnlichen
15398,gewöhnlichen,gewöhnlich,ADJ,nk,15396,mit
15399,Feierlichkeiten,Feierlichkeit,NOUN,ROOT,15399,Feierlichkeiten
15400,unter,unter,ADP,mnr,15399,Feierlichkeiten
15401,dem,der,DET,nk,15402,Zuströmen
15402,Zuströmen,zuströmen,NOUN,nk,15400,unter
15403,unzähligen,unzählig,ADJ,nk,15404,Volks
15404,Volks,Volk,NOUN,nk,15400,unter
15405,nach,nach,ADP,mnr,15404,Volks
15406,der,der,DET,nk,15407,Richtstätte
15407,Richtstätte,Richtstätte,NOUN,nk,15405,nach
15408,.,--,PUNCT,punct,15399,Feierlichkeiten
15409,Andres,Andr,NOUN,sb,15410,betete
15410,betete,beten,VERB,ROOT,15410,betete
15411,laut,laut,ADV,mo,15410,betete
15412,und,und,CCONJ,cd,15410,betete
15413,rührte,rühren,NOUN,cj,15412,und
15414,durch,durch,ADP,mo,15413,rührte
15415,sein,sein,DET,nk,15417,Betragen
15416,frommes,fromm,ADJ,nk,15417,Betragen
15417,Betragen,Betragen,NOUN,nk,15414,durch
15418,alle,alle,PRON,oa,15413,rührte
15419,",",--,PUNCT,punct,15418,alle
15420,die,der,PRON,sb,15422,sahen
15421,ihn,ihn,PRON,oa,15422,sahen
15422,sahen,sehen,VERB,rc,15418,alle
15423,.,--,PUNCT,punct,15410,betete
15424,Denner,Denner,NOUN,sb,15425,hatte
15425,hatte,haben,AUX,ROOT,15425,hatte
15426,die,der,DET,nk,15427,Miene
15427,Miene,Miene,NOUN,oa,15425,hatte
15428,des,der,DET,nk,15431,Bösewichts
15429,trotzigen,trotzig,ADJ,nk,15431,Bösewichts
15430,verstockten,verstockt,ADJ,nk,15431,Bösewichts
15431,Bösewichts,Bösewicht,NOUN,ag,15427,Miene
15432,.,--,PUNCT,punct,15425,hatte
15433,Er,er,PRON,sb,15434,schaute
15434,schaute,schaut,VERB,ROOT,15434,schaute
15435,munter,Munter,NOUN,oa,15434,schaute
15436,und,und,CCONJ,ju,15438,um
15437,kräftig,kräftig,ADV,mo,15438,um
15438,um,um,ADP,ROOT,15438,um
15439,sich,sich,PRON,nk,15438,um
15440,",",--,PUNCT,punct,15438,um
15441,und,und,CCONJ,ju,15442,lachte
15442,lachte,lachen,VERB,ROOT,15442,lachte
15443,oft,oft,ADV,mo,15442,lachte
15444,den,der,DET,nk,15446,Andres
15445,armen,arm,ADJ,nk,15446,Andres
15446,Andres,Andr,NOUN,oa,15442,lachte
15447,tückisch,tückisch,ADV,mo,15442,lachte
15448,und,und,CCONJ,cd,15447,tückisch
15449,schadenfroh,Schadenfroh,PROPN,cj,15448,und
15450,an,an,ADP,ROOT,15450,an
15451,.,--,PUNCT,punct,15450,an
15452,Andres,Andres,NOUN,sb,15453,sollte
15453,sollte,sollen,AUX,ROOT,15453,sollte
15454,zuerst,zuerst,ADV,mo,15455,hingerichtet
15455,hingerichtet,hinrichten,VERB,oc,15456,werden
15456,werden,werden,AUX,oc,15453,sollte
15457,;,--,PUNCT,punct,15453,sollte
15458,er,er,PRON,sb,15459,bestieg
15459,bestieg,bestiegn,VERB,ROOT,15459,bestieg
15460,gefaßt,fassen,VERB,mo,15459,bestieg
15461,mit,mit,ADP,mo,15459,bestieg
15462,dem,der,DET,nk,15463,Henker
15463,Henker,Henker,NOUN,nk,15461,mit
15464,die,der,DET,nk,15465,Leiter
15465,Leiter,Leiter,NOUN,ROOT,15465,Leiter
15466,",",--,PUNCT,punct,15465,Leiter
15467,da,da,ADV,mo,15468,kreischte
15468,kreischte,kreischen,VERB,par,15465,Leiter
15469,ein,ein,DET,nk,15470,Weib
15470,Weib,Weib,NOUN,sb,15468,kreischte
15471,auf,auf,ADP,svp,15468,kreischte
15472,und,und,CCONJ,cd,15468,kreischte
15473,sank,sinken,VERB,cj,15472,und
15474,ohnmächtig,ohnmächtig,ADV,mo,15473,sank
15475,einem,ein,DET,nk,15477,Mann
15476,alten,alt,ADJ,nk,15477,Mann
15477,Mann,Mann,NOUN,da,15473,sank
15478,in,in,ADP,mo,15473,sank
15479,die,der,DET,nk,15480,Arme
15480,Arme,Arm,NOUN,ROOT,15480,Arme
15481,.,--,PUNCT,punct,15480,Arme
15482,Andres,Andres,PROPN,sb,15483,blickte
15483,blickte,blicken,VERB,ROOT,15483,blickte
15484,hin,hin,ADV,svp,15483,blickte
15485,",",--,PUNCT,punct,15483,blickte
15486,es,es,PRON,sb,15487,war
15487,war,sein,AUX,oc,15483,blickte
15488,Giorgina,Giorgina,PROPN,pd,15487,war
15489,;,--,PUNCT,punct,15483,blickte
15490,laut,laut,ADV,mo,15491,erflehte
15491,erflehte,erflehen,VERB,ROOT,15491,erflehte
15492,er,er,PRON,sb,15491,erflehte
15493,vom,von,ADP,mo,15491,erflehte
15494,Himmel,Himmel,NOUN,nk,15493,vom
15495,Fassung,Fassung,NOUN,ROOT,15495,Fassung
15496,und,und,CCONJ,cd,15495,Fassung
15497,Stärke,Stärke,NOUN,cj,15496,und
15498,.,--,PUNCT,punct,15495,Fassung
15499,»,--,PUNCT,punct,15504,sehe
15500,Dort,dort,ADV,mo,15504,sehe
15501,",",--,PUNCT,punct,15500,Dort
15502,dort,dort,ADV,par,15500,Dort
15503,",",--,PUNCT,punct,15504,sehe
15504,sehe,sehen,VERB,ROOT,15504,sehe
15505,ich,ich,PRON,sb,15504,sehe
15506,dich,dich,PRON,oa,15504,sehe
15507,wieder,wieder,ADV,mo,15504,sehe
15508,",",--,PUNCT,punct,15504,sehe
15509,mein,mein,DET,nk,15511,unglückliches
15510,armes,arm,ADJ,nk,15511,unglückliches
15511,unglückliches,unglücklich,ADJ,cj,15504,sehe
15512,Weib,weib,NOUN,vo,15515,sterbe
15513,",",--,PUNCT,punct,15515,sterbe
15514,ich,ich,PRON,sb,15515,sterbe
15515,sterbe,sterben,VERB,ROOT,15515,sterbe
15516,unschuldig,unschuldig,ADV,mo,15515,sterbe
15517,!,--,PUNCT,punct,15515,sterbe
15518,«,--,PUNCT,punct,15519,rief
15519,rief,rufen,VERB,ROOT,15519,rief
15520,er,er,PRON,sb,15519,rief
15521,",",--,PUNCT,punct,15519,rief
15522,indem,indem,SCONJ,cp,15526,sehnsuchtsvoll
15523,er,er,PRON,sb,15526,sehnsuchtsvoll
15524,den,der,DET,nk,15525,Blick
15525,Blick,Blick,NOUN,oa,15526,sehnsuchtsvoll
15526,sehnsuchtsvoll,sehnsuchtsvoll,ADV,mo,15519,rief
15527,zum,zu,ADP,op,15519,rief
15528,Himmel,Himmel,NOUN,sb,15529,erhob
15529,erhob,erheben,VERB,ROOT,15529,erhob
15530,.,--,PUNCT,punct,15529,erhob
15531,Der,der,DET,nk,15532,Richter
15532,Richter,Richter,NOUN,sb,15533,rief
15533,rief,rufen,VERB,ROOT,15533,rief
15534,dem,der,DET,nk,15535,Henker
15535,Henker,Henker,NOUN,da,15533,rief
15536,zu,zu,ADP,svp,15533,rief
15537,",",--,PUNCT,punct,15533,rief
15538,er,er,PRON,sb,15539,möge
15539,möge,mögen,AUX,oc,15533,rief
15540,sich,sich,PRON,oa,15541,fördern
15541,fördern,fördern,VERB,oc,15539,möge
15542,",",--,PUNCT,punct,15533,rief
15543,denn,denn,CCONJ,cd,15533,rief
15544,es,es,PRON,oa,15533,rief
15545,entstand,entstehen,VERB,ROOT,15545,entstand
15546,ein,ein,DET,nk,15547,Murren
15547,Murren,murren,NOUN,sb,15545,entstand
15548,unter,unter,ADP,mnr,15547,Murren
15549,dem,der,DET,nk,15550,Volke
15550,Volke,Volke,NOUN,nk,15548,unter
15551,und,und,CCONJ,cd,15547,Murren
15552,es,es,PRON,da,15553,flogen
15553,flogen,fliegen,VERB,cj,15551,und
15554,Steine,Stein,NOUN,da,15553,flogen
15555,nach,nach,ADP,mo,15553,flogen
15556,Dennern,Denner,NOUN,nk,15555,nach
15557,",",--,PUNCT,punct,15556,Dennern
15558,der,der,PRON,da,15553,flogen
15559,ebenfalls,ebenfalls,ADV,mo,15563,bestiegen
15560,schon,schon,ADV,mo,15562,Leiter
15561,die,der,DET,nk,15562,Leiter
15562,Leiter,Leiter,NOUN,sb,15564,hatte
15563,bestiegen,bestiegen,VERB,oc,15564,hatte
15564,hatte,haben,AUX,ROOT,15564,hatte
15565,und,und,CCONJ,cd,15564,hatte
15566,die,der,DET,nk,15567,Zuschauer
15567,Zuschauer,Zuschauer,NOUN,sb,15568,verhöhnte
15568,verhöhnte,verhöhnen,VERB,cj,15565,und
15569,ob,ob,ADP,mo,15568,verhöhnte
15570,ihres,ihr,DET,punct,15563,bestiegen
15571,Mitleids,Mitleids,PROPN,ROOT,15571,Mitleids
15572,mit,mit,ADP,mnr,15571,Mitleids
15573,dem,der,DET,nk,15575,Andres
15574,frommen,fromm,ADJ,nk,15575,Andres
15575,Andres,Andr,NOUN,nk,15572,mit
15576,.,--,PUNCT,punct,15571,Mitleids
15577,Der,der,DET,nk,15578,Henker
15578,Henker,Henker,NOUN,sb,15579,legte
15579,legte,legen,VERB,ROOT,15579,legte
15580,dem,der,DET,nk,15581,Andres
15581,Andres,Andres,NOUN,da,15579,legte
15582,den,der,DET,nk,15583,Strick
15583,Strick,Strick,NOUN,oa,15579,legte
15584,um,um,ADP,mnr,15583,Strick
15585,den,der,DET,nk,15584,um
15586,Hals,Hals,NOUN,vo,15589,scholl
15587,",",--,PUNCT,punct,15589,scholl
15588,da,da,SCONJ,mo,15589,scholl
15589,scholl,scholl,VERB,ROOT,15589,scholl
15590,es,es,PRON,sb,15589,scholl
15591,aus,aus,ADP,mo,15589,scholl
15592,der,der,DET,nk,15593,Ferne
15593,Ferne,Ferne,NOUN,nk,15591,aus
15594,her,her,ADV,svp,15589,scholl
15595,:,--,PUNCT,punct,15589,scholl
15596,»,--,PUNCT,punct,15597,Halt
15597,Halt,Halt,NOUN,mo,15589,scholl
15598,-,--,PUNCT,punct,15597,Halt
15599,halt,halt,ADV,mo,15604,halt
15600,-,--,PUNCT,punct,15601,um
15601,um,um,SCONJ,cc,15599,halt
15602,Christus,Christus,PROPN,nk,15601,um
15603,willen,willen,ADP,ac,15601,um
15604,halt,halt,ADV,par,15597,Halt
15605,!,--,PUNCT,punct,15589,scholl
15606,-,--,PUNCT,punct,15589,scholl
15607,Der,der,DET,nk,15608,Mann
15608,Mann,Mann,NOUN,sb,15609,ist
15609,ist,sein,AUX,ROOT,15609,ist
15610,unschuldig,unschuldig,ADV,pd,15609,ist
15611,!,--,PUNCT,punct,15609,ist
15612,-,--,PUNCT,punct,15614,richtet
15613,ihr,ihr,PRON,sb,15614,richtet
15614,richtet,richten,VERB,ROOT,15614,richtet
15615,einen,ein,DET,nk,15616,Unschuldigen
15616,Unschuldigen,Unschuldigen,NOUN,oa,15614,richtet
15617,hin,hin,ADV,svp,15614,richtet
15618,!,--,PUNCT,punct,15614,richtet
15619,«,--,PUNCT,punct,15614,richtet
15620,-,--,PUNCT,punct,15624,halt
15621,»,--,PUNCT,punct,15622,Halt
15622,Halt,Halt,NOUN,vo,15624,halt
15623,-,--,PUNCT,punct,15624,halt
15624,halt,halten,VERB,ROOT,15624,halt
15625,!,--,PUNCT,punct,15624,halt
15626,«,--,PUNCT,punct,15629,Stimmen
15627,schrieen,schrieen,ADJ,nk,15629,Stimmen
15628,tausend,tausend,NUM,nk,15629,Stimmen
15629,Stimmen,Stimme,NOUN,ROOT,15629,Stimmen
15630,und,und,CCONJ,cd,15629,Stimmen
15631,kaum,kaum,ADV,mo,15632,vermochte
15632,vermochte,vermögen,VERB,cj,15630,und
15633,die,der,DET,nk,15634,Wache
15634,Wache,Wache,NOUN,oa,15632,vermochte
15635,zu,zu,PART,pm,15636,steuern
15636,steuern,steuern,VERB,oc,15632,vermochte
15637,dem,der,DET,nk,15638,Volk
15638,Volk,Volk,NOUN,da,15636,steuern
15639,",",--,PUNCT,punct,15629,Stimmen
15640,das,der,DET,nk,15641,hinzudrang
15641,hinzudrang,Hinzudrang,NOUN,sb,15649,wollte
15642,und,und,CCONJ,cd,15641,hinzudrang
15643,den,der,DET,nk,15644,Andres
15644,Andres,Andr,NOUN,cj,15642,und
15645,von,von,ADP,mo,15648,herabreißen
15646,der,der,DET,nk,15647,Leiter
15647,Leiter,Leiter,NOUN,nk,15645,von
15648,herabreißen,herabreißen,VERB,oc,15649,wollte
15649,wollte,wollen,AUX,ROOT,15649,wollte
15650,.,--,PUNCT,punct,15649,wollte
15651,Näher,Näher,ADV,mo,15652,sprengte
15652,sprengte,sprengen,VERB,ROOT,15652,sprengte
15653,nun,nun,ADV,mo,15655,Mann
15654,der,der,DET,nk,15655,Mann
15655,Mann,Mann,NOUN,ROOT,15655,Mann
15656,zu,zu,ADP,mnr,15655,Mann
15657,Pferde,Pferd,NOUN,nk,15656,zu
15658,",",--,PUNCT,punct,15655,Mann
15659,der,der,PRON,sb,15662,hatte
15660,erst,erst,ADV,mo,15661,gerufen
15661,gerufen,rufen,VERB,oc,15662,hatte
15662,hatte,haben,AUX,rc,15655,Mann
15663,",",--,PUNCT,punct,15655,Mann
15664,und,und,CCONJ,cd,15655,Mann
15665,Andres,Andres,NOUN,sb,15666,erkannte
15666,erkannte,erkennen,VERB,cj,15664,und
15667,auf,auf,ADP,mo,15666,erkannte
15668,den,der,DET,ROOT,15668,den
15669,ersten,erster,ADJ,nk,15670,Blick
15670,Blick,Blick,NOUN,ROOT,15670,Blick
15671,in,in,ADP,mnr,15670,Blick
15672,dem,der,DET,nk,15673,Fremden
15673,Fremden,fremde,NOUN,nk,15671,in
15674,den,der,DET,nk,15675,Kaufmann
15675,Kaufmann,Kaufmann,NOUN,ROOT,15675,Kaufmann
15676,",",--,PUNCT,punct,15675,Kaufmann
15677,der,der,PRON,app,15675,Kaufmann
15678,ihm,ihm,PRON,da,15679,in
15679,in,in,ADP,mnr,15677,der
15680,Frankfurt,Frankfurt,PROPN,pnc,15681,Giorginas
15681,Giorginas,Giorgina,PROPN,nk,15679,in
15682,Erbschaft,Erbschaft,ADV,sb,15684,hatte
15683,ausgezahlt,auszahlen,VERB,oc,15684,hatte
15684,hatte,haben,AUX,ROOT,15684,hatte
15685,.,--,PUNCT,punct,15684,hatte
15686,Seine,sein,DET,nk,15687,Brust
15687,Brust,Brust,NOUN,sb,15688,wollte
15688,wollte,wollen,AUX,ROOT,15688,wollte
15689,zerspringen,zerspringen,VERB,oc,15688,wollte
15690,vor,vor,ADP,mo,15689,zerspringen
15691,Freude,Freude,NOUN,nk,15690,vor
15692,und,und,CCONJ,cd,15688,wollte
15693,Seligkeit,Seligkeit,NOUN,oa,15700,erhalten
15694,",",--,PUNCT,punct,15696,konnte
15695,kaum,kaum,ADV,mo,15696,konnte
15696,konnte,können,AUX,ROOT,15696,konnte
15697,er,er,PRON,sb,15696,konnte
15698,sich,sich,PRON,oa,15700,erhalten
15699,aufrecht,aufrecht,ADV,mo,15700,erhalten
15700,erhalten,erhalten,VERB,oc,15696,konnte
15701,als,als,SCONJ,cm,15702,er
15702,er,er,PRON,cc,15699,aufrecht
15703,von,von,ADP,mnr,15702,er
15704,der,der,DET,nk,15705,Leiter
15705,Leiter,Leiter,NOUN,nk,15703,von
15706,herabgestiegen,herabgestiegen,VERB,ROOT,15706,herabgestiegen
15707,.,--,PUNCT,punct,15706,herabgestiegen
15708,Der,der,DET,nk,15709,Kaufmann
15709,Kaufmann,Kaufmann,NOUN,sb,15710,sagte
15710,sagte,sagen,VERB,ROOT,15710,sagte
15711,dem,der,DET,nk,15712,Richter
15712,Richter,Richter,NOUN,da,15710,sagte
15713,",",--,PUNCT,punct,15710,sagte
15714,daß,daß,SCONJ,cp,15715,zu
15715,zu,zu,ADP,oc,15710,sagte
15716,derselben,derselbe,DET,nk,15717,Zeit
15717,Zeit,Zeit,NOUN,nk,15715,zu
15718,",",--,PUNCT,punct,15717,Zeit
15719,als,als,SCONJ,mo,15710,sagte
15720,der,der,DET,nk,15719,als
15721,Raubmord,Raubmord,PROPN,ROOT,15721,Raubmord
15722,im,in,ADP,mnr,15721,Raubmord
15723,Vachschen,Vachschen,NOUN,nk,15724,Schlosse
15724,Schlosse,Schloß,NOUN,nk,15722,im
15725,verübt,verüben,VERB,oc,15726,worden
15726,worden,werden,AUX,oc,15721,Raubmord
15727,",",--,PUNCT,punct,15721,Raubmord
15728,Andres,Andr,NOUN,cj,15721,Raubmord
15729,in,in,ADP,mnr,15728,Andres
15730,Frankfurt,Frankfurt,PROPN,nk,15729,in
15731,",",--,PUNCT,punct,15721,Raubmord
15732,also,also,ADV,mo,15733,viele
15733,viele,vieler,PRON,cj,15721,Raubmord
15734,Meilen,Meile,NOUN,sb,15739,sei
15735,davon,davon,ADV,mo,15736,entfernt
15736,entfernt,entfernt,ADV,pd,15738,gewesen
15737,",",--,PUNCT,punct,15738,gewesen
15738,gewesen,sein,AUX,oc,15739,sei
15739,sei,sein,AUX,ROOT,15739,sei
15740,",",--,PUNCT,punct,15739,sei
15741,und,und,CCONJ,cd,15739,sei
15742,daß,daß,SCONJ,cp,15747,auf
15743,er,er,PRON,sb,15742,daß
15744,dies,dieser,PRON,oa,15747,auf
15745,vor,vor,ADP,mo,15747,auf
15746,Gericht,Gericht,NOUN,nk,15745,vor
15747,auf,auf,ADP,dep,15739,sei
15748,die,der,DET,nk,15747,auf
15749,unzweifelhafteste,unzweifelhafte,ADJ,nk,15750,Weise
15750,Weise,Weise,NOUN,sb,15756,wolle
15751,durch,durch,ADP,mo,15755,dartun
15752,Urkunden,Urkunde,NOUN,nk,15751,durch
15753,und,und,CCONJ,cd,15752,Urkunden
15754,Zeugen,Zeuge,NOUN,cj,15753,und
15755,dartun,dartun,VERB,oc,15756,wolle
15756,wolle,wollen,AUX,ROOT,15756,wolle
15757,.,--,PUNCT,punct,15756,wolle
15758,Da,da,ADV,mo,15759,rief
15759,rief,rufen,VERB,ROOT,15759,rief
15760,der,der,DET,sb,15759,rief
15761,Richter,Richter,NOUN,ROOT,15761,Richter
15762,:,--,PUNCT,punct,15761,Richter
15763,»,--,PUNCT,punct,15768,kann
15764,Die,der,DET,nk,15765,Hinrichtung
15765,Hinrichtung,Hinrichtung,NOUN,sb,15768,kann
15766,des,der,DET,nk,15767,Andres
15767,Andres,Andr,NOUN,ag,15765,Hinrichtung
15768,kann,können,AUX,rs,15761,Richter
15769,keineswegs,keineswegs,ADV,mo,15768,kann
15770,geschehen,geschehen,VERB,oc,15768,kann
15771,;,--,PUNCT,punct,15768,kann
15772,denn,denn,CCONJ,ju,15773,dieser
15773,dieser,dieser,PRON,ROOT,15773,dieser
15774,höchstwichtige,höchstwichtig,ADJ,nk,15775,Umstand
15775,Umstand,Umstand,NOUN,sb,15776,beweiset
15776,beweiset,beweisetn,VERB,ROOT,15776,beweiset
15777,",",--,PUNCT,punct,15776,beweiset
15778,wenn,wenn,SCONJ,cp,15781,wird
15779,er,er,PRON,sb,15781,wird
15780,ausgemittelt,ausmitteln,VERB,oc,15781,wird
15781,wird,werden,AUX,mo,15776,beweiset
15782,",",--,PUNCT,punct,15781,wird
15783,die,der,DET,nk,15784,völlige
15784,völlige,völlig,ADJ,rc,15776,beweiset
15785,Unschuld,Unschuld,NOUN,ROOT,15785,Unschuld
15786,des,der,DET,nk,15787,Angeklagten
15787,Angeklagten,angeklagter,NOUN,ag,15785,Unschuld
15788,.,--,PUNCT,punct,15785,Unschuld
15789,Man,man,PRON,sb,15790,führe
15790,führe,führen,VERB,ROOT,15790,führe
15791,ihn,ihn,PRON,oa,15790,führe
15792,sogleich,sogleich,ADV,mo,15790,führe
15793,nach,nach,ADP,mo,15790,führe
15794,dem,der,DET,nk,15795,Gefängnisse
15795,Gefängnisse,Gefängnisse,NOUN,nk,15793,nach
15796,zurück,zurück,ADV,svp,15790,führe
15797,.,--,PUNCT,punct,15790,führe
15798,«,--,PUNCT,ROOT,15798,«
15799,Denner,Denner,NOUN,sb,15800,hatte
15800,hatte,haben,AUX,ROOT,15800,hatte
15801,alles,alle,PRON,oa,15807,angesehen
15802,von,von,ADP,sbp,15807,angesehen
15803,der,der,DET,nk,15804,Leiter
15804,Leiter,Leiter,NOUN,nk,15802,von
15805,herab,herab,ADV,mo,15806,ruhig
15806,ruhig,ruhig,ADV,mo,15807,angesehen
15807,angesehen,ansehen,VERB,oc,15800,hatte
15808,;,--,PUNCT,punct,15800,hatte
15809,als,als,SCONJ,ROOT,15809,als
15810,aber,aber,ADV,mo,15812,Richter
15811,der,der,DET,nk,15812,Richter
15812,Richter,Richter,NOUN,sb,15809,als
15813,diese,dieser,DET,nk,15814,Worte
15814,Worte,Wort,NOUN,oa,15815,gesprochen
15815,gesprochen,sprechen,VERB,ROOT,15815,gesprochen
15816,",",--,PUNCT,punct,15817,da
15817,da,da,ADV,mo,15818,rollten
15818,rollten,rollen,VERB,cj,15815,gesprochen
15819,seine,sein,DET,nk,15821,Augen
15820,glühenden,glühend,ADJ,nk,15821,Augen
15821,Augen,Auge,NOUN,sb,15818,rollten
15822,",",--,PUNCT,punct,15818,rollten
15823,er,er,PRON,sb,15824,knirschte
15824,knirschte,knirschten,VERB,cj,15818,rollten
15825,mit,mit,ADP,mo,15824,knirschte
15826,den,der,DET,ROOT,15826,den
15827,Zähnen,zähnen,NOUN,sb,15830,heulte
15828,",",--,PUNCT,punct,15830,heulte
15829,er,er,PRON,sb,15830,heulte
15830,heulte,heuln,VERB,ROOT,15830,heulte
15831,in,in,ADP,mo,15830,heulte
15832,wilder,wild,ADJ,nk,15833,Verzweiflung
15833,Verzweiflung,Verzweiflung,NOUN,nk,15831,in
15834,",",--,PUNCT,punct,15830,heulte
15835,daß,daß,SCONJ,cp,15837,gräßlich
15836,es,es,PRON,ep,15837,gräßlich
15837,gräßlich,gräßlich,ADV,oc,15830,heulte
15838,",",--,PUNCT,punct,15837,gräßlich
15839,wie,wie,SCONJ,cm,15841,namenlose
15840,der,der,DET,nk,15841,namenlose
15841,namenlose,namenlos,ADJ,cc,15837,gräßlich
15842,Jammer,Jammer,NOUN,ROOT,15842,Jammer
15843,des,der,DET,nk,15845,Wahnsinns
15844,wütenden,wütend,ADJ,nk,15845,Wahnsinns
15845,Wahnsinns,Wahnsinn,NOUN,ag,15842,Jammer
15846,",",--,PUNCT,punct,15842,Jammer
15847,durch,durch,ADP,mo,15850,hallte
15848,die,der,DET,nk,15849,Lüfte
15849,Lüfte,Lüfte,NOUN,nk,15847,durch
15850,hallte,hallen,VERB,rc,15842,Jammer
15851,:,--,PUNCT,punct,15842,Jammer
15852,»,--,PUNCT,punct,15853,Satan
15853,Satan,Satan,PROPN,sb,15842,Jammer
15854,",",--,PUNCT,punct,15853,Satan
15855,Satan,Satan,PROPN,cj,15853,Satan
15856,!,--,PUNCT,punct,15842,Jammer
15857,du,du,PRON,sb,15858,hast
15858,hast,haben,AUX,ROOT,15858,hast
15859,mich,mich,PRON,oa,15860,betrogen
15860,betrogen,betrügen,VERB,ROOT,15860,betrogen
15861,-,--,PUNCT,punct,15860,betrogen
15862,weh,weh,ADV,mo,15863,mir
15863,mir,mir,PRON,mo,15860,betrogen
15864,!,--,PUNCT,punct,15860,betrogen
15865,weh,weh,ADP,ROOT,15865,weh
15866,mir,mir,PRON,nk,15865,weh
15867,!,--,PUNCT,ROOT,15867,!
15868,es,es,PRON,sb,15869,ist
15869,ist,sein,AUX,ROOT,15869,ist
15870,aus,aus,ADP,svp,15869,ist
15871,-,--,PUNCT,punct,15869,ist
15872,aus,aus,ADP,svp,15869,ist
15873,-,--,PUNCT,punct,15875,verloren
15874,alles,alle,PRON,sb,15875,verloren
15875,verloren,verloren,ADV,pd,15869,ist
15876,!,--,PUNCT,punct,15869,ist
15877,«,--,PUNCT,punct,15869,ist
15878,Man,man,PRON,ROOT,15878,Man
15879,brachte,bringen,VERB,ROOT,15879,brachte
15880,ihn,ihn,PRON,oa,15879,brachte
15881,von,von,ADP,mo,15879,brachte
15882,der,der,DET,nk,15883,Leiter
15883,Leiter,Leiter,NOUN,nk,15881,von
15884,herab,herab,ADV,mo,15879,brachte
15885,",",--,PUNCT,punct,15879,brachte
15886,er,er,PRON,sb,15887,fiel
15887,fiel,fallen,VERB,cj,15879,brachte
15888,zu,zu,ADP,mo,15887,fiel
15889,Boden,Boden,NOUN,nk,15888,zu
15890,und,und,CCONJ,cd,15887,fiel
15891,röchelte,röchelen,VERB,cj,15890,und
15892,dumpf,Dumpf,NOUN,oa,15891,röchelte
15893,:,--,PUNCT,punct,15879,brachte
15894,»,--,PUNCT,punct,15895,Ich
15895,Ich,ich,PRON,ROOT,15895,Ich
15896,will,wollen,AUX,ROOT,15896,will
15897,alles,alle,PRON,oa,15898,bekennen
15898,bekennen,bekennen,VERB,oc,15896,will
15899,-,--,PUNCT,punct,15896,will
15900,ich,ich,PRON,sb,15901,will
15901,will,wollen,AUX,cj,15896,will
15902,alles,alle,PRON,oa,15903,bekennen
15903,bekennen,bekennen,VERB,oc,15901,will
15904,!,--,PUNCT,punct,15896,will
15905,«,--,PUNCT,punct,15896,will
15906,Auch,auch,ADV,mo,15908,Hinrichtung
15907,seine,sein,DET,nk,15908,Hinrichtung
15908,Hinrichtung,Hinrichtung,NOUN,sb,15909,wurde
15909,wurde,werden,AUX,ROOT,15909,wurde
15910,verschoben,verschieben,VERB,ROOT,15910,verschoben
15911,und,und,CCONJ,cd,15910,verschoben
15912,er,er,PRON,sb,15915,zurückgeführt
15913,ins,in,ADP,mo,15915,zurückgeführt
15914,Gefängnis,Gefängnis,NOUN,nk,15913,ins
15915,zurückgeführt,zurückgeführen,VERB,cj,15911,und
15916,",",--,PUNCT,punct,15915,zurückgeführt
15917,wo,wo,SCONJ,mo,15920,Entspringen
15918,ihm,ihm,PRON,da,15920,Entspringen
15919,jedes,jeder,DET,nk,15920,Entspringen
15920,Entspringen,entspringen,NOUN,oc,15910,verschoben
15921,unmöglich,unmöglich,ADV,mo,15922,gemacht
15922,gemacht,machen,VERB,oc,15923,worden
15923,worden,werden,AUX,ROOT,15923,worden
15924,.,--,PUNCT,punct,15923,worden
15925,Der,der,DET,nk,15926,Haß
15926,Haß,Haß,NOUN,sb,15929,war
15927,seiner,sein,DET,nk,15928,Wächter
15928,Wächter,Wächter,NOUN,ag,15926,Haß
15929,war,sein,AUX,ROOT,15929,war
15930,die,der,DET,nk,15932,Schutzwehr
15931,beste,gut,ADJ,nk,15932,Schutzwehr
15932,Schutzwehr,Schutzwehr,NOUN,pd,15929,war
15933,gegen,gegen,ADP,mo,15929,war
15934,die,der,DET,nk,15935,Schlauheit
15935,Schlauheit,Schlauheit,NOUN,ROOT,15935,Schlauheit
15936,seiner,sein,DET,nk,15937,Verbündeten
15937,Verbündeten,verbündeter,NOUN,ag,15935,Schlauheit
15938,.,--,PUNCT,punct,15935,Schlauheit
15939,-,--,PUNCT,punct,15941,Augenblicke
15940,Wenige,weniger,DET,nk,15941,Augenblicke
15941,Augenblicke,Augenblick,NOUN,ROOT,15941,Augenblicke
15942,nachher,nachher,ADV,mo,15941,Augenblicke
15943,",",--,PUNCT,punct,15942,nachher
15944,als,als,ADP,cj,15942,nachher
15945,Andres,Andr,NOUN,nk,15944,als
15946,bei,bei,ADP,mo,15941,Augenblicke
15947,dem,der,DET,nk,15948,Gefangenenwärter
15948,Gefangenenwärter,Gefangenenwärter,NOUN,da,15949,angekommen
15949,angekommen,ankommen,VERB,mo,15951,lag
15950,",",--,PUNCT,punct,15951,lag
15951,lag,liegen,VERB,ROOT,15951,lag
15952,Giorgina,Giorgina,PROPN,sb,15951,lag
15953,in,in,ADP,mo,15951,lag
15954,seinen,sein,DET,nk,15955,Armen
15955,Armen,arme,NOUN,nk,15953,in
15956,.,--,PUNCT,punct,15951,lag
15957,»,--,PUNCT,punct,15959,Andres
15958,Ach,ach,INTJ,pnc,15959,Andres
15959,Andres,Andres,PROPN,ROOT,15959,Andres
15960,",",--,PUNCT,punct,15959,Andres
15961,Andres,Andr,NOUN,sb,15969,habe
15962,«,--,PUNCT,punct,15961,Andres
15963,",",--,PUNCT,punct,15964,rief
15964,rief,rufen,VERB,ROOT,15964,rief
15965,sie,sie,PRON,sb,15964,rief
15966,",",--,PUNCT,punct,15964,rief
15967,»,--,PUNCT,punct,15969,habe
15968,nun,nun,ADV,mo,15969,habe
15969,habe,haben,AUX,oc,15964,rief
15970,ich,ich,PRON,sb,15969,habe
15971,dich,dich,PRON,mo,15969,habe
15972,ganz,ganz,ADV,mo,15973,wieder
15973,wieder,wieder,ADV,mo,15969,habe
15974,",",--,PUNCT,punct,15969,habe
15975,da,da,SCONJ,cp,15977,weiß
15976,ich,ich,PRON,sb,15977,weiß
15977,weiß,wissen,VERB,mo,15969,habe
15978,",",--,PUNCT,punct,15977,weiß
15979,daß,daß,SCONJ,punct,15964,rief
15980,du,du,PRON,sb,15964,rief
15981,unschuldig,unschuldig,ADV,pd,15982,bist
15982,bist,sein,AUX,ROOT,15982,bist
15983,;,--,PUNCT,punct,15982,bist
15984,denn,denn,CCONJ,ju,15987,habe
15985,auch,auch,ADV,mo,15986,ich
15986,ich,ich,PRON,sb,15987,habe
15987,habe,haben,AUX,ROOT,15987,habe
15988,an,an,ADP,mo,15987,habe
15989,deiner,dein,DET,nk,15990,Redlichkeit
15990,Redlichkeit,Redlichkeit,NOUN,nk,15988,an
15991,",",--,PUNCT,punct,15988,an
15992,an,an,ADP,cj,15988,an
15993,deiner,dein,DET,nk,15992,an
15994,Frömmigkeit,Frömmigkeit,NOUN,ROOT,15994,Frömmigkeit
15995,gezweifelt,zweifeln,VERB,oc,15994,Frömmigkeit
15996,!,--,PUNCT,punct,15994,Frömmigkeit
15997,«,--,PUNCT,punct,15994,Frömmigkeit
15998,-,--,PUNCT,punct,15999,Unerachtet
15999,Unerachtet,Unerachtet,ADV,ROOT,15999,Unerachtet
16000,man,man,PRON,sb,15999,Unerachtet
16001,Giorginen,Giorginen,NOUN,da,15999,Unerachtet
16002,den,der,DET,nk,16003,Tag
16003,Tag,Tag,NOUN,mo,15999,Unerachtet
16004,der,der,DET,nk,16005,Hinrichtung
16005,Hinrichtung,Hinrichtung,NOUN,ag,16003,Tag
16006,verschwiegen,verschweigen,VERB,mo,16008,war
16007,",",--,PUNCT,punct,16008,war
16008,war,sein,AUX,ROOT,16008,war
16009,sie,sie,PRON,sb,16008,war
16010,doch,doch,ADV,mo,16008,war
16011,von,von,ADP,mo,16008,war
16012,unbeschreiblicher,unbeschreiblich,ADJ,nk,16013,Angst
16013,Angst,Angst,NOUN,nk,16011,von
16014,",",--,PUNCT,punct,16011,von
16015,von,von,ADP,cj,16011,von
16016,seltsamer,seltsam,ADJ,nk,16017,Ahnung
16017,Ahnung,Ahnung,NOUN,nk,16015,von
16018,getrieben,treiben,VERB,ROOT,16018,getrieben
16019,",",--,PUNCT,punct,16022,geeilt
16020,nach,nach,ADP,mo,16022,geeilt
16021,Fulda,Fulda,PROPN,nk,16020,nach
16022,geeilt,eilen,VERB,cj,16018,getrieben
16023,",",--,PUNCT,punct,16022,geeilt
16024,und,und,CCONJ,cd,16022,geeilt
16025,gerade,gerade,ADV,mo,16029,gekommen
16026,auf,auf,ADP,mo,16029,gekommen
16027,die,der,DET,nk,16028,Richtstätte
16028,Richtstätte,Richtstätte,NOUN,nk,16026,auf
16029,gekommen,kommen,VERB,cj,16024,und
16030,",",--,PUNCT,punct,16029,gekommen
16031,als,als,SCONJ,ROOT,16031,als
16032,ihr,ihr,PRON,nk,16031,als
16033,Mann,Mann,NOUN,sb,16037,bestieg
16034,die,der,DET,nk,16036,Leiter
16035,verhängnisvolle,verhängnisvoll,ADJ,nk,16036,Leiter
16036,Leiter,Leiter,NOUN,oa,16037,bestieg
16037,bestieg,bestieg,VERB,ROOT,16037,bestieg
16038,",",--,PUNCT,punct,16037,bestieg
16039,die,der,PRON,sb,16044,sollte
16040,ihn,ihn,PRON,oa,16043,führen
16041,zum,zu,ADP,cvc,16043,führen
16042,Tode,Tod,NOUN,nk,16041,zum
16043,führen,führen,VERB,oc,16044,sollte
16044,sollte,sollen,AUX,rc,16036,Leiter
16045,.,--,PUNCT,punct,16037,bestieg
16046,Der,der,DET,ROOT,16046,Der
16047,Kaufmann,Kaufmann,NOUN,sb,16048,war
16048,war,sein,AUX,ROOT,16048,war
16049,die,der,DET,nk,16052,Zeit
16050,ganze,ganz,ADJ,nk,16052,Zeit
16051,lange,lang,ADJ,nk,16052,Zeit
16052,Zeit,Zeit,NOUN,pd,16048,war
16053,der,der,DET,nk,16054,Untersuchung
16054,Untersuchung,Untersuchung,NOUN,ag,16052,Zeit
16055,über,über,ADP,ac,16056,auf
16056,auf,auf,ADP,mo,16048,war
16057,Reisen,Reise,NOUN,nk,16056,auf
16058,in,in,ADP,mnr,16057,Reisen
16059,Frankreich,Frankreich,PROPN,pd,16062,gewesen
16060,und,und,CCONJ,cd,16059,Frankreich
16061,Italien,Italien,PROPN,cj,16060,und
16062,gewesen,sein,AUX,ROOT,16062,gewesen
16063,",",--,PUNCT,punct,16062,gewesen
16064,und,und,CCONJ,cd,16062,gewesen
16065,jetzt,jetzt,ADV,mo,16070,zurückgekehrt
16066,über,über,ADP,mo,16070,zurückgekehrt
16067,Wien,Wien,PROPN,nk,16066,über
16068,und,und,CCONJ,cd,16067,Wien
16069,Prag,Prag,PROPN,cj,16068,und
16070,zurückgekehrt,zurückkehren,VERB,cj,16064,und
16071,.,--,PUNCT,punct,16062,gewesen
16072,Der,der,DET,ROOT,16072,Der
16073,Zufall,Zufall,NOUN,sb,16083,wollte
16074,",",--,PUNCT,punct,16073,Zufall
16075,oder,oder,CCONJ,cd,16073,Zufall
16076,vielmehr,vielmehr,ADV,mo,16079,Schickung
16077,eine,ein,DET,nk,16079,Schickung
16078,besondere,besonderer,ADJ,nk,16079,Schickung
16079,Schickung,Schickung,NOUN,cj,16075,oder
16080,des,der,DET,nk,16081,Himmels
16081,Himmels,Himmel,NOUN,ag,16079,Schickung
16082,",",--,PUNCT,punct,16083,wollte
16083,wollte,wollen,AUX,ROOT,16083,wollte
16084,",",--,PUNCT,punct,16083,wollte
16085,daß,daß,SCONJ,cp,16086,er
16086,er,er,PRON,sb,16083,wollte
16087,gerade,gerade,ADV,mo,16088,in
16088,in,in,ADP,mo,16095,ankam
16089,dem,der,DET,nk,16091,Augenblick
16090,entscheidendsten,entscheidendst,ADJ,nk,16091,Augenblick
16091,Augenblick,Augenblick,NOUN,nk,16088,in
16092,auf,auf,ADP,mnr,16091,Augenblick
16093,dem,der,DET,nk,16094,Richtplatze
16094,Richtplatze,Richtplatze,NOUN,nk,16092,auf
16095,ankam,ankommen,VERB,ROOT,16095,ankam
16096,",",--,PUNCT,punct,16095,ankam
16097,und,und,CCONJ,cd,16095,ankam
16098,den,der,DET,ROOT,16098,den
16099,armen,arm,ADJ,nk,16100,Andres
16100,Andres,Andr,NOUN,da,16107,rettete
16101,von,von,ADP,mo,16107,rettete
16102,dem,der,DET,nk,16104,Tode
16103,schmählichen,schmählicher,ADJ,nk,16104,Tode
16104,Tode,Tod,NOUN,nk,16101,von
16105,des,der,DET,nk,16106,Verbrechers
16106,Verbrechers,Verbrecher,NOUN,ag,16104,Tode
16107,rettete,retten,VERB,ROOT,16107,rettete
16108,.,--,PUNCT,punct,16107,rettete
16109,Im,in,ADP,ROOT,16109,Im
16110,Gasthofe,Gasthofe,NOUN,nk,16109,Im
16111,erfuhr,erfahren,VERB,ROOT,16111,erfuhr
16112,er,er,PRON,sb,16111,erfuhr
16113,die,der,DET,nk,16115,Geschichte
16114,ganze,ganz,ADJ,nk,16115,Geschichte
16115,Geschichte,Geschichte,NOUN,oa,16111,erfuhr
16116,des,der,DET,nk,16117,Andres
16117,Andres,Andr,NOUN,ag,16115,Geschichte
16118,und,und,CCONJ,cd,16111,erfuhr
16119,es,es,PRON,sb,16120,fiel
16120,fiel,fallen,VERB,cj,16118,und
16121,ihm,ihm,PRON,da,16120,fiel
16122,gleich,gleich,ADV,mo,16123,schwer
16123,schwer,schwer,ADV,mo,16120,fiel
16124,aufs,auf,ADP,mo,16120,fiel
16125,Herz,Herz,NOUN,ROOT,16125,Herz
16126,",",--,PUNCT,punct,16125,Herz
16127,daß,daß,SCONJ,cp,16133,könne
16128,Andres,Andres,NOUN,sb,16133,könne
16129,wohl,wohl,ADV,mo,16133,könne
16130,derselbe,derselbe,DET,nk,16131,Revierjäger
16131,Revierjäger,Revierjäger,NOUN,pd,16132,sein
16132,sein,sein,AUX,oc,16133,könne
16133,könne,können,AUX,oc,16125,Herz
16134,",",--,PUNCT,punct,16133,könne
16135,der,der,PRON,cj,16125,Herz
16136,vor,vor,ADP,mo,16135,der
16137,zwei,zwei,NUM,nk,16138,Jahren
16138,Jahren,Jahr,NOUN,nk,16136,vor
16139,eine,ein,DET,ROOT,16139,eine
16140,Erbschaft,Erbschaft,NOUN,sb,16150,erhob
16141,",",--,PUNCT,punct,16140,Erbschaft
16142,die,der,PRON,sb,16148,zugefallen
16143,seinem,sein,DET,nk,16144,Weibe
16144,Weibe,Weibe,NOUN,da,16148,zugefallen
16145,von,von,ADP,pg,16144,Weibe
16146,Neapel,Neapel,PROPN,nk,16145,von
16147,aus,aus,ADP,ac,16145,von
16148,zugefallen,zugefallen,VERB,rc,16140,Erbschaft
16149,",",--,PUNCT,punct,16150,erhob
16150,erhob,erheben,VERB,ROOT,16150,erhob
16151,.,--,PUNCT,punct,16150,erhob
16152,Schnell,schnell,ADV,mo,16153,eilte
16153,eilte,eilen,VERB,ROOT,16153,eilte
16154,er,er,PRON,sb,16153,eilte
16155,fort,fort,ADV,ROOT,16155,fort
16156,und,und,CCONJ,cd,16155,fort
16157,überzeugte,überzeugen,VERB,cj,16156,und
16158,sich,sich,PRON,oa,16157,überzeugte
16159,",",--,PUNCT,punct,16157,überzeugte
16160,als,als,SCONJ,cp,16164,sah
16161,er,er,PRON,sb,16164,sah
16162,nur,nur,ADV,mo,16163,Andres
16163,Andres,Andres,NOUN,oa,16164,sah
16164,sah,sehen,VERB,mo,16157,überzeugte
16165,",",--,PUNCT,punct,16157,überzeugte
16166,sogleich,sogleich,ADV,mo,16167,von
16167,von,von,ADP,mo,16157,überzeugte
16168,der,der,DET,nk,16169,Wahrheit
16169,Wahrheit,Wahrheit,NOUN,nk,16167,von
16170,seiner,sein,DET,nk,16171,Vermutung
16171,Vermutung,Vermutung,NOUN,ROOT,16171,Vermutung
16172,.,--,PUNCT,punct,16171,Vermutung
16173,Durch,durch,ADP,ROOT,16173,Durch
16174,die,der,DET,nk,16176,Bemühungen
16175,eifrigen,eifrig,ADJ,nk,16176,Bemühungen
16176,Bemühungen,Bemühung,NOUN,nk,16173,Durch
16177,des,der,DET,nk,16179,Kaufmanns
16178,wackern,wackern,ADJ,nk,16179,Kaufmanns
16179,Kaufmanns,Kaufmann,NOUN,ag,16176,Bemühungen
16180,und,und,CCONJ,cd,16179,Kaufmanns
16181,des,der,DET,cj,16180,und
16182,jungen,jung,ADJ,nk,16183,Grafen
16183,Grafen,Graf,NOUN,da,16186,wurde
16184,von,von,ADP,pg,16183,Grafen
16185,Vach,Vach,PROPN,nk,16184,von
16186,wurde,werden,AUX,ROOT,16186,wurde
16187,Andres,Andres,PROPN,sb,16186,wurde
16188,',--,PUNCT,punct,16187,Andres
16189,Aufenthalt,Aufenthalt,NOUN,pd,16186,wurde
16190,in,in,ADP,mnr,16189,Aufenthalt
16191,Frankfurt,Frankfurt,PROPN,nk,16190,in
16192,bis,bis,ADP,ac,16193,auf
16193,auf,auf,ADP,mo,16186,wurde
16194,die,der,DET,nk,16195,Stunde
16195,Stunde,Stunde,NOUN,nk,16193,auf
16196,ausgemittelt,ausmitteln,VERB,ROOT,16196,ausgemittelt
16197,",",--,PUNCT,punct,16196,ausgemittelt
16198,dadurch,dadurch,ADV,mo,16206,dargetan
16199,aber,aber,ADV,mo,16206,dargetan
16200,seine,sein,DET,nk,16202,Unschuld
16201,völlige,völlig,ADJ,nk,16202,Unschuld
16202,Unschuld,Unschuld,NOUN,oa,16206,dargetan
16203,an,an,ADP,mnr,16202,Unschuld
16204,dem,der,DET,nk,16205,Raubmorde
16205,Raubmorde,Raubmorde,NOUN,nk,16203,an
16206,dargetan,dargetan,VERB,oc,16196,ausgemittelt
16207,.,--,PUNCT,punct,16196,ausgemittelt
16208,Denner,Denner,NOUN,sb,16210,gestand
16209,selbst,selbst,ADV,mnr,16208,Denner
16210,gestand,gestehen,VERB,ROOT,16210,gestand
16211,nun,nun,ADV,mo,16210,gestand
16212,die,der,DET,nk,16213,Richtigkeit
16213,Richtigkeit,Richtigkeit,NOUN,sb,16210,gestand
16214,der,der,DET,nk,16215,Angabe
16215,Angabe,Angabe,NOUN,ag,16213,Richtigkeit
16216,des,der,DET,nk,16217,Andres
16217,Andres,Andr,NOUN,ag,16215,Angabe
16218,über,über,ADP,mnr,16215,Angabe
16219,das,der,DET,nk,16218,über
16220,Verhältnis,Verhältnis,NOUN,ROOT,16220,Verhältnis
16221,mit,mit,ADP,op,16220,Verhältnis
16222,ihm,ihm,PRON,nk,16221,mit
16223,und,und,CCONJ,cd,16220,Verhältnis
16224,meinte,meinen,VERB,cj,16223,und
16225,nur,nur,ADV,mo,16224,meinte
16226,",",--,PUNCT,punct,16224,meinte
16227,der,der,DET,nk,16228,Satan
16228,Satan,Satan,PROPN,sb,16229,müsse
16229,müsse,müssen,AUX,oc,16224,meinte
16230,ihn,ihn,PRON,oa,16231,geblendet
16231,geblendet,blenden,VERB,oc,16232,haben
16232,haben,haben,AUX,oc,16229,müsse
16233,;,--,PUNCT,punct,16220,Verhältnis
16234,denn,denn,CCONJ,ju,16235,in
16235,in,in,ADP,ROOT,16235,in
16236,der,der,DET,nk,16237,Tat
16237,Tat,Tat,NOUN,da,16240,geglaubt
16238,hätte,haben,AUX,ROOT,16238,hätte
16239,er,er,PRON,sb,16238,hätte
16240,geglaubt,glauben,VERB,oc,16238,hätte
16241,",",--,PUNCT,punct,16240,geglaubt
16242,Andres,Andres,NOUN,sb,16243,fechte
16243,fechte,fechen,VERB,oc,16240,geglaubt
16244,auf,auf,ADP,mo,16243,fechte
16245,dem,der,DET,nk,16247,Schloß
16246,Vachschen,Vachschen,ADJ,nk,16247,Schloß
16247,Schloß,Schloß,NOUN,nk,16244,auf
16248,an,an,ADP,mnr,16247,Schloß
16249,seiner,sein,DET,dep,16238,hätte
16250,Seite,Seite,NOUN,ROOT,16250,Seite
16251,.,--,PUNCT,punct,16250,Seite
16252,Für,für,ADP,ROOT,16252,Für
16253,die,der,DET,nk,16255,Teilnahme
16254,erzwungene,erzwungen,ADJ,nk,16255,Teilnahme
16255,Teilnahme,Teilnahme,NOUN,nk,16252,Für
16256,an,an,ADP,op,16255,Teilnahme
16257,der,der,DET,nk,16258,Ausplünderung
16258,Ausplünderung,Ausplünderung,NOUN,nk,16256,an
16259,des,der,DET,nk,16260,Pachterhofes
16260,Pachterhofes,Pachterhof,NOUN,ag,16258,Ausplünderung
16261,",",--,PUNCT,punct,16255,Teilnahme
16262,sowie,sowie,CCONJ,ju,16269,hatte
16263,für,für,ADP,mo,16269,hatte
16264,die,der,DET,nk,16266,Rettung
16265,gesetzwidrige,gesetzwidrig,ADJ,nk,16266,Rettung
16266,Rettung,Rettung,NOUN,nk,16263,für
16267,Denners,Denner,PROPN,ag,16266,Rettung
16268,",",--,PUNCT,punct,16269,hatte
16269,hatte,haben,AUX,ROOT,16269,hatte
16270,",",--,PUNCT,punct,16269,hatte
16271,nach,nach,ADP,mo,16269,hatte
16272,dem,der,DET,nk,16273,Ausspruch
16273,Ausspruch,Ausspruch,NOUN,nk,16271,nach
16274,der,der,DET,dep,16269,hatte
16275,Richter,Richter,NOUN,sb,16279,gebüßt
16276,",",--,PUNCT,punct,16275,Richter
16277,Andres,Andres,NOUN,cj,16275,Richter
16278,genug,genug,ADV,mnr,16277,Andres
16279,gebüßt,büßen,VERB,ROOT,16279,gebüßt
16280,durch,durch,ADP,mo,16279,gebüßt
16281,das,der,DET,nk,16284,Gefängnis
16282,lange,lang,ADJ,mo,16283,harte
16283,harte,hart,ADJ,nk,16284,Gefängnis
16284,Gefängnis,Gefängnis,NOUN,nk,16280,durch
16285,und,und,CCONJ,cd,16280,durch
16286,durch,durch,ADP,cj,16285,und
16287,die,der,DET,nk,16286,durch
16288,ausgestandene,ausgestanden,ADJ,nk,16289,Marter
16289,Marter,Marter,NOUN,ROOT,16289,Marter
16290,und,und,CCONJ,cd,16289,Marter
16291,Todesangst,Todesangst,NOUN,cj,16290,und
16292,;,--,PUNCT,punct,16289,Marter
16293,er,er,PRON,sb,16294,wurde
16294,wurde,werden,AUX,ROOT,16294,wurde
16295,daher,daher,ADV,mo,16294,wurde
16296,durch,durch,ADP,mo,16294,wurde
16297,Urtel,Urtel,NOUN,nk,16296,durch
16298,und,und,CCONJ,cd,16297,Urtel
16299,Recht,Recht,NOUN,cj,16298,und
16300,von,von,ADP,pg,16296,durch
16301,jeder,jeder,DET,nk,16303,Strafe
16302,weiteren,weit,ADJ,nk,16303,Strafe
16303,Strafe,Strafe,NOUN,da,16304,freigesprochen
16304,freigesprochen,freisprechen,VERB,ROOT,16304,freigesprochen
16305,und,und,CCONJ,cd,16304,freigesprochen
16306,eilte,eilen,VERB,cj,16305,und
16307,mit,mit,ADP,mo,16306,eilte
16308,seiner,sein,DET,nk,16309,Giorgina
16309,Giorgina,Giorgina,PROPN,nk,16307,mit
16310,auf,auf,ADP,mo,16306,eilte
16311,das,der,DET,nk,16310,auf
16312,Vachsche,Vachsche,ADJ,nk,16313,Schloß
16313,Schloß,Schloß,NOUN,ROOT,16313,Schloß
16314,",",--,PUNCT,punct,16313,Schloß
16315,wo,wo,SCONJ,mo,16320,Graf
16316,ihm,ihm,PRON,da,16320,Graf
16317,der,der,DET,nk,16320,Graf
16318,edle,edel,ADJ,nk,16320,Graf
16319,wohltätige,wohltätig,ADJ,nk,16320,Graf
16320,Graf,Graf,NOUN,par,16313,Schloß
16321,im,in,ADP,mnr,16320,Graf
16322,Nebengebäude,Nebengebäude,NOUN,nk,16321,im
16323,eine,ein,DET,nk,16324,Wohnung
16324,Wohnung,Wohnung,NOUN,sb,16320,Graf
16325,einräumte,einräumt,ADJ,ROOT,16325,einräumte
16326,",",--,PUNCT,punct,16325,einräumte
16327,von,von,ADP,mo,16332,Jagddienste
16328,ihm,ihm,PRON,nk,16327,von
16329,nur,nur,ADV,mo,16332,Jagddienste
16330,die,der,DET,nk,16332,Jagddienste
16331,geringen,gering,ADJ,nk,16332,Jagddienste
16332,Jagddienste,Jagddienst,NOUN,mo,16333,fordernd
16333,fordernd,fordernd,ADV,mo,16325,einräumte
16334,",",--,PUNCT,punct,16333,fordernd
16335,die,der,PRON,dep,16333,fordernd
16336,des,der,DET,nk,16337,Grafen
16337,Grafen,Graf,NOUN,og,16325,einräumte
16338,persönliche,persönlich,ADJ,nk,16339,Liebhaberei
16339,Liebhaberei,Liebhaberei,NOUN,sb,16341,machte
16340,notwendig,notwendig,ADV,mo,16341,machte
16341,machte,machen,VERB,ROOT,16341,machte
16342,.,--,PUNCT,punct,16341,machte
16343,Auch,auch,ADV,mo,16345,Gerichtskosten
16344,die,der,DET,nk,16345,Gerichtskosten
16345,Gerichtskosten,Gerichtskoste,NOUN,sb,16346,bezahlte
16346,bezahlte,bezahlen,VERB,ROOT,16346,bezahlte
16347,der,der,DET,ROOT,16347,der
16348,Graf,Graf,NOUN,ROOT,16348,Graf
16349,",",--,PUNCT,punct,16348,Graf
16350,so,so,ADV,mo,16352,Andres
16351,daß,daß,SCONJ,cp,16352,Andres
16352,Andres,Andres,NOUN,par,16348,Graf
16353,und,und,CCONJ,cd,16352,Andres
16354,Giorgina,Giorgina,PROPN,cj,16353,und
16355,in,in,ADP,mnr,16352,Andres
16356,dem,der,DET,nk,16358,Besitz
16357,ungekränkten,ungekränkt,ADJ,nk,16358,Besitz
16358,Besitz,Besitz,NOUN,nk,16355,in
16359,ihres,ihr,DET,nk,16360,Vermögens
16360,Vermögens,Vermögen,NOUN,ag,16358,Besitz
16361,blieben,bleiben,VERB,ROOT,16361,blieben
16362,.,--,PUNCT,punct,16361,blieben
16363,Der,der,DET,nk,16364,Prozeß
16364,Prozeß,Prozeß,NOUN,sb,16370,nahm
16365,wider,wider,ADP,mnr,16364,Prozeß
16366,den,der,DET,nk,16369,Denner
16367,verruchten,verrucht,ADJ,nk,16369,Denner
16368,Ignaz,Ignaz,PROPN,pnc,16369,Denner
16369,Denner,Denner,PROPN,nk,16365,wider
16370,nahm,nehmen,VERB,ROOT,16370,nahm
16371,jetzt,jetzt,ADV,mo,16370,nahm
16372,eine,ein,DET,nk,16374,andere
16373,ganz,ganz,ADV,mo,16374,andere
16374,andere,anderer,PRON,oa,16370,nahm
16375,Wendung,Wendung,NOUN,ROOT,16375,Wendung
16376,.,--,PUNCT,punct,16375,Wendung
16377,Die,der,DET,nk,16378,Begebenheit
16378,Begebenheit,Begebenheit,NOUN,sb,16382,schien
16379,auf,auf,ADP,mnr,16378,Begebenheit
16380,der,der,DET,nk,16381,Gerichtsstätte
16381,Gerichtsstätte,Gerichtsstätte,NOUN,nk,16379,auf
16382,schien,scheinen,VERB,ROOT,16382,schien
16383,ihn,ihn,PRON,oa,16382,schien
16384,ganz,ganz,ADV,mo,16385,umgewandelt
16385,umgewandelt,umwandeln,VERB,mo,16382,schien
16386,zu,zu,ADP,svp,16382,schien
16387,haben,haben,AUX,ROOT,16387,haben
16388,.,--,PUNCT,punct,16387,haben
16389,Sein,sein,DET,nk,16390,höhnender
16390,höhnender,Höhnender,ADJ,nk,16392,Stolz
16391,teuflischer,teuflisch,ADJ,nk,16392,Stolz
16392,Stolz,Stolz,NOUN,sb,16393,war
16393,war,sein,AUX,ROOT,16393,war
16394,gebeugt,gebeugt,ADV,pd,16393,war
16395,",",--,PUNCT,punct,16393,war
16396,und,und,CCONJ,cd,16393,war
16397,aus,aus,ADP,cj,16396,und
16398,seinem,sein,DET,nk,16397,aus
16399,zerknirschten,zerknirscht,ADJ,nk,16400,Innern
16400,Innern,innere,NOUN,da,16401,brachen
16401,brachen,brechen,VERB,ROOT,16401,brachen
16402,Geständnisse,Geständnis,NOUN,oa,16401,brachen
16403,hervor,hervor,ADV,svp,16401,brachen
16404,",",--,PUNCT,punct,16401,brachen
16405,die,der,PRON,dep,16401,brachen
16406,den,der,DET,nk,16407,Richtern
16407,Richtern,Richter,NOUN,da,16405,die
16408,das,der,DET,nk,16409,Haar
16409,Haar,Haar,NOUN,dep,16401,brachen
16410,sträubten,sträubn,VERB,ROOT,16410,sträubten
16411,.,--,PUNCT,punct,16410,sträubten
16412,Denner,Denner,PROPN,sb,16413,klagte
16413,klagte,klagen,VERB,ROOT,16413,klagte
16414,sich,sich,PRON,oa,16413,klagte
16415,selbst,selbst,ADV,mo,16413,klagte
16416,mit,mit,ADP,mo,16413,klagte
16417,allen,aller,DET,nk,16418,Zeichen
16418,Zeichen,Zeichen,NOUN,nk,16416,mit
16419,tiefer,tief,ADJ,nk,16420,Reue
16420,Reue,Reue,NOUN,ag,16418,Zeichen
16421,des,der,DET,punct,16413,klagte
16422,Bündnisses,Bündnis,NOUN,ROOT,16422,Bündnisses
16423,mit,mit,ADP,mnr,16422,Bündnisses
16424,dem,der,DET,nk,16425,Satan
16425,Satan,Satan,PROPN,nk,16423,mit
16426,an,an,ADP,svp,16422,Bündnisses
16427,",",--,PUNCT,punct,16422,Bündnisses
16428,das,der,PRON,oa,16434,unterhalten
16429,er,er,PRON,sb,16434,unterhalten
16430,von,von,ADP,op,16434,unterhalten
16431,seiner,sein,DET,nk,16433,Jugendzeit
16432,frühen,früh,ADJ,nk,16433,Jugendzeit
16433,Jugendzeit,Jugendzeit,NOUN,nk,16430,von
16434,unterhalten,unterhalten,VERB,rc,16422,Bündnisses
16435,",",--,PUNCT,punct,16422,Bündnisses
16436,und,und,CCONJ,ju,16438,wurde
16437,so,so,ADV,mo,16438,wurde
16438,wurde,werden,AUX,ROOT,16438,wurde
16439,vorzüglich,vorzüglich,ADV,mo,16438,wurde
16440,hierauf,hierauf,ADV,mo,16438,wurde
16441,die,der,DET,nk,16443,Untersuchung
16442,fernere,fern,ADJ,nk,16443,Untersuchung
16443,Untersuchung,Untersuchung,NOUN,sb,16438,wurde
16444,mit,mit,ADP,mo,16438,wurde
16445,dem,der,DET,nk,16446,Zutritt
16446,Zutritt,Zutritt,NOUN,nk,16444,mit
16447,dazu,dazu,ADV,mo,16438,wurde
16448,verordneter,verordnet,ADJ,nk,16449,Geistlichkeit
16449,Geistlichkeit,Geistlichkeit,NOUN,ROOT,16449,Geistlichkeit
16450,gerichtet,richten,VERB,oc,16449,Geistlichkeit
16451,.,--,PUNCT,punct,16449,Geistlichkeit
16452,Über,über,ADP,ROOT,16452,Über
16453,seine,sein,DET,nk,16455,Lebensverhältnisse
16454,früheren,früh,ADJ,nk,16455,Lebensverhältnisse
16455,Lebensverhältnisse,Lebensverhältnis,NOUN,nk,16452,Über
16456,erzählte,erzählt,ADJ,ROOT,16456,erzählte
16457,Denner,Denner,NOUN,sb,16456,erzählte
16458,so,so,ADV,mo,16459,viel
16459,viel,viel,DET,nk,16460,Sonderbares
16460,Sonderbares,Sonderbares,PROPN,oa,16456,erzählte
16461,",",--,PUNCT,punct,16460,Sonderbares
16462,daß,daß,SCONJ,cp,16468,wahnsinniger
16463,man,man,PRON,sb,16468,wahnsinniger
16464,es,es,PRON,oa,16468,wahnsinniger
16465,für,für,ADP,mo,16468,wahnsinniger
16466,das,der,DET,nk,16467,Erzeugnis
16467,Erzeugnis,Erzeugnis,NOUN,nk,16465,für
16468,wahnsinniger,wahnsinnig,VERB,cc,16458,so
16469,Überspannung,Überspannung,NOUN,sb,16470,hätte
16470,hätte,haben,AUX,ROOT,16470,hätte
16471,halten,halten,VERB,oc,16472,müssen
16472,müssen,müssen,AUX,oc,16470,hätte
16473,",",--,PUNCT,punct,16472,müssen
16474,wenn,wenn,SCONJ,cp,16476,durch
16475,nicht,nicht,PART,ng,16476,durch
16476,durch,durch,ADP,mo,16471,halten
16477,die,der,DET,nk,16478,Erkundigungen
16478,Erkundigungen,Erkundigung,NOUN,nk,16476,durch
16479,",",--,PUNCT,punct,16478,Erkundigungen
16480,die,der,PRON,punct,16470,hätte
16481,man,man,PRON,sb,16480,die
16482,in,in,ADP,mo,16489,einziehen
16483,Neapel,Neapel,PROPN,nk,16482,in
16484,",",--,PUNCT,punct,16483,Neapel
16485,seinem,sein,DET,nk,16487,Geburtsort
16486,angeblichen,angeblich,ADJ,nk,16487,Geburtsort
16487,Geburtsort,Geburtsort,NOUN,app,16483,Neapel
16488,",",--,PUNCT,punct,16489,einziehen
16489,einziehen,einziehen,VERB,oc,16490,ließ
16490,ließ,lassen,VERB,ROOT,16490,ließ
16491,",",--,PUNCT,punct,16493,bestätigt
16492,alles,alle,PRON,oa,16493,bestätigt
16493,bestätigt,bestätigen,VERB,oc,16490,ließ
16494,worden,werden,AUX,oc,16495,wäre
16495,wäre,sein,AUX,ROOT,16495,wäre
16496,.,--,PUNCT,punct,16495,wäre
16497,Ein,ein,DET,nk,16498,Auszug
16498,Auszug,Auszug,NOUN,ROOT,16498,Auszug
16499,aus,aus,ADP,mnr,16498,Auszug
16500,den,der,DET,ROOT,16500,den
16501,von,von,ADP,pg,16500,den
16502,dem,der,DET,nk,16504,Gericht
16503,geistlichen,geistlich,ADJ,nk,16504,Gericht
16504,Gericht,Gericht,NOUN,nk,16501,von
16505,in,in,ADP,mnr,16504,Gericht
16506,Neapel,Neapel,PROPN,nk,16505,in
16507,verhandelten,verhandelt,ADJ,nk,16508,Akten
16508,Akten,Akte,NOUN,da,16509,ergab
16509,ergab,ergeben,VERB,ROOT,16509,ergab
16510,über,über,ADP,mo,16509,ergab
16511,Denners,Denner,PROPN,ag,16512,Herkunft
16512,Herkunft,Herkunft,NOUN,nk,16510,über
16513,folgende,folgend,ADJ,nk,16515,Umstände
16514,merkwürdige,merkwürdig,ADJ,nk,16515,Umstände
16515,Umstände,Umstand,NOUN,sb,16509,ergab
16516,.,--,PUNCT,punct,16509,ergab
16517,Vor,vor,ADP,mo,16520,lebte
16518,langen,lang,ADJ,nk,16519,Jahren
16519,Jahren,Jahr,NOUN,nk,16517,Vor
16520,lebte,leben,VERB,ROOT,16520,lebte
16521,in,in,ADP,mo,16520,lebte
16522,Neapel,Neapel,PROPN,nk,16521,in
16523,ein,ein,DET,nk,16526,Doktor
16524,alter,alt,ADJ,nk,16526,Doktor
16525,wunderlicher,wunderlich,ADJ,nk,16526,Doktor
16526,Doktor,Doktor,NOUN,sb,16520,lebte
16527,",",--,PUNCT,punct,16526,Doktor
16528,Trabacchio,Trabacchio,NOUN,app,16526,Doktor
16529,mit,mit,ADP,svp,16520,lebte
16530,Namen,Name,NOUN,ROOT,16530,Namen
16531,",",--,PUNCT,punct,16530,Namen
16532,den,der,PRON,oa,16538,Kuren
16533,man,man,PRON,sb,16538,Kuren
16534,seiner,sein,DET,nk,16538,Kuren
16535,geheimnisvollen,geheimnisvoll,ADJ,nk,16538,Kuren
16536,stets,stets,ADV,mo,16537,glücklichen
16537,glücklichen,glücklich,ADJ,nk,16538,Kuren
16538,Kuren,Kur,NOUN,dep,16530,Namen
16539,wegen,wegen,ADP,mo,16530,Namen
16540,insgemein,insgemein,ADV,nk,16539,wegen
16541,den,der,DET,nk,16542,Wunderdoktor
16542,Wunderdoktor,Wunderdoktor,NOUN,oa,16544,nennen
16543,zu,zu,PART,pm,16544,nennen
16544,nennen,nennen,VERB,oc,16545,pflegte
16545,pflegte,pflegen,VERB,ROOT,16545,pflegte
16546,.,--,PUNCT,punct,16545,pflegte
16547,Es,es,PRON,sb,16548,schien
16548,schien,scheinen,VERB,ROOT,16548,schien
16549,",",--,PUNCT,punct,16548,schien
16550,als,als,SCONJ,cm,16553,Alter
16551,wenn,wenn,SCONJ,mo,16553,Alter
16552,das,der,DET,nk,16553,Alter
16553,Alter,Alter,NOUN,cc,16548,schien
16554,nichts,nichts,PRON,oa,16553,Alter
16555,über,über,ADP,mnr,16554,nichts
16556,ihn,ihn,PRON,oa,16557,vermöge
16557,vermöge,vermögen,VERB,ROOT,16557,vermöge
16558,;,--,PUNCT,punct,16557,vermöge
16559,denn,denn,CCONJ,ju,16561,schritt
16560,er,er,PRON,sb,16561,schritt
16561,schritt,schritt,VERB,ROOT,16561,schritt
16562,rasch,rasch,ADV,mo,16561,schritt
16563,und,und,CCONJ,cd,16562,rasch
16564,jugendlich,jugendlich,ADV,cj,16563,und
16565,daher,daher,ADV,svp,16561,schritt
16566,",",--,PUNCT,punct,16561,schritt
16567,unerachtet,unerachten,VERB,cj,16561,schritt
16568,mehrere,mehrere,PRON,oa,16567,unerachtet
16569,Eingeborne,Eingeborn,NOUN,sb,16572,konnten
16570,ihm,ihm,PRON,da,16571,nachrechnen
16571,nachrechnen,nachrechnen,VERB,oc,16572,konnten
16572,konnten,können,AUX,ROOT,16572,konnten
16573,",",--,PUNCT,punct,16572,konnten
16574,daß,daß,SCONJ,cp,16582,müßte
16575,er,er,PRON,sb,16582,müßte
16576,an,an,ADP,mo,16581,sein
16577,die,der,DET,nk,16579,Jahre
16578,achtzig,achtzig,NUM,nk,16579,Jahre
16579,Jahre,Jahr,NOUN,nk,16576,an
16580,alt,alt,ADV,pd,16581,sein
16581,sein,sein,AUX,oc,16582,müßte
16582,müßte,müssen,AUX,sb,16572,konnten
16583,.,--,PUNCT,punct,16572,konnten
16584,Sein,sein,DET,nk,16585,Gesicht
16585,Gesicht,Gesicht,NOUN,sb,16586,war
16586,war,sein,AUX,ROOT,16586,war
16587,auf,auf,ADP,mo,16592,verzerrt
16588,eine,ein,DET,nk,16591,Weise
16589,seltsame,seltsam,ADJ,nk,16591,Weise
16590,grausige,grausig,ADJ,nk,16591,Weise
16591,Weise,Weise,NOUN,nk,16587,auf
16592,verzerrt,verzerren,VERB,oc,16586,war
16593,und,und,CCONJ,cd,16592,verzerrt
16594,verschrumpft,verschrumpfen,VERB,cj,16593,und
16595,",",--,PUNCT,punct,16586,war
16596,und,und,CCONJ,ju,16599,konnte
16597,seinen,sein,DET,nk,16598,Blick
16598,Blick,Blick,NOUN,cj,16596,und
16599,konnte,können,AUX,ROOT,16599,konnte
16600,man,man,PRON,sb,16599,konnte
16601,kaum,kaum,ADV,mo,16602,ohne
16602,ohne,ohne,ADP,mo,16599,konnte
16603,innern,innern,NOUN,nk,16602,ohne
16604,Schauer,Schauer,NOUN,oa,16605,ertragen
16605,ertragen,ertragen,VERB,oc,16599,konnte
16606,",",--,PUNCT,punct,16599,konnte
16607,wiewohl,wiewohl,SCONJ,mo,16599,konnte
16608,er,er,PRON,sb,16599,konnte
16609,oft,oft,ADV,mo,16599,konnte
16610,den,der,DET,nk,16611,Kranken
16611,Kranken,kranke,NOUN,da,16613,tat
16612,wohl,wohl,ADV,mo,16613,tat
16613,tat,tun,VERB,ROOT,16613,tat
16614,",",--,PUNCT,punct,16613,tat
16615,so,so,ADV,mo,16618,sagte
16616,daß,daß,SCONJ,cp,16618,sagte
16617,man,man,PRON,sb,16618,sagte
16618,sagte,sagen,VERB,mo,16613,tat
16619,",",--,PUNCT,punct,16618,sagte
16620,bloß,bloß,ADV,mo,16621,durch
16621,durch,durch,ADP,oc,16618,sagte
16622,den,der,DET,nk,16623,scharf
16623,scharf,scharf,ADV,nk,16621,durch
16624,auf,auf,ADP,mnr,16623,scharf
16625,den,der,DET,nk,16626,Kranken
16626,Kranken,kranke,NOUN,nk,16624,auf
16627,gehefteten,geheftet,ADJ,nk,16628,Blick
16628,Blick,Blick,NOUN,oa,16629,heile
16629,heile,heile,VERB,ROOT,16629,heile
16630,er,er,PRON,sb,16629,heile
16631,oftmals,oftmals,ADV,mo,16629,heile
16632,schwere,schwer,ADJ,nk,16634,Übel
16633,hartnäckige,hartnäckig,ADJ,nk,16634,Übel
16634,Übel,Übel,NOUN,oa,16629,heile
16635,.,--,PUNCT,punct,16629,heile
16636,Über,über,ADP,ROOT,16636,Über
16637,seinen,sein,DET,nk,16636,Über
16638,schwarzen,schwarz,ADJ,nk,16639,Anzug
16639,Anzug,Anzug,NOUN,oa,16640,warf
16640,warf,werfen,VERB,ROOT,16640,warf
16641,er,er,PRON,sb,16640,warf
16642,gewöhnlich,gewöhnlich,ADV,mo,16640,warf
16643,einen,ein,DET,nk,16646,Mantel
16644,weiten,weit,ADJ,nk,16646,Mantel
16645,roten,rot,ADJ,nk,16646,Mantel
16646,Mantel,Mantel,NOUN,oa,16640,warf
16647,mit,mit,ADP,mo,16640,warf
16648,goldnen,Goldn,NOUN,nk,16647,mit
16649,Tressen,Tress,NOUN,ROOT,16649,Tressen
16650,und,und,CCONJ,cd,16649,Tressen
16651,Troddeln,Troddel,NOUN,cj,16650,und
16652,",",--,PUNCT,punct,16649,Tressen
16653,unter,unter,ADP,mo,16655,bauschichten
16654,dessen,der,PRON,nk,16653,unter
16655,bauschichten,bauschicht,ADJ,nk,16656,Falten
16656,Falten,Falte,NOUN,app,16649,Tressen
16657,der,der,DET,nk,16659,Stoßdegen
16658,lange,lang,ADV,nk,16659,Stoßdegen
16659,Stoßdegen,Stoßdeg,NOUN,ag,16656,Falten
16660,hervorragte,hervorragen,VERB,ROOT,16660,hervorragte
16661,.,--,PUNCT,punct,16660,hervorragte
16662,So,so,ADV,mo,16663,lief
16663,lief,laufen,VERB,ROOT,16663,lief
16664,er,er,PRON,sb,16663,lief
16665,mit,mit,ADP,mo,16663,lief
16666,einer,ein,DET,nk,16667,Kiste
16667,Kiste,Kiste,NOUN,nk,16665,mit
16668,seiner,sein,DET,nk,16669,Arzneien
16669,Arzneien,Arznei,NOUN,ag,16667,Kiste
16670,",",--,PUNCT,punct,16669,Arzneien
16671,die,der,PRON,oa,16672,er
16672,er,er,PRON,oa,16663,lief
16673,selbst,selbst,ADV,mnr,16672,er
16674,bereitete,bereiten,VERB,ROOT,16674,bereitete
16675,",",--,PUNCT,punct,16674,bereitete
16676,durch,durch,ADP,mo,16674,bereitete
16677,die,der,DET,nk,16678,Straßen
16678,Straßen,Straße,NOUN,nk,16676,durch
16679,von,von,ADP,pg,16678,Straßen
16680,Neapel,Neapel,PROPN,nk,16679,von
16681,zu,zu,ADP,mnr,16678,Straßen
16682,seinen,sein,DET,nk,16683,Kranken
16683,Kranken,kranke,NOUN,nk,16681,zu
16684,",",--,PUNCT,punct,16674,bereitete
16685,und,und,CCONJ,cd,16674,bereitete
16686,jeder,jeder,PRON,sb,16687,wich
16687,wich,weichen,VERB,cj,16685,und
16688,ihm,ihm,PRON,da,16687,wich
16689,scheu,scheu,ADV,mo,16690,aus
16690,aus,aus,ADP,ROOT,16690,aus
16691,.,--,PUNCT,ROOT,16691,.
16692,Nur,nur,ADV,mo,16693,in
16693,in,in,ADP,mo,16697,wandte
16694,der,der,DET,nk,16696,Not
16695,höchsten,hoch,ADJ,nk,16696,Not
16696,Not,Not,NOUN,nk,16693,in
16697,wandte,wenden,VERB,ROOT,16697,wandte
16698,man,man,PRON,sb,16697,wandte
16699,sich,sich,PRON,oa,16697,wandte
16700,an,an,ADP,mo,16697,wandte
16701,ihn,ihn,PRON,nk,16700,an
16702,",",--,PUNCT,punct,16697,wandte
16703,aber,aber,CCONJ,cd,16697,wandte
16704,niemals,niemals,ADV,mo,16705,schlug
16705,schlug,schlagen,VERB,cj,16703,aber
16706,er,er,PRON,sb,16712,besuchen
16707,es,es,PRON,oa,16712,besuchen
16708,aus,aus,ADP,mo,16712,besuchen
16709,einen,ein,DET,nk,16710,Kranken
16710,Kranken,kranke,NOUN,nk,16708,aus
16711,zu,zu,PART,pm,16712,besuchen
16712,besuchen,besuchen,VERB,oc,16719,sonderlichen
16713,",",--,PUNCT,punct,16714,hatte
16714,hatte,haben,AUX,ROOT,16714,hatte
16715,er,er,PRON,sb,16714,hatte
16716,dabei,dabei,ADV,mo,16714,hatte
16717,auch,auch,ADV,mo,16719,sonderlichen
16718,nicht,nicht,PART,ng,16719,sonderlichen
16719,sonderlichen,sonderlichen,VERB,oc,16714,hatte
16720,Gewinn,Gewinn,NOUN,oa,16722,hoffen
16721,zu,zu,PART,pm,16722,hoffen
16722,hoffen,hoffen,VERB,ROOT,16722,hoffen
16723,.,--,PUNCT,punct,16722,hoffen
16724,Mehrere,mehrere,DET,nk,16725,Weiber
16725,Weiber,Weiber,NOUN,sb,16726,starben
16726,starben,sterben,VERB,ROOT,16726,starben
16727,ihm,ihm,PRON,da,16726,starben
16728,schnell,schnell,ADV,mo,16726,starben
16729,;,--,PUNCT,punct,16726,starben
16730,immer,immer,ADV,mo,16731,waren
16731,waren,sein,AUX,ROOT,16731,waren
16732,sie,sie,PRON,sb,16731,waren
16733,ausnehmend,ausnehmend,ADV,mo,16734,schön
16734,schön,schön,ADV,pd,16738,gewesen
16735,und,und,CCONJ,cd,16738,gewesen
16736,insgemein,insgemein,DET,nk,16737,Landdirnen
16737,Landdirnen,Landdirn,NOUN,cj,16735,und
16738,gewesen,sein,AUX,ROOT,16738,gewesen
16739,.,--,PUNCT,punct,16738,gewesen
16740,Er,er,PRON,sb,16741,sperrte
16741,sperrte,sperren,VERB,ROOT,16741,sperrte
16742,sie,sie,PRON,oa,16741,sperrte
16743,ein,ein,ADV,svp,16741,sperrte
16744,und,und,CCONJ,cd,16741,sperrte
16745,erlaubte,erlauben,VERB,ROOT,16745,erlaubte
16746,ihnen,ihnen,PRON,da,16745,erlaubte
16747,",",--,PUNCT,punct,16745,erlaubte
16748,nur,nur,ADV,mo,16749,unter
16749,unter,unter,ADP,mo,16754,häßlichen
16750,Begleitung,Begleitung,NOUN,nk,16749,unter
16751,einer,ein,DET,nk,16753,ekelhaft
16752,alten,alt,ADJ,nk,16753,ekelhaft
16753,ekelhaft,Ekelhaft,NOUN,ag,16750,Begleitung
16754,häßlichen,häßlichen,ADJ,oc,16745,erlaubte
16755,Frau,Frau,NOUN,da,16754,häßlichen
16756,die,der,DET,ROOT,16756,die
16757,Messe,Messe,NOUN,oa,16759,hören
16758,zu,zu,PART,pm,16759,hören
16759,hören,hören,VERB,ROOT,16759,hören
16760,.,--,PUNCT,punct,16759,hören
16761,Diese,dieser,DET,nk,16762,Alte
16762,Alte,alte,NOUN,sb,16763,war
16763,war,sein,AUX,ROOT,16763,war
16764,unbestechlich,unbestechlich,ADV,pd,16763,war
16765,;,--,PUNCT,punct,16763,war
16766,jeder,jeder,PRON,sb,16770,angelegte
16767,noch,noch,ADV,mo,16769,listig
16768,so,so,ADV,mo,16769,listig
16769,listig,listig,ADV,mo,16770,angelegte
16770,angelegte,angelegen,ADJ,ROOT,16770,angelegte
16771,Versuch,Versuch,NOUN,ROOT,16771,Versuch
16772,junger,jung,ADJ,nk,16773,Lüstlinge
16773,Lüstlinge,Lüstling,NOUN,ag,16771,Versuch
16774,",",--,PUNCT,punct,16771,Versuch
16775,den,der,DET,nk,16777,Frauen
16776,schönen,schön,ADJ,nk,16777,Frauen
16777,Frauen,Frau,NOUN,cj,16771,Versuch
16778,des,der,DET,nk,16779,Doktor
16779,Doktor,Doktor,NOUN,ag,16777,Frauen
16780,Trabacchio,Trabacchio,PROPN,nk,16779,Doktor
16781,näher,nah,ADV,mo,16771,Versuch
16782,zu,zu,ADP,mo,16771,Versuch
16783,kommen,kommen,VERB,sb,16785,blieb
16784,",",--,PUNCT,punct,16785,blieb
16785,blieb,bleiben,VERB,ROOT,16785,blieb
16786,fruchtlos,fruchtlos,ADV,pd,16785,blieb
16787,.,--,PUNCT,punct,16785,blieb
16788,Unerachtet,Unerachtet,ADV,ROOT,16788,Unerachtet
16789,Doktor,Doktor,NOUN,ROOT,16789,Doktor
16790,Trabacchio,Trabacchio,PROPN,nk,16789,Doktor
16791,von,von,ADP,pg,16790,Trabacchio
16792,Reichen,reiche,NOUN,nk,16791,von
16793,sich,sich,PRON,oa,16789,Doktor
16794,gut,gut,ADV,pd,16789,Doktor
16795,bezahlen,bezahlen,VERB,oc,16796,ließ
16796,ließ,lassen,VERB,re,16798,so
16797,",",--,PUNCT,punct,16798,so
16798,so,so,ADV,mo,16799,stand
16799,stand,stehen,VERB,ROOT,16799,stand
16800,doch,doch,ADV,mo,16799,stand
16801,seine,sein,DET,nk,16802,Einnahme
16802,Einnahme,Einnahme,NOUN,sb,16799,stand
16803,mit,mit,ADP,mo,16799,stand
16804,dem,der,DET,nk,16805,Reichtum
16805,Reichtum,Reichtum,NOUN,nk,16803,mit
16806,an,an,ADP,mnr,16805,Reichtum
16807,Geld,Geld,NOUN,nk,16806,an
16808,und,und,CCONJ,cd,16799,stand
16809,Kleinodien,Kleinodie,NOUN,ROOT,16809,Kleinodien
16810,",",--,PUNCT,punct,16809,Kleinodien
16811,den,der,PRON,oa,16816,aufgehäuft
16812,er,er,PRON,sb,16817,hatte
16813,in,in,ADP,mo,16816,aufgehäuft
16814,seinem,sein,DET,nk,16815,Hause
16815,Hause,Haus,NOUN,nk,16813,in
16816,aufgehäuft,aufhäufen,VERB,oc,16817,hatte
16817,hatte,haben,AUX,rc,16809,Kleinodien
16818,und,und,CCONJ,cd,16817,hatte
16819,den,der,PRON,oa,16821,niemanden
16820,er,er,PRON,sb,16821,niemanden
16821,niemanden,niemand,PRON,cj,16818,und
16822,verhehlte,verhehln,VERB,ROOT,16822,verhehlte
16823,",",--,PUNCT,punct,16822,verhehlte
16824,in,in,ADP,mo,16822,verhehlte
16825,keinem,kein,DET,nk,16826,Verhältnis
16826,Verhältnis,Verhältnis,NOUN,nk,16824,in
16827,.,--,PUNCT,punct,16822,verhehlte
16828,Dabei,dabei,ADV,mo,16829,war
16829,war,sein,AUX,ROOT,16829,war
16830,er,er,PRON,sb,16829,war
16831,zu,zu,ADP,mo,16829,war
16832,Zeiten,Zeit,NOUN,nk,16831,zu
16833,freigebig,freigebig,ADV,mo,16829,war
16834,bis,bis,ADP,ac,16835,zur
16835,zur,zu,ADP,mo,16829,war
16836,Verschwendung,Verschwendung,NOUN,ROOT,16836,Verschwendung
16837,",",--,PUNCT,punct,16836,Verschwendung
16838,und,und,CCONJ,cd,16836,Verschwendung
16839,hatte,haben,AUX,cj,16838,und
16840,die,der,DET,nk,16841,Gewohnheit
16841,Gewohnheit,Gewohnheit,NOUN,oa,16839,hatte
16842,jedesmal,jedesmal,ADV,mo,16839,hatte
16843,",",--,PUNCT,punct,16842,jedesmal
16844,wenn,wenn,SCONJ,cp,16848,gestorben
16845,ihm,ihm,PRON,da,16848,gestorben
16846,eine,ein,DET,nk,16847,Frau
16847,Frau,Frau,NOUN,sb,16848,gestorben
16848,gestorben,sterben,VERB,re,16842,jedesmal
16849,",",--,PUNCT,punct,16839,hatte
16850,ein,ein,DET,nk,16851,Gastmahl
16851,Gastmahl,Gastmahl,NOUN,oa,16853,geben
16852,zu,zu,PART,pm,16853,geben
16853,geben,geben,VERB,ROOT,16853,geben
16854,",",--,PUNCT,punct,16853,geben
16855,dessen,der,DET,ag,16856,Aufwand
16856,Aufwand,Aufwand,NOUN,sb,16860,betrug
16857,wohl,wohl,ADV,mo,16860,betrug
16858,doppelt,doppelt,ADV,mo,16859,soviel
16859,soviel,soviel,PRON,mo,16860,betrug
16860,betrug,betragen,VERB,rc,16851,Gastmahl
16861,",",--,PUNCT,punct,16860,betrug
16862,als,als,SCONJ,dep,16853,geben
16863,die,der,DET,nk,16862,als
16864,reichste,reich,ADJ,nk,16865,Einnahme
16865,Einnahme,Einnahme,NOUN,ROOT,16865,Einnahme
16866,",",--,PUNCT,punct,16865,Einnahme
16867,die,der,PRON,sb,16875,verschaffte
16868,ihm,ihm,PRON,da,16875,verschaffte
16869,seine,sein,DET,nk,16870,Praxis
16870,Praxis,Praxis,NOUN,sb,16875,verschaffte
16871,ein,ein,DET,nk,16873,Jahr
16872,ganzes,ganz,ADJ,nk,16873,Jahr
16873,Jahr,Jahr,NOUN,oa,16875,verschaffte
16874,hindurch,hindurch,ADV,mnr,16873,Jahr
16875,verschaffte,verschaffen,VERB,rc,16865,Einnahme
16876,.,--,PUNCT,punct,16865,Einnahme
16877,Mit,mit,ADP,mo,16885,erzeugt
16878,seiner,sein,DET,nk,16880,Frau
16879,letzten,letzter,ADJ,nk,16880,Frau
16880,Frau,Frau,NOUN,nk,16877,Mit
16881,hatte,haben,AUX,ROOT,16881,hatte
16882,er,er,PRON,sb,16881,hatte
16883,einen,ein,DET,nk,16884,Sohn
16884,Sohn,Sohn,NOUN,oa,16885,erzeugt
16885,erzeugt,erzeugen,VERB,oc,16881,hatte
16886,",",--,PUNCT,punct,16885,erzeugt
16887,den,der,PRON,oa,16890,einsperrte
16888,er,er,PRON,sb,16890,einsperrte
16889,ebenso,ebenso,ADV,mo,16890,einsperrte
16890,einsperrte,einsperren,VERB,rc,16884,Sohn
16891,",",--,PUNCT,punct,16881,hatte
16892,wie,wie,ADP,cm,16894,Weiber
16893,seine,sein,DET,nk,16894,Weiber
16894,Weiber,Weiber,NOUN,ROOT,16894,Weiber
16895,;,--,PUNCT,punct,16894,Weiber
16896,niemand,niemand,PRON,sb,16897,bekam
16897,bekam,bekommen,VERB,ROOT,16897,bekam
16898,ihn,ihn,PRON,oa,16900,sehen
16899,zu,zu,PART,pm,16900,sehen
16900,sehen,sehen,VERB,oc,16897,bekam
16901,.,--,PUNCT,punct,16897,bekam
16902,Nur,nur,ADV,mo,16903,bei
16903,bei,bei,ADP,mo,16907,das
16904,dem,der,DET,nk,16905,Gastmahl
16905,Gastmahl,Gastmahl,NOUN,nk,16903,bei
16906,",",--,PUNCT,punct,16905,Gastmahl
16907,das,der,PRON,ROOT,16907,das
16908,er,er,PRON,sb,16907,das
16909,nach,nach,ADP,mo,16907,das
16910,dem,der,DET,nk,16911,Tode
16911,Tode,Tod,NOUN,da,16914,gab
16912,dieser,dieser,DET,nk,16913,Frau
16913,Frau,Frau,NOUN,ag,16911,Tode
16914,gab,geben,VERB,mo,16916,saß
16915,",",--,PUNCT,punct,16916,saß
16916,saß,sitzen,VERB,ROOT,16916,saß
16917,der,der,DET,nk,16920,Knabe
16918,kleine,klein,ADJ,nk,16920,Knabe
16919,dreijährige,dreijährig,ADJ,nk,16920,Knabe
16920,Knabe,Knabe,NOUN,sb,16916,saß
16921,an,an,ADP,mo,16916,saß
16922,seiner,sein,DET,nk,16923,Seite
16923,Seite,Seite,NOUN,nk,16921,an
16924,",",--,PUNCT,punct,16916,saß
16925,und,und,CCONJ,cd,16916,saß
16926,alle,aller,DET,nk,16927,Gäste
16927,Gäste,Gast,NOUN,sb,16928,waren
16928,waren,sein,AUX,ROOT,16928,waren
16929,über,über,ADP,op,16938,verwundert
16930,die,der,DET,nk,16931,Schönheit
16931,Schönheit,Schönheit,NOUN,nk,16929,über
16932,und,und,CCONJ,cd,16931,Schönheit
16933,die,der,DET,nk,16934,Klugheit
16934,Klugheit,Klugheit,NOUN,cj,16932,und
16935,des,der,DET,nk,16936,Kindes
16936,Kindes,Kind,NOUN,ag,16934,Klugheit
16937,[,[,NOUN,nk,16936,Kindes
16938,verwundert,verwundern,VERB,pd,16928,waren
16939,],],NOUN,oa,16938,verwundert
16940,",",--,PUNCT,punct,16938,verwundert
16941,das,der,PRON,sb,16944,verriet
16942,man,man,PRON,sb,16941,das
16943,",",--,PUNCT,punct,16944,verriet
16944,verriet,verraten,VERB,ROOT,16944,verriet
16945,sein,sein,DET,nk,16947,Ansehen
16946,körperliches,körperlich,ADJ,nk,16947,Ansehen
16947,Ansehen,ansehen,NOUN,oa,16944,verriet
16948,nicht,nicht,PART,ng,16950,Alter
16949,sein,sein,DET,nk,16950,Alter
16950,Alter,alte,NOUN,pd,16944,verriet
16951,",",--,PUNCT,punct,16950,Alter
16952,seinem,sein,DET,nk,16953,Benehmen
16953,Benehmen,benehmen,NOUN,da,16944,verriet
16954,nach,nach,ADP,mo,16960,können
16955,wenigstens,wenigstens,ADV,nk,16954,nach
16956,für,für,ADP,mo,16960,können
16957,zwölfjährig,zwölfjährig,ADV,nk,16956,für
16958,hätte,haben,AUX,ROOT,16958,hätte
16959,halten,halten,VERB,oc,16960,können
16960,können,können,AUX,oc,16958,hätte
16961,.,--,PUNCT,punct,16958,hätte
16962,Eben,eben,ADV,mo,16963,bei
16963,bei,bei,ADP,ROOT,16963,bei
16964,diesem,dieser,DET,nk,16965,Gastmahl
16965,Gastmahl,Gastmahl,NOUN,nk,16963,bei
16966,äußerte,äußern,VERB,ROOT,16966,äußerte
16967,der,der,DET,nk,16968,Doktor
16968,Doktor,Doktor,NOUN,sb,16966,äußerte
16969,Trabacchio,Trabacchio,PROPN,nk,16968,Doktor
16970,",",--,PUNCT,punct,16966,äußerte
16971,daß,daß,SCONJ,oa,16966,äußerte
16972,",",--,PUNCT,punct,16971,daß
16973,da,da,SCONJ,mo,16971,daß
16974,nunmehr,nunmehr,ADV,mo,16973,da
16975,sein,sein,DET,nk,16976,Wunsch
16976,Wunsch,Wunsch,NOUN,mo,16973,da
16977,",",--,PUNCT,punct,16976,Wunsch
16978,einen,ein,DET,nk,16979,Sohn
16979,Sohn,Sohn,NOUN,cj,16976,Wunsch
16980,zu,zu,ADP,svp,16966,äußerte
16981,haben,haben,AUX,ROOT,16981,haben
16982,",",--,PUNCT,punct,16983,erreicht
16983,erreicht,erreichen,VERB,pd,16984,sei
16984,sei,sein,AUX,oc,16981,haben
16985,",",--,PUNCT,punct,16984,sei
16986,er,er,PRON,sb,16990,werde
16987,nicht,nicht,PART,ng,16989,heiraten
16988,mehr,mehr,ADV,mo,16987,nicht
16989,heiraten,heiraten,VERB,oc,16990,werde
16990,werde,werden,AUX,sb,16984,sei
16991,.,--,PUNCT,punct,16981,haben
16992,Sein,sein,DET,nk,16994,Reichtum
16993,übermäßiger,übermäßig,ADJ,nk,16994,Reichtum
16994,Reichtum,Reichtum,NOUN,ROOT,16994,Reichtum
16995,",",--,PUNCT,punct,16994,Reichtum
16996,aber,aber,ADV,ROOT,16996,aber
16997,noch,noch,ADV,mo,16998,mehr
16998,mehr,mehr,PRON,mo,17001,Wesen
16999,sein,sein,DET,nk,17001,Wesen
17000,geheimnisvolles,geheimnisvoll,ADJ,nk,17001,Wesen
17001,Wesen,Wesen,NOUN,cj,16996,aber
17002,",",--,PUNCT,punct,17001,Wesen
17003,seine,sein,DET,nk,17005,Kuren
17004,wunderbaren,wunderbar,ADJ,nk,17005,Kuren
17005,Kuren,Kur,NOUN,cj,17001,Wesen
17006,",",--,PUNCT,punct,17005,Kuren
17007,die,der,PRON,ROOT,17007,die
17008,bis,bis,ADP,ac,17009,ins
17009,ins,ins,ADP,mnr,17007,die
17010,Unglaubliche,Unglaubliche,NOUN,sb,17011,gingen
17011,gingen,gehen,VERB,ROOT,17011,gingen
17012,",",--,PUNCT,punct,17011,gingen
17013,da,da,SCONJ,cp,17018,bereiteten
17014,bloß,bloß,ADV,mo,17015,einigen
17015,einigen,einiger,PRON,sb,17018,bereiteten
17016,von,von,ADP,sbp,17018,bereiteten
17017,ihm,ihm,PRON,nk,17016,von
17018,bereiteten,bereitet,VERB,mo,17011,gingen
17019,und,und,CCONJ,cd,17018,bereiteten
17020,eingeflößten,eingeflößen,VERB,cj,17019,und
17021,Tropfen,Tropfen,NOUN,ROOT,17021,Tropfen
17022,",",--,PUNCT,punct,17021,Tropfen
17023,ja,ja,ADV,mo,17024,oft
17024,oft,oft,ADV,mo,17027,Betastung
17025,bloß,bloß,ADV,mo,17027,Betastung
17026,seiner,sein,DET,nk,17027,Betastung
17027,Betastung,Betastung,NOUN,cj,17021,Tropfen
17028,",",--,PUNCT,punct,17021,Tropfen
17029,seinem,sein,DET,nk,17030,Blick
17030,Blick,Blick,NOUN,cj,17027,Betastung
17031,",",--,PUNCT,punct,17021,Tropfen
17032,die,der,PRON,sb,17033,hartnäckigsten
17033,hartnäckigsten,hartnäckigsten,VERB,rc,17021,Tropfen
17034,Krankheiten,Krankheit,NOUN,sb,17035,wichen
17035,wichen,wichen,VERB,mo,17037,gaben
17036,",",--,PUNCT,punct,17037,gaben
17037,gaben,geben,VERB,ROOT,17037,gaben
17038,endlich,endlich,ADV,mo,17037,gaben
17039,Anlaß,Anlaß,NOUN,sb,17037,gaben
17040,zu,zu,ADP,mnr,17039,Anlaß
17041,allerlei,allerlei,DET,nk,17043,Gerüchten
17042,seltsamen,seltsam,ADJ,nk,17043,Gerüchten
17043,Gerüchten,Gerücht,NOUN,nk,17040,zu
17044,",",--,PUNCT,punct,17043,Gerüchten
17045,die,der,PRON,oa,17037,gaben
17046,sich,sich,PRON,oa,17049,verbreiteten
17047,in,in,ADP,mo,17049,verbreiteten
17048,Neapel,Neapel,PROPN,nk,17047,in
17049,verbreiteten,verbreiten,VERB,ROOT,17049,verbreiteten
17050,.,--,PUNCT,punct,17049,verbreiteten
17051,Man,man,PRON,sb,17052,hielt
17052,hielt,halten,VERB,ROOT,17052,hielt
17053,den,der,DET,nk,17054,Doktor
17054,Doktor,Doktor,NOUN,oa,17052,hielt
17055,Trabacchio,Trabacchio,PROPN,nk,17054,Doktor
17056,für,für,ADP,mo,17052,hielt
17057,einen,ein,DET,nk,17056,für
17058,Alchymisten,Alchymist,NOUN,ROOT,17058,Alchymisten
17059,",",--,PUNCT,punct,17058,Alchymisten
17060,für,für,ADP,par,17058,Alchymisten
17061,einen,ein,DET,nk,17062,Teufelsbeschwörer
17062,Teufelsbeschwörer,Teufelsbeschwörer,NOUN,nk,17060,für
17063,",",--,PUNCT,punct,17058,Alchymisten
17064,ja,ja,ADV,mo,17066,gab
17065,man,man,PRON,sb,17066,gab
17066,gab,geben,VERB,oc,17058,Alchymisten
17067,ihm,ihm,PRON,da,17066,gab
17068,endlich,endlich,ADV,mo,17066,gab
17069,schuld,schuld,ADV,mo,17066,gab
17070,",",--,PUNCT,punct,17069,schuld
17071,daß,daß,SCONJ,cp,17072,er
17072,er,er,PRON,oc,17069,schuld
17073,mit,mit,ADP,mo,17078,stehe
17074,dem,der,DET,nk,17075,Satan
17075,Satan,Satan,PROPN,nk,17073,mit
17076,im,in,ADP,mo,17078,stehe
17077,Bündnis,Bündnis,NOUN,nk,17076,im
17078,stehe,stehen,VERB,ROOT,17078,stehe
17079,.,--,PUNCT,punct,17078,stehe
17080,Die,der,DET,nk,17082,Sage
17081,letzte,letzter,ADJ,nk,17082,Sage
17082,Sage,Sage,NOUN,sb,17083,entstand
17083,entstand,entstehen,VERB,ROOT,17083,entstand
17084,aus,aus,ADP,op,17083,entstand
17085,einer,ein,DET,nk,17086,seltsamen
17086,seltsamen,seltsam,ADJ,nk,17084,aus
17087,Begebenheit,Begebenheit,NOUN,ROOT,17087,Begebenheit
17088,",",--,PUNCT,punct,17087,Begebenheit
17089,die,der,PRON,sb,17096,zutrug
17090,sich,sich,PRON,oa,17096,zutrug
17091,mit,mit,ADP,op,17096,zutrug
17092,einigen,einiger,DET,nk,17093,Edelleuten
17093,Edelleuten,Edelleut,NOUN,nk,17091,mit
17094,in,in,ADP,mnr,17093,Edelleuten
17095,Neapel,Neapel,PROPN,nk,17094,in
17096,zutrug,zutragen,VERB,rc,17087,Begebenheit
17097,.,--,PUNCT,punct,17087,Begebenheit
17098,Diese,dieser,PRON,sb,17099,kehrten
17099,kehrten,kehren,VERB,ROOT,17099,kehrten
17100,einst,einst,ADV,mo,17101,spät
17101,spät,spät,ADV,mo,17102,in
17102,in,in,ADP,ROOT,17102,in
17103,der,der,DET,nk,17104,Nacht
17104,Nacht,Nacht,NOUN,nk,17102,in
17105,von,von,ADP,pg,17104,Nacht
17106,einem,ein,DET,nk,17107,Gastmahl
17107,Gastmahl,Gastmahl,NOUN,nk,17105,von
17108,zurück,zurück,ADV,mo,17102,in
17109,und,und,CCONJ,cd,17102,in
17110,gerieten,geraten,VERB,cj,17109,und
17111,",",--,PUNCT,punct,17110,gerieten
17112,da,da,SCONJ,ROOT,17112,da
17113,sie,sie,PRON,sb,17112,da
17114,im,in,ADP,mnr,17113,sie
17115,Weinrausch,Weinrausch,PROPN,sb,17118,verfehlt
17116,den,der,DET,nk,17117,Weg
17117,Weg,Weg,NOUN,oa,17118,verfehlt
17118,verfehlt,verfehlen,VERB,ROOT,17118,verfehlt
17119,",",--,PUNCT,punct,17118,verfehlt
17120,in,in,ADP,mo,17118,verfehlt
17121,eine,ein,DET,nk,17124,Gegend
17122,einsame,einsam,ADJ,nk,17124,Gegend
17123,verdächtige,verdächtig,ADJ,nk,17124,Gegend
17124,Gegend,Gegend,NOUN,nk,17120,in
17125,.,--,PUNCT,punct,17118,verfehlt
17126,Da,da,ADV,mo,17127,rauschte
17127,rauschte,rauschen,VERB,ROOT,17127,rauschte
17128,und,und,CCONJ,ju,17129,raschelte
17129,raschelte,raschelen,VERB,ROOT,17129,raschelte
17130,es,es,PRON,ep,17129,raschelte
17131,vor,vor,ADP,mo,17129,raschelte
17132,ihnen,ihnen,PRON,nk,17131,vor
17133,und,und,CCONJ,cd,17129,raschelte
17134,sie,sie,PRON,sb,17135,wurden
17135,wurden,werden,AUX,cj,17133,und
17136,mit,mit,ADP,mo,17138,gewahr
17137,Entsetzen,entsetzen,NOUN,nk,17136,mit
17138,gewahr,gewahr,VERB,oc,17135,wurden
17139,",",--,PUNCT,punct,17138,gewahr
17140,daß,daß,SCONJ,mo,17129,raschelte
17141,ein,ein,DET,nk,17142,großer
17142,großer,groß,ADJ,pd,17140,daß
17143,leuchtendroter,leuchtendrot,ADJ,nk,17144,Hahn
17144,Hahn,Hahn,NOUN,ROOT,17144,Hahn
17145,",",--,PUNCT,punct,17144,Hahn
17146,ein,ein,DET,nk,17148,Hirschgeweihe
17147,zackicht,zackicht,ADV,nk,17148,Hirschgeweihe
17148,Hirschgeweihe,Hirschgeweihe,NOUN,cj,17144,Hahn
17149,auf,auf,ADP,mnr,17148,Hirschgeweihe
17150,dem,der,DET,nk,17151,Kopfe
17151,Kopfe,Kopf,NOUN,nk,17149,auf
17152,tragend,tragend,ADV,pd,17144,Hahn
17153,",",--,PUNCT,punct,17144,Hahn
17154,mit,mit,ADP,mo,17144,Hahn
17155,ausgebreiteten,ausgebreitet,ADJ,nk,17156,Flügeln
17156,Flügeln,Flügel,NOUN,ROOT,17156,Flügeln
17157,.,--,PUNCT,punct,17156,Flügeln
17158,daherschritt,daherschritt,VERB,ROOT,17158,daherschritt
17159,",",--,PUNCT,punct,17158,daherschritt
17160,und,und,CCONJ,cd,17158,daherschritt
17161,sie,sie,PRON,cj,17160,und
17162,mit,mit,ADP,mnr,17161,sie
17163,menschlichen,menschlich,ADJ,nk,17165,Augen
17164,funkelnden,funkelnd,ADJ,nk,17165,Augen
17165,Augen,Auge,NOUN,nk,17162,mit
17166,anstarrte,anstarren,VERB,ROOT,17166,anstarrte
17167,.,--,PUNCT,punct,17166,anstarrte
17168,Sie,sie,PRON,sb,17169,drängten
17169,drängten,drängen,VERB,ROOT,17169,drängten
17170,sich,sich,PRON,oa,17169,drängten
17171,in,in,ADP,mo,17169,drängten
17172,eine,ein,DET,nk,17173,Ecke
17173,Ecke,Ecke,NOUN,nk,17171,in
17174,",",--,PUNCT,punct,17169,drängten
17175,der,der,DET,nk,17176,Hahn
17176,Hahn,Hahn,NOUN,sb,17177,schritt
17177,schritt,schritt,NOUN,cj,17169,drängten
17178,vorüber,vorüber,ADV,svp,17177,schritt
17179,",",--,PUNCT,punct,17169,drängten
17180,und,und,CCONJ,cd,17169,drängten
17181,ihm,ihm,PRON,dep,17180,und
17182,folgte,folgen,VERB,ROOT,17182,folgte
17183,eine,ein,DET,nk,17185,Figur
17184,große,groß,ADJ,nk,17185,Figur
17185,Figur,Figur,NOUN,sb,17182,folgte
17186,im,in,ADP,mnr,17185,Figur
17187,glänzenden,glänzend,ADJ,nk,17189,Mantel
17188,goldverbrämten,goldverbrämt,ADJ,nk,17189,Mantel
17189,Mantel,Mantel,NOUN,nk,17186,im
17190,.,--,PUNCT,punct,17182,folgte
17191,Sowie,Sowie,CCONJ,ju,17192,die
17192,die,der,DET,ROOT,17192,die
17193,Gestalten,Gestalt,NOUN,sb,17195,waren
17194,vorüber,vorüber,ADV,mo,17195,waren
17195,waren,sein,AUX,oc,17197,sagte
17196,",",--,PUNCT,punct,17197,sagte
17197,sagte,sagen,VERB,ROOT,17197,sagte
17198,einer,einer,PRON,sb,17197,sagte
17199,von,von,ADP,pg,17198,einer
17200,den,der,DET,nk,17201,Edelleuten
17201,Edelleuten,Edelleut,NOUN,nk,17199,von
17202,leise,leise,ADV,mo,17197,sagte
17203,:,--,PUNCT,punct,17197,sagte
17204,»,--,PUNCT,punct,17206,war
17205,Das,der,PRON,sb,17206,war
17206,war,sein,AUX,oc,17197,sagte
17207,der,der,DET,pd,17206,war
17208,Wunderdoktor,Wunderdoktor,NOUN,pnc,17209,Trabacchio
17209,Trabacchio,Trabacchio,PROPN,ROOT,17209,Trabacchio
17210,.,--,PUNCT,punct,17209,Trabacchio
17211,«,--,PUNCT,punct,17209,Trabacchio
17212,Alle,alle,PRON,ROOT,17212,Alle
17213,",",--,PUNCT,punct,17212,Alle
17214,nüchtern,nüchtern,ADV,pd,17215,geworden
17215,geworden,werden,AUX,par,17212,Alle
17216,durch,durch,ADP,mnr,17212,Alle
17217,den,der,DET,nk,17219,Spuk
17218,entsetzlichen,entsetzlich,ADJ,nk,17219,Spuk
17219,Spuk,Spuk,NOUN,nk,17216,durch
17220,",",--,PUNCT,punct,17212,Alle
17221,ermutigten,ermutign,VERB,ROOT,17221,ermutigten
17222,sich,sich,PRON,oa,17221,ermutigten
17223,und,und,CCONJ,cd,17221,ermutigten
17224,folgten,folgen,VERB,cj,17223,und
17225,dem,der,DET,nk,17227,Doktor
17226,angeblichen,angeblich,ADJ,nk,17227,Doktor
17227,Doktor,Doktor,NOUN,da,17224,folgten
17228,mit,mit,ADP,mnr,17227,Doktor
17229,dem,der,DET,nk,17230,Hahn
17230,Hahn,Hahn,NOUN,nk,17228,mit
17231,",",--,PUNCT,punct,17230,Hahn
17232,dessen,der,DET,ROOT,17232,dessen
17233,Leuchten,leuchten,NOUN,sb,17237,zeigte
17234,den,der,DET,nk,17236,Weg
17235,genommenen,genommen,ADJ,nk,17236,Weg
17236,Weg,Weg,NOUN,oa,17237,zeigte
17237,zeigte,zeigen,VERB,ROOT,17237,zeigte
17238,.,--,PUNCT,punct,17237,zeigte
17239,Sie,sie,PRON,sb,17240,sahen
17240,sahen,sehen,VERB,ROOT,17240,sahen
17241,",",--,PUNCT,punct,17240,sahen
17242,wie,wie,SCONJ,cm,17244,Gestalten
17243,die,der,DET,nk,17244,Gestalten
17244,Gestalten,Gestalt,NOUN,oc,17240,sahen
17245,wirklich,wirklich,ADV,mo,17240,sahen
17246,auf,auf,ADP,svp,17240,sahen
17247,das,der,DET,nk,17248,Haus
17248,Haus,Haus,NOUN,ROOT,17248,Haus
17249,des,der,DET,nk,17250,Doktors
17250,Doktors,Doktor,NOUN,ag,17248,Haus
17251,",",--,PUNCT,punct,17250,Doktors
17252,das,der,PRON,sb,17259,stand
17253,auf,auf,ADP,mo,17259,stand
17254,einem,ein,DET,nk,17258,Platze
17255,fernen,fern,ADJ,nk,17258,Platze
17256,leeren,leer,ADJ,nk,17258,Platze
17257,öden,öde,ADJ,nk,17258,Platze
17258,Platze,Platz,NOUN,nk,17253,auf
17259,stand,stehen,VERB,rc,17250,Doktors
17260,",",--,PUNCT,punct,17248,Haus
17261,zuschritten,zuschriten,VERB,ROOT,17261,zuschritten
17262,.,--,PUNCT,punct,17261,zuschritten
17263,Vor,vor,ADP,mo,17266,angekommen
17264,dem,der,DET,nk,17265,Hause
17265,Hause,Haus,NOUN,nk,17263,Vor
17266,angekommen,ankommen,VERB,mo,17268,rauschte
17267,",",--,PUNCT,punct,17268,rauschte
17268,rauschte,rauschen,VERB,ROOT,17268,rauschte
17269,der,der,DET,nk,17270,Hahn
17270,Hahn,Hahn,NOUN,sb,17268,rauschte
17271,in,in,ADP,mo,17268,rauschte
17272,die,der,DET,nk,17273,Höhe
17273,Höhe,Höhe,NOUN,nk,17271,in
17274,",",--,PUNCT,punct,17268,rauschte
17275,und,und,CCONJ,cd,17268,rauschte
17276,schlug,schlagen,VERB,ROOT,17276,schlug
17277,mit,mit,ADP,mo,17276,schlug
17278,den,der,DET,nk,17279,Flügeln
17279,Flügeln,Flügel,NOUN,nk,17277,mit
17280,an,an,ADP,mnr,17279,Flügeln
17281,das,der,DET,nk,17283,Fenster
17282,große,groß,ADJ,nk,17283,Fenster
17283,Fenster,Fenster,NOUN,nk,17280,an
17284,über,über,ADP,mnr,17283,Fenster
17285,dem,der,DET,nk,17286,Balkon
17286,Balkon,Balkon,NOUN,nk,17284,über
17287,",",--,PUNCT,punct,17286,Balkon
17288,das,der,PRON,sb,17290,klirrend
17289,sich,sich,PRON,oa,17290,klirrend
17290,klirrend,klirrend,ADV,mo,17276,schlug
17291,öffnete,öffnen,VERB,ROOT,17291,öffnete
17292,;,--,PUNCT,punct,17291,öffnete
17293,die,der,DET,nk,17294,Stimme
17294,Stimme,Stimme,NOUN,sb,17298,meckerte
17295,eines,ein,DET,nk,17297,Weibes
17296,alten,alt,ADJ,nk,17297,Weibes
17297,Weibes,Weibe,NOUN,ag,17294,Stimme
17298,meckerte,meckeren,VERB,ROOT,17298,meckerte
17299,:,--,PUNCT,punct,17298,meckerte
17300,»,--,PUNCT,punct,17301,Kommt
17301,Kommt,kommen,VERB,sb,17303,kommt
17302,-,--,PUNCT,punct,17303,kommt
17303,kommt,kommen,VERB,rs,17298,meckerte
17304,nach,nach,ADP,mo,17303,kommt
17305,Haus,Haus,NOUN,nk,17304,nach
17306,-,--,PUNCT,punct,17303,kommt
17307,kommt,kommen,VERB,ROOT,17307,kommt
17308,nach,nach,ADP,mo,17307,kommt
17309,Haus,Haus,NOUN,nk,17308,nach
17310,-,--,PUNCT,punct,17307,kommt
17311,warm,warm,ADV,pd,17312,ist
17312,ist,sein,AUX,cj,17307,kommt
17313,das,der,DET,nk,17314,Bett
17314,Bett,Bett,NOUN,sb,17312,ist
17315,",",--,PUNCT,punct,17312,ist
17316,und,und,CCONJ,cd,17312,ist
17317,Liebchen,Liebchen,PROPN,sb,17318,wartet
17318,wartet,warten,VERB,cj,17316,und
17319,lange,lange,ADV,mo,17318,wartet
17320,schon,schon,ADV,mo,17318,wartet
17321,-,--,PUNCT,punct,17318,wartet
17322,lange,lange,ADV,mo,17307,kommt
17323,schon,schon,ADV,ROOT,17323,schon
17324,!,--,PUNCT,punct,17323,schon
17325,«,--,PUNCT,punct,17323,schon
17326,Da,da,ADV,mo,17327,war
17327,war,sein,AUX,ROOT,17327,war
17328,es,es,PRON,sb,17327,war
17329,",",--,PUNCT,punct,17327,war
17330,als,als,SCONJ,mo,17327,war
17331,stiege,stiegen,VERB,nk,17330,als
17332,der,der,DET,nk,17333,Doktor
17333,Doktor,Doktor,NOUN,sb,17331,stiege
17334,auf,auf,ADP,op,17331,stiege
17335,einer,ein,DET,nk,17337,Leiter
17336,unsichtbaren,unsichtbar,ADJ,nk,17337,Leiter
17337,Leiter,Leiter,NOUN,nk,17334,auf
17338,empor,empor,ADV,svp,17331,stiege
17339,",",--,PUNCT,punct,17327,war
17340,und,und,CCONJ,ROOT,17340,und
17341,rausche,Rausch,NOUN,cj,17340,und
17342,nach,nach,ADP,mo,17341,rausche
17343,dem,der,DET,nk,17344,Hahn
17344,Hahn,Hahn,NOUN,nk,17342,nach
17345,durch,durch,ADP,mo,17341,rausche
17346,das,der,DET,nk,17347,Fenster
17347,Fenster,Fenster,NOUN,nk,17345,durch
17348,",",--,PUNCT,punct,17341,rausche
17349,welches,welcher,PRON,sb,17351,wurde
17350,zugeschlagen,zuschlagen,VERB,oc,17351,wurde
17351,wurde,werden,AUX,rc,17341,rausche
17352,",",--,PUNCT,punct,17351,wurde
17353,daß,daß,SCONJ,cp,17354,es
17354,es,es,PRON,ROOT,17354,es
17355,die,der,DET,nk,17357,Straße
17356,einsame,einsam,ADJ,nk,17357,Straße
17357,Straße,Straße,NOUN,sb,17359,klirrte
17358,entlang,entlang,ADP,mo,17359,klirrte
17359,klirrte,klirren,ADJ,ROOT,17359,klirrte
17360,und,und,CCONJ,cd,17359,klirrte
17361,dröhnte,dröhnten,VERB,cj,17360,und
17362,.,--,PUNCT,punct,17359,klirrte
17363,Alles,alle,PRON,sb,17364,war
17364,war,sein,AUX,ROOT,17364,war
17365,im,in,ADP,mo,17364,war
17366,schwarzen,schwarz,ADJ,nk,17367,Dunkel
17367,Dunkel,Dunkel,NOUN,nk,17365,im
17368,der,der,DET,nk,17369,Nacht
17369,Nacht,Nacht,NOUN,da,17370,verschwunden
17370,verschwunden,verschwinden,VERB,ROOT,17370,verschwunden
17371,und,und,CCONJ,cd,17370,verschwunden
17372,die,der,DET,nk,17373,Edelleute
17373,Edelleute,Edelleute,NOUN,sb,17374,standen
17374,standen,stehen,VERB,cj,17371,und
17375,stumm,stumm,ADV,mo,17374,standen
17376,und,und,CCONJ,cd,17375,stumm
17377,starr,starr,ADV,cj,17376,und
17378,vor,vor,ADP,mo,17374,standen
17379,Grausen,Grause,NOUN,nk,17378,vor
17380,und,und,CCONJ,ROOT,17380,und
17381,Entsetzen,entsetzen,NOUN,cj,17380,und
17382,.,--,PUNCT,ROOT,17382,.
17383,Dieser,dieser,DET,nk,17384,Spuk
17384,Spuk,Spuk,NOUN,ROOT,17384,Spuk
17385,",",--,PUNCT,punct,17384,Spuk
17386,die,der,DET,nk,17387,Überzeugung
17387,Überzeugung,Überzeugung,NOUN,cj,17384,Spuk
17388,der,der,DET,nk,17389,Edelleute
17389,Edelleute,Edelleute,NOUN,ag,17387,Überzeugung
17390,",",--,PUNCT,punct,17384,Spuk
17391,daß,daß,SCONJ,cp,17393,Gestalt
17392,die,der,DET,nk,17393,Gestalt
17393,Gestalt,Gestalt,NOUN,cc,17384,Spuk
17394,",",--,PUNCT,punct,17393,Gestalt
17395,der,der,PRON,app,17393,Gestalt
17396,der,der,DET,nk,17398,Hahn
17397,teuflische,teuflisch,ADJ,nk,17398,Hahn
17398,Hahn,Hahn,NOUN,sb,17399,vorleuchtete
17399,vorleuchtete,vorleuchten,VERB,ROOT,17399,vorleuchtete
17400,",",--,PUNCT,punct,17399,vorleuchtete
17401,niemand,niemand,PRON,oa,17399,vorleuchtete
17402,anders,anders,ADV,mo,17401,niemand
17403,",",--,PUNCT,punct,17402,anders
17404,als,als,SCONJ,cm,17407,Doktor
17405,der,der,DET,nk,17407,Doktor
17406,verrufene,verrufen,ADJ,nk,17407,Doktor
17407,Doktor,Doktor,NOUN,cc,17402,anders
17408,Trabacchio,Trabacchio,NOUN,pd,17409,gewesen
17409,gewesen,sein,AUX,sb,17411,war
17410,",",--,PUNCT,punct,17411,war
17411,war,sein,AUX,ROOT,17411,war
17412,für,für,ADP,mo,17411,war
17413,das,der,DET,nk,17415,Gericht
17414,geistliche,geistlich,ADJ,nk,17415,Gericht
17415,Gericht,Gericht,NOUN,nk,17412,für
17416,",",--,PUNCT,punct,17415,Gericht
17417,dem,der,PRON,da,17421,kam
17418,alles,alle,PRON,sb,17421,kam
17419,zu,zu,ADP,mo,17421,kam
17420,Ohren,Ohr,NOUN,nk,17419,zu
17421,kam,kommen,VERB,rc,17415,Gericht
17422,",",--,PUNCT,punct,17411,war
17423,genug,genug,DET,ROOT,17423,genug
17424,",",--,PUNCT,punct,17423,genug
17425,dem,der,DET,nk,17427,Wundermann
17426,satanischen,satanisch,ADJ,nk,17427,Wundermann
17427,Wundermann,Wundermann,NOUN,da,17432,nachzuspüren
17428,sorglich,sorglich,ADV,mo,17432,nachzuspüren
17429,in,in,ADP,mo,17432,nachzuspüren
17430,aller,aller,DET,nk,17431,Stille
17431,Stille,Stille,NOUN,nk,17429,in
17432,nachzuspüren,nachzuspüren,VERB,re,17423,genug
17433,.,--,PUNCT,punct,17423,genug
17434,Man,man,PRON,ROOT,17434,Man
17435,brachte,bringen,VERB,ROOT,17435,brachte
17436,in,in,ADP,mo,17435,brachte
17437,der,der,DET,nk,17438,Tat
17438,Tat,Tat,NOUN,nk,17436,in
17439,heraus,heraus,ADV,svp,17435,brachte
17440,",",--,PUNCT,punct,17435,brachte
17441,daß,daß,SCONJ,cp,17447,sich
17442,in,in,ADP,mo,17441,daß
17443,den,der,DET,nk,17444,Zimmern
17444,Zimmern,Zimmer,NOUN,nk,17442,in
17445,des,der,DET,nk,17446,Doktors
17446,Doktors,Doktor,NOUN,ag,17444,Zimmern
17447,sich,sich,PRON,oa,17435,brachte
17448,oft,oft,ADV,mo,17447,sich
17449,ein,ein,DET,nk,17450,roter
17450,roter,rot,ADJ,pd,17447,sich
17451,Hahn,Hahn,NOUN,sb,17452,befand
17452,befand,befinden,VERB,ROOT,17452,befand
17453,",",--,PUNCT,punct,17452,befand
17454,mit,mit,ADP,mo,17461,sprechen
17455,dem,der,PRON,nk,17454,mit
17456,er,er,PRON,sb,17461,sprechen
17457,auf,auf,ADP,op,17461,sprechen
17458,wunderliche,wunderlich,ADJ,nk,17459,Weise
17459,Weise,Weise,NOUN,nk,17457,auf
17460,zu,zu,PART,pm,17461,sprechen
17461,sprechen,sprechen,VERB,oc,17452,befand
17462,und,und,CCONJ,cd,17461,sprechen
17463,zu,zu,PART,pm,17464,disputieren
17464,disputieren,disputieren,VERB,cj,17462,und
17465,schien,scheinen,VERB,ROOT,17465,schien
17466,",",--,PUNCT,punct,17465,schien
17467,als,als,ADP,mo,17465,schien
17468,sprächen,spräch,ADJ,nk,17469,Gelehrte
17469,Gelehrte,Gelehrt,NOUN,nk,17467,als
17470,über,über,ADP,mnr,17469,Gelehrte
17471,zweifelhafte,zweifelhaft,ADJ,nk,17472,Gegenstände
17472,Gegenstände,Gegenstand,NOUN,nk,17470,über
17473,ihres,ihr,DET,nk,17474,Wissens
17474,Wissens,wissen,NOUN,ag,17472,Gegenstände
17475,.,--,PUNCT,punct,17465,schien
17476,Das,der,PRON,ROOT,17476,Das
17477,geistliche,geistlich,ADJ,nk,17478,Gericht
17478,Gericht,Gericht,NOUN,sb,17479,war
17479,war,sein,AUX,ROOT,17479,war
17480,im,in,ADP,mo,17485,einzuziehen
17481,Begriff,Begriff,NOUN,nk,17480,im
17482,den,der,DET,nk,17483,Doktor
17483,Doktor,Doktor,NOUN,oa,17485,einzuziehen
17484,Trabacchio,Trabacchio,PROPN,nk,17483,Doktor
17485,einzuziehen,einzuziehen,VERB,oc,17479,war
17486,als,als,ADP,cm,17487,einen
17487,einen,ein,PRON,dep,17479,war
17488,verruchten,verrucht,ADJ,nk,17489,Hexenmeister
17489,Hexenmeister,Hexenmeister,NOUN,ROOT,17489,Hexenmeister
17490,;,--,PUNCT,punct,17489,Hexenmeister
17491,aber,aber,CCONJ,ju,17495,kam
17492,das,der,DET,nk,17494,Gericht
17493,weltliche,weltlich,ADJ,nk,17494,Gericht
17494,Gericht,Gericht,NOUN,sb,17495,kam
17495,kam,kommen,VERB,ROOT,17495,kam
17496,dem,der,DET,nk,17497,geistlichen
17497,geistlichen,geistlich,ADJ,nk,17498,zuvor
17498,zuvor,zuvor,ADV,mo,17495,kam
17499,und,und,CCONJ,ju,17500,ließ
17500,ließ,lassen,VERB,ROOT,17500,ließ
17501,den,der,DET,nk,17502,Doktor
17502,Doktor,Doktor,NOUN,oa,17506,aufheben
17503,durch,durch,ADP,mo,17506,aufheben
17504,die,der,DET,nk,17505,Sbirren
17505,Sbirren,Sbirren,NOUN,nk,17503,durch
17506,aufheben,aufheben,VERB,oc,17500,ließ
17507,und,und,CCONJ,cd,17506,aufheben
17508,ins,in,ADP,mo,17510,schleppen
17509,Gefängnis,Gefängnis,NOUN,nk,17508,ins
17510,schleppen,schleppen,VERB,cj,17507,und
17511,",",--,PUNCT,punct,17510,schleppen
17512,da,da,SCONJ,cd,17500,ließ
17513,er,er,PRON,sb,17520,heimkehrte
17514,eben,eben,ADV,mo,17520,heimkehrte
17515,von,von,ADP,op,17520,heimkehrte
17516,dem,der,DET,nk,17517,Besuch
17517,Besuch,Besuch,NOUN,nk,17515,von
17518,eines,ein,DET,nk,17519,Kranken
17519,Kranken,kranke,NOUN,ag,17517,Besuch
17520,heimkehrte,heimkehrn,VERB,ROOT,17520,heimkehrte
17521,.,--,PUNCT,punct,17520,heimkehrte
17522,Die,der,DET,nk,17523,Alte
17523,Alte,Alte,NOUN,sb,17524,war
17524,war,sein,AUX,ROOT,17524,war
17525,schon,schon,ADV,mo,17526,früher
17526,früher,früh,ADV,mo,17524,war
17527,aus,aus,ADP,svp,17524,war
17528,dem,der,DET,nk,17529,Hause
17529,Hause,Haus,NOUN,da,17530,geholt
17530,geholt,holen,VERB,oc,17531,worden
17531,worden,werden,AUX,oc,17535,hatte
17532,",",--,PUNCT,punct,17531,worden
17533,den,der,DET,nk,17534,Knaben
17534,Knaben,Knabe,NOUN,oa,17531,worden
17535,hatte,haben,AUX,ROOT,17535,hatte
17536,man,man,PRON,sb,17535,hatte
17537,nicht,nicht,PART,ng,17539,können
17538,finden,finden,VERB,oc,17539,können
17539,können,können,AUX,oc,17535,hatte
17540,.,--,PUNCT,punct,17535,hatte
17541,Die,der,DET,nk,17542,Türen
17542,Türen,Tür,NOUN,ROOT,17542,Türen
17543,der,der,DET,nk,17544,Zimmer
17544,Zimmer,Zimmer,NOUN,sb,17545,wurden
17545,wurden,werden,AUX,ROOT,17545,wurden
17546,verschlossen,verschließen,VERB,oc,17545,wurden
17547,und,und,CCONJ,cd,17546,verschlossen
17548,versiegelt,versiegeln,VERB,cj,17547,und
17549,",",--,PUNCT,punct,17545,wurden
17550,Wachen,Wachen,VERB,par,17544,Zimmer
17551,rings,rings,ADV,mo,17550,Wachen
17552,um,um,ADP,op,17550,Wachen
17553,das,der,DET,nk,17554,Haus
17554,Haus,Haus,NOUN,nk,17552,um
17555,gestellt,stellen,VERB,ROOT,17555,gestellt
17556,.,--,PUNCT,punct,17555,gestellt
17557,-,--,PUNCT,punct,17559,war
17558,Folgendes,Folgend,NOUN,sb,17559,war
17559,war,sein,AUX,ROOT,17559,war
17560,der,der,DET,nk,17561,Grund
17561,Grund,Grund,NOUN,pd,17559,war
17562,dieses,dieser,DET,nk,17564,Verfahrens
17563,gerichtlichen,gerichtlich,ADJ,nk,17564,Verfahrens
17564,Verfahrens,Verfahren,NOUN,ag,17561,Grund
17565,.,--,PUNCT,punct,17559,war
17566,Seit,seit,ADP,ROOT,17566,Seit
17567,einiger,einiger,DET,nk,17568,Zeit
17568,Zeit,Zeit,NOUN,da,17569,starben
17569,starben,sterben,VERB,ROOT,17569,starben
17570,mehrere,mehrere,DET,nk,17572,Personen
17571,angesehene,angesehen,ADJ,nk,17572,Personen
17572,Personen,Person,NOUN,sb,17569,starben
17573,in,in,ADP,mo,17569,starben
17574,Neapel,Neapel,PROPN,nk,17573,in
17575,und,und,CCONJ,cd,17573,in
17576,in,in,ADP,cj,17575,und
17577,der,der,DET,nk,17576,in
17578,umliegenden,umliegend,ADJ,nk,17579,Gegend
17579,Gegend,Gegend,NOUN,ROOT,17579,Gegend
17580,und,und,CCONJ,cd,17579,Gegend
17581,zwar,zwar,ADV,mo,17582,nach
17582,nach,nach,ADP,cj,17580,und
17583,der,der,DET,nk,17584,Ärzte
17584,Ärzte,Arzt,NOUN,nk,17582,nach
17585,einstimmigem,einstimmig,ADJ,nk,17586,Urteil
17586,Urteil,Urteil,NOUN,cj,17580,und
17587,an,an,ADP,op,17586,Urteil
17588,Gift,Gift,NOUN,nk,17587,an
17589,.,--,PUNCT,punct,17579,Gegend
17590,Dies,dieser,PRON,ROOT,17590,Dies
17591,hatte,haben,AUX,ROOT,17591,hatte
17592,viele,vieler,DET,nk,17593,Untersuchungen
17593,Untersuchungen,Untersuchung,NOUN,oa,17594,veranlaßt
17594,veranlaßt,veranlassen,VERB,oc,17591,hatte
17595,",",--,PUNCT,punct,17594,veranlaßt
17596,die,der,PRON,sb,17598,blieben
17597,fruchtlos,fruchtlos,ADV,pd,17598,blieben
17598,blieben,bleiben,VERB,rc,17593,Untersuchungen
17599,",",--,PUNCT,punct,17598,blieben
17600,bis,bis,SCONJ,mo,17598,blieben
17601,endlich,endlich,ADV,nk,17600,bis
17602,ein,ein,DET,punct,17591,hatte
17603,junger,jung,ADJ,nk,17604,Mann
17604,Mann,Mann,NOUN,ROOT,17604,Mann
17605,in,in,ADP,mnr,17604,Mann
17606,Neapel,Neapel,PROPN,nk,17605,in
17607,",",--,PUNCT,punct,17604,Mann
17608,ein,ein,DET,nk,17610,Lüstling
17609,bekannter,bekannt,ADJ,nk,17610,Lüstling
17610,Lüstling,Lüstling,NOUN,app,17604,Mann
17611,und,und,CCONJ,cd,17610,Lüstling
17612,Verschwender,Verschwender,NOUN,cj,17611,und
17613,",",--,PUNCT,punct,17610,Lüstling
17614,dessen,der,DET,ag,17615,Oheim
17615,Oheim,Oheim,NOUN,app,17604,Mann
17616,vergiftet,vergiften,VERB,oc,17617,worden
17617,worden,werden,AUX,ROOT,17617,worden
17618,",",--,PUNCT,punct,17617,worden
17619,die,der,DET,nk,17621,Tat
17620,gräßliche,gräßlich,ADJ,nk,17621,Tat
17621,Tat,Tat,NOUN,oa,17625,eingestand
17622,mit,mit,ADP,mo,17625,eingestand
17623,dem,der,DET,nk,17624,Zusatz
17624,Zusatz,Zusatz,NOUN,nk,17622,mit
17625,eingestand,eingestehen,VERB,mo,17616,vergiftet
17626,",",--,PUNCT,punct,17625,eingestand
17627,daß,daß,SCONJ,cp,17630,Gift
17628,er,er,PRON,sb,17630,Gift
17629,das,der,DET,nk,17630,Gift
17630,Gift,Gift,NOUN,punct,17616,vergiftet
17631,von,von,ADP,sbp,17640,gekauft
17632,dem,der,DET,nk,17634,Weibe
17633,alten,alt,ADJ,nk,17634,Weibe
17634,Weibe,Weibe,NOUN,nk,17631,von
17635,",",--,PUNCT,punct,17634,Weibe
17636,der,der,DET,nk,17637,Haushälterin
17637,Haushälterin,Haushälterin,NOUN,app,17634,Weibe
17638,Trabacchios,Trabacchios,PROPN,nk,17637,Haushälterin
17639,",",--,PUNCT,punct,17640,gekauft
17640,gekauft,kaufen,VERB,oc,17641,habe
17641,habe,haben,AUX,ROOT,17641,habe
17642,.,--,PUNCT,punct,17641,habe
17643,Man,man,PRON,sb,17644,spürte
17644,spürte,spüren,VERB,ROOT,17644,spürte
17645,der,der,DET,dep,17644,spürte
17646,Alten,alte,NOUN,nk,17647,nach
17647,nach,nach,ADP,ROOT,17647,nach
17648,",",--,PUNCT,punct,17650,ertappte
17649,und,und,CCONJ,ju,17650,ertappte
17650,ertappte,ertappen,VERB,ROOT,17650,ertappte
17651,sie,sie,PRON,sb,17650,ertappte
17652,",",--,PUNCT,punct,17650,ertappte
17653,als,als,SCONJ,cp,17658,kleines
17654,sie,sie,PRON,nk,17653,als
17655,eben,eben,ADV,mo,17658,kleines
17656,ein,ein,DET,nk,17658,kleines
17657,festverschlossenes,festverschlossen,ADJ,nk,17658,kleines
17658,kleines,klein,ADJ,dep,17650,ertappte
17659,Kistchen,Kistch,NOUN,oa,17660,forttragen
17660,forttragen,forttragen,VERB,oc,17661,wollte
17661,wollte,wollen,AUX,ROOT,17661,wollte
17662,",",--,PUNCT,punct,17661,wollte
17663,in,in,ADP,mo,17668,fand
17664,dem,der,PRON,nk,17663,in
17665,man,man,PRON,sb,17668,fand
17666,kleine,klein,ADJ,nk,17667,Phiolen
17667,Phiolen,Phiole,NOUN,oa,17668,fand
17668,fand,finden,VERB,rc,17659,Kistchen
17669,",",--,PUNCT,punct,17668,fand
17670,die,der,PRON,dep,17661,wollte
17671,mit,mit,ADP,mnr,17670,die
17672,dem,der,DET,nk,17673,Namen
17673,Namen,Name,NOUN,nk,17671,mit
17674,von,von,ADP,sbp,17677,versehen
17675,allerlei,allerlei,DET,nk,17676,Arzneimitteln
17676,Arzneimitteln,Arzneimittel,NOUN,nk,17674,von
17677,versehen,versehen,VERB,oc,17678,waren
17678,waren,sein,AUX,mo,17680,unerachtet
17679,",",--,PUNCT,punct,17680,unerachtet
17680,unerachtet,unerachten,VERB,ROOT,17680,unerachtet
17681,sie,sie,PRON,sb,17680,unerachtet
17682,flüssiges,flüssig,ADJ,nk,17683,Gift
17683,Gift,Gift,NOUN,oa,17680,unerachtet
17684,enthielten,enthalten,VERB,ROOT,17684,enthielten
17685,.,--,PUNCT,punct,17684,enthielten
17686,Die,der,DET,nk,17687,Alte
17687,Alte,Alte,PROPN,sb,17688,wollte
17688,wollte,wollen,AUX,ROOT,17688,wollte
17689,nichts,nichts,PRON,oa,17690,eingestehen
17690,eingestehen,eingestehen,VERB,oc,17688,wollte
17691,;,--,PUNCT,punct,17688,wollte
17692,als,als,SCONJ,cm,17696,mit
17693,man,man,PRON,sb,17696,mit
17694,ihr,ihr,PRON,da,17696,mit
17695,indessen,indessen,ADV,mo,17696,mit
17696,mit,mit,ADP,ROOT,17696,mit
17697,der,der,DET,nk,17696,mit
17698,Tortur,Tortur,NOUN,sb,17699,drohte
17699,drohte,drohen,VERB,ROOT,17699,drohte
17700,",",--,PUNCT,punct,17699,drohte
17701,da,da,ADV,mo,17702,bekannte
17702,bekannte,bekennen,VERB,mo,17699,drohte
17703,sie,sie,PRON,sb,17702,bekannte
17704,",",--,PUNCT,punct,17702,bekannte
17705,daß,daß,SCONJ,cp,17707,Doktor
17706,der,der,DET,nk,17707,Doktor
17707,Doktor,Doktor,NOUN,oc,17702,bekannte
17708,Trabacchio,Trabacchio,PROPN,nk,17707,Doktor
17709,schon,schon,ADV,mo,17710,seit
17710,seit,seit,ADP,mo,17707,Doktor
17711,vielen,viele,DET,nk,17710,seit
17712,Jahren,Jahr,NOUN,ROOT,17712,Jahren
17713,jenes,jener,DET,nk,17715,Gift
17714,künstliche,künstlich,ADJ,nk,17715,Gift
17715,Gift,Gift,NOUN,ag,17712,Jahren
17716,",",--,PUNCT,punct,17715,Gift
17717,das,der,PRON,sb,17724,sei
17718,unter,unter,ADP,mo,17724,sei
17719,dem,der,DET,nk,17720,Namen
17720,Namen,Name,NOUN,nk,17718,unter
17721,Aqua,Aqua,PROPN,pnc,17722,Toffana
17722,Toffana,Toffana,PROPN,nk,17720,Namen
17723,bekannt,bekannt,ADV,pd,17724,sei
17724,sei,sein,AUX,rc,17715,Gift
17725,",",--,PUNCT,punct,17712,Jahren
17726,bereite,bereiten,VERB,ROOT,17726,bereite
17727,",",--,PUNCT,punct,17726,bereite
17728,und,und,CCONJ,cd,17726,bereite
17729,daß,daß,SCONJ,cp,17732,Verkauf
17730,der,der,DET,nk,17732,Verkauf
17731,geheime,geheim,ADJ,nk,17732,Verkauf
17732,Verkauf,Verkauf,NOUN,cj,17728,und
17733,dieses,dieser,DET,nk,17734,Gifts
17734,Gifts,Gift,NOUN,ag,17732,Verkauf
17735,",",--,PUNCT,punct,17734,Gifts
17736,der,der,PRON,sb,17739,bewirkt
17737,durch,durch,ADP,mo,17739,bewirkt
17738,sie,sie,PRON,nk,17737,durch
17739,bewirkt,bewirken,VERB,rc,17732,Verkauf
17740,worden,werden,AUX,ROOT,17740,worden
17741,",",--,PUNCT,punct,17740,worden
17742,beständig,beständig,ADV,mo,17746,gewesen
17743,seine,sein,DET,nk,17745,Erwerbsquelle
17744,reichste,reich,ADJ,nk,17745,Erwerbsquelle
17745,Erwerbsquelle,Erwerbsquelle,NOUN,pd,17746,gewesen
17746,gewesen,sein,AUX,oc,17740,worden
17747,.,--,PUNCT,punct,17740,worden
17748,Ferner,ferner,ADV,mo,17749,sei
17749,sei,sein,AUX,ROOT,17749,sei
17750,es,es,PRON,sb,17749,sei
17751,nur,nur,ADV,mo,17749,sei
17752,zu,zu,ADP,svp,17749,sei
17753,gewiß,gewiß,ADV,mo,17762,stehe
17754,",",--,PUNCT,punct,17762,stehe
17755,daß,daß,SCONJ,cp,17762,stehe
17756,er,er,PRON,sb,17762,stehe
17757,mit,mit,ADP,mo,17762,stehe
17758,dem,der,DET,nk,17759,Satan
17759,Satan,Satan,PROPN,nk,17757,mit
17760,im,in,ADP,mo,17762,stehe
17761,Bündnis,Bündnis,NOUN,nk,17760,im
17762,stehe,stehen,VERB,ROOT,17762,stehe
17763,",",--,PUNCT,punct,17762,stehe
17764,der,der,PRON,dep,17762,stehe
17765,in,in,ADP,mnr,17764,der
17766,verschiedenen,verschieden,ADJ,nk,17767,Gestalten
17767,Gestalten,Gestalt,NOUN,nk,17765,in
17768,bei,bei,ADP,mo,17770,einkehre
17769,ihm,ihm,PRON,nk,17768,bei
17770,einkehre,einkehren,VERB,ROOT,17770,einkehre
17771,.,--,PUNCT,punct,17770,einkehre
17772,Jedes,jeder,PRON,sb,17775,habe
17773,seiner,sein,DET,nk,17774,Weiber
17774,Weiber,Weiber,NOUN,ag,17772,Jedes
17775,habe,haben,AUX,ROOT,17775,habe
17776,ihm,ihm,PRON,da,17779,geboren
17777,ein,ein,DET,nk,17778,Kind
17778,Kind,Kind,NOUN,oa,17779,geboren
17779,geboren,gebären,VERB,oc,17775,habe
17780,",",--,PUNCT,punct,17779,geboren
17781,ohne,ohne,ADP,punct,17775,habe
17782,daß,daß,SCONJ,nk,17781,ohne
17783,es,es,PRON,dep,17775,habe
17784,jemand,jemand,PRON,sb,17788,geahnet
17785,außer,außer,ADP,mo,17788,geahnet
17786,dem,der,DET,nk,17787,Hause
17787,Hause,Haus,NOUN,nk,17785,außer
17788,geahnet,ahnen,VERB,ROOT,17788,geahnet
17789,.,--,PUNCT,punct,17788,geahnet
17790,Das,der,DET,nk,17791,Kind
17791,Kind,Kind,NOUN,oa,17792,habe
17792,habe,haben,AUX,ROOT,17792,habe
17793,er,er,PRON,sb,17792,habe
17794,denn,denn,ADV,mo,17792,habe
17795,allemal,allemal,ADV,mo,17792,habe
17796,",",--,PUNCT,punct,17792,habe
17797,nachdem,nachdem,SCONJ,cp,17798,es
17798,es,es,PRON,mo,17792,habe
17799,neun,neun,NUM,nk,17798,es
17800,Wochen,Woche,NOUN,ROOT,17800,Wochen
17801,",",--,PUNCT,punct,17800,Wochen
17802,oder,oder,CCONJ,cd,17800,Wochen
17803,neun,neun,NUM,nk,17804,Monate
17804,Monate,Monat,NOUN,ams,17805,alt
17805,alt,alt,ADV,oc,17806,worden
17806,worden,werden,AUX,oc,17800,Wochen
17807,",",--,PUNCT,punct,17806,worden
17808,unter,unter,ADP,cj,17806,worden
17809,besonderen,besonderer,ADJ,nk,17810,Zurüstungen
17810,Zurüstungen,Zurüstung,NOUN,nk,17808,unter
17811,und,und,CCONJ,cd,17806,worden
17812,Feierlichkeiten,Feierlichkeit,NOUN,ROOT,17812,Feierlichkeiten
17813,auf,auf,ADP,mo,17816,geschlachtet
17814,unmenschliche,unmenschlich,ADJ,nk,17815,Weise
17815,Weise,Weise,NOUN,nk,17813,auf
17816,geschlachtet,schlachten,VERB,oc,17812,Feierlichkeiten
17817,",",--,PUNCT,punct,17816,geschlachtet
17818,indem,indem,SCONJ,cp,17822,Brust
17819,er,er,PRON,sb,17818,indem
17820,ihm,ihm,PRON,da,17819,er
17821,die,der,DET,nk,17822,Brust
17822,Brust,Brust,NOUN,mo,17816,geschlachtet
17823,aufgeschnitten,aufgeschnitten,VERB,ROOT,17823,aufgeschnitten
17824,und,und,CCONJ,cd,17823,aufgeschnitten
17825,das,der,DET,nk,17826,Herz
17826,Herz,Herz,NOUN,oa,17827,herausgenommen
17827,herausgenommen,herausnehmen,VERB,cj,17824,und
17828,.,--,PUNCT,punct,17823,aufgeschnitten
17829,Jedesmal,jedesmal,ADV,mo,17830,sei
17830,sei,sein,AUX,ROOT,17830,sei
17831,der,der,DET,nk,17832,Satan
17832,Satan,Satan,PROPN,sb,17830,sei
17833,bei,bei,ADP,mo,17830,sei
17834,dieser,dieser,DET,nk,17833,bei
17835,Operation,Operation,NOUN,ROOT,17835,Operation
17836,",",--,PUNCT,punct,17835,Operation
17837,bald,bald,ADV,mo,17838,in
17838,in,in,ADP,par,17835,Operation
17839,dieser,dieser,DET,nk,17838,in
17840,",",--,PUNCT,punct,17835,Operation
17841,bald,bald,ADV,mo,17842,in
17842,in,in,ADP,par,17835,Operation
17843,jener,jener,DET,nk,17844,Gestalt
17844,Gestalt,Gestalt,NOUN,nk,17842,in
17845,",",--,PUNCT,punct,17835,Operation
17846,meistens,meistens,ADV,mo,17848,als
17847,aber,aber,ADV,mo,17848,als
17848,als,als,ADP,par,17835,Operation
17849,Fledermaus,Fledermaus,NOUN,nk,17848,als
17850,mit,mit,ADP,mo,17854,erschienen
17851,menschlicher,menschlich,ADJ,nk,17852,Larve
17852,Larve,Larve,NOUN,nk,17850,mit
17853,",",--,PUNCT,punct,17854,erschienen
17854,erschienen,erscheinen,VERB,ROOT,17854,erschienen
17855,",",--,PUNCT,punct,17854,erschienen
17856,und,und,CCONJ,cd,17854,erschienen
17857,habe,haben,AUX,cj,17856,und
17858,mit,mit,ADP,mo,17857,habe
17859,breiten,breit,ADJ,nk,17860,Flügeln
17860,Flügeln,Flügel,NOUN,nk,17858,mit
17861,das,der,DET,nk,17862,Kohlfeuer
17862,Kohlfeuer,Kohlfeuer,NOUN,oa,17857,habe
17863,angefacht,angefacht,VERB,ROOT,17863,angefacht
17864,",",--,PUNCT,punct,17863,angefacht
17865,bei,bei,ADP,mo,17873,Tropfen
17866,dem,der,PRON,nk,17867,Trabacchio
17867,Trabacchio,Trabacchio,NOUN,nk,17865,bei
17868,aus,aus,ADP,mnr,17867,Trabacchio
17869,des,der,DET,nk,17870,Kindes
17870,Kindes,Kind,NOUN,nk,17868,aus
17871,Herzblut,Herzblut,NOUN,nk,17870,Kindes
17872,köstliche,köstlich,ADJ,nk,17873,Tropfen
17873,Tropfen,Tropfen,NOUN,dep,17863,angefacht
17874,bereitet,bereiten,VERB,ROOT,17874,bereitet
17875,",",--,PUNCT,punct,17874,bereitet
17876,die,der,PRON,sb,17880,widerständen
17877,jeder,jeder,DET,nk,17878,Siechheit
17878,Siechheit,Siechheit,NOUN,da,17880,widerständen
17879,kräftig,kräftig,ADV,mo,17880,widerständen
17880,widerständen,widerständen,VERB,oc,17874,bereitet
17881,.,--,PUNCT,punct,17874,bereitet
17882,Die,der,DET,nk,17883,Weiber
17883,Weiber,Weiber,PROPN,sb,17884,hätte
17884,hätte,haben,AUX,ROOT,17884,hätte
17885,Trabacchio,Trabacchio,PROPN,pd,17884,hätte
17886,bald,bald,ADV,mo,17887,nachher
17887,nachher,nachher,ADV,mo,17888,auf
17888,auf,auf,ADP,op,17895,getötet
17889,diese,dieser,DET,nk,17888,auf
17890,",",--,PUNCT,punct,17889,diese
17891,oder,oder,CCONJ,cd,17889,diese
17892,jene,jener,DET,nk,17894,Weise
17893,heimliche,heimlich,ADJ,nk,17894,Weise
17894,Weise,Weise,NOUN,cj,17891,oder
17895,getötet,töten,VERB,ROOT,17895,getötet
17896,",",--,PUNCT,punct,17897,so
17897,so,so,ADV,mo,17900,schärfste
17898,daß,daß,SCONJ,mo,17897,so
17899,der,der,DET,nk,17900,schärfste
17900,schärfste,scharf,ADJ,ROOT,17900,schärfste
17901,Blick,Blick,NOUN,sb,17912,habe
17902,des,der,DET,nk,17903,Arztes
17903,Arztes,Arzt,NOUN,ag,17901,Blick
17904,wohl,wohl,ADV,mo,17901,Blick
17905,nie,nie,ADV,mo,17904,wohl
17906,auch,auch,ADV,mo,17909,Spur
17907,die,der,DET,nk,17909,Spur
17908,kleinste,klein,ADJ,nk,17909,Spur
17909,Spur,Spur,NOUN,sb,17912,habe
17910,der,der,DET,nk,17911,Ermordung
17911,Ermordung,Ermordung,NOUN,ag,17909,Spur
17912,habe,haben,AUX,ROOT,17912,habe
17913,auffinden,auffinden,VERB,oc,17912,habe
17914,können,können,AUX,ROOT,17914,können
17915,.,--,PUNCT,punct,17914,können
17916,Nur,nur,ADV,mo,17917,Trabacchios
17917,Trabacchios,Trabacchio,X,ag,17919,Weib
17918,letztes,letzter,ADJ,nk,17919,Weib
17919,Weib,Weib,NOUN,ROOT,17919,Weib
17920,",",--,PUNCT,punct,17919,Weib
17921,die,der,PRON,sb,17925,geboren
17922,ihm,ihm,PRON,da,17925,geboren
17923,einen,ein,DET,nk,17924,Sohn
17924,Sohn,Sohn,NOUN,oa,17925,geboren
17925,geboren,gebären,VERB,rc,17919,Weib
17926,",",--,PUNCT,punct,17925,geboren
17927,der,der,PRON,dep,17919,Weib
17928,noch,noch,ADV,mo,17927,der
17929,lebe,leben,VERB,sb,17931,sei
17930,",",--,PUNCT,punct,17931,sei
17931,sei,sein,AUX,ROOT,17931,sei
17932,des,der,DET,nk,17934,Todes
17933,natürlichen,natürlich,ADJ,nk,17934,Todes
17934,Todes,Tod,NOUN,og,17935,gestorben
17935,gestorben,sterben,VERB,oc,17931,sei
17936,.,--,PUNCT,punct,17931,sei
17937,Der,der,DET,nk,17938,Doktor
17938,Doktor,Doktor,NOUN,sb,17940,gestand
17939,Trabacchio,Trabacchio,PROPN,nk,17938,Doktor
17940,gestand,gestehen,VERB,ROOT,17940,gestand
17941,alles,alle,PRON,sb,17940,gestand
17942,unverhohlen,unverhohlen,ADV,mo,17940,gestand
17943,ein,ein,ADV,svp,17940,gestand
17944,und,und,CCONJ,cd,17940,gestand
17945,schien,scheinen,VERB,cj,17944,und
17946,eine,ein,DET,nk,17947,Freude
17947,Freude,Freude,NOUN,pd,17945,schien
17948,daran,daran,ADV,mo,17950,finden
17949,zu,zu,PART,pm,17950,finden
17950,finden,finden,VERB,ROOT,17950,finden
17951,",",--,PUNCT,punct,17950,finden
17952,das,der,DET,nk,17953,Gericht
17953,Gericht,Gericht,NOUN,app,17950,finden
17954,mit,mit,ADP,mnr,17953,Gericht
17955,den,der,DET,nk,17957,Erzählungen
17956,schauerlichen,schauerlich,ADJ,nk,17957,Erzählungen
17957,Erzählungen,Erzählung,NOUN,nk,17954,mit
17958,seiner,sein,DET,nk,17959,Untaten
17959,Untaten,Untat,NOUN,ag,17957,Erzählungen
17960,und,und,CCONJ,ROOT,17960,und
17961,vorzüglich,vorzüglich,ADV,cj,17960,und
17962,der,der,DET,nk,17964,Umstände
17963,nähern,nähern,ADJ,nk,17964,Umstände
17964,Umstände,Umstand,NOUN,nk,17961,vorzüglich
17965,seines,sein,DET,nk,17967,Bündnisses
17966,entsetzlichen,entsetzlich,ADJ,nk,17967,Bündnisses
17967,Bündnisses,Bündnis,NOUN,ag,17964,Umstände
17968,mit,mit,ADP,mnr,17967,Bündnisses
17969,dem,der,DET,nk,17968,mit
17970,Satan,Satan,PROPN,ROOT,17970,Satan
17971,in,in,ADP,cvc,17974,setzen
17972,Verwirrung,Verwirrung,NOUN,nk,17971,in
17973,zu,zu,PART,pm,17974,setzen
17974,setzen,setzen,VERB,oc,17970,Satan
17975,",",--,PUNCT,punct,17970,Satan
17976,Die,der,DET,nk,17977,Geistlichen
17977,Geistlichen,Geistliche,NOUN,cj,17970,Satan
17978,",",--,PUNCT,punct,17977,Geistlichen
17979,welche,welcher,PRON,sb,17982,beiwohnten
17980,dem,der,DET,nk,17981,Gericht
17981,Gericht,Gericht,NOUN,da,17982,beiwohnten
17982,beiwohnten,beiwohnen,VERB,rc,17977,Geistlichen
17983,",",--,PUNCT,punct,17970,Satan
17984,gaben,geben,VERB,ROOT,17984,gaben
17985,sich,sich,PRON,oa,17984,gaben
17986,alle,alle,PRON,nk,17989,Mühe
17987,nur,nur,ADV,mo,17988,ersinnliche
17988,ersinnliche,ersinnlich,ADJ,nk,17989,Mühe
17989,Mühe,Mühe,NOUN,sb,17984,gaben
17990,",",--,PUNCT,punct,17989,Mühe
17991,den,der,DET,nk,17992,Doktor
17992,Doktor,Doktor,NOUN,oa,17984,gaben
17993,zur,zu,ADP,mnr,17992,Doktor
17994,Reue,Reue,NOUN,nk,17993,zur
17995,und,und,CCONJ,cd,17993,zur
17996,zur,zu,ADP,cj,17995,und
17997,Erkenntnis,Erkenntnis,NOUN,nk,17996,zur
17998,seiner,sein,DET,nk,17999,Sünden
17999,Sünden,Sünde,NOUN,da,18001,bringen
18000,zu,zu,PART,pm,18001,bringen
18001,bringen,bringen,VERB,ROOT,18001,bringen
18002,;,--,PUNCT,punct,18001,bringen
18003,aber,aber,CCONJ,ju,18005,blieb
18004,es,es,PRON,sb,18005,blieb
18005,blieb,bleiben,VERB,ROOT,18005,blieb
18006,vergebens,vergebens,ADV,mo,18005,blieb
18007,",",--,PUNCT,punct,18005,blieb
18008,da,da,SCONJ,mo,18009,Trabacchio
18009,Trabacchio,Trabacchio,NOUN,mo,18005,blieb
18010,sie,sie,PRON,sb,18009,Trabacchio
18011,nur,nur,ADV,mo,18005,blieb
18012,verhöhnte,verhöhnen,VERB,ROOT,18012,verhöhnte
18013,und,und,CCONJ,cd,18012,verhöhnte
18014,verlachte,verlachen,VERB,cj,18013,und
18015,.,--,PUNCT,punct,18012,verhöhnte
18016,Beide,beide,PRON,sb,18023,wurden
18017,",",--,PUNCT,punct,18016,Beide
18018,die,der,DET,nk,18019,Alte
18019,Alte,alt,ADJ,cj,18016,Beide
18020,und,und,CCONJ,cd,18019,Alte
18021,Trabacchio,Trabacchio,NOUN,cj,18020,und
18022,",",--,PUNCT,punct,18023,wurden
18023,wurden,werden,AUX,ROOT,18023,wurden
18024,zum,zu,ADP,mo,18023,wurden
18025,Scheiterhaufen,Scheiterhauf,NOUN,oa,18026,verurteilt
18026,verurteilt,verurteilen,VERB,ROOT,18026,verurteilt
18027,.,--,PUNCT,punct,18026,verurteilt
18028,-,--,PUNCT,punct,18030,hatte
18029,Man,man,PRON,sb,18030,hatte
18030,hatte,haben,AUX,ROOT,18030,hatte
18031,unterdessen,unterdessen,ADV,mo,18030,hatte
18032,das,der,DET,nk,18033,Haus
18033,Haus,Haus,NOUN,oa,18030,hatte
18034,des,der,DET,nk,18035,Doktors
18035,Doktors,Doktor,NOUN,ag,18033,Haus
18036,untersucht,untersuchen,VERB,ROOT,18036,untersucht
18037,und,und,CCONJ,cd,18036,untersucht
18038,alle,aller,DET,nk,18040,Reichtümer
18039,seine,sein,DET,nk,18040,Reichtümer
18040,Reichtümer,Reichtum,NOUN,oa,18041,hervorgeholt
18041,hervorgeholt,hervorholen,VERB,cj,18037,und
18042,",",--,PUNCT,punct,18041,hervorgeholt
18043,die,der,PRON,ROOT,18043,die
18044,",",--,PUNCT,punct,18046,Abzug
18045,nach,nach,ADP,cj,18043,die
18046,Abzug,Abzug,NOUN,nk,18045,nach
18047,der,der,DET,mnr,18043,die
18048,Gerichtskosten,Gerichtskoste,NOUN,ROOT,18048,Gerichtskosten
18049,",",--,PUNCT,punct,18048,Gerichtskosten
18050,an,an,ADP,mo,18054,werden
18051,die,der,PRON,nk,18050,an
18052,Hospitäler,Hospital,NOUN,sb,18055,sollten
18053,verteilt,verteilen,VERB,oc,18054,werden
18054,werden,werden,AUX,oc,18055,sollten
18055,sollten,sollen,AUX,rc,18048,Gerichtskosten
18056,.,--,PUNCT,punct,18048,Gerichtskosten
18057,In,in,ADP,ROOT,18057,In
18058,Trabacchios,Trabacchio,NOUN,nk,18057,In
18059,Bibliothek,Bibliothek,NOUN,mo,18060,fand
18060,fand,finden,VERB,ROOT,18060,fand
18061,man,man,PRON,sb,18060,fand
18062,nicht,nicht,PART,ng,18060,fand
18063,ein,ein,DET,nk,18066,Buch
18064,einziges,einzig,ADJ,nk,18066,Buch
18065,verdächtiges,verdächtig,ADJ,nk,18066,Buch
18066,Buch,Buch,NOUN,oa,18060,fand
18067,und,und,CCONJ,cd,18066,Buch
18068,noch,noch,ADV,mo,18070,weniger
18069,viel,viel,ADV,mo,18070,weniger
18070,weniger,weniger,PRON,cj,18067,und
18071,gab,geben,VERB,ROOT,18071,gab
18072,es,es,PRON,ep,18071,gab
18073,Gerätschaften,Gerätschaft,NOUN,oa,18071,gab
18074,",",--,PUNCT,punct,18073,Gerätschaften
18075,die,der,PRON,sb,18076,auf
18076,auf,auf,ADP,rc,18073,Gerätschaften
18077,die,der,DET,nk,18079,Kunst
18078,satanische,satanisch,ADJ,nk,18079,Kunst
18079,Kunst,Kunst,NOUN,nk,18076,auf
18080,",",--,PUNCT,punct,18079,Kunst
18081,die,der,PRON,oa,18084,getrieben
18082,der,der,DET,nk,18083,Doktor
18083,Doktor,Doktor,NOUN,oa,18084,getrieben
18084,getrieben,treiben,VERB,rc,18079,Kunst
18085,",",--,PUNCT,punct,18071,gab
18086,hätten,haben,AUX,ROOT,18086,hätten
18087,hindeuten,hindeuten,VERB,oc,18088,sollen
18088,sollen,sollen,AUX,oc,18086,hätten
18089,.,--,PUNCT,punct,18086,hätten
18090,Nur,nur,ADV,mo,18093,Gewölbe
18091,ein,ein,DET,nk,18093,Gewölbe
18092,verschlossenes,verschlossen,ADJ,nk,18093,Gewölbe
18093,Gewölbe,Gewölbe,NOUN,ROOT,18093,Gewölbe
18094,",",--,PUNCT,punct,18093,Gewölbe
18095,dessen,der,DET,ag,18096,viele
18096,viele,viele,PRON,sb,18097,durch
18097,durch,durch,ADP,rc,18093,Gewölbe
18098,die,der,DET,nk,18097,durch
18099,Mauer,Mauer,NOUN,sb,18104,verrieten
18100,herausragende,herausragend,ADJ,nk,18101,Röhren
18101,Röhren,Röhr,NOUN,oa,18104,verrieten
18102,das,der,DET,nk,18103,Laboratorium
18103,Laboratorium,Laboratorium,NOUN,oa,18104,verrieten
18104,verrieten,verrieen,VERB,ROOT,18104,verrieten
18105,",",--,PUNCT,punct,18104,verrieten
18106,widerstand,Widerstand,NOUN,cj,18104,verrieten
18107,",",--,PUNCT,punct,18106,widerstand
18108,als,als,SCONJ,punct,18110,es
18109,man,man,PRON,nk,18108,als
18110,es,es,PRON,dep,18104,verrieten
18111,öffnen,öffnen,VERB,oc,18112,wollte
18112,wollte,wollen,AUX,ROOT,18112,wollte
18113,",",--,PUNCT,punct,18112,wollte
18114,aller,aller,DET,nk,18115,Kunst
18115,Kunst,Kunst,NOUN,da,18111,öffnen
18116,und,und,CCONJ,cd,18115,Kunst
18117,aller,aller,DET,nk,18118,Gewalt
18118,Gewalt,Gewalt,NOUN,cj,18116,und
18119,.,--,PUNCT,punct,18112,wollte
18120,Ja,ja,PART,dm,18123,Schlosser
18121,",",--,PUNCT,punct,18123,Schlosser
18122,wenn,wenn,SCONJ,cp,18123,Schlosser
18123,Schlosser,Schlosser,NOUN,ROOT,18123,Schlosser
18124,und,und,CCONJ,cd,18123,Schlosser
18125,Maurer,Maurer,NOUN,cj,18124,und
18126,unter,unter,ADP,mo,18133,bemühten
18127,der,der,DET,nk,18128,Aufsicht
18128,Aufsicht,Aufsicht,NOUN,nk,18126,unter
18129,des,der,DET,nk,18130,Gerichts
18130,Gerichts,Gericht,NOUN,ag,18128,Aufsicht
18131,sich,sich,PRON,oa,18133,bemühten
18132,eifrig,eifrig,ADV,mo,18133,bemühten
18133,bemühten,bemühen,VERB,ROOT,18133,bemühten
18134,",",--,PUNCT,punct,18133,bemühten
18135,endlich,endlich,ADV,mo,18136,durchzubrechen
18136,durchzubrechen,durchzubrech,VERB,cj,18133,bemühten
18137,",",--,PUNCT,punct,18133,bemühten
18138,so,so,ADV,mo,18144,worden
18139,daß,daß,SCONJ,cp,18145,wäre
18140,wohl,wohl,ADV,mo,18144,worden
18141,der,der,DET,nk,18142,Zweck
18142,Zweck,Zweck,NOUN,sb,18145,wäre
18143,erreicht,erreichen,VERB,oc,18144,worden
18144,worden,werden,AUX,oc,18145,wäre
18145,wäre,sein,AUX,ROOT,18145,wäre
18146,",",--,PUNCT,punct,18145,wäre
18147,da,da,ADV,mo,18148,kreischten
18148,kreischten,kreischen,VERB,par,18142,Zweck
18149,im,in,ADP,mo,18148,kreischten
18150,Innern,innere,NOUN,nk,18149,im
18151,des,der,DET,dep,18145,wäre
18152,Gewölbes,Gewölbe,PROPN,ag,18154,Stimmen
18153,entsetzliche,entsetzlich,ADJ,nk,18154,Stimmen
18154,Stimmen,Stimme,NOUN,ROOT,18154,Stimmen
18155,",",--,PUNCT,punct,18154,Stimmen
18156,es,es,PRON,ep,18157,rauschte
18157,rauschte,rauschen,VERB,cj,18154,Stimmen
18158,auf,auf,ADP,mo,18157,rauschte
18159,und,und,CCONJ,cd,18158,auf
18160,nieder,nieder,ADV,cj,18159,und
18161,",",--,PUNCT,punct,18157,rauschte
18162,wie,wie,SCONJ,cm,18163,mit
18163,mit,mit,ADP,mo,18164,eiskalten
18164,eiskalten,eiskalt,NOUN,oc,18154,Stimmen
18165,Flügeln,Flügel,NOUN,mo,18166,schlug
18166,schlug,schlagen,VERB,ROOT,18166,schlug
18167,es,es,PRON,ep,18166,schlug
18168,an,an,ADP,mo,18166,schlug
18169,die,der,DET,nk,18170,Gesichter
18170,Gesichter,Gesicht,NOUN,nk,18168,an
18171,der,der,DET,nk,18172,Arbeiter
18172,Arbeiter,Arbeiter,NOUN,ag,18170,Gesichter
18173,und,und,CCONJ,cd,18170,Gesichter
18174,ein,ein,DET,nk,18176,Zugwind
18175,schneidender,schneidend,ADJ,nk,18176,Zugwind
18176,Zugwind,Zugwind,NOUN,cj,18173,und
18177,pfiff,Pfiff,NOUN,ROOT,18177,pfiff
18178,in,in,ADP,mo,18177,pfiff
18179,gellenden,gellend,ADJ,nk,18181,Tönen
18180,gräßlichen,gräßlich,ADJ,nk,18181,Tönen
18181,Tönen,Tön,NOUN,nk,18178,in
18182,durch,durch,ADP,mo,18177,pfiff
18183,den,der,DET,nk,18184,Gang
18184,Gang,Gang,NOUN,nk,18182,durch
18185,",",--,PUNCT,punct,18177,pfiff
18186,so,so,ADV,mo,18177,pfiff
18187,daß,daß,SCONJ,cp,18188,von
18188,von,von,ADP,cc,18186,so
18189,Grausen,Grause,NOUN,nk,18188,von
18190,und,und,CCONJ,cd,18188,von
18191,Entsetzen,entsetzen,NOUN,sb,18192,ergriffen
18192,ergriffen,ergreifen,VERB,ROOT,18192,ergriffen
18193,alle,aller,PRON,sb,18192,ergriffen
18194,flohen,fliehen,VERB,mo,18192,ergriffen
18195,",",--,PUNCT,punct,18192,ergriffen
18196,und,und,CCONJ,cd,18192,ergriffen
18197,am,an,ADP,cj,18196,und
18198,Ende,Ende,NOUN,nk,18197,am
18199,niemand,niemand,PRON,cj,18196,und
18200,mehr,mehr,ADV,mo,18199,niemand
18201,sich,sich,PRON,oa,18192,ergriffen
18202,an,an,ADP,mo,18192,ergriffen
18203,die,der,DET,nk,18204,Tür
18204,Tür,Tür,NOUN,nk,18202,an
18205,des,der,DET,punct,18192,ergriffen
18206,Gewölbes,Gewölbe,NOUN,oa,18207,wagen
18207,wagen,wagen,VERB,oc,18208,wollte
18208,wollte,wollen,AUX,ROOT,18208,wollte
18209,",",--,PUNCT,punct,18208,wollte
18210,aus,aus,ADP,mo,18212,wahnsinnig
18211,Furcht,Furcht,NOUN,nk,18210,aus
18212,wahnsinnig,wahnsinnig,ADV,pd,18214,werden
18213,zu,zu,PART,pm,18214,werden
18214,werden,werden,AUX,oc,18207,wagen
18215,vor,vor,ADP,mo,18214,werden
18216,Angst,Angst,NOUN,nk,18215,vor
18217,und,und,CCONJ,cd,18216,Angst
18218,Schrecken,Schrecken,NOUN,cj,18217,und
18219,.,--,PUNCT,punct,18208,wollte
18220,Den,der,DET,nk,18221,Geistlichen
18221,Geistlichen,Geistliche,NOUN,da,18229,ging
18222,",",--,PUNCT,punct,18221,Geistlichen
18223,die,der,PRON,sb,18227,nahten
18224,sich,sich,PRON,oa,18227,nahten
18225,der,der,DET,nk,18226,Tür
18226,Tür,Tür,NOUN,da,18227,nahten
18227,nahten,nahn,VERB,rc,18221,Geistlichen
18228,",",--,PUNCT,punct,18229,ging
18229,ging,gehen,VERB,ROOT,18229,ging
18230,es,es,PRON,ep,18229,ging
18231,nicht,nicht,PART,ng,18229,ging
18232,besser,gut,ADV,mo,18229,ging
18233,und,und,CCONJ,cd,18229,ging
18234,es,es,PRON,ep,18235,blieb
18235,blieb,bleiben,VERB,cj,18233,und
18236,nichts,nichts,PRON,ROOT,18236,nichts
18237,übrig,übrig,ADP,mnr,18236,nichts
18238,",",--,PUNCT,punct,18236,nichts
18239,als,als,SCONJ,cp,18248,erwarten
18240,die,der,DET,nk,18241,Ankunft
18241,Ankunft,Ankunft,NOUN,oa,18248,erwarten
18242,eines,ein,DET,nk,18244,Dominikaners
18243,alten,alt,ADJ,nk,18244,Dominikaners
18244,Dominikaners,Dominikaner,NOUN,ag,18241,Ankunft
18245,aus,aus,ADP,mo,18248,erwarten
18246,Palermo,Palermo,PROPN,nk,18245,aus
18247,zu,zu,PART,pm,18248,erwarten
18248,erwarten,erwarten,VERB,mnr,18236,nichts
18249,",",--,PUNCT,punct,18236,nichts
18250,dessen,der,PRON,ag,18251,Standhaftigkeit
18251,Standhaftigkeit,Standhaftigkeit,NOUN,sb,18259,weichen
18252,und,und,CCONJ,cd,18251,Standhaftigkeit
18253,Frömmigkeit,Frömmigkeit,NOUN,cj,18252,und
18254,bisher,bisher,ADV,mo,18259,weichen
18255,alle,aller,DET,nk,18256,Künste
18256,Künste,Kunst,NOUN,oa,18259,weichen
18257,des,der,DET,nk,18258,Satans
18258,Satans,Satan,NOUN,ag,18256,Künste
18259,weichen,weichen,VERB,ROOT,18259,weichen
18260,mußten,müssen,AUX,ROOT,18260,mußten
18261,.,--,PUNCT,punct,18260,mußten
18262,Als,als,SCONJ,cp,18269,befand
18263,dieser,dieser,DET,nk,18264,Mönch
18264,Mönch,Mönch,NOUN,sb,18269,befand
18265,sich,sich,PRON,oa,18269,befand
18266,nun,nun,ADV,mo,18269,befand
18267,in,in,ADP,mo,18269,befand
18268,Neapel,Neapel,PROPN,nk,18267,in
18269,befand,befinden,VERB,mo,18271,war
18270,",",--,PUNCT,punct,18271,war
18271,war,sein,AUX,ROOT,18271,war
18272,er,er,PRON,sb,18271,war
18273,bereit,bereit,ADV,pd,18271,war
18274,den,der,DET,dep,18271,war
18275,teuflischen,teuflisch,ADJ,nk,18276,Spuk
18276,Spuk,Spuk,NOUN,ROOT,18276,Spuk
18277,in,in,ADP,mnr,18276,Spuk
18278,Trabacchios,Trabacchio,PROPN,ag,18279,Gewölbe
18279,Gewölbe,Gewölbe,PROPN,nk,18277,in
18280,zu,zu,PART,pm,18281,bekämpfen
18281,bekämpfen,bekämpfen,VERB,oc,18276,Spuk
18282,",",--,PUNCT,punct,18276,Spuk
18283,und,und,CCONJ,cd,18276,Spuk
18284,verfügte,verfügen,VERB,cj,18283,und
18285,sich,sich,PRON,oa,18284,verfügte
18286,hin,hin,ADV,svp,18284,verfügte
18287,",",--,PUNCT,punct,18284,verfügte
18288,ausgerüstet,ausrüsten,VERB,ROOT,18288,ausgerüstet
18289,mit,mit,ADP,mo,18288,ausgerüstet
18290,Kreuz,Kreuz,NOUN,nk,18289,mit
18291,und,und,CCONJ,cd,18290,Kreuz
18292,Weihwasser,Weihwasser,NOUN,cj,18291,und
18293,",",--,PUNCT,punct,18288,ausgerüstet
18294,begleitet,begleiten,VERB,cj,18288,ausgerüstet
18295,von,von,ADP,sbp,18294,begleitet
18296,mehreren,mehrere,DET,nk,18297,Geistlichen
18297,Geistlichen,Geistliche,NOUN,nk,18295,von
18298,und,und,CCONJ,cd,18294,begleitet
18299,Gerichtspersonen,Gerichtspersone,NOUN,ROOT,18299,Gerichtspersonen
18300,",",--,PUNCT,punct,18299,Gerichtspersonen
18301,die,der,PRON,sb,18308,blieben
18302,aber,aber,ADV,mo,18308,blieben
18303,weit,weit,ADV,mo,18307,entfernt
18304,von,von,ADP,mo,18307,entfernt
18305,der,der,DET,nk,18306,Tür
18306,Tür,Tür,NOUN,nk,18304,von
18307,entfernt,entfernt,ADV,pd,18308,blieben
18308,blieben,bleiben,VERB,rc,18299,Gerichtspersonen
18309,.,--,PUNCT,punct,18299,Gerichtspersonen
18310,Der,der,DET,nk,18311,alte
18311,alte,alt,ADJ,ROOT,18311,alte
18312,Dominikaner,dominikaner,PROPN,sb,18313,ging
18313,ging,gehen,VERB,ROOT,18313,ging
18314,betend,betend,ADV,mo,18313,ging
18315,auf,auf,ADP,mo,18313,ging
18316,die,der,DET,nk,18317,Tür
18317,Tür,Tür,NOUN,nk,18315,auf
18318,los,los,ADV,svp,18313,ging
18319,;,--,PUNCT,punct,18313,ging
18320,aber,aber,CCONJ,ju,18322,erhob
18321,da,da,ADV,mo,18322,erhob
18322,erhob,erheben,VERB,ROOT,18322,erhob
18323,sich,sich,PRON,oa,18322,erhob
18324,heftiger,heftig,ADV,mo,18322,erhob
18325,das,der,DET,mo,18322,erhob
18326,Rauschen,Rausche,NOUN,ROOT,18326,Rauschen
18327,und,und,CCONJ,cd,18326,Rauschen
18328,Brausen,Brause,NOUN,cj,18327,und
18329,",",--,PUNCT,punct,18326,Rauschen
18330,und,und,CCONJ,cd,18326,Rauschen
18331,die,der,DET,nk,18333,Stimmen
18332,entsetzlichen,entsetzlich,ADJ,nk,18333,Stimmen
18333,Stimmen,Stimme,NOUN,oa,18336,lachten
18334,verworfener,verworfen,ADJ,nk,18335,Geister
18335,Geister,Geist,NOUN,ag,18333,Stimmen
18336,lachten,lachen,VERB,cj,18330,und
18337,gellend,gellend,ADV,ROOT,18337,gellend
18338,heraus,heraus,ADV,mo,18337,gellend
18339,.,--,PUNCT,punct,18337,gellend
18340,Der,der,DET,nk,18341,Geistliche
18341,Geistliche,geistliche,NOUN,sb,18342,ließ
18342,ließ,lassen,VERB,ROOT,18342,ließ
18343,sich,sich,PRON,oa,18347,machen
18344,jedoch,jedoch,ADV,mo,18342,ließ
18345,nicht,nicht,PART,ng,18342,ließ
18346,irre,irre,NOUN,oa,18347,machen
18347,machen,machen,VERB,oc,18342,ließ
18348,;,--,PUNCT,punct,18342,ließ
18349,er,er,PRON,sb,18350,betete
18350,betete,beten,VERB,ROOT,18350,betete
18351,kräftiger,kräftig,ADV,ROOT,18351,kräftiger
18352,das,der,DET,nk,18353,Kruzifix
18353,Kruzifix,Kruzifix,NOUN,mo,18351,kräftiger
18354,emporhaltend,emporhaltend,ADV,mo,18351,kräftiger
18355,und,und,CCONJ,cd,18351,kräftiger
18356,die,der,DET,nk,18357,Tür
18357,Tür,Tür,NOUN,oa,18360,besprengend
18358,mit,mit,ADP,mnr,18357,Tür
18359,Weihwasser,Weihwasser,NOUN,nk,18358,mit
18360,besprengend,besprengend,ADV,cj,18355,und
18361,.,--,PUNCT,punct,18351,kräftiger
18362,»,--,PUNCT,punct,18364,gebe
18363,Man,man,PRON,sb,18364,gebe
18364,gebe,geben,VERB,oc,18370,rief
18365,mir,mir,PRON,da,18364,gebe
18366,ein,ein,DET,nk,18367,Brecheisen
18367,Brecheisen,Brecheisen,NOUN,oa,18364,gebe
18368,!,--,PUNCT,punct,18370,rief
18369,«,--,PUNCT,punct,18370,rief
18370,rief,rufen,VERB,ROOT,18370,rief
18371,er,er,PRON,sb,18370,rief
18372,laut,laut,ADV,svp,18370,rief
18373,;,--,PUNCT,punct,18370,rief
18374,zitternd,zitternd,ADV,mo,18375,reichte
18375,reichte,reichen,VERB,ROOT,18375,reichte
18376,es,es,PRON,sb,18375,reichte
18377,ihm,ihm,PRON,da,18375,reichte
18378,ein,ein,DET,svp,18375,reichte
18379,Maurerbursche,Maurerbursch,NOUN,ROOT,18379,Maurerbursche
18380,hin,hin,ADV,mo,18379,Maurerbursche
18381,",",--,PUNCT,punct,18379,Maurerbursche
18382,aber,aber,CCONJ,cd,18379,Maurerbursche
18383,kaum,kaum,ADV,mo,18384,setzte
18384,setzte,setzen,VERB,cj,18382,aber
18385,es,es,PRON,oa,18384,setzte
18386,der,der,DET,nk,18388,Mönch
18387,alte,alt,ADJ,nk,18388,Mönch
18388,Mönch,Mönch,NOUN,oa,18384,setzte
18389,an,an,ADP,mo,18384,setzte
18390,die,der,DET,nk,18391,Türe
18391,Türe,Türe,NOUN,nk,18389,an
18392,",",--,PUNCT,punct,18384,setzte
18393,als,als,SCONJ,cm,18394,sie
18394,sie,sie,PRON,mo,18384,setzte
18395,mit,mit,ADP,svp,18384,setzte
18396,furchtbar,furchtbar,ADV,mo,18397,erschütterndem
18397,erschütterndem,erschütternd,ADJ,nk,18398,Knall
18398,Knall,Knall,NOUN,oa,18399,aufsprang
18399,aufsprang,Aufsprang,VERB,ROOT,18399,aufsprang
18400,.,--,PUNCT,punct,18399,aufsprang
18401,Blaue,blau,ADJ,nk,18402,Flammen
18402,Flammen,Flamme,NOUN,sb,18403,leckten
18403,leckten,lecken,VERB,ROOT,18403,leckten
18404,überall,überall,ADV,mo,18403,leckten
18405,an,an,ADP,mo,18403,leckten
18406,den,der,DET,punct,18403,leckten
18407,Wänden,Wände,NOUN,sb,18416,strömte
18408,des,der,DET,nk,18409,Gewölbes
18409,Gewölbes,Gewölbe,NOUN,ag,18407,Wänden
18410,herauf,herauf,ADV,svp,18407,Wänden
18411,und,und,CCONJ,cd,18407,Wänden
18412,eine,ein,DET,nk,18415,Hitze
18413,betäubende,betäubend,ADJ,nk,18415,Hitze
18414,erstickende,erstickend,ADJ,nk,18415,Hitze
18415,Hitze,Hitze,NOUN,cj,18411,und
18416,strömte,strömen,VERB,ROOT,18416,strömte
18417,aus,aus,ADP,svp,18416,strömte
18418,dem,der,DET,nk,18419,Innern
18419,Innern,Inner,NOUN,ROOT,18419,Innern
18420,.,--,PUNCT,punct,18419,Innern
18421,Demunerachtet,Demunerachtet,VERB,oc,18422,wollte
18422,wollte,wollen,AUX,ROOT,18422,wollte
18423,der,der,DET,nk,18424,Dominikaner
18424,Dominikaner,Dominikaner,NOUN,sb,18422,wollte
18425,hineintreten,hineintreten,VERB,oc,18422,wollte
18426,;,--,PUNCT,punct,18422,wollte
18427,da,da,ADV,mo,18428,stürzte
18428,stürzte,stürzen,VERB,ROOT,18428,stürzte
18429,der,der,DET,ROOT,18429,der
18430,Boden,Boden,NOUN,ROOT,18430,Boden
18431,des,der,DET,nk,18432,Gewölbes
18432,Gewölbes,Gewölbe,NOUN,ag,18430,Boden
18433,ein,ein,ADV,ROOT,18433,ein
18434,",",--,PUNCT,punct,18433,ein
18435,daß,daß,SCONJ,cp,18439,erdröhnte
18436,das,der,DET,nk,18438,Haus
18437,ganze,ganz,ADJ,nk,18438,Haus
18438,Haus,Haus,NOUN,sb,18439,erdröhnte
18439,erdröhnte,erdröhnen,VERB,re,18433,ein
18440,und,und,CCONJ,cd,18439,erdröhnte
18441,Flammen,Flamme,NOUN,sb,18442,prasselten
18442,prasselten,prasselen,VERB,cj,18440,und
18443,aus,aus,ADP,svp,18442,prasselten
18444,dem,der,DET,nk,18445,Abgrunde
18445,Abgrunde,Abgrunde,NOUN,ROOT,18445,Abgrunde
18446,hervor,hervor,ADV,svp,18445,Abgrunde
18447,",",--,PUNCT,punct,18445,Abgrunde
18448,die,der,PRON,sb,18452,griffen
18449,wütend,wütend,ADV,mo,18452,griffen
18450,um,um,ADP,op,18452,griffen
18451,sich,sich,PRON,nk,18450,um
18452,griffen,greifen,VERB,rc,18445,Abgrunde
18453,und,und,CCONJ,cd,18452,griffen
18454,alles,alle,PRON,nk,18455,rings
18455,rings,Ring,NOUN,oa,18457,erfaßten
18456,umher,umher,ADV,mo,18457,erfaßten
18457,erfaßten,erfassen,VERB,cj,18453,und
18458,.,--,PUNCT,punct,18445,Abgrunde
18459,Schnell,schnell,ADV,mo,18460,mußte
18460,mußte,müssen,AUX,ROOT,18460,mußte
18461,der,der,DET,nk,18462,Dominikaner
18462,Dominikaner,Dominikaner,NOUN,sb,18460,mußte
18463,mit,mit,ADP,mo,18466,fliehen
18464,seiner,sein,DET,nk,18465,Begleitung
18465,Begleitung,Begleitung,NOUN,nk,18463,mit
18466,fliehen,fliehen,VERB,oc,18460,mußte
18467,",",--,PUNCT,punct,18466,fliehen
18468,um,um,SCONJ,ng,18460,mußte
18469,nicht,nicht,PART,ng,18468,um
18470,zu,zu,ADP,svp,18460,mußte
18471,verbrennen,verbrennen,VERB,ROOT,18471,verbrennen
18472,",",--,PUNCT,punct,18471,verbrennen
18473,oder,oder,CCONJ,cd,18471,verbrennen
18474,verschüttet,verschütten,VERB,oc,18476,werden
18475,zu,zu,PART,pm,18476,werden
18476,werden,werden,AUX,cj,18473,oder
18477,.,--,PUNCT,punct,18471,verbrennen
18478,Kaum,kaum,ADV,mo,18479,waren
18479,waren,sein,AUX,ROOT,18479,waren
18480,sie,sie,PRON,sb,18479,waren
18481,auf,auf,ADP,mo,18479,waren
18482,der,der,DET,nk,18483,Straße
18483,Straße,Straße,NOUN,nk,18481,auf
18484,",",--,PUNCT,punct,18479,waren
18485,als,als,SCONJ,mo,18479,waren
18486,das,der,PRON,nk,18485,als
18487,ganze,ganz,ADJ,nk,18488,Haus
18488,Haus,Haus,NOUN,sb,18494,stand
18489,des,der,DET,nk,18490,Doktor
18490,Doktor,Doktor,NOUN,ag,18488,Haus
18491,Trabacchio,Trabacchio,PROPN,nk,18490,Doktor
18492,in,in,ADP,mo,18494,stand
18493,Flammen,Flamme,NOUN,nk,18492,in
18494,stand,stehen,VERB,ROOT,18494,stand
18495,.,--,PUNCT,punct,18494,stand
18496,Das,der,DET,nk,18497,Volk
18497,Volk,Volk,NOUN,sb,18498,lief
18498,lief,laufen,VERB,ROOT,18498,lief
18499,zusammen,zusammen,ADV,svp,18498,lief
18500,und,und,CCONJ,cd,18498,lief
18501,jauchzte,jauchzen,VERB,ROOT,18501,jauchzte
18502,und,und,CCONJ,cd,18501,jauchzte
18503,jubelte,jubeln,VERB,cj,18502,und
18504,",",--,PUNCT,punct,18503,jubelte
18505,als,als,SCONJ,cp,18512,sah
18506,es,es,PRON,ep,18512,sah
18507,des,der,DET,nk,18509,Hexenmeisters
18508,verruchten,verrucht,ADJ,nk,18509,Hexenmeisters
18509,Hexenmeisters,Hexenmeister,NOUN,ag,18510,Wohnung
18510,Wohnung,Wohnung,NOUN,oa,18511,brennen
18511,brennen,brennen,VERB,oc,18512,sah
18512,sah,sehen,VERB,mo,18503,jubelte
18513,",",--,PUNCT,punct,18501,jauchzte
18514,ohne,ohne,SCONJ,cp,18522,tun
18515,auch,auch,ADV,mo,18518,mindeste
18516,nur,nur,ADV,mo,18518,mindeste
18517,das,der,DET,nk,18518,mindeste
18518,mindeste,mind,ADJ,oa,18522,tun
18519,zur,zu,ADP,mo,18522,tun
18520,Rettung,Rettung,NOUN,nk,18519,zur
18521,zu,zu,PART,pm,18522,tun
18522,tun,tun,VERB,ROOT,18522,tun
18523,.,--,PUNCT,punct,18522,tun
18524,Schon,schon,ADV,mo,18528,eingestürzt
18525,war,sein,AUX,ROOT,18525,war
18526,das,der,DET,nk,18527,Dach
18527,Dach,Dach,NOUN,sb,18525,war
18528,eingestürzt,eingestürzen,VERB,oc,18525,war
18529,",",--,PUNCT,punct,18525,war
18530,das,der,DET,nk,18532,Holzwerk
18531,inwendige,inwendig,ADJ,nk,18532,Holzwerk
18532,Holzwerk,Holzwerk,NOUN,sb,18533,flammte
18533,flammte,flammen,VERB,ROOT,18533,flammte
18534,zu,zu,ADP,mo,18533,flammte
18535,den,der,DET,nk,18536,Wänden
18536,Wänden,Wand,NOUN,nk,18534,zu
18537,heraus,heraus,ADV,svp,18533,flammte
18538,und,und,CCONJ,cd,18533,flammte
18539,nur,nur,ADV,mo,18542,Balken
18540,die,der,DET,nk,18542,Balken
18541,starken,stark,ADJ,nk,18542,Balken
18542,Balken,Balken,NOUN,cj,18538,und
18543,des,der,DET,nk,18545,Stocks
18544,obern,obern,ADJ,nk,18545,Stocks
18545,Stocks,Stock,NOUN,ROOT,18545,Stocks
18546,widerstanden,widerstehen,VERB,ROOT,18546,widerstanden
18547,noch,noch,ADV,mo,18546,widerstanden
18548,der,der,DET,nk,18549,Gewalt
18549,Gewalt,Gewalt,NOUN,sb,18546,widerstanden
18550,des,der,DET,nk,18551,Feuers
18551,Feuers,Feuer,NOUN,ag,18549,Gewalt
18552,.,--,PUNCT,punct,18546,widerstanden
18553,Aber,aber,CCONJ,ju,18554,vor
18554,vor,vor,ADP,ROOT,18554,vor
18555,Entsetzen,entsetzen,NOUN,nk,18554,vor
18556,schrie,schreien,VERB,ROOT,18556,schrie
18557,das,der,DET,nk,18558,Volk
18558,Volk,Volk,NOUN,sb,18556,schrie
18559,auf,auf,ADP,svp,18556,schrie
18560,",",--,PUNCT,punct,18556,schrie
18561,als,als,SCONJ,cm,18565,Sohn
18562,es,es,PRON,punct,18565,Sohn
18563,Trabacchios,Trabacchio,NOUN,da,18564,zwölfjährigen
18564,zwölfjährigen,zwölfjährig,ADJ,nk,18565,Sohn
18565,Sohn,Sohn,NOUN,mo,18556,schrie
18566,mit,mit,ADP,mnr,18565,Sohn
18567,einem,ein,DET,nk,18568,Kistchen
18568,Kistchen,Kistchen,NOUN,nk,18566,mit
18569,unter,unter,ADP,mo,18578,sah
18570,dem,der,DET,nk,18571,Arm
18571,Arm,Arm,NOUN,nk,18569,unter
18572,einen,ein,DET,oa,18578,sah
18573,dieser,dieser,DET,nk,18575,Balken
18574,glimmenden,glimmend,ADJ,nk,18575,Balken
18575,Balken,Balken,NOUN,ag,18572,einen
18576,entlang,entlang,ADP,mo,18578,sah
18577,schreiten,schreiten,VERB,nk,18576,entlang
18578,sah,sehen,VERB,ROOT,18578,sah
18579,.,--,PUNCT,punct,18578,sah
18580,Nur,nur,ADV,mo,18581,einen
18581,einen,einer,PRON,ROOT,18581,einen
18582,Moment,Moment,NOUN,mo,18583,dauerte
18583,dauerte,dauern,VERB,ROOT,18583,dauerte
18584,diese,dieser,DET,nk,18585,Erscheinung
18585,Erscheinung,Erscheinung,NOUN,sb,18583,dauerte
18586,",",--,PUNCT,punct,18583,dauerte
18587,sie,sie,PRON,sb,18588,verschwand
18588,verschwand,verschwinden,VERB,cj,18583,dauerte
18589,plötzlich,plötzlich,ADV,mo,18588,verschwand
18590,in,in,ADP,mo,18588,verschwand
18591,den,der,DET,punct,18583,dauerte
18592,hochaufschlagenden,hochaufschlagend,ADJ,ROOT,18592,hochaufschlagenden
18593,Flammen,Flamme,NOUN,sb,18592,hochaufschlagenden
18594,.,--,PUNCT,punct,18592,hochaufschlagenden
18595,-,--,PUNCT,punct,18597,Doktor
18596,Der,der,DET,nk,18597,Doktor
18597,Doktor,Doktor,NOUN,sb,18599,schien
18598,Trabacchio,Trabacchio,PROPN,nk,18597,Doktor
18599,schien,scheinen,VERB,ROOT,18599,schien
18600,sich,sich,PRON,oa,18599,schien
18601,herzinniglich,herzinniglich,ADV,mo,18599,schien
18602,zu,zu,PART,pm,18603,freuen
18603,freuen,freuen,VERB,ROOT,18603,freuen
18604,",",--,PUNCT,punct,18603,freuen
18605,als,als,SCONJ,cp,18609,erfuhr
18606,er,er,PRON,sb,18609,erfuhr
18607,diese,dieser,DET,nk,18608,Begebenheit
18608,Begebenheit,Begebenheit,NOUN,oa,18609,erfuhr
18609,erfuhr,erfahren,VERB,mo,18603,freuen
18610,und,und,CCONJ,cd,18609,erfuhr
18611,ging,gehen,VERB,cj,18610,und
18612,mit,mit,ADP,mo,18611,ging
18613,verwegener,verwegen,ADJ,nk,18614,Frechheit
18614,Frechheit,Frechheit,NOUN,nk,18612,mit
18615,zum,zu,ADP,ROOT,18615,zum
18616,Tode,Tod,NOUN,nk,18615,zum
18617,.,--,PUNCT,punct,18615,zum
18618,Als,als,SCONJ,cp,18624,band
18619,man,man,PRON,sb,18624,band
18620,ihn,ihn,PRON,oa,18624,band
18621,an,an,ADP,mo,18624,band
18622,den,der,DET,nk,18623,Pfahl
18623,Pfahl,Pfahl,NOUN,nk,18621,an
18624,band,binden,VERB,mo,18626,lachte
18625,",",--,PUNCT,punct,18626,lachte
18626,lachte,lachen,VERB,ROOT,18626,lachte
18627,er,er,PRON,sb,18626,lachte
18628,hell,hell,ADV,mo,18626,lachte
18629,auf,auf,ADP,svp,18626,lachte
18630,und,und,CCONJ,cd,18626,lachte
18631,sagte,sagen,VERB,cj,18630,und
18632,zu,zu,ADP,mo,18631,sagte
18633,dem,der,DET,nk,18632,zu
18634,Henker,Henker,NOUN,ROOT,18634,Henker
18635,",",--,PUNCT,punct,18634,Henker
18636,der,der,PRON,sb,18641,anschnürte
18637,ihn,ihn,PRON,oa,18641,anschnürte
18638,mordlustig,mordlustig,ADV,mo,18641,anschnürte
18639,recht,recht,ADV,mo,18641,anschnürte
18640,fest,fest,ADV,mo,18641,anschnürte
18641,anschnürte,anschnüren,VERB,rc,18634,Henker
18642,:,--,PUNCT,punct,18641,anschnürte
18643,»,--,PUNCT,punct,18645,dich
18644,Sieh,Sieh,X,mo,18645,dich
18645,dich,dich,PRON,mo,18641,anschnürte
18646,vor,vor,ADP,svp,18641,anschnürte
18647,",",--,PUNCT,punct,18641,anschnürte
18648,Geselle,Geselle,PROPN,cj,18634,Henker
18649,",",--,PUNCT,punct,18634,Henker
18650,daß,daß,SCONJ,par,18634,Henker
18651,diese,dieser,DET,nk,18652,Stricke
18652,Stricke,Strick,NOUN,oa,18657,brennen
18653,nicht,nicht,PART,ng,18657,brennen
18654,an,an,ADP,op,18657,brennen
18655,deinen,dein,DET,nk,18656,Fäusten
18656,Fäusten,Fäuste,NOUN,nk,18654,an
18657,brennen,brennen,VERB,ROOT,18657,brennen
18658,.,--,PUNCT,punct,18657,brennen
18659,«,--,PUNCT,punct,18657,brennen
18660,Dem,der,DET,nk,18661,Mönch
18661,Mönch,Mönch,NOUN,ROOT,18661,Mönch
18662,",",--,PUNCT,punct,18661,Mönch
18663,der,der,PRON,sb,18661,Mönch
18664,sich,sich,PRON,oa,18666,zuletzt
18665,ihm,ihm,PRON,da,18666,zuletzt
18666,zuletzt,zuletzt,ADV,dep,18661,Mönch
18667,noch,noch,ADV,mo,18668,nahen
18668,nahen,nahen,VERB,oc,18669,wollte
18669,wollte,wollen,AUX,ROOT,18669,wollte
18670,",",--,PUNCT,punct,18671,rief
18671,rief,rufen,VERB,ROOT,18671,rief
18672,er,er,PRON,sb,18671,rief
18673,mit,mit,ADP,mo,18671,rief
18674,fürchterlicher,fürchterlich,ADJ,nk,18675,Stimme
18675,Stimme,Stimme,NOUN,nk,18673,mit
18676,zu,zu,ADP,svp,18671,rief
18677,:,--,PUNCT,punct,18671,rief
18678,»,--,PUNCT,punct,18679,Fort
18679,Fort,Fort,NOUN,oc,18671,rief
18680,!,--,PUNCT,punct,18671,rief
18681,-,--,PUNCT,punct,18671,rief
18682,zurück,zurück,ADV,mo,18683,von
18683,von,von,ADP,op,18671,rief
18684,mir,mir,PRON,ROOT,18684,mir
18685,!,--,PUNCT,punct,18684,mir
18686,Glaubst,glaubst,ADV,mo,18687,du
18687,du,du,PRON,sb,18700,einen
18688,denn,denn,ADV,mnr,18687,du
18689,",",--,PUNCT,punct,18688,denn
18690,daß,daß,SCONJ,cp,18695,werde
18691,ich,ich,PRON,sb,18695,werde
18692,so,so,ADV,mo,18693,dumm
18693,dumm,dumm,ADV,pd,18694,sein
18694,sein,sein,AUX,oc,18695,werde
18695,werde,werden,AUX,re,18688,denn
18696,",",--,PUNCT,punct,18695,werde
18697,euch,euch,PRON,oa,18700,einen
18698,zu,zu,ADP,mnr,18697,euch
18699,Gefallen,Gefallen,NOUN,nk,18698,zu
18700,einen,ein,DET,ROOT,18700,einen
18701,schmerzlichen,schmerzlich,ADJ,nk,18702,Tod
18702,Tod,Tod,NOUN,oa,18704,leiden
18703,zu,zu,PART,pm,18704,leiden
18704,leiden,leiden,VERB,ROOT,18704,leiden
18705,?,--,PUNCT,punct,18704,leiden
18706,-,--,PUNCT,punct,18708,ist
18707,noch,noch,ADV,mo,18708,ist
18708,ist,sein,AUX,ROOT,18708,ist
18709,meine,mein,DET,nk,18710,Stunde
18710,Stunde,Stunde,NOUN,sb,18708,ist
18711,nicht,nicht,PART,ng,18712,gekommen
18712,gekommen,kommen,VERB,oc,18708,ist
18713,.,--,PUNCT,punct,18708,ist
18714,«,--,PUNCT,punct,18708,ist
18715,-,--,PUNCT,ROOT,18715,-
18716,Nun,nun,ADV,ROOT,18716,Nun
18717,fing,fing,VERB,ROOT,18717,fing
18718,das,der,DET,nk,18720,Holz
18719,angezündete,angezündet,ADJ,nk,18720,Holz
18720,Holz,Holz,NOUN,sb,18717,fing
18721,an,an,ADP,pm,18723,prasseln
18722,zu,zu,PART,pm,18723,prasseln
18723,prasseln,prasseln,VERB,mo,18717,fing
18724,;,--,PUNCT,punct,18717,fing
18725,kaum,kaum,ADV,mo,18726,erreichte
18726,erreichte,erreichen,VERB,ROOT,18726,erreichte
18727,aber,aber,ADV,mo,18726,erreichte
18728,die,der,DET,nk,18729,Flamme
18729,Flamme,Flamm,NOUN,sb,18726,erreichte
18730,den,der,DET,oa,18726,erreichte
18731,Trabacchio,Trabacchio,NOUN,ROOT,18731,Trabacchio
18732,",",--,PUNCT,punct,18731,Trabacchio
18733,als,als,SCONJ,cp,18736,aufloderte
18734,es,es,PRON,sb,18736,aufloderte
18735,hell,hell,ADV,mo,18736,aufloderte
18736,aufloderte,auflodern,VERB,cc,18731,Trabacchio
18737,",",--,PUNCT,punct,18736,aufloderte
18738,wie,wie,SCONJ,cm,18739,Strohfeuer
18739,Strohfeuer,Strohfeuer,NOUN,cc,18736,aufloderte
18740,und,und,CCONJ,cd,18739,Strohfeuer
18741,von,von,ADP,cj,18740,und
18742,einer,ein,DET,nk,18744,Anhöhe
18743,fernen,fern,ADJ,nk,18744,Anhöhe
18744,Anhöhe,Anhöhe,NOUN,nk,18741,von
18745,ein,ein,DET,nk,18747,Hohngelächter
18746,gellendes,gellend,ADJ,nk,18747,Hohngelächter
18747,Hohngelächter,Hohngelächter,NOUN,sb,18750,ließ
18748,sich,sich,PRON,oa,18749,hören
18749,hören,hören,VERB,oc,18750,ließ
18750,ließ,lassen,VERB,ROOT,18750,ließ
18751,.,--,PUNCT,punct,18750,ließ
18752,Alles,alle,DET,sb,18753,schaute
18753,schaute,schaute,ADJ,ROOT,18753,schaute
18754,hin,hin,ADV,cj,18755,und
18755,und,und,CCONJ,cd,18753,schaute
18756,Grausen,Grausen,NOUN,cj,18755,und
18757,ergriff,ergriff,VERB,ROOT,18757,ergriff
18758,das,der,DET,nk,18759,Volk
18759,Volk,Volk,NOUN,sb,18757,ergriff
18760,",",--,PUNCT,punct,18757,ergriff
18761,als,als,ADP,mo,18757,ergriff
18762,[,[,NOUN,nk,18761,als
18763,es,es,PRON,oa,18757,ergriff
18764,],],VERB,mo,18757,ergriff
18765,den,der,DET,nk,18766,Doktor
18766,Doktor,Doktor,NOUN,ROOT,18766,Doktor
18767,Trabacchio,Trabacchio,PROPN,nk,18766,Doktor
18768,leibhaftig,leibhaftig,ADV,mnr,18766,Doktor
18769,in,in,ADP,mnr,18766,Doktor
18770,dem,der,DET,nk,18771,schwarzen
18771,schwarzen,schwarze,ADJ,nk,18769,in
18772,Kleide,Kleide,PROPN,re,18784,den
18773,",",--,PUNCT,punct,18772,Kleide
18774,dem,der,DET,nk,18776,Mantel
18775,goldverbrämten,goldverbrämt,ADJ,nk,18776,Mantel
18776,Mantel,Mantel,NOUN,app,18772,Kleide
18777,",",--,PUNCT,punct,18776,Mantel
18778,den,der,DET,nk,18779,Stoßdegen
18779,Stoßdegen,Stoßdeg,NOUN,app,18776,Mantel
18780,an,an,ADP,mnr,18779,Stoßdegen
18781,der,der,DET,nk,18782,Seite
18782,Seite,Seite,NOUN,nk,18780,an
18783,",",--,PUNCT,punct,18779,Stoßdegen
18784,den,der,PRON,ROOT,18784,den
18785,niedergekrempten,niedergekrempt,ADV,nk,18787,Hut
18786,spanischen,spanisch,ADJ,nk,18787,Hut
18787,Hut,Hut,NOUN,ROOT,18787,Hut
18788,mit,mit,ADP,mnr,18787,Hut
18789,der,der,DET,nk,18791,Feder
18790,roten,rot,ADJ,nk,18791,Feder
18791,Feder,Feder,NOUN,nk,18788,mit
18792,auf,auf,ADP,mnr,18791,Feder
18793,dem,der,DET,nk,18794,Kopfe
18794,Kopfe,Kopf,NOUN,nk,18792,auf
18795,",",--,PUNCT,punct,18787,Hut
18796,das,der,PRON,nk,18797,Kistchen
18797,Kistchen,Kistchen,NOUN,cj,18787,Hut
18798,unter,unter,ADP,ROOT,18798,unter
18799,dem,der,DET,nk,18800,Arm
18800,Arm,Arm,NOUN,nk,18798,unter
18801,",",--,PUNCT,punct,18800,Arm
18802,ganz,ganz,ADV,mo,18812,laufen
18803,wie,wie,SCONJ,cm,18804,er
18804,er,er,PRON,cc,18802,ganz
18805,sonst,sonst,ADV,mo,18812,laufen
18806,durch,durch,ADP,mo,18812,laufen
18807,die,der,DET,nk,18808,Straßen
18808,Straßen,Straße,NOUN,nk,18806,durch
18809,von,von,ADP,pg,18808,Straßen
18810,Neapel,Neapel,PROPN,nk,18809,von
18811,zu,zu,PART,pm,18812,laufen
18812,laufen,laufen,VERB,mo,18798,unter
18813,pflegte,pflegen,VERB,sb,18815,erblickte
18814,",",--,PUNCT,punct,18815,erblickte
18815,erblickte,erblicken,VERB,ROOT,18815,erblickte
18816,.,--,PUNCT,punct,18815,erblickte
18817,Reiter,Reiter,PROPN,sb,18826,stürzten
18818,",",--,PUNCT,punct,18817,Reiter
18819,Sbirren,sbirren,NOUN,cj,18817,Reiter
18820,",",--,PUNCT,punct,18817,Reiter
18821,hundert,hundert,NUM,nk,18822,andere
18822,andere,anderer,PRON,sb,18826,stürzten
18823,aus,aus,ADP,mnr,18822,andere
18824,dem,der,DET,nk,18825,Volk
18825,Volk,Volk,NOUN,nk,18823,aus
18826,stürzten,stürzen,VERB,ROOT,18826,stürzten
18827,hin,hin,ADV,svp,18826,stürzten
18828,nach,nach,ADP,ROOT,18828,nach
18829,dem,der,DET,nk,18830,Hügel
18830,Hügel,Hügel,NOUN,nk,18828,nach
18831,",",--,PUNCT,punct,18828,nach
18832,aber,aber,CCONJ,cd,18828,nach
18833,Trabacchio,Trabacchio,NOUN,pd,18834,war
18834,war,sein,AUX,cj,18832,aber
18835,und,und,CCONJ,cd,18834,war
18836,blieb,bleiben,VERB,cj,18835,und
18837,verschwunden,verschwinden,VERB,oc,18836,blieb
18838,.,--,PUNCT,punct,18828,nach
18839,Die,der,DET,nk,18840,Alte
18840,Alte,alt,NOUN,sb,18841,gab
18841,gab,geben,VERB,ROOT,18841,gab
18842,ihren,ihr,DET,da,18841,gab
18843,Geist,Geist,NOUN,ROOT,18843,Geist
18844,auf,auf,ADP,mnr,18843,Geist
18845,unter,unter,ADP,mnr,18843,Geist
18846,den,der,DET,nk,18848,Qualen
18847,entsetzlichsten,entsetzlichst,ADJ,nk,18848,Qualen
18848,Qualen,Quale,NOUN,nk,18845,unter
18849,",",--,PUNCT,punct,18843,Geist
18850,unter,unter,ADP,mnr,18843,Geist
18851,den,der,DET,nk,18852,gräßlichsten
18852,gräßlichsten,Gräßlichst,NOUN,nk,18850,unter
18853,Verwünschungen,Verwünschung,NOUN,ROOT,18853,Verwünschungen
18854,ihres,ihr,DET,nk,18856,Herrn
18855,verruchten,verrucht,ADJ,nk,18856,Herrn
18856,Herrn,Herr,NOUN,ag,18853,Verwünschungen
18857,",",--,PUNCT,punct,18856,Herrn
18858,mit,mit,ADP,op,18862,Verbrechen
18859,dem,der,PRON,nk,18858,mit
18860,sie,sie,PRON,sb,18862,Verbrechen
18861,unzählige,unzählig,ADJ,nk,18862,Verbrechen
18862,Verbrechen,Verbrechen,NOUN,par,18853,Verwünschungen
18863,geteilt,teilen,VERB,ROOT,18863,geteilt
18864,.,--,PUNCT,punct,18863,geteilt
18865,Der,der,DET,nk,18868,Denner
18866,sogenannte,sogenannter,ADJ,nk,18868,Denner
18867,Ignaz,Ignaz,PROPN,pnc,18868,Denner
18868,Denner,Denner,PROPN,sb,18869,war
18869,war,sein,AUX,ROOT,18869,war
18870,nun,nun,ADV,mo,18869,war
18871,kein,kein,DET,nk,18872,anderer
18872,anderer,anderer,PRON,pd,18869,war
18873,",",--,PUNCT,punct,18872,anderer
18874,als,als,ADP,cm,18877,Sohn
18875,eben,eben,ADV,mo,18877,Sohn
18876,der,der,DET,nk,18877,Sohn
18877,Sohn,Sohn,NOUN,app,18872,anderer
18878,des,der,DET,punct,18869,war
18879,Doktors,Doktors,PROPN,ROOT,18879,Doktors
18880,",",--,PUNCT,punct,18879,Doktors
18881,der,der,PRON,sb,18879,Doktors
18882,sich,sich,PRON,oa,18891,einem
18883,damals,damals,ADV,mo,18884,durch
18884,durch,durch,ADP,mo,18891,einem
18885,die,der,DET,nk,18887,Künste
18886,höllischen,höllisch,ADJ,nk,18887,Künste
18887,Künste,Kunst,NOUN,nk,18884,durch
18888,seines,sein,DET,nk,18889,Vaters
18889,Vaters,Vater,NOUN,ag,18887,Künste
18890,mit,mit,ADP,mnr,18887,Künste
18891,einem,ein,DET,par,18881,der
18892,Kistchen,Kistchen,NOUN,ROOT,18892,Kistchen
18893,der,der,DET,nk,18897,Kostbarkeiten
18894,seltensten,seltenst,ADJ,nk,18897,Kostbarkeiten
18895,und,und,CCONJ,cd,18894,seltensten
18896,geheimnisvollsten,geheimnisvollst,ADJ,cj,18895,und
18897,Kostbarkeiten,Kostbarkeit,NOUN,ag,18892,Kistchen
18898,aus,aus,ADP,mnr,18897,Kostbarkeiten
18899,den,der,DET,nk,18900,Flammen
18900,Flammen,Flamme,NOUN,nk,18898,aus
18901,rettete,retten,VERB,ROOT,18901,rettete
18902,.,--,PUNCT,punct,18901,rettete
18903,Schon,schon,ADV,mo,18904,seit
18904,seit,seit,ADP,mo,18908,unterrichtete
18905,der,der,DET,nk,18907,Jugend
18906,frühesten,frühest,ADJ,nk,18907,Jugend
18907,Jugend,Jugend,NOUN,nk,18904,seit
18908,unterrichtete,unterrichten,VERB,ROOT,18908,unterrichtete
18909,ihn,ihn,PRON,oa,18908,unterrichtete
18910,der,der,DET,nk,18911,Vater
18911,Vater,Vater,NOUN,sb,18908,unterrichtete
18912,in,in,ADP,mo,18908,unterrichtete
18913,den,der,DET,nk,18912,in
18914,geheimen,geheim,ADJ,nk,18915,Wissenschaften
18915,Wissenschaften,Wissenschaft,NOUN,sb,18919,war
18916,und,und,CCONJ,cd,18915,Wissenschaften
18917,seine,sein,DET,nk,18918,Seele
18918,Seele,Seele,NOUN,cj,18916,und
18919,war,sein,AUX,ROOT,18919,war
18920,dem,der,DET,nk,18921,Teufel
18921,Teufel,Teufel,NOUN,da,18922,verschrieben
18922,verschrieben,verschreiben,VERB,oc,18919,war
18923,",",--,PUNCT,punct,18922,verschrieben
18924,noch,noch,ADV,mo,18925,ehe
18925,ehe,ehe,SCONJ,punct,18919,war
18926,er,er,PRON,sb,18930,erlangt
18927,sein,sein,DET,nk,18929,Bewußtsein
18928,volles,voll,ADJ,nk,18929,Bewußtsein
18929,Bewußtsein,Bewußtsein,NOUN,oa,18930,erlangt
18930,erlangt,erlangen,VERB,ROOT,18930,erlangt
18931,.,--,PUNCT,punct,18930,erlangt
18932,Als,als,SCONJ,cp,18935,Doktor
18933,man,man,PRON,sb,18932,Als
18934,den,der,DET,nk,18935,Doktor
18935,Doktor,Doktor,NOUN,ROOT,18935,Doktor
18936,Trabacchio,Trabacchio,PROPN,nk,18935,Doktor
18937,ins,in,ADP,mnr,18935,Doktor
18938,Gefängnis,Gefängnis,NOUN,nk,18937,ins
18939,warf,werfen,VERB,mo,18941,blieb
18940,",",--,PUNCT,punct,18941,blieb
18941,blieb,bleiben,VERB,ROOT,18941,blieb
18942,der,der,DET,nk,18943,Knabe
18943,Knabe,Knabe,NOUN,sb,18941,blieb
18944,in,in,ADP,mnr,18943,Knabe
18945,dem,der,DET,nk,18948,Gewölbe
18946,geheimnisvollen,geheimnisvoll,ADJ,nk,18948,Gewölbe
18947,verschlossenen,verschlossen,ADJ,nk,18948,Gewölbe
18948,Gewölbe,Gewölbe,NOUN,nk,18944,in
18949,unter,unter,ADP,mo,18941,blieb
18950,den,der,DET,nk,18949,unter
18951,verworfenen,verworfen,ADJ,nk,18952,Geistern
18952,Geistern,Geister,NOUN,ROOT,18952,Geistern
18953,",",--,PUNCT,punct,18952,Geistern
18954,die,der,PRON,sb,18959,hineingebannt
18955,des,der,DET,nk,18956,Vaters
18956,Vaters,Vater,NOUN,og,18959,hineingebannt
18957,höllischer,höllisch,ADJ,nk,18958,Zauber
18958,Zauber,Zauber,NOUN,ag,18956,Vaters
18959,hineingebannt,hineingebannt,ADV,rc,18952,Geistern
18960,;,--,PUNCT,punct,18952,Geistern
18961,da,da,SCONJ,ROOT,18961,da
18962,aber,aber,ADV,mo,18961,da
18963,endlich,endlich,ADV,mo,18971,mußte
18964,dieser,dieser,DET,nk,18965,Zauber
18965,Zauber,Zauber,NOUN,sb,18971,mußte
18966,der,der,DET,nk,18967,Macht
18967,Macht,Macht,NOUN,ag,18965,Zauber
18968,des,der,DET,nk,18969,Dominikaners
18969,Dominikaners,Dominikaner,NOUN,ag,18967,Macht
18970,weichen,weichen,VERB,oc,18971,mußte
18971,mußte,müssen,AUX,oc,18973,ließ
18972,",",--,PUNCT,punct,18973,ließ
18973,ließ,lassen,VERB,ROOT,18973,ließ
18974,der,der,DET,nk,18975,Knabe
18975,Knabe,Knabe,NOUN,sb,18973,ließ
18976,die,der,DET,nk,18979,Kräfte
18977,verborgenen,verborgen,ADJ,nk,18979,Kräfte
18978,mechanischen,mechanisch,ADJ,nk,18979,Kräfte
18979,Kräfte,Kraft,NOUN,sb,18980,wirken
18980,wirken,wirken,VERB,ROOT,18980,wirken
18981,",",--,PUNCT,punct,18980,wirken
18982,und,und,CCONJ,cd,18980,wirken
18983,Flammen,Flamme,NOUN,sb,18984,entzündeten
18984,entzündeten,entzünden,VERB,cj,18982,und
18985,sich,sich,PRON,oa,18984,entzündeten
18986,",",--,PUNCT,punct,18984,entzündeten
18987,die,der,PRON,dep,18980,wirken
18988,in,in,ADP,mo,18996,steckten
18989,wenigen,weniger,DET,nk,18990,Minuten
18990,Minuten,Minute,NOUN,nk,18988,in
18991,das,der,DET,nk,18993,Haus
18992,ganze,ganz,ADJ,nk,18993,Haus
18993,Haus,Haus,NOUN,oa,18996,steckten
18994,in,in,ADP,cvc,18996,steckten
18995,Brand,Brand,NOUN,nk,18994,in
18996,steckten,stecken,VERB,ROOT,18996,steckten
18997,",",--,PUNCT,punct,18996,steckten
18998,während,während,SCONJ,mo,18996,steckten
18999,der,der,DET,nk,19000,Knabe
19000,Knabe,Knabe,NOUN,nk,18998,während
19001,selbst,selbst,ADV,mnr,19000,Knabe
19002,unversehrt,unversehren,VERB,mo,19013,eilte
19003,durch,durch,ADP,mo,19002,unversehrt
19004,das,der,DET,nk,19005,Feuer
19005,Feuer,Feuer,NOUN,nk,19003,durch
19006,fort,fort,ADV,mo,19002,unversehrt
19007,zum,zu,ADP,mo,19002,unversehrt
19008,Tore,Tore,NOUN,nk,19007,zum
19009,hinaus,hinaus,ADP,ac,19007,zum
19010,in,in,ADP,mo,19013,eilte
19011,den,der,DET,nk,19012,Wald
19012,Wald,Wald,NOUN,nk,19010,in
19013,eilte,eilen,VERB,ROOT,19013,eilte
19014,",",--,PUNCT,punct,19013,eilte
19015,den,der,PRON,app,19013,eilte
19016,ihm,ihm,PRON,da,19017,der
19017,der,der,DET,ROOT,19017,der
19018,Vater,Vater,NOUN,sb,19020,hatte
19019,bezeichnet,bezeichnen,VERB,oc,19020,hatte
19020,hatte,haben,AUX,ROOT,19020,hatte
19021,.,--,PUNCT,punct,19020,hatte
19022,Nicht,nicht,PART,ng,19023,lange
19023,lange,lange,ADV,mo,19024,dauerte
19024,dauerte,dauern,VERB,re,19027,so
19025,es,es,PRON,sb,19024,dauerte
19026,",",--,PUNCT,punct,19027,so
19027,so,so,ADV,mo,19028,erschien
19028,erschien,erscheinen,VERB,ROOT,19028,erschien
19029,auch,auch,ADV,mo,19030,Doktor
19030,Doktor,Doktor,NOUN,sb,19028,erschien
19031,Trabacchio,Trabacchio,PROPN,ROOT,19031,Trabacchio
19032,",",--,PUNCT,punct,19031,Trabacchio
19033,und,und,CCONJ,cd,19031,Trabacchio
19034,floh,fliehen,VERB,cj,19033,und
19035,schnell,schnell,ADV,mo,19034,floh
19036,mit,mit,ADP,mo,19034,floh
19037,dem,der,DET,nk,19038,Sohne
19038,Sohne,Sohne,NOUN,nk,19036,mit
19039,",",--,PUNCT,punct,19034,floh
19040,bis,bis,SCONJ,cp,19041,sie
19041,sie,sie,PRON,mo,19034,floh
19042,wohl,wohl,ADV,mo,19043,an
19043,an,an,ADP,mo,19034,floh
19044,drei,drei,NUM,nk,19045,Tagereisen
19045,Tagereisen,Tagereisen,NOUN,nk,19043,an
19046,von,von,ADP,pg,19043,an
19047,Neapel,Neapel,PROPN,sb,19055,kamen
19048,in,in,ADP,mo,19055,kamen
19049,die,der,DET,nk,19050,Ruinen
19050,Ruinen,Ruine,NOUN,nk,19048,in
19051,eines,ein,DET,nk,19054,Gebäudes
19052,alten,alt,ADJ,nk,19054,Gebäudes
19053,römischen,römisch,ADJ,nk,19054,Gebäudes
19054,Gebäudes,Gebäude,NOUN,ag,19050,Ruinen
19055,kamen,kommen,VERB,ROOT,19055,kamen
19056,",",--,PUNCT,punct,19055,kamen
19057,wo,wo,SCONJ,mo,19059,Eingang
19058,der,der,DET,nk,19059,Eingang
19059,Eingang,Eingang,NOUN,par,19047,Neapel
19060,zu,zu,ADP,mnr,19059,Eingang
19061,einer,ein,DET,nk,19064,Höhle
19062,weiten,weit,ADJ,nk,19064,Höhle
19063,geräumigen,geräumig,ADJ,nk,19064,Höhle
19064,Höhle,Höhle,NOUN,da,19065,versteckt
19065,versteckt,verstecken,VERB,oc,19066,lag
19066,lag,liegen,VERB,ROOT,19066,lag
19067,.,--,PUNCT,punct,19066,lag
19068,Hier,hier,ADV,mo,19069,wurde
19069,wurde,werden,AUX,ROOT,19069,wurde
19070,der,der,DET,nk,19071,Doktor
19071,Doktor,Doktor,NOUN,sb,19069,wurde
19072,Trabacchio,Trabacchio,PROPN,nk,19071,Doktor
19073,von,von,ADP,ROOT,19073,von
19074,einer,ein,DET,nk,19076,Räuberbande
19075,zahlreichen,zahlreich,ADJ,nk,19076,Räuberbande
19076,Räuberbande,Räuberbande,NOUN,nk,19073,von
19077,",",--,PUNCT,punct,19076,Räuberbande
19078,mit,mit,ADP,mo,19084,gestanden
19079,der,der,PRON,nk,19078,mit
19080,er,er,PRON,sb,19084,gestanden
19081,längst,längst,ADV,mo,19084,gestanden
19082,in,in,ADP,cvc,19084,gestanden
19083,Verbindung,Verbindung,NOUN,nk,19082,in
19084,gestanden,stehen,VERB,rc,19076,Räuberbande
19085,",",--,PUNCT,punct,19073,von
19086,und,und,CCONJ,ROOT,19086,und
19087,der,der,PRON,nk,19088,er
19088,er,er,PRON,cj,19086,und
19089,durch,durch,ADP,mnr,19088,er
19090,seine,sein,DET,nk,19092,Wissenschaft
19091,geheime,geheim,ADJ,nk,19092,Wissenschaft
19092,Wissenschaft,Wissenschaft,NOUN,nk,19089,durch
19093,die,der,DET,nk,19095,Dienste
19094,wesentlichsten,wesentlichst,ADJ,nk,19095,Dienste
19095,Dienste,Dienst,NOUN,cj,19086,und
19096,geleistet,leisten,VERB,ROOT,19096,geleistet
19097,",",--,PUNCT,punct,19096,geleistet
19098,mit,mit,ADP,mo,19101,empfangen
19099,lautem,laut,ADJ,nk,19100,Jubel
19100,Jubel,Jubel,NOUN,nk,19098,mit
19101,empfangen,empfangen,VERB,oc,19096,geleistet
19102,.,--,PUNCT,punct,19096,geleistet
19103,Die,der,DET,nk,19104,Räuber
19104,Räuber,Räuber,NOUN,sb,19105,wollten
19105,wollten,wollen,AUX,ROOT,19105,wollten
19106,ihn,ihn,PRON,oa,19105,wollten
19107,mit,mit,ADP,mo,19105,wollten
19108,nichts,nichts,PRON,nk,19107,mit
19109,Geringerem,Geringerem,NOUN,oa,19110,lohnen
19110,lohnen,lohnen,VERB,ROOT,19110,lohnen
19111,",",--,PUNCT,punct,19110,lohnen
19112,als,als,SCONJ,cm,19113,mit
19113,mit,mit,ADP,cc,19110,lohnen
19114,der,der,DET,nk,19115,Krönung
19115,Krönung,Krönung,NOUN,nk,19113,mit
19116,zum,zu,ADP,mnr,19115,Krönung
19117,Räuberkönige,Räuberkönige,NOUN,nk,19116,zum
19118,",",--,PUNCT,punct,19113,mit
19119,wodurch,wodurch,SCONJ,mo,19120,er
19120,er,er,PRON,mo,19113,mit
19121,sich,sich,PRON,oa,19122,zum
19122,zum,zu,ADP,mo,19113,mit
19123,Oberhaupt,Oberhaupt,NOUN,ROOT,19123,Oberhaupt
19124,aller,aller,DET,nk,19125,Banden
19125,Banden,Bande,NOUN,ag,19123,Oberhaupt
19126,",",--,PUNCT,punct,19125,Banden
19127,die,der,PRON,sb,19134,verbreitet
19128,in,in,ADP,mo,19134,verbreitet
19129,Italien,Italien,PROPN,nk,19128,in
19130,und,und,CCONJ,cd,19129,Italien
19131,dem,der,DET,nk,19133,Deutschland
19132,südlichen,südlich,ADJ,nk,19133,Deutschland
19133,Deutschland,Deutschland,PROPN,cj,19130,und
19134,verbreitet,verbreiten,VERB,rc,19125,Banden
19135,waren,sein,AUX,ROOT,19135,waren
19136,",",--,PUNCT,punct,19137,aufgeschwungen
19137,aufgeschwungen,aufgeschwungen,VERB,oc,19138,hätte
19138,hätte,haben,AUX,oc,19135,waren
19139,.,--,PUNCT,punct,19135,waren
19140,Der,der,DET,nk,19141,Doktor
19141,Doktor,Doktor,NOUN,sb,19143,erklärte
19142,Trabacchio,Trabacchio,PROPN,nk,19141,Doktor
19143,erklärte,erklären,VERB,ROOT,19143,erklärte
19144,",",--,PUNCT,punct,19143,erklärte
19145,diese,dieser,DET,nk,19146,Würde
19146,Würde,Würde,NOUN,oa,19143,erklärte
19147,nicht,nicht,PART,ng,19143,erklärte
19148,annehmen,annehmen,VERB,oc,19150,können
19149,zu,zu,PART,pm,19150,können
19150,können,können,AUX,ROOT,19150,können
19151,",",--,PUNCT,punct,19150,können
19152,da,da,SCONJ,cp,19157,wegen
19153,er,er,PRON,sb,19157,wegen
19154,der,der,DET,nk,19156,Konstellation
19155,besondern,besonder,ADJ,nk,19156,Konstellation
19156,Konstellation,Konstellation,NOUN,nk,19157,wegen
19157,wegen,wegen,ADP,mo,19150,können
19158,",",--,PUNCT,punct,19157,wegen
19159,die,der,PRON,dep,19150,können
19160,über,über,ADP,mnr,19159,die
19161,ihn,ihn,PRON,nk,19160,über
19162,walte,walen,VERB,ROOT,19162,walte
19163,",",--,PUNCT,punct,19162,walte
19164,nunmehr,nunmehr,ADV,mo,19170,müsse
19165,ein,ein,DET,nk,19168,Leben
19166,ganz,ganz,ADV,mo,19167,unstetes
19167,unstetes,unstet,ADJ,nk,19168,Leben
19168,Leben,Leben,NOUN,oa,19169,führen
19169,führen,führen,VERB,oc,19170,müsse
19170,müsse,müssen,AUX,oc,19162,walte
19171,",",--,PUNCT,punct,19170,müsse
19172,und,und,CCONJ,cd,19170,müsse
19173,von,von,ADP,cj,19172,und
19174,keinem,kein,DET,nk,19175,Verhältnis
19175,Verhältnis,Verhältnis,NOUN,nk,19173,von
19176,gebunden,binden,VERB,oc,19177,werden
19177,werden,werden,AUX,oc,19178,könne
19178,könne,können,AUX,ROOT,19178,könne
19179,;,--,PUNCT,punct,19178,könne
19180,doch,doch,CCONJ,ju,19181,werde
19181,werde,werden,AUX,ROOT,19181,werde
19182,er,er,PRON,sb,19181,werde
19183,noch,noch,ADV,mo,19181,werde
19184,immer,immer,ADV,mo,19183,noch
19185,den,der,DET,nk,19186,Räubern
19186,Räubern,Räuber,NOUN,oa,19181,werde
19187,mit,mit,ADP,mnr,19186,Räubern
19188,seiner,sein,DET,nk,19189,Kunst
19189,Kunst,Kunst,NOUN,nk,19187,mit
19190,und,und,CCONJ,ROOT,19190,und
19191,Wissenschaft,Wissenschaft,NOUN,cj,19190,und
19192,beistehn,beistehn,NUM,ROOT,19192,beistehn
19193,",",--,PUNCT,punct,19192,beistehn
19194,und,und,CCONJ,cd,19200,lassen
19195,sich,sich,PRON,oa,19199,sehen
19196,dann,dann,ADV,mo,19199,sehen
19197,und,und,CCONJ,cd,19196,dann
19198,wann,wann,ADV,cj,19197,und
19199,sehen,sehen,VERB,oc,19200,lassen
19200,lassen,lassen,VERB,mo,19192,beistehn
19201,.,--,PUNCT,punct,19192,beistehn
19202,Da,da,SCONJ,mo,19203,beschlossen
19203,beschlossen,beschließen,VERB,ROOT,19203,beschlossen
19204,die,der,DET,nk,19205,Räuber
19205,Räuber,Räuber,NOUN,ROOT,19205,Räuber
19206,",",--,PUNCT,punct,19205,Räuber
19207,den,der,DET,nk,19209,Trabacchio
19208,zwölfjährigen,zwölfjährig,ADJ,nk,19209,Trabacchio
19209,Trabacchio,Trabacchio,NOUN,oa,19213,wählen
19210,zum,zu,ADP,mo,19213,wählen
19211,Räuberkönige,räuberkönige,NOUN,nk,19210,zum
19212,zu,zu,PART,pm,19213,wählen
19213,wählen,wählen,VERB,oc,19205,Räuber
19214,und,und,CCONJ,cd,19213,wählen
19215,damit,damit,ADV,mnr,19205,Räuber
19216,war,sein,AUX,ROOT,19216,war
19217,der,der,DET,nk,19218,Doktor
19218,Doktor,Doktor,NOUN,sb,19216,war
19219,höchlich,höchlich,ADV,mo,19220,zufrieden
19220,zufrieden,zufrieden,ADV,pd,19216,war
19221,",",--,PUNCT,punct,19216,war
19222,so,so,ADV,mo,19216,war
19223,daß,daß,SCONJ,cp,19225,Knabe
19224,der,der,DET,nk,19225,Knabe
19225,Knabe,Knabe,NOUN,cc,19222,so
19226,von,von,ADP,mnr,19225,Knabe
19227,Stund,Stund,PROPN,nk,19226,von
19228,an,an,ADP,ac,19226,von
19229,unter,unter,ADP,mnr,19225,Knabe
19230,den,der,DET,nk,19229,unter
19231,Räubern,räubern,ADV,sb,19232,blieb
19232,blieb,bleiben,VERB,ROOT,19232,blieb
19233,",",--,PUNCT,punct,19232,blieb
19234,und,und,CCONJ,cd,19232,blieb
19235,",",--,PUNCT,cj,19234,und
19236,als,als,SCONJ,cp,19241,worden
19237,er,er,PRON,sb,19241,worden
19238,funfzehn,funfzehn,NUM,nk,19239,Jahr
19239,Jahr,Jahr,NOUN,mo,19240,alt
19240,alt,alt,ADV,oc,19241,worden
19241,worden,werden,AUX,mo,19232,blieb
19242,",",--,PUNCT,punct,19241,worden
19243,schon,schon,ADV,mo,19244,als
19244,als,als,ADP,mo,19232,blieb
19245,wirkliches,wirklich,ADJ,nk,19244,als
19246,Oberhaupt,Oberhaupt,NOUN,sb,19249,auszog
19247,mit,mit,ADP,mo,19249,auszog
19248,ihnen,ihnen,PRON,nk,19247,mit
19249,auszog,ausziehen,VERB,ROOT,19249,auszog
19250,.,--,PUNCT,punct,19249,auszog
19251,Sein,sein,DET,nk,19253,Leben
19252,ganzes,ganz,ADJ,nk,19253,Leben
19253,Leben,Leben,NOUN,sb,19254,war
19254,war,sein,AUX,ROOT,19254,war
19255,von,von,ADP,mo,19254,war
19256,nun,nun,ADV,nk,19255,von
19257,an,an,ADP,ac,19255,von
19258,ein,ein,DET,nk,19259,Gewebe
19259,Gewebe,Gewebe,NOUN,sb,19254,war
19260,von,von,ADP,pg,19259,Gewebe
19261,Greueltaten,Greueltat,NOUN,ROOT,19261,Greueltaten
19262,und,und,CCONJ,cd,19261,Greueltaten
19263,Teufelskünsten,Teufelskünste,NOUN,cj,19262,und
19264,",",--,PUNCT,punct,19261,Greueltaten
19265,in,in,ADP,mo,19269,Vater
19266,welche,welcher,PRON,nk,19265,in
19267,ihn,ihn,PRON,mo,19265,in
19268,der,der,DET,nk,19269,Vater
19269,Vater,Vater,NOUN,cj,19261,Greueltaten
19270,",",--,PUNCT,punct,19269,Vater
19271,der,der,PRON,cj,19269,Vater
19272,sich,sich,PRON,oa,19273,oftmals
19273,oftmals,oftmals,ADV,oc,19261,Greueltaten
19274,blicken,blicken,VERB,oc,19275,ließ
19275,ließ,lassen,VERB,ROOT,19275,ließ
19276,und,und,CCONJ,cd,19275,ließ
19277,zuweilen,zuweilen,ADV,mo,19279,einsam
19278,wochenlang,wochenlang,ADV,mo,19279,einsam
19279,einsam,einsam,ADV,mo,19275,ließ
19280,mit,mit,ADP,mo,19279,einsam
19281,seinem,sein,DET,nk,19282,Sohne
19282,Sohne,Sohne,NOUN,nk,19280,mit
19283,in,in,ADP,mnr,19282,Sohne
19284,der,der,DET,nk,19285,Höhle
19285,Höhle,Höhle,NOUN,nk,19283,in
19286,blieb,bleiben,VERB,ROOT,19286,blieb
19287,",",--,PUNCT,punct,19286,blieb
19288,immer,immer,ADV,mo,19289,mehr
19289,mehr,mehr,ADV,mo,19290,einweihte
19290,einweihte,einweihen,VERB,sb,19286,blieb
19291,.,--,PUNCT,punct,19286,blieb
19292,Die,der,DET,nk,19294,Maßregeln
19293,kräftigen,kräftig,ADJ,nk,19294,Maßregeln
19294,Maßregeln,Maßregel,NOUN,ROOT,19294,Maßregeln
19295,des,der,DET,nk,19296,Königs
19296,Königs,König,NOUN,ag,19294,Maßregeln
19297,von,von,ADP,pg,19296,Königs
19298,Neapel,Neapel,PROPN,nk,19297,von
19299,gegen,gegen,ADP,ROOT,19299,gegen
19300,die,der,DET,nk,19301,Räuberbanden
19301,Räuberbanden,Räuberbanden,NOUN,nk,19299,gegen
19302,",",--,PUNCT,punct,19301,Räuberbanden
19303,die,der,PRON,sb,19308,wurden
19304,immer,immer,ADV,mo,19305,kecker
19305,kecker,keck,NOUN,pd,19308,wurden
19306,und,und,CCONJ,cd,19305,kecker
19307,verwegener,Verwegener,NOUN,cj,19306,und
19308,wurden,werden,AUX,rc,19301,Räuberbanden
19309,",",--,PUNCT,punct,19299,gegen
19310,noch,noch,ADV,mo,19311,mehr
19311,mehr,mehr,ADV,mo,19299,gegen
19312,aber,aber,ADV,mo,19299,gegen
19313,die,der,DET,nk,19315,Zwistigkeiten
19314,entstandenen,entstanden,ADJ,nk,19315,Zwistigkeiten
19315,Zwistigkeiten,Zwistigkeit,NOUN,sb,19318,hoben
19316,der,der,DET,nk,19317,Räuber
19317,Räuber,Räuber,NOUN,ag,19315,Zwistigkeiten
19318,hoben,heben,VERB,ROOT,19318,hoben
19319,endlich,endlich,ADV,mo,19318,hoben
19320,das,der,DET,nk,19322,Bündnis
19321,gefährliche,gefährlich,ADJ,nk,19322,Bündnis
19322,Bündnis,Bündnis,NOUN,oa,19318,hoben
19323,unter,unter,ADP,ROOT,19323,unter
19324,einem,ein,DET,nk,19325,Oberhaupte
19325,Oberhaupte,Oberhaupt,NOUN,nk,19323,unter
19326,auf,auf,ADP,svp,19323,unter
19327,und,und,CCONJ,cd,19323,unter
19328,den,der,DET,nk,19329,Trabacchio
19329,Trabacchio,Trabacchio,NOUN,cj,19327,und
19330,selbst,selbst,ADV,mnr,19329,Trabacchio
19331,",",--,PUNCT,punct,19329,Trabacchio
19332,der,der,PRON,nk,19323,unter
19333,sich,sich,PRON,nk,19323,unter
19334,durch,durch,ADP,mnr,19333,sich
19335,seinen,sein,DET,nk,19334,durch
19336,Stolz,Stolz,ADV,sb,19343,hatte
19337,und,und,CCONJ,cd,19336,Stolz
19338,durch,durch,ADP,cj,19337,und
19339,seine,sein,DET,nk,19340,Grausamkeit
19340,Grausamkeit,Grausamkeit,NOUN,nk,19338,durch
19341,verhaßt,verhassen,VERB,mo,19342,gemacht
19342,gemacht,machen,VERB,oc,19343,hatte
19343,hatte,haben,AUX,mo,19345,konnten
19344,",",--,PUNCT,punct,19345,konnten
19345,konnten,können,AUX,ROOT,19345,konnten
19346,seine,sein,DET,sb,19345,konnten
19347,vom,von,ADP,mo,19345,konnten
19348,Vater,Vater,NOUN,sb,19349,erlernte
19349,erlernte,erlernt,ADJ,nk,19350,Teufelskünste
19350,Teufelskünste,Teufelskünst,NOUN,ROOT,19350,Teufelskünste
19351,nicht,nicht,PART,ng,19350,Teufelskünste
19352,vor,vor,ADP,mnr,19350,Teufelskünste
19353,den,der,DET,nk,19354,Dolchen
19354,Dolchen,Dolche,NOUN,nk,19352,vor
19355,seiner,sein,DET,nk,19356,Untergebenen
19356,Untergebenen,untergebene,NOUN,ag,19354,Dolchen
19357,schützen,schützen,VERB,ROOT,19357,schützen
19358,.,--,PUNCT,punct,19357,schützen
19359,Er,er,PRON,sb,19360,floh
19360,floh,fliehen,VERB,ROOT,19360,floh
19361,nach,nach,ADP,mo,19360,floh
19362,der,der,DET,nk,19363,Schweiz
19363,Schweiz,Schweiz,PROPN,nk,19361,nach
19364,",",--,PUNCT,punct,19365,gab
19365,gab,geben,VERB,cj,19360,floh
19366,sich,sich,PRON,oa,19365,gab
19367,den,der,DET,nk,19368,Namen
19368,Namen,Name,NOUN,oa,19365,gab
19369,Ignaz,Ignaz,PROPN,pnc,19370,Denner
19370,Denner,Denner,PROPN,nk,19368,Namen
19371,",",--,PUNCT,punct,19365,gab
19372,und,und,CCONJ,cd,19365,gab
19373,besuchte,besuchen,VERB,ROOT,19373,besuchte
19374,als,als,ADP,mo,19373,besuchte
19375,reisender,reisend,ADJ,nk,19376,Kaufmann
19376,Kaufmann,Kaufmann,NOUN,nk,19374,als
19377,die,der,DET,nk,19378,Messen
19378,Messen,Messe,NOUN,oa,19373,besuchte
19379,und,und,CCONJ,cd,19378,Messen
19380,Jahrmärkte,Jahrmärkt,NOUN,cj,19379,und
19381,in,in,ADP,mnr,19380,Jahrmärkte
19382,Deutschland,Deutschland,PROPN,nk,19381,in
19383,",",--,PUNCT,punct,19373,besuchte
19384,bis,bis,ADP,mo,19373,besuchte
19385,sich,sich,PRON,oa,19395,bildete
19386,aus,aus,ADP,mo,19395,bildete
19387,den,der,DET,nk,19389,Gliedern
19388,zerstreuten,zerstreut,ADJ,nk,19389,Gliedern
19389,Gliedern,Glieder,NOUN,nk,19386,aus
19390,jener,jener,DET,nk,19392,Bande
19391,großen,groß,ADJ,nk,19392,Bande
19392,Bande,Bande,NOUN,ag,19389,Gliedern
19393,eine,ein,DET,nk,19395,bildete
19394,kleinere,klein,ADJ,nk,19395,bildete
19395,bildete,bilden,NOUN,ROOT,19395,bildete
19396,",",--,PUNCT,punct,19395,bildete
19397,die,der,PRON,sb,19395,bildete
19398,den,der,DET,nk,19400,Räuberkönig
19399,vormaligen,vormalig,ADJ,nk,19400,Räuberkönig
19400,Räuberkönig,Räuberkönig,NOUN,oa,19404,wählte
19401,zu,zu,ADP,mo,19404,wählte
19402,ihrem,ihr,DET,nk,19403,Oberhaupt
19403,Oberhaupt,Oberhaupt,NOUN,nk,19401,zu
19404,wählte,wählen,VERB,ROOT,19404,wählte
19405,.,--,PUNCT,punct,19404,wählte
19406,Trabacchio,Trabacchio,PROPN,sb,19407,versicherte
19407,versicherte,versichern,VERB,ROOT,19407,versicherte
19408,",",--,PUNCT,punct,19407,versicherte
19409,wie,wie,SCONJ,cm,19411,Vater
19410,sein,sein,DET,nk,19411,Vater
19411,Vater,Vater,NOUN,sb,19415,lebe
19412,noch,noch,ADV,mo,19413,zur
19413,zur,zu,ADP,mo,19415,lebe
19414,Stunde,Stunde,NOUN,nk,19413,zur
19415,lebe,leben,VERB,ROOT,19415,lebe
19416,",",--,PUNCT,punct,19415,lebe
19417,ihn,ihn,PRON,oa,19421,besucht
19418,noch,noch,ADV,mo,19419,im
19419,im,in,ADP,mo,19421,besucht
19420,Gefängnis,Gefängnis,NOUN,nk,19419,im
19421,besucht,besuchen,VERB,cj,19415,lebe
19422,",",--,PUNCT,punct,19415,lebe
19423,und,und,CCONJ,cd,19415,lebe
19424,Rettung,Rettung,NOUN,cj,19423,und
19425,von,von,ADP,sbp,19428,versprochen
19426,der,der,DET,nk,19427,Gerichtsstätte
19427,Gerichtsstätte,Gerichtsstätte,NOUN,nk,19425,von
19428,versprochen,versprechen,VERB,oc,19429,habe
19429,habe,haben,AUX,ROOT,19429,habe
19430,.,--,PUNCT,punct,19429,habe
19431,Nur,nur,ADV,mo,19432,dadurch
19432,dadurch,dadurch,ADV,ROOT,19432,dadurch
19433,",",--,PUNCT,punct,19432,dadurch
19434,daß,daß,SCONJ,cc,19432,dadurch
19435,",",--,PUNCT,punct,19434,daß
19436,wie,wie,SCONJ,cm,19437,er
19437,er,er,PRON,cc,19434,daß
19438,nun,nun,ADV,mo,19439,wohl
19439,wohl,wohl,ADV,mo,19437,er
19440,einsehe,einsehen,VERB,mo,19450,sei
19441,",",--,PUNCT,punct,19440,einsehe
19442,göttliche,göttlich,ADJ,nk,19443,Schickung
19443,Schickung,Schickung,NOUN,sb,19448,errettet
19444,den,der,DET,nk,19445,Andres
19445,Andres,Andr,NOUN,oa,19448,errettet
19446,vom,von,ADP,mo,19448,errettet
19447,Tode,Tod,NOUN,nk,19446,vom
19448,errettet,erretten,VERB,cj,19440,einsehe
19449,",",--,PUNCT,punct,19450,sei
19450,sei,sein,AUX,ROOT,19450,sei
19451,die,der,DET,nk,19452,Macht
19452,Macht,Macht,NOUN,sb,19450,sei
19453,seines,sein,DET,punct,19450,sei
19454,Vaters,Vater,NOUN,sb,19460,wolle
19455,entkräftet,entkräften,VERB,oc,19456,worden
19456,worden,werden,AUX,oc,19454,Vaters
19457,",",--,PUNCT,punct,19454,Vaters
19458,und,und,CCONJ,ju,19460,wolle
19459,er,er,PRON,sb,19460,wolle
19460,wolle,wollen,AUX,ROOT,19460,wolle
19461,nun,nun,ADV,mo,19460,wolle
19462,als,als,ADP,mo,19460,wolle
19463,reuiger,reuig,ADJ,nk,19464,Sünder
19464,Sünder,Sünder,NOUN,nk,19462,als
19465,allen,aller,PRON,mo,19460,wolle
19466,Teufelskünsten,Teufelskünste,NOUN,oa,19467,abschwören
19467,abschwören,abschwören,VERB,ROOT,19467,abschwören
19468,und,und,CCONJ,cd,19467,abschwören
19469,geduldig,geduldig,ADV,mo,19473,erleiden
19470,die,der,DET,nk,19472,Todesstrafe
19471,gerechte,gerecht,ADJ,nk,19472,Todesstrafe
19472,Todesstrafe,Todesstrafe,NOUN,oa,19473,erleiden
19473,erleiden,erleiden,VERB,cj,19468,und
19474,.,--,PUNCT,punct,19467,abschwören
19475,Andres,Andr,NOUN,sb,19489,zweifelte
19476,",",--,PUNCT,punct,19475,Andres
19477,der,der,PRON,sb,19487,erfuhr
19478,alles,alle,PRON,oa,19487,erfuhr
19479,dieses,dieser,DET,oa,19487,erfuhr
19480,aus,aus,ADP,mo,19487,erfuhr
19481,dem,der,DET,nk,19482,Munde
19482,Munde,Mund,NOUN,nk,19480,aus
19483,des,der,DET,nk,19484,Grafen
19484,Grafen,Graf,NOUN,ag,19482,Munde
19485,von,von,ADP,pg,19484,Grafen
19486,Vach,Vach,PROPN,nk,19485,von
19487,erfuhr,erfahren,VERB,rc,19475,Andres
19488,",",--,PUNCT,punct,19489,zweifelte
19489,zweifelte,zweifeln,VERB,ROOT,19489,zweifelte
19490,keinen,kein,DET,nk,19491,Augenblick
19491,Augenblick,Augenblick,NOUN,ROOT,19491,Augenblick
19492,",",--,PUNCT,punct,19491,Augenblick
19493,daß,daß,SCONJ,cp,19499,gewesen
19494,es,es,PRON,ep,19499,gewesen
19495,wohl,wohl,ADV,mo,19499,gewesen
19496,eben,eben,ADV,mo,19499,gewesen
19497,Trabacchios,Trabacchio,PROPN,mo,19499,gewesen
19498,Bande,Bande,NOUN,pd,19499,gewesen
19499,gewesen,sein,AUX,oc,19491,Augenblick
19500,",",--,PUNCT,punct,19499,gewesen
19501,die,der,PRON,app,19499,gewesen
19502,ehemals,ehemals,ADV,mo,19503,im
19503,im,in,ADP,mnr,19501,die
19504,Neapolitanischen,Neapolitanischen,NOUN,ROOT,19504,Neapolitanischen
19505,seinen,sein,DET,nk,19506,Herrn
19506,Herrn,Herr,NOUN,oa,19504,Neapolitanischen
19507,anfiel,anfiel,PROPN,nk,19506,Herrn
19508,",",--,PUNCT,punct,19509,so
19509,so,so,ADV,mo,19504,Neapolitanischen
19510,wie,wie,SCONJ,cm,19513,war
19511,er,er,PRON,sb,19513,war
19512,überzeugt,überzeugen,VERB,pd,19513,war
19513,war,sein,AUX,cc,19509,so
19514,",",--,PUNCT,punct,19513,war
19515,daß,daß,SCONJ,cp,19517,alte
19516,der,der,DET,nk,19517,alte
19517,alte,alt,ADJ,cc,19509,so
19518,Doktor,Doktor,NOUN,ROOT,19518,Doktor
19519,Trabacchio,Trabacchio,PROPN,nk,19518,Doktor
19520,selbst,selbst,ADV,mnr,19519,Trabacchio
19521,im,in,ADP,mnr,19518,Doktor
19522,Gefängnis,Gefängnis,NOUN,nk,19521,im
19523,ihm,ihm,PRON,da,19518,Doktor
19524,wie,wie,ADP,cm,19527,Satan
19525,der,der,DET,nk,19527,Satan
19526,leibhaftige,leibhaftig,ADJ,nk,19527,Satan
19527,Satan,Satan,PROPN,sb,19528,erschien
19528,erschien,erscheinen,VERB,ROOT,19528,erschien
19529,und,und,CCONJ,ROOT,19529,und
19530,verlocken,verlocken,VERB,cj,19529,und
19531,wollte,wollen,AUX,cj,19529,und
19532,zum,zu,ADP,mo,19531,wollte
19533,bösen,böse,ADJ,nk,19534,Beginnen
19534,Beginnen,Beginn,NOUN,nk,19532,zum
19535,.,--,PUNCT,punct,19531,wollte
19536,Nun,nun,ADV,mo,19537,sah
19537,sah,sehen,VERB,ROOT,19537,sah
19538,er,er,PRON,sb,19537,sah
19539,erst,erst,ADV,mo,19540,recht
19540,recht,recht,ADV,mo,19537,sah
19541,ein,ein,ADV,svp,19537,sah
19542,",",--,PUNCT,punct,19537,sah
19543,in,in,ADP,mo,19537,sah
19544,welch,welcher,DET,nk,19543,in
19545,großer,groß,ADJ,nk,19546,Gefahr
19546,Gefahr,Gefahr,NOUN,ROOT,19546,Gefahr
19547,er,er,PRON,oa,19548,geschwebt
19548,geschwebt,schweben,VERB,oc,19549,hatte
19549,hatte,haben,AUX,ROOT,19549,hatte
19550,seit,seit,ADP,mo,19548,geschwebt
19551,der,der,DET,nk,19552,Zeit
19552,Zeit,Zeit,NOUN,nk,19550,seit
19553,",",--,PUNCT,punct,19549,hatte
19554,als,als,ADP,mo,19556,in
19555,Trabacchio,Trabacchio,NOUN,nk,19554,als
19556,in,in,ADP,mo,19548,geschwebt
19557,sein,sein,DET,nk,19558,Haus
19558,Haus,Haus,NOUN,nk,19556,in
19559,getreten,treten,VERB,ROOT,19559,getreten
19560,;,--,PUNCT,punct,19559,getreten
19561,wiewohl,wiewohl,SCONJ,cp,19567,konnte
19562,er,er,PRON,sb,19567,konnte
19563,noch,noch,ADV,mo,19567,konnte
19564,immer,immer,ADV,mo,19565,nicht
19565,nicht,nicht,PART,ng,19567,konnte
19566,begreifen,begreifen,VERB,oc,19567,konnte
19567,konnte,können,AUX,re,19569,warum
19568,",",--,PUNCT,punct,19567,konnte
19569,warum,warum,SCONJ,ROOT,19569,warum
19570,es,es,PRON,ROOT,19570,es
19571,denn,denn,ADV,mo,19570,es
19572,der,der,DET,ROOT,19572,der
19573,Verruchte,Verrucht,NOUN,ROOT,19573,Verruchte
19574,so,so,ADV,mo,19575,ganz
19575,ganz,ganz,ADV,mo,19583,gemünzt
19576,und,und,CCONJ,cd,19575,ganz
19577,gar,gar,ADV,mo,19578,auf
19578,auf,auf,ADP,cj,19576,und
19579,ihn,ihn,PRON,nk,19578,auf
19580,und,und,CCONJ,cd,19579,ihn
19581,sein,sein,DET,nk,19582,Weib
19582,Weib,Weib,NOUN,cj,19580,und
19583,gemünzt,münzen,VERB,oc,19584,hatte
19584,hatte,haben,AUX,oc,19573,Verruchte
19585,",",--,PUNCT,punct,19584,hatte
19586,da,da,SCONJ,cp,19588,Vorteil
19587,der,der,DET,nk,19588,Vorteil
19588,Vorteil,Vorteil,NOUN,mo,19583,gemünzt
19589,",",--,PUNCT,punct,19584,hatte
19590,den,der,PRON,oa,19598,zog
19591,er,er,PRON,sb,19598,zog
19592,aus,aus,ADP,mo,19598,zog
19593,seinem,sein,DET,nk,19594,Aufenthalt
19594,Aufenthalt,Aufenthalt,NOUN,nk,19592,aus
19595,in,in,ADP,mo,19598,zog
19596,dem,der,DET,nk,19597,Jägerhause
19597,Jägerhause,Jägerhause,NOUN,nk,19595,in
19598,zog,ziehen,VERB,pd,19603,sein
19599,",",--,PUNCT,punct,19603,sein
19600,nicht,nicht,PART,ng,19603,sein
19601,so,so,ADV,mo,19602,bedeutend
19602,bedeutend,bedeutend,ADV,pd,19603,sein
19603,sein,sein,AUX,ROOT,19603,sein
19604,konnte,können,AUX,ROOT,19604,konnte
19605,.,--,PUNCT,punct,19604,konnte
19606,Andres,Andres,NOUN,sb,19607,befand
19607,befand,befinden,VERB,ROOT,19607,befand
19608,sich,sich,PRON,oa,19607,befand
19609,nach,nach,ADP,mo,19607,befand
19610,den,der,DET,nk,19612,Stürmen
19611,entsetzlichen,entsetzlich,ADJ,nk,19612,Stürmen
19612,Stürmen,Stürm,NOUN,nk,19609,nach
19613,nun,nun,ADV,mo,19607,befand
19614,in,in,ADP,mo,19607,befand
19615,ruhiger,ruhig,ADJ,nk,19616,glücklicher
19616,glücklicher,glücklich,ADJ,nk,19614,in
19617,Lage,Lage,NOUN,mo,19625,getobt
19618,",",--,PUNCT,punct,19622,hatten
19619,allein,allein,ADV,mo,19621,erschütternd
19620,zu,zu,PART,pm,19621,erschütternd
19621,erschütternd,erschütternd,ADV,mo,19625,getobt
19622,hatten,haben,AUX,ROOT,19622,hatten
19623,jene,jener,DET,nk,19624,Stürme
19624,Stürme,Stürm,NOUN,sb,19622,hatten
19625,getobt,toben,VERB,oc,19622,hatten
19626,",",--,PUNCT,punct,19625,getobt
19627,um,um,SCONJ,cp,19629,in
19628,nicht,nicht,PART,ng,19627,um
19629,in,in,ADP,mo,19625,getobt
19630,seinem,sein,DET,dep,19622,hatten
19631,ganzen,ganz,ADJ,nk,19632,Leben
19632,Leben,Leben,NOUN,da,19634,nachzuhallen
19633,dumpf,dumpf,ADV,mo,19634,nachzuhallen
19634,nachzuhallen,nachzuhallen,VERB,ROOT,19634,nachzuhallen
19635,.,--,PUNCT,punct,19634,nachzuhallen
19636,Außer,außer,ADP,ROOT,19636,Außer
19637,dem,der,PRON,nk,19636,Außer
19638,",",--,PUNCT,punct,19637,dem
19639,daß,daß,SCONJ,mnr,19637,dem
19640,Andres,Andres,NOUN,cj,19639,daß
19641,",",--,PUNCT,punct,19640,Andres
19642,sonst,sonst,ADV,mo,19639,daß
19643,ein,ein,DET,punct,19636,Außer
19644,starker,stark,ADJ,pd,19643,ein
19645,kräftiger,kräftig,ADJ,nk,19646,Mann
19646,Mann,Mann,NOUN,ROOT,19646,Mann
19647,",",--,PUNCT,punct,19646,Mann
19648,durch,durch,ADP,oc,19646,Mann
19649,den,der,DET,nk,19650,Gram
19650,Gram,Gram,NOUN,nk,19648,durch
19651,",",--,PUNCT,punct,19648,durch
19652,durch,durch,ADP,mo,19646,Mann
19653,das,der,DET,nk,19655,Gefängnis
19654,lange,lang,ADJ,nk,19655,Gefängnis
19655,Gefängnis,Gefängnis,NOUN,nk,19652,durch
19656,",",--,PUNCT,punct,19652,durch
19657,ja,ja,ADV,mo,19658,durch
19658,durch,durch,ADP,cj,19652,durch
19659,den,der,DET,oa,19646,Mann
19660,unsäglichen,unsäglich,ADJ,nk,19661,Schmerz
19661,Schmerz,Schmerz,NOUN,ROOT,19661,Schmerz
19662,der,der,DET,nk,19663,Tortur
19663,Tortur,Tortur,NOUN,ag,19661,Schmerz
19664,körperlich,körperlich,ADV,mo,19666,gerichtet
19665,zugrunde,zugrunde,ADV,mo,19666,gerichtet
19666,gerichtet,richten,VERB,oc,19661,Schmerz
19667,",",--,PUNCT,punct,19666,gerichtet
19668,siech,siech,ADV,cj,19666,gerichtet
19669,und,und,CCONJ,cd,19668,siech
19670,krank,krank,ADV,cj,19669,und
19671,daherschwankte,daherschwanken,VERB,re,19680,so
19672,und,und,CCONJ,cd,19671,daherschwankte
19673,kaum,kaum,ADV,mo,19677,treiben
19674,noch,noch,ADV,mo,19673,kaum
19675,die,der,DET,nk,19676,Jagd
19676,Jagd,Jagd,NOUN,oa,19677,treiben
19677,treiben,treiben,VERB,oc,19678,konnte
19678,konnte,können,AUX,cj,19672,und
19679,",",--,PUNCT,punct,19680,so
19680,so,so,ADV,mo,19681,welkte
19681,welkte,welken,VERB,ROOT,19681,welkte
19682,auch,auch,ADV,mo,19683,Giorgina
19683,Giorgina,Giorgina,PROPN,sb,19681,welkte
19684,",",--,PUNCT,punct,19681,welkte
19685,deren,der,DET,ag,19687,Natur
19686,südliche,südlich,ADJ,nk,19687,Natur
19687,Natur,Natur,NOUN,ROOT,19687,Natur
19688,von,von,ADP,pg,19687,Natur
19689,dem,der,DET,nk,19690,Grame
19690,Grame,Grame,NOUN,nk,19688,von
19691,",",--,PUNCT,punct,19688,von
19692,von,von,ADP,pg,19687,Natur
19693,der,der,DET,nk,19694,Angst
19694,Angst,Angst,NOUN,nk,19692,von
19695,",",--,PUNCT,punct,19694,Angst
19696,von,von,ADP,pg,19687,Natur
19697,dem,der,DET,nk,19698,Entsetzen
19698,Entsetzen,entsetzen,NOUN,nk,19696,von
19699,wie,wie,CCONJ,cd,19696,von
19700,von,von,ADP,cj,19699,wie
19701,brennender,brennend,ADJ,nk,19702,Glut
19702,Glut,Glut,NOUN,sb,19704,wurde
19703,aufgezehrt,aufzehren,VERB,oc,19704,wurde
19704,wurde,werden,AUX,ROOT,19704,wurde
19705,",",--,PUNCT,punct,19704,wurde
19706,zusehends,zusehends,ADV,mo,19704,wurde
19707,hin,hin,ADV,svp,19704,wurde
19708,.,--,PUNCT,punct,19704,wurde
19709,Keine,kein,DET,nk,19710,Hülfe
19710,Hülfe,Hülfe,NOUN,sb,19711,war
19711,war,sein,AUX,ROOT,19711,war
19712,für,für,ADP,mo,19711,war
19713,sie,sie,PRON,nk,19712,für
19714,mehr,mehr,ADV,mo,19711,war
19715,vorhanden,vorhanden,ADV,ROOT,19715,vorhanden
19716,",",--,PUNCT,punct,19715,vorhanden
19717,sie,sie,PRON,sb,19718,starb
19718,starb,sterben,VERB,cj,19715,vorhanden
19719,wenige,weniger,DET,nk,19720,Monate
19720,Monate,Monat,NOUN,mo,19721,nach
19721,nach,nach,ADP,mo,19718,starb
19722,ihres,ihr,DET,nk,19723,Mannes
19723,Mannes,Mann,NOUN,nk,19724,Rückkehr
19724,Rückkehr,Rückkehr,NOUN,nk,19721,nach
19725,.,--,PUNCT,punct,19715,vorhanden
19726,Andres,Andres,NOUN,sb,19727,wollte
19727,wollte,wollen,AUX,ROOT,19727,wollte
19728,verzweifeln,verzweifeln,VERB,ROOT,19728,verzweifeln
19729,und,und,CCONJ,cd,19728,verzweifeln
19730,nur,nur,ADV,mo,19734,Knabe
19731,der,der,DET,nk,19734,Knabe
19732,wunderschöne,wunderschön,ADJ,nk,19734,Knabe
19733,kluge,klug,ADJ,nk,19734,Knabe
19734,Knabe,Knabe,NOUN,cj,19729,und
19735,",",--,PUNCT,punct,19734,Knabe
19736,der,der,DET,nk,19737,Mutter
19737,Mutter,Mutter,NOUN,da,19739,Ebenbild
19738,getreues,getreu,ADJ,nk,19739,Ebenbild
19739,Ebenbild,Ebenbild,NOUN,app,19734,Knabe
19740,",",--,PUNCT,punct,19728,verzweifeln
19741,vermochte,vermögen,VERB,ROOT,19741,vermochte
19742,ihn,ihn,PRON,oa,19744,trösten
19743,zu,zu,PART,pm,19744,trösten
19744,trösten,trösten,VERB,oc,19741,vermochte
19745,.,--,PUNCT,punct,19741,vermochte
19746,Um,um,SCONJ,mo,19749,tat
19747,dieses,dieser,DET,nk,19748,willen
19748,willen,Wille,NOUN,nk,19746,Um
19749,tat,tun,VERB,ROOT,19749,tat
19750,er,er,PRON,sb,19749,tat
19751,alles,alle,PRON,oa,19749,tat
19752,",",--,PUNCT,punct,19751,alles
19753,sein,sein,DET,nk,19754,Leben
19754,Leben,Leben,NOUN,oa,19749,tat
19755,zu,zu,ADP,svp,19749,tat
19756,erhalten,erhalten,VERB,ROOT,19756,erhalten
19757,",",--,PUNCT,punct,19756,erhalten
19758,und,und,CCONJ,cd,19756,erhalten
19759,sich,sich,PRON,oa,19764,kräftigen
19760,soviel,soviel,PRON,mo,19764,kräftigen
19761,als,als,ADP,cm,19762,möglich
19762,möglich,möglich,ADV,cc,19760,soviel
19763,zu,zu,PART,mo,19764,kräftigen
19764,kräftigen,kräftigen,VERB,cj,19758,und
19765,",",--,PUNCT,punct,19764,kräftigen
19766,so,so,ADV,mo,19769,nach
19767,daß,daß,SCONJ,cp,19769,nach
19768,er,er,PRON,sb,19769,nach
19769,nach,nach,ADP,mo,19764,kräftigen
19770,Verlauf,Verlauf,NOUN,nk,19769,nach
19771,von,von,ADP,pg,19770,Verlauf
19772,beinahe,beinahe,ADV,mo,19773,zwei
19773,zwei,zwei,NUM,nk,19774,Jahren
19774,Jahren,Jahr,NOUN,ROOT,19774,Jahren
19775,wohl,wohl,ADV,mo,19778,zugenommen
19776,an,an,ADP,op,19778,zugenommen
19777,Gesundheit,Gesundheit,NOUN,nk,19776,an
19778,zugenommen,zunehmen,VERB,oc,19774,Jahren
19779,und,und,CCONJ,cd,19778,zugenommen
19780,manchen,mancher,DET,nk,19781,lustigen
19781,lustigen,lustig,ADJ,cj,19779,und
19782,Jägergang,Jägergang,NOUN,oa,19786,unternehmen
19783,in,in,ADP,mnr,19782,Jägergang
19784,den,der,DET,nk,19785,Forst
19785,Forst,Forst,NOUN,nk,19783,in
19786,unternehmen,unternehmen,VERB,oc,19787,konnte
19787,konnte,können,AUX,ROOT,19787,konnte
19788,.,--,PUNCT,punct,19787,konnte
19789,-,--,PUNCT,punct,19791,Prozeß
19790,Der,der,DET,nk,19791,Prozeß
19791,Prozeß,Prozeß,NOUN,ROOT,19791,Prozeß
19792,wider,wider,ADP,mnr,19791,Prozeß
19793,den,der,DET,nk,19794,Trabacchio
19794,Trabacchio,Trabacchio,NOUN,nk,19792,wider
19795,hatte,haben,AUX,ROOT,19795,hatte
19796,endlich,endlich,ADV,mo,19799,erreicht
19797,sein,sein,DET,nk,19798,Ende
19798,Ende,Ende,NOUN,oa,19799,erreicht
19799,erreicht,erreichen,VERB,oc,19795,hatte
19800,und,und,CCONJ,cd,19799,erreicht
19801,er,er,PRON,sb,19802,war
19802,war,sein,AUX,cj,19800,und
19803,",",--,PUNCT,punct,19802,war
19804,so,so,ADV,mo,19802,war
19805,wie,wie,ADP,cm,19806,vor
19806,vor,vor,ADP,cc,19804,so
19807,alter,alt,ADJ,nk,19808,Zeit
19808,Zeit,Zeit,NOUN,nk,19806,vor
19809,sein,sein,DET,nk,19810,Vater
19810,Vater,Vater,NOUN,pd,19802,war
19811,",",--,PUNCT,punct,19802,war
19812,zum,zu,ADP,mo,19816,verdammt
19813,Tode,Tod,NOUN,nk,19812,zum
19814,durchs,durch,ADP,mnr,19813,Tode
19815,Feuer,Feuer,NOUN,nk,19814,durchs
19816,verdammt,verdammen,VERB,oc,19817,worden
19817,worden,werden,AUX,ROOT,19817,worden
19818,",",--,PUNCT,punct,19817,worden
19819,den,der,PRON,oa,19824,erleiden
19820,er,er,PRON,sb,19825,sollte
19821,in,in,ADP,mo,19824,erleiden
19822,weniger,weniger,DET,nk,19823,Zeit
19823,Zeit,Zeit,NOUN,nk,19821,in
19824,erleiden,erleiden,VERB,oc,19825,sollte
19825,sollte,sollen,AUX,rc,19813,Tode
19826,.,--,PUNCT,punct,19817,worden
19827,Andres,Andres,NOUN,sb,19828,kam
19828,kam,kommen,VERB,ROOT,19828,kam
19829,eines,ein,DET,nk,19830,Tages
19830,Tages,Tag,NOUN,mo,19828,kam
19831,",",--,PUNCT,punct,19830,Tages
19832,als,als,SCONJ,cp,19836,eingebrochen
19833,die,der,DET,nk,19834,Abenddämmerung
19834,Abenddämmerung,Abenddämmerung,NOUN,sb,19836,eingebrochen
19835,schon,schon,ADV,mo,19836,eingebrochen
19836,eingebrochen,einbrechen,VERB,mo,19828,kam
19837,",",--,PUNCT,punct,19836,eingebrochen
19838,mit,mit,ADP,mo,19828,kam
19839,seinem,sein,DET,nk,19838,mit
19840,Knaben,Knabe,NOUN,ROOT,19840,Knaben
19841,aus,aus,ADP,mnr,19840,Knaben
19842,dem,der,DET,nk,19843,Forst
19843,Forst,Forst,NOUN,nk,19841,aus
19844,zurück,zurück,ADV,svp,19840,Knaben
19845,;,--,PUNCT,punct,19840,Knaben
19846,schon,schon,ADV,mo,19847,war
19847,war,sein,AUX,ROOT,19847,war
19848,er,er,PRON,sb,19847,war
19849,dem,der,DET,nk,19850,Schlosse
19850,Schlosse,Schlosse,NOUN,da,19847,war
19851,nahe,nahe,ADP,svp,19847,war
19852,",",--,PUNCT,punct,19847,war
19853,als,als,SCONJ,cm,19854,er
19854,er,er,PRON,mo,19847,war
19855,ein,ein,ADV,pd,19847,war
19856,klägliches,kläglich,ADJ,nk,19857,Gewimmer
19857,Gewimmer,Gewimmer,NOUN,oa,19858,vernahm
19858,vernahm,vernehmen,VERB,ROOT,19858,vernahm
19859,",",--,PUNCT,punct,19858,vernahm
19860,das,der,PRON,nk,19866,Feldgraben
19861,aus,aus,ADP,mo,19864,nahen
19862,dem,der,DET,nk,19863,ihm
19863,ihm,ihm,PRON,nk,19861,aus
19864,nahen,nah,VERB,nk,19866,Feldgraben
19865,ausgetrockneten,ausgetrocknet,ADJ,nk,19866,Feldgraben
19866,Feldgraben,Feldgrabe,NOUN,ROOT,19866,Feldgraben
19867,zu,zu,PART,pm,19868,kommen
19868,kommen,kommen,VERB,oc,19869,schien
19869,schien,scheinen,VERB,ROOT,19869,schien
19870,.,--,PUNCT,punct,19869,schien
19871,Er,er,PRON,sb,19872,eilte
19872,eilte,eilen,VERB,ROOT,19872,eilte
19873,näher,nah,ADV,mo,19872,eilte
19874,und,und,CCONJ,cd,19872,eilte
19875,erblickte,erblicken,VERB,cj,19874,und
19876,einen,ein,DET,nk,19877,Menschen
19877,Menschen,Mensch,NOUN,oa,19875,erblickte
19878,",",--,PUNCT,punct,19877,Menschen
19879,der,der,PRON,dep,19872,eilte
19880,in,in,ADP,mo,19879,der
19881,elende,elend,ADJ,nk,19880,in
19882,schmutzige,schmutzig,ADJ,nk,19883,Lumpen
19883,Lumpen,Lump,NOUN,sb,19884,gehüllt
19884,gehüllt,hüllen,VERB,ROOT,19884,gehüllt
19885,",",--,PUNCT,punct,19884,gehüllt
19886,im,in,ADP,mo,19888,lag
19887,Graben,Graben,NOUN,nk,19886,im
19888,lag,liegen,VERB,cj,19884,gehüllt
19889,und,und,CCONJ,cd,19888,lag
19890,unter,unter,ADP,mnr,19894,Geist
19891,großen,groß,ADJ,nk,19892,Schmerzen
19892,Schmerzen,Schmerz,NOUN,nk,19890,unter
19893,den,der,DET,nk,19894,Geist
19894,Geist,Geist,NOUN,cj,19889,und
19895,aufgeben,aufgeben,VERB,oc,19897,wollen
19896,zu,zu,PART,pm,19897,wollen
19897,wollen,wollen,AUX,oc,19898,schien
19898,schien,scheinen,VERB,ROOT,19898,schien
19899,.,--,PUNCT,punct,19898,schien
19900,Andres,Andres,PROPN,sb,19901,warf
19901,warf,werfen,VERB,ROOT,19901,warf
19902,Flinte,Flinte,NOUN,oa,19901,warf
19903,und,und,CCONJ,cd,19902,Flinte
19904,Büchsensack,Büchsensack,NOUN,cj,19903,und
19905,ab,ab,ADP,svp,19901,warf
19906,",",--,PUNCT,punct,19901,warf
19907,und,und,CCONJ,cd,19901,warf
19908,zog,ziehen,VERB,cj,19907,und
19909,mit,mit,ADP,svp,19908,zog
19910,Mühe,Mühe,NOUN,ROOT,19910,Mühe
19911,den,der,DET,nk,19912,Unglücklichen
19912,Unglücklichen,Unglückliche,NOUN,ag,19910,Mühe
19913,heraus,heraus,ADV,svp,19910,Mühe
19914,;,--,PUNCT,punct,19910,Mühe
19915,aber,aber,CCONJ,ROOT,19915,aber
19916,als,als,SCONJ,cp,19917,er
19917,er,er,PRON,mo,19915,aber
19918,nun,nun,ADV,mo,19917,er
19919,dem,der,DET,nk,19920,Menschen
19920,Menschen,Mensch,NOUN,da,19918,nun
19921,ins,in,ADP,mo,19918,nun
19922,Gesicht,Gesicht,NOUN,nk,19921,ins
19923,blickte,blicken,VERB,mo,19925,erkannte
19924,",",--,PUNCT,punct,19925,erkannte
19925,erkannte,erkennen,VERB,ROOT,19925,erkannte
19926,er,er,PRON,sb,19925,erkannte
19927,mit,mit,ADP,mo,19925,erkannte
19928,Entsetzen,entsetzen,NOUN,nk,19927,mit
19929,den,der,DET,nk,19930,Trabacchio
19930,Trabacchio,Trabacchio,NOUN,oa,19925,erkannte
19931,.,--,PUNCT,punct,19925,erkannte
19932,Zurückschaudernd,Zurückschaudernd,ADV,mo,19933,ließ
19933,ließ,lassen,VERB,ROOT,19933,ließ
19934,er,er,PRON,sb,19933,ließ
19935,von,von,ADP,sbp,19933,ließ
19936,ihm,ihm,PRON,ROOT,19936,ihm
19937,ab,ab,ADP,ROOT,19937,ab
19938,;,--,PUNCT,ROOT,19938,;
19939,aber,aber,CCONJ,ju,19941,wimmerte
19940,da,da,ADV,mo,19941,wimmerte
19941,wimmerte,wimmern,VERB,ROOT,19941,wimmerte
19942,Trabacchio,Trabacchio,NOUN,sb,19941,wimmerte
19943,dumpf,dumpf,ADV,mo,19941,wimmerte
19944,.,--,PUNCT,punct,19941,wimmerte
19945,»,--,PUNCT,punct,19946,Andres
19946,Andres,Andre,NOUN,sb,19950,bist
19947,",",--,PUNCT,punct,19946,Andres
19948,Andres,Andr,NOUN,cj,19946,Andres
19949,",",--,PUNCT,punct,19950,bist
19950,bist,sein,AUX,ROOT,19950,bist
19951,du,du,PRON,sb,19950,bist
19952,es,es,PRON,pd,19950,bist
19953,?,--,PUNCT,punct,19950,bist
19954,um,um,ADP,ROOT,19954,um
19955,der,der,DET,nk,19954,um
19956,Barmherzigkeit,Barmherzigkeit,NOUN,sb,19966,habe
19957,Gottes,Gott,NOUN,ag,19956,Barmherzigkeit
19958,willen,willen,ADP,svp,19956,Barmherzigkeit
19959,",",--,PUNCT,punct,19956,Barmherzigkeit
19960,der,der,PRON,da,19964,empfohlen
19961,ich,ich,PRON,sb,19964,empfohlen
19962,meine,mein,DET,nk,19963,Seele
19963,Seele,Seele,NOUN,oa,19964,empfohlen
19964,empfohlen,empfehlen,VERB,rc,19956,Barmherzigkeit
19965,",",--,PUNCT,punct,19966,habe
19966,habe,haben,AUX,ROOT,19966,habe
19967,Mitleid,Mitleid,NOUN,sb,19966,habe
19968,mit,mit,ADP,svp,19966,habe
19969,mir,mir,PRON,ROOT,19969,mir
19970,!,--,PUNCT,punct,19969,mir
19971,Wenn,wenn,SCONJ,cp,19974,rettest
19972,du,du,PRON,sb,19974,rettest
19973,mich,mich,PRON,oa,19974,rettest
19974,rettest,rettest,VERB,mo,19976,rettest
19975,",",--,PUNCT,punct,19976,rettest
19976,rettest,rettesen,VERB,ROOT,19976,rettest
19977,du,du,PRON,sb,19976,rettest
19978,eine,ein,DET,nk,19979,Seele
19979,Seele,Seele,NOUN,oa,19976,rettest
19980,von,von,ADP,pg,19979,Seele
19981,ewiger,ewig,ADJ,nk,19982,Verdammnis
19982,Verdammnis,Verdammnis,NOUN,nk,19980,von
19983,;,--,PUNCT,punct,19976,rettest
19984,denn,denn,CCONJ,ROOT,19984,denn
19985,bald,bald,ADV,mo,19986,ereilt
19986,ereilt,ereilen,VERB,ROOT,19986,ereilt
19987,mich,mich,PRON,oa,19986,ereilt
19988,ja,ja,ADV,mo,19986,ereilt
19989,der,der,DET,nk,19990,Tod
19990,Tod,Tod,NOUN,sb,19986,ereilt
19991,",",--,PUNCT,punct,19986,ereilt
19992,und,und,CCONJ,cd,19986,ereilt
19993,noch,noch,ADV,mo,19994,nicht
19994,nicht,nicht,PART,ng,19995,vollendet
19995,vollendet,vollenden,VERB,pd,19996,ist
19996,ist,sein,AUX,cj,19992,und
19997,meine,mein,DET,nk,19998,Buße
19998,Buße,Buße,NOUN,sb,19996,ist
19999,!,--,PUNCT,punct,19986,ereilt
20000,«,--,PUNCT,punct,19986,ereilt
20001,-,--,PUNCT,ROOT,20001,-
20002,»,--,PUNCT,punct,20007,schrie
20003,Verdammter,Verdammter,NOUN,sb,20007,schrie
20004,Heuchler,Heuchler,PROPN,nk,20003,Verdammter
20005,«,--,PUNCT,punct,20003,Verdammter
20006,",",--,PUNCT,punct,20007,schrie
20007,schrie,Schrie,VERB,ROOT,20007,schrie
20008,Andres,Andres,PROPN,sb,20007,schrie
20009,auf,auf,ADP,svp,20007,schrie
20010,;,--,PUNCT,punct,20007,schrie
20011,»,--,PUNCT,punct,20012,Mörder
20012,Mörder,Mörder,NOUN,ROOT,20012,Mörder
20013,meines,mein,DET,nk,20014,Kindes
20014,Kindes,Kind,NOUN,ag,20012,Mörder
20015,",",--,PUNCT,punct,20012,Mörder
20016,meines,mein,DET,nk,20017,Weibes
20017,Weibes,Weibe,NOUN,cj,20012,Mörder
20018,",",--,PUNCT,punct,20012,Mörder
20019,hat,haben,AUX,ROOT,20019,hat
20020,dich,dich,PRON,oa,20025,hergeführt
20021,nicht,nicht,PART,ng,20019,hat
20022,der,der,DET,nk,20023,Satan
20023,Satan,Satan,PROPN,sb,20019,hat
20024,wieder,wieder,ADV,mo,20025,hergeführt
20025,hergeführt,herführen,VERB,oc,20019,hat
20026,",",--,PUNCT,punct,20025,hergeführt
20027,damit,damit,SCONJ,cp,20029,mich
20028,du,du,PRON,sb,20027,damit
20029,mich,mich,PRON,ROOT,20029,mich
20030,vielleicht,vielleicht,ADV,mo,20029,mich
20031,noch,noch,ADV,mo,20029,mich
20032,verderbest,verderbesen,VERB,ROOT,20032,verderbest
20033,?,--,PUNCT,punct,20032,verderbest
20034,Ich,ich,PRON,sb,20035,habe
20035,habe,haben,AUX,ROOT,20035,habe
20036,mit,mit,ADP,mo,20040,schaffen
20037,dir,dir,PRON,nk,20036,mit
20038,nichts,nichts,PRON,oa,20040,schaffen
20039,zu,zu,PART,pm,20040,schaffen
20040,schaffen,schaffen,VERB,oc,20035,habe
20041,.,--,PUNCT,punct,20035,habe
20042,Stirb,Stirb,NOUN,ROOT,20042,Stirb
20043,und,und,CCONJ,cd,20042,Stirb
20044,vermodere,vermoderen,VERB,cj,20043,und
20045,wie,wie,ADP,cm,20046,ein
20046,ein,ein,DET,ROOT,20046,ein
20047,Aas,aas,NOUN,ROOT,20047,Aas
20048,",",--,PUNCT,punct,20047,Aas
20049,Verruchter,Verruchter,NOUN,cj,20047,Aas
20050,!,--,PUNCT,punct,20047,Aas
20051,«,--,PUNCT,punct,20047,Aas
20052,Andres,Andres,NOUN,sb,20053,wollte
20053,wollte,wollen,AUX,ROOT,20053,wollte
20054,ihn,ihn,PRON,oa,20055,zurückstoßen
20055,zurückstoßen,zurückstoßen,VERB,oc,20053,wollte
20056,in,in,ADP,mo,20055,zurückstoßen
20057,den,der,DET,nk,20058,Graben
20058,Graben,Graben,NOUN,nk,20056,in
20059,;,--,PUNCT,punct,20053,wollte
20060,da,da,ADV,mo,20061,heulte
20061,heulte,heuln,VERB,ROOT,20061,heulte
20062,Trabacchio,Trabacchio,NOUN,ROOT,20062,Trabacchio
20063,in,in,ADP,mo,20062,Trabacchio
20064,wildem,wild,ADJ,nk,20065,Jammer
20065,Jammer,Jammer,NOUN,nk,20063,in
20066,:,--,PUNCT,punct,20062,Trabacchio
20067,»,--,PUNCT,punct,20068,Andres
20068,Andres,Andr,NOUN,pd,20062,Trabacchio
20069,!,--,PUNCT,punct,20068,Andres
20070,du,du,PRON,sb,20071,rettest
20071,rettest,rettesen,VERB,ROOT,20071,rettest
20072,den,der,DET,nk,20073,Vater
20073,Vater,Vater,NOUN,oa,20071,rettest
20074,deines,dein,DET,nk,20075,Weibes
20075,Weibes,Weibe,NOUN,ag,20073,Vater
20076,",",--,PUNCT,punct,20071,rettest
20077,deiner,dein,DET,nk,20078,Giorgina
20078,Giorgina,Giorgina,NOUN,sb,20091,schauderte
20079,",",--,PUNCT,punct,20078,Giorgina
20080,die,der,PRON,sb,20083,betet
20081,für,für,ADP,mo,20083,betet
20082,mich,mich,PRON,nk,20081,für
20083,betet,beten,VERB,rc,20078,Giorgina
20084,am,an,ADP,mo,20083,betet
20085,Throne,Throne,NOUN,nk,20084,am
20086,des,der,DET,nk,20087,Höchsten
20087,Höchsten,Hoch,NOUN,ag,20085,Throne
20088,!,--,PUNCT,punct,20091,schauderte
20089,«,--,PUNCT,punct,20091,schauderte
20090,Andres,Andr,NOUN,sb,20091,schauderte
20091,schauderte,schauderen,VERB,ROOT,20091,schauderte
20092,zusammen,zusammen,ADV,mo,20097,fühlte
20093,;,--,PUNCT,punct,20092,zusammen
20094,mit,mit,ADP,mo,20097,fühlte
20095,Giorginas,Giorgina,PROPN,ag,20096,Namen
20096,Namen,Name,NOUN,nk,20094,mit
20097,fühlte,fühlen,VERB,ROOT,20097,fühlte
20098,er,er,PRON,sb,20097,fühlte
20099,sich,sich,PRON,oa,20097,fühlte
20100,von,von,ADP,mo,20097,fühlte
20101,schmerzlicher,schmerzlich,ADJ,nk,20102,Wehmut
20102,Wehmut,Wehmut,NOUN,nk,20100,von
20103,ergriffen,ergreifen,VERB,ROOT,20103,ergriffen
20104,.,--,PUNCT,punct,20103,ergriffen
20105,Mitleid,Mitleid,NOUN,ROOT,20105,Mitleid
20106,mit,mit,ADP,mnr,20105,Mitleid
20107,dem,der,DET,nk,20108,Mörder
20108,Mörder,Mörder,NOUN,nk,20106,mit
20109,seiner,sein,DET,nk,20110,Ruhe
20110,Ruhe,Ruhe,NOUN,ag,20108,Mörder
20111,",",--,PUNCT,punct,20105,Mitleid
20112,seines,sein,DET,nk,20113,Glücks
20113,Glücks,Glück,NOUN,cj,20105,Mitleid
20114,",",--,PUNCT,punct,20105,Mitleid
20115,durchdrang,durchdrang,ADV,mo,20116,ihn
20116,ihn,ihn,PRON,par,20105,Mitleid
20117,",",--,PUNCT,punct,20105,Mitleid
20118,er,er,PRON,sb,20119,faßte
20119,faßte,fassen,VERB,ROOT,20119,faßte
20120,den,der,DET,nk,20121,Trabacchio
20121,Trabacchio,Trabacchio,NOUN,oa,20119,faßte
20122,",",--,PUNCT,punct,20119,faßte
20123,lud,laden,VERB,cj,20119,faßte
20124,ihn,ihn,PRON,oa,20123,lud
20125,mit,mit,ADP,mo,20123,lud
20126,Mühe,Mühe,NOUN,nk,20125,mit
20127,auf,auf,ADP,svp,20123,lud
20128,und,und,CCONJ,cd,20123,lud
20129,trug,tragen,VERB,cj,20128,und
20130,ihn,ihn,PRON,oa,20129,trug
20131,nach,nach,ADP,mo,20129,trug
20132,seiner,sein,DET,nk,20133,Wohnung
20133,Wohnung,Wohnung,NOUN,nk,20131,nach
20134,",",--,PUNCT,punct,20129,trug
20135,wo,wo,SCONJ,mo,20141,erquickte
20136,er,er,PRON,sb,20141,erquickte
20137,ihn,ihn,PRON,oa,20141,erquickte
20138,mit,mit,ADP,mo,20141,erquickte
20139,stärkenden,stärkend,ADJ,nk,20140,Mitteln
20140,Mitteln,Mittel,NOUN,nk,20138,mit
20141,erquickte,erquicken,VERB,ROOT,20141,erquickte
20142,.,--,PUNCT,punct,20141,erquickte
20143,Bald,bald,ADV,mo,20144,erwachte
20144,erwachte,erwachen,VERB,ROOT,20144,erwachte
20145,Trabacchio,Trabacchio,NOUN,sb,20144,erwachte
20146,aus,aus,ADP,mo,20144,erwachte
20147,der,der,DET,punct,20144,erwachte
20148,Ohnmacht,Ohnmacht,NOUN,ROOT,20148,Ohnmacht
20149,",",--,PUNCT,punct,20148,Ohnmacht
20150,in,in,ADP,mo,20153,versunken
20151,die,der,PRON,nk,20150,in
20152,er,er,PRON,sb,20153,versunken
20153,versunken,versinken,VERB,rc,20148,Ohnmacht
20154,.,--,PUNCT,punct,20148,Ohnmacht
20155,In,in,ADP,mo,20161,ergriff
20156,der,der,DET,nk,20157,Nacht
20157,Nacht,Nacht,NOUN,nk,20155,In
20158,vor,vor,ADP,mnr,20157,Nacht
20159,der,der,DET,nk,20160,Hinrichtung
20160,Hinrichtung,Hinrichtung,NOUN,nk,20158,vor
20161,ergriff,ergreifen,VERB,ROOT,20161,ergriff
20162,den,der,DET,nk,20163,Trabacchio
20163,Trabacchio,Trabacchio,NOUN,oa,20161,ergriff
20164,die,der,DET,nk,20165,entsetzlichste
20165,entsetzlichste,entsetzlich,ADJ,sb,20161,ergriff
20166,Todesangst,Todesangst,NOUN,ROOT,20166,Todesangst
20167,;,--,PUNCT,punct,20166,Todesangst
20168,er,er,PRON,sb,20169,war
20169,war,sein,AUX,ROOT,20169,war
20170,überzeugt,überzeugen,VERB,pd,20169,war
20171,",",--,PUNCT,punct,20170,überzeugt
20172,daß,daß,SCONJ,cp,20173,ihn
20173,ihn,ihn,PRON,oc,20170,überzeugt
20174,nichts,nichts,PRON,pd,20173,ihn
20175,mehr,mehr,ADV,mo,20174,nichts
20176,von,von,ADP,mnr,20174,nichts
20177,der,der,DET,nk,20179,Marter
20178,namenlosen,namenlos,ADJ,nk,20179,Marter
20179,Marter,Marter,NOUN,nk,20176,von
20180,des,der,DET,mnr,20174,nichts
20181,Feuertodes,Feuertod,NOUN,sb,20183,würde
20182,retten,retten,VERB,oc,20183,würde
20183,würde,werden,AUX,ROOT,20183,würde
20184,.,--,PUNCT,punct,20183,würde
20185,Da,da,ADV,cp,20186,faßte
20186,faßte,faßn,VERB,ROOT,20186,faßte
20187,und,und,CCONJ,cd,20186,faßte
20188,rüttelte,rüttelen,VERB,cj,20187,und
20189,er,er,PRON,sb,20188,rüttelte
20190,in,in,ADP,mo,20188,rüttelte
20191,wahnsinniger,wahnsinnig,ADJ,nk,20192,Verzweiflung
20192,Verzweiflung,Verzweiflung,NOUN,nk,20190,in
20193,die,der,DET,nk,20194,Eisenstäbe
20194,Eisenstäbe,Eisenstab,NOUN,sb,20199,blieben
20195,des,der,DET,nk,20196,Gitterfensters
20196,Gitterfensters,Gitterfenster,NOUN,ag,20194,Eisenstäbe
20197,und,und,CCONJ,cd,20194,Eisenstäbe
20198,zerbröckelt,zerbröckeln,ADV,cj,20197,und
20199,blieben,bleiben,VERB,ROOT,20199,blieben
20200,sie,sie,PRON,sb,20199,blieben
20201,in,in,ADP,mo,20199,blieben
20202,seinen,sein,DET,nk,20203,Händen
20203,Händen,Hand,NOUN,nk,20201,in
20204,.,--,PUNCT,punct,20199,blieben
20205,Ein,ein,DET,nk,20206,Strahl
20206,Strahl,Strahl,NOUN,sb,20209,fiel
20207,der,der,DET,nk,20208,Hoffnung
20208,Hoffnung,Hoffnung,NOUN,ag,20206,Strahl
20209,fiel,fallen,VERB,ROOT,20209,fiel
20210,in,in,ADP,mo,20209,fiel
20211,seine,sein,DET,nk,20212,Seele
20212,Seele,Seele,NOUN,nk,20210,in
20213,.,--,PUNCT,punct,20209,fiel
20214,Man,man,PRON,sb,20215,hatte
20215,hatte,haben,AUX,ROOT,20215,hatte
20216,ihn,ihn,PRON,oa,20215,hatte
20217,in,in,ADP,mo,20215,hatte
20218,einen,ein,DET,nk,20219,Turm
20219,Turm,Turm,NOUN,nk,20217,in
20220,dicht,dicht,ADV,mo,20215,hatte
20221,neben,neben,ADP,mo,20225,gesperrt
20222,dem,der,DET,nk,20224,Stadtgraben
20223,trocknen,trockn,ADJ,nk,20224,Stadtgraben
20224,Stadtgraben,Stadtgrabe,NOUN,nk,20221,neben
20225,gesperrt,sperren,VERB,ROOT,20225,gesperrt
20226,;,--,PUNCT,punct,20225,gesperrt
20227,er,er,PRON,sb,20228,schaute
20228,schaute,schauen,VERB,ROOT,20228,schaute
20229,in,in,ADP,mo,20228,schaute
20230,die,der,DET,nk,20231,Tiefe
20231,Tiefe,Tiefe,NOUN,nk,20229,in
20232,und,und,CCONJ,cd,20231,Tiefe
20233,der,der,DET,cj,20232,und
20234,Entschluß,Entschluß,NOUN,sb,20248,war
20235,sich,sich,PRON,oa,20236,hinabzustürzen
20236,hinabzustürzen,hinabzustürzen,VERB,oc,20234,Entschluß
20237,",",--,PUNCT,punct,20236,hinabzustürzen
20238,und,und,CCONJ,cd,20236,hinabzustürzen
20239,so,so,ADV,mo,20242,retten
20240,sich,sich,PRON,oa,20242,retten
20241,zu,zu,PART,pm,20242,retten
20242,retten,retten,VERB,cj,20238,und
20243,",",--,PUNCT,punct,20242,retten
20244,oder,oder,CCONJ,cd,20242,retten
20245,zu,zu,PART,pm,20246,sterben
20246,sterben,sterben,VERB,cj,20244,oder
20247,",",--,PUNCT,punct,20248,war
20248,war,sein,AUX,ROOT,20248,war
20249,auf,auf,ADP,svp,20248,war
20250,der,der,DET,nk,20251,Stelle
20251,Stelle,Stelle,NOUN,da,20252,gefaßt
20252,gefaßt,fassen,VERB,ROOT,20252,gefaßt
20253,.,--,PUNCT,punct,20252,gefaßt
20254,Der,der,DET,nk,20255,Ketten
20255,Ketten,Kette,NOUN,da,20256,hatte
20256,hatte,haben,AUX,ROOT,20256,hatte
20257,er,er,PRON,sb,20256,hatte
20258,sich,sich,PRON,oa,20256,hatte
20259,bald,bald,ADV,mo,20256,hatte
20260,mit,mit,ADP,mo,20256,hatte
20261,geringer,gering,ADJ,nk,20262,Anstrengung
20262,Anstrengung,Anstrengung,NOUN,nk,20260,mit
20263,entledigt,entledigen,VERB,ROOT,20263,entledigt
20264,.,--,PUNCT,punct,20263,entledigt
20265,Als,als,SCONJ,cp,20268,hinauswarf
20266,er,er,PRON,sb,20268,hinauswarf
20267,sich,sich,PRON,oa,20268,hinauswarf
20268,hinauswarf,hinauswarf,VERB,mo,20270,vergingen
20269,",",--,PUNCT,punct,20268,hinauswarf
20270,vergingen,vergingen,VERB,ROOT,20270,vergingen
20271,ihm,ihm,PRON,da,20270,vergingen
20272,die,der,DET,nk,20273,Sinne
20273,Sinne,Sinn,NOUN,oa,20270,vergingen
20274,",",--,PUNCT,punct,20270,vergingen
20275,er,er,PRON,sb,20276,erwachte
20276,erwachte,erwachen,VERB,oc,20270,vergingen
20277,",",--,PUNCT,punct,20276,erwachte
20278,als,als,ADP,oc,20276,erwachte
20279,die,der,DET,nk,20280,Sonne
20280,Sonne,Sonne,NOUN,sb,20282,strahlte
20281,hell,hell,ADV,mo,20282,strahlte
20282,strahlte,strahlen,VERB,ROOT,20282,strahlte
20283,.,--,PUNCT,punct,20282,strahlte
20284,Da,da,ADV,mo,20285,sah
20285,sah,sehen,VERB,ROOT,20285,sah
20286,er,er,PRON,sb,20285,sah
20287,",",--,PUNCT,punct,20285,sah
20288,wie,wie,SCONJ,mo,20289,er
20289,er,er,PRON,mo,20285,sah
20290,zwischen,zwischen,ADP,mnr,20289,er
20291,Strauchwerk,Strauchwerk,NOUN,nk,20290,zwischen
20292,in,in,ADP,mnr,20291,Strauchwerk
20293,hohes,hoch,ADJ,nk,20294,Gras
20294,Gras,Gras,NOUN,nk,20292,in
20295,gefallen,fallen,VERB,mo,20305,vermochte
20296,",",--,PUNCT,punct,20295,gefallen
20297,aber,aber,CCONJ,cd,20295,gefallen
20298,an,an,ADP,mo,20301,verstaucht
20299,allen,aller,DET,nk,20300,Gliedern
20300,Gliedern,Glieder,NOUN,nk,20298,an
20301,verstaucht,verstauchen,VERB,cj,20297,aber
20302,und,und,CCONJ,cd,20301,verstaucht
20303,verrenkt,verrenken,VERB,cj,20302,und
20304,",",--,PUNCT,punct,20305,vermochte
20305,vermochte,vermögen,VERB,ROOT,20305,vermochte
20306,er,er,PRON,sb,20305,vermochte
20307,sich,sich,PRON,oa,20305,vermochte
20308,nicht,nicht,PART,ng,20310,regen
20309,zu,zu,PART,pm,20310,regen
20310,regen,regen,VERB,ROOT,20310,regen
20311,und,und,CCONJ,cd,20310,regen
20312,zu,zu,PART,pm,20313,rühren
20313,rühren,rühren,VERB,cj,20311,und
20314,.,--,PUNCT,punct,20310,regen
20315,Schmeißfliegen,Schmeißflieg,NOUN,sb,20319,setzten
20316,und,und,CCONJ,cd,20315,Schmeißfliegen
20317,anderes,anderer,ADJ,nk,20318,Ungeziefer
20318,Ungeziefer,Ungeziefer,NOUN,cj,20316,und
20319,setzten,setzen,VERB,ROOT,20319,setzten
20320,sich,sich,PRON,ROOT,20320,sich
20321,auf,auf,ADP,mnr,20320,sich
20322,seinen,sein,DET,nk,20324,Körper
20323,halbnackten,halbnackt,ADJ,nk,20324,Körper
20324,Körper,Körper,NOUN,nk,20321,auf
20325,und,und,CCONJ,cd,20324,Körper
20326,stachen,stachen,ADJ,cj,20325,und
20327,und,und,CCONJ,cd,20320,sich
20328,leckten,lecken,VERB,cj,20327,und
20329,sein,sein,DET,nk,20330,Blut
20330,Blut,Blut,NOUN,oa,20328,leckten
20331,",",--,PUNCT,punct,20328,leckten
20332,ohne,ohne,ADP,ROOT,20332,ohne
20333,daß,daß,SCONJ,nk,20332,ohne
20334,er,er,PRON,sb,20337,konnte
20335,sie,sie,PRON,oa,20336,abwehren
20336,abwehren,abwehren,VERB,oc,20337,konnte
20337,konnte,können,AUX,ROOT,20337,konnte
20338,.,--,PUNCT,punct,20337,konnte
20339,So,so,ADV,mo,20340,brachte
20340,brachte,bringen,VERB,ROOT,20340,brachte
20341,er,er,PRON,sb,20340,brachte
20342,einen,ein,DET,nk,20344,Tag
20343,martervollen,martervoll,ADJ,nk,20344,Tag
20344,Tag,Tag,NOUN,oa,20340,brachte
20345,hin,hin,ADV,svp,20340,brachte
20346,.,--,PUNCT,punct,20340,brachte
20347,Erst,erst,ADV,mo,20348,des
20348,des,der,DET,ROOT,20348,des
20349,Nachts,nachts,ADV,mo,20350,gelang
20350,gelang,gelingen,VERB,ROOT,20350,gelang
20351,es,es,PRON,sb,20350,gelang
20352,ihm,ihm,PRON,da,20350,gelang
20353,weiter,weiter,ADV,mo,20350,gelang
20354,zu,zu,PART,pm,20355,kriechen
20355,kriechen,kriechen,VERB,oc,20350,gelang
20356,und,und,CCONJ,cd,20355,kriechen
20357,er,er,PRON,sb,20358,war
20358,war,sein,AUX,cj,20356,und
20359,glücklich,glücklich,ADV,pd,20358,war
20360,genug,genug,ADV,mo,20359,glücklich
20361,",",--,PUNCT,punct,20350,gelang
20362,an,an,ADP,op,20350,gelang
20363,eine,ein,PRON,nk,20362,an
20364,Stelle,Stelle,NOUN,oa,20375,welches
20365,zu,zu,PART,pm,20366,kommen
20366,kommen,kommen,VERB,oc,20364,Stelle
20367,",",--,PUNCT,punct,20366,kommen
20368,wo,wo,SCONJ,mo,20372,gesammelt
20369,sich,sich,PRON,oa,20372,gesammelt
20370,etwas,etwas,DET,nk,20371,Regenwasser
20371,Regenwasser,Regenwasser,NOUN,sb,20373,hatte
20372,gesammelt,sammeln,VERB,oc,20373,hatte
20373,hatte,haben,AUX,rc,20364,Stelle
20374,",",--,PUNCT,punct,20373,hatte
20375,welches,welcher,PRON,ROOT,20375,welches
20376,er,er,PRON,sb,20375,welches
20377,begierig,begierig,ADV,mo,20378,einschlürfte
20378,einschlürfte,einschlürfen,VERB,ROOT,20378,einschlürfte
20379,.,--,PUNCT,punct,20378,einschlürfte
20380,Er,er,PRON,sb,20381,fühlte
20381,fühlte,fühlen,VERB,ROOT,20381,fühlte
20382,sich,sich,PRON,oa,20383,gestärkt
20383,gestärkt,stärken,VERB,oc,20381,fühlte
20384,und,und,CCONJ,cd,20381,fühlte
20385,vermochte,vermögen,VERB,cj,20384,und
20386,mühsam,mühsam,ADV,mo,20385,vermochte
20387,hinanzuklimmen,hinanzuklimmen,VERB,ROOT,20387,hinanzuklimmen
20388,und,und,CCONJ,cd,20387,hinanzuklimmen
20389,sich,sich,PRON,oa,20390,fortzuschleichen
20390,fortzuschleichen,fortzuschleichen,VERB,cj,20388,und
20391,",",--,PUNCT,punct,20390,fortzuschleichen
20392,bis,bis,SCONJ,cp,20396,erreichte
20393,er,er,PRON,sb,20396,erreichte
20394,den,der,DET,nk,20395,Forst
20395,Forst,Forst,NOUN,oa,20396,erreichte
20396,erreichte,erreichen,VERB,mo,20390,fortzuschleichen
20397,",",--,PUNCT,punct,20396,erreichte
20398,der,der,PRON,ROOT,20398,der
20399,unfern,unfern,ADV,mo,20402,anhob
20400,von,von,ADP,sbp,20402,anhob
20401,Fulda,Fulda,PROPN,nk,20400,von
20402,anhob,anhob,VERB,ROOT,20402,anhob
20403,und,und,CCONJ,cd,20402,anhob
20404,sich,sich,PRON,oa,20411,erstreckte
20405,beinahe,beinahe,ADV,mo,20407,an
20406,bis,bis,ADP,ac,20407,an
20407,an,an,ADP,op,20411,erstreckte
20408,das,der,DET,nk,20410,Schloß
20409,Vachsche,Vachsche,ADJ,nk,20410,Schloß
20410,Schloß,Schloß,NOUN,nk,20407,an
20411,erstreckte,erstrecken,VERB,cj,20403,und
20412,.,--,PUNCT,punct,20402,anhob
20413,So,so,ADV,mo,20414,war
20414,war,sein,AUX,ROOT,20414,war
20415,er,er,PRON,sb,20414,war
20416,bis,bis,ADP,ac,20417,in
20417,in,in,ADP,mo,20420,gekommen
20418,die,der,DET,nk,20419,Gegend
20419,Gegend,Gegend,NOUN,nk,20417,in
20420,gekommen,kommen,VERB,oc,20414,war
20421,",",--,PUNCT,punct,20420,gekommen
20422,wo,wo,SCONJ,mo,20429,fand
20423,ihn,ihn,PRON,oa,20429,fand
20424,Andres,Andres,NOUN,sb,20429,fand
20425,mit,mit,ADP,mo,20429,fand
20426,dem,der,DET,nk,20427,Tode
20427,Tode,Tod,NOUN,nk,20425,mit
20428,ringend,ringend,ADV,mo,20429,fand
20429,fand,finden,VERB,rc,20419,Gegend
20430,.,--,PUNCT,punct,20414,war
20431,Die,der,DET,nk,20433,Anstrengung
20432,entsetzliche,entsetzlich,ADJ,nk,20433,Anstrengung
20433,Anstrengung,Anstrengung,NOUN,sb,20437,hatte
20434,der,der,DET,nk,20436,Kraft
20435,letzten,letzter,ADJ,nk,20436,Kraft
20436,Kraft,Kraft,NOUN,ag,20433,Anstrengung
20437,hatte,haben,AUX,ROOT,20437,hatte
20438,ihn,ihn,PRON,oa,20440,erschöpft
20439,ganz,ganz,ADV,mo,20440,erschöpft
20440,erschöpft,erschöpfen,VERB,oc,20437,hatte
20441,und,und,CCONJ,cd,20437,hatte
20442,wenige,weniger,DET,nk,20443,Minuten
20443,Minuten,Minute,NOUN,ams,20444,später
20444,später,spät,ADV,mo,20450,gefunden
20445,hätte,haben,AUX,ROOT,20445,hätte
20446,ihn,ihn,PRON,oa,20450,gefunden
20447,Andres,Andres,NOUN,sb,20445,hätte
20448,sicherlich,sicherlich,ADV,mo,20450,gefunden
20449,tot,tot,ADV,mo,20450,gefunden
20450,gefunden,finden,VERB,oc,20445,hätte
20451,.,--,PUNCT,punct,20445,hätte
20452,Ohne,ohne,ADP,ac,20453,daran
20453,daran,daran,ADV,ROOT,20453,daran
20454,zu,zu,ADP,svp,20453,daran
20455,denken,denken,VERB,ROOT,20455,denken
20456,",",--,PUNCT,punct,20455,denken
20457,was,wer,PRON,sb,20468,werden
20458,künftig,künftig,ADV,mo,20468,werden
20459,mit,mit,ADP,mo,20468,werden
20460,dem,der,DET,nk,20461,Trabacchio
20461,Trabacchio,Trabacchio,NOUN,nk,20459,mit
20462,",",--,PUNCT,punct,20461,Trabacchio
20463,der,der,PRON,sb,20466,entflohen
20464,der,der,DET,nk,20465,Obrigkeit
20465,Obrigkeit,Obrigkeit,NOUN,da,20466,entflohen
20466,entflohen,entfliehen,VERB,rc,20461,Trabacchio
20467,",",--,PUNCT,punct,20468,werden
20468,werden,werden,AUX,oc,20455,denken
20469,sollte,sollen,AUX,mo,20471,brachte
20470,",",--,PUNCT,punct,20471,brachte
20471,brachte,bringen,VERB,ROOT,20471,brachte
20472,ihn,ihn,PRON,oa,20471,brachte
20473,Andres,Andres,NOUN,sb,20471,brachte
20474,in,in,ADP,mo,20471,brachte
20475,ein,ein,DET,nk,20477,Zimmer
20476,einsames,einsam,ADJ,nk,20477,Zimmer
20477,Zimmer,Zimmer,NOUN,nk,20474,in
20478,und,und,CCONJ,cd,20471,brachte
20479,pflegte,pflegen,VERB,cj,20478,und
20480,ihn,ihn,PRON,oa,20479,pflegte
20481,auf,auf,ADP,mo,20479,pflegte
20482,alle,alle,PRON,nk,20481,auf
20483,nur,nur,ADV,mo,20479,pflegte
20484,mögliche,möglich,ADJ,nk,20485,Weise
20485,Weise,Weise,NOUN,oa,20490,ging
20486,",",--,PUNCT,punct,20485,Weise
20487,aber,aber,CCONJ,cd,20485,Weise
20488,so,so,ADV,mo,20489,behutsam
20489,behutsam,behutsam,ADV,cj,20487,aber
20490,ging,gehen,VERB,ROOT,20490,ging
20491,er,er,PRON,sb,20490,ging
20492,dabei,dabei,ADV,mo,20490,ging
20493,zu,zu,ADP,mo,20490,ging
20494,Werke,Werk,NOUN,nk,20493,zu
20495,",",--,PUNCT,punct,20490,ging
20496,daß,daß,SCONJ,cp,20498,die
20497,niemand,niemand,PRON,sb,20496,daß
20498,die,der,PRON,dep,20490,ging
20499,Anwesenheit,Anwesenheit,NOUN,sb,20502,ahnte
20500,des,der,DET,nk,20501,Fremden
20501,Fremden,fremde,NOUN,ag,20499,Anwesenheit
20502,ahnte,ahnen,VERB,ROOT,20502,ahnte
20503,;,--,PUNCT,punct,20502,ahnte
20504,denn,denn,CCONJ,ju,20509,gewohnt
20505,selbst,selbst,ADV,mo,20507,Knabe
20506,der,der,DET,nk,20507,Knabe
20507,Knabe,Knabe,NOUN,sb,20509,gewohnt
20508,",",--,PUNCT,punct,20507,Knabe
20509,gewohnt,gewohnen,VERB,ROOT,20509,gewohnt
20510,dem,der,DET,nk,20511,Vater
20511,Vater,Vater,NOUN,da,20509,gewohnt
20512,blindlings,Blindlings,PROPN,oa,20514,gehorchen
20513,zu,zu,PART,mo,20514,gehorchen
20514,gehorchen,gehorch,VERB,sb,20516,verschwieg
20515,",",--,PUNCT,punct,20516,verschwieg
20516,verschwieg,verschweigen,VERB,ROOT,20516,verschwieg
20517,getreulich,getreulich,ADV,mo,20516,verschwieg
20518,das,der,DET,nk,20519,Geheimnis
20519,Geheimnis,Geheimnis,NOUN,sb,20516,verschwieg
20520,.,--,PUNCT,punct,20516,verschwieg
20521,Andres,Andres,NOUN,sb,20522,frug
20522,frug,fragen,VERB,ROOT,20522,frug
20523,nun,nun,ADV,mo,20522,frug
20524,den,der,DET,nk,20525,Trabacchio
20525,Trabacchio,Trabacchio,NOUN,ROOT,20525,Trabacchio
20526,",",--,PUNCT,punct,20525,Trabacchio
20527,ob,ob,SCONJ,cp,20535,sei
20528,er,er,PRON,sb,20535,sei
20529,denn,denn,ADV,mo,20535,sei
20530,gewiß,gewiß,ADV,mo,20535,sei
20531,und,und,CCONJ,cd,20530,gewiß
20532,wahrhaftig,wahrhaftig,ADV,cj,20531,und
20533,Giorginas,Giorgina,PROPN,ag,20534,Vater
20534,Vater,Vater,NOUN,pd,20535,sei
20535,sei,sein,AUX,oc,20525,Trabacchio
20536,.,--,PUNCT,punct,20525,Trabacchio
20537,»,--,PUNCT,punct,20539,bin
20538,Allerdings,allerdings,ADV,mo,20539,bin
20539,bin,sein,AUX,oc,20544,erwiderte
20540,ich,ich,PRON,sb,20539,bin
20541,das,der,PRON,pd,20539,bin
20542,«,--,PUNCT,punct,20544,erwiderte
20543,",",--,PUNCT,punct,20544,erwiderte
20544,erwiderte,erwidern,VERB,ROOT,20544,erwiderte
20545,Trabacchio,Trabacchio,NOUN,sb,20544,erwiderte
20546,.,--,PUNCT,punct,20544,erwiderte
20547,»,--,PUNCT,punct,20550,Gegend
20548,In,in,ADP,ROOT,20548,In
20549,der,der,DET,nk,20550,Gegend
20550,Gegend,Gegend,NOUN,nk,20548,In
20551,von,von,ADP,pg,20550,Gegend
20552,Neapel,Neapel,PROPN,nk,20551,von
20553,entführte,entführen,VERB,ROOT,20553,entführte
20554,ich,ich,PRON,sb,20553,entführte
20555,einst,einst,ADV,mo,20553,entführte
20556,ein,ein,DET,nk,20558,Mädchen
20557,bildschönes,bildschön,ADJ,nk,20558,Mädchen
20558,Mädchen,Mädchen,NOUN,oa,20553,entführte
20559,",",--,PUNCT,punct,20558,Mädchen
20560,die,der,PRON,sb,20564,gebar
20561,mir,mir,PRON,da,20564,gebar
20562,eine,ein,DET,nk,20563,Tochter
20563,Tochter,Tochter,NOUN,mo,20564,gebar
20564,gebar,gebar,ADV,rc,20558,Mädchen
20565,.,--,PUNCT,punct,20553,entführte
20566,Nun,nun,ADV,ROOT,20566,Nun
20567,weißt,weißen,VERB,ROOT,20567,weißt
20568,du,du,PRON,sb,20567,weißt
20569,schon,schon,ADV,mo,20567,weißt
20570,",",--,PUNCT,punct,20567,weißt
20571,Andres,Andres,NOUN,oa,20567,weißt
20572,",",--,PUNCT,punct,20567,weißt
20573,daß,daß,SCONJ,mo,20567,weißt
20574,eines,einer,PRON,nk,20573,daß
20575,der,der,DET,nk,20577,Kunststücke
20576,größten,groß,ADJ,nk,20577,Kunststücke
20577,Kunststücke,Kunststücke,NOUN,ag,20574,eines
20578,meines,mein,DET,nk,20579,Vaters
20579,Vaters,Vater,NOUN,ag,20577,Kunststücke
20580,die,der,PRON,oa,20567,weißt
20581,Bereitung,Bereitung,NOUN,sb,20583,köstlichen
20582,jenes,jener,PRON,ag,20581,Bereitung
20583,köstlichen,köstlichen,VERB,ROOT,20583,köstlichen
20584,wundersamen,wundersam,ADJ,nk,20585,Liquors
20585,Liquors,Liquor,NOUN,pd,20586,war
20586,war,sein,AUX,oc,20583,köstlichen
20587,",",--,PUNCT,punct,20586,war
20588,wozu,wozu,SCONJ,mo,20590,Hauptingredienz
20589,das,der,DET,nk,20590,Hauptingredienz
20590,Hauptingredienz,Hauptingredienz,NOUN,dep,20583,köstlichen
20591,das,der,DET,nk,20592,Herzblut
20592,Herzblut,Herzblut,NOUN,sb,20595,ist
20593,von,von,ADP,pg,20592,Herzblut
20594,Kindern,Kind,NOUN,nk,20593,von
20595,ist,sein,AUX,ROOT,20595,ist
20596,",",--,PUNCT,punct,20595,ist
20597,die,der,PRON,nk,20599,Wochen
20598,neun,neun,NUM,nk,20599,Wochen
20599,Wochen,Woche,NOUN,cj,20595,ist
20600,",",--,PUNCT,punct,20599,Wochen
20601,neun,neun,NUM,nk,20602,Monate
20602,Monate,Monat,NOUN,cj,20599,Wochen
20603,",",--,PUNCT,punct,20595,ist
20604,oder,oder,CCONJ,cd,20595,ist
20605,neun,neun,NUM,nk,20606,Jahre
20606,Jahre,Jahr,NOUN,ams,20607,alt
20607,alt,alt,ADV,cj,20604,oder
20608,und,und,CCONJ,ju,20617,müssen
20609,von,von,ADP,sbp,20615,anvertraut
20610,den,der,DET,nk,20611,Eltern
20611,Eltern,Eltern,NOUN,nk,20609,von
20612,dem,der,DET,nk,20613,Laboranten
20613,Laboranten,Laborante,NOUN,da,20615,anvertraut
20614,freiwillig,freiwillig,ADV,mo,20615,anvertraut
20615,anvertraut,anvertrauen,VERB,cj,20608,und
20616,sein,sein,AUX,oc,20617,müssen
20617,müssen,müssen,AUX,ROOT,20617,müssen
20618,.,--,PUNCT,punct,20617,müssen
20619,Je,je,ADV,mo,20620,näher
20620,näher,nah,ADV,ROOT,20620,näher
20621,die,der,DET,nk,20622,Kinder
20622,Kinder,Kind,NOUN,sb,20628,stehen
20623,mit,mit,ADP,mo,20628,stehen
20624,dem,der,DET,nk,20625,Laboranten
20625,Laboranten,Laborante,NOUN,nk,20623,mit
20626,in,in,ADP,cvc,20628,stehen
20627,Beziehung,Beziehung,NOUN,nk,20626,in
20628,stehen,stehen,VERB,cc,20630,desto
20629,",",--,PUNCT,punct,20630,desto
20630,desto,desto,ADV,mo,20631,wirkungsvoller
20631,wirkungsvoller,wirkungsvoll,ADV,ROOT,20631,wirkungsvoller
20632,entsteht,entstehen,VERB,ROOT,20632,entsteht
20633,aus,aus,ADP,mo,20632,entsteht
20634,ihrem,ihr,DET,nk,20635,Herzblut
20635,Herzblut,Herzblut,NOUN,nk,20633,aus
20636,Lebenskraft,Lebenskraft,PROPN,nk,20635,Herzblut
20637,",",--,PUNCT,punct,20632,entsteht
20638,stete,stet,ADJ,nk,20639,Verjüngung
20639,Verjüngung,Verjüngung,NOUN,cj,20632,entsteht
20640,",",--,PUNCT,punct,20639,Verjüngung
20641,ja,ja,ADV,mo,20632,entsteht
20642,selbst,selbst,ADV,mo,20641,ja
20643,die,der,DET,dep,20632,entsteht
20644,Bereitung,Bereitung,NOUN,ROOT,20644,Bereitung
20645,des,der,DET,nk,20647,Goldes
20646,künstlichen,künstlich,ADJ,nk,20647,Goldes
20647,Goldes,Gold,NOUN,ag,20644,Bereitung
20648,.,--,PUNCT,punct,20644,Bereitung
20649,Deshalb,deshalb,ADV,mo,20650,schlachtete
20650,schlachtete,schlachten,VERB,ROOT,20650,schlachtete
20651,mein,mein,DET,nk,20652,Vater
20652,Vater,Vater,NOUN,sb,20650,schlachtete
20653,seine,sein,DET,nk,20654,Kinder
20654,Kinder,Kind,NOUN,oa,20650,schlachtete
20655,und,und,CCONJ,ju,20657,war
20656,ich,ich,PRON,sb,20657,war
20657,war,sein,AUX,ROOT,20657,war
20658,froh,froh,ADV,pd,20657,war
20659,",",--,PUNCT,punct,20658,froh
20660,das,der,DET,nk,20661,Töchterlein
20661,Töchterlein,Töchterlein,NOUN,pd,20657,war
20662,",",--,PUNCT,punct,20661,Töchterlein
20663,das,der,PRON,sb,20667,geboren
20664,mir,mir,PRON,da,20667,geboren
20665,mein,mein,DET,nk,20666,Weib
20666,Weib,Weib,NOUN,oa,20667,geboren
20667,geboren,gebären,VERB,rc,20661,Töchterlein
20668,",",--,PUNCT,punct,20667,geboren
20669,auf,auf,ADP,mo,20657,war
20670,solche,solcher,PRON,nk,20669,auf
20671,verruchte,verrucht,VERB,nk,20672,Weise
20672,Weise,Weise,NOUN,oa,20675,opfern
20673,höheren,hoch,ADJ,nk,20674,Zwecken
20674,Zwecken,Zweck,NOUN,oa,20675,opfern
20675,opfern,opfern,VERB,oc,20677,können
20676,zu,zu,PART,pm,20677,können
20677,können,können,AUX,ROOT,20677,können
20678,.,--,PUNCT,punct,20677,können
20679,Noch,noch,ADV,mo,20680,kann
20680,kann,können,AUX,ROOT,20680,kann
20681,ich,ich,PRON,sb,20680,kann
20682,nicht,nicht,PART,ng,20680,kann
20683,begreifen,begreifen,VERB,ROOT,20683,begreifen
20684,",",--,PUNCT,punct,20683,begreifen
20685,auf,auf,ADP,mo,20693,ahnte
20686,welche,welcher,DET,nk,20687,Weise
20687,Weise,Weise,NOUN,nk,20685,auf
20688,mein,mein,DET,nk,20689,Weib
20689,Weib,Weib,NOUN,sb,20693,ahnte
20690,die,der,DET,nk,20692,Absicht
20691,böse,böse,ADJ,nk,20692,Absicht
20692,Absicht,Absicht,NOUN,oa,20693,ahnte
20693,ahnte,ahnen,VERB,oc,20683,begreifen
20694,;,--,PUNCT,punct,20683,begreifen
20695,aber,aber,CCONJ,ju,20697,war
20696,sie,sie,PRON,sb,20697,war
20697,war,sein,AUX,ROOT,20697,war
20698,vor,vor,ADP,svp,20697,war
20699,Ablauf,Ablauf,NOUN,mo,20703,verschwunden
20700,der,der,DET,nk,20702,Woche
20701,neunten,neunt,ADJ,nk,20702,Woche
20702,Woche,Woche,NOUN,ag,20699,Ablauf
20703,verschwunden,verschwinden,VERB,oc,20709,erfuhr
20704,und,und,CCONJ,cd,20703,verschwunden
20705,erst,erst,ADV,mo,20706,nach
20706,nach,nach,ADP,cj,20704,und
20707,mehrern,mehrern,ADJ,nk,20708,Jahren
20708,Jahren,Jahr,NOUN,nk,20706,nach
20709,erfuhr,erfahren,VERB,ROOT,20709,erfuhr
20710,ich,ich,PRON,sb,20709,erfuhr
20711,",",--,PUNCT,punct,20709,erfuhr
20712,daß,daß,SCONJ,cp,20717,sei
20713,sie,sie,PRON,sb,20717,sei
20714,in,in,ADP,mo,20716,gestorben
20715,Neapel,Neapel,PROPN,nk,20714,in
20716,gestorben,sterben,VERB,oc,20717,sei
20717,sei,sein,AUX,ROOT,20717,sei
20718,und,und,CCONJ,cd,20717,sei
20719,ihre,ihr,DET,nk,20720,Tochter
20720,Tochter,Tochter,NOUN,cj,20718,und
20721,Giorgina,Giorgina,PROPN,nk,20720,Tochter
20722,bei,bei,ADP,mo,20717,sei
20723,einem,ein,DET,nk,20724,grämlichen
20724,grämlichen,grämlich,ADJ,nk,20722,bei
20725,geizhalsigen,geizhalsig,ADJ,nk,20726,Gastwirt
20726,Gastwirt,Gastwirt,NOUN,da,20727,erzogen
20727,erzogen,erziehen,VERB,oc,20728,würde
20728,würde,werden,AUX,ROOT,20728,würde
20729,.,--,PUNCT,punct,20728,würde
20730,Ebenso,ebenso,ADV,mo,20731,wurde
20731,wurde,werden,AUX,ROOT,20731,wurde
20732,mir,mir,PRON,da,20731,wurde
20733,ihre,ihr,DET,nk,20734,Verheiratung
20734,Verheiratung,Verheiratung,NOUN,sb,20731,wurde
20735,mit,mit,ADP,op,20734,Verheiratung
20736,dir,dir,PRON,nk,20735,mit
20737,und,und,CCONJ,ROOT,20737,und
20738,dein,dein,DET,nk,20739,Aufenthalt
20739,Aufenthalt,Aufenthalt,NOUN,cj,20737,und
20740,bekannt,bekannt,ADV,pd,20739,Aufenthalt
20741,.,--,PUNCT,punct,20737,und
20742,Nun,nun,ADV,mo,20743,kannst
20743,kannst,kannstn,VERB,ROOT,20743,kannst
20744,du,du,PRON,sb,20743,kannst
20745,dir,dir,PRON,oa,20743,kannst
20746,erklären,erklären,VERB,oc,20743,kannst
20747,",",--,PUNCT,punct,20746,erklären
20748,Andres,Andres,NOUN,dep,20743,kannst
20749,",",--,PUNCT,punct,20748,Andres
20750,warum,warum,SCONJ,mo,20743,kannst
20751,ich,ich,PRON,sb,20743,kannst
20752,deinem,dein,DET,nk,20753,Weibe
20753,Weibe,Weibe,NOUN,da,20754,gewogen
20754,gewogen,gewogen,VERB,oc,20755,war
20755,war,sein,AUX,ROOT,20755,war
20756,und,und,CCONJ,cd,20755,war
20757,warum,warum,ADV,mo,20761,erfüllt
20758,ich,ich,PRON,sb,20761,erfüllt
20759,",",--,PUNCT,punct,20761,erfüllt
20760,ganz,ganz,ADV,mo,20761,erfüllt
20761,erfüllt,erfüllen,VERB,cj,20756,und
20762,von,von,ADP,sbp,20761,erfüllt
20763,meinen,mein,DET,nk,20764,verruchten
20764,verruchten,verrucht,ADJ,nk,20762,von
20765,Teufelskünsten,Teufelskünste,NOUN,ROOT,20765,Teufelskünsten
20766,",",--,PUNCT,punct,20765,Teufelskünsten
20767,deinen,dein,DET,nk,20768,Kindern
20768,Kindern,Kind,NOUN,da,20770,nachstellte
20769,so,so,ADV,mo,20770,nachstellte
20770,nachstellte,nachstellten,VERB,rc,20765,Teufelskünsten
20771,.,--,PUNCT,punct,20765,Teufelskünsten
20772,-,--,PUNCT,punct,20774,dir
20773,Aber,aber,CCONJ,ju,20774,dir
20774,dir,dir,PRON,ROOT,20774,dir
20775,",",--,PUNCT,punct,20774,dir
20776,Andres,Andres,NOUN,cj,20774,dir
20777,",",--,PUNCT,punct,20774,dir
20778,dir,dir,PRON,cj,20776,Andres
20779,allein,allein,ADV,mo,20774,dir
20780,und,und,CCONJ,ju,20787,verdanke
20781,deiner,dein,DET,nk,20783,Rettung
20782,wunderbaren,wunderbar,ADJ,nk,20783,Rettung
20783,Rettung,Rettung,NOUN,cj,20780,und
20784,durch,durch,ADP,mnr,20783,Rettung
20785,Gottes,Gott,NOUN,ag,20786,Allmacht
20786,Allmacht,Allmacht,NOUN,nk,20784,durch
20787,verdanke,verdanken,VERB,ROOT,20787,verdanke
20788,ich,ich,PRON,sb,20787,verdanke
20789,meine,mein,DET,nk,20790,tiefe
20790,tiefe,tief,ADJ,oa,20787,verdanke
20791,Reue,Reue,NOUN,ROOT,20791,Reue
20792,",",--,PUNCT,punct,20791,Reue
20793,meine,mein,DET,nk,20795,Zerknirschung
20794,innere,innerer,ADJ,nk,20795,Zerknirschung
20795,Zerknirschung,Zerknirschung,NOUN,cj,20791,Reue
20796,.,--,PUNCT,punct,20791,Reue
20797,Übrigens,übrigens,ADV,mo,20798,ist
20798,ist,sein,AUX,ROOT,20798,ist
20799,das,der,DET,nk,20800,Kistchen
20800,Kistchen,Kistchen,NOUN,sb,20798,ist
20801,mit,mit,ADP,mnr,20800,Kistchen
20802,Kleinodien,Kleinodie,NOUN,nk,20801,mit
20803,",",--,PUNCT,punct,20802,Kleinodien
20804,das,der,PRON,pd,20798,ist
20805,ich,ich,PRON,sb,20808,gab
20806,deinem,dein,DET,nk,20807,Weibe
20807,Weibe,Weibe,NOUN,da,20808,gab
20808,gab,geben,VERB,mo,20810,dasjenige
20809,",",--,PUNCT,punct,20810,dasjenige
20810,dasjenige,dasjenig,ADJ,ROOT,20810,dasjenige
20811,",",--,PUNCT,punct,20810,dasjenige
20812,welches,welcher,PRON,oc,20810,dasjenige
20813,ich,ich,PRON,sb,20810,dasjenige
20814,auf,auf,ADP,mo,20810,dasjenige
20815,des,der,DET,nk,20816,Vaters
20816,Vaters,Vater,NOUN,nk,20814,auf
20817,Geheiß,Geheiß,NOUN,nk,20816,Vaters
20818,aus,aus,ADP,ac,20814,auf
20819,den,der,DET,nk,20818,aus
20820,Flammen,Flamme,NOUN,sb,20821,rettete
20821,rettete,retten,VERB,ROOT,20821,rettete
20822,",",--,PUNCT,punct,20821,rettete
20823,du,du,PRON,sb,20824,kannst
20824,kannst,kannstn,VERB,oc,20821,rettete
20825,es,es,PRON,oa,20824,kannst
20826,getrost,getrost,ADV,mo,20827,aufbewahren
20827,aufbewahren,aufbewahren,VERB,oc,20824,kannst
20828,für,für,ADP,mo,20827,aufbewahren
20829,deinen,dein,DET,nk,20830,Knaben
20830,Knaben,Knabe,NOUN,nk,20828,für
20831,.,--,PUNCT,punct,20821,rettete
20832,«,--,PUNCT,punct,20821,rettete
20833,-,--,PUNCT,punct,20835,Das
20834,»,--,PUNCT,punct,20835,Das
20835,Das,der,PRON,ROOT,20835,Das
20836,Kistchen,Kistchen,NOUN,sb,20839,fiel
20837,«,--,PUNCT,punct,20839,fiel
20838,",",--,PUNCT,punct,20839,fiel
20839,fiel,fallen,VERB,ROOT,20839,fiel
20840,Andres,Andr,NOUN,sb,20839,fiel
20841,ein,ein,ADV,svp,20839,fiel
20842,",",--,PUNCT,punct,20839,fiel
20843,»,--,PUNCT,punct,20844,hat
20844,hat,haben,AUX,oc,20839,fiel
20845,Euch,euch,PRON,oa,20848,wiedergegeben
20846,ja,ja,ADV,mo,20848,wiedergegeben
20847,Giorgina,Giorgina,PROPN,sb,20848,wiedergegeben
20848,wiedergegeben,wiedergeben,VERB,oc,20844,hat
20849,an,an,ADP,mo,20848,wiedergegeben
20850,jenem,jener,DET,nk,20849,an
20851,schrecklichen,schrecklich,ADJ,nk,20852,Tag
20852,Tag,Tag,NOUN,ROOT,20852,Tag
20853,",",--,PUNCT,punct,20859,verübtet
20854,da,da,SCONJ,cp,20859,verübtet
20855,Ihr,ihr,PRON,sb,20859,verübtet
20856,den,der,DET,nk,20858,Mord
20857,gräßlichen,gräßlich,ADJ,nk,20858,Mord
20858,Mord,Mord,NOUN,oa,20859,verübtet
20859,verübtet,verübten,VERB,oc,20852,Tag
20860,?,--,PUNCT,punct,20852,Tag
20861,«,--,PUNCT,ROOT,20861,«
20862,»,--,PUNCT,punct,20863,Allerdings
20863,Allerdings,allerdings,ADV,mo,20866,erwiderte
20864,«,--,PUNCT,punct,20863,Allerdings
20865,",",--,PUNCT,punct,20866,erwiderte
20866,erwiderte,erwidern,VERB,ROOT,20866,erwiderte
20867,Trabacchio,Trabacchio,NOUN,sb,20866,erwiderte
20868,;,--,PUNCT,punct,20866,erwiderte
20869,»,--,PUNCT,punct,20875,wußte
20870,allein,allein,ADV,mo,20875,wußte
20871,ohne,ohne,ADP,cm,20875,wußte
20872,daß,daß,SCONJ,cp,20875,wußte
20873,es,es,PRON,oa,20875,wußte
20874,Giorgina,Giorgina,PROPN,oa,20875,wußte
20875,wußte,wissen,VERB,mo,20877,kam
20876,",",--,PUNCT,punct,20877,kam
20877,kam,kommen,VERB,ROOT,20877,kam
20878,es,es,PRON,ep,20877,kam
20879,wieder,wieder,ADV,mo,20880,in
20880,in,in,ADP,ROOT,20880,in
20881,Euern,Euer,NOUN,nk,20880,in
20882,Besitz,Besitz,NOUN,ROOT,20882,Besitz
20883,.,--,PUNCT,punct,20882,Besitz
20884,Seht,Seht,VERB,ROOT,20884,Seht
20885,nur,nur,ADV,mo,20886,nach
20886,nach,nach,ADP,mo,20884,Seht
20887,in,in,ADP,mo,20884,Seht
20888,der,der,DET,nk,20891,Truhe
20889,großen,groß,ADJ,nk,20891,Truhe
20890,schwarzen,schwarz,ADJ,nk,20891,Truhe
20891,Truhe,Truh,NOUN,nk,20887,in
20892,",",--,PUNCT,punct,20891,Truhe
20893,die,der,PRON,sb,20894,in
20894,in,in,ADP,rc,20891,Truhe
20895,Euerm,Euer,ADP,nk,20896,Hausflur
20896,Hausflur,Hausflur,NOUN,sb,20897,steht
20897,steht,stehen,VERB,oc,20900,werdet
20898,",",--,PUNCT,punct,20899,da
20899,da,da,ADV,mo,20900,werdet
20900,werdet,werden,VERB,ROOT,20900,werdet
20901,Ihr,ihr,PRON,sb,20900,werdet
20902,das,der,DET,nk,20903,Kistchen
20903,Kistchen,Kistchen,NOUN,sb,20900,werdet
20904,auf,auf,ADP,mo,20907,finden
20905,dem,der,DET,nk,20906,Boden
20906,Boden,Boden,NOUN,nk,20904,auf
20907,finden,finden,VERB,oc,20900,werdet
20908,.,--,PUNCT,punct,20900,werdet
20909,«,--,PUNCT,punct,20900,werdet
20910,Andres,Andres,NOUN,ROOT,20910,Andres
20911,suchte,suchen,VERB,ROOT,20911,suchte
20912,in,in,ADP,mo,20911,suchte
20913,der,der,DET,nk,20914,Truhe
20914,Truhe,Truhe,NOUN,nk,20912,in
20915,und,und,CCONJ,cd,20911,suchte
20916,fand,finden,VERB,cj,20915,und
20917,das,der,DET,nk,20918,Kistchen
20918,Kistchen,Kistchen,NOUN,oa,20916,fand
20919,wirklich,wirklich,ADV,mo,20916,fand
20920,ganz,ganz,ADV,mo,20921,in
20921,in,in,ADP,mo,20916,fand
20922,dem,der,DET,nk,20923,Zustande
20923,Zustande,Zustande,NOUN,nk,20921,in
20924,wieder,wieder,ADV,mo,20916,fand
20925,",",--,PUNCT,punct,20916,fand
20926,wie,wie,SCONJ,mo,20936,erhalten
20927,er,er,PRON,sb,20936,erhalten
20928,es,es,PRON,oa,20936,erhalten
20929,damals,damals,ADV,mo,20936,erhalten
20930,zum,zu,ADP,mo,20936,erhalten
20931,erstenmal,erstenmal,ADV,nk,20930,zum
20932,von,von,ADP,mo,20936,erhalten
20933,Trabacchio,Trabacchio,PROPN,nk,20932,von
20934,in,in,ADP,mo,20936,erhalten
20935,Verwahrung,Verwahrung,NOUN,nk,20934,in
20936,erhalten,erhalten,VERB,ROOT,20936,erhalten
20937,.,--,PUNCT,punct,20936,erhalten
20938,Andres,Andres,NOUN,sb,20939,fühlte
20939,fühlte,fühlen,VERB,ROOT,20939,fühlte
20940,in,in,ADP,mo,20939,fühlte
20941,sich,sich,PRON,nk,20940,in
20942,unheimlichen,unheimlich,ADJ,nk,20943,Unmut
20943,Unmut,Unmut,NOUN,nk,20940,in
20944,",",--,PUNCT,punct,20939,fühlte
20945,ja,ja,ADV,mo,20947,konnte
20946,er,er,PRON,sb,20947,konnte
20947,konnte,können,AUX,cj,20939,fühlte
20948,sich,sich,PRON,oa,20947,konnte
20949,des,der,DET,nk,20950,Wunsches
20950,Wunsches,Wunsch,NOUN,oa,20947,konnte
20951,nicht,nicht,PART,ng,20947,konnte
20952,erwehren,erwehren,VERB,ROOT,20952,erwehren
20953,",",--,PUNCT,punct,20952,erwehren
20954,daß,daß,SCONJ,cp,20959,möge
20955,Trabacchio,Trabacchio,NOUN,sb,20959,möge
20956,tot,tot,ADV,pd,20957,gewesen
20957,gewesen,sein,AUX,oc,20958,sein
20958,sein,sein,AUX,oc,20959,möge
20959,möge,mögen,AUX,oc,20952,erwehren
20960,",",--,PUNCT,punct,20959,möge
20961,als,als,SCONJ,cp,20966,fand
20962,er,er,PRON,sb,20966,fand
20963,ihn,ihn,PRON,oa,20966,fand
20964,im,in,ADP,mo,20966,fand
20965,Graben,Graben,NOUN,nk,20964,im
20966,fand,finden,VERB,mo,20959,möge
20967,.,--,PUNCT,punct,20952,erwehren
20968,Freilich,freilich,ADV,mo,20969,schien
20969,schien,scheinen,VERB,ROOT,20969,schien
20970,Trabacchios,Trabacchio,PROPN,sb,20969,schien
20971,Reue,Reue,NOUN,pd,20976,sein
20972,und,und,CCONJ,cd,20971,Reue
20973,Buße,Buße,NOUN,cj,20972,und
20974,wahrhaft,wahrhaft,ADV,mo,20976,sein
20975,zu,zu,PART,pm,20976,sein
20976,sein,sein,AUX,oc,20969,schien
20977,;,--,PUNCT,punct,20969,schien
20978,denn,denn,CCONJ,ROOT,20978,denn
20979,ohne,ohne,ADP,cj,20978,denn
20980,seine,sein,DET,mo,20978,denn
20981,Klause,Klause,NOUN,oa,20983,verlassen
20982,zu,zu,PART,pm,20983,verlassen
20983,verlassen,verlassen,VERB,mo,20985,brachte
20984,",",--,PUNCT,punct,20985,brachte
20985,brachte,bringen,VERB,ROOT,20985,brachte
20986,er,er,PRON,sb,20985,brachte
20987,seine,sein,DET,nk,20988,Zeit
20988,Zeit,Zeit,NOUN,oa,20985,brachte
20989,nur,nur,ADV,mo,20990,damit
20990,damit,damit,ADV,mo,20985,brachte
20991,hin,hin,ADV,svp,20985,brachte
20992,",",--,PUNCT,punct,20985,brachte
20993,in,in,ADP,mo,20985,brachte
20994,andächtigen,Andächtige,NOUN,nk,20993,in
20995,Büchern,Buch,NOUN,oa,20997,lesen
20996,zu,zu,PART,pm,20997,lesen
20997,lesen,lesen,VERB,ROOT,20997,lesen
20998,und,und,CCONJ,cd,20997,lesen
20999,seine,sein,DET,nk,21001,Ergötzlichkeit
21000,einzige,einzig,ADJ,nk,21001,Ergötzlichkeit
21001,Ergötzlichkeit,Ergötzlichkeit,NOUN,pd,21002,war
21002,war,sein,AUX,cj,20998,und
21003,die,der,DET,nk,21004,Unterhaltung
21004,Unterhaltung,Unterhaltung,NOUN,sb,21002,war
21005,mit,mit,ADP,mnr,21004,Unterhaltung
21006,dem,der,DET,nk,21005,mit
21007,kleinen,klein,ADJ,nk,21008,Georg
21008,Georg,Georg,PROPN,ROOT,21008,Georg
21009,",",--,PUNCT,punct,21008,Georg
21010,den,der,PRON,oa,21015,lieben
21011,er,er,PRON,sb,21016,schien
21012,über,über,ADP,op,21015,lieben
21013,alles,alle,PRON,nk,21012,über
21014,zu,zu,PART,pm,21015,lieben
21015,lieben,lieben,VERB,oc,21016,schien
21016,schien,scheinen,VERB,rc,21008,Georg
21017,.,--,PUNCT,punct,21008,Georg
21018,Andres,Andres,NOUN,sb,21019,beschloß
21019,beschloß,beschließen,VERB,ROOT,21019,beschloß
21020,indessen,indessen,ADV,mo,21019,beschloß
21021,doch,doch,CCONJ,mo,21026,sein
21022,auf,auf,ADP,mo,21026,sein
21023,seiner,sein,DET,nk,21024,Hut
21024,Hut,Hut,NOUN,nk,21022,auf
21025,zu,zu,PART,pm,21026,sein
21026,sein,sein,AUX,ROOT,21026,sein
21027,und,und,CCONJ,cd,21026,sein
21028,eröffnete,eröffnen,VERB,cj,21027,und
21029,bei,bei,ADP,mo,21028,eröffnete
21030,erster,erster,ADJ,nk,21031,Gelegenheit
21031,Gelegenheit,Gelegenheit,NOUN,nk,21029,bei
21032,das,der,DET,nk,21033,ganze
21033,ganze,ganz,ADJ,oa,21028,eröffnete
21034,Geheimnis,Geheimnis,NOUN,ROOT,21034,Geheimnis
21035,dem,der,DET,nk,21036,Grafen
21036,Grafen,Grafen,NOUN,da,21034,Geheimnis
21037,von,von,ADP,pg,21036,Grafen
21038,Vach,Vach,PROPN,nk,21037,von
21039,",",--,PUNCT,punct,21038,Vach
21040,der,der,PRON,sb,21047,nicht
21041,über,über,ADP,mo,21047,nicht
21042,das,der,DET,nk,21044,Spiel
21043,seltene,selten,ADJ,nk,21044,Spiel
21044,Spiel,Spiel,NOUN,nk,21041,über
21045,des,der,DET,nk,21046,Schicksals
21046,Schicksals,Schicksal,NOUN,ag,21044,Spiel
21047,nicht,nicht,PART,ng,21034,Geheimnis
21048,wenig,wenig,ADV,mo,21049,verwundert
21049,verwundert,verwundern,VERB,pd,21050,war
21050,war,sein,AUX,ROOT,21050,war
21051,.,--,PUNCT,punct,21050,war
21052,So,so,ADV,mo,21053,vergingen
21053,vergingen,vergingen,VERB,ROOT,21053,vergingen
21054,einige,einiger,DET,nk,21055,Monate
21055,Monate,Monat,NOUN,sb,21053,vergingen
21056,",",--,PUNCT,punct,21055,Monate
21057,der,der,PRON,nk,21058,Spätherbst
21058,Spätherbst,Spätherbst,NOUN,pd,21059,war
21059,war,sein,AUX,rc,21055,Monate
21060,eingetreten,eintreten,VERB,ROOT,21060,eingetreten
21061,und,und,CCONJ,cd,21060,eingetreten
21062,Andres,Andr,NOUN,cj,21061,und
21063,mehr,mehr,ADV,mo,21062,Andres
21064,auf,auf,ADP,mo,21060,eingetreten
21065,der,der,DET,nk,21066,Jagd
21066,Jagd,Jagd,NOUN,nk,21064,auf
21067,",",--,PUNCT,punct,21060,eingetreten
21068,als,als,SCONJ,cm,21069,sonst
21069,sonst,sonst,ADV,mo,21060,eingetreten
21070,.,--,PUNCT,punct,21060,eingetreten
21071,Der,der,DET,nk,21072,Kleine
21072,Kleine,Kleine,NOUN,sb,21073,blieb
21073,blieb,bleiben,VERB,ROOT,21073,blieb
21074,gewöhnlich,gewöhnlich,ADV,mo,21075,bei
21075,bei,bei,ADP,ROOT,21075,bei
21076,dem,der,DET,nk,21077,Großvater
21077,Großvater,Großvater,NOUN,nk,21075,bei
21078,und,und,CCONJ,cd,21077,Großvater
21079,einem,ein,DET,nk,21081,Jäger
21080,alten,alt,ADJ,nk,21081,Jäger
21081,Jäger,Jäger,NOUN,cj,21078,und
21082,",",--,PUNCT,punct,21081,Jäger
21083,der,der,PRON,sb,21087,wußte
21084,um,um,ADP,op,21087,wußte
21085,das,der,DET,nk,21086,Geheimnis
21086,Geheimnis,Geheimnis,NOUN,nk,21084,um
21087,wußte,wissen,VERB,rc,21081,Jäger
21088,.,--,PUNCT,punct,21075,bei
21089,Eines,ein,DET,nk,21090,Abends
21090,Abends,Abend,NOUN,dep,21091,war
21091,war,sein,AUX,ROOT,21091,war
21092,Andres,Andres,NOUN,sb,21091,war
21093,von,von,ADP,mo,21096,zurückgekehrt
21094,der,der,DET,nk,21095,Jagd
21095,Jagd,Jagd,NOUN,nk,21093,von
21096,zurückgekehrt,zurückkehren,VERB,oc,21091,war
21097,",",--,PUNCT,punct,21096,zurückgekehrt
21098,als,als,SCONJ,cm,21101,Jäger
21099,der,der,DET,nk,21101,Jäger
21100,alte,alt,ADJ,nk,21101,Jäger
21101,Jäger,Jäger,NOUN,dep,21091,war
21102,hineintrat,Hineintrat,X,sb,21108,anfing
21103,und,und,CCONJ,cd,21102,hineintrat
21104,nach,nach,ADP,mo,21108,anfing
21105,seiner,sein,DET,nk,21107,Weise
21106,treuherzigen,treuherzig,ADJ,nk,21107,Weise
21107,Weise,Weise,NOUN,nk,21104,nach
21108,anfing,anfing,VERB,ROOT,21108,anfing
21109,:,--,PUNCT,punct,21108,anfing
21110,»,--,PUNCT,punct,21114,habt
21111,Herr,Herr,NOUN,vo,21114,habt
21112,",",--,PUNCT,punct,21114,habt
21113,Ihr,ihr,PRON,sb,21114,habt
21114,habt,haben,AUX,oc,21108,anfing
21115,einen,ein,DET,oa,21108,anfing
21116,bösen,böse,ADJ,nk,21117,Kumpan
21117,Kumpan,Kumpan,NOUN,ROOT,21117,Kumpan
21118,im,in,ADP,mnr,21117,Kumpan
21119,Hause,Haus,NOUN,nk,21118,im
21120,.,--,PUNCT,punct,21117,Kumpan
21121,Zu,zu,ADP,mo,21123,kommt
21122,dem,der,PRON,nk,21121,Zu
21123,kommt,kommen,VERB,ROOT,21123,kommt
21124,der,der,DET,nk,21125,Gottseibeiuns
21125,Gottseibeiuns,Gottseibeiuns,NOUN,sb,21123,kommt
21126,!,--,PUNCT,punct,21123,kommt
21127,durchs,durch,ADP,mo,21123,kommt
21128,Fenster,Fenster,NOUN,nk,21127,durchs
21129,und,und,CCONJ,cd,21123,kommt
21130,geht,gehen,VERB,cj,21129,und
21131,wieder,wieder,ADV,mo,21132,ab
21132,ab,ab,ADP,ROOT,21132,ab
21133,in,in,ADP,mo,21132,ab
21134,Rauch,Rauch,NOUN,nk,21133,in
21135,und,und,CCONJ,cd,21134,Rauch
21136,Dampf,Dampf,NOUN,cj,21135,und
21137,.,--,PUNCT,punct,21132,ab
21138,«,--,PUNCT,punct,21141,wurde
21139,Dem,der,DET,nk,21140,Andres
21140,Andres,Andr,NOUN,da,21141,wurde
21141,wurde,werden,AUX,ROOT,21141,wurde
21142,es,es,PRON,ep,21141,wurde
21143,bei,bei,ADP,mo,21141,wurde
21144,dieser,dieser,DET,nk,21145,Rede
21145,Rede,Rede,NOUN,nk,21143,bei
21146,zumut,zumut,ADV,pd,21141,wurde
21147,",",--,PUNCT,punct,21146,zumut
21148,als,als,ADP,mo,21141,wurde
21149,hätt,hätt,VERB,ROOT,21149,hätt
21150,ihn,ihn,PRON,oa,21153,getroffen
21151,ein,ein,DET,nk,21152,Blitzstrahl
21152,Blitzstrahl,Blitzstrahl,NOUN,sb,21149,hätt
21153,getroffen,treffen,VERB,oc,21149,hätt
21154,.,--,PUNCT,punct,21149,hätt
21155,Er,er,PRON,sb,21156,wußte
21156,wußte,wissen,VERB,ROOT,21156,wußte
21157,nur,nur,ADV,mo,21159,genau
21158,zu,zu,PART,mo,21159,genau
21159,genau,genau,ADV,mo,21156,wußte
21160,",",--,PUNCT,punct,21156,wußte
21161,was,was,PRON,oa,21164,bedeuten
21162,das,der,PRON,oa,21164,bedeuten
21163,zu,zu,PART,pm,21164,bedeuten
21164,bedeuten,bedeuten,VERB,oc,21156,wußte
21165,hatte,haben,AUX,ROOT,21165,hatte
21166,;,--,PUNCT,punct,21165,hatte
21167,als,als,SCONJ,cp,21173,erzählte
21168,ihm,ihm,PRON,da,21173,erzählte
21169,der,der,DET,nk,21171,Jäger
21170,alte,alt,ADJ,nk,21171,Jäger
21171,Jäger,Jäger,NOUN,sb,21173,erzählte
21172,weiter,weiter,ADV,mo,21173,erzählte
21173,erzählte,erzählen,VERB,ROOT,21173,erzählte
21174,",",--,PUNCT,punct,21173,erzählte
21175,wie,wie,SCONJ,mo,21179,Tage
21176,er,er,PRON,mo,21175,wie
21177,schon,schon,ADV,mo,21179,Tage
21178,mehrere,mehrere,DET,nk,21179,Tage
21179,Tage,Tag,NOUN,mo,21173,erzählte
21180,hintereinander,hintereinander,ADV,mo,21181,in
21181,in,in,ADP,ROOT,21181,in
21182,später,spät,ADJ,nk,21183,Abenddämmerung
21183,Abenddämmerung,Abenddämmerung,NOUN,nk,21181,in
21184,in,in,ADP,mo,21181,in
21185,Trabacchios,Trabacchio,NOUN,ag,21186,Zimmer
21186,Zimmer,Zimmer,NOUN,nk,21184,in
21187,seltsame,seltsam,ADJ,nk,21188,Stimmen
21188,Stimmen,Stimme,NOUN,oa,21181,in
21189,gehört,gehören,VERB,ROOT,21189,gehört
21190,",",--,PUNCT,punct,21189,gehört
21191,die,der,PRON,sb,21196,geplappert
21192,wie,wie,ADP,cm,21193,im
21193,im,in,ADP,mo,21196,geplappert
21194,Zank,Zank,NOUN,nk,21193,im
21195,durcheinander,durcheinander,ADV,mo,21196,geplappert
21196,geplappert,geplapperen,VERB,rc,21201,zweitenmal
21197,",",--,PUNCT,punct,21189,gehört
21198,und,und,CCONJ,cd,21189,gehört
21199,heute,heute,ADV,mo,21202,habe
21200,zum,zu,ADP,mo,21202,habe
21201,zweitenmal,zweitenmal,ADV,nk,21200,zum
21202,habe,haben,AUX,cj,21198,und
21203,es,es,PRON,ROOT,21203,es
21204,ihm,ihm,PRON,ROOT,21204,ihm
21205,",",--,PUNCT,punct,21204,ihm
21206,indem,indem,SCONJ,cp,21211,geöffnet
21207,er,er,PRON,sb,21211,geöffnet
21208,Trabacchios,Trabacchio,NOUN,oa,21211,geöffnet
21209,Türe,Türe,NOUN,mo,21211,geöffnet
21210,schnell,schnell,ADV,mo,21211,geöffnet
21211,geöffnet,öffnen,VERB,mo,21204,ihm
21212,",",--,PUNCT,punct,21211,geöffnet
21213,geschienen,geschienen,VERB,cj,21211,geöffnet
21214,",",--,PUNCT,punct,21211,geöffnet
21215,als,als,ADP,ROOT,21215,als
21216,rausche,rausch,ADJ,nk,21215,als
21217,eine,ein,DET,nk,21218,Gestalt
21218,Gestalt,Gestalt,NOUN,ROOT,21218,Gestalt
21219,im,in,ADP,mnr,21218,Gestalt
21220,roten,rot,ADJ,nk,21222,Mantel
21221,goldverbrämten,goldverbrämt,ADJ,nk,21222,Mantel
21222,Mantel,Mantel,NOUN,nk,21219,im
21223,zum,zu,ADP,mnr,21218,Gestalt
21224,Fenster,Fenster,NOUN,nk,21223,zum
21225,hinaus,hinaus,ADP,svp,21218,Gestalt
21226,.,--,PUNCT,punct,21218,Gestalt
21227,In,in,ADP,ROOT,21227,In
21228,vollem,voll,ADJ,nk,21229,Zorn
21229,Zorn,Zorn,NOUN,nk,21227,In
21230,eilte,eilt,ADJ,nk,21231,Andres
21231,Andres,Andre,NOUN,sb,21236,hielt
21232,herauf,herauf,ADV,mnr,21231,Andres
21233,zum,zu,ADP,mnr,21231,Andres
21234,Trabacchio,Trabacchio,NOUN,nk,21233,zum
21235,",",--,PUNCT,punct,21236,hielt
21236,hielt,halten,VERB,ROOT,21236,hielt
21237,ihm,ihm,PRON,da,21236,hielt
21238,vor,vor,ADP,svp,21236,hielt
21239,",",--,PUNCT,punct,21236,hielt
21240,was,wer,PRON,oa,21243,ausgesagt
21241,sein,sein,DET,nk,21242,Jäger
21242,Jäger,Jäger,NOUN,oa,21243,ausgesagt
21243,ausgesagt,aussagen,VERB,oc,21236,hielt
21244,und,und,CCONJ,cd,21243,ausgesagt
21245,kündigte,kündigen,VERB,ROOT,21245,kündigte
21246,ihm,ihm,PRON,da,21245,kündigte
21247,an,an,ADP,svp,21245,kündigte
21248,",",--,PUNCT,punct,21245,kündigte
21249,daß,daß,SCONJ,cp,21254,müsse
21250,er,er,PRON,sb,21254,müsse
21251,sich's,sich's,ADV,oa,21252,gefallen
21252,gefallen,gefallen,VERB,oc,21253,lassen
21253,lassen,lassen,VERB,oc,21254,müsse
21254,müsse,müssen,AUX,oc,21245,kündigte
21255,",",--,PUNCT,punct,21254,müsse
21256,ins,in,ADP,mo,21245,kündigte
21257,Schloßgefängnis,Schloßgefängnis,NOUN,nk,21256,ins
21258,gesperrt,sperren,VERB,oc,21260,werden
21259,zu,zu,PART,pm,21260,werden
21260,werden,werden,AUX,ROOT,21260,werden
21261,",",--,PUNCT,punct,21260,werden
21262,wenn,wenn,SCONJ,cp,21268,entsage
21263,er,er,PRON,sb,21268,entsage
21264,nicht,nicht,PART,ng,21268,entsage
21265,allen,aller,DET,nk,21267,Tritten
21266,bösen,böse,ADJ,nk,21267,Tritten
21267,Tritten,Tritt,NOUN,da,21268,entsage
21268,entsage,entsagen,VERB,mo,21258,gesperrt
21269,.,--,PUNCT,punct,21260,werden
21270,Trabacchio,Trabacchio,PROPN,sb,21271,blieb
21271,blieb,bleiben,VERB,ROOT,21271,blieb
21272,ruhig,ruhig,ADV,pd,21289,ist
21273,",",--,PUNCT,punct,21272,ruhig
21274,und,und,CCONJ,cd,21272,ruhig
21275,erwiderte,erwidern,VERB,cj,21274,und
21276,im,in,ADP,mo,21275,erwiderte
21277,wehmütigen,wehmütig,ADJ,nk,21278,Ton
21278,Ton,Ton,NOUN,nk,21276,im
21279,:,--,PUNCT,punct,21275,erwiderte
21280,»,--,PUNCT,punct,21281,Ach
21281,Ach,ach,INTJ,sb,21289,ist
21282,",",--,PUNCT,punct,21281,Ach
21283,lieber,lieb,ADV,mo,21284,Andres
21284,Andres,Andr,NOUN,cj,21281,Ach
21285,!,--,PUNCT,punct,21281,Ach
21286,nur,nur,ADV,mo,21288,wahr
21287,zu,zu,PART,pm,21288,wahr
21288,wahr,wahr,ADV,pd,21289,ist
21289,ist,sein,AUX,ROOT,21289,ist
21290,es,es,PRON,ROOT,21290,es
21291,",",--,PUNCT,punct,21290,es
21292,daß,daß,SCONJ,cp,21294,Vater
21293,mein,mein,DET,nk,21294,Vater
21294,Vater,Vater,NOUN,re,21290,es
21295,",",--,PUNCT,punct,21294,Vater
21296,dessen,der,DET,ag,21297,Stündlein
21297,Stündlein,Stündlein,NOUN,sb,21301,gekommen
21298,noch,noch,ADV,mo,21300,nicht
21299,immer,immer,ADV,mo,21300,nicht
21300,nicht,nicht,PART,ng,21301,gekommen
21301,gekommen,kommen,VERB,rc,21294,Vater
21302,",",--,PUNCT,punct,21294,Vater
21303,mich,sich,PRON,oa,21304,auf
21304,auf,auf,ADP,par,21294,Vater
21305,unerhörte,unerhört,ADJ,nk,21306,Weise
21306,Weise,Weise,NOUN,ROOT,21306,Weise
21307,peinigt,peinigen,VERB,oc,21306,Weise
21308,und,und,CCONJ,cd,21307,peinigt
21309,quält,qualten,VERB,cj,21308,und
21310,.,--,PUNCT,punct,21306,Weise
21311,Er,er,PRON,sb,21312,will
21312,will,wollen,AUX,ROOT,21312,will
21313,",",--,PUNCT,punct,21312,will
21314,daß,daß,SCONJ,cp,21319,zuwende
21315,ich,ich,PRON,sb,21319,zuwende
21316,mich,sich,PRON,oa,21319,zuwende
21317,ihm,ihm,PRON,da,21319,zuwende
21318,wieder,wieder,ADV,mo,21319,zuwende
21319,zuwende,zuwende,VERB,oc,21312,will
21320,",",--,PUNCT,punct,21312,will
21321,und,und,CCONJ,ju,21333,bin
21322,der,der,DET,nk,21323,Frömmigkeit
21323,Frömmigkeit,Frömmigkeit,NOUN,cj,21321,und
21324,",",--,PUNCT,punct,21323,Frömmigkeit
21325,dem,der,DET,nk,21326,Heil
21326,Heil,Heil,NOUN,da,21329,entsage
21327,meiner,mein,DET,nk,21328,Seele
21328,Seele,Seele,NOUN,ag,21326,Heil
21329,entsage,entsagen,VERB,oc,21323,Frömmigkeit
21330,",",--,PUNCT,punct,21333,bin
21331,allein,allein,ADV,mo,21332,ich
21332,ich,ich,PRON,sb,21333,bin
21333,bin,sein,AUX,ROOT,21333,bin
21334,standhaft,standhaft,ADV,pd,21333,bin
21335,geblieben,bleiben,VERB,ROOT,21335,geblieben
21336,",",--,PUNCT,punct,21335,geblieben
21337,und,und,CCONJ,cd,21335,geblieben
21338,glaube,glauben,VERB,cj,21337,und
21339,nicht,nicht,PART,ng,21338,glaube
21340,",",--,PUNCT,punct,21338,glaube
21341,daß,daß,SCONJ,cp,21344,wird
21342,er,er,PRON,sb,21344,wird
21343,wiederkehren,wiederkehren,VERB,oc,21344,wird
21344,wird,werden,AUX,oc,21338,glaube
21345,",",--,PUNCT,punct,21344,wird
21346,da,da,SCONJ,cp,21348,gesehen
21347,er,er,PRON,sb,21348,gesehen
21348,gesehen,sehen,VERB,mo,21344,wird
21349,",",--,PUNCT,punct,21348,gesehen
21350,daß,daß,SCONJ,cp,21351,er
21351,er,er,PRON,ROOT,21351,er
21352,nicht,nicht,PART,ng,21355,mich
21353,mehr,mehr,ADV,mo,21352,nicht
21354,über,über,ADP,mo,21356,Macht
21355,mich,mich,PRON,nk,21354,über
21356,Macht,Macht,NOUN,oa,21357,hat
21357,hat,haben,VERB,ROOT,21357,hat
21358,.,--,PUNCT,punct,21357,hat
21359,Bleibe,Bleiben,NOUN,ROOT,21359,Bleibe
21360,ruhig,ruhig,ADV,pd,21359,Bleibe
21361,",",--,PUNCT,punct,21360,ruhig
21362,lieber,lieb,ADJ,mo,21363,Sohn
21363,Sohn,Sohn,NOUN,cj,21360,ruhig
21364,Andres,Andres,NOUN,ag,21363,Sohn
21365,!,--,PUNCT,punct,21359,Bleibe
21366,und,und,CCONJ,ROOT,21366,und
21367,laß,Laß,NOUN,cj,21366,und
21368,mich,mich,PRON,oa,21367,laß
21369,bei,bei,ADP,mo,21375,versöhnt
21370,dir,dir,PRON,nk,21369,bei
21371,als,als,ADP,mo,21375,versöhnt
21372,ein,ein,DET,nk,21374,Christ
21373,frommer,fromm,ADJ,nk,21374,Christ
21374,Christ,Christ,NOUN,nk,21371,als
21375,versöhnt,versöhnen,VERB,ROOT,21375,versöhnt
21376,mit,mit,ADP,mo,21375,versöhnt
21377,Gott,Gott,NOUN,nk,21376,mit
21378,sterben,sterben,VERB,mo,21375,versöhnt
21379,!,--,PUNCT,punct,21375,versöhnt
21380,«,--,PUNCT,punct,21375,versöhnt
21381,In,in,ADP,mo,21384,schien
21382,der,der,DET,nk,21383,Tat
21383,Tat,Tat,NOUN,nk,21381,In
21384,schien,scheinen,VERB,ROOT,21384,schien
21385,auch,auch,ADV,mo,21388,Gestalt
21386,die,der,DET,nk,21388,Gestalt
21387,feindliche,feindlich,ADJ,nk,21388,Gestalt
21388,Gestalt,Gestalt,NOUN,oa,21389,auszubleiben
21389,auszubleiben,ausbleiben,VERB,oc,21392,war
21390,",",--,PUNCT,punct,21391,indessen
21391,indessen,indessen,ADV,mo,21392,war
21392,war,sein,AUX,ROOT,21392,war
21393,es,es,PRON,sb,21392,war
21394,",",--,PUNCT,punct,21392,war
21395,als,als,SCONJ,cm,21396,würden
21396,würden,werden,AUX,cc,21391,indessen
21397,Trabacchios,Trabacchio,NOUN,ag,21398,Augen
21398,Augen,Auge,NOUN,ROOT,21398,Augen
21399,wieder,wieder,ADV,mo,21398,Augen
21400,glühender,glühend,ADV,mo,21398,Augen
21401,",",--,PUNCT,punct,21400,glühender
21402,er,er,PRON,sb,21403,lächelte
21403,lächelte,lächelen,VERB,oc,21400,glühender
21404,zuweilen,zuweilen,ADV,mo,21403,lächelte
21405,so,so,ADV,mo,21406,seltsam
21406,seltsam,seltsam,ADV,mo,21403,lächelte
21407,höhnisch,höhnisch,ADV,mo,21403,lächelte
21408,",",--,PUNCT,punct,21403,lächelte
21409,wie,wie,ADP,cm,21410,sonst
21410,sonst,sonst,ADV,ROOT,21410,sonst
21411,.,--,PUNCT,punct,21410,sonst
21412,Während,während,ADP,ROOT,21412,Während
21413,der,der,DET,nk,21414,Betstunde
21414,Betstunde,Betstunde,NOUN,nk,21412,Während
21415,",",--,PUNCT,punct,21414,Betstunde
21416,die,der,DET,nk,21417,Andres
21417,Andres,Andr,NOUN,oa,21423,halten
21418,jeden,jeder,DET,nk,21419,Abend
21419,Abend,Abend,NOUN,oa,21423,halten
21420,mit,mit,ADP,mo,21423,halten
21421,ihm,ihm,PRON,nk,21420,mit
21422,zu,zu,PART,pm,21423,halten
21423,halten,halten,VERB,oc,21414,Betstunde
21424,pflegte,pflegen,VERB,mo,21426,schien
21425,",",--,PUNCT,punct,21426,schien
21426,schien,scheinen,VERB,ROOT,21426,schien
21427,er,er,PRON,sb,21426,schien
21428,oft,oft,ADV,mo,21426,schien
21429,krampfhaft,krampfhaft,ADV,oa,21431,erzittern
21430,zu,zu,PART,pm,21431,erzittern
21431,erzittern,erzittern,VERB,oc,21426,schien
21432,;,--,PUNCT,punct,21426,schien
21433,zuweilen,zuweilen,ADV,mo,21434,strich
21434,strich,streichen,VERB,ROOT,21434,strich
21435,eine,ein,DET,nk,21436,seltsam
21436,seltsam,seltsam,ADV,sb,21434,strich
21437,pfeifende,pfeifend,ADJ,nk,21438,Zugluft
21438,Zugluft,Zugluft,NOUN,ROOT,21438,Zugluft
21439,durch,durch,ADP,mnr,21438,Zugluft
21440,das,der,DET,nk,21441,Zimmer
21441,Zimmer,Zimmer,NOUN,nk,21439,durch
21442,",",--,PUNCT,punct,21441,Zimmer
21443,welche,welcher,PRON,oa,21445,Blätter
21444,die,der,DET,nk,21445,Blätter
21445,Blätter,Blatt,NOUN,app,21438,Zugluft
21446,der,der,DET,nk,21447,Gebetbücher
21447,Gebetbücher,Gebetbücher,NOUN,ag,21445,Blätter
21448,raschelnd,raschelnd,ADV,mo,21449,umschlug
21449,umschlug,umschlug,VERB,ROOT,21449,umschlug
21450,",",--,PUNCT,punct,21449,umschlug
21451,ja,ja,ADV,mo,21460,warf
21452,die,der,DET,nk,21453,Bücher
21453,Bücher,Buch,NOUN,sb,21460,warf
21454,selbst,selbst,ADV,mo,21456,Andres
21455,dem,der,DET,nk,21456,Andres
21456,Andres,Andr,NOUN,ag,21453,Bücher
21457,aus,aus,ADP,mo,21460,warf
21458,den,der,DET,nk,21459,Händen
21459,Händen,Hand,NOUN,nk,21457,aus
21460,warf,werfen,VERB,oc,21449,umschlug
21461,.,--,PUNCT,punct,21449,umschlug
21462,»,--,PUNCT,punct,21463,Gottloser
21463,Gottloser,Gottloser,NOUN,ROOT,21463,Gottloser
21464,Trabacchio,Trabacchio,NOUN,nk,21463,Gottloser
21465,",",--,PUNCT,punct,21464,Trabacchio
21466,verruchter,verrucht,ADJ,cj,21464,Trabacchio
21467,Satan,Satan,PROPN,uc,21463,Gottloser
21468,!,--,PUNCT,punct,21463,Gottloser
21469,Du,du,PRON,sb,21470,bist
21470,bist,sein,AUX,ROOT,21470,bist
21471,es,es,PRON,pd,21470,bist
21472,",",--,PUNCT,punct,21471,es
21473,der,der,PRON,nk,21476,Spuk
21474,hier,hier,ADV,mo,21475,höllischen
21475,höllischen,höllisch,ADJ,nk,21476,Spuk
21476,Spuk,Spuk,NOUN,cj,21470,bist
21477,treibt,treiben,VERB,ROOT,21477,treibt
21478,!,--,PUNCT,punct,21477,treibt
21479,Was,was,PRON,oa,21480,willst
21480,willst,willst,VERB,ROOT,21480,willst
21481,du,du,PRON,sb,21480,willst
21482,von,von,ADP,mo,21480,willst
21483,mir,mir,PRON,nk,21482,von
21484,?,--,PUNCT,punct,21480,willst
21485,hebe,heben,VERB,ROOT,21485,hebe
21486,dich,dich,PRON,oa,21485,hebe
21487,weg,weg,ADV,svp,21485,hebe
21488,",",--,PUNCT,punct,21485,hebe
21489,denn,denn,CCONJ,cd,21485,hebe
21490,du,du,PRON,sb,21491,hast
21491,hast,haben,AUX,cj,21489,denn
21492,keine,kein,DET,nk,21493,Macht
21493,Macht,Macht,NOUN,oa,21491,hast
21494,über,über,ADP,mo,21491,hast
21495,mich,mich,PRON,vo,21498,hebe
21496,!,--,PUNCT,punct,21495,mich
21497,-,--,PUNCT,punct,21498,hebe
21498,hebe,heben,VERB,ROOT,21498,hebe
21499,dich,dich,PRON,oa,21498,hebe
21500,weg,weg,ADV,svp,21498,hebe
21501,!,--,PUNCT,punct,21498,hebe
21502,«,--,PUNCT,punct,21498,hebe
21503,-,--,PUNCT,punct,21505,rief
21504,So,so,ADV,mo,21505,rief
21505,rief,rufen,VERB,ROOT,21505,rief
21506,Andres,Andres,NOUN,sb,21505,rief
21507,mit,mit,ADP,op,21505,rief
21508,starker,stark,ADJ,nk,21509,Stimme
21509,Stimme,Stimme,NOUN,nk,21507,mit
21510,!,--,PUNCT,punct,21505,rief
21511,Da,da,ADV,mo,21512,lachte
21512,lachte,lachen,VERB,ROOT,21512,lachte
21513,es,es,PRON,ep,21512,lachte
21514,höhnisch,höhnisch,ADV,ROOT,21514,höhnisch
21515,durch,durch,ADP,mo,21514,höhnisch
21516,das,der,DET,nk,21517,Zimmer
21517,Zimmer,Zimmer,NOUN,nk,21515,durch
21518,hin,hin,ADV,mo,21514,höhnisch
21519,",",--,PUNCT,punct,21514,höhnisch
21520,und,und,CCONJ,cd,21514,höhnisch
21521,schlug,schlagen,VERB,cj,21520,und
21522,wie,wie,ADP,cm,21523,mit
21523,mit,mit,ADP,mo,21521,schlug
21524,schwarzen,schwarz,ADJ,nk,21525,Fittigen
21525,Fittigen,Fittig,NOUN,nk,21523,mit
21526,an,an,ADP,mnr,21525,Fittigen
21527,das,der,DET,nk,21526,an
21528,Fenster,Fenster,NOUN,ROOT,21528,Fenster
21529,.,--,PUNCT,punct,21528,Fenster
21530,Und,und,CCONJ,ju,21532,war
21531,doch,doch,ADV,mo,21532,war
21532,war,sein,AUX,ROOT,21532,war
21533,es,es,PRON,sb,21532,war
21534,nur,nur,ADV,mo,21536,Regen
21535,der,der,DET,nk,21536,Regen
21536,Regen,Regen,NOUN,pd,21532,war
21537,",",--,PUNCT,punct,21536,Regen
21538,der,der,PRON,sb,21542,geschlagen
21539,an,an,ADP,mo,21542,geschlagen
21540,das,der,DET,nk,21541,Fenster
21541,Fenster,Fenster,NOUN,nk,21539,an
21542,geschlagen,schlagen,VERB,rc,21536,Regen
21543,",",--,PUNCT,punct,21532,war
21544,und,und,CCONJ,cd,21532,war
21545,der,der,DET,ROOT,21545,der
21546,Herbstwind,Herbstwind,NOUN,sb,21556,meinte
21547,",",--,PUNCT,punct,21546,Herbstwind
21548,der,der,PRON,sb,21552,geheult
21549,durch,durch,ADP,mo,21552,geheult
21550,das,der,DET,nk,21551,Zimmer
21551,Zimmer,Zimmer,NOUN,nk,21549,durch
21552,geheult,heulen,VERB,rc,21546,Herbstwind
21553,",",--,PUNCT,punct,21552,geheult
21554,wie,wie,ADP,mo,21556,meinte
21555,Trabacchio,Trabacchio,PROPN,sb,21556,meinte
21556,meinte,meinen,VERB,ROOT,21556,meinte
21557,",",--,PUNCT,punct,21556,meinte
21558,als,als,SCONJ,oc,21556,meinte
21559,das,der,PRON,nk,21558,als
21560,Unwesen,Unwesen,NOUN,sb,21565,war
21561,wieder,wieder,ADV,mo,21560,Unwesen
21562,einmal,einmal,ADV,mo,21560,Unwesen
21563,recht,Recht,ADV,mo,21565,war
21564,arg,arg,ADV,pd,21565,war
21565,war,sein,AUX,ROOT,21565,war
21566,und,und,CCONJ,cd,21565,war
21567,Georg,Georg,PROPN,mo,21570,weinte
21568,vor,vor,ADP,cvc,21570,weinte
21569,Angst,Angst,NOUN,nk,21568,vor
21570,weinte,weinen,VERB,cj,21566,und
21571,.,--,PUNCT,punct,21565,war
21572,»,--,PUNCT,punct,21573,Nein
21573,Nein,nein,PART,dep,21576,rief
21574,«,--,PUNCT,punct,21573,Nein
21575,",",--,PUNCT,punct,21576,rief
21576,rief,rufen,VERB,ROOT,21576,rief
21577,Andres,Andres,PROPN,sb,21576,rief
21578,:,--,PUNCT,punct,21576,rief
21579,»,--,PUNCT,punct,21583,könnte
21580,Euer,euer,DET,mo,21581,gottloser
21581,gottloser,gottlos,ADJ,nk,21582,Vater
21582,Vater,Vater,NOUN,sb,21583,könnte
21583,könnte,können,AUX,oc,21576,rief
21584,hier,hier,ADV,mo,21583,könnte
21585,nicht,nicht,PART,ng,21583,könnte
21586,so,so,ADV,mo,21587,herumspuken
21587,herumspuken,herumspuken,VERB,oc,21583,könnte
21588,",",--,PUNCT,punct,21583,könnte
21589,wenn,wenn,SCONJ,cp,21598,hättet
21590,Ihr,ihr,PRON,sb,21598,hättet
21591,aller,aller,DET,nk,21590,Ihr
21592,und,und,CCONJ,cd,21591,aller
21593,jeder,jeder,DET,nk,21594,Gemeinschaft
21594,Gemeinschaft,Gemeinschaft,NOUN,cj,21592,und
21595,mit,mit,ADP,mo,21597,entsagt
21596,ihm,ihm,PRON,nk,21595,mit
21597,entsagt,entsagen,VERB,oc,21598,hättet
21598,hättet,hättet,VERB,ROOT,21598,hättet
21599,.,--,PUNCT,punct,21598,hättet
21600,Ihr,ihr,PRON,sb,21601,müßt
21601,müßt,müßen,VERB,ROOT,21601,müßt
21602,fort,fort,ADV,svp,21601,müßt
21603,von,von,ADP,mo,21601,müßt
21604,mir,mir,PRON,ROOT,21604,mir
21605,.,--,PUNCT,punct,21604,mir
21606,Eure,euer,DET,nk,21607,Wohnung
21607,Wohnung,Wohnung,NOUN,sb,21608,ist
21608,ist,sein,AUX,ROOT,21608,ist
21609,Euch,euch,PRON,da,21611,bereitet
21610,längst,längst,ADV,mo,21611,bereitet
21611,bereitet,bereiten,VERB,pd,21608,ist
21612,.,--,PUNCT,punct,21608,ist
21613,Ihr,ihr,PRON,sb,21614,müßt
21614,müßt,müßen,VERB,ROOT,21614,müßt
21615,fort,fort,ADV,mo,21614,müßt
21616,ins,in,ADP,mo,21614,müßt
21617,Schloßgefängnis,Schloßgefängnis,NOUN,nk,21616,ins
21618,;,--,PUNCT,punct,21614,müßt
21619,dort,dort,ADV,mo,21620,möget
21620,möget,möget,ADV,mo,21624,treiben
21621,Ihr,ihr,PRON,nk,21622,Euern
21622,Euern,Euer,NOUN,oa,21624,treiben
21623,Spuk,Spuk,NOUN,oa,21624,treiben
21624,treiben,treiben,VERB,ROOT,21624,treiben
21625,wie,wie,ADP,cm,21626,Ihr
21626,Ihr,ihr,PRON,sb,21627,wollt
21627,wollt,wollen,AUX,cj,21624,treiben
21628,.,--,PUNCT,punct,21624,treiben
21629,«,--,PUNCT,punct,21624,treiben
21630,Trabacchio,Trabacchio,PROPN,sb,21631,weinte
21631,weinte,weinen,VERB,ROOT,21631,weinte
21632,heftig,heftig,ADV,mo,21631,weinte
21633,",",--,PUNCT,punct,21631,weinte
21634,er,er,PRON,dep,21631,weinte
21635,bat,bitten,VERB,ROOT,21635,bat
21636,um,um,ADP,mo,21635,bat
21637,aller,aller,DET,nk,21638,Heiligen
21638,Heiligen,heilige,NOUN,nk,21636,um
21639,willen,willen,ADP,mo,21644,dulden
21640,ihn,ihn,PRON,oa,21644,dulden
21641,im,in,ADP,mo,21644,dulden
21642,Hause,Haus,NOUN,nk,21641,im
21643,zu,zu,PART,pm,21644,dulden
21644,dulden,dulden,VERB,oc,21635,bat
21645,und,und,CCONJ,cd,21644,dulden
21646,Georg,Georg,PROPN,cj,21645,und
21647,",",--,PUNCT,punct,21635,bat
21648,ohne,ohne,SCONJ,mo,21635,bat
21649,zu,zu,ADV,mo,21635,bat
21650,begreifen,begreifen,VERB,sb,21658,stimmte
21651,",",--,PUNCT,punct,21650,begreifen
21652,was,was,PRON,sb,21656,bedeute
21653,das,der,PRON,nk,21654,alles
21654,alles,alle,PRON,sb,21656,bedeute
21655,wohl,wohl,ADV,mo,21656,bedeute
21656,bedeute,bedeuten,VERB,oc,21650,begreifen
21657,",",--,PUNCT,punct,21658,stimmte
21658,stimmte,stimmen,VERB,ROOT,21658,stimmte
21659,in,in,ADP,mo,21658,stimmte
21660,seine,sein,DET,nk,21661,Bitten
21661,Bitten,Bitte,NOUN,nk,21659,in
21662,ein,ein,ADV,svp,21658,stimmte
21663,.,--,PUNCT,punct,21658,stimmte
21664,»,--,PUNCT,punct,21666,bleibt
21665,So,so,ADV,mo,21666,bleibt
21666,bleibt,bleiben,VERB,ROOT,21666,bleibt
21667,denn,denn,CCONJ,ju,21670,hier
21668,noch,noch,ADV,mo,21669,morgen
21669,morgen,morgen,ADV,mo,21670,hier
21670,hier,hier,ADV,oc,21673,sagte
21671,«,--,PUNCT,punct,21670,hier
21672,",",--,PUNCT,punct,21673,sagte
21673,sagte,sagen,VERB,ROOT,21673,sagte
21674,Andres,Andres,PROPN,sb,21673,sagte
21675,",",--,PUNCT,punct,21673,sagte
21676,»,--,PUNCT,punct,21678,will
21677,ich,ich,PRON,sb,21678,will
21678,will,wollen,AUX,oc,21673,sagte
21679,sehen,sehen,VERB,oc,21678,will
21680,",",--,PUNCT,punct,21679,sehen
21681,wie,wie,SCONJ,mo,21683,mit
21682,es,es,PRON,ep,21683,mit
21683,mit,mit,ADP,mo,21679,sehen
21684,der,der,DET,nk,21685,Betstunde
21685,Betstunde,Betstunde,NOUN,nk,21683,mit
21686,gehen,gehen,VERB,oc,21687,wird
21687,wird,werden,AUX,ROOT,21687,wird
21688,",",--,PUNCT,punct,21687,wird
21689,wenn,wenn,SCONJ,cp,21691,heimkomme
21690,ich,ich,PRON,sb,21691,heimkomme
21691,heimkomme,heimkommen,VERB,mo,21686,gehen
21692,von,von,ADP,mo,21691,heimkomme
21693,der,der,DET,nk,21694,Jagd
21694,Jagd,Jagd,NOUN,nk,21692,von
21695,.,--,PUNCT,punct,21687,wird
21696,«,--,PUNCT,punct,21687,wird
21697,Am,an,ADP,mo,21700,gab
21698,andern,anderer,ADJ,nk,21699,Tage
21699,Tage,Tag,NOUN,mo,21700,gab
21700,gab,geben,VERB,ROOT,21700,gab
21701,es,es,PRON,ep,21700,gab
21702,herrliches,herrlich,ADJ,oa,21700,gab
21703,Herbstwetter,Herbstwetter,NOUN,sb,21707,versprach
21704,",",--,PUNCT,punct,21703,Herbstwetter
21705,und,und,CCONJ,cd,21703,Herbstwetter
21706,Andres,Andres,NOUN,cj,21705,und
21707,versprach,versprechen,VERB,ROOT,21707,versprach
21708,sich,sich,PRON,oa,21707,versprach
21709,eine,ein,DET,nk,21711,Beute
21710,reiche,reich,ADJ,nk,21711,Beute
21711,Beute,Beute,NOUN,sb,21707,versprach
21712,.,--,PUNCT,punct,21707,versprach
21713,Als,als,SCONJ,cp,21714,er
21714,er,er,PRON,ROOT,21714,er
21715,von,von,ADP,pg,21714,er
21716,dem,der,DET,nk,21715,von
21717,Anstand,Anstand,PROPN,sb,21718,zurückkehrte
21718,zurückkehrte,zurückkehren,VERB,mo,21720,war
21719,",",--,PUNCT,punct,21720,war
21720,war,sein,AUX,ROOT,21720,war
21721,es,es,PRON,sb,21720,war
21722,ganz,ganz,ADV,mo,21723,finster
21723,finster,finst,ADV,pd,21724,geworden
21724,geworden,werden,AUX,oc,21720,war
21725,.,--,PUNCT,punct,21720,war
21726,Er,er,PRON,sb,21727,fühlte
21727,fühlte,fühlen,VERB,ROOT,21727,fühlte
21728,sich,sich,PRON,oa,21727,fühlte
21729,im,in,ADP,mo,21727,fühlte
21730,innersten,innerst,ADV,nk,21729,im
21731,Gemüt,Gemüt,ADV,mo,21733,bewegt
21732,besonders,besonders,ADV,mo,21733,bewegt
21733,bewegt,bewegen,VERB,ROOT,21733,bewegt
21734,;,--,PUNCT,punct,21733,bewegt
21735,seine,sein,DET,nk,21737,Schicksale
21736,merkwürdigen,merkwürdig,ADJ,nk,21737,Schicksale
21737,Schicksale,Schicksal,NOUN,ROOT,21737,Schicksale
21738,",",--,PUNCT,punct,21737,Schicksale
21739,Giorginas,Giorgina,PROPN,ag,21740,Bild
21740,Bild,Bild,NOUN,app,21737,Schicksale
21741,",",--,PUNCT,punct,21742,sein
21742,sein,sein,DET,par,21737,Schicksale
21743,ermordeter,ermordet,ADJ,nk,21744,Knabe
21744,Knabe,Knabe,NOUN,ROOT,21744,Knabe
21745,traten,treten,VERB,ROOT,21745,traten
21746,ihm,ihm,PRON,da,21745,traten
21747,so,so,ADV,mo,21748,lebendig
21748,lebendig,lebendig,ADV,mo,21745,traten
21749,vor,vor,ADP,mo,21745,traten
21750,Augen,Auge,NOUN,nk,21749,vor
21751,",",--,PUNCT,punct,21745,traten
21752,daß,daß,SCONJ,cp,21757,gekehrt
21753,er,er,PRON,sb,21757,gekehrt
21754,tief,tief,ADV,mo,21757,gekehrt
21755,in,in,ADP,mo,21757,gekehrt
21756,sich,sich,PRON,nk,21755,in
21757,gekehrt,kehren,VERB,mo,21745,traten
21758,",",--,PUNCT,punct,21745,traten
21759,immer,immer,ADV,mo,21760,langsamer
21760,langsamer,langsam,ADV,nk,21764,Jägern
21761,und,und,CCONJ,cd,21760,langsamer
21762,langsamer,langsam,ADV,cj,21761,und
21763,den,der,DET,nk,21764,Jägern
21764,Jägern,Jäger,NOUN,da,21765,nachschlenderte
21765,nachschlenderte,nachschlenderen,VERB,ROOT,21765,nachschlenderte
21766,",",--,PUNCT,punct,21765,nachschlenderte
21767,bis,bis,SCONJ,cp,21768,er
21768,er,er,PRON,sb,21765,nachschlenderte
21769,sich,sich,PRON,oa,21770,endlich
21770,endlich,endlich,ADV,mo,21765,nachschlenderte
21771,unversehends,unversehends,ADV,mo,21778,befand
21772,auf,auf,ADP,mo,21778,befand
21773,einem,ein,DET,nk,21774,Nebenwege
21774,Nebenwege,Nebenwege,NOUN,nk,21772,auf
21775,allein,allein,ADV,mo,21776,im
21776,im,in,ADP,mo,21778,befand
21777,Forst,Forst,NOUN,nk,21776,im
21778,befand,befinden,VERB,ROOT,21778,befand
21779,.,--,PUNCT,punct,21778,befand
21780,Im,in,ADP,ROOT,21780,Im
21781,Begriff,Begriff,NOUN,nk,21780,Im
21782,zurückzukehren,zurückkehren,VERB,mo,21788,wurde
21783,in,in,ADP,mo,21782,zurückzukehren
21784,den,der,DET,nk,21786,Waldweg
21785,breiten,breit,ADJ,nk,21786,Waldweg
21786,Waldweg,Waldweg,NOUN,nk,21783,in
21787,",",--,PUNCT,punct,21788,wurde
21788,wurde,werden,AUX,ROOT,21788,wurde
21789,er,er,PRON,sb,21788,wurde
21790,ein,ein,DET,nk,21792,Licht
21791,blendendes,blendend,ADJ,nk,21792,Licht
21792,Licht,Licht,NOUN,oa,21788,wurde
21793,gewahr,gewahr,VERB,pd,21788,wurde
21794,",",--,PUNCT,punct,21788,wurde
21795,welches,welcher,PRON,sb,21800,flackerte
21796,durch,durch,ADP,mo,21800,flackerte
21797,das,der,DET,nk,21799,Gebüsch
21798,dickste,dickster,ADJ,nk,21799,Gebüsch
21799,Gebüsch,Gebüsch,NOUN,nk,21796,durch
21800,flackerte,flackeren,VERB,ROOT,21800,flackerte
21801,.,--,PUNCT,punct,21800,flackerte
21802,Da,da,ADV,mo,21803,ergriff
21803,ergriff,ergreifen,VERB,ROOT,21803,ergriff
21804,ihn,ihn,PRON,oa,21803,ergriff
21805,eine,ein,DET,nk,21806,wunderbare
21806,wunderbare,wunderbar,ADJ,sb,21803,ergriff
21807,verworrene,verworren,ADJ,nk,21808,Ahnung
21808,Ahnung,Ahnung,NOUN,ROOT,21808,Ahnung
21809,großer,groß,ADJ,nk,21810,Greueltat
21810,Greueltat,Greueltat,NOUN,ag,21808,Ahnung
21811,",",--,PUNCT,punct,21808,Ahnung
21812,die,der,PRON,sb,21814,werde
21813,verübt,verüben,VERB,oc,21814,werde
21814,werde,werden,AUX,rc,21808,Ahnung
21815,;,--,PUNCT,punct,21808,Ahnung
21816,er,er,PRON,sb,21817,drang
21817,drang,Drang,NOUN,ROOT,21817,drang
21818,durch,durch,ADP,mo,21817,drang
21819,das,der,DET,nk,21818,durch
21820,Dickicht,Dickicht,NOUN,ROOT,21820,Dickicht
21821,",",--,PUNCT,punct,21820,Dickicht
21822,er,er,PRON,sb,21823,war
21823,war,sein,AUX,oc,21820,Dickicht
21824,dem,der,DET,nk,21825,Feuer
21825,Feuer,Feuer,NOUN,da,21823,war
21826,nahe,nahe,ADP,svp,21823,war
21827,",",--,PUNCT,punct,21828,da
21828,da,da,ADV,mo,21829,stand
21829,stand,stehen,VERB,cj,21820,Dickicht
21830,des,der,DET,nk,21832,Trabacchio
21831,alten,alt,ADJ,nk,21832,Trabacchio
21832,Trabacchio,Trabacchio,NOUN,sb,21829,stand
21833,Gestalt,Gestalt,NOUN,nk,21832,Trabacchio
21834,im,in,ADP,mo,21829,stand
21835,goldverbrämten,goldverbrämt,ADJ,nk,21836,Mantel
21836,Mantel,Mantel,NOUN,ROOT,21836,Mantel
21837,",",--,PUNCT,punct,21836,Mantel
21838,den,der,DET,nk,21839,Stoßdegen
21839,Stoßdegen,Stoßdeg,NOUN,app,21836,Mantel
21840,an,an,ADP,mnr,21839,Stoßdegen
21841,der,der,DET,nk,21842,Seite
21842,Seite,Seite,NOUN,nk,21840,an
21843,",",--,PUNCT,punct,21839,Stoßdegen
21844,den,der,DET,nk,21846,Hut
21845,niedergekrempten,niedergekrempt,ADJ,nk,21846,Hut
21846,Hut,Hut,NOUN,cj,21839,Stoßdegen
21847,mit,mit,ADP,mo,21836,Mantel
21848,roter,rot,ADJ,nk,21849,Feder
21849,Feder,Feder,NOUN,ROOT,21849,Feder
21850,auf,auf,ADP,mnr,21849,Feder
21851,dem,der,DET,nk,21852,Kopfe
21852,Kopfe,Kopf,NOUN,nk,21850,auf
21853,",",--,PUNCT,punct,21849,Feder
21854,das,der,DET,nk,21855,Arzneikistchen
21855,Arzneikistchen,Arzneikistchen,NOUN,app,21849,Feder
21856,unterm,unter,ADP,mnr,21855,Arzneikistchen
21857,Arm,Arm,NOUN,nk,21856,unterm
21858,.,--,PUNCT,punct,21849,Feder
21859,Mit,mit,ADP,ROOT,21859,Mit
21860,glühenden,glühend,ADJ,nk,21861,Augen
21861,Augen,Auge,NOUN,nk,21859,Mit
21862,blickte,blicken,VERB,ROOT,21862,blickte
21863,die,der,DET,nk,21864,Gestalt
21864,Gestalt,Gestalt,NOUN,oa,21862,blickte
21865,in,in,ADP,mo,21862,blickte
21866,das,der,DET,nk,21867,Feuer
21867,Feuer,Feuer,NOUN,nk,21865,in
21868,",",--,PUNCT,punct,21867,Feuer
21869,das,der,PRON,nk,21876,Schlangen
21870,wie,wie,ADP,cm,21871,in
21871,in,in,ADP,cc,21869,das
21872,rot,rot,ADV,nk,21871,in
21873,und,und,CCONJ,cd,21872,rot
21874,blau,blau,ADV,mo,21875,flammenden
21875,flammenden,flammend,ADJ,cj,21873,und
21876,Schlangen,Schlange,NOUN,oa,21862,blickte
21877,unter,unter,ADP,mo,21880,hervorloderte
21878,einer,ein,DET,nk,21879,Retorte
21879,Retorte,Retorte,NOUN,nk,21877,unter
21880,hervorloderte,hervorloderen,VERB,ROOT,21880,hervorloderte
21881,.,--,PUNCT,punct,21880,hervorloderte
21882,Vor,vor,ADP,mo,21885,lag
21883,dem,der,DET,nk,21884,Feuer
21884,Feuer,Feuer,NOUN,nk,21882,Vor
21885,lag,liegen,VERB,ROOT,21885,lag
21886,Georg,Georg,PROPN,pnc,21887,nackt
21887,nackt,nackt,PROPN,sb,21885,lag
21888,ausgebreitet,ausbreiten,VERB,oc,21885,lag
21889,auf,auf,ADP,mo,21901,hoch
21890,einer,ein,DET,nk,21891,Art
21891,Art,Art,NOUN,nk,21889,auf
21892,Rost,Rost,NOUN,nk,21891,Art
21893,und,und,CCONJ,cd,21891,Art
21894,der,der,DET,nk,21896,Sohn
21895,verruchte,verrucht,ADJ,nk,21896,Sohn
21896,Sohn,Sohn,NOUN,cj,21893,und
21897,des,der,DET,nk,21899,Doktors
21898,satanischen,satanisch,ADJ,nk,21899,Doktors
21899,Doktors,Doktor,NOUN,ag,21896,Sohn
21900,hatte,haben,AUX,ROOT,21900,hatte
21901,hoch,hoch,ADV,oc,21900,hatte
21902,das,der,DET,nk,21904,Messer
21903,funkelnde,funkelnd,ADJ,nk,21904,Messer
21904,Messer,Messer,NOUN,sb,21905,erhoben
21905,erhoben,erheben,VERB,ROOT,21905,erhoben
21906,zum,zu,ADP,mo,21905,erhoben
21907,Todesstoß,Todesstoß,NOUN,nk,21906,zum
21908,.,--,PUNCT,punct,21905,erhoben
21909,Andres,Andres,NOUN,sb,21910,schrie
21910,schrie,schreien,VERB,ROOT,21910,schrie
21911,auf,auf,ADP,mo,21910,schrie
21912,vor,vor,ADP,mo,21910,schrie
21913,Entsetzen,entsetzen,NOUN,nk,21912,vor
21914,;,--,PUNCT,punct,21910,schrie
21915,aber,aber,CCONJ,ROOT,21915,aber
21916,sowie,sowie,CCONJ,cd,21915,aber
21917,der,der,DET,nk,21918,Mörder
21918,Mörder,Mörder,NOUN,cj,21916,sowie
21919,sich,sich,PRON,oa,21920,umblickte
21920,umblickte,umblicken,VERB,cj,21916,sowie
21921,",",--,PUNCT,punct,21922,sauste
21922,sauste,sausen,VERB,cj,21915,aber
21923,schon,schon,ADV,mo,21922,sauste
21924,die,der,DET,nk,21925,Kugel
21925,Kugel,Kugel,NOUN,sb,21922,sauste
21926,aus,aus,ADP,mnr,21925,Kugel
21927,Andres,Andre,NOUN,nk,21926,aus
21928,',--,PROPN,punct,21927,Andres
21929,Büchse,Büchse,PROPN,oa,21922,sauste
21930,und,und,CCONJ,ju,21932,stürzte
21931,Trabacchio,Trabacchio,NOUN,sb,21932,stürzte
21932,stürzte,stürzen,VERB,ROOT,21932,stürzte
21933,mit,mit,ADP,mo,21932,stürzte
21934,zerschmettertem,zerschmettert,ADJ,nk,21935,Gehirn
21935,Gehirn,Gehirn,NOUN,nk,21933,mit
21936,über,über,ADP,op,21932,stürzte
21937,das,der,DET,nk,21938,Feuer
21938,Feuer,Feuer,NOUN,nk,21936,über
21939,hin,hin,ADV,svp,21932,stürzte
21940,",",--,PUNCT,punct,21932,stürzte
21941,das,der,PRON,dep,21932,stürzte
21942,im,in,ADP,mnr,21941,das
21943,Augenblick,Augenblick,NOUN,ROOT,21943,Augenblick
21944,erlosch,erlosch,ADV,pd,21943,Augenblick
21945,.,--,PUNCT,punct,21943,Augenblick
21946,Die,der,DET,nk,21947,Gestalt
21947,Gestalt,Gestalt,NOUN,sb,21950,war
21948,des,der,DET,nk,21949,Doktors
21949,Doktors,Doktor,NOUN,ag,21947,Gestalt
21950,war,sein,AUX,ROOT,21950,war
21951,verschwunden,verschwinden,VERB,oc,21950,war
21952,.,--,PUNCT,punct,21950,war
21953,Andres,Andres,NOUN,sb,21954,sprang
21954,sprang,springen,VERB,ROOT,21954,sprang
21955,hinzu,hinzu,ADV,mo,21957,stieß
21956,",",--,PUNCT,punct,21957,stieß
21957,stieß,stoßen,VERB,ROOT,21957,stieß
21958,den,der,DET,nk,21959,Leichnam
21959,Leichnam,Leichnam,NOUN,sb,21957,stieß
21960,beiseite,beiseite,ADV,mo,21957,stieß
21961,",",--,PUNCT,punct,21957,stieß
21962,band,binden,VERB,cj,21957,stieß
21963,den,der,DET,nk,21965,Georg
21964,armen,arm,ADJ,nk,21965,Georg
21965,Georg,Georg,NOUN,oa,21962,band
21966,los,los,ADV,svp,21962,band
21967,und,und,CCONJ,cd,21957,stieß
21968,trug,tragen,VERB,cj,21967,und
21969,ihn,ihn,PRON,oa,21968,trug
21970,schnell,schnell,ADV,ROOT,21970,schnell
21971,fort,fort,ADV,mo,21970,schnell
21972,bis,bis,ADP,ac,21973,ins
21973,ins,in,ADP,mo,21970,schnell
21974,Haus,Haus,NOUN,nk,21973,ins
21975,.,--,PUNCT,punct,21970,schnell
21976,Dem,der,DET,nk,21977,Knaben
21977,Knaben,Knaben,NOUN,da,21978,fehlte
21978,fehlte,fehlen,VERB,ROOT,21978,fehlte
21979,nichts,nichts,PRON,oa,21978,fehlte
21980,;,--,PUNCT,punct,21978,fehlte
21981,nur,nur,ADV,mo,21983,Todesangst
21982,die,der,DET,nk,21983,Todesangst
21983,Todesangst,Todesangst,NOUN,oa,21984,hatte
21984,hatte,haben,AUX,ROOT,21984,hatte
21985,ihn,ihn,PRON,oa,21987,gemacht
21986,ohnmächtig,ohnmächtig,ADV,mo,21987,gemacht
21987,gemacht,machen,VERB,ROOT,21987,gemacht
21988,.,--,PUNCT,punct,21987,gemacht
21989,Den,der,DET,nk,21990,Andres
21990,Andres,Andr,NOUN,da,21991,trieb
21991,trieb,treiben,VERB,ROOT,21991,trieb
21992,es,es,PRON,ep,21991,trieb
21993,heraus,heraus,ADV,svp,21991,trieb
21994,in,in,ADP,mo,21991,trieb
21995,den,der,DET,nk,21996,Wald
21996,Wald,Wald,NOUN,nk,21994,in
21997,",",--,PUNCT,punct,21991,trieb
21998,er,er,PRON,sb,21999,wollte
21999,wollte,wollen,AUX,cj,21991,trieb
22000,sich,sich,PRON,oa,21999,wollte
22001,von,von,ADP,op,22004,überzeugen
22002,Trabacchios,Trabacchio,PROPN,ag,22003,Tode
22003,Tode,Tod,NOUN,nk,22001,von
22004,überzeugen,überzeugen,VERB,ROOT,22004,überzeugen
22005,und,und,CCONJ,cd,22004,überzeugen
22006,den,der,DET,nk,22007,Leichnam
22007,Leichnam,Leichnam,NOUN,oa,22009,verscharren
22008,gleich,gleich,ADV,mo,22009,verscharren
22009,verscharren,verscharren,VERB,cj,22005,und
22010,;,--,PUNCT,punct,22004,überzeugen
22011,er,er,PRON,sb,22012,weckte
22012,weckte,wecken,VERB,ROOT,22012,weckte
22013,daher,daher,ADV,mo,22016,Jäger
22014,den,der,DET,nk,22016,Jäger
22015,alten,alt,ADJ,nk,22016,Jäger
22016,Jäger,Jäger,NOUN,ROOT,22016,Jäger
22017,",",--,PUNCT,punct,22016,Jäger
22018,der,der,PRON,sb,22025,bewirkten
22019,in,in,ADP,mo,22025,bewirkten
22020,tiefen,tief,ADJ,nk,22019,in
22021,",",--,PUNCT,punct,22020,tiefen
22022,wahrscheinlich,wahrscheinlich,ADV,mo,22025,bewirkten
22023,von,von,ADP,op,22025,bewirkten
22024,Trabacchio,Trabacchio,PROPN,nk,22023,von
22025,bewirkten,bewirken,VERB,rc,22016,Jäger
22026,Schlaf,Schlaf,NOUN,oa,22027,gesunken
22027,gesunken,sinken,VERB,ROOT,22027,gesunken
22028,",",--,PUNCT,punct,22027,gesunken
22029,und,und,CCONJ,cd,22027,gesunken
22030,beide,beide,PRON,sb,22031,gingen
22031,gingen,gehen,VERB,cj,22029,und
22032,mit,mit,ADP,mo,22031,gingen
22033,Laterne,Laterne,NOUN,nk,22032,mit
22034,",",--,PUNCT,punct,22033,Laterne
22035,Hacke,Hack,NOUN,cj,22033,Laterne
22036,und,und,CCONJ,cd,22035,Hacke
22037,Spaten,Spate,NOUN,cj,22036,und
22038,an,an,ADP,mo,22031,gingen
22039,die,der,DET,nk,22038,an
22040,nicht,nicht,PART,ng,22031,gingen
22041,weit,weit,ADV,mo,22042,entlegene
22042,entlegene,entlegen,ADJ,nk,22043,Stelle
22043,Stelle,Stelle,NOUN,ROOT,22043,Stelle
22044,.,--,PUNCT,punct,22043,Stelle
22045,Da,da,ADV,mo,22046,lag
22046,lag,liegen,VERB,ROOT,22046,lag
22047,der,der,DET,nk,22049,Trabacchio
22048,blutige,blutig,ADJ,nk,22049,Trabacchio
22049,Trabacchio,Trabacchio,NOUN,sb,22046,lag
22050,;,--,PUNCT,punct,22046,lag
22051,aber,aber,CCONJ,ROOT,22051,aber
22052,sowie,sowie,CCONJ,cd,22051,aber
22053,Andres,Andr,NOUN,cj,22052,sowie
22054,sich,sich,PRON,dep,22051,aber
22055,näherte,nähern,VERB,mo,22057,richtete
22056,",",--,PUNCT,punct,22057,richtete
22057,richtete,richten,VERB,ROOT,22057,richtete
22058,er,er,PRON,sb,22057,richtete
22059,sich,sich,PRON,oa,22057,richtete
22060,mit,mit,ADP,mo,22057,richtete
22061,halbem,halb,ADJ,nk,22062,Leibe
22062,Leibe,Leib,NOUN,nk,22060,mit
22063,auf,auf,ADP,svp,22057,richtete
22064,",",--,PUNCT,punct,22057,richtete
22065,starrte,starrn,VERB,cj,22057,richtete
22066,ihn,ihn,PRON,oa,22065,starrte
22067,gräßlich,gräßlich,ADV,mo,22065,starrte
22068,an,an,ADP,svp,22065,starrte
22069,und,und,CCONJ,cd,22065,starrte
22070,röchelte,röchelen,VERB,ROOT,22070,röchelte
22071,dumpf,Dumpf,NOUN,oa,22070,röchelte
22072,.,--,PUNCT,punct,22070,röchelte
22073,»,--,PUNCT,punct,22074,Mörder
22074,Mörder,Mörder,NOUN,ROOT,22074,Mörder
22075,!,--,PUNCT,punct,22074,Mörder
22076,Mörder,Mörder,NOUN,ROOT,22076,Mörder
22077,des,der,DET,nk,22078,Vaters
22078,Vaters,Vater,NOUN,ag,22076,Mörder
22079,deines,dein,DET,nk,22080,Weibes
22080,Weibes,Weibe,NOUN,ag,22078,Vaters
22081,",",--,PUNCT,punct,22076,Mörder
22082,aber,aber,CCONJ,cd,22076,Mörder
22083,meine,mein,DET,nk,22084,Teufel
22084,Teufel,Teufel,NOUN,cj,22082,aber
22085,sollen,sollen,AUX,ROOT,22085,sollen
22086,dich,dich,PRON,sb,22085,sollen
22087,quälen,quälen,VERB,oc,22085,sollen
22088,!,--,PUNCT,punct,22085,sollen
22089,«,--,PUNCT,punct,22085,sollen
22090,-,--,PUNCT,punct,22092,Fahre
22091,»,--,PUNCT,punct,22092,Fahre
22092,Fahre,Fahre,NOUN,sb,22101,schrie
22093,zur,zu,ADP,mnr,22092,Fahre
22094,Hölle,Hölle,NOUN,nk,22093,zur
22095,",",--,PUNCT,punct,22092,Fahre
22096,du,du,PRON,app,22092,Fahre
22097,satanischer,satanisch,ADJ,nk,22098,Bösewicht
22098,Bösewicht,Bösewicht,NOUN,cj,22092,Fahre
22099,«,--,PUNCT,punct,22092,Fahre
22100,",",--,PUNCT,punct,22101,schrie
22101,schrie,schreien,VERB,ROOT,22101,schrie
22102,Andres,Andr,NOUN,sb,22113,widerstand
22103,",",--,PUNCT,punct,22102,Andres
22104,der,der,PRON,sb,22111,wollte
22105,dem,der,DET,nk,22106,Entsetzen
22106,Entsetzen,entsetzen,NOUN,da,22110,übermannen
22107,",",--,PUNCT,punct,22106,Entsetzen
22108,das,der,PRON,sb,22111,wollte
22109,ihn,ihn,PRON,oa,22110,übermannen
22110,übermannen,übermannen,VERB,oc,22111,wollte
22111,wollte,wollen,AUX,rc,22102,Andres
22112,",",--,PUNCT,punct,22113,widerstand
22113,widerstand,Widerstand,VERB,ROOT,22113,widerstand
22114,;,--,PUNCT,punct,22113,widerstand
22115,»,--,PUNCT,punct,22116,fahre
22116,fahre,fahren,VERB,oc,22113,widerstand
22117,hin,hin,ADV,svp,22116,fahre
22118,zur,zu,ADP,ROOT,22118,zur
22119,Hölle,Hölle,NOUN,nk,22118,zur
22120,",",--,PUNCT,punct,22119,Hölle
22121,du,du,PRON,app,22119,Hölle
22122,",",--,PUNCT,punct,22121,du
22123,der,der,PRON,oa,22128,verdient
22124,du,du,PRON,sb,22129,hast
22125,den,der,DET,nk,22126,Tod
22126,Tod,Tod,NOUN,oa,22128,verdient
22127,hundertfältig,hundertfältig,ADV,mo,22128,verdient
22128,verdient,verdienen,VERB,oc,22129,hast
22129,hast,haben,AUX,rc,22121,du
22130,",",--,PUNCT,punct,22129,hast
22131,dem,der,PRON,da,22135,gab
22132,ich,ich,PRON,sb,22135,gab
22133,den,der,DET,nk,22134,Tod
22134,Tod,Tod,NOUN,oa,22135,gab
22135,gab,geben,VERB,rc,22125,den
22136,",",--,PUNCT,punct,22118,zur
22137,weil,weil,SCONJ,cp,22139,versuchten
22138,er,er,PRON,sb,22139,versuchten
22139,versuchten,versuchen,ADJ,nk,22140,Mord
22140,Mord,Mord,NOUN,ROOT,22140,Mord
22141,an,an,ADP,mnr,22140,Mord
22142,meinem,mein,DET,nk,22143,Kinde
22143,Kinde,Kind,NOUN,nk,22141,an
22144,",",--,PUNCT,punct,22140,Mord
22145,an,an,ADP,op,22150,verüben
22146,dem,der,DET,nk,22147,Kinde
22147,Kinde,Kind,NOUN,nk,22145,an
22148,seiner,sein,DET,nk,22149,Tochter
22149,Tochter,Tochter,NOUN,ag,22147,Kinde
22150,verüben,verüben,VERB,rc,22140,Mord
22151,wollte,wollen,AUX,ROOT,22151,wollte
22152,!,--,PUNCT,punct,22151,wollte
22153,Du,du,PRON,sb,22154,hast
22154,hast,haben,AUX,ROOT,22154,hast
22155,nur,nur,ADV,mo,22156,Buße
22156,Buße,Buße,NOUN,oa,22154,hast
22157,und,und,CCONJ,cd,22156,Buße
22158,Frömmigkeit,Frömmigkeit,NOUN,cj,22157,und
22159,geheuchelt,heucheln,ADV,oc,22154,hast
22160,um,um,ADP,mo,22159,geheuchelt
22161,schändlichen,schändlich,ADJ,nk,22162,Verrats
22162,Verrats,Verrat,NOUN,nk,22160,um
22163,willen,willen,ADV,ROOT,22163,willen
22164,",",--,PUNCT,punct,22163,willen
22165,aber,aber,CCONJ,cd,22163,willen
22166,nun,nun,ADV,mo,22167,bereitet
22167,bereitet,bereiten,VERB,cj,22165,aber
22168,der,der,DET,nk,22169,Satan
22169,Satan,Satan,PROPN,sb,22167,bereitet
22170,manche,mancher,DET,nk,22171,Qual
22171,Qual,Qual,NOUN,oa,22167,bereitet
22172,deiner,deiner,ADJ,nk,22173,Seele
22173,Seele,Seele,NOUN,ag,22171,Qual
22174,",",--,PUNCT,punct,22171,Qual
22175,die,der,PRON,oa,22167,bereitet
22176,du,du,PRON,nk,22175,die
22177,ihm,ihm,PRON,da,22175,die
22178,verkauft,verkaufen,VERB,ROOT,22178,verkauft
22179,.,--,PUNCT,punct,22178,verkauft
22180,«,--,PUNCT,punct,22178,verkauft
22181,Da,da,ADV,mo,22182,sank
22182,sank,sinken,VERB,ROOT,22182,sank
22183,Trabacchio,Trabacchio,NOUN,sb,22182,sank
22184,heulend,heulend,ADV,mo,22182,sank
22185,zurück,zurück,ADV,svp,22182,sank
22186,und,und,CCONJ,cd,22182,sank
22187,immer,immer,ADV,mo,22188,dumpfer
22188,dumpfer,dumpfer,ADV,cj,22186,und
22189,und,und,CCONJ,cd,22188,dumpfer
22190,dumpfer,dumpf,ADV,cj,22189,und
22191,wimmernd,wimmernd,ADV,mo,22192,gab
22192,gab,geben,VERB,ROOT,22192,gab
22193,er,er,PRON,sb,22192,gab
22194,seinen,sein,DET,nk,22195,Geist
22195,Geist,Geist,NOUN,oa,22192,gab
22196,auf,auf,ADP,svp,22192,gab
22197,.,--,PUNCT,punct,22192,gab
22198,Nun,nun,ADV,mo,22199,gruben
22199,gruben,graben,VERB,ROOT,22199,gruben
22200,die,der,DET,nk,22202,Männer
22201,beiden,beide,DET,nk,22202,Männer
22202,Männer,Mann,NOUN,sb,22199,gruben
22203,ein,ein,DET,nk,22205,Loch
22204,tiefes,tief,ADJ,nk,22205,Loch
22205,Loch,Loch,NOUN,oa,22199,gruben
22206,",",--,PUNCT,punct,22199,gruben
22207,in,in,ADP,mo,22212,warfen
22208,das,der,PRON,nk,22207,in
22209,sie,sie,PRON,sb,22212,warfen
22210,Trabacchios,Trabacchio,PROPN,ag,22211,Körper
22211,Körper,Körper,NOUN,oa,22212,warfen
22212,warfen,werfen,VERB,ROOT,22212,warfen
22213,.,--,PUNCT,punct,22212,warfen
22214,»,--,PUNCT,punct,22217,komme
22215,Sein,sein,DET,nk,22216,Blut
22216,Blut,Blut,NOUN,sb,22217,komme
22217,komme,kommen,VERB,ROOT,22217,komme
22218,nicht,nicht,PART,ng,22217,komme
22219,über,über,ADP,op,22217,komme
22220,mich,mich,PRON,nk,22219,über
22221,!,--,PUNCT,punct,22217,komme
22222,«,--,PUNCT,punct,22217,komme
22223,sprach,sprechen,VERB,ROOT,22223,sprach
22224,Andres,Andr,NOUN,sb,22240,meinen
22225,",",--,PUNCT,punct,22224,Andres
22226,»,--,PUNCT,punct,22224,Andres
22227,aber,aber,CCONJ,cd,22224,Andres
22228,ich,ich,PRON,sb,22229,konnte
22229,konnte,können,AUX,cj,22227,aber
22230,nicht,nicht,PART,ng,22229,konnte
22231,anders,anders,ADV,mo,22229,konnte
22232,",",--,PUNCT,punct,22224,Andres
22233,ich,ich,PRON,sb,22234,war
22234,war,sein,AUX,cj,22224,Andres
22235,dazu,dazu,ADV,mo,22236,ausersehen
22236,ausersehen,ausersehen,VERB,oc,22234,war
22237,von,von,ADP,sbp,22236,ausersehen
22238,Gott,Gott,NOUN,nk,22237,von
22239,",",--,PUNCT,punct,22240,meinen
22240,meinen,meinen,VERB,ROOT,22240,meinen
22241,Georg,Georg,PROPN,mo,22243,retten
22242,zu,zu,PART,pm,22243,retten
22243,retten,retten,VERB,ROOT,22243,retten
22244,und,und,CCONJ,cd,22243,retten
22245,hundertfältige,hundertfältig,ADJ,nk,22246,Frevel
22246,Frevel,Frevel,NOUN,oa,22248,rächen
22247,zu,zu,PART,pm,22248,rächen
22248,rächen,rächen,VERB,cj,22244,und
22249,.,--,PUNCT,punct,22243,retten
22250,Doch,doch,CCONJ,ju,22251,will
22251,will,wollen,AUX,ROOT,22251,will
22252,ich,ich,PRON,sb,22251,will
22253,für,für,ADP,mo,22251,will
22254,seine,sein,DET,nk,22253,für
22255,Seele,Seele,NOUN,oa,22256,beten
22256,beten,beten,VERB,ROOT,22256,beten
22257,und,und,CCONJ,cd,22256,beten
22258,ein,ein,DET,nk,22260,Kreuz
22259,kleines,klein,ADJ,nk,22260,Kreuz
22260,Kreuz,Kreuz,NOUN,oa,22264,stellen
22261,auf,auf,ADP,mo,22264,stellen
22262,sein,sein,DET,nk,22263,Grab
22263,Grab,Grab,NOUN,nk,22261,auf
22264,stellen,stellen,VERB,cj,22257,und
22265,.,--,PUNCT,punct,22256,beten
22266,«,--,PUNCT,punct,22256,beten
22267,Als,als,ADP,ROOT,22267,Als
22268,andern,anderer,ADJ,nk,22269,Tages
22269,Tages,Tag,NOUN,nk,22267,Als
22270,Andres,Andr,NOUN,sb,22274,wollte
22271,dieses,dieser,DET,nk,22272,Vorhaben
22272,Vorhaben,Vorhaben,NOUN,oa,22273,ausfahren
22273,ausfahren,ausfahren,VERB,oc,22274,wollte
22274,wollte,wollen,AUX,mo,22276,fand
22275,",",--,PUNCT,punct,22276,fand
22276,fand,finden,VERB,ROOT,22276,fand
22277,er,er,PRON,sb,22276,fand
22278,die,der,DET,nk,22279,Erde
22279,Erde,Erde,NOUN,oa,22280,aufgewühlt
22280,aufgewühlt,aufwühlen,VERB,oc,22276,fand
22281,",",--,PUNCT,punct,22280,aufgewühlt
22282,der,der,PRON,dep,22276,fand
22283,Leichnam,Leichnam,NOUN,sb,22284,war
22284,war,sein,AUX,ROOT,22284,war
22285,verschwunden,verschwinden,VERB,oc,22284,war
22286,.,--,PUNCT,punct,22284,war
22287,Ob,ob,SCONJ,cp,22288,das
22288,das,der,PRON,ROOT,22288,das
22289,nun,nun,ADV,mo,22290,von
22290,von,von,ADP,pg,22288,das
22291,wilden,wild,ADJ,nk,22292,Tieren
22292,Tieren,Tier,NOUN,nk,22290,von
22293,",",--,PUNCT,punct,22290,von
22294,oder,oder,CCONJ,cd,22290,von
22295,wie,wie,ADP,cm,22296,sonst
22296,sonst,sonst,ADV,cj,22294,oder
22297,bewirkt,bewirken,VERB,sb,22299,blieb
22298,",",--,PUNCT,punct,22299,blieb
22299,blieb,bleiben,VERB,ROOT,22299,blieb
22300,in,in,ADP,mo,22299,blieb
22301,Zweifel,Zweifel,NOUN,nk,22300,in
22302,.,--,PUNCT,punct,22299,blieb
22303,Andres,Andres,NOUN,sb,22304,ging
22304,ging,gehen,VERB,ROOT,22304,ging
22305,mit,mit,ADP,mo,22304,ging
22306,seinem,sein,DET,nk,22307,Knaben
22307,Knaben,Knabe,NOUN,nk,22305,mit
22308,und,und,CCONJ,cd,22307,Knaben
22309,dem,der,DET,nk,22311,Jäger
22310,alten,alt,ADJ,nk,22311,Jäger
22311,Jäger,Jäger,NOUN,cj,22308,und
22312,zum,zu,ADP,ROOT,22312,zum
22313,Grafen,Grafen,NOUN,nk,22312,zum
22314,von,von,ADP,pg,22313,Grafen
22315,Vach,Vach,PROPN,nk,22314,von
22316,",",--,PUNCT,punct,22312,zum
22317,und,und,CCONJ,cd,22312,zum
22318,berichtete,berichten,VERB,cj,22317,und
22319,treulich,treulich,ADV,mo,22318,berichtete
22320,die,der,DET,nk,22322,Begebenheit
22321,ganze,ganz,ADJ,nk,22322,Begebenheit
22322,Begebenheit,Begebenheit,NOUN,oa,22318,berichtete
22323,.,--,PUNCT,punct,22318,berichtete
22324,Der,der,DET,nk,22325,Graf
22325,Graf,Graf,NOUN,ROOT,22325,Graf
22326,von,von,ADP,mo,22328,billigte
22327,Vach,Vach,PROPN,nk,22326,von
22328,billigte,billigen,VERB,ROOT,22328,billigte
22329,die,der,DET,nk,22330,Tat
22330,Tat,Tat,NOUN,sb,22328,billigte
22331,des,der,DET,nk,22332,Andres
22332,Andres,Andr,NOUN,ag,22330,Tat
22333,",",--,PUNCT,punct,22332,Andres
22334,der,der,PRON,sb,22339,einen
22335,zur,zu,ADP,op,22339,einen
22336,Rettung,Rettung,NOUN,nk,22335,zur
22337,seines,sein,DET,nk,22338,Sohnes
22338,Sohnes,Sohn,NOUN,ag,22336,Rettung
22339,einen,einer,DET,punct,22328,billigte
22340,Räuber,Räuber,NOUN,sb,22344,hatte
22341,und,und,CCONJ,cd,22340,Räuber
22342,Mörder,Mörder,NOUN,cj,22341,und
22343,niedergestreckt,niedergestreckt,VERB,oc,22344,hatte
22344,hatte,haben,AUX,ROOT,22344,hatte
22345,und,und,CCONJ,cd,22344,hatte
22346,ließ,lassen,VERB,cj,22345,und
22347,den,der,DET,nk,22349,Verlauf
22348,ganzen,ganz,ADJ,nk,22349,Verlauf
22349,Verlauf,Verlauf,NOUN,oa,22346,ließ
22350,der,der,DET,nk,22351,Sache
22351,Sache,Sache,NOUN,ag,22349,Verlauf
22352,niederschreiben,niederschreiben,VERB,ROOT,22352,niederschreiben
22353,und,und,CCONJ,cd,22352,niederschreiben
22354,im,in,ADP,mo,22358,aufbewahren
22355,Archiv,Archiv,NOUN,nk,22354,im
22356,des,der,DET,nk,22357,Schlosses
22357,Schlosses,Schloß,NOUN,ag,22355,Archiv
22358,aufbewahren,aufbewahren,VERB,cj,22353,und
22359,.,--,PUNCT,punct,22352,niederschreiben
22360,Die,der,DET,nk,22362,Begebenheit
22361,schreckliche,schrecklich,ADJ,nk,22362,Begebenheit
22362,Begebenheit,Begebenheit,NOUN,sb,22363,hatte
22363,hatte,haben,AUX,ROOT,22363,hatte
22364,den,der,DET,nk,22365,Andres
22365,Andres,Andres,NOUN,oa,22369,erschüttert
22366,tief,tief,ADV,mo,22369,erschüttert
22367,im,in,ADP,mo,22369,erschüttert
22368,Innersten,Innerst,NOUN,nk,22367,im
22369,erschüttert,erschüttern,VERB,oc,22363,hatte
22370,",",--,PUNCT,punct,22363,hatte
22371,und,und,CCONJ,ju,22373,mochte
22372,wohl,wohl,ADV,mo,22373,mochte
22373,mochte,mögen,VERB,ROOT,22373,mochte
22374,er,er,PRON,sb,22373,mochte
22375,sich,sich,PRON,oa,22373,mochte
22376,deshalb,deshalb,ADV,mo,22373,mochte
22377,",",--,PUNCT,punct,22373,mochte
22378,wenn,wenn,SCONJ,cp,22381,eingebrochen
22379,die,der,DET,nk,22380,Nacht
22380,Nacht,Nacht,NOUN,sb,22381,eingebrochen
22381,eingebrochen,einbrechen,VERB,mo,22373,mochte
22382,",",--,PUNCT,punct,22373,mochte
22383,schlaflos,schlaflos,ADV,mo,22373,mochte
22384,auf,auf,ADP,mo,22373,mochte
22385,dem,der,DET,nk,22384,auf
22386,Lager,Lager,NOUN,oa,22387,wälzen
22387,wälzen,wälzen,VERB,ROOT,22387,wälzen
22388,.,--,PUNCT,punct,22387,wälzen
22389,Aber,aber,CCONJ,ju,22400,hörte
22390,wenn,wenn,SCONJ,cp,22397,hinbrütete
22391,er,er,PRON,sb,22397,hinbrütete
22392,so,so,ADV,mo,22397,hinbrütete
22393,zwischen,zwischen,ADP,mo,22397,hinbrütete
22394,Wachen,Wachen,NOUN,nk,22393,zwischen
22395,und,und,CCONJ,cd,22394,Wachen
22396,Träumen,Träum,NOUN,cj,22395,und
22397,hinbrütete,hinbrüten,VERB,re,22399,da
22398,",",--,PUNCT,punct,22399,da
22399,da,da,ADV,mo,22400,hörte
22400,hörte,hören,VERB,ROOT,22400,hörte
22401,er,er,PRON,ROOT,22401,er
22402,es,es,PRON,oa,22405,knistern
22403,im,in,ADP,mo,22405,knistern
22404,Zimmer,Zimmer,NOUN,nk,22403,im
22405,knistern,knistern,VERB,ROOT,22405,knistern
22406,und,und,CCONJ,cd,22405,knistern
22407,rauschen,rausch,ADJ,cj,22406,und
22408,",",--,PUNCT,punct,22405,knistern
22409,und,und,CCONJ,cd,22405,knistern
22410,ein,ein,DET,nk,22412,Schein
22411,roter,rot,ADJ,nk,22412,Schein
22412,Schein,Schein,NOUN,sb,22413,fuhr
22413,fuhr,fahren,VERB,cj,22409,und
22414,hindurch,hindurch,ADV,mo,22413,fuhr
22415,und,und,CCONJ,cd,22413,fuhr
22416,verschwand,Verschwand,VERB,ROOT,22416,verschwand
22417,wieder,wieder,ADV,svp,22416,verschwand
22418,.,--,PUNCT,punct,22416,verschwand
22419,Sowie,Sowie,CCONJ,ju,22429,murmelte
22420,er,er,PRON,sb,22423,horchen
22421,anfing,anfing,VERB,oa,22423,horchen
22422,zu,zu,PART,pm,22423,horchen
22423,horchen,horchen,VERB,cj,22419,Sowie
22424,und,und,CCONJ,cd,22423,horchen
22425,zu,zu,PART,pm,22426,schauen
22426,schauen,schauen,VERB,cj,22424,und
22427,",",--,PUNCT,punct,22428,da
22428,da,da,ADV,mo,22429,murmelte
22429,murmelte,murmelen,VERB,ROOT,22429,murmelte
22430,es,es,PRON,ep,22429,murmelte
22431,dumpf,Dumpf,PROPN,ROOT,22431,dumpf
22432,.,--,PUNCT,punct,22431,dumpf
22433,»,--,PUNCT,punct,22435,bist
22434,Nun,nun,ADV,mo,22435,bist
22435,bist,sein,AUX,ROOT,22435,bist
22436,du,du,PRON,sb,22435,bist
22437,Meister,Meister,PROPN,pd,22435,bist
22438,-,--,PUNCT,punct,22437,Meister
22439,du,du,PRON,sb,22440,hast
22440,hast,haben,AUX,cj,22435,bist
22441,den,der,DET,nk,22442,Schatz
22442,Schatz,Schatz,NOUN,oa,22440,hast
22443,-,--,PUNCT,punct,22435,bist
22444,du,du,PRON,sb,22445,hast
22445,hast,haben,AUX,cj,22435,bist
22446,den,der,DET,nk,22447,Schatz
22447,Schatz,Schatz,NOUN,oa,22449,gebeut
22448,-,--,PUNCT,punct,22447,Schatz
22449,gebeut,beuen,VERB,oc,22445,hast
22450,über,über,ADP,ROOT,22450,über
22451,die,der,DET,nk,22452,Kraft
22452,Kraft,Kraft,NOUN,nk,22450,über
22453,",",--,PUNCT,punct,22450,über
22454,sie,sie,PRON,sb,22455,ist
22455,ist,sein,AUX,cj,22450,über
22456,dein,dein,PRON,pd,22455,ist
22457,!,--,PUNCT,punct,22450,über
22458,«,--,PUNCT,punct,22450,über
22459,-,--,PUNCT,punct,22462,war
22460,Dem,der,DET,nk,22461,Andres
22461,Andres,Andr,NOUN,da,22462,war
22462,war,sein,AUX,ROOT,22462,war
22463,es,es,PRON,sb,22462,war
22464,",",--,PUNCT,punct,22462,war
22465,als,als,SCONJ,cm,22466,wolle
22466,wolle,wollen,AUX,cc,22462,war
22467,ein,ein,DET,nk,22468,unbekanntes
22468,unbekanntes,unbekannt,ADJ,sb,22466,wolle
22469,Gefühl,Gefühl,NOUN,ROOT,22469,Gefühl
22470,ganz,ganz,ADV,mo,22471,eigner
22471,eigner,eign,ADJ,nk,22472,Wohlbehaglichkeit
22472,Wohlbehaglichkeit,Wohlbehaglichkeit,NOUN,ag,22469,Gefühl
22473,und,und,CCONJ,cd,22472,Wohlbehaglichkeit
22474,Lebenslust,Lebenslust,NOUN,cj,22473,und
22475,in,in,ADP,mo,22477,aufgehen
22476,ihm,ihm,PRON,nk,22475,in
22477,aufgehen,aufgehen,VERB,oc,22469,Gefühl
22478,;,--,PUNCT,punct,22469,Gefühl
22479,aber,aber,CCONJ,ROOT,22479,aber
22480,sowie,sowie,CCONJ,cd,22479,aber
22481,die,der,DET,nk,22482,Morgenröte
22482,Morgenröte,Morgenröte,NOUN,sb,22486,brach
22483,durch,durch,ADP,mnr,22482,Morgenröte
22484,die,der,DET,nk,22485,Fenster
22485,Fenster,Fenster,NOUN,nk,22483,durch
22486,brach,brechen,VERB,ROOT,22486,brach
22487,",",--,PUNCT,punct,22488,da
22488,da,da,ADV,mo,22489,ermannte
22489,ermannte,ermannen,VERB,oc,22486,brach
22490,sich,sich,PRON,oa,22489,ermannte
22491,Andres,Andres,NOUN,sb,22489,ermannte
22492,und,und,CCONJ,cd,22489,ermannte
22493,betete,beten,VERB,cj,22492,und
22494,",",--,PUNCT,punct,22493,betete
22495,wie,wie,ADP,ROOT,22495,wie
22496,er,er,PRON,sb,22500,gewohnt
22497,es,es,PRON,oa,22499,tun
22498,zu,zu,PART,pm,22499,tun
22499,tun,tun,VERB,oc,22500,gewohnt
22500,gewohnt,wohnen,ADV,ROOT,22500,gewohnt
22501,",",--,PUNCT,punct,22500,gewohnt
22502,kräftig,kräftig,ADV,cj,22500,gewohnt
22503,und,und,CCONJ,cd,22502,kräftig
22504,inbrünstig,inbrünstig,ADV,cj,22503,und
22505,zu,zu,ADP,mo,22500,gewohnt
22506,dem,der,DET,nk,22507,Herrn
22507,Herrn,Herr,NOUN,nk,22505,zu
22508,",",--,PUNCT,punct,22507,Herrn
22509,der,der,PRON,app,22507,Herrn
22510,seine,sein,DET,nk,22511,Seele
22511,Seele,Seele,NOUN,oa,22500,gewohnt
22512,erleuchtete,erleuchten,VERB,ROOT,22512,erleuchtete
22513,.,--,PUNCT,punct,22512,erleuchtete
22514,»,--,PUNCT,punct,22516,weiß
22515,Ich,ich,PRON,sb,22516,weiß
22516,weiß,wissen,VERB,ROOT,22516,weiß
22517,was,was,PRON,oa,22516,weiß
22518,nun,nun,ADV,mo,22516,weiß
22519,noch,noch,ADV,mo,22521,Amts
22520,meines,mein,DET,nk,22521,Amts
22521,Amts,Amt,NOUN,pd,22524,ist
22522,und,und,CCONJ,cd,22521,Amts
22523,Berufs,Beruf,NOUN,cj,22522,und
22524,ist,sein,AUX,oc,22516,weiß
22525,",",--,PUNCT,punct,22524,ist
22526,um,um,SCONJ,op,22516,weiß
22527,den,der,DET,nk,22526,um
22528,Versucher,Versucher,ADV,oa,22530,bannen
22529,zu,zu,PART,pm,22530,bannen
22530,bannen,bannen,VERB,ROOT,22530,bannen
22531,und,und,CCONJ,cd,22530,bannen
22532,die,der,DET,nk,22533,Sünde
22533,Sünde,Sünde,NOUN,oa,22534,abzuwenden
22534,abzuwenden,abwenden,VERB,cj,22531,und
22535,von,von,ADP,mo,22534,abzuwenden
22536,meinem,mein,DET,nk,22537,Hause
22537,Hause,Haus,NOUN,nk,22535,von
22538,!,--,PUNCT,punct,22530,bannen
22539,«,--,PUNCT,punct,22530,bannen
22540,-,--,PUNCT,punct,22542,sprach
22541,So,so,ADV,mo,22542,sprach
22542,sprach,sprechen,VERB,ROOT,22542,sprach
22543,Andres,Andr,NOUN,sb,22545,nahm
22544,",",--,PUNCT,punct,22545,nahm
22545,nahm,nehmen,VERB,ROOT,22545,nahm
22546,Trabacchios,Trabacchio,PROPN,da,22545,nahm
22547,Kistchen,Kistchen,NOUN,oa,22545,nahm
22548,und,und,CCONJ,cd,22545,nahm
22549,warf,werfen,VERB,cj,22548,und
22550,es,es,PRON,oa,22549,warf
22551,",",--,PUNCT,punct,22549,warf
22552,ohne,ohne,SCONJ,cp,22555,öffnen
22553,es,es,PRON,oa,22555,öffnen
22554,zu,zu,PART,pm,22555,öffnen
22555,öffnen,öffnen,VERB,mo,22549,warf
22556,",",--,PUNCT,punct,22555,öffnen
22557,in,in,ADP,mo,22549,warf
22558,eine,ein,DET,nk,22559,tiefe
22559,tiefe,tief,ADJ,nk,22557,in
22560,Bergschlucht,Bergschlucht,NOUN,ROOT,22560,Bergschlucht
22561,.,--,PUNCT,punct,22560,Bergschlucht
22562,Nun,nun,ADV,mo,22564,Andres
22563,genoß,genoß,ADJ,nk,22564,Andres
22564,Andres,Andr,NOUN,ROOT,22564,Andres
22565,eines,ein,DET,nk,22566,ruhigen
22566,ruhigen,ruhig,ADJ,nk,22568,Alters
22567,heitern,heitern,ADJ,nk,22568,Alters
22568,Alters,Alter,NOUN,ag,22564,Andres
22569,",",--,PUNCT,punct,22568,Alters
22570,das,der,PRON,sb,22564,Andres
22571,keine,kein,DET,nk,22570,das
22572,feindliche,feindlich,ADJ,nk,22573,Macht
22573,Macht,Macht,NOUN,oa,22575,zerstören
22574,zu,zu,PART,pm,22575,zerstören
22575,zerstören,zerstören,VERB,oc,22576,vermochte
22576,vermochte,vermögen,VERB,ROOT,22576,vermochte
22577,.,--,PUNCT,punct,22576,vermochte
22578,Ende,Ende,NOUN,ROOT,22578,Ende
