Idx,Token,Lemma,PoS,Dependency,Dependency_head_idx,Dependency_head_text
0,E.,E.,PROPN,pnc,3,Hoffmann
1,T.,T.,PROPN,pnc,3,Hoffmann
2,A.,A.,PROPN,pnc,3,Hoffmann
3,Hoffmann,Hoffmann,PROPN,ROOT,3,Hoffmann
4,Das,der,DET,nk,6,Kind
5,fremde,fremd,ADJ,nk,6,Kind
6,Kind,Kind,NOUN,ROOT,6,Kind
7,Der,der,DET,nk,8,Herr
8,Herr,Herr,NOUN,ROOT,8,Herr
9,von,von,ADP,pg,8,Herr
10,Brakel,Brakel,NOUN,nk,9,von
11,auf,auf,ADP,mnr,8,Herr
12,Brakelheim,Brakelheim,PROPN,nk,11,auf
13,Es,es,PRON,sb,14,war
14,war,sein,AUX,ROOT,14,war
15,einmal,einmal,ADV,mo,14,war
16,ein,ein,DET,nk,17,Edelmann
17,Edelmann,Edelmann,NOUN,pd,14,war
18,",",--,PUNCT,punct,17,Edelmann
19,der,der,PRON,sb,20,hieß
20,hieß,heißen,VERB,cj,14,war
21,Herr,Herr,NOUN,sb,20,hieß
22,Thaddäus,Thaddäus,PROPN,nk,21,Herr
23,von,von,ADP,mnr,21,Herr
24,Brakel,Brakel,PROPN,nk,23,von
25,und,und,CCONJ,cd,20,hieß
26,wohnte,wohnen,VERB,cj,25,und
27,in,in,ADP,mo,26,wohnte
28,dem,der,DET,nk,27,in
29,kleinen,klein,ADJ,nk,30,Dörfchen
30,Dörfchen,Dörfchen,NOUN,ROOT,30,Dörfchen
31,Brakelheim,Brakelheim,PROPN,nk,30,Dörfchen
32,",",--,PUNCT,punct,30,Dörfchen
33,das,der,PRON,oa,40,alten
34,er,er,PRON,sb,33,das
35,von,von,ADP,sbp,40,alten
36,seinem,sein,DET,nk,38,Vater
37,verstorbenen,verstorben,ADJ,nk,38,Vater
38,Vater,Vater,NOUN,nk,35,von
39,dem,der,DET,nk,40,alten
40,alten,alt,ADJ,punct,30,Dörfchen
41,Herrn,Herr,NOUN,oa,44,geerbt
42,von,von,ADP,pg,41,Herrn
43,Brakel,Brakel,PROPN,nk,42,von
44,geerbt,erben,VERB,oc,45,hatte
45,hatte,haben,AUX,ROOT,45,hatte
46,",",--,PUNCT,punct,45,hatte
47,und,und,CCONJ,cd,45,hatte
48,das,der,PRON,sb,52,war
49,mithin,mithin,ADV,mo,52,war
50,sein,sein,DET,nk,51,Eigentum
51,Eigentum,Eigentum,NOUN,pd,52,war
52,war,sein,AUX,cj,47,und
53,.,--,PUNCT,punct,45,hatte
54,Die,der,DET,nk,55,vier
55,vier,vier,NUM,ROOT,55,vier
56,Bauern,Bauer,NOUN,sb,67,nannten
57,",",--,PUNCT,punct,56,Bauern
58,die,der,PRON,sb,65,wohnten
59,außer,außer,ADP,mo,65,wohnten
60,ihm,ihm,PRON,nk,59,außer
61,noch,noch,CCONJ,mo,65,wohnten
62,in,in,ADP,mo,65,wohnten
63,dem,der,DET,nk,64,Dörfchen
64,Dörfchen,Dörfchen,NOUN,nk,62,in
65,wohnten,wohnen,VERB,rc,56,Bauern
66,",",--,PUNCT,punct,67,nannten
67,nannten,nennen,VERB,ROOT,67,nannten
68,ihn,ihn,PRON,oa,67,nannten
69,den,der,DET,nk,70,gnädigen
70,gnädigen,Gnädigen,NOUN,da,67,nannten
71,Herrn,Herr,NOUN,sb,82,einherging
72,",",--,PUNCT,punct,73,unerachtet
73,unerachtet,unerachten,VERB,ROOT,73,unerachtet
74,er,er,PRON,sb,73,unerachtet
75,wie,wie,ADP,cm,76,sie
76,sie,sie,PRON,mo,73,unerachtet
77,",",--,PUNCT,punct,73,unerachtet
78,mit,mit,ADP,mo,82,einherging
79,schlicht,schlicht,ADV,mo,80,ausgekämmten
80,ausgekämmten,ausgekämmt,ADJ,nk,81,Haaren
81,Haaren,Haar,NOUN,nk,78,mit
82,einherging,einherging,VERB,oc,73,unerachtet
83,und,und,CCONJ,cd,82,einherging
84,nur,nur,ADV,mo,85,sonntags
85,sonntags,sonntags,ADV,ROOT,85,sonntags
86,",",--,PUNCT,punct,85,sonntags
87,wenn,wenn,SCONJ,cp,88,er
88,er,er,PRON,cc,85,sonntags
89,mit,mit,ADP,mnr,88,er
90,seiner,sein,DET,nk,91,Frau
91,Frau,Frau,NOUN,nk,89,mit
92,und,und,CCONJ,cd,91,Frau
93,seinen,sein,DET,nk,95,Kindern
94,beiden,beide,DET,nk,95,Kindern
95,Kindern,Kind,NOUN,cj,92,und
96,Felix,Felix,PROPN,nk,95,Kindern
97,und,und,CCONJ,cd,89,mit
98,Christlieb,Christlieb,NOUN,sb,99,geheißen
99,geheißen,heißen,VERB,ROOT,99,geheißen
100,",",--,PUNCT,punct,99,geheißen
101,nach,nach,ADP,mo,108,fuhr
102,dem,der,DET,nk,105,Dorfe
103,benachbarten,benachbart,ADJ,nk,105,Dorfe
104,großen,groß,ADJ,nk,105,Dorfe
105,Dorfe,Dorfe,NOUN,nk,101,nach
106,zur,zu,ADP,mnr,105,Dorfe
107,Kirche,Kirche,NOUN,nk,106,zur
108,fuhr,fahren,VERB,oc,99,geheißen
109,",",--,PUNCT,punct,108,fuhr
110,statt,statt,SCONJ,punct,108,fuhr
111,der,der,DET,nk,113,Tuchjacke
112,groben,grob,ADJ,nk,113,Tuchjacke
113,Tuchjacke,Tuchjacke,NOUN,ROOT,113,Tuchjacke
114,",",--,PUNCT,punct,113,Tuchjacke
115,die,der,PRON,oa,118,trug
116,er,er,PRON,sb,118,trug
117,sonst,sonst,ADV,mo,118,trug
118,trug,tragen,VERB,rc,113,Tuchjacke
119,",",--,PUNCT,punct,113,Tuchjacke
120,ein,ein,DET,nk,123,Kleid
121,feines,fein,ADJ,nk,123,Kleid
122,grünes,grün,ADJ,nk,123,Kleid
123,Kleid,Kleid,NOUN,cj,113,Tuchjacke
124,und,und,CCONJ,cd,123,Kleid
125,eine,ein,DET,nk,126,rote
126,rote,rot,ADJ,cj,124,und
127,Weste,Weste,NOUN,sb,131,anlegte
128,mit,mit,ADP,mo,131,anlegte
129,goldenen,golden,ADJ,nk,130,Tressen
130,Tressen,Tress,NOUN,nk,128,mit
131,anlegte,anlegen,VERB,ROOT,131,anlegte
132,",",--,PUNCT,punct,131,anlegte
133,welches,welcher,PRON,sb,137,stand
134,ihm,ihm,PRON,da,137,stand
135,recht,recht,NOUN,mo,137,stand
136,gut,gut,ADV,mo,137,stand
137,stand,stehen,VERB,rc,130,Tressen
138,.,--,PUNCT,punct,131,anlegte
139,Eben,eben,ADV,mo,140,dieselben
140,dieselben,derselbe,PRON,ROOT,140,dieselben
141,Bauern,Bauer,NOUN,sb,142,pflegten
142,pflegten,pflegen,VERB,oc,145,fragte
143,auch,auch,ADV,mo,142,pflegten
144,",",--,PUNCT,punct,145,fragte
145,fragte,fragen,VERB,ROOT,145,fragte
146,man,man,PRON,sb,145,fragte
147,sie,sie,PRON,oa,145,fragte
148,:,--,PUNCT,punct,145,fragte
149,"""",--,PUNCT,punct,151,komme
150,Wo,wo,ADV,mo,151,komme
151,komme,kommen,VERB,oc,145,fragte
152,ich,ich,PRON,sb,151,komme
153,denn,denn,ADV,mo,151,komme
154,hin,hin,ADV,mo,151,komme
155,zum,zu,ADP,mo,151,komme
156,Herrn,Herr,NOUN,nk,155,zum
157,von,von,ADP,pg,156,Herrn
158,Brakel,Brakel,NOUN,ROOT,158,Brakel
159,?,--,PUNCT,punct,158,Brakel
160,"""",--,PUNCT,punct,158,Brakel
161,jedesmal,jedesmal,ADV,mo,163,antworten
162,zu,zu,PART,pm,163,antworten
163,antworten,antworten,VERB,oc,158,Brakel
164,:,--,PUNCT,punct,158,Brakel
165,"""",--,PUNCT,punct,173,Hügel
166,Nur,nur,ADV,mo,168,vorwärts
167,immer,immer,ADV,mo,168,vorwärts
168,vorwärts,vorwärts,ADV,mo,173,Hügel
169,durch,durch,ADP,mo,168,vorwärts
170,das,der,DET,nk,171,Dorf
171,Dorf,Dorf,NOUN,nk,169,durch
172,den,der,DET,nk,173,Hügel
173,Hügel,Hügel,NOUN,ROOT,173,Hügel
174,herauf,herauf,ADV,sb,181,ist
175,wo,wo,ADV,mo,178,stehen
176,die,der,DET,nk,177,Birken
177,Birken,Birke,NOUN,sb,178,stehen
178,stehen,stehen,VERB,rc,174,herauf
179,",",--,PUNCT,punct,180,da
180,da,da,ADV,mo,181,ist
181,ist,sein,AUX,ROOT,181,ist
182,des,der,DET,nk,184,Herrn
183,gnädigen,gnädig,ADJ,nk,184,Herrn
184,Herrn,Herr,NOUN,da,186,Schloß
185,sein,sein,DET,nk,186,Schloß
186,Schloß,Schloß,NOUN,pd,181,ist
187,!,--,PUNCT,punct,181,ist
188,"""",--,PUNCT,punct,181,ist
189,Nun,nun,ADV,mo,190,weiß
190,weiß,wissen,VERB,ROOT,190,weiß
191,doch,doch,CCONJ,ROOT,191,doch
192,aber,aber,ADV,mo,193,jedermann
193,jedermann,jedermann,PRON,mo,191,doch
194,",",--,PUNCT,punct,193,jedermann
195,daß,daß,SCONJ,cp,203,muß
196,ein,ein,DET,nk,197,Schloß
197,Schloß,Schloß,NOUN,sb,203,muß
198,ein,ein,DET,nk,201,Gebäude
199,großes,groß,ADJ,nk,201,Gebäude
200,hohes,hoch,ADJ,nk,201,Gebäude
201,Gebäude,Gebäude,NOUN,pd,202,sein
202,sein,sein,AUX,oc,203,muß
203,muß,müssen,AUX,oc,193,jedermann
204,mit,mit,ADP,mo,203,muß
205,vielen,vieler,DET,nk,206,Fenstern
206,Fenstern,Fenster,NOUN,ROOT,206,Fenstern
207,und,und,CCONJ,cd,206,Fenstern
208,Türen,Tür,NOUN,cj,207,und
209,",",--,PUNCT,punct,206,Fenstern
210,ja,ja,ADV,mo,213,mit
211,wohl,wohl,ADV,mo,213,mit
212,gar,gar,ADV,mo,213,mit
213,mit,mit,ADP,par,206,Fenstern
214,Türmen,Türmen,NOUN,nk,213,mit
215,und,und,CCONJ,cd,214,Türmen
216,funkelnden,funkelnd,ADJ,nk,217,Windfahnen
217,Windfahnen,Windfahn,NOUN,cj,215,und
218,",",--,PUNCT,punct,206,Fenstern
219,von,von,ADP,mnr,222,war
220,dem,der,DET,nk,221,allen
221,allen,alle,PRON,nk,219,von
222,war,sein,AUX,ROOT,222,war
223,aber,aber,ADV,mo,233,spüren
224,auf,auf,ADP,mo,233,spüren
225,dem,der,DET,nk,226,Hügel
226,Hügel,Hügel,NOUN,nk,224,auf
227,mit,mit,ADP,mo,233,spüren
228,den,der,DET,nk,229,Birken
229,Birken,Birk,NOUN,nk,227,mit
230,gar,gar,ADV,mo,231,nichts
231,nichts,nichts,PRON,oa,233,spüren
232,zu,zu,PART,pm,233,spüren
233,spüren,spüren,VERB,oc,222,war
234,",",--,PUNCT,punct,222,war
235,vielmehr,vielmehr,ADV,mo,236,stand
236,stand,stehen,VERB,ROOT,236,stand
237,da,da,ADV,mo,236,stand
238,nur,nur,ADV,mo,241,Häuschen
239,ein,ein,DET,nk,241,Häuschen
240,niedriges,niedrig,ADJ,nk,241,Häuschen
241,Häuschen,Häuschen,NOUN,sb,236,stand
242,mit,mit,ADP,mnr,241,Häuschen
243,wenigen,weniger,DET,nk,245,Fenstern
244,kleinen,klein,ADJ,nk,245,Fenstern
245,Fenstern,Fenster,NOUN,nk,242,mit
246,",",--,PUNCT,punct,245,Fenstern
247,das,der,PRON,oa,236,stand
248,man,man,PRON,sb,254,angekommen
249,kaum,kaum,ADV,mo,250,früher
250,früher,früh,ADV,mo,254,angekommen
251,als,als,ADP,cm,253,davor
252,dicht,dicht,ADV,mo,253,davor
253,davor,davor,ADV,mo,254,angekommen
254,angekommen,ankommen,VERB,ROOT,254,angekommen
255,",",--,PUNCT,punct,257,konnte
256,erblicken,erblicken,VERB,oc,257,konnte
257,konnte,können,AUX,re,250,früher
258,.,--,PUNCT,punct,254,angekommen
259,Geschieht,Geschieht,VERB,ROOT,259,Geschieht
260,es,es,PRON,sb,259,Geschieht
261,aber,aber,ADV,mo,259,Geschieht
262,wohl,wohl,ADV,ROOT,262,wohl
263,",",--,PUNCT,punct,262,wohl
264,daß,daß,SCONJ,cp,274,steht
265,man,man,PRON,sb,274,steht
266,vor,vor,ADP,mo,274,steht
267,dem,der,DET,nk,269,Tor
268,hohen,hoch,ADJ,nk,269,Tor
269,Tor,Tor,NOUN,nk,266,vor
270,eines,ein,DET,nk,271,Schlosses
271,Schlosses,Schloß,NOUN,ag,269,Tor
272,plötzlich,plötzlich,ADV,mo,274,steht
273,still,still,ADV,mo,274,steht
274,steht,stehen,VERB,re,262,wohl
275,und,und,CCONJ,cd,274,steht
276,",",--,PUNCT,punct,274,steht
277,angehaucht,Angehaucht,NOUN,sb,284,angestarrt
278,von,von,ADP,pg,277,angehaucht
279,der,der,DET,nk,282,Luft
280,herausströmenden,herausströmend,ADJ,nk,282,Luft
281,eiskalten,eiskalt,ADJ,nk,282,Luft
282,Luft,Luft,NOUN,nk,278,von
283,",",--,PUNCT,punct,284,angestarrt
284,angestarrt,anstarren,VERB,ROOT,284,angestarrt
285,von,von,ADP,sbp,284,angestarrt
286,den,der,DET,nk,287,toten
287,toten,tot,NOUN,nk,285,von
288,Augen,Auge,NOUN,ROOT,288,Augen
289,der,der,DET,nk,291,Steinbilder
290,seltsamen,seltsam,ADJ,nk,291,Steinbilder
291,Steinbilder,Steinbild,NOUN,ag,288,Augen
292,die,der,DET,nk,295,Wächter
293,wie,wie,ADP,mo,294,grauliche
294,grauliche,graulich,ADJ,nk,295,Wächter
295,Wächter,Wächter,NOUN,ROOT,295,Wächter
296,sich,sich,PRON,ROOT,296,sich
297,an,an,ADP,mnr,296,sich
298,die,der,DET,nk,299,Mauer
299,Mauer,Mauer,NOUN,nk,297,an
300,lehnen,lehnen,VERB,re,311,so
301,",",--,PUNCT,punct,300,lehnen
302,alle,aller,DET,nk,303,Lust
303,Lust,Lust,NOUN,sb,304,verliert
304,verliert,verlieren,VERB,cj,300,lehnen
305,hineinzugehen,hineinzugehen,VERB,oc,304,verliert
306,",",--,PUNCT,punct,305,hineinzugehen
307,sondern,sondern,CCONJ,cd,305,hineinzugehen
308,lieber,lieb,ADV,mo,309,umkehrt
309,umkehrt,umkehren,VERB,cj,307,sondern
310,",",--,PUNCT,punct,311,so
311,so,so,ADV,mo,312,war
312,war,sein,AUX,ROOT,312,war
313,das,der,DET,sb,312,war
314,bei,bei,ADP,ROOT,314,bei
315,dem,der,DET,nk,317,Hause
316,kleinen,klein,ADJ,nk,317,Hause
317,Hause,Haus,NOUN,nk,314,bei
318,des,der,DET,nk,319,Herrn
319,Herrn,Herr,NOUN,ag,317,Hause
320,Thaddäus,Thaddäus,PROPN,nk,319,Herrn
321,von,von,ADP,mnr,317,Hause
322,Brakel,Brakel,PROPN,nk,321,von
323,ganz,ganz,ADV,mo,314,bei
324,und,und,CCONJ,cd,323,ganz
325,gar,gar,ADV,mo,326,nicht
326,nicht,nicht,PART,cj,324,und
327,der,der,DET,ROOT,327,der
328,Fall,Fall,NOUN,ROOT,328,Fall
329,.,--,PUNCT,punct,328,Fall
330,Hatten,Hatten,AUX,ROOT,330,Hatten
331,nämlich,nämlich,ADV,mo,330,Hatten
332,schon,schon,ADV,mo,333,im
333,im,in,ADP,mo,330,Hatten
334,Wäldchen,Wäldchen,NOUN,nk,333,im
335,die,der,DET,nk,338,Birken
336,schönen,schön,ADJ,nk,338,Birken
337,schlanken,schlank,ADJ,nk,338,Birken
338,Birken,Birke,NOUN,sb,330,Hatten
339,mit,mit,ADP,mnr,338,Birken
340,ihren,ihr,DET,nk,339,mit
341,belaubten,belaubt,VERB,nk,342,Ästen
342,Ästen,Ast,NOUN,ROOT,342,Ästen
343,",",--,PUNCT,punct,342,Ästen
344,wie,wie,SCONJ,mo,345,mit
345,mit,mit,ADP,cc,342,Ästen
346,zum,zu,ADP,mo,348,ausgestreckten
347,Gruß,Gruß,NOUN,nk,346,zum
348,ausgestreckten,ausgestreckt,ADJ,nk,349,Armen
349,Armen,arme,NOUN,nk,345,mit
350,und,und,CCONJ,cd,345,mit
351,freundlich,freundlich,ADV,cj,350,und
352,zugewinkt,zugewinkt,VERB,mo,362,zugewispert
353,",",--,PUNCT,punct,354,hatten
354,hatten,haben,AUX,ROOT,354,hatten
355,sie,sie,PRON,sb,354,hatten
356,im,in,ADP,mo,362,zugewispert
357,frohen,froh,ADJ,nk,358,Rauschen
358,Rauschen,Rauschen,NOUN,nk,356,im
359,und,und,CCONJ,cd,358,Rauschen
360,Säuseln,säuseln,NOUN,cj,359,und
361,uns,uns,PRON,oa,362,zugewispert
362,zugewispert,zugewispern,VERB,oc,354,hatten
363,:,--,PUNCT,punct,354,hatten
364,"""",--,PUNCT,punct,365,Willkommen
365,Willkommen,willkommen,NOUN,mo,373,war
366,",",--,PUNCT,punct,365,Willkommen
367,willkommen,willkommen,ADV,mo,368,unter
368,unter,unter,ADP,par,365,Willkommen
369,uns,uns,PRON,nk,368,unter
370,!,--,PUNCT,punct,365,Willkommen
371,"""",--,PUNCT,punct,365,Willkommen
372,so,so,ADV,mo,373,war
373,war,sein,AUX,ROOT,373,war
374,es,es,PRON,sb,373,war
375,denn,denn,ADV,mo,373,war
376,nun,nun,ADV,mo,373,war
377,vollends,vollends,ADV,mo,373,war
378,bei,bei,ADP,mo,373,war
379,dem,der,DET,nk,380,Hause
380,Hause,Haus,NOUN,nk,378,bei
381,",",--,PUNCT,punct,373,war
382,als,als,ADP,ROOT,382,als
383,riefen,rufen,AUX,nk,385,Stimmen
384,holde,hold,ADJ,nk,385,Stimmen
385,Stimmen,Stimme,NOUN,nk,382,als
386,aus,aus,ADP,mnr,385,Stimmen
387,den,der,DET,nk,389,Fenstern
388,spiegelhellen,spiegelhell,ADJ,nk,389,Fenstern
389,Fenstern,Fenster,NOUN,nk,386,aus
390,",",--,PUNCT,punct,385,Stimmen
391,ja,ja,ADV,mo,393,aus
392,überall,überall,ADV,mo,393,aus
393,aus,aus,ADP,mnr,385,Stimmen
394,dem,der,DET,nk,393,aus
395,dunklen,dunkel,ADJ,nk,397,Weinlaube
396,dicken,dick,ADJ,nk,397,Weinlaube
397,Weinlaube,Weinlaube,NOUN,ROOT,397,Weinlaube
398,",",--,PUNCT,punct,397,Weinlaube
399,das,der,PRON,sb,406,bekleidete
400,die,der,DET,nk,401,Mauern
401,Mauern,Mauer,NOUN,oa,406,bekleidete
402,bis,bis,ADP,ac,403,zum
403,zum,zu,ADP,mo,406,bekleidete
404,Dach,Dach,NOUN,nk,403,zum
405,herauf,herauf,ADV,cd,403,zum
406,bekleidete,bekleiden,VERB,rc,397,Weinlaube
407,",",--,PUNCT,punct,397,Weinlaube
408,süßtönend,süßtönend,ADV,pd,412,Komm
409,heraus,heraus,ADV,mo,408,süßtönend
410,:,--,PUNCT,punct,408,süßtönend
411,"""",--,PUNCT,punct,412,Komm
412,Komm,Komm,VERB,ROOT,412,Komm
413,doch,doch,ADV,mo,412,Komm
414,nur,nur,ADV,mo,412,Komm
415,herein,herein,ADV,svp,412,Komm
416,",",--,PUNCT,punct,412,Komm
417,komm,kommen,VERB,cj,412,Komm
418,doch,doch,ADV,mo,417,komm
419,nur,nur,ADV,mo,417,komm
420,herein,herein,ADV,svp,417,komm
421,",",--,PUNCT,punct,412,Komm
422,du,du,PRON,sb,424,müder
423,lieber,lieber,ADV,mo,424,müder
424,müder,müder,NOUN,cj,412,Komm
425,Wanderer,Wanderer,NOUN,pd,428,ist
426,",",--,PUNCT,punct,425,Wanderer
427,hier,hier,ADV,mo,428,ist
428,ist,sein,AUX,ROOT,428,ist
429,es,es,PRON,sb,428,ist
430,gar,gar,ADV,mo,431,hübsch
431,hübsch,hübsch,ADV,pd,428,ist
432,und,und,CCONJ,cd,431,hübsch
433,gastlich,gastlich,ADV,cj,432,und
434,!,--,PUNCT,punct,428,ist
435,"""",--,PUNCT,punct,428,ist
436,Das,der,PRON,oa,437,bestätigten
437,bestätigten,bestätigen,VERB,ROOT,437,bestätigten
438,denn,denn,ADV,mo,437,bestätigten
439,auch,auch,ADV,mo,437,bestätigten
440,die,der,DET,svp,437,bestätigten
441,Nest,Nest,NOUN,ROOT,441,Nest
442,hinein,hinein,ADP,mo,441,Nest
443,Nest,Nest,NOUN,nk,447,Schwalben
444,hinaus,hinaus,ADP,mnr,443,Nest
445,lustig,lustig,ADV,mo,446,zwitschernden
446,zwitschernden,zwitschernd,ADJ,nk,447,Schwalben
447,Schwalben,Schwalbe,NOUN,ROOT,447,Schwalben
448,und,und,CCONJ,cd,447,Schwalben
449,der,der,DET,nk,451,Storch
450,alte,alt,ADJ,nk,451,Storch
451,Storch,Storch,NOUN,cj,448,und
452,schaute,Schaute,ADJ,nk,453,ernst
453,ernst,Ernst,ADV,ROOT,453,ernst
454,und,und,CCONJ,cd,453,ernst
455,klug,klug,ADV,cj,454,und
456,vom,von,ADP,mo,453,ernst
457,Rauchfange,Rauchfange,NOUN,nk,456,vom
458,herab,herab,ADV,mo,453,ernst
459,und,und,CCONJ,cd,453,ernst
460,sprach,sprechen,VERB,cj,459,und
461,:,--,PUNCT,punct,453,ernst
462,"""",--,PUNCT,punct,464,wohne
463,Ich,ich,PRON,sb,464,wohne
464,wohne,wohnen,VERB,ROOT,464,wohne
465,nun,nun,ADV,mo,464,wohne
466,schon,schon,ADV,mo,464,wohne
467,manches,mancher,DET,nk,469,Jahr
468,liebe,lieb,ADJ,nk,469,Jahr
469,Jahr,Jahr,NOUN,ROOT,469,Jahr
470,hindurch,hindurch,ADV,mo,469,Jahr
471,zur,zu,ADP,mnr,469,Jahr
472,Sommerszeit,Sommerszeit,NOUN,nk,471,zur
473,hier,hier,ADV,mo,469,Jahr
474,",",--,PUNCT,punct,469,Jahr
475,aber,aber,CCONJ,cd,469,Jahr
476,ein,ein,DET,nk,478,Logement
477,besseres,besseres,ADJ,nk,478,Logement
478,Logement,Logement,NOUN,cj,475,aber
479,finde,finden,VERB,ROOT,479,finde
480,ich,ich,PRON,sb,479,finde
481,nicht,nicht,PART,ng,479,finde
482,auf,auf,ADP,mo,479,finde
483,Erden,Erde,NOUN,nk,482,auf
484,",",--,PUNCT,punct,479,finde
485,und,und,CCONJ,cd,479,finde
486,könnte,können,AUX,cj,485,und
487,ich,ich,PRON,sb,486,könnte
488,nur,nur,ADV,mo,486,könnte
489,die,der,DET,nk,492,Reiselust
490,mir,mir,PRON,da,491,angeborne
491,angeborne,angeborn,ADJ,nk,492,Reiselust
492,Reiselust,Reiselust,NOUN,oa,486,könnte
493,bezwingen,Bezwingen,VERB,ROOT,493,bezwingen
494,",",--,PUNCT,punct,493,bezwingen
495,wär's,wär's,VERB,oc,493,bezwingen
496,nur,nur,ADV,mo,497,nicht
497,nicht,nicht,PART,ng,495,wär's
498,zur,zu,ADP,mo,495,wär's
499,Winterszeit,Winterszeit,NOUN,nk,498,zur
500,hier,hier,ADV,mo,495,wär's
501,so,so,ADV,mo,502,kalt
502,kalt,kalt,ADV,mo,495,wär's
503,und,und,CCONJ,cd,495,wär's
504,das,der,DET,nk,505,Holz
505,Holz,Holz,NOUN,cj,503,und
506,so,so,ADV,mo,507,teuer
507,teuer,teuer,ADV,pd,493,bezwingen
508,",",--,PUNCT,punct,493,bezwingen
509,niemals,niemals,ADV,mo,510,rührt
510,rührt,rühren,VERB,ROOT,510,rührt
511,ich,ich,PRON,sb,510,rührt
512,mich,sich,PRON,oa,510,rührt
513,von,von,ADP,mo,510,rührt
514,der,der,DET,nk,515,Stelle
515,Stelle,Stelle,NOUN,nk,513,von
516,.,--,PUNCT,punct,510,rührt
517,"""",--,PUNCT,punct,510,rührt
518,–,--,PUNCT,ROOT,518,–
519,So,so,ADV,mo,520,anmutig
520,anmutig,anmutig,ADV,ROOT,520,anmutig
521,und,und,CCONJ,cd,520,anmutig
522,hübsch,hübsch,ADV,cj,521,und
523,",",--,PUNCT,punct,520,anmutig
524,wenn,wenn,SCONJ,dep,520,anmutig
525,auch,auch,ADV,mo,524,wenn
526,gleich,gleich,ADV,mo,529,Schloß
527,gar,gar,ADV,mo,528,kein
528,kein,kein,DET,nk,529,Schloß
529,Schloß,Schloß,NOUN,sb,531,war
530,",",--,PUNCT,punct,531,war
531,war,sein,AUX,ROOT,531,war
532,das,der,DET,nk,533,Haus
533,Haus,Haus,NOUN,sb,531,war
534,der,der,DET,nk,535,Herrn
535,Herrn,Herr,NOUN,ag,533,Haus
536,von,von,ADP,pg,535,Herrn
537,Brakel,Brakel,PROPN,nk,536,von
538,.,--,PUNCT,punct,531,war
539,Der,der,DET,nk,541,Besuch
540,vornehme,vornehm,ADJ,nk,541,Besuch
541,Besuch,Besuch,NOUN,ROOT,541,Besuch
542,Die,der,DET,nk,543,Frau
543,Frau,Frau,NOUN,sb,546,stand
544,von,von,ADP,pg,543,Frau
545,Brakel,Brakel,PROPN,nk,544,von
546,stand,stehen,VERB,ROOT,546,stand
547,eines,ein,DET,nk,548,Morgens
548,Morgens,Morgen,NOUN,mo,546,stand
549,sehr,sehr,ADV,mo,550,früh
550,früh,früh,ADV,mo,546,stand
551,auf,auf,ADP,svp,546,stand
552,und,und,CCONJ,cd,546,stand
553,buk,buk,AUX,cj,552,und
554,einen,ein,DET,nk,555,Kuchen
555,Kuchen,Kuchen,NOUN,oa,553,buk
556,",",--,PUNCT,punct,555,Kuchen
557,zu,zu,ADP,mo,546,stand
558,dem,der,PRON,da,565,verbrauchte
559,Sie,sie,PRON,sb,565,verbrauchte
560,viel,viel,ADV,mo,561,mehr
561,mehr,mehr,DET,nk,562,Mandeln
562,Mandeln,Mandel,NOUN,oa,565,verbrauchte
563,und,und,CCONJ,cd,562,Mandeln
564,Rosinen,Rosine,NOUN,cj,563,und
565,verbrauchte,verbrauchen,VERB,ROOT,565,verbrauchte
566,als,als,ADP,cm,568,zum
567,selbst,selbst,ADV,mo,568,zum
568,zum,zu,ADP,mo,565,verbrauchte
569,Osterkuchen,Osterkuchen,NOUN,nk,568,zum
570,",",--,PUNCT,punct,565,verbrauchte
571,weshalb,weshalb,SCONJ,mo,576,geriet
572,er,er,PRON,sb,576,geriet
573,auch,auch,ADV,mo,576,geriet
574,viel,viel,ADV,mo,575,herrlicher
575,herrlicher,herrlich,ADV,mo,576,geriet
576,geriet,geraten,VERB,ROOT,576,geriet
577,als,als,ADP,cm,578,dieser
578,dieser,dieser,PRON,cc,571,weshalb
579,.,--,PUNCT,punct,576,geriet
580,Währenddessen,währenddessen,ADV,mo,581,klopfte
581,klopfte,klopften,VERB,ROOT,581,klopfte
582,und,und,CCONJ,cd,581,klopfte
583,bürstete,bürsten,VERB,ROOT,583,bürstete
584,der,der,DET,nk,585,Herr
585,Herr,Herr,NOUN,sb,583,bürstete
586,von,von,ADP,pg,585,Herr
587,Brakel,Brakel,PROPN,nk,586,von
588,seinen,sein,DET,nk,590,Rock
589,grünen,grün,ADJ,nk,590,Rock
590,Rock,Rock,NOUN,oa,583,bürstete
591,und,und,CCONJ,cd,590,Rock
592,seine,sein,DET,nk,594,Weste
593,rote,rot,ADJ,nk,594,Weste
594,Weste,Weste,NOUN,cj,591,und
595,aus,aus,ADP,svp,583,bürstete
596,und,und,CCONJ,cd,583,bürstete
597,Felix,Felix,PROPN,sb,600,wurden
598,und,und,CCONJ,cd,597,Felix
599,Christlieb,Christlieb,NOUN,cj,598,und
600,wurden,werden,AUX,ROOT,600,wurden
601,mit,mit,ADP,mo,605,angetan
602,den,der,DET,nk,604,Kleidern
603,besten,gut,ADJ,nk,604,Kleidern
604,Kleidern,Kleidern,NOUN,nk,601,mit
605,angetan,antun,VERB,oc,600,wurden
606,",",--,PUNCT,punct,605,angetan
607,die,der,PRON,par,597,Felix
608,sie,sie,PRON,pd,607,die
609,nur,nur,ADV,mo,608,sie
610,besaßen,besaßen,VERB,ROOT,610,besaßen
611,.,--,PUNCT,punct,610,besaßen
612,"""",--,PUNCT,punct,614,dürft
613,Ihr,ihr,PRON,sb,614,dürft
614,dürft,dürfen,VERB,oc,618,sprach
615,"""",--,PUNCT,punct,614,dürft
616,",",--,PUNCT,punct,617,so
617,so,so,ADV,mo,618,sprach
618,sprach,sprechen,VERB,ROOT,618,sprach
619,dann,dann,ADV,mo,618,sprach
620,der,der,DET,nk,621,Herr
621,Herr,Herr,NOUN,sb,618,sprach
622,von,von,ADP,pg,621,Herr
623,Brakel,Brakel,NOUN,nk,622,von
624,zu,zu,ADP,mo,618,sprach
625,den,der,DET,nk,626,Kindern
626,Kindern,Kind,NOUN,nk,624,zu
627,",",--,PUNCT,punct,618,sprach
628,"""",--,PUNCT,punct,618,sprach
629,ihr,ihr,PRON,da,618,sprach
630,dürft,dürfen,VERB,ROOT,630,dürft
631,heute,heute,ADV,mo,630,dürft
632,nicht,nicht,PART,ng,630,dürft
633,herauslaufen,herauslaufen,VERB,oc,630,dürft
634,in,in,ADP,mo,633,herauslaufen
635,den,der,DET,nk,636,Wald
636,Wald,Wald,NOUN,nk,634,in
637,wie,wie,ADP,cm,638,sonst
638,sonst,sonst,ADV,cc,636,Wald
639,",",--,PUNCT,punct,630,dürft
640,sondern,sondern,CCONJ,cd,630,dürft
641,müßt,müßen,VERB,cj,640,sondern
642,in,in,ADP,mo,641,müßt
643,der,der,DET,nk,644,Stube
644,Stube,Stube,NOUN,nk,642,in
645,ruhig,ruhig,ADV,mo,646,sitzen
646,sitzen,sitzen,VERB,oc,647,bleiben
647,bleiben,bleiben,VERB,ROOT,647,bleiben
648,",",--,PUNCT,punct,647,bleiben
649,damit,damit,SCONJ,cp,654,ausseht
650,ihr,ihr,DET,da,654,ausseht
651,sauber,sauber,ADV,mo,654,ausseht
652,und,und,CCONJ,cd,651,sauber
653,hübsch,hübsch,ADV,cj,652,und
654,ausseht,aussehen,VERB,mo,647,bleiben
655,",",--,PUNCT,punct,654,ausseht
656,wenn,wenn,SCONJ,cp,658,gnädige
657,der,der,DET,nk,658,gnädige
658,gnädige,gnädig,ADJ,ROOT,658,gnädige
659,Herr,Herr,NOUN,sb,661,kommt
660,Onkel,Onkel,NOUN,nk,659,Herr
661,kommt,kommen,VERB,ROOT,661,kommt
662,!,--,PUNCT,punct,661,kommt
663,"""",--,PUNCT,punct,661,kommt
664,–,--,PUNCT,punct,667,war
665,Die,der,DET,nk,666,Sonne
666,Sonne,Sonne,NOUN,sb,667,war
667,war,sein,AUX,ROOT,667,war
668,hell,hell,ADV,mo,671,aufgetaucht
669,und,und,CCONJ,cd,668,hell
670,freundlich,freundlich,ADV,cj,669,und
671,aufgetaucht,auftauchen,VERB,oc,667,war
672,aus,aus,ADP,mo,671,aufgetaucht
673,dem,der,DET,nk,672,aus
674,Nebel,Nebel,NOUN,mo,685,sauste
675,und,und,CCONJ,cd,674,Nebel
676,strahlte,strahlen,VERB,cj,675,und
677,golden,Golde,ADJ,nk,678,hinein
678,hinein,hinein,ADV,mo,676,strahlte
679,in,in,ADP,mo,676,strahlte
680,die,der,DET,nk,681,Fenster
681,Fenster,Fenster,NOUN,nk,679,in
682,",",--,PUNCT,punct,676,strahlte
683,im,in,ADP,mo,685,sauste
684,Wäldchen,Wäldchen,NOUN,nk,683,im
685,sauste,sau,VERB,ROOT,685,sauste
686,der,der,DET,ROOT,686,der
687,Morgenwind,Morgenwind,NOUN,sb,694,jubilierten
688,und,und,CCONJ,cd,687,Morgenwind
689,Fink,Fink,NOUN,cj,688,und
690,und,und,CCONJ,cd,689,Fink
691,Zeisig,Zeisig,NOUN,cj,690,und
692,und,und,CCONJ,cd,691,Zeisig
693,Nachtigall,Nachtigall,PROPN,cj,692,und
694,jubilierten,jubiliern,VERB,ROOT,694,jubilierten
695,durcheinander,durcheinander,ADV,mo,694,jubilierten
696,und,und,CCONJ,cd,694,jubilierten
697,schmetterten,schmetteren,VERB,ROOT,697,schmetterten
698,die,der,DET,nk,700,Liedchen
699,lustigsten,lustigst,ADJ,nk,700,Liedchen
700,Liedchen,Liedche,NOUN,oa,697,schmetterten
701,.,--,PUNCT,punct,697,schmetterten
702,Christlieb,Christlieb,NOUN,sb,703,saß
703,saß,sitzen,VERB,ROOT,703,saß
704,still,still,ADV,mo,703,saß
705,und,und,CCONJ,cd,704,still
706,in,in,ADP,mo,708,gekehrt
707,sich,sich,PRON,nk,706,in
708,gekehrt,kehren,VERB,cj,705,und
709,am,an,ADP,mo,713,zupfte
710,Tische,Tisch,NOUN,nk,709,am
711,:,--,PUNCT,punct,713,zupfte
712,bald,bald,ADV,mo,713,zupfte
713,zupfte,zupfen,VERB,ROOT,713,zupfte
714,sie,sie,PRON,sb,713,zupfte
715,die,der,DET,nk,717,Bandschleifen
716,roten,rot,ADJ,nk,717,Bandschleifen
717,Bandschleifen,Bandschleifen,NOUN,oa,713,zupfte
718,an,an,ADP,mo,713,zupfte
719,ihrem,ihr,DET,nk,720,Kleidchen
720,Kleidchen,Kleidche,NOUN,nk,718,an
721,zurecht,zurecht,ADV,svp,713,zupfte
722,",",--,PUNCT,punct,713,zupfte
723,bald,bald,ADV,mo,724,versuchte
724,versuchte,versuchen,VERB,ROOT,724,versuchte
725,sie,sie,PRON,sb,724,versuchte
726,emsig,emsig,ADV,mo,727,fortzustricken
727,fortzustricken,fortzustricken,VERB,oc,724,versuchte
728,",",--,PUNCT,punct,727,fortzustricken
729,welches,welcher,PRON,oa,733,gehen
730,heute,heute,ADV,mo,733,gehen
731,nicht,nicht,PART,ng,733,gehen
732,recht,recht,ADV,mo,733,gehen
733,gehen,gehen,VERB,oc,724,versuchte
734,wollte,wollen,AUX,ROOT,734,wollte
735,.,--,PUNCT,punct,734,wollte
736,Felix,Felix,PROPN,ROOT,736,Felix
737,",",--,PUNCT,punct,736,Felix
738,dem,der,PRON,da,747,gegeben
739,der,der,DET,nk,740,Papa
740,Papa,Papa,NOUN,sb,747,gegeben
741,ein,ein,DET,nk,743,Bilderbuch
742,schönes,schön,ADJ,nk,743,Bilderbuch
743,Bilderbuch,Bilderbuch,NOUN,oa,747,gegeben
744,in,in,ADP,mo,747,gegeben
745,die,der,DET,nk,746,Hände
746,Hände,Hand,NOUN,nk,744,in
747,gegeben,geben,VERB,rc,736,Felix
748,",",--,PUNCT,punct,736,Felix
749,schaute,Schaute,NOUN,ROOT,749,schaute
750,über,über,ADP,mnr,749,schaute
751,die,der,DET,nk,752,Bilder
752,Bilder,Bild,NOUN,nk,750,über
753,hinweg,hinweg,ADV,ac,750,über
754,nach,nach,ADP,mnr,749,schaute
755,dem,der,DET,nk,757,Birkenwäldchen
756,schönen,schön,ADJ,nk,757,Birkenwäldchen
757,Birkenwäldchen,Birkenwäldchen,NOUN,nk,754,nach
758,in,in,ADP,mnr,757,Birkenwäldchen
759,dem,der,PRON,nk,758,in
760,er,er,PRON,sb,749,schaute
761,sonst,sonst,ADV,mo,749,schaute
762,jeden,jeder,DET,nk,763,Morgen
763,Morgen,Morgen,NOUN,mo,770,durfte
764,ein,ein,DET,nk,765,paar
765,paar,paar,DET,nk,766,Stunden
766,Stunden,Stunde,NOUN,mo,767,nach
767,nach,nach,ADP,mo,769,herumspringen
768,Herzenslust,Herzenslust,NOUN,nk,767,nach
769,herumspringen,herumspringen,VERB,oc,770,durfte
770,durfte,dürfen,AUX,ROOT,770,durfte
771,.,--,PUNCT,punct,770,durfte
772,"""",--,PUNCT,punct,773,Ach
773,Ach,ach,INTJ,ROOT,773,Ach
774,draußen,draußen,ADV,mo,775,ist's
775,ist's,ist's,VERB,oc,780,seufzte
776,so,so,ADV,mo,777,schön
777,schön,schön,ADV,pd,775,ist's
778,"""",--,PUNCT,punct,775,ist's
779,",",--,PUNCT,punct,780,seufzte
780,seufzte,seufzen,VERB,ROOT,780,seufzte
781,er,er,PRON,sb,780,seufzte
782,in,in,ADP,mo,780,seufzte
783,sich,sich,PRON,nk,782,in
784,hinein,hinein,ADV,svp,780,seufzte
785,",",--,PUNCT,punct,780,seufzte
786,doch,doch,CCONJ,cd,780,seufzte
787,als,als,SCONJ,cm,789,vollends
788,nun,nun,ADV,mo,789,vollends
789,vollends,vollends,ADV,mo,780,seufzte
790,der,der,DET,punct,780,seufzte
791,große,groß,ADJ,nk,792,Hofhund
792,Hofhund,Hofhund,NOUN,sb,795,geheißen
793,",",--,PUNCT,punct,792,Hofhund
794,Sultan,Sultan,PROPN,cj,792,Hofhund
795,geheißen,heißen,VERB,ROOT,795,geheißen
796,",",--,PUNCT,punct,795,geheißen
797,klaffend,klaffend,ADV,mo,795,geheißen
798,und,und,CCONJ,cd,797,klaffend
799,knurrend,knurrend,ADV,cj,798,und
800,vor,vor,ADP,mo,797,klaffend
801,dem,der,DET,nk,802,Fenster
802,Fenster,Fenster,NOUN,nk,800,vor
803,herumsprang,Herumsprang,NOUN,ROOT,803,herumsprang
804,",",--,PUNCT,punct,803,herumsprang
805,eine,ein,DET,nk,806,Strecke
806,Strecke,Strecke,NOUN,oa,810,hinlief
807,nach,nach,ADP,mo,810,hinlief
808,dem,der,DET,nk,809,Walde
809,Walde,Walde,NOUN,nk,807,nach
810,hinlief,hinlief,VERB,oc,803,herumsprang
811,",",--,PUNCT,punct,803,herumsprang
812,wieder,wieder,ADV,mo,813,umkehrte
813,umkehrte,umkehrt,ADJ,cj,803,herumsprang
814,und,und,CCONJ,cd,813,umkehrte
815,aufs,auf,ADP,mnr,803,herumsprang
816,neue,neu,ADJ,nk,815,aufs
817,knurrte,knurrte,VERB,ROOT,817,knurrte
818,und,und,CCONJ,cd,817,knurrte
819,bellte,belln,VERB,cj,818,und
820,als,als,SCONJ,cm,821,wolle
821,wolle,wollen,AUX,oc,817,knurrte
822,er,er,PRON,sb,821,wolle
823,dem,der,DET,nk,825,Felix
824,kleinen,klein,ADJ,nk,825,Felix
825,Felix,Felix,PROPN,da,826,zurufen
826,zurufen,zurufen,VERB,oc,821,wolle
827,:,--,PUNCT,punct,817,knurrte
828,"""",--,PUNCT,punct,829,Kommst
829,Kommst,Kommst,ADV,oc,817,knurrte
830,du,du,PRON,sb,829,Kommst
831,denn,denn,ADV,mo,829,Kommst
832,nicht,nicht,PART,ng,834,in
833,heraus,heraus,ADV,mo,832,nicht
834,in,in,ADP,ROOT,834,in
835,den,der,DET,nk,836,Wald
836,Wald,Wald,NOUN,nk,834,in
837,?,--,PUNCT,punct,834,in
838,was,was,PRON,oa,839,machst
839,machst,machen,VERB,ROOT,839,machst
840,du,du,PRON,sb,839,machst
841,denn,denn,ADV,mo,839,machst
842,in,in,ADP,mo,839,machst
843,der,der,DET,nk,845,Stube
844,dumpfigen,dumpfig,ADJ,nk,845,Stube
845,Stube,Stube,NOUN,nk,842,in
846,?,--,PUNCT,punct,839,machst
847,"""",--,PUNCT,punct,839,machst
848,da,da,ADV,mo,849,konnte
849,konnte,können,AUX,ROOT,849,konnte
850,sich,sich,PRON,ROOT,850,sich
851,Felix,Felix,PROPN,sb,853,lassen
852,nicht,nicht,PART,ng,853,lassen
853,lassen,lassen,VERB,ROOT,853,lassen
854,vor,vor,ADP,mo,853,lassen
855,Ungeduld,Ungeduld,NOUN,nk,854,vor
856,.,--,PUNCT,punct,853,lassen
857,"""",--,PUNCT,punct,861,laß
858,Ach,ach,INTJ,nk,860,Mama
859,liebe,lieb,ADJ,nk,860,Mama
860,Mama,Mama,NOUN,sb,861,laß
861,laß,laß,VERB,ROOT,861,laß
862,mich,mich,PRON,oa,861,laß
863,doch,doch,ADV,mo,861,laß
864,nur,nur,ADV,mo,861,laß
865,ein,ein,DET,svp,861,laß
866,paar,paar,DET,nk,867,Schritte
867,Schritte,Schritt,NOUN,oa,868,hinausgehen
868,hinausgehen,hinausgehen,VERB,ROOT,868,hinausgehen
869,!,--,PUNCT,punct,868,hinausgehen
870,"""",--,PUNCT,punct,868,hinausgehen
871,so,so,ADV,mo,872,rief
872,rief,rufen,VERB,ROOT,872,rief
873,er,er,PRON,sb,872,rief
874,laut,laut,ADV,mo,872,rief
875,",",--,PUNCT,punct,872,rief
876,aber,aber,CCONJ,cd,872,rief
877,die,der,DET,nk,878,Frau
878,Frau,Frau,NOUN,cj,876,aber
879,von,von,ADP,pg,878,Frau
880,Brakel,Brakel,PROPN,nk,879,von
881,erwiderte,erwidern,VERB,ROOT,881,erwiderte
882,:,--,PUNCT,punct,881,erwiderte
883,"""",--,PUNCT,punct,887,bleibe
884,Nein,nein,PART,sb,887,bleibe
885,nein,nein,PART,dm,887,bleibe
886,",",--,PUNCT,punct,887,bleibe
887,bleibe,bleiben,VERB,oc,881,erwiderte
888,nur,nur,ADV,mo,889,fein
889,fein,fein,ADV,pd,887,bleibe
890,in,in,ADP,mo,887,bleibe
891,der,der,DET,nk,892,Stube
892,Stube,Stube,NOUN,nk,890,in
893,.,--,PUNCT,punct,881,erwiderte
894,Ich,ich,PRON,sb,895,weiß
895,weiß,wissen,VERB,ROOT,895,weiß
896,schon,schon,ADV,mo,895,weiß
897,wie,wie,SCONJ,cm,898,es
898,es,es,PRON,oc,895,weiß
899,geht,gehen,VERB,ROOT,899,geht
900,",",--,PUNCT,punct,899,geht
901,sowie,sowie,CCONJ,cd,899,geht
902,du,du,PRON,sb,904,muß
903,hinausläufst,hinausläufst,NUM,mnr,902,du
904,muß,müssen,AUX,cj,901,sowie
905,Christlieb,Christlieb,NOUN,oa,904,muß
906,hinterdrein,hinterdrein,ADV,oc,904,muß
907,und,und,CCONJ,cd,906,hinterdrein
908,dann,dann,ADV,mo,910,husch
909,husch,husch,ADV,mo,910,husch
910,husch,husch,ADV,cj,907,und
911,durch,durch,ADP,ROOT,911,durch
912,Busch,Busch,NOUN,nk,911,durch
913,und,und,CCONJ,cd,912,Busch
914,Dorn,Dorn,NOUN,cj,913,und
915,",",--,PUNCT,punct,911,durch
916,hinauf,hinauf,ADV,cj,911,durch
917,auf,auf,ADP,op,916,hinauf
918,die,der,DET,nk,919,Bäume
919,Bäume,Baum,NOUN,nk,917,auf
920,!,--,PUNCT,punct,911,durch
921,Und,und,CCONJ,ju,923,kommt
922,dann,dann,ADV,mo,923,kommt
923,kommt,kommen,VERB,ROOT,923,kommt
924,ihr,ihr,PRON,da,923,kommt
925,zurück,zurück,ADV,mo,926,erhitzt
926,erhitzt,erhitzen,VERB,mo,923,kommt
927,und,und,CCONJ,ju,935,sind
928,beschmutzt,beschmutzen,VERB,cj,927,und
929,und,und,CCONJ,cd,928,beschmutzt
930,der,der,DET,nk,931,Onkel
931,Onkel,Onkel,NOUN,sb,932,sagt
932,sagt,sagen,VERB,cj,929,und
933,:,--,PUNCT,punct,935,sind
934,Was,was,PRON,pd,935,sind
935,sind,sein,AUX,re,941,so
936,das,der,PRON,sb,935,sind
937,für,für,ADP,mo,935,sind
938,häßliche,häßlich,ADJ,nk,939,Bauernkinder
939,Bauernkinder,Bauernkinder,NOUN,nk,937,für
940,",",--,PUNCT,punct,941,so
941,so,so,ADV,ROOT,941,so
942,dürfen,dürfen,AUX,ROOT,942,dürfen
943,keine,kein,DET,nk,944,Brakels
944,Brakels,Brakel,NOUN,sb,942,dürfen
945,aussehen,aussehen,VERB,oc,942,dürfen
946,",",--,PUNCT,punct,942,dürfen
947,weder,weder,CCONJ,cd,948,große
948,große,groß,ADJ,cj,942,dürfen
949,noch,noch,CCONJ,cd,948,große
950,kleine,klein,ADJ,cj,949,noch
951,.,--,PUNCT,punct,948,große
952,"""",--,PUNCT,punct,948,große
953,Felix,Felix,PROPN,sb,954,klappte
954,klappte,klappen,VERB,ROOT,954,klappte
955,voll,voll,ADV,mo,954,klappte
956,Ungeduld,Ungeduld,NOUN,ROOT,956,Ungeduld
957,das,der,DET,nk,958,Bilderbuch
958,Bilderbuch,Bilderbuch,NOUN,sb,956,Ungeduld
959,zu,zu,ADP,svp,956,Ungeduld
960,",",--,PUNCT,punct,956,Ungeduld
961,und,und,CCONJ,cd,956,Ungeduld
962,sprach,sprechen,VERB,cj,961,und
963,",",--,PUNCT,punct,962,sprach
964,indem,indem,SCONJ,cp,967,Tränen
965,ihm,ihm,PRON,nk,964,indem
966,die,der,DET,nk,967,Tränen
967,Tränen,Träne,NOUN,ROOT,967,Tränen
968,in,in,ADP,mnr,967,Tränen
969,die,der,DET,nk,970,Augen
970,Augen,Auge,NOUN,nk,968,in
971,traten,treten,VERB,ROOT,971,traten
972,",",--,PUNCT,punct,973,kleinlaut
973,kleinlaut,kleinlaut,VERB,mo,971,traten
974,:,--,PUNCT,punct,971,traten
975,"""",--,PUNCT,punct,979,Herr
976,Wenn,wenn,SCONJ,cp,979,Herr
977,der,der,DET,nk,979,Herr
978,gnädige,gnädig,ADJ,nk,979,Herr
979,Herr,Herr,NOUN,sb,971,traten
980,Onkel,Onkel,NOUN,nk,979,Herr
981,von,von,ADP,pg,979,Herr
982,häßlichen,häßlich,ADJ,nk,983,Bauernkinder
983,Bauernkinder,Bauernkinder,NOUN,nk,981,von
984,redet,reden,VERB,re,986,so
985,",",--,PUNCT,punct,986,so
986,so,so,ADV,mo,987,hat
987,hat,haben,AUX,ROOT,987,hat
988,er,er,PRON,sb,987,hat
989,wohl,wohl,ADV,mo,987,hat
990,nicht,nicht,PART,ng,995,Annlies
991,Vollrads,Vollrad,PROPN,ag,995,Annlies
992,Peter,Peter,PROPN,pnc,995,Annlies
993,oder,oder,CCONJ,cd,992,Peter
994,Hentschels,Hentschels,PROPN,cj,993,oder
995,Annlies,Annlies,NOUN,oa,987,hat
996,oder,oder,CCONJ,cd,995,Annlies
997,alle,aller,PRON,cj,996,oder
998,unsere,unser,DET,nk,999,Kinder
999,Kinder,Kind,NOUN,ROOT,999,Kinder
1000,hier,hier,ADV,mo,1003,gesehen
1001,im,in,ADP,mo,1003,gesehen
1002,Dorfe,Dorf,NOUN,nk,1001,im
1003,gesehen,sehen,VERB,oc,999,Kinder
1004,",",--,PUNCT,punct,999,Kinder
1005,denn,denn,CCONJ,cd,1007,wüßte
1006,ich,ich,PRON,sb,1007,wüßte
1007,wüßte,wissen,VERB,par,999,Kinder
1008,doch,doch,ADV,mo,1007,wüßte
1009,nicht,nicht,PART,ng,1007,wüßte
1010,",",--,PUNCT,punct,1007,wüßte
1011,wie,wie,SCONJ,mo,1012,es
1012,es,es,PRON,ROOT,1012,es
1013,hübschere,hübsch,ADJ,nk,1014,Kinder
1014,Kinder,Kind,NOUN,oa,1015,geben
1015,geben,geben,VERB,oc,1016,sollte
1016,sollte,sollen,AUX,ROOT,1016,sollte
1017,als,als,ADP,cm,1018,diese
1018,diese,dieser,PRON,sb,1016,sollte
1019,.,--,PUNCT,punct,1016,sollte
1020,"""",--,PUNCT,punct,1016,sollte
1021,–,--,PUNCT,punct,1023,Jawohl
1022,"""",--,PUNCT,punct,1023,Jawohl
1023,Jawohl,Jawohl,ADV,sb,1026,rief
1024,"""",--,PUNCT,punct,1023,Jawohl
1025,",",--,PUNCT,punct,1026,rief
1026,rief,rufen,VERB,ROOT,1026,rief
1027,Christlieb,Christlieb,PROPN,sb,1026,rief
1028,",",--,PUNCT,punct,1027,Christlieb
1029,wie,wie,ADP,dep,1026,rief
1030,plötzlich,plötzlich,ADV,mo,1034,erwacht
1031,aus,aus,ADP,mo,1034,erwacht
1032,einem,ein,DET,nk,1033,Traume
1033,Traume,Traume,NOUN,nk,1031,aus
1034,erwacht,erwachen,VERB,ROOT,1034,erwacht
1035,",",--,PUNCT,punct,1034,erwacht
1036,"""",--,PUNCT,punct,1034,erwacht
1037,und,und,CCONJ,cd,1034,erwacht
1038,ist,sein,AUX,cj,1037,und
1039,nicht,nicht,PART,ng,1040,auch
1040,auch,auch,ADV,mo,1042,Schulzen
1041,des,der,DET,nk,1042,Schulzen
1042,Schulzen,schulz,NOUN,da,1043,Grete
1043,Grete,Gren,VERB,pd,1038,ist
1044,ein,ein,ADV,svp,1043,Grete
1045,hübsches,hübsch,ADJ,nk,1046,Kind
1046,Kind,Kind,NOUN,ROOT,1046,Kind
1047,",",--,PUNCT,punct,1046,Kind
1048,wiewohl,wiewohl,SCONJ,cp,1056,hat
1049,sie,sie,PRON,sb,1056,hat
1050,lange,lange,ADV,mo,1056,hat
1051,nicht,nicht,PART,ng,1056,hat
1052,solche,solcher,DET,nk,1055,Bandschleifen
1053,schöne,schön,ADJ,nk,1055,Bandschleifen
1054,rote,rot,ADJ,nk,1055,Bandschleifen
1055,Bandschleifen,Bandschleife,NOUN,oa,1056,hat
1056,hat,haben,AUX,mnr,1046,Kind
1057,als,als,ADP,mo,1056,hat
1058,ich,ich,PRON,ROOT,1058,ich
1059,?,--,PUNCT,punct,1058,ich
1060,"""",--,PUNCT,punct,1058,ich
1061,"""",--,PUNCT,punct,1062,Sprecht
1062,Sprecht,Sprecht,NOUN,oc,1069,rief
1063,nicht,nicht,PART,ng,1064,solch
1064,solch,solch,DET,mo,1065,dummes
1065,dummes,dumm,ADJ,nk,1066,Zeug
1066,Zeug,Zeug,NOUN,oa,1062,Sprecht
1067,"""",--,PUNCT,punct,1062,Sprecht
1068,",",--,PUNCT,punct,1069,rief
1069,rief,rufen,VERB,ROOT,1069,rief
1070,die,der,DET,nk,1071,Mutter
1071,Mutter,Mutter,NOUN,sb,1069,rief
1072,halb,halb,ADV,mo,1073,erzürnt
1073,erzürnt,erzürnen,VERB,oc,1069,rief
1074,",",--,PUNCT,punct,1073,erzürnt
1075,"""",--,PUNCT,punct,1069,rief
1076,ihr,ihr,PRON,da,1069,rief
1077,versteht,verstehen,VERB,ROOT,1077,versteht
1078,das,der,PRON,sb,1077,versteht
1079,nicht,nicht,PART,ng,1077,versteht
1080,wie,wie,SCONJ,mo,1085,meint
1081,es,es,PRON,oa,1085,meint
1082,der,der,DET,nk,1084,Onkel
1083,gnädige,gnädig,ADJ,nk,1084,Onkel
1084,Onkel,Onkel,NOUN,sb,1085,meint
1085,meint,meinen,VERB,mo,1077,versteht
1086,.,--,PUNCT,punct,1077,versteht
1087,"""",--,PUNCT,punct,1077,versteht
1088,–,--,PUNCT,punct,1090,weitere
1089,Alle,aller,DET,nk,1090,weitere
1090,weitere,weit,ADJ,ROOT,1090,weitere
1091,Vorstellungen,Vorstellung,NOUN,sb,1103,halfen
1092,",",--,PUNCT,punct,1091,Vorstellungen
1093,wie,wie,SCONJ,mo,1101,sei
1094,es,es,PRON,sb,1101,sei
1095,gerade,gerade,ADV,mo,1096,heut
1096,heut,heuen,ADV,mo,1098,herrlich
1097,so,so,ADV,mo,1098,herrlich
1098,herrlich,herrlich,ADV,pd,1101,sei
1099,im,in,ADP,mo,1101,sei
1100,Wäldchen,Wäldchen,NOUN,nk,1099,im
1101,sei,sein,AUX,mnr,1091,Vorstellungen
1102,",",--,PUNCT,punct,1103,halfen
1103,halfen,helfen,VERB,ROOT,1103,halfen
1104,nichts,nichts,PRON,oa,1103,halfen
1105,",",--,PUNCT,punct,1103,halfen
1106,Felix,Felix,PROPN,sb,1109,mußten
1107,und,und,CCONJ,cd,1106,Felix
1108,Christlieb,Christlieb,NOUN,cj,1107,und
1109,mußten,müssen,AUX,ROOT,1109,mußten
1110,in,in,ADP,mo,1113,bleiben
1111,der,der,DET,nk,1112,Stube
1112,Stube,Stube,NOUN,nk,1110,in
1113,bleiben,bleiben,VERB,oc,1109,mußten
1114,",",--,PUNCT,punct,1109,mußten
1115,und,und,CCONJ,cd,1109,mußten
1116,das,der,PRON,sb,1117,war
1117,war,sein,AUX,cj,1115,und
1118,um,um,SCONJ,avc,1119,so
1119,so,so,ADV,mo,1120,peinlicher
1120,peinlicher,peinlich,ADV,pd,1117,war
1121,",",--,PUNCT,punct,1120,peinlicher
1122,als,als,ADP,cm,1124,Gastkuchen
1123,der,der,DET,nk,1124,Gastkuchen
1124,Gastkuchen,Gastkuchen,NOUN,sb,1135,verbreitete
1125,",",--,PUNCT,punct,1124,Gastkuchen
1126,der,der,PRON,sb,1130,stand
1127,auf,auf,ADP,mo,1130,stand
1128,dem,der,DET,nk,1129,Tische
1129,Tische,Tisch,NOUN,nk,1127,auf
1130,stand,stehen,VERB,rc,1124,Gastkuchen
1131,",",--,PUNCT,punct,1135,verbreitete
1132,die,der,DET,nk,1134,Gerüche
1133,süßesten,süßest,ADJ,nk,1134,Gerüche
1134,Gerüche,Geruch,NOUN,oa,1135,verbreitete
1135,verbreitete,verbreiten,VERB,ROOT,1135,verbreitete
1136,und,und,CCONJ,ju,1142,durfte
1137,doch,doch,ADV,mo,1142,durfte
1138,nicht,nicht,PART,ng,1142,durfte
1139,früher,früh,ADV,mo,1140,angeschnitten
1140,angeschnitten,angeschnitten,VERB,oc,1141,werden
1141,werden,werden,AUX,oc,1142,durfte
1142,durfte,dürfen,AUX,ROOT,1142,durfte
1143,bis,bis,ADP,mo,1146,angekommen
1144,der,der,DET,nk,1145,Onkel
1145,Onkel,Onkel,NOUN,nk,1143,bis
1146,angekommen,ankommen,VERB,oc,1142,durfte
1147,.,--,PUNCT,punct,1142,durfte
1148,"""",--,PUNCT,punct,1154,käme
1149,Ach,ach,INTJ,mo,1154,käme
1150,wenn,wenn,SCONJ,cp,1154,käme
1151,er,er,PRON,sb,1154,käme
1152,doch,doch,ADV,mo,1154,käme
1153,nur,nur,ADV,mo,1154,käme
1154,käme,kommen,VERB,re,1164,so
1155,",",--,PUNCT,punct,1154,käme
1156,wenn,wenn,SCONJ,cp,1161,käme
1157,er,er,PRON,sb,1161,käme
1158,doch,doch,ADV,mo,1161,käme
1159,nur,nur,ADV,mo,1160,endlich
1160,endlich,endlich,ADV,mo,1161,käme
1161,käme,kommen,VERB,mo,1154,käme
1162,!,--,PUNCT,punct,1154,käme
1163,"""",--,PUNCT,punct,1154,käme
1164,so,so,ADV,mo,1165,riefen
1165,riefen,rufen,VERB,ROOT,1165,riefen
1166,beide,beide,PRON,sb,1165,riefen
1167,Kinder,Kind,NOUN,ROOT,1167,Kinder
1168,und,und,CCONJ,cd,1167,Kinder
1169,weinten,weinen,VERB,cj,1168,und
1170,beinahe,beinahe,ADV,mo,1169,weinten
1171,vor,vor,ADP,op,1169,weinten
1172,Ungeduld,Ungeduld,NOUN,nk,1171,vor
1173,.,--,PUNCT,punct,1167,Kinder
1174,Endlich,endlich,ADV,mo,1175,ließ
1175,ließ,lassen,VERB,ROOT,1175,ließ
1176,sich,sich,PRON,oa,1175,ließ
1177,ein,ein,DET,nk,1178,starkes
1178,starkes,stark,ADJ,sb,1175,ließ
1179,Pferdegetrappel,Pferdegetrappel,PROPN,sb,1180,vernehmen
1180,vernehmen,vernehmen,VERB,ROOT,1180,vernehmen
1181,",",--,PUNCT,punct,1180,vernehmen
1182,und,und,CCONJ,cd,1180,vernehmen
1183,eine,ein,DET,nk,1184,Kutsche
1184,Kutsche,Kutsche,NOUN,sb,1185,fuhr
1185,fuhr,fahren,VERB,cj,1182,und
1186,vor,vor,ADP,svp,1185,fuhr
1187,",",--,PUNCT,punct,1185,fuhr
1188,die,der,PRON,ROOT,1188,die
1189,so,so,ADV,mo,1190,blank
1190,blank,blank,ADV,pd,1188,die
1191,und,und,CCONJ,cd,1190,blank
1192,mit,mit,ADP,cj,1191,und
1193,goldenen,golden,ADJ,nk,1194,Zieraten
1194,Zieraten,Zierat,NOUN,da,1196,geschmückt
1195,reich,reich,ADV,mo,1196,geschmückt
1196,geschmückt,schmücken,VERB,pd,1197,war
1197,war,sein,AUX,ROOT,1197,war
1198,",",--,PUNCT,punct,1197,war
1199,daß,daß,SCONJ,cp,1201,Kinder
1200,die,der,DET,nk,1201,Kinder
1201,Kinder,Kind,NOUN,sb,1197,war
1202,in,in,ADP,mnr,1201,Kinder
1203,das,der,DET,nk,1205,Erstaunen
1204,größte,groß,ADJ,nk,1205,Erstaunen
1205,Erstaunen,erstaunen,NOUN,nk,1202,in
1206,gerieten,geraten,VERB,ROOT,1206,gerieten
1207,",",--,PUNCT,punct,1206,gerieten
1208,denn,denn,CCONJ,cd,1206,gerieten
1209,sie,sie,PRON,sb,1210,hatten
1210,hatten,haben,AUX,cj,1208,denn
1211,dergleichen,dergleichen,PRON,mo,1215,gesehen
1212,noch,noch,ADV,mo,1214,nicht
1213,gar,gar,ADV,mo,1214,nicht
1214,nicht,nicht,PART,ng,1215,gesehen
1215,gesehen,sehen,VERB,oc,1210,hatten
1216,.,--,PUNCT,punct,1206,gerieten
1217,Ein,ein,DET,nk,1218,großer
1218,großer,groß,ADJ,ROOT,1218,großer
1219,hagerer,hager,ADJ,nk,1220,Mann
1220,Mann,Mann,NOUN,sb,1221,glitt
1221,glitt,gleiten,VERB,ROOT,1221,glitt
1222,an,an,ADP,mo,1221,glitt
1223,den,der,DET,nk,1224,Armen
1224,Armen,arme,NOUN,nk,1222,an
1225,des,der,DET,nk,1226,Jägers
1226,Jägers,Jäger,NOUN,ag,1224,Armen
1227,",",--,PUNCT,punct,1226,Jägers
1228,der,der,PRON,sb,1231,geöffnet
1229,den,der,DET,nk,1230,Kutschenschlag
1230,Kutschenschlag,Kutschenschlag,NOUN,oa,1231,geöffnet
1231,geöffnet,öffnen,VERB,rc,1226,Jägers
1232,",",--,PUNCT,punct,1221,glitt
1233,heraus,heraus,ADV,mo,1234,in
1234,in,in,ADP,ROOT,1234,in
1235,die,der,DET,nk,1236,Arme
1236,Arme,Arm,NOUN,nk,1234,in
1237,des,der,DET,nk,1238,Herrn
1238,Herrn,Herr,NOUN,ag,1236,Arme
1239,von,von,ADP,pg,1238,Herrn
1240,Brakel,Brakel,PROPN,nk,1239,von
1241,",",--,PUNCT,punct,1238,Herrn
1242,an,an,ADP,cj,1234,in
1243,dessen,der,DET,ag,1244,Wange
1244,Wange,Wange,NOUN,nk,1242,an
1245,er,er,PRON,nk,1242,an
1246,zweimal,zweimal,ADV,mo,1247,sanft
1247,sanft,sanft,ADV,nk,1242,an
1248,die,der,DET,ROOT,1248,die
1249,seinige,seinig,ADJ,sb,1250,legte
1250,legte,legen,ADJ,ROOT,1250,legte
1251,und,und,CCONJ,cd,1250,legte
1252,leise,leiser,ADJ,mo,1253,lispelte
1253,lispelte,lispelen,VERB,cj,1251,und
1254,:,--,PUNCT,punct,1250,legte
1255,"""",--,PUNCT,punct,1257,jour
1256,Bon,Bon,PROPN,pnc,1257,jour
1257,jour,jour,PROPN,sb,1260,Vetter
1258,mein,mein,DET,nk,1260,Vetter
1259,lieber,lieb,ADJ,nk,1260,Vetter
1260,Vetter,Vetter,NOUN,ROOT,1260,Vetter
1261,",",--,PUNCT,punct,1260,Vetter
1262,nur,nur,ADV,mo,1264,keine
1263,gar,gar,ADV,mo,1264,keine
1264,keine,kein,DET,app,1260,Vetter
1265,Umstände,Umstand,NOUN,ROOT,1265,Umstände
1266,",",--,PUNCT,punct,1265,Umstände
1267,bitte,bitte,PART,mo,1268,ich
1268,ich,ich,PRON,cj,1265,Umstände
1269,.,--,PUNCT,punct,1265,Umstände
1270,"""",--,PUNCT,punct,1265,Umstände
1271,Unterdessen,unterdessen,ADV,mo,1279,Dame
1272,hatte,haben,AUX,ROOT,1272,hatte
1273,der,der,DET,nk,1274,Jäger
1274,Jäger,Jäger,NOUN,sb,1272,hatte
1275,noch,noch,ADV,mo,1279,Dame
1276,eine,ein,DET,nk,1279,Dame
1277,kleine,klein,ADJ,nk,1279,Dame
1278,dicke,dick,ADJ,nk,1279,Dame
1279,Dame,Dame,NOUN,oc,1272,hatte
1280,mit,mit,ADP,ROOT,1280,mit
1281,sehr,sehr,ADV,mo,1282,roten
1282,roten,rot,ADJ,nk,1283,Backen
1283,Backen,Back,NOUN,nk,1280,mit
1284,und,und,CCONJ,cd,1283,Backen
1285,zwei,zwei,NUM,nk,1286,Kinder
1286,Kinder,Kind,NOUN,cj,1284,und
1287,",",--,PUNCT,punct,1283,Backen
1288,einen,ein,DET,nk,1289,Knaben
1289,Knaben,Knabe,NOUN,cj,1283,Backen
1290,und,und,CCONJ,cd,1289,Knaben
1291,ein,ein,DET,nk,1292,Mädchen
1292,Mädchen,Mädchen,NOUN,cj,1290,und
1293,aus,aus,ADP,mnr,1292,Mädchen
1294,der,der,DET,nk,1293,aus
1295,Kutsche,Kutsche,NOUN,sb,1299,lassen
1296,zur,zu,ADP,mnr,1295,Kutsche
1297,Erde,Erde,NOUN,nk,1296,zur
1298,hinabgleiten,hinabgleiten,VERB,oc,1299,lassen
1299,lassen,lassen,VERB,ROOT,1299,lassen
1300,",",--,PUNCT,punct,1299,lassen
1301,welches,welcher,PRON,oa,1306,machen
1302,er,er,PRON,sb,1306,machen
1303,sehr,sehr,ADV,mo,1304,geschickt
1304,geschickt,geschickt,ADV,mo,1306,machen
1305,zu,zu,PART,pm,1306,machen
1306,machen,machen,VERB,oc,1298,hinabgleiten
1307,wußte,wissen,VERB,ROOT,1307,wußte
1308,",",--,PUNCT,punct,1307,wußte
1309,so,so,ADV,mo,1317,kam
1310,daß,daß,SCONJ,cp,1317,kam
1311,jeder,jeder,PRON,sb,1317,kam
1312,auf,auf,ADP,mo,1316,stehen
1313,die,der,DET,nk,1314,Füße
1314,Füße,Füße,NOUN,nk,1312,auf
1315,zu,zu,PART,pm,1316,stehen
1316,stehen,stehen,VERB,oc,1317,kam
1317,kam,kommen,VERB,oc,1307,wußte
1318,.,--,PUNCT,punct,1307,wußte
1319,Als,als,SCONJ,cp,1323,standen
1320,sie,sie,PRON,sb,1323,standen
1321,nun,nun,ADV,mo,1323,standen
1322,alle,alle,PRON,mo,1323,standen
1323,standen,stehen,VERB,ROOT,1323,standen
1324,",",--,PUNCT,punct,1323,standen
1325,traten,treten,VERB,ROOT,1325,traten
1326,",",--,PUNCT,punct,1325,traten
1327,wie,wie,SCONJ,mo,1334,eingeschärft
1328,es,es,PRON,sb,1335,worden
1329,ihnen,ihnen,PRON,da,1334,eingeschärft
1330,von,von,ADP,sbp,1334,eingeschärft
1331,Vater,Vater,NOUN,nk,1330,von
1332,und,und,CCONJ,cd,1331,Vater
1333,Mutter,Mutter,NOUN,cj,1332,und
1334,eingeschärft,eingeschärfen,VERB,oc,1335,worden
1335,worden,werden,AUX,mo,1325,traten
1336,",",--,PUNCT,punct,1325,traten
1337,Felix,Felix,PROPN,cj,1325,traten
1338,und,und,CCONJ,cd,1337,Felix
1339,Christlieb,Christlieb,NOUN,mo,1342,faßten
1340,hinzu,hinzu,ADV,svp,1339,Christlieb
1341,",",--,PUNCT,punct,1342,faßten
1342,faßten,fassen,VERB,ROOT,1342,faßten
1343,jeder,jeder,PRON,sb,1342,faßten
1344,eine,ein,DET,nk,1345,Hand
1345,Hand,Hand,NOUN,oa,1342,faßten
1346,des,der,DET,nk,1348,hagern
1347,langen,lang,ADJ,nk,1348,hagern
1348,hagern,hagern,NOUN,ag,1345,Hand
1349,Mannes,Mann,NOUN,nk,1348,hagern
1350,und,und,CCONJ,cd,1348,hagern
1351,sprachen,sprechen,VERB,cj,1350,und
1352,dieselbe,derselbe,DET,sb,1353,küssend
1353,küssend,küssend,ADV,pd,1365,Herr
1354,:,--,PUNCT,punct,1353,küssend
1355,"""",--,PUNCT,punct,1361,willkommen
1356,Sein,sein,DET,nk,1357,Sie
1357,Sie,sie,PRON,sb,1361,willkommen
1358,uns,uns,PRON,da,1361,willkommen
1359,recht,recht,ADV,mo,1360,schön
1360,schön,schön,ADV,mo,1361,willkommen
1361,willkommen,willkommen,ADV,oc,1353,küssend
1362,",",--,PUNCT,punct,1361,willkommen
1363,lieber,lieb,ADV,mo,1364,gnädiger
1364,gnädiger,gnädig,ADJ,cj,1361,willkommen
1365,Herr,Herr,NOUN,ROOT,1365,Herr
1366,Onkel,Onkel,NOUN,mo,1370,machten
1367,!,--,PUNCT,punct,1366,Onkel
1368,"""",--,PUNCT,punct,1370,machten
1369,dann,dann,ADV,mo,1370,machten
1370,machten,machen,VERB,ROOT,1370,machten
1371,sie,sie,PRON,sb,1370,machten
1372,es,es,PRON,oa,1370,machten
1373,mit,mit,ADP,mo,1370,machten
1374,den,der,DET,nk,1375,Händen
1375,Händen,Hand,NOUN,nk,1373,mit
1376,der,der,DET,nk,1379,Dame
1377,kleinen,klein,ADJ,nk,1379,Dame
1378,dicken,dick,ADJ,nk,1379,Dame
1379,Dame,Dame,NOUN,ag,1375,Händen
1380,ebenso,ebenso,ADV,mo,1370,machten
1381,und,und,CCONJ,cd,1380,ebenso
1382,sprachen,sprechen,VERB,ROOT,1382,sprachen
1383,:,--,PUNCT,punct,1382,sprachen
1384,"""",--,PUNCT,punct,1382,sprachen
1385,Sein,sein,DET,nk,1386,Sie
1386,Sie,sie,PRON,sb,1390,willkommen
1387,uns,uns,PRON,da,1390,willkommen
1388,recht,recht,ADV,mo,1389,schön
1389,schön,schön,ADV,mo,1390,willkommen
1390,willkommen,willkommen,ADV,mo,1382,sprachen
1391,",",--,PUNCT,punct,1382,sprachen
1392,liebe,lieb,ADJ,nk,1394,Frau
1393,gnädige,gnädig,ADJ,nk,1394,Frau
1394,Frau,Frau,NOUN,sb,1382,sprachen
1395,Tante,Tante,PROPN,nk,1394,Frau
1396,!,--,PUNCT,punct,1382,sprachen
1397,"""",--,PUNCT,punct,1382,sprachen
1398,dann,dann,ADV,mo,1382,sprachen
1399,traten,treten,VERB,ROOT,1399,traten
1400,sie,sie,PRON,sb,1399,traten
1401,zu,zu,ADP,mo,1399,traten
1402,den,der,DET,nk,1403,Kindern
1403,Kindern,Kind,NOUN,nk,1401,zu
1404,",",--,PUNCT,punct,1399,traten
1405,blieben,bleiben,VERB,cj,1399,traten
1406,aber,aber,ADV,mo,1405,blieben
1407,ganz,ganz,ADV,mo,1408,verblüfft
1408,verblüfft,verblüffen,VERB,pd,1405,blieben
1409,stehen,stehen,VERB,oc,1405,blieben
1410,",",--,PUNCT,punct,1399,traten
1411,denn,denn,CCONJ,cd,1399,traten
1412,solche,solcher,PRON,ROOT,1412,solche
1413,Kinder,Kind,NOUN,sb,1414,hatten
1414,hatten,haben,AUX,ROOT,1414,hatten
1415,sie,sie,PRON,sb,1414,hatten
1416,noch,noch,ADV,mo,1417,niemals
1417,niemals,niemals,ADV,mo,1418,gesehen
1418,gesehen,sehen,VERB,oc,1414,hatten
1419,.,--,PUNCT,punct,1414,hatten
1420,Der,der,DET,nk,1421,Knabe
1421,Knabe,Knabe,NOUN,sb,1422,trug
1422,trug,tragen,VERB,ROOT,1422,trug
1423,lange,lang,ADV,nk,1424,Pumphosen
1424,Pumphosen,Pumphose,NOUN,oa,1422,trug
1425,und,und,CCONJ,cd,1422,trug
1426,ein,ein,DET,cj,1425,und
1427,Jäckchen,Jäckche,NOUN,ROOT,1427,Jäckchen
1428,von,von,ADP,pg,1427,Jäckchen
1429,scharlachrotem,scharlachrot,ADJ,nk,1430,Tuch
1430,Tuch,Tuch,NOUN,nk,1428,von
1431,über,über,ADP,op,1427,Jäckchen
1432,und,und,CCONJ,cd,1431,über
1433,über,über,ADV,svp,1434,mit
1434,mit,mit,ADP,cj,1432,und
1435,goldenen,golden,ADJ,nk,1436,Schnüren
1436,Schnüren,Schnür,NOUN,nk,1434,mit
1437,und,und,CCONJ,cd,1434,mit
1438,Tressen,Tress,NOUN,oa,1439,besetzt
1439,besetzt,besetzen,VERB,ROOT,1439,besetzt
1440,und,und,CCONJ,cd,1439,besetzt
1441,einen,ein,DET,nk,1444,Säbel
1442,kleinen,klein,ADJ,nk,1444,Säbel
1443,blanken,blank,ADJ,nk,1444,Säbel
1444,Säbel,Säbel,NOUN,oa,1439,besetzt
1445,an,an,ADP,mnr,1444,Säbel
1446,der,der,DET,nk,1447,Seite
1447,Seite,Seite,NOUN,nk,1445,an
1448,",",--,PUNCT,punct,1444,Säbel
1449,auf,auf,ADP,app,1444,Säbel
1450,dem,der,DET,nk,1451,Kopf
1451,Kopf,Kopf,NOUN,nk,1449,auf
1452,aber,aber,ADV,mo,1439,besetzt
1453,eine,ein,DET,nk,1456,Mütze
1454,seltsame,seltsam,ADJ,nk,1456,Mütze
1455,rote,rot,ADJ,nk,1456,Mütze
1456,Mütze,Mütz,NOUN,ROOT,1456,Mütze
1457,mit,mit,ADP,mnr,1456,Mütze
1458,einer,ein,DET,nk,1460,Feder
1459,weißen,weiß,ADJ,nk,1460,Feder
1460,Feder,Feder,NOUN,nk,1457,mit
1461,unter,unter,ADP,mnr,1460,Feder
1462,der,der,PRON,nk,1461,unter
1463,er,er,PRON,nk,1461,unter
1464,mit,mit,ADP,mnr,1456,Mütze
1465,seinem,sein,DET,dep,1456,Mütze
1466,blaßgelben,blaßgelben,VERB,ROOT,1466,blaßgelben
1467,Gesichtchen,Gesichtch,NOUN,sb,1466,blaßgelben
1468,und,und,CCONJ,cd,1467,Gesichtchen
1469,den,der,DET,nk,1472,Augen
1470,trüben,trüb,ADJ,nk,1472,Augen
1471,schläfrigen,schläfrig,ADJ,nk,1472,Augen
1472,Augen,Auge,NOUN,cj,1468,und
1473,blöd,blöd,VERB,mo,1466,blaßgelben
1474,und,und,CCONJ,cd,1473,blöd
1475,scheu,scheu,ADV,cj,1474,und
1476,hervorguckte,hervorgucken,VERB,ROOT,1476,hervorguckte
1477,.,--,PUNCT,punct,1476,hervorguckte
1478,Das,der,DET,nk,1479,Mädchen
1479,Mädchen,Mädchen,NOUN,sb,1480,hatte
1480,hatte,haben,AUX,ROOT,1480,hatte
1481,zwar,zwar,ADV,mo,1480,hatte
1482,ein,ein,DET,nk,1484,Kleidchen
1483,weißes,weiß,ADJ,nk,1484,Kleidchen
1484,Kleidchen,Kleidchen,NOUN,oa,1480,hatte
1485,an,an,ADP,svp,1480,hatte
1486,wie,wie,ADP,cm,1487,Christlieb
1487,Christlieb,Christlieb,NOUN,nk,1485,an
1488,",",--,PUNCT,punct,1480,hatte
1489,aber,aber,CCONJ,ju,1498,waren
1490,mit,mit,ADP,mo,1498,waren
1491,erschrecklich,erschrecklich,ADV,mo,1492,viel
1492,viel,viel,DET,nk,1493,Bändern
1493,Bändern,Bänder,NOUN,nk,1490,mit
1494,und,und,CCONJ,cd,1493,Bändern
1495,Spitzen,Spitze,NOUN,cj,1494,und
1496,",",--,PUNCT,punct,1498,waren
1497,auch,auch,ADV,mo,1498,waren
1498,waren,sein,AUX,ROOT,1498,waren
1499,ihre,ihr,DET,nk,1500,Haare
1500,Haare,Haar,NOUN,sb,1498,waren
1501,ganz,ganz,ADV,mo,1498,waren
1502,seltsam,seltsam,ADV,mo,1505,geflochten
1503,in,in,ADP,mo,1505,geflochten
1504,Zöpfe,Zöpfe,NOUN,nk,1503,in
1505,geflochten,flochten,VERB,re,1513,oben
1506,und,und,CCONJ,cd,1505,geflochten
1507,spitz,spitz,ADV,mo,1511,heraufgewunden
1508,in,in,ADP,mo,1511,heraufgewunden
1509,die,der,DET,nk,1510,Höhe
1510,Höhe,Höhe,NOUN,nk,1508,in
1511,heraufgewunden,heraufgewunden,VERB,cj,1506,und
1512,",",--,PUNCT,punct,1513,oben
1513,oben,oben,ADV,mo,1514,funkelte
1514,funkelte,funkelen,VERB,ROOT,1514,funkelte
1515,aber,aber,CCONJ,mo,1518,Krönchen
1516,ein,ein,DET,nk,1518,Krönchen
1517,blaues,blau,ADJ,nk,1518,Krönchen
1518,Krönchen,Krönchen,NOUN,ROOT,1518,Krönchen
1519,.,--,PUNCT,punct,1518,Krönchen
1520,Christlieb,Christlieb,PROPN,sb,1521,faßte
1521,faßte,fassen,VERB,ROOT,1521,faßte
1522,sich,sich,PRON,oa,1521,faßte
1523,ein,ein,DET,nk,1524,Herz
1524,Herz,Herz,NOUN,oa,1521,faßte
1525,und,und,CCONJ,cd,1521,faßte
1526,wollte,wollen,AUX,cj,1525,und
1527,die,der,DET,nk,1528,Kleine
1528,Kleine,Kleine,NOUN,oa,1526,wollte
1529,bei,bei,ADP,mo,1532,nehmen
1530,der,der,DET,nk,1531,Hand
1531,Hand,Hand,NOUN,nk,1529,bei
1532,nehmen,nehmen,VERB,ROOT,1532,nehmen
1533,",",--,PUNCT,punct,1532,nehmen
1534,die,der,PRON,sb,1535,zog
1535,zog,ziehen,VERB,rc,1531,Hand
1536,aber,aber,ADV,mo,1535,zog
1537,die,der,DET,nk,1538,Hand
1538,Hand,Hand,NOUN,oa,1535,zog
1539,schnell,schnell,ADV,mo,1535,zog
1540,zurück,zurück,ADV,svp,1535,zog
1541,und,und,CCONJ,cd,1535,zog
1542,zog,ziehen,VERB,cj,1541,und
1543,so,so,ADV,mo,1542,zog
1544,ein,ein,DET,svp,1542,zog
1545,verdrüßliches,verdrüßlich,ADJ,nk,1547,Gesicht
1546,weinerliches,weinerlich,ADJ,nk,1547,Gesicht
1547,Gesicht,Gesicht,NOUN,ROOT,1547,Gesicht
1548,",",--,PUNCT,punct,1547,Gesicht
1549,daß,daß,SCONJ,cp,1553,erschrak
1550,Christlieb,Christlieb,NOUN,sb,1553,erschrak
1551,ordentlich,ordentlich,ADV,mo,1553,erschrak
1552,davor,davor,ADV,op,1553,erschrak
1553,erschrak,erschrak,VERB,oc,1547,Gesicht
1554,und,und,CCONJ,ju,1557,abließ
1555,von,von,ADP,mo,1557,abließ
1556,ihr,ihr,PRON,nk,1555,von
1557,abließ,ablassen,VERB,ROOT,1557,abließ
1558,.,--,PUNCT,punct,1557,abließ
1559,Felix,Felix,PROPN,sb,1560,wollte
1560,wollte,wollen,AUX,ROOT,1560,wollte
1561,auch,auch,ADV,mo,1564,Knaben
1562,nur,nur,ADV,mo,1564,Knaben
1563,des,der,DET,nk,1564,Knaben
1564,Knaben,Knabe,NOUN,da,1565,schönen
1565,schönen,schön,ADJ,nk,1566,Säbel
1566,Säbel,Säbel,NOUN,nk,1560,wollte
1567,ein,ein,DET,nk,1568,bißchen
1568,bißchen,bißchen,PRON,mo,1560,wollte
1569,näher,nah,ADV,mo,1570,besehen
1570,besehen,besehen,VERB,pd,1584,Mein
1571,und,und,CCONJ,cd,1570,besehen
1572,faßte,fassen,VERB,cj,1571,und
1573,darnach,darnach,ADV,mo,1572,faßte
1574,",",--,PUNCT,punct,1572,faßte
1575,aber,aber,CCONJ,cd,1570,besehen
1576,der,der,DET,nk,1577,Junge
1577,Junge,Junge,NOUN,sb,1578,fing
1578,fing,fing,VERB,cj,1575,aber
1579,an,an,ADV,pm,1581,schreien
1580,zu,zu,PART,pm,1581,schreien
1581,schreien,schreien,VERB,oc,1578,fing
1582,:,--,PUNCT,punct,1570,besehen
1583,"""",--,PUNCT,punct,1584,Mein
1584,Mein,mein,DET,ROOT,1584,Mein
1585,Säbel,säbel,NOUN,ROOT,1585,Säbel
1586,",",--,PUNCT,punct,1585,Säbel
1587,mein,mein,DET,nk,1588,Säbel
1588,Säbel,Säbel,NOUN,cj,1585,Säbel
1589,",",--,PUNCT,punct,1585,Säbel
1590,er,er,PRON,sb,1591,will
1591,will,wollen,AUX,cj,1585,Säbel
1592,mir,mir,PRON,da,1595,nehmen
1593,den,der,DET,nk,1594,Säbel
1594,Säbel,Säbel,NOUN,oa,1595,nehmen
1595,nehmen,nehmen,VERB,oc,1591,will
1596,"""",--,PUNCT,punct,1595,nehmen
1597,",",--,PUNCT,punct,1598,und
1598,und,und,CCONJ,cd,1585,Säbel
1599,lief,laufen,VERB,cj,1598,und
1600,zum,zu,ADP,mo,1599,lief
1601,hagern,hagern,ADJ,nk,1602,Mann
1602,Mann,Mann,NOUN,nk,1600,zum
1603,",",--,PUNCT,punct,1599,lief
1604,hinter,hinter,ADP,mo,1608,versteckte
1605,den,der,PRON,nk,1604,hinter
1606,er,er,PRON,sb,1608,versteckte
1607,sich,sich,PRON,oa,1608,versteckte
1608,versteckte,verstecken,VERB,ROOT,1608,versteckte
1609,.,--,PUNCT,punct,1608,versteckte
1610,Felix,Felix,PROPN,sb,1611,wurde
1611,wurde,werden,AUX,ROOT,1611,wurde
1612,darüber,darüber,ADV,mo,1613,rot
1613,rot,rot,ADV,mo,1614,im
1614,im,in,ADP,mo,1611,wurde
1615,Gesicht,Gesicht,NOUN,nk,1614,im
1616,und,und,CCONJ,cd,1611,wurde
1617,sprach,sprechen,VERB,cj,1616,und
1618,ganz,ganz,ADV,mo,1619,erzürnt
1619,erzürnt,erzürnen,VERB,ROOT,1619,erzürnt
1620,:,--,PUNCT,punct,1619,erzürnt
1621,"""",--,PUNCT,punct,1623,will
1622,Ich,ich,PRON,sb,1623,will
1623,will,wollen,AUX,oc,1619,erzürnt
1624,dir,dir,PRON,oa,1629,nehmen
1625,ja,ja,ADV,mo,1623,will
1626,deinen,dein,DET,nk,1627,Säbel
1627,Säbel,Säbel,NOUN,oa,1629,nehmen
1628,nicht,nicht,PART,ng,1623,will
1629,nehmen,nehmen,VERB,oc,1623,will
1630,–,--,PUNCT,punct,1623,will
1631,dummer,dummer,ADJ,nk,1632,Junge
1632,Junge,Junge,NOUN,cj,1623,will
1633,!,--,PUNCT,punct,1619,erzürnt
1634,"""",--,PUNCT,ROOT,1634,""""
1635,Die,der,DET,ROOT,1635,Die
1636,letzten,letzter,ADJ,nk,1637,Worte
1637,Worte,Wort,NOUN,oa,1638,murmelte
1638,murmelte,murmelen,VERB,ROOT,1638,murmelte
1639,er,er,PRON,sb,1638,murmelte
1640,nur,nur,ADV,mo,1638,murmelte
1641,so,so,ADV,mo,1638,murmelte
1642,zwischen,zwischen,ADP,mo,1638,murmelte
1643,den,der,DET,nk,1644,Zähnen
1644,Zähnen,Zahn,NOUN,nk,1642,zwischen
1645,",",--,PUNCT,punct,1638,murmelte
1646,aber,aber,CCONJ,cd,1638,murmelte
1647,der,der,DET,nk,1648,Herr
1648,Herr,Herr,NOUN,cj,1646,aber
1649,von,von,ADP,pg,1648,Herr
1650,Brakel,Brakel,NOUN,nk,1649,von
1651,hatte,haben,AUX,ROOT,1651,hatte
1652,wohl,wohl,ADV,mo,1654,gehört
1653,alles,alle,PRON,oa,1654,gehört
1654,gehört,hören,VERB,oc,1651,hatte
1655,und,und,CCONJ,cd,1651,hatte
1656,schien,scheinen,VERB,cj,1655,und
1657,sehr,sehr,ADV,mo,1658,verlegen
1658,verlegen,verlegen,ADV,mo,1661,sein
1659,darüber,darüber,ADV,mo,1658,verlegen
1660,zu,zu,PART,pm,1661,sein
1661,sein,sein,AUX,oc,1656,schien
1662,",",--,PUNCT,punct,1656,schien
1663,denn,denn,CCONJ,cd,1656,schien
1664,er,er,PRON,sb,1651,hatte
1665,knöpfelte,knöpfeln,VERB,ROOT,1665,knöpfelte
1666,an,an,ADP,mo,1665,knöpfelte
1667,der,der,DET,nk,1668,Weste
1668,Weste,Weste,NOUN,nk,1666,an
1669,hin,hin,ADV,mo,1665,knöpfelte
1670,und,und,CCONJ,cd,1669,hin
1671,her,her,ADV,cj,1670,und
1672,und,und,CCONJ,cd,1665,knöpfelte
1673,rief,rufen,VERB,cj,1672,und
1674,:,--,PUNCT,punct,1673,rief
1675,"""",--,PUNCT,punct,1677,Felix
1676,Ei,Ei,PROPN,pnc,1677,Felix
1677,Felix,Felix,PROPN,oc,1673,rief
1678,"""",--,PUNCT,punct,1677,Felix
1679,Die,der,DET,nk,1681,Dame
1680,dicke,dick,ADJ,nk,1681,Dame
1681,Dame,Dame,NOUN,sb,1682,sprach
1682,sprach,sprechen,VERB,ROOT,1682,sprach
1683,:,--,PUNCT,punct,1682,sprach
1684,"""",--,PUNCT,punct,1685,Adelgundchen
1685,Adelgundchen,adelgundchen,NOUN,sb,1696,seid
1686,",",--,PUNCT,punct,1685,Adelgundchen
1687,Herrmann,Herrmann,PROPN,cj,1685,Adelgundchen
1688,",",--,PUNCT,punct,1685,Adelgundchen
1689,die,der,DET,nk,1690,Kinder
1690,Kinder,Kind,NOUN,sb,1691,tun
1691,tun,tun,VERB,oc,1685,Adelgundchen
1692,euch,euch,PRON,oa,1691,tun
1693,ja,ja,ADV,mo,1691,tun
1694,nichts,nichts,PRON,oa,1691,tun
1695,",",--,PUNCT,punct,1696,seid
1696,seid,sein,AUX,ROOT,1696,seid
1697,doch,doch,ADV,mo,1696,seid
1698,nicht,nicht,PART,ng,1696,seid
1699,so,so,ADV,mo,1696,seid
1700,blöde,blöde,VERB,ROOT,1700,blöde
1701,"""",--,PUNCT,punct,1700,blöde
1702,;,--,PUNCT,punct,1700,blöde
1703,der,der,DET,nk,1705,Herr
1704,hagere,hag,ADJ,nk,1705,Herr
1705,Herr,Herr,NOUN,sb,1706,lispelte
1706,lispelte,lispelen,VERB,ROOT,1706,lispelte
1707,aber,aber,ADV,mo,1706,lispelte
1708,:,--,PUNCT,punct,1706,lispelte
1709,"""",--,PUNCT,punct,1711,werden
1710,Sie,sie,PRON,sb,1711,werden
1711,werden,werden,AUX,ROOT,1711,werden
1712,schon,schon,ADV,mo,1714,machen
1713,Bekanntschaft,Bekanntschaft,NOUN,oa,1714,machen
1714,machen,machen,VERB,oc,1711,werden
1715,"""",--,PUNCT,punct,1711,werden
1716,",",--,PUNCT,punct,1711,werden
1717,ergriff,ergreifen,VERB,ROOT,1717,ergriff
1718,die,der,DET,nk,1719,Frau
1719,Frau,Frau,NOUN,sb,1717,ergriff
1720,von,von,ADP,pg,1719,Frau
1721,Brakel,Brakel,PROPN,nk,1720,von
1722,bei,bei,ADP,mo,1717,ergriff
1723,der,der,DET,nk,1724,Hand
1724,Hand,Hand,NOUN,nk,1722,bei
1725,und,und,CCONJ,cd,1717,ergriff
1726,führte,führen,VERB,cj,1725,und
1727,sie,sie,PRON,oa,1726,führte
1728,ins,in,ADP,mo,1726,führte
1729,Haus,Haus,NOUN,nk,1728,ins
1730,",",--,PUNCT,punct,1726,führte
1731,ihr,ihr,PRON,da,1732,folgte
1732,folgte,folgen,VERB,rc,1717,ergriff
1733,der,der,DET,nk,1734,Herr
1734,Herr,Herr,NOUN,ROOT,1734,Herr
1735,von,von,ADP,pg,1734,Herr
1736,Brakel,Brakel,PROPN,nk,1735,von
1737,mit,mit,ADP,mnr,1734,Herr
1738,der,der,DET,nk,1740,Dame
1739,dicken,dick,ADJ,nk,1740,Dame
1740,Dame,Dame,NOUN,nk,1737,mit
1741,an,an,ADP,mo,1745,Adelgundchen
1742,deren,der,PRON,ag,1743,Schleppkleid
1743,Schleppkleid,Schleppkleid,NOUN,nk,1741,an
1744,sich,sich,PRON,oa,1745,Adelgundchen
1745,Adelgundchen,adelgundchen,NOUN,oc,1734,Herr
1746,und,und,CCONJ,ju,1748,hingen
1747,Herrmann,Herrmann,PROPN,oa,1748,hingen
1748,hingen,hingen,VERB,ROOT,1748,hingen
1749,.,--,PUNCT,punct,1748,hingen
1750,Christlieb,Christlieb,NOUN,sb,1753,gingen
1751,und,und,CCONJ,cd,1750,Christlieb
1752,Felix,Felix,PROPN,cj,1751,und
1753,gingen,gehen,VERB,ROOT,1753,gingen
1754,hinterdrein,hinterdrein,ADV,svp,1753,gingen
1755,.,--,PUNCT,punct,1753,gingen
1756,"""",--,PUNCT,punct,1758,wird
1757,Jetzt,jetzt,ADV,mo,1758,wird
1758,wird,werden,AUX,ROOT,1758,wird
1759,der,der,DET,sb,1758,wird
1760,Kuchen,Kuchen,NOUN,oa,1761,angeschnitten
1761,angeschnitten,angeschnitten,VERB,oc,1764,flüsterte
1762,"""",--,PUNCT,punct,1764,flüsterte
1763,",",--,PUNCT,punct,1764,flüsterte
1764,flüsterte,flüstern,VERB,ROOT,1764,flüsterte
1765,Felix,Felix,PROPN,sb,1764,flüsterte
1766,der,der,DET,nk,1767,Schwester
1767,Schwester,Schwester,NOUN,ag,1765,Felix
1768,ins,in,ADP,mo,1764,flüsterte
1769,Ohr,Ohr,NOUN,nk,1768,ins
1770,.,--,PUNCT,punct,1764,flüsterte
1771,"""",--,PUNCT,ROOT,1771,""""
1772,Ach,ach,INTJ,vo,1775,ach
1773,ja,ja,PART,dm,1775,ach
1774,",",--,PUNCT,punct,1775,ach
1775,ach,ach,INTJ,oa,1771,""""
1776,ja,ja,ADV,mo,1775,ach
1777,"""",--,PUNCT,punct,1775,ach
1778,",",--,PUNCT,punct,1775,ach
1779,erwiderte,erwidern,VERB,ROOT,1779,erwiderte
1780,die,der,DET,nk,1782,Freude
1781,voll,voll,ADP,mo,1782,Freude
1782,Freude,Freude,NOUN,oa,1779,erwiderte
1783,;,--,PUNCT,punct,1779,erwiderte
1784,"""",--,PUNCT,punct,1787,laufen
1785,und,und,CCONJ,ju,1787,laufen
1786,dann,dann,ADV,mo,1787,laufen
1787,laufen,laufen,VERB,ROOT,1787,laufen
1788,wir,wir,PRON,sb,1787,laufen
1789,auf,auf,ADP,svp,1787,laufen
1790,und,und,CCONJ,cd,1787,laufen
1791,davon,davon,ADV,mo,1792,in
1792,in,in,ADP,mo,1787,laufen
1793,den,der,DET,nk,1794,Wald
1794,Wald,Wald,NOUN,nk,1792,in
1795,"""",--,PUNCT,punct,1787,laufen
1796,",",--,PUNCT,punct,1787,laufen
1797,fuhr,fuhr,VERB,oc,1813,setzte
1798,Felix,Felix,PROPN,sb,1797,fuhr
1799,fort,fort,ADV,svp,1797,fuhr
1800,",",--,PUNCT,punct,1797,fuhr
1801,"""",--,PUNCT,punct,1797,fuhr
1802,und,und,CCONJ,cd,1797,fuhr
1803,bekümmern,bekümmern,VERB,cj,1802,und
1804,uns,uns,PRON,oa,1803,bekümmern
1805,um,um,ADP,op,1803,bekümmern
1806,die,der,DET,nk,1807,fremden
1807,fremden,fremd,ADJ,nk,1805,um
1808,blöden,blöd,ADJ,nk,1809,Dinger
1809,Dinger,Dinger,NOUN,oa,1803,bekümmern
1810,nicht,nicht,PART,ng,1803,bekümmern
1811,"""",--,PUNCT,punct,1797,fuhr
1812,",",--,PUNCT,punct,1813,setzte
1813,setzte,setzen,VERB,ROOT,1813,setzte
1814,Christlieb,Christlieb,NOUN,ROOT,1814,Christlieb
1815,hinzu,hinzu,ADV,svp,1814,Christlieb
1816,.,--,PUNCT,punct,1814,Christlieb
1817,Felix,Felix,PROPN,sb,1818,machte
1818,machte,machen,VERB,re,1822,so
1819,einen,ein,DET,nk,1820,Luftsprung
1820,Luftsprung,Luftsprung,NOUN,oa,1818,machte
1821,",",--,PUNCT,punct,1822,so
1822,so,so,ADV,mo,1823,kamen
1823,kamen,kommen,VERB,ROOT,1823,kamen
1824,sie,sie,PRON,sb,1823,kamen
1825,in,in,ADP,mo,1823,kamen
1826,die,der,DET,nk,1827,Stube
1827,Stube,Stube,NOUN,nk,1825,in
1828,.,--,PUNCT,punct,1823,kamen
1829,Adelgunde,Adelgunde,NOUN,sb,1832,durften
1830,und,und,CCONJ,cd,1829,Adelgunde
1831,Herrmann,Herrmann,PROPN,cj,1830,und
1832,durften,dürfen,AUX,ROOT,1832,durften
1833,keinen,kein,DET,nk,1834,Kuchen
1834,Kuchen,Kuchen,NOUN,oa,1835,essen
1835,essen,essen,VERB,oc,1832,durften
1836,",",--,PUNCT,punct,1835,essen
1837,weil,weil,SCONJ,punct,1832,durften
1838,sie,sie,PRON,dep,1832,durften
1839,",",--,PUNCT,punct,1838,sie
1840,wie,wie,ADP,cm,1842,Eltern
1841,die,der,DET,nk,1842,Eltern
1842,Eltern,Eltern,NOUN,mo,1839,","
1843,sagten,sagen,VERB,ROOT,1843,sagten
1844,",",--,PUNCT,punct,1843,sagten
1845,das,der,PRON,sb,1848,könnten
1846,nicht,nicht,PART,ng,1848,könnten
1847,vertragen,vertragen,VERB,oc,1848,könnten
1848,könnten,können,AUX,rc,1843,sagten
1849,",",--,PUNCT,punct,1843,sagten
1850,sie,sie,PRON,sb,1851,erhielten
1851,erhielten,erhalten,VERB,oc,1843,sagten
1852,dafür,dafür,ADV,mo,1851,erhielten
1853,jeder,jeder,PRON,sb,1851,erhielten
1854,einen,ein,DET,nk,1855,kleinen
1855,kleinen,klein,ADJ,ROOT,1855,kleinen
1856,Zwieback,Zwieback,NOUN,ROOT,1856,Zwieback
1857,",",--,PUNCT,punct,1856,Zwieback
1858,den,der,PRON,oa,1865,herausnehmen
1859,der,der,DET,nk,1860,Jäger
1860,Jäger,Jäger,NOUN,sb,1866,mußte
1861,aus,aus,ADP,mo,1865,herausnehmen
1862,einer,ein,DET,nk,1864,Schachtel
1863,mitgebrachten,mitgebracht,ADJ,nk,1864,Schachtel
1864,Schachtel,Schachtel,NOUN,nk,1861,aus
1865,herausnehmen,herausnehmen,VERB,oc,1866,mußte
1866,mußte,müssen,AUX,rc,1856,Zwieback
1867,.,--,PUNCT,punct,1856,Zwieback
1868,Felix,Felix,PROPN,sb,1871,bissen
1869,und,und,CCONJ,cd,1868,Felix
1870,Christlieb,Christlieb,NOUN,cj,1869,und
1871,bissen,bissen,VERB,ROOT,1871,bissen
1872,tapfer,tapfer,ADV,mo,1871,bissen
1873,in,in,ADP,mo,1871,bissen
1874,das,der,DET,nk,1876,Stück
1875,derbe,derb,ADJ,nk,1876,Stück
1876,Stück,Stück,NOUN,nk,1873,in
1877,Kuchen,Kuchen,NOUN,nk,1876,Stück
1878,",",--,PUNCT,punct,1876,Stück
1879,das,der,PRON,oa,1871,bissen
1880,die,der,DET,nk,1881,gute
1881,gute,gut,ADJ,oa,1871,bissen
1882,Mutter,Mutter,NOUN,ROOT,1882,Mutter
1883,jedem,jeder,PRON,da,1884,gereicht
1884,gereicht,reichen,VERB,oc,1882,Mutter
1885,und,und,CCONJ,cd,1882,Mutter
1886,waren,sein,AUX,cj,1885,und
1887,guter,gut,ADJ,nk,1888,Dinge
1888,Dinge,Ding,NOUN,pd,1886,waren
1889,.,--,PUNCT,punct,1882,Mutter
1890,Wie,wie,SCONJ,mo,1893,bei
1891,es,es,PRON,ep,1893,bei
1892,weiter,weiter,ADV,mo,1893,bei
1893,bei,bei,ADP,ROOT,1893,bei
1894,dem,der,DET,nk,1896,Besuche
1895,vornehmen,vornehm,ADJ,nk,1896,Besuche
1896,Besuche,Besuch,NOUN,nk,1893,bei
1897,herging,Herging,PROPN,nk,1896,Besuche
1898,Der,der,DET,nk,1900,Mann
1899,hagere,hag,ADJ,nk,1900,Mann
1900,Mann,Mann,NOUN,sb,1905,geheißen
1901,",",--,PUNCT,punct,1900,Mann
1902,Cyprianus,Cyprianus,PROPN,app,1900,Mann
1903,von,von,ADP,pg,1902,Cyprianus
1904,Brakel,Brakel,PROPN,nk,1903,von
1905,geheißen,heißen,VERB,pd,1907,war
1906,",",--,PUNCT,punct,1907,war
1907,war,sein,AUX,ROOT,1907,war
1908,zwar,zwar,ADV,mo,1907,war
1909,der,der,DET,nk,1911,Vetter
1910,leibliche,leiblich,ADJ,nk,1911,Vetter
1911,Vetter,Vetter,NOUN,sb,1907,war
1912,des,der,DET,nk,1913,Herrn
1913,Herrn,Herr,NOUN,ROOT,1913,Herrn
1914,Thaddäus,Thaddäus,PROPN,nk,1913,Herrn
1915,von,von,ADP,mnr,1913,Herrn
1916,Brakel,Brakel,PROPN,nk,1915,von
1917,",",--,PUNCT,punct,1913,Herrn
1918,indessen,indessen,ADV,mo,1920,vornehmer
1919,weit,weit,ADV,mo,1920,vornehmer
1920,vornehmer,vornehm,ADV,app,1913,Herrn
1921,als,als,ADP,cm,1922,dieser
1922,dieser,dieser,PRON,cc,1920,vornehmer
1923,.,--,PUNCT,punct,1913,Herrn
1924,Denn,denn,CCONJ,ROOT,1924,Denn
1925,außerdem,außerdem,ADV,mo,1930,führte
1926,daß,daß,SCONJ,cp,1930,führte
1927,er,er,PRON,sb,1930,führte
1928,den,der,DET,nk,1929,Grafentitel
1929,Grafentitel,Grafentitel,NOUN,oa,1930,führte
1930,führte,führen,VERB,mo,1931,trug
1931,trug,tragen,VERB,ROOT,1931,trug
1932,er,er,PRON,sb,1931,trug
1933,auch,auch,ADV,mo,1934,auf
1934,auf,auf,ADP,mo,1931,trug
1935,jedem,jeder,DET,nk,1936,Rock
1936,Rock,Rock,NOUN,nk,1934,auf
1937,",",--,PUNCT,punct,1936,Rock
1938,ja,ja,ADV,mo,1931,trug
1939,sogar,sogar,ADV,mo,1938,ja
1940,auf,auf,ADP,ROOT,1940,auf
1941,dem,der,DET,nk,1942,Pudermantel
1942,Pudermantel,Pudermantel,NOUN,nk,1940,auf
1943,",",--,PUNCT,punct,1942,Pudermantel
1944,einen,ein,DET,nk,1947,Stern
1945,großen,groß,ADJ,nk,1947,Stern
1946,silbernen,silbern,ADJ,nk,1947,Stern
1947,Stern,Stern,NOUN,app,1942,Pudermantel
1948,.,--,PUNCT,punct,1940,auf
1949,Deshalb,deshalb,ADV,mo,1950,hatte
1950,hatte,haben,VERB,ROOT,1950,hatte
1951,",",--,PUNCT,punct,1950,hatte
1952,als,als,SCONJ,cm,1953,er
1953,er,er,PRON,sb,1950,hatte
1954,schon,schon,ADV,mo,1953,er
1955,ein,ein,DET,nk,1956,Jahr
1956,Jahr,Jahr,NOUN,ams,1957,früher
1957,früher,früh,ADV,ROOT,1957,früher
1958,",",--,PUNCT,punct,1957,früher
1959,jedoch,jedoch,ADV,mo,1962,ohne
1960,ganz,ganz,ADV,mo,1961,allein
1961,allein,allein,ADV,mo,1962,ohne
1962,ohne,ohne,ADP,cj,1957,früher
1963,die,der,DET,nk,1965,Dame
1964,dicke,dick,ADJ,nk,1965,Dame
1965,Dame,Dame,NOUN,nk,1962,ohne
1966,",",--,PUNCT,punct,1957,früher
1967,die,der,PRON,sb,1970,war
1968,seine,sein,DET,nk,1969,Frau
1969,Frau,Frau,NOUN,pd,1970,war
1970,war,sein,AUX,rc,1957,früher
1971,und,und,CCONJ,cd,1970,war
1972,ohne,ohne,ADP,ROOT,1972,ohne
1973,die,der,DET,nk,1974,Kinder
1974,Kinder,Kind,NOUN,nk,1972,ohne
1975,",",--,PUNCT,punct,1974,Kinder
1976,bei,bei,ADP,mo,1972,ohne
1977,dem,der,DET,nk,1978,Herrn
1978,Herrn,Herr,NOUN,nk,1976,bei
1979,Thaddäus,Thaddäus,PROPN,nk,1978,Herrn
1980,von,von,ADP,mnr,1978,Herrn
1981,Brakel,Brakel,PROPN,nk,1980,von
1982,seinem,sein,DET,nk,1983,Vetter
1983,Vetter,Vetter,NOUN,da,1976,bei
1984,auf,auf,ADP,mnr,1983,Vetter
1985,eine,ein,PRON,nk,1984,auf
1986,Stunde,Stunde,NOUN,mo,1987,einsprach
1987,einsprach,einsprach,VERB,ROOT,1987,einsprach
1988,",",--,PUNCT,punct,1987,einsprach
1989,Felix,Felix,PROPN,sb,1987,einsprach
1990,ihn,ihn,PRON,oa,1992,gefragt
1991,auch,auch,ADV,mo,1992,gefragt
1992,gefragt,fragen,VERB,mo,1987,einsprach
1993,:,--,PUNCT,punct,1992,gefragt
1994,"""",--,PUNCT,punct,1998,Herr
1995,Hör,Hör,NOUN,nk,1998,Herr
1996,mal,mal,ADV,mo,1997,gnädiger
1997,gnädiger,gnädig,ADJ,nk,1998,Herr
1998,Herr,Herr,NOUN,mo,1987,einsprach
1999,Onkel,Onkel,NOUN,nk,1998,Herr
2000,",",--,PUNCT,punct,1998,Herr
2001,du,du,PRON,sb,2002,bist
2002,bist,sein,AUX,rc,1998,Herr
2003,wohl,wohl,ADV,mo,2005,geworden
2004,König,König,NOUN,pd,2005,geworden
2005,geworden,werden,AUX,ROOT,2005,geworden
2006,?,--,PUNCT,punct,2005,geworden
2007,"""",--,PUNCT,punct,2005,geworden
2008,Felix,Felix,PROPN,sb,2009,hatte
2009,hatte,haben,AUX,ROOT,2009,hatte
2010,nämlich,nämlich,ADV,mo,2009,hatte
2011,in,in,ADP,mo,2009,hatte
2012,seinem,sein,DET,nk,2013,Bilderbuche
2013,Bilderbuche,Bilderbuch,NOUN,nk,2011,in
2014,einen,ein,DET,oa,2009,hatte
2015,abgemalten,abgemalt,ADJ,nk,2016,König
2016,König,König,NOUN,ROOT,2016,König
2017,",",--,PUNCT,punct,2016,König
2018,der,der,PRON,sb,2025,trug
2019,einen,ein,DET,nk,2021,Stern
2020,dergleichen,dergleich,ADJ,nk,2021,Stern
2021,Stern,Stern,NOUN,oa,2025,trug
2022,auf,auf,ADP,mo,2025,trug
2023,der,der,DET,nk,2024,Brust
2024,Brust,Brust,NOUN,nk,2022,auf
2025,trug,tragen,VERB,rc,2016,König
2026,",",--,PUNCT,punct,2016,König
2027,und,und,CCONJ,cd,2016,König
2028,so,so,ADV,mo,2029,mußte
2029,mußte,müssen,AUX,cj,2027,und
2030,er,er,PRON,sb,2032,glauben
2031,wohl,wohl,ADV,mo,2032,glauben
2032,glauben,glauben,VERB,ROOT,2032,glauben
2033,",",--,PUNCT,punct,2032,glauben
2034,daß,daß,SCONJ,cp,2041,sei
2035,der,der,DET,nk,2036,Onkel
2036,Onkel,Onkel,NOUN,sb,2041,sei
2037,nun,nun,ADV,mo,2040,geworden
2038,auch,auch,ADV,mo,2039,König
2039,König,König,NOUN,pd,2040,geworden
2040,geworden,werden,AUX,oc,2041,sei
2041,sei,sein,AUX,oc,2032,glauben
2042,",",--,PUNCT,punct,2041,sei
2043,weil,weil,SCONJ,cp,2046,Zeichen
2044,er,er,PRON,sb,2046,Zeichen
2045,das,der,DET,nk,2046,Zeichen
2046,Zeichen,Zeichen,NOUN,mo,2040,geworden
2047,trug,tragen,VERB,ROOT,2047,trug
2048,.,--,PUNCT,punct,2047,trug
2049,Der,der,DET,nk,2050,Onkel
2050,Onkel,Onkel,NOUN,sb,2051,hatte
2051,hatte,haben,AUX,ROOT,2051,hatte
2052,damals,damals,ADV,mo,2057,gelacht
2053,sehr,sehr,ADV,mo,2057,gelacht
2054,über,über,ADP,mo,2057,gelacht
2055,die,der,DET,nk,2056,Frage
2056,Frage,Frage,NOUN,nk,2054,über
2057,gelacht,lachen,VERB,oc,2051,hatte
2058,und,und,CCONJ,cd,2057,gelacht
2059,geantwortet,antworten,VERB,cj,2058,und
2060,:,--,PUNCT,punct,2051,hatte
2061,"""",--,PUNCT,punct,2062,Nein
2062,Nein,nein,PART,ROOT,2062,Nein
2063,mein,mein,DET,nk,2064,Söhnchen
2064,Söhnchen,Söhnche,NOUN,pd,2067,bin
2065,",",--,PUNCT,punct,2064,Söhnchen
2066,König,König,NOUN,app,2064,Söhnchen
2067,bin,sein,AUX,ROOT,2067,bin
2068,ich,ich,PRON,sb,2067,bin
2069,nicht,nicht,PART,ng,2067,bin
2070,",",--,PUNCT,punct,2067,bin
2071,aber,aber,CCONJ,cd,2067,bin
2072,des,der,DET,nk,2073,Königs
2073,Königs,König,NOUN,cj,2071,aber
2074,treuster,treust,ADJ,nk,2075,Diener
2075,Diener,Diener,NOUN,ag,2073,Königs
2076,und,und,CCONJ,cd,2075,Diener
2077,Minister,Minister,NOUN,ROOT,2077,Minister
2078,",",--,PUNCT,punct,2077,Minister
2079,der,der,PRON,sb,2083,regiert
2080,über,über,ADP,mo,2083,regiert
2081,viele,vieler,DET,nk,2082,Leute
2082,Leute,Leute,NOUN,nk,2080,über
2083,regiert,regieren,VERB,rc,2077,Minister
2084,.,--,PUNCT,punct,2077,Minister
2085,Gehörtest,Gehörtest,NOUN,ROOT,2085,Gehörtest
2086,du,du,PRON,sb,2085,Gehörtest
2087,zu,zu,ADP,mnr,2085,Gehörtest
2088,der,der,DET,nk,2089,Gräflich
2089,Gräflich,Gräflich,NOUN,nk,2087,zu
2090,von,von,ADP,pg,2089,Gräflich
2091,Brakelschen,Brakelschen,ADJ,nk,2092,Linie
2092,Linie,Linie,NOUN,sb,2095,könntest
2093,",",--,PUNCT,punct,2094,so
2094,so,so,ADV,mo,2095,könntest
2095,könntest,könntesen,VERB,ROOT,2095,könntest
2096,du,du,PRON,sb,2095,könntest
2097,vielleicht,vielleicht,ADV,mo,2095,könntest
2098,auch,auch,ADV,mo,2099,künftig
2099,künftig,künftig,ADV,mo,2095,könntest
2100,einen,ein,DET,nk,2102,Stern
2101,solchen,solcher,DET,nk,2102,Stern
2102,Stern,Stern,NOUN,oa,2095,könntest
2103,tragen,tragen,VERB,ROOT,2103,tragen
2104,wie,wie,ADP,cm,2105,ich
2105,ich,ich,PRON,mo,2103,tragen
2106,",",--,PUNCT,punct,2103,tragen
2107,aber,aber,CCONJ,cd,2103,tragen
2108,so,so,ADV,mo,2109,bist
2109,bist,sein,AUX,cj,2107,aber
2110,du,du,PRON,sb,2109,bist
2111,freilich,freilich,ADV,mo,2109,bist
2112,nur,nur,ADV,mo,2114,simpler
2113,ein,ein,DET,nk,2114,simpler
2114,simpler,Simpler,NOUN,pd,2109,bist
2115,Von,von,ADP,ROOT,2115,Von
2116,",",--,PUNCT,punct,2115,Von
2117,aus,aus,ADP,dep,2115,Von
2118,dem,der,PRON,nk,2117,aus
2119,nicht,nicht,PART,dep,2115,Von
2120,viel,viel,DET,nk,2121,Rechtes
2121,Rechtes,Rechtes,NOUN,sb,2123,wird
2122,werden,werden,AUX,oc,2123,wird
2123,wird,werden,AUX,ROOT,2123,wird
2124,.,--,PUNCT,punct,2123,wird
2125,"""",--,PUNCT,punct,2123,wird
2126,Felix,Felix,PROPN,sb,2127,hatte
2127,hatte,haben,AUX,ROOT,2127,hatte
2128,den,der,DET,nk,2129,Onkel
2129,Onkel,Onkel,NOUN,oa,2132,verstanden
2130,gar,gar,ADV,mo,2131,nicht
2131,nicht,nicht,PART,ng,2132,verstanden
2132,verstanden,verstehen,VERB,oc,2127,hatte
2133,und,und,CCONJ,cd,2132,verstanden
2134,Herr,Herr,NOUN,cj,2133,und
2135,Thaddäus,Thaddäus,PROPN,pnc,2137,Brakel
2136,von,von,PROPN,pnc,2137,Brakel
2137,Brakel,Brakel,PROPN,sb,2138,meinte
2138,meinte,meinen,VERB,ROOT,2138,meinte
2139,",",--,PUNCT,punct,2138,meinte
2140,das,der,PRON,sb,2141,sei
2141,sei,sein,AUX,oc,2138,meinte
2142,auch,auch,ADV,mo,2141,sei
2143,gar,gar,ADV,mo,2144,nicht
2144,nicht,nicht,PART,ng,2145,vonnöten
2145,vonnöten,vonnöten,ADV,pd,2141,sei
2146,.,--,PUNCT,punct,2138,meinte
2147,–,--,PUNCT,punct,2149,erzählte
2148,Jetzt,jetzt,ADV,mo,2149,erzählte
2149,erzählte,erzählen,VERB,ROOT,2149,erzählte
2150,der,der,DET,nk,2151,Onkel
2151,Onkel,Onkel,NOUN,sb,2165,rief
2152,seiner,sein,DET,nk,2154,Frau
2153,dicken,dick,ADJ,nk,2154,Frau
2154,Frau,Frau,NOUN,ag,2151,Onkel
2155,",",--,PUNCT,punct,2151,Onkel
2156,wie,wie,SCONJ,mo,2162,gehalten
2157,ihn,ihn,PRON,oa,2162,gehalten
2158,Felix,Felix,PROPN,sb,2162,gehalten
2159,für,für,ADP,mo,2162,gehalten
2160,den,der,DET,nk,2161,König
2161,König,König,NOUN,nk,2159,für
2162,gehalten,halten,VERB,mnr,2151,Onkel
2163,",",--,PUNCT,punct,2164,da
2164,da,da,ADV,op,2165,rief
2165,rief,rufen,VERB,ROOT,2165,rief
2166,sie,sie,PRON,ROOT,2166,sie
2167,:,--,PUNCT,punct,2166,sie
2168,"""",--,PUNCT,punct,2173,Unschuld
2169,O,O,PROPN,nk,2173,Unschuld
2170,süße,süß,ADJ,nk,2173,Unschuld
2171,liebe,lieb,ADJ,nk,2173,Unschuld
2172,rührende,rührend,ADJ,nk,2173,Unschuld
2173,Unschuld,Unschuld,NOUN,rs,2166,sie
2174,!,--,PUNCT,punct,2166,sie
2175,"""",--,PUNCT,punct,2173,Unschuld
2176,Und,und,CCONJ,ju,2178,mußten
2177,nun,nun,ADV,mo,2178,mußten
2178,mußten,müssen,AUX,ROOT,2178,mußten
2179,beide,beide,DET,nk,2180,Felix
2180,Felix,Felix,PROPN,sb,2178,mußten
2181,und,und,CCONJ,cd,2178,mußten
2182,Christlieb,Christlieb,NOUN,ROOT,2182,Christlieb
2183,hervor,hervor,ADV,mo,2184,aus
2184,aus,aus,ADP,mnr,2182,Christlieb
2185,dem,der,DET,nk,2186,Winkel
2186,Winkel,Winkel,NOUN,nk,2184,aus
2187,wo,wo,SCONJ,mo,2182,Christlieb
2188,sie,sie,PRON,sb,2182,Christlieb
2189,unter,unter,ADP,mnr,2182,Christlieb
2190,Kichern,kichern,NOUN,nk,2189,unter
2191,und,und,CCONJ,cd,2190,Kichern
2192,Lachen,lachen,NOUN,cj,2191,und
2193,den,der,DET,nk,2194,Kuchen
2194,Kuchen,Kuchen,NOUN,dep,2182,Christlieb
2195,verzehrt,verzehrt,VERB,oc,2196,hatten
2196,hatten,haben,AUX,ROOT,2196,hatten
2197,.,--,PUNCT,punct,2196,hatten
2198,Die,der,DET,nk,2199,Mutter
2199,Mutter,Mutter,NOUN,sb,2200,säuberte
2200,säuberte,säuberen,VERB,ROOT,2200,säuberte
2201,beiden,beide,DET,da,2200,säuberte
2202,sogleich,sogleich,ADV,mo,2200,säuberte
2203,den,der,DET,nk,2204,Mund
2204,Mund,Mund,NOUN,oa,2200,säuberte
2205,von,von,ADP,pg,2204,Mund
2206,manchen,mancher,PRON,nk,2205,von
2207,Kuchenkrumen,Kuchenkrum,NOUN,ROOT,2207,Kuchenkrumen
2208,und,und,CCONJ,cd,2207,Kuchenkrumen
2209,Rosinenresten,Rosinenrest,NOUN,cj,2208,und
2210,und,und,CCONJ,cd,2207,Kuchenkrumen
2211,übergab,übergeben,VERB,cj,2210,und
2212,sie,sie,PRON,oa,2211,übergab
2213,so,so,ADV,mo,2211,übergab
2214,dem,der,DET,nk,2216,Onkel
2215,gnädigen,gnädig,ADJ,nk,2216,Onkel
2216,Onkel,Onkel,NOUN,da,2211,übergab
2217,und,und,CCONJ,cd,2216,Onkel
2218,der,der,DET,cj,2217,und
2219,gnädigen,gnädig,ADJ,nk,2220,Tante
2220,Tante,Tante,NOUN,ROOT,2220,Tante
2221,die,der,PRON,nk,2222,sie
2222,sie,sie,PRON,ROOT,2222,sie
2223,unter,unter,ADP,mnr,2222,sie
2224,lauten,laut,ADJ,nk,2225,Ausrufungen
2225,Ausrufungen,Ausrufung,NOUN,nk,2223,unter
2226,:,--,PUNCT,punct,2222,sie
2227,"""",--,PUNCT,punct,2231,Natur
2228,O,O,PROPN,nk,2231,Natur
2229,süße,süß,ADJ,nk,2231,Natur
2230,liebe,lieb,ADJ,nk,2231,Natur
2231,Natur,Natur,NOUN,app,2222,sie
2232,",",--,PUNCT,punct,2231,Natur
2233,o,o,PROPN,app,2222,sie
2234,ländliche,ländlich,ADJ,nk,2235,Unschuld
2235,Unschuld,Unschuld,NOUN,ROOT,2235,Unschuld
2236,!,--,PUNCT,punct,2238,küßten
2237,"""",--,PUNCT,dep,2238,küßten
2238,küßten,küßen,VERB,oc,2235,Unschuld
2239,und,und,CCONJ,cd,2238,küßten
2240,ihnen,ihnen,PRON,da,2246,drückten
2241,große,groß,ADJ,nk,2242,Tüten
2242,Tüten,Tüte,NOUN,oa,2246,drückten
2243,in,in,ADP,mo,2246,drückten
2244,die,der,DET,nk,2245,Hände
2245,Hände,Hand,NOUN,nk,2243,in
2246,drückten,drücken,VERB,cj,2239,und
2247,.,--,PUNCT,punct,2238,küßten
2248,Dem,der,PRON,ROOT,2248,Dem
2249,Herrn,Herr,NOUN,sb,2256,standen
2250,Thaddäus,Thaddäus,PROPN,nk,2249,Herrn
2251,von,von,ADP,mnr,2249,Herrn
2252,Brakel,Brakel,PROPN,nk,2251,von
2253,und,und,CCONJ,cd,2252,Brakel
2254,seiner,sein,DET,nk,2255,Frau
2255,Frau,Frau,NOUN,cj,2253,und
2256,standen,stehen,VERB,ROOT,2256,standen
2257,die,der,DET,nk,2258,Tränen
2258,Tränen,Träne,NOUN,sb,2256,standen
2259,in,in,ADP,mo,2256,standen
2260,den,der,DET,nk,2261,Augen
2261,Augen,Auge,NOUN,nk,2259,in
2262,über,über,ADP,svp,2256,standen
2263,die,der,DET,nk,2264,Güte
2264,Güte,Güte,NOUN,ROOT,2264,Güte
2265,der,der,DET,nk,2267,Verwandten
2266,vornehmen,vornehm,ADJ,nk,2267,Verwandten
2267,Verwandten,verwandte,NOUN,ag,2264,Güte
2268,.,--,PUNCT,punct,2264,Güte
2269,Felix,Felix,PROPN,sb,2270,hatte
2270,hatte,haben,AUX,ROOT,2270,hatte
2271,indessen,indessen,ADV,mo,2274,geöffnet
2272,die,der,DET,nk,2273,Tüte
2273,Tüte,Tüte,NOUN,oa,2274,geöffnet
2274,geöffnet,öffnen,VERB,oc,2270,hatte
2275,und,und,CCONJ,cd,2274,geöffnet
2276,Bonbons,Bonbon,PROPN,sb,2278,gefunden
2277,darin,darin,ADV,mo,2278,gefunden
2278,gefunden,finden,VERB,ROOT,2278,gefunden
2279,auf,auf,ADP,mo,2278,gefunden
2280,die,der,PRON,nk,2283,zubiß
2281,er,er,PRON,sb,2283,zubiß
2282,tapfer,tapf,ADV,mo,2283,zubiß
2283,zubiß,Zubiß,VERB,nk,2279,auf
2284,",",--,PUNCT,punct,2283,zubiß
2285,welches,welcher,PRON,app,2278,gefunden
2286,ihm,ihm,PRON,da,2287,Christlieb
2287,Christlieb,Christlieb,NOUN,cc,2277,darin
2288,sogleich,sogleich,ADV,mnr,2287,Christlieb
2289,nachmachte,nachmachten,VERB,ROOT,2289,nachmachte
2290,.,--,PUNCT,punct,2289,nachmachte
2291,"""",--,PUNCT,punct,2292,Söhnchen
2292,Söhnchen,Söhnche,NOUN,rs,2298,rief
2293,",",--,PUNCT,punct,2292,Söhnchen
2294,mein,mein,DET,nk,2295,Söhnchen
2295,Söhnchen,Söhnche,NOUN,cj,2292,Söhnchen
2296,"""",--,PUNCT,punct,2298,rief
2297,",",--,PUNCT,punct,2298,rief
2298,rief,rufen,VERB,ROOT,2298,rief
2299,der,der,DET,nk,2301,Onkel
2300,gnädige,gnädig,ADJ,nk,2301,Onkel
2301,Onkel,Onkel,NOUN,sb,2298,rief
2302,",",--,PUNCT,punct,2298,rief
2303,"""",--,PUNCT,punct,2298,rief
2304,so,so,ADV,mo,2305,geht
2305,geht,gehen,VERB,par,2298,rief
2306,das,der,PRON,sb,2305,geht
2307,nicht,nicht,PART,ROOT,2307,nicht
2308,",",--,PUNCT,punct,2307,nicht
2309,du,du,PRON,sb,2314,Zähne
2310,verdirbst,verdirbst,VERB,mo,2314,Zähne
2311,dir,dir,PRON,da,2310,verdirbst
2312,ja,ja,ADV,mo,2310,verdirbst
2313,die,der,DET,nk,2314,Zähne
2314,Zähne,Zahn,NOUN,cj,2307,nicht
2315,",",--,PUNCT,punct,2314,Zähne
2316,du,du,PRON,sb,2321,an
2317,mußt,mußt,VERB,mo,2321,an
2318,fein,Fein,ADV,mo,2320,lange
2319,so,so,ADV,mo,2320,lange
2320,lange,lange,ADV,mo,2321,an
2321,an,an,ADP,ROOT,2321,an
2322,dem,der,DET,nk,2323,Zuckerwerke
2323,Zuckerwerke,Zuckerwerke,NOUN,nk,2321,an
2324,lutschen,lutschen,VERB,ROOT,2324,lutschen
2325,",",--,PUNCT,punct,2324,lutschen
2326,bis,bis,SCONJ,cp,2330,zergeht
2327,es,es,PRON,ep,2330,zergeht
2328,im,in,ADP,mo,2330,zergeht
2329,Munde,Mund,NOUN,nk,2328,im
2330,zergeht,zergehen,VERB,mo,2324,lutschen
2331,.,--,PUNCT,punct,2324,lutschen
2332,"""",--,PUNCT,punct,2324,lutschen
2333,Da,da,ADV,mo,2334,lachte
2334,lachte,lachen,VERB,ROOT,2334,lachte
2335,aber,aber,ADV,mo,2334,lachte
2336,Felix,Felix,PROPN,sb,2334,lachte
2337,beinahe,beinahe,ADV,mo,2338,laut
2338,laut,laut,ADV,mo,2334,lachte
2339,auf,auf,ADP,svp,2334,lachte
2340,und,und,CCONJ,cd,2334,lachte
2341,sprach,sprechen,VERB,ROOT,2341,sprach
2342,:,--,PUNCT,punct,2341,sprach
2343,"""",--,PUNCT,punct,2347,Onkel
2344,Ei,ei,ADV,nk,2347,Onkel
2345,lieber,lieber,ADV,mo,2346,gnädiger
2346,gnädiger,gnädig,ADJ,nk,2347,Onkel
2347,Onkel,Onkel,NOUN,oc,2341,sprach
2348,",",--,PUNCT,punct,2347,Onkel
2349,glaubst,glaubst,ADV,mo,2350,du
2350,du,du,PRON,app,2347,Onkel
2351,denn,denn,ADV,mo,2347,Onkel
2352,",",--,PUNCT,punct,2347,Onkel
2353,daß,daß,SCONJ,cp,2354,ich
2354,ich,ich,PRON,cc,2347,Onkel
2355,ein,ein,DET,nk,2356,kleines
2356,kleines,klein,ADJ,pd,2354,ich
2357,Wickelkind,Wickelkind,NOUN,pd,2358,bin
2358,bin,sein,AUX,ROOT,2358,bin
2359,und,und,CCONJ,cd,2358,bin
2360,lutschen,lutschen,VERB,oc,2361,muß
2361,muß,müssen,AUX,cj,2359,und
2362,weil,weil,SCONJ,cp,2368,habe
2363,ich,ich,PRON,sb,2368,habe
2364,noch,noch,ADV,mo,2367,Zähne
2365,keine,kein,DET,nk,2367,Zähne
2366,tüchtige,tüchtig,ADJ,nk,2367,Zähne
2367,Zähne,Zahn,NOUN,oa,2368,habe
2368,habe,haben,AUX,mo,2361,muß
2369,zum,zu,ADP,mo,2368,habe
2370,Beißen,Beiß,NOUN,ROOT,2370,Beißen
2371,?,--,PUNCT,punct,2370,Beißen
2372,"""",--,PUNCT,punct,2370,Beißen
2373,Und,und,CCONJ,ju,2375,steckte
2374,damit,damit,ADV,mo,2375,steckte
2375,steckte,stecken,VERB,ROOT,2375,steckte
2376,er,er,PRON,sb,2375,steckte
2377,ein,ein,DET,nk,2379,Bonbon
2378,neues,neu,ADJ,nk,2379,Bonbon
2379,Bonbon,Bonbon,NOUN,oa,2375,steckte
2380,in,in,ADP,mnr,2379,Bonbon
2381,den,der,DET,nk,2382,Mund
2382,Mund,Mund,NOUN,nk,2380,in
2383,und,und,CCONJ,cd,2379,Bonbon
2384,biß,biß,VERB,cj,2383,und
2385,so,so,ADV,mo,2386,gewaltig
2386,gewaltig,gewaltig,ADV,mo,2375,steckte
2387,zu,zu,ADP,ROOT,2387,zu
2388,",",--,PUNCT,punct,2390,knitterte
2389,daß,daß,SCONJ,cp,2390,knitterte
2390,knitterte,Knittert,ADJ,ROOT,2390,knitterte
2391,und,und,CCONJ,cd,2390,knitterte
2392,knatterte,knattern,VERB,cj,2391,und
2393,.,--,PUNCT,punct,2390,knitterte
2394,"""",--,PUNCT,punct,2397,Naivität
2395,o,o,X,nk,2397,Naivität
2396,liebliche,lieblich,ADJ,nk,2397,Naivität
2397,Naivität,Naivität,NOUN,sb,2400,rief
2398,"""",--,PUNCT,punct,2397,Naivität
2399,",",--,PUNCT,punct,2400,rief
2400,rief,rufen,VERB,ROOT,2400,rief
2401,die,der,DET,nk,2403,Dame
2402,dicke,dick,ADJ,nk,2403,Dame
2403,Dame,Dame,NOUN,sb,2400,rief
2404,",",--,PUNCT,punct,2400,rief
2405,der,der,DET,nk,2406,Onkel
2406,Onkel,Onkel,NOUN,sb,2407,stimmte
2407,stimmte,stimmen,VERB,ROOT,2407,stimmte
2408,ein,ein,ADV,svp,2407,stimmte
2409,",",--,PUNCT,punct,2407,stimmte
2410,aber,aber,CCONJ,cd,2407,stimmte
2411,dem,der,DET,nk,2412,Herrn
2412,Herrn,Herr,NOUN,da,2414,standen
2413,Thaddäus,Thaddäus,PROPN,nk,2412,Herrn
2414,standen,stehen,VERB,cj,2410,aber
2415,die,der,DET,nk,2416,Schweißtropfen
2416,Schweißtropfen,Schweißtropfe,NOUN,sb,2414,standen
2417,auf,auf,ADP,svp,2414,standen
2418,der,der,DET,nk,2419,Stirne
2419,Stirne,Stirne,NOUN,ROOT,2419,Stirne
2420,;,--,PUNCT,punct,2419,Stirne
2421,er,er,PRON,sb,2422,war
2422,war,sein,AUX,ROOT,2422,war
2423,über,über,ADP,mo,2427,beschämt
2424,Felixens,Felixen,PROPN,ag,2425,Unart
2425,Unart,Unart,NOUN,nk,2423,über
2426,ganz,ganz,ADV,mo,2427,beschämt
2427,beschämt,beschämt,ADV,pd,2422,war
2428,und,und,CCONJ,cd,2422,war
2429,die,der,DET,nk,2430,Mutter
2430,Mutter,Mutter,NOUN,sb,2431,raunte
2431,raunte,raunen,VERB,cj,2428,und
2432,ihm,ihm,PRON,da,2431,raunte
2433,ins,in,ADP,ROOT,2433,ins
2434,Ohr,Ohr,NOUN,nk,2433,ins
2435,:,--,PUNCT,punct,2433,ins
2436,"""",--,PUNCT,punct,2437,Knirsche
2437,Knirsche,Knirsch,NOUN,nk,2433,ins
2438,nicht,nicht,PART,ng,2439,so
2439,so,so,ADV,mo,2440,mit
2440,mit,mit,ADP,mo,2437,Knirsche
2441,den,der,DET,nk,2442,Zähnen
2442,Zähnen,Zähn,NOUN,nk,2440,mit
2443,unartiger,unartig,ADJ,nk,2444,Junge
2444,Junge,Junge,NOUN,ag,2442,Zähnen
2445,!,--,PUNCT,punct,2437,Knirsche
2446,"""",--,PUNCT,punct,2437,Knirsche
2447,Das,der,PRON,sb,2448,machte
2448,machte,machen,VERB,ROOT,2448,machte
2449,dem,der,DET,da,2448,machte
2450,armen,arm,ADJ,nk,2451,Felix
2451,Felix,Felix,PROPN,ROOT,2451,Felix
2452,",",--,PUNCT,punct,2451,Felix
2453,der,der,PRON,sb,2458,glaubte
2454,nichts,nichts,PRON,nk,2455,Übles
2455,Übles,übles,NOUN,oa,2457,tun
2456,zu,zu,PART,pm,2457,tun
2457,tun,tun,VERB,oc,2458,glaubte
2458,glaubte,glauben,VERB,rc,2451,Felix
2459,",",--,PUNCT,punct,2451,Felix
2460,ganz,ganz,ADV,mo,2461,bestürzt
2461,bestürzt,bestürzt,ADV,par,2451,Felix
2462,",",--,PUNCT,punct,2451,Felix
2463,er,er,PRON,sb,2464,nahm
2464,nahm,nehmen,VERB,oc,2451,Felix
2465,das,der,PRON,oa,2464,nahm
2466,noch,noch,ADV,mo,2464,nahm
2467,nicht,nicht,PART,ng,2468,ganz
2468,ganz,ganz,ADV,mo,2469,verzehrte
2469,verzehrte,verzehrt,ADJ,nk,2470,Bonbon
2470,Bonbon,Bonbon,NOUN,ROOT,2470,Bonbon
2471,langsam,langsam,ADV,mo,2476,legte
2472,aus,aus,ADP,mo,2471,langsam
2473,dem,der,DET,nk,2474,Munde
2474,Munde,Mund,NOUN,nk,2472,aus
2475,",",--,PUNCT,punct,2476,legte
2476,legte,legen,VERB,ROOT,2476,legte
2477,es,es,PRON,sb,2476,legte
2478,in,in,ADP,mo,2476,legte
2479,die,der,DET,nk,2480,Tüte
2480,Tüte,Tüte,NOUN,nk,2478,in
2481,und,und,CCONJ,cd,2476,legte
2482,reichte,reichen,VERB,ROOT,2482,reichte
2483,diese,dieser,PRON,sb,2482,reichte
2484,dem,der,DET,nk,2485,Onkel
2485,Onkel,Onkel,NOUN,da,2482,reichte
2486,hin,hin,ADV,svp,2482,reichte
2487,",",--,PUNCT,punct,2482,reichte
2488,indem,indem,SCONJ,cp,2490,sprach
2489,er,er,PRON,sb,2490,sprach
2490,sprach,sprechen,VERB,mo,2482,reichte
2491,:,--,PUNCT,punct,2490,sprach
2492,"""",--,PUNCT,punct,2496,Zucker
2493,Nimm,Nimm,PROPN,nk,2496,Zucker
2494,nur,nur,ADV,mo,2495,deinen
2495,deinen,deinen,DET,nk,2496,Zucker
2496,Zucker,Zucker,NOUN,mo,2490,sprach
2497,wieder,wieder,ADV,mo,2490,sprach
2498,mit,mit,ADP,svp,2505,soll
2499,",",--,PUNCT,punct,2505,soll
2500,wenn,wenn,SCONJ,cp,2505,soll
2501,ich,ich,PRON,sb,2505,soll
2502,ihn,ihn,PRON,oa,2504,essen
2503,nicht,nicht,PART,ng,2505,soll
2504,essen,essen,VERB,oc,2505,soll
2505,soll,sollen,AUX,ROOT,2505,soll
2506,!,--,PUNCT,punct,2505,soll
2507,"""",--,PUNCT,punct,2508,Christlieb
2508,Christlieb,Christlieb,NOUN,sb,2510,gewohnt
2509,",",--,PUNCT,punct,2510,gewohnt
2510,gewohnt,wohnen,VERB,ROOT,2510,gewohnt
2511,in,in,ADP,mo,2510,gewohnt
2512,allem,alle,PRON,nk,2511,in
2513,Felixens,Felixen,PROPN,ROOT,2513,Felixens
2514,Beispiel,Beispiel,NOUN,oa,2516,folgen
2515,zu,zu,PART,pm,2516,folgen
2516,folgen,folgen,VERB,sb,2518,tat
2517,",",--,PUNCT,punct,2518,tat
2518,tat,tun,VERB,ROOT,2518,tat
2519,mit,mit,ADP,mo,2518,tat
2520,ihrer,ihr,DET,nk,2521,Tüte
2521,Tüte,Tüte,NOUN,nk,2519,mit
2522,dasselbe,dasselbe,X,sb,2518,tat
2523,.,--,PUNCT,punct,2518,tat
2524,Das,der,PRON,sb,2525,war
2525,war,sein,AUX,ROOT,2525,war
2526,dem,der,DET,nk,2527,Herrn
2527,Herrn,Herr,NOUN,da,2525,war
2528,Thaddäus,Thaddäus,PROPN,nk,2527,Herrn
2529,zu,zu,ADP,svp,2525,war
2530,arg,arg,ADV,dm,2533,brach
2531,",",--,PUNCT,punct,2533,brach
2532,er,er,PRON,sb,2533,brach
2533,brach,brechen,VERB,mo,2544,halten
2534,los,los,ADV,svp,2533,brach
2535,:,--,PUNCT,punct,2533,brach
2536,"""",--,PUNCT,punct,2541,Herr
2537,Ach,ach,INTJ,nk,2541,Herr
2538,mein,mein,DET,nk,2541,Herr
2539,geehrtester,geehrtest,ADJ,nk,2541,Herr
2540,gnädiger,gnädig,ADJ,nk,2541,Herr
2541,Herr,Herr,NOUN,nk,2533,brach
2542,Vetter,Vetter,PROPN,nk,2541,Herr
2543,",",--,PUNCT,punct,2544,halten
2544,halten,halten,VERB,ROOT,2544,halten
2545,Sie,sie,PRON,sb,2544,halten
2546,nur,nur,ADV,mo,2544,halten
2547,dem,der,DET,nk,2549,Jungen
2548,einfältigen,einfältig,ADJ,nk,2549,Jungen
2549,Jungen,Junge,NOUN,ROOT,2549,Jungen
2550,die,der,DET,nk,2551,Tölpelei
2551,Tölpelei,Tölpelei,NOUN,oa,2549,Jungen
2552,zugute,zugute,ADV,mo,2549,Jungen
2553,",",--,PUNCT,punct,2549,Jungen
2554,aber,aber,CCONJ,cd,2549,Jungen
2555,freilich,freilich,ADV,mo,2556,auf
2556,auf,auf,ADP,cj,2554,aber
2557,dem,der,DET,nk,2558,Lande
2558,Lande,Land,NOUN,nk,2556,auf
2559,und,und,CCONJ,cd,2556,auf
2560,in,in,ADP,cj,2559,und
2561,so,so,ADV,mo,2562,beschränkten
2562,beschränkten,beschränkt,ADJ,nk,2563,Verhältnissen
2563,Verhältnissen,Verhältnis,NOUN,da,2571,erziehen
2564,–,--,PUNCT,punct,2563,Verhältnissen
2565,Ach,ach,INTJ,oa,2571,erziehen
2566,wer,wer,PRON,sb,2571,erziehen
2567,nur,nur,ADV,mo,2568,solche
2568,solche,solcher,DET,nk,2570,Kinder
2569,gesittete,gesittet,ADJ,nk,2570,Kinder
2570,Kinder,Kind,NOUN,oa,2571,erziehen
2571,erziehen,erziehen,VERB,ROOT,2571,erziehen
2572,könnte,können,AUX,ROOT,2572,könnte
2573,wie,wie,ADP,cm,2574,Sie
2574,Sie,sie,PRON,sb,2572,könnte
2575,!,--,PUNCT,punct,2572,könnte
2576,"""",--,PUNCT,punct,2572,könnte
2577,–,--,PUNCT,punct,2581,lächelte
2578,Der,der,DET,nk,2579,Graf
2579,Graf,Graf,NOUN,sb,2581,lächelte
2580,Cyprianus,Cyprianus,PROPN,nk,2579,Graf
2581,lächelte,lächelen,VERB,ROOT,2581,lächelte
2582,selbstgefällig,selbstgefällig,ADV,mo,2581,lächelte
2583,und,und,CCONJ,cd,2582,selbstgefällig
2584,vornehm,vornehm,ADV,cj,2583,und
2585,indem,indem,SCONJ,svp,2581,lächelte
2586,er,er,PRON,sb,2591,hinblickte
2587,auf,auf,ADP,mo,2591,hinblickte
2588,Herrmann,Herrmann,PROPN,nk,2587,auf
2589,und,und,CCONJ,cd,2588,Herrmann
2590,Adelgundchen,Adelgundchen,NOUN,cj,2589,und
2591,hinblickte,hinblicken,VERB,ROOT,2591,hinblickte
2592,.,--,PUNCT,punct,2591,hinblickte
2593,Die,der,PRON,sb,2594,hatten
2594,hatten,haben,AUX,ROOT,2594,hatten
2595,längst,längst,ADV,mo,2594,hatten
2596,ihren,ihr,DET,nk,2597,Zwieback
2597,Zwieback,Zwieback,NOUN,oa,2594,hatten
2598,verzehrt,verzehren,VERB,ROOT,2598,verzehrt
2599,und,und,CCONJ,cd,2598,verzehrt
2600,saßen,sitzen,VERB,cj,2599,und
2601,nun,nun,ADV,mo,2600,saßen
2602,stumm,stumm,ADV,mo,2600,saßen
2603,und,und,CCONJ,cd,2602,stumm
2604,still,still,ADV,cj,2603,und
2605,auf,auf,ADP,mo,2600,saßen
2606,ihren,ihr,DET,nk,2607,Stühlen
2607,Stühlen,Stuhl,NOUN,nk,2605,auf
2608,ohne,ohne,ADP,mo,2600,saßen
2609,eine,ein,DET,nk,2610,Miene
2610,Miene,Miene,NOUN,nk,2608,ohne
2611,zu,zu,ADP,svp,2600,saßen
2612,verziehen,verzeihen,VERB,ROOT,2612,verziehen
2613,",",--,PUNCT,punct,2612,verziehen
2614,ohne,ohne,SCONJ,cp,2617,rühren
2615,sich,sich,PRON,oa,2617,rühren
2616,zu,zu,PART,pm,2617,rühren
2617,rühren,rühren,VERB,mo,2612,verziehen
2618,und,und,CCONJ,cd,2617,rühren
2619,zu,zu,PART,pm,2620,regen
2620,regen,regen,VERB,cj,2618,und
2621,.,--,PUNCT,punct,2612,verziehen
2622,Die,der,DET,nk,2624,Dame
2623,dicke,dick,ADJ,nk,2624,Dame
2624,Dame,Dame,NOUN,sb,2625,lächelte
2625,lächelte,lächelen,VERB,ROOT,2625,lächelte
2626,ebenfalls,ebenfalls,ADV,mo,2625,lächelte
2627,",",--,PUNCT,punct,2625,lächelte
2628,indem,indem,SCONJ,cp,2630,lispelte
2629,sie,sie,PRON,sb,2630,lispelte
2630,lispelte,lispelen,VERB,ROOT,2630,lispelte
2631,:,--,PUNCT,punct,2630,lispelte
2632,"""",--,PUNCT,punct,2635,Herr
2633,Ja,ja,PART,mo,2634,lieber
2634,lieber,lieb,ADJ,nk,2635,Herr
2635,Herr,Herr,NOUN,pd,2630,lispelte
2636,Vetter,Vetter,PROPN,nk,2635,Herr
2637,",",--,PUNCT,punct,2635,Herr
2638,die,der,DET,nk,2639,Erziehung
2639,Erziehung,Erziehung,NOUN,oa,2630,lispelte
2640,unserer,unser,DET,nk,2642,Kinder
2641,lieben,lieb,ADJ,nk,2642,Kinder
2642,Kinder,Kind,NOUN,ag,2639,Erziehung
2643,liegt,liegen,VERB,ROOT,2643,liegt
2644,uns,uns,PRON,da,2643,liegt
2645,mehr,mehr,PRON,sb,2643,liegt
2646,als,als,ADP,cm,2647,alles
2647,alles,alle,PRON,cc,2645,mehr
2648,am,an,ADP,mnr,2647,alles
2649,Herzen,Herzen,NOUN,nk,2648,am
2650,.,--,PUNCT,punct,2643,liegt
2651,"""",--,PUNCT,punct,2643,liegt
2652,Sie,sie,PRON,sb,2653,gab
2653,gab,geben,VERB,ROOT,2653,gab
2654,dem,der,DET,nk,2656,Cyprianus
2655,Grafen,Grafen,ADJ,nk,2656,Cyprianus
2656,Cyprianus,Cyprianus,PROPN,da,2653,gab
2657,einen,ein,DET,nk,2658,Wink
2658,Wink,Wink,NOUN,oa,2653,gab
2659,",",--,PUNCT,punct,2653,gab
2660,der,der,DET,sb,2667,wandte
2661,sich,sich,PRON,oa,2667,wandte
2662,alsbald,alsbald,ADV,mo,2667,wandte
2663,an,an,ADP,op,2667,wandte
2664,Herrmann,Herrmann,PROPN,nk,2663,an
2665,und,und,CCONJ,cd,2664,Herrmann
2666,Adelgundchen,Adelgundchen,NOUN,cj,2665,und
2667,wandte,wenden,VERB,ROOT,2667,wandte
2668,und,und,CCONJ,cd,2667,wandte
2669,allerlei,allerlei,DET,nk,2670,Fragen
2670,Fragen,Frage,NOUN,cj,2668,und
2671,an,an,ADP,op,2670,Fragen
2672,sie,sie,PRON,nk,2671,an
2673,richtete,richten,VERB,ROOT,2673,richtete
2674,",",--,PUNCT,punct,2673,richtete
2675,die,der,PRON,oa,2681,beantworteten
2676,sie,sie,PRON,sb,2681,beantworteten
2677,mit,mit,ADP,mo,2681,beantworteten
2678,der,der,DET,nk,2680,Schnelligkeit
2679,größten,groß,ADJ,nk,2680,Schnelligkeit
2680,Schnelligkeit,Schnelligkeit,NOUN,nk,2677,mit
2681,beantworteten,beantworteen,VERB,rc,2673,richtete
2682,:,--,PUNCT,punct,2673,richtete
2683,Da,da,ADV,mo,2684,war
2684,war,sein,AUX,ROOT,2684,war
2685,von,von,ADP,mo,2684,war
2686,vielen,vieler,DET,nk,2687,Städten
2687,Städten,Stadt,NOUN,ROOT,2687,Städten
2688,",",--,PUNCT,punct,2687,Städten
2689,Flüssen,Fluß,NOUN,cj,2687,Städten
2690,und,und,CCONJ,cd,2689,Flüssen
2691,Bergen,Berg,NOUN,cj,2690,und
2692,die,der,DET,nk,2693,Rede
2693,Rede,Rede,NOUN,oa,2687,Städten
2694,",",--,PUNCT,punct,2693,Rede
2695,die,der,PRON,oa,2698,Meilen
2696,viele,vieler,DET,nk,2698,Meilen
2697,tausend,tausend,NUM,nk,2698,Meilen
2698,Meilen,Meile,NOUN,ROOT,2698,Meilen
2699,ins,in,ADP,mnr,2698,Meilen
2700,Land,Land,NOUN,nk,2699,ins
2701,hinein,hinein,ADV,mo,2702,liegen
2702,liegen,liegen,VERB,oc,2703,sollten
2703,sollten,sollen,AUX,ROOT,2703,sollten
2704,und,und,CCONJ,cd,2703,sollten
2705,die,der,DET,nk,2707,Namen
2706,seltsamsten,seltsamst,ADJ,nk,2707,Namen
2707,Namen,Name,NOUN,oa,2708,trugen
2708,trugen,tragen,VERB,cj,2704,und
2709,.,--,PUNCT,punct,2703,sollten
2710,Ebenso,ebenso,ADV,mo,2711,wußten
2711,wußten,wissen,VERB,ROOT,2711,wußten
2712,beide,beide,PRON,sb,2711,wußten
2713,ganz,ganz,ADV,mo,2714,genau
2714,genau,genau,ADV,mo,2716,beschreiben
2715,zu,zu,PART,pm,2716,beschreiben
2716,beschreiben,beschreiben,VERB,ROOT,2716,beschreiben
2717,",",--,PUNCT,punct,2716,beschreiben
2718,wie,wie,SCONJ,mo,2721,aussähen
2719,die,der,DET,nk,2720,Tiere
2720,Tiere,Tier,NOUN,sb,2721,aussähen
2721,aussähen,aussähen,VERB,mo,2716,beschreiben
2722,",",--,PUNCT,punct,2721,aussähen
2723,die,der,PRON,sb,2724,in
2724,in,in,ADP,mo,2721,aussähen
2725,wilden,wild,ADJ,nk,2726,Gegenden
2726,Gegenden,Gegenden,NOUN,nk,2724,in
2727,der,der,DET,dep,2716,beschreiben
2728,entferntesten,entferntest,ADJ,nk,2729,Himmelsstriche
2729,Himmelsstriche,himmelsstriche,NOUN,oa,2730,wohnen
2730,wohnen,wohnen,VERB,oc,2731,sollten
2731,sollten,sollen,AUX,ROOT,2731,sollten
2732,.,--,PUNCT,punct,2731,sollten
2733,Dann,dann,ADV,mo,2734,sprachen
2734,sprachen,sprechen,VERB,ROOT,2734,sprachen
2735,sie,sie,PRON,sb,2734,sprachen
2736,von,von,ADP,mo,2734,sprachen
2737,fremden,fremde,NOUN,nk,2736,von
2738,Gebüschen,Gebüsche,NOUN,ROOT,2738,Gebüschen
2739,",",--,PUNCT,punct,2738,Gebüschen
2740,Bäumen,Bäum,NOUN,cj,2738,Gebüschen
2741,und,und,CCONJ,cd,2740,Bäumen
2742,Früchten,Frücht,NOUN,cj,2741,und
2743,",",--,PUNCT,punct,2738,Gebüschen
2744,als,als,SCONJ,cm,2749,gesehn
2745,ob,ob,SCONJ,cp,2749,gesehn
2746,sie,sie,PRON,sb,2749,gesehn
2747,sie,sie,PRON,oa,2749,gesehn
2748,selbst,selbst,ADV,mnr,2747,sie
2749,gesehn,gesehn,NUM,cc,2738,Gebüschen
2750,",",--,PUNCT,punct,2749,gesehn
2751,ja,ja,ADV,mo,2752,wohl
2752,wohl,wohl,ADV,mo,2738,Gebüschen
2753,die,der,DET,sb,2738,Gebüschen
2754,Früchte,Frucht,NOUN,oa,2756,gekostet
2755,selbst,selbst,ADV,mnr,2754,Früchte
2756,gekostet,kosten,VERB,oc,2757,hätten
2757,hätten,haben,AUX,ROOT,2757,hätten
2758,.,--,PUNCT,punct,2757,hätten
2759,Herrmann,Herrmann,PROPN,sb,2760,beschrieb
2760,beschrieb,beschreiben,VERB,ROOT,2760,beschrieb
2761,ganz,ganz,ADV,mo,2762,genau
2762,genau,genau,ADV,mo,2760,beschrieb
2763,wie,wie,SCONJ,cm,2764,es
2764,es,es,PRON,cc,2762,genau
2765,vor,vor,ADP,svp,2760,beschrieb
2766,dreihundert,dreihunderen,VERB,ROOT,2766,dreihundert
2767,Jahren,Jahr,NOUN,oa,2766,dreihundert
2768,in,in,ADP,mo,2772,zugegangen
2769,einer,ein,DET,nk,2771,Schlacht
2770,großen,groß,ADJ,nk,2771,Schlacht
2771,Schlacht,Schlacht,NOUN,nk,2768,in
2772,zugegangen,zugehen,VERB,oc,2766,dreihundert
2773,und,und,CCONJ,cd,2766,dreihundert
2774,wußte,wissen,VERB,cj,2773,und
2775,alle,aller,DET,nk,2776,Generäle
2776,Generäle,General,NOUN,oa,2774,wußte
2777,die,der,DET,sb,2784,nennen
2778,dabei,dabei,ADV,mo,2779,zugegen
2779,zugegen,zugegen,VERB,oc,2780,gewesen
2780,gewesen,sein,AUX,oc,2784,nennen
2781,mit,mit,ADP,mo,2784,nennen
2782,Namen,Name,NOUN,nk,2781,mit
2783,zu,zu,PART,pm,2784,nennen
2784,nennen,nennen,VERB,ROOT,2784,nennen
2785,.,--,PUNCT,punct,2784,nennen
2786,Zuletzt,zuletzt,ADV,mo,2787,sprach
2787,sprach,sprechen,VERB,ROOT,2787,sprach
2788,Adelgunde,Adelgunde,PROPN,sb,2787,sprach
2789,sogar,sogar,ADV,mo,2787,sprach
2790,von,von,ADP,ROOT,2790,von
2791,den,der,DET,nk,2792,Sternen
2792,Sternen,Stern,NOUN,nk,2790,von
2793,und,und,CCONJ,cd,2790,von
2794,behauptete,behaupten,VERB,cj,2793,und
2795,",",--,PUNCT,punct,2794,behauptete
2796,am,an,ADP,mo,2798,säßen
2797,Himmel,Himmel,NOUN,nk,2796,am
2798,säßen,säßen,VERB,oc,2794,behauptete
2799,allerlei,allerlei,DET,nk,2801,Tiere
2800,seltsame,seltsam,ADJ,nk,2801,Tiere
2801,Tiere,Tier,NOUN,sb,2798,säßen
2802,und,und,CCONJ,cd,2798,säßen
2803,andere,anderer,ADJ,nk,2804,Figuren
2804,Figuren,Figur,NOUN,ROOT,2804,Figuren
2805,.,--,PUNCT,punct,2804,Figuren
2806,Dem,der,DET,nk,2807,Felix
2807,Felix,Felix,PROPN,da,2808,wurde
2808,wurde,werden,AUX,ROOT,2808,wurde
2809,dabei,dabei,ADV,mo,2808,wurde
2810,ganz,ganz,ADV,mo,2811,Angst
2811,Angst,Angst,NOUN,sb,2808,wurde
2812,und,und,CCONJ,cd,2811,Angst
2813,bange,bange,ADV,cj,2812,und
2814,",",--,PUNCT,punct,2808,wurde
2815,er,er,PRON,sb,2816,näherte
2816,näherte,näheren,VERB,cj,2808,wurde
2817,sich,sich,PRON,oa,2816,näherte
2818,der,der,DET,dep,2808,wurde
2819,Frau,Frau,NOUN,ROOT,2819,Frau
2820,von,von,ADP,pg,2819,Frau
2821,Brakel,Brakel,NOUN,nk,2820,von
2822,und,und,CCONJ,cd,2819,Frau
2823,fragte,fragen,VERB,cj,2822,und
2824,leise,leise,ADV,mo,2823,fragte
2825,ins,in,ADP,mo,2823,fragte
2826,Ohr,Ohr,NOUN,nk,2825,ins
2827,:,--,PUNCT,punct,2823,fragte
2828,"""",--,PUNCT,punct,2830,Mama
2829,Ach,ach,INTJ,pnc,2830,Mama
2830,Mama,Mama,X,mo,2823,fragte
2831,!,--,PUNCT,punct,2830,Mama
2832,liebe,lieb,ADJ,nk,2833,Mama
2833,Mama,Mama,NOUN,app,2830,Mama
2834,!,--,PUNCT,punct,2819,Frau
2835,was,was,PRON,sb,2836,ist
2836,ist,sein,AUX,ROOT,2836,ist
2837,denn,denn,ADV,mo,2836,ist
2838,das,der,PRON,nk,2839,alles
2839,alles,alle,PRON,ROOT,2839,alles
2840,was,wer,PRON,oa,2843,schwatzen
2841,die,der,PRON,nk,2843,schwatzen
2842,dort,dort,ADV,mo,2843,schwatzen
2843,schwatzen,schwatzen,VERB,rc,2839,alles
2844,und,und,CCONJ,cd,2843,schwatzen
2845,plappern,plappern,VERB,cj,2844,und
2846,?,--,PUNCT,punct,2839,alles
2847,"""",--,PUNCT,punct,2839,alles
2848,–,--,PUNCT,punct,2853,Junge
2849,"""",--,PUNCT,punct,2853,Junge
2850,Halt's,Halt's,PROPN,pnc,2853,Junge
2851,Maul,Maul,PROPN,pnc,2853,Junge
2852,dummer,dummer,ADJ,nk,2853,Junge
2853,Junge,Junge,NOUN,ROOT,2853,Junge
2854,"""",--,PUNCT,punct,2853,Junge
2855,",",--,PUNCT,punct,2853,Junge
2856,raunte,raunen,VERB,ROOT,2856,raunte
2857,ihm,ihm,PRON,da,2856,raunte
2858,die,der,DET,nk,2859,Mutter
2859,Mutter,Mutter,NOUN,sb,2856,raunte
2860,zu,zu,ADP,svp,2856,raunte
2861,",",--,PUNCT,punct,2856,raunte
2862,"""",--,PUNCT,punct,2864,sind
2863,das,der,PRON,sb,2864,sind
2864,sind,sein,AUX,oc,2856,raunte
2865,die,der,DET,nk,2866,Wissenschaften
2866,Wissenschaften,Wissenschaft,NOUN,pd,2864,sind
2867,.,--,PUNCT,punct,2856,raunte
2868,"""",--,PUNCT,punct,2856,raunte
2869,Felix,Felix,PROPN,sb,2870,verstummte
2870,verstummte,verstummen,VERB,ROOT,2870,verstummte
2871,.,--,PUNCT,punct,2870,verstummte
2872,"""",--,PUNCT,ROOT,2872,""""
2873,Das,der,PRON,ROOT,2873,Das
2874,ist,sein,AUX,ROOT,2874,ist
2875,erstaunlich,erstaunlich,ADV,pd,2874,ist
2876,",",--,PUNCT,punct,2874,ist
2877,das,der,PRON,sb,2878,ist
2878,ist,sein,AUX,cj,2874,ist
2879,unerhört,unerhört,ADV,pd,2878,ist
2880,!,--,PUNCT,punct,2874,ist
2881,in,in,ADP,ROOT,2881,in
2882,dem,der,DET,nk,2884,Alter
2883,zarten,zart,ADJ,nk,2884,Alter
2884,Alter,Alter,NOUN,nk,2881,in
2885,!,--,PUNCT,punct,2881,in
2886,"""",--,PUNCT,punct,2888,rief
2887,so,so,ADV,mo,2888,rief
2888,rief,rufen,VERB,ROOT,2888,rief
2889,der,der,DET,nk,2890,Herr
2890,Herr,Herr,NOUN,sb,2888,rief
2891,von,von,ADP,op,2888,rief
2892,Brakel,Brakel,NOUN,ROOT,2892,Brakel
2893,ein,ein,DET,nk,2894,Mal
2894,Mal,Mal,NOUN,mo,2892,Brakel
2895,über,über,ADP,mnr,2894,Mal
2896,das,der,DET,nk,2897,andere
2897,andere,anderer,PRON,nk,2895,über
2898,",",--,PUNCT,punct,2897,andere
2899,die,der,DET,nk,2900,Frau
2900,Frau,Frau,NOUN,sb,2904,seufzte
2901,von,von,ADP,pg,2900,Frau
2902,Brakel,Brakel,PROPN,nk,2901,von
2903,aber,aber,ADV,mo,2904,seufzte
2904,seufzte,seufzen,VERB,rc,2897,andere
2905,:,--,PUNCT,punct,2904,seufzte
2906,"""",--,PUNCT,punct,2907,O
2907,O,O,PROPN,ROOT,2907,O
2908,mein,mein,DET,nk,2909,Herr
2909,Herr,Herr,NOUN,pd,2907,O
2910,Jemine,Jemin,PROPN,ROOT,2910,Jemine
2911,!,--,PUNCT,punct,2910,Jemine
2912,o,o,PROPN,ROOT,2912,o
2913,was,was,PRON,sb,2914,sind
2914,sind,sein,AUX,ROOT,2914,sind
2915,das,der,PRON,pd,2914,sind
2916,für,für,ADP,mo,2914,sind
2917,Engel,Engel,PROPN,nk,2916,für
2918,!,--,PUNCT,punct,2914,sind
2919,o,o,PROPN,ROOT,2919,o
2920,was,was,PRON,sb,2921,soll
2921,soll,sollen,AUX,ROOT,2921,soll
2922,denn,denn,ADV,mo,2921,soll
2923,aus,aus,ADP,mo,2926,werden
2924,unsern,unsern,ADJ,nk,2925,Kleinen
2925,Kleinen,kleine,NOUN,nk,2923,aus
2926,werden,werden,AUX,oc,2921,soll
2927,",",--,PUNCT,punct,2921,soll
2928,hier,hier,ADV,mo,2929,auf
2929,auf,auf,ADP,ROOT,2929,auf
2930,dem,der,DET,nk,2932,Lande
2931,öden,öde,ADJ,nk,2932,Lande
2932,Lande,Land,NOUN,nk,2929,auf
2933,.,--,PUNCT,punct,2929,auf
2934,"""",--,PUNCT,ROOT,2934,""""
2935,Als,als,SCONJ,cp,2938,Herr
2936,nun,nun,ADV,mo,2938,Herr
2937,der,der,DET,nk,2938,Herr
2938,Herr,Herr,NOUN,ROOT,2938,Herr
2939,von,von,ADP,pg,2938,Herr
2940,Brakel,Brakel,NOUN,nk,2939,von
2941,in,in,ADP,mnr,2938,Herr
2942,die,der,DET,nk,2943,Klagen
2943,Klagen,Klage,NOUN,nk,2941,in
2944,der,der,DET,nk,2945,Mutter
2945,Mutter,Mutter,NOUN,ag,2943,Klagen
2946,mit,mit,ADP,mo,2949,tröstete
2947,einstimmte,einstimmt,VERB,nk,2946,mit
2948,",",--,PUNCT,punct,2949,tröstete
2949,tröstete,trösten,VERB,ROOT,2949,tröstete
2950,beide,beide,PRON,sb,2949,tröstete
2951,der,der,DET,nk,2952,Graf
2952,Graf,Graf,NOUN,sb,2949,tröstete
2953,Cyprianus,Cyprianus,PROPN,nk,2952,Graf
2954,",",--,PUNCT,punct,2949,tröstete
2955,indem,indem,SCONJ,cp,2957,versprach
2956,er,er,PRON,sb,2957,versprach
2957,versprach,versprechen,VERB,mo,2949,tröstete
2958,binnen,binnen,ADP,mo,2957,versprach
2959,einiger,einiger,DET,nk,2960,Zeit
2960,Zeit,Zeit,NOUN,da,2965,zuzuschicken
2961,ihnen,ihnen,PRON,da,2965,zuzuschicken
2962,einen,ein,DET,nk,2964,Mann
2963,gelehrten,gelehrt,ADJ,nk,2964,Mann
2964,Mann,Mann,NOUN,oa,2965,zuzuschicken
2965,zuzuschicken,zuschicken,VERB,ROOT,2965,zuzuschicken
2966,",",--,PUNCT,punct,2965,zuzuschicken
2967,der,der,PRON,sb,2965,zuzuschicken
2968,ganz,ganz,ADV,mo,2969,umsonst
2969,umsonst,umsonst,ADV,mo,2967,der
2970,den,der,DET,ROOT,2970,den
2971,Unterricht,Unterricht,NOUN,sb,2975,werde
2972,der,der,DET,nk,2973,Kinder
2973,Kinder,Kind,NOUN,ag,2971,Unterricht
2974,übernehmen,übernehmen,VERB,oc,2975,werde
2975,werde,werden,AUX,ROOT,2975,werde
2976,.,--,PUNCT,punct,2975,werde
2977,Unterdessen,unterdessen,ADV,mo,2978,war
2978,war,sein,AUX,ROOT,2978,war
2979,die,der,DET,nk,2981,Kutsche
2980,schöne,schön,ADJ,nk,2981,Kutsche
2981,Kutsche,Kutsche,NOUN,sb,2978,war
2982,wieder,wieder,ADV,mo,2983,vorgefahren
2983,vorgefahren,vorfahren,VERB,ROOT,2983,vorgefahren
2984,.,--,PUNCT,punct,2983,vorgefahren
2985,Der,der,DET,nk,2986,Jäger
2986,Jäger,Jäger,NOUN,sb,2987,trat
2987,trat,treten,VERB,ROOT,2987,trat
2988,mit,mit,ADP,mo,2987,trat
2989,zwei,zwei,NUM,nk,2991,Schachteln
2990,großen,groß,ADJ,nk,2991,Schachteln
2991,Schachteln,Schachteln,NOUN,nk,2988,mit
2992,hinein,hinein,ADV,svp,2987,trat
2993,",",--,PUNCT,punct,2987,trat
2994,die,der,PRON,dep,2987,trat
2995,nahmen,nehmen,VERB,ROOT,2995,nahmen
2996,Adelgunde,Adelgunde,NOUN,sb,2995,nahmen
2997,und,und,CCONJ,cd,2996,Adelgunde
2998,Herrmann,Herrmann,PROPN,cj,2997,und
2999,und,und,CCONJ,cd,2995,nahmen
3000,überreichten,überreichen,VERB,cj,2999,und
3001,sie,sie,PRON,oa,3000,überreichten
3002,der,der,DET,nk,3003,Christlieb
3003,Christlieb,Christlieb,NOUN,oa,3000,überreichten
3004,und,und,CCONJ,cd,3003,Christlieb
3005,dem,der,DET,cj,3004,und
3006,Felix,Felix,PROPN,ROOT,3006,Felix
3007,.,--,PUNCT,punct,3006,Felix
3008,"""",--,PUNCT,ROOT,3008,""""
3009,Lieben,lieben,NOUN,ROOT,3009,Lieben
3010,Sie,sie,PRON,sb,3009,Lieben
3011,Spielsachen,spielsach,NOUN,oa,3009,Lieben
3012,mon,mon,X,nk,3013,cher
3013,cher,ch,ADV,pd,3009,Lieben
3014,?,--,PUNCT,punct,3009,Lieben
3015,hier,hier,ADV,mo,3020,mitgebracht
3016,habe,haben,AUX,ROOT,3016,habe
3017,ich,ich,PRON,sb,3016,habe
3018,Ihnen,ihnen,PRON,da,3020,mitgebracht
3019,welche,welcher,DET,oa,3020,mitgebracht
3020,mitgebracht,mitbringen,VERB,oc,3016,habe
3021,von,von,ADP,mo,3028,sprach
3022,der,der,DET,nk,3024,Sorte
3023,feinsten,fein,ADJ,nk,3024,Sorte
3024,Sorte,Sorte,NOUN,nk,3021,von
3025,"""",--,PUNCT,punct,3024,Sorte
3026,",",--,PUNCT,punct,3027,so
3027,so,so,ADV,mo,3028,sprach
3028,sprach,sprechen,VERB,ROOT,3028,sprach
3029,Herrmann,Herrmann,PROPN,sb,3028,sprach
3030,sich,sich,PRON,oa,3028,sprach
3031,zierlich,zierlich,ADV,mo,3032,verbeugend
3032,verbeugend,verbeugend,ADV,mo,3028,sprach
3033,.,--,PUNCT,punct,3028,sprach
3034,Felix,Felix,PROPN,ROOT,3034,Felix
3035,hatte,haben,AUX,ROOT,3035,hatte
3036,die,der,DET,nk,3037,Ohren
3037,Ohren,Ohr,NOUN,oa,3039,lassen
3038,hängen,hängen,VERB,oc,3039,lassen
3039,lassen,lassen,VERB,oc,3035,hatte
3040,",",--,PUNCT,punct,3039,lassen
3041,er,er,PRON,sb,3042,ward
3042,ward,werden,VERB,oc,3039,lassen
3043,traurig,traurig,ADV,mo,3042,ward
3044,",",--,PUNCT,punct,3042,ward
3045,selbst,selbst,ADV,mo,3046,wußte
3046,wußte,wissen,VERB,cj,3035,hatte
3047,er,er,PRON,sb,3046,wußte
3048,nicht,nicht,PART,ng,3046,wußte
3049,warum,warum,ADV,mo,3046,wußte
3050,.,--,PUNCT,punct,3035,hatte
3051,Er,er,PRON,ROOT,3051,Er
3052,hielt,halten,VERB,ROOT,3052,hielt
3053,die,der,DET,nk,3054,Schachtel
3054,Schachtel,Schachtel,NOUN,oa,3052,hielt
3055,gedankenlos,gedankenlos,ADV,mo,3052,hielt
3056,in,in,ADP,mo,3052,hielt
3057,den,der,DET,nk,3058,Händen
3058,Händen,Hand,NOUN,nk,3056,in
3059,und,und,CCONJ,cd,3052,hielt
3060,murmelte,murmelen,VERB,cj,3059,und
3061,:,--,PUNCT,punct,3052,hielt
3062,"""",--,PUNCT,punct,3064,heiße
3063,Ich,ich,PRON,sb,3064,heiße
3064,heiße,heißen,VERB,ROOT,3064,heiße
3065,nicht,nicht,PART,ng,3064,heiße
3066,Mon,Mon,PROPN,pnc,3067,schär
3067,schär,schär,PROPN,ROOT,3067,schär
3068,sondern,sondern,CCONJ,cd,3067,schär
3069,Felix,Felix,PROPN,cj,3068,sondern
3070,und,und,CCONJ,cd,3067,schär
3071,auch,auch,ADV,mo,3072,nicht
3072,nicht,nicht,PART,ng,3073,Sie
3073,Sie,sie,PRON,cj,3070,und
3074,sondern,sondern,CCONJ,cd,3073,Sie
3075,du,du,PRON,cj,3074,sondern
3076,.,--,PUNCT,punct,3067,schär
3077,"""",--,PUNCT,punct,3067,schär
3078,–,--,PUNCT,punct,3081,war
3079,Der,der,DET,nk,3080,Christlieb
3080,Christlieb,Christlieb,NOUN,sb,3081,war
3081,war,sein,AUX,ROOT,3081,war
3082,auch,auch,ADV,mo,3084,Weinen
3083,das,der,DET,nk,3084,Weinen
3084,Weinen,Wei,NOUN,sb,3089,unerachtet
3085,näher,nah,ADV,mo,3084,Weinen
3086,als,als,ADP,cm,3088,Lachen
3087,das,der,DET,nk,3088,Lachen
3088,Lachen,lachen,NOUN,cc,3085,näher
3089,unerachtet,unerachten,VERB,ROOT,3089,unerachtet
3090,aus,aus,ADP,mo,3089,unerachtet
3091,der,der,DET,nk,3092,Schachtel
3092,Schachtel,Schachtel,NOUN,nk,3090,aus
3093,",",--,PUNCT,punct,3092,Schachtel
3094,die,der,PRON,oa,3089,unerachtet
3095,sie,sie,PRON,oa,3089,unerachtet
3096,von,von,ADP,pg,3095,sie
3097,Adelgunden,adelgunden,NOUN,oa,3098,erhalten
3098,erhalten,erhalten,VERB,ROOT,3098,erhalten
3099,",",--,PUNCT,punct,3098,erhalten
3100,die,der,DET,nk,3102,Düfte
3101,süßesten,süßest,ADJ,nk,3102,Düfte
3102,Düfte,Düft,NOUN,sb,3103,strömten
3103,strömten,strömen,VERB,oc,3098,erhalten
3104,wie,wie,ADP,cm,3105,von
3105,von,von,ADP,cc,3103,strömten
3106,allerlei,allerlei,DET,nk,3107,schönen
3107,schönen,schön,NOUN,nk,3105,von
3108,Näschereien,Näschereien,PROPN,ROOT,3108,Näschereien
3109,.,--,PUNCT,punct,3108,Näschereien
3110,An,an,ADP,mo,3113,sprang
3111,der,der,DET,nk,3112,Türe
3112,Türe,Türe,NOUN,nk,3110,An
3113,sprang,springen,VERB,ROOT,3113,sprang
3114,und,und,CCONJ,cd,3113,sprang
3115,bellte,belln,VERB,cj,3114,und
3116,nach,nach,ADP,mo,3115,bellte
3117,seiner,sein,DET,nk,3118,Gewohnheit
3118,Gewohnheit,Gewohnheit,NOUN,nk,3116,nach
3119,Sultan,Sultan,PROPN,nk,3118,Gewohnheit
3120,",",--,PUNCT,punct,3115,bellte
3121,Felixens,Felixen,PROPN,ag,3123,Freund
3122,getreuer,getreu,ADJ,nk,3123,Freund
3123,Freund,Freund,NOUN,ROOT,3123,Freund
3124,und,und,CCONJ,cd,3123,Freund
3125,Liebling,Liebling,NOUN,cj,3124,und
3126,",",--,PUNCT,punct,3123,Freund
3127,Herrmann,Herrmann,PROPN,sb,3128,entsetzte
3128,entsetzte,entsetzen,VERB,cj,3123,Freund
3129,sich,sich,PRON,oa,3128,entsetzte
3130,aber,aber,ADV,mo,3128,entsetzte
3131,so,so,ADV,mo,3132,sehr
3132,sehr,sehr,ADV,mo,3128,entsetzte
3133,vor,vor,ADP,svp,3128,entsetzte
3134,dem,der,DET,nk,3135,Hunde
3135,Hunde,Hund,NOUN,ROOT,3135,Hunde
3136,",",--,PUNCT,punct,3135,Hunde
3137,daß,daß,SCONJ,cp,3143,zurücklief
3138,er,er,PRON,sb,3143,zurücklief
3139,schnell,schnell,ADV,mo,3143,zurücklief
3140,in,in,ADP,mo,3143,zurücklief
3141,die,der,DET,nk,3142,Stube
3142,Stube,Stube,NOUN,nk,3140,in
3143,zurücklief,zurücklief,VERB,oc,3135,Hunde
3144,und,und,CCONJ,cd,3143,zurücklief
3145,laut,laut,ADV,mo,3147,weinen
3146,zu,zu,PART,pm,3147,weinen
3147,weinen,wein,VERB,nk,3148,anfing
3148,anfing,Anfing,NOUN,cj,3144,und
3149,.,--,PUNCT,punct,3135,Hunde
3150,"""",--,PUNCT,punct,3152,tut
3151,Er,er,PRON,sb,3152,tut
3152,tut,tun,VERB,oc,3158,sprach
3153,dir,dir,PRON,da,3152,tut
3154,ja,ja,ADV,mo,3152,tut
3155,nichts,nichts,PRON,oa,3152,tut
3156,"""",--,PUNCT,punct,3152,tut
3157,",",--,PUNCT,punct,3158,sprach
3158,sprach,sprechen,VERB,ROOT,3158,sprach
3159,Felix,Felix,PROPN,sb,3158,sprach
3160,",",--,PUNCT,punct,3158,sprach
3161,"""",--,PUNCT,punct,3163,tut
3162,er,er,PRON,sb,3163,tut
3163,tut,tun,VERB,cj,3152,tut
3164,dir,dir,PRON,da,3163,tut
3165,ja,ja,ADV,mo,3163,tut
3166,nichts,nichts,PRON,oa,3163,tut
3167,",",--,PUNCT,punct,3163,tut
3168,warum,warum,SCONJ,mo,3169,heulst
3169,heulst,heulst,NOUN,cj,3163,tut
3170,und,und,CCONJ,cd,3169,heulst
3171,schreist,schreien,VERB,ROOT,3171,schreist
3172,du,du,PRON,sb,3171,schreist
3173,so,so,ADV,mo,3171,schreist
3174,?,--,PUNCT,punct,3171,schreist
3175,es,es,PRON,sb,3176,ist
3176,ist,sein,AUX,ROOT,3176,ist
3177,ja,ja,ADV,mo,3176,ist
3178,nur,nur,ADV,mo,3180,Hund
3179,ein,ein,DET,nk,3180,Hund
3180,Hund,Hund,NOUN,pd,3176,ist
3181,",",--,PUNCT,punct,3176,ist
3182,und,und,CCONJ,cd,3176,ist
3183,du,du,PRON,sb,3184,hast
3184,hast,haben,AUX,cj,3182,und
3185,ja,ja,ADV,mo,3184,hast
3186,schon,schon,ADV,mo,3184,hast
3187,die,der,DET,punct,3176,ist
3188,schrecklichsten,schrecklichst,VERB,nk,3189,Tiere
3189,Tiere,Tier,NOUN,da,3190,gesehen
3190,gesehen,sehen,VERB,ROOT,3190,gesehen
3191,?,--,PUNCT,punct,3190,gesehen
3192,Und,und,CCONJ,ju,3199,wollte
3193,wenn,wenn,SCONJ,cp,3199,wollte
3194,er,er,PRON,sb,3199,wollte
3195,auch,auch,ADV,mo,3198,zufahren
3196,auf,auf,ADP,mo,3198,zufahren
3197,dich,dich,PRON,nk,3196,auf
3198,zufahren,zufahren,VERB,oc,3199,wollte
3199,wollte,wollen,AUX,ROOT,3199,wollte
3200,",",--,PUNCT,punct,3199,wollte
3201,du,du,PRON,sb,3199,wollte
3202,hast,haben,AUX,ROOT,3202,hast
3203,ja,ja,ADV,mo,3202,hast
3204,einen,ein,DET,nk,3205,Säbel
3205,Säbel,Säbel,NOUN,oa,3202,hast
3206,!,--,PUNCT,punct,3202,hast
3207,"""",--,PUNCT,punct,3202,hast
3208,Felixens,Felixen,PROPN,ag,3209,Zureden
3209,Zureden,zureden,NOUN,sb,3210,half
3210,half,helfen,VERB,ROOT,3210,half
3211,gar,gar,ADV,mo,3212,nichts
3212,nichts,nichts,PRON,sb,3210,half
3213,",",--,PUNCT,punct,3210,half
3214,Herrmann,Herrmann,PROPN,sb,3215,schrie
3215,schrie,schreien,VERB,oc,3210,half
3216,immerfort,Immerfort,NOUN,ROOT,3216,immerfort
3217,",",--,PUNCT,punct,3216,immerfort
3218,bis,bis,SCONJ,cp,3225,nehmen
3219,ihn,ihn,PRON,oa,3225,nehmen
3220,der,der,DET,nk,3221,Jäger
3221,Jäger,Jäger,NOUN,sb,3225,nehmen
3222,auf,auf,ADP,mo,3225,nehmen
3223,den,der,DET,nk,3224,Arm
3224,Arm,Arm,NOUN,nk,3222,auf
3225,nehmen,nehmen,VERB,mnr,3216,immerfort
3226,und,und,CCONJ,cd,3225,nehmen
3227,in,in,ADP,mo,3230,tragen
3228,die,der,DET,nk,3229,Kutsche
3229,Kutsche,Kutsche,NOUN,nk,3227,in
3230,tragen,tragen,VERB,cj,3226,und
3231,mußte,müssen,AUX,ROOT,3231,mußte
3232,.,--,PUNCT,punct,3231,mußte
3233,Adelgunde,Adelgunde,NOUN,ROOT,3233,Adelgunde
3234,plötzlich,plötzlich,ADV,mo,3233,Adelgunde
3235,von,von,ADP,sbp,3240,ergriffen
3236,dem,der,DET,nk,3237,Schmerz
3237,Schmerz,Schmerz,NOUN,nk,3235,von
3238,des,der,DET,nk,3239,Bruders
3239,Bruders,Bruder,NOUN,ag,3237,Schmerz
3240,ergriffen,ergreifen,VERB,oc,3233,Adelgunde
3241,oder,oder,CCONJ,cd,3240,ergriffen
3242,Gott,Gott,NOUN,oa,3243,weiß
3243,weiß,wissen,VERB,cj,3241,oder
3244,aus,aus,ADP,mo,3249,fing
3245,welcher,welcher,DET,nk,3247,Ursache
3246,andern,anderer,ADJ,nk,3247,Ursache
3247,Ursache,Ursache,NOUN,nk,3244,aus
3248,",",--,PUNCT,punct,3249,fing
3249,fing,fing,VERB,ROOT,3249,fing
3250,ebenfalls,ebenfalls,ADV,mo,3249,fing
3251,an,an,ADP,mo,3249,fing
3252,heftig,heftig,ADV,mo,3254,heulen
3253,zu,zu,PART,pm,3254,heulen
3254,heulen,heulen,VERB,nk,3251,an
3255,",",--,PUNCT,punct,3254,heulen
3256,welches,welcher,PRON,sb,3249,fing
3257,die,der,DET,sb,3249,fing
3258,arme,arm,ADJ,nk,3259,Christlieb
3259,Christlieb,Christlieb,NOUN,sb,3261,anregte
3260,so,so,ADV,mo,3261,anregte
3261,anregte,anregen,VERB,ROOT,3261,anregte
3262,",",--,PUNCT,punct,3261,anregte
3263,daß,daß,SCONJ,cp,3271,begann
3264,sie,sie,PRON,sb,3271,begann
3265,auch,auch,ADV,mo,3267,schluchzen
3266,zu,zu,PART,pm,3267,schluchzen
3267,schluchzen,schluchzen,VERB,oc,3271,begann
3268,und,und,CCONJ,cd,3267,schluchzen
3269,zu,zu,PART,pm,3270,weinen
3270,weinen,weinen,VERB,cj,3268,und
3271,begann,beginnen,VERB,re,3260,so
3272,.,--,PUNCT,punct,3261,anregte
3273,Unter,unter,ADP,mo,3281,fuhr
3274,diesem,dieser,DET,nk,3275,Geschrei
3275,Geschrei,Geschrei,NOUN,nk,3273,Unter
3276,und,und,CCONJ,cd,3275,Geschrei
3277,Gejammer,Gejammer,NOUN,cj,3276,und
3278,der,der,DET,nk,3280,Kinder
3279,drei,drei,NUM,nk,3280,Kinder
3280,Kinder,Kind,NOUN,ag,3275,Geschrei
3281,fuhr,fahren,VERB,ROOT,3281,fuhr
3282,der,der,DET,nk,3283,Graf
3283,Graf,Graf,NOUN,sb,3281,fuhr
3284,Cyprianus,Cyprianus,PROPN,nk,3283,Graf
3285,von,von,ADP,op,3281,fuhr
3286,Brakel,Brakel,NOUN,ROOT,3286,Brakel
3287,ab,ab,ADP,svp,3286,Brakel
3288,von,von,ADP,ROOT,3288,von
3289,Brakelheim,Brakelheim,PROPN,nk,3288,von
3290,",",--,PUNCT,punct,3288,von
3291,und,und,CCONJ,cd,3288,von
3292,so,so,ADV,mo,3293,endete
3293,endete,enden,VERB,cj,3291,und
3294,der,der,DET,nk,3296,Besuch
3295,vornehmen,vornehm,ADJ,nk,3296,Besuch
3296,Besuch,Besuch,NOUN,sb,3293,endete
3297,.,--,PUNCT,punct,3288,von
3298,Die,der,DET,nk,3300,Spielsachen
3299,neuen,neu,ADJ,nk,3300,Spielsachen
3300,Spielsachen,spielsach,NOUN,ROOT,3300,Spielsachen
3301,Sowie,Sowie,CCONJ,ROOT,3301,Sowie
3302,die,der,DET,nk,3303,Kutsche
3303,Kutsche,Kutsche,NOUN,cj,3301,Sowie
3304,mit,mit,ADP,mnr,3303,Kutsche
3305,dem,der,DET,nk,3307,Cyprianus
3306,Grafen,graf,ADJ,nk,3307,Cyprianus
3307,Cyprianus,Cyprianus,NOUN,nk,3304,mit
3308,von,von,ADP,pg,3307,Cyprianus
3309,Brakel,Brakel,PROPN,nk,3308,von
3310,und,und,CCONJ,cd,3309,Brakel
3311,seiner,sein,DET,nk,3312,Familie
3312,Familie,Familie,NOUN,cj,3310,und
3313,den,der,PRON,ROOT,3313,den
3314,Hügel,Hügel,NOUN,sb,3316,war
3315,herabgerollt,herabgerollt,VERB,oc,3316,war
3316,war,sein,AUX,mo,3318,warf
3317,",",--,PUNCT,punct,3318,warf
3318,warf,werfen,VERB,ROOT,3318,warf
3319,der,der,DET,nk,3320,Herr
3320,Herr,Herr,NOUN,sb,3318,warf
3321,Thaddäus,Thaddäus,PROPN,nk,3320,Herr
3322,schnell,schnell,ADV,mo,3318,warf
3323,den,der,DET,nk,3325,Rock
3324,grünen,grün,ADJ,nk,3325,Rock
3325,Rock,Rock,NOUN,oa,3318,warf
3326,und,und,CCONJ,cd,3325,Rock
3327,die,der,DET,cj,3326,und
3328,rote,rot,ADJ,nk,3329,Weste
3329,Weste,Weste,NOUN,ROOT,3329,Weste
3330,ab,ab,ADP,svp,3329,Weste
3331,",",--,PUNCT,punct,3329,Weste
3332,und,und,CCONJ,cd,3329,Weste
3333,als,als,SCONJ,cp,3340,angezogen
3334,er,er,PRON,sb,3340,angezogen
3335,ebenso,ebenso,ADV,mo,3336,schnell
3336,schnell,schnell,ADV,mo,3340,angezogen
3337,die,der,DET,nk,3339,Tuchjacke
3338,weite,weit,ADJ,nk,3339,Tuchjacke
3339,Tuchjacke,Tuchjack,NOUN,oa,3340,angezogen
3340,angezogen,anziehen,VERB,cc,3329,Weste
3341,und,und,CCONJ,cd,3340,angezogen
3342,zwei-,zwei,X,cj,3343,bis
3343,bis,bis,CCONJ,cd,3344,dreimal
3344,dreimal,dreimal,ADV,mo,3345,mit
3345,mit,mit,ADP,mo,3351,durchfahren
3346,dem,der,DET,nk,3348,Kamm
3347,breiten,breit,ADJ,nk,3348,Kamm
3348,Kamm,Kamm,NOUN,nk,3345,mit
3349,die,der,DET,nk,3350,Haare
3350,Haare,Haar,NOUN,oa,3351,durchfahren
3351,durchfahren,durchfahren,VERB,oc,3352,hatte
3352,hatte,haben,AUX,mo,3355,holte
3353,",",--,PUNCT,punct,3355,holte
3354,da,da,ADV,mo,3355,holte
3355,holte,holen,VERB,ROOT,3355,holte
3356,er,er,PRON,sb,3355,holte
3357,tief,tief,ADV,mo,3358,Atem
3358,Atem,Atem,NOUN,sb,3360,dehnte
3359,",",--,PUNCT,punct,3360,dehnte
3360,dehnte,dehnen,VERB,ROOT,3360,dehnte
3361,sich,sich,PRON,oa,3360,dehnte
3362,und,und,CCONJ,cd,3360,dehnte
3363,rief,rufen,VERB,cj,3362,und
3364,:,--,PUNCT,punct,3363,rief
3365,"""",--,PUNCT,punct,3367,sei
3366,Gott,Gott,NOUN,sb,3367,sei
3367,sei,sein,AUX,oc,3363,rief
3368,gedankt,danken,VERB,pd,3367,sei
3369,!,--,PUNCT,punct,3360,dehnte
3370,"""",--,PUNCT,punct,3360,dehnte
3371,Auch,auch,ADV,mo,3373,Kinder
3372,die,der,DET,nk,3373,Kinder
3373,Kinder,Kind,NOUN,sb,3374,zogen
3374,zogen,ziehen,VERB,ROOT,3374,zogen
3375,schnell,schnell,ADV,ROOT,3375,schnell
3376,ihre,ihr,DET,nk,3377,Sonntagsröckchen
3377,Sonntagsröckchen,Sonntagsröckche,NOUN,oa,3375,schnell
3378,aus,aus,ADP,mo,3375,schnell
3379,und,und,CCONJ,cd,3375,schnell
3380,fühlten,fühlen,VERB,cj,3379,und
3381,sich,sich,PRON,oa,3380,fühlten
3382,froh,froh,ADV,mo,3380,fühlten
3383,und,und,CCONJ,cd,3382,froh
3384,leicht,leicht,ADV,cj,3383,und
3385,.,--,PUNCT,punct,3375,schnell
3386,"""",--,PUNCT,punct,3388,den
3387,In,in,ADP,ROOT,3387,In
3388,den,der,DET,nk,3387,In
3389,Wald,Wald,NOUN,oc,3396,rief
3390,",",--,PUNCT,punct,3389,Wald
3391,in,in,ADP,par,3389,Wald
3392,den,der,DET,nk,3393,Wald
3393,Wald,Wald,NOUN,nk,3391,in
3394,!,--,PUNCT,punct,3396,rief
3395,"""",--,PUNCT,punct,3389,Wald
3396,rief,rufen,VERB,ROOT,3396,rief
3397,Felix,Felix,PROPN,sb,3396,rief
3398,",",--,PUNCT,punct,3396,rief
3399,indem,indem,SCONJ,cp,3404,versuchte
3400,er,er,PRON,sb,3404,versuchte
3401,seine,sein,DET,nk,3403,Luftsprünge
3402,höchsten,hoch,ADJ,nk,3403,Luftsprünge
3403,Luftsprünge,Luftsprüng,NOUN,oa,3404,versuchte
3404,versuchte,versuchen,VERB,mo,3396,rief
3405,.,--,PUNCT,punct,3396,rief
3406,"""",--,PUNCT,punct,3407,Wollt
3407,Wollt,wollen,VERB,mo,3412,sehen
3408,ihr,ihr,PRON,sb,3407,Wollt
3409,denn,denn,ADV,mo,3407,Wollt
3410,nicht,nicht,PART,ng,3411,erst
3411,erst,erst,ADV,mo,3407,Wollt
3412,sehen,sehen,VERB,ROOT,3412,sehen
3413,was,was,PRON,sb,3412,sehen
3414,euch,euch,PRON,oa,3412,sehen
3415,Herrmann,Herrmann,PROPN,oa,3418,mitgebracht
3416,und,und,CCONJ,cd,3415,Herrmann
3417,Adelgunde,Adelgunde,NOUN,cj,3416,und
3418,mitgebracht,mitbringen,VERB,oc,3412,sehen
3419,haben,haben,AUX,ROOT,3419,haben
3420,?,--,PUNCT,punct,3419,haben
3421,"""",--,PUNCT,punct,3419,haben
3422,So,so,ADV,mo,3423,sprach
3423,sprach,sprechen,VERB,ROOT,3423,sprach
3424,die,der,DET,nk,3425,Mutter
3425,Mutter,Mutter,NOUN,sb,3423,sprach
3426,und,und,CCONJ,cd,3425,Mutter
3427,Christlieb,Christlieb,NOUN,cj,3426,und
3428,",",--,PUNCT,punct,3425,Mutter
3429,die,der,PRON,sb,3431,während
3430,schon,schon,ADV,mo,3431,während
3431,während,während,ADP,mo,3423,sprach
3432,des,der,DET,nk,3433,Ausziehens
3433,Ausziehens,Ausziehen,NOUN,nk,3431,während
3434,die,der,DET,nk,3435,Schachteln
3435,Schachteln,Schachtel,NOUN,sb,3440,hatte
3436,mit,mit,ADP,mo,3439,betrachtet
3437,neugierigen,neugierig,ADJ,nk,3438,Augen
3438,Augen,Auge,NOUN,nk,3436,mit
3439,betrachtet,betrachten,VERB,oc,3440,hatte
3440,hatte,haben,AUX,sb,3442,meinte
3441,",",--,PUNCT,punct,3442,meinte
3442,meinte,meinen,VERB,ROOT,3442,meinte
3443,",",--,PUNCT,punct,3442,meinte
3444,daß,daß,SCONJ,cp,3446,wohl
3445,das,der,PRON,nk,3446,wohl
3446,wohl,wohl,ADV,oc,3442,meinte
3447,erst,erst,ADV,mo,3448,geschehen
3448,geschehen,geschehen,VERB,oc,3449,könne
3449,könne,können,AUX,ROOT,3449,könne
3450,",",--,PUNCT,punct,3449,könne
3451,nachher,nachher,ADV,mo,3452,sei
3452,sei,sein,AUX,cj,3449,könne
3453,es,es,PRON,sb,3452,sei
3454,ja,ja,ADV,mo,3452,sei
3455,wohl,wohl,ADV,mo,3452,sei
3456,noch,noch,ADV,mo,3452,sei
3457,Zeit,Zeit,NOUN,pd,3452,sei
3458,genug,genug,DET,nk,3457,Zeit
3459,in,in,ADP,mo,3452,sei
3460,den,der,DET,nk,3461,Wald
3461,Wald,Wald,NOUN,nk,3459,in
3462,zu,zu,ADP,svp,3449,könne
3463,laufen,laufen,VERB,ROOT,3463,laufen
3464,.,--,PUNCT,punct,3463,laufen
3465,Felix,Felix,PROPN,sb,3466,war
3466,war,sein,AUX,ROOT,3466,war
3467,sehr,sehr,ADV,mo,3468,schwer
3468,schwer,schwer,ADV,mo,3470,überreden
3469,zu,zu,PART,pm,3470,überreden
3470,überreden,überreden,VERB,oc,3466,war
3471,.,--,PUNCT,punct,3466,war
3472,E,E,PROPN,sb,3473,sprach
3473,sprach,sprechen,VERB,ROOT,3473,sprach
3474,:,--,PUNCT,punct,3473,sprach
3475,"""",--,PUNCT,punct,3477,kann
3476,Was,was,PRON,sb,3477,kann
3477,kann,können,AUX,oc,3473,sprach
3478,uns,uns,PRON,oa,3477,kann
3479,denn,denn,ADV,mo,3477,kann
3480,der,der,DET,ROOT,3480,der
3481,alberne,albern,ADJ,nk,3483,Junge
3482,pumphosichte,pumphosicht,ADJ,nk,3483,Junge
3483,Junge,Junge,NOUN,ROOT,3483,Junge
3484,mitsamt,mitsamt,ADP,mnr,3483,Junge
3485,seiner,sein,DET,nk,3487,Schwester
3486,bebänderten,bebändert,ADJ,nk,3487,Schwester
3487,Schwester,Schwester,NOUN,nk,3484,mitsamt
3488,Großes,Groß,NOUN,ag,3487,Schwester
3489,mitgebracht,mitbringen,VERB,oc,3490,haben
3490,haben,haben,AUX,ROOT,3490,haben
3491,?,--,PUNCT,punct,3490,haben
3492,Was,was,PRON,sb,3495,betrifft
3493,die,der,DET,nk,3494,Wissenschaften
3494,Wissenschaften,Wissenschaft,NOUN,oa,3495,betrifft
3495,betrifft,betreffen,VERB,ROOT,3495,betrifft
3496,",",--,PUNCT,punct,3495,betrifft
3497,i,i,SCONJ,oa,3500,plappert
3498,nun,nun,ADV,mo,3497,i
3499,die,der,PRON,oa,3500,plappert
3500,plappert,plapperen,VERB,cj,3495,betrifft
3501,er,er,PRON,sb,3500,plappert
3502,gut,gut,ADV,mo,3500,plappert
3503,genug,genug,DET,ROOT,3503,genug
3504,weg,weg,ADV,svp,3503,genug
3505,",",--,PUNCT,punct,3503,genug
3506,aber,aber,CCONJ,cd,3503,genug
3507,erst,erst,ADV,mo,3508,schwatzt
3508,schwatzt,schwatzen,VERB,cj,3506,aber
3509,er,er,PRON,sb,3508,schwatzt
3510,von,von,ADP,mo,3508,schwatzt
3511,Löw,Löw,NOUN,nk,3510,von
3512,und,und,CCONJ,cd,3511,Löw
3513,Bär,Bär,PROPN,cj,3512,und
3514,und,und,CCONJ,cd,3508,schwatzt
3515,weiß,wissen,VERB,cj,3514,und
3516,wie,wie,ADP,cm,3517,man
3517,man,man,PRON,mo,3515,weiß
3518,die,der,DET,nk,3519,Elefanten
3519,Elefanten,Elefant,NOUN,oa,3515,weiß
3520,fängt,fangen,VERB,sb,3530,hat
3521,und,und,CCONJ,cd,3520,fängt
3522,dann,dann,ADV,mo,3523,fürchtet
3523,fürchtet,fürchten,VERB,cj,3521,und
3524,er,er,PRON,sb,3523,fürchtet
3525,sich,sich,PRON,oa,3523,fürchtet
3526,vor,vor,ADP,mo,3523,fürchtet
3527,meinem,mein,DET,nk,3528,Sultan
3528,Sultan,Sultan,PROPN,nk,3526,vor
3529,",",--,PUNCT,punct,3530,hat
3530,hat,haben,AUX,ROOT,3530,hat
3531,einen,ein,DET,nk,3532,Säbel
3532,Säbel,Säbel,NOUN,oa,3530,hat
3533,an,an,ADP,mnr,3532,Säbel
3534,der,der,DET,nk,3535,Seite
3535,Seite,Seite,NOUN,nk,3533,an
3536,und,und,CCONJ,ROOT,3536,und
3537,heult,heulen,VERB,cj,3536,und
3538,und,und,CCONJ,cd,3537,heult
3539,schreit,Schreit,NOUN,cj,3538,und
3540,und,und,CCONJ,cd,3537,heult
3541,kriecht,kriechen,VERB,cj,3540,und
3542,unter,unter,ADP,mo,3541,kriecht
3543,den,der,DET,nk,3544,Tisch
3544,Tisch,Tisch,NOUN,nk,3542,unter
3545,.,--,PUNCT,ROOT,3545,.
3546,Das,der,PRON,sb,3547,mag
3547,mag,mögen,AUX,ROOT,3547,mag
3548,mir,mir,PRON,da,3547,mag
3549,ein,ein,DET,nk,3550,schöner
3550,schöner,schön,ADJ,pd,3547,mag
3551,Jäger,Jäger,NOUN,pd,3552,sein
3552,sein,sein,AUX,ROOT,3552,sein
3553,!,--,PUNCT,punct,3552,sein
3554,"""",--,PUNCT,punct,3552,sein
3555,"""",--,PUNCT,punct,3559,Felix
3556,Ach,ach,INTJ,nk,3559,Felix
3557,lieber,lieb,ADV,mo,3558,guter
3558,guter,gut,ADJ,nk,3559,Felix
3559,Felix,Felix,PROPN,ROOT,3559,Felix
3560,",",--,PUNCT,punct,3559,Felix
3561,laß,Laß,VERB,cj,3559,Felix
3562,uns,uns,PRON,oa,3561,laß
3563,doch,doch,ADV,mo,3561,laß
3564,nur,nur,ADV,mo,3567,kleines
3565,ein,ein,DET,nk,3567,kleines
3566,ganz,ganz,ADV,mo,3567,kleines
3567,kleines,klein,ADJ,nk,3568,bißchen
3568,bißchen,bißchen,PRON,ROOT,3568,bißchen
3569,die,der,DET,nk,3570,Schachteln
3570,Schachteln,Schachtel,NOUN,sb,3571,öffnen
3571,öffnen,öffnen,VERB,ROOT,3571,öffnen
3572,!,--,PUNCT,punct,3571,öffnen
3573,"""",--,PUNCT,punct,3571,öffnen
3574,So,so,ADV,mo,3575,bat
3575,bat,bitten,VERB,ROOT,3575,bat
3576,Christlieb,Christlieb,NOUN,sb,3575,bat
3577,",",--,PUNCT,punct,3575,bat
3578,und,und,CCONJ,cd,3575,bat
3579,da,da,SCONJ,cp,3584,mögliche
3580,ihr,ihr,DET,nk,3581,Felix
3581,Felix,Felix,PROPN,sb,3584,mögliche
3582,alles,alle,PRON,mo,3584,mögliche
3583,nur,nur,ADV,mo,3584,mögliche
3584,mögliche,möglich,ADJ,cj,3578,und
3585,zu,zu,ADP,mo,3587,tat
3586,Gefallen,Gefallen,NOUN,nk,3585,zu
3587,tat,tun,VERB,re,3589,so
3588,",",--,PUNCT,punct,3589,so
3589,so,so,ADV,mo,3590,gab
3590,gab,geben,VERB,ROOT,3590,gab
3591,er,er,PRON,sb,3590,gab
3592,das,der,PRON,nk,3596,Laufen
3593,in,in,ADP,mo,3596,Laufen
3594,den,der,DET,nk,3595,Wald
3595,Wald,Wald,NOUN,nk,3593,in
3596,Laufen,laufen,NOUN,oa,3590,gab
3597,vor,vor,ADP,mo,3590,gab
3598,der,der,DET,nk,3599,Hand
3599,Hand,Hand,NOUN,nk,3597,vor
3600,auf,auf,ADP,svp,3590,gab
3601,und,und,CCONJ,cd,3590,gab
3602,setze,setzen,VERB,cj,3601,und
3603,sich,sich,PRON,da,3614,standen
3604,mit,mit,ADP,mo,3614,standen
3605,Christlieb,Christlieb,NOUN,nk,3604,mit
3606,geduldig,geduldig,ADV,mo,3614,standen
3607,an,an,ADP,mo,3614,standen
3608,den,der,DET,nk,3609,Tisch
3609,Tisch,Tisch,NOUN,nk,3607,an
3610,auf,auf,ADP,mnr,3609,Tisch
3611,dem,der,PRON,nk,3610,auf
3612,die,der,DET,nk,3613,Schachteln
3613,Schachteln,Schachtel,NOUN,sb,3614,standen
3614,standen,stehen,VERB,ROOT,3614,standen
3615,.,--,PUNCT,punct,3614,standen
3616,Sie,sie,PRON,ROOT,3616,Sie
3617,wurden,werden,AUX,ROOT,3617,wurden
3618,von,von,ADP,sbp,3621,geöffnet
3619,der,der,DET,nk,3620,Mutter
3620,Mutter,Mutter,NOUN,nk,3618,von
3621,geöffnet,öffnen,VERB,oc,3617,wurden
3622,",",--,PUNCT,punct,3617,wurden
3623,aber,aber,CCONJ,cd,3617,wurden
3624,da,da,ADV,cj,3623,aber
3625,–,--,PUNCT,punct,3617,wurden
3626,Nun,nun,ADV,mo,3621,geöffnet
3627,",",--,PUNCT,punct,3617,wurden
3628,o,o,PROPN,par,3631,Leser
3629,meine,mein,DET,nk,3631,Leser
3630,vielgeliebten,vielgeliebt,ADJ,nk,3631,Leser
3631,Leser,Leser,NOUN,sb,3617,wurden
3632,!,--,PUNCT,punct,3617,wurden
3633,Euch,euch,PRON,nk,3634,allen
3634,allen,alle,PRON,da,3641,geworden
3635,ist,sein,AUX,ROOT,3635,ist
3636,es,es,PRON,sb,3635,ist
3637,gewiß,gewiß,ADV,mo,3641,geworden
3638,schon,schon,ADV,mo,3640,gut
3639,so,so,ADV,mo,3640,gut
3640,gut,gut,ADV,pd,3641,geworden
3641,geworden,werden,AUX,oc,3635,ist
3642,zur,zu,ADP,mo,3641,geworden
3643,Zeit,Zeit,NOUN,nk,3642,zur
3644,des,der,DET,nk,3645,fröhlichen
3645,fröhlichen,fröhlich,ADJ,ag,3643,Zeit
3646,Jahrmarkts,jahrmarkts,NOUN,ROOT,3646,Jahrmarkts
3647,oder,oder,CCONJ,cd,3646,Jahrmarkts
3648,doch,doch,ADV,mo,3657,lieben
3649,gewiß,gewiß,ADV,mo,3657,lieben
3650,zu,zu,ADP,mo,3657,lieben
3651,Weihnachten,Weihnachten,NOUN,nk,3650,zu
3652,von,von,ADP,sbp,3657,lieben
3653,den,der,DET,nk,3654,Eltern
3654,Eltern,Eltern,NOUN,nk,3652,von
3655,oder,oder,CCONJ,cd,3654,Eltern
3656,anderen,anderer,ADJ,cj,3655,oder
3657,lieben,Lieb,VERB,cj,3647,oder
3658,Freunden,Freund,NOUN,da,3664,beschenkt
3659,mit,mit,ADP,mo,3664,beschenkt
3660,allerlei,allerlei,DET,nk,3662,Sachen
3661,schmucken,schmuck,ADJ,nk,3662,Sachen
3662,Sachen,Sache,NOUN,nk,3659,mit
3663,reichlich,reichlich,ADV,mo,3664,beschenkt
3664,beschenkt,beschenken,VERB,oc,3666,werden
3665,zu,zu,PART,pm,3666,werden
3666,werden,werden,AUX,ROOT,3666,werden
3667,.,--,PUNCT,punct,3666,werden
3668,Denkt,Denken,VERB,ROOT,3668,Denkt
3669,euch,euch,PRON,sb,3675,jauchztet
3670,",",--,PUNCT,punct,3675,jauchztet
3671,wie,wie,SCONJ,mo,3675,jauchztet
3672,ihr,ihr,PRON,sb,3675,jauchztet
3673,vor,vor,ADP,mo,3675,jauchztet
3674,Freude,Freude,NOUN,nk,3673,vor
3675,jauchztet,jauchzten,VERB,ROOT,3675,jauchztet
3676,",",--,PUNCT,punct,3675,jauchztet
3677,als,als,SCONJ,cm,3679,Soldaten
3678,blanke,blank,ADJ,nk,3679,Soldaten
3679,Soldaten,Soldat,NOUN,cc,3671,wie
3680,",",--,PUNCT,punct,3679,Soldaten
3681,Männchen,Männch,NOUN,cj,3679,Soldaten
3682,mit,mit,ADP,mnr,3681,Männchen
3683,Drehorgeln,Drehorgel,NOUN,ROOT,3683,Drehorgeln
3684,",",--,PUNCT,punct,3683,Drehorgeln
3685,schön,schön,ADV,mo,3686,geputzte
3686,geputzte,geputzt,ADJ,nk,3687,Puppen
3687,Puppen,Puppe,NOUN,cj,3683,Drehorgeln
3688,",",--,PUNCT,punct,3687,Puppen
3689,zierliche,zierlich,ADJ,nk,3690,Gerätschaften
3690,Gerätschaften,Gerätschaft,NOUN,cj,3687,Puppen
3691,",",--,PUNCT,punct,3683,Drehorgeln
3692,herrliche,herrlich,ADJ,nk,3693,bunte
3693,bunte,Bunt,ADJ,cj,3683,Drehorgeln
3694,Bilderbücher,Bilderbücher,NOUN,ROOT,3694,Bilderbücher
3695,u.a.m,u.a.m,PROPN,sb,3694,Bilderbücher
3696,.,--,PUNCT,punct,3694,Bilderbücher
3697,um,um,SCONJ,cp,3699,lagen
3698,euch,euch,PRON,da,3699,lagen
3699,lagen,liegen,VERB,ROOT,3699,lagen
3700,und,und,CCONJ,cd,3699,lagen
3701,standen,stehen,VERB,cj,3700,und
3702,!,--,PUNCT,punct,3699,lagen
3703,Solche,solcher,DET,nk,3705,Freude
3704,große,groß,ADJ,nk,3705,Freude
3705,Freude,Freude,NOUN,ROOT,3705,Freude
3706,wie,wie,ADP,cm,3707,ihr
3707,ihr,ihr,PRON,cc,3705,Freude
3708,damals,damals,ADV,mo,3710,hatten
3709,",",--,PUNCT,punct,3710,hatten
3710,hatten,haben,AUX,ROOT,3710,hatten
3711,jetzt,jetzt,ADV,mo,3710,hatten
3712,Felix,Felix,PROPN,sb,3710,hatten
3713,und,und,CCONJ,cd,3712,Felix
3714,Christlieb,Christlieb,NOUN,cj,3713,und
3715,",",--,PUNCT,punct,3710,hatten
3716,denn,denn,CCONJ,cd,3710,hatten
3717,eine,ein,DET,nk,3720,Bescherung
3718,ganz,ganz,ADV,mo,3719,reiche
3719,reiche,reich,ADJ,nk,3720,Bescherung
3720,Bescherung,Bescherung,NOUN,cj,3716,denn
3721,der,der,DET,dep,3710,hatten
3722,niedlichsten,niedlichst,ADJ,nk,3724,Sachen
3723,glänzendsten,glänzendst,ADJ,nk,3724,Sachen
3724,Sachen,Sache,NOUN,da,3725,ging
3725,ging,gehen,VERB,ROOT,3725,ging
3726,aus,aus,ADP,mo,3725,ging
3727,den,der,DET,nk,3728,Schachteln
3728,Schachteln,Schachtel,NOUN,nk,3726,aus
3729,hervor,hervor,ADV,svp,3725,ging
3730,",",--,PUNCT,punct,3725,ging
3731,und,und,CCONJ,cd,3725,ging
3732,dabei,dabei,ADV,mo,3733,gab
3733,gab,geben,VERB,cj,3731,und
3734,es,es,PRON,sb,3748,Hände
3735,noch,noch,ADV,mo,3737,Naschwerk
3736,allerlei,allerlei,DET,nk,3737,Naschwerk
3737,Naschwerk,Naschwerk,NOUN,pd,3734,es
3738,",",--,PUNCT,punct,3737,Naschwerk
3739,so,so,ADV,mo,3748,Hände
3740,daß,daß,SCONJ,cp,3748,Hände
3741,die,der,DET,nk,3742,Kinder
3742,Kinder,Kind,NOUN,sb,3748,Hände
3743,ein,ein,DET,nk,3744,Mal
3744,Mal,Mal,NOUN,mo,3745,über
3745,über,über,ADP,mnr,3742,Kinder
3746,das,der,PRON,nk,3745,über
3747,die,der,DET,nk,3748,Hände
3748,Hände,Hand,NOUN,ROOT,3748,Hände
3749,zusammenschlugen,zusammenschlugen,VERB,pd,3757,ist
3750,und,und,CCONJ,cd,3749,zusammenschlugen
3751,ausriefen,ausriefen,VERB,cj,3750,und
3752,:,--,PUNCT,punct,3749,zusammenschlugen
3753,"""",--,PUNCT,punct,3757,ist
3754,Ei,ei,ADV,mo,3757,ist
3755,wie,wie,ADP,mo,3756,schön
3756,schön,schön,ADV,pd,3757,ist
3757,ist,sein,AUX,ROOT,3757,ist
3758,das,der,PRON,sb,3757,ist
3759,!,--,PUNCT,punct,3757,ist
3760,"""",--,PUNCT,punct,3757,ist
3761,Nur,nur,ADV,mo,3763,Tüte
3762,eine,ein,DET,nk,3763,Tüte
3763,Tüte,Tüte,NOUN,ROOT,3763,Tüte
3764,mit,mit,ADP,mnr,3763,Tüte
3765,Bonbons,Bonbon,PROPN,oa,3766,legte
3766,legte,legen,VERB,ROOT,3766,legte
3767,Felix,Felix,PROPN,sb,3766,legte
3768,mit,mit,ADP,mo,3766,legte
3769,Verachtung,Verachtung,NOUN,nk,3768,mit
3770,beiseite,beiseite,ADV,mo,3766,legte
3771,",",--,PUNCT,punct,3766,legte
3772,und,und,CCONJ,cd,3766,legte
3773,als,als,ADP,mo,3775,bat
3774,Christlieb,Christlieb,NOUN,nk,3773,als
3775,bat,bitten,VERB,cj,3772,und
3776,den,der,DET,dep,3766,legte
3777,gläsernen,gläsern,ADJ,nk,3778,Zucker
3778,Zucker,Zucker,NOUN,ROOT,3778,Zucker
3779,doch,doch,ADV,mo,3784,herauszuwerfen
3780,wenigstens,wenigstens,ADV,mo,3784,herauszuwerfen
3781,nicht,nicht,PART,ng,3784,herauszuwerfen
3782,zum,zu,ADP,mo,3784,herauszuwerfen
3783,Fenster,Fenster,NOUN,nk,3782,zum
3784,herauszuwerfen,herauszuwerfen,VERB,oc,3778,Zucker
3785,",",--,PUNCT,punct,3784,herauszuwerfen
3786,wie,wie,SCONJ,mo,3787,er
3787,er,er,PRON,cc,3778,Zucker
3788,es,es,PRON,dep,3778,Zucker
3789,eben,eben,ADV,mo,3790,tun
3790,tun,tun,VERB,oc,3791,wollte
3791,wollte,wollen,AUX,mo,3793,ließ
3792,",",--,PUNCT,punct,3793,ließ
3793,ließ,lassen,VERB,ROOT,3793,ließ
3794,er,er,PRON,sb,3793,ließ
3795,zwar,zwar,ADV,mo,3793,ließ
3796,davon,davon,ADV,mo,3793,ließ
3797,ab,ab,ADP,svp,3793,ließ
3798,",",--,PUNCT,punct,3793,ließ
3799,öffnete,öffnen,VERB,cj,3793,ließ
3800,aber,aber,ADV,mo,3799,öffnete
3801,die,der,DET,nk,3802,Tüte
3802,Tüte,Tüte,NOUN,oa,3799,öffnete
3803,und,und,CCONJ,cd,3799,öffnete
3804,warf,werfen,VERB,cj,3803,und
3805,einige,einige,PRON,oa,3804,warf
3806,Bonbons,Bonbon,NOUN,ROOT,3806,Bonbons
3807,dem,der,DET,nk,3808,Sultan
3808,Sultan,Sultan,PROPN,ag,3806,Bonbons
3809,hin,hin,ADV,svp,3806,Bonbons
3810,",",--,PUNCT,punct,3806,Bonbons
3811,der,der,PRON,sb,3814,war
3812,indessen,indessen,ADV,mo,3813,hineingeschwänzelt
3813,hineingeschwänzelt,hineingeschwänzeln,VERB,pd,3814,war
3814,war,sein,AUX,rc,3806,Bonbons
3815,.,--,PUNCT,punct,3806,Bonbons
3816,Sultan,Sultan,PROPN,ROOT,3816,Sultan
3817,roch,roch,ADV,mo,3816,Sultan
3818,daran,daran,ADV,op,3817,roch
3819,und,und,CCONJ,ju,3820,wandte
3820,wandte,wenden,VERB,ROOT,3820,wandte
3821,dann,dann,ADV,mo,3820,wandte
3822,unmutig,unmutig,ADV,mo,3820,wandte
3823,die,der,DET,nk,3824,Schnauze
3824,Schnauze,Schnauze,NOUN,oa,3820,wandte
3825,weg,weg,ADV,svp,3820,wandte
3826,.,--,PUNCT,punct,3820,wandte
3827,"""",--,PUNCT,punct,3828,Siehst
3828,Siehst,Siehst,VERB,ROOT,3828,Siehst
3829,du,du,PRON,sb,3828,Siehst
3830,wohl,wohl,ADV,mo,3828,Siehst
3831,",",--,PUNCT,punct,3828,Siehst
3832,nicht,nicht,PART,ng,3834,Sultan
3833,einmal,einmal,ADV,mo,3832,nicht
3834,Sultan,Sultan,PROPN,par,3828,Siehst
3835,mag,mögen,AUX,ROOT,3835,mag
3836,das,der,DET,nk,3838,Zeug
3837,garstige,garstig,ADJ,nk,3838,Zeug
3838,Zeug,Zeug,NOUN,oa,3839,fressen
3839,fressen,fressen,VERB,oc,3835,mag
3840,.,--,PUNCT,punct,3835,mag
3841,"""",--,PUNCT,ROOT,3841,""""
3842,Übrigens,übrigens,ADV,mo,3843,machte
3843,machte,machen,VERB,ROOT,3843,machte
3844,dem,der,DET,nk,3845,Felix
3845,Felix,Felix,PROPN,da,3843,machte
3846,von,von,ADP,mo,3843,machte
3847,den,der,DET,nk,3848,Spielsachen
3848,Spielsachen,Spielsachen,NOUN,nk,3846,von
3849,nichts,nichts,PRON,nk,3851,Freude
3850,mehr,mehr,DET,mo,3849,nichts
3851,Freude,Freude,NOUN,ROOT,3851,Freude
3852,als,als,ADP,mo,3851,Freude
3853,ein,ein,DET,nk,3855,Jägersmann
3854,stattlicher,stattlich,ADJ,nk,3855,Jägersmann
3855,Jägersmann,Jägersmann,NOUN,nk,3852,als
3856,",",--,PUNCT,punct,3855,Jägersmann
3857,der,der,PRON,dep,3851,Freude
3858,",",--,PUNCT,punct,3857,der
3859,wenn,wenn,SCONJ,cp,3862,kleines
3860,man,man,PRON,sb,3862,kleines
3861,ein,ein,DET,nk,3862,kleines
3862,kleines,klein,ADJ,mo,3858,","
3863,Fädchen,Fädche,NOUN,sb,3872,anzog
3864,",",--,PUNCT,punct,3863,Fädchen
3865,das,der,PRON,sb,3870,hervorragte
3866,hinten,hinten,ADV,mo,3870,hervorragte
3867,unter,unter,ADP,mo,3870,hervorragte
3868,seiner,sein,DET,nk,3869,Jacke
3869,Jacke,Jacke,NOUN,nk,3867,unter
3870,hervorragte,hervorragen,VERB,rc,3863,Fädchen
3871,",",--,PUNCT,punct,3872,anzog
3872,anzog,anziehen,VERB,ROOT,3872,anzog
3873,",",--,PUNCT,punct,3872,anzog
3874,die,der,DET,nk,3875,Büchse
3875,Büchse,Büchse,NOUN,oa,3876,anlegte
3876,anlegte,anlegen,VERB,oc,3872,anzog
3877,und,und,CCONJ,ROOT,3877,und
3878,in,in,ADP,mo,3881,schoß
3879,das,der,DET,nk,3880,Ziel
3880,Ziel,Ziel,NOUN,nk,3878,in
3881,schoß,schoß,VERB,cj,3877,und
3882,",",--,PUNCT,punct,3881,schoß
3883,das,der,PRON,sb,3890,war
3884,drei,drei,NUM,nk,3885,Spannen
3885,Spannen,Spann,NOUN,oa,3889,angebracht
3886,weit,weit,ADV,mo,3887,vor
3887,vor,vor,ADP,mo,3889,angebracht
3888,ihm,ihm,PRON,nk,3887,vor
3889,angebracht,anbringen,ADV,pd,3890,war
3890,war,sein,AUX,rc,3880,Ziel
3891,.,--,PUNCT,punct,3877,und
3892,Nächstdem,nächstdem,ADV,ROOT,3892,Nächstdem
3893,schenkte,schenken,VERB,ROOT,3893,schenkte
3894,er,er,PRON,sb,3893,schenkte
3895,seine,sein,DET,nk,3896,Liebe
3896,Liebe,Liebe,NOUN,oa,3893,schenkte
3897,einem,ein,DET,nk,3899,Männchen
3898,kleinen,klein,ADJ,nk,3899,Männchen
3899,Männchen,Männche,NOUN,da,3904,machen
3900,",",--,PUNCT,punct,3899,Männchen
3901,das,der,DET,nk,3902,Komplimente
3902,Komplimente,Komplimente,NOUN,oa,3904,machen
3903,zu,zu,PART,pm,3904,machen
3904,machen,machen,VERB,oc,3893,schenkte
3905,verstand,verstehen,VERB,ROOT,3905,verstand
3906,und,und,CCONJ,cd,3905,verstand
3907,auf,auf,ADP,mo,3910,quinkelierte
3908,einer,ein,DET,nk,3909,Harfe
3909,Harfe,Harfe,NOUN,nk,3907,auf
3910,quinkelierte,quinkelieren,VERB,cj,3906,und
3911,wenn,wenn,SCONJ,cp,3916,drehte
3912,man,man,PRON,sb,3916,drehte
3913,an,an,ADP,op,3916,drehte
3914,einer,ein,DET,nk,3915,Schraube
3915,Schraube,Schraube,NOUN,nk,3913,an
3916,drehte,drehen,VERB,mo,3910,quinkelierte
3917,;,--,PUNCT,punct,3905,verstand
3918,vor,vor,ADP,mo,3921,gefiel
3919,allen,aller,DET,nk,3920,Dingen
3920,Dingen,Ding,NOUN,nk,3918,vor
3921,gefiel,gefallen,VERB,ROOT,3921,gefiel
3922,ihm,ihm,PRON,da,3921,gefiel
3923,aber,aber,ADV,mo,3921,gefiel
3924,eine,ein,DET,nk,3925,Flinte
3925,Flinte,Flinte,NOUN,sb,3921,gefiel
3926,und,und,CCONJ,cd,3925,Flinte
3927,ein,ein,DET,nk,3928,Hirschfänger
3928,Hirschfänger,Hirschfänger,NOUN,cj,3926,und
3929,",",--,PUNCT,punct,3925,Flinte
3930,beides,beide,PRON,sb,3921,gefiel
3931,von,von,ADP,pg,3930,beides
3932,Holz,Holz,NOUN,ROOT,3932,Holz
3933,und,und,CCONJ,cd,3932,Holz
3934,übersilbert,übersilberen,VERB,cj,3933,und
3935,",",--,PUNCT,punct,3932,Holz
3936,sowie,sowie,CCONJ,cd,3932,Holz
3937,eine,ein,DET,nk,3939,Husarenmütze
3938,stattliche,stattlich,ADJ,nk,3939,Husarenmütze
3939,Husarenmütze,Husarenmütze,NOUN,cj,3936,sowie
3940,und,und,CCONJ,cd,3939,Husarenmütze
3941,eine,ein,DET,nk,3942,Patrontasche
3942,Patrontasche,Patrontasche,NOUN,cj,3940,und
3943,.,--,PUNCT,punct,3932,Holz
3944,Christlieb,Christlieb,NOUN,sb,3945,hatte
3945,hatte,haben,AUX,ROOT,3945,hatte
3946,große,groß,ADJ,nk,3947,Freude
3947,Freude,Freude,NOUN,oa,3945,hatte
3948,an,an,ADP,mo,3945,hatte
3949,einer,ein,DET,nk,3953,Puppe
3950,sehr,sehr,ADV,mo,3951,schön
3951,schön,schön,ADV,mo,3952,geputzten
3952,geputzten,geputzt,ADJ,nk,3953,Puppe
3953,Puppe,Puppe,NOUN,nk,3948,an
3954,und,und,CCONJ,cd,3953,Puppe
3955,einem,ein,DET,cj,3954,und
3956,saubern,Sauber,NOUN,nk,3958,Hausrat
3957,vollständigen,vollständig,ADJ,nk,3958,Hausrat
3958,Hausrat,Hausrat,NOUN,ROOT,3958,Hausrat
3959,.,--,PUNCT,punct,3958,Hausrat
3960,Die,der,DET,nk,3961,Kinder
3961,Kinder,Kind,NOUN,sb,3962,vergaßen
3962,vergaßen,vergaß,VERB,ROOT,3962,vergaßen
3963,Wald,Wald,NOUN,oa,3962,vergaßen
3964,und,und,CCONJ,cd,3963,Wald
3965,Flur,Flur,NOUN,cj,3964,und
3966,und,und,CCONJ,cd,3963,Wald
3967,ergötzten,ergötzen,VERB,cj,3966,und
3968,sich,sich,PRON,ROOT,3968,sich
3969,an,an,ADP,mnr,3968,sich
3970,den,der,DET,nk,3971,Spielsachen
3971,Spielsachen,spielsach,NOUN,nk,3969,an
3972,bis,bis,ADP,ac,3973,in
3973,in,in,ADP,mo,3969,an
3974,den,der,DET,nk,3976,Abend
3975,späten,spät,ADJ,nk,3976,Abend
3976,Abend,Abend,NOUN,nk,3973,in
3977,hinein,hinein,ADV,mo,3969,an
3978,.,--,PUNCT,punct,3968,sich
3979,Dann,dann,ADV,mo,3980,gingen
3980,gingen,gehen,VERB,ROOT,3980,gingen
3981,sie,sie,PRON,sb,3980,gingen
3982,zu,zu,ADP,svp,3980,gingen
3983,Bette,Bett,NOUN,ROOT,3983,Bette
3984,.,--,PUNCT,punct,3983,Bette
3985,Was,was,PRON,sb,3993,zutrug
3986,sich,sich,PRON,oa,3993,zutrug
3987,mit,mit,ADP,mo,3993,zutrug
3988,den,der,DET,nk,3990,Spielsachen
3989,neuen,neu,ADJ,nk,3990,Spielsachen
3990,Spielsachen,Spielsachen,NOUN,nk,3987,mit
3991,im,in,ADP,mnr,3990,Spielsachen
3992,Walde,Walde,NOUN,nk,3991,im
3993,zutrug,zutragen,VERB,ROOT,3993,zutrug
3994,Tages,Tag,ADV,mo,3995,darauf
3995,darauf,darauf,ADV,mo,3996,fingen
3996,fingen,fangen,VERB,ROOT,3996,fingen
3997,die,der,DET,nk,3998,Kinder
3998,Kinder,Kind,NOUN,sb,3996,fingen
3999,es,es,PRON,oa,3996,fingen
4000,wieder,wieder,ADV,mo,3996,fingen
4001,da,da,ADV,mo,3996,fingen
4002,an,an,ADP,svp,3996,fingen
4003,",",--,PUNCT,punct,3996,fingen
4004,wo,wo,SCONJ,mo,4005,sie
4005,sie,sie,PRON,dep,3996,fingen
4006,es,es,PRON,oa,4008,vorher
4007,abends,abends,ADV,mo,4008,vorher
4008,vorher,vorher,ADV,mo,3996,fingen
4009,gelassen,lassen,VERB,oc,4010,hatten
4010,hatten,haben,AUX,mo,4021,kramten
4011,:,--,PUNCT,punct,4010,hatten
4012,das,der,PRON,sb,4013,heißt
4013,heißt,heißen,VERB,rs,4010,hatten
4014,",",--,PUNCT,punct,4013,heißt
4015,sie,sie,PRON,sb,4016,holten
4016,holten,holen,VERB,oc,4013,heißt
4017,die,der,DET,nk,4018,Schachteln
4018,Schachteln,Schachtel,NOUN,oa,4016,holten
4019,herbei,herbei,ADP,svp,4016,holten
4020,",",--,PUNCT,punct,4021,kramten
4021,kramten,kramen,VERB,ROOT,4021,kramten
4022,ihre,ihr,DET,punct,4021,kramten
4023,Spielsachen,spielsach,NOUN,ROOT,4023,Spielsachen
4024,aus,aus,ADP,mnr,4023,Spielsachen
4025,ergötzten,ergötzn,VERB,nk,4024,aus
4026,sich,sich,PRON,oa,4025,ergötzten
4027,daran,daran,ADV,mo,4025,ergötzten
4028,auf,auf,ADP,op,4025,ergötzten
4029,mancherlei,mancherlei,DET,nk,4030,Weise
4030,Weise,Weise,NOUN,nk,4028,auf
4031,.,--,PUNCT,punct,4023,Spielsachen
4032,Ebenso,ebenso,ADV,ROOT,4032,Ebenso
4033,wie,wie,ADP,cm,4034,gestern
4034,gestern,gestern,ADV,cc,4032,Ebenso
4035,schien,scheinen,VERB,ROOT,4035,schien
4036,die,der,DET,nk,4037,Sonne
4037,Sonne,Sonne,NOUN,sb,4035,schien
4038,hell,hell,ADV,mo,4035,schien
4039,und,und,CCONJ,cd,4038,hell
4040,freundlich,freundlich,ADV,cj,4039,und
4041,in,in,ADP,mo,4035,schien
4042,die,der,DET,nk,4043,Fenster
4043,Fenster,Fenster,NOUN,nk,4041,in
4044,hinein,hinein,ADV,svp,4035,schien
4045,",",--,PUNCT,punct,4035,schien
4046,wisperten,wisperen,VERB,oc,4035,schien
4047,und,und,CCONJ,cd,4046,wisperten
4048,lispelten,lispelen,VERB,ROOT,4048,lispelten
4049,die,der,DET,nk,4054,Birken
4050,vom,von,ADP,sbp,4053,begrüßten
4051,sausenden,sausend,ADJ,nk,4052,Morgenwind
4052,Morgenwind,Morgenwind,NOUN,nk,4050,vom
4053,begrüßten,begrüßt,ADJ,nk,4054,Birken
4054,Birken,Birke,NOUN,oa,4048,lispelten
4055,",",--,PUNCT,punct,4048,lispelten
4056,jubilierten,jubiliern,VERB,cj,4048,lispelten
4057,Zeisig,Zeisig,NOUN,sb,4056,jubilierten
4058,",",--,PUNCT,punct,4056,jubilierten
4059,Fink,fink,NOUN,ROOT,4059,Fink
4060,und,und,CCONJ,cd,4059,Fink
4061,Nachtigall,Nachtigall,NOUN,cj,4060,und
4062,in,in,ADP,mnr,4059,Fink
4063,den,der,DET,nk,4066,Liedlein
4064,schönsten,schön,ADJ,nk,4066,Liedlein
4065,lustigsten,lustigst,ADJ,nk,4066,Liedlein
4066,Liedlein,Liedlein,NOUN,nk,4062,in
4067,.,--,PUNCT,punct,4059,Fink
4068,Da,da,ADV,mo,4069,wurd
4069,wurd,wurd,ADV,ROOT,4069,wurd
4070,es,es,PRON,sb,4069,wurd
4071,dem,der,DET,nk,4072,Felix
4072,Felix,Felix,PROPN,da,4069,wurd
4073,bei,bei,ADP,ROOT,4073,bei
4074,seinem,sein,DET,nk,4075,Jäger
4075,Jäger,Jäger,NOUN,nk,4073,bei
4076,",",--,PUNCT,punct,4075,Jäger
4077,seinem,sein,DET,nk,4079,Männchen
4078,kleinen,klein,ADJ,nk,4079,Männchen
4079,Männchen,Männchen,NOUN,app,4075,Jäger
4080,",",--,PUNCT,punct,4075,Jäger
4081,seiner,sein,DET,nk,4082,Flinte
4082,Flinte,Flinte,NOUN,app,4075,Jäger
4083,und,und,CCONJ,cd,4082,Flinte
4084,Patrontasche,Patrontasche,NOUN,cj,4083,und
4085,ganz,ganz,ADV,mo,4073,bei
4086,enge,eng,ADJ,ROOT,4086,enge
4087,und,und,CCONJ,cd,4086,enge
4088,wehmütig,wehmütig,ADV,cj,4087,und
4089,ums,um,ADP,mo,4086,enge
4090,Herz,Herz,NOUN,nk,4089,ums
4091,.,--,PUNCT,punct,4086,enge
4092,"""",--,PUNCT,punct,4093,Ach
4093,Ach,ach,INTJ,dep,4096,rief
4094,"""",--,PUNCT,punct,4096,rief
4095,",",--,PUNCT,punct,4096,rief
4096,rief,rufen,VERB,ROOT,4096,rief
4097,er,er,PRON,sb,4096,rief
4098,auf,auf,ADP,op,4096,rief
4099,einmal,einmal,ADV,nk,4098,auf
4100,",",--,PUNCT,punct,4096,rief
4101,"""",--,PUNCT,punct,4104,ist's
4102,ach,ach,ADP,mo,4104,ist's
4103,draußen,draußen,ADV,mo,4104,ist's
4104,ist's,ist's,VERB,oc,4096,rief
4105,doch,doch,ADV,mo,4104,ist's
4106,schöner,schön,ADJ,nk,4109,Christlieb
4107,",",--,PUNCT,punct,4106,schöner
4108,komm,Komm,ADJ,cj,4106,schöner
4109,Christlieb,Christlieb,NOUN,ROOT,4109,Christlieb
4110,!,--,PUNCT,punct,4109,Christlieb
4111,laß,Laß,PROPN,sb,4116,laufen
4112,uns,uns,PRON,oa,4111,laß
4113,in,in,ADP,mo,4116,laufen
4114,den,der,DET,nk,4115,Wald
4115,Wald,Wald,NOUN,nk,4113,in
4116,laufen,laufen,VERB,ROOT,4116,laufen
4117,!,--,PUNCT,punct,4116,laufen
4118,"""",--,PUNCT,ROOT,4118,""""
4119,Christlieb,Christlieb,NOUN,sb,4120,hatte
4120,hatte,haben,AUX,ROOT,4120,hatte
4121,eben,eben,ADV,mo,4120,hatte
4122,die,der,DET,nk,4124,Puppe
4123,große,groß,ADJ,nk,4124,Puppe
4124,Puppe,Puppe,NOUN,oa,4125,ausgezogen
4125,ausgezogen,ausgezogen,VERB,ROOT,4125,ausgezogen
4126,und,und,CCONJ,cd,4125,ausgezogen
4127,war,sein,AUX,cj,4126,und
4128,im,in,ADP,mo,4132,anzukleiden
4129,Begriff,Begriff,NOUN,nk,4128,im
4130,sie,sie,PRON,oa,4132,anzukleiden
4131,wieder,wieder,ADV,mo,4132,anzukleiden
4132,anzukleiden,ankleiden,VERB,oc,4127,war
4133,",",--,PUNCT,punct,4132,anzukleiden
4134,welches,welcher,PRON,oa,4125,ausgezogen
4135,ihr,ihr,PRON,nk,4137,Vergnügen
4136,viel,viel,DET,nk,4137,Vergnügen
4137,Vergnügen,Vergnügen,NOUN,oa,4138,machte
4138,machte,machen,VERB,re,4140,deshalb
4139,",",--,PUNCT,punct,4140,deshalb
4140,deshalb,deshalb,ADV,mo,4141,wollte
4141,wollte,wollen,AUX,ROOT,4141,wollte
4142,die,der,DET,sb,4141,wollte
4143,nicht,nicht,PART,ng,4141,wollte
4144,heraus,heraus,ADV,svp,4141,wollte
4145,",",--,PUNCT,punct,4141,wollte
4146,sondern,sondern,CCONJ,cd,4141,wollte
4147,bat,bitten,VERB,cj,4146,sondern
4148,:,--,PUNCT,punct,4141,wollte
4149,"""",--,PUNCT,punct,4151,Felix
4150,Lieber,lieb,PROPN,pnc,4151,Felix
4151,Felix,Felix,PROPN,oa,4161,spielen
4152,",",--,PUNCT,punct,4153,wollen
4153,wollen,wollen,AUX,ROOT,4153,wollen
4154,wir,wir,PRON,sb,4153,wollen
4155,denn,denn,ADV,mo,4153,wollen
4156,nicht,nicht,PART,ng,4153,wollen
4157,noch,noch,ADV,mo,4158,hier
4158,hier,hier,ADV,mo,4161,spielen
4159,ein,ein,DET,nk,4160,bißchen
4160,bißchen,bißchen,PRON,sb,4161,spielen
4161,spielen,spielen,VERB,oc,4153,wollen
4162,?,--,PUNCT,punct,4153,wollen
4163,"""",--,PUNCT,punct,4153,wollen
4164,–,--,PUNCT,punct,4165,Weißt
4165,Weißt,weißen,VERB,ROOT,4165,Weißt
4166,du,du,PRON,sb,4165,Weißt
4167,was,was,PRON,oa,4172,sprach
4168,",",--,PUNCT,punct,4167,was
4169,Christlieb,Christlieb,NOUN,app,4167,was
4170,"""",--,PUNCT,punct,4172,sprach
4171,",",--,PUNCT,punct,4172,sprach
4172,sprach,sprechen,VERB,ROOT,4172,sprach
4173,Felix,Felix,PROPN,sb,4172,sprach
4174,",",--,PUNCT,punct,4172,sprach
4175,"""",--,PUNCT,punct,4177,nehmen
4176,wir,wir,PRON,sb,4177,nehmen
4177,nehmen,nehmen,VERB,oc,4172,sprach
4178,das,der,DET,nk,4179,beste
4179,beste,gut,ADJ,oa,4177,nehmen
4180,von,von,ADP,pg,4179,beste
4181,unsern,unsern,ADV,nk,4182,Spielsachen
4182,Spielsachen,Spielsachen,NOUN,nk,4180,von
4183,mit,mit,ADP,ROOT,4183,mit
4184,hinaus,hinaus,ADV,nk,4183,mit
4185,.,--,PUNCT,punct,4183,mit
4186,Ich,ich,PRON,sb,4187,schnalle
4187,schnalle,schnallen,VERB,ROOT,4187,schnalle
4188,meinen,mein,DET,nk,4189,Hirschfänger
4189,Hirschfänger,Hirschfänger,NOUN,oa,4187,schnalle
4190,um,um,ADP,svp,4187,schnalle
4191,",",--,PUNCT,punct,4187,schnalle
4192,und,und,CCONJ,cd,4187,schnalle
4193,hänge,hängen,VERB,cj,4192,und
4194,das,der,DET,nk,4195,Gewehr
4195,Gewehr,Gewehr,NOUN,oa,4193,hänge
4196,über,über,ADP,mnr,4195,Gewehr
4197,die,der,DET,nk,4196,über
4198,Schulter,Schulter,NOUN,ROOT,4198,Schulter
4199,",",--,PUNCT,punct,4198,Schulter
4200,da,da,SCONJ,mo,4201,seh
4201,seh,seh,VERB,mo,4198,Schulter
4202,ich,ich,PRON,sb,4201,seh
4203,aus,aus,ADP,mo,4201,seh
4204,wie,wie,ADP,cm,4206,Jäger
4205,ein,ein,DET,nk,4206,Jäger
4206,Jäger,Jäger,NOUN,mo,4201,seh
4207,.,--,PUNCT,punct,4198,Schulter
4208,Der,der,DET,nk,4210,Jäger
4209,kleine,klein,ADJ,nk,4210,Jäger
4210,Jäger,Jäger,NOUN,ROOT,4210,Jäger
4211,und,und,CCONJ,cd,4210,Jäger
4212,das,der,DET,nk,4213,Harfenmännlein
4213,Harfenmännlein,Harfenmännlein,NOUN,cj,4211,und
4214,können,können,AUX,ROOT,4214,können
4215,mich,mich,PRON,oa,4216,begleiten
4216,begleiten,begleiten,VERB,oc,4214,können
4217,",",--,PUNCT,punct,4216,begleiten
4218,du,du,PRON,sb,4220,kannst
4219,Christlieb,Christlieb,NOUN,sb,4220,kannst
4220,kannst,kannstn,VERB,oc,4216,begleiten
4221,deine,dein,AUX,nk,4223,Puppe
4222,große,groß,ADJ,nk,4223,Puppe
4223,Puppe,Puppe,NOUN,oa,4220,kannst
4224,und,und,CCONJ,cd,4223,Puppe
4225,das,der,DET,nk,4226,beste
4226,beste,gut,ADJ,cj,4224,und
4227,von,von,ADP,pg,4226,beste
4228,deinen,dein,NOUN,nk,4229,Gerätschaften
4229,Gerätschaften,Gerätschaft,NOUN,oa,4230,mitnehmen
4230,mitnehmen,mitnehmen,VERB,ROOT,4230,mitnehmen
4231,.,--,PUNCT,punct,4230,mitnehmen
4232,Komm,Komm,VERB,sb,4235,komm
4233,nur,nur,ADV,mo,4235,komm
4234,",",--,PUNCT,punct,4235,komm
4235,komm,kommen,VERB,ROOT,4235,komm
4236,!,--,PUNCT,punct,4235,komm
4237,"""",--,PUNCT,ROOT,4237,""""
4238,Christlieb,Christlieb,NOUN,sb,4239,zog
4239,zog,ziehen,VERB,ROOT,4239,zog
4240,hurtig,hurtig,ADV,mo,4239,zog
4241,die,der,DET,ROOT,4241,die
4242,Puppe,Puppe,NOUN,ROOT,4242,Puppe
4243,vollends,vollends,ADV,mo,4242,Puppe
4244,an,an,ADP,svp,4242,Puppe
4245,und,und,CCONJ,cd,4242,Puppe
4246,nun,nun,ADV,mo,4247,liefen
4247,liefen,laufen,VERB,cj,4245,und
4248,beide,beide,DET,nk,4249,Kinder
4249,Kinder,Kind,NOUN,sb,4247,liefen
4250,mit,mit,ADP,mo,4247,liefen
4251,ihren,ihr,DET,nk,4252,Spielsachen
4252,Spielsachen,Spielsachen,NOUN,nk,4250,mit
4253,hinaus,hinaus,ADP,ac,4250,mit
4254,in,in,ADP,mo,4247,liefen
4255,den,der,DET,nk,4256,Wald
4256,Wald,Wald,NOUN,ROOT,4256,Wald
4257,",",--,PUNCT,punct,4256,Wald
4258,wo,wo,SCONJ,mo,4266,lagerten
4259,sie,sie,PRON,sb,4266,lagerten
4260,sich,sich,PRON,oa,4266,lagerten
4261,auf,auf,ADP,mo,4266,lagerten
4262,einem,ein,DET,nk,4265,Plätzchen
4263,schönen,schön,ADJ,nk,4265,Plätzchen
4264,grünen,grün,ADJ,nk,4265,Plätzchen
4265,Plätzchen,Plätzche,NOUN,nk,4261,auf
4266,lagerten,lagerten,VERB,rc,4256,Wald
4267,.,--,PUNCT,punct,4256,Wald
4268,Sie,sie,PRON,sb,4269,hatten
4269,hatten,haben,AUX,ROOT,4269,hatten
4270,eine,ein,DET,nk,4271,Weile
4271,Weile,Weile,NOUN,mo,4272,gespielt
4272,gespielt,spielen,VERB,ROOT,4272,gespielt
4273,und,und,CCONJ,cd,4272,gespielt
4274,Felix,Felix,PROPN,sb,4275,ließ
4275,ließ,lassen,VERB,cj,4273,und
4276,eben,eben,ADV,mo,4275,ließ
4277,das,der,DET,nk,4278,Harfenmännlein
4278,Harfenmännlein,Harfenmännlein,NOUN,oa,4275,ließ
4279,sein,sein,DET,nk,4280,Stückchen
4280,Stückchen,Stückchen,NOUN,oa,4275,ließ
4281,orgeln,orgeln,VERB,ROOT,4281,orgeln
4282,",",--,PUNCT,punct,4281,orgeln
4283,als,als,ADP,cp,4285,anfing
4284,Christlieb,Christlieb,NOUN,sb,4285,anfing
4285,anfing,anfing,VERB,mo,4281,orgeln
4286,:,--,PUNCT,punct,4281,orgeln
4287,"""",--,PUNCT,punct,4288,Weißt
4288,Weißt,weißen,VERB,rs,4281,orgeln
4289,du,du,PRON,sb,4288,Weißt
4290,wohl,wohl,ADV,mo,4288,Weißt
4291,",",--,PUNCT,punct,4288,Weißt
4292,lieber,lieber,ADV,mo,4293,Felix
4293,Felix,Felix,PROPN,cj,4288,Weißt
4294,",",--,PUNCT,punct,4288,Weißt
4295,daß,daß,SCONJ,cp,4296,dein
4296,dein,dein,PROPN,ROOT,4296,dein
4297,Harfenmann,Harfenmann,NOUN,sb,4301,spielt
4298,gar,gar,ADV,mo,4299,nicht
4299,nicht,nicht,PART,ng,4301,spielt
4300,hübsch,hübsch,ADV,mo,4301,spielt
4301,spielt,spielen,VERB,ROOT,4301,spielt
4302,?,--,PUNCT,punct,4301,spielt
4303,Hör,Hör,ADV,mo,4311,häßlich
4304,nur,nur,ADV,mo,4311,häßlich
4305,",",--,PUNCT,punct,4311,häßlich
4306,wie,wie,SCONJ,mo,4309,im
4307,das,der,PRON,nk,4306,wie
4308,hier,hier,ADV,mo,4309,im
4309,im,in,ADP,mo,4311,häßlich
4310,Walde,Walde,NOUN,nk,4309,im
4311,häßlich,häßlich,ADV,ROOT,4311,häßlich
4312,klingt,klingen,VERB,ROOT,4312,klingt
4313,",",--,PUNCT,punct,4312,klingt
4314,das,der,DET,nk,4316,Ting-Ting-Ping-Ping
4315,ewige,ewig,ADJ,nk,4316,Ting-Ting-Ping-Ping
4316,Ting-Ting-Ping-Ping,Ting-Ting-Ping-Ping,NOUN,sb,4312,klingt
4317,",",--,PUNCT,punct,4316,Ting-Ting-Ping-Ping
4318,die,der,DET,nk,4319,Vögel
4319,Vögel,Vogel,NOUN,sb,4320,kucken
4320,kucken,kucken,VERB,oc,4316,Ting-Ting-Ping-Ping
4321,so,so,ADV,mo,4322,neugierig
4322,neugierig,neugierig,ADV,mo,4320,kucken
4323,aus,aus,ADP,mo,4320,kucken
4324,den,der,DET,punct,4312,klingt
4325,Büschen,Büschen,NOUN,sb,4328,glaube
4326,",",--,PUNCT,punct,4328,glaube
4327,ich,ich,PRON,sb,4328,glaube
4328,glaube,glauben,VERB,ROOT,4328,glaube
4329,",",--,PUNCT,punct,4328,glaube
4330,sie,sie,PRON,sb,4331,halten
4331,halten,halten,VERB,oc,4328,glaube
4332,sich,sich,PRON,oa,4331,halten
4333,ordentlich,ordentlich,ADV,mo,4331,halten
4334,auf,auf,ADP,ac,4335,über
4335,über,über,ADP,op,4331,halten
4336,den,der,DET,nk,4337,albernen
4337,albernen,albern,ADJ,nk,4335,über
4338,Musikanten,Musikant,NOUN,ROOT,4338,Musikanten
4339,",",--,PUNCT,punct,4338,Musikanten
4340,der,der,PRON,sb,4346,will
4341,hier,hier,ADV,mo,4346,will
4342,zu,zu,ADP,mo,4345,spielen
4343,ihrem,ihr,DET,nk,4344,Gesange
4344,Gesange,Gesang,NOUN,nk,4342,zu
4345,spielen,spielen,VERB,oc,4346,will
4346,will,wollen,AUX,rc,4338,Musikanten
4347,.,--,PUNCT,punct,4338,Musikanten
4348,"""",--,PUNCT,punct,4338,Musikanten
4349,Felix,Felix,PROPN,sb,4350,drehte
4350,drehte,drehen,VERB,ROOT,4350,drehte
4351,stärker,stark,ADV,mo,4350,drehte
4352,und,und,CCONJ,cd,4351,stärker
4353,stärker,stark,ADV,mo,4354,an
4354,an,an,ADP,ROOT,4354,an
4355,der,der,DET,nk,4356,Schraube
4356,Schraube,Schraube,NOUN,nk,4354,an
4357,und,und,CCONJ,ju,4358,rief
4358,rief,rufen,VERB,ROOT,4358,rief
4359,endlich,endlich,ADV,mo,4358,rief
4360,:,--,PUNCT,punct,4358,rief
4361,"""",--,PUNCT,punct,4363,hast
4362,Du,du,PRON,sb,4363,hast
4363,hast,haben,AUX,ROOT,4363,hast
4364,recht,Recht,ADV,oa,4363,hast
4365,",",--,PUNCT,punct,4364,recht
4366,Christlieb,Christlieb,NOUN,cj,4364,recht
4367,!,--,PUNCT,punct,4363,hast
4368,es,es,PRON,ep,4369,klingt
4369,klingt,klingen,VERB,ROOT,4369,klingt
4370,abscheulich,abscheulich,ADV,re,4378,was
4371,",",--,PUNCT,punct,4370,abscheulich
4372,was,was,PRON,oa,4376,spielt
4373,der,der,DET,nk,4375,Kerl
4374,kleine,klein,ADJ,nk,4375,Kerl
4375,Kerl,Kerl,NOUN,sb,4376,spielt
4376,spielt,spielen,VERB,rc,4370,abscheulich
4377,",",--,PUNCT,punct,4378,was
4378,was,was,PRON,oa,4383,helfen
4379,können,können,AUX,ROOT,4379,können
4380,mir,mir,PRON,da,4383,helfen
4381,seine,sein,DET,nk,4382,Dienerchen
4382,Dienerchen,Dienerchen,NOUN,oa,4383,helfen
4383,helfen,helfen,VERB,oc,4379,können
4384,–,--,PUNCT,punct,4386,schäme
4385,ich,ich,PRON,sb,4386,schäme
4386,schäme,schämen,VERB,ROOT,4386,schäme
4387,mich,mich,PRON,oa,4386,schäme
4388,ordentlich,ordentlich,ADV,mo,4386,schäme
4389,vor,vor,ADP,mo,4386,schäme
4390,dem,der,DET,nk,4391,Finken
4391,Finken,Finken,NOUN,nk,4389,vor
4392,dort,dort,ADV,mo,4386,schäme
4393,drüben,drüben,VERB,oc,4386,schäme
4394,",",--,PUNCT,punct,4386,schäme
4395,der,der,PRON,sb,4386,schäme
4396,mich,mich,PRON,oa,4386,schäme
4397,mit,mit,ADP,mnr,4396,mich
4398,solch,solch,PRON,nk,4397,mit
4399,schlauen,schlau,ADJ,nk,4400,Augen
4400,Augen,Auge,NOUN,da,4401,anblinzelt
4401,anblinzelt,anblinzelt,VERB,ROOT,4401,anblinzelt
4402,.,--,PUNCT,punct,4401,anblinzelt
4403,–,--,PUNCT,punct,4407,soll
4404,Aber,aber,CCONJ,ju,4407,soll
4405,der,der,DET,nk,4406,Kerl
4406,Kerl,Kerl,NOUN,sb,4407,soll
4407,soll,sollen,AUX,ROOT,4407,soll
4408,besser,gut,ADV,mo,4409,spielen
4409,spielen,spielen,VERB,oc,4407,soll
4410,–,--,PUNCT,punct,4411,soll
4411,soll,sollen,AUX,cj,4407,soll
4412,besser,gut,ADV,mo,4411,soll
4413,spielen,spielen,VERB,ROOT,4413,spielen
4414,!,--,PUNCT,punct,4413,spielen
4415,"""",--,PUNCT,punct,4413,spielen
4416,–,--,PUNCT,punct,4419,drehte
4417,Und,und,CCONJ,ju,4419,drehte
4418,damit,damit,ADV,mo,4419,drehte
4419,drehte,drehen,VERB,ROOT,4419,drehte
4420,Felix,Felix,PROPN,sb,4419,drehte
4421,so,so,ADV,mo,4422,stark
4422,stark,stark,ADV,mo,4419,drehte
4423,an,an,ADP,mo,4419,drehte
4424,der,der,DET,nk,4425,Schraube
4425,Schraube,Schraube,NOUN,nk,4423,an
4426,",",--,PUNCT,punct,4425,Schraube
4427,daß,daß,SCONJ,cp,4428,Krack-krack
4428,Krack-krack,Krack-krack,PROPN,app,4425,Schraube
4429,–,--,PUNCT,punct,4419,drehte
4430,der,der,DET,nk,4432,Kasten
4431,ganze,ganz,ADJ,nk,4432,Kasten
4432,Kasten,Kasten,NOUN,sb,4436,zerbrach
4433,in,in,ADP,mnr,4432,Kasten
4434,tausend,tausend,NUM,nk,4435,Stücke
4435,Stücke,Stück,NOUN,nk,4433,in
4436,zerbrach,Zerbrach,ADV,mo,4441,stand
4437,auf,auf,ADP,mo,4436,zerbrach
4438,dem,der,PRON,nk,4437,auf
4439,das,der,DET,nk,4440,Harfenmännlein
4440,Harfenmännlein,Harfenmännlein,NOUN,sb,4441,stand
4441,stand,stehen,VERB,ROOT,4441,stand
4442,und,und,CCONJ,ju,4446,herabfielen
4443,seine,sein,DET,nk,4444,Arme
4444,Arme,Arm,NOUN,oa,4445,zerbröckelt
4445,zerbröckelt,zerbröckeln,VERB,oc,4446,herabfielen
4446,herabfielen,herabfielen,VERB,ROOT,4446,herabfielen
4447,.,--,PUNCT,punct,4446,herabfielen
4448,"""",--,PUNCT,punct,4449,Oh
4449,Oh,Oh,PROPN,oc,4454,rief
4450,–,--,PUNCT,punct,4449,Oh
4451,oh,oh,X,uc,4449,Oh
4452,!,--,PUNCT,punct,4454,rief
4453,"""",--,PUNCT,punct,4449,Oh
4454,rief,rufen,VERB,ROOT,4454,rief
4455,Felix,Felix,PROPN,sb,4454,rief
4456,;,--,PUNCT,punct,4454,rief
4457,"""",--,PUNCT,ROOT,4457,""""
4458,ach,ach,ADP,mo,4459,das
4459,das,der,DET,ROOT,4459,das
4460,Harfenmännlein,Harfenmännlein,NOUN,mo,4463,rief
4461,!,--,PUNCT,punct,4463,rief
4462,"""",--,PUNCT,punct,4463,rief
4463,rief,rufen,VERB,ROOT,4463,rief
4464,Christlieb,Christlieb,PROPN,sb,4463,rief
4465,.,--,PUNCT,punct,4463,rief
4466,Felix,Felix,PROPN,sb,4467,beschaute
4467,beschaute,beschauen,VERB,ROOT,4467,beschaute
4468,einen,ein,DET,nk,4469,Augenblick
4469,Augenblick,Augenblick,NOUN,oa,4467,beschaute
4470,das,der,PRON,oa,4467,beschaute
4471,zerbrochene,zerbrochen,ADJ,nk,4472,Spielwerk
4472,Spielwerk,Spielwerk,NOUN,sb,4474,sprach
4473,",",--,PUNCT,punct,4474,sprach
4474,sprach,sprechen,VERB,ROOT,4474,sprach
4475,dann,dann,ADV,mo,4474,sprach
4476,:,--,PUNCT,punct,4474,sprach
4477,"""",--,PUNCT,punct,4479,war
4478,Es,es,PRON,sb,4479,war
4479,war,sein,AUX,ROOT,4479,war
4480,ein,ein,DET,nk,4483,Kerl
4481,dummer,dumm,ADJ,nk,4483,Kerl
4482,alberner,albern,ADJ,nk,4483,Kerl
4483,Kerl,Kerl,NOUN,pd,4479,war
4484,",",--,PUNCT,punct,4483,Kerl
4485,der,der,PRON,app,4483,Kerl
4486,schlechtes,schlecht,ADJ,nk,4487,Zeug
4487,Zeug,Zeug,NOUN,oa,4488,aufspielte
4488,aufspielte,aufspielten,VERB,ROOT,4488,aufspielte
4489,und,und,CCONJ,cd,4488,aufspielte
4490,Gesichter,Gesicht,NOUN,oa,4493,machte
4491,und,und,CCONJ,cd,4490,Gesichter
4492,Diener,Diener,NOUN,cj,4491,und
4493,machte,machen,VERB,cj,4489,und
4494,",",--,PUNCT,punct,4493,machte
4495,wie,wie,SCONJ,cm,4496,Vetter
4496,Vetter,Vetter,NOUN,mo,4488,aufspielte
4497,Pumphose,Pumphose,NOUN,ROOT,4497,Pumphose
4498,"""",--,PUNCT,punct,4497,Pumphose
4499,",",--,PUNCT,punct,4497,Pumphose
4500,und,und,CCONJ,cd,4497,Pumphose
4501,warf,werfen,VERB,cj,4500,und
4502,den,der,DET,nk,4503,Harfenmann
4503,Harfenmann,Harfenmann,NOUN,oa,4501,warf
4504,weit,weit,ADV,mo,4505,fort
4505,fort,fort,ADV,mo,4501,warf
4506,in,in,ADP,mo,4501,warf
4507,das,der,DET,nk,4509,Gebüsch
4508,tiefste,tief,ADJ,nk,4509,Gebüsch
4509,Gebüsch,Gebüsch,NOUN,nk,4506,in
4510,.,--,PUNCT,punct,4497,Pumphose
4511,"""",--,PUNCT,punct,4513,lob
4512,Da,da,ADV,mo,4513,lob
4513,lob,lob,NOUN,ROOT,4513,lob
4514,ich,ich,PRON,sb,4516,meinen
4515,mir,sich,PRON,da,4516,meinen
4516,meinen,mein,DET,nk,4517,Jägersmann
4517,Jägersmann,Jägersmann,NOUN,mo,4520,sprach
4518,"""",--,PUNCT,punct,4517,Jägersmann
4519,",",--,PUNCT,punct,4520,sprach
4520,sprach,sprechen,VERB,ROOT,4520,sprach
4521,er,er,PRON,sb,4520,sprach
4522,weiter,weiter,ADV,svp,4520,sprach
4523,",",--,PUNCT,punct,4520,sprach
4524,"""",--,PUNCT,punct,4526,schießt
4525,der,der,PRON,sb,4526,schießt
4526,schießt,schießen,VERB,oc,4520,sprach
4527,ein,ein,DET,nk,4528,Mal
4528,Mal,Mal,NOUN,oa,4526,schießt
4529,über,über,ADP,mnr,4528,Mal
4530,das,der,PRON,nk,4529,über
4531,andere,anderer,PRON,ROOT,4531,andere
4532,ins,in,ADP,mnr,4531,andere
4533,Ziel,Ziel,NOUN,nk,4532,ins
4534,.,--,PUNCT,punct,4531,andere
4535,"""",--,PUNCT,punct,4531,andere
4536,Nun,nun,ADV,mo,4537,ließ
4537,ließ,lassen,VERB,ROOT,4537,ließ
4538,Felix,Felix,PROPN,sb,4537,ließ
4539,den,der,DET,nk,4541,Jäger
4540,kleinen,klein,ADJ,nk,4541,Jäger
4541,Jäger,Jäger,NOUN,oa,4543,exerzieren
4542,tüchtig,tüchtig,ADV,mo,4543,exerzieren
4543,exerzieren,exerzieren,VERB,oc,4537,ließ
4544,.,--,PUNCT,punct,4537,ließ
4545,Als,als,SCONJ,ROOT,4545,Als
4546,das,der,PRON,nk,4545,Als
4547,eine,ein,DET,nk,4548,Weile
4548,Weile,Weile,NOUN,mo,4549,gedauert
4549,gedauert,dauern,VERB,mo,4551,fing
4550,",",--,PUNCT,punct,4551,fing
4551,fing,fing,VERB,ROOT,4551,fing
4552,Felix,Felix,PROPN,sb,4551,fing
4553,an,an,ADP,svp,4551,fing
4554,:,--,PUNCT,punct,4551,fing
4555,"""",--,PUNCT,punct,4557,ist's
4556,Dumm,dumm,ADV,sb,4557,ist's
4557,ist's,ist's,VERB,ROOT,4557,ist's
4558,doch,doch,ADV,mo,4557,ist's
4559,",",--,PUNCT,punct,4557,ist's
4560,daß,daß,SCONJ,cp,4563,Kerl
4561,der,der,DET,nk,4563,Kerl
4562,kleine,klein,ADJ,nk,4563,Kerl
4563,Kerl,Kerl,NOUN,sb,4557,ist's
4564,immer,immer,ADV,mo,4557,ist's
4565,nur,nur,ADV,mo,4566,nach
4566,nach,nach,ADP,mo,4569,schießt
4567,dem,der,DET,nk,4568,Ziele
4568,Ziele,Ziel,NOUN,nk,4566,nach
4569,schießt,schießen,VERB,ROOT,4569,schießt
4570,",",--,PUNCT,punct,4569,schießt
4571,welches,welcher,PRON,oa,4569,schießt
4572,",",--,PUNCT,punct,4579,Sache
4573,wie,wie,SCONJ,mo,4575,sagt
4574,Papa,Papa,NOUN,sb,4575,sagt
4575,sagt,sagen,VERB,par,4579,Sache
4576,",",--,PUNCT,punct,4579,Sache
4577,gar,gar,ADV,mo,4578,keine
4578,keine,kein,DET,nk,4579,Sache
4579,Sache,Sache,NOUN,cc,4571,welches
4580,für,für,ADP,mnr,4579,Sache
4581,einen,ein,DET,nk,4580,für
4582,Jägersmann,Jägersmann,NOUN,pd,4583,ist
4583,ist,sein,AUX,ROOT,4583,ist
4584,.,--,PUNCT,punct,4583,ist
4585,Der,der,PRON,sb,4586,muß
4586,muß,müssen,AUX,ROOT,4586,muß
4587,im,in,ADP,mo,4586,muß
4588,Walde,Walde,NOUN,nk,4587,im
4589,schießen,schießen,VERB,oc,4586,muß
4590,nach,nach,ADP,mo,4589,schießen
4591,Hirschen,Hirschen,NOUN,nk,4590,nach
4592,–,--,PUNCT,punct,4591,Hirschen
4593,Rehen,Reh,NOUN,cj,4591,Hirschen
4594,–,--,PUNCT,punct,4591,Hirschen
4595,Hasen,Hase,NOUN,cj,4593,Rehen
4596,–,--,PUNCT,punct,4589,schießen
4597,und,und,CCONJ,cd,4586,muß
4598,sie,sie,PRON,sb,4599,treffen
4599,treffen,treffen,VERB,ROOT,4599,treffen
4600,im,in,ADP,mo,4599,treffen
4601,vollen,voll,ADJ,nk,4602,Lauf
4602,Lauf,Lauf,NOUN,nk,4600,im
4603,.,--,PUNCT,punct,4599,treffen
4604,–,--,PUNCT,punct,4607,soll
4605,Der,der,DET,nk,4606,Kerl
4606,Kerl,Kerl,NOUN,sb,4607,soll
4607,soll,sollen,AUX,ROOT,4607,soll
4608,nicht,nicht,PART,ng,4607,soll
4609,mehr,mehr,ADV,mo,4608,nicht
4610,nach,nach,ADP,mo,4607,soll
4611,dem,der,DET,nk,4612,Ziele
4612,Ziele,Ziel,NOUN,nk,4610,nach
4613,schießen,schießen,VERB,ROOT,4613,schießen
4614,.,--,PUNCT,punct,4613,schießen
4615,"""",--,PUNCT,punct,4613,schießen
4616,Damit,damit,ADV,mo,4617,brach
4617,brach,brechen,VERB,ROOT,4617,brach
4618,Felix,Felix,PROPN,sb,4617,brach
4619,die,der,DET,nk,4620,Zielscheibe
4620,Zielscheibe,Zielscheibe,NOUN,oa,4617,brach
4621,los,los,ADV,svp,4617,brach
4622,",",--,PUNCT,punct,4617,brach
4623,die,der,PRON,sb,4627,angebracht
4624,vor,vor,ADP,mo,4627,angebracht
4625,dem,der,DET,nk,4626,Jäger
4626,Jäger,Jäger,NOUN,nk,4624,vor
4627,angebracht,anbringen,ADV,rc,4619,die
4628,war,sein,AUX,ROOT,4628,war
4629,.,--,PUNCT,punct,4628,war
4630,"""",--,PUNCT,punct,4632,schieß
4631,Nun,nun,ADV,mo,4632,schieß
4632,schieß,schieß,VERB,oc,4637,rief
4633,ins,in,ADP,mo,4632,schieß
4634,Freie,freie,NOUN,nk,4633,ins
4635,"""",--,PUNCT,punct,4632,schieß
4636,",",--,PUNCT,punct,4637,rief
4637,rief,rufen,VERB,ROOT,4637,rief
4638,er,er,PRON,sb,4637,rief
4639,",",--,PUNCT,punct,4637,rief
4640,aber,aber,CCONJ,cd,4637,rief
4641,er,er,PRON,sb,4642,mochte
4642,mochte,mögen,VERB,cj,4640,aber
4643,an,an,ADP,mo,4642,mochte
4644,dem,der,DET,nk,4645,Fädchen
4645,Fädchen,Fädchen,NOUN,nk,4643,an
4646,ziehn,ziehn,NUM,mo,4642,mochte
4647,",",--,PUNCT,punct,4642,mochte
4648,soviel,soviel,PRON,ROOT,4648,soviel
4649,als,als,ADP,cm,4650,er
4650,er,er,PRON,sb,4651,wollte
4651,wollte,wollen,AUX,cc,4648,soviel
4652,",",--,PUNCT,punct,4651,wollte
4653,schlaff,schlaff,ADJ,nk,4654,hingen
4654,hingen,Hing,NOUN,cj,4651,wollte
4655,die,der,DET,nk,4656,Arme
4656,Arme,Arm,NOUN,oa,4654,hingen
4657,des,der,DET,nk,4659,Jägers
4658,kleinen,klein,ADJ,nk,4659,Jägers
4659,Jägers,Jäger,NOUN,ag,4656,Arme
4660,herab,herab,ADV,mo,4651,wollte
4661,.,--,PUNCT,punct,4648,soviel
4662,Er,er,PRON,ROOT,4662,Er
4663,legte,legen,VERB,ROOT,4663,legte
4664,nicht,nicht,PART,ng,4663,legte
4665,mehr,mehr,ADV,mo,4664,nicht
4666,die,der,DET,nk,4667,Büchse
4667,Büchse,Büchse,NOUN,oa,4663,legte
4668,an,an,ADP,svp,4663,legte
4669,",",--,PUNCT,punct,4663,legte
4670,er,er,PRON,sb,4671,schoß
4671,schoß,schoßn,VERB,oc,4663,legte
4672,nicht,nicht,PART,ng,4671,schoß
4673,mehr,mehr,ADV,mo,4672,nicht
4674,los,los,ADV,svp,4671,schoß
4675,.,--,PUNCT,punct,4663,legte
4676,"""",--,PUNCT,punct,4677,Ha
4677,Ha,Ha,X,oc,4681,rief
4678,ha,ha,X,uc,4677,Ha
4679,"""",--,PUNCT,punct,4677,Ha
4680,",",--,PUNCT,punct,4681,rief
4681,rief,rufen,VERB,ROOT,4681,rief
4682,Felix,Felix,PROPN,sb,4681,rief
4683,",",--,PUNCT,punct,4681,rief
4684,"""",--,PUNCT,punct,4687,Ziel
4685,nach,nach,ADP,mo,4694,konntest
4686,dem,der,DET,nk,4687,Ziel
4687,Ziel,Ziel,NOUN,nk,4685,nach
4688,",",--,PUNCT,punct,4687,Ziel
4689,in,in,ADP,app,4687,Ziel
4690,der,der,DET,nk,4691,Stube
4691,Stube,Stube,NOUN,nk,4689,in
4692,",",--,PUNCT,punct,4685,nach
4693,da,da,ADV,mo,4694,konntest
4694,konntest,konntesen,VERB,ROOT,4694,konntest
4695,du,du,PRON,sb,4694,konntest
4696,schießen,schießen,VERB,oc,4694,konntest
4697,",",--,PUNCT,punct,4694,konntest
4698,aber,aber,CCONJ,cd,4694,konntest
4699,im,in,ADP,cj,4698,aber
4700,Walde,Walde,NOUN,nk,4699,im
4701,",",--,PUNCT,punct,4700,Walde
4702,wo,wo,SCONJ,mo,4694,konntest
4703,des,der,DET,nk,4702,wo
4704,Jägers,Jäger,PROPN,ag,4705,heimat
4705,heimat,Heimat,NOUN,pd,4706,ist
4706,ist,sein,AUX,ROOT,4706,ist
4707,",",--,PUNCT,punct,4706,ist
4708,da,da,SCONJ,cp,4709,geht's
4709,geht's,geht's,VERB,mo,4706,ist
4710,nicht,nicht,PART,ng,4709,geht's
4711,.,--,PUNCT,punct,4706,ist
4712,Fürchtest,Fürchtest,X,ROOT,4712,Fürchtest
4713,du,du,PRON,sb,4712,Fürchtest
4714,dich,dich,PRON,mo,4712,Fürchtest
4715,auch,auch,ADV,mo,4712,Fürchtest
4716,wohl,wohl,ADV,mo,4712,Fürchtest
4717,vor,vor,ADP,mo,4712,Fürchtest
4718,Hunden,Hunde,NOUN,nk,4717,vor
4719,und,und,CCONJ,cd,4712,Fürchtest
4720,würdest,würdest,VERB,ROOT,4720,würdest
4721,",",--,PUNCT,punct,4720,würdest
4722,wenn,wenn,SCONJ,cp,4724,käme
4723,einer,einer,PRON,sb,4724,käme
4724,käme,kommen,VERB,mo,4726,davonlaufen
4725,",",--,PUNCT,punct,4724,käme
4726,davonlaufen,davonlaufen,VERB,oc,4720,würdest
4727,mitsamt,mitsamt,ADP,mo,4726,davonlaufen
4728,deiner,dein,DET,nk,4729,Büchse
4729,Büchse,Büchse,NOUN,nk,4727,mitsamt
4730,",",--,PUNCT,punct,4726,davonlaufen
4731,wie,wie,ADP,cm,4732,Vetter
4732,Vetter,Vetter,PROPN,cc,4726,davonlaufen
4733,Pumphose,Pumphose,NOUN,ROOT,4733,Pumphose
4734,mit,mit,ADP,mnr,4733,Pumphose
4735,seinem,sein,DET,nk,4736,Säbel
4736,Säbel,Säbel,NOUN,nk,4734,mit
4737,!,--,PUNCT,punct,4733,Pumphose
4738,–,--,PUNCT,punct,4739,Ei
4739,Ei,Ei,X,ROOT,4739,Ei
4740,du,du,PRON,uc,4739,Ei
4741,einfältiger,einfältig,ADJ,nk,4743,Bursche
4742,nichtsnutziger,nichtsnutzig,ADJ,nk,4743,Bursche
4743,Bursche,Bursche,NOUN,ag,4739,Ei
4744,"""",--,PUNCT,punct,4739,Ei
4745,",",--,PUNCT,punct,4739,Ei
4746,damit,damit,SCONJ,mo,4739,Ei
4747,schleuderte,schleudern,VERB,ROOT,4747,schleuderte
4748,Felix,Felix,PROPN,sb,4747,schleuderte
4749,den,der,DET,nk,4750,Jäger
4750,Jäger,Jäger,NOUN,oa,4747,schleuderte
4751,dem,der,DET,nk,4752,Harfenmännlein
4752,Harfenmännlein,Harfenmännlein,NOUN,nk,4753,nach
4753,nach,nach,ADP,mo,4747,schleuderte
4754,ins,in,ADP,mo,4747,schleuderte
4755,tiefe,tief,ADJ,nk,4756,Gebüsch
4756,Gebüsch,Gebüsch,NOUN,nk,4754,ins
4757,.,--,PUNCT,punct,4747,schleuderte
4758,"""",--,PUNCT,punct,4759,Komm
4759,Komm,Komm,VERB,ROOT,4759,Komm
4760,!,--,PUNCT,punct,4759,Komm
4761,Laß,Laß,PROPN,oc,4768,sprach
4762,uns,uns,PRON,da,4761,Laß
4763,ein,ein,DET,nk,4764,wenig
4764,wenig,wenig,PRON,mo,4765,laufen
4765,laufen,laufen,VERB,oc,4761,Laß
4766,"""",--,PUNCT,punct,4761,Laß
4767,",",--,PUNCT,punct,4768,sprach
4768,sprach,sprechen,VERB,ROOT,4768,sprach
4769,er,er,PRON,sb,4768,sprach
4770,dann,dann,ADV,mo,4768,sprach
4771,zu,zu,ADP,mo,4768,sprach
4772,Christlieb,Christlieb,NOUN,nk,4771,zu
4773,.,--,PUNCT,punct,4768,sprach
4774,"""",--,PUNCT,punct,4778,Felix
4775,Ach,ach,INTJ,nk,4778,Felix
4776,ja,ja,ADV,mo,4777,lieber
4777,lieber,lieb,ADV,mo,4778,Felix
4778,Felix,Felix,PROPN,ROOT,4778,Felix
4779,"""",--,PUNCT,punct,4778,Felix
4780,",",--,PUNCT,punct,4778,Felix
4781,erwiderte,erwidern,VERB,ROOT,4781,erwiderte
4782,diese,dieser,PRON,sb,4781,erwiderte
4783,",",--,PUNCT,punct,4781,erwiderte
4784,"""",--,PUNCT,punct,4788,soll
4785,meine,mein,DET,nk,4787,Puppe
4786,hübsche,hübsch,ADJ,nk,4787,Puppe
4787,Puppe,Puppe,NOUN,sb,4788,soll
4788,soll,sollen,AUX,oc,4781,erwiderte
4789,mitlaufen,mitlaufen,VERB,oc,4788,soll
4790,",",--,PUNCT,punct,4788,soll
4791,daß,daß,SCONJ,cp,4792,wird
4792,wird,werden,AUX,cj,4788,soll
4793,ein,ein,DET,nk,4794,Spaß
4794,Spaß,Spaß,NOUN,sb,4792,wird
4795,sein,sein,AUX,oc,4792,wird
4796,.,--,PUNCT,punct,4781,erwiderte
4797,"""",--,PUNCT,ROOT,4797,""""
4798,Nun,nun,ADV,mo,4799,faßte
4799,faßte,fassen,VERB,ROOT,4799,faßte
4800,jeder,jeder,PRON,sb,4799,faßte
4801,",",--,PUNCT,punct,4800,jeder
4802,Felix,Felix,PROPN,cj,4800,jeder
4803,und,und,CCONJ,cd,4802,Felix
4804,Christlieb,Christlieb,PROPN,cj,4803,und
4805,",",--,PUNCT,punct,4799,faßte
4806,die,der,DET,nk,4807,Puppe
4807,Puppe,Puppe,NOUN,oa,4799,faßte
4808,an,an,ADP,mnr,4807,Puppe
4809,einem,ein,DET,nk,4810,Arm
4810,Arm,Arm,NOUN,nk,4808,an
4811,",",--,PUNCT,punct,4799,faßte
4812,und,und,CCONJ,cd,4799,faßte
4813,so,so,ADV,mo,4814,ging's
4814,ging's,ging's,VERB,cj,4812,und
4815,fort,fort,ADV,mo,4816,in
4816,in,in,ADP,ROOT,4816,in
4817,vollem,voll,ADJ,nk,4818,Lauf
4818,Lauf,Lauf,NOUN,nk,4816,in
4819,durchs,durch,ADP,mnr,4818,Lauf
4820,Gebüsch,Gebüsch,NOUN,nk,4819,durchs
4821,den,der,DET,nk,4822,Hügel
4822,Hügel,Hügel,NOUN,ROOT,4822,Hügel
4823,herab,herab,ADV,mnr,4822,Hügel
4824,",",--,PUNCT,punct,4822,Hügel
4825,und,und,CCONJ,cd,4822,Hügel
4826,fort,fort,ADV,cj,4825,und
4827,und,und,CCONJ,cd,4826,fort
4828,fort,fort,ADV,cj,4827,und
4829,bis,bis,ADP,ac,4830,an
4830,an,an,ADV,ROOT,4830,an
4831,den,der,DET,nk,4836,Teich
4832,mit,mit,ADP,mo,4835,umkränzten
4833,hohem,hoch,ADJ,nk,4834,Schilf
4834,Schilf,Schilf,NOUN,nk,4832,mit
4835,umkränzten,umkränzt,ADJ,nk,4836,Teich
4836,Teich,Teich,NOUN,ROOT,4836,Teich
4837,",",--,PUNCT,punct,4836,Teich
4838,der,der,PRON,app,4836,Teich
4839,noch,noch,ADV,mo,4840,zu
4840,zu,zu,ADP,mnr,4836,Teich
4841,dem,der,DET,nk,4842,Besitztum
4842,Besitztum,Besitztum,NOUN,nk,4840,zu
4843,des,der,DET,nk,4844,Herrn
4844,Herrn,Herr,NOUN,ag,4842,Besitztum
4845,Thaddäus,Thaddäus,PROPN,pnc,4846,von
4846,von,von,ADP,op,4848,gehörte
4847,Brakel,Brakel,PROPN,nk,4846,von
4848,gehörte,gehören,VERB,ROOT,4848,gehörte
4849,und,und,CCONJ,cd,4848,gehörte
4850,wo,wo,SCONJ,mo,4857,pflegte
4851,er,er,PRON,sb,4857,pflegte
4852,zuweilen,zuweilen,ADV,mo,4857,pflegte
4853,wilde,wild,ADJ,nk,4854,Enten
4854,Enten,Ent,NOUN,oa,4856,schießen
4855,zu,zu,PART,pm,4856,schießen
4856,schießen,schießen,VERB,oc,4857,pflegte
4857,pflegte,pflegen,VERB,cj,4849,und
4858,.,--,PUNCT,punct,4848,gehörte
4859,Hier,hier,ADV,mo,4860,standen
4860,standen,stehen,VERB,ROOT,4860,standen
4861,die,der,DET,nk,4862,Kinder
4862,Kinder,Kind,NOUN,sb,4860,standen
4863,still,still,ADV,svp,4860,standen
4864,und,und,CCONJ,cd,4860,standen
4865,Felix,Felix,PROPN,sb,4866,sprach
4866,sprach,sprechen,VERB,cj,4864,und
4867,:,--,PUNCT,punct,4860,standen
4868,"""",--,PUNCT,punct,4869,Laß
4869,Laß,Laß,VERB,par,4862,Kinder
4870,uns,uns,PRON,da,4869,Laß
4871,ein,ein,DET,nk,4872,wenig
4872,wenig,wenig,PRON,mo,4869,Laß
4873,passen,passen,VERB,oc,4860,standen
4874,",",--,PUNCT,punct,4860,standen
4875,ich,ich,PRON,app,4862,Kinder
4876,habe,haben,AUX,ROOT,4876,habe
4877,ja,ja,ADV,mo,4883,weiß
4878,nun,nun,ADV,mo,4876,habe
4879,eine,ein,DET,nk,4880,Flinte
4880,Flinte,Flinte,NOUN,oa,4876,habe
4881,",",--,PUNCT,punct,4876,habe
4882,wer,wer,PRON,sb,4883,weiß
4883,weiß,wissen,VERB,oc,4876,habe
4884,ob,ob,SCONJ,cp,4891,schießen
4885,ich,ich,PRON,sb,4891,schießen
4886,nicht,nicht,PART,ng,4891,schießen
4887,im,in,ADP,mo,4891,schießen
4888,Röhricht,Röhricht,NOUN,nk,4887,im
4889,eine,ein,DET,nk,4890,Ente
4890,Ente,Ente,NOUN,oa,4891,schießen
4891,schießen,schießen,VERB,oc,4883,weiß
4892,kann,können,AUX,ROOT,4892,kann
4893,",",--,PUNCT,punct,4894,so
4894,so,so,ADV,mo,4895,gut
4895,gut,gut,ADV,mo,4892,kann
4896,wie,wie,ADP,cm,4898,Vater
4897,der,der,DET,nk,4898,Vater
4898,Vater,Vater,NOUN,cc,4894,so
4899,.,--,PUNCT,punct,4892,kann
4900,"""",--,PUNCT,punct,4892,kann
4901,In,in,ADP,mo,4904,schrie
4902,dem,der,DET,nk,4903,Augenblick
4903,Augenblick,Augenblick,NOUN,nk,4901,In
4904,schrie,schreien,VERB,ROOT,4904,schrie
4905,aber,aber,ADV,mo,4904,schrie
4906,Christlieb,Christlieb,NOUN,sb,4904,schrie
4907,laut,laut,ADV,mo,4904,schrie
4908,auf,auf,ADP,svp,4904,schrie
4909,:,--,PUNCT,punct,4904,schrie
4910,"""",--,PUNCT,punct,4916,ist
4911,Ach,ach,INTJ,pnc,4913,Puppe
4912,meine,mein,DET,nk,4913,Puppe
4913,Puppe,Puppe,NOUN,sb,4916,ist
4914,",",--,PUNCT,punct,4916,ist
4915,was,was,PRON,sb,4916,ist
4916,ist,sein,AUX,ROOT,4916,ist
4917,aus,aus,ADP,mo,4920,geworden
4918,meiner,mein,DET,nk,4919,Puppe
4919,Puppe,Puppe,NOUN,nk,4917,aus
4920,geworden,werden,AUX,oc,4916,ist
4921,!,--,PUNCT,punct,4916,ist
4922,"""",--,PUNCT,punct,4916,ist
4923,Freilich,freilich,ADV,mo,4924,sah
4924,sah,sehen,VERB,ROOT,4924,sah
4925,das,der,DET,nk,4926,arme
4926,arme,Arm,NOUN,sb,4924,sah
4927,Ding,Ding,NOUN,ROOT,4927,Ding
4928,ganz,ganz,ADV,mo,4929,miserabel
4929,miserabel,miserabel,ADV,mo,4927,Ding
4930,aus,aus,ADP,svp,4927,Ding
4931,.,--,PUNCT,punct,4927,Ding
4932,Weder,weder,CCONJ,cd,4933,Christlieb
4933,Christlieb,Christlieb,NOUN,sb,4936,hatten
4934,noch,noch,CCONJ,cd,4933,Christlieb
4935,Felix,Felix,PROPN,cj,4934,noch
4936,hatten,haben,AUX,ROOT,4936,hatten
4937,im,in,ADP,mo,4936,hatten
4938,Laufen,laufen,NOUN,nk,4937,im
4939,die,der,DET,nk,4940,Puppe
4940,Puppe,Puppe,NOUN,oa,4936,hatten
4941,beachtet,beachten,VERB,ROOT,4941,beachtet
4942,und,und,CCONJ,cd,4941,beachtet
4943,so,so,ADV,mo,4944,war
4944,war,sein,AUX,cj,4942,und
4945,es,es,PRON,sb,4944,war
4946,gekommen,kommen,VERB,oc,4944,war
4947,",",--,PUNCT,punct,4944,war
4948,daß,daß,SCONJ,cp,4955,Kleider
4949,sie,sie,PRON,sb,4955,Kleider
4950,sich,sich,PRON,oa,4955,Kleider
4951,an,an,ADP,mo,4950,sich
4952,dem,der,DET,nk,4953,Gestrüpp
4953,Gestrüpp,Gestrüpp,NOUN,nk,4951,an
4954,die,der,DET,nk,4955,Kleider
4955,Kleider,Kleid,NOUN,dep,4944,war
4956,ganz,ganz,ADV,mo,4941,beachtet
4957,und,und,CCONJ,ROOT,4957,und
4958,gar,gar,ADV,mo,4959,zerrissen
4959,zerrissen,zerrissen,VERB,cj,4957,und
4960,",",--,PUNCT,punct,4959,zerrissen
4961,ja,ja,ADV,mo,4963,Beinchen
4962,beide,beide,PRON,nk,4963,Beinchen
4963,Beinchen,Beinchen,NOUN,oa,4964,gebrochen
4964,gebrochen,brechen,VERB,oc,4965,hatte
4965,hatte,haben,AUX,oc,4959,zerrissen
4966,.,--,PUNCT,ROOT,4966,.
4967,Von,von,ADP,ROOT,4967,Von
4968,dem,der,DET,nk,4969,hübschen
4969,hübschen,hübsch,ADJ,nk,4967,Von
4970,Wachsgesichtchen,wachsgesichtchen,ADV,mo,4971,war
4971,war,sein,AUX,ROOT,4971,war
4972,auch,auch,ADV,mo,4971,war
4973,beinahe,beinahe,ADV,mo,4974,keine
4974,keine,kein,DET,nk,4975,Spur
4975,Spur,Spur,NOUN,pd,4971,war
4976,",",--,PUNCT,punct,4971,war
4977,so,so,ADV,mo,4978,zerfetzt
4978,zerfetzt,zerfetzen,VERB,mo,4971,war
4979,und,und,CCONJ,cd,4978,zerfetzt
4980,häßlich,häßlich,ADV,mo,4981,sah
4981,sah,sehen,VERB,cj,4979,und
4982,es,es,PRON,ep,4981,sah
4983,aus,aus,ADP,ROOT,4983,aus
4984,.,--,PUNCT,ROOT,4984,.
4985,"""",--,PUNCT,punct,4995,klagte
4986,Ach,ach,INTJ,pnc,4988,Puppe
4987,meine,mein,DET,nk,4988,Puppe
4988,Puppe,Puppe,NOUN,sb,4995,klagte
4989,",",--,PUNCT,punct,4988,Puppe
4990,meine,mein,DET,nk,4992,Puppe
4991,schöne,schön,ADJ,nk,4992,Puppe
4992,Puppe,Puppe,NOUN,app,4988,Puppe
4993,!,--,PUNCT,punct,4995,klagte
4994,"""",--,PUNCT,punct,4993,!
4995,klagte,klagen,VERB,ROOT,4995,klagte
4996,Christlieb,Christlieb,NOUN,sb,4995,klagte
4997,.,--,PUNCT,punct,4995,klagte
4998,"""",--,PUNCT,punct,5000,siehst
4999,Da,da,ADV,mo,5000,siehst
5000,siehst,siehst,VERB,ROOT,5000,siehst
5001,du,du,PRON,sb,5000,siehst
5002,nun,nun,ADV,mo,5005,sprach
5003,"""",--,PUNCT,punct,5005,sprach
5004,",",--,PUNCT,punct,5005,sprach
5005,sprach,sprechen,VERB,ROOT,5005,sprach
5006,Felix,Felix,PROPN,sb,5005,sprach
5007,",",--,PUNCT,punct,5005,sprach
5008,"""",--,PUNCT,punct,5005,sprach
5009,was,was,PRON,oa,5005,sprach
5010,für,für,ADP,mnr,5009,was
5011,dumme,dumm,ADJ,nk,5010,für
5012,Dinger,Dinger,ADJ,app,5009,was
5013,uns,uns,PRON,da,5012,Dinger
5014,die,der,DET,nk,5016,Kinder
5015,fremden,fremd,ADJ,nk,5016,Kinder
5016,Kinder,Kind,NOUN,sb,5005,sprach
5017,mitgebracht,mitbringen,VERB,oc,5005,sprach
5018,haben,haben,AUX,ROOT,5018,haben
5019,.,--,PUNCT,punct,5018,haben
5020,Das,der,PRON,sb,5021,ist
5021,ist,sein,AUX,ROOT,5021,ist
5022,ja,ja,ADV,mo,5021,ist
5023,eine,ein,DET,nk,5026,Trine
5024,ungeschickte,ungeschickt,ADJ,nk,5026,Trine
5025,einfältige,einfältig,ADJ,nk,5026,Trine
5026,Trine,Trin,PROPN,pd,5021,ist
5027,",",--,PUNCT,punct,5026,Trine
5028,deine,dein,DET,nk,5029,Puppe
5029,Puppe,Puppe,NOUN,app,5026,Trine
5030,",",--,PUNCT,punct,5029,Puppe
5031,die,der,PRON,par,5026,Trine
5032,nicht,nicht,PART,ng,5021,ist
5033,einmal,einmal,ADV,mo,5036,laufen
5034,mit,mit,ADP,mo,5036,laufen
5035,uns,uns,PRON,nk,5034,mit
5036,laufen,laufen,VERB,oc,5037,kann
5037,kann,können,AUX,ROOT,5037,kann
5038,",",--,PUNCT,punct,5037,kann
5039,ohne,ohne,SCONJ,cp,5044,zerreißen
5040,sich,sich,PRON,oa,5044,zerreißen
5041,gleich,gleich,ADV,mo,5044,zerreißen
5042,alles,alle,PRON,oa,5044,zerreißen
5043,zu,zu,PART,pm,5044,zerreißen
5044,zerreißen,zerreißen,VERB,mo,5036,laufen
5045,und,und,CCONJ,cd,5044,zerreißen
5046,zu,zu,ADP,mo,5037,kann
5047,zerfetzen,zerfetzen,VERB,mo,5049,gib
5048,–,--,PUNCT,punct,5049,gib
5049,gib,gibn,VERB,ROOT,5049,gib
5050,sie,sie,PRON,sb,5049,gib
5051,nur,nur,ADV,mo,5049,gib
5052,her,her,ADV,svp,5049,gib
5053,.,--,PUNCT,punct,5049,gib
5054,"""",--,PUNCT,punct,5049,gib
5055,Christlieb,Christlieb,PROPN,sb,5056,reichte
5056,reichte,reichen,VERB,ROOT,5056,reichte
5057,die,der,DET,nk,5059,Puppe
5058,verunstaltete,verunstaltet,ADJ,nk,5059,Puppe
5059,Puppe,Puppe,NOUN,sb,5056,reichte
5060,traurig,traurig,ADV,ROOT,5060,traurig
5061,dem,der,DET,nk,5062,Bruder
5062,Bruder,Bruder,NOUN,da,5060,traurig
5063,hin,hin,ADV,mnr,5062,Bruder
5064,und,und,CCONJ,cd,5060,traurig
5065,konnte,können,AUX,cj,5064,und
5066,sich,sich,PRON,oa,5065,konnte
5067,eines,ein,DET,nk,5069,Schreies
5068,lauten,laut,ADJ,nk,5069,Schreies
5069,Schreies,Schreie,NOUN,ag,5066,sich
5070,:,--,PUNCT,punct,5065,konnte
5071,"""",--,PUNCT,punct,5073,Ach
5072,Ach,ach,INTJ,nk,5073,Ach
5073,Ach,ach,INTJ,ROOT,5073,Ach
5074,!,--,PUNCT,punct,5073,Ach
5075,"""",--,PUNCT,punct,5073,Ach
5076,nicht,nicht,PART,dep,5073,Ach
5077,enthalten,enthalten,VERB,ROOT,5077,enthalten
5078,",",--,PUNCT,punct,5077,enthalten
5079,als,als,SCONJ,cm,5084,fortschleuderte
5080,er,er,PRON,sb,5084,fortschleuderte
5081,sie,sie,PRON,oa,5084,fortschleuderte
5082,ohne,ohne,ADP,mo,5084,fortschleuderte
5083,weiteres,weit,ADJ,nk,5082,ohne
5084,fortschleuderte,fortschleuderen,VERB,mo,5077,enthalten
5085,in,in,ADP,mo,5084,fortschleuderte
5086,den,der,DET,nk,5087,Teich
5087,Teich,Teich,NOUN,nk,5085,in
5088,.,--,PUNCT,punct,5077,enthalten
5089,"""",--,PUNCT,ROOT,5089,""""
5090,Gräme,Gräme,PROPN,ROOT,5090,Gräme
5091,dich,dich,PRON,sb,5090,Gräme
5092,nur,nur,ADV,mo,5093,nicht
5093,nicht,nicht,PART,ng,5096,tröstete
5094,"""",--,PUNCT,punct,5096,tröstete
5095,",",--,PUNCT,punct,5096,tröstete
5096,tröstete,trösteen,VERB,ROOT,5096,tröstete
5097,Felix,Felix,PROPN,sb,5096,tröstete
5098,die,der,DET,nk,5099,Schwester
5099,Schwester,Schwester,NOUN,oa,5096,tröstete
5100,",",--,PUNCT,punct,5096,tröstete
5101,"""",--,PUNCT,punct,5102,gräme
5102,gräme,gräme,VERB,oc,5096,tröstete
5103,dich,dich,PRON,oa,5102,gräme
5104,nur,nur,ADV,mo,5105,ja
5105,ja,ja,ADV,mo,5102,gräme
5106,nicht,nicht,PART,ng,5108,das
5107,um,um,ADP,op,5102,gräme
5108,das,der,DET,nk,5107,um
5109,alberne,albern,ADJ,nk,5110,Ding
5110,Ding,Ding,NOUN,sb,5112,schieße
5111,",",--,PUNCT,punct,5112,schieße
5112,schieße,schieße,VERB,re,5117,so
5113,ich,ich,PRON,sb,5112,schieße
5114,eine,ein,DET,nk,5115,Ente
5115,Ente,Ente,NOUN,oa,5112,schieße
5116,",",--,PUNCT,punct,5117,so
5117,so,so,ADV,mo,5118,sollst
5118,sollst,sollen,AUX,ROOT,5118,sollst
5119,du,du,PRON,sb,5118,sollst
5120,die,der,DET,nk,5122,Federn
5121,schönsten,schön,ADJ,nk,5122,Federn
5122,Federn,Feder,NOUN,oa,5118,sollst
5123,bekommen,bekommen,VERB,ROOT,5123,bekommen
5124,",",--,PUNCT,punct,5123,bekommen
5125,die,der,PRON,sb,5133,wollen
5126,sich,sich,PRON,oa,5132,finden
5127,nur,nur,ADV,mo,5128,in
5128,in,in,ADP,mo,5132,finden
5129,den,der,DET,nk,5131,Flügeln
5130,bunten,bunt,ADJ,nk,5131,Flügeln
5131,Flügeln,Flügel,NOUN,nk,5128,in
5132,finden,finden,VERB,oc,5133,wollen
5133,wollen,wollen,AUX,rc,5123,bekommen
5134,.,--,PUNCT,punct,5123,bekommen
5135,"""",--,PUNCT,punct,5132,finden
5136,Es,es,PRON,sb,5137,rauschte
5137,rauschte,rauschen,VERB,ROOT,5137,rauschte
5138,im,in,ADP,mo,5137,rauschte
5139,Röhricht,Röhricht,NOUN,sb,5142,legte
5140,",",--,PUNCT,punct,5141,da
5141,da,da,ADV,mo,5142,legte
5142,legte,legen,VERB,ROOT,5142,legte
5143,stracks,stracks,ADV,mo,5142,legte
5144,Felix,Felix,PROPN,sb,5142,legte
5145,seine,sein,DET,nk,5147,Flinte
5146,hölzerne,hölzern,ADJ,nk,5147,Flinte
5147,Flinte,Flinte,NOUN,oa,5142,legte
5148,an,an,ADP,svp,5142,legte
5149,",",--,PUNCT,punct,5142,legte
5150,setzte,setzen,VERB,cj,5142,legte
5151,sie,sie,PRON,oa,5150,setzte
5152,aber,aber,ADV,mo,5150,setzte
5153,in,in,ADP,mo,5150,setzte
5154,demselben,derselbe,DET,nk,5155,Augenblick
5155,Augenblick,Augenblick,NOUN,ROOT,5155,Augenblick
5156,wieder,wieder,ADV,mo,5155,Augenblick
5157,ab,ab,ADP,svp,5155,Augenblick
5158,",",--,PUNCT,punct,5155,Augenblick
5159,und,und,CCONJ,cd,5155,Augenblick
5160,schaute,schaun,VERB,cj,5159,und
5161,nachdenklich,nachdenklich,ADV,mo,5160,schaute
5162,vor,vor,ADP,mo,5160,schaute
5163,sich,sich,PRON,nk,5162,vor
5164,hin,hin,ADV,svp,5160,schaute
5165,.,--,PUNCT,punct,5155,Augenblick
5166,"""",--,PUNCT,punct,5167,Bin
5167,Bin,Bin,AUX,ROOT,5167,Bin
5168,ich,ich,PRON,sb,5167,Bin
5169,nicht,nicht,PART,ng,5170,auch
5170,auch,auch,ADV,mo,5174,Junge
5171,selbst,selbst,ADV,mo,5170,auch
5172,ein,ein,DET,nk,5174,Junge
5173,törichter,töricht,ADJ,nk,5174,Junge
5174,Junge,Junge,NOUN,oa,5177,fing
5175,"""",--,PUNCT,punct,5177,fing
5176,",",--,PUNCT,punct,5177,fing
5177,fing,fing,VERB,ROOT,5177,fing
5178,er,er,PRON,sb,5177,fing
5179,dann,dann,ADV,mo,5177,fing
5180,leise,leise,ADV,mo,5177,fing
5181,an,an,ADP,svp,5177,fing
5182,",",--,PUNCT,punct,5177,fing
5183,"""",--,PUNCT,punct,5184,gehört
5184,gehört,gehören,VERB,mo,5177,fing
5185,denn,denn,ADV,mo,5184,gehört
5186,nicht,nicht,PART,ng,5188,Schießen
5187,zum,zu,ADP,ROOT,5187,zum
5188,Schießen,schießen,NOUN,nk,5187,zum
5189,Pulver,Pulver,NOUN,nk,5188,Schießen
5190,und,und,CCONJ,cd,5189,Pulver
5191,Blei,Blei,NOUN,cj,5190,und
5192,und,und,CCONJ,cd,5187,zum
5193,habe,haben,VERB,cj,5192,und
5194,ich,ich,PRON,sb,5193,habe
5195,denn,denn,ADV,mo,5196,beides
5196,beides,beider,PRON,oc,5193,habe
5197,?,--,PUNCT,punct,5199,Kann
5198,–,--,PUNCT,punct,5199,Kann
5199,Kann,können,AUX,ROOT,5199,Kann
5200,ich,ich,PRON,sb,5199,Kann
5201,denn,denn,ADV,mo,5199,Kann
5202,wohl,wohl,ADV,mo,5209,laden
5203,auch,auch,ADV,mo,5204,Pulver
5204,Pulver,Pulver,NOUN,oa,5209,laden
5205,in,in,ADP,mo,5209,laden
5206,eine,ein,DET,nk,5208,Flinte
5207,hölzerne,hölzern,ADJ,nk,5208,Flinte
5208,Flinte,Flinte,NOUN,nk,5205,in
5209,laden,laden,VERB,ROOT,5209,laden
5210,?,--,PUNCT,punct,5209,laden
5211,–,--,PUNCT,punct,5213,ist
5212,Wozu,wozu,ADV,mo,5213,ist
5213,ist,sein,AUX,ROOT,5213,ist
5214,überhaupt,überhaupt,ADV,mo,5213,ist
5215,das,der,DET,sb,5213,ist
5216,dumme,dummen,VERB,pd,5213,ist
5217,hölzerne,hölzern,ADJ,nk,5218,Ding
5218,Ding,Ding,NOUN,ROOT,5218,Ding
5219,?,--,PUNCT,punct,5218,Ding
5220,–,--,PUNCT,punct,5221,Und
5221,Und,und,CCONJ,ROOT,5221,Und
5222,der,der,DET,nk,5223,Hirschfänger
5223,Hirschfänger,Hirschfänger,NOUN,cj,5221,Und
5224,?,--,PUNCT,punct,5221,Und
5225,–,--,PUNCT,punct,5232,schneidet
5226,Auch,auch,ADV,mo,5227,von
5227,von,von,ADP,pg,5225,–
5228,Holz,Holz,NOUN,nk,5227,von
5229,!,--,PUNCT,punct,5225,–
5230,–,--,PUNCT,punct,5232,schneidet
5231,der,der,DET,nk,5232,schneidet
5232,schneidet,schneiden,VERB,ROOT,5232,schneidet
5233,und,und,CCONJ,cd,5232,schneidet
5234,sticht,stechen,VERB,ROOT,5234,sticht
5235,nicht,nicht,PART,ng,5234,sticht
5236,–,--,PUNCT,punct,5234,sticht
5237,des,der,DET,nk,5238,Vetters
5238,Vetters,Vetter,NOUN,sb,5240,war
5239,Säbel,Säbel,NOUN,nk,5238,Vetters
5240,war,sein,AUX,cj,5234,sticht
5241,gewiß,gewiß,ADV,mo,5240,war
5242,auch,auch,ADV,mo,5243,von
5243,von,von,ADP,mo,5240,war
5244,Holz,Holz,NOUN,nk,5243,von
5245,",",--,PUNCT,punct,5240,war
5246,deshalb,deshalb,ADV,mo,5247,mochte
5247,mochte,mögen,VERB,cj,5240,war
5248,er,er,PRON,sb,5247,mochte
5249,ihn,ihn,PRON,oa,5247,mochte
5250,nicht,nicht,PART,ng,5251,ausziehn
5251,ausziehn,ausziehn,NUM,mo,5258,fürchtete
5252,als,als,SCONJ,cp,5258,fürchtete
5253,er,er,PRON,sb,5258,fürchtete
5254,sich,sich,PRON,oa,5258,fürchtete
5255,vor,vor,ADP,mo,5258,fürchtete
5256,dem,der,DET,nk,5257,Sultan
5257,Sultan,Sultan,PROPN,nk,5255,vor
5258,fürchtete,fürchten,VERB,ROOT,5258,fürchtete
5259,.,--,PUNCT,punct,5258,fürchtete
5260,Ich,ich,PRON,sb,5261,merke
5261,merke,merken,VERB,ROOT,5261,merke
5262,schon,schon,ADV,mo,5261,merke
5263,",",--,PUNCT,punct,5261,merke
5264,Vetter,Vetter,NOUN,oa,5261,merke
5265,Pumphose,Pumphose,NOUN,sb,5266,hat
5266,hat,haben,AUX,ROOT,5266,hat
5267,mich,mich,PRON,oa,5271,gehabt
5268,nur,nur,ADV,mo,5269,zum
5269,zum,zu,PART,mo,5271,gehabt
5270,besten,gut,ADV,nk,5269,zum
5271,gehabt,haben,VERB,oc,5266,hat
5272,mit,mit,ADP,mo,5271,gehabt
5273,seinen,sein,DET,nk,5274,Spielsachen
5274,Spielsachen,Spielsachen,NOUN,nk,5272,mit
5275,die,der,PRON,nk,5276,was
5276,was,was,PRON,sb,5266,hat
5277,vorstellen,vorstellen,VERB,oc,5278,wollen
5278,wollen,wollen,AUX,ROOT,5278,wollen
5279,und,und,CCONJ,cd,5278,wollen
5280,nichtsnütziges,nichtsnützig,ADJ,nk,5281,Zeug
5281,Zeug,Zeug,NOUN,pd,5282,sind
5282,sind,sein,AUX,cj,5279,und
5283,.,--,PUNCT,punct,5278,wollen
5284,"""",--,PUNCT,punct,5278,wollen
5285,Damit,damit,ADV,mo,5286,schleuderte
5286,schleuderte,schleudern,VERB,ROOT,5286,schleuderte
5287,Felix,Felix,PROPN,sb,5286,schleuderte
5288,Flinte,Flinter,NOUN,ROOT,5288,Flinte
5289,",",--,PUNCT,punct,5288,Flinte
5290,Hirschfänger,Hirschfänger,NOUN,cj,5288,Flinte
5291,und,und,CCONJ,cd,5290,Hirschfänger
5292,zuletzt,zuletzt,ADV,mo,5295,Patrontasche
5293,noch,noch,ADV,mo,5295,Patrontasche
5294,die,der,DET,nk,5295,Patrontasche
5295,Patrontasche,patrontasch,NOUN,cj,5291,und
5296,in,in,ADP,mnr,5295,Patrontasche
5297,den,der,DET,nk,5298,Teich
5298,Teich,Teich,NOUN,nk,5296,in
5299,.,--,PUNCT,punct,5288,Flinte
5300,Christlieb,Christlieb,NOUN,ROOT,5300,Christlieb
5301,war,sein,AUX,ROOT,5301,war
5302,doch,doch,ADV,mo,5303,betrübt
5303,betrübt,betrüben,VERB,pd,5301,war
5304,über,über,ADP,op,5303,betrübt
5305,den,der,DET,nk,5306,Verlust
5306,Verlust,Verlust,NOUN,nk,5304,über
5307,der,der,DET,nk,5308,Puppe
5308,Puppe,Puppe,NOUN,ag,5306,Verlust
5309,",",--,PUNCT,punct,5301,war
5310,und,und,CCONJ,cd,5301,war
5311,auch,auch,ADV,mo,5312,Felix
5312,Felix,Felix,PROPN,sb,5313,konnte
5313,konnte,können,AUX,cj,5310,und
5314,sich,sich,PRON,oa,5315,des
5315,des,der,DET,oc,5313,konnte
5316,Unmuts,Unmuts,NOUN,sb,5318,erwehren
5317,nicht,nicht,PART,ng,5318,erwehren
5318,erwehren,erwehren,VERB,ROOT,5318,erwehren
5319,.,--,PUNCT,punct,5318,erwehren
5320,So,so,ADV,mo,5321,schlichen
5321,schlichen,schlichen,VERB,ROOT,5321,schlichen
5322,sie,sie,PRON,sb,5321,schlichen
5323,nach,nach,ADP,mo,5321,schlichen
5324,Hause,Haus,NOUN,nk,5323,nach
5325,",",--,PUNCT,punct,5321,schlichen
5326,und,und,CCONJ,cd,5321,schlichen
5327,als,als,SCONJ,cp,5330,frug
5328,die,der,DET,nk,5329,Mutter
5329,Mutter,Mutter,NOUN,sb,5330,frug
5330,frug,fragen,VERB,cj,5326,und
5331,:,--,PUNCT,punct,5321,schlichen
5332,"""",--,PUNCT,punct,5335,habt
5333,Kinder,Kind,NOUN,sb,5335,habt
5334,wo,wo,SCONJ,mo,5335,habt
5335,habt,haben,AUX,oc,5341,erzählte
5336,ihr,ihr,PRON,sb,5335,habt
5337,eure,eur,ADJ,nk,5338,Spielsachen
5338,Spielsachen,Spielsachen,NOUN,sb,5335,habt
5339,"""",--,PUNCT,punct,5335,habt
5340,",",--,PUNCT,punct,5341,erzählte
5341,erzählte,erzählen,VERB,ROOT,5341,erzählte
5342,Felix,Felix,PROPN,sb,5341,erzählte
5343,ganz,ganz,ADV,mo,5344,treuherzig
5344,treuherzig,treuherzig,ADV,mo,5341,erzählte
5345,",",--,PUNCT,punct,5341,erzählte
5346,wie,wie,ADV,dep,5341,erzählte
5347,schlimm,schlimm,ADV,ROOT,5347,schlimm
5348,er,er,PRON,sb,5347,schlimm
5349,mit,mit,ADP,mo,5347,schlimm
5350,dem,der,DET,nk,5351,Jäger
5351,Jäger,Jäger,NOUN,nk,5349,mit
5352,",",--,PUNCT,punct,5347,schlimm
5353,mit,mit,ADP,mo,5347,schlimm
5354,dem,der,DET,nk,5355,Harfenmännlein
5355,Harfenmännlein,Harfenmännlein,NOUN,nk,5353,mit
5356,",",--,PUNCT,punct,5353,mit
5357,mit,mit,ADP,cj,5353,mit
5358,Flinte,Flinte,NOUN,nk,5357,mit
5359,",",--,PUNCT,punct,5358,Flinte
5360,Hirschfänger,Hirschfänger,NOUN,cj,5358,Flinte
5361,und,und,CCONJ,cd,5357,mit
5362,Patrontasche,Patrontasche,ADJ,ROOT,5362,Patrontasche
5363,",",--,PUNCT,punct,5362,Patrontasche
5364,wie,wie,ADV,mo,5365,schlimm
5365,schlimm,schlimm,ADV,mo,5362,Patrontasche
5366,Christlieb,Christlieb,NOUN,mo,5365,schlimm
5367,mit,mit,ADP,mo,5370,angeführt
5368,der,der,DET,nk,5369,Puppe
5369,Puppe,Puppe,NOUN,nk,5367,mit
5370,angeführt,anführen,VERB,oc,5371,worden
5371,worden,werden,AUX,oc,5362,Patrontasche
5372,.,--,PUNCT,punct,5362,Patrontasche
5373,"""",--,PUNCT,punct,5374,Ach
5374,Ach,ach,INTJ,ROOT,5374,Ach
5375,"""",--,PUNCT,punct,5374,Ach
5376,",",--,PUNCT,punct,5374,Ach
5377,rief,rufen,VERB,ROOT,5377,rief
5378,die,der,DET,nk,5379,Frau
5379,Frau,Frau,NOUN,sb,5377,rief
5380,von,von,ADP,pg,5379,Frau
5381,Brakel,Brakel,PROPN,nk,5380,von
5382,halb,halb,ADV,mo,5383,erzürnt
5383,erzürnt,erzürnen,VERB,oc,5377,rief
5384,",",--,PUNCT,punct,5383,erzürnt
5385,"""",--,PUNCT,punct,5388,Kinder
5386,ihr,ihr,DET,nk,5388,Kinder
5387,einfältigen,einfältig,ADJ,nk,5388,Kinder
5388,Kinder,Kind,NOUN,oa,5377,rief
5389,",",--,PUNCT,punct,5388,Kinder
5390,ihr,ihr,DET,sb,5391,wißt
5391,wißt,wissen,VERB,cj,5388,Kinder
5392,nur,nur,ADV,mo,5391,wißt
5393,nicht,nicht,PART,ng,5399,umzugehen
5394,mit,mit,ADP,op,5399,umzugehen
5395,den,der,DET,nk,5398,Sachen
5396,schönen,schön,ADJ,nk,5398,Sachen
5397,zierlichen,zierlich,ADJ,nk,5398,Sachen
5398,Sachen,Sache,NOUN,nk,5394,mit
5399,umzugehen,umgehen,VERB,ROOT,5399,umzugehen
5400,.,--,PUNCT,punct,5399,umzugehen
5401,"""",--,PUNCT,punct,5399,umzugehen
5402,Der,der,DET,nk,5403,Herr
5403,Herr,Herr,NOUN,ROOT,5403,Herr
5404,Thaddäus,Thaddäus,PROPN,nk,5403,Herr
5405,von,von,PROPN,mnr,5403,Herr
5406,Brakel,Brakel,NOUN,ROOT,5406,Brakel
5407,",",--,PUNCT,punct,5406,Brakel
5408,der,der,PRON,sb,5415,hatte
5409,Felixens,Felixen,PROPN,ag,5410,Erzählung
5410,Erzählung,Erzählung,NOUN,oa,5414,angehört
5411,mit,mit,ADP,mo,5414,angehört
5412,sichtbarem,Sichtbarem,DET,nk,5413,Wohlgefallen
5413,Wohlgefallen,Wohlgefallen,NOUN,nk,5411,mit
5414,angehört,angehören,VERB,oc,5415,hatte
5415,hatte,haben,AUX,rc,5406,Brakel
5416,",",--,PUNCT,punct,5406,Brakel
5417,sprach,sprechen,VERB,ROOT,5417,sprach
5418,aber,aber,ADV,mo,5417,sprach
5419,:,--,PUNCT,punct,5417,sprach
5420,"""",--,PUNCT,punct,5421,Lasse
5421,Lasse,Lasse,NOUN,oc,5417,sprach
5422,die,der,DET,nk,5423,Kinder
5423,Kinder,Kind,NOUN,oa,5425,gewähren
5424,nur,nur,ADV,mo,5425,gewähren
5425,gewähren,gewähren,VERB,oc,5421,Lasse
5426,",",--,PUNCT,punct,5425,gewähren
5427,im,in,ADP,mo,5429,genommen
5428,Grunde,Grund,NOUN,nk,5427,im
5429,genommen,nehmen,VERB,mo,5417,sprach
5430,ist's,ist's,NOUN,sb,5429,genommen
5431,mir,mir,PRON,da,5417,sprach
5432,recht,Recht,NOUN,oa,5417,sprach
5433,lieb,leiben,VERB,ROOT,5433,lieb
5434,",",--,PUNCT,punct,5433,lieb
5435,daß,daß,SCONJ,cp,5443,verwirrten
5436,sie,sie,PRON,sb,5443,verwirrten
5437,die,der,DET,nk,5439,Spielsachen
5438,fremdartigen,fremdartig,ADJ,nk,5439,Spielsachen
5439,Spielsachen,Spielsachen,NOUN,oa,5443,verwirrten
5440,die,der,PRON,nk,5441,sie
5441,sie,sie,PRON,sb,5443,verwirrten
5442,nur,nur,ADV,mo,5443,verwirrten
5443,verwirrten,verwirrten,ADJ,oc,5433,lieb
5444,und,und,CCONJ,cd,5443,verwirrten
5445,beängsteten,beängsteten,VERB,pd,5448,sind
5446,",",--,PUNCT,punct,5448,sind
5447,los,los,ADV,mo,5448,sind
5448,sind,sein,AUX,ROOT,5448,sind
5449,.,--,PUNCT,punct,5448,sind
5450,"""",--,PUNCT,punct,5448,sind
5451,Weder,weder,CCONJ,cd,5453,Frau
5452,die,der,DET,nk,5453,Frau
5453,Frau,Frau,NOUN,sb,5459,wußten
5454,von,von,ADP,pg,5453,Frau
5455,Brakel,Brakel,PROPN,nk,5454,von
5456,noch,noch,CCONJ,mo,5459,wußten
5457,die,der,DET,nk,5458,Kinder
5458,Kinder,Kind,NOUN,cj,5456,noch
5459,wußten,wissen,VERB,ROOT,5459,wußten
5460,",",--,PUNCT,punct,5459,wußten
5461,was,wer,PRON,ROOT,5461,was
5462,der,der,DET,nk,5463,Herr
5463,Herr,Herr,NOUN,sb,5471,wollte
5464,von,von,ADP,pg,5463,Herr
5465,Brakel,Brakel,PROPN,nk,5464,von
5466,mit,mit,ADP,mo,5471,wollte
5467,diesen,dieser,DET,nk,5468,Worten
5468,Worten,Wort,NOUN,nk,5466,mit
5469,eigentlich,eigentlich,ADV,mo,5471,wollte
5470,sagen,sagen,VERB,oc,5471,wollte
5471,wollte,wollen,AUX,ROOT,5471,wollte
5472,.,--,PUNCT,punct,5471,wollte
5473,Das,der,DET,nk,5475,Kind
5474,fremde,fremd,ADJ,nk,5475,Kind
5475,Kind,Kind,NOUN,ROOT,5475,Kind
5476,Felix,Felix,PROPN,sb,5479,waren
5477,und,und,CCONJ,cd,5476,Felix
5478,Christlieb,Christlieb,NOUN,cj,5477,und
5479,waren,sein,AUX,ROOT,5479,waren
5480,in,in,ADP,mo,5486,gelaufen
5481,aller,aller,DET,nk,5482,Frühe
5482,Frühe,Frühe,NOUN,nk,5480,in
5483,nach,nach,ADP,mo,5486,gelaufen
5484,dem,der,DET,nk,5485,Walde
5485,Walde,Walde,NOUN,nk,5483,nach
5486,gelaufen,laufen,VERB,oc,5479,waren
5487,.,--,PUNCT,punct,5479,waren
5488,Die,der,DET,nk,5489,Mutter
5489,Mutter,Mutter,NOUN,ROOT,5489,Mutter
5490,hatte,haben,AUX,ROOT,5490,hatte
5491,es,es,PRON,ep,5490,hatte
5492,ihnen,ihnen,PRON,da,5493,eingeschärft
5493,eingeschärft,eingeschärft,VERB,oc,5490,hatte
5494,ja,ja,ADV,mo,5493,eingeschärft
5495,recht,Recht,NOUN,mo,5496,bald
5496,bald,bald,ADV,mo,5497,wiederzukommen
5497,wiederzukommen,wiederzukommen,VERB,oc,5493,eingeschärft
5498,",",--,PUNCT,punct,5493,eingeschärft
5499,weil,weil,SCONJ,ROOT,5499,weil
5500,sie,sie,PRON,sb,5499,weil
5501,nun,nun,ADV,mo,5500,sie
5502,viel,viel,ADV,mo,5501,nun
5503,mehr,mehr,ADV,mo,5507,sitzen
5504,in,in,ADP,mo,5507,sitzen
5505,der,der,DET,nk,5506,Stube
5506,Stube,Stube,NOUN,nk,5504,in
5507,sitzen,sitzen,VERB,ROOT,5507,sitzen
5508,",",--,PUNCT,punct,5507,sitzen
5509,und,und,CCONJ,cd,5507,sitzen
5510,viel,viel,ADV,mo,5511,mehr
5511,mehr,mehr,PRON,oa,5512,schreiben
5512,schreiben,schreiben,VERB,oc,5515,müßten
5513,und,und,CCONJ,cd,5512,schreiben
5514,lesen,lesen,VERB,cj,5513,und
5515,müßten,müssen,AUX,cj,5509,und
5516,als,als,ADP,cm,5517,sonst
5517,sonst,sonst,ADV,cc,5510,viel
5518,",",--,PUNCT,punct,5515,müßten
5519,damit,damit,SCONJ,cp,5527,brauchten
5520,sie,sie,PRON,sb,5527,brauchten
5521,sich,sich,PRON,oa,5526,schämen
5522,nicht,nicht,PART,ng,5526,schämen
5523,gar,gar,ADV,mo,5526,schämen
5524,zu,zu,PART,mo,5525,sehr
5525,sehr,sehr,ADV,mo,5526,schämen
5526,schämen,schämen,VERB,oc,5527,brauchten
5527,brauchten,brauchen,VERB,ROOT,5527,brauchten
5528,vor,vor,ADP,mo,5526,schämen
5529,dem,der,DET,nk,5530,Hofmeister
5530,Hofmeister,Hofmeister,NOUN,nk,5528,vor
5531,der,der,DET,dep,5527,brauchten
5532,nun,nun,ADV,mo,5531,der
5533,nächstens,nächstens,ADV,mo,5534,kommen
5534,kommen,kommen,VERB,oc,5535,werde
5535,werde,werden,AUX,oc,5538,sprach
5536,",",--,PUNCT,punct,5537,deshalb
5537,deshalb,deshalb,ADV,mo,5538,sprach
5538,sprach,sprechen,VERB,ROOT,5538,sprach
5539,Felix,Felix,PROPN,sb,5538,sprach
5540,:,--,PUNCT,punct,5538,sprach
5541,"""",--,PUNCT,punct,5542,Laß
5542,Laß,Laß,VERB,oc,5538,sprach
5543,uns,uns,PRON,da,5542,Laß
5544,nun,nun,ADV,mo,5542,Laß
5545,das,der,DET,nk,5546,Stündchen
5546,Stündchen,Stündchen,NOUN,oa,5542,Laß
5547,über,über,ADP,svp,5542,Laß
5548,",",--,PUNCT,punct,5538,sprach
5549,das,der,PRON,oa,5552,bleiben
5550,wir,wir,PRON,sb,5553,dürfen
5551,draußen,draußen,ADV,mo,5552,bleiben
5552,bleiben,bleiben,VERB,oc,5553,dürfen
5553,dürfen,dürfen,AUX,ROOT,5553,dürfen
5554,",",--,PUNCT,punct,5553,dürfen
5555,recht,recht,ADV,mo,5557,springen
5556,tüchtig,tüchtig,ADV,mo,5557,springen
5557,springen,springen,VERB,cj,5553,dürfen
5558,und,und,CCONJ,cd,5557,springen
5559,laufen,laufen,VERB,cj,5558,und
5560,!,--,PUNCT,punct,5553,dürfen
5561,"""",--,PUNCT,punct,5553,dürfen
5562,Sie,sie,PRON,ROOT,5562,Sie
5563,begannen,beginnen,VERB,ROOT,5563,begannen
5564,auch,auch,ADV,mo,5563,begannen
5565,gleich,gleich,ADV,mo,5571,herumzujagen
5566,sich,sich,PRON,oa,5571,herumzujagen
5567,als,als,ADP,mo,5571,herumzujagen
5568,Hund,Hund,NOUN,nk,5567,als
5569,und,und,CCONJ,cd,5568,Hund
5570,Häschen,Häschen,NOUN,cj,5569,und
5571,herumzujagen,herumzujagen,VERB,oc,5563,begannen
5572,",",--,PUNCT,punct,5563,begannen
5573,aber,aber,CCONJ,cd,5563,begannen
5574,so,so,ADV,mo,5573,aber
5575,wie,wie,ADP,cm,5576,dieses
5576,dieses,dieser,PRON,cc,5574,so
5577,Spiel,Spiel,NOUN,oa,5579,erregten
5578,",",--,PUNCT,punct,5579,erregten
5579,erregten,erregn,VERB,ROOT,5579,erregten
5580,auch,auch,ADV,mo,5583,Spiele
5581,alle,aller,DET,nk,5583,Spiele
5582,übrigen,übrig,ADJ,nk,5583,Spiele
5583,Spiele,Spiel,NOUN,sb,5579,erregten
5584,die,der,DET,nk,5586,anfingen
5585,sie,sie,PRON,sb,5586,anfingen
5586,anfingen,anfinger,VERB,oa,5579,erregten
5587,nach,nach,ADP,mo,5586,anfingen
5588,wenigen,weniger,DET,nk,5589,Sekunden
5589,Sekunden,Sekunde,NOUN,nk,5587,nach
5590,ihnen,ihnen,PRON,da,5592,Überdruß
5591,nur,nur,ADV,mo,5592,Überdruß
5592,Überdruß,Überdruß,NOUN,ROOT,5592,Überdruß
5593,und,und,CCONJ,cd,5592,Überdruß
5594,Langeweile,Langeweile,NOUN,cj,5593,und
5595,.,--,PUNCT,punct,5592,Überdruß
5596,Sie,sie,PRON,sb,5597,wußten
5597,wußten,wissen,VERB,ROOT,5597,wußten
5598,selbst,selbst,ADV,mo,5597,wußten
5599,gar,gar,ADV,mo,5600,nicht
5600,nicht,nicht,PART,ng,5597,wußten
5601,wie,wie,SCONJ,cm,5602,es
5602,es,es,PRON,mo,5597,wußten
5603,denn,denn,ADV,mo,5597,wußten
5604,nur,nur,ADV,mo,5597,wußten
5605,kam,kommen,VERB,ROOT,5605,kam
5606,",",--,PUNCT,punct,5605,kam
5607,daß,daß,SCONJ,cp,5615,mußte
5608,ihnen,ihnen,PRON,da,5614,geschehen
5609,gerade,gerade,ADV,mo,5610,heute
5610,heute,heute,ADV,mo,5615,mußte
5611,tausend,tausend,NUM,nk,5613,Zeug
5612,ärgerliches,ärgerlich,ADJ,nk,5613,Zeug
5613,Zeug,Zeug,NOUN,oa,5614,geschehen
5614,geschehen,geschehen,VERB,oc,5615,mußte
5615,mußte,müssen,AUX,sb,5605,kam
5616,.,--,PUNCT,punct,5605,kam
5617,Bald,bald,ADV,ROOT,5617,Bald
5618,flatterte,flatteren,VERB,ROOT,5618,flatterte
5619,Felixens,Felixen,PROPN,ag,5620,Mütze
5620,Mütze,Mütze,NOUN,sb,5618,flatterte
5621,vom,von,ADP,mo,5618,flatterte
5622,Winde,Wind,NOUN,nk,5621,vom
5623,getrieben,treiben,VERB,mo,5618,flatterte
5624,ins,in,ADP,mo,5618,flatterte
5625,Gebüsch,Gebüsch,NOUN,nk,5624,ins
5626,",",--,PUNCT,punct,5618,flatterte
5627,bald,bald,ADV,mo,5628,strauchelte
5628,strauchelte,strauchelen,VERB,cj,5618,flatterte
5629,er,er,PRON,sb,5628,strauchelte
5630,und,und,CCONJ,ju,5631,fiel
5631,fiel,fallen,VERB,ROOT,5631,fiel
5632,auf,auf,ADP,mo,5631,fiel
5633,die,der,DET,nk,5634,Nase
5634,Nase,Nase,NOUN,nk,5632,auf
5635,im,in,ADP,mnr,5634,Nase
5636,besten,gut,ADJ,nk,5637,Rennen
5637,Rennen,rennen,NOUN,nk,5635,im
5638,",",--,PUNCT,punct,5631,fiel
5639,bald,bald,ADV,mo,5640,blieb
5640,blieb,bleiben,VERB,cj,5631,fiel
5641,Christlieb,Christlieb,NOUN,sb,5640,blieb
5642,mit,mit,ADP,mo,5640,blieb
5643,den,der,DET,nk,5644,Kleidern
5644,Kleidern,Kleid,NOUN,nk,5642,mit
5645,hängen,hängen,VERB,ROOT,5645,hängen
5646,am,an,ADP,mo,5645,hängen
5647,Dornenstrauch,Dornenstrauch,NOUN,nk,5646,am
5648,oder,oder,CCONJ,cd,5645,hängen
5649,stieß,stassen,VERB,cj,5648,oder
5650,sich,sich,PRON,oa,5649,stieß
5651,den,der,DET,nk,5652,Fuß
5652,Fuß,Fuß,NOUN,oa,5649,stieß
5653,am,an,ADP,mo,5649,stieß
5654,spitzen,spitz,ADJ,nk,5655,Stein
5655,Stein,Stein,NOUN,nk,5653,am
5656,",",--,PUNCT,punct,5649,stieß
5657,daß,daß,SCONJ,cp,5658,sie
5658,sie,sie,PRON,oc,5649,stieß
5659,laut,laut,ADP,mo,5649,stieß
5660,aufschreien,aufschreien,VERB,oc,5661,mußte
5661,mußte,müssen,AUX,ROOT,5661,mußte
5662,.,--,PUNCT,punct,5661,mußte
5663,Sie,sie,PRON,sb,5664,gaben
5664,gaben,geben,VERB,ROOT,5664,gaben
5665,bald,bald,ADV,mo,5664,gaben
5666,alles,aller,DET,nk,5667,Spielen
5667,Spielen,spielen,NOUN,oa,5664,gaben
5668,auf,auf,ADP,svp,5664,gaben
5669,",",--,PUNCT,punct,5664,gaben
5670,und,und,CCONJ,cd,5664,gaben
5671,schlichen,schliche,VERB,cj,5670,und
5672,mißmütig,mißmütig,ADV,mo,5671,schlichen
5673,durch,durch,ADP,ROOT,5673,durch
5674,den,der,DET,nk,5675,Wald
5675,Wald,Wald,NOUN,nk,5673,durch
5676,.,--,PUNCT,punct,5673,durch
5677,"""",--,PUNCT,punct,5679,wollen
5678,Wir,wir,PRON,sb,5679,wollen
5679,wollen,wollen,AUX,oc,5687,sprach
5680,nur,nur,ADV,mo,5681,in
5681,in,in,ADP,mo,5684,kriechen
5682,die,der,DET,nk,5683,Stube
5683,Stube,Stube,NOUN,nk,5681,in
5684,kriechen,kriechen,VERB,oc,5679,wollen
5685,"""",--,PUNCT,punct,5679,wollen
5686,",",--,PUNCT,punct,5687,sprach
5687,sprach,sprechen,VERB,ROOT,5687,sprach
5688,Felix,Felix,PROPN,sb,5687,sprach
5689,",",--,PUNCT,punct,5690,warf
5690,warf,werfen,VERB,cj,5687,sprach
5691,sich,sich,PRON,oa,5690,warf
5692,aber,aber,ADV,ROOT,5692,aber
5693,",",--,PUNCT,punct,5692,aber
5694,statt,statt,ADP,cj,5692,aber
5695,weiterzugehen,weiterzugehen,ADJ,nk,5694,statt
5696,",",--,PUNCT,punct,5694,statt
5697,in,in,ADP,cj,5694,statt
5698,den,der,DET,nk,5699,Schatten
5699,Schatten,Schatten,NOUN,nk,5697,in
5700,eines,ein,DET,nk,5702,Baums
5701,schönen,schön,ADJ,nk,5702,Baums
5702,Baums,Baum,NOUN,ag,5699,Schatten
5703,.,--,PUNCT,punct,5692,aber
5704,Christlieb,Christlieb,NOUN,ROOT,5704,Christlieb
5705,folgte,folgen,VERB,ROOT,5705,folgte
5706,seinem,sein,DET,nk,5707,Beispiel
5707,Beispiel,Beispiel,NOUN,da,5705,folgte
5708,.,--,PUNCT,punct,5705,folgte
5709,Da,da,ADV,mo,5710,saßen
5710,saßen,sitzen,VERB,ROOT,5710,saßen
5711,die,der,DET,nk,5712,Kinder
5712,Kinder,Kind,NOUN,sb,5710,saßen
5713,nun,nun,ADV,mo,5710,saßen
5714,voller,voll,ADP,mo,5710,saßen
5715,Unmut,Unmut,NOUN,nk,5714,voller
5716,und,und,CCONJ,cd,5710,saßen
5717,starrten,starren,VERB,cj,5716,und
5718,stumm,stumm,ADV,mo,5710,saßen
5719,in,in,ADP,ROOT,5719,in
5720,den,der,DET,nk,5721,Boden
5721,Boden,Boden,NOUN,nk,5719,in
5722,hinein,hinein,ADV,mo,5719,in
5723,.,--,PUNCT,punct,5719,in
5724,"""",--,PUNCT,punct,5725,Ach
5725,Ach,ach,INTJ,dep,5728,seufzete
5726,"""",--,PUNCT,punct,5725,Ach
5727,",",--,PUNCT,punct,5728,seufzete
5728,seufzete,seufzen,VERB,ROOT,5728,seufzete
5729,Christlieb,Christlieb,NOUN,sb,5728,seufzete
5730,endlich,endlich,ADV,mo,5728,seufzete
5731,leise,leise,ADV,mo,5728,seufzete
5732,",",--,PUNCT,punct,5728,seufzete
5733,"""",--,PUNCT,punct,5735,hätten
5734,ach,ach,ADV,mo,5735,hätten
5735,hätten,haben,VERB,oc,5728,seufzete
5736,wir,wir,PRON,sb,5735,hätten
5737,doch,doch,CCONJ,mo,5741,Spielsachen
5738,noch,noch,ADV,mo,5741,Spielsachen
5739,die,der,DET,nk,5741,Spielsachen
5740,schönen,schön,ADJ,nk,5741,Spielsachen
5741,Spielsachen,Spielsache,NOUN,ROOT,5741,Spielsachen
5742,!,--,PUNCT,punct,5741,Spielsachen
5743,"""",--,PUNCT,punct,5741,Spielsachen
5744,–,--,PUNCT,punct,5747,würden
5745,"""",--,PUNCT,punct,5747,würden
5746,Die,der,PRON,sb,5747,würden
5747,würden,werden,AUX,oc,5750,murrte
5748,"""",--,PUNCT,punct,5747,würden
5749,",",--,PUNCT,punct,5750,murrte
5750,murrte,murren,VERB,ROOT,5750,murrte
5751,Felix,Felix,PROPN,sb,5750,murrte
5752,",",--,PUNCT,punct,5750,murrte
5753,"""",--,PUNCT,punct,5755,würden
5754,die,der,PRON,sb,5755,würden
5755,würden,werden,AUX,cj,5747,würden
5756,uns,uns,PRON,da,5759,nützen
5757,gar,gar,ADV,mo,5758,nichts
5758,nichts,nichts,PRON,oa,5759,nützen
5759,nützen,nützen,VERB,ROOT,5759,nützen
5760,",",--,PUNCT,punct,5759,nützen
5761,wir,wir,PRON,sb,5762,müßten
5762,müßten,müssen,AUX,cj,5759,nützen
5763,sie,sie,PRON,oa,5767,zerbrechen
5764,doch,doch,ADV,mo,5767,zerbrechen
5765,nur,nur,ADV,mo,5766,wieder
5766,wieder,wieder,ADV,mo,5767,zerbrechen
5767,zerbrechen,zerbrechen,VERB,oc,5762,müßten
5768,und,und,CCONJ,cd,5767,zerbrechen
5769,verderben,verderben,VERB,cj,5768,und
5770,.,--,PUNCT,punct,5759,nützen
5771,Höre,Höre,PROPN,ROOT,5771,Höre
5772,Christlieb,Christlieb,NOUN,nk,5771,Höre
5773,!,--,PUNCT,punct,5771,Höre
5774,–,--,PUNCT,punct,5777,hat
5775,die,der,DET,nk,5776,Mutter
5776,Mutter,Mutter,NOUN,sb,5777,hat
5777,hat,haben,AUX,ROOT,5777,hat
5778,doch,doch,ADV,mo,5777,hat
5779,wohl,wohl,ADV,mo,5777,hat
5780,recht,recht,ADV,oa,5777,hat
5781,–,--,PUNCT,punct,5777,hat
5782,die,der,DET,nk,5783,Spielsachen
5783,Spielsachen,spielsach,NOUN,sb,5784,waren
5784,waren,sein,AUX,cj,5777,hat
5785,gut,gut,ADV,pd,5784,waren
5786,",",--,PUNCT,punct,5777,hat
5787,aber,aber,CCONJ,ju,5789,wußten
5788,wir,wir,PRON,sb,5789,wußten
5789,wußten,wissen,VERB,ROOT,5789,wußten
5790,nur,nur,ADV,mo,5791,nicht
5791,nicht,nicht,PART,ng,5793,umzugehen
5792,damit,damit,ADV,mo,5793,umzugehen
5793,umzugehen,umgehen,VERB,oc,5789,wußten
5794,",",--,PUNCT,punct,5789,wußten
5795,und,und,CCONJ,cd,5789,wußten
5796,das,der,PRON,sb,5797,kommt
5797,kommt,kommen,VERB,cj,5795,und
5798,daher,daher,ADV,mo,5797,kommt
5799,weil,weil,SCONJ,mo,5797,kommt
5800,uns,uns,PRON,da,5797,kommt
5801,die,der,DET,sb,5797,kommt
5802,Wissenschaften,Wissenschaft,NOUN,sb,5803,fehlen
5803,fehlen,fehlen,VERB,ROOT,5803,fehlen
5804,.,--,PUNCT,punct,5803,fehlen
5805,"""",--,PUNCT,punct,5803,fehlen
5806,–,--,PUNCT,punct,5810,Felix
5807,"""",--,PUNCT,punct,5810,Felix
5808,Ach,ach,INTJ,pnc,5810,Felix
5809,lieber,lieb,ADV,nk,5810,Felix
5810,Felix,Felix,PROPN,sb,5818,hast
5811,"""",--,PUNCT,punct,5810,Felix
5812,",",--,PUNCT,punct,5813,rief
5813,rief,rufen,VERB,ROOT,5813,rief
5814,Christlieb,Christlieb,PROPN,oa,5813,rief
5815,",",--,PUNCT,punct,5813,rief
5816,"""",--,PUNCT,punct,5818,hast
5817,du,du,PRON,sb,5818,hast
5818,hast,haben,AUX,oc,5813,rief
5819,recht,Recht,NOUN,mo,5818,hast
5820,",",--,PUNCT,punct,5818,hast
5821,könnten,können,AUX,ROOT,5821,könnten
5822,wir,wir,PRON,sb,5821,könnten
5823,die,der,DET,nk,5824,Wissenschaften
5824,Wissenschaften,Wissenschaft,NOUN,oa,5827,auswendig
5825,so,so,ADV,mo,5826,hübsch
5826,hübsch,hübsch,ADV,mo,5827,auswendig
5827,auswendig,auswendig,ADV,oc,5821,könnten
5828,",",--,PUNCT,punct,5827,auswendig
5829,wie,wie,SCONJ,cm,5832,Vetter
5830,der,der,DET,nk,5832,Vetter
5831,blanke,blank,ADJ,nk,5832,Vetter
5832,Vetter,Vetter,NOUN,cc,5826,hübsch
5833,und,und,CCONJ,cd,5827,auswendig
5834,die,der,DET,nk,5836,Muhme
5835,geputzte,geputzt,ADJ,nk,5836,Muhme
5836,Muhme,Muhme,NOUN,ROOT,5836,Muhme
5837,",",--,PUNCT,punct,5836,Muhme
5838,ach,ach,ADV,mo,5840,hättest
5839,da,da,ADV,mo,5840,hättest
5840,hättest,hättesen,VERB,par,5836,Muhme
5841,du,du,PRON,sb,5840,hättest
5842,noch,noch,ADV,mo,5844,Jäger
5843,deinen,dein,DET,nk,5844,Jäger
5844,Jäger,Jäger,NOUN,oa,5840,hättest
5845,",",--,PUNCT,punct,5840,hättest
5846,dein,dein,DET,nk,5847,Harfenmännlein
5847,Harfenmännlein,Harfenmännlein,NOUN,cj,5840,hättest
5848,",",--,PUNCT,punct,5836,Muhme
5849,da,da,ADV,mo,5850,läg
5850,läg,läg,VERB,ROOT,5850,läg
5851,meine,mein,DET,nk,5853,Puppe
5852,schöne,schön,ADJ,nk,5853,Puppe
5853,Puppe,Puppe,NOUN,sb,5850,läg
5854,nicht,nicht,PART,ng,5850,läg
5855,im,in,ADP,mo,5850,läg
5856,Ententeich,Ententeich,NOUN,nk,5855,im
5857,!,--,PUNCT,punct,5850,läg
5858,–,--,PUNCT,punct,5860,ungeschickten
5859,wir,wir,PRON,sb,5860,ungeschickten
5860,ungeschickten,ungeschickt,ADJ,ROOT,5860,ungeschickten
5861,Dinger,Dinger,NOUN,oa,5860,ungeschickten
5862,–,--,PUNCT,punct,5860,ungeschickten
5863,ach,ach,ADV,mo,5860,ungeschickten
5864,wir,wir,PRON,sb,5865,haben
5865,haben,haben,VERB,ROOT,5865,haben
5866,keine,kein,DET,nk,5867,Wissenschaften
5867,Wissenschaften,Wissenschaft,NOUN,oa,5865,haben
5868,!,--,PUNCT,punct,5865,haben
5869,"""",--,PUNCT,punct,5865,haben
5870,Doch,doch,CCONJ,ju,5872,hielten
5871,plötzlich,plötzlich,ADV,mo,5872,hielten
5872,hielten,halten,VERB,ROOT,5872,hielten
5873,sie,sie,PRON,sb,5872,hielten
5874,inne,inne,ADV,mo,5872,hielten
5875,und,und,CCONJ,cd,5874,inne
5876,fragten,fragen,VERB,cj,5875,und
5877,voll,voll,ADP,ROOT,5877,voll
5878,Erstaunen,erstaunen,NOUN,nk,5877,voll
5879,:,--,PUNCT,punct,5877,voll
5880,"""",--,PUNCT,punct,5881,Siehst
5881,Siehst,Siehst,VERB,ROOT,5881,Siehst
5882,du,du,PRON,sb,5881,Siehst
5883,'s,'s,PRON,oa,5881,Siehst
5884,Christlieb,Christlieb,NOUN,oa,5881,Siehst
5885,?,--,PUNCT,punct,5881,Siehst
5886,"""",--,PUNCT,punct,5881,Siehst
5887,–,--,PUNCT,punct,5892,Felix
5888,"""",--,PUNCT,punct,5889,Hörst
5889,Hörst,Hörst,VERB,mo,5892,Felix
5890,du,du,PRON,sb,5889,Hörst
5891,'s,'s,PRON,oa,5889,Hörst
5892,Felix,Felix,PROPN,ROOT,5892,Felix
5893,?,--,PUNCT,punct,5892,Felix
5894,"""",--,PUNCT,punct,5892,Felix
5895,–,--,PUNCT,punct,5892,Felix
5896,Aus,aus,ADP,ROOT,5896,Aus
5897,dem,der,PRON,nk,5896,Aus
5898,tiefsten,tief,ADJ,nk,5899,Schatten
5899,Schatten,Schatten,NOUN,sb,5909,blickte
5900,des,der,DET,nk,5902,Gebüsches
5901,dunklen,dunkel,ADJ,nk,5902,Gebüsches
5902,Gebüsches,Gebüsch,NOUN,ag,5899,Schatten
5903,",",--,PUNCT,punct,5902,Gebüsches
5904,das,der,PRON,sb,5907,gegenüberlag
5905,den,der,DET,nk,5906,Kindern
5906,Kindern,Kind,NOUN,da,5907,gegenüberlag
5907,gegenüberlag,gegenüberliegen,VERB,rc,5902,Gebüsches
5908,",",--,PUNCT,punct,5909,blickte
5909,blickte,blicken,VERB,ROOT,5909,blickte
5910,ein,ein,DET,nk,5912,Schein
5911,wundersamer,wundersam,ADJ,nk,5912,Schein
5912,Schein,Schein,NOUN,ROOT,5912,Schein
5913,",",--,PUNCT,punct,5912,Schein
5914,der,der,PRON,nk,5917,Mondesstrahl
5915,wie,wie,ADP,cm,5917,Mondesstrahl
5916,sanfter,sanft,ADJ,nk,5917,Mondesstrahl
5917,Mondesstrahl,Mondesstrahl,NOUN,app,5912,Schein
5918,über,über,ADP,mnr,5917,Mondesstrahl
5919,die,der,DET,nk,5918,über
5920,vor,vor,ADP,mnr,5917,Mondesstrahl
5921,Wonne,Wonne,NOUN,nk,5920,vor
5922,zitternden,zitternd,ADJ,nk,5923,Blätter
5923,Blätter,Blatt,NOUN,oa,5924,gaukelte
5924,gaukelte,gaukeln,VERB,ROOT,5924,gaukelte
5925,und,und,CCONJ,cd,5924,gaukelte
5926,durch,durch,ADP,mo,5931,ging
5927,das,der,DET,nk,5928,Säuseln
5928,Säuseln,säuseln,NOUN,nk,5926,durch
5929,des,der,DET,nk,5930,Waldes
5930,Waldes,Wald,NOUN,ag,5928,Säuseln
5931,ging,gehen,VERB,cj,5925,und
5932,ein,ein,DET,nk,5933,süßes
5933,süßes,süßer,ADJ,sb,5931,ging
5934,Getön,Getön,NOUN,ROOT,5934,Getön
5935,",",--,PUNCT,punct,5934,Getön
5936,wie,wie,SCONJ,mo,5942,hinstreift
5937,wenn,wenn,SCONJ,cp,5942,hinstreift
5938,der,der,DET,nk,5939,Wind
5939,Wind,Wind,NOUN,sb,5942,hinstreift
5940,über,über,ADP,mo,5942,hinstreift
5941,Harfen,Harfen,NOUN,nk,5940,über
5942,hinstreift,hinstreifen,VERB,mnr,5934,Getön
5943,und,und,CCONJ,cd,5942,hinstreift
5944,im,in,ADP,mo,5946,die
5945,Liebkosen,liebkosen,NOUN,nk,5944,im
5946,die,der,DET,dep,5934,Getön
5947,schlummernden,schlummernd,ADJ,nk,5948,Akkorde
5948,Akkorde,Akkorde,NOUN,da,5949,weckt
5949,weckt,wecken,VERB,ROOT,5949,weckt
5950,.,--,PUNCT,punct,5949,weckt
5951,Den,der,DET,nk,5952,Kindern
5952,Kindern,Kind,NOUN,da,5953,wurde
5953,wurde,werden,AUX,ROOT,5953,wurde
5954,ganz,ganz,ADV,mo,5955,seltsam
5955,seltsam,seltsam,ADV,mo,5953,wurde
5956,zumute,zumute,ADV,mo,5953,wurde
5957,",",--,PUNCT,punct,5953,wurde
5958,aller,aller,DET,nk,5959,Gram
5959,Gram,Gram,NOUN,sb,5953,wurde
5960,war,sein,AUX,ROOT,5960,war
5961,von,von,ADP,sbp,5963,gewichen
5962,ihnen,ihnen,PRON,nk,5961,von
5963,gewichen,gewichen,VERB,oc,5960,war
5964,",",--,PUNCT,punct,5960,war
5965,aber,aber,CCONJ,cd,5960,war
5966,die,der,DET,nk,5967,Tränen
5967,Tränen,Träne,NOUN,sb,5968,standen
5968,standen,stehen,VERB,cj,5965,aber
5969,ihnen,ihnen,PRON,da,5968,standen
5970,in,in,ADP,mo,5968,standen
5971,den,der,DET,nk,5972,Augen
5972,Augen,Auge,NOUN,nk,5970,in
5973,vor,vor,ADP,mo,5968,standen
5974,süßem,süß,ADJ,dep,5960,war
5975,nie,nie,ADV,mo,5976,gekanntem
5976,gekanntem,gekannt,ADJ,nk,5977,Weh
5977,Weh,Weh,NOUN,ROOT,5977,Weh
5978,.,--,PUNCT,punct,5977,Weh
5979,So,so,ADV,ROOT,5979,So
5980,wie,wie,SCONJ,cm,5981,lichter
5981,lichter,licht,ADV,cc,5979,So
5982,und,und,CCONJ,cd,5981,lichter
5983,lichter,Lichter,NOUN,cj,5982,und
5984,der,der,DET,nk,5985,Schein
5985,Schein,Schein,NOUN,ag,5981,lichter
5986,durch,durch,ADP,mnr,5985,Schein
5987,das,der,DET,nk,5988,Gebüsch
5988,Gebüsch,Gebüsch,NOUN,nk,5986,durch
5989,strahlte,strahlen,VERB,sb,6001,klopfte
5990,",",--,PUNCT,punct,5989,strahlte
5991,so,so,ADV,mo,5999,erklangen
5992,wie,wie,ADP,cm,5993,lauter
5993,lauter,lauter,ADV,cc,5991,so
5994,und,und,CCONJ,cd,5993,lauter
5995,lauter,lauter,ADV,cj,5994,und
5996,die,der,DET,nk,5998,Töne
5997,wundervollen,wundervoll,ADJ,nk,5998,Töne
5998,Töne,Ton,NOUN,oa,5999,erklangen
5999,erklangen,erklangen,VERB,mo,5989,strahlte
6000,",",--,PUNCT,punct,6001,klopfte
6001,klopfte,klopften,VERB,ROOT,6001,klopfte
6002,den,der,DET,dep,6001,klopfte
6003,Kindern,Kind,NOUN,da,6004,höher
6004,höher,hoch,ADV,pd,6006,Herz
6005,das,der,DET,nk,6006,Herz
6006,Herz,Herz,NOUN,ROOT,6006,Herz
6007,",",--,PUNCT,punct,6006,Herz
6008,sie,sie,PRON,sb,6009,starrten
6009,starrten,starren,VERB,cj,6006,Herz
6010,hinein,hinein,ADV,svp,6009,starrten
6011,in,in,ADP,mo,6009,starrten
6012,den,der,DET,nk,6013,Glanz
6013,Glanz,Glanz,NOUN,nk,6011,in
6014,und,und,CCONJ,cd,6011,in
6015,ach,ach,ADV,cj,6014,und
6016,!,--,PUNCT,punct,6006,Herz
6017,sie,sie,PRON,sb,6018,gewahrten
6018,gewahrten,gewahren,VERB,ROOT,6018,gewahrten
6019,daß,daß,SCONJ,ROOT,6019,daß
6020,es,es,PRON,ROOT,6020,es
6021,das,der,PRON,nk,6028,Antlitz
6022,von,von,ADP,sbp,6026,erleuchtete
6023,der,der,DET,nk,6024,Sonne
6024,Sonne,Sonne,NOUN,nk,6022,von
6025,hell,hell,ADV,mo,6026,erleuchtete
6026,erleuchtete,erleuchten,VERB,nk,6028,Antlitz
6027,holde,Holde,ADJ,nk,6028,Antlitz
6028,Antlitz,Antlitz,PROPN,ROOT,6028,Antlitz
6029,des,der,DET,nk,6031,Kindes
6030,lieblichsten,lieblichst,ADJ,nk,6031,Kindes
6031,Kindes,Kind,NOUN,ag,6028,Antlitz
6032,war,sein,AUX,ROOT,6032,war
6033,",",--,PUNCT,punct,6032,war
6034,welches,welcher,PRON,sb,6039,zulächelte
6035,ihnen,ihnen,PRON,da,6039,zulächelte
6036,aus,aus,ADP,mo,6039,zulächelte
6037,dem,der,DET,nk,6038,Gebüsch
6038,Gebüsch,Gebüsch,NOUN,nk,6036,aus
6039,zulächelte,zulächelen,VERB,sb,6032,war
6040,und,und,CCONJ,cd,6039,zulächelte
6041,zuwinkte,zuwinken,VERB,cj,6040,und
6042,.,--,PUNCT,punct,6032,war
6043,"""",--,PUNCT,punct,6045,komm
6044,O,O,PROPN,sb,6045,komm
6045,komm,kommn,VERB,ROOT,6045,komm
6046,doch,doch,ADV,mo,6045,komm
6047,nur,nur,ADV,mo,6045,komm
6048,zu,zu,ADP,svp,6045,komm
6049,uns,uns,PRON,da,6051,komm
6050,–,--,PUNCT,punct,6049,uns
6051,komm,kommen,VERB,re,6062,so
6052,doch,doch,ADV,mo,6051,komm
6053,nur,nur,ADV,mo,6051,komm
6054,zu,zu,ADP,op,6051,komm
6055,uns,uns,PRON,nk,6054,zu
6056,",",--,PUNCT,punct,6051,komm
6057,du,du,PRON,sb,6059,Kind
6058,liebes,lieb,ADJ,nk,6059,Kind
6059,Kind,Kind,NOUN,cj,6051,komm
6060,!,--,PUNCT,punct,6051,komm
6061,"""",--,PUNCT,punct,6051,komm
6062,so,so,ADV,mo,6063,riefen
6063,riefen,rufen,VERB,ROOT,6063,riefen
6064,beide,beide,PRON,sb,6063,riefen
6065,",",--,PUNCT,punct,6064,beide
6066,Christlieb,Christlieb,NOUN,cj,6064,beide
6067,und,und,CCONJ,cd,6066,Christlieb
6068,Felix,Felix,PROPN,ROOT,6068,Felix
6069,",",--,PUNCT,punct,6068,Felix
6070,indem,indem,SCONJ,cp,6072,aufsprangen
6071,sie,sie,PRON,sb,6072,aufsprangen
6072,aufsprangen,aufsprangen,VERB,mo,6068,Felix
6073,und,und,CCONJ,cd,6072,aufsprangen
6074,voll,voll,ADV,cj,6073,und
6075,unbeschreiblicher,unbeschreiblich,ADJ,nk,6076,Sehnsucht
6076,Sehnsucht,Sehnsucht,NOUN,nk,6074,voll
6077,die,der,DET,nk,6078,Hände
6078,Hände,Hand,NOUN,oa,6068,Felix
6079,nach,nach,ADP,mo,6083,ausstreckten
6080,der,der,DET,nk,6082,Gestalt
6081,holden,hold,ADJ,nk,6082,Gestalt
6082,Gestalt,Gestalt,NOUN,nk,6079,nach
6083,ausstreckten,ausstreckten,VERB,ROOT,6083,ausstreckten
6084,.,--,PUNCT,punct,6083,ausstreckten
6085,"""",--,PUNCT,punct,6087,komme
6086,Ich,ich,PRON,sb,6087,komme
6087,komme,kommen,VERB,oc,6093,rief
6088,–,--,PUNCT,punct,6087,komme
6089,ich,ich,PRON,sb,6090,komme
6090,komme,kommen,VERB,oc,6087,komme
6091,"""",--,PUNCT,punct,6087,komme
6092,",",--,PUNCT,punct,6093,rief
6093,rief,rufen,VERB,ROOT,6093,rief
6094,es,es,PRON,ep,6093,rief
6095,mit,mit,ADP,mo,6093,rief
6096,süßer,süß,ADJ,nk,6097,Stimme
6097,Stimme,Stimme,NOUN,da,6107,getragen
6098,aus,aus,ADP,mo,6107,getragen
6099,dem,der,DET,nk,6100,Gebüsch
6100,Gebüsch,Gebüsch,NOUN,nk,6098,aus
6101,und,und,CCONJ,cd,6098,aus
6102,leicht,leicht,ADV,cj,6101,und
6103,wie,wie,ADP,cm,6104,vom
6104,vom,von,ADP,sbp,6107,getragen
6105,säuselnden,säuselnd,ADJ,nk,6106,Morgenwinde
6106,Morgenwinde,Morgenwinde,NOUN,nk,6104,vom
6107,getragen,tragen,VERB,ROOT,6107,getragen
6108,schwebte,schweben,VERB,ROOT,6108,schwebte
6109,das,der,DET,nk,6111,Kind
6110,fremde,fremd,ADJ,nk,6111,Kind
6111,Kind,Kind,NOUN,sb,6108,schwebte
6112,herüber,herüber,ADV,mo,6108,schwebte
6113,zu,zu,ADP,mo,6108,schwebte
6114,Felix,Felix,PROPN,nk,6113,zu
6115,und,und,CCONJ,cd,6114,Felix
6116,Christlieb,Christlieb,NOUN,cj,6115,und
6117,.,--,PUNCT,punct,6108,schwebte
6118,Wie,wie,SCONJ,mo,6126,spielte
6119,das,der,DET,nk,6121,Kind
6120,fremde,fremd,ADJ,nk,6121,Kind
6121,Kind,Kind,NOUN,sb,6126,spielte
6122,mit,mit,ADP,mnr,6121,Kind
6123,Felix,Felix,PROPN,nk,6122,mit
6124,und,und,CCONJ,cd,6123,Felix
6125,Christlieb,Christlieb,NOUN,cj,6124,und
6126,spielte,spielen,VERB,ROOT,6126,spielte
6127,"""",--,PUNCT,punct,6129,hab
6128,Ich,ich,PRON,sb,6129,hab
6129,hab,hab,AUX,rs,6141,sprach
6130,euch,euch,PRON,da,6135,weinen
6131,wohl,wohl,ADV,mo,6135,weinen
6132,aus,aus,ADP,mo,6135,weinen
6133,der,der,DET,nk,6134,Ferne
6134,Ferne,Ferne,NOUN,nk,6132,aus
6135,weinen,weinen,VERB,oc,6129,hab
6136,und,und,CCONJ,cd,6135,weinen
6137,klagen,klagen,VERB,oc,6138,gehört
6138,gehört,gehören,VERB,cj,6136,und
6139,"""",--,PUNCT,punct,6141,sprach
6140,",",--,PUNCT,punct,6141,sprach
6141,sprach,sprechen,VERB,ROOT,6141,sprach
6142,das,der,DET,nk,6143,fremde
6143,fremde,fremd,ADJ,sb,6141,sprach
6144,Kind,Kind,NOUN,ROOT,6144,Kind
6145,",",--,PUNCT,punct,6144,Kind
6146,"""",--,PUNCT,punct,6144,Kind
6147,und,und,CCONJ,cd,6144,Kind
6148,da,da,ADV,mo,6156,getan
6149,hat,haben,AUX,cj,6147,und
6150,es,es,PRON,sb,6149,hat
6151,mir,mir,PRON,da,6156,getan
6152,recht,recht,ADV,mo,6156,getan
6153,leid,Leid,ADV,oa,6156,getan
6154,um,um,ADP,mo,6156,getan
6155,euch,euch,PRON,nk,6154,um
6156,getan,tun,VERB,oc,6149,hat
6157,",",--,PUNCT,punct,6144,Kind
6158,was,was,PRON,sb,6159,fehlt
6159,fehlt,fehlen,VERB,sb,6144,Kind
6160,euch,euch,PRON,oa,6159,fehlt
6161,denn,denn,ADV,mo,6159,fehlt
6162,liebe,lieben,NOUN,sb,6159,fehlt
6163,Kinder,Kind,NOUN,ROOT,6163,Kinder
6164,?,--,PUNCT,punct,6163,Kinder
6165,"""",--,PUNCT,punct,6163,Kinder
6166,–,--,PUNCT,punct,6170,wußten
6167,"""",--,PUNCT,punct,6170,wußten
6168,Ach,ach,INTJ,oa,6170,wußten
6169,wir,wir,PRON,sb,6170,wußten
6170,wußten,wissen,VERB,oc,6177,erwiderte
6171,es,es,PRON,oa,6170,wußten
6172,selbst,selbst,ADV,mo,6170,wußten
6173,nicht,nicht,PART,ng,6170,wußten
6174,recht,recht,ADV,mo,6170,wußten
6175,"""",--,PUNCT,punct,6170,wußten
6176,",",--,PUNCT,punct,6177,erwiderte
6177,erwiderte,erwidern,VERB,ROOT,6177,erwiderte
6178,Felix,Felix,PROPN,sb,6177,erwiderte
6179,",",--,PUNCT,punct,6177,erwiderte
6180,"""",--,PUNCT,punct,6177,erwiderte
6181,aber,aber,CCONJ,dep,6177,erwiderte
6182,nun,nun,ADV,mo,6177,erwiderte
6183,ist,sein,AUX,ROOT,6183,ist
6184,es,es,PRON,sb,6183,ist
6185,mir,mir,PRON,da,6183,ist
6186,so,so,ADV,mo,6183,ist
6187,",",--,PUNCT,punct,6186,so
6188,als,als,SCONJ,cm,6194,hättest
6189,wenn,wenn,SCONJ,cp,6194,hättest
6190,nur,nur,ADV,mo,6191,du
6191,du,du,PRON,sb,6194,hättest
6192,uns,uns,PRON,oa,6193,gefehlt
6193,gefehlt,fehlen,VERB,oc,6194,hättest
6194,hättest,hättest,ADV,cc,6186,so
6195,.,--,PUNCT,punct,6183,ist
6196,"""",--,PUNCT,punct,6183,ist
6197,–,--,PUNCT,punct,6200,ist
6198,"""",--,PUNCT,punct,6200,ist
6199,Das,der,PRON,sb,6200,ist
6200,ist,sein,AUX,oc,6204,fiel
6201,wahr,wahr,ADV,pd,6200,ist
6202,"""",--,PUNCT,punct,6200,ist
6203,",",--,PUNCT,punct,6204,fiel
6204,fiel,fallen,VERB,ROOT,6204,fiel
6205,Christlieb,Christlieb,NOUN,ROOT,6205,Christlieb
6206,ein,ein,ADV,pd,6205,Christlieb
6207,",",--,PUNCT,punct,6205,Christlieb
6208,"""",--,PUNCT,punct,6213,bist
6209,nun,nun,ADV,mo,6213,bist
6210,du,du,PRON,sb,6213,bist
6211,bei,bei,ADP,mo,6213,bist
6212,uns,uns,PRON,nk,6211,bei
6213,bist,sein,AUX,mo,6215,sind
6214,",",--,PUNCT,punct,6215,sind
6215,sind,sein,AUX,rs,6205,Christlieb
6216,wir,wir,PRON,sb,6215,sind
6217,wieder,wieder,ADV,mo,6215,sind
6218,froh,froh,ADV,pd,6215,sind
6219,!,--,PUNCT,punct,6205,Christlieb
6220,warum,warum,ADV,mo,6221,bist
6221,bist,sein,AUX,ROOT,6221,bist
6222,du,du,PRON,sb,6221,bist
6223,aber,aber,ADV,mo,6221,bist
6224,auch,auch,ADV,mo,6226,lange
6225,so,so,ADV,mo,6226,lange
6226,lange,lange,ADV,mo,6227,ausgeblieben
6227,ausgeblieben,ausbleiben,VERB,ROOT,6227,ausgeblieben
6228,?,--,PUNCT,punct,6227,ausgeblieben
6229,"""",--,PUNCT,punct,6227,ausgeblieben
6230,–,--,PUNCT,punct,6232,Kindern
6231,Beiden,Beide,DET,nk,6232,Kindern
6232,Kindern,Kind,NOUN,da,6233,war
6233,war,sein,AUX,ROOT,6233,war
6234,es,es,PRON,sb,6233,war
6235,in,in,ADP,mo,6233,war
6236,der,der,DET,nk,6237,Tat
6237,Tat,Tat,NOUN,nk,6235,in
6238,so,so,ADV,mo,6233,war
6239,",",--,PUNCT,punct,6238,so
6240,als,als,SCONJ,mo,6233,war
6241,ob,ob,SCONJ,nk,6240,als
6242,sie,sie,PRON,dep,6240,als
6243,schon,schon,ADV,mo,6244,lange
6244,lange,lange,ADV,mo,6248,gekannt
6245,das,der,DET,nk,6247,Kind
6246,fremde,fremd,ADJ,nk,6247,Kind
6247,Kind,Kind,NOUN,oa,6248,gekannt
6248,gekannt,kennen,VERB,oc,6253,hätten
6249,und,und,CCONJ,cd,6248,gekannt
6250,mit,mit,ADP,mo,6252,gespielt
6251,ihm,ihm,PRON,nk,6250,mit
6252,gespielt,spielen,VERB,cj,6249,und
6253,hätten,haben,AUX,ROOT,6253,hätten
6254,",",--,PUNCT,punct,6253,hätten
6255,und,und,CCONJ,cd,6253,hätten
6256,als,als,SCONJ,ROOT,6256,als
6257,ob,ob,SCONJ,nk,6256,als
6258,ihr,ihr,DET,nk,6256,als
6259,Unmut,Unmut,NOUN,sb,6263,hätte
6260,nur,nur,ADV,mo,6261,daher
6261,daher,daher,ADV,mo,6262,gerührt
6262,gerührt,rühren,VERB,oc,6263,hätte
6263,hätte,haben,AUX,ROOT,6263,hätte
6264,",",--,PUNCT,punct,6263,hätte
6265,daß,daß,SCONJ,cp,6268,Spielkamerad
6266,der,der,DET,nk,6268,Spielkamerad
6267,liebe,lieb,ADJ,nk,6268,Spielkamerad
6268,Spielkamerad,Spielkamerad,NOUN,sb,6263,hätte
6269,sich,sich,PRON,oa,6270,nicht
6270,nicht,nicht,PART,ng,6263,hätte
6271,mehr,mehr,ADV,mo,6270,nicht
6272,blicken,blicken,VERB,oc,6273,lassen
6273,lassen,lassen,VERB,ROOT,6273,lassen
6274,.,--,PUNCT,punct,6273,lassen
6275,"""",--,PUNCT,punct,6276,Spielsachen
6276,Spielsachen,spielsach,NOUN,oc,6279,sprach
6277,"""",--,PUNCT,punct,6276,Spielsachen
6278,",",--,PUNCT,punct,6279,sprach
6279,sprach,sprechen,VERB,ROOT,6279,sprach
6280,Felix,Felix,PROPN,sb,6279,sprach
6281,weiter,weiter,ADV,svp,6279,sprach
6282,",",--,PUNCT,punct,6279,sprach
6283,"""",--,PUNCT,punct,6284,haben
6284,haben,haben,AUX,oc,6279,sprach
6285,wir,wir,PRON,sb,6284,haben
6286,nun,nun,ADV,mo,6284,haben
6287,freilich,freilich,ADV,mo,6284,haben
6288,gar,gar,ADV,mo,6284,haben
6289,nicht,nicht,PART,dm,6295,habe
6290,",",--,PUNCT,punct,6295,habe
6291,denn,denn,CCONJ,ju,6295,habe
6292,ich,ich,PRON,nk,6294,Junge
6293,einfältiger,einfältig,ADJ,nk,6294,Junge
6294,Junge,Junge,NOUN,sb,6295,habe
6295,habe,haben,AUX,ROOT,6295,habe
6296,gestern,gestern,ADV,mo,6295,habe
6297,die,der,DET,nk,6298,schönsten
6298,schönsten,schön,ADJ,oa,6295,habe
6299,",",--,PUNCT,punct,6298,schönsten
6300,die,der,DET,nk,6301,Vetter
6301,Vetter,Vetter,NOUN,cj,6295,habe
6302,Pumphose,Pumphose,NOUN,sb,6305,hatte
6303,mir,mir,PRON,da,6304,geschenkt
6304,geschenkt,schenken,VERB,oc,6305,hatte
6305,hatte,haben,AUX,ROOT,6305,hatte
6306,",",--,PUNCT,punct,6305,hatte
6307,schändlich,schändlich,ADV,mo,6308,verdorben
6308,verdorben,verderben,VERB,cj,6305,hatte
6309,und,und,CCONJ,cd,6308,verdorben
6310,weggeschmissen,weggeschmissen,VERB,cj,6309,und
6311,",",--,PUNCT,punct,6305,hatte
6312,aber,aber,CCONJ,cd,6305,hatte
6313,spielen,spielen,VERB,oc,6314,wollen
6314,wollen,wollen,AUX,ROOT,6314,wollen
6315,wir,wir,PRON,sb,6314,wollen
6316,doch,doch,ADV,mo,6314,wollen
6317,wohl,wohl,ADV,mo,6314,wollen
6318,.,--,PUNCT,punct,6314,wollen
6319,"""",--,PUNCT,punct,6314,wollen
6320,–,--,PUNCT,punct,6323,Felix
6321,"""",--,PUNCT,punct,6323,Felix
6322,Ei,Ei,PROPN,pnc,6323,Felix
6323,Felix,Felix,PROPN,sb,6326,sprach
6324,"""",--,PUNCT,punct,6323,Felix
6325,",",--,PUNCT,punct,6326,sprach
6326,sprach,sprechen,VERB,ROOT,6326,sprach
6327,das,der,DET,nk,6329,Kind
6328,fremde,fremd,ADJ,nk,6329,Kind
6329,Kind,Kind,NOUN,sb,6326,sprach
6330,",",--,PUNCT,punct,6326,sprach
6331,indem,indem,SCONJ,mo,6326,sprach
6332,es,es,PRON,dep,6326,sprach
6333,laut,laut,ADV,mo,6334,auflachte
6334,auflachte,auflacht,VERB,ROOT,6334,auflachte
6335,",",--,PUNCT,punct,6334,auflachte
6336,"""",--,PUNCT,punct,6343,sprechen
6337,ei,ei,ADV,oa,6343,sprechen
6338,wie,wie,ADP,cm,6339,magst
6339,magst,magst,VERB,mo,6343,sprechen
6340,du,du,PRON,sb,6343,sprechen
6341,nur,nur,ADV,mo,6342,so
6342,so,so,ADV,mo,6343,sprechen
6343,sprechen,sprechen,VERB,oc,6334,auflachte
6344,.,--,PUNCT,punct,6334,auflachte
6345,Das,der,DET,nk,6346,Zeug
6346,Zeug,Zeug,NOUN,ROOT,6346,Zeug
6347,das,der,PRON,nk,6348,du
6348,du,du,PRON,oa,6349,weggeworfen
6349,weggeworfen,weggeworfen,VERB,oc,6346,Zeug
6350,hast,haben,AUX,re,6352,das
6351,",",--,PUNCT,punct,6352,das
6352,das,der,PRON,sb,6353,hat
6353,hat,haben,AUX,ROOT,6353,hat
6354,gewiß,gewiß,ADV,mo,6357,getaugt
6355,nicht,nicht,PART,ng,6356,viel
6356,viel,viel,ADV,mo,6357,getaugt
6357,getaugt,taugen,VERB,oc,6353,hat
6358,",",--,PUNCT,punct,6357,getaugt
6359,du,du,PRON,dep,6353,hat
6360,so,so,ADV,mnr,6359,du
6361,wie,wie,ADP,cm,6362,Christlieb
6362,Christlieb,Christlieb,NOUN,cc,6360,so
6363,",",--,PUNCT,punct,6359,du
6364,ihr,ihr,PRON,da,6365,seid
6365,seid,sein,AUX,par,6359,du
6366,ja,ja,ADV,mo,6365,seid
6367,beide,beide,PRON,pd,6365,seid
6368,ganz,ganz,ADV,mo,6369,umgeben
6369,umgeben,umgeben,VERB,ROOT,6369,umgeben
6370,von,von,ADP,sbp,6369,umgeben
6371,dem,der,DET,nk,6373,Spielzeuge
6372,herrlichsten,herrlichst,ADJ,nk,6373,Spielzeuge
6373,Spielzeuge,Spielzeug,NOUN,nk,6370,von
6374,",",--,PUNCT,punct,6373,Spielzeuge
6375,das,der,PRON,oa,6378,sehen
6376,man,man,PRON,sb,6379,kann
6377,nur,nur,ADV,mo,6379,kann
6378,sehen,sehen,VERB,oc,6379,kann
6379,kann,können,AUX,rc,6373,Spielzeuge
6380,.,--,PUNCT,punct,6369,umgeben
6381,"""",--,PUNCT,ROOT,6381,""""
6382,–,--,PUNCT,ROOT,6382,–
6383,"""",--,PUNCT,ROOT,6383,""""
6384,Wo,wo,SCONJ,ROOT,6384,Wo
6385,denn,denn,CCONJ,ROOT,6385,denn
6386,?,--,PUNCT,punct,6385,denn
6387,–,--,PUNCT,punct,6393,riefen
6388,Wo,wo,ADV,mo,6389,denn
6389,denn,denn,ADV,mo,6393,riefen
6390,?,--,PUNCT,punct,6393,riefen
6391,"""",--,PUNCT,punct,6393,riefen
6392,–,--,PUNCT,punct,6393,riefen
6393,riefen,rufen,VERB,oc,6405,sprach
6394,Christlieb,Christlieb,NOUN,sb,6393,riefen
6395,und,und,CCONJ,cd,6394,Christlieb
6396,Felix,Felix,PROPN,cj,6395,und
6397,–,--,PUNCT,punct,6393,riefen
6398,"""",--,PUNCT,punct,6399,Schaut
6399,Schaut,Schaut,VERB,oc,6393,riefen
6400,doch,doch,ADV,mo,6399,Schaut
6401,um,um,ADP,mo,6399,Schaut
6402,euch,euch,PRON,nk,6401,um
6403,"""",--,PUNCT,punct,6399,Schaut
6404,",",--,PUNCT,punct,6405,sprach
6405,sprach,sprechen,VERB,ROOT,6405,sprach
6406,das,der,DET,nk,6408,Kind
6407,fremde,fremd,ADJ,nk,6408,Kind
6408,Kind,Kind,NOUN,ROOT,6408,Kind
6409,.,--,PUNCT,punct,6408,Kind
6410,–,--,PUNCT,punct,6408,Kind
6411,Und,und,CCONJ,ju,6415,gewahrten
6412,Felix,Felix,PROPN,sb,6415,gewahrten
6413,und,und,CCONJ,cd,6412,Felix
6414,Christlieb,Christlieb,PROPN,cj,6413,und
6415,gewahrten,gewahrten,VERB,ROOT,6415,gewahrten
6416,",",--,PUNCT,punct,6415,gewahrten
6417,wie,wie,SCONJ,mo,6418,aus
6418,aus,aus,ADP,mo,6415,gewahrten
6419,dem,der,DET,nk,6420,dicken
6420,dicken,dick,ADJ,nk,6418,aus
6421,Grase,Grase,NOUN,ROOT,6421,Grase
6422,",",--,PUNCT,punct,6421,Grase
6423,aus,aus,ADP,mo,6421,Grase
6424,dem,der,DET,nk,6426,Moose
6425,wolligen,wollig,ADJ,nk,6426,Moose
6426,Moose,Moose,PROPN,nk,6423,aus
6427,allerlei,allerlei,DET,nk,6429,Blumen
6428,herrliche,herrlich,ADJ,nk,6429,Blumen
6429,Blumen,Blume,NOUN,dep,6421,Grase
6430,wie,wie,ADP,cm,6431,mit
6431,mit,mit,ADP,mnr,6429,Blumen
6432,glänzenden,glänzend,ADJ,nk,6431,mit
6433,Augen,Auge,NOUN,oa,6434,hervorguckten
6434,hervorguckten,hervorgucken,VERB,ROOT,6434,hervorguckten
6435,",",--,PUNCT,punct,6434,hervorguckten
6436,und,und,CCONJ,cd,6434,hervorguckten
6437,dazwischen,dazwischen,ADV,mo,6438,funkelten
6438,funkelten,funkelten,NOUN,cj,6436,und
6439,bunte,bunt,ADJ,nk,6440,Steine
6440,Steine,Stein,NOUN,oa,6438,funkelten
6441,und,und,CCONJ,cd,6440,Steine
6442,kristallne,Kristalln,ADJ,cj,6441,und
6443,Muscheln,Muschel,NOUN,sb,6448,tanzten
6444,",",--,PUNCT,punct,6443,Muscheln
6445,und,und,CCONJ,cd,6443,Muscheln
6446,goldene,golden,ADJ,nk,6447,Käferchen
6447,Käferchen,Käferchen,NOUN,cj,6445,und
6448,tanzten,tanzen,VERB,ROOT,6448,tanzten
6449,auf,auf,ADP,svp,6448,tanzten
6450,und,und,CCONJ,cd,6449,auf
6451,nieder,nieder,ADV,cj,6450,und
6452,",",--,PUNCT,punct,6448,tanzten
6453,und,und,CCONJ,cd,6448,tanzten
6454,summten,summen,VERB,cj,6453,und
6455,leise,leise,ADV,mo,6454,summten
6456,Liedchen,Liedche,NOUN,ROOT,6456,Liedchen
6457,.,--,PUNCT,punct,6456,Liedchen
6458,–,--,PUNCT,punct,6461,wollen
6459,"""",--,PUNCT,punct,6461,wollen
6460,Nun,nun,ADV,mo,6461,wollen
6461,wollen,wollen,AUX,ROOT,6461,wollen
6462,wir,wir,PRON,sb,6461,wollen
6463,einen,ein,DET,nk,6464,Palast
6464,Palast,Palast,NOUN,oa,6465,bauen
6465,bauen,bauen,VERB,oc,6461,wollen
6466,",",--,PUNCT,punct,6467,helft
6467,helft,helft,VERB,cj,6461,wollen
6468,mir,mir,PRON,da,6467,helft
6469,hübsch,hübsch,ADV,mo,6467,helft
6470,die,der,DET,nk,6471,Steine
6471,Steine,Stein,NOUN,sb,6467,helft
6472,zusammentragen,zusammentragen,VERB,ROOT,6472,zusammentragen
6473,!,--,PUNCT,punct,6472,zusammentragen
6474,"""",--,PUNCT,punct,6472,zusammentragen
6475,so,so,ADV,mo,6476,rief
6476,rief,rufen,VERB,ROOT,6476,rief
6477,das,der,DET,nk,6479,Kind
6478,fremde,fremd,ADJ,nk,6479,Kind
6479,Kind,Kind,NOUN,sb,6476,rief
6480,indem,indem,SCONJ,mo,6484,gebückt
6481,es,es,PRON,sb,6484,gebückt
6482,zur,zu,ADP,mo,6484,gebückt
6483,Erde,Erde,NOUN,nk,6482,zur
6484,gebückt,gebücken,VERB,mo,6476,rief
6485,bunte,bunt,ADJ,nk,6486,Steine
6486,Steine,Stein,NOUN,sb,6476,rief
6487,aufzulesen,aufzulesen,VERB,oc,6488,begann
6488,begann,beginnen,VERB,ROOT,6488,begann
6489,.,--,PUNCT,punct,6488,begann
6490,Christlieb,Christlieb,NOUN,sb,6493,halfen
6491,und,und,CCONJ,cd,6490,Christlieb
6492,Felix,Felix,PROPN,cj,6491,und
6493,halfen,helfen,VERB,ROOT,6493,halfen
6494,",",--,PUNCT,punct,6493,halfen
6495,und,und,CCONJ,cd,6493,halfen
6496,das,der,DET,nk,6498,Kind
6497,fremde,fremd,ADJ,nk,6498,Kind
6498,Kind,Kind,NOUN,sb,6499,wußte
6499,wußte,wissen,VERB,cj,6495,und
6500,so,so,ADV,mo,6499,wußte
6501,geschickt,schicken,ADV,mo,6505,fügen
6502,die,der,DET,nk,6503,Steine
6503,Steine,Stein,NOUN,oa,6505,fügen
6504,zu,zu,PART,pm,6505,fügen
6505,fügen,fügen,VERB,ROOT,6505,fügen
6506,",",--,PUNCT,punct,6505,fügen
6507,daß,daß,SCONJ,cp,6512,erhoben
6508,sich,sich,PRON,oa,6512,erhoben
6509,bald,bald,ADV,mo,6512,erhoben
6510,hohe,hoch,ADJ,nk,6511,Säulen
6511,Säulen,Säule,NOUN,sb,6512,erhoben
6512,erhoben,erheben,VERB,cc,6501,geschickt
6513,",",--,PUNCT,punct,6512,erhoben
6514,die,der,PRON,dep,6505,fügen
6515,in,in,ADP,mnr,6514,die
6516,der,der,DET,nk,6515,in
6517,Sonne,Sonne,NOUN,sb,6518,funkelten
6518,funkelten,funkelten,VERB,ROOT,6518,funkelten
6519,wie,wie,ADP,cm,6521,Metall
6520,poliertes,poliertes,ADJ,nk,6521,Metall
6521,Metall,Metall,NOUN,mo,6518,funkelten
6522,",",--,PUNCT,punct,6518,funkelten
6523,und,und,CCONJ,cd,6518,funkelten
6524,darüber,darüber,ADV,op,6525,wölbte
6525,wölbte,wölben,VERB,cj,6523,und
6526,sich,sich,PRON,oa,6525,wölbte
6527,ein,ein,DET,nk,6528,luftiges
6528,luftiges,luftig,ADJ,sb,6525,wölbte
6529,goldenes,golden,ADJ,nk,6530,Dach
6530,Dach,Dach,NOUN,ROOT,6530,Dach
6531,.,--,PUNCT,punct,6530,Dach
6532,–,--,PUNCT,punct,6534,küßte
6533,Nun,nun,ADV,mo,6534,küßte
6534,küßte,küssen,VERB,ROOT,6534,küßte
6535,das,der,DET,nk,6537,Kind
6536,fremde,fremd,ADJ,nk,6537,Kind
6537,Kind,Kind,NOUN,sb,6534,küßte
6538,die,der,DET,nk,6539,Blumen
6539,Blumen,Blume,NOUN,oa,6534,küßte
6540,die,der,DET,mo,6534,küßte
6541,aus,aus,ADP,mo,6534,küßte
6542,dem,der,DET,nk,6543,Boden
6543,Boden,Boden,NOUN,nk,6541,aus
6544,hervorguckten,hervorgucken,VERB,ROOT,6544,hervorguckten
6545,",",--,PUNCT,punct,6546,da
6546,da,da,ADV,mo,6547,rankten
6547,rankten,ranken,VERB,mo,6544,hervorguckten
6548,sie,sie,PRON,sb,6547,rankten
6549,mit,mit,ADP,mo,6547,rankten
6550,süßem,süß,ADJ,nk,6551,Gelispel
6551,Gelispel,Gelispel,NOUN,nk,6549,mit
6552,in,in,ADP,mo,6547,rankten
6553,die,der,DET,nk,6554,Höhe
6554,Höhe,Höhe,NOUN,nk,6552,in
6555,und,und,CCONJ,cd,6554,Höhe
6556,sich,sich,PRON,cj,6555,und
6557,in,in,ADP,cj,6555,und
6558,holder,holder,ADV,nk,6557,in
6559,Liebe,Liebe,NOUN,oa,6561,bildeten
6560,verschlingend,verschlingend,ADV,mo,6561,bildeten
6561,bildeten,bilden,VERB,ROOT,6561,bildeten
6562,sie,sie,PRON,sb,6561,bildeten
6563,duftende,duftend,ADJ,nk,6564,Bodengänge
6564,Bodengänge,Bodengang,NOUN,oa,6561,bildeten
6565,in,in,ADP,mo,6561,bildeten
6566,denen,der,PRON,nk,6565,in
6567,die,der,DET,nk,6568,Kinder
6568,Kinder,Kind,NOUN,oa,6561,bildeten
6569,voll,voll,ADV,svp,6561,bildeten
6570,Wonne,Wonne,NOUN,mo,6573,umhersprangen
6571,und,und,CCONJ,cd,6570,Wonne
6572,Entzücken,Entzück,NOUN,cj,6571,und
6573,umhersprangen,umhersprangen,VERB,ROOT,6573,umhersprangen
6574,.,--,PUNCT,punct,6573,umhersprangen
6575,Das,der,DET,nk,6577,Kind
6576,fremde,fremd,ADJ,nk,6577,Kind
6577,Kind,Kind,NOUN,sb,6578,klatschte
6578,klatschte,klatschen,VERB,ROOT,6578,klatschte
6579,in,in,ADP,mo,6578,klatschte
6580,die,der,DET,nk,6581,Hände
6581,Hände,Hand,NOUN,nk,6579,in
6582,",",--,PUNCT,punct,6578,klatschte
6583,da,da,SCONJ,cd,6578,klatschte
6584,sumste,sumste,VERB,ROOT,6584,sumste
6585,das,der,DET,nk,6587,Dach
6586,goldene,golden,ADJ,nk,6587,Dach
6587,Dach,Dach,NOUN,oa,6584,sumste
6588,des,der,DET,nk,6589,Palastes
6589,Palastes,Palast,NOUN,ag,6587,Dach
6590,–,--,PUNCT,punct,6584,sumste
6591,Goldkäferchen,Goldkäferche,NOUN,sb,6592,hatten
6592,hatten,haben,AUX,cj,6584,sumste
6593,es,es,PRON,ep,6592,hatten
6594,mit,mit,ADP,mo,6592,hatten
6595,ihren,ihr,DET,nk,6594,mit
6596,Flügeldecken,Flügeldecke,NOUN,ROOT,6596,Flügeldecken
6597,gewölbt,wölben,VERB,pd,6596,Flügeldecken
6598,–,--,PUNCT,punct,6596,Flügeldecken
6599,auseinander,auseinander,ADV,cj,6596,Flügeldecken
6600,und,und,CCONJ,cd,6596,Flügeldecken
6601,die,der,DET,nk,6602,Säulen
6602,Säulen,Säule,NOUN,sb,6603,zerflossen
6603,zerflossen,zerflossen,VERB,cj,6600,und
6604,zum,zu,ADP,mo,6603,zerflossen
6605,rieselnden,rieselnd,ADJ,nk,6604,zum
6606,Silberbach,Silberbach,PROPN,ROOT,6606,Silberbach
6607,",",--,PUNCT,punct,6606,Silberbach
6608,an,an,ADP,mo,6615,lagerten
6609,dessen,der,DET,ag,6610,Ufer
6610,Ufer,Ufer,NOUN,nk,6608,an
6611,sich,sich,PRON,oa,6615,lagerten
6612,die,der,DET,nk,6614,Blumen
6613,bunten,bunt,ADJ,nk,6614,Blumen
6614,Blumen,Blume,NOUN,sb,6615,lagerten
6615,lagerten,lagern,VERB,rc,6606,Silberbach
6616,und,und,CCONJ,cd,6615,lagerten
6617,bald,bald,ADV,mo,6618,neugierig
6618,neugierig,neugierig,ADV,cj,6616,und
6619,in,in,ADP,mo,6622,guckten
6620,seine,sein,DET,nk,6621,Wellen
6621,Wellen,Welle,NOUN,nk,6619,in
6622,guckten,guckten,VERB,ROOT,6622,guckten
6623,",",--,PUNCT,punct,6622,guckten
6624,bald,bald,ADV,mo,6626,Häupter
6625,ihre,ihr,DET,nk,6626,Häupter
6626,Häupter,Häupt,NOUN,sb,6622,guckten
6627,hin,hin,ADV,mo,6622,guckten
6628,und,und,CCONJ,cd,6627,hin
6629,her,her,ADV,mo,6630,wiegend
6630,wiegend,wiegend,ADV,cj,6628,und
6631,auf,auf,ADP,mo,6622,guckten
6632,sein,sein,AUX,nk,6631,auf
6633,kindisches,kindisch,ADJ,nk,6634,Plaudern
6634,Plaudern,plaudern,NOUN,oa,6635,horchten
6635,horchten,horchen,VERB,ROOT,6635,horchten
6636,.,--,PUNCT,punct,6635,horchten
6637,Nun,nun,ADV,mo,6638,pflückte
6638,pflückte,pflücken,VERB,ROOT,6638,pflückte
6639,das,der,DET,nk,6641,Kind
6640,fremde,fremd,ADJ,nk,6641,Kind
6641,Kind,Kind,NOUN,sb,6638,pflückte
6642,Grashalme,Grashalm,NOUN,oa,6638,pflückte
6643,",",--,PUNCT,punct,6638,pflückte
6644,und,und,CCONJ,cd,6638,pflückte
6645,brach,brechen,VERB,cj,6644,und
6646,kleine,klein,ADJ,nk,6647,Ästchen
6647,Ästchen,Ästchen,NOUN,ROOT,6647,Ästchen
6648,von,von,ADP,pg,6647,Ästchen
6649,den,der,DET,nk,6650,Bäumen
6650,Bäumen,Baum,NOUN,nk,6648,von
6651,die,der,DET,nk,6653,hinstreute
6652,es,es,PRON,ep,6651,die
6653,hinstreute,hinstreut,NOUN,ROOT,6653,hinstreute
6654,vor,vor,ADP,mnr,6653,hinstreute
6655,Felix,Felix,PROPN,nk,6654,vor
6656,und,und,CCONJ,cd,6655,Felix
6657,Christlieb,Christlieb,NOUN,cj,6656,und
6658,.,--,PUNCT,punct,6653,hinstreute
6659,Aber,aber,CCONJ,ROOT,6659,Aber
6660,aus,aus,ADP,mo,6672,sehen
6661,den,der,DET,nk,6662,Grashalmen
6662,Grashalmen,Grashalm,NOUN,nk,6660,aus
6663,wurden,werden,AUX,ROOT,6663,wurden
6664,bald,bald,ADV,mo,6672,sehen
6665,die,der,DET,nk,6667,Puppen
6666,schönsten,schön,ADJ,nk,6667,Puppen
6667,Puppen,Puppe,NOUN,sb,6663,wurden
6668,",",--,PUNCT,punct,6667,Puppen
6669,die,der,PRON,oa,6672,sehen
6670,man,man,PRON,sb,6673,konnte
6671,nur,nur,ADV,mo,6672,sehen
6672,sehen,sehen,VERB,oc,6673,konnte
6673,konnte,können,AUX,rc,6667,Puppen
6674,und,und,CCONJ,ROOT,6674,und
6675,aus,aus,ADP,mo,6678,kleine
6676,den,der,DET,nk,6677,Ästchen
6677,Ästchen,Ästchen,NOUN,nk,6675,aus
6678,kleine,klein,ADJ,nk,6680,Jäger
6679,allerliebste,allerliebster,ADJ,nk,6680,Jäger
6680,Jäger,Jäger,NOUN,cj,6674,und
6681,.,--,PUNCT,punct,6674,und
6682,Die,der,DET,nk,6683,Puppen
6683,Puppen,Puppe,NOUN,sb,6684,tanzten
6684,tanzten,tanzen,VERB,ROOT,6684,tanzten
6685,um,um,ADP,mo,6684,tanzten
6686,Christlieb,Christlieb,NOUN,nk,6685,um
6687,herum,herum,ADV,ROOT,6687,herum
6688,und,und,CCONJ,ROOT,6688,und
6689,ließen,lassen,VERB,cj,6688,und
6690,sich,sich,PRON,oa,6696,nehmen
6691,non,non,PROPN,sb,6689,ließen
6692,ihr,ihr,PRON,da,6696,nehmen
6693,auf,auf,ADP,mo,6696,nehmen
6694,den,der,DET,nk,6695,Schoß
6695,Schoß,Schoß,NOUN,nk,6693,auf
6696,nehmen,nehmen,VERB,oc,6689,ließen
6697,und,und,CCONJ,cd,6689,ließen
6698,lispelten,lispelen,VERB,cj,6697,und
6699,mit,mit,ADP,mo,6698,lispelten
6700,feinen,fein,NOUN,nk,6699,mit
6701,Stimmchen,Stimmche,NOUN,ROOT,6701,Stimmchen
6702,:,--,PUNCT,punct,6701,Stimmchen
6703,"""",--,PUNCT,punct,6704,Sei
6704,Sei,Sei,AUX,mo,6708,sei
6705,uns,uns,PRON,oa,6704,Sei
6706,gut,gut,ADV,pd,6704,Sei
6707,",",--,PUNCT,punct,6708,sei
6708,sei,sein,AUX,rs,6701,Stimmchen
6709,uns,uns,PRON,da,6710,gut
6710,gut,gut,ADV,pd,6708,sei
6711,",",--,PUNCT,punct,6708,sei
6712,liebe,lieb,ADJ,nk,6713,Christlieb
6713,Christlieb,Christlieb,NOUN,cj,6708,sei
6714,.,--,PUNCT,punct,6701,Stimmchen
6715,"""",--,PUNCT,punct,6701,Stimmchen
6716,Die,der,DET,nk,6717,Jäger
6717,Jäger,Jäger,NOUN,sb,6718,tummelten
6718,tummelten,tummeln,VERB,ROOT,6718,tummelten
6719,sich,sich,PRON,ROOT,6719,sich
6720,und,und,CCONJ,ju,6721,klirrten
6721,klirrten,klirren,VERB,ROOT,6721,klirrten
6722,mit,mit,ADP,mo,6721,klirrten
6723,den,der,DET,nk,6724,Büchsen
6724,Büchsen,Büchse,NOUN,nk,6722,mit
6725,und,und,CCONJ,cd,6721,klirrten
6726,bliesen,bliesen,VERB,cj,6725,und
6727,auf,auf,ADP,op,6726,bliesen
6728,ihren,ihr,DET,nk,6729,Hörnern
6729,Hörnern,Horn,NOUN,nk,6727,auf
6730,und,und,CCONJ,cd,6721,klirrten
6731,riefen,rufen,VERB,cj,6730,und
6732,:,--,PUNCT,punct,6721,klirrten
6733,"""",--,PUNCT,punct,6734,Hallo
6734,Hallo,Hallo,PROPN,ROOT,6734,Hallo
6735,!,--,PUNCT,punct,6734,Hallo
6736,–,--,PUNCT,punct,6737,Hallo
6737,Hallo,Hallo,PROPN,cj,6734,Hallo
6738,!,--,PUNCT,punct,6734,Hallo
6739,zur,zu,ADP,ROOT,6739,zur
6740,Jagd,Jagd,NOUN,nk,6739,zur
6741,zur,zu,ADP,mnr,6740,Jagd
6742,Jagd,Jagd,NOUN,nk,6741,zur
6743,!,--,PUNCT,punct,6739,zur
6744,"""",--,PUNCT,punct,6739,zur
6745,–,--,PUNCT,punct,6747,sprangen
6746,Da,da,ADV,mo,6747,sprangen
6747,sprangen,springen,VERB,ROOT,6747,sprangen
6748,die,der,DET,nk,6749,Häschen
6749,Häschen,häschen,NOUN,sb,6747,sprangen
6750,aus,aus,ADP,mo,6747,sprangen
6751,den,der,DET,nk,6752,Büschen
6752,Büschen,Busch,NOUN,nk,6750,aus
6753,und,und,CCONJ,ju,6766,war
6754,Hunde,Hund,NOUN,cj,6753,und
6755,ihnen,ihnen,PRON,da,6754,Hunde
6756,nach,nach,ADP,svp,6754,Hunde
6757,",",--,PUNCT,punct,6754,Hunde
6758,und,und,CCONJ,cd,6754,Hunde
6759,die,der,DET,nk,6760,Jäger
6760,Jäger,Jäger,NOUN,sb,6761,knallten
6761,knallten,knallen,VERB,cj,6758,und
6762,hinterdrein,hinterdrein,NOUN,mo,6761,knallten
6763,!,--,PUNCT,punct,6766,war
6764,–,--,PUNCT,punct,6765,Das
6765,Das,der,PRON,sb,6766,war
6766,war,sein,AUX,ROOT,6766,war
6767,eine,ein,DET,nk,6768,Lust
6768,Lust,Lust,NOUN,pd,6766,war
6769,–,--,PUNCT,punct,6766,war
6770,Alles,alle,PRON,sb,6771,verlor
6771,verlor,verlieren,VERB,ROOT,6771,verlor
6772,sich,sich,PRON,oa,6771,verlor
6773,wieder,wieder,ADV,mo,6771,verlor
6774,",",--,PUNCT,punct,6771,verlor
6775,Christlieb,Christlieb,NOUN,sb,6778,riefen
6776,und,und,CCONJ,cd,6775,Christlieb
6777,Felix,Felix,PROPN,cj,6776,und
6778,riefen,rufen,VERB,oc,6771,verlor
6779,:,--,PUNCT,punct,6771,verlor
6780,"""",--,PUNCT,punct,6782,sind
6781,Wo,wo,ADV,mo,6782,sind
6782,sind,sein,AUX,oc,6771,verlor
6783,die,der,DET,nk,6784,Puppen
6784,Puppen,Puppe,NOUN,sb,6782,sind
6785,",",--,PUNCT,punct,6784,Puppen
6786,wo,wo,SCONJ,mo,6771,verlor
6787,sind,sein,AUX,ROOT,6787,sind
6788,die,der,DET,nk,6789,Jäger
6789,Jäger,Jäger,NOUN,sb,6787,sind
6790,.,--,PUNCT,punct,6787,sind
6791,"""",--,PUNCT,punct,6787,sind
6792,Das,der,DET,nk,6794,Kind
6793,fremde,fremd,ADJ,nk,6794,Kind
6794,Kind,Kind,NOUN,sb,6795,sprach
6795,sprach,sprechen,VERB,ROOT,6795,sprach
6796,:,--,PUNCT,punct,6795,sprach
6797,"""",--,PUNCT,punct,6798,Oh
6798,Oh,Oh,PROPN,oc,6795,sprach
6799,!,--,PUNCT,punct,6798,Oh
6800,die,der,PRON,sb,6801,stehen
6801,stehen,stehen,VERB,ROOT,6801,stehen
6802,euch,euch,PRON,da,6801,stehen
6803,alle,alle,PRON,da,6801,stehen
6804,zu,zu,ADP,cvc,6801,stehen
6805,Gebote,Gebot,NOUN,nk,6804,zu
6806,",",--,PUNCT,punct,6801,stehen
6807,die,der,PRON,sb,6808,sind
6808,sind,sein,AUX,ROOT,6808,sind
6809,jeden,jeder,DET,nk,6810,Augenblick
6810,Augenblick,Augenblick,NOUN,pd,6808,sind
6811,bei,bei,ADP,mo,6808,sind
6812,euch,euch,PRON,nk,6811,bei
6813,wenn,wenn,SCONJ,cp,6816,wollt
6814,ihr,ihr,PRON,da,6816,wollt
6815,nur,nur,ADV,mo,6816,wollt
6816,wollt,wollen,VERB,pd,6808,sind
6817,",",--,PUNCT,punct,6808,sind
6818,aber,aber,CCONJ,cd,6808,sind
6819,möchtet,möchten,VERB,cj,6818,aber
6820,ihr,ihr,PRON,oa,6819,möchtet
6821,nicht,nicht,PART,ng,6819,möchtet
6822,lieber,lieber,ADV,mo,6829,laufen
6823,jetzt,jetzt,ADV,mo,6829,laufen
6824,ein,ein,DET,nk,6825,bißchen
6825,bißchen,bißchen,PRON,mo,6829,laufen
6826,durch,durch,ADP,mo,6829,laufen
6827,den,der,DET,nk,6828,Wald
6828,Wald,Wald,NOUN,nk,6826,durch
6829,laufen,laufen,VERB,ROOT,6829,laufen
6830,?,--,PUNCT,punct,6829,laufen
6831,"""",--,PUNCT,punct,6829,laufen
6832,–,--,PUNCT,punct,6841,riefen
6833,"""",--,PUNCT,punct,6834,Ach
6834,Ach,ach,INTJ,vo,6841,riefen
6835,ja,ja,PART,mo,6834,Ach
6836,",",--,PUNCT,punct,6841,riefen
6837,ach,ach,INTJ,mo,6841,riefen
6838,ja,ja,ADV,mo,6837,ach
6839,!,--,PUNCT,punct,6841,riefen
6840,"""",--,PUNCT,punct,6841,riefen
6841,riefen,rufen,VERB,ROOT,6841,riefen
6842,beide,beide,PRON,ROOT,6842,beide
6843,",",--,PUNCT,punct,6842,beide
6844,Felix,Felix,PROPN,cj,6842,beide
6845,und,und,CCONJ,cd,6844,Felix
6846,Christlieb,Christlieb,NOUN,cj,6845,und
6847,.,--,PUNCT,punct,6842,beide
6848,Da,da,ADV,mo,6849,faßte
6849,faßte,fassen,VERB,ROOT,6849,faßte
6850,das,der,DET,nk,6852,Kind
6851,fremde,fremd,ADJ,nk,6852,Kind
6852,Kind,Kind,NOUN,sb,6849,faßte
6853,sie,sie,PRON,oa,6849,faßte
6854,bei,bei,ADP,mo,6849,faßte
6855,den,der,DET,nk,6856,Händen
6856,Händen,Hand,NOUN,nk,6854,bei
6857,und,und,CCONJ,cd,6849,faßte
6858,rief,rufen,VERB,ROOT,6858,rief
6859,:,--,PUNCT,punct,6858,rief
6860,"""",--,PUNCT,punct,6863,kommt
6861,Kommt,kommen,VERB,sb,6863,kommt
6862,",",--,PUNCT,punct,6863,kommt
6863,kommt,kommen,VERB,oc,6858,rief
6864,!,--,PUNCT,punct,6858,rief
6865,"""",--,PUNCT,punct,6863,kommt
6866,und,und,CCONJ,cd,6858,rief
6867,damit,damit,ADV,mo,6868,ging
6868,ging,gehen,VERB,cj,6866,und
6869,es,es,PRON,ep,6868,ging
6870,fort,fort,ADV,svp,6868,ging
6871,.,--,PUNCT,punct,6858,rief
6872,Aber,aber,CCONJ,ju,6874,war
6873,das,der,PRON,sb,6874,war
6874,war,sein,AUX,ROOT,6874,war
6875,ja,ja,ADV,mo,6874,war
6876,gar,gar,ADV,mo,6877,kein
6877,kein,kein,DET,nk,6878,Laufen
6878,Laufen,laufen,NOUN,pd,6874,war
6879,zu,zu,PART,pm,6880,nennen
6880,nennen,nennen,VERB,ROOT,6880,nennen
6881,!,--,PUNCT,punct,6880,nennen
6882,–,--,PUNCT,punct,6883,Nein
6883,Nein,nein,PART,ROOT,6883,Nein
6884,!,--,PUNCT,punct,6883,Nein
6885,Die,der,DET,nk,6886,Kinder
6886,Kinder,Kind,NOUN,sb,6887,schwebten
6887,schwebten,schweben,VERB,ROOT,6887,schwebten
6888,im,in,ADP,mo,6887,schwebten
6889,leichten,leicht,ADJ,nk,6890,Fluge
6890,Fluge,Flug,NOUN,nk,6888,im
6891,durch,durch,ADP,mo,6887,schwebten
6892,Wald,Wald,NOUN,nk,6891,durch
6893,und,und,CCONJ,cd,6892,Wald
6894,Flur,Flur,NOUN,cj,6893,und
6895,und,und,CCONJ,ju,6899,flatterten
6896,die,der,DET,nk,6898,Vögel
6897,bunten,bunt,ADJ,nk,6898,Vögel
6898,Vögel,Vogel,NOUN,sb,6899,flatterten
6899,flatterten,flatterten,VERB,ROOT,6899,flatterten
6900,laut,laut,ADP,mo,6899,flatterten
6901,singend,singend,ADV,nk,6900,laut
6902,und,und,CCONJ,cd,6901,singend
6903,jubilierend,jubilierend,ADV,cj,6902,und
6904,um,um,ADP,op,6899,flatterten
6905,sie,sie,PRON,nk,6904,um
6906,her,her,ADV,svp,6899,flatterten
6907,.,--,PUNCT,punct,6899,flatterten
6908,Mit,mit,ADP,ROOT,6908,Mit
6909,einemmal,einemmal,ADV,mo,6910,ging
6910,ging,gehen,VERB,ROOT,6910,ging
6911,es,es,PRON,ep,6910,ging
6912,hoch,hoch,ADV,mo,6910,ging
6913,–,--,PUNCT,punct,6910,ging
6914,hoch,hoch,ADV,mo,6915,in
6915,in,in,ADP,mo,6910,ging
6916,die,der,DET,nk,6917,Lüfte
6917,Lüfte,Lüfte,NOUN,nk,6915,in
6918,.,--,PUNCT,punct,6910,ging
6919,"""",--,PUNCT,punct,6921,Morgen
6920,Guten,gut,ADJ,nk,6921,Morgen
6921,Morgen,Morge,NOUN,ROOT,6921,Morgen
6922,Kinder,Kind,NOUN,nk,6921,Morgen
6923,!,--,PUNCT,punct,6921,Morgen
6924,Guten,Guten,ADJ,nk,6925,Morgen
6925,Morgen,Morgen,NOUN,ROOT,6925,Morgen
6926,Gevatter,Gevatter,NOUN,sb,6930,rief
6927,Felix,Felix,PROPN,nk,6926,Gevatter
6928,!,--,PUNCT,punct,6930,rief
6929,"""",--,PUNCT,punct,6930,rief
6930,rief,rufen,VERB,ROOT,6930,rief
6931,der,der,DET,nk,6932,Storch
6932,Storch,Storch,NOUN,oa,6930,rief
6933,im,in,ADP,mo,6930,rief
6934,Vorbeistreifen,Vorbeistreife,NOUN,nk,6933,im
6935,!,--,PUNCT,punct,6930,rief
6936,"""",--,PUNCT,punct,6937,Tut
6937,Tut,Tut,VERB,mo,6941,tut
6938,mir,mir,PRON,da,6937,Tut
6939,nichts,nichts,PRON,oa,6937,Tut
6940,",",--,PUNCT,punct,6941,tut
6941,tut,tun,VERB,ROOT,6941,tut
6942,mir,mir,PRON,da,6941,tut
6943,nichts,nichts,PRON,nk,6948,Täublein
6944,–,--,PUNCT,punct,6948,Täublein
6945,ich,ich,PRON,sb,6948,Täublein
6946,freß,freß,NOUN,nk,6948,Täublein
6947,euer,eu,ADJ,nk,6948,Täublein
6948,Täublein,Täublein,NOUN,mo,6952,kreischte
6949,nicht,nicht,PART,ng,6948,Täublein
6950,!,--,PUNCT,punct,6952,kreischte
6951,"""",--,PUNCT,dep,6952,kreischte
6952,kreischte,kreischen,VERB,ROOT,6952,kreischte
6953,der,der,DET,nk,6954,Geier
6954,Geier,Geier,NOUN,sb,6952,kreischte
6955,",",--,PUNCT,punct,6952,kreischte
6956,sich,sich,PRON,oa,6952,kreischte
6957,in,in,ADP,mo,6952,kreischte
6958,banger,Banger,PROPN,nk,6957,in
6959,Scheu,Scheu,NOUN,mo,6966,schwingend
6960,vor,vor,ADP,mo,6966,schwingend
6961,den,der,DET,nk,6962,Kindern
6962,Kindern,Kind,NOUN,nk,6960,vor
6963,durch,durch,ADP,mo,6966,schwingend
6964,die,der,DET,nk,6965,Lüfte
6965,Lüfte,Lüft,NOUN,nk,6963,durch
6966,schwingend,schwingend,ADV,ROOT,6966,schwingend
6967,–,--,PUNCT,punct,6966,schwingend
6968,Felix,Felix,PROPN,sb,6969,jauchzte
6969,jauchzte,jauchzen,VERB,cj,6966,schwingend
6970,laut,laut,ADV,mo,6969,jauchzte
6971,",",--,PUNCT,punct,6969,jauchzte
6972,aber,aber,CCONJ,cd,6969,jauchzte
6973,der,der,DET,nk,6974,Christlieb
6974,Christlieb,Christlieb,NOUN,sb,6975,wurde
6975,wurde,werden,AUX,ROOT,6975,wurde
6976,bange,bange,ADV,pd,6975,wurde
6977,.,--,PUNCT,punct,6975,wurde
6978,"""",--,PUNCT,punct,6980,vergeht
6979,Mir,mir,PRON,da,6980,vergeht
6980,vergeht,vergehen,VERB,ROOT,6980,vergeht
6981,der,der,DET,nk,6982,Atem
6982,Atem,Atem,NOUN,sb,6980,vergeht
6983,–,--,PUNCT,punct,6982,Atem
6984,ach,ach,SCONJ,mo,6986,falle
6985,ich,ich,PRON,sb,6986,falle
6986,falle,fallen,VERB,mo,6980,vergeht
6987,wohl,wohl,ADV,mo,6986,falle
6988,!,--,PUNCT,punct,6980,vergeht
6989,"""",--,PUNCT,punct,6980,vergeht
6990,so,so,ADV,ROOT,6990,so
6991,rief,rufen,VERB,ROOT,6991,rief
6992,sie,sie,PRON,sb,6991,rief
6993,und,und,CCONJ,cd,6991,rief
6994,in,in,ADP,cj,6993,und
6995,demselben,derselbe,DET,nk,6996,Augenblick
6996,Augenblick,Augenblick,NOUN,nk,6994,in
6997,ließ,lassen,VERB,cj,6991,rief
6998,sich,sich,PRON,oa,6997,ließ
6999,das,der,DET,nk,7001,Kind
7000,fremde,fremd,ADJ,nk,7001,Kind
7001,Kind,Kind,NOUN,sb,6997,ließ
7002,mit,mit,ADP,mo,6997,ließ
7003,den,der,DET,nk,7002,mit
7004,Gespielen,Gespiel,NOUN,ROOT,7004,Gespielen
7005,nieder,nieder,ADV,mo,7004,Gespielen
7006,",",--,PUNCT,punct,7004,Gespielen
7007,und,und,CCONJ,cd,7004,Gespielen
7008,sprach,sprechen,VERB,cj,7007,und
7009,:,--,PUNCT,punct,7008,sprach
7010,"""",--,PUNCT,punct,7012,singe
7011,Nun,nun,ADV,mo,7012,singe
7012,singe,singen,VERB,oc,7008,sprach
7013,ich,ich,PRON,sb,7012,singe
7014,euch,euch,PRON,da,7012,singe
7015,das,der,DET,nk,7016,Waldlied
7016,Waldlied,Waldlied,NOUN,oa,7012,singe
7017,zum,zu,ADP,mo,7012,singe
7018,Abschiede,Abschiede,NOUN,nk,7017,zum
7019,für,für,ADP,mo,7023,komm
7020,heute,heute,ADV,nk,7019,für
7021,",",--,PUNCT,punct,7020,heute
7022,morgen,morgen,ADV,mo,7023,komm
7023,komm,kommen,VERB,ROOT,7023,komm
7024,ich,ich,PRON,sb,7023,komm
7025,wieder,wieder,ADV,svp,7023,komm
7026,.,--,PUNCT,punct,7023,komm
7027,"""",--,PUNCT,punct,7023,komm
7028,Nun,nun,ADV,mo,7029,nahm
7029,nahm,nehmen,VERB,ROOT,7029,nahm
7030,das,der,DET,nk,7031,Kind
7031,Kind,Kind,NOUN,sb,7029,nahm
7032,ein,ein,DET,nk,7034,Waldhorn
7033,kleines,klein,ADJ,nk,7034,Waldhorn
7034,Waldhorn,Waldhorn,NOUN,oa,7029,nahm
7035,hervor,hervor,ADV,ROOT,7035,hervor
7036,",",--,PUNCT,punct,7035,hervor
7037,dessen,der,DET,ag,7038,goldne
7038,goldne,Goldne,ADJ,sb,7042,waren
7039,Windungen,Windung,NOUN,sb,7042,waren
7040,beinahe,beinahe,ADV,mo,7041,anzusehen
7041,anzusehen,ansehen,VERB,oc,7042,waren
7042,waren,sein,AUX,rc,7035,hervor
7043,",",--,PUNCT,punct,7042,waren
7044,wie,wie,ADP,cm,7045,leuchtende
7045,leuchtende,leuchtend,ADJ,cc,7040,beinahe
7046,Blumenkränze,Blumenkränze,NOUN,ROOT,7046,Blumenkränze
7047,und,und,CCONJ,cd,7046,Blumenkränze
7048,begann,beginnen,VERB,cj,7047,und
7049,darauf,darauf,ADV,mo,7048,begann
7050,so,so,ADV,mo,7051,herrlich
7051,herrlich,herrlich,ADV,mo,7053,blasen
7052,zu,zu,PART,pm,7053,blasen
7053,blasen,blasen,VERB,oc,7048,begann
7054,",",--,PUNCT,punct,7053,blasen
7055,daß,daß,SCONJ,cp,7058,Wald
7056,der,der,DET,nk,7058,Wald
7057,ganze,ganz,ADJ,nk,7058,Wald
7058,Wald,Wald,NOUN,sb,7048,begann
7059,wundersam,wundersam,ADV,mo,7064,widerhallte
7060,von,von,ADP,op,7064,widerhallte
7061,den,der,DET,nk,7063,Tönen
7062,lieblichen,lieblich,ADJ,nk,7063,Tönen
7063,Tönen,Ton,NOUN,nk,7060,von
7064,widerhallte,widerhalln,VERB,ROOT,7064,widerhallte
7065,",",--,PUNCT,punct,7064,widerhallte
7066,und,und,CCONJ,cd,7064,widerhallte
7067,dazu,dazu,ADV,mo,7068,sangen
7068,sangen,singen,VERB,cj,7066,und
7069,die,der,DET,sb,7068,sangen
7070,Nachtigallen,Nachtigalle,NOUN,ROOT,7070,Nachtigallen
7071,",",--,PUNCT,punct,7070,Nachtigallen
7072,die,der,PRON,sb,7078,herbeiflatterten
7073,wie,wie,ADP,cm,7074,auf
7074,auf,auf,ADP,mo,7078,herbeiflatterten
7075,des,der,DET,nk,7076,Waldhorns
7076,Waldhorns,Waldhorn,NOUN,ag,7077,Ruf
7077,Ruf,Ruf,NOUN,nk,7074,auf
7078,herbeiflatterten,herbeiflatterten,VERB,rc,7070,Nachtigallen
7079,und,und,CCONJ,cd,7078,herbeiflatterten
7080,sich,sich,PRON,oa,7081,dicht
7081,dicht,dicht,ADV,cj,7079,und
7082,neben,neben,ADP,mo,7088,setzten
7083,dem,der,DET,nk,7084,Kinde
7084,Kinde,Kind,NOUN,nk,7082,neben
7085,in,in,ADP,mo,7088,setzten
7086,die,der,DET,nk,7087,Zweige
7087,Zweige,Zweig,NOUN,nk,7085,in
7088,setzten,setzen,VERB,ROOT,7088,setzten
7089,",",--,PUNCT,punct,7088,setzten
7090,ihre,ihr,DET,nk,7092,Lieder
7091,herrlichsten,herrlichst,ADJ,nk,7092,Lieder
7092,Lieder,Lied,NOUN,oa,7088,setzten
7093,.,--,PUNCT,punct,7088,setzten
7094,Aber,aber,CCONJ,ROOT,7094,Aber
7095,plötzlich,plötzlich,ADV,mo,7094,Aber
7096,verhallten,verhallen,VERB,ROOT,7096,verhallten
7097,die,der,DET,nk,7098,Töne
7098,Töne,Ton,NOUN,sb,7096,verhallten
7099,mehr,mehr,ADV,mo,7096,verhallten
7100,und,und,CCONJ,cd,7099,mehr
7101,mehr,mehr,PRON,cj,7100,und
7102,und,und,CCONJ,cd,7096,verhallten
7103,nur,nur,ADV,mo,7106,Säuseln
7104,ein,ein,DET,nk,7106,Säuseln
7105,leises,leis,ADJ,nk,7106,Säuseln
7106,Säuseln,Säuseln,NOUN,sb,7107,quoll
7107,quoll,quoll,ADV,cj,7102,und
7108,aus,aus,ADP,mo,7107,quoll
7109,den,der,DET,ROOT,7109,den
7110,Gebüschen,gebüschen,NOUN,ROOT,7110,Gebüschen
7111,",",--,PUNCT,punct,7110,Gebüschen
7112,in,in,ADP,mo,7117,hingeschwunden
7113,die,der,PRON,nk,7112,in
7114,das,der,DET,nk,7116,Kind
7115,fremde,fremd,ADJ,nk,7116,Kind
7116,Kind,Kind,NOUN,oa,7117,hingeschwunden
7117,hingeschwunden,hingeschwunden,VERB,rc,7110,Gebüschen
7118,.,--,PUNCT,punct,7110,Gebüschen
7119,"""",--,PUNCT,dep,7120,Morgen
7120,Morgen,morgen,ADV,ROOT,7120,Morgen
7121,–,--,PUNCT,punct,7120,Morgen
7122,morgen,morgen,ADV,mo,7123,kehr
7123,kehr,Kehr,ADV,par,7120,Morgen
7124,ich,ich,PRON,pd,7120,Morgen
7125,wieder,wieder,ADV,ROOT,7125,wieder
7126,!,--,PUNCT,punct,7125,wieder
7127,"""",--,PUNCT,ROOT,7127,""""
7128,so,so,ADV,mo,7129,rief
7129,rief,rufen,VERB,ROOT,7129,rief
7130,es,es,PRON,ep,7129,rief
7131,aus,aus,ADP,op,7129,rief
7132,weiter,weit,ADJ,nk,7133,Ferne
7133,Ferne,Ferne,NOUN,nk,7131,aus
7134,den,der,DET,nk,7135,Kindern
7135,Kindern,Kind,NOUN,da,7129,rief
7136,zu,zu,ADP,svp,7129,rief
7137,",",--,PUNCT,punct,7129,rief
7138,die,der,PRON,sb,7140,wußten
7139,nicht,nicht,PART,ng,7140,wußten
7140,wußten,wissen,VERB,rc,7129,rief
7141,wie,wie,ADP,cm,7142,ihnen
7142,ihnen,ihnen,PRON,cc,7140,wußten
7143,geschehen,geschehen,VERB,ROOT,7143,geschehen
7144,",",--,PUNCT,punct,7143,geschehen
7145,denn,denn,CCONJ,cd,7143,geschehen
7146,solch,solcher,DET,nk,7148,Lust
7147,innere,innerer,ADJ,nk,7148,Lust
7148,Lust,Lust,NOUN,oa,7152,empfunden
7149,hatten,haben,AUX,cj,7145,denn
7150,sie,sie,PRON,sb,7149,hatten
7151,nie,nie,ADV,mo,7152,empfunden
7152,empfunden,empfinden,VERB,oc,7149,hatten
7153,.,--,PUNCT,punct,7143,geschehen
7154,"""",--,PUNCT,ROOT,7154,""""
7155,Ach,ach,INTJ,mo,7156,wenn
7156,wenn,wenn,SCONJ,ROOT,7156,wenn
7157,es,es,PRON,ep,7156,wenn
7158,doch,doch,ADV,mo,7156,wenn
7159,nur,nur,ADV,mo,7161,wieder
7160,schon,schon,ADV,mo,7161,wieder
7161,wieder,wieder,ADV,mo,7163,wäre
7162,morgen,morgen,ADV,mo,7161,wieder
7163,wäre,sein,AUX,ROOT,7163,wäre
7164,"""",--,PUNCT,punct,7163,wäre
7165,",",--,PUNCT,punct,7166,so
7166,so,so,ADV,mo,7167,sprachen
7167,sprachen,sprechen,VERB,cj,7163,wäre
7168,beide,beide,PRON,sb,7167,sprachen
7169,",",--,PUNCT,punct,7168,beide
7170,Felix,Felix,PROPN,cj,7168,beide
7171,und,und,CCONJ,cd,7170,Felix
7172,Christlieb,Christlieb,NOUN,cj,7171,und
7173,",",--,PUNCT,punct,7167,sprachen
7174,indem,indem,SCONJ,mo,7163,wäre
7175,sie,sie,PRON,sb,7180,liefen
7176,voller,voll,ADP,mo,7180,liefen
7177,Hast,Hast,NOUN,nk,7176,voller
7178,nach,nach,ADP,mo,7180,liefen
7179,Hause,Haus,NOUN,nk,7178,nach
7180,liefen,laufen,VERB,ROOT,7180,liefen
7181,um,um,ADP,op,7185,erzählen
7182,den,der,DET,nk,7183,Eltern
7183,Eltern,Eltern,NOUN,nk,7181,um
7184,zu,zu,PART,pm,7185,erzählen
7185,erzählen,erzählen,VERB,mo,7180,liefen
7186,",",--,PUNCT,punct,7185,erzählen
7187,was,wer,PRON,oa,7180,liefen
7188,sich,sich,PRON,oa,7189,im
7189,im,in,ADP,mo,7180,liefen
7190,Walde,Walde,NOUN,nk,7189,im
7191,begeben,begeben,VERB,ROOT,7191,begeben
7192,.,--,PUNCT,punct,7191,begeben
7193,Was,was,PRON,oa,7207,sagten
7194,der,der,DET,nk,7195,Herr
7195,Herr,Herr,NOUN,sb,7207,sagten
7196,von,von,ADP,pg,7195,Herr
7197,Brakel,Brakel,NOUN,nk,7196,von
7198,und,und,CCONJ,cd,7195,Herr
7199,die,der,DET,nk,7200,Frau
7200,Frau,Frau,NOUN,cj,7198,und
7201,von,von,ADP,pg,7200,Frau
7202,Brakel,Brakel,PROPN,nk,7201,von
7203,zu,zu,ADP,mo,7207,sagten
7204,dem,der,DET,nk,7206,Kinde
7205,fremde,fremd,ADJ,nk,7206,Kinde
7206,Kinde,Kind,NOUN,nk,7203,zu
7207,sagten,sagen,VERB,ROOT,7207,sagten
7208,",",--,PUNCT,punct,7207,sagten
7209,und,und,CCONJ,cd,7207,sagten
7210,was,was,PRON,sb,7215,begab
7211,sich,sich,PRON,oa,7215,begab
7212,weiter,weiter,ADV,mo,7215,begab
7213,mit,mit,ADP,mo,7215,begab
7214,demselben,derselbe,PRON,nk,7213,mit
7215,begab,begeben,VERB,ROOT,7215,begab
7216,"""",--,PUNCT,punct,7218,möchte
7217,Beinahe,beinahe,ADV,mo,7218,möchte
7218,möchte,möchten,AUX,ROOT,7218,möchte
7219,ich,ich,PRON,sb,7218,möchte
7220,glauben,glauben,VERB,oc,7218,möchte
7221,",",--,PUNCT,punct,7220,glauben
7222,daß,daß,SCONJ,cp,7229,hat
7223,den,der,DET,nk,7224,Kindern
7224,Kindern,Kind,NOUN,da,7228,geträumt
7225,das,der,DET,nk,7226,alles
7226,alles,alle,PRON,sb,7229,hat
7227,nur,nur,ADV,mo,7228,geträumt
7228,geträumt,träumen,VERB,oc,7229,hat
7229,hat,haben,AUX,oc,7220,glauben
7230,!,--,PUNCT,punct,7218,möchte
7231,"""",--,PUNCT,punct,7218,möchte
7232,So,so,ADV,ROOT,7232,So
7233,sprach,sprechen,VERB,ROOT,7233,sprach
7234,der,der,DET,nk,7235,Herr
7235,Herr,Herr,NOUN,sb,7233,sprach
7236,Thaddäus,Thaddäus,PROPN,nk,7235,Herr
7237,von,von,ADP,op,7233,sprach
7238,Brakel,Brakel,PROPN,nk,7237,von
7239,zu,zu,ADP,mo,7233,sprach
7240,seiner,sein,DET,nk,7241,Gemahlin
7241,Gemahlin,Gemahlin,NOUN,nk,7239,zu
7242,",",--,PUNCT,punct,7233,sprach
7243,als,als,ADP,mo,7233,sprach
7244,Felix,Felix,PROPN,nk,7243,als
7245,und,und,CCONJ,cd,7243,als
7246,Christlieb,Christlieb,NOUN,sb,7248,erfüllt
7247,ganz,ganz,ADV,mo,7248,erfüllt
7248,erfüllt,erfüllen,VERB,oc,7255,konnten
7249,von,von,ADP,mo,7248,erfüllt
7250,dem,der,DET,nk,7252,Kinde
7251,fremden,fremd,ADJ,nk,7252,Kinde
7252,Kinde,Kind,NOUN,nk,7249,von
7253,nicht,nicht,PART,ng,7255,konnten
7254,aufhören,aufhören,VERB,oc,7255,konnten
7255,konnten,können,AUX,ROOT,7255,konnten
7256,",",--,PUNCT,punct,7257,sein
7257,sein,sein,AUX,oc,7255,konnten
7258,holdes,hold,ADJ,nk,7259,Wesen
7259,Wesen,Wesen,NOUN,ROOT,7259,Wesen
7260,",",--,PUNCT,punct,7259,Wesen
7261,seinen,sein,DET,nk,7263,Gesang
7262,anmutigen,anmutig,ADJ,nk,7263,Gesang
7263,Gesang,Gesang,NOUN,cj,7259,Wesen
7264,",",--,PUNCT,punct,7259,Wesen
7265,seine,sein,DET,nk,7267,Spiele
7266,wunderbaren,wunderbar,ADJ,nk,7267,Spiele
7267,Spiele,Spiel,NOUN,oa,7269,preisen
7268,zu,zu,PART,pm,7269,preisen
7269,preisen,preisen,VERB,oc,7259,Wesen
7270,.,--,PUNCT,punct,7259,Wesen
7271,"""",--,PUNCT,punct,7272,Denk
7272,Denk,denk,ADV,mo,7273,ich
7273,ich,ich,PRON,sb,7279,fuhr
7274,aber,aber,ADV,mo,7273,ich
7275,wieder,wieder,ADV,mo,7273,ich
7276,daran,daran,ADV,mo,7273,ich
7277,"""",--,PUNCT,punct,7273,ich
7278,",",--,PUNCT,punct,7279,fuhr
7279,fuhr,fahren,VERB,ROOT,7279,fuhr
7280,Herr,Herr,NOUN,sb,7279,fuhr
7281,von,von,ADP,pg,7280,Herr
7282,Brakel,Brakel,PROPN,nk,7281,von
7283,fort,fort,ADV,svp,7279,fuhr
7284,",",--,PUNCT,punct,7279,fuhr
7285,"""",--,PUNCT,punct,7279,fuhr
7286,daß,daß,SCONJ,dep,7279,fuhr
7287,beide,beide,PRON,sb,7289,nicht
7288,doch,doch,ADV,mo,7289,nicht
7289,nicht,nicht,PART,ng,7286,daß
7290,auf,auf,ADP,mo,7296,geträumt
7291,einmal,einmal,ADV,nk,7290,auf
7292,und,und,CCONJ,cd,7291,einmal
7293,auf,auf,ADP,cj,7292,und
7294,gleiche,gleich,ADJ,nk,7295,Weise
7295,Weise,Weise,NOUN,nk,7293,auf
7296,geträumt,träumen,VERB,oc,7297,haben
7297,haben,haben,AUX,oc,7298,könnten
7298,könnten,können,AUX,mo,7301,weiß
7299,",",--,PUNCT,punct,7300,so
7300,so,so,ADV,mo,7301,weiß
7301,weiß,wissen,VERB,ROOT,7301,weiß
7302,ich,ich,PRON,sb,7301,weiß
7303,am,an,ADP,mo,7301,weiß
7304,Ende,Ende,NOUN,nk,7303,am
7305,selbst,selbst,ADV,mo,7306,nicht
7306,nicht,nicht,PART,ng,7314,soll
7307,",",--,PUNCT,punct,7306,nicht
7308,was,was,PRON,oa,7313,denken
7309,ich,ich,PRON,sb,7314,soll
7310,von,von,ADP,op,7313,denken
7311,dem,der,DET,nk,7312,allen
7312,allen,aller,PRON,nk,7310,von
7313,denken,denken,VERB,oc,7314,soll
7314,soll,sollen,AUX,ROOT,7314,soll
7315,.,--,PUNCT,punct,7314,soll
7316,"""",--,PUNCT,punct,7314,soll
7317,–,--,PUNCT,punct,7319,Zerbrich
7318,"""",--,PUNCT,punct,7319,Zerbrich
7319,Zerbrich,Zerbrich,ADV,ROOT,7319,Zerbrich
7320,dir,dir,PRON,da,7319,Zerbrich
7321,den,der,DET,nk,7322,Kopf
7322,Kopf,Kopf,NOUN,oa,7319,Zerbrich
7323,nicht,nicht,PART,ng,7327,Gemahl
7324,",",--,PUNCT,punct,7323,nicht
7325,o,o,ADV,pd,7323,nicht
7326,mein,mein,DET,nk,7327,Gemahl
7327,Gemahl,Gemahl,NOUN,oa,7330,erwiderte
7328,!,--,PUNCT,punct,7330,erwiderte
7329,"""",--,PUNCT,dep,7330,erwiderte
7330,erwiderte,erwidern,VERB,ROOT,7330,erwiderte
7331,die,der,DET,nk,7332,Frau
7332,Frau,Frau,NOUN,sb,7330,erwiderte
7333,von,von,ADP,pg,7332,Frau
7334,Brakel,Brakel,PROPN,nk,7333,von
7335,",",--,PUNCT,punct,7330,erwiderte
7336,"""",--,PUNCT,punct,7338,wette
7337,ich,ich,PRON,sb,7338,wette
7338,wette,wetten,VERB,mo,7330,erwiderte
7339,",",--,PUNCT,punct,7338,wette
7340,das,der,DET,nk,7341,fremde
7341,fremde,fremd,ADJ,app,7327,Gemahl
7342,Kind,Kind,NOUN,pd,7343,ist
7343,ist,sein,AUX,ROOT,7343,ist
7344,niemand,niemand,PRON,sb,7343,ist
7345,anders,anders,ADV,mo,7343,ist
7346,als,als,ADP,cm,7348,Gottlieb
7347,Schulmeisters,Schulmeister,NOUN,ag,7348,Gottlieb
7348,Gottlieb,Gottlieb,NOUN,pd,7343,ist
7349,aus,aus,ADP,mnr,7348,Gottlieb
7350,dem,der,DET,nk,7352,Dorfe
7351,benachbarten,benachbart,ADJ,nk,7352,Dorfe
7352,Dorfe,Dorfe,NOUN,nk,7349,aus
7353,.,--,PUNCT,punct,7343,ist
7354,Der,der,PRON,sb,7355,ist
7355,ist,sein,AUX,ROOT,7355,ist
7356,herübergelaufen,herübergelaufen,VERB,pd,7355,ist
7357,und,und,CCONJ,cd,7355,ist
7358,hat,haben,AUX,cj,7357,und
7359,den,der,DET,nk,7360,Kindern
7360,Kindern,Kind,NOUN,da,7363,Zeug
7361,allerlei,allerlei,DET,nk,7363,Zeug
7362,tolles,toll,ADJ,nk,7363,Zeug
7363,Zeug,Zeug,NOUN,oa,7358,hat
7364,in,in,ADP,mnr,7363,Zeug
7365,den,der,DET,nk,7366,Kopf
7366,Kopf,Kopf,NOUN,nk,7364,in
7367,gesetzt,setzen,VERB,ROOT,7367,gesetzt
7368,",",--,PUNCT,punct,7367,gesetzt
7369,aber,aber,CCONJ,cd,7367,gesetzt
7370,das,der,PRON,oa,7371,soll
7371,soll,sollen,AUX,cj,7369,aber
7372,er,er,PRON,sb,7371,soll
7373,seiner,sein,DET,nk,7374,Gemahlin
7374,Gemahlin,Gemahlin,NOUN,da,7371,soll
7375,",",--,PUNCT,punct,7371,soll
7376,um,um,SCONJ,cp,7377,indessen
7377,indessen,indessen,ADV,mo,7371,soll
7378,mehr,mehr,ADV,mo,7377,indessen
7379,hinter,hinter,ADP,mo,7371,soll
7380,die,der,DET,nk,7379,hinter
7381,eigentliche,eigentlich,ADJ,nk,7382,Bewandtnis
7382,Bewandtnis,Bewandtnis,NOUN,sb,7386,kommen
7383,der,der,DET,nk,7384,Sache
7384,Sache,Sache,NOUN,ag,7382,Bewandtnis
7385,zu,zu,PART,pm,7386,kommen
7386,kommen,kommen,VERB,mo,7388,wurden
7387,",",--,PUNCT,punct,7388,wurden
7388,wurden,werden,AUX,ROOT,7388,wurden
7389,Felix,Felix,PROPN,sb,7388,wurden
7390,und,und,CCONJ,cd,7389,Felix
7391,Christlieb,Christlieb,NOUN,cj,7390,und
7392,herbeigerufen,herbeigerufen,VERB,ROOT,7392,herbeigerufen
7393,und,und,CCONJ,cd,7392,herbeigerufen
7394,aufgefordert,auffordern,VERB,cj,7393,und
7395,genau,genau,ADV,mo,7396,anzugeben
7396,anzugeben,angeben,VERB,oc,7394,aufgefordert
7397,",",--,PUNCT,punct,7396,anzugeben
7398,wie,wie,SCONJ,mo,7401,ausgesehen
7399,das,der,DET,nk,7400,Kind
7400,Kind,Kind,NOUN,sb,7402,habe
7401,ausgesehen,aussehen,VERB,oc,7402,habe
7402,habe,haben,AUX,oc,7392,herbeigerufen
7403,und,und,CCONJ,ju,7408,sei
7404,wie,wie,SCONJ,mo,7407,gewesen
7405,es,es,PRON,sb,7408,sei
7406,gekleidet,kleiden,VERB,oc,7407,gewesen
7407,gewesen,sein,AUX,oc,7408,sei
7408,sei,sein,AUX,ROOT,7408,sei
7409,.,--,PUNCT,punct,7408,sei
7410,Rücksichts,Rücksicht,PRON,mo,7413,stimmten
7411,des,der,DET,nk,7412,Aussehens
7412,Aussehens,Aussehen,NOUN,ag,7410,Rücksichts
7413,stimmten,stimmen,VERB,ROOT,7413,stimmten
7414,beide,beide,PRON,sb,7413,stimmten
7415,überein,überein,ADP,ROOT,7415,überein
7416,",",--,PUNCT,punct,7415,überein
7417,daß,daß,SCONJ,cp,7427,kirschrote
7418,das,der,DET,nk,7419,Kind
7419,Kind,Kind,NOUN,sb,7427,kirschrote
7420,ein,ein,DET,nk,7422,Gesicht
7421,lilienweißes,lilienweiß,ADJ,nk,7422,Gesicht
7422,Gesicht,Gesicht,NOUN,oa,7427,kirschrote
7423,",",--,PUNCT,punct,7422,Gesicht
7424,rosenrot,rosenrot,ADJ,nk,7425,Wangen
7425,Wangen,Wang,NOUN,cj,7422,Gesicht
7426,",",--,PUNCT,punct,7427,kirschrote
7427,kirschrote,kirschroten,VERB,re,7415,überein
7428,Lippen,Lippe,NOUN,sb,7435,habe
7429,",",--,PUNCT,punct,7428,Lippen
7430,blauglänzende,blauglänzend,ADJ,nk,7431,Augen
7431,Augen,Auge,NOUN,oa,7435,habe
7432,und,und,CCONJ,cd,7431,Augen
7433,goldgelocktes,goldgelockt,ADJ,nk,7434,Haar
7434,Haar,Haar,NOUN,cj,7432,und
7435,habe,haben,VERB,ROOT,7435,habe
7436,",",--,PUNCT,punct,7435,habe
7437,und,und,CCONJ,cd,7435,habe
7438,so,so,ADV,mo,7439,schön
7439,schön,schön,ADV,pd,7440,sei
7440,sei,sein,AUX,cj,7437,und
7441,",",--,PUNCT,punct,7440,sei
7442,wie,wie,ADP,ROOT,7442,wie
7443,sie,sie,PRON,sb,7448,könnten
7444,es,es,PRON,oa,7447,aussprechen
7445,gar,gar,ADV,mo,7446,nicht
7446,nicht,nicht,PART,ng,7448,könnten
7447,aussprechen,aussprechen,VERB,oc,7448,könnten
7448,könnten,können,AUX,ROOT,7448,könnten
7449,;,--,PUNCT,punct,7448,könnten
7450,in,in,ADP,mo,7454,wußten
7451,Ansehung,Ansehung,NOUN,nk,7450,in
7452,der,der,DET,nk,7453,Kleider
7453,Kleider,Kleider,NOUN,ag,7451,Ansehung
7454,wußten,wissen,VERB,ROOT,7454,wußten
7455,sie,sie,PRON,sb,7454,wußten
7456,aber,aber,ADV,mo,7454,wußten
7457,nur,nur,ADV,mo,7459,viel
7458,so,so,ADV,mo,7459,viel
7459,viel,viel,PRON,ROOT,7459,viel
7460,",",--,PUNCT,punct,7459,viel
7461,daß,daß,SCONJ,cp,7469,Jacke
7462,das,der,DET,nk,7463,Kind
7463,Kind,Kind,NOUN,sb,7469,Jacke
7464,ganz,ganz,ADV,mo,7465,gewiß
7465,gewiß,gewiß,ADV,mo,7469,Jacke
7466,nicht,nicht,PART,ng,7469,Jacke
7467,eine,ein,DET,nk,7469,Jacke
7468,blaugestreifte,blaugestreift,ADJ,nk,7469,Jacke
7469,Jacke,Jacke,NOUN,cc,7457,nur
7470,",",--,PUNCT,punct,7459,viel
7471,ebensolche,ebensolch,ADJ,nk,7472,Hosen
7472,Hosen,Hose,NOUN,sb,7477,trage
7473,oder,oder,CCONJ,cd,7472,Hosen
7474,eine,ein,DET,nk,7476,Mütze
7475,schwarzlederne,schwarzledern,ADJ,nk,7476,Mütze
7476,Mütze,Mütze,NOUN,cj,7473,oder
7477,trage,tragen,VERB,ROOT,7477,trage
7478,",",--,PUNCT,punct,7477,trage
7479,wie,wie,ADP,mo,7480,Schulmeisters
7480,Schulmeisters,Schulmeister,NOUN,mo,7477,trage
7481,Gottlieb,Gottlieb,NOUN,ROOT,7481,Gottlieb
7482,.,--,PUNCT,punct,7481,Gottlieb
7483,Dagegen,dagegen,ADV,mo,7484,klang
7484,klang,klingen,VERB,ROOT,7484,klang
7485,alles,alle,PRON,sb,7484,klang
7486,",",--,PUNCT,punct,7485,alles
7487,was,wer,PRON,oa,7494,ungefähr
7488,sie,sie,PRON,sb,7494,ungefähr
7489,über,über,ADP,mo,7494,ungefähr
7490,den,der,DET,nk,7491,Anzug
7491,Anzug,Anzug,NOUN,nk,7489,über
7492,des,der,DET,nk,7493,Kindes
7493,Kindes,Kind,NOUN,ag,7491,Anzug
7494,ungefähr,ungefähr,ADV,mo,7484,klang
7495,zu,zu,ADP,svp,7484,klang
7496,sagen,sagen,VERB,ROOT,7496,sagen
7497,vermochten,vermochten,VERB,oc,7496,sagen
7498,",",--,PUNCT,punct,7497,vermochten
7499,ganz,ganz,ADV,mo,7500,fabelhaft
7500,fabelhaft,fabelhaft,ADV,mo,7496,sagen
7501,und,und,CCONJ,cd,7500,fabelhaft
7502,unklug,unklug,ADV,cj,7501,und
7503,.,--,PUNCT,punct,7496,sagen
7504,Christlieb,Christlieb,PROPN,sb,7505,behauptete
7505,behauptete,behaupten,VERB,ROOT,7505,behauptete
7506,nämlich,nämlich,ADV,mo,7505,behauptete
7507,",",--,PUNCT,punct,7505,behauptete
7508,das,der,PRON,oa,7505,behauptete
7509,Kind,Kind,NOUN,sb,7510,trage
7510,trage,tragen,VERB,ROOT,7510,trage
7511,ein,ein,DET,nk,7513,leichtes
7512,wunderschönes,wunderschön,ADJ,nk,7513,leichtes
7513,leichtes,leicht,ADJ,nk,7515,Kleidchen
7514,glänzendes,glänzend,ADJ,nk,7515,Kleidchen
7515,Kleidchen,Kleidchen,NOUN,oa,7510,trage
7516,von,von,ADP,pg,7515,Kleidchen
7517,Rosenblättern,Rosenblätter,NOUN,nk,7516,von
7518,;,--,PUNCT,punct,7510,trage
7519,Felix,Felix,PROPN,sb,7520,meinte
7520,meinte,meinen,VERB,ROOT,7520,meinte
7521,dagegen,dagegen,ADV,mo,7520,meinte
7522,",",--,PUNCT,punct,7520,meinte
7523,das,der,DET,nk,7524,Kleid
7524,Kleid,Kleid,NOUN,cj,7520,meinte
7525,des,der,DET,nk,7526,Kindes
7526,Kindes,Kind,NOUN,ag,7524,Kleid
7527,funkle,funkle,NOUN,nk,7526,Kindes
7528,in,in,ADP,mnr,7524,Kleid
7529,hellem,hell,ADJ,nk,7531,Grün
7530,goldenen,golden,ADJ,nk,7531,Grün
7531,Grün,grüne,NOUN,nk,7528,in
7532,wie,wie,ADP,cd,7520,meinte
7533,Frühlingslaub,Frühlingslaub,NOUN,ROOT,7533,Frühlingslaub
7534,im,in,ADP,mnr,7533,Frühlingslaub
7535,Sonnenschein,Sonnenschein,NOUN,nk,7534,im
7536,.,--,PUNCT,punct,7533,Frühlingslaub
7537,Daß,daß,SCONJ,oc,7541,fuhr
7538,das,der,DET,nk,7539,Kind
7539,Kind,Kind,NOUN,sb,7537,Daß
7540,",",--,PUNCT,punct,7541,fuhr
7541,fuhr,fahren,VERB,ROOT,7541,fuhr
7542,Felix,Felix,PROPN,sb,7541,fuhr
7543,weiter,weiter,ADV,mo,7541,fuhr
7544,fort,fort,ADV,svp,7541,fuhr
7545,",",--,PUNCT,punct,7541,fuhr
7546,irgend,irgend,ADV,mo,7541,fuhr
7547,einem,ein,DET,nk,7548,Schulmeister
7548,Schulmeister,Schulmeister,NOUN,da,7549,angehören
7549,angehören,angehören,VERB,oc,7550,könne
7550,könne,können,AUX,sb,7553,sei
7551,",",--,PUNCT,punct,7552,daran
7552,daran,daran,ADV,dep,7553,sei
7553,sei,sein,AUX,ROOT,7553,sei
7554,gar,gar,ADV,mo,7555,nicht
7555,nicht,nicht,PART,ng,7557,denken
7556,zu,zu,PART,pm,7557,denken
7557,denken,denken,VERB,oc,7553,sei
7558,",",--,PUNCT,punct,7553,sei
7559,denn,denn,CCONJ,cd,7553,sei
7560,zu,zu,PART,mo,7561,gut
7561,gut,gut,ADV,cj,7559,denn
7562,verstehe,verstehen,VERB,ROOT,7562,verstehe
7563,sich,sich,PRON,oa,7562,verstehe
7564,der,der,DET,nk,7565,Knabe
7565,Knabe,Knabe,NOUN,da,7562,verstehe
7566,auf,auf,ADP,op,7562,verstehe
7567,die,der,DET,nk,7568,Jägerei
7568,Jägerei,Jägerei,NOUN,nk,7566,auf
7569,",",--,PUNCT,punct,7562,verstehe
7570,stamme,stammen,VERB,cj,7562,verstehe
7571,gewiß,gewiß,ADV,mo,7570,stamme
7572,aus,aus,ADP,mo,7570,stamme
7573,der,der,DET,nk,7574,Heimat
7574,Heimat,Heimat,NOUN,nk,7572,aus
7575,aller,aller,DET,ag,7574,Heimat
7576,Wald-,Wald,X,cj,7577,und
7577,und,und,CCONJ,cd,7578,Jagdlust
7578,Jagdlust,Jagdlust,NOUN,ROOT,7578,Jagdlust
7579,und,und,CCONJ,cd,7578,Jagdlust
7580,werde,werden,AUX,cj,7579,und
7581,der,der,DET,nk,7583,Jägersmann
7582,tüchtigste,tüchtig,ADJ,nk,7583,Jägersmann
7583,Jägersmann,Jägersmann,NOUN,pd,7584,werden
7584,werden,werden,AUX,oc,7580,werde
7585,",",--,PUNCT,punct,7584,werden
7586,den,der,PRON,ROOT,7586,den
7587,es,es,PRON,par,7586,den
7588,wohl,wohl,ADV,mo,7586,den
7589,gebe,geben,VERB,ROOT,7589,gebe
7590,.,--,PUNCT,punct,7589,gebe
7591,"""",--,PUNCT,punct,7592,Ei
7592,Ei,Ei,PROPN,pnc,7593,Felix
7593,Felix,Felix,PROPN,sb,7596,unterbrach
7594,"""",--,PUNCT,punct,7593,Felix
7595,",",--,PUNCT,punct,7596,unterbrach
7596,unterbrach,unterbrechen,VERB,ROOT,7596,unterbrach
7597,ihn,ihn,PRON,oa,7596,unterbrach
7598,Christlieb,Christlieb,NOUN,oa,7596,unterbrach
7599,",",--,PUNCT,punct,7596,unterbrach
7600,"""",--,PUNCT,punct,7602,kannst
7601,wie,wie,ADV,mo,7602,kannst
7602,kannst,kannsen,VERB,oc,7596,unterbrach
7603,du,du,PRON,sb,7602,kannst
7604,nur,nur,ADV,mo,7602,kannst
7605,sagen,sagen,VERB,oc,7602,kannst
7606,",",--,PUNCT,punct,7605,sagen
7607,daß,daß,SCONJ,cp,7608,das
7608,das,der,PRON,ROOT,7608,das
7609,kleine,klein,ADJ,nk,7610,Mädchen
7610,Mädchen,Mädchen,NOUN,sb,7614,soll
7611,ein,ein,DET,nk,7612,Jägersmann
7612,Jägersmann,Jägersmann,NOUN,pd,7613,werden
7613,werden,werden,AUX,oc,7614,soll
7614,soll,sollen,AUX,ROOT,7614,soll
7615,.,--,PUNCT,punct,7614,soll
7616,Auf,auf,ADP,op,7619,mag
7617,das,der,DET,nk,7618,Jagen
7618,Jagen,Jag,NOUN,nk,7616,Auf
7619,mag,mögen,AUX,ROOT,7619,mag
7620,sie,sie,PRON,sb,7619,mag
7621,sich,sich,PRON,oa,7619,mag
7622,auch,auch,ADV,mo,7619,mag
7623,wohl,wohl,ADV,mo,7619,mag
7624,verstehen,verstehen,VERB,re,7637,sonst
7625,",",--,PUNCT,punct,7624,verstehen
7626,aber,aber,CCONJ,cd,7624,verstehen
7627,gewiß,gewiß,ADV,mo,7630,besser
7628,noch,noch,ADV,mo,7629,viel
7629,viel,viel,ADV,mo,7630,besser
7630,besser,gut,ADV,cj,7626,aber
7631,auf,auf,ADP,mo,7624,verstehen
7632,die,der,DET,nk,7633,Wirtschaft
7633,Wirtschaft,Wirtschaft,NOUN,nk,7631,auf
7634,im,in,ADP,mnr,7633,Wirtschaft
7635,Hause,Haus,NOUN,nk,7634,im
7636,",",--,PUNCT,punct,7637,sonst
7637,sonst,sonst,ADV,mo,7638,hätte
7638,hätte,haben,AUX,ROOT,7638,hätte
7639,sie,sie,PRON,sb,7646,angekleidet
7640,mir,mir,PRON,da,7643,hübsch
7641,nicht,nicht,PART,ng,7643,hübsch
7642,so,so,ADV,mo,7643,hübsch
7643,hübsch,hübsch,ADV,mo,7646,angekleidet
7644,die,der,DET,nk,7645,Puppen
7645,Puppen,Puppe,NOUN,sb,7643,hübsch
7646,angekleidet,ankleiden,VERB,ROOT,7646,angekleidet
7647,und,und,CCONJ,cd,7646,angekleidet
7648,so,so,ADV,mo,7649,schöne
7649,schöne,schön,ADJ,nk,7650,Schüsseln
7650,Schüsseln,Schüssel,NOUN,oa,7646,angekleidet
7651,bereitet,bereiten,VERB,ROOT,7651,bereitet
7652,!,--,PUNCT,punct,7651,bereitet
7653,"""",--,PUNCT,ROOT,7653,""""
7654,So,so,ADV,mo,7655,hielt
7655,hielt,halten,VERB,ROOT,7655,hielt
7656,Felix,Felix,PROPN,sb,7655,hielt
7657,das,der,DET,nk,7658,Kind
7658,Kind,Kind,NOUN,oa,7664,behauptete
7659,für,für,ADP,mnr,7658,Kind
7660,einen,ein,DET,nk,7661,Knaben
7661,Knaben,Knabe,NOUN,nk,7659,für
7662,",",--,PUNCT,punct,7661,Knaben
7663,Christlieb,Christlieb,NOUN,oa,7664,behauptete
7664,behauptete,behaupten,VERB,oc,7655,hielt
7665,dagegen,dagegen,ADV,mo,7667,sei
7666,es,es,PRON,ph,7667,sei
7667,sei,sein,AUX,ROOT,7667,sei
7668,ein,ein,DET,nk,7669,Mädchen
7669,Mädchen,Mädchen,NOUN,pd,7667,sei
7670,und,und,CCONJ,cd,7669,Mädchen
7671,beide,beide,PRON,sb,7672,konnten
7672,konnten,können,AUX,cj,7670,und
7673,darüber,darüber,ADV,mo,7672,konnten
7674,nicht,nicht,PART,ng,7672,konnten
7675,einig,einig,ADV,pd,7676,werden
7676,werden,werden,AUX,oc,7672,konnten
7677,.,--,PUNCT,punct,7667,sei
7678,–,--,PUNCT,punct,7679,Die
7679,Die,der,DET,ROOT,7679,Die
7680,Frau,Frau,NOUN,sb,7683,sagte
7681,von,von,ADP,pg,7680,Frau
7682,Brakel,Brakel,PROPN,nk,7681,von
7683,sagte,sagen,VERB,ROOT,7683,sagte
7684,:,--,PUNCT,punct,7683,sagte
7685,"""",--,PUNCT,punct,7687,lohnt
7686,Es,es,PRON,sb,7687,lohnt
7687,lohnt,lohnen,VERB,oc,7683,sagte
7688,gar,gar,ADV,mo,7689,nicht
7689,nicht,nicht,PART,ng,7687,lohnt
7690,",",--,PUNCT,punct,7687,lohnt
7691,daß,daß,SCONJ,mo,7687,lohnt
7692,man,man,PRON,sb,7691,daß
7693,sich,sich,PRON,oa,7697,auf
7694,mit,mit,ADP,mnr,7693,sich
7695,den,der,DET,nk,7696,Kindern
7696,Kindern,Kind,NOUN,nk,7694,mit
7697,auf,auf,ADP,svp,7687,lohnt
7698,solche,solcher,DET,nk,7699,Narrheiten
7699,Narrheiten,Narrheit,NOUN,sb,7700,einläßt
7700,einläßt,einlassen,VERB,ROOT,7700,einläßt
7701,"""",--,PUNCT,punct,7700,einläßt
7702,",",--,PUNCT,punct,7700,einläßt
7703,der,der,DET,nk,7704,Herr
7704,Herr,Herr,NOUN,sb,7707,meinte
7705,von,von,ADP,pg,7704,Herr
7706,Brakel,Brakel,PROPN,nk,7705,von
7707,meinte,meinen,VERB,cj,7700,einläßt
7708,dagegen,dagegen,ADV,mo,7707,meinte
7709,:,--,PUNCT,punct,7707,meinte
7710,"""",--,PUNCT,punct,7712,dürfte
7711,Ich,ich,PRON,sb,7712,dürfte
7712,dürfte,dürfen,AUX,ROOT,7712,dürfte
7713,ja,ja,ADV,mo,7712,dürfte
7714,nur,nur,ADV,mo,7716,Kindern
7715,den,der,DET,nk,7716,Kindern
7716,Kindern,Kind,NOUN,da,7717,nachgehen
7717,nachgehen,nachgehen,VERB,ROOT,7717,nachgehen
7718,in,in,ADP,mo,7717,nachgehen
7719,den,der,DET,nk,7720,Wald
7720,Wald,Wald,NOUN,nk,7718,in
7721,und,und,CCONJ,cd,7717,nachgehen
7722,erlauschen,erlauschen,VERB,cj,7721,und
7723,",",--,PUNCT,punct,7717,nachgehen
7724,was,wer,PRON,sb,7717,nachgehen
7725,denn,denn,ADV,mo,7724,was
7726,das,der,PRON,sb,7717,nachgehen
7727,für,für,ADP,mnr,7726,das
7728,ein,ein,ADV,nk,7727,für
7729,seltsames,seltsam,ADJ,nk,7730,Wunderkind
7730,Wunderkind,Wunderkind,NOUN,pd,7731,ist
7731,ist,sein,AUX,ROOT,7731,ist
7732,",",--,PUNCT,punct,7731,ist
7733,das,der,PRON,sb,7736,spielt
7734,mit,mit,ADP,mo,7736,spielt
7735,ihnen,ihnen,PRON,nk,7734,mit
7736,spielt,spielen,VERB,rc,7739,es
7737,",",--,PUNCT,punct,7731,ist
7738,aber,aber,CCONJ,cd,7731,ist
7739,es,es,PRON,sb,7740,ist
7740,ist,sein,AUX,cj,7738,aber
7741,mir,mir,PRON,da,7740,ist
7742,so,so,ADV,mo,7740,ist
7743,",",--,PUNCT,punct,7740,ist
7744,als,als,SCONJ,cp,7745,könnte
7745,könnte,können,AUX,cc,7740,ist
7746,ich,ich,PRON,sb,7753,verderben
7747,dadurch,dadurch,ADV,mo,7753,verderben
7748,den,der,DET,nk,7749,Kindern
7749,Kindern,Kind,NOUN,da,7753,verderben
7750,eine,ein,DET,nk,7752,Freude
7751,große,groß,ADJ,nk,7752,Freude
7752,Freude,Freude,NOUN,oa,7753,verderben
7753,verderben,verderben,VERB,ROOT,7753,verderben
7754,und,und,CCONJ,cd,7753,verderben
7755,deshalb,deshalb,ADV,mo,7756,will
7756,will,wollen,AUX,cj,7754,und
7757,ich,ich,PRON,sb,7756,will
7758,es,es,PRON,oa,7756,will
7759,nicht,nicht,PART,ng,7760,tun
7760,tun,tun,VERB,ROOT,7760,tun
7761,.,--,PUNCT,punct,7760,tun
7762,"""",--,PUNCT,ROOT,7762,""""
7763,Andern,Ander,DET,nk,7764,Tages
7764,Tages,Tages,NOUN,ROOT,7764,Tages
7765,",",--,PUNCT,punct,7764,Tages
7766,als,als,SCONJ,mo,7764,Tages
7767,Felix,Felix,PROPN,nk,7766,als
7768,und,und,CCONJ,cd,7767,Felix
7769,Christlieb,Christlieb,NOUN,cj,7768,und
7770,zu,zu,ADP,mo,7764,Tages
7771,gewöhnlicher,gewöhnlich,ADJ,nk,7772,Zeit
7772,Zeit,Zeit,NOUN,nk,7770,zu
7773,in,in,ADP,mo,7764,Tages
7774,den,der,DET,punct,7764,Tages
7775,Wald,Wald,NOUN,sb,7776,liefen
7776,liefen,laufen,VERB,oc,7778,wartete
7777,",",--,PUNCT,punct,7778,wartete
7778,wartete,warten,VERB,ROOT,7778,wartete
7779,das,der,DET,nk,7781,Kind
7780,fremde,fremd,ADJ,nk,7781,Kind
7781,Kind,Kind,NOUN,sb,7778,wartete
7782,schon,schon,ADV,mo,7778,wartete
7783,auf,auf,ADP,mo,7778,wartete
7784,sie,sie,PRON,nk,7783,auf
7785,",",--,PUNCT,punct,7778,wartete
7786,und,und,CCONJ,cd,7778,wartete
7787,wußte,wissen,VERB,cj,7786,und
7788,es,es,PRON,oa,7787,wußte
7789,gestern,gestern,ADV,mo,7787,wußte
7790,herrliche,herrlich,ADJ,nk,7791,Spiele
7791,Spiele,Spiel,NOUN,oa,7793,beginnen
7792,zu,zu,PART,pm,7793,beginnen
7793,beginnen,beginnen,VERB,re,7795,so
7794,",",--,PUNCT,punct,7795,so
7795,so,so,ADV,mo,7796,schuf
7796,schuf,schaffen,VERB,ROOT,7796,schuf
7797,es,es,PRON,sb,7796,schuf
7798,vollends,vollends,ADV,mo,7796,schuf
7799,heute,heute,ADV,mo,7796,schuf
7800,die,der,DET,nk,7801,anmutigsten
7801,anmutigsten,anmutigsten,VERB,oa,7796,schuf
7802,Wunder,Wunder,NOUN,ROOT,7802,Wunder
7803,",",--,PUNCT,punct,7802,Wunder
7804,so,so,ADV,mo,7810,Mal
7805,daß,daß,SCONJ,cp,7810,Mal
7806,Felix,Felix,PROPN,sb,7810,Mal
7807,und,und,CCONJ,cd,7806,Felix
7808,Christlieb,Christlieb,NOUN,cj,7807,und
7809,ein,ein,DET,nk,7810,Mal
7810,Mal,Mal,NOUN,mo,7802,Wunder
7811,über,über,ADP,mnr,7810,Mal
7812,das,der,DET,nk,7813,andere
7813,andere,anderer,PRON,nk,7811,über
7814,vor,vor,ADP,mnr,7810,Mal
7815,Freude,Freude,NOUN,nk,7814,vor
7816,und,und,CCONJ,cd,7810,Mal
7817,Entzücken,Entzück,NOUN,oa,7819,aufjauchzten
7818,laut,laut,ADV,mo,7819,aufjauchzten
7819,aufjauchzten,aufjauchzten,VERB,ROOT,7819,aufjauchzten
7820,.,--,PUNCT,punct,7819,aufjauchzten
7821,Lustig,Lustig,ADV,pd,7826,war
7822,und,und,CCONJ,cd,7821,Lustig
7823,sehr,sehr,ADV,mo,7824,hübsch
7824,hübsch,hübsch,ADV,cj,7822,und
7825,zugleich,zugleich,ADV,mo,7826,war
7826,war,sein,AUX,ROOT,7826,war
7827,es,es,PRON,sb,7826,war
7828,",",--,PUNCT,punct,7827,es
7829,daß,daß,SCONJ,cp,7830,das
7830,das,der,PRON,ROOT,7830,das
7831,fremde,fremd,ADJ,nk,7832,Kind
7832,Kind,Kind,NOUN,ROOT,7832,Kind
7833,während,während,ADP,mo,7837,zierlich
7834,des,der,DET,nk,7835,Spielens
7835,Spielens,Spielen,NOUN,nk,7833,während
7836,so,so,ADV,mo,7837,zierlich
7837,zierlich,zierlich,ADV,pd,7832,Kind
7838,und,und,CCONJ,cd,7837,zierlich
7839,gescheut,gescheuen,VERB,cj,7838,und
7840,mit,mit,ADP,mo,7839,gescheut
7841,den,der,DET,nk,7842,Bäumen
7842,Bäumen,Baum,NOUN,nk,7840,mit
7843,",",--,PUNCT,punct,7832,Kind
7844,Gebüschen,Gebüsche,NOUN,ROOT,7844,Gebüschen
7845,",",--,PUNCT,punct,7844,Gebüschen
7846,Blumen,Blume,NOUN,cj,7844,Gebüschen
7847,",",--,PUNCT,punct,7844,Gebüschen
7848,mit,mit,ADP,op,7852,sprechen
7849,dem,der,DET,nk,7850,Waldbach
7850,Waldbach,Waldbach,NOUN,nk,7848,mit
7851,zu,zu,PART,pm,7852,sprechen
7852,sprechen,sprechen,VERB,oc,7853,wußte
7853,wußte,wissen,VERB,rc,7844,Gebüschen
7854,.,--,PUNCT,punct,7844,Gebüschen
7855,Alle,alle,PRON,sb,7856,antworteten
7856,antworteten,antworteten,VERB,ROOT,7856,antworteten
7857,auch,auch,ADV,mo,7856,antworteten
7858,so,so,ADV,mo,7856,antworteten
7859,vernehmlich,vernehmlich,ADV,ROOT,7859,vernehmlich
7860,",",--,PUNCT,punct,7859,vernehmlich
7861,daß,daß,SCONJ,cp,7866,verstanden
7862,Felix,Felix,PROPN,sb,7866,verstanden
7863,und,und,CCONJ,cd,7862,Felix
7864,Christlieb,Christlieb,NOUN,cj,7863,und
7865,alles,alle,PRON,oa,7866,verstanden
7866,verstanden,verstehen,VERB,oc,7859,vernehmlich
7867,.,--,PUNCT,punct,7859,vernehmlich
7868,Das,der,DET,nk,7870,Kind
7869,fremde,fremd,ADJ,nk,7870,Kind
7870,Kind,Kind,NOUN,sb,7871,rief
7871,rief,rufen,VERB,ROOT,7871,rief
7872,ins,in,ADP,ROOT,7872,ins
7873,Erlengebüsch,Erlengebüsch,NOUN,nk,7872,ins
7874,hinein,hinein,ADV,mo,7872,ins
7875,:,--,PUNCT,punct,7872,ins
7876,"""",--,PUNCT,punct,7879,Volk
7877,Ihr,ihr,DET,nk,7879,Volk
7878,schwatzhaftes,schwatzhaft,ADJ,nk,7879,Volk
7879,Volk,Volk,NOUN,nk,7872,ins
7880,",",--,PUNCT,punct,7879,Volk
7881,was,wer,PRON,sb,7882,flüstert
7882,flüstert,flüstern,VERB,rc,7879,Volk
7883,und,und,CCONJ,cd,7882,flüstert
7884,wispert,wispern,VERB,cj,7883,und
7885,ihr,ihr,PRON,oa,7884,wispert
7886,wieder,wieder,ADV,ROOT,7886,wieder
7887,untereinander,untereinander,ADV,mo,7886,wieder
7888,?,--,PUNCT,punct,7886,wieder
7889,"""",--,PUNCT,ROOT,7889,""""
7890,Da,da,ADV,mo,7891,schüttelten
7891,schüttelten,schüttelen,VERB,ROOT,7891,schüttelten
7892,stärker,stark,ADV,mo,7891,schüttelten
7893,sich,sich,PRON,oa,7891,schüttelten
7894,die,der,DET,nk,7895,Zweige
7895,Zweige,Zweig,NOUN,sb,7891,schüttelten
7896,und,und,CCONJ,cd,7895,Zweige
7897,lachten,lacht,VERB,cj,7896,und
7898,und,und,CCONJ,cd,7897,lachten
7899,lispelten,lispelten,VERB,ROOT,7899,lispelten
7900,:,--,PUNCT,punct,7899,lispelten
7901,"""",--,PUNCT,punct,7902,Ha
7902,Ha,Ha,X,oc,7899,lispelten
7903,–,--,PUNCT,punct,7902,Ha
7904,ha,ha,X,uc,7902,Ha
7905,ha,ha,X,uc,7904,ha
7906,–,--,PUNCT,punct,7902,Ha
7907,wir,wir,PRON,sb,7908,freuen
7908,freuen,freuen,VERB,cj,7902,Ha
7909,uns,sich,PRON,oa,7908,freuen
7910,über,über,ADP,op,7908,freuen
7911,die,der,DET,nk,7913,Dinge
7912,artigen,artig,ADJ,nk,7913,Dinge
7913,Dinge,Ding,NOUN,nk,7910,über
7914,",",--,PUNCT,punct,7913,Dinge
7915,die,der,PRON,sb,7917,Freund
7916,uns,uns,PRON,da,7917,Freund
7917,Freund,Freund,NOUN,rc,7913,Dinge
7918,Morgenwind,Morgenwind,NOUN,sb,7921,hat
7919,heute,heute,ADV,mo,7920,zugeraunt
7920,zugeraunt,zugeraunt,ADV,oc,7921,hat
7921,hat,haben,AUX,ROOT,7921,hat
7922,",",--,PUNCT,punct,7921,hat
7923,als,als,SCONJ,cp,7924,er
7924,er,er,PRON,mo,7920,zugeraunt
7925,von,von,ADP,pg,7924,er
7926,den,der,DET,nk,7928,Bergen
7927,blauen,blau,ADJ,nk,7928,Bergen
7928,Bergen,Berg,NOUN,nk,7925,von
7929,vor,vor,ADP,mo,7925,von
7930,den,der,DET,nk,7925,von
7931,Sonnenstrahlen,Sonnenstrahl,NOUN,oa,7932,daherrauschte
7932,daherrauschte,daherrauschen,VERB,ROOT,7932,daherrauschte
7933,.,--,PUNCT,punct,7932,daherrauschte
7934,Er,er,PRON,sb,7935,brachte
7935,brachte,bringen,VERB,ROOT,7935,brachte
7936,uns,uns,PRON,da,7935,brachte
7937,tausend,tausend,NUM,nk,7938,Grüße
7938,Grüße,Grüß,NOUN,oa,7935,brachte
7939,und,und,CCONJ,cd,7938,Grüße
7940,Küsse,Küs,NOUN,cj,7939,und
7941,von,von,ADP,mo,7935,brachte
7942,der,der,DET,nk,7941,von
7943,goldnen,goldn,ADJ,nk,7944,Königin
7944,Königin,Königin,NOUN,ROOT,7944,Königin
7945,und,und,CCONJ,cd,7944,Königin
7946,einige,einiger,DET,nk,7948,Flügelschläge
7947,tüchtige,tüchtig,ADJ,nk,7948,Flügelschläge
7948,Flügelschläge,Flügelschlag,NOUN,cj,7945,und
7949,voll,voll,ADP,mnr,7948,Flügelschläge
7950,der,der,DET,nk,7952,Düfte
7951,süßesten,süßest,ADJ,nk,7952,Düfte
7952,Düfte,Düft,NOUN,nk,7949,voll
7953,.,--,PUNCT,punct,7944,Königin
7954,"""",--,PUNCT,punct,7944,Königin
7955,–,--,PUNCT,ROOT,7955,–
7956,"""",--,PUNCT,punct,7958,schweigt
7957,O,O,PROPN,sb,7958,schweigt
7958,schweigt,schweigen,VERB,re,7962,so
7959,doch,doch,ADV,mo,7958,schweigt
7960,"""",--,PUNCT,punct,7958,schweigt
7961,",",--,PUNCT,punct,7962,so
7962,so,so,ADV,mo,7963,unterbrachen
7963,unterbrachen,unterbrachen,VERB,ROOT,7963,unterbrachen
7964,die,der,DET,nk,7965,Blumen
7965,Blumen,Blume,NOUN,sb,7963,unterbrachen
7966,das,der,DET,nk,7967,Geschwätz
7967,Geschwätz,Geschwätz,NOUN,oa,7963,unterbrachen
7968,der,der,DET,nk,7969,Büsche
7969,Büsche,Büsche,NOUN,ag,7967,Geschwätz
7970,",",--,PUNCT,punct,7963,unterbrachen
7971,"""",--,PUNCT,punct,7972,O
7972,O,O,PROPN,dep,7963,unterbrachen
7973,schweigt,schweigen,VERB,ROOT,7973,schweigt
7974,doch,doch,ADV,mo,7973,schweigt
7975,von,von,ADP,sbp,7982,prahlt
7976,dem,der,DET,nk,7977,Flatterhaften
7977,Flatterhaften,Flatterhaft,NOUN,nk,7975,von
7978,der,der,DET,sb,7982,prahlt
7979,mit,mit,ADP,mo,7982,prahlt
7980,den,der,DET,nk,7981,Düften
7981,Düften,Düft,NOUN,nk,7979,mit
7982,prahlt,prahlen,VERB,oc,7973,schweigt
7983,",",--,PUNCT,punct,7982,prahlt
7984,die,der,PRON,nk,7985,seine
7985,seine,sein,DET,rc,7973,schweigt
7986,falschen,falsch,ADJ,nk,7987,Liebkosungen
7987,Liebkosungen,Liebkosung,NOUN,da,7989,entlocken
7988,uns,uns,PRON,oa,7989,entlocken
7989,entlocken,entlocken,VERB,ROOT,7989,entlocken
7990,.,--,PUNCT,punct,7989,entlocken
7991,Laßt,lassen,VERB,ROOT,7991,Laßt
7992,die,der,DET,nk,7993,Gebüsche
7993,Gebüsche,Gebüsche,NOUN,oa,7994,lispeln
7994,lispeln,lispeln,VERB,oc,7991,Laßt
7995,und,und,CCONJ,cd,7994,lispeln
7996,säuseln,säuseln,VERB,cj,7995,und
7997,",",--,PUNCT,punct,7996,säuseln
7998,ihr,ihr,PRON,da,7991,Laßt
7999,Kinder,Kind,NOUN,sb,8006,horcht
8000,",",--,PUNCT,punct,7999,Kinder
8001,aber,aber,CCONJ,cd,7999,Kinder
8002,schaut,schauen,VERB,cj,8001,aber
8003,uns,uns,PRON,oa,8002,schaut
8004,an,an,ADP,svp,8002,schaut
8005,",",--,PUNCT,punct,8006,horcht
8006,horcht,horchen,VERB,ROOT,8006,horcht
8007,auf,auf,ADP,mo,8006,horcht
8008,uns,uns,PRON,nk,8007,auf
8009,",",--,PUNCT,punct,8006,horcht
8010,wir,wir,PRON,sb,8011,lieben
8011,lieben,lieben,VERB,oc,8006,horcht
8012,euch,euch,PRON,oa,8011,lieben
8013,gar,gar,ADV,mo,8011,lieben
8014,zu,zu,PART,mo,8015,sehr
8015,sehr,sehr,ADV,mo,8011,lieben
8016,und,und,CCONJ,cd,8015,sehr
8017,putzen,putzen,VERB,ROOT,8017,putzen
8018,uns,uns,PRON,oa,8017,putzen
8019,heraus,heraus,ADV,svp,8017,putzen
8020,",",--,PUNCT,punct,8017,putzen
8021,mit,mit,ADP,mo,8017,putzen
8022,den,der,DET,nk,8025,Farben
8023,schönsten,schön,ADJ,nk,8025,Farben
8024,glänzendsten,glänzendst,ADJ,nk,8025,Farben
8025,Farben,Farbe,NOUN,nk,8021,mit
8026,Tag,Tag,NOUN,nk,8021,mit
8027,für,für,ADP,mnr,8026,Tag
8028,Tag,Tag,NOUN,nk,8027,für
8029,nur,nur,ADV,mo,8030,damit
8030,damit,damit,ADV,mo,8017,putzen
8031,wir,wir,PRON,sb,8034,gefallen
8032,euch,euch,PRON,da,8034,gefallen
8033,recht,recht,NOUN,mo,8034,gefallen
8034,gefallen,fallen,VERB,ROOT,8034,gefallen
8035,.,--,PUNCT,punct,8034,gefallen
8036,"""",--,PUNCT,punct,8034,gefallen
8037,–,--,PUNCT,punct,8040,lieben
8038,"""",--,PUNCT,punct,8040,lieben
8039,Und,und,CCONJ,ju,8040,lieben
8040,lieben,lieben,VERB,ROOT,8040,lieben
8041,wir,wir,PRON,sb,8040,lieben
8042,euch,euch,PRON,oa,8040,lieben
8043,denn,denn,ADV,mo,8040,lieben
8044,nicht,nicht,PART,ng,8040,lieben
8045,auch,auch,ADV,mo,8040,lieben
8046,",",--,PUNCT,punct,8048,holden
8047,ihr,ihr,PRON,da,8048,holden
8048,holden,holden,VERB,oc,8040,lieben
8049,Blumen,Blume,NOUN,ROOT,8049,Blumen
8050,?,--,PUNCT,punct,8049,Blumen
8051,"""",--,PUNCT,punct,8049,Blumen
8052,So,so,ADV,mo,8053,sprach
8053,sprach,sprechen,VERB,ROOT,8053,sprach
8054,das,der,DET,nk,8056,Kind
8055,fremde,fremd,ADJ,nk,8056,Kind
8056,Kind,Kind,NOUN,sb,8053,sprach
8057,",",--,PUNCT,punct,8053,sprach
8058,aber,aber,CCONJ,cd,8053,sprach
8059,Christlieb,Christlieb,NOUN,sb,8060,kniete
8060,kniete,knien,VERB,cj,8058,aber
8061,zur,zu,ADP,mo,8060,kniete
8062,Erde,Erde,NOUN,nk,8061,zur
8063,nieder,nieder,ADV,svp,8060,kniete
8064,und,und,CCONJ,cd,8060,kniete
8065,streckte,strecken,VERB,ROOT,8065,streckte
8066,beide,beide,DET,nk,8067,Arme
8067,Arme,Arm,NOUN,oa,8065,streckte
8068,weit,weit,ADV,mo,8065,streckte
8069,aus,aus,ADP,svp,8065,streckte
8070,",",--,PUNCT,punct,8065,streckte
8071,als,als,SCONJ,cm,8072,wollte
8072,wollte,wollen,AUX,oc,8065,streckte
8073,sie,sie,PRON,sb,8072,wollte
8074,all,all,DET,nk,8077,Blumen
8075,die,der,DET,nk,8077,Blumen
8076,herrlichen,herrlich,ADJ,nk,8077,Blumen
8077,Blumen,Blume,NOUN,oa,8072,wollte
8078,",",--,PUNCT,punct,8077,Blumen
8079,die,der,PRON,oa,8072,wollte
8080,um,um,ADP,svp,8072,wollte
8081,sie,sie,PRON,sb,8083,sproßten
8082,her,her,ADP,mo,8083,sproßten
8083,sproßten,Sproßt,VERB,oc,8085,umarmen
8084,",",--,PUNCT,punct,8085,umarmen
8085,umarmen,umarmen,VERB,ROOT,8085,umarmen
8086,",",--,PUNCT,punct,8085,umarmen
8087,indem,indem,SCONJ,cp,8089,rief
8088,sie,sie,PRON,sb,8089,rief
8089,rief,rufen,VERB,mo,8085,umarmen
8090,:,--,PUNCT,punct,8089,rief
8091,"""",--,PUNCT,punct,8094,lieb
8092,Ach,ach,INTJ,dm,8094,lieb
8093,ich,ich,PRON,sb,8094,lieb
8094,lieb,leiben,VERB,oc,8089,rief
8095,euch,euch,PRON,oa,8094,lieb
8096,ja,ja,ADV,mo,8094,lieb
8097,allzumal,allzumal,ADV,mo,8094,lieb
8098,!,--,PUNCT,punct,8094,lieb
8099,"""",--,PUNCT,punct,8085,umarmen
8100,–,--,PUNCT,ROOT,8100,–
8101,Felix,Felix,PROPN,sb,8102,sprach
8102,sprach,sprechen,VERB,ROOT,8102,sprach
8103,:,--,PUNCT,punct,8102,sprach
8104,"""",--,PUNCT,punct,8107,gefallt
8105,Auch,auch,ADV,mo,8106,mir
8106,mir,mir,PRON,da,8107,gefallt
8107,gefallt,fallen,VERB,oc,8102,sprach
8108,ihr,ihr,PRON,da,8107,gefallt
8109,wohl,wohl,ADV,mo,8107,gefallt
8110,in,in,ADP,mo,8107,gefallt
8111,euren,eur,DET,nk,8113,Kleidern
8112,glänzenden,glänzend,ADJ,nk,8113,Kleidern
8113,Kleidern,Kleid,NOUN,nk,8110,in
8114,",",--,PUNCT,punct,8107,gefallt
8115,ihr,ihr,PRON,da,8102,sprach
8116,Blumen,Blume,NOUN,ROOT,8116,Blumen
8117,",",--,PUNCT,punct,8116,Blumen
8118,aber,aber,CCONJ,cd,8116,Blumen
8119,doch,doch,ADV,mo,8120,halt
8120,halt,halt,VERB,cj,8118,aber
8121,ich,ich,PRON,sb,8120,halt
8122,es,es,PRON,oa,8120,halt
8123,mit,mit,ADP,mo,8120,halt
8124,dem,der,DET,nk,8125,Grün
8125,Grün,grüne,NOUN,nk,8123,mit
8126,",",--,PUNCT,punct,8120,halt
8127,mit,mit,ADP,mo,8120,halt
8128,den,der,DET,nk,8129,Büschen
8129,Büschen,Busch,NOUN,nk,8127,mit
8130,",",--,PUNCT,punct,8129,Büschen
8131,mit,mit,ADP,app,8129,Büschen
8132,den,der,DET,nk,8133,Bäumen
8133,Bäumen,Baum,NOUN,nk,8131,mit
8134,",",--,PUNCT,punct,8116,Blumen
8135,mit,mit,ADP,ROOT,8135,mit
8136,dem,der,DET,nk,8137,Walde
8137,Walde,Walde,NOUN,nk,8135,mit
8138,",",--,PUNCT,punct,8135,mit
8139,er,er,PRON,sb,8140,muß
8140,muß,müssen,AUX,cj,8135,mit
8141,euch,euch,PRON,oa,8143,schützen
8142,doch,doch,ADV,mo,8143,schützen
8143,schützen,schützen,VERB,oc,8140,muß
8144,und,und,CCONJ,cd,8143,schützen
8145,schirmen,schirmen,VERB,cj,8144,und
8146,",",--,PUNCT,punct,8140,muß
8147,ihr,ihr,DET,nk,8149,bunten
8148,kleinen,klein,ADJ,nk,8149,bunten
8149,bunten,bunt,NOUN,nk,8135,mit
8150,Kindlein,Kindlein,NOUN,ROOT,8150,Kindlein
8151,!,--,PUNCT,punct,8150,Kindlein
8152,"""",--,PUNCT,punct,8150,Kindlein
8153,Da,da,ADV,mo,8154,sauste
8154,sauste,sauste,VERB,ROOT,8154,sauste
8155,es,es,PRON,ep,8154,sauste
8156,in,in,ADP,mo,8154,sauste
8157,den,der,DET,nk,8160,Tannen
8158,hohen,hoch,ADJ,nk,8160,Tannen
8159,schwarzen,schwarz,ADJ,nk,8160,Tannen
8160,Tannen,Tanne,NOUN,nk,8156,in
8161,:,--,PUNCT,punct,8154,sauste
8162,"""",--,PUNCT,punct,8164,ist
8163,Das,der,PRON,sb,8164,ist
8164,ist,sein,AUX,ROOT,8164,ist
8165,ein,ein,DET,nk,8166,wahres
8166,wahres,wahres,ADJ,pd,8164,ist
8167,Wort,Wort,NOUN,ROOT,8167,Wort
8168,",",--,PUNCT,punct,8167,Wort
8169,du,du,PRON,sb,8171,Junge
8170,tüchtiger,Tüchtiger,ADJ,nk,8171,Junge
8171,Junge,Junge,NOUN,cj,8175,mußt
8172,",",--,PUNCT,punct,8167,Wort
8173,und,und,CCONJ,cd,8167,Wort
8174,du,du,PRON,sb,8175,mußt
8175,mußt,mußen,VERB,cj,8173,und
8176,dich,dich,PRON,oa,8175,mußt
8177,nicht,nicht,PART,ng,8175,mußt
8178,vor,vor,ADP,mo,8180,fürchten
8179,uns,uns,PRON,nk,8178,vor
8180,fürchten,fürchten,VERB,oc,8175,mußt
8181,",",--,PUNCT,punct,8180,fürchten
8182,wenn,wenn,SCONJ,cp,8183,der
8183,der,der,DET,ROOT,8183,der
8184,Gevatter,Gevatter,NOUN,nk,8185,Sturm
8185,Sturm,Sturm,NOUN,oa,8186,dahergezogen
8186,dahergezogen,dahergezogen,VERB,oc,8187,kommt
8187,kommt,kommen,VERB,ROOT,8187,kommt
8188,und,und,CCONJ,cd,8187,kommt
8189,wir,wir,PRON,cj,8188,und
8190,ein,ein,DET,nk,8191,bißchen
8191,bißchen,bißchen,DET,nk,8192,ungestüm
8192,ungestüm,Ungestüm,NOUN,oa,8187,kommt
8193,mit,mit,ADP,mnr,8192,ungestüm
8194,dem,der,DET,nk,8195,groben
8195,groben,grob,ADJ,nk,8193,mit
8196,Kerl,Kerl,NOUN,oa,8197,zanken
8197,zanken,zanken,VERB,ROOT,8197,zanken
8198,.,--,PUNCT,punct,8197,zanken
8199,"""",--,PUNCT,punct,8197,zanken
8200,–,--,PUNCT,punct,8202,Ei
8201,"""",--,PUNCT,punct,8202,Ei
8202,Ei,Ei,NOUN,sb,8209,knarrt
8203,"""",--,PUNCT,punct,8202,Ei
8204,",",--,PUNCT,punct,8205,rief
8205,rief,rufen,VERB,ROOT,8205,rief
8206,Felix,Felix,PROPN,sb,8205,rief
8207,",",--,PUNCT,punct,8205,rief
8208,"""",--,PUNCT,punct,8209,knarrt
8209,knarrt,knarren,VERB,oc,8205,rief
8210,und,und,CCONJ,cd,8209,knarrt
8211,stöhnt,stöhnen,VERB,cj,8210,und
8212,und,und,CCONJ,cd,8211,stöhnt
8213,sauset,sausetn,VERB,cj,8212,und
8214,nur,nur,ADV,mo,8215,recht
8215,recht,recht,NOUN,oa,8213,sauset
8216,wacker,Wacker,PROPN,sb,8223,geht
8217,",",--,PUNCT,punct,8216,wacker
8218,ihr,ihr,DET,nk,8220,Riesen
8219,grünen,grün,ADJ,nk,8220,Riesen
8220,Riesen,Riese,NOUN,app,8216,wacker
8221,",",--,PUNCT,punct,8222,dann
8222,dann,dann,ADV,mo,8223,geht
8223,geht,gehen,VERB,ROOT,8223,geht
8224,ja,ja,ADV,mo,8223,geht
8225,dem,der,DET,nk,8227,Jägersmann
8226,tüchtigen,tüchtig,ADJ,nk,8227,Jägersmann
8227,Jägersmann,Jägersmann,NOUN,da,8223,geht
8228,erst,erst,ADV,mo,8230,Herz
8229,das,der,DET,nk,8230,Herz
8230,Herz,Herz,NOUN,oa,8223,geht
8231,recht,Recht,ADV,ROOT,8231,recht
8232,auf,auf,ADP,ROOT,8232,auf
8233,.,--,PUNCT,punct,8232,auf
8234,"""",--,PUNCT,punct,8232,auf
8235,–,--,PUNCT,punct,8238,hast
8236,"""",--,PUNCT,punct,8238,hast
8237,Da,da,ADV,mo,8238,hast
8238,hast,haben,AUX,ROOT,8238,hast
8239,du,du,PRON,sb,8238,hast
8240,ganz,ganz,ADV,mo,8241,recht
8241,recht,recht,ADV,oa,8238,hast
8242,"""",--,PUNCT,punct,8238,hast
8243,",",--,PUNCT,punct,8238,hast
8244,so,so,ADV,mo,8245,rauschte
8245,rauschte,rauschen,VERB,cj,8238,hast
8246,und,und,CCONJ,cd,8245,rauschte
8247,plätscherte,plätscheren,VERB,cj,8246,und
8248,der,der,DET,ROOT,8248,der
8249,Waldbach,Waldbach,PROPN,sb,8264,rennen
8250,",",--,PUNCT,punct,8249,Waldbach
8251,"""",--,PUNCT,punct,8253,hast
8252,da,da,ADV,mo,8253,hast
8253,hast,haben,AUX,rs,8249,Waldbach
8254,du,du,PRON,sb,8253,hast
8255,ganz,ganz,ADV,mo,8256,recht
8256,recht,Recht,ADV,oa,8253,hast
8257,",",--,PUNCT,punct,8253,hast
8258,aber,aber,CCONJ,cd,8253,hast
8259,wozu,wozu,SCONJ,mo,8261,jagen
8260,immer,immer,ADV,mo,8261,jagen
8261,jagen,jag,VERB,cj,8258,aber
8262,",",--,PUNCT,punct,8261,jagen
8263,immer,immer,ADV,mnr,8249,Waldbach
8264,rennen,rennen,VERB,ROOT,8264,rennen
8265,im,in,ADP,mo,8264,rennen
8266,Sturm,Sturm,NOUN,nk,8265,im
8267,und,und,CCONJ,ju,8273,Kommt
8268,im,in,ADP,cj,8267,und
8269,wilden,wild,ADJ,nk,8270,Gebraus
8270,Gebraus,Gebraus,NOUN,nk,8268,im
8271,!,--,PUNCT,punct,8273,Kommt
8272,–,--,PUNCT,punct,8273,Kommt
8273,Kommt,kommen,VERB,mo,8275,setzt
8274,!,--,PUNCT,punct,8275,setzt
8275,setzt,setzen,VERB,ROOT,8275,setzt
8276,euch,euch,PRON,oa,8275,setzt
8277,fein,fein,ADV,mo,8275,setzt
8278,ins,in,ADP,mo,8275,setzt
8279,Moos,Moos,NOUN,nk,8278,ins
8280,und,und,CCONJ,cd,8275,setzt
8281,hört,hören,VERB,cj,8280,und
8282,mir,mir,PRON,da,8281,hört
8283,zu,zu,ADP,svp,8281,hört
8284,.,--,PUNCT,punct,8275,setzt
8285,Von,von,ADP,ROOT,8285,Von
8286,fernen,fern,ADJ,nk,8288,Landen
8287,fernen,fern,ADJ,nk,8288,Landen
8288,Landen,Lande,NOUN,da,8292,komm
8289,aus,aus,ADP,mnr,8288,Landen
8290,tiefem,tief,ADJ,nk,8291,Schacht
8291,Schacht,Schacht,NOUN,nk,8289,aus
8292,komm,kommen,VERB,ROOT,8292,komm
8293,ich,ich,PRON,sb,8292,komm
8294,her,her,ADV,svp,8292,komm
8295,–,--,PUNCT,punct,8292,komm
8296,ich,ich,PRON,sb,8297,will
8297,will,wollen,AUX,cj,8292,komm
8298,euch,euch,PRON,da,8299,schöne
8299,schöne,schön,ADJ,oc,8297,will
8300,Märchen,Märche,NOUN,oa,8301,erzählen
8301,erzählen,erzählen,VERB,ROOT,8301,erzählen
8302,und,und,CCONJ,cd,8301,erzählen
8303,immer,immer,ADV,mo,8305,Neues
8304,was,was,PRON,nk,8305,Neues
8305,Neues,neue,NOUN,cj,8302,und
8306,",",--,PUNCT,punct,8305,Neues
8307,Well,Well,NOUN,cj,8305,Neues
8308,auf,auf,ADP,mnr,8305,Neues
8309,Welle,Welle,NOUN,nk,8308,auf
8310,und,und,CCONJ,cd,8309,Welle
8311,immerfort,Immerfort,NOUN,cj,8310,und
8312,und,und,CCONJ,cd,8308,auf
8313,fort,fort,ADV,cj,8312,und
8314,.,--,PUNCT,punct,8301,erzählen
8315,Und,und,CCONJ,ju,8319,zeig
8316,die,der,DET,nk,8318,Bilder
8317,schönsten,schön,ADJ,nk,8318,Bilder
8318,Bilder,Bild,NOUN,oa,8319,zeig
8319,zeig,Zeig,VERB,mo,8323,schaut
8320,ich,ich,PRON,sb,8319,zeig
8321,euch,euch,PRON,oa,8319,zeig
8322,",",--,PUNCT,punct,8323,schaut
8323,schaut,schauen,VERB,ROOT,8323,schaut
8324,mir,mir,PRON,da,8323,schaut
8325,nur,nur,ADV,mo,8323,schaut
8326,recht,recht,ADV,mo,8323,schaut
8327,ins,in,ADP,mo,8323,schaut
8328,blanke,blanken,NOUN,nk,8327,ins
8329,Spiegelantlitz,Spiegelantlitz,PROPN,ROOT,8329,Spiegelantlitz
8330,–,--,PUNCT,punct,8329,Spiegelantlitz
8331,duftiges,duftig,ADJ,nk,8332,Himmelsblau
8332,Himmelsblau,Himmelsblau,NOUN,cj,8329,Spiegelantlitz
8333,–,--,PUNCT,punct,8332,Himmelsblau
8334,goldenes,golden,ADJ,nk,8335,Gewölk
8335,Gewölk,Gewölk,NOUN,cj,8332,Himmelsblau
8336,–,--,PUNCT,punct,8329,Spiegelantlitz
8337,Busch,Busch,NOUN,cj,8329,Spiegelantlitz
8338,und,und,CCONJ,cd,8337,Busch
8339,Blum,Blum,NOUN,cj,8338,und
8340,und,und,CCONJ,cd,8329,Spiegelantlitz
8341,Wald,Wald,NOUN,ROOT,8341,Wald
8342,–,--,PUNCT,punct,8341,Wald
8343,euch,euch,PRON,app,8341,Wald
8344,selbst,selbst,ADV,mnr,8343,euch
8345,",",--,PUNCT,punct,8341,Wald
8346,ihr,ihr,PRON,da,8347,holden
8347,holden,hold,ADJ,nk,8348,Kinder
8348,Kinder,Kind,NOUN,oa,8349,zieh
8349,zieh,zieh,VERB,oc,8341,Wald
8350,ich,ich,PRON,sb,8349,zieh
8351,liebend,liebend,ADV,mo,8349,zieh
8352,hinein,hinein,ADV,mo,8351,liebend
8353,tief,tief,ADV,mo,8349,zieh
8354,in,in,ADP,mo,8349,zieh
8355,meinen,mein,NOUN,nk,8354,in
8356,Busen,Busen,NOUN,sb,8367,sprach
8357,!,--,PUNCT,punct,8356,Busen
8358,"""",--,PUNCT,punct,8356,Busen
8359,–,--,PUNCT,punct,8356,Busen
8360,"""",--,PUNCT,punct,8361,Felix
8361,Felix,Felix,PROPN,par,8356,Busen
8362,",",--,PUNCT,punct,8361,Felix
8363,Christlieb,Christlieb,PROPN,cj,8361,Felix
8364,"""",--,PUNCT,punct,8361,Felix
8365,",",--,PUNCT,punct,8366,so
8366,so,so,ADV,mo,8367,sprach
8367,sprach,sprechen,VERB,ROOT,8367,sprach
8368,das,der,DET,nk,8370,Kind
8369,fremde,fremd,ADJ,nk,8370,Kind
8370,Kind,Kind,NOUN,sb,8367,sprach
8371,",",--,PUNCT,punct,8367,sprach
8372,indem,indem,SCONJ,mo,8367,sprach
8373,es,es,PRON,dep,8367,sprach
8374,mit,mit,ADP,mo,8367,sprach
8375,wundersamer,wundersamer,ADJ,nk,8376,Holdseligkeit
8376,Holdseligkeit,Holdseligkeit,NOUN,sb,8379,blickte
8377,um,um,ADP,mo,8379,blickte
8378,sich,sich,PRON,nk,8377,um
8379,blickte,blicken,VERB,ROOT,8379,blickte
8380,",",--,PUNCT,punct,8379,blickte
8381,"""",--,PUNCT,punct,8382,Felix
8382,Felix,Felix,PROPN,sb,8387,hört
8383,",",--,PUNCT,punct,8382,Felix
8384,Christlieb,Christlieb,PROPN,cj,8382,Felix
8385,",",--,PUNCT,punct,8382,Felix
8386,o,o,PROPN,cj,8384,Christlieb
8387,hört,hören,VERB,oc,8379,blickte
8388,doch,doch,ADV,mo,8387,hört
8389,nur,nur,ADV,mo,8387,hört
8390,",",--,PUNCT,punct,8379,blickte
8391,wie,wie,SCONJ,mo,8394,liebt
8392,alles,alle,PRON,sb,8394,liebt
8393,uns,uns,PRON,oa,8394,liebt
8394,liebt,lieben,VERB,ROOT,8394,liebt
8395,.,--,PUNCT,punct,8394,liebt
8396,Aber,aber,CCONJ,ju,8398,steigt
8397,schon,schon,ADV,mo,8398,steigt
8398,steigt,steigen,VERB,ROOT,8398,steigt
8399,das,der,DET,nk,8400,Abendrot
8400,Abendrot,Abendrot,NOUN,sb,8398,steigt
8401,auf,auf,ADP,mo,8398,steigt
8402,hinter,hinter,ADP,mo,8398,steigt
8403,den,der,DET,nk,8404,Bergen
8404,Bergen,Berg,NOUN,nk,8402,hinter
8405,und,und,CCONJ,cd,8398,steigt
8406,die,der,DET,nk,8407,Nachtigall
8407,Nachtigall,Nachtigall,NOUN,sb,8408,ruft
8408,ruft,rufen,VERB,ROOT,8408,ruft
8409,mich,mich,PRON,oa,8408,ruft
8410,nach,nach,ADP,mo,8408,ruft
8411,Hause,Haus,NOUN,nk,8410,nach
8412,.,--,PUNCT,punct,8408,ruft
8413,"""",--,PUNCT,punct,8408,ruft
8414,–,--,PUNCT,punct,8422,fliegen
8415,"""",--,PUNCT,punct,8417,laß
8416,O,O,PROPN,pnc,8417,laß
8417,laß,laß,PROPN,par,8414,–
8418,uns,uns,PRON,da,8422,fliegen
8419,noch,noch,ADV,mo,8422,fliegen
8420,ein,ein,DET,nk,8421,bißchen
8421,bißchen,bißchen,PRON,mo,8422,fliegen
8422,fliegen,fliegen,VERB,ROOT,8422,fliegen
8423,"""",--,PUNCT,punct,8422,fliegen
8424,",",--,PUNCT,punct,8422,fliegen
8425,bat,bitten,VERB,ROOT,8425,bat
8426,Felix,Felix,PROPN,sb,8425,bat
8427,.,--,PUNCT,punct,8425,bat
8428,"""",--,PUNCT,punct,8437,schwindelt's
8429,Aber,aber,CCONJ,ju,8437,schwindelt's
8430,nur,nur,ADV,mo,8431,nicht
8431,nicht,nicht,PART,ng,8434,hoch
8432,so,so,ADV,mo,8433,sehr
8433,sehr,sehr,ADV,mo,8434,hoch
8434,hoch,hoch,ADV,mo,8437,schwindelt's
8435,",",--,PUNCT,punct,8436,da
8436,da,da,SCONJ,cp,8437,schwindelt's
8437,schwindelt's,schwindelt's,VERB,ROOT,8437,schwindelt's
8438,mir,mir,PRON,oa,8437,schwindelt's
8439,gar,gar,ADV,mo,8441,sehr
8440,zu,zu,PART,mo,8441,sehr
8441,sehr,sehr,ADV,mo,8437,schwindelt's
8442,"""",--,PUNCT,punct,8437,schwindelt's
8443,",",--,PUNCT,punct,8437,schwindelt's
8444,sprach,sprechen,VERB,ROOT,8444,sprach
8445,Christlieb,Christlieb,PROPN,sb,8444,sprach
8446,.,--,PUNCT,punct,8444,sprach
8447,Da,da,ADV,mo,8448,faßte
8448,faßte,fassen,VERB,ROOT,8448,faßte
8449,wie,wie,ADP,cm,8450,gestern
8450,gestern,gestern,ADV,mo,8448,faßte
8451,das,der,DET,nk,8453,Kind
8452,fremde,fremd,ADJ,nk,8453,Kind
8453,Kind,Kind,NOUN,sb,8448,faßte
8454,beide,beide,PRON,oa,8448,faßte
8455,",",--,PUNCT,punct,8448,faßte
8456,Felix,Felix,PROPN,sb,8448,faßte
8457,und,und,CCONJ,cd,8456,Felix
8458,Christlieb,Christlieb,NOUN,ROOT,8458,Christlieb
8459,",",--,PUNCT,punct,8458,Christlieb
8460,bei,bei,ADP,par,8458,Christlieb
8461,den,der,DET,nk,8462,Händen
8462,Händen,Hand,NOUN,nk,8460,bei
8463,und,und,CCONJ,cd,8460,bei
8464,nun,nun,ADV,mo,8465,schwebten
8465,schwebten,schweben,VERB,cj,8463,und
8466,sie,sie,PRON,oa,8465,schwebten
8467,auf,auf,ADP,mo,8465,schwebten
8468,im,in,ADP,mo,8465,schwebten
8469,goldenen,golden,ADJ,nk,8470,Purpur
8470,Purpur,Purpur,PROPN,nk,8468,im
8471,des,der,DET,dep,8458,Christlieb
8472,Abendrots,Abendrot,NOUN,sb,8480,schwärmte
8473,und,und,CCONJ,cd,8472,Abendrots
8474,das,der,DET,nk,8476,Volk
8475,lustige,lustig,ADJ,nk,8476,Volk
8476,Volk,Volk,NOUN,cj,8473,und
8477,der,der,DET,nk,8479,Vögel
8478,bunten,bunt,ADJ,nk,8479,Vögel
8479,Vögel,Vogel,NOUN,ag,8476,Volk
8480,schwärmte,schwärmen,VERB,ROOT,8480,schwärmte
8481,und,und,CCONJ,cd,8480,schwärmte
8482,lärmte,lärmen,VERB,cj,8481,und
8483,um,um,ADP,mo,8482,lärmte
8484,sie,sie,PRON,nk,8483,um
8485,her,her,ADV,svp,8482,lärmte
8486,–,--,PUNCT,punct,8488,war
8487,das,der,PRON,sb,8488,war
8488,war,sein,AUX,ROOT,8488,war
8489,ein,ein,DET,nk,8490,Jauchzen
8490,Jauchzen,jauchzen,NOUN,pd,8488,war
8491,und,und,CCONJ,cd,8490,Jauchzen
8492,Jubeln,Jubel,NOUN,cj,8491,und
8493,!,--,PUNCT,punct,8488,war
8494,–,--,PUNCT,punct,8498,Wolken
8495,In,in,ADP,mo,8502,wogenden
8496,den,der,DET,nk,8498,Wolken
8497,glänzenden,glänzend,ADJ,nk,8498,Wolken
8498,Wolken,Wolke,NOUN,nk,8495,In
8499,",",--,PUNCT,punct,8498,Wolken
8500,wie,wie,SCONJ,cm,8501,in
8501,in,in,ADP,mnr,8498,Wolken
8502,wogenden,wogend,ADJ,ROOT,8502,wogenden
8503,Flammen,Flamme,NOUN,mo,8504,erblickte
8504,erblickte,erblicken,VERB,ROOT,8504,erblickte
8505,Felix,Felix,PROPN,sb,8504,erblickte
8506,die,der,DET,nk,8508,Schlösser
8507,herrlichsten,herrlichst,ADJ,nk,8508,Schlösser
8508,Schlösser,Schloß,NOUN,oa,8504,erblickte
8509,von,von,ADP,mnr,8508,Schlösser
8510,lauter,lauter,DET,nk,8511,Rubinen
8511,Rubinen,Rubin,NOUN,nk,8509,von
8512,und,und,CCONJ,cd,8504,erblickte
8513,andern,anderer,ADJ,nk,8515,Edelsteinen
8514,funkelnden,funkelnd,ADJ,nk,8515,Edelsteinen
8515,Edelsteinen,Edelstein,NOUN,da,8525,rief
8516,:,--,PUNCT,punct,8515,Edelsteinen
8517,"""",--,PUNCT,punct,8520,schau
8518,Schau,Schau,NOUN,sb,8520,schau
8519,o,o,X,nk,8518,Schau
8520,schau,schaun,VERB,rs,8515,Edelsteinen
8521,doch,doch,ADV,mo,8520,schau
8522,Christlieb,Christlieb,NOUN,oa,8520,schau
8523,"""",--,PUNCT,punct,8525,rief
8524,",",--,PUNCT,punct,8525,rief
8525,rief,rufen,VERB,ROOT,8525,rief
8526,er,er,PRON,sb,8525,rief
8527,voll,voll,ADV,mo,8525,rief
8528,Entzücken,Entzück,NOUN,ROOT,8528,Entzücken
8529,",",--,PUNCT,punct,8528,Entzücken
8530,"""",--,PUNCT,punct,8532,sind
8531,das,der,PRON,sb,8532,sind
8532,sind,sein,AUX,rs,8528,Entzücken
8533,prächtige,prächtig,ADJ,nk,8534,Häuser
8534,Häuser,Haus,NOUN,pd,8532,sind
8535,",",--,PUNCT,punct,8532,sind
8536,nur,nur,ADV,mo,8538,laß
8537,tapfer,tapf,ADV,nk,8538,laß
8538,laß,Laß,NOUN,sb,8540,fliegen
8539,uns,uns,PRON,da,8540,fliegen
8540,fliegen,fliegen,VERB,oc,8532,sind
8541,",",--,PUNCT,punct,8532,sind
8542,wir,wir,PRON,sb,8543,kommen
8543,kommen,kommen,VERB,oc,8528,Entzücken
8544,gewiß,gewiß,ADV,ROOT,8544,gewiß
8545,hin,hin,ADV,mo,8544,gewiß
8546,.,--,PUNCT,punct,8544,gewiß
8547,"""",--,PUNCT,ROOT,8547,""""
8548,Christlieb,Christlieb,NOUN,sb,8549,gewahrte
8549,gewahrte,gewahren,VERB,ROOT,8549,gewahrte
8550,auch,auch,ADV,mo,8552,Schlösser
8551,die,der,DET,nk,8552,Schlösser
8552,Schlösser,Schloß,NOUN,sb,8549,gewahrte
8553,und,und,CCONJ,cd,8549,gewahrte
8554,vergaß,vergessen,VERB,cj,8553,und
8555,alle,aller,DET,nk,8556,Furcht
8556,Furcht,Furcht,NOUN,oa,8554,vergaß
8557,",",--,PUNCT,punct,8554,vergaß
8558,indem,indem,SCONJ,cp,8569,blickte
8559,sie,sie,PRON,sb,8569,blickte
8560,nicht,nicht,PART,ng,8562,hinab
8561,mehr,mehr,ADV,mo,8560,nicht
8562,hinab,hinab,ADV,mo,8569,blickte
8563,",",--,PUNCT,punct,8562,hinab
8564,sondern,sondern,CCONJ,cd,8562,hinab
8565,unverwandt,unverwandt,ADV,mo,8569,blickte
8566,in,in,ADP,mo,8569,blickte
8567,die,der,DET,nk,8568,Ferne
8568,Ferne,Ferne,NOUN,nk,8566,in
8569,blickte,blicken,VERB,ROOT,8569,blickte
8570,.,--,PUNCT,punct,8569,blickte
8571,"""",--,PUNCT,punct,8573,sind
8572,Das,der,PRON,sb,8573,sind
8573,sind,sein,AUX,ROOT,8573,sind
8574,meine,mein,DET,nk,8576,Luftschlösser
8575,lieben,lieb,ADJ,nk,8576,Luftschlösser
8576,Luftschlösser,Luftschlösser,NOUN,sb,8579,sprach
8577,"""",--,PUNCT,punct,8576,Luftschlösser
8578,",",--,PUNCT,punct,8579,sprach
8579,sprach,sprechen,VERB,ROOT,8579,sprach
8580,das,der,DET,nk,8582,Kind
8581,fremde,fremd,ADJ,nk,8582,Kind
8582,Kind,Kind,NOUN,sb,8579,sprach
8583,",",--,PUNCT,punct,8579,sprach
8584,"""",--,PUNCT,punct,8579,sprach
8585,aber,aber,CCONJ,mo,8579,sprach
8586,hin,hin,ADV,mo,8587,wir
8587,wir,wir,PRON,sb,8588,kommen
8588,kommen,kommen,VERB,cj,8585,aber
8589,heute,heute,ADV,mo,8588,kommen
8590,wohl,wohl,ADV,mo,8591,nicht
8591,nicht,nicht,PART,ROOT,8591,nicht
8592,mehr,mehr,ADV,mo,8591,nicht
8593,!,--,PUNCT,punct,8591,nicht
8594,"""",--,PUNCT,punct,8591,nicht
8595,–,--,PUNCT,punct,8599,waren
8596,Felix,Felix,PROPN,sb,8599,waren
8597,und,und,CCONJ,cd,8596,Felix
8598,Christlieb,Christlieb,PROPN,cj,8597,und
8599,waren,sein,AUX,ROOT,8599,waren
8600,wie,wie,ADP,cm,8601,im
8601,im,in,ADP,mo,8599,waren
8602,Träume,Traum,NOUN,nk,8601,im
8603,und,und,CCONJ,cd,8599,waren
8604,wußten,wissen,VERB,cj,8603,und
8605,selbst,selbst,ADV,mo,8604,wußten
8606,nicht,nicht,PART,ng,8609,geschah
8607,wie,wie,SCONJ,mo,8609,geschah
8608,es,es,PRON,sb,8609,geschah
8609,geschah,geschehen,VERB,ROOT,8609,geschah
8610,",",--,PUNCT,punct,8609,geschah
8611,daß,daß,SCONJ,cp,8612,sie
8612,sie,sie,PRON,sb,8609,geschah
8613,unversehens,unversehens,ADV,mo,8615,zu
8614,sich,sich,PRON,nk,8613,unversehens
8615,zu,zu,ADP,mnr,8612,sie
8616,Hause,Haus,NOUN,nk,8615,zu
8617,bei,bei,ADP,mnr,8616,Hause
8618,Vater,Vater,NOUN,nk,8617,bei
8619,und,und,CCONJ,cd,8618,Vater
8620,Mutter,Mutter,NOUN,cj,8619,und
8621,befanden,befinden,VERB,ROOT,8621,befanden
8622,.,--,PUNCT,punct,8621,befanden
8623,Von,von,ADP,ROOT,8623,Von
8624,der,der,DET,nk,8625,Heimat
8625,Heimat,Heimat,NOUN,nk,8623,Von
8626,des,der,DET,nk,8628,Kindes
8627,fremden,fremd,ADJ,nk,8628,Kindes
8628,Kindes,Kind,NOUN,ag,8625,Heimat
8629,Das,der,DET,nk,8631,Kind
8630,fremde,fremd,ADJ,nk,8631,Kind
8631,Kind,Kind,NOUN,sb,8632,hatte
8632,hatte,haben,AUX,ROOT,8632,hatte
8633,auf,auf,ADP,mo,8632,hatte
8634,dem,der,DET,nk,8636,Platz
8635,anmutigsten,anmutigst,ADJ,nk,8636,Platz
8636,Platz,Platz,NOUN,nk,8633,auf
8637,im,in,ADP,mnr,8636,Platz
8638,Walde,Walde,NOUN,nk,8637,im
8639,zwischen,zwischen,ADP,mnr,8638,Walde
8640,säuselndem,säuselnd,ADJ,nk,8639,zwischen
8641,Gebüsch,Gebüsch,NOUN,ROOT,8641,Gebüsch
8642,",",--,PUNCT,punct,8641,Gebüsch
8643,dem,der,DET,nk,8644,Bach
8644,Bach,Bach,PROPN,da,8645,unfern
8645,unfern,unfern,ADV,oc,8641,Gebüsch
8646,",",--,PUNCT,punct,8641,Gebüsch
8647,ein,ein,DET,nk,8650,Gezelt
8648,überaus,überaus,ADV,mo,8649,herrliches
8649,herrliches,herrlich,ADJ,nk,8650,Gezelt
8650,Gezelt,Gezelt,NOUN,cj,8641,Gebüsch
8651,von,von,ADP,pg,8650,Gezelt
8652,hohen,hoch,ADJ,nk,8653,schlanken
8653,schlanken,schlank,NOUN,nk,8651,von
8654,Lilien,Lili,NOUN,ROOT,8654,Lilien
8655,",",--,PUNCT,punct,8654,Lilien
8656,glühenden,glühend,ADJ,nk,8657,Rosen
8657,Rosen,Rose,NOUN,cj,8654,Lilien
8658,und,und,CCONJ,cd,8657,Rosen
8659,bunten,bunt,ADJ,nk,8660,Tulipanen
8660,Tulipanen,Tulipan,NOUN,cj,8658,und
8661,erbaut,erbauen,VERB,oc,8654,Lilien
8662,.,--,PUNCT,punct,8654,Lilien
8663,Unter,unter,ADP,mo,8666,saßen
8664,diesem,dieser,DET,nk,8665,Gezelt
8665,Gezelt,Gezelt,NOUN,nk,8663,Unter
8666,saßen,sitzen,VERB,ROOT,8666,saßen
8667,mit,mit,ADP,ROOT,8667,mit
8668,dem,der,DET,nk,8670,Kinde
8669,fremden,fremd,ADJ,nk,8670,Kinde
8670,Kinde,Kind,NOUN,nk,8667,mit
8671,Felix,Felix,PROPN,nk,8670,Kinde
8672,und,und,CCONJ,cd,8671,Felix
8673,Christlieb,Christlieb,NOUN,cj,8672,und
8674,und,und,CCONJ,ROOT,8674,und
8675,horchten,horchen,VERB,cj,8674,und
8676,darauf,darauf,ADV,op,8675,horchten
8677,",",--,PUNCT,punct,8676,darauf
8678,was,was,PRON,oa,8675,horchten
8679,der,der,DET,re,8676,darauf
8680,Waldbach,Waldbach,PROPN,sb,8685,plauderte
8681,allerlei,allerlei,DET,nk,8683,Zeug
8682,seltsames,seltsam,ADJ,nk,8683,Zeug
8683,Zeug,Zeug,NOUN,oa,8685,plauderte
8684,durcheinander,durcheinander,ADV,mo,8685,plauderte
8685,plauderte,plauderen,VERB,ROOT,8685,plauderte
8686,.,--,PUNCT,punct,8685,plauderte
8687,"""",--,PUNCT,punct,8689,verstehe
8688,Recht,recht,ADV,mo,8689,verstehe
8689,verstehe,verstehen,VERB,ROOT,8689,verstehe
8690,ich,ich,PRON,sb,8689,verstehe
8691,doch,doch,CCONJ,mo,8695,fing
8692,nicht,nicht,PART,dep,8691,doch
8693,"""",--,PUNCT,punct,8695,fing
8694,",",--,PUNCT,punct,8695,fing
8695,fing,fing,VERB,ROOT,8695,fing
8696,Felix,Felix,PROPN,sb,8695,fing
8697,an,an,ADP,svp,8695,fing
8698,",",--,PUNCT,punct,8695,fing
8699,"""",--,PUNCT,punct,8704,erzählt
8700,was,was,PRON,oa,8704,erzählt
8701,der,der,PRON,sb,8704,erzählt
8702,dort,dort,ADV,mo,8704,erzählt
8703,unten,unten,ADV,mo,8704,erzählt
8704,erzählt,erzählen,VERB,oc,8695,fing
8705,und,und,CCONJ,cd,8704,erzählt
8706,es,es,PRON,sb,8707,ist
8707,ist,sein,AUX,cj,8705,und
8708,mir,mir,PRON,da,8707,ist
8709,so,so,ADV,mo,8707,ist
8710,",",--,PUNCT,punct,8709,so
8711,als,als,ADP,re,8709,so
8712,wenn,wenn,SCONJ,cp,8713,du
8713,du,du,PRON,ROOT,8713,du
8714,selbst,selbst,ADV,mnr,8713,du
8715,",",--,PUNCT,punct,8713,du
8716,mein,mein,DET,nk,8719,Junge
8717,lieber,lieber,ADV,mo,8718,lieber
8718,lieber,lieb,ADJ,nk,8719,Junge
8719,Junge,jung,NOUN,nk,8720,alles
8720,alles,alle,PRON,par,8713,du
8721,",",--,PUNCT,punct,8720,alles
8722,was,wer,PRON,oa,8726,unverständlich
8723,er,er,PRON,sb,8726,unverständlich
8724,nur,nur,ADV,mo,8726,unverständlich
8725,so,so,ADV,mo,8726,unverständlich
8726,unverständlich,unverständlich,ADV,rc,8713,du
8727,murmelt,murmeln,VERB,mo,8732,sagen
8728,",",--,PUNCT,punct,8727,murmelt
8729,recht,recht,ADV,mo,8730,hübsch
8730,hübsch,hübsch,ADV,oc,8727,murmelt
8731,mir,mir,PRON,da,8732,sagen
8732,sagen,sagen,VERB,ROOT,8732,sagen
8733,könntest,Könntest,NOUN,sb,8732,sagen
8734,.,--,PUNCT,punct,8732,sagen
8735,Überhaupt,überhaupt,ADV,mo,8736,möcht
8736,möcht,möchen,VERB,ROOT,8736,möcht
8737,ich,ich,PRON,sb,8736,möcht
8738,dich,dich,PRON,oa,8736,möcht
8739,doch,doch,ADV,mo,8736,möcht
8740,wohl,wohl,ADV,mo,8736,möcht
8741,fragen,fragen,VERB,ROOT,8741,fragen
8742,",",--,PUNCT,punct,8741,fragen
8743,wo,wo,SCONJ,mo,8746,herkommst
8744,du,du,PRON,sb,8746,herkommst
8745,denn,denn,ADV,mo,8746,herkommst
8746,herkommst,herkommst,VERB,oc,8741,fragen
8747,und,und,CCONJ,cd,8746,herkommst
8748,wo,wo,SCONJ,mo,8753,hinverschwindest
8749,du,du,PRON,sb,8753,hinverschwindest
8750,immer,immer,ADV,mo,8752,schnell
8751,so,so,ADV,mo,8752,schnell
8752,schnell,schnell,ADV,mo,8753,hinverschwindest
8753,hinverschwindest,hinverschwindest,ADV,cj,8747,und
8754,",",--,PUNCT,punct,8746,herkommst
8755,daß,daß,SCONJ,ROOT,8755,daß
8756,wir,wir,PRON,sb,8759,wissen
8757,selbst,selbst,ADV,mnr,8756,wir
8758,niemals,niemals,ADV,mo,8759,wissen
8759,wissen,wissen,VERB,ROOT,8759,wissen
8760,wie,wie,ADP,cm,8761,das
8761,das,der,PRON,sb,8762,geschieht
8762,geschieht,geschehen,VERB,oc,8759,wissen
8763,?,--,PUNCT,punct,8759,wissen
8764,"""",--,PUNCT,punct,8759,wissen
8765,–,--,PUNCT,punct,8767,Weißt
8766,"""",--,PUNCT,punct,8767,Weißt
8767,Weißt,weißen,VERB,ROOT,8767,Weißt
8768,du,du,PRON,sb,8767,Weißt
8769,wohl,wohl,ADV,mo,8767,Weißt
8770,",",--,PUNCT,punct,8767,Weißt
8771,liebes,liebe,PROPN,cj,8767,Weißt
8772,Mädchen,Mädchen,NOUN,sb,8775,fiel
8773,"""",--,PUNCT,punct,8775,fiel
8774,",",--,PUNCT,punct,8775,fiel
8775,fiel,fallen,VERB,ROOT,8775,fiel
8776,Christlieb,Christlieb,PROPN,sb,8775,fiel
8777,ein,ein,ADV,svp,8775,fiel
8778,",",--,PUNCT,punct,8775,fiel
8779,"""",--,PUNCT,punct,8782,glaubt
8780,daß,daß,SCONJ,cp,8782,glaubt
8781,Mutter,Mutter,NOUN,sb,8782,glaubt
8782,glaubt,glauben,VERB,mo,8775,fiel
8783,",",--,PUNCT,punct,8782,glaubt
8784,du,du,PRON,sb,8785,seist
8785,seist,seisen,VERB,cj,8782,glaubt
8786,Schulmeisters,Schulmeister,NOUN,oa,8785,seist
8787,Gottlieb,Gottlieb,NOUN,ROOT,8787,Gottlieb
8788,?,--,PUNCT,punct,8787,Gottlieb
8789,"""",--,PUNCT,punct,8787,Gottlieb
8790,–,--,PUNCT,punct,8796,Ding
8791,"""",--,PUNCT,punct,8792,Schweig
8792,Schweig,Schweig,NOUN,sb,8796,Ding
8793,doch,doch,ADV,mo,8792,Schweig
8794,nur,nur,ADV,mo,8796,Ding
8795,dummes,dumm,ADJ,nk,8796,Ding
8796,Ding,Ding,NOUN,oa,8799,rief
8797,"""",--,PUNCT,punct,8799,rief
8798,",",--,PUNCT,punct,8799,rief
8799,rief,rufen,VERB,ROOT,8799,rief
8800,Felix,Felix,PROPN,sb,8799,rief
8801,",",--,PUNCT,punct,8799,rief
8802,"""",--,PUNCT,punct,8804,hat
8803,Mutter,Mutter,NOUN,sb,8804,hat
8804,hat,haben,AUX,oc,8799,rief
8805,den,der,DET,nk,8806,lieben
8806,lieben,Lieb,NOUN,oa,8804,hat
8807,Knaben,Knabe,NOUN,cj,8812,würde
8808,niemals,niemals,ADV,mo,8809,gesehen
8809,gesehen,sehen,VERB,oc,8807,Knaben
8810,",",--,PUNCT,punct,8812,würde
8811,sonst,sonst,ADV,mo,8809,gesehen
8812,würde,werden,AUX,ROOT,8812,würde
8813,sie,sie,PRON,sb,8812,würde
8814,gar,gar,ADV,mo,8815,nicht
8815,nicht,nicht,PART,ng,8818,Gottlieb
8816,von,von,ADP,sbp,8809,gesehen
8817,Schulmeisters,Schulmeister,PROPN,ag,8818,Gottlieb
8818,Gottlieb,Gottlieb,NOUN,nk,8816,von
8819,gesprochen,sprechen,VERB,oc,8820,haben
8820,haben,haben,AUX,ROOT,8820,haben
8821,.,--,PUNCT,punct,8820,haben
8822,–,--,PUNCT,punct,8825,sage
8823,Aber,aber,CCONJ,ju,8825,sage
8824,nun,nun,ADV,mo,8825,sage
8825,sage,sagen,VERB,ROOT,8825,sage
8826,mir,mir,PRON,da,8827,geschwind
8827,geschwind,geschwind,ADV,mo,8825,sage
8828,",",--,PUNCT,punct,8827,geschwind
8829,du,du,PRON,dep,8827,geschwind
8830,lieber,lieber,ADV,mo,8831,Junge
8831,Junge,Junge,NOUN,oa,8825,sage
8832,",",--,PUNCT,punct,8831,Junge
8833,wo,wo,SCONJ,mo,8825,sage
8834,du,du,PRON,sb,8825,sage
8835,wohnst,wohnst,ADV,mo,8825,sage
8836,",",--,PUNCT,punct,8835,wohnst
8837,damit,damit,SCONJ,cp,8844,können
8838,wir,wir,PRON,sb,8844,können
8839,zu,zu,ADP,mo,8844,können
8840,dir,dir,PRON,nk,8839,zu
8841,ins,in,ADP,mo,8843,kommen
8842,Haus,Haus,NOUN,nk,8841,ins
8843,kommen,kommen,VERB,oc,8844,können
8844,können,können,AUX,ROOT,8844,können
8845,",",--,PUNCT,punct,8844,können
8846,zur,zu,ADP,mo,8844,können
8847,Winterszeit,Winterszeit,NOUN,nk,8846,zur
8848,",",--,PUNCT,punct,8844,können
8849,wenn,wenn,SCONJ,cp,8851,stürmt
8850,es,es,PRON,sb,8851,stürmt
8851,stürmt,stürmen,VERB,mo,8844,können
8852,und,und,CCONJ,cd,8851,stürmt
8853,schneit,Schneit,NOUN,ROOT,8853,schneit
8854,und,und,CCONJ,cd,8853,schneit
8855,im,in,ADP,cj,8854,und
8856,Walde,Walde,NOUN,nk,8855,im
8857,nicht,nicht,PART,ng,8858,Steg
8858,Steg,Steg,NOUN,sb,8863,ist
8859,nicht,nicht,PART,ng,8862,finden
8860,Weg,Weg,NOUN,oa,8862,finden
8861,zu,zu,PART,pm,8862,finden
8862,finden,finden,VERB,oc,8863,ist
8863,ist,sein,AUX,ROOT,8863,ist
8864,.,--,PUNCT,punct,8863,ist
8865,"""",--,PUNCT,punct,8863,ist
8866,–,--,PUNCT,punct,8872,sprach
8867,"""",--,PUNCT,punct,8872,sprach
8868,Ach,ach,INTJ,sb,8872,sprach
8869,ja,ja,ADV,mo,8872,sprach
8870,!,--,PUNCT,punct,8872,sprach
8871,"""",--,PUNCT,punct,8872,sprach
8872,sprach,sprechen,VERB,ROOT,8872,sprach
8873,Christlieb,Christlieb,NOUN,ROOT,8873,Christlieb
8874,",",--,PUNCT,punct,8873,Christlieb
8875,"""",--,PUNCT,punct,8877,mußt
8876,nun,nun,ADV,mo,8877,mußt
8877,mußt,mußt,VERB,rs,8873,Christlieb
8878,du,du,PRON,sb,8877,mußt
8879,uns,sich,PRON,da,8877,mußt
8880,fein,fein,ADV,mo,8881,sagen
8881,sagen,sagen,VERB,oc,8877,mußt
8882,",",--,PUNCT,punct,8881,sagen
8883,wo,wo,SCONJ,mo,8887,bist
8884,du,du,PRON,sb,8887,bist
8885,zu,zu,ADP,mo,8887,bist
8886,Hause,Haus,NOUN,nk,8885,zu
8887,bist,sein,AUX,oc,8881,sagen
8888,",",--,PUNCT,punct,8887,bist
8889,wer,wer,PRON,dep,8887,bist
8890,deine,dein,DET,nk,8891,Eltern
8891,Eltern,Eltern,NOUN,oa,8877,mußt
8892,sind,sein,AUX,ROOT,8892,sind
8893,und,und,CCONJ,cd,8892,sind
8894,hauptsächlich,hauptsächlich,ADV,mo,8899,heißest
8895,wie,wie,ADP,cm,8896,du
8896,du,du,PRON,sb,8899,heißest
8897,denn,denn,ADV,mo,8899,heißest
8898,eigentlich,eigentlich,ADV,mo,8899,heißest
8899,heißest,Heißest,VERB,cj,8893,und
8900,.,--,PUNCT,punct,8892,sind
8901,"""",--,PUNCT,punct,8892,sind
8902,Das,der,DET,nk,8904,Kind
8903,fremde,fremd,ADJ,nk,8904,Kind
8904,Kind,Kind,NOUN,sb,8905,sah
8905,sah,sehen,VERB,ROOT,8905,sah
8906,sehr,sehr,ADV,mo,8907,ernst
8907,ernst,ernst,ADV,ROOT,8907,ernst
8908,",",--,PUNCT,punct,8907,ernst
8909,beinahe,beinahe,ADV,mo,8910,traurig
8910,traurig,traurig,ADV,cj,8907,ernst
8911,vor,vor,ADP,mo,8910,traurig
8912,sich,sich,PRON,nk,8911,vor
8913,hin,hin,ADV,ac,8911,vor
8914,und,und,CCONJ,cd,8910,traurig
8915,seufzte,seufzen,VERB,cj,8914,und
8916,recht,Recht,NOUN,mo,8915,seufzte
8917,aus,aus,ADP,mo,8915,seufzte
8918,tiefer,tief,ADJ,nk,8919,Brust
8919,Brust,Brust,NOUN,nk,8917,aus
8920,.,--,PUNCT,punct,8907,ernst
8921,Dann,dann,ADV,mo,8929,fing
8922,",",--,PUNCT,punct,8921,Dann
8923,nachdem,nachdem,SCONJ,cp,8927,geschwiegen
8924,es,es,PRON,sb,8927,geschwiegen
8925,einige,einiger,DET,nk,8926,Augenblicke
8926,Augenblicke,Augenblick,NOUN,oa,8927,geschwiegen
8927,geschwiegen,geschwiegen,VERB,mo,8929,fing
8928,",",--,PUNCT,punct,8929,fing
8929,fing,fing,VERB,ROOT,8929,fing
8930,es,es,PRON,ep,8929,fing
8931,an,an,ADP,svp,8929,fing
8932,:,--,PUNCT,punct,8929,fing
8933,"""",--,PUNCT,punct,8935,lieben
8934,Ach,ach,INTJ,oa,8935,lieben
8935,lieben,lieben,VERB,ROOT,8935,lieben
8936,Kinder,Kind,NOUN,sb,8939,fragt
8937,",",--,PUNCT,punct,8939,fragt
8938,warum,warum,SCONJ,mo,8939,fragt
8939,fragt,fragen,VERB,ROOT,8939,fragt
8940,ihr,ihr,PRON,sb,8939,fragt
8941,nach,nach,ADP,mo,8939,fragt
8942,meiner,mein,DET,nk,8943,Heimat
8943,Heimat,Heimat,NOUN,nk,8941,nach
8944,?,--,PUNCT,punct,8939,fragt
8945,Ist,sein,AUX,ROOT,8945,Ist
8946,es,es,PRON,sb,8945,Ist
8947,denn,denn,ADV,mo,8945,Ist
8948,nicht,nicht,PART,ng,8945,Ist
8949,genug,genug,ADV,mo,8948,nicht
8950,",",--,PUNCT,punct,8945,Ist
8951,daß,daß,SCONJ,cp,8952,ich
8952,ich,ich,PRON,pd,8945,Ist
8953,tagtäglich,tagtäglich,ADV,mo,8956,komme
8954,zu,zu,ADP,mo,8956,komme
8955,euch,euch,PRON,nk,8954,zu
8956,komme,kommen,VERB,ROOT,8956,komme
8957,und,und,CCONJ,cd,8956,komme
8958,mit,mit,ADP,mo,8960,spiele
8959,euch,euch,PRON,nk,8958,mit
8960,spiele,spielen,VERB,cj,8957,und
8961,?,--,PUNCT,punct,8956,komme
8962,–,--,PUNCT,punct,8964,könnte
8963,Ich,ich,PRON,sb,8964,könnte
8964,könnte,können,AUX,ROOT,8964,könnte
8965,euch,euch,PRON,da,8966,sagen
8966,sagen,sagen,VERB,oc,8964,könnte
8967,",",--,PUNCT,punct,8966,sagen
8968,daß,daß,SCONJ,punct,8964,könnte
8969,ich,ich,PRON,sb,8964,könnte
8970,dort,dort,ADV,mo,8971,hinter
8971,hinter,hinter,ADP,ROOT,8971,hinter
8972,den,der,DET,nk,8974,Bergen
8973,blauen,blau,ADJ,nk,8974,Bergen
8974,Bergen,Berg,NOUN,nk,8971,hinter
8975,",",--,PUNCT,punct,8974,Bergen
8976,die,der,PRON,sb,8982,anzusehen
8977,wie,wie,ADP,cm,8978,krauses
8978,krauses,kraus,ADJ,mo,8982,anzusehen
8979,",",--,PUNCT,punct,8978,krauses
8980,zackiges,zackig,ADJ,nk,8981,Nebelgewölk
8981,Nebelgewölk,Nebelgewölk,NOUN,cj,8978,krauses
8982,anzusehen,ansehen,VERB,rc,8974,Bergen
8983,sind,sein,AUX,ROOT,8983,sind
8984,",",--,PUNCT,punct,8983,sind
8985,zu,zu,ADP,mo,8987,bin
8986,Hause,Haus,NOUN,nk,8985,zu
8987,bin,sein,AUX,sb,8983,sind
8988,",",--,PUNCT,punct,8983,sind
8989,aber,aber,CCONJ,cd,8983,sind
8990,wenn,wenn,SCONJ,cp,8998,laufen
8991,ihr,ihr,PRON,nk,8992,tagelang
8992,tagelang,Tagelang,NOUN,mo,8998,laufen
8993,und,und,CCONJ,cd,8992,tagelang
8994,immer,immer,ADV,cj,8993,und
8995,fort,fort,ADV,mo,8998,laufen
8996,und,und,CCONJ,cd,8995,fort
8997,fort,fort,ADV,cj,8996,und
8998,laufen,laufen,VERB,cj,8989,aber
8999,wolltet,wollten,VERB,re,9008,so
9000,",",--,PUNCT,punct,8999,wolltet
9001,bis,bis,SCONJ,cp,9006,stündet
9002,ihr,ihr,PRON,sb,9006,stündet
9003,auf,auf,ADP,mo,9006,stündet
9004,den,der,DET,nk,9005,Bergen
9005,Bergen,Berg,NOUN,nk,9003,auf
9006,stündet,stünden,VERB,mo,8999,wolltet
9007,",",--,PUNCT,punct,9008,so
9008,so,so,ADV,mo,9009,würdet
9009,würdet,würden,VERB,ROOT,9009,würdet
9010,ihr,ihr,PRON,oa,9009,würdet
9011,wieder,wieder,ADV,mo,9009,würdet
9012,ebenso,ebenso,ADV,mo,9013,fern
9013,fern,fern,ADV,mo,9009,würdet
9014,ein,ein,ADV,svp,9009,würdet
9015,neues,neu,ADJ,nk,9016,Gebirge
9016,Gebirge,Gebirge,NOUN,oa,9017,schauen
9017,schauen,schauen,VERB,ROOT,9017,schauen
9018,",",--,PUNCT,punct,9017,schauen
9019,hinter,hinter,ADP,mo,9025,müßtet
9020,dem,der,PRON,nk,9019,hinter
9021,ihr,ihr,PRON,sb,9025,müßtet
9022,meine,mein,DET,nk,9023,Heimat
9023,Heimat,Heimat,NOUN,sb,9025,müßtet
9024,suchen,suchen,VERB,oc,9025,müßtet
9025,müßtet,müßten,VERB,rc,9016,Gebirge
9026,",",--,PUNCT,punct,9017,schauen
9027,und,und,CCONJ,cd,9017,schauen
9028,wenn,wenn,SCONJ,cp,9029,ihr
9029,ihr,ihr,PRON,ROOT,9029,ihr
9030,auch,auch,ADV,mo,9032,Gebirge
9031,dieses,dieser,DET,nk,9032,Gebirge
9032,Gebirge,Gebirge,NOUN,oa,9033,erreicht
9033,erreicht,erreichen,VERB,mo,9036,würdet
9034,hättet,hättet,VERB,mo,9033,erreicht
9035,",",--,PUNCT,punct,9036,würdet
9036,würdet,würden,VERB,ROOT,9036,würdet
9037,ihr,ihr,PRON,sb,9036,würdet
9038,wiederum,wiederum,ADV,mo,9036,würdet
9039,ein,ein,DET,nk,9041,erblicken
9040,neues,neu,ADJ,nk,9041,erblicken
9041,erblicken,erblicken,NOUN,oa,9036,würdet
9042,",",--,PUNCT,punct,9036,würdet
9043,und,und,CCONJ,ju,9045,würde
9044,so,so,ADV,mo,9052,gehen
9045,würde,werden,AUX,ROOT,9045,würde
9046,es,es,PRON,sb,9045,würde
9047,euch,euch,PRON,sb,9045,würde
9048,immer,immer,ADV,mo,9052,gehen
9049,fort,fort,ADV,mo,9052,gehen
9050,und,und,CCONJ,cd,9049,fort
9051,fort,fort,ADV,cj,9050,und
9052,gehen,gehen,VERB,oc,9045,würde
9053,und,und,CCONJ,cd,9045,würde
9054,ihr,ihr,PRON,sb,9055,würdet
9055,würdet,würden,VERB,cj,9053,und
9056,niemals,niemals,ADV,mo,9055,würdet
9057,meine,mein,DET,re,9046,es
9058,Heimat,Heimat,NOUN,oa,9059,erreichen
9059,erreichen,erreichen,VERB,ROOT,9059,erreichen
9060,.,--,PUNCT,punct,9059,erreichen
9061,"""",--,PUNCT,punct,9059,erreichen
9062,–,--,PUNCT,punct,9064,Ach
9063,"""",--,PUNCT,punct,9064,Ach
9064,Ach,ach,INTJ,sb,9067,rief
9065,"""",--,PUNCT,punct,9064,Ach
9066,",",--,PUNCT,punct,9067,rief
9067,rief,rufen,VERB,ROOT,9067,rief
9068,Christlieb,Christlieb,PROPN,sb,9067,rief
9069,weinerlich,weinerlich,ADV,mo,9067,rief
9070,aus,aus,ADP,svp,9067,rief
9071,",",--,PUNCT,punct,9067,rief
9072,"""",--,PUNCT,punct,9067,rief
9073,ach,ach,ADP,mo,9067,rief
9074,so,so,ADV,mo,9075,wohnst
9075,wohnst,wohnst,ADV,mo,9067,rief
9076,du,du,PRON,sb,9067,rief
9077,wohl,wohl,ADV,mo,9080,Meilen
9078,viele,vieler,DET,nk,9080,Meilen
9079,hundert,hundert,NUM,nk,9080,Meilen
9080,Meilen,Meile,NOUN,ROOT,9080,Meilen
9081,von,von,ADP,pg,9080,Meilen
9082,uns,uns,PRON,nk,9081,von
9083,und,und,CCONJ,cd,9080,Meilen
9084,bist,sein,AUX,cj,9083,und
9085,nur,nur,ADV,mo,9086,zum
9086,zum,zu,ADP,mo,9084,bist
9087,Besuch,Besuch,NOUN,nk,9086,zum
9088,in,in,ADP,mnr,9087,Besuch
9089,unserer,unser,DET,nk,9090,Gegend
9090,Gegend,Gegend,NOUN,nk,9088,in
9091,?,--,PUNCT,punct,9080,Meilen
9092,"""",--,PUNCT,punct,9080,Meilen
9093,–,--,PUNCT,ROOT,9093,–
9094,"""",--,PUNCT,punct,9098,Christlieb
9095,Sieh,Sieh,NOUN,mo,9098,Christlieb
9096,nur,nur,ADV,mo,9098,Christlieb
9097,",",--,PUNCT,punct,9098,Christlieb
9098,Christlieb,Christlieb,NOUN,oa,9101,fuhr
9099,!,--,PUNCT,punct,9101,fuhr
9100,"""",--,PUNCT,punct,9101,fuhr
9101,fuhr,fahren,VERB,ROOT,9101,fuhr
9102,das,der,DET,nk,9104,Kind
9103,fremde,fremd,ADJ,nk,9104,Kind
9104,Kind,Kind,NOUN,sb,9101,fuhr
9105,fort,fort,ADV,svp,9101,fuhr
9106,",",--,PUNCT,punct,9101,fuhr
9107,"""",--,PUNCT,punct,9112,herzlich
9108,wenn,wenn,SCONJ,cp,9112,herzlich
9109,du,du,PRON,sb,9112,herzlich
9110,dich,dich,PRON,oa,9112,herzlich
9111,recht,recht,ADV,mo,9112,herzlich
9112,herzlich,herzlich,ADV,mo,9101,fuhr
9113,nach,nach,ADP,mo,9118,bin
9114,mir,Mir,PRON,nk,9115,sehnst
9115,sehnst,Sehnst,NOUN,nk,9113,nach
9116,",",--,PUNCT,punct,9117,so
9117,so,so,ADV,mo,9118,bin
9118,bin,sein,AUX,ROOT,9118,bin
9119,ich,ich,PRON,sb,9118,bin
9120,gleich,gleich,ADV,mo,9121,bei
9121,bei,bei,ADP,mo,9118,bin
9122,dir,dir,PRON,nk,9121,bei
9123,und,und,CCONJ,cd,9118,bin
9124,bringe,bringen,VERB,cj,9123,und
9125,dir,dir,PRON,da,9124,bringe
9126,alle,aller,DET,nk,9127,Spiele
9127,Spiele,Spiel,NOUN,oa,9124,bringe
9128,",",--,PUNCT,punct,9124,bringe
9129,alle,aller,PRON,dep,9118,bin
9130,Wunder,Wunder,NOUN,cj,9137,ist
9131,aus,aus,ADP,mnr,9130,Wunder
9132,meiner,mein,DET,nk,9133,Heimat
9133,Heimat,Heimat,NOUN,nk,9131,aus
9134,mit,mit,ADP,mo,9130,Wunder
9135,",",--,PUNCT,punct,9130,Wunder
9136,und,und,CCONJ,ju,9137,ist
9137,ist,sein,AUX,ROOT,9137,ist
9138,denn,denn,ADV,mo,9137,ist
9139,das,der,PRON,sb,9137,ist
9140,nicht,nicht,PART,ng,9142,gut
9141,ebenso,ebenso,ADV,mo,9142,gut
9142,gut,gut,ADV,pd,9137,ist
9143,als,als,ADP,cm,9145,wir
9144,ob,ob,SCONJ,cp,9145,wir
9145,wir,wir,PRON,cc,9141,ebenso
9146,in,in,ADP,mo,9137,ist
9147,meiner,mein,DET,nk,9148,Heimat
9148,Heimat,Heimat,NOUN,da,9150,zusammensäßen
9149,selbst,selbst,ADV,mnr,9148,Heimat
9150,zusammensäßen,zusammensäßen,VERB,mo,9153,spielten
9151,und,und,CCONJ,cd,9150,zusammensäßen
9152,miteinander,miteinander,ADV,cj,9151,und
9153,spielten,spielen,VERB,ROOT,9153,spielten
9154,?,--,PUNCT,punct,9153,spielten
9155,"""",--,PUNCT,punct,9153,spielten
9156,–,--,PUNCT,ROOT,9156,–
9157,"""",--,PUNCT,punct,9158,Das
9158,Das,der,DET,cp,9160,wohl
9159,nun,nun,ADV,mo,9160,wohl
9160,wohl,wohl,ADV,mo,9156,–
9161,eben,eben,ADV,mo,9162,nicht
9162,nicht,nicht,PART,ng,9165,sprach
9163,"""",--,PUNCT,punct,9165,sprach
9164,",",--,PUNCT,punct,9165,sprach
9165,sprach,sprechen,VERB,ROOT,9165,sprach
9166,Felix,Felix,PROPN,sb,9165,sprach
9167,",",--,PUNCT,punct,9165,sprach
9168,"""",--,PUNCT,punct,9165,sprach
9169,denn,denn,CCONJ,cd,9165,sprach
9170,ich,ich,PRON,sb,9171,glaube
9171,glaube,glauben,VERB,cj,9169,denn
9172,",",--,PUNCT,punct,9171,glaube
9173,daß,daß,SCONJ,cp,9175,Heimat
9174,deine,dein,ADJ,nk,9175,Heimat
9175,Heimat,Heimat,NOUN,oc,9171,glaube
9176,ein,ein,DET,nk,9177,gar
9177,gar,gar,ADV,pd,9175,Heimat
9178,herrlicher,herrlich,ADJ,nk,9179,Ort
9179,Ort,Ort,NOUN,pd,9180,sein
9180,sein,sein,AUX,oc,9181,muß
9181,muß,müssen,AUX,ROOT,9181,muß
9182,",",--,PUNCT,punct,9181,muß
9183,ganz,ganz,ADV,mo,9184,voll
9184,voll,voll,ADV,mo,9180,sein
9185,von,von,ADP,mo,9184,voll
9186,den,der,DET,nk,9188,Dingen
9187,herrlichen,herrlich,ADJ,nk,9188,Dingen
9188,Dingen,Ding,NOUN,nk,9185,von
9189,",",--,PUNCT,punct,9188,Dingen
9190,die,der,PRON,oa,9192,uns
9191,du,du,PRON,sb,9190,die
9192,uns,sich,PRON,dep,9181,muß
9193,mitbringst,Mitbringst,NOUN,ROOT,9193,mitbringst
9194,.,--,PUNCT,punct,9193,mitbringst
9195,Du,du,PRON,sb,9196,magst
9196,magst,magst,VERB,ROOT,9196,magst
9197,mir,mir,PRON,da,9196,magst
9198,nun,nun,ADV,mo,9196,magst
9199,die,der,DET,nk,9200,Reise
9200,Reise,Reise,NOUN,oa,9204,vorstellen
9201,dahin,dahin,ADV,mo,9204,vorstellen
9202,so,so,ADV,mo,9203,schwierig
9203,schwierig,schwierig,ADV,mo,9204,vorstellen
9204,vorstellen,vorstellen,VERB,oc,9196,magst
9205,wie,wie,ADP,cm,9206,du
9206,du,du,PRON,cc,9201,dahin
9207,willst,willst,VERB,mo,9215,mache
9208,",",--,PUNCT,punct,9207,willst
9209,sowie,sowie,CCONJ,cd,9207,willst
9210,ich,ich,PRON,sb,9213,vermag
9211,es,es,PRON,oa,9213,vermag
9212,nur,nur,ADV,mo,9213,vermag
9213,vermag,vermögen,VERB,cj,9209,sowie
9214,",",--,PUNCT,punct,9215,mache
9215,mache,machen,VERB,ROOT,9215,mache
9216,ich,ich,PRON,sb,9215,mache
9217,mich,sich,PRON,oa,9215,mache
9218,doch,doch,ADV,mo,9215,mache
9219,auf,auf,ADP,mo,9215,mache
9220,den,der,DET,nk,9221,Weg
9221,Weg,Weg,NOUN,nk,9219,auf
9222,.,--,PUNCT,punct,9215,mache
9223,So,so,ADV,mo,9224,durch
9224,durch,durch,ADP,ROOT,9224,durch
9225,Wälder,Wald,NOUN,oa,9226,streifen
9226,streifen,streifen,VERB,ROOT,9226,streifen
9227,und,und,CCONJ,cd,9226,streifen
9228,auf,auf,ADP,op,9235,erklettern
9229,ganz,ganz,ADV,mo,9230,wilden
9230,wilden,wild,ADJ,nk,9232,Pfaden
9231,verwachsenen,verwachsen,ADJ,nk,9232,Pfaden
9232,Pfaden,Pfad,NOUN,nk,9228,auf
9233,",",--,PUNCT,punct,9232,Pfaden
9234,Gebirge,Gebirg,NOUN,cj,9232,Pfaden
9235,erklettern,erklettern,VERB,cj,9227,und
9236,",",--,PUNCT,punct,9226,streifen
9237,durch,durch,ADP,mo,9239,waten
9238,Bäche,Bach,NOUN,nk,9237,durch
9239,waten,waten,VERB,ROOT,9239,waten
9240,",",--,PUNCT,punct,9239,waten
9241,über,über,ADP,mo,9239,waten
9242,schroffes,schroff,ADJ,nk,9243,Gestein
9243,Gestein,Gestein,NOUN,nk,9241,über
9244,und,und,CCONJ,cd,9239,waten
9245,dornicht,dornichen,VERB,cj,9244,und
9246,Gestrüpp,Gestrüpp,NOUN,oa,9245,dornicht
9247,",",--,PUNCT,punct,9239,waten
9248,das,der,PRON,sb,9249,ist
9249,ist,sein,AUX,cj,9239,waten
9250,so,so,ADV,mo,9249,ist
9251,recht,recht,ADV,mo,9253,Sache
9252,Waidmanns,Waidmann,PROPN,ag,9253,Sache
9253,Sache,Sache,NOUN,ROOT,9253,Sache
9254,–,--,PUNCT,punct,9253,Sache
9255,ich,ich,PRON,sb,9256,werd's
9256,werd's,werd's,AUX,cj,9253,Sache
9257,schon,schon,ADV,mo,9258,durchführen
9258,durchführen,durchführen,VERB,oc,9256,werd's
9259,.,--,PUNCT,punct,9253,Sache
9260,"""",--,PUNCT,punct,9253,Sache
9261,–,--,PUNCT,punct,9264,wirst
9262,"""",--,PUNCT,punct,9264,wirst
9263,Das,der,PRON,oa,9264,wirst
9264,wirst,wirst,AUX,ROOT,9264,wirst
9265,du,du,PRON,sb,9264,wirst
9266,auch,auch,ADV,mo,9264,wirst
9267,"""",--,PUNCT,punct,9264,wirst
9268,",",--,PUNCT,punct,9264,wirst
9269,rief,rufen,VERB,ROOT,9269,rief
9270,das,der,DET,nk,9272,Kind
9271,fremde,fremd,ADJ,nk,9272,Kind
9272,Kind,Kind,NOUN,sb,9269,rief
9273,",",--,PUNCT,punct,9269,rief
9274,indem,indem,SCONJ,cp,9277,lachte
9275,es,es,PRON,sb,9277,lachte
9276,freudig,freudig,ADV,mo,9277,lachte
9277,lachte,lachen,VERB,mo,9269,rief
9278,",",--,PUNCT,punct,9277,lachte
9279,"""",--,PUNCT,punct,9277,lachte
9280,und,und,CCONJ,cd,9277,lachte
9281,wenn,wenn,SCONJ,cp,9282,du
9282,du,du,PRON,cj,9280,und
9283,es,es,PRON,oa,9286,recht
9284,dir,dir,PRON,da,9286,recht
9285,so,so,ADV,mo,9286,recht
9286,recht,recht,ADV,cj,9280,und
9287,fest,fest,ADV,mo,9288,vornimmst
9288,vornimmst,vornimmsen,VERB,re,9290,dann
9289,",",--,PUNCT,punct,9290,dann
9290,dann,dann,ADV,mo,9291,ist
9291,ist,sein,AUX,ROOT,9291,ist
9292,es,es,PRON,sb,9291,ist
9293,so,so,ADV,mo,9294,gut
9294,gut,gut,ADV,mo,9301,ausgeführt
9295,als,als,ADP,cm,9296,hättest
9296,hättest,hättesen,VERB,mo,9301,ausgeführt
9297,du,du,PRON,sb,9296,hättest
9298,es,es,PRON,oa,9301,ausgeführt
9299,schon,schon,ADV,mo,9301,ausgeführt
9300,wirklich,wirklich,ADV,mo,9301,ausgeführt
9301,ausgeführt,ausführen,VERB,pd,9291,ist
9302,.,--,PUNCT,punct,9291,ist
9303,Das,der,DET,nk,9304,Land
9304,Land,Land,NOUN,ROOT,9304,Land
9305,",",--,PUNCT,punct,9304,Land
9306,in,in,ADP,mo,9310,ist
9307,dem,der,PRON,nk,9306,in
9308,ich,ich,PRON,sb,9310,ist
9309,wohne,wohnen,VERB,pd,9310,ist
9310,ist,sein,AUX,rc,9304,Land
9311,in,in,ADP,mo,9310,ist
9312,der,der,DET,nk,9313,Tat
9313,Tat,Tat,NOUN,nk,9311,in
9314,so,so,ADV,mo,9315,schön
9315,schön,schön,ADV,pd,9310,ist
9316,und,und,CCONJ,cd,9315,schön
9317,herrlich,herrlich,ADV,cj,9316,und
9318,",",--,PUNCT,punct,9310,ist
9319,wie,wie,SCONJ,mo,9320,ich
9320,ich,ich,PRON,cc,9304,Land
9321,es,es,PRON,oa,9320,ich
9322,gar,gar,ADV,mo,9320,ich
9323,nicht,nicht,PART,ng,9325,beschreiben
9324,zu,zu,PART,pm,9325,beschreiben
9325,beschreiben,beschreiben,VERB,oc,9326,vermag
9326,vermag,vermögen,VERB,ROOT,9326,vermag
9327,.,--,PUNCT,punct,9326,vermag
9328,Meine,mein,DET,nk,9329,Mutter
9329,Mutter,Mutter,NOUN,pd,9330,ist
9330,ist,sein,AUX,ROOT,9330,ist
9331,es,es,PRON,sb,9330,ist
9332,",",--,PUNCT,punct,9331,es
9333,die,der,PRON,dep,9330,ist
9334,als,als,ADP,mnr,9333,die
9335,Königin,Königin,NOUN,nk,9334,als
9336,über,über,ADP,mnr,9335,Königin
9337,dieses,dieser,PRON,nk,9336,über
9338,Reich,reich,NOUN,sb,9343,herrscht
9339,voller,voll,ADP,mnr,9338,Reich
9340,Glanz,Glanz,NOUN,nk,9339,voller
9341,und,und,CCONJ,cd,9340,Glanz
9342,Pracht,Pracht,NOUN,cj,9341,und
9343,herrscht,herrschen,VERB,ROOT,9343,herrscht
9344,.,--,PUNCT,punct,9343,herrscht
9345,"""",--,PUNCT,punct,9343,herrscht
9346,–,--,PUNCT,punct,9349,bist
9347,"""",--,PUNCT,punct,9349,bist
9348,So,so,ADV,mo,9349,bist
9349,bist,sein,AUX,ROOT,9349,bist
9350,du,du,PRON,sb,9349,bist
9351,ja,ja,ADV,mo,9349,bist
9352,ein,ein,DET,nk,9353,Prinz
9353,Prinz,Prinz,NOUN,pd,9349,bist
9354,–,--,PUNCT,punct,9349,bist
9355,So,so,ADV,mo,9356,bist
9356,bist,sein,AUX,cj,9349,bist
9357,du,du,PRON,ROOT,9357,du
9358,ja,ja,ADV,mo,9360,Prinzessin
9359,eine,ein,DET,nk,9360,Prinzessin
9360,Prinzessin,Prinzessin,NOUN,sb,9363,riefen
9361,"""",--,PUNCT,punct,9360,Prinzessin
9362,–,--,PUNCT,punct,9363,riefen
9363,riefen,rufen,VERB,ROOT,9363,riefen
9364,zu,zu,ADP,mo,9367,verwundert
9365,gleicher,gleich,ADJ,nk,9366,Zeit
9366,Zeit,Zeit,NOUN,nk,9364,zu
9367,verwundert,verwundern,ADV,mo,9363,riefen
9368,",",--,PUNCT,punct,9367,verwundert
9369,ja,ja,ADV,mo,9363,riefen
9370,beinahe,beinahe,ADV,mo,9363,riefen
9371,erschrocken,erschrocken,VERB,ROOT,9371,erschrocken
9372,",",--,PUNCT,punct,9371,erschrocken
9373,Felix,Felix,PROPN,cj,9371,erschrocken
9374,und,und,CCONJ,cd,9373,Felix
9375,Christlieb,Christlieb,NOUN,cj,9374,und
9376,.,--,PUNCT,punct,9371,erschrocken
9377,"""",--,PUNCT,punct,9378,Allerdings
9378,Allerdings,allerdings,ADV,mo,9381,sprach
9379,"""",--,PUNCT,punct,9378,Allerdings
9380,",",--,PUNCT,punct,9381,sprach
9381,sprach,sprechen,VERB,ROOT,9381,sprach
9382,das,der,DET,nk,9384,Kind
9383,fremde,fremd,ADJ,nk,9384,Kind
9384,Kind,Kind,NOUN,sb,9381,sprach
9385,.,--,PUNCT,punct,9381,sprach
9386,"""",--,PUNCT,punct,9387,So
9387,So,so,ADV,ROOT,9387,So
9388,wohnst,wohnst,SCONJ,mo,9397,fragte
9389,du,du,PRON,sb,9388,wohnst
9390,wohl,wohl,ADV,mo,9397,fragte
9391,in,in,ADP,mo,9397,fragte
9392,einem,ein,DET,nk,9394,Palast
9393,schönen,schön,ADJ,nk,9394,Palast
9394,Palast,Palast,NOUN,nk,9391,in
9395,!,--,PUNCT,punct,9397,fragte
9396,"""",--,PUNCT,punct,9397,fragte
9397,fragte,fragen,VERB,ROOT,9397,fragte
9398,Felix,Felix,PROPN,sb,9397,fragte
9399,weiter,weiter,ADV,svp,9397,fragte
9400,.,--,PUNCT,punct,9397,fragte
9401,"""",--,PUNCT,punct,9402,Jawohl
9402,Jawohl,Jawohl,ADV,ROOT,9402,Jawohl
9403,"""",--,PUNCT,punct,9402,Jawohl
9404,",",--,PUNCT,punct,9402,Jawohl
9405,erwiderte,erwidern,VERB,ROOT,9405,erwiderte
9406,das,der,DET,nk,9408,Kind
9407,fremde,fremd,ADJ,nk,9408,Kind
9408,Kind,Kind,NOUN,sb,9405,erwiderte
9409,",",--,PUNCT,punct,9405,erwiderte
9410,"""",--,PUNCT,punct,9405,erwiderte
9411,noch,noch,ADV,mo,9413,schöner
9412,viel,viel,ADV,mo,9413,schöner
9413,schöner,schön,ADV,pd,9414,ist
9414,ist,sein,AUX,oc,9405,erwiderte
9415,der,der,DET,nk,9416,Palast
9416,Palast,Palast,NOUN,sb,9414,ist
9417,meiner,mein,DET,nk,9418,Mutter
9418,Mutter,Mutter,NOUN,ag,9416,Palast
9419,als,als,ADP,mo,9414,ist
9420,die,der,DET,nk,9422,Schlösser
9421,glänzenden,glänzend,ADJ,nk,9422,Schlösser
9422,Schlösser,Schloß,NOUN,ROOT,9422,Schlösser
9423,",",--,PUNCT,punct,9422,Schlösser
9424,die,der,PRON,oa,9429,geschaut
9425,du,du,PRON,sb,9430,hast
9426,in,in,ADP,mo,9429,geschaut
9427,den,der,DET,nk,9428,Wolken
9428,Wolken,Wolke,NOUN,nk,9426,in
9429,geschaut,schauen,VERB,oc,9430,hast
9430,hast,haben,AUX,rc,9422,Schlösser
9431,",",--,PUNCT,punct,9422,Schlösser
9432,denn,denn,CCONJ,cd,9422,Schlösser
9433,seine,sein,DET,ROOT,9433,seine
9434,schlanken,schlank,ADJ,nk,9435,Säulen
9435,Säulen,Säule,NOUN,sb,9439,erheben
9436,aus,aus,ADP,mnr,9435,Säulen
9437,purem,pur,ADJ,nk,9438,Kristall
9438,Kristall,Kristall,NOUN,nk,9436,aus
9439,erheben,erheben,VERB,ROOT,9439,erheben
9440,sich,sich,PRON,oa,9439,erheben
9441,hoch,hoch,ADV,mo,9439,erheben
9442,–,--,PUNCT,punct,9439,erheben
9443,hoch,hoch,ADV,mo,9444,hinein
9444,hinein,hinein,ADV,mo,9439,erheben
9445,in,in,ADP,mo,9439,erheben
9446,das,der,DET,nk,9445,in
9447,Himmelsblau,Himmelsblau,NOUN,ROOT,9447,Himmelsblau
9448,",",--,PUNCT,punct,9447,Himmelsblau
9449,das,der,PRON,sb,9452,ruht
9450,auf,auf,ADP,mo,9452,ruht
9451,ihnen,ihnen,PRON,nk,9450,auf
9452,ruht,ruhen,VERB,rc,9447,Himmelsblau
9453,wie,wie,ADP,cm,9456,Gewölbe
9454,ein,ein,DET,nk,9456,Gewölbe
9455,weites,weit,ADJ,nk,9456,Gewölbe
9456,Gewölbe,Gewölbe,NOUN,mo,9452,ruht
9457,.,--,PUNCT,punct,9447,Himmelsblau
9458,Unter,unter,ADP,ROOT,9458,Unter
9459,dem,der,DET,nk,9460,segelt
9460,segelt,segeln,ADJ,nk,9458,Unter
9461,glänzendes,glänzend,ADJ,nk,9462,Gewölk
9462,Gewölk,Gewölk,NOUN,ROOT,9462,Gewölk
9463,mit,mit,ADP,mnr,9462,Gewölk
9464,goldnen,goldn,ADJ,nk,9465,Schwingen
9465,Schwingen,Schwing,NOUN,nk,9463,mit
9466,hin,hin,ADV,mo,9462,Gewölk
9467,und,und,CCONJ,cd,9466,hin
9468,her,her,ADV,cj,9467,und
9469,und,und,CCONJ,cd,9462,Gewölk
9470,das,der,DET,nk,9472,Morgen-
9471,purpurne,purpurn,ADJ,nk,9472,Morgen-
9472,Morgen-,Morge,X,cj,9469,und
9473,und,und,CCONJ,ju,9475,steigt
9474,Abendrot,Abendrot,PROPN,sb,9475,steigt
9475,steigt,steigen,VERB,ROOT,9475,steigt
9476,auf,auf,ADP,svp,9475,steigt
9477,und,und,CCONJ,cd,9476,auf
9478,nieder,nieder,ADV,cj,9477,und
9479,und,und,CCONJ,cd,9478,nieder
9480,in,in,ADP,cj,9479,und
9481,klingenden,klingend,ADJ,nk,9482,Kreisen
9482,Kreisen,Kreis,NOUN,nk,9480,in
9483,tanzen,tanzen,VERB,cj,9475,steigt
9484,die,der,DET,ROOT,9484,die
9485,funkelnden,funkelnd,ADJ,ROOT,9485,funkelnden
9486,Sterne,Stern,NOUN,sb,9485,funkelnden
9487,.,--,PUNCT,punct,9485,funkelnden
9488,–,--,PUNCT,punct,9490,habt
9489,Ihr,ihr,PRON,sb,9490,habt
9490,habt,haben,AUX,ROOT,9490,habt
9491,",",--,PUNCT,punct,9490,habt
9492,meine,mein,DET,nk,9494,Gespielen
9493,lieben,lieb,ADJ,nk,9494,Gespielen
9494,Gespielen,Gespiel,NOUN,oa,9490,habt
9495,",",--,PUNCT,punct,9494,Gespielen
9496,ja,ja,ADV,mo,9499,von
9497,wohl,wohl,ADV,mo,9499,von
9498,schon,schon,ADV,mo,9499,von
9499,von,von,ADP,mnr,9494,Gespielen
9500,Feen,Fee,PROPN,nk,9499,von
9501,gehört,gehören,VERB,ROOT,9501,gehört
9502,",",--,PUNCT,punct,9501,gehört
9503,die,der,PRON,sb,9509,vermag
9504,wie,wie,SCONJ,mo,9509,vermag
9505,es,es,PRON,sb,9509,vermag
9506,sonst,sonst,ADV,mo,9509,vermag
9507,kein,kein,DET,nk,9508,Mensch
9508,Mensch,Mensch,NOUN,sb,9509,vermag
9509,vermag,vermögen,VERB,rc,9511,die
9510,",",--,PUNCT,punct,9509,vermag
9511,die,der,DET,nk,9513,Wunder
9512,herrlichsten,herrlichst,ADJ,nk,9513,Wunder
9513,Wunder,Wunder,NOUN,dep,9501,gehört
9514,hervorrufen,hervorrufen,VERB,oc,9515,können
9515,können,können,AUX,ROOT,9515,können
9516,",",--,PUNCT,punct,9515,können
9517,und,und,CCONJ,cd,9515,können
9518,ihr,ihr,PRON,da,9519,werdet
9519,werdet,werden,VERB,cj,9517,und
9520,es,es,PRON,ep,9519,werdet
9521,auch,auch,ADV,mo,9524,gemerkt
9522,wohl,wohl,ADV,mo,9524,gemerkt
9523,schon,schon,ADV,mo,9524,gemerkt
9524,gemerkt,merken,VERB,oc,9525,haben
9525,haben,haben,AUX,oc,9519,werdet
9526,",",--,PUNCT,punct,9525,haben
9527,daß,daß,SCONJ,cp,9528,meine
9528,meine,mein,DET,ROOT,9528,meine
9529,Mutter,Mutter,NOUN,pd,9532,ist
9530,nichts,nichts,PRON,sb,9532,ist
9531,anders,anders,ADV,mo,9532,ist
9532,ist,sein,AUX,ROOT,9532,ist
9533,",",--,PUNCT,punct,9532,ist
9534,als,als,SCONJ,cm,9536,Fee
9535,eine,ein,DET,nk,9536,Fee
9536,Fee,Fee,NOUN,cc,9529,Mutter
9537,.,--,PUNCT,punct,9532,ist
9538,Ja,ja,PART,dm,9541,ist
9539,!,--,PUNCT,punct,9541,ist
9540,das,der,PRON,sb,9541,ist
9541,ist,sein,AUX,ROOT,9541,ist
9542,sie,sie,PRON,sb,9541,ist
9543,wirklich,wirklich,ADV,mo,9541,ist
9544,und,und,CCONJ,cd,9541,ist
9545,zwar,zwar,ADV,cj,9544,und
9546,die,der,DET,punct,9541,ist
9547,mächtigste,mächtigste,ADJ,ROOT,9547,mächtigste
9548,",",--,PUNCT,punct,9547,mächtigste
9549,die,der,PRON,oa,9551,gibt
9550,es,es,PRON,ep,9551,gibt
9551,gibt,geben,VERB,rc,9547,mächtigste
9552,.,--,PUNCT,punct,9547,mächtigste
9553,Alles,alle,PRON,oa,9563,hält
9554,",",--,PUNCT,punct,9553,Alles
9555,was,wer,PRON,sb,9559,webt
9556,auf,auf,ADP,mo,9559,webt
9557,der,der,DET,nk,9558,Erde
9558,Erde,Erde,NOUN,nk,9556,auf
9559,webt,weben,VERB,rc,9553,Alles
9560,und,und,CCONJ,cd,9559,webt
9561,lebt,leben,VERB,cj,9560,und
9562,",",--,PUNCT,punct,9563,hält
9563,hält,halten,VERB,ROOT,9563,hält
9564,sie,sie,PRON,oa,9563,hält
9565,mit,mit,ADP,svp,9563,hält
9566,treuer,treu,ADJ,nk,9567,Liebe
9567,Liebe,Liebe,NOUN,og,9568,umfangen
9568,umfangen,umfangen,VERB,ROOT,9568,umfangen
9569,",",--,PUNCT,punct,9568,umfangen
9570,doch,doch,CCONJ,cd,9568,umfangen
9571,zu,zu,ADP,mo,9575,wollen
9572,ihrem,ihr,DET,nk,9574,Schmerz
9573,innigen,innig,ADJ,nk,9574,Schmerz
9574,Schmerz,Schmerz,NOUN,nk,9571,zu
9575,wollen,wollen,AUX,cj,9570,doch
9576,viele,vieler,DET,nk,9577,Menschen
9577,Menschen,Mensch,NOUN,sb,9575,wollen
9578,gar,gar,ADV,mo,9575,wollen
9579,nichts,nichts,PRON,sb,9582,wissen
9580,von,von,ADP,pg,9579,nichts
9581,ihr,ihr,PRON,nk,9580,von
9582,wissen,wissen,VERB,ROOT,9582,wissen
9583,.,--,PUNCT,punct,9582,wissen
9584,Vor,vor,ADP,mo,9586,liebt
9585,allen,alle,PRON,nk,9584,Vor
9586,liebt,lieben,VERB,ROOT,9586,liebt
9587,meine,mein,DET,nk,9588,Mutter
9588,Mutter,Mutter,NOUN,sb,9586,liebt
9589,aber,aber,ADV,mo,9586,liebt
9590,die,der,DET,nk,9591,Kinder
9591,Kinder,Kind,NOUN,oa,9586,liebt
9592,und,und,CCONJ,cd,9586,liebt
9593,daher,daher,ADV,cj,9592,und
9594,kommt,kommen,VERB,ROOT,9594,kommt
9595,es,es,PRON,sb,9594,kommt
9596,",",--,PUNCT,punct,9595,es
9597,daß,daß,SCONJ,cp,9599,Feste
9598,die,der,DET,nk,9599,Feste
9599,Feste,Fest,NOUN,re,9595,es
9600,",",--,PUNCT,punct,9599,Feste
9601,die,der,PRON,oa,9608,bereitet
9602,sie,sie,PRON,sb,9608,bereitet
9603,in,in,ADP,mo,9608,bereitet
9604,ihrem,ihr,DET,nk,9605,Reiche
9605,Reiche,Reiche,NOUN,nk,9603,in
9606,den,der,DET,nk,9607,Kindern
9607,Kindern,Kind,NOUN,da,9608,bereitet
9608,bereitet,bereiten,VERB,rc,9599,Feste
9609,",",--,PUNCT,punct,9608,bereitet
9610,die,der,PRON,app,9599,Feste
9611,schönsten,schön,VERB,pd,9614,sind
9612,und,und,CCONJ,cd,9611,schönsten
9613,herrlichsten,herrlichsten,VERB,cj,9612,und
9614,sind,sein,AUX,ROOT,9614,sind
9615,.,--,PUNCT,punct,9614,sind
9616,Da,da,ADV,mo,9617,geschieht
9617,geschieht,geschehen,VERB,ROOT,9617,geschieht
9618,es,es,PRON,sb,9617,geschieht
9619,denn,denn,ADV,mo,9617,geschieht
9620,wohl,wohl,ADV,mo,9617,geschieht
9621,",",--,PUNCT,punct,9617,geschieht
9622,daß,daß,SCONJ,cp,9623,schmucke
9623,schmucke,schmuck,NOUN,re,9618,es
9624,Geister,Geist,NOUN,sb,9630,keck
9625,aus,aus,ADP,mnr,9624,Geister
9626,dem,der,DET,nk,9627,Hofstaate
9627,Hofstaate,Hofstaate,NOUN,nk,9625,aus
9628,meiner,mein,DET,nk,9629,Mutter
9629,Mutter,Mutter,NOUN,ag,9627,Hofstaate
9630,keck,keck,VERB,ROOT,9630,keck
9631,sich,sich,PRON,oa,9630,keck
9632,durch,durch,ADP,mo,9635,schwingen
9633,sie,sie,DET,nk,9632,durch
9634,Wolken,Wolke,NOUN,nk,9632,durch
9635,schwingen,schwingen,VERB,oc,9630,keck
9636,und,und,CCONJ,ROOT,9636,und
9637,von,von,ADP,cj,9636,und
9638,einem,ein,DET,nk,9639,Ende
9639,Ende,Ende,NOUN,nk,9637,von
9640,des,der,DET,nk,9641,Palastes
9641,Palastes,Palast,NOUN,ag,9639,Ende
9642,bis,bis,ADP,ac,9643,zum
9643,zum,zu,ADP,mnr,9639,Ende
9644,andern,anderer,NOUN,nk,9643,zum
9645,einen,ein,DET,cj,9636,und
9646,in,in,ADP,mnr,9645,einen
9647,den,der,DET,nk,9649,Farben
9648,schönsten,schön,ADJ,nk,9649,Farben
9649,Farben,Farbe,NOUN,nk,9646,in
9650,schimmernden,schimmernd,ADJ,nk,9651,Regenbogen
9651,Regenbogen,Regenbog,NOUN,sb,9652,spannen
9652,spannen,spannen,VERB,ROOT,9652,spannen
9653,.,--,PUNCT,punct,9652,spannen
9654,Unter,unter,ADP,mo,9656,bauen
9655,dem,der,DET,nk,9654,Unter
9656,bauen,bauen,VERB,ROOT,9656,bauen
9657,sie,sie,PRON,sb,9656,bauen
9658,den,der,DET,nk,9659,Thron
9659,Thron,Thron,NOUN,oa,9656,bauen
9660,meiner,mein,DET,nk,9661,Mutter
9661,Mutter,Mutter,NOUN,ag,9659,Thron
9662,aus,aus,ADP,ROOT,9662,aus
9663,lauter,lauter,DET,nk,9664,Diamanten
9664,Diamanten,Diamant,NOUN,nk,9662,aus
9665,",",--,PUNCT,punct,9664,Diamanten
9666,die,der,PRON,sb,9670,sind
9667,aber,aber,ADV,mo,9669,anzusehen
9668,so,so,ADV,mo,9669,anzusehen
9669,anzusehen,ansehen,VERB,oc,9670,sind
9670,sind,sein,AUX,rc,9664,Diamanten
9671,und,und,CCONJ,cd,9670,sind
9672,so,so,ADV,mo,9673,herrlich
9673,herrlich,herrlich,ADV,mo,9674,duften
9674,duften,duften,VERB,cj,9671,und
9675,wie,wie,ADP,ROOT,9675,wie
9676,Lilien,Lilien,NOUN,ROOT,9676,Lilien
9677,",",--,PUNCT,punct,9676,Lilien
9678,Nelken,Nelk,NOUN,cj,9676,Lilien
9679,und,und,CCONJ,cd,9678,Nelken
9680,Rosen,Rose,NOUN,cj,9679,und
9681,.,--,PUNCT,punct,9676,Lilien
9682,Sowie,Sowie,CCONJ,ju,9687,besteigt
9683,meine,mein,DET,nk,9684,Mutter
9684,Mutter,Mutter,NOUN,sb,9687,besteigt
9685,den,der,DET,nk,9686,Thron
9686,Thron,Thron,NOUN,oa,9687,besteigt
9687,besteigt,besteigen,VERB,mo,9689,rühren
9688,",",--,PUNCT,punct,9689,rühren
9689,rühren,rühren,VERB,ROOT,9689,rühren
9690,die,der,DET,sb,9689,rühren
9691,Geister,Geist,NOUN,ROOT,9691,Geister
9692,ihre,ihr,DET,nk,9694,Harfen
9693,goldnen,goldn,ADJ,nk,9694,Harfen
9694,Harfen,Harf,NOUN,oa,9691,Geister
9695,",",--,PUNCT,punct,9694,Harfen
9696,ihre,ihr,DET,nk,9698,Zimbeln
9697,kristallenen,kristallen,ADJ,nk,9698,Zimbeln
9698,Zimbeln,Zimbel,NOUN,cj,9694,Harfen
9699,und,und,CCONJ,cd,9698,Zimbeln
9700,dazu,dazu,ADV,mo,9701,singen
9701,singen,singen,VERB,cj,9699,und
9702,die,der,DET,sb,9701,singen
9703,Kammersänger,Kammersänger,NOUN,ROOT,9703,Kammersänger
9704,meiner,mein,DET,nk,9705,Mutter
9705,Mutter,Mutter,NOUN,ag,9703,Kammersänger
9706,mit,mit,ADP,mnr,9703,Kammersänger
9707,solch,solcher,DET,mo,9708,wunderbaren
9708,wunderbaren,wunderbar,ADJ,nk,9709,Stimmen
9709,Stimmen,Stimme,NOUN,nk,9706,mit
9710,",",--,PUNCT,punct,9703,Kammersänger
9711,daß,daß,SCONJ,cp,9713,vergehen
9712,man,man,PRON,sb,9713,vergehen
9713,vergehen,vergehen,VERB,oc,9703,Kammersänger
9714,möchte,möchten,AUX,ROOT,9714,möchte
9715,vor,vor,ADP,mo,9714,möchte
9716,süßer,süß,ADJ,nk,9717,Lust
9717,Lust,Lust,NOUN,nk,9715,vor
9718,.,--,PUNCT,punct,9714,möchte
9719,Diese,dieser,DET,nk,9720,Sänger
9720,Sänger,Sänger,NOUN,sb,9721,sind
9721,sind,sein,AUX,ROOT,9721,sind
9722,aber,aber,ADV,mo,9721,sind
9723,schöne,schön,ADJ,nk,9724,Vögel
9724,Vögel,Vogel,NOUN,pd,9721,sind
9725,",",--,PUNCT,punct,9724,Vögel
9726,größer,groß,ADV,mo,9727,noch
9727,noch,noch,ADV,mo,9721,sind
9728,als,als,ADP,cj,9727,noch
9729,Adler,Adler,NOUN,ROOT,9729,Adler
9730,",",--,PUNCT,punct,9729,Adler
9731,mit,mit,ADP,par,9729,Adler
9732,ganz,ganz,ADV,mo,9733,purpurnem
9733,purpurnem,purpurn,ADJ,nk,9734,Gefieder
9734,Gefieder,Gefieder,NOUN,nk,9731,mit
9735,",",--,PUNCT,punct,9729,Adler
9736,wie,wie,SCONJ,mo,9742,gesehen
9737,ihr,ihr,PRON,oa,9742,gesehen
9738,sie,sie,PRON,sb,9743,habt
9739,wohl,wohl,ADV,mo,9742,gesehen
9740,noch,noch,ADV,mo,9741,nie
9741,nie,nie,ADV,mo,9742,gesehen
9742,gesehen,sehen,VERB,oc,9743,habt
9743,habt,haben,AUX,oc,9729,Adler
9744,.,--,PUNCT,punct,9729,Adler
9745,Aber,aber,CCONJ,ju,9751,wird
9746,sowie,sowie,CCONJ,cd,9745,Aber
9747,die,der,DET,nk,9748,Musik
9748,Musik,Musik,NOUN,cj,9746,sowie
9749,losgegangen,losgehen,VERB,mo,9751,wird
9750,",",--,PUNCT,punct,9751,wird
9751,wird,werden,AUX,ROOT,9751,wird
9752,alles,alle,PRON,sb,9751,wird
9753,im,in,ADP,mo,9751,wird
9754,Palast,Palast,NOUN,nk,9753,im
9755,",",--,PUNCT,punct,9753,im
9756,im,in,ADP,cj,9753,im
9757,Walde,Walde,NOUN,nk,9756,im
9758,",",--,PUNCT,punct,9753,im
9759,im,in,ADP,cj,9753,im
9760,Garten,Garten,NOUN,nk,9759,im
9761,laut,laut,ADV,ROOT,9761,laut
9762,und,und,CCONJ,cd,9761,laut
9763,lebendig,lebendig,ADV,cj,9762,und
9764,.,--,PUNCT,punct,9761,laut
9765,Viele,vieler,DET,nk,9766,tausend
9766,tausend,tausend,NUM,nk,9769,Kinder
9767,blank,blank,ADV,mo,9768,geputzte
9768,geputzte,geputzt,ADJ,nk,9769,Kinder
9769,Kinder,Kind,NOUN,sb,9770,tummeln
9770,tummeln,tummeln,VERB,ROOT,9770,tummeln
9771,sich,sich,PRON,oa,9770,tummeln
9772,im,in,ADP,mo,9770,tummeln
9773,Jauchzen,Jauchze,NOUN,nk,9772,im
9774,und,und,CCONJ,ROOT,9774,und
9775,Jubeln,Jubel,NOUN,cj,9774,und
9776,umher,umher,ADV,ROOT,9776,umher
9777,.,--,PUNCT,punct,9776,umher
9778,Bald,bald,ADV,mo,9779,jagen
9779,jagen,jagen,VERB,ROOT,9779,jagen
9780,sie,sie,PRON,sb,9779,jagen
9781,sich,sich,PRON,oa,9779,jagen
9782,durchs,durch,ADP,mo,9779,jagen
9783,Gebüsch,Gebüsch,NOUN,nk,9782,durchs
9784,und,und,CCONJ,cd,9779,jagen
9785,werfen,werfen,VERB,cj,9784,und
9786,sich,sich,PRON,oa,9785,werfen
9787,neckend,neckend,ADV,mo,9785,werfen
9788,mit,mit,ADP,ROOT,9788,mit
9789,Blumen,Blume,NOUN,nk,9788,mit
9790,",",--,PUNCT,punct,9788,mit
9791,bald,bald,ADV,mo,9792,klettern
9792,klettern,klettern,VERB,cj,9788,mit
9793,sie,sie,PRON,sb,9792,klettern
9794,auf,auf,ADP,mo,9792,klettern
9795,schlanke,schlank,ADJ,nk,9796,Bäumchen
9796,Bäumchen,Bäumche,NOUN,nk,9794,auf
9797,und,und,CCONJ,cd,9792,klettern
9798,lassen,lassen,VERB,cj,9797,und
9799,sich,sich,PRON,oa,9798,lassen
9800,vom,von,ADP,mo,9798,lassen
9801,Winde,Wind,NOUN,nk,9800,vom
9802,hin,hin,ADV,mo,9805,schaukeln
9803,und,und,CCONJ,cd,9802,hin
9804,her,her,ADV,cj,9803,und
9805,schaukeln,schaukeln,VERB,ROOT,9805,schaukeln
9806,",",--,PUNCT,punct,9805,schaukeln
9807,bald,bald,ADV,mo,9808,pflücken
9808,pflücken,pflücken,VERB,oc,9805,schaukeln
9809,sie,sie,PRON,sb,9808,pflücken
9810,sie,sie,PRON,oa,9808,pflücken
9811,goldglänzende,goldglänzend,ADJ,nk,9812,Früchte
9812,Früchte,Frucht,NOUN,oa,9808,pflücken
9813,",",--,PUNCT,punct,9812,Früchte
9814,die,der,PRON,oa,9816,süß
9815,so,so,ADV,mo,9816,süß
9816,süß,süß,ADV,ROOT,9816,süß
9817,und,und,CCONJ,ju,9819,schmecken
9818,herrlich,herrlich,ADV,mo,9819,schmecken
9819,schmecken,schmecken,VERB,ROOT,9819,schmecken
9820,wie,wie,ADP,cm,9822,nichts
9821,sonst,sonst,ADV,mo,9822,nichts
9822,nichts,nichts,PRON,mo,9819,schmecken
9823,auf,auf,ADP,mnr,9822,nichts
9824,der,der,DET,nk,9825,Erde
9825,Erde,Erde,NOUN,nk,9823,auf
9826,",",--,PUNCT,punct,9819,schmecken
9827,bald,bald,ADV,mo,9828,spielen
9828,spielen,spielen,VERB,cj,9819,schmecken
9829,sie,sie,PRON,sb,9828,spielen
9830,mit,mit,ADP,svp,9828,spielen
9831,zahmen,zahm,ADJ,nk,9832,Rehen
9832,Rehen,Reh,NOUN,ROOT,9832,Rehen
9833,–,--,PUNCT,punct,9832,Rehen
9834,mit,mit,ADP,mnr,9832,Rehen
9835,andern,anderer,ADJ,nk,9837,Tieren
9836,schmucken,schmuck,ADJ,nk,9837,Tieren
9837,Tieren,Tier,NOUN,nk,9834,mit
9838,",",--,PUNCT,punct,9837,Tieren
9839,die,der,PRON,dep,9832,Rehen
9840,ihnen,ihnen,PRON,da,9841,aus
9841,aus,aus,ADP,mnr,9839,die
9842,dem,der,DET,nk,9843,Gebüsch
9843,Gebüsch,Gebüsch,NOUN,nk,9841,aus
9844,entgegenspringen,entgegenspringen,VERB,ROOT,9844,entgegenspringen
9845,;,--,PUNCT,punct,9844,entgegenspringen
9846,bald,bald,ADV,mo,9847,rennen
9847,rennen,rennen,VERB,ROOT,9847,rennen
9848,sie,sie,PRON,sb,9847,rennen
9849,keck,Keck,VERB,sb,9847,rennen
9850,den,der,DET,nk,9851,Regenbogen
9851,Regenbogen,Regenbog,NOUN,oa,9847,rennen
9852,auf,auf,ADP,svp,9847,rennen
9853,und,und,CCONJ,cd,9852,auf
9854,nieder,nieder,ADV,cj,9853,und
9855,oder,oder,CCONJ,cd,9854,nieder
9856,besteigen,Besteige,VERB,ROOT,9856,besteigen
9857,gar,gar,ADV,mo,9858,als
9858,als,als,ADP,mo,9856,besteigen
9859,kühne,kühn,ADJ,nk,9860,Reiter
9860,Reiter,Reiter,NOUN,nk,9858,als
9861,die,der,DET,nk,9863,Goldfasanen
9862,schönen,schön,ADJ,nk,9863,Goldfasanen
9863,Goldfasanen,Goldfasane,NOUN,oa,9856,besteigen
9864,",",--,PUNCT,punct,9863,Goldfasanen
9865,die,der,PRON,sb,9867,mit
9866,sich,sich,PRON,oa,9867,mit
9867,mit,mit,ADP,rc,9856,besteigen
9868,ihnen,ihnen,PRON,nk,9867,mit
9869,durch,durch,ADP,mo,9873,schwingen
9870,die,der,DET,nk,9872,Wolken
9871,glänzenden,glänzend,ADJ,nk,9872,Wolken
9872,Wolken,Wolke,NOUN,nk,9869,durch
9873,schwingen,schwingen,VERB,ROOT,9873,schwingen
9874,.,--,PUNCT,punct,9873,schwingen
9875,"""",--,PUNCT,punct,9873,schwingen
9876,–,--,PUNCT,punct,9880,muß
9877,"""",--,PUNCT,punct,9880,muß
9878,Ach,ach,INTJ,nk,9879,das
9879,das,der,PRON,sb,9880,muß
9880,muß,müssen,AUX,ROOT,9880,muß
9881,herrlich,herrlich,ADV,pd,9882,sein
9882,sein,sein,AUX,oc,9880,muß
9883,",",--,PUNCT,punct,9880,muß
9884,ach,ach,PROPN,mo,9880,muß
9885,nimm,nimm,PROPN,nk,9884,ach
9886,uns,uns,PRON,nk,9887,mit
9887,mit,mit,ADP,cj,9893,wollen
9888,in,in,ADP,mo,9887,mit
9889,deine,dein,DET,nk,9890,Heimat
9890,Heimat,Heimat,NOUN,nk,9888,in
9891,",",--,PUNCT,punct,9893,wollen
9892,wir,wir,PRON,sb,9893,wollen
9893,wollen,wollen,AUX,ROOT,9893,wollen
9894,immer,immer,ADV,mo,9895,dort
9895,dort,dort,ADV,mo,9896,bleiben
9896,bleiben,bleiben,VERB,oc,9893,wollen
9897,!,--,PUNCT,punct,9893,wollen
9898,"""",--,PUNCT,punct,9893,wollen
9899,So,so,ADV,mo,9900,riefen
9900,riefen,rufen,VERB,ROOT,9900,riefen
9901,Felix,Felix,PROPN,sb,9900,riefen
9902,und,und,CCONJ,cd,9900,riefen
9903,Christlieb,Christlieb,NOUN,sb,9910,sprach
9904,voll,voll,ADP,mnr,9903,Christlieb
9905,Entzücken,Entzück,NOUN,nk,9904,voll
9906,",",--,PUNCT,punct,9905,Entzücken
9907,das,der,DET,nk,9909,Kind
9908,fremde,fremd,ADJ,nk,9909,Kind
9909,Kind,Kind,NOUN,sb,9910,sprach
9910,sprach,sprechen,VERB,ROOT,9910,sprach
9911,aber,aber,ADV,mo,9910,sprach
9912,:,--,PUNCT,punct,9910,sprach
9913,"""",--,PUNCT,punct,9914,Mitnehmen
9914,Mitnehmen,mitnehmen,VERB,ROOT,9914,Mitnehmen
9915,nach,nach,ADP,mnr,9914,Mitnehmen
9916,meiner,mein,DET,nk,9915,nach
9917,Heimat,Heimat,NOUN,oa,9918,kann
9918,kann,können,AUX,ROOT,9918,kann
9919,ich,ich,PRON,sb,9918,kann
9920,euch,euch,PRON,oa,9918,kann
9921,in,in,ADP,mo,9918,kann
9922,der,der,DET,nk,9923,Tat
9923,Tat,Tat,NOUN,nk,9921,in
9924,nicht,nicht,PART,ng,9918,kann
9925,",",--,PUNCT,punct,9918,kann
9926,es,es,PRON,sb,9927,ist
9927,ist,sein,AUX,cj,9918,kann
9928,zu,zu,PART,mo,9929,weit
9929,weit,weit,ADV,pd,9927,ist
9930,",",--,PUNCT,punct,9918,kann
9931,ihr,ihr,PRON,da,9932,müßtet
9932,müßtet,müßten,VERB,cj,9918,kann
9933,so,so,ADV,mo,9934,gut
9934,gut,gut,ADV,mo,9932,müßtet
9935,und,und,CCONJ,cd,9932,müßtet
9936,unermüdlich,unermüdlich,ADV,mo,9937,fliegen
9937,fliegen,fliegen,VERB,oc,9938,können
9938,können,können,AUX,ROOT,9938,können
9939,wie,wie,ADP,cm,9940,ich
9940,ich,ich,PRON,cc,9936,unermüdlich
9941,selbst,selbst,ADV,mnr,9940,ich
9942,.,--,PUNCT,punct,9938,können
9943,"""",--,PUNCT,punct,9938,können
9944,Felix,Felix,PROPN,sb,9947,wurden
9945,und,und,CCONJ,cd,9944,Felix
9946,Christlieb,Christlieb,NOUN,cj,9945,und
9947,wurden,werden,AUX,ROOT,9947,wurden
9948,ganz,ganz,ADV,pd,9947,wurden
9949,traurig,traurig,ADV,ROOT,9949,traurig
9950,und,und,CCONJ,ROOT,9950,und
9951,blickten,blicken,VERB,cj,9950,und
9952,schweigend,schweigend,ADV,mo,9951,blickten
9953,zur,zu,ADP,mo,9951,blickten
9954,Erde,Erde,NOUN,nk,9953,zur
9955,nieder,nieder,ADV,svp,9951,blickten
9956,.,--,PUNCT,ROOT,9956,.
9957,Von,von,ADP,ROOT,9957,Von
9958,dem,der,DET,nk,9960,Minister
9959,bösen,böse,ADJ,nk,9960,Minister
9960,Minister,Minister,NOUN,nk,9957,Von
9961,am,an,ADP,mnr,9960,Minister
9962,Hofe,Hof,NOUN,nk,9961,am
9963,der,der,DET,nk,9964,Feenkönigin
9964,Feenkönigin,Feenkönigin,NOUN,ag,9962,Hofe
9965,"""",--,PUNCT,punct,9966,Überhaupt
9966,Überhaupt,überhaupt,ADV,mo,9969,fuhr
9967,"""",--,PUNCT,punct,9966,Überhaupt
9968,",",--,PUNCT,punct,9969,fuhr
9969,fuhr,fahren,VERB,ROOT,9969,fuhr
9970,das,der,DET,nk,9972,Kind
9971,fremde,fremd,ADJ,nk,9972,Kind
9972,Kind,Kind,NOUN,sb,9969,fuhr
9973,fort,fort,ADV,svp,9969,fuhr
9974,",",--,PUNCT,punct,9969,fuhr
9975,"""",--,PUNCT,punct,9977,möchtet
9976,überhaupt,überhaupt,ADV,mo,9977,möchtet
9977,möchtet,möchten,VERB,cj,9969,fuhr
9978,ihr,ihr,PRON,sb,9977,möchtet
9979,euch,euch,PRON,oa,9977,möchtet
9980,in,in,ADP,mo,9977,möchtet
9981,meiner,mein,DET,dep,9969,fuhr
9982,Heimat,Heimat,NOUN,ROOT,9982,Heimat
9983,vielleicht,vielleicht,ADV,mo,9982,Heimat
9984,gar,gar,ADV,mo,9985,nicht
9985,nicht,nicht,PART,ng,9982,Heimat
9986,so,so,ADV,mo,9987,gut
9987,gut,gut,ADV,mo,9988,befinden
9988,befinden,befinden,VERB,oc,9982,Heimat
9989,",",--,PUNCT,punct,9988,befinden
9990,als,als,SCONJ,cj,9982,Heimat
9991,ihr,ihr,PRON,nk,9990,als
9992,es,es,PRON,dep,9990,als
9993,euch,euch,PRON,da,9994,nach
9994,nach,nach,ADP,mo,9990,als
9995,meiner,mein,DET,nk,9994,nach
9996,Erzählung,Erzählung,NOUN,oa,9997,vorstellt
9997,vorstellt,vorstellen,VERB,ROOT,9997,vorstellt
9998,.,--,PUNCT,punct,9997,vorstellt
9999,Ja,ja,PART,mo,10001,Aufenthalt
10000,der,der,DET,nk,10001,Aufenthalt
10001,Aufenthalt,Aufenthalt,NOUN,sb,10002,könnte
10002,könnte,können,AUX,ROOT,10002,könnte
10003,euch,euch,PRON,da,10006,sein
10004,sogar,sogar,ADV,mo,10002,könnte
10005,verderblich,verderblich,ADV,pd,10006,sein
10006,sein,sein,AUX,oc,10002,könnte
10007,.,--,PUNCT,punct,10002,könnte
10008,Manche,mancher,DET,nk,10009,Kinder
10009,Kinder,Kind,NOUN,sb,10010,vermögen
10010,vermögen,vermögen,VERB,re,10018,so
10011,nicht,nicht,PART,ng,10010,vermögen
10012,den,der,DET,nk,10013,Gesang
10013,Gesang,Gesang,NOUN,oa,10010,vermögen
10014,der,der,DET,nk,10016,Vögel
10015,purpurroten,purpurrot,ADJ,nk,10016,Vögel
10016,Vögel,Vogel,NOUN,ag,10013,Gesang
10017,",",--,PUNCT,punct,10018,so
10018,so,so,ADV,mo,10019,herrlich
10019,herrlich,herrlich,ADV,ROOT,10019,herrlich
10020,er,er,PRON,sb,10019,herrlich
10021,auch,auch,ADV,mo,10022,ist
10022,ist,sein,AUX,ROOT,10022,ist
10023,",",--,PUNCT,punct,10025,ertragen
10024,zu,zu,PART,pm,10025,ertragen
10025,ertragen,ertragen,VERB,oc,10022,ist
10026,",",--,PUNCT,punct,10025,ertragen
10027,so,so,ADV,mo,10033,zerreißt
10028,daß,daß,SCONJ,cp,10033,zerreißt
10029,er,er,PRON,sb,10033,zerreißt
10030,ihnen,ihnen,PRON,da,10033,zerreißt
10031,das,der,DET,nk,10032,Herz
10032,Herz,Herz,NOUN,oa,10033,zerreißt
10033,zerreißt,zerreißen,VERB,mo,10022,ist
10034,",",--,PUNCT,punct,10022,ist
10035,und,und,CCONJ,cd,10022,ist
10036,sie,sie,PRON,ROOT,10036,sie
10037,augenblicklich,augenblicklich,ADV,mo,10038,sterben
10038,sterben,sterben,VERB,oc,10039,müssen
10039,müssen,müssen,AUX,ROOT,10039,müssen
10040,.,--,PUNCT,punct,10039,müssen
10041,Andere,anderer,PRON,ROOT,10041,Andere
10042,",",--,PUNCT,punct,10041,Andere
10043,die,der,PRON,app,10041,Andere
10044,gar,gar,ADV,mo,10045,zu
10045,zu,zu,ADP,mo,10047,auf
10046,keck,Keck,NOUN,nk,10045,zu
10047,auf,auf,ADP,mnr,10043,die
10048,den,der,DET,nk,10049,Regenbogen
10049,Regenbogen,Regenboge,NOUN,nk,10047,auf
10050,rennen,rennen,VERB,ROOT,10050,rennen
10051,",",--,PUNCT,punct,10050,rennen
10052,gleiten,Gleit,NOUN,cj,10050,rennen
10053,aus,aus,ADP,svp,10050,rennen
10054,und,und,CCONJ,cd,10050,rennen
10055,stürzen,stürzen,VERB,cj,10054,und
10056,herab,herab,ADV,mo,10055,stürzen
10057,",",--,PUNCT,punct,10050,rennen
10058,und,und,CCONJ,cd,10050,rennen
10059,manche,mancher,PRON,sb,10060,sind
10060,sind,sein,AUX,cj,10058,und
10061,sogar,sogar,ADV,mo,10060,sind
10062,albern,albern,ADV,pd,10060,sind
10063,genug,genug,ADV,mo,10062,albern
10064,im,in,ADP,mo,10060,sind
10065,besten,gut,ADJ,nk,10066,Fliegen
10066,Fliegen,Fliege,NOUN,ROOT,10066,Fliegen
10067,den,der,DET,nk,10068,Goldfasan
10068,Goldfasan,Goldfasan,PROPN,oa,10076,tun
10069,",",--,PUNCT,punct,10068,Goldfasan
10070,der,der,PRON,sb,10072,trägt
10071,sie,sie,PRON,oa,10072,trägt
10072,trägt,tragen,VERB,rc,10068,Goldfasan
10073,",",--,PUNCT,punct,10076,tun
10074,weh,weh,ADV,mo,10076,tun
10075,zu,zu,PART,pm,10076,tun
10076,tun,tun,VERB,oc,10066,Fliegen
10077,.,--,PUNCT,punct,10066,Fliegen
10078,Das,der,PRON,oa,10079,nimmt
10079,nimmt,nehmen,VERB,ROOT,10079,nimmt
10080,denn,denn,ADV,mo,10079,nimmt
10081,der,der,DET,da,10079,nimmt
10082,sonst,sonst,ADV,mo,10084,Vogel
10083,friedliche,friedlich,ADJ,nk,10084,Vogel
10084,Vogel,Vogel,NOUN,ROOT,10084,Vogel
10085,dem,der,DET,nk,10087,Kinde
10086,dummen,dumm,ADJ,nk,10087,Kinde
10087,Kinde,Kind,NOUN,ag,10084,Vogel
10088,übel,übel,ADV,pd,10084,Vogel
10089,und,und,CCONJ,cd,10084,Vogel
10090,reißt,reißen,VERB,cj,10089,und
10091,ihm,ihm,PRON,da,10090,reißt
10092,mit,mit,ADP,mo,10090,reißt
10093,seinem,sein,DET,nk,10094,scharfen
10094,scharfen,scharf,NOUN,nk,10092,mit
10095,Schnabel,schnabel,PROPN,mo,10107,herabfällt
10096,die,der,DET,nk,10097,Brust
10097,Brust,Brust,NOUN,oa,10095,Schnabel
10098,auf,auf,ADP,mo,10095,Schnabel
10099,",",--,PUNCT,punct,10107,herabfällt
10100,so,so,ADV,mo,10107,herabfällt
10101,daß,daß,SCONJ,cp,10107,herabfällt
10102,es,es,PRON,sb,10107,herabfällt
10103,blutend,blutend,ADV,mo,10107,herabfällt
10104,aus,aus,ADP,mo,10107,herabfällt
10105,den,der,DET,nk,10106,Wolken
10106,Wolken,Wolke,NOUN,nk,10104,aus
10107,herabfällt,herabfällt,VERB,ROOT,10107,herabfällt
10108,.,--,PUNCT,punct,10107,herabfällt
10109,Meine,Meine,DET,ROOT,10109,Meine
10110,Mutter,Mutter,NOUN,sb,10111,härmt
10111,härmt,härmen,VERB,ROOT,10111,härmt
10112,sich,sich,PRON,oa,10111,härmt
10113,gar,gar,ADV,mo,10114,sehr
10114,sehr,sehr,ADV,mo,10111,härmt
10115,ab,ab,ADP,svp,10111,härmt
10116,",",--,PUNCT,punct,10111,härmt
10117,wenn,wenn,SCONJ,cp,10118,Kinder
10118,Kinder,Kind,NOUN,mo,10111,härmt
10119,auf,auf,ADP,mnr,10118,Kinder
10120,solche,solcher,DET,nk,10121,Weise
10121,Weise,Weise,NOUN,nk,10119,auf
10122,",",--,PUNCT,punct,10119,auf
10123,freilich,freilich,ADV,mo,10124,durch
10124,durch,durch,ADP,app,10118,Kinder
10125,ihre,ihr,DET,nk,10127,Schuld
10126,eigne,eign,ADJ,nk,10127,Schuld
10127,Schuld,Schuld,NOUN,oa,10129,verunglücken
10128,",",--,PUNCT,punct,10129,verunglücken
10129,verunglücken,verunglücken,VERB,ROOT,10129,verunglücken
10130,.,--,PUNCT,punct,10129,verunglücken
10131,Gar,gar,ADV,mo,10133,gern
10132,zu,zu,PART,mo,10133,gern
10133,gern,gern,ADV,mo,10134,wollte
10134,wollte,wollen,AUX,ROOT,10134,wollte
10135,sie,sie,PRON,sb,10134,wollte
10136,",",--,PUNCT,punct,10134,wollte
10137,daß,daß,SCONJ,cp,10139,Kinder
10138,alle,aller,DET,nk,10139,Kinder
10139,Kinder,Kind,NOUN,sb,10134,wollte
10140,auf,auf,ADP,svp,10134,wollte
10141,der,der,DET,nk,10143,Welt
10142,ganzen,ganz,ADJ,nk,10143,Welt
10143,Welt,Welt,NOUN,da,10148,genießen
10144,die,der,DET,nk,10145,Lust
10145,Lust,Lust,NOUN,oa,10148,genießen
10146,ihres,ihr,DET,nk,10147,Reiches
10147,Reiches,Reich,NOUN,ag,10145,Lust
10148,genießen,genießen,VERB,oc,10149,möchten
10149,möchten,möchten,AUX,ROOT,10149,möchten
10150,",",--,PUNCT,punct,10149,möchten
10151,aber,aber,CCONJ,cd,10149,möchten
10152,wenn,wenn,SCONJ,cp,10153,viele
10153,viele,viele,PRON,mo,10151,aber
10154,auch,auch,ADV,mo,10149,möchten
10155,tüchtig,tüchtig,ADV,mo,10156,fliegen
10156,fliegen,fliegen,VERB,oc,10157,können
10157,können,können,AUX,re,10159,so
10158,",",--,PUNCT,punct,10159,so
10159,so,so,ADV,mo,10160,sind
10160,sind,sein,AUX,ROOT,10160,sind
10161,sie,sie,PRON,sb,10160,sind
10162,nachher,nachher,ADV,mo,10160,sind
10163,doch,doch,ADV,mo,10160,sind
10164,entweder,entweder,CCONJ,cd,10165,zu
10165,zu,zu,ADP,mo,10160,sind
10166,keck,Keck,PROPN,nk,10165,zu
10167,oder,oder,CCONJ,cd,10165,zu
10168,zu,zu,ADP,cj,10167,oder
10169,furchtsam,furchtsam,ADV,ROOT,10169,furchtsam
10170,und,und,CCONJ,cd,10169,furchtsam
10171,verursachen,verursachen,VERB,cj,10170,und
10172,ihr,ihr,PRON,da,10171,verursachen
10173,nur,nur,ADV,mo,10174,Sorge
10174,Sorge,Sorge,NOUN,oa,10171,verursachen
10175,und,und,CCONJ,cd,10174,Sorge
10176,Angst,Angst,NOUN,cj,10175,und
10177,.,--,PUNCT,punct,10169,furchtsam
10178,Eben,eben,ADV,mo,10179,deshalb
10179,deshalb,deshalb,ADV,mo,10180,erlaubt
10180,erlaubt,erlauben,VERB,ROOT,10180,erlaubt
10181,sie,sie,PRON,sb,10180,erlaubt
10182,mir,mir,PRON,da,10186,hinausfliegen
10183,",",--,PUNCT,punct,10182,mir
10184,daß,daß,SCONJ,cp,10186,hinausfliegen
10185,ich,ich,PRON,sb,10186,hinausfliegen
10186,hinausfliegen,hinausflieg,ADJ,ROOT,10186,hinausfliegen
10187,aus,aus,ADP,mnr,10186,hinausfliegen
10188,meiner,mein,DET,nk,10189,Heimat
10189,Heimat,Heimat,NOUN,nk,10187,aus
10190,und,und,CCONJ,cd,10186,hinausfliegen
10191,tüchtigen,tüchtig,ADJ,nk,10192,Kindern
10192,Kindern,Kind,NOUN,cj,10190,und
10193,allerlei,allerlei,PRON,mo,10186,hinausfliegen
10194,schöne,schön,ADJ,nk,10195,Spielsachen
10195,Spielsachen,Spielsache,NOUN,sb,10198,darf
10196,daraus,daraus,ADV,mo,10197,mitbringen
10197,mitbringen,mitbringen,VERB,oc,10198,darf
10198,darf,dürfen,AUX,ROOT,10198,darf
10199,",",--,PUNCT,punct,10198,darf
10200,wie,wie,SCONJ,mo,10201,ich
10201,ich,ich,PRON,sb,10198,darf
10202,es,es,PRON,oa,10205,mit
10203,denn,denn,ADV,mo,10205,mit
10204,auch,auch,ADV,mo,10205,mit
10205,mit,mit,ADP,oc,10198,darf
10206,euch,euch,PRON,nk,10205,mit
10207,gemacht,machen,VERB,oc,10208,habe
10208,habe,haben,AUX,ROOT,10208,habe
10209,.,--,PUNCT,punct,10208,habe
10210,"""",--,PUNCT,punct,10207,gemacht
10211,–,--,PUNCT,punct,10213,Ach
10212,"""",--,PUNCT,punct,10213,Ach
10213,Ach,ach,INTJ,sb,10221,könnte
10214,"""",--,PUNCT,punct,10213,Ach
10215,",",--,PUNCT,punct,10216,rief
10216,rief,rufen,VERB,ROOT,10216,rief
10217,Christlieb,Christlieb,PROPN,sb,10216,rief
10218,",",--,PUNCT,punct,10216,rief
10219,"""",--,PUNCT,punct,10221,könnte
10220,ich,ich,PRON,sb,10221,könnte
10221,könnte,können,AUX,oc,10216,rief
10222,gewiß,gewiß,ADV,mo,10221,könnte
10223,keinem,kein,DET,nk,10225,Vogel
10224,schönen,schön,ADJ,nk,10225,Vogel
10225,Vogel,Vogel,PROPN,da,10221,könnte
10226,Leides,Leides,PROPN,mo,10227,tun
10227,tun,tun,VERB,oc,10234,möchte
10228,",",--,PUNCT,punct,10227,tun
10229,aber,aber,CCONJ,cd,10227,tun
10230,auf,auf,ADP,mo,10233,rennen
10231,dem,der,DET,nk,10232,Regenbogen
10232,Regenbogen,Regenboge,NOUN,nk,10230,auf
10233,rennen,rennen,VERB,cj,10229,aber
10234,möchte,möchten,AUX,ROOT,10234,möchte
10235,ich,ich,PRON,sb,10234,möchte
10236,doch,doch,ADV,mo,10234,möchte
10237,nicht,nicht,PART,ng,10234,möchte
10238,.,--,PUNCT,punct,10234,möchte
10239,"""",--,PUNCT,punct,10234,möchte
10240,–,--,PUNCT,punct,10242,Das
10241,"""",--,PUNCT,punct,10242,Das
10242,Das,der,PRON,ROOT,10242,Das
10243,wäre,sein,AUX,mo,10247,fiel
10244,"""",--,PUNCT,punct,10243,wäre
10245,",",--,PUNCT,punct,10247,fiel
10246,–,--,PUNCT,punct,10247,fiel
10247,fiel,fallen,VERB,ROOT,10247,fiel
10248,ihr,ihr,DET,nk,10249,Felix
10249,Felix,Felix,PROPN,sb,10247,fiel
10250,ins,in,ADP,mo,10247,fiel
10251,Wort,Wort,NOUN,nk,10250,ins
10252,–,--,PUNCT,punct,10247,fiel
10253,"""",--,PUNCT,punct,10255,wäre
10254,das,der,PRON,sb,10255,wäre
10255,wäre,sein,AUX,cj,10247,fiel
10256,nun,nun,ADV,mo,10255,wäre
10257,gerade,gerade,ADV,mo,10259,Sache
10258,meine,mein,DET,nk,10259,Sache
10259,Sache,Sache,NOUN,pd,10255,wäre
10260,und,und,CCONJ,cd,10259,Sache
10261,eben,eben,ADV,cj,10260,und
10262,deshalb,deshalb,ADV,mo,10263,möchte
10263,möchte,möchten,AUX,ROOT,10263,möchte
10264,ich,ich,PRON,sb,10263,möchte
10265,zu,zu,ADP,mo,10263,möchte
10266,deiner,dein,DET,nk,10267,Mutter
10267,Mutter,Mutter,NOUN,nk,10265,zu
10268,Königin,Königin,NOUN,nk,10267,Mutter
10269,.,--,PUNCT,punct,10263,möchte
10270,Kannst,Kannst,VERB,ROOT,10270,Kannst
10271,du,du,PRON,sb,10270,Kannst
10272,nicht,nicht,PART,ng,10270,Kannst
10273,einmal,einmal,ADV,mo,10272,nicht
10274,den,der,DET,oa,10270,Kannst
10275,Regenbogen,Regenboge,NOUN,oa,10276,mitbringen
10276,mitbringen,mitbringen,VERB,ROOT,10276,mitbringen
10277,?,--,PUNCT,punct,10276,mitbringen
10278,"""",--,PUNCT,punct,10276,mitbringen
10279,–,--,PUNCT,punct,10281,Nein
10280,"""",--,PUNCT,punct,10281,Nein
10281,Nein,nein,PART,dep,10284,erwiderte
10282,"""",--,PUNCT,punct,10281,Nein
10283,",",--,PUNCT,punct,10284,erwiderte
10284,erwiderte,erwidern,VERB,ROOT,10284,erwiderte
10285,das,der,DET,nk,10287,Kind
10286,fremde,fremd,ADJ,nk,10287,Kind
10287,Kind,Kind,NOUN,sb,10284,erwiderte
10288,",",--,PUNCT,punct,10284,erwiderte
10289,"""",--,PUNCT,punct,10284,erwiderte
10290,das,der,PRON,sb,10291,geht
10291,geht,gehen,VERB,cj,10284,erwiderte
10292,nicht,nicht,PART,ng,10291,geht
10293,an,an,ADP,ROOT,10293,an
10294,",",--,PUNCT,ROOT,10294,","
10295,und,und,CCONJ,ROOT,10295,und
10296,ich,ich,PRON,sb,10297,muß
10297,muß,müssen,AUX,cj,10295,und
10298,dir,dir,PRON,oa,10300,sagen
10299,überhaupt,überhaupt,ADV,mo,10297,muß
10300,sagen,sagen,VERB,oc,10297,muß
10301,",",--,PUNCT,punct,10300,sagen
10302,daß,daß,SCONJ,cp,10308,zu
10303,ich,ich,PRON,sb,10302,daß
10304,mich,sich,PRON,oa,10308,zu
10305,nur,nur,ADV,mo,10307,heimlich
10306,ganz,ganz,ADV,mo,10307,heimlich
10307,heimlich,heimlich,ADV,mo,10304,mich
10308,zu,zu,ADP,oc,10300,sagen
10309,euch,euch,PRON,nk,10308,zu
10310,stehlen,stehlen,VERB,oc,10311,darf
10311,darf,dürfen,AUX,ROOT,10311,darf
10312,.,--,PUNCT,punct,10311,darf
10313,Sonst,sonst,ADV,mo,10314,war
10314,war,sein,AUX,ROOT,10314,war
10315,ich,ich,PRON,sb,10314,war
10316,überall,überall,ADV,mo,10317,sicher
10317,sicher,sicher,ADV,pd,10314,war
10318,als,als,ADP,cm,10319,sei
10319,sei,sein,AUX,cc,10317,sicher
10320,ich,ich,PRON,sb,10319,sei
10321,bei,bei,ADP,mo,10319,sei
10322,meiner,mein,DET,nk,10323,Mutter
10323,Mutter,Mutter,NOUN,nk,10321,bei
10324,",",--,PUNCT,punct,10314,war
10325,und,und,CCONJ,cd,10314,war
10326,es,es,PRON,sb,10327,war
10327,war,sein,AUX,ROOT,10327,war
10328,überhaupt,überhaupt,ADV,mo,10327,war
10329,so,so,ADV,mo,10327,war
10330,",",--,PUNCT,punct,10329,so
10331,als,als,SCONJ,cm,10332,sei
10332,sei,sein,AUX,cc,10329,so
10333,überall,überall,ADV,mo,10337,ausgebreitet
10334,ihr,ihr,DET,nk,10336,Reich
10335,schönes,schön,ADJ,nk,10336,Reich
10336,Reich,Reich,NOUN,oa,10337,ausgebreitet
10337,ausgebreitet,ausbreiten,VERB,oc,10332,sei
10338,",",--,PUNCT,punct,10337,ausgebreitet
10339,seit,seit,SCONJ,mo,10327,war
10340,der,der,DET,nk,10339,seit
10341,Zeit,Zeit,NOUN,ROOT,10341,Zeit
10342,aber,aber,ADV,mo,10341,Zeit
10343,",",--,PUNCT,punct,10341,Zeit
10344,daß,daß,SCONJ,cp,10347,Feind
10345,ein,ein,DET,nk,10347,Feind
10346,arger,arg,ADJ,nk,10347,Feind
10347,Feind,Feind,NOUN,pd,10341,Zeit
10348,meiner,mein,DET,nk,10349,Mutter
10349,Mutter,Mutter,NOUN,ag,10347,Feind
10350,",",--,PUNCT,punct,10349,Mutter
10351,den,der,PRON,oa,10356,verbannt
10352,sie,sie,PRON,sb,10356,verbannt
10353,aus,aus,ADP,mo,10356,verbannt
10354,ihrem,ihr,DET,nk,10355,Reiche
10355,Reiche,Reiche,NOUN,nk,10353,aus
10356,verbannt,verbannen,VERB,rc,10347,Feind
10357,hat,haben,AUX,mo,10362,bin
10358,",",--,PUNCT,punct,10357,hat
10359,wild,wild,ADV,mo,10360,umherschwärmt
10360,umherschwärmt,umherschwärmen,VERB,oc,10357,hat
10361,",",--,PUNCT,punct,10362,bin
10362,bin,sein,AUX,ROOT,10362,bin
10363,ich,ich,PRON,sb,10362,bin
10364,vor,vor,ADP,mo,10362,bin
10365,arger,arg,ADJ,nk,10366,Nachstellung
10366,Nachstellung,Nachstellung,NOUN,nk,10364,vor
10367,nicht,nicht,PART,ng,10368,geschützt
10368,geschützt,schützen,VERB,pd,10362,bin
10369,.,--,PUNCT,punct,10362,bin
10370,"""",--,PUNCT,punct,10362,bin
10371,–,--,PUNCT,ROOT,10371,–
10372,"""",--,PUNCT,punct,10373,Nun
10373,Nun,nun,ADV,mo,10376,rief
10374,"""",--,PUNCT,punct,10373,Nun
10375,",",--,PUNCT,punct,10376,rief
10376,rief,rufen,VERB,ROOT,10376,rief
10377,Felix,Felix,PROPN,sb,10376,rief
10378,",",--,PUNCT,punct,10376,rief
10379,indem,indem,SCONJ,cp,10381,aufsprang
10380,er,er,PRON,sb,10381,aufsprang
10381,aufsprang,Aufsprang,PROPN,mo,10376,rief
10382,und,und,CCONJ,cd,10381,aufsprang
10383,den,der,DET,nk,10384,Dornstock
10384,Dornstock,Dornstock,NOUN,cj,10382,und
10385,",",--,PUNCT,punct,10384,Dornstock
10386,den,der,PRON,da,10388,sich
10387,er,er,PRON,sb,10386,den
10388,sich,sich,PRON,oa,10376,rief
10389,geschnitzt,schnitzen,VERB,ROOT,10389,geschnitzt
10390,",",--,PUNCT,punct,10394,schwenkte
10391,in,in,ADP,mo,10394,schwenkte
10392,der,der,DET,nk,10393,Luft
10393,Luft,Luft,NOUN,nk,10391,in
10394,schwenkte,schwenken,VERB,cj,10389,geschnitzt
10395,",",--,PUNCT,punct,10394,schwenkte
10396,"""",--,PUNCT,punct,10399,wollt
10397,nun,nun,ADV,mo,10399,wollt
10398,den,der,PRON,oa,10399,wollt
10399,wollt,wollten,AUX,oc,10394,schwenkte
10400,ich,ich,PRON,sb,10399,wollt
10401,denn,denn,ADV,mo,10399,wollt
10402,doch,doch,ADV,mo,10403,sehen
10403,sehen,sehen,VERB,oc,10399,wollt
10404,",",--,PUNCT,punct,10403,sehen
10405,der,der,PRON,sb,10406,dir
10406,dir,dir,PRON,ROOT,10406,dir
10407,hier,hier,ADV,mo,10409,zufügen
10408,Leides,Leides,PROPN,sb,10410,sollte
10409,zufügen,zufügen,VERB,oc,10410,sollte
10410,sollte,sollen,AUX,ROOT,10410,sollte
10411,.,--,PUNCT,punct,10410,sollte
10412,Fürs,für,ADP,mo,10414,hätt
10413,erste,erster,PRON,nk,10412,Fürs
10414,hätt,hättn,VERB,ROOT,10414,hätt
10415,er,er,PRON,sb,10414,hätt
10416,es,es,PRON,oa,10420,tun
10417,mit,mit,ADP,mo,10420,tun
10418,mir,mir,PRON,nk,10417,mit
10419,zu,zu,PART,pm,10420,tun
10420,tun,tun,VERB,oc,10414,hätt
10421,und,und,CCONJ,cd,10420,tun
10422,dann,dann,ADV,mo,10423,rief
10423,rief,rufen,VERB,cj,10421,und
10424,ich,ich,PRON,ROOT,10424,ich
10425,Papa,Papa,NOUN,ROOT,10425,Papa
10426,zu,zu,ADP,mnr,10425,Papa
10427,Hülfe,Hülfe,NOUN,nk,10426,zu
10428,",",--,PUNCT,punct,10425,Papa
10429,der,der,PRON,sb,10430,ließe
10430,ließe,lassen,VERB,rc,10425,Papa
10431,den,der,DET,nk,10432,Kerl
10432,Kerl,Kerl,NOUN,oa,10433,einfangen
10433,einfangen,einfangen,VERB,oc,10430,ließe
10434,und,und,CCONJ,cd,10433,einfangen
10435,in,in,ADP,mo,10438,sperren
10436,den,der,DET,nk,10437,Turm
10437,Turm,Turm,NOUN,nk,10435,in
10438,sperren,sperren,VERB,cj,10434,und
10439,.,--,PUNCT,punct,10425,Papa
10440,"""",--,PUNCT,punct,10425,Papa
10441,–,--,PUNCT,ROOT,10441,–
10442,"""",--,PUNCT,punct,10443,Ach
10443,Ach,ach,INTJ,dep,10446,erwiderte
10444,"""",--,PUNCT,punct,10443,Ach
10445,",",--,PUNCT,punct,10446,erwiderte
10446,erwiderte,erwidern,VERB,ROOT,10446,erwiderte
10447,das,der,DET,nk,10449,Kind
10448,fremde,fremd,ADJ,nk,10449,Kind
10449,Kind,Kind,NOUN,sb,10446,erwiderte
10450,",",--,PUNCT,punct,10446,erwiderte
10451,"""",--,PUNCT,punct,10446,erwiderte
10452,so,so,ADV,mo,10453,wenig
10453,wenig,wenig,PRON,mo,10446,erwiderte
10454,der,der,DET,nk,10456,Feind
10455,arge,arg,ADJ,nk,10456,Feind
10456,Feind,Feind,NOUN,cc,10452,so
10457,in,in,ADP,mnr,10456,Feind
10458,meiner,mein,DET,nk,10459,Heimat
10459,Heimat,Heimat,NOUN,nk,10457,in
10460,mir,mir,PRON,da,10446,erwiderte
10461,etwas,etwas,PRON,oa,10462,antun
10462,antun,antun,VERB,oc,10463,kann
10463,kann,können,AUX,cc,10465,so
10464,",",--,PUNCT,punct,10465,so
10465,so,so,ADV,mo,10466,gefährlich
10466,gefährlich,gefährlich,ADV,pd,10467,ist
10467,ist,sein,AUX,ROOT,10467,ist
10468,er,er,PRON,sb,10467,ist
10469,mir,mir,PRON,da,10466,gefährlich
10470,außerhalb,außerhalb,ADP,mo,10467,ist
10471,derselben,derselbe,PRON,nk,10470,außerhalb
10472,",",--,PUNCT,punct,10467,ist
10473,er,er,PRON,sb,10474,ist
10474,ist,sein,AUX,cj,10467,ist
10475,gar,gar,ADV,mo,10474,ist
10476,mächtig,mächtig,ADV,mo,10480,hilft
10477,und,und,CCONJ,cd,10476,mächtig
10478,wider,wider,ADP,cj,10477,und
10479,ihn,ihn,PRON,nk,10478,wider
10480,hilft,helfen,VERB,ROOT,10480,hilft
10481,nicht,nicht,PART,ng,10480,hilft
10482,Stock,Stock,NOUN,sb,10480,hilft
10483,nicht,nicht,PART,ng,10480,hilft
10484,Turm,Turm,NOUN,sb,10480,hilft
10485,.,--,PUNCT,punct,10480,hilft
10486,"""",--,PUNCT,punct,10480,hilft
10487,–,--,PUNCT,punct,10490,ist
10488,"""",--,PUNCT,punct,10490,ist
10489,Was,was,PRON,sb,10490,ist
10490,ist,sein,AUX,ROOT,10490,ist
10491,denn,denn,ADV,mo,10490,ist
10492,das,der,PRON,sb,10490,ist
10493,für,für,ADP,pd,10490,ist
10494,ein,ein,DET,nk,10496,Ding
10495,garstig,garstig,ADV,mo,10496,Ding
10496,Ding,Ding,NOUN,ROOT,10496,Ding
10497,",",--,PUNCT,punct,10496,Ding
10498,das,der,PRON,sb,10503,kann
10499,dich,dich,PRON,oa,10502,machen
10500,so,so,ADV,mo,10501,bange
10501,bange,bange,ADV,mo,10502,machen
10502,machen,machen,VERB,oc,10503,kann
10503,kann,können,AUX,rc,10496,Ding
10504,?,--,PUNCT,punct,10496,Ding
10505,"""",--,PUNCT,punct,10496,Ding
10506,fragte,fragen,VERB,ROOT,10506,fragte
10507,Christlieb,Christlieb,NOUN,sb,10506,fragte
10508,.,--,PUNCT,punct,10506,fragte
10509,"""",--,PUNCT,punct,10511,habe
10510,Ich,ich,PRON,sb,10511,habe
10511,habe,haben,AUX,ROOT,10511,habe
10512,euch,euch,PRON,da,10513,gesagt
10513,gesagt,sagen,VERB,mo,10516,fing
10514,"""",--,PUNCT,punct,10513,gesagt
10515,",",--,PUNCT,punct,10516,fing
10516,fing,fing,VERB,ROOT,10516,fing
10517,das,der,DET,nk,10519,Kind
10518,fremde,fremd,ADJ,nk,10519,Kind
10519,Kind,Kind,NOUN,sb,10516,fing
10520,an,an,ADP,svp,10516,fing
10521,",",--,PUNCT,punct,10516,fing
10522,"""",--,PUNCT,punct,10525,Mutter
10523,daß,daß,SCONJ,cp,10525,Mutter
10524,meine,mein,DET,nk,10525,Mutter
10525,Mutter,Mutter,NOUN,dep,10516,fing
10526,eine,ein,DET,nk,10528,Königin
10527,mächtige,mächtig,ADJ,nk,10528,Königin
10528,Königin,Königin,NOUN,pd,10525,Mutter
10529,ist,sein,AUX,ROOT,10529,ist
10530,",",--,PUNCT,punct,10529,ist
10531,und,und,CCONJ,cd,10529,ist
10532,ihr,ihr,DET,da,10533,wißt
10533,wißt,wissen,VERB,cj,10531,und
10534,",",--,PUNCT,punct,10533,wißt
10535,daß,daß,SCONJ,cp,10536,Königinnen
10536,Königinnen,Königin,NOUN,oc,10533,wißt
10537,sowie,sowie,CCONJ,cd,10536,Königinnen
10538,Könige,König,NOUN,cj,10537,sowie
10539,einen,ein,DET,nk,10540,Hofstaat
10540,Hofstaat,Hofstaat,NOUN,oa,10533,wißt
10541,und,und,CCONJ,cd,10540,Hofstaat
10542,Minister,Minister,NOUN,cj,10541,und
10543,um,um,ADP,mnr,10540,Hofstaat
10544,sich,sich,PRON,oa,10545,haben
10545,haben,haben,VERB,ROOT,10545,haben
10546,.,--,PUNCT,punct,10545,haben
10547,"""",--,PUNCT,punct,10545,haben
10548,–,--,PUNCT,punct,10550,Jawohl
10549,"""",--,PUNCT,punct,10550,Jawohl
10550,Jawohl,Jawohl,ADV,oc,10553,sprach
10551,"""",--,PUNCT,punct,10550,Jawohl
10552,",",--,PUNCT,punct,10553,sprach
10553,sprach,sprechen,VERB,ROOT,10553,sprach
10554,Felix,Felix,PROPN,sb,10553,sprach
10555,",",--,PUNCT,punct,10553,sprach
10556,"""",--,PUNCT,punct,10560,ist
10557,der,der,DET,nk,10558,Onkel
10558,Onkel,Onkel,NOUN,sb,10560,ist
10559,Graf,Graf,NOUN,nk,10558,Onkel
10560,ist,sein,AUX,oc,10553,sprach
10561,selbst,selbst,ADV,mo,10560,ist
10562,solch,solch,PRON,mo,10563,ein
10563,ein,ein,DET,pd,10560,ist
10564,Minister,Minister,NOUN,ROOT,10564,Minister
10565,",",--,PUNCT,punct,10564,Minister
10566,und,und,CCONJ,cd,10564,Minister
10567,trägt,tragen,VERB,cj,10566,und
10568,einen,ein,DET,nk,10569,Stern
10569,Stern,Stern,NOUN,oa,10567,trägt
10570,auf,auf,ADP,mo,10567,trägt
10571,der,der,DET,nk,10572,Brust
10572,Brust,Brust,NOUN,nk,10570,auf
10573,.,--,PUNCT,punct,10564,Minister
10574,Deiner,deiner,ADJ,nk,10575,Mutter
10575,Mutter,Mutter,NOUN,ROOT,10575,Mutter
10576,Minister,Minister,NOUN,sb,10577,tragen
10577,tragen,tragen,VERB,ROOT,10577,tragen
10578,auch,auch,ADV,mo,10581,funkelnde
10579,wohl,wohl,ADV,mo,10581,funkelnde
10580,recht,recht,ADV,mo,10581,funkelnde
10581,funkelnde,funkelnd,ADJ,nk,10582,Sterne
10582,Sterne,Stern,NOUN,ROOT,10582,Sterne
10583,?,--,PUNCT,punct,10582,Sterne
10584,"""",--,PUNCT,punct,10582,Sterne
10585,–,--,PUNCT,punct,10587,Nein
10586,"""",--,PUNCT,punct,10587,Nein
10587,Nein,nein,PART,dep,10590,erwiderte
10588,"""",--,PUNCT,punct,10587,Nein
10589,",",--,PUNCT,punct,10590,erwiderte
10590,erwiderte,erwidern,VERB,ROOT,10590,erwiderte
10591,das,der,DET,nk,10593,Kind
10592,fremde,fremd,ADJ,nk,10593,Kind
10593,Kind,Kind,NOUN,sb,10590,erwiderte
10594,",",--,PUNCT,punct,10590,erwiderte
10595,"""",--,PUNCT,punct,10590,erwiderte
10596,nein,nein,PART,dep,10590,erwiderte
10597,",",--,PUNCT,punct,10590,erwiderte
10598,das,der,PRON,sb,10600,nicht
10599,eben,eben,ADV,mo,10598,das
10600,nicht,nicht,PART,dep,10605,sind
10601,",",--,PUNCT,punct,10605,sind
10602,denn,denn,CCONJ,cd,10605,sind
10603,die,der,DET,nk,10604,mehrsten
10604,mehrsten,mehrste,NOUN,sb,10605,sind
10605,sind,sein,AUX,ROOT,10605,sind
10606,selbst,selbst,ADV,mo,10605,sind
10607,ganz,ganz,ADV,mo,10611,Sterne
10608,und,und,CCONJ,cd,10607,ganz
10609,gar,gar,ADV,mo,10610,funkelnde
10610,funkelnde,funkelnd,ADJ,cj,10608,und
10611,Sterne,Stern,NOUN,pd,10605,sind
10612,und,und,CCONJ,cd,10605,sind
10613,andere,anderer,PRON,sb,10614,tragen
10614,tragen,tragen,VERB,ROOT,10614,tragen
10615,gar,gar,ADV,mo,10616,keine
10616,keine,kein,DET,nk,10617,Röcke
10617,Röcke,Röck,NOUN,oa,10614,tragen
10618,",",--,PUNCT,punct,10617,Röcke
10619,worauf,worauf,SCONJ,mo,10624,ließe
10620,sich,sich,PRON,oa,10623,anbringen
10621,so,so,ADV,mo,10622,etwas
10622,etwas,etwas,PRON,sb,10624,ließe
10623,anbringen,anbringen,VERB,oc,10624,ließe
10624,ließe,lassen,VERB,rc,10617,Röcke
10625,.,--,PUNCT,punct,10614,tragen
10626,Daß,daß,SCONJ,ROOT,10626,Daß
10627,ich,ich,PRON,sb,10626,Daß
10628,'s,es,PRON,oa,10627,ich
10629,nur,nur,ADV,mo,10630,sage
10630,sage,sagen,VERB,ROOT,10630,sage
10631,",",--,PUNCT,punct,10630,sage
10632,alle,aller,DET,nk,10633,Minister
10633,Minister,Minister,NOUN,sb,10636,sind
10634,meiner,mein,DET,nk,10635,Mutter
10635,Mutter,Mutter,NOUN,ag,10633,Minister
10636,sind,sein,AUX,oc,10630,sage
10637,mächtige,mächtig,ADJ,nk,10638,Geister
10638,Geister,Geist,NOUN,pd,10636,sind
10639,",",--,PUNCT,punct,10638,Geister
10640,die,der,PRON,sb,10642,in
10641,teils,teils,ADV,mo,10642,in
10642,in,in,ADP,rc,10638,Geister
10643,der,der,DET,nk,10642,in
10644,Luft,Luft,NOUN,oa,10645,schweben
10645,schweben,schweben,VERB,ROOT,10645,schweben
10646,",",--,PUNCT,punct,10645,schweben
10647,teils,teils,ADV,mo,10648,in
10648,in,in,ADP,mo,10645,schweben
10649,Feuerflammen,Feuerflamme,NOUN,nk,10648,in
10650,",",--,PUNCT,punct,10645,schweben
10651,teils,teils,ADV,mo,10652,in
10652,in,in,ADP,mo,10655,wohnen
10653,den,der,DET,nk,10654,Gewässern
10654,Gewässern,Gewässer,NOUN,nk,10652,in
10655,wohnen,wohnen,VERB,cj,10645,schweben
10656,",",--,PUNCT,punct,10645,schweben
10657,und,und,CCONJ,cd,10645,schweben
10658,überall,überall,ADV,mo,10660,ausführen
10659,das,der,PRON,nk,10660,ausführen
10660,ausführen,ausführen,VERB,ROOT,10660,ausführen
10661,",",--,PUNCT,punct,10660,ausführen
10662,was,wer,PRON,oa,10666,gebietet
10663,meine,mein,DET,nk,10664,Mutter
10664,Mutter,Mutter,NOUN,sb,10666,gebietet
10665,ihnen,ihnen,PRON,da,10666,gebietet
10666,gebietet,gebieten,VERB,oc,10660,ausführen
10667,.,--,PUNCT,punct,10660,ausführen
10668,Es,es,PRON,sb,10669,fand
10669,fand,finden,VERB,ROOT,10669,fand
10670,sich,sich,PRON,oa,10669,fand
10671,vor,vor,ADP,mo,10669,fand
10672,langer,lang,ADV,nk,10671,vor
10673,Zeit,Zeit,NOUN,mo,10682,nannte
10674,ein,ein,DET,nk,10676,Geist
10675,fremder,fremd,ADJ,nk,10676,Geist
10676,Geist,Geist,NOUN,sb,10673,Zeit
10677,bei,bei,ADP,mo,10673,Zeit
10678,uns,uns,PRON,nk,10677,bei
10679,ein,ein,ADV,svp,10673,Zeit
10680,",",--,PUNCT,punct,10673,Zeit
10681,der,der,PRON,sb,10682,nannte
10682,nannte,nennen,VERB,ROOT,10682,nannte
10683,sich,sich,PRON,oa,10682,nannte
10684,Pepasilio,Pepasilio,PROPN,sb,10682,nannte
10685,und,und,CCONJ,cd,10682,nannte
10686,behauptete,behaupten,VERB,cj,10685,und
10687,",",--,PUNCT,punct,10686,behauptete
10688,er,er,PRON,sb,10689,sei
10689,sei,sein,AUX,ROOT,10689,sei
10690,ein,ein,DET,nk,10692,Gelehrter
10691,großer,groß,ADJ,nk,10692,Gelehrter
10692,Gelehrter,Gelehrter,NOUN,pd,10689,sei
10693,",",--,PUNCT,punct,10689,sei
10694,er,er,PRON,sb,10695,wisse
10695,wisse,wissen,VERB,cj,10689,sei
10696,mehr,mehr,ADV,mo,10695,wisse
10697,und,und,CCONJ,cd,10695,wisse
10698,würde,werden,AUX,cj,10697,und
10699,größere,groß,ADJ,nk,10700,Dinge
10700,Dinge,Ding,NOUN,oa,10701,bewirken
10701,bewirken,bewirken,VERB,oc,10698,würde
10702,als,als,ADP,mo,10701,bewirken
10703,alle,aller,PRON,sb,10704,übrigen
10704,übrigen,übrigen,ADJ,ROOT,10704,übrigen
10705,.,--,PUNCT,punct,10704,übrigen
10706,Meine,mein,DET,nk,10707,Mutter
10707,Mutter,Mutter,NOUN,sb,10708,nahm
10708,nahm,nehmen,VERB,ROOT,10708,nahm
10709,ihn,ihn,PRON,oa,10708,nahm
10710,in,in,ADP,mo,10708,nahm
10711,die,der,DET,nk,10712,Reihe
10712,Reihe,Reihe,NOUN,nk,10710,in
10713,ihrer,ihr,DET,nk,10714,Minister
10714,Minister,Minister,NOUN,ag,10712,Reihe
10715,auf,auf,ADP,svp,10708,nahm
10716,",",--,PUNCT,punct,10708,nahm
10717,aber,aber,CCONJ,cd,10708,nahm
10718,bald,bald,ADV,mo,10708,nahm
10719,entwickelte,entwickeln,VERB,ROOT,10719,entwickelte
10720,sich,sich,PRON,oa,10719,entwickelte
10721,immer,immer,ADV,mo,10722,mehr
10722,mehr,mehr,ADV,mo,10719,entwickelte
10723,seine,sein,DET,nk,10725,Tücke
10724,innere,innerer,ADJ,nk,10725,Tücke
10725,Tücke,Tücke,NOUN,sb,10719,entwickelte
10726,.,--,PUNCT,punct,10719,entwickelte
10727,Außerdem,außerdem,ADV,mo,10730,alles
10728,daß,daß,SCONJ,cp,10730,alles
10729,er,er,PRON,sb,10730,alles
10730,alles,alle,PRON,ROOT,10730,alles
10731,",",--,PUNCT,punct,10730,alles
10732,was,wer,PRON,app,10730,alles
10733,die,der,DET,app,10730,alles
10734,übrigen,übrig,ADJ,nk,10735,Minister
10735,Minister,Minister,NOUN,oa,10736,taten
10736,taten,tun,VERB,re,10742,so
10737,",",--,PUNCT,punct,10736,taten
10738,zu,zu,PART,pm,10739,vernichten
10739,vernichten,vernichten,VERB,oc,10740,strebte
10740,strebte,streben,VERB,oc,10736,taten
10741,",",--,PUNCT,punct,10742,so
10742,so,so,ADV,mo,10743,hatte
10743,hatte,haben,AUX,ROOT,10743,hatte
10744,er,er,PRON,sb,10743,hatte
10745,es,es,PRON,oa,10743,hatte
10746,vorzüglich,vorzüglich,ADV,mo,10743,hatte
10747,darauf,darauf,ADV,mo,10743,hatte
10748,abgesehen,absehen,VERB,ROOT,10748,abgesehen
10749,",",--,PUNCT,punct,10748,abgesehen
10750,die,der,DET,nk,10752,Feste
10751,frohen,froh,ADJ,nk,10752,Feste
10752,Feste,Fest,NOUN,oa,10758,verderben
10753,der,der,DET,nk,10754,Kinder
10754,Kinder,Kind,NOUN,ag,10752,Feste
10755,recht,recht,ADV,mo,10756,hämisch
10756,hämisch,hämisch,ADV,mo,10758,verderben
10757,zu,zu,PART,pm,10758,verderben
10758,verderben,verderben,VERB,oc,10748,abgesehen
10759,.,--,PUNCT,punct,10748,abgesehen
10760,Er,er,PRON,sb,10761,hatte
10761,hatte,haben,AUX,ROOT,10761,hatte
10762,der,der,DET,dep,10761,hatte
10763,Königin,Königin,NOUN,sb,10764,vorgespiegelt
10764,vorgespiegelt,vorgespiegeln,VERB,ROOT,10764,vorgespiegelt
10765,",",--,PUNCT,punct,10764,vorgespiegelt
10766,daß,daß,SCONJ,cp,10775,machen
10767,er,er,PRON,sb,10775,machen
10768,die,der,DET,nk,10769,Kinder
10769,Kinder,Kind,NOUN,oa,10775,machen
10770,erst,erst,ADV,mo,10771,recht
10771,recht,recht,ADV,mo,10772,lustig
10772,lustig,lustig,ADV,mo,10775,machen
10773,und,und,CCONJ,cd,10772,lustig
10774,gescheut,scheuen,VERB,cj,10773,und
10775,machen,machen,VERB,oc,10764,vorgespiegelt
10776,wollte,wollen,AUX,re,10790,so
10777,",",--,PUNCT,punct,10776,wollte
10778,statt,statt,ADP,mo,10780,hing
10779,dessen,der,PRON,nk,10778,statt
10780,hing,Hing,VERB,mo,10776,wollte
10781,er,er,PRON,sb,10780,hing
10782,sich,sich,PRON,oa,10780,hing
10783,zentnerschwer,zentnerschwer,ADV,mo,10780,hing
10784,an,an,ADP,mo,10780,hing
10785,den,der,DET,nk,10786,Schweif
10786,Schweif,Schweif,NOUN,nk,10784,an
10787,der,der,DET,nk,10788,Fasanen
10788,Fasanen,Fasan,NOUN,ag,10786,Schweif
10789,",",--,PUNCT,punct,10790,so
10790,so,so,ADV,ROOT,10790,so
10791,daß,daß,SCONJ,cp,10796,konnten
10792,sie,sie,PRON,sb,10796,konnten
10793,sich,sich,PRON,oa,10795,aufschwingen
10794,nicht,nicht,PART,ng,10796,konnten
10795,aufschwingen,aufschwingen,VERB,oc,10796,konnten
10796,konnten,können,AUX,oc,10798,zog
10797,",",--,PUNCT,punct,10798,zog
10798,zog,ziehen,VERB,ROOT,10798,zog
10799,er,er,PRON,sb,10798,zog
10800,die,der,DET,nk,10801,Kinder
10801,Kinder,Kind,NOUN,oa,10798,zog
10802,",",--,PUNCT,punct,10798,zog
10803,wenn,wenn,SCONJ,cp,10804,sie
10804,sie,sie,PRON,mo,10798,zog
10805,auf,auf,ADP,svp,10798,zog
10806,Rosenbüschen,rosenbüschen,NOUN,oa,10807,hinaufgeklettert
10807,hinaufgeklettert,hinaufgeklettern,VERB,ROOT,10807,hinaufgeklettert
10808,",",--,PUNCT,punct,10807,hinaufgeklettert
10809,bei,bei,ADP,mo,10807,hinaufgeklettert
10810,den,der,DET,nk,10811,Beinen
10811,Beinen,Bein,NOUN,nk,10809,bei
10812,herab,herab,ADV,mo,10807,hinaufgeklettert
10813,",",--,PUNCT,punct,10807,hinaufgeklettert
10814,daß,daß,SCONJ,cp,10818,Nasen
10815,sie,sie,PRON,sb,10818,Nasen
10816,sich,sich,PRON,oa,10818,Nasen
10817,die,der,DET,nk,10818,Nasen
10818,Nasen,Nase,NOUN,oc,10807,hinaufgeklettert
10819,blutig,blutig,ADV,mo,10820,schlugen
10820,schlugen,schlagen,VERB,mo,10822,zwang
10821,",",--,PUNCT,punct,10822,zwang
10822,zwang,zwingen,VERB,ROOT,10822,zwang
10823,er,er,PRON,sb,10822,zwang
10824,die,der,PRON,oa,10822,zwang
10825,",",--,PUNCT,punct,10824,die
10826,welche,welcher,PRON,sb,10828,laufen
10827,lustig,lustig,ADV,mo,10828,laufen
10828,laufen,laufen,VERB,rc,10824,die
10829,und,und,CCONJ,cd,10828,laufen
10830,springen,springen,VERB,oc,10831,wollten
10831,wollten,wollen,AUX,cj,10829,und
10832,",",--,PUNCT,punct,10822,zwang
10833,auf,auf,ADP,mo,10822,zwang
10834,allen,aller,DET,nk,10835,vieren
10835,vieren,vieren,VERB,da,10841,herumzukriechen
10836,mit,mit,ADP,mo,10835,vieren
10837,zur,zu,ADP,mo,10839,gebeugtem
10838,Erde,Erde,NOUN,nk,10837,zur
10839,gebeugtem,gebeugtem,ADJ,nk,10840,Haupte
10840,Haupte,Haupt,NOUN,nk,10836,mit
10841,herumzukriechen,herumzukriechen,VERB,ROOT,10841,herumzukriechen
10842,.,--,PUNCT,punct,10841,herumzukriechen
10843,Den,der,DET,nk,10844,Sängern
10844,Sängern,Sänger,NOUN,da,10845,stopfte
10845,stopfte,stopfen,VERB,ROOT,10845,stopfte
10846,er,er,PRON,ROOT,10846,er
10847,allerlei,allerlei,DET,nk,10849,Zeug
10848,schädliches,schädlich,ADJ,nk,10849,Zeug
10849,Zeug,Zeug,NOUN,ROOT,10849,Zeug
10850,in,in,ADP,mnr,10849,Zeug
10851,die,der,DET,nk,10852,Schnäbel
10852,Schnäbel,Schnäbel,NOUN,nk,10850,in
10853,",",--,PUNCT,punct,10849,Zeug
10854,damit,damit,SCONJ,cp,10858,singen
10855,sie,sie,PRON,sb,10858,singen
10856,nur,nur,ADV,mo,10857,nicht
10857,nicht,nicht,PART,ng,10858,singen
10858,singen,singen,VERB,mnr,10849,Zeug
10859,sollten,sollen,AUX,ROOT,10859,sollten
10860,",",--,PUNCT,punct,10859,sollten
10861,denn,denn,CCONJ,cd,10859,sollten
10862,Gesang,Gesang,NOUN,oa,10866,ausstehen
10863,konnte,können,AUX,cj,10861,denn
10864,er,er,PRON,sb,10863,konnte
10865,nicht,nicht,PART,ng,10863,konnte
10866,ausstehen,ausstehen,VERB,oc,10863,konnte
10867,und,und,CCONJ,cd,10866,ausstehen
10868,die,der,DET,nk,10871,Tierchen
10869,armen,arm,ADJ,nk,10871,Tierchen
10870,zahmen,zahm,ADJ,nk,10871,Tierchen
10871,Tierchen,Tierchen,NOUN,cj,10867,und
10872,wollte,wollen,AUX,oc,10885,meinte
10873,er,er,PRON,sb,10872,wollte
10874,statt,statt,ADP,ac,10875,mit
10875,mit,mit,ADP,mo,10878,spielen
10876,ihnen,ihnen,PRON,nk,10875,mit
10877,zu,zu,PART,pm,10878,spielen
10878,spielen,spielen,VERB,oc,10879,auffressen
10879,auffressen,auffressen,VERB,oc,10872,wollte
10880,",",--,PUNCT,punct,10872,wollte
10881,denn,denn,CCONJ,cd,10872,wollte
10882,nur,nur,ADV,mo,10883,dazu
10883,dazu,dazu,ADV,mo,10885,meinte
10884,",",--,PUNCT,punct,10885,meinte
10885,meinte,meinen,VERB,ROOT,10885,meinte
10886,er,er,PRON,sb,10885,meinte
10887,",",--,PUNCT,punct,10885,meinte
10888,wären,sein,AUX,ROOT,10888,wären
10889,sie,sie,PRON,sb,10888,wären
10890,da,da,ADV,mo,10888,wären
10891,.,--,PUNCT,punct,10888,wären
10892,Das,der,DET,nk,10893,Abscheulichste
10893,Abscheulichste,Abscheulichste,NOUN,sb,10894,war
10894,war,sein,AUX,ROOT,10894,war
10895,aber,aber,ADV,mo,10894,war
10896,wohl,wohl,ADV,mo,10894,war
10897,",",--,PUNCT,punct,10894,war
10898,daß,daß,SCONJ,cp,10899,er
10899,er,er,PRON,sb,10894,war
10900,mit,mit,ADP,mo,10899,er
10901,Hülfe,Hülfe,NOUN,nk,10900,mit
10902,seiner,sein,DET,dep,10894,war
10903,Gesellen,Geselle,NOUN,ROOT,10903,Gesellen
10904,die,der,DET,nk,10907,Edelsteine
10905,schönen,schön,ADJ,nk,10907,Edelsteine
10906,funkelnden,funkelnd,ADJ,nk,10907,Edelsteine
10907,Edelsteine,Edelstein,NOUN,ROOT,10907,Edelsteine
10908,des,der,DET,nk,10909,Palastes
10909,Palastes,Palast,NOUN,ag,10907,Edelsteine
10910,",",--,PUNCT,punct,10909,Palastes
10911,die,der,PRON,oa,10913,schimmernden
10912,bunt,bunt,ADV,mo,10913,schimmernden
10913,schimmernden,schimmernden,VERB,rc,10909,Palastes
10914,Blumen,Blume,NOUN,ROOT,10914,Blumen
10915,",",--,PUNCT,punct,10914,Blumen
10916,die,der,PRON,nk,10917,Rosen
10917,Rosen,Rose,NOUN,cj,10914,Blumen
10918,und,und,CCONJ,cd,10917,Rosen
10919,Lilienbüsche,Lilienbüsche,NOUN,cj,10918,und
10920,",",--,PUNCT,punct,10914,Blumen
10921,ja,ja,ADV,mo,10925,Regenbogen
10922,selbst,selbst,ADV,mo,10921,ja
10923,den,der,DET,nk,10925,Regenbogen
10924,glänzenden,glänzend,ADJ,nk,10925,Regenbogen
10925,Regenbogen,Regenbog,NOUN,app,10914,Blumen
10926,mit,mit,ADP,mo,10914,Blumen
10927,einem,ein,DET,nk,10930,Saft
10928,ekelhaften,ekelhaft,ADJ,nk,10930,Saft
10929,schwarzen,schwarz,ADJ,nk,10930,Saft
10930,Saft,Saft,NOUN,da,10932,überziehen
10931,zu,zu,PART,pm,10932,überziehen
10932,überziehen,überziehen,VERB,oc,10933,wußte
10933,wußte,wissen,VERB,ROOT,10933,wußte
10934,",",--,PUNCT,punct,10933,wußte
10935,so,so,ADV,mo,10938,Pracht
10936,daß,daß,SCONJ,cp,10938,Pracht
10937,alle,aller,DET,nk,10938,Pracht
10938,Pracht,Pracht,NOUN,sb,10933,wußte
10939,verschwunden,verschwinden,VERB,ROOT,10939,verschwunden
10940,und,und,CCONJ,cd,10939,verschwunden
10941,alles,alle,PRON,sb,10946,war
10942,tot,tot,ADV,mo,10945,anzusehen
10943,und,und,CCONJ,cd,10942,tot
10944,traurig,traurig,ADV,cj,10943,und
10945,anzusehen,ansehen,VERB,oc,10946,war
10946,war,sein,AUX,cj,10940,und
10947,.,--,PUNCT,punct,10939,verschwunden
10948,Und,und,CCONJ,ju,10950,er
10949,wie,wie,SCONJ,mo,10950,er
10950,er,er,PRON,sb,10951,dies
10951,dies,dieser,PRON,ROOT,10951,dies
10952,vollbracht,vollbringen,VERB,mo,10954,erhob
10953,",",--,PUNCT,punct,10954,erhob
10954,erhob,erheben,VERB,ROOT,10954,erhob
10955,er,er,PRON,sb,10954,erhob
10956,ein,ein,DET,nk,10958,Gelächter
10957,schallendes,schallend,ADJ,nk,10958,Gelächter
10958,Gelächter,Gelächter,NOUN,oa,10954,erhob
10959,und,und,CCONJ,cd,10954,erhob
10960,schrie,schreien,VERB,cj,10959,und
10961,",",--,PUNCT,punct,10954,erhob
10962,nun,nun,ADV,mo,10963,sei
10963,sei,sein,AUX,oc,10954,erhob
10964,erst,erst,ADV,mo,10963,sei
10965,alles,alle,PRON,sb,10963,sei
10966,so,so,ADV,ROOT,10966,so
10967,wie,wie,SCONJ,mo,10970,solle
10968,es,es,PRON,sb,10970,solle
10969,sein,sein,AUX,oc,10970,solle
10970,solle,sollen,AUX,cc,10966,so
10971,",",--,PUNCT,punct,10966,so
10972,denn,denn,CCONJ,cd,10966,so
10973,er,er,PRON,sb,10974,habe
10974,habe,haben,AUX,cj,10972,denn
10975,es,es,PRON,oa,10976,beschrieben
10976,beschrieben,beschreiben,VERB,oc,10974,habe
10977,.,--,PUNCT,punct,10966,so
10978,Als,als,SCONJ,cp,10981,vollends
10979,er,er,PRON,sb,10978,Als
10980,nun,nun,ADV,mo,10981,vollends
10981,vollends,vollends,ADV,ROOT,10981,vollends
10982,erklärte,erklären,VERB,ROOT,10982,erklärte
10983,",",--,PUNCT,punct,10982,erklärte
10984,daß,daß,SCONJ,cp,10991,anerkenne
10985,er,er,PRON,sb,10991,anerkenne
10986,meine,mein,DET,nk,10987,Mutter
10987,Mutter,Mutter,NOUN,oa,10991,anerkenne
10988,nicht,nicht,PART,ng,10991,anerkenne
10989,als,als,ADP,mo,10991,anerkenne
10990,Königin,Königin,NOUN,nk,10989,als
10991,anerkenne,anerkennen,VERB,oc,10982,erklärte
10992,",",--,PUNCT,punct,10991,anerkenne
10993,sondern,sondern,CCONJ,cd,10991,anerkenne
10994,daß,daß,SCONJ,cp,10995,ihm
10995,ihm,ihm,PRON,cj,10993,sondern
10996,allein,allein,ADV,mo,10998,Herrschaft
10997,die,der,DET,nk,10998,Herrschaft
10998,Herrschaft,Herrschaft,NOUN,sb,10999,gebühre
10999,gebühre,gebühren,VERB,ROOT,10999,gebühre
11000,",",--,PUNCT,punct,10999,gebühre
11001,und,und,CCONJ,cd,10999,gebühre
11002,sich,sich,PRON,oa,11003,in
11003,in,in,ADP,cj,11001,und
11004,der,der,DET,nk,11005,Gestalt
11005,Gestalt,Gestalt,NOUN,nk,11003,in
11006,einer,ein,DET,nk,11008,Fliege
11007,ungeheuren,ungeheuer,ADJ,nk,11008,Fliege
11008,Fliege,Fliege,NOUN,ag,11005,Gestalt
11009,mit,mit,ADP,mo,11016,emporschwang
11010,blitzenden,blitzend,ADJ,nk,11011,Augen
11011,Augen,Auge,NOUN,nk,11009,mit
11012,und,und,CCONJ,cd,11011,Augen
11013,vorgestrecktem,vorgestreckt,ADJ,nk,11015,Rüssel
11014,scharfen,scharf,ADJ,nk,11015,Rüssel
11015,Rüssel,Rüssel,NOUN,cj,11012,und
11016,emporschwang,emporschwingen,VERB,ROOT,11016,emporschwang
11017,in,in,ADP,mo,11016,emporschwang
11018,abscheulichem,abscheulich,ADJ,nk,11019,Summen
11019,Summen,Summe,NOUN,oa,11029,erkannte
11020,und,und,CCONJ,cd,11019,Summen
11021,Brausen,Brause,NOUN,cj,11020,und
11022,auf,auf,ADP,mnr,11019,Summen
11023,den,der,DET,nk,11024,Thron
11024,Thron,Thron,NOUN,nk,11022,auf
11025,meiner,mein,DET,nk,11026,Mutter
11026,Mutter,Mutter,NOUN,ag,11024,Thron
11027,",",--,PUNCT,punct,11028,da
11028,da,da,ADV,mo,11029,erkannte
11029,erkannte,erkennen,VERB,ROOT,11029,erkannte
11030,sie,sie,PRON,sb,11029,erkannte
11031,sowie,sowie,CCONJ,ROOT,11031,sowie
11032,alle,alle,PRON,cj,11031,sowie
11033,",",--,PUNCT,punct,11032,alle
11034,daß,daß,SCONJ,cp,11037,Minister
11035,der,der,DET,nk,11037,Minister
11036,hämische,hämisch,ADJ,nk,11037,Minister
11037,Minister,Minister,NOUN,cc,11032,alle
11038,",",--,PUNCT,punct,11037,Minister
11039,der,der,PRON,sb,11041,unter
11040,sich,sich,PRON,oa,11041,unter
11041,unter,unter,ADP,rc,11037,Minister
11042,dem,der,DET,nk,11044,Namen
11043,schönen,schön,ADJ,nk,11044,Namen
11044,Namen,Name,NOUN,nk,11041,unter
11045,Pepasilio,Pepasilio,PROPN,pd,11050,war
11046,eingeschlichen,eingeschlichen,VERB,oc,11045,Pepasilio
11047,",",--,PUNCT,punct,11045,Pepasilio
11048,niemand,niemand,PRON,sb,11050,war
11049,anders,anders,ADV,mo,11050,war
11050,war,sein,AUX,ROOT,11050,war
11051,",",--,PUNCT,punct,11050,war
11052,als,als,SCONJ,cm,11055,mürrische
11053,der,der,DET,nk,11055,mürrische
11054,finstere,finster,ADJ,nk,11055,mürrische
11055,mürrische,mürrisch,ADJ,mo,11050,war
11056,Gnomenkönig,gnomenkönig,PROPN,nk,11057,Pepser
11057,Pepser,Pepser,NOUN,ROOT,11057,Pepser
11058,.,--,PUNCT,punct,11057,Pepser
11059,Der,der,DET,nk,11060,Törichte
11060,Törichte,Törichte,NOUN,da,11061,hatte
11061,hatte,haben,AUX,ROOT,11061,hatte
11062,aber,aber,ADV,mo,11061,hatte
11063,die,der,DET,nk,11064,Kraft
11064,Kraft,Kraft,NOUN,oa,11061,hatte
11065,sowie,sowie,CCONJ,cd,11064,Kraft
11066,die,der,DET,nk,11067,Tapferkeit
11067,Tapferkeit,Tapferkeit,NOUN,cj,11065,sowie
11068,seiner,sein,DET,nk,11069,Gesellen
11069,Gesellen,Geselle,NOUN,ROOT,11069,Gesellen
11070,viel,viel,ADV,mo,11072,hoch
11071,zu,zu,PART,mo,11072,hoch
11072,hoch,hoch,ADV,mo,11075,gebracht
11073,in,in,ADP,cvc,11075,gebracht
11074,Anschlag,Anschlag,NOUN,nk,11073,in
11075,gebracht,bringen,VERB,oc,11069,Gesellen
11076,.,--,PUNCT,punct,11069,Gesellen
11077,Die,der,DET,nk,11078,Minister
11078,Minister,Minister,NOUN,ROOT,11078,Minister
11079,des,der,DET,punct,11078,Minister
11080,Luftdepartements,Luftdepartement,PROPN,sb,11081,umgaben
11081,umgaben,umgaben,VERB,ROOT,11081,umgaben
11082,die,der,DET,nk,11083,Königin
11083,Königin,Königin,NOUN,sb,11081,umgaben
11084,und,und,CCONJ,cd,11083,Königin
11085,fächelten,fächelen,VERB,cj,11084,und
11086,ihr,ihr,DET,nk,11088,Düfte
11087,süße,süß,ADJ,nk,11088,Düfte
11088,Düfte,Düft,NOUN,oa,11085,fächelten
11089,zu,zu,ADP,svp,11085,fächelten
11090,",",--,PUNCT,punct,11085,fächelten
11091,indem,indem,SCONJ,cp,11092,die
11092,die,der,DET,ROOT,11092,die
11093,Minister,Minister,NOUN,ROOT,11093,Minister
11094,des,der,DET,nk,11095,Feuerdepartements
11095,Feuerdepartements,Feuerdepartement,NOUN,ag,11093,Minister
11096,in,in,ADP,mnr,11093,Minister
11097,Flammenwogen,Flammenwog,NOUN,nk,11096,in
11098,auf,auf,ADP,mo,11093,Minister
11099,und,und,CCONJ,cd,11098,auf
11100,nieder,nieder,ADV,cj,11099,und
11101,rauschten,Rauscht,NOUN,punct,11093,Minister
11102,und,und,CCONJ,cd,11101,rauschten
11103,die,der,DET,cj,11102,und
11104,Sänger,Sänger,NOUN,ROOT,11104,Sänger
11105,",",--,PUNCT,punct,11104,Sänger
11106,deren,der,DET,ag,11107,Schnäbel
11107,Schnäbel,Schnäbel,NOUN,sb,11108,gereinigt
11108,gereinigt,reinigen,VERB,rc,11104,Sänger
11109,",",--,PUNCT,punct,11113,anstimmten
11110,die,der,DET,nk,11112,Gesänge
11111,volltönendsten,volltönendst,ADJ,nk,11112,Gesänge
11112,Gesänge,Gesäng,NOUN,oa,11113,anstimmten
11113,anstimmten,anstimmten,VERB,rc,11104,Sänger
11114,",",--,PUNCT,punct,11115,so
11115,so,so,ADV,par,11104,Sänger
11116,",",--,PUNCT,punct,11104,Sänger
11117,daß,daß,SCONJ,cp,11124,sah
11118,die,der,DET,nk,11119,Königin
11119,Königin,Königin,NOUN,sb,11124,sah
11120,den,der,DET,nk,11122,Pepser
11121,häßlichen,häßlich,ADJ,nk,11122,Pepser
11122,Pepser,Pepser,NOUN,oa,11124,sah
11123,weder,weder,CCONJ,cd,11124,sah
11124,sah,sehen,VERB,ROOT,11124,sah
11125,noch,noch,ADV,cd,11124,sah
11126,hörte,hören,VERB,cj,11125,noch
11127,noch,noch,ADV,mo,11126,hörte
11128,seinen,sein,DET,ROOT,11128,seinen
11129,vergifteten,vergiftet,ADJ,nk,11131,Atem
11130,übelriechenden,übelriechend,ADJ,nk,11131,Atem
11131,Atem,Atem,NOUN,sb,11132,spürte
11132,spürte,spüren,VERB,ROOT,11132,spürte
11133,.,--,PUNCT,punct,11132,spürte
11134,In,in,ADP,mo,11138,faßte
11135,dem,der,DET,nk,11136,Augenblick
11136,Augenblick,Augenblick,NOUN,nk,11134,In
11137,auch,auch,ADV,mo,11134,In
11138,faßte,fassen,VERB,ROOT,11138,faßte
11139,der,der,DET,sb,11138,faßte
11140,Fasanenfürst,fasanenfürst,PROPN,ROOT,11140,Fasanenfürst
11141,den,der,DET,nk,11143,Pepser
11142,bösen,böse,ADJ,nk,11143,Pepser
11143,Pepser,Pepser,NOUN,oa,11140,Fasanenfürst
11144,mit,mit,ADP,mnr,11143,Pepser
11145,dem,der,DET,nk,11147,Schnabel
11146,leuchtenden,leuchtend,ADJ,nk,11147,Schnabel
11147,Schnabel,Schnabel,NOUN,nk,11144,mit
11148,und,und,CCONJ,cd,11140,Fasanenfürst
11149,drückte,drücken,VERB,cj,11148,und
11150,ihn,ihn,PRON,oa,11149,drückte
11151,so,so,ADV,mo,11149,drückte
11152,gewaltig,gewaltig,ADV,mo,11165,ließ
11153,zusammen,zusammen,ADV,svp,11152,gewaltig
11154,",",--,PUNCT,punct,11152,gewaltig
11155,daß,daß,SCONJ,cp,11162,aufkreischte
11156,er,er,PRON,sb,11162,aufkreischte
11157,vor,vor,ADP,mo,11162,aufkreischte
11158,Wut,Wut,NOUN,nk,11157,vor
11159,und,und,CCONJ,cd,11158,Wut
11160,Schmerz,Schmerz,NOUN,cj,11159,und
11161,laut,laut,ADV,mo,11162,aufkreischte
11162,aufkreischte,aufkreischten,VERB,cc,11152,gewaltig
11163,",",--,PUNCT,punct,11164,dann
11164,dann,dann,ADV,mo,11165,ließ
11165,ließ,lassen,VERB,ROOT,11165,ließ
11166,er,er,PRON,sb,11165,ließ
11167,ihn,ihn,PRON,oa,11176,niederfallen
11168,aus,aus,ADP,mo,11176,niederfallen
11169,der,der,DET,nk,11170,Höhe
11170,Höhe,Höhe,NOUN,nk,11168,aus
11171,von,von,ADP,pg,11170,Höhe
11172,dreitausend,dreitausend,ADV,pnc,11173,Ellen
11173,Ellen,Ellen,PROPN,nk,11171,von
11174,zur,zu,ADP,mnr,11170,Höhe
11175,Erde,Erde,NOUN,nk,11174,zur
11176,niederfallen,niederfallen,VERB,ROOT,11176,niederfallen
11177,.,--,PUNCT,punct,11176,niederfallen
11178,Er,er,PRON,sb,11179,konnte
11179,konnte,können,AUX,ROOT,11179,konnte
11180,sich,sich,PRON,oa,11179,konnte
11181,nicht,nicht,PART,ng,11182,regen
11182,regen,Regen,ADJ,pd,11192,Muhme
11183,und,und,CCONJ,cd,11182,regen
11184,bewegen,bewegen,VERB,cj,11183,und
11185,",",--,PUNCT,punct,11182,regen
11186,bis,bis,SCONJ,ac,11187,auf
11187,auf,auf,ADP,mo,11182,regen
11188,sein,sein,DET,nk,11190,Geschrei
11189,wildes,wild,ADJ,nk,11190,Geschrei
11190,Geschrei,Geschrei,NOUN,nk,11187,auf
11191,seine,sein,DET,nk,11192,Muhme
11192,Muhme,Muhme,NOUN,ROOT,11192,Muhme
11193,",",--,PUNCT,punct,11192,Muhme
11194,die,der,PRON,oa,11195,große
11195,große,groß,ADJ,cj,11192,Muhme
11196,blaue,blau,ADJ,nk,11197,Kröte
11197,Kröte,Krot,NOUN,sb,11198,herbeikroch
11198,herbeikroch,herbeikroch,ADV,ROOT,11198,herbeikroch
11199,",",--,PUNCT,punct,11198,herbeikroch
11200,ihn,ihn,PRON,oa,11204,nahm
11201,auf,auf,ADP,mo,11204,nahm
11202,den,der,DET,nk,11203,Rücken
11203,Rücken,Rücken,NOUN,nk,11201,auf
11204,nahm,nehmen,VERB,cj,11198,herbeikroch
11205,und,und,CCONJ,cd,11204,nahm
11206,nach,nach,ADP,mo,11208,schleppte
11207,Hause,Haus,NOUN,nk,11206,nach
11208,schleppte,schleppen,VERB,cj,11205,und
11209,.,--,PUNCT,punct,11198,herbeikroch
11210,Fünfhundert,Fünfhundert,ADV,ROOT,11210,Fünfhundert
11211,lustige,lustig,ADJ,nk,11213,Kinder
11212,kecke,keck,ADJ,nk,11213,Kinder
11213,Kinder,Kind,NOUN,sb,11214,erhielten
11214,erhielten,erhalten,VERB,ROOT,11214,erhielten
11215,tüchtige,tüchtig,ADJ,nk,11216,Fliegenklatschen
11216,Fliegenklatschen,Fliegenklatsch,NOUN,oa,11214,erhielten
11217,",",--,PUNCT,punct,11216,Fliegenklatschen
11218,mit,mit,ADP,mo,11214,erhielten
11219,denen,der,PRON,nk,11218,mit
11220,sie,sie,PRON,da,11223,Gesellen
11221,Pepsers,Pepser,PROPN,ag,11223,Gesellen
11222,häßliche,häßlich,ADJ,nk,11223,Gesellen
11223,Gesellen,Geselle,NOUN,ROOT,11223,Gesellen
11224,",",--,PUNCT,punct,11223,Gesellen
11225,die,der,PRON,sb,11227,umherschwärmten
11226,noch,noch,ADV,mo,11227,umherschwärmten
11227,umherschwärmten,umherschwärmn,VERB,rc,11223,Gesellen
11228,und,und,CCONJ,cd,11227,umherschwärmten
11229,die,der,DET,nk,11231,Blumen
11230,schönen,schön,ADJ,nk,11231,Blumen
11231,Blumen,Blume,NOUN,cj,11228,und
11232,verderben,verderben,VERB,oc,11233,wollten
11233,wollten,wollen,AUX,ROOT,11233,wollten
11234,",",--,PUNCT,punct,11235,totschlugen
11235,totschlugen,totschlugen,VERB,oc,11233,wollten
11236,.,--,PUNCT,punct,11233,wollten
11237,Sowie,Sowie,CCONJ,ju,11241,war
11238,nun,nun,ADV,mo,11241,war
11239,Pepser,Pepser,NOUN,sb,11241,war
11240,fort,fort,ADV,svp,11241,war
11241,war,sein,AUX,mo,11243,zerfloß
11242,",",--,PUNCT,punct,11243,zerfloß
11243,zerfloß,zerfließen,VERB,ROOT,11243,zerfloß
11244,der,der,DET,nk,11245,schwarze
11245,schwarze,schwarz,ADJ,sb,11243,zerfloß
11246,Saft,Saft,NOUN,ROOT,11246,Saft
11247,",",--,PUNCT,punct,11246,Saft
11248,womit,womit,SCONJ,mo,11251,überzogen
11249,er,er,PRON,sb,11251,überzogen
11250,alles,alle,PRON,oa,11251,überzogen
11251,überzogen,überzogen,VERB,oc,11246,Saft
11252,",",--,PUNCT,punct,11251,überzogen
11253,von,von,ADP,cj,11246,Saft
11254,selbst,selbst,ADV,nk,11253,von
11255,und,und,CCONJ,cd,11253,von
11256,bald,bald,ADV,mo,11257,blühete
11257,blühete,blühen,VERB,cj,11255,und
11258,und,und,CCONJ,cd,11257,blühete
11259,glänzte,glänzen,NOUN,cj,11258,und
11260,und,und,CCONJ,cd,11259,glänzte
11261,strahlte,strahln,VERB,ROOT,11261,strahlte
11262,alles,alle,PRON,sb,11261,strahlte
11263,so,so,ADV,mo,11264,herrlich
11264,herrlich,herrlich,ADV,mo,11261,strahlte
11265,und,und,CCONJ,cd,11264,herrlich
11266,schön,schön,ADV,cj,11265,und
11267,wie,wie,ADP,cm,11268,zuvor
11268,zuvor,zuvor,ADV,mo,11266,schön
11269,.,--,PUNCT,punct,11261,strahlte
11270,Ihr,ihr,PRON,sb,11271,könnt
11271,könnt,können,VERB,ROOT,11271,könnt
11272,denken,denken,VERB,oc,11271,könnt
11273,",",--,PUNCT,punct,11272,denken
11274,daß,daß,SCONJ,mo,11271,könnt
11275,der,der,DET,nk,11274,daß
11276,garstige,garstig,ADJ,nk,11277,Pepser
11277,Pepser,Pepser,NOUN,sb,11285,vermag
11278,nun,nun,ADV,mo,11285,vermag
11279,in,in,ADP,mo,11285,vermag
11280,meiner,mein,DET,nk,11281,Mutter
11281,Mutter,Mutter,NOUN,nk,11279,in
11282,Reich,Reich,PROPN,nk,11281,Mutter
11283,nichts,nichts,PRON,oa,11285,vermag
11284,mehr,mehr,ADV,mo,11283,nichts
11285,vermag,vermögen,VERB,ROOT,11285,vermag
11286,",",--,PUNCT,punct,11285,vermag
11287,aber,aber,CCONJ,cd,11285,vermag
11288,er,er,PRON,sb,11289,weiß
11289,weiß,wissen,VERB,cj,11287,aber
11290,",",--,PUNCT,punct,11289,weiß
11291,daß,daß,SCONJ,cp,11295,hinauswage
11292,ich,ich,PRON,sb,11295,hinauswage
11293,mich,sich,PRON,oa,11295,hinauswage
11294,oft,oft,ADV,mo,11293,mich
11295,hinauswage,Hinauswage,NOUN,ROOT,11295,hinauswage
11296,und,und,CCONJ,cd,11295,hinauswage
11297,verfolgt,verfolgen,VERB,cj,11296,und
11298,mich,mich,PRON,oa,11297,verfolgt
11299,rastlos,rastlos,ADV,mo,11297,verfolgt
11300,unter,unter,ADP,mo,11297,verfolgt
11301,allerlei,allerlei,DET,nk,11302,Gestalten
11302,Gestalten,Gestalt,NOUN,nk,11300,unter
11303,",",--,PUNCT,punct,11295,hinauswage
11304,so,so,ADV,mo,11314,weiß
11305,daß,daß,SCONJ,cp,11314,weiß
11306,ich,ich,PRON,nk,11308,Kind
11307,ärmstes,ärmst,ADJ,nk,11308,Kind
11308,Kind,Kind,NOUN,sb,11314,weiß
11309,oft,oft,ADV,mo,11314,weiß
11310,auf,auf,ADP,mo,11314,weiß
11311,der,der,DET,nk,11312,Flucht
11312,Flucht,Flucht,NOUN,nk,11310,auf
11313,nicht,nicht,PART,ng,11314,weiß
11314,weiß,wissen,VERB,ROOT,11314,weiß
11315,",",--,PUNCT,punct,11314,weiß
11316,wo,wo,SCONJ,mo,11317,ich
11317,ich,ich,PRON,sb,11314,weiß
11318,mich,sich,PRON,oa,11314,weiß
11319,hin,hin,ADV,svp,11314,weiß
11320,verbergen,verbergen,VERB,oc,11321,soll
11321,soll,sollen,AUX,mo,11330,entfliehe
11322,",",--,PUNCT,punct,11321,soll
11323,und,und,CCONJ,cd,11321,soll
11324,darum,darum,ADV,op,11328,Gespielen
11325,",",--,PUNCT,punct,11324,darum
11326,ihr,ihr,DET,nk,11328,Gespielen
11327,lieben,lieb,ADJ,nk,11328,Gespielen
11328,Gespielen,Gespiel,NOUN,cj,11323,und
11329,",",--,PUNCT,punct,11330,entfliehe
11330,entfliehe,entfliehen,VERB,ROOT,11330,entfliehe
11331,ich,ich,PRON,sb,11330,entfliehe
11332,oft,oft,ADV,mo,11330,entfliehe
11333,so,so,ADV,mo,11334,schnell
11334,schnell,schnell,ADV,mo,11330,entfliehe
11335,",",--,PUNCT,punct,11330,entfliehe
11336,daß,daß,SCONJ,cp,11339,spürt
11337,ihr,ihr,PRON,sb,11339,spürt
11338,nicht,nicht,PART,ng,11339,spürt
11339,spürt,spüren,VERB,ROOT,11339,spürt
11340,",",--,PUNCT,punct,11339,spürt
11341,wo,wo,SCONJ,mo,11343,hingekommen
11342,ich,ich,PRON,sb,11343,hingekommen
11343,hingekommen,hingekommen,VERB,oc,11339,spürt
11344,.,--,PUNCT,punct,11339,spürt
11345,Dabei,dabei,ADV,mo,11346,muß
11346,muß,müssen,AUX,ROOT,11346,muß
11347,es,es,PRON,sb,11346,muß
11348,denn,denn,ADV,mo,11346,muß
11349,auch,auch,ADV,mo,11346,muß
11350,bleiben,bleiben,VERB,oc,11346,muß
11351,und,und,CCONJ,cd,11346,muß
11352,wohl,wohl,ADV,mo,11353,kann
11353,kann,können,AUX,ROOT,11353,kann
11354,ich,ich,PRON,sb,11353,kann
11355,euch,euch,PRON,da,11356,sagen
11356,sagen,sagen,VERB,oc,11353,kann
11357,",",--,PUNCT,punct,11356,sagen
11358,daß,daß,SCONJ,cp,11360,sollte
11359,",",--,PUNCT,punct,11360,sollte
11360,sollte,sollen,AUX,oc,11356,sagen
11361,ich,ich,PRON,sb,11360,sollte
11362,es,es,PRON,oa,11364,unternehmen
11363,auch,auch,ADV,mo,11364,unternehmen
11364,unternehmen,unternehmen,NOUN,oc,11360,sollte
11365,",",--,PUNCT,punct,11364,unternehmen
11366,mich,sich,PRON,app,11364,unternehmen
11367,mit,mit,ADP,mnr,11366,mich
11368,euch,euch,PRON,nk,11367,mit
11369,in,in,ADP,mo,11360,sollte
11370,meine,mein,DET,nk,11371,Heimat
11371,Heimat,Heimat,NOUN,oa,11373,schwingen
11372,zu,zu,PART,pm,11373,schwingen
11373,schwingen,schwingen,VERB,ROOT,11373,schwingen
11374,",",--,PUNCT,punct,11373,schwingen
11375,Pepser,Pepser,NOUN,oa,11378,aufpassen
11376,uns,uns,PRON,da,11378,aufpassen
11377,gewiß,gewiß,ADV,mo,11378,aufpassen
11378,aufpassen,aufpassen,VERB,oc,11382,würde
11379,und,und,CCONJ,cd,11378,aufpassen
11380,uns,uns,PRON,oa,11381,totmachen
11381,totmachen,totmachen,VERB,cj,11379,und
11382,würde,werden,AUX,cj,11373,schwingen
11383,.,--,PUNCT,punct,11373,schwingen
11384,"""",--,PUNCT,ROOT,11384,""""
11385,Christlieb,Christlieb,NOUN,sb,11386,weinte
11386,weinte,weinen,VERB,ROOT,11386,weinte
11387,bitterlich,bitterlich,ADV,mo,11386,weinte
11388,über,über,ADP,op,11386,weinte
11389,die,der,DET,nk,11390,Gefahr
11390,Gefahr,Gefahr,NOUN,nk,11388,über
11391,",",--,PUNCT,punct,11390,Gefahr
11392,in,in,ADP,mo,11396,Kind
11393,der,der,PRON,nk,11392,in
11394,das,der,DET,nk,11396,Kind
11395,fremde,fremd,ADJ,nk,11396,Kind
11396,Kind,Kind,NOUN,oc,11390,Gefahr
11397,immer,immer,ADV,mo,11386,weinte
11398,schweben,schweben,VERB,oc,11399,mußte
11399,mußte,müssen,AUX,ROOT,11399,mußte
11400,.,--,PUNCT,punct,11399,mußte
11401,Felix,Felix,PROPN,sb,11402,meinte
11402,meinte,meinen,VERB,ROOT,11402,meinte
11403,aber,aber,ADV,mo,11402,meinte
11404,:,--,PUNCT,punct,11402,meinte
11405,"""",--,PUNCT,punct,11406,Ist
11406,Ist,sein,AUX,oc,11402,meinte
11407,der,der,DET,nk,11409,Pepser
11408,garstige,garstig,ADJ,nk,11409,Pepser
11409,Pepser,Pepser,NOUN,sb,11406,Ist
11410,weiter,weiter,ADV,mo,11406,Ist
11411,nichts,nichts,PRON,pd,11406,Ist
11412,als,als,ADP,mo,11406,Ist
11413,eine,ein,DET,nk,11415,Fliege
11414,große,groß,ADJ,nk,11415,Fliege
11415,Fliege,Fliege,NOUN,sb,11418,will
11416,",",--,PUNCT,punct,11417,so
11417,so,so,ADV,mo,11418,will
11418,will,wollen,AUX,ROOT,11418,will
11419,ich,ich,PRON,sb,11418,will
11420,ihm,ihm,PRON,da,11418,will
11421,mit,mit,ADP,mo,11418,will
11422,Papas,Papa,PROPN,ag,11424,Fliegenklatsche
11423,großer,groß,ADJ,nk,11424,Fliegenklatsche
11424,Fliegenklatsche,Fliegenklatsche,NOUN,nk,11421,mit
11425,schon,schon,ADV,mo,11418,will
11426,zu,zu,ADP,svp,11418,will
11427,Leibe,Leib,NOUN,oa,11428,gehen
11428,gehen,gehen,VERB,re,11441,so
11429,",",--,PUNCT,punct,11428,gehen
11430,und,und,CCONJ,cd,11428,gehen
11431,habe,haben,AUX,cj,11430,und
11432,ich,ich,PRON,sb,11431,habe
11433,ihm,ihm,PRON,da,11439,versetzt
11434,eins,einer,NUM,oa,11439,versetzt
11435,tüchtig,tüchtig,ADV,mo,11439,versetzt
11436,auf,auf,ADP,mo,11439,versetzt
11437,die,der,DET,nk,11438,Nase
11438,Nase,Nase,NOUN,nk,11436,auf
11439,versetzt,versetzen,VERB,oc,11431,habe
11440,",",--,PUNCT,punct,11441,so
11441,so,so,ADV,mo,11442,mag
11442,mag,mögen,AUX,ROOT,11442,mag
11443,Muhme,Muhme,PROPN,sb,11442,mag
11444,Kröte,Kröte,NOUN,sb,11445,zusehen
11445,zusehen,zusehen,VERB,ROOT,11445,zusehen
11446,wie,wie,ADP,cm,11451,schleppt
11447,sie,sie,PRON,sb,11451,schleppt
11448,ihn,ihn,PRON,oa,11451,schleppt
11449,nach,nach,ADP,mo,11451,schleppt
11450,Hause,Haus,NOUN,nk,11449,nach
11451,schleppt,schleppen,VERB,mo,11445,zusehen
11452,.,--,PUNCT,punct,11445,zusehen
11453,"""",--,PUNCT,ROOT,11453,""""
11454,Wie,wie,SCONJ,mo,11457,angekommen
11455,der,der,DET,nk,11456,Hofmeister
11456,Hofmeister,Hofmeister,NOUN,sb,11458,war
11457,angekommen,ankommen,VERB,oc,11458,war
11458,war,sein,AUX,ROOT,11458,war
11459,und,und,CCONJ,cd,11458,war
11460,die,der,DET,nk,11461,Kinder
11461,Kinder,Kind,NOUN,sb,11465,fürchteten
11462,sich,sich,PRON,oa,11465,fürchteten
11463,vor,vor,ADP,mo,11465,fürchteten
11464,ihm,ihm,PRON,nk,11463,vor
11465,fürchteten,fürchten,VERB,cj,11459,und
11466,In,in,ADP,mo,11469,eilten
11467,vollem,voll,ADJ,nk,11468,Sprunge
11468,Sprunge,Sprunge,NOUN,nk,11466,In
11469,eilten,eilen,VERB,ROOT,11469,eilten
11470,Felix,Felix,PROPN,sb,11469,eilten
11471,und,und,CCONJ,cd,11470,Felix
11472,Christlieb,Christlieb,NOUN,cj,11471,und
11473,nach,nach,ADP,mo,11469,eilten
11474,Hause,Haus,NOUN,nk,11473,nach
11475,",",--,PUNCT,punct,11469,eilten
11476,indem,indem,SCONJ,cp,11477,sie
11477,sie,sie,PRON,oa,11469,eilten
11478,unaufhörlich,unaufhörlich,ADV,mo,11479,riefen
11479,riefen,rufen,VERB,ROOT,11479,riefen
11480,:,--,PUNCT,punct,11479,riefen
11481,"""",--,PUNCT,punct,11486,ist
11482,Ach,ach,INTJ,dep,11486,ist
11483,das,der,DET,nk,11485,Kind
11484,fremde,fremd,ADJ,nk,11485,Kind
11485,Kind,Kind,NOUN,sb,11486,ist
11486,ist,sein,AUX,oc,11479,riefen
11487,ein,ein,DET,nk,11489,Prinz
11488,schöner,schön,ADJ,nk,11489,Prinz
11489,Prinz,Prinz,NOUN,pd,11486,ist
11490,!,--,PUNCT,punct,11486,ist
11491,–,--,PUNCT,punct,11479,riefen
11492,Ach,ach,INTJ,nk,11493,das
11493,das,der,PRON,oc,11479,riefen
11494,fremde,fremd,ADJ,nk,11495,Kind
11495,Kind,Kind,NOUN,sb,11496,ist
11496,ist,sein,AUX,ROOT,11496,ist
11497,eine,ein,DET,nk,11499,Prinzessin
11498,schöne,schön,ADJ,nk,11499,Prinzessin
11499,Prinzessin,Prinzessin,NOUN,pd,11496,ist
11500,!,--,PUNCT,punct,11496,ist
11501,"""",--,PUNCT,punct,11496,ist
11502,Sie,sie,PRON,sb,11503,wollten
11503,wollten,wollen,AUX,ROOT,11503,wollten
11504,das,der,DET,nk,11505,jauchzend
11505,jauchzend,jauchzend,ADV,oa,11503,wollten
11506,den,der,DET,nk,11507,Eltern
11507,Eltern,Eltern,NOUN,da,11503,wollten
11508,verkünden,verkünden,VERB,ROOT,11508,verkünden
11509,",",--,PUNCT,punct,11508,verkünden
11510,aber,aber,CCONJ,cd,11508,verkünden
11511,wie,wie,SCONJ,mo,11514,erstarrt
11512,zu,zu,ADP,mo,11514,erstarrt
11513,Bildsäule,Bildsäule,NOUN,nk,11512,zu
11514,erstarrt,erstarren,VERB,cj,11510,aber
11515,blieben,bleiben,VERB,cj,11514,erstarrt
11516,sie,sie,PRON,sb,11515,blieben
11517,in,in,ADP,mo,11520,stehen
11518,der,der,DET,nk,11519,Haustüre
11519,Haustüre,Haustüre,NOUN,nk,11517,in
11520,stehen,stehen,VERB,oc,11515,blieben
11521,",",--,PUNCT,punct,11508,verkünden
11522,als,als,SCONJ,cp,11528,entgegentrat
11523,ihnen,ihnen,PRON,da,11528,entgegentrat
11524,Herr,Herr,NOUN,sb,11528,entgegentrat
11525,Thaddäus,Thaddäus,PROPN,nk,11524,Herr
11526,von,von,ADP,mo,11528,entgegentrat
11527,Brakel,Brakel,PROPN,nk,11526,von
11528,entgegentrat,entgegentreten,VERB,ROOT,11528,entgegentrat
11529,und,und,CCONJ,cd,11528,entgegentrat
11530,an,an,ADP,cj,11529,und
11531,seiner,sein,DET,nk,11532,Seite
11532,Seite,Seite,NOUN,nk,11530,an
11533,einen,ein,PRON,ROOT,11533,einen
11534,fremden,fremd,ADJ,nk,11536,Mann
11535,verwunderlichen,verwunderlich,ADJ,nk,11536,Mann
11536,Mann,Mann,NOUN,sb,11537,hatte
11537,hatte,haben,VERB,ROOT,11537,hatte
11538,",",--,PUNCT,punct,11537,hatte
11539,der,der,PRON,sb,11544,hineinbrummte
11540,halb,halb,ADV,mo,11541,vernehmlich
11541,vernehmlich,vernehmlich,ADV,mo,11544,hineinbrummte
11542,in,in,ADP,mo,11544,hineinbrummte
11543,sich,sich,PRON,nk,11542,in
11544,hineinbrummte,hineinbrummen,VERB,rc,11537,hatte
11545,:,--,PUNCT,punct,11537,hatte
11546,"""",--,PUNCT,punct,11548,sind
11547,Das,der,PRON,sb,11548,sind
11548,sind,sein,AUX,ROOT,11548,sind
11549,mir,mir,PRON,da,11548,sind
11550,saubere,sauber,ADJ,nk,11551,Rangen
11551,Rangen,Rang,NOUN,pd,11548,sind
11552,!,--,PUNCT,punct,11548,sind
11553,"""",--,PUNCT,punct,11548,sind
11554,–,--,PUNCT,punct,11557,ist
11555,"""",--,PUNCT,punct,11557,ist
11556,Das,der,PRON,sb,11557,ist
11557,ist,sein,AUX,oc,11563,sprach
11558,der,der,DET,nk,11559,Herr
11559,Herr,Herr,NOUN,sb,11557,ist
11560,Hofmeister,Hofmeister,NOUN,nk,11559,Herr
11561,"""",--,PUNCT,punct,11557,ist
11562,",",--,PUNCT,punct,11563,sprach
11563,sprach,sprechen,VERB,ROOT,11563,sprach
11564,Herr,Herr,NOUN,sb,11563,sprach
11565,von,von,ADP,pg,11564,Herr
11566,Brakel,Brakel,NOUN,pd,11579,ist
11567,",",--,PUNCT,punct,11566,Brakel
11568,indem,indem,SCONJ,cp,11575,ergriff
11569,er,er,PRON,sb,11575,ergriff
11570,den,der,DET,nk,11571,Mann
11571,Mann,Mann,NOUN,oa,11575,ergriff
11572,bei,bei,ADP,mo,11575,ergriff
11573,der,der,DET,nk,11574,Hand
11574,Hand,Hand,NOUN,nk,11572,bei
11575,ergriff,ergreifen,VERB,mo,11566,Brakel
11576,",",--,PUNCT,punct,11575,ergriff
11577,"""",--,PUNCT,punct,11579,ist
11578,das,der,PRON,sb,11579,ist
11579,ist,sein,AUX,ROOT,11579,ist
11580,der,der,DET,nk,11581,Herr
11581,Herr,Herr,NOUN,sb,11579,ist
11582,Hofmeister,Hofmeister,NOUN,nk,11581,Herr
11583,",",--,PUNCT,punct,11579,ist
11584,den,der,DET,nk,11585,euch
11585,euch,euch,PRON,da,11589,geschickt
11586,der,der,DET,nk,11588,Onkel
11587,gnädige,gnädig,ADJ,nk,11588,Onkel
11588,Onkel,Onkel,NOUN,sb,11590,hat
11589,geschickt,schicken,VERB,oc,11590,hat
11590,hat,haben,AUX,ROOT,11590,hat
11591,.,--,PUNCT,punct,11590,hat
11592,Grüßt,Grüßt,VERB,mo,11594,fein
11593,ihn,ihn,PRON,oa,11592,Grüßt
11594,fein,fein,ADV,mo,11595,artig
11595,artig,artig,ADV,ROOT,11595,artig
11596,!,--,PUNCT,punct,11595,artig
11597,"""",--,PUNCT,ROOT,11597,""""
11598,–,--,PUNCT,punct,11600,die
11599,Aber,aber,CCONJ,ju,11600,die
11600,die,der,PRON,ROOT,11600,die
11601,Kinder,Kind,NOUN,sb,11602,sahen
11602,sahen,sehen,VERB,ROOT,11602,sahen
11603,den,der,DET,nk,11604,Mann
11604,Mann,Mann,NOUN,oa,11602,sahen
11605,von,von,ADP,mo,11602,sahen
11606,der,der,DET,nk,11607,Seite
11607,Seite,Seite,NOUN,nk,11605,von
11608,an,an,ADP,svp,11602,sahen
11609,und,und,CCONJ,cd,11602,sahen
11610,konnten,können,AUX,cj,11609,und
11611,sich,sich,PRON,oa,11613,regen
11612,nicht,nicht,PART,ng,11610,konnten
11613,regen,regen,ADJ,oc,11610,konnten
11614,und,und,CCONJ,cd,11613,regen
11615,bewegen,bewegen,VERB,ROOT,11615,bewegen
11616,.,--,PUNCT,punct,11615,bewegen
11617,Das,der,PRON,sb,11618,kam
11618,kam,kommen,VERB,ROOT,11618,kam
11619,daher,daher,ADV,svp,11618,kam
11620,",",--,PUNCT,punct,11618,kam
11621,weil,weil,SCONJ,cp,11628,niemals
11622,sie,sie,PRON,sb,11621,weil
11623,solch,solch,DET,mo,11626,Gestalt
11624,eine,ein,DET,nk,11626,Gestalt
11625,wunderliche,wunderlich,ADJ,nk,11626,Gestalt
11626,Gestalt,Gestalt,NOUN,oa,11628,niemals
11627,noch,noch,ADV,mo,11628,niemals
11628,niemals,niemals,ADV,mo,11618,kam
11629,geschaut,schauen,VERB,ROOT,11629,geschaut
11630,.,--,PUNCT,punct,11629,geschaut
11631,Der,der,DET,nk,11632,Mann
11632,Mann,Mann,NOUN,sb,11633,mochte
11633,mochte,mögen,VERB,ROOT,11633,mochte
11634,kaum,kaum,ADV,mo,11635,mehr
11635,mehr,mehr,DET,nk,11639,Kopf
11636,als,als,ADP,cm,11639,Kopf
11637,einen,ein,DET,nk,11639,Kopf
11638,halben,halb,ADJ,nk,11639,Kopf
11639,Kopf,Kopf,NOUN,ams,11640,höher
11640,höher,hoch,ADV,pd,11641,sein
11641,sein,sein,AUX,oc,11633,mochte
11642,als,als,ADP,cm,11643,Felix
11643,Felix,Felix,PROPN,cc,11634,kaum
11644,",",--,PUNCT,punct,11633,mochte
11645,dabei,dabei,ADV,mo,11646,war
11646,war,sein,AUX,ROOT,11646,war
11647,er,er,PRON,sb,11646,war
11648,aber,aber,ADV,mo,11649,untersetzt
11649,untersetzt,untersetzen,VERB,pd,11646,war
11650,;,--,PUNCT,punct,11646,war
11651,nur,nur,ADV,mo,11652,stachen
11652,stachen,stachen,VERB,ROOT,11652,stachen
11653,gegen,gegen,ADP,mo,11652,stachen
11654,den,der,DET,nk,11658,Leib
11655,sehr,sehr,ADV,mo,11656,starken
11656,starken,stark,ADJ,nk,11658,Leib
11657,breiten,breit,ADJ,nk,11658,Leib
11658,Leib,Leib,NOUN,nk,11653,gegen
11659,die,der,DET,nk,11663,Spinnenbeinchen
11660,kleinen,klein,ADJ,nk,11663,Spinnenbeinchen
11661,ganz,ganz,ADV,mo,11662,dünnen
11662,dünnen,dünn,ADJ,nk,11663,Spinnenbeinchen
11663,Spinnenbeinchen,Spinnenbeinche,NOUN,ROOT,11663,Spinnenbeinchen
11664,seltsam,seltsam,ADV,ROOT,11664,seltsam
11665,ab,ab,ADP,ROOT,11665,ab
11666,.,--,PUNCT,ROOT,11666,.
11667,Der,der,DET,nk,11669,Kopf
11668,unförmliche,unförmlich,ADJ,nk,11669,Kopf
11669,Kopf,Kopf,NOUN,sb,11670,war
11670,war,sein,AUX,ROOT,11670,war
11671,beinahe,beinahe,ADV,mo,11672,viereckig
11672,viereckig,viereckig,ADV,pd,11674,nennen
11673,zu,zu,PART,pm,11674,nennen
11674,nennen,nennen,VERB,ROOT,11674,nennen
11675,",",--,PUNCT,punct,11674,nennen
11676,und,und,CCONJ,cd,11674,nennen
11677,das,der,DET,nk,11678,Gesicht
11678,Gesicht,Gesicht,NOUN,cj,11676,und
11679,fast,fast,ADV,mo,11680,gar
11680,gar,gar,ADV,mo,11682,häßlich
11681,zu,zu,PART,mo,11682,häßlich
11682,häßlich,häßlich,ADV,pd,11678,Gesicht
11683,",",--,PUNCT,punct,11674,nennen
11684,denn,denn,CCONJ,cd,11674,nennen
11685,außerdem,außerdem,ADV,ROOT,11685,außerdem
11686,",",--,PUNCT,punct,11685,außerdem
11687,daß,daß,SCONJ,cp,11688,zu
11688,zu,zu,ADP,re,11685,außerdem
11689,den,der,DET,nk,11692,Backen
11690,dicken,dick,ADJ,nk,11692,Backen
11691,braunroten,braunrot,ADJ,nk,11692,Backen
11692,Backen,Back,NOUN,nk,11688,zu
11693,und,und,CCONJ,cd,11692,Backen
11694,dem,der,DET,nk,11696,Maule
11695,breiten,breit,ADJ,nk,11696,Maule
11696,Maule,Maule,NOUN,cj,11693,und
11697,die,der,DET,nk,11698,viel
11698,viel,viel,ADV,mo,11688,zu
11699,zu,zu,PART,ROOT,11699,zu
11700,lange,lang,ADJ,mo,11701,spitze
11701,spitze,spitz,ADJ,nk,11702,Nase
11702,Nase,Nase,NOUN,oa,11705,passen
11703,gar,gar,ADV,mo,11704,nicht
11704,nicht,nicht,PART,ng,11706,wollte
11705,passen,passen,VERB,oc,11706,wollte
11706,wollte,wollen,AUX,cc,11708,so
11707,",",--,PUNCT,punct,11708,so
11708,so,so,ADV,mo,11709,glänzten
11709,glänzten,glänzten,ADV,ROOT,11709,glänzten
11710,auch,auch,ADV,mo,11712,kleinen
11711,die,der,DET,nk,11712,kleinen
11712,kleinen,klein,ADJ,sb,11709,glänzten
11713,hervorstehenden,hervorstehend,ADJ,nk,11714,Glasaugen
11714,Glasaugen,Glasauge,NOUN,da,11716,graulich
11715,so,so,ADV,mo,11716,graulich
11716,graulich,graulich,ADV,ROOT,11716,graulich
11717,",",--,PUNCT,punct,11716,graulich
11718,daß,daß,SCONJ,cp,11724,ansehen
11719,man,man,PRON,sb,11724,ansehen
11720,ihn,ihn,PRON,oa,11724,ansehen
11721,gar,gar,ADV,mo,11722,nicht
11722,nicht,nicht,PART,ng,11724,ansehen
11723,gern,gern,ADV,mo,11724,ansehen
11724,ansehen,ansehen,VERB,cc,11715,so
11725,mochte,mögen,VERB,ROOT,11725,mochte
11726,.,--,PUNCT,punct,11725,mochte
11727,Übrigens,übrigens,ADV,mo,11728,hatte
11728,hatte,haben,AUX,ROOT,11728,hatte
11729,der,der,DET,nk,11730,Mann
11730,Mann,Mann,NOUN,sb,11728,hatte
11731,eine,ein,DET,nk,11733,Perücke
11732,pechschwarze,pechschwarz,ADJ,nk,11733,Perücke
11733,Perücke,Perücke,NOUN,oa,11728,hatte
11734,auf,auf,ADP,mnr,11733,Perücke
11735,den,der,DET,nk,11736,viereckigen
11736,viereckigen,viereckig,NOUN,nk,11734,auf
11737,Kopf,Kopf,NOUN,oa,11738,gestülpt
11738,gestülpt,gestülptn,VERB,pd,11740,war
11739,",",--,PUNCT,punct,11740,war
11740,war,sein,AUX,ROOT,11740,war
11741,auch,auch,ADV,mo,11742,von
11742,von,von,ADP,mo,11747,gekleidet
11743,Kopf,Kopf,NOUN,nk,11742,von
11744,bis,bis,ADP,mo,11747,gekleidet
11745,Fuß,Fuß,NOUN,nk,11744,bis
11746,pechschwarz,pechschwarz,ADV,mo,11747,gekleidet
11747,gekleidet,kleiden,VERB,oc,11740,war
11748,und,und,CCONJ,cd,11740,war
11749,hieß,heißen,VERB,cj,11748,und
11750,Magister,Magister,PROPN,nk,11751,Tinte
11751,Tinte,Tinte,NOUN,ROOT,11751,Tinte
11752,.,--,PUNCT,punct,11751,Tinte
11753,Als,als,SCONJ,cp,11759,rückten
11754,nun,nun,ADV,mo,11759,rückten
11755,die,der,DET,nk,11756,Kinder
11756,Kinder,Kind,NOUN,sb,11759,rückten
11757,sich,sich,PRON,oa,11759,rückten
11758,nicht,nicht,PART,ng,11759,rückten
11759,rückten,rücken,VERB,mo,11763,wurde
11760,und,und,CCONJ,cd,11759,rückten
11761,rührten,rühren,VERB,cj,11760,und
11762,",",--,PUNCT,punct,11763,wurde
11763,wurde,werden,AUX,ROOT,11763,wurde
11764,die,der,DET,sb,11763,wurde
11765,Frau,Frau,NOUN,pd,11778,ist
11766,von,von,ADP,pg,11765,Frau
11767,Brakel,Brakel,NOUN,nk,11766,von
11768,böse,böse,ADV,pd,11765,Frau
11769,und,und,CCONJ,cd,11765,Frau
11770,rief,rufen,VERB,cj,11769,und
11771,:,--,PUNCT,punct,11765,Frau
11772,"""",--,PUNCT,punct,11775,Kinder
11773,Potztausend,Potztausend,ADV,mo,11775,Kinder
11774,ihr,ihr,DET,nk,11775,Kinder
11775,Kinder,Kind,NOUN,pd,11765,Frau
11776,",",--,PUNCT,punct,11765,Frau
11777,was,was,PRON,sb,11778,ist
11778,ist,sein,AUX,ROOT,11778,ist
11779,denn,denn,ADV,mo,11778,ist
11780,das,der,PRON,pd,11778,ist
11781,?,--,PUNCT,punct,11778,ist
11782,der,der,DET,ROOT,11782,der
11783,Herr,Herr,NOUN,sb,11785,wird
11784,Magister,Magister,NOUN,nk,11783,Herr
11785,wird,werden,AUX,ROOT,11785,wird
11786,euch,euch,PRON,oa,11791,halten
11787,für,für,ADP,mo,11791,halten
11788,ganz,ganz,ADV,mo,11789,ungeschliffene
11789,ungeschliffene,ungeschliffen,ADJ,nk,11790,Bauernkinder
11790,Bauernkinder,Bauernkinder,NOUN,nk,11787,für
11791,halten,halten,VERB,oc,11792,müssen
11792,müssen,müssen,AUX,oc,11785,wird
11793,.,--,PUNCT,punct,11785,wird
11794,–,--,PUNCT,ROOT,11794,–
11795,Fort,Fort,NOUN,ROOT,11795,Fort
11796,!,--,PUNCT,punct,11795,Fort
11797,gebt,ben,VERB,ROOT,11797,gebt
11798,dem,der,DET,nk,11799,Herrn
11799,Herrn,Herr,NOUN,da,11797,gebt
11800,Magister,Magister,PROPN,nk,11799,Herrn
11801,fein,fein,ADV,mo,11797,gebt
11802,die,der,DET,nk,11803,Hand
11803,Hand,Hand,NOUN,oa,11797,gebt
11804,!,--,PUNCT,punct,11797,gebt
11805,"""",--,PUNCT,ROOT,11805,""""
11806,Die,der,DET,nk,11807,Kinder
11807,Kinder,Kind,NOUN,sb,11808,ermannten
11808,ermannten,ermannten,VERB,ROOT,11808,ermannten
11809,sich,sich,PRON,oa,11808,ermannten
11810,und,und,CCONJ,cd,11808,ermannten
11811,taten,tun,VERB,sb,11818,sprangen
11812,",",--,PUNCT,punct,11811,taten
11813,was,was,PRON,oa,11816,befohlen
11814,die,der,DET,nk,11815,Mutter
11815,Mutter,Mutter,NOUN,oa,11816,befohlen
11816,befohlen,befohlen,VERB,oc,11811,taten
11817,",",--,PUNCT,punct,11818,sprangen
11818,sprangen,springen,VERB,ROOT,11818,sprangen
11819,aber,aber,ADV,mo,11818,sprangen
11820,",",--,PUNCT,punct,11818,sprangen
11821,als,als,SCONJ,cm,11823,Magister
11822,der,der,DET,nk,11823,Magister
11823,Magister,Magister,NOUN,sb,11818,sprangen
11824,ihre,ihr,DET,nk,11825,Hände
11825,Hände,Hand,NOUN,oa,11818,sprangen
11826,faßte,faßn,VERB,ROOT,11826,faßte
11827,",",--,PUNCT,punct,11826,faßte
11828,mit,mit,ADP,mo,11826,faßte
11829,dem,der,DET,nk,11831,Schrei
11830,lauten,laut,ADJ,nk,11831,Schrei
11831,Schrei,Schrei,NOUN,nk,11828,mit
11832,:,--,PUNCT,punct,11826,faßte
11833,"""",--,PUNCT,punct,11834,O
11834,O,O,X,rs,11826,faßte
11835,weh,weh,X,uc,11834,O
11836,o,o,X,uc,11835,weh
11837,weh,weh,X,uc,11834,O
11838,!,--,PUNCT,punct,11826,faßte
11839,"""",--,PUNCT,punct,11826,faßte
11840,zurück,zurück,ADV,svp,11826,faßte
11841,.,--,PUNCT,punct,11826,faßte
11842,Der,der,DET,nk,11843,Magister
11843,Magister,Magister,NOUN,sb,11844,lachte
11844,lachte,lachen,VERB,ROOT,11844,lachte
11845,hell,Hell,ADV,mo,11844,lachte
11846,auf,auf,ADP,ROOT,11846,auf
11847,und,und,CCONJ,ju,11848,zeigte
11848,zeigte,zeigen,VERB,ROOT,11848,zeigte
11849,eine,ein,DET,nk,11855,Nadel
11850,heimlich,heimlich,ADV,mo,11854,versteckte
11851,in,in,ADP,mo,11854,versteckte
11852,der,der,DET,nk,11853,Hand
11853,Hand,Hand,NOUN,nk,11851,in
11854,versteckte,versteckt,ADJ,nk,11855,Nadel
11855,Nadel,Nadel,NOUN,oa,11848,zeigte
11856,vor,vor,ADP,svp,11848,zeigte
11857,",",--,PUNCT,punct,11848,zeigte
11858,womit,womit,SCONJ,mo,11859,er
11859,er,er,PRON,sb,11848,zeigte
11860,die,der,DET,oa,11848,zeigte
11861,Kinder,Kind,NOUN,pd,11870,gestochen
11862,",",--,PUNCT,punct,11861,Kinder
11863,als,als,SCONJ,cp,11868,reichten
11864,sie,sie,PRON,sb,11868,reichten
11865,ihm,ihm,PRON,da,11868,reichten
11866,die,der,DET,nk,11867,Hand
11867,Hand,Hand,NOUN,oa,11868,reichten
11868,reichten,reichen,VERB,mnr,11861,Kinder
11869,",",--,PUNCT,punct,11870,gestochen
11870,gestochen,gestochen,VERB,ROOT,11870,gestochen
11871,.,--,PUNCT,punct,11870,gestochen
11872,Christlieb,Christlieb,PROPN,sb,11873,weinte
11873,weinte,weinen,VERB,ROOT,11873,weinte
11874,",",--,PUNCT,punct,11873,weinte
11875,Felix,Felix,PROPN,cj,11873,weinte
11876,aber,aber,ADV,mo,11873,weinte
11877,grollte,grollen,VERB,ROOT,11877,grollte
11878,den,der,DET,nk,11879,Magister
11879,Magister,Magister,NOUN,oa,11877,grollte
11880,von,von,ADP,pg,11879,Magister
11881,der,der,DET,nk,11882,Seite
11882,Seite,Seite,NOUN,nk,11880,von
11883,an,an,ADP,svp,11877,grollte
11884,:,--,PUNCT,punct,11877,grollte
11885,"""",--,PUNCT,punct,11886,Versuche
11886,Versuche,Versuch,NOUN,ROOT,11886,Versuche
11887,das,der,PRON,sb,11886,Versuche
11888,nur,nur,ADV,mo,11891,Mal
11889,noch,noch,ADV,mo,11888,nur
11890,ein,ein,DET,nk,11891,Mal
11891,Mal,Mal,NOUN,mo,11892,kleiner
11892,kleiner,klein,ADV,mo,11886,Versuche
11893,Dickbauch,Dickbauch,NOUN,ROOT,11893,Dickbauch
11894,.,--,PUNCT,punct,11893,Dickbauch
11895,"""",--,PUNCT,punct,11893,Dickbauch
11896,–,--,PUNCT,punct,11899,taten
11897,"""",--,PUNCT,punct,11899,taten
11898,Warum,warum,ADV,mo,11899,taten
11899,taten,tun,VERB,oc,11908,fragte
11900,Sie,sie,PRON,sb,11899,taten
11901,das,der,PRON,nk,11903,Herr
11902,lieber,lieb,ADJ,nk,11903,Herr
11903,Herr,Herr,NOUN,oa,11899,taten
11904,Magister,Magister,PROPN,pnc,11905,Tinte
11905,Tinte,Tinte,PROPN,nk,11903,Herr
11906,"""",--,PUNCT,punct,11899,taten
11907,",",--,PUNCT,punct,11908,fragte
11908,fragte,fragen,VERB,ROOT,11908,fragte
11909,etwas,etwas,PRON,oa,11908,fragte
11910,mißmutig,mißmutig,ADV,mo,11912,Herr
11911,der,der,DET,nk,11912,Herr
11912,Herr,Herr,NOUN,ROOT,11912,Herr
11913,von,von,ADP,pg,11912,Herr
11914,Brakel,Brakel,PROPN,nk,11913,von
11915,.,--,PUNCT,punct,11912,Herr
11916,Der,der,DET,nk,11917,Magister
11917,Magister,Magister,NOUN,sb,11918,antwortete
11918,antwortete,antworten,VERB,ROOT,11918,antwortete
11919,:,--,PUNCT,punct,11918,antwortete
11920,"""",--,PUNCT,punct,11922,ist
11921,Das,der,PRON,sb,11922,ist
11922,ist,sein,AUX,oc,11918,antwortete
11923,nun,nun,ADV,mo,11922,ist
11924,einmal,einmal,ADV,mo,11923,nun
11925,so,so,ADV,mo,11922,ist
11926,meine,mein,DET,nk,11927,Art
11927,Art,Art,NOUN,sb,11930,kann
11928,",",--,PUNCT,punct,11930,kann
11929,ich,ich,PRON,sb,11930,kann
11930,kann,können,AUX,ROOT,11930,kann
11931,davon,davon,ADV,mo,11930,kann
11932,gar,gar,ADV,mo,11933,nicht
11933,nicht,nicht,PART,ng,11930,kann
11934,lassen,lassen,VERB,oc,11930,kann
11935,.,--,PUNCT,punct,11930,kann
11936,"""",--,PUNCT,punct,11930,kann
11937,Und,und,CCONJ,ju,11939,stemmte
11938,dabei,dabei,ADV,mo,11939,stemmte
11939,stemmte,stemmen,VERB,ROOT,11939,stemmte
11940,er,er,PRON,sb,11939,stemmte
11941,beide,beide,DET,nk,11942,Hände
11942,Hände,Hand,NOUN,oa,11939,stemmte
11943,in,in,ADP,ROOT,11943,in
11944,die,der,DET,nk,11945,Seite
11945,Seite,Seite,NOUN,nk,11943,in
11946,und,und,CCONJ,cd,11943,in
11947,lachte,lachen,VERB,cj,11946,und
11948,immerfort,Immerfort,NOUN,oa,11947,lachte
11949,",",--,PUNCT,punct,11948,immerfort
11950,welches,welcher,PRON,sb,11955,klang
11951,aber,aber,ADV,mo,11955,klang
11952,zuletzt,zuletzt,ADV,mo,11955,klang
11953,so,so,ADV,mo,11954,widerlich
11954,widerlich,widerlich,ADV,mo,11955,klang
11955,klang,klingen,VERB,rc,11948,immerfort
11956,wie,wie,ADP,ROOT,11956,wie
11957,der,der,DET,nk,11958,Ton
11958,Ton,Ton,NOUN,ROOT,11958,Ton
11959,einer,ein,DET,nk,11961,Schnarre
11960,verdorbenen,verdorben,ADJ,nk,11961,Schnarre
11961,Schnarre,Schnarre,NOUN,ag,11958,Ton
11962,.,--,PUNCT,punct,11958,Ton
11963,"""",--,PUNCT,punct,11965,scheinen
11964,Sie,sie,PRON,sb,11965,scheinen
11965,scheinen,scheinen,VERB,ROOT,11965,scheinen
11966,ein,ein,DET,nk,11968,Mann
11967,spaßhafter,spaßhaft,ADJ,nk,11968,Mann
11968,Mann,Mann,NOUN,pd,11970,sein
11969,zu,zu,PART,pm,11970,sein
11970,sein,sein,AUX,oc,11965,scheinen
11971,",",--,PUNCT,punct,11965,scheinen
11972,lieber,lieb,ADJ,mo,11973,Herr
11973,Herr,Herr,NOUN,sb,11978,sprach
11974,Magister,Magister,PROPN,pnc,11975,Tinte
11975,Tinte,Tinte,PROPN,nk,11973,Herr
11976,"""",--,PUNCT,punct,11973,Herr
11977,",",--,PUNCT,punct,11978,sprach
11978,sprach,sprechen,VERB,ROOT,11978,sprach
11979,der,der,DET,nk,11980,Herr
11980,Herr,Herr,NOUN,sb,11978,sprach
11981,von,von,ADP,pg,11980,Herr
11982,Brakel,Brakel,NOUN,nk,11981,von
11983,",",--,PUNCT,punct,11978,sprach
11984,aber,aber,CCONJ,cd,11978,sprach
11985,ihm,ihm,PRON,cj,11984,aber
11986,sowohl,sowohl,CCONJ,cd,11987,als
11987,als,als,ADP,mo,11978,sprach
11988,der,der,DET,nk,11989,Frau
11989,Frau,Frau,NOUN,sb,11997,wurde
11990,von,von,ADP,pg,11989,Frau
11991,Brakel,Brakel,PROPN,nk,11990,von
11992,",",--,PUNCT,punct,11989,Frau
11993,vorzüglich,vorzüglich,ADP,mnr,11989,Frau
11994,den,der,DET,nk,11995,Kindern
11995,Kindern,Kind,NOUN,nk,11993,vorzüglich
11996,",",--,PUNCT,punct,11997,wurde
11997,wurde,werden,AUX,ROOT,11997,wurde
11998,ganz,ganz,ADV,mo,11999,unheimlich
11999,unheimlich,unheimlich,ADV,pd,11997,wurde
12000,zumute,zumute,ADV,mo,11997,wurde
12001,.,--,PUNCT,punct,11997,wurde
12002,"""",--,PUNCT,punct,12005,nun
12003,Nun,nun,ADV,dep,12005,nun
12004,",",--,PUNCT,punct,12005,nun
12005,nun,nun,ADV,mo,12008,rief
12006,"""",--,PUNCT,punct,12008,rief
12007,",",--,PUNCT,punct,12008,rief
12008,rief,rufen,VERB,ROOT,12008,rief
12009,der,der,DET,nk,12010,Magister
12010,Magister,Magister,NOUN,sb,12008,rief
12011,",",--,PUNCT,punct,12008,rief
12012,"""",--,PUNCT,punct,12008,rief
12013,wie,wie,ADV,cm,12014,steht's
12014,steht's,steht's,AUX,dep,12008,rief
12015,denn,denn,ADV,mo,12014,steht's
12016,mit,mit,ADP,mo,12014,steht's
12017,den,der,DET,nk,12019,Krabben
12018,kleinen,klein,ADJ,nk,12019,Krabben
12019,Krabben,Krabbe,NOUN,nk,12016,mit
12020,",",--,PUNCT,punct,12008,rief
12021,schon,schon,ADV,mo,12008,rief
12022,tüchtig,tüchtig,ADV,mo,12026,vorgerückt
12023,in,in,ADP,mo,12026,vorgerückt
12024,den,der,DET,nk,12025,Wissenschaften
12025,Wissenschaften,Wissenschaft,NOUN,nk,12023,in
12026,vorgerückt,vorrücken,VERB,ROOT,12026,vorgerückt
12027,?,--,PUNCT,punct,12026,vorgerückt
12028,–,--,PUNCT,punct,12029,Wollen
12029,Wollen,Wollen,AUX,ROOT,12029,Wollen
12030,wir,wir,PRON,sb,12029,Wollen
12031,doch,doch,ADV,mo,12033,sehen
12032,gleich,gleich,ADV,mo,12033,sehen
12033,sehen,sehen,VERB,oc,12029,Wollen
12034,.,--,PUNCT,punct,12029,Wollen
12035,"""",--,PUNCT,punct,12029,Wollen
12036,–,--,PUNCT,ROOT,12036,–
12037,Damit,damit,ADV,mo,12038,fing
12038,fing,fing,VERB,ROOT,12038,fing
12039,er,er,PRON,sb,12038,fing
12040,an,an,ADP,svp,12038,fing
12041,",",--,PUNCT,punct,12038,fing
12042,den,der,DET,nk,12043,Felix
12043,Felix,Felix,PROPN,oa,12049,fragen
12044,und,und,CCONJ,cd,12043,Felix
12045,die,der,DET,nk,12046,Christlieb
12046,Christlieb,Christlieb,NOUN,cj,12044,und
12047,so,so,ADV,mo,12049,fragen
12048,zu,zu,PART,pm,12049,fragen
12049,fragen,fragen,VERB,oc,12038,fing
12050,",",--,PUNCT,punct,12049,fragen
12051,wie,wie,SCONJ,cm,12052,es
12052,es,es,PRON,mo,12049,fragen
12053,der,der,DET,nk,12054,Onkel
12054,Onkel,Onkel,NOUN,sb,12038,fing
12055,Graf,Graf,NOUN,ROOT,12055,Graf
12056,mit,mit,ADP,mo,12059,getan
12057,seinen,sein,DET,nk,12058,Kindern
12058,Kindern,Kind,NOUN,nk,12056,mit
12059,getan,tun,VERB,oc,12055,Graf
12060,.,--,PUNCT,punct,12055,Graf
12061,Als,als,SCONJ,cp,12065,versicherten
12062,nun,nun,ADV,mo,12065,versicherten
12063,aber,aber,ADV,mo,12065,versicherten
12064,beide,beide,PRON,sb,12065,versicherten
12065,versicherten,versicheren,VERB,ROOT,12065,versicherten
12066,",",--,PUNCT,punct,12065,versicherten
12067,daß,daß,SCONJ,cp,12068,sie
12068,sie,sie,PRON,sb,12065,versicherten
12069,die,der,DET,oa,12065,versicherten
12070,Wissenschaften,Wissenschaft,NOUN,sb,12075,wüßten
12071,noch,noch,ADV,mo,12073,nicht
12072,gar,gar,ADV,mo,12073,nicht
12073,nicht,nicht,PART,ng,12075,wüßten
12074,auswendig,auswendig,ADV,mo,12075,wüßten
12075,wüßten,wüßen,VERB,ROOT,12075,wüßten
12076,",",--,PUNCT,punct,12075,wüßten
12077,da,da,ADV,mo,12078,schlug
12078,schlug,schlagen,VERB,cj,12075,wüßten
12079,der,der,DET,nk,12081,Tinte
12080,Magister,Magister,ADJ,nk,12081,Tinte
12081,Tinte,Tinte,NOUN,sb,12078,schlug
12082,die,der,DET,nk,12083,Hände
12083,Hände,Hand,NOUN,ROOT,12083,Hände
12084,über,über,ADP,mnr,12083,Hände
12085,den,der,DET,nk,12086,Kopf
12086,Kopf,Kopf,NOUN,nk,12084,über
12087,zusammen,zusammen,ADV,mo,12083,Hände
12088,",",--,PUNCT,punct,12083,Hände
12089,daß,daß,SCONJ,cp,12091,klatschte
12090,es,es,PRON,ep,12091,klatschte
12091,klatschte,klatschen,VERB,oc,12083,Hände
12092,",",--,PUNCT,punct,12091,klatschte
12093,und,und,CCONJ,cd,12091,klatschte
12094,schrie,Schrie,VERB,cj,12093,und
12095,wie,wie,ADP,cm,12096,besessen
12096,besessen,besessen,VERB,mo,12094,schrie
12097,:,--,PUNCT,punct,12091,klatschte
12098,"""",--,PUNCT,punct,12100,ist
12099,Das,der,PRON,sb,12100,ist
12100,ist,sein,AUX,ROOT,12100,ist
12101,was,was,PRON,sb,12100,ist
12102,schönes,schön,ADJ,pd,12100,ist
12103,!,--,PUNCT,punct,12100,ist
12104,–,--,PUNCT,punct,12106,Wissenschaften
12105,keine,kein,DET,nk,12106,Wissenschaften
12106,Wissenschaften,Wissenschaft,NOUN,ROOT,12106,Wissenschaften
12107,.,--,PUNCT,punct,12106,Wissenschaften
12108,–,--,PUNCT,punct,12110,wird
12109,Das,der,PRON,sb,12110,wird
12110,wird,werden,AUX,ROOT,12110,wird
12111,Arbeit,Arbeit,NOUN,oa,12112,geben
12112,geben,geben,VERB,oc,12110,wird
12113,!,--,PUNCT,punct,12110,wird
12114,Wollens,wollens,PROPN,ROOT,12114,Wollens
12115,aber,aber,CCONJ,ROOT,12115,aber
12116,schon,schon,ADV,mo,12117,kriegen
12117,kriegen,kriegen,VERB,cj,12115,aber
12118,!,--,PUNCT,ROOT,12118,!
12119,"""",--,PUNCT,ROOT,12119,""""
12120,Felix,Felix,PROPN,sb,12126,schrieben
12121,",",--,PUNCT,punct,12120,Felix
12122,sowie,sowie,CCONJ,cd,12120,Felix
12123,Christlieb,Christlieb,NOUN,cj,12122,sowie
12124,",",--,PUNCT,punct,12120,Felix
12125,beide,beide,PRON,sb,12126,schrieben
12126,schrieben,schreiben,VERB,ROOT,12126,schrieben
12127,eine,ein,DET,nk,12128,saubere
12128,saubere,sauber,ADJ,oa,12126,schrieben
12129,Handschrift,Handschrift,NOUN,ROOT,12129,Handschrift
12130,",",--,PUNCT,punct,12129,Handschrift
12131,und,und,CCONJ,cd,12129,Handschrift
12132,wußten,wissen,VERB,cj,12131,und
12133,aus,aus,ADP,op,12132,wußten
12134,manchen,mancher,DET,nk,12136,Büchern
12135,alten,alt,ADJ,nk,12136,Büchern
12136,Büchern,Buch,NOUN,nk,12133,aus
12137,die,der,DET,nk,12138,ihnen
12138,ihnen,ihnen,PRON,oa,12132,wußten
12139,der,der,DET,nk,12140,Herr
12140,Herr,Herr,NOUN,sb,12132,wußten
12141,von,von,ADP,pg,12140,Herr
12142,Brakel,Brakel,NOUN,nk,12141,von
12143,in,in,ADP,mo,12146,gab
12144,die,der,DET,nk,12145,Hände
12145,Hände,Hand,NOUN,nk,12143,in
12146,gab,geben,VERB,ROOT,12146,gab
12147,und,und,CCONJ,cd,12146,gab
12148,die,der,PRON,oa,12151,lasen
12149,sie,sie,PRON,oa,12151,lasen
12150,emsig,emsig,ADV,mo,12151,lasen
12151,lasen,lasen,VERB,cj,12147,und
12152,",",--,PUNCT,punct,12151,lasen
12153,manche,mancher,DET,nk,12155,Geschichte
12154,schöne,schön,ADJ,nk,12155,Geschichte
12155,Geschichte,Geschichte,NOUN,oa,12157,erzählen
12156,zu,zu,PART,pm,12157,erzählen
12157,erzählen,erzählen,VERB,oc,12151,lasen
12158,",",--,PUNCT,punct,12146,gab
12159,das,der,DET,nk,12160,achtete
12160,achtete,achten,ADJ,ROOT,12160,achtete
12161,aber,aber,ADV,mo,12160,achtete
12162,der,der,DET,nk,12163,Magister
12163,Magister,Magister,ADJ,nk,12164,Tinte
12164,Tinte,Tinte,NOUN,oa,12160,achtete
12165,für,für,ADP,mnr,12164,Tinte
12166,gar,gar,ADV,mo,12167,nichts
12167,nichts,nichts,PRON,nk,12165,für
12168,",",--,PUNCT,punct,12160,achtete
12169,sondern,sondern,CCONJ,cd,12160,achtete
12170,meinte,meinen,VERB,cj,12169,sondern
12171,",",--,PUNCT,punct,12170,meinte
12172,das,der,PRON,nk,12173,alles
12173,alles,alle,PRON,oc,12170,meinte
12174,wäre,sein,AUX,ROOT,12174,wäre
12175,nur,nur,ADV,mo,12177,Zeug
12176,dummes,dumm,ADJ,nk,12177,Zeug
12177,Zeug,Zeug,NOUN,pd,12174,wäre
12178,.,--,PUNCT,punct,12174,wäre
12179,–,--,PUNCT,punct,12180,Ach
12180,Ach,ach,INTJ,dm,12183,war
12181,!,--,PUNCT,punct,12183,war
12182,nun,nun,ADV,mo,12183,war
12183,war,sein,AUX,ROOT,12183,war
12184,an,an,ADP,mo,12183,war
12185,kein,kein,DET,nk,12184,an
12186,in,in,ADP,mo,12192,denken
12187,den,der,DET,nk,12188,Wald
12188,Wald,Wald,NOUN,nk,12186,in
12189,Laufen,laufen,VERB,nk,12188,Wald
12190,mehr,mehr,ADV,mo,12189,Laufen
12191,zu,zu,PART,pm,12192,denken
12192,denken,denken,VERB,oc,12183,war
12193,!,--,PUNCT,punct,12183,war
12194,–,--,PUNCT,punct,12197,mußten
12195,Statt,statt,ADP,mo,12197,mußten
12196,dessen,der,PRON,nk,12195,Statt
12197,mußten,müssen,AUX,ROOT,12197,mußten
12198,die,der,DET,nk,12199,Kinder
12199,Kinder,Kind,NOUN,sb,12197,mußten
12200,beinahe,beinahe,ADV,mo,12197,mußten
12201,den,der,DET,nk,12203,Tag
12202,ganzen,ganz,ADJ,nk,12203,Tag
12203,Tag,Tag,NOUN,mo,12197,mußten
12204,zwischen,zwischen,ADP,mnr,12203,Tag
12205,den,der,DET,nk,12206,vier
12206,vier,vier,NUM,nk,12204,zwischen
12207,Wänden,Wände,NOUN,oa,12208,sitzen
12208,sitzen,sitzen,VERB,ROOT,12208,sitzen
12209,und,und,CCONJ,cd,12208,sitzen
12210,dem,der,DET,nk,12211,Magister
12211,Magister,Magister,NOUN,da,12214,nachplappern
12212,Tinte,Tinte,ADJ,nk,12211,Magister
12213,Dinge,Ding,NOUN,nk,12211,Magister
12214,nachplappern,nachplappern,VERB,cj,12209,und
12215,die,der,DET,nk,12216,sie
12216,sie,sie,PRON,sb,12214,nachplappern
12217,nicht,nicht,PART,ng,12214,nachplappern
12218,verstanden,verstehen,VERB,ROOT,12218,verstanden
12219,.,--,PUNCT,punct,12218,verstanden
12220,Es,es,PRON,sb,12221,war
12221,war,sein,AUX,ROOT,12221,war
12222,ein,ein,DET,nk,12224,Herzeleid
12223,wahres,wahr,ADJ,nk,12224,Herzeleid
12224,Herzeleid,Herzeleid,NOUN,pd,12221,war
12225,!,--,PUNCT,punct,12221,war
12226,–,--,PUNCT,ROOT,12226,–
12227,Mit,mit,ADP,ROOT,12227,Mit
12228,welchen,welcher,DET,nk,12230,Blicken
12229,sehnsuchtsvollen,sehnsuchtsvoll,ADJ,nk,12230,Blicken
12230,Blicken,Blick,NOUN,nk,12227,Mit
12231,schauten,schauen,VERB,ROOT,12231,schauten
12232,sie,sie,PRON,sb,12231,schauten
12233,nach,nach,ADP,mo,12231,schauten
12234,dem,der,DET,nk,12235,Walde
12235,Walde,Walde,NOUN,nk,12233,nach
12236,!,--,PUNCT,punct,12231,schauten
12237,Oft,oft,ADV,mo,12238,war
12238,war,sein,AUX,ROOT,12238,war
12239,es,es,PRON,sb,12238,war
12240,ihnen,ihnen,PRON,da,12238,war
12241,",",--,PUNCT,punct,12238,war
12242,als,als,SCONJ,cm,12243,hörten
12243,hörten,hören,VERB,mo,12238,war
12244,sie,sie,PRON,sb,12243,hörten
12245,mitten,mitten,ADV,mo,12246,unter
12246,unter,unter,ADP,mo,12243,hörten
12247,den,der,DET,ROOT,12247,den
12248,lustigen,lustig,ADJ,nk,12249,Liedern
12249,Liedern,Lied,NOUN,ROOT,12249,Liedern
12250,der,der,DET,nk,12251,Vögel
12251,Vögel,Vogel,NOUN,ag,12249,Liedern
12252,",",--,PUNCT,punct,12251,Vögel
12253,im,in,ADP,mo,12261,süße
12254,Rauschen,Rauschen,NOUN,nk,12253,im
12255,der,der,DET,nk,12256,Bäume
12256,Bäume,Baum,NOUN,ag,12254,Rauschen
12257,",",--,PUNCT,punct,12254,Rauschen
12258,des,der,DET,nk,12260,Kindes
12259,fremden,fremd,ADJ,nk,12260,Kindes
12260,Kindes,Kind,NOUN,ag,12254,Rauschen
12261,süße,süße,ADJ,par,12249,Liedern
12262,Stimme,Stimme,NOUN,oa,12263,rufen
12263,rufen,rufen,VERB,ROOT,12263,rufen
12264,:,--,PUNCT,punct,12263,rufen
12265,"""",--,PUNCT,punct,12267,seid
12266,Wo,wo,ADV,mo,12267,seid
12267,seid,sein,AUX,ROOT,12267,seid
12268,ihr,ihr,PRON,da,12267,seid
12269,denn,denn,ADV,mo,12267,seid
12270,!,--,PUNCT,punct,12267,seid
12271,Felix,Felix,PROPN,ROOT,12271,Felix
12272,–,--,PUNCT,punct,12271,Felix
12273,Christlieb,Christlieb,NOUN,app,12271,Felix
12274,–,--,PUNCT,punct,12271,Felix
12275,ihr,ihr,DET,nk,12277,Kinder
12276,lieben,lieben,ADJ,nk,12277,Kinder
12277,Kinder,Kind,NOUN,cj,12271,Felix
12278,!,--,PUNCT,punct,12271,Felix
12279,wo,wo,SCONJ,ROOT,12279,wo
12280,seid,sein,AUX,ROOT,12280,seid
12281,ihr,ihr,PRON,da,12280,seid
12282,denn,denn,ADV,mo,12280,seid
12283,!,--,PUNCT,punct,12280,seid
12284,wollt,wollt,VERB,ROOT,12284,wollt
12285,ihr,ihr,PRON,sb,12284,wollt
12286,nicht,nicht,PART,ng,12284,wollt
12287,mehr,mehr,ADV,mo,12286,nicht
12288,mit,mit,ADP,mo,12290,spielen
12289,mir,mir,PRON,nk,12288,mit
12290,spielen,spielen,VERB,oc,12284,wollt
12291,!,--,PUNCT,punct,12284,wollt
12292,–,--,PUNCT,punct,12293,Kommt
12293,Kommt,kommen,VERB,ROOT,12293,Kommt
12294,doch,doch,ADV,mo,12293,Kommt
12295,nur,nur,ADV,mo,12293,Kommt
12296,!,--,PUNCT,punct,12293,Kommt
12297,–,--,PUNCT,ROOT,12297,–
12298,ich,ich,PRON,sb,12297,–
12299,habe,haben,AUX,ROOT,12299,habe
12300,euch,euch,PRON,da,12304,gebaut
12301,einen,ein,DET,nk,12303,Blumenpalast
12302,schönen,schön,ADJ,nk,12303,Blumenpalast
12303,Blumenpalast,Blumenpalast,NOUN,oa,12304,gebaut
12304,gebaut,bauen,VERB,oc,12299,habe
12305,–,--,PUNCT,punct,12304,gebaut
12306,da,da,ADV,mo,12307,setzen
12307,setzen,setzen,VERB,cj,12299,habe
12308,wir,wir,PRON,sb,12307,setzen
12309,uns,sich,PRON,oa,12307,setzen
12310,hinein,hinein,ADV,svp,12307,setzen
12311,und,und,CCONJ,cd,12307,setzen
12312,ich,ich,PRON,cj,12311,und
12313,schenk,schenk,VERB,ROOT,12313,schenk
12314,euch,euch,PRON,da,12313,schenk
12315,die,der,DET,nk,12318,Steine
12316,herrlichsten,herrlichst,ADJ,nk,12318,Steine
12317,buntesten,buntest,ADJ,nk,12318,Steine
12318,Steine,Stein,NOUN,sb,12313,schenk
12319,–,--,PUNCT,punct,12313,schenk
12320,und,und,CCONJ,cd,12313,schenk
12321,dann,dann,ADV,mo,12322,schwingen
12322,schwingen,schwingen,VERB,cj,12320,und
12323,wir,wir,PRON,sb,12322,schwingen
12324,uns,sich,PRON,oa,12322,schwingen
12325,auf,auf,ADP,svp,12322,schwingen
12326,in,in,ADP,ROOT,12326,in
12327,die,der,DET,nk,12328,Wolken
12328,Wolken,Wolke,NOUN,nk,12326,in
12329,und,und,CCONJ,cd,12326,in
12330,bauen,bauen,VERB,cj,12329,und
12331,selbst,selbst,ADV,mo,12333,Luftschlösser
12332,funkelnde,funkelnd,ADJ,nk,12333,Luftschlösser
12333,Luftschlösser,Luftschlösser,NOUN,oa,12330,bauen
12334,!,--,PUNCT,punct,12326,in
12335,–,--,PUNCT,punct,12336,Kommt
12336,Kommt,kommen,VERB,ROOT,12336,Kommt
12337,doch,doch,ADV,mo,12336,Kommt
12338,!,--,PUNCT,punct,12336,Kommt
12339,Kommt,kommen,VERB,ROOT,12339,Kommt
12340,doch,doch,ADV,ROOT,12340,doch
12341,nur,nur,ADV,mo,12340,doch
12342,!,--,PUNCT,punct,12340,doch
12343,"""",--,PUNCT,ROOT,12343,""""
12344,Darüber,darüber,ADV,mo,12353,hingezogen
12345,wurden,werden,AUX,ROOT,12345,wurden
12346,die,der,DET,nk,12347,Kinder
12347,Kinder,Kind,NOUN,sb,12345,wurden
12348,mit,mit,ADP,mo,12353,hingezogen
12349,allen,aller,DET,nk,12351,Gedanken
12350,ihren,ihr,DET,nk,12351,Gedanken
12351,Gedanken,Gedanke,NOUN,nk,12348,mit
12352,ganz,ganz,ADV,mo,12353,hingezogen
12353,hingezogen,hinziehen,VERB,oc,12345,wurden
12354,nach,nach,ADP,ROOT,12354,nach
12355,dem,der,DET,nk,12356,Walde
12356,Walde,Walde,NOUN,nk,12354,nach
12357,",",--,PUNCT,punct,12354,nach
12358,und,und,CCONJ,cd,12354,nach
12359,sahen,sehen,VERB,cj,12358,und
12360,und,und,CCONJ,cd,12359,sahen
12361,hörten,hören,VERB,cj,12360,und
12362,nicht,nicht,PART,ng,12361,hörten
12363,mehr,mehr,ADV,mo,12362,nicht
12364,auf,auf,ADP,op,12361,hörten
12365,den,der,DET,nk,12366,Magister
12366,Magister,Magister,NOUN,nk,12364,auf
12367,.,--,PUNCT,punct,12354,nach
12368,Der,der,PRON,sb,12369,wurde
12369,wurde,werden,AUX,ROOT,12369,wurde
12370,aber,aber,CCONJ,ROOT,12370,aber
12371,dann,dann,ADV,mo,12370,aber
12372,ganz,ganz,ADV,mo,12373,zornig
12373,zornig,zornig,ADV,cj,12370,aber
12374,und,und,CCONJ,cd,12370,aber
12375,schlug,schlagen,VERB,cj,12374,und
12376,mit,mit,ADP,mo,12375,schlug
12377,beiden,beide,DET,nk,12378,Fäusten
12378,Fäusten,Fäuste,NOUN,nk,12376,mit
12379,auf,auf,ADP,mo,12375,schlug
12380,den,der,DET,nk,12381,Tisch
12381,Tisch,Tisch,NOUN,nk,12379,auf
12382,und,und,CCONJ,cd,12375,schlug
12383,brummte,brummen,VERB,cj,12382,und
12384,und,und,CCONJ,ROOT,12384,und
12385,summte,summen,ADJ,cj,12384,und
12386,und,und,CCONJ,cd,12385,summte
12387,schnarrte,schnarrt,ADJ,cj,12386,und
12388,und,und,CCONJ,cd,12387,schnarrte
12389,knarrte,knarrn,VERB,cj,12388,und
12390,:,--,PUNCT,punct,12385,summte
12391,"""",--,PUNCT,punct,12392,Pim
12392,Pim,Pim,PROPN,oc,12385,summte
12393,–,--,PUNCT,punct,12394,Sim
12394,Sim,Sim,PROPN,cj,12392,Pim
12395,–,--,PUNCT,punct,12394,Sim
12396,Prr,Prr,PROPN,cj,12394,Sim
12397,–,--,PUNCT,punct,12394,Sim
12398,Srrr,Srrr,NOUN,cj,12394,Sim
12399,–,--,PUNCT,punct,12394,Sim
12400,Knurrr,Knurrr,NOUN,cj,12396,Prr
12401,–,--,PUNCT,punct,12394,Sim
12402,Krrr,Krrr,PROPN,cj,12394,Sim
12403,–,--,PUNCT,punct,12392,Pim
12404,Was,was,PRON,sb,12405,ist
12405,ist,sein,AUX,ROOT,12405,ist
12406,das,der,PRON,sb,12405,ist
12407,!,--,PUNCT,punct,12405,ist
12408,aufgepaßt,aufgepassen,VERB,oc,12405,ist
12409,!,--,PUNCT,punct,12405,ist
12410,"""",--,PUNCT,punct,12405,ist
12411,Felix,Felix,PROPN,sb,12412,hielt
12412,hielt,halten,VERB,ROOT,12412,hielt
12413,das,der,PRON,oa,12412,hielt
12414,aber,aber,ADV,mo,12412,hielt
12415,nicht,nicht,PART,ng,12416,lange
12416,lange,lange,ADV,mo,12412,hielt
12417,aus,aus,ADP,svp,12412,hielt
12418,",",--,PUNCT,punct,12412,hielt
12419,er,er,PRON,sb,12420,sprang
12420,sprang,springen,VERB,cj,12412,hielt
12421,auf,auf,ADP,svp,12420,sprang
12422,und,und,CCONJ,ju,12423,rief
12423,rief,rufen,VERB,ROOT,12423,rief
12424,:,--,PUNCT,punct,12423,rief
12425,"""",--,PUNCT,punct,12426,Laß
12426,Laß,Laß,VERB,ep,12439,will
12427,mich,mich,PRON,oa,12426,Laß
12428,los,los,ADV,mo,12426,Laß
12429,mit,mit,ADP,mo,12426,Laß
12430,deinem,dein,DET,nk,12432,Zeuge
12431,dummen,dumm,ADJ,nk,12432,Zeuge
12432,Zeuge,Zeuge,NOUN,nk,12429,mit
12433,",",--,PUNCT,punct,12426,Laß
12434,Herr,Herr,NOUN,cj,12426,Laß
12435,Magister,Magister,PROPN,pnc,12436,Tinte
12436,Tinte,Tinte,ADJ,nk,12434,Herr
12437,",",--,PUNCT,punct,12426,Laß
12438,fort,fort,X,mo,12439,will
12439,will,wollen,AUX,oc,12423,rief
12440,ich,ich,PRON,sb,12445,such
12441,in,in,ADP,mnr,12440,ich
12442,den,der,DET,nk,12443,Wald
12443,Wald,Wald,NOUN,nk,12441,in
12444,–,--,PUNCT,punct,12440,ich
12445,such,Such,VERB,ROOT,12445,such
12446,dir,dir,PRON,sb,12445,such
12447,den,der,DET,nk,12448,Vetter
12448,Vetter,Vetter,NOUN,oa,12445,such
12449,Pumphose,Pumphose,PROPN,nk,12448,Vetter
12450,",",--,PUNCT,punct,12445,such
12451,das,der,PRON,sb,12452,ist
12452,ist,sein,AUX,cj,12445,such
12453,was,wer,PRON,pd,12452,ist
12454,für,für,ADP,mnr,12453,was
12455,den,der,DET,nk,12454,für
12456,!,--,PUNCT,punct,12445,such
12457,–,--,PUNCT,punct,12458,Komm
12458,Komm,Komm,VERB,ROOT,12458,Komm
12459,Christlieb,Christlieb,NOUN,ROOT,12459,Christlieb
12460,",",--,PUNCT,punct,12459,Christlieb
12461,das,der,DET,nk,12463,Kind
12462,fremde,fremd,ADJ,nk,12463,Kind
12463,Kind,Kind,NOUN,sb,12464,wartet
12464,wartet,warten,VERB,par,12459,Christlieb
12465,schon,schon,ADV,mo,12464,wartet
12466,auf,auf,ADP,op,12464,wartet
12467,uns,uns,PRON,nk,12466,auf
12468,.,--,PUNCT,punct,12459,Christlieb
12469,"""",--,PUNCT,punct,12459,Christlieb
12470,–,--,PUNCT,punct,12472,ging
12471,Damit,damit,ADV,mo,12472,ging
12472,ging,gehen,VERB,ROOT,12472,ging
12473,es,es,PRON,ep,12472,ging
12474,fort,fort,ADV,svp,12472,ging
12475,",",--,PUNCT,punct,12472,ging
12476,aber,aber,CCONJ,cd,12472,ging
12477,der,der,DET,nk,12479,Tinte
12478,Magister,Magister,ADJ,nk,12479,Tinte
12479,Tinte,Tinte,NOUN,sb,12480,sprang
12480,sprang,springen,VERB,ROOT,12480,sprang
12481,mit,mit,ADP,mo,12480,sprang
12482,ungemeiner,ungemein,ADJ,nk,12483,Behendigkeit
12483,Behendigkeit,Behendigkeit,NOUN,nk,12481,mit
12484,hinterher,hinterher,ADV,svp,12480,sprang
12485,und,und,CCONJ,cd,12480,sprang
12486,erfaßte,erfassen,VERB,cj,12485,und
12487,die,der,DET,oa,12486,erfaßte
12488,Kinder,Kind,NOUN,ROOT,12488,Kinder
12489,dicht,dicht,ADV,mo,12490,vor
12490,vor,vor,ADP,mnr,12488,Kinder
12491,der,der,DET,nk,12492,Haustür
12492,Haustür,Haustür,NOUN,nk,12490,vor
12493,.,--,PUNCT,punct,12488,Kinder
12494,Felix,Felix,PROPN,sb,12495,wehrte
12495,wehrte,wehren,VERB,ROOT,12495,wehrte
12496,sich,sich,PRON,oa,12495,wehrte
12497,tapfer,tapfer,ADV,mo,12495,wehrte
12498,und,und,CCONJ,cd,12497,tapfer
12499,der,der,DET,nk,12500,Magister
12500,Magister,Magister,ADJ,nk,12501,Tinte
12501,Tinte,Tinte,NOUN,cj,12498,und
12502,war,sein,AUX,ROOT,12502,war
12503,im,in,ADP,mo,12506,unterliegen
12504,Begriff,Begriff,NOUN,nk,12503,im
12505,zu,zu,PART,pm,12506,unterliegen
12506,unterliegen,unterliegen,VERB,oc,12502,war
12507,",",--,PUNCT,punct,12506,unterliegen
12508,da,da,SCONJ,cp,12516,geeilt
12509,dem,der,DET,nk,12510,Felix
12510,Felix,Felix,PROPN,da,12516,geeilt
12511,der,der,DET,nk,12513,Sultan
12512,treue,treu,ADJ,nk,12513,Sultan
12513,Sultan,Sultan,PROPN,ag,12510,Felix
12514,zu,zu,ADP,mo,12516,geeilt
12515,Hülfe,Hülfe,NOUN,nk,12514,zu
12516,geeilt,eilen,VERB,mo,12502,war
12517,war,sein,AUX,ROOT,12517,war
12518,.,--,PUNCT,punct,12517,war
12519,Sultan,Sultan,PROPN,sb,12527,hatte
12520,",",--,PUNCT,punct,12519,Sultan
12521,sonst,sonst,ADV,mo,12525,Hund
12522,ein,ein,DET,nk,12525,Hund
12523,frommer,fromm,ADJ,nk,12525,Hund
12524,gesitteter,gesittet,ADJ,nk,12525,Hund
12525,Hund,Hund,NOUN,par,12519,Sultan
12526,",",--,PUNCT,punct,12527,hatte
12527,hatte,haben,AUX,ROOT,12527,hatte
12528,gleich,gleich,ADV,mo,12529,vom
12529,vom,von,ADP,mo,12527,hatte
12530,ersten,erster,ADJ,nk,12529,vom
12531,Augenblick,Augenblick,NOUN,ROOT,12531,Augenblick
12532,einen,ein,DET,nk,12534,Abscheu
12533,entschiedenen,entschieden,ADJ,nk,12534,Abscheu
12534,Abscheu,Abscheu,NOUN,oa,12539,bewiesen
12535,gegen,gegen,ADP,mo,12539,bewiesen
12536,den,der,DET,nk,12537,Magister
12537,Magister,Magister,NOUN,nk,12535,gegen
12538,Tinte,Tinte,NOUN,nk,12537,Magister
12539,bewiesen,beweisen,VERB,oc,12531,Augenblick
12540,.,--,PUNCT,punct,12531,Augenblick
12541,Sowie,Sowie,CCONJ,ROOT,12541,Sowie
12542,dieser,dieser,PRON,sb,12546,kam
12543,ihm,ihm,PRON,da,12546,kam
12544,nur,nur,ADV,mo,12545,nahe
12545,nahe,nahe,ADV,mo,12546,kam
12546,kam,kommen,VERB,oc,12548,knurrte
12547,",",--,PUNCT,punct,12548,knurrte
12548,knurrte,knurren,VERB,ROOT,12548,knurrte
12549,er,er,PRON,sb,12548,knurrte
12550,",",--,PUNCT,punct,12548,knurrte
12551,und,und,CCONJ,cd,12548,knurrte
12552,schlug,schlagen,VERB,cj,12551,und
12553,mit,mit,ADP,mo,12552,schlug
12554,dem,der,DET,nk,12555,Schweif
12555,Schweif,Schweif,NOUN,nk,12553,mit
12556,so,so,ADV,mo,12557,heftig
12557,heftig,heftig,ADV,mo,12552,schlug
12558,um,um,ADP,svp,12552,schlug
12559,sich,sich,PRON,da,12564,Magister
12560,",",--,PUNCT,punct,12559,sich
12561,daß,daß,SCONJ,cp,12564,Magister
12562,er,er,PRON,sb,12564,Magister
12563,den,der,DET,nk,12564,Magister
12564,Magister,Magister,NOUN,ROOT,12564,Magister
12565,",",--,PUNCT,punct,12564,Magister
12566,den,der,PRON,oa,12574,treffen
12567,er,er,PRON,sb,12574,treffen
12568,geschickt,geschickt,ADV,mo,12574,treffen
12569,an,an,ADP,op,12574,treffen
12570,die,der,DET,nk,12572,Beinchen
12571,dünnen,dünn,ADJ,nk,12572,Beinchen
12572,Beinchen,Beinchen,NOUN,nk,12569,an
12573,zu,zu,PART,pm,12574,treffen
12574,treffen,treffen,VERB,oc,12564,Magister
12575,wußte,wissen,VERB,ROOT,12575,wußte
12576,",",--,PUNCT,punct,12575,wußte
12577,beinahe,beinahe,ADV,mo,12578,umgeschmissen
12578,umgeschmissen,umgeschmissen,ADV,oc,12579,hätte
12579,hätte,haben,AUX,oc,12575,wußte
12580,.,--,PUNCT,punct,12575,wußte
12581,Sultan,Sultan,PROPN,sb,12582,sprang
12582,sprang,springen,VERB,ROOT,12582,sprang
12583,hinzu,hinzu,ADV,svp,12582,sprang
12584,und,und,CCONJ,cd,12582,sprang
12585,packte,packen,VERB,cj,12584,und
12586,den,der,DET,oa,12585,packte
12587,Magister,Magister,PROPN,sb,12594,hielt
12588,",",--,PUNCT,punct,12587,Magister
12589,der,der,DET,nk,12590,Felix
12590,Felix,Felix,PROPN,app,12587,Magister
12591,bei,bei,ADP,mo,12594,hielt
12592,den,der,DET,nk,12593,Schultern
12593,Schultern,Schulter,NOUN,nk,12591,bei
12594,hielt,halten,VERB,ROOT,12594,hielt
12595,",",--,PUNCT,punct,12594,hielt
12596,ohne,ohne,ADP,mo,12594,hielt
12597,Umstände,Umstand,NOUN,nk,12596,ohne
12598,beim,bei,ADP,mnr,12597,Umstände
12599,Rockkragen,Rockkragen,NOUN,nk,12598,beim
12600,.,--,PUNCT,punct,12594,hielt
12601,Der,der,DET,ROOT,12601,Der
12602,Magister,Magister,ADJ,nk,12603,Tinte
12603,Tinte,Tinte,NOUN,sb,12604,erhob
12604,erhob,erheben,VERB,ROOT,12604,erhob
12605,ein,ein,DET,nk,12607,Geschrei
12606,klägliches,kläglich,ADJ,nk,12607,Geschrei
12607,Geschrei,Geschrei,NOUN,oa,12604,erhob
12608,",",--,PUNCT,punct,12607,Geschrei
12609,auf,auf,ADP,mnr,12607,Geschrei
12610,das,der,PRON,nk,12611,Herr
12611,Herr,Herr,NOUN,nk,12609,auf
12612,Thaddäus,Thaddäus,PROPN,nk,12611,Herr
12613,von,von,ADP,op,12604,erhob
12614,Brakel,Brakel,PROPN,nk,12613,von
12615,schnell,schnell,ADV,mo,12616,hinzueilte
12616,hinzueilte,hinzueiln,VERB,ROOT,12616,hinzueilte
12617,.,--,PUNCT,punct,12616,hinzueilte
12618,Der,der,DET,nk,12619,Magister
12619,Magister,Magister,NOUN,sb,12620,ließ
12620,ließ,lassen,VERB,ROOT,12620,ließ
12621,ab,ab,ADP,ac,12622,von
12622,von,von,ADP,mo,12620,ließ
12623,Felix,Felix,PROPN,nk,12622,von
12624,",",--,PUNCT,punct,12623,Felix
12625,Sultan,Sultan,PROPN,par,12623,Felix
12626,von,von,ADP,mo,12620,ließ
12627,dem,der,DET,nk,12628,Magister
12628,Magister,Magister,NOUN,nk,12626,von
12629,.,--,PUNCT,punct,12620,ließ
12630,"""",--,PUNCT,punct,12633,sollen
12631,Ach,ach,INTJ,dep,12633,sollen
12632,wir,wir,PRON,sb,12633,sollen
12633,sollen,sollen,AUX,oc,12641,klagte
12634,nicht,nicht,PART,ng,12633,sollen
12635,mehr,mehr,ADV,mo,12634,nicht
12636,in,in,ADP,mo,12633,sollen
12637,den,der,DET,nk,12638,Wald
12638,Wald,Wald,NOUN,nk,12636,in
12639,"""",--,PUNCT,punct,12633,sollen
12640,",",--,PUNCT,punct,12641,klagte
12641,klagte,klagen,VERB,ROOT,12641,klagte
12642,Christlieb,Christlieb,PROPN,sb,12641,klagte
12643,",",--,PUNCT,punct,12641,klagte
12644,indem,indem,SCONJ,mo,12641,klagte
12645,sie,sie,PRON,sb,12641,klagte
12646,bitterlich,Bitterlich,ADV,mo,12647,weinte
12647,weinte,weinen,VERB,ROOT,12647,weinte
12648,.,--,PUNCT,punct,12647,weinte
12649,So,so,ADV,mo,12650,sehr
12650,sehr,sehr,ADV,mo,12658,ausschalt
12651,auch,auch,ADV,mo,12653,Herr
12652,der,der,DET,nk,12653,Herr
12653,Herr,Herr,NOUN,sb,12658,ausschalt
12654,von,von,ADP,pg,12653,Herr
12655,Brakel,Brakel,PROPN,nk,12654,von
12656,den,der,DET,nk,12657,Felix
12657,Felix,Felix,PROPN,da,12658,ausschalt
12658,ausschalt,ausschilten,VERB,mo,12660,taten
12659,",",--,PUNCT,punct,12660,taten
12660,taten,tun,VERB,ROOT,12660,taten
12661,ihm,ihm,PRON,da,12665,leid
12662,doch,doch,ADV,mo,12661,ihm
12663,die,der,DET,nk,12664,Kinder
12664,Kinder,Kind,NOUN,sb,12661,ihm
12665,leid,leid,ADV,ROOT,12665,leid
12666,",",--,PUNCT,punct,12665,leid
12667,die,der,PRON,sb,12674,herumschwärmen
12668,nicht,nicht,PART,ng,12674,herumschwärmen
12669,mehr,mehr,ADV,mo,12668,nicht
12670,in,in,ADP,mo,12674,herumschwärmen
12671,Flur,Flur,NOUN,nk,12670,in
12672,und,und,CCONJ,cd,12671,Flur
12673,Hain,Hain,NOUN,cj,12672,und
12674,herumschwärmen,herumschwärmen,VERB,rc,12663,die
12675,sollten,sollen,AUX,ROOT,12675,sollten
12676,.,--,PUNCT,punct,12675,sollten
12677,Der,der,DET,nk,12679,Tinte
12678,Magister,Magister,NOUN,nk,12679,Tinte
12679,Tinte,Tinte,NOUN,sb,12680,mußte
12680,mußte,müssen,AUX,ROOT,12680,mußte
12681,sich,sich,PRON,oa,12683,verstehen
12682,dazu,dazu,ADV,op,12683,verstehen
12683,verstehen,verstehen,VERB,oc,12680,mußte
12684,",",--,PUNCT,punct,12683,verstehen
12685,täglich,täglich,ADV,mo,12686,mit
12686,mit,mit,ADP,mo,12680,mußte
12687,den,der,DET,nk,12688,Kindern
12688,Kindern,Kind,NOUN,nk,12686,mit
12689,den,der,DET,nk,12690,Wald
12690,Wald,Wald,NOUN,oa,12692,besuchen
12691,zu,zu,PART,pm,12692,besuchen
12692,besuchen,besuchen,VERB,ROOT,12692,besuchen
12693,.,--,PUNCT,punct,12692,besuchen
12694,Es,es,PRON,ep,12695,ging
12695,ging,gehen,VERB,ROOT,12695,ging
12696,ihm,ihm,PRON,da,12695,ging
12697,schwer,schwer,ADV,mo,12695,ging
12698,ein,ein,ADV,svp,12695,ging
12699,.,--,PUNCT,punct,12695,ging
12700,"""",--,PUNCT,punct,12701,Hätten
12701,Hätten,Haben,VERB,ROOT,12701,Hätten
12702,Sie,sie,PRON,sb,12701,Hätten
12703,nur,nur,ADV,mo,12701,Hätten
12704,",",--,PUNCT,punct,12701,Hätten
12705,Herr,Herr,NOUN,oa,12701,Hätten
12706,von,von,ADP,pg,12705,Herr
12707,Brakel,Brakel,NOUN,sb,12710,sprach
12708,"""",--,PUNCT,punct,12707,Brakel
12709,",",--,PUNCT,punct,12710,sprach
12710,sprach,sprechen,VERB,ROOT,12710,sprach
12711,er,er,PRON,sb,12710,sprach
12712,",",--,PUNCT,punct,12710,sprach
12713,"""",--,PUNCT,punct,12716,Garten
12714,einen,ein,DET,nk,12716,Garten
12715,vernünftigen,vernünftig,ADJ,nk,12716,Garten
12716,Garten,Garten,NOUN,oa,12710,sprach
12717,mit,mit,ADP,mnr,12716,Garten
12718,Buchsbaum,Buchsbaum,NOUN,nk,12717,mit
12719,und,und,CCONJ,cd,12718,Buchsbaum
12720,Staketen,Staket,NOUN,cj,12719,und
12721,am,an,ADP,mo,12710,sprach
12722,Hause,Haus,NOUN,mo,12725,könnte
12723,",",--,PUNCT,punct,12724,so
12724,so,so,ADV,mo,12725,könnte
12725,könnte,können,AUX,ROOT,12725,könnte
12726,man,man,PRON,sb,12725,könnte
12727,in,in,ADP,mo,12733,spazierengehen
12728,der,der,DET,nk,12729,Mittagsstunde
12729,Mittagsstunde,Mittagsstunde,NOUN,nk,12727,in
12730,mit,mit,ADP,mo,12733,spazierengehen
12731,den,der,DET,nk,12732,Kindern
12732,Kindern,Kind,NOUN,nk,12730,mit
12733,spazierengehen,spazierengehen,VERB,oc,12725,könnte
12734,",",--,PUNCT,punct,12733,spazierengehen
12735,was,wer,PRON,dep,12725,könnte
12736,in,in,ADP,mo,12739,sollen
12737,aller,aller,DET,nk,12738,Welt
12738,Welt,Welt,NOUN,nk,12736,in
12739,sollen,sollen,AUX,ROOT,12739,sollen
12740,wir,wir,PRON,sb,12739,sollen
12741,aber,aber,ADV,mo,12739,sollen
12742,in,in,ADP,mo,12739,sollen
12743,dem,der,DET,nk,12745,Walde
12744,wilden,wild,ADJ,nk,12745,Walde
12745,Walde,Walde,NOUN,nk,12742,in
12746,?,--,PUNCT,punct,12739,sollen
12747,"""",--,PUNCT,punct,12739,sollen
12748,–,--,PUNCT,punct,12751,waren
12749,Die,der,DET,nk,12750,Kinder
12750,Kinder,Kind,NOUN,sb,12751,waren
12751,waren,sein,AUX,ROOT,12751,waren
12752,such,Such,NOUN,pd,12751,waren
12753,ganz,ganz,ADV,mo,12754,unzufrieden
12754,unzufrieden,unzufrieden,ADV,ROOT,12754,unzufrieden
12755,und,und,CCONJ,cd,12754,unzufrieden
12756,sprachen,sprechen,VERB,cj,12755,und
12757,nun,nun,ADV,mo,12756,sprachen
12758,wieder,wieder,ADV,mo,12756,sprachen
12759,:,--,PUNCT,punct,12754,unzufrieden
12760,"""",--,PUNCT,punct,12762,soll
12761,Was,was,PRON,sb,12762,soll
12762,soll,sollen,AUX,oc,12754,unzufrieden
12763,uns,uns,PRON,oa,12762,soll
12764,der,der,DET,nk,12765,Magister
12765,Magister,Magister,NOUN,sb,12762,soll
12766,in,in,ADP,mnr,12765,Magister
12767,unserm,unserm,DET,nk,12766,in
12768,lieben,lieben,ADJ,nk,12769,Walde
12769,Walde,Walde,NOUN,ROOT,12769,Walde
12770,?,--,PUNCT,punct,12769,Walde
12771,"""",--,PUNCT,ROOT,12771,""""
12772,Wie,wie,SCONJ,mo,12782,spazierengingen
12773,die,der,DET,nk,12774,Kinder
12774,Kinder,Kind,NOUN,sb,12782,spazierengingen
12775,mit,mit,ADP,mo,12782,spazierengingen
12776,dem,der,DET,nk,12777,Herrn
12777,Herrn,Herr,NOUN,nk,12775,mit
12778,Magister,Magister,PROPN,pnc,12779,Tinte
12779,Tinte,Tinte,NOUN,nk,12777,Herrn
12780,im,in,ADP,mo,12782,spazierengingen
12781,Walde,Walde,NOUN,nk,12780,im
12782,spazierengingen,spazierengingen,VERB,ROOT,12782,spazierengingen
12783,und,und,CCONJ,cd,12782,spazierengingen
12784,was,was,PRON,cj,12783,und
12785,sich,sich,PRON,oa,12787,zutrug
12786,dabei,dabei,ADV,mnr,12785,sich
12787,zutrug,Zutrug,VERB,ROOT,12787,zutrug
12788,"""",--,PUNCT,punct,12789,Nun
12789,Nun,nun,ADV,mo,12793,gefällt
12790,?,--,PUNCT,punct,12793,gefällt
12791,"""",--,PUNCT,punct,12793,gefällt
12792,–,--,PUNCT,punct,12793,gefällt
12793,gefällt,fällen,VERB,oc,12804,fragte
12794,es,es,PRON,oa,12793,gefällt
12795,dir,dir,PRON,da,12793,gefällt
12796,nicht,nicht,PART,ng,12793,gefällt
12797,in,in,ADP,mo,12793,gefällt
12798,unserm,unserm,DET,nk,12799,Walde
12799,Walde,Walde,NOUN,nk,12797,in
12800,Herr,Herr,NOUN,nk,12799,Walde
12801,Magister,Magister,PROPN,nk,12800,Herr
12802,?,--,PUNCT,punct,12793,gefällt
12803,"""",--,PUNCT,dep,12804,fragte
12804,fragte,fragen,VERB,ROOT,12804,fragte
12805,Felix,Felix,PROPN,sb,12804,fragte
12806,den,der,DET,dep,12804,fragte
12807,Magister,Magister,PROPN,nk,12808,Tinte
12808,Tinte,Tinte,NOUN,ROOT,12808,Tinte
12809,",",--,PUNCT,punct,12808,Tinte
12810,als,als,SCONJ,cm,12812,daherzogen
12811,sie,sie,PRON,sb,12812,daherzogen
12812,daherzogen,daherzogen,VERB,cc,12808,Tinte
12813,durch,durch,ADP,mo,12812,daherzogen
12814,das,der,DET,nk,12816,Gebüsch
12815,rauschende,rauschend,ADJ,nk,12816,Gebüsch
12816,Gebüsch,Gebüsch,NOUN,nk,12813,durch
12817,.,--,PUNCT,punct,12808,Tinte
12818,Der,der,DET,nk,12819,Magister
12819,Magister,Magister,NOUN,ROOT,12819,Magister
12820,Tinte,Tinte,NOUN,sb,12821,zog
12821,zog,ziehen,VERB,ROOT,12821,zog
12822,aber,aber,ADV,mo,12821,zog
12823,ein,ein,DET,nk,12825,Gesicht
12824,saures,saur,ADJ,nk,12825,Gesicht
12825,Gesicht,Gesicht,NOUN,oa,12821,zog
12826,und,und,CCONJ,cd,12821,zog
12827,rief,rufen,VERB,cj,12826,und
12828,:,--,PUNCT,punct,12827,rief
12829,"""",--,PUNCT,punct,12834,ist
12830,Dummes,Dummes,PROPN,nk,12831,Zeug
12831,Zeug,Zeug,NOUN,sb,12834,ist
12832,",",--,PUNCT,punct,12834,ist
12833,hier,hier,ADV,mo,12834,ist
12834,ist,sein,AUX,oc,12827,rief
12835,kein,kein,DET,pd,12834,ist
12836,ordentlicher,ordentlich,ADJ,nk,12837,Steg
12837,Steg,Steg,NOUN,ROOT,12837,Steg
12838,und,und,CCONJ,cd,12837,Steg
12839,Weg,Weg,NOUN,cj,12838,und
12840,",",--,PUNCT,punct,12837,Steg
12841,man,man,PRON,sb,12842,zerreißt
12842,zerreißt,zerreißen,VERB,oc,12837,Steg
12843,sich,sich,PRON,oa,12842,zerreißt
12844,nur,nur,ADV,mo,12846,Strümpfe
12845,die,der,DET,nk,12846,Strümpfe
12846,Strümpfe,Strümpfe,NOUN,oa,12842,zerreißt
12847,und,und,CCONJ,cd,12842,zerreißt
12848,kann,können,AUX,cj,12847,und
12849,vor,vor,ADP,mo,12848,kann
12850,dem,der,DET,nk,12849,vor
12851,häßlichen,häßlichen,VERB,nk,12852,Gekreisch
12852,Gekreisch,Gekreisch,NOUN,ROOT,12852,Gekreisch
12853,der,der,DET,nk,12855,Vögel
12854,dummen,dumm,ADJ,nk,12855,Vögel
12855,Vögel,Vogel,NOUN,ag,12852,Gekreisch
12856,gar,gar,ADV,mo,12859,Wort
12857,kein,kein,DET,nk,12859,Wort
12858,vernünftiges,vernünftig,ADJ,nk,12859,Wort
12859,Wort,Wort,NOUN,oa,12860,sprechen
12860,sprechen,sprechen,VERB,oc,12852,Gekreisch
12861,.,--,PUNCT,punct,12852,Gekreisch
12862,"""",--,PUNCT,punct,12852,Gekreisch
12863,–,--,PUNCT,ROOT,12863,–
12864,"""",--,PUNCT,punct,12865,Haha
12865,Haha,Haha,PROPN,sb,12876,merk
12866,",",--,PUNCT,punct,12865,Haha
12867,Herr,Herr,NOUN,app,12865,Haha
12868,Magister,Magister,PROPN,nk,12867,Herr
12869,"""",--,PUNCT,punct,12865,Haha
12870,",",--,PUNCT,punct,12871,sprach
12871,sprach,sprechen,VERB,ROOT,12871,sprach
12872,Felix,Felix,PROPN,sb,12871,sprach
12873,",",--,PUNCT,punct,12871,sprach
12874,"""",--,PUNCT,punct,12876,merk
12875,ich,ich,PRON,sb,12876,merk
12876,merk,Merk,VERB,oc,12871,sprach
12877,es,es,PRON,oa,12876,merk
12878,schon,schon,ADV,mo,12876,merk
12879,",",--,PUNCT,punct,12876,merk
12880,du,du,PRON,sb,12881,verstehst
12881,verstehst,verstehsen,VERB,cj,12871,sprach
12882,dich,dich,PRON,oa,12881,verstehst
12883,nicht,nicht,PART,ng,12886,Gesang
12884,auf,auf,ADP,ROOT,12884,auf
12885,den,der,DET,nk,12886,Gesang
12886,Gesang,Gesang,NOUN,nk,12884,auf
12887,und,und,CCONJ,cd,12884,auf
12888,hörst,hörst,VERB,cj,12887,und
12889,es,es,PRON,oa,12888,hörst
12890,auch,auch,ADV,mo,12888,hörst
12891,wohl,wohl,ADV,mo,12888,hörst
12892,gar,gar,ADV,mo,12893,nicht
12893,nicht,nicht,PART,ng,12888,hörst
12894,einmal,einmal,ADV,mo,12893,nicht
12895,",",--,PUNCT,punct,12888,hörst
12896,wenn,wenn,SCONJ,mo,12888,hörst
12897,der,der,DET,ROOT,12897,der
12898,Morgenwind,Morgenwind,NOUN,ROOT,12898,Morgenwind
12899,mit,mit,ADP,mo,12902,plaudert
12900,den,der,DET,nk,12901,Büschen
12901,Büschen,Büschen,NOUN,nk,12899,mit
12902,plaudert,plaudern,VERB,oc,12898,Morgenwind
12903,und,und,CCONJ,cd,12902,plaudert
12904,der,der,DET,nk,12906,Waldbach
12905,alte,alt,ADJ,nk,12906,Waldbach
12906,Waldbach,Waldbach,NOUN,cj,12903,und
12907,schöne,schön,ADJ,nk,12908,Märchen
12908,Märchen,Märche,NOUN,oa,12898,Morgenwind
12909,erzählt,erzählen,VERB,ROOT,12909,erzählt
12910,.,--,PUNCT,punct,12909,erzählt
12911,"""",--,PUNCT,punct,12909,erzählt
12912,–,--,PUNCT,punct,12917,fiel
12913,"""",--,PUNCT,punct,12914,Und
12914,Und,und,CCONJ,ju,12917,fiel
12915,"""",--,PUNCT,punct,12917,fiel
12916,",",--,PUNCT,punct,12917,fiel
12917,fiel,fallen,VERB,ROOT,12917,fiel
12918,Christlieb,Christlieb,PROPN,sb,12917,fiel
12919,dem,der,DET,nk,12920,Felix
12920,Felix,Felix,PROPN,da,12917,fiel
12921,ins,in,ADP,cvc,12917,fiel
12922,Wort,Wort,NOUN,nk,12921,ins
12923,",",--,PUNCT,punct,12917,fiel
12924,"""",--,PUNCT,punct,12917,fiel
12925,sag,sag,SCONJ,mo,12917,fiel
12926,es,es,PRON,oa,12917,fiel
12927,nur,nur,ADV,mo,12928,Magister
12928,Magister,Magister,NOUN,sb,12917,fiel
12929,",",--,PUNCT,punct,12928,Magister
12930,du,du,PRON,cj,12928,Magister
12931,liebst,liebst,ADV,mo,12936,Blumen
12932,auch,auch,ADV,mo,12933,wohl
12933,wohl,wohl,ADV,mo,12931,liebst
12934,nicht,nicht,PART,ng,12936,Blumen
12935,die,der,DET,nk,12936,Blumen
12936,Blumen,Blume,NOUN,ROOT,12936,Blumen
12937,?,--,PUNCT,punct,12936,Blumen
12938,"""",--,PUNCT,punct,12936,Blumen
12939,Da,da,ADV,mo,12940,wurde
12940,wurde,werden,AUX,ROOT,12940,wurde
12941,der,der,DET,nk,12942,Magister
12942,Magister,Magister,NOUN,sb,12940,wurde
12943,noch,noch,ADV,mo,12944,kirschbrauner
12944,kirschbrauner,Kirschbrauner,PROPN,pd,12940,wurde
12945,im,in,ADP,mo,12940,wurde
12946,Antlitz,Antlitz,PROPN,sb,12953,war
12947,als,als,SCONJ,cm,12948,er
12948,er,er,PRON,cc,12946,Antlitz
12949,schon,schon,ADV,mo,12953,war
12950,von,von,ADP,mo,12953,war
12951,Natur,Natur,NOUN,nk,12950,von
12952,aus,aus,ADP,ac,12950,von
12953,war,sein,AUX,ROOT,12953,war
12954,",",--,PUNCT,punct,12953,war
12955,er,er,PRON,sb,12956,schlug
12956,schlug,schlagen,VERB,cj,12953,war
12957,mit,mit,ADP,mo,12956,schlug
12958,den,der,DET,nk,12959,Händen
12959,Händen,Hand,NOUN,nk,12957,mit
12960,um,um,ADP,mo,12956,schlug
12961,sich,sich,PRON,nk,12960,um
12962,und,und,CCONJ,cd,12956,schlug
12963,schrie,schreien,VERB,ROOT,12963,schrie
12964,ganz,ganz,ADV,mo,12965,erbost
12965,erbost,erbost,ADV,mo,12963,schrie
12966,:,--,PUNCT,punct,12963,schrie
12967,"""",--,PUNCT,punct,12969,sprecht
12968,Was,was,PRON,sb,12969,sprecht
12969,sprecht,sprechen,VERB,ROOT,12969,sprecht
12970,ihr,ihr,PRON,da,12969,sprecht
12971,da,da,ADV,mo,12969,sprecht
12972,für,für,ADP,mo,12969,sprecht
12973,tolles,toll,ADJ,nk,12975,Zeug
12974,albernes,albern,ADJ,nk,12975,Zeug
12975,Zeug,Zeug,NOUN,nk,12972,für
12976,?,--,PUNCT,punct,12969,sprecht
12977,–,--,PUNCT,punct,12979,hat
12978,wer,wer,PRON,sb,12979,hat
12979,hat,haben,VERB,ROOT,12979,hat
12980,euch,euch,PRON,da,12986,gesetzt
12981,die,der,DET,nk,12982,Narrheiten
12982,Narrheiten,Narrheit,NOUN,sb,12980,euch
12983,in,in,ADP,mo,12986,gesetzt
12984,den,der,DET,nk,12985,Kopf
12985,Kopf,Kopf,NOUN,nk,12983,in
12986,gesetzt,setzen,VERB,ROOT,12986,gesetzt
12987,?,--,PUNCT,punct,12986,gesetzt
12988,das,der,DET,nk,12989,fehlte
12989,fehlte,fehlen,VERB,ROOT,12989,fehlte
12990,noch,noch,ADV,mo,12989,fehlte
12991,",",--,PUNCT,punct,12989,fehlte
12992,daß,daß,SCONJ,cp,12993,Wälder
12993,Wälder,Wald,NOUN,sb,12989,fehlte
12994,und,und,CCONJ,cd,12993,Wälder
12995,Bäche,Bach,NOUN,cj,12994,und
12996,dreist,dreist,ADV,pd,12998,wären
12997,genug,genug,ADV,mo,12996,dreist
12998,wären,sein,AUX,ROOT,12998,wären
12999,sich,sich,PRON,oa,13004,mischen
13000,in,in,ADP,mo,13004,mischen
13001,vernünftige,vernünftig,ADJ,nk,13002,Gespräche
13002,Gespräche,Gespräch,NOUN,nk,13000,in
13003,zu,zu,PART,pm,13004,mischen
13004,mischen,mischen,VERB,oc,12998,wären
13005,und,und,CCONJ,cd,13004,mischen
13006,mit,mit,ADP,cj,13005,und
13007,dem,der,DET,nk,13008,Gesang
13008,Gesang,Gesang,NOUN,nk,13006,mit
13009,der,der,DET,nk,13010,Vögel
13010,Vögel,Vogel,NOUN,sb,13011,ist
13011,ist,sein,AUX,ROOT,13011,ist
13012,es,es,PRON,sb,13011,ist
13013,auch,auch,ADV,mo,13011,ist
13014,nichts,nichts,PRON,pd,13011,ist
13015,;,--,PUNCT,punct,13011,ist
13016,Blumen,Blume,NOUN,oa,13017,lieb
13017,lieb,leiben,VERB,ROOT,13017,lieb
13018,ich,ich,PRON,sb,13017,lieb
13019,wohl,wohl,ADV,mo,13017,lieb
13020,",",--,PUNCT,punct,13017,lieb
13021,wenn,wenn,SCONJ,cp,13022,sie
13022,sie,sie,PRON,mo,13017,lieb
13023,fein,fein,ADV,pd,13022,sie
13024,in,in,ADP,mo,13023,fein
13025,Töpfe,Topf,NOUN,nk,13024,in
13026,gesteckt,stecken,VERB,pd,13027,sind
13027,sind,sein,AUX,re,13034,dann
13028,und,und,CCONJ,cd,13027,sind
13029,in,in,ADP,mo,13032,stehen
13030,der,der,DET,nk,13031,Stube
13031,Stube,Stube,NOUN,nk,13029,in
13032,stehen,stehen,VERB,cj,13028,und
13033,",",--,PUNCT,punct,13034,dann
13034,dann,dann,ADV,mo,13035,duften
13035,duften,dufen,VERB,ROOT,13035,duften
13036,sie,sie,PRON,sb,13035,duften
13037,und,und,CCONJ,cd,13036,sie
13038,man,man,PRON,sb,13039,erspart
13039,erspart,ersparen,VERB,cj,13037,und
13040,das,der,PRON,oa,13039,erspart
13041,Räucherwerk,Räucherwerk,NOUN,ROOT,13041,Räucherwerk
13042,.,--,PUNCT,punct,13041,Räucherwerk
13043,Doch,doch,CCONJ,ju,13046,wachsen
13044,im,in,ADP,mo,13046,wachsen
13045,Walde,Walde,NOUN,nk,13044,im
13046,wachsen,wachsen,VERB,ROOT,13046,wachsen
13047,ja,ja,ADV,mo,13046,wachsen
13048,gar,gar,ADV,mo,13049,keine
13049,keine,kein,DET,nk,13050,Blumen
13050,Blumen,Blume,NOUN,sb,13046,wachsen
13051,.,--,PUNCT,punct,13046,wachsen
13052,"""",--,PUNCT,punct,13046,wachsen
13053,–,--,PUNCT,ROOT,13053,–
13054,"""",--,PUNCT,punct,13056,Herr
13055,Aber,aber,CCONJ,ju,13056,Herr
13056,Herr,Herr,NOUN,ROOT,13056,Herr
13057,Magister,Magister,NOUN,sb,13064,siehst
13058,"""",--,PUNCT,punct,13060,rief
13059,",",--,PUNCT,punct,13060,rief
13060,rief,rufen,VERB,ROOT,13060,rief
13061,Christlieb,Christlieb,PROPN,sb,13060,rief
13062,",",--,PUNCT,punct,13060,rief
13063,"""",--,PUNCT,punct,13064,siehst
13064,siehst,siehen,VERB,oc,13060,rief
13065,du,du,PRON,sb,13064,siehst
13066,denn,denn,ADV,mo,13064,siehst
13067,nicht,nicht,PART,ng,13064,siehst
13068,die,der,DET,nk,13070,Maiblümchen
13069,lieben,lieb,ADJ,nk,13070,Maiblümchen
13070,Maiblümchen,Maiblümchen,NOUN,oa,13064,siehst
13071,",",--,PUNCT,punct,13070,Maiblümchen
13072,die,der,PRON,oa,13064,siehst
13073,dich,dich,PRON,da,13079,angucken
13074,recht,Recht,ADV,mo,13079,angucken
13075,mit,mit,ADP,mo,13079,angucken
13076,hellen,hell,ADJ,nk,13078,Augen
13077,freundlichen,freundlich,ADJ,nk,13078,Augen
13078,Augen,Auge,NOUN,nk,13075,mit
13079,angucken,angucken,VERB,ROOT,13079,angucken
13080,?,--,PUNCT,punct,13079,angucken
13081,"""",--,PUNCT,punct,13079,angucken
13082,–,--,PUNCT,punct,13088,schrie
13083,"""",--,PUNCT,punct,13088,schrie
13084,Was,was,PRON,oa,13088,schrie
13085,was,was,PRON,oa,13088,schrie
13086,"""",--,PUNCT,punct,13088,schrie
13087,",",--,PUNCT,punct,13088,schrie
13088,schrie,schreien,VERB,ROOT,13088,schrie
13089,der,der,DET,dep,13088,schrie
13090,Magister,Magister,NOUN,ROOT,13090,Magister
13091,–,--,PUNCT,punct,13090,Magister
13092,"""",--,PUNCT,punct,13093,Blumen
13093,Blumen,Blume,NOUN,app,13090,Magister
13094,?,--,PUNCT,punct,13090,Magister
13095,Augen,Auge,NOUN,ROOT,13095,Augen
13096,?,--,PUNCT,punct,13095,Augen
13097,–,--,PUNCT,punct,13098,ha
13098,ha,ha,X,ROOT,13098,ha
13099,ha,ha,X,uc,13098,ha
13100,ha,ha,X,uc,13098,ha
13101,–,--,PUNCT,punct,13103,Augen
13102,schöne,schön,ADJ,nk,13103,Augen
13103,Augen,Auge,NOUN,oa,13098,ha
13104,–,--,PUNCT,punct,13103,Augen
13105,schöne,schön,ADJ,nk,13106,Augen
13106,Augen,Auge,NOUN,oa,13098,ha
13107,!,--,PUNCT,punct,13098,ha
13108,Die,der,DET,ROOT,13108,Die
13109,nichtsnutzigen,nichtsnutzigen,VERB,ROOT,13109,nichtsnutzigen
13110,Dinger,Dinger,NOUN,sb,13111,riechen
13111,riechen,riechen,VERB,sb,13109,nichtsnutzigen
13112,nicht,nicht,PART,ng,13111,riechen
13113,einmal,einmal,ADV,mo,13112,nicht
13114,!,--,PUNCT,punct,13109,nichtsnutzigen
13115,"""",--,PUNCT,punct,13109,nichtsnutzigen
13116,–,--,PUNCT,punct,13119,bückte
13117,Und,und,CCONJ,ju,13119,bückte
13118,damit,damit,ADV,mo,13119,bückte
13119,bückte,bücken,VERB,ROOT,13119,bückte
13120,sich,sich,PRON,oa,13119,bückte
13121,der,der,DET,ROOT,13121,der
13122,Magister,Magister,ADJ,nk,13123,Tinte
13123,Tinte,Tinte,NOUN,sb,13128,riß
13124,zur,zu,ADP,mnr,13123,Tinte
13125,Erde,Erde,NOUN,nk,13124,zur
13126,nieder,nieder,ADV,svp,13123,Tinte
13127,",",--,PUNCT,punct,13128,riß
13128,riß,reißen,VERB,ROOT,13128,riß
13129,einen,ein,DET,nk,13131,Strauß
13130,ganzen,ganz,ADJ,nk,13131,Strauß
13131,Strauß,Strauß,PROPN,pnc,13132,Maiblümchen
13132,Maiblümchen,Maiblümchen,NOUN,oa,13128,riß
13133,samt,samt,ADP,mnr,13132,Maiblümchen
13134,den,der,DET,nk,13133,samt
13135,Wurzeln,Wurzel,NOUN,ROOT,13135,Wurzeln
13136,heraus,heraus,ADV,mo,13135,Wurzeln
13137,",",--,PUNCT,punct,13135,Wurzeln
13138,und,und,CCONJ,cd,13135,Wurzeln
13139,warf,werfen,VERB,cj,13138,und
13140,ihn,ihn,PRON,oa,13139,warf
13141,fort,fort,ADV,svp,13139,warf
13142,ins,in,ADP,mo,13139,warf
13143,Gebüsch,Gebüsch,NOUN,nk,13142,ins
13144,.,--,PUNCT,punct,13135,Wurzeln
13145,Den,der,DET,nk,13146,Kindern
13146,Kindern,Kind,NOUN,da,13147,war
13147,war,sein,AUX,ROOT,13147,war
13148,es,es,PRON,sb,13147,war
13149,",",--,PUNCT,punct,13147,war
13150,als,als,SCONJ,cm,13151,ginge
13151,ginge,gehen,VERB,mo,13147,war
13152,in,in,ADP,mo,13151,ginge
13153,dem,der,DET,nk,13154,Augenblick
13154,Augenblick,Augenblick,NOUN,ROOT,13154,Augenblick
13155,ein,ein,DET,nk,13157,Klagelaut
13156,wehmütiger,wehmütig,ADJ,nk,13157,Klagelaut
13157,Klagelaut,Klagelaut,NOUN,ROOT,13157,Klagelaut
13158,durch,durch,ADP,mnr,13157,Klagelaut
13159,den,der,DET,nk,13160,Wald
13160,Wald,Wald,NOUN,nk,13158,durch
13161,;,--,PUNCT,punct,13157,Klagelaut
13162,Christlieb,Christlieb,NOUN,sb,13163,mußte
13163,mußte,müssen,AUX,ROOT,13163,mußte
13164,bitterlich,bitterlich,ADV,mo,13165,weinen
13165,weinen,weinen,VERB,ROOT,13165,weinen
13166,",",--,PUNCT,punct,13165,weinen
13167,Felix,Felix,PROPN,sb,13168,biß
13168,biß,biß,VERB,oc,13165,weinen
13169,unmutig,unmutig,ADV,mo,13168,biß
13170,die,der,DET,nk,13171,Zähne
13171,Zähne,Zahn,NOUN,oa,13168,biß
13172,zusammen,zusammen,ADV,svp,13168,biß
13173,.,--,PUNCT,punct,13165,weinen
13174,Da,da,ADV,mo,13175,geschah
13175,geschah,geschehen,VERB,ROOT,13175,geschah
13176,es,es,PRON,sb,13175,geschah
13177,",",--,PUNCT,punct,13175,geschah
13178,daß,daß,SCONJ,mo,13175,geschah
13179,ein,ein,DET,punct,13175,geschah
13180,kleiner,klein,ADJ,nk,13181,Zeisig
13181,Zeisig,Zeisig,NOUN,sb,13189,vorbeiflatterte
13182,dem,der,DET,nk,13184,Tinte
13183,Magister,Magister,NOUN,nk,13184,Tinte
13184,Tinte,Tinte,NOUN,da,13189,vorbeiflatterte
13185,dicht,dicht,ADV,mo,13189,vorbeiflatterte
13186,bei,bei,ADP,mo,13189,vorbeiflatterte
13187,der,der,DET,nk,13188,Nase
13188,Nase,Nase,NOUN,nk,13186,bei
13189,vorbeiflatterte,vorbeiflattern,VERB,ROOT,13189,vorbeiflatterte
13190,",",--,PUNCT,punct,13189,vorbeiflatterte
13191,sich,sich,PRON,oa,13189,vorbeiflatterte
13192,dann,dann,ADV,mo,13189,vorbeiflatterte
13193,auf,auf,ADP,mo,13196,setzte
13194,einen,ein,DET,nk,13195,Zweig
13195,Zweig,Zweig,NOUN,nk,13193,auf
13196,setzte,setzen,VERB,ROOT,13196,setzte
13197,und,und,CCONJ,cd,13196,setzte
13198,ein,ein,DET,nk,13200,Liedchen
13199,lustiges,lustig,ADJ,nk,13200,Liedchen
13200,Liedchen,Liedchen,NOUN,oa,13201,anstimmte
13201,anstimmte,anstimmen,VERB,cj,13197,und
13202,.,--,PUNCT,punct,13196,setzte
13203,"""",--,PUNCT,punct,13205,glaube
13204,Ich,ich,PRON,sb,13205,glaube
13205,glaube,glauben,VERB,ROOT,13205,glaube
13206,gar,gar,ADV,mo,13205,glaube
13207,"""",--,PUNCT,punct,13205,glaube
13208,",",--,PUNCT,punct,13205,glaube
13209,sprach,sprechen,VERB,ROOT,13209,sprach
13210,der,der,DET,nk,13211,Magister
13211,Magister,Magister,NOUN,sb,13209,sprach
13212,",",--,PUNCT,punct,13209,sprach
13213,"""",--,PUNCT,punct,13215,glaube
13214,ich,ich,PRON,sb,13215,glaube
13215,glaube,glauben,VERB,oc,13209,sprach
13216,gar,gar,ADV,mo,13215,glaube
13217,das,der,PRON,oa,13215,glaube
13218,ist,sein,AUX,mo,13215,glaube
13219,ein,ein,DET,nk,13220,Spottvogel
13220,Spottvogel,Spottvogel,NOUN,pd,13218,ist
13221,?,--,PUNCT,punct,13209,sprach
13222,"""",--,PUNCT,punct,13209,sprach
13223,Und,und,CCONJ,ju,13225,nahm
13224,damit,damit,ADV,mo,13225,nahm
13225,nahm,nehmen,VERB,ROOT,13225,nahm
13226,er,er,PRON,sb,13225,nahm
13227,einen,ein,DET,nk,13228,Stein
13228,Stein,Stein,NOUN,oa,13234,warf
13229,von,von,ADP,mnr,13228,Stein
13230,der,der,DET,nk,13231,Erde
13231,Erde,Erde,NOUN,nk,13229,von
13232,auf,auf,ADP,mnr,13228,Stein
13233,",",--,PUNCT,punct,13234,warf
13234,warf,werfen,VERB,ROOT,13234,warf
13235,ihn,ihn,PRON,oa,13234,warf
13236,nach,nach,ADP,mo,13234,warf
13237,dem,der,DET,nk,13238,Zeisig
13238,Zeisig,Zeisig,NOUN,nk,13236,nach
13239,und,und,CCONJ,cd,13234,warf
13240,traf,treffen,VERB,cj,13239,und
13241,den,der,DET,nk,13242,armen
13242,armen,arme,NOUN,oa,13240,traf
13243,Vogel,Vogel,PROPN,ROOT,13243,Vogel
13244,",",--,PUNCT,punct,13243,Vogel
13245,daß,daß,SCONJ,cp,13254,herabfiel
13246,er,er,PRON,sb,13254,herabfiel
13247,zum,zu,ADP,op,13249,verstummt
13248,Tode,Tod,NOUN,nk,13247,zum
13249,verstummt,verstummen,VERB,mo,13254,herabfiel
13250,von,von,ADP,op,13249,verstummt
13251,dem,der,DET,nk,13253,Zweige
13252,grünen,grün,ADJ,nk,13253,Zweige
13253,Zweige,Zweig,NOUN,nk,13250,von
13254,herabfiel,herabfiel,VERB,oc,13243,Vogel
13255,.,--,PUNCT,punct,13243,Vogel
13256,Nun,nun,ADV,mo,13257,konnte
13257,konnte,können,AUX,ROOT,13257,konnte
13258,Felix,Felix,PROPN,sb,13263,halten
13259,sich,sich,PRON,oa,13263,halten
13260,gar,gar,ADV,mo,13261,nicht
13261,nicht,nicht,PART,ng,13263,halten
13262,mehr,mehr,ADV,mo,13261,nicht
13263,halten,halten,VERB,ROOT,13263,halten
13264,.,--,PUNCT,punct,13263,halten
13265,"""",--,PUNCT,punct,13269,Herr
13266,Ei,Ei,X,mo,13269,Herr
13267,du,du,PRON,sb,13266,Ei
13268,abscheulicher,abscheulich,ADJ,nk,13269,Herr
13269,Herr,Herr,NOUN,ROOT,13269,Herr
13270,Magister,Magister,PROPN,pnc,13271,Tinte
13271,Tinte,Tinte,PROPN,nk,13269,Herr
13272,"""",--,PUNCT,punct,13269,Herr
13273,",",--,PUNCT,punct,13269,Herr
13274,rief,rufen,VERB,ROOT,13274,rief
13275,er,er,PRON,sb,13274,rief
13276,ganz,ganz,ADV,mo,13277,erbost
13277,erbost,erbost,ADV,mo,13274,rief
13278,",",--,PUNCT,punct,13274,rief
13279,"""",--,PUNCT,punct,13286,getan
13280,was,was,PRON,oa,13286,getan
13281,hat,haben,AUX,oc,13274,rief
13282,dir,dir,PRON,da,13286,getan
13283,der,der,DET,nk,13285,Vogel
13284,arme,arm,ADJ,nk,13285,Vogel
13285,Vogel,Vogel,NOUN,sb,13281,hat
13286,getan,tun,VERB,oc,13281,hat
13287,",",--,PUNCT,punct,13286,getan
13288,daß,daß,SCONJ,cp,13289,du
13289,du,du,PRON,sb,13274,rief
13290,ihn,ihn,PRON,oa,13289,du
13291,totschmeißest,totschmeißest,VERB,ROOT,13291,totschmeißest
13292,?,--,PUNCT,punct,13291,totschmeißest
13293,–,--,PUNCT,punct,13294,O
13294,O,O,PROPN,sb,13296,bist
13295,wo,wo,ADV,mo,13296,bist
13296,bist,sein,AUX,ROOT,13296,bist
13297,du,du,PRON,sb,13296,bist
13298,denn,denn,ADV,mo,13296,bist
13299,",",--,PUNCT,punct,13296,bist
13300,du,du,PRON,nk,13303,Kind
13301,holdes,hold,ADJ,nk,13303,Kind
13302,fremdes,fremd,ADJ,nk,13303,Kind
13303,Kind,Kind,NOUN,cj,13296,bist
13304,",",--,PUNCT,punct,13303,Kind
13305,o,o,X,sb,13306,komm
13306,komm,komm,VERB,cj,13303,Kind
13307,doch,doch,ADV,mo,13306,komm
13308,nur,nur,ADV,mo,13306,komm
13309,",",--,PUNCT,punct,13296,bist
13310,laß,Laß,NOUN,sb,13314,fortfliegen
13311,uns,uns,PRON,da,13314,fortfliegen
13312,weit,weit,ADV,mo,13313,weit
13313,weit,weit,ADV,mo,13314,fortfliegen
13314,fortfliegen,fortfliegen,NOUN,ROOT,13314,fortfliegen
13315,",",--,PUNCT,punct,13314,fortfliegen
13316,ich,ich,PRON,sb,13317,mag
13317,mag,mögen,AUX,cj,13314,fortfliegen
13318,nicht,nicht,PART,ng,13317,mag
13319,mehr,mehr,ADV,mo,13318,nicht
13320,bei,bei,ADP,mo,13317,mag
13321,dem,der,DET,nk,13323,Menschen
13322,garstigen,garstig,ADJ,nk,13323,Menschen
13323,Menschen,Mensch,NOUN,nk,13320,bei
13324,sein,sein,AUX,ROOT,13324,sein
13325,;,--,PUNCT,punct,13324,sein
13326,ich,ich,PRON,sb,13327,will
13327,will,wollen,AUX,ROOT,13327,will
13328,fort,fort,ADV,mo,13329,nach
13329,nach,nach,ADP,mo,13327,will
13330,deiner,dein,DET,nk,13331,Heimat
13331,Heimat,Heimat,NOUN,nk,13329,nach
13332,!,--,PUNCT,punct,13327,will
13333,"""",--,PUNCT,punct,13327,will
13334,–,--,PUNCT,ROOT,13334,–
13335,Und,und,CCONJ,ju,13336,mit
13336,mit,mit,ADP,mo,13334,–
13337,vollem,voll,ADJ,nk,13338,Schluchzen
13338,Schluchzen,Schluchz,NOUN,nk,13336,mit
13339,und,und,CCONJ,cd,13338,Schluchzen
13340,Weinen,Weine,NOUN,cj,13339,und
13341,stimmte,stimmt,ADJ,nk,13350,Kind
13342,Christlieb,Christlieb,NOUN,sb,13341,stimmte
13343,ein,ein,ADV,svp,13341,stimmte
13344,:,--,PUNCT,punct,13341,stimmte
13345,"""",--,PUNCT,punct,13350,Kind
13346,O,O,PROPN,pnc,13347,du
13347,du,du,PRON,sb,13350,Kind
13348,liebes,liebe,VERB,nk,13350,Kind
13349,holdes,hold,ADJ,nk,13350,Kind
13350,Kind,Kind,NOUN,ROOT,13350,Kind
13351,",",--,PUNCT,punct,13350,Kind
13352,komm,kommn,VERB,cj,13350,Kind
13353,doch,doch,ADV,mo,13352,komm
13354,nur,nur,ADV,mo,13356,komm
13355,",",--,PUNCT,punct,13356,komm
13356,komm,kommen,VERB,mo,13352,komm
13357,doch,doch,ADV,mo,13356,komm
13358,nur,nur,ADV,ROOT,13358,nur
13359,zu,zu,ADP,ROOT,13359,zu
13360,uns,uns,PRON,nk,13359,zu
13361,",",--,PUNCT,punct,13360,uns
13362,Ach,Ach,INTJ,cj,13360,uns
13363,!,--,PUNCT,punct,13359,zu
13364,Ach,ach,INTJ,dm,13367,rette
13365,!,--,PUNCT,punct,13367,rette
13366,–,--,PUNCT,punct,13367,rette
13367,rette,retten,VERB,ROOT,13367,rette
13368,uns,uns,PRON,oa,13367,rette
13369,–,--,PUNCT,punct,13367,rette
13370,rette,retten,VERB,cj,13367,rette
13371,uns,uns,PRON,oa,13370,rette
13372,",",--,PUNCT,punct,13370,rette
13373,der,der,DET,nk,13374,Herr
13374,Herr,Herr,NOUN,sb,13377,macht
13375,Magister,Magister,PROPN,pnc,13376,Tinte
13376,Tinte,Tinte,NOUN,nk,13374,Herr
13377,macht,machen,VERB,cj,13370,rette
13378,uns,uns,PRON,oa,13377,macht
13379,ja,ja,ADV,mo,13377,macht
13380,tot,tot,ADV,ROOT,13380,tot
13381,wie,wie,ADP,cm,13383,Blumen
13382,die,der,DET,nk,13383,Blumen
13383,Blumen,Blume,NOUN,cc,13380,tot
13384,und,und,CCONJ,cd,13383,Blumen
13385,Vögel,Vogel,NOUN,cj,13384,und
13386,!,--,PUNCT,punct,13380,tot
13387,"""",--,PUNCT,punct,13380,tot
13388,–,--,PUNCT,punct,13391,ist
13389,"""",--,PUNCT,punct,13391,ist
13390,Was,was,PRON,pd,13391,ist
13391,ist,sein,AUX,oc,13399,rief
13392,das,der,PRON,sb,13391,ist
13393,mit,mit,ADP,mo,13391,ist
13394,dem,der,DET,nk,13396,Kinde
13395,fremden,fremd,ADJ,nk,13396,Kinde
13396,Kinde,Kind,NOUN,nk,13393,mit
13397,"""",--,PUNCT,punct,13391,ist
13398,",",--,PUNCT,punct,13399,rief
13399,rief,rufen,VERB,ROOT,13399,rief
13400,der,der,DET,dep,13399,rief
13401,Magister,Magister,NOUN,ROOT,13401,Magister
13402,.,--,PUNCT,punct,13401,Magister
13403,Aber,aber,CCONJ,ju,13407,säuselte
13404,in,in,ADP,mo,13407,säuselte
13405,dem,der,DET,nk,13406,Augenblick
13406,Augenblick,Augenblick,NOUN,nk,13404,in
13407,säuselte,säuselen,VERB,ROOT,13407,säuselte
13408,es,es,PRON,ep,13407,säuselte
13409,stärker,stark,ADV,mo,13407,säuselte
13410,im,in,ADP,mo,13407,säuselte
13411,Gebüsch,Gebüsch,NOUN,nk,13410,im
13412,und,und,CCONJ,cd,13410,im
13413,in,in,ADP,cj,13412,und
13414,dem,der,DET,nk,13413,in
13415,Säuseln,säuseln,NOUN,oa,13416,erklangen
13416,erklangen,erklangen,VERB,ROOT,13416,erklangen
13417,wehmütige,wehmütig,ADJ,nk,13419,Töne
13418,herzzerschneidende,herzzerschneidend,ADJ,nk,13419,Töne
13419,Töne,Ton,NOUN,sb,13416,erklangen
13420,",",--,PUNCT,punct,13416,erklangen
13421,wie,wie,ADP,cm,13422,von
13422,von,von,ADP,dep,13416,erklangen
13423,dumpfen,dumpfen,NOUN,nk,13422,von
13424,in,in,ADP,mo,13422,von
13425,weiter,weiter,ADV,nk,13424,in
13426,Ferne,Ferne,NOUN,mo,13427,angeschlagenen
13427,angeschlagenen,angeschlagen,ADJ,nk,13428,Glocken
13428,Glocken,Glocke,NOUN,ROOT,13428,Glocken
13429,.,--,PUNCT,punct,13428,Glocken
13430,–,--,PUNCT,ROOT,13430,–
13431,In,in,ADP,ROOT,13431,In
13432,einem,ein,DET,nk,13434,Gewölk
13433,leuchtenden,leuchtend,ADJ,nk,13434,Gewölk
13434,Gewölk,Gewölk,NOUN,nk,13431,In
13435,",",--,PUNCT,punct,13434,Gewölk
13436,das,der,PRON,pd,13431,In
13437,sich,sich,PRON,punct,13434,Gewölk
13438,herabließ,herablassen,VERB,mo,13450,schwebte
13439,",",--,PUNCT,punct,13440,wurde
13440,wurde,werden,AUX,ROOT,13440,wurde
13441,das,der,DET,nk,13443,Antlitz
13442,holde,hold,ADJ,nk,13443,Antlitz
13443,Antlitz,Antlitz,NOUN,sb,13440,wurde
13444,des,der,DET,nk,13446,Kindes
13445,fremden,fremd,ADJ,nk,13446,Kindes
13446,Kindes,Kind,NOUN,ag,13443,Antlitz
13447,sichtbar,sichtbar,ADV,pd,13440,wurde
13448,–,--,PUNCT,punct,13449,dann
13449,dann,dann,ADV,mo,13450,schwebte
13450,schwebte,schweben,VERB,oc,13440,wurde
13451,es,es,PRON,ROOT,13451,es
13452,ganz,ganz,ADV,mo,13453,hervor
13453,hervor,hervor,ADV,ROOT,13453,hervor
13454,",",--,PUNCT,punct,13453,hervor
13455,aber,aber,CCONJ,cd,13453,hervor
13456,es,es,PRON,ep,13464,rannen
13457,rang,Rang,NOUN,pd,13456,es
13458,die,der,DET,nk,13460,Händchen
13459,kleinen,klein,ADJ,nk,13460,Händchen
13460,Händchen,Händchen,NOUN,oa,13464,rannen
13461,",",--,PUNCT,punct,13460,Händchen
13462,und,und,CCONJ,cd,13460,Händchen
13463,Tränen,Träne,NOUN,cj,13462,und
13464,rannen,rannen,VERB,cj,13455,aber
13465,wie,wie,ADP,ROOT,13465,wie
13466,glänzende,glänzend,ADJ,nk,13467,Perlen
13467,Perlen,Perle,NOUN,ROOT,13467,Perlen
13468,aus,aus,ADP,mnr,13467,Perlen
13469,den,der,DET,nk,13471,Augen
13470,holden,hold,ADJ,nk,13471,Augen
13471,Augen,Auge,NOUN,nk,13468,aus
13472,über,über,ADP,mnr,13471,Augen
13473,die,der,DET,nk,13475,Wangen
13474,rosichten,rosicht,ADJ,nk,13475,Wangen
13475,Wangen,Wang,NOUN,nk,13472,über
13476,.,--,PUNCT,punct,13467,Perlen
13477,"""",--,PUNCT,punct,13478,Ach
13478,Ach,ach,INTJ,ROOT,13478,Ach
13479,"""",--,PUNCT,punct,13478,Ach
13480,",",--,PUNCT,punct,13478,Ach
13481,jammerte,jammern,VERB,ROOT,13481,jammerte
13482,das,der,DET,nk,13484,Kind
13483,fremde,fremd,ADJ,nk,13484,Kind
13484,Kind,Kind,NOUN,sb,13481,jammerte
13485,",",--,PUNCT,punct,13481,jammerte
13486,"""",--,PUNCT,punct,13490,Gespielen
13487,ach,ach,ADP,mo,13481,jammerte
13488,ihr,ihr,PRON,nk,13490,Gespielen
13489,lieben,lieb,ADJ,nk,13490,Gespielen
13490,Gespielen,Gespiel,NOUN,nk,13487,ach
13491,",",--,PUNCT,punct,13481,jammerte
13492,ich,ich,PRON,sb,13493,kann
13493,kann,können,AUX,cj,13481,jammerte
13494,nicht,nicht,PART,ng,13493,kann
13495,mehr,mehr,ADV,mo,13494,nicht
13496,zu,zu,ADP,svp,13493,kann
13497,euch,euch,PRON,da,13498,kommen
13498,kommen,kommen,VERB,ROOT,13498,kommen
13499,–,--,PUNCT,punct,13500,ihr
13500,ihr,ihr,PRON,sb,13501,werdet
13501,werdet,werden,VERB,cj,13498,kommen
13502,mich,mich,PRON,oa,13501,werdet
13503,nicht,nicht,PART,ng,13501,werdet
13504,wiedersehen,wiedersehen,VERB,pd,13501,werdet
13505,–,--,PUNCT,punct,13506,lebt
13506,lebt,leben,VERB,cj,13501,werdet
13507,wohl,wohl,ADV,mo,13506,lebt
13508,!,--,PUNCT,punct,13506,lebt
13509,lebt,leben,VERB,cj,13501,werdet
13510,wohl,wohl,ADV,mo,13509,lebt
13511,!,--,PUNCT,punct,13498,kommen
13512,–,--,PUNCT,ROOT,13512,–
13513,Der,der,DET,ROOT,13513,Der
13514,Gnome,gnom,VERB,ag,13515,Pepser
13515,Pepser,Pepser,NOUN,sb,13516,hat
13516,hat,haben,AUX,ROOT,13516,hat
13517,sich,sich,PRON,oa,13519,bemächtigt
13518,eurer,eurer,DET,da,13519,bemächtigt
13519,bemächtigt,bemächtigen,VERB,oc,13516,hat
13520,",",--,PUNCT,punct,13519,bemächtigt
13521,o,o,PROPN,cj,13516,hat
13522,ihr,ihr,DET,nk,13524,Kinder
13523,armen,arm,ADJ,nk,13524,Kinder
13524,Kinder,Kind,NOUN,app,13521,o
13525,",",--,PUNCT,punct,13516,hat
13526,lebt,leben,VERB,cj,13516,hat
13527,wohl,wohl,ADV,mo,13526,lebt
13528,–,--,PUNCT,punct,13526,lebt
13529,lebt,leben,VERB,cj,13521,o
13530,wohl,wohl,ADV,ROOT,13530,wohl
13531,!,--,PUNCT,punct,13530,wohl
13532,"""",--,PUNCT,punct,13530,wohl
13533,–,--,PUNCT,punct,13536,schwang
13534,Und,und,CCONJ,ju,13536,schwang
13535,damit,damit,ADV,mo,13536,schwang
13536,schwang,schwingen,VERB,ROOT,13536,schwang
13537,sich,sich,PRON,oa,13536,schwang
13538,das,der,DET,nk,13540,Kind
13539,fremde,fremd,ADJ,nk,13540,Kind
13540,Kind,Kind,NOUN,sb,13536,schwang
13541,hoch,hoch,ADV,mo,13536,schwang
13542,in,in,ADP,mo,13536,schwang
13543,die,der,DET,nk,13544,Lüfte
13544,Lüfte,Lüfte,NOUN,nk,13542,in
13545,.,--,PUNCT,punct,13536,schwang
13546,Aber,aber,CCONJ,ju,13547,hinter
13547,hinter,hinter,ADP,ROOT,13547,hinter
13548,den,der,DET,nk,13549,Kindern
13549,Kindern,Kind,NOUN,da,13550,brummte
13550,brummte,brummen,VERB,ROOT,13550,brummte
13551,und,und,CCONJ,cd,13550,brummte
13552,summte,summt,ADJ,cj,13551,und
13553,und,und,CCONJ,cd,13552,summte
13554,knarrte,knarrt,VERB,cj,13553,und
13555,und,und,CCONJ,cd,13550,brummte
13556,schnarrte,schnarren,VERB,cj,13555,und
13557,es,es,PRON,oa,13556,schnarrte
13558,auf,auf,ADP,mo,13556,schnarrte
13559,entsetzlich,entsetzlich,ADV,nk,13558,auf
13560,grausige,grausig,ADJ,nk,13561,Weise
13561,Weise,Weise,NOUN,ROOT,13561,Weise
13562,.,--,PUNCT,punct,13561,Weise
13563,Der,der,DET,nk,13565,Tinte
13564,Magister,Magister,NOUN,nk,13565,Tinte
13565,Tinte,Tinte,NOUN,sb,13566,hatte
13566,hatte,haben,AUX,ROOT,13566,hatte
13567,sich,sich,PRON,oa,13568,umgestaltet
13568,umgestaltet,umgestaltet,ADV,oc,13566,hatte
13569,in,in,ADP,mo,13568,umgestaltet
13570,eine,ein,DET,nk,13571,große
13571,große,groß,ADJ,nk,13569,in
13572,scheußliche,scheußlich,ADJ,nk,13573,Fliege
13573,Fliege,Fliege,NOUN,ROOT,13573,Fliege
13574,",",--,PUNCT,punct,13573,Fliege
13575,und,und,CCONJ,cd,13573,Fliege
13576,recht,recht,ADV,mo,13577,abscheulich
13577,abscheulich,abscheulich,ADV,pd,13578,war
13578,war,sein,AUX,cj,13575,und
13579,es,es,PRON,sb,13578,war
13580,",",--,PUNCT,punct,13579,es
13581,daß,daß,SCONJ,cp,13582,er
13582,er,er,PRON,pd,13578,war
13583,dabei,dabei,ADV,mo,13582,er
13584,doch,doch,ADV,mo,13583,dabei
13585,noch,noch,ADV,mo,13583,dabei
13586,ein,ein,DET,pd,13582,er
13587,menschliches,menschlich,ADJ,nk,13588,Gesicht
13588,Gesicht,Gesicht,NOUN,ROOT,13588,Gesicht
13589,",",--,PUNCT,punct,13588,Gesicht
13590,und,und,CCONJ,cd,13595,behalten
13591,sogar,sogar,ADV,mo,13594,Kleidungsstücke
13592,auch,auch,ADV,mo,13594,Kleidungsstücke
13593,einige,einiger,DET,nk,13594,Kleidungsstücke
13594,Kleidungsstücke,Kleidungsstücke,NOUN,oa,13595,behalten
13595,behalten,behalten,VERB,oc,13588,Gesicht
13596,.,--,PUNCT,punct,13588,Gesicht
13597,Er,er,PRON,ROOT,13597,Er
13598,schwebte,schweben,VERB,ROOT,13598,schwebte
13599,langsam,langsam,ADV,mo,13598,schwebte
13600,und,und,CCONJ,cd,13599,langsam
13601,schwerfällig,schwerfällig,ADV,cj,13600,und
13602,auf,auf,ADP,svp,13598,schwebte
13603,",",--,PUNCT,punct,13598,schwebte
13604,offenbar,offenbar,ADV,mo,13605,um
13605,um,um,SCONJ,dep,13598,schwebte
13606,das,der,DET,nk,13608,Kind
13607,fremde,fremd,ADJ,nk,13608,Kind
13608,Kind,Kind,NOUN,nk,13605,um
13609,zu,zu,ADP,svp,13598,schwebte
13610,verfolgen,verfolgen,VERB,ROOT,13610,verfolgen
13611,.,--,PUNCT,punct,13610,verfolgen
13612,Von,von,ADP,sbp,13617,rannten
13613,Entsetzen,Entsetzen,NOUN,nk,13612,Von
13614,und,und,CCONJ,cd,13613,Entsetzen
13615,Graus,Graus,NOUN,cj,13614,und
13616,erfaßt,erfassen,VERB,mo,13617,rannten
13617,rannten,rannt,VERB,ROOT,13617,rannten
13618,Felix,Felix,PROPN,sb,13617,rannten
13619,und,und,CCONJ,cd,13618,Felix
13620,Christlieb,Christlieb,NOUN,cj,13619,und
13621,fort,fort,ADV,svp,13617,rannten
13622,aus,aus,ADP,svp,13617,rannten
13623,dem,der,DET,nk,13624,Walde
13624,Walde,Walde,NOUN,ROOT,13624,Walde
13625,.,--,PUNCT,punct,13624,Walde
13626,Erst,erst,ADV,mo,13627,auf
13627,auf,auf,ADP,mo,13630,wagten
13628,der,der,DET,nk,13629,Wiese
13629,Wiese,Wiese,NOUN,nk,13627,auf
13630,wagten,wagen,VERB,ROOT,13630,wagten
13631,sie,sie,PRON,sb,13630,wagten
13632,emporzuschauen,emporzuschauen,VERB,oc,13630,wagten
13633,.,--,PUNCT,punct,13630,wagten
13634,Sie,sie,PRON,sb,13635,wurden
13635,wurden,werden,AUX,ROOT,13635,wurden
13636,einen,ein,DET,oc,13635,wurden
13637,glänzenden,glänzend,ADJ,nk,13638,Punkt
13638,Punkt,Punkt,NOUN,ROOT,13638,Punkt
13639,in,in,ADP,mo,13642,gewahr
13640,den,der,DET,nk,13641,Wolken
13641,Wolken,Wolke,NOUN,nk,13639,in
13642,gewahr,wahr,VERB,oc,13638,Punkt
13643,",",--,PUNCT,punct,13642,gewahr
13644,der,der,PRON,sb,13648,funkelte
13645,wie,wie,ADP,cm,13647,Stern
13646,ein,ein,DET,nk,13647,Stern
13647,Stern,Stern,NOUN,mo,13648,funkelte
13648,funkelte,funkelen,VERB,rc,13641,Wolken
13649,und,und,CCONJ,cd,13648,funkelte
13650,herabzuschweben,herabzuschweben,VERB,oc,13651,schien
13651,schien,scheinen,VERB,ROOT,13651,schien
13652,.,--,PUNCT,punct,13651,schien
13653,"""",--,PUNCT,punct,13655,ist
13654,Das,der,PRON,sb,13655,ist
13655,ist,sein,AUX,oc,13661,rief
13656,das,der,DET,nk,13658,Kind
13657,fremde,fremd,ADJ,nk,13658,Kind
13658,Kind,Kind,NOUN,pd,13655,ist
13659,"""",--,PUNCT,punct,13661,rief
13660,",",--,PUNCT,punct,13661,rief
13661,rief,rufen,VERB,ROOT,13661,rief
13662,Christlieb,Christlieb,PROPN,sb,13661,rief
13663,.,--,PUNCT,punct,13661,rief
13664,Immer,immer,ADV,ROOT,13664,Immer
13665,größer,groß,ADV,pd,13666,wurde
13666,wurde,werden,AUX,ROOT,13666,wurde
13667,der,der,DET,nk,13668,Stern
13668,Stern,Stern,NOUN,sb,13666,wurde
13669,und,und,CCONJ,cd,13666,wurde
13670,dabei,dabei,ADV,mo,13671,hörten
13671,hörten,hören,VERB,cj,13669,und
13672,sie,sie,PRON,sb,13671,hörten
13673,ein,ein,DET,nk,13674,Klingen
13674,Klingen,Kling,NOUN,oa,13671,hörten
13675,wie,wie,ADP,cm,13676,von
13676,von,von,ADP,cc,13674,Klingen
13677,schmetternden,schmetternd,ADJ,nk,13676,von
13678,Trompeten,Trompet,NOUN,ROOT,13678,Trompeten
13679,.,--,PUNCT,punct,13678,Trompeten
13680,Bald,bald,ADV,mo,13681,konnten
13681,konnten,können,AUX,ROOT,13681,konnten
13682,sie,sie,PRON,sb,13681,konnten
13683,nun,nun,ADV,mo,13681,konnten
13684,erkennen,erkennen,VERB,oc,13681,konnten
13685,",",--,PUNCT,punct,13684,erkennen
13686,daß,daß,SCONJ,cp,13688,Stern
13687,der,der,DET,nk,13688,Stern
13688,Stern,Stern,NOUN,cc,13680,Bald
13689,ein,ein,DET,nk,13690,schöner
13690,schöner,schön,NOUN,pd,13688,Stern
13691,in,in,ADP,mnr,13690,schöner
13692,gleißendem,gleißend,ADJ,nk,13693,Goldgefieder
13693,Goldgefieder,Goldgefieder,NOUN,pd,13696,war
13694,prangender,prangend,ADJ,nk,13695,Vogel
13695,Vogel,Vogel,NOUN,ag,13693,Goldgefieder
13696,war,sein,AUX,ROOT,13696,war
13697,",",--,PUNCT,punct,13696,war
13698,der,der,PRON,pd,13696,war
13699,",",--,PUNCT,punct,13698,der
13700,die,der,DET,nk,13702,Flügel
13701,mächtigen,mächtig,ADJ,nk,13702,Flügel
13702,Flügel,Flügel,NOUN,app,13698,der
13703,schüttelnd,schüttelnd,ADV,mo,13712,herabsenkte
13704,und,und,CCONJ,cd,13703,schüttelnd
13705,laut,laut,ADV,cj,13704,und
13706,singend,singend,ADV,nk,13705,laut
13707,",",--,PUNCT,punct,13705,laut
13708,sich,sich,PRON,oa,13712,herabsenkte
13709,auf,auf,ADP,mo,13712,herabsenkte
13710,den,der,DET,nk,13711,Wald
13711,Wald,Wald,NOUN,nk,13709,auf
13712,herabsenkte,herabsenken,VERB,ROOT,13712,herabsenkte
13713,.,--,PUNCT,punct,13712,herabsenkte
13714,"""",--,PUNCT,punct,13715,Ha
13715,Ha,Ha,X,oc,13718,schrie
13716,"""",--,PUNCT,punct,13715,Ha
13717,",",--,PUNCT,punct,13718,schrie
13718,schrie,schreien,VERB,ROOT,13718,schrie
13719,Felix,Felix,PROPN,sb,13718,schrie
13720,",",--,PUNCT,punct,13718,schrie
13721,"""",--,PUNCT,punct,13723,ist
13722,das,der,PRON,sb,13723,ist
13723,ist,sein,AUX,ROOT,13723,ist
13724,der,der,DET,nk,13725,Fasanenfürst
13725,Fasanenfürst,Fasanenfürst,NOUN,pd,13723,ist
13726,",",--,PUNCT,punct,13725,Fasanenfürst
13727,der,der,PRON,sb,13728,beißt
13728,beißt,beißen,VERB,rc,13725,Fasanenfürst
13729,den,der,DET,nk,13730,Magister
13730,Magister,Magister,NOUN,ams,13732,tot
13731,Tinte,Tinte,NOUN,nk,13730,Magister
13732,tot,tot,ADV,mo,13728,beißt
13733,–,--,PUNCT,punct,13728,beißt
13734,ha,ha,X,mo,13728,beißt
13735,ha,ha,X,uc,13734,ha
13736,",",--,PUNCT,punct,13723,ist
13737,das,der,DET,nk,13738,fremde
13738,fremde,fremd,ADJ,cj,13723,ist
13739,Kind,Kind,NOUN,sb,13740,ist
13740,ist,sein,AUX,ROOT,13740,ist
13741,geborgen,bergen,VERB,oc,13740,ist
13742,und,und,CCONJ,cd,13740,ist
13743,wir,wir,PRON,sb,13744,sind
13744,sind,sein,AUX,cj,13742,und
13745,es,es,PRON,pd,13744,sind
13746,auch,auch,ADV,mo,13744,sind
13747,!,--,PUNCT,punct,13740,ist
13748,–,--,PUNCT,punct,13749,Komm
13749,Komm,Komm,NOUN,ROOT,13749,Komm
13750,Christlieb,Christlieb,PROPN,nk,13749,Komm
13751,–,--,PUNCT,punct,13749,Komm
13752,schnell,schnell,ADV,mo,13753,laß
13753,laß,laß,VERB,par,13749,Komm
13754,uns,uns,PRON,da,13753,laß
13755,nach,nach,ADP,mo,13757,laufen
13756,Hause,Haus,NOUN,nk,13755,nach
13757,laufen,laufen,VERB,ROOT,13757,laufen
13758,und,und,CCONJ,cd,13757,laufen
13759,dem,der,DET,nk,13760,Papa
13760,Papa,Papa,NOUN,da,13761,erzählen
13761,erzählen,erzählen,VERB,cj,13758,und
13762,was,was,PRON,sb,13761,erzählen
13763,sich,sich,PRON,oa,13764,zugetragen
13764,zugetragen,zugetragen,VERB,oc,13761,erzählen
13765,.,--,PUNCT,punct,13757,laufen
13766,"""",--,PUNCT,ROOT,13766,""""
13767,Wie,wie,SCONJ,mo,13775,fortjagte
13768,der,der,DET,nk,13769,Herr
13769,Herr,Herr,NOUN,sb,13775,fortjagte
13770,von,von,ADP,pg,13769,Herr
13771,Brakel,Brakel,PROPN,nk,13770,von
13772,den,der,DET,nk,13773,Magister
13773,Magister,Magister,NOUN,oa,13775,fortjagte
13774,Tinte,Tinte,NOUN,nk,13773,Magister
13775,fortjagte,fortjagen,VERB,ROOT,13775,fortjagte
13776,Der,der,DET,nk,13777,Herr
13777,Herr,Herr,NOUN,sb,13786,saßen
13778,von,von,ADP,pg,13777,Herr
13779,Brakel,Brakel,NOUN,nk,13778,von
13780,und,und,CCONJ,cd,13777,Herr
13781,die,der,DET,nk,13782,Frau
13782,Frau,Frau,NOUN,cj,13780,und
13783,von,von,ADP,pg,13782,Frau
13784,Brakel,Brakel,NOUN,nk,13783,von
13785,beide,beide,PRON,nk,13777,Herr
13786,saßen,sitzen,VERB,ROOT,13786,saßen
13787,vor,vor,ADP,mo,13786,saßen
13788,der,der,DET,nk,13789,Türe
13789,Türe,Türe,NOUN,nk,13787,vor
13790,ihres,ihr,DET,punct,13786,saßen
13791,kleinen,klein,ADJ,nk,13792,Hauses
13792,Hauses,Haus,NOUN,ROOT,13792,Hauses
13793,",",--,PUNCT,punct,13792,Hauses
13794,und,und,CCONJ,cd,13792,Hauses
13795,schauten,schauen,VERB,cj,13794,und
13796,in,in,ADP,mo,13795,schauten
13797,das,der,DET,nk,13798,Abendrot
13798,Abendrot,Abendrot,NOUN,nk,13796,in
13799,",",--,PUNCT,punct,13798,Abendrot
13800,das,der,PRON,sb,13802,hinter
13801,schon,schon,ADV,mo,13802,hinter
13802,hinter,hinter,ADP,rc,13798,Abendrot
13803,den,der,DET,nk,13804,blauen
13804,blauen,blau,ADJ,nk,13802,hinter
13805,Bergen,Berg,NOUN,sb,13810,begann
13806,in,in,ADP,mo,13809,aufzuschimmern
13807,goldenen,golden,ADJ,nk,13808,Strahlen
13808,Strahlen,Strahl,NOUN,nk,13806,in
13809,aufzuschimmern,aufzuschimmern,VERB,oc,13810,begann
13810,begann,beginnen,VERB,ROOT,13810,begann
13811,.,--,PUNCT,punct,13810,begann
13812,Vor,vor,ADP,mo,13814,stand
13813,ihnen,ihnen,PRON,nk,13812,Vor
13814,stand,stehen,VERB,ROOT,13814,stand
13815,auf,auf,ADP,mo,13814,stand
13816,einem,ein,DET,nk,13815,auf
13817,kleinen,klein,ADJ,nk,13818,Tisch
13818,Tisch,Tisch,NOUN,ROOT,13818,Tisch
13819,das,der,DET,nk,13820,Abendessen
13820,Abendessen,Abendessen,NOUN,oa,13821,aufgetragen
13821,aufgetragen,aufgetragen,VERB,oc,13818,Tisch
13822,",",--,PUNCT,punct,13821,aufgetragen
13823,das,der,PRON,sb,13827,als
13824,aus,aus,ADP,mo,13827,als
13825,nichts,nichts,DET,nk,13826,anderem
13826,anderem,anderer,PRON,nk,13824,aus
13827,als,als,ADP,rc,13820,Abendessen
13828,einem,einer,PRON,nk,13827,als
13829,tüchtigen,tüchtigen,VERB,nk,13830,Napf
13830,Napf,Napf,PROPN,ROOT,13830,Napf
13831,voll,voll,ADP,mnr,13830,Napf
13832,herrlicher,herrlich,ADJ,nk,13833,Milch
13833,Milch,Milch,NOUN,nk,13831,voll
13834,und,und,CCONJ,cd,13833,Milch
13835,einer,ein,DET,nk,13836,Schüssel
13836,Schüssel,Schüssel,NOUN,cj,13834,und
13837,mit,mit,ADP,mnr,13836,Schüssel
13838,Butterbröten,Butterbröt,NOUN,nk,13837,mit
13839,bestand,bestehen,VERB,ROOT,13839,bestand
13840,.,--,PUNCT,punct,13839,bestand
13841,"""",--,PUNCT,punct,13843,weiß
13842,Ich,ich,PRON,sb,13843,weiß
13843,weiß,wissen,VERB,ROOT,13843,weiß
13844,nicht,nicht,PART,ng,13843,weiß
13845,",",--,PUNCT,punct,13843,weiß
13846,wo,wo,SCONJ,mo,13848,Herr
13847,der,der,DET,nk,13848,Herr
13848,Herr,Herr,NOUN,dep,13843,weiß
13849,Magister,Magister,PROPN,pnc,13850,Tinte
13850,Tinte,Tinte,NOUN,nk,13848,Herr
13851,solange,solange,SCONJ,mo,13852,mit
13852,mit,mit,ADP,mo,13843,weiß
13853,den,der,DET,nk,13854,Kindern
13854,Kindern,Kind,NOUN,nk,13852,mit
13855,ausbleibt,ausbleeben,VERB,ROOT,13855,ausbleibt
13856,.,--,PUNCT,punct,13855,ausbleibt
13857,Erst,erst,ADV,mo,13861,gesperrt
13858,hat,haben,AUX,ROOT,13858,hat
13859,er,er,PRON,sb,13858,hat
13860,sich,sich,PRON,oa,13861,gesperrt
13861,gesperrt,sperren,VERB,oc,13858,hat
13862,und,und,CCONJ,cd,13861,gesperrt
13863,durchaus,durchaus,ADV,mo,13868,gehen
13864,nicht,nicht,PART,ng,13868,gehen
13865,in,in,ADP,mo,13868,gehen
13866,den,der,DET,nk,13867,Wald
13867,Wald,Wald,NOUN,nk,13865,in
13868,gehen,gehen,VERB,cj,13862,und
13869,wollen,wollen,AUX,ROOT,13869,wollen
13870,",",--,PUNCT,punct,13869,wollen
13871,und,und,CCONJ,cd,13869,wollen
13872,jetzt,jetzt,ADV,mo,13873,kommt
13873,kommt,kommen,VERB,cj,13871,und
13874,er,er,PRON,sb,13873,kommt
13875,gar,gar,ADV,mo,13876,nicht
13876,nicht,nicht,PART,ng,13873,kommt
13877,wieder,wieder,ADV,mo,13873,kommt
13878,heraus,heraus,ADV,svp,13873,kommt
13879,.,--,PUNCT,punct,13869,wollen
13880,Überhaupt,überhaupt,ADV,mo,13881,ist
13881,ist,sein,AUX,ROOT,13881,ist
13882,das,der,PRON,sb,13881,ist
13883,ein,ein,DET,mo,13881,ist
13884,ganz,ganz,ADV,mo,13881,ist
13885,wunderlicher,wunderlich,ADJ,nk,13886,Mann
13886,Mann,Mann,NOUN,ROOT,13886,Mann
13887,der,der,DET,nk,13888,Herr
13888,Herr,Herr,NOUN,ag,13886,Mann
13889,Magister,Magister,PROPN,pnc,13890,Tinte
13890,Tinte,Tinte,PROPN,nk,13888,Herr
13891,und,und,CCONJ,cd,13886,Mann
13892,es,es,PRON,sb,13893,ist
13893,ist,sein,AUX,cj,13891,und
13894,mir,mir,PRON,da,13893,ist
13895,beinahe,beinahe,ADV,mo,13893,ist
13896,so,so,ADV,mo,13893,ist
13897,",",--,PUNCT,punct,13896,so
13898,als,als,SCONJ,cm,13899,sei
13899,sei,sein,AUX,cc,13896,so
13900,es,es,PRON,sb,13899,sei
13901,besser,gut,ADV,pd,13902,gewesen
13902,gewesen,sein,AUX,ROOT,13902,gewesen
13903,",",--,PUNCT,punct,13902,gewesen
13904,er,er,PRON,sb,13905,wäre
13905,wäre,sein,AUX,dep,13902,gewesen
13906,ganz,ganz,ADV,mo,13907,davon
13907,davon,davon,ADV,mo,13908,geblieben
13908,geblieben,bleiben,VERB,oc,13905,wäre
13909,.,--,PUNCT,punct,13902,gewesen
13910,Daß,daß,SCONJ,cp,13915,Kinder
13911,er,er,PRON,sb,13915,Kinder
13912,gleich,gleich,ADV,mo,13913,anfangs
13913,anfangs,anfangs,ADV,mo,13915,Kinder
13914,die,der,DET,nk,13915,Kinder
13915,Kinder,Kind,NOUN,ROOT,13915,Kinder
13916,so,so,ADV,mo,13917,heimtückisch
13917,heimtückisch,heimtückisch,ADV,mo,13918,stach
13918,stach,stechen,VERB,ROOT,13918,stach
13919,",",--,PUNCT,punct,13918,stach
13920,das,der,PRON,sb,13921,hat
13921,hat,haben,AUX,cj,13918,stach
13922,mir,mir,PRON,da,13925,gefallen
13923,gar,gar,ADV,mo,13924,nicht
13924,nicht,nicht,PART,ng,13925,gefallen
13925,gefallen,fallen,VERB,oc,13921,hat
13926,",",--,PUNCT,punct,13925,gefallen
13927,und,und,CCONJ,cd,13921,hat
13928,mit,mit,ADP,cj,13927,und
13929,seinen,sein,DET,nk,13928,mit
13930,Wissenschaften,Wissenschaft,NOUN,oa,13937,sein
13931,mag,mögen,AUX,ROOT,13931,mag
13932,es,es,PRON,sb,13931,mag
13933,auch,auch,ADV,mo,13931,mag
13934,nicht,nicht,PART,ng,13931,mag
13935,weit,weit,ADV,mo,13936,her
13936,her,her,ADV,pd,13937,sein
13937,sein,sein,AUX,oc,13931,mag
13938,",",--,PUNCT,punct,13931,mag
13939,denn,denn,CCONJ,cd,13931,mag
13940,allerlei,allerlei,DET,nk,13942,Wörter
13941,seltsame,seltsam,ADJ,nk,13942,Wörter
13942,Wörter,Wort,NOUN,cj,13939,denn
13943,und,und,CCONJ,ROOT,13943,und
13944,unverständliches,unverständlich,ADJ,nk,13945,Zeug
13945,Zeug,Zeug,NOUN,cj,13943,und
13946,plappert,plapperen,VERB,ROOT,13946,plappert
13947,er,er,PRON,sb,13946,plappert
13948,her,her,ADV,svp,13946,plappert
13949,und,und,CCONJ,cd,13946,plappert
13950,weiß,wissen,VERB,cj,13949,und
13951,was,was,PRON,oa,13950,weiß
13952,der,der,DET,nk,13953,Großmogul
13953,Großmogul,Großmogul,NOUN,oa,13950,weiß
13954,für,für,ADP,mnr,13953,Großmogul
13955,Kamaschen,kamaschen,NOUN,oa,13956,trägt
13956,trägt,tragen,VERB,mo,13958,kommt
13957,;,--,PUNCT,punct,13956,trägt
13958,kommt,kommen,VERB,re,13963,so
13959,er,er,PRON,sb,13958,kommt
13960,aber,aber,ADV,mo,13958,kommt
13961,heraus,heraus,ADV,svp,13958,kommt
13962,",",--,PUNCT,punct,13963,so
13963,so,so,ADV,mo,13964,vermag
13964,vermag,vermögen,VERB,ROOT,13964,vermag
13965,er,er,PRON,sb,13964,vermag
13966,nicht,nicht,PART,ng,13968,Linde
13967,die,der,DET,nk,13968,Linde
13968,Linde,Linde,NOUN,oa,13964,vermag
13969,vom,von,ADP,mo,13964,vermag
13970,Kastanienbaum,Kastanienbaum,NOUN,oa,13972,unterscheiden
13971,zu,zu,PART,pm,13972,unterscheiden
13972,unterscheiden,unterscheiden,VERB,ROOT,13972,unterscheiden
13973,und,und,CCONJ,cd,13972,unterscheiden
13974,hat,haben,AUX,cj,13973,und
13975,sich,sich,PRON,oa,13978,albern
13976,überhaupt,überhaupt,ADV,mo,13978,albern
13977,ganz,ganz,ADV,mo,13978,albern
13978,albern,albern,ADV,oc,13974,hat
13979,und,und,CCONJ,cd,13978,albern
13980,abgeschmackt,abschmacken,VERB,ROOT,13980,abgeschmackt
13981,.,--,PUNCT,punct,13980,abgeschmackt
13982,Die,der,DET,nk,13983,Kinder
13983,Kinder,Kind,NOUN,sb,13984,können
13984,können,können,AUX,ROOT,13984,können
13985,unmöglich,unmöglich,ADV,mo,13984,können
13986,Respekt,Respekt,NOUN,oa,13989,haben
13987,vor,vor,ADP,mnr,13986,Respekt
13988,ihm,ihm,PRON,nk,13987,vor
13989,haben,haben,VERB,oc,13984,können
13990,.,--,PUNCT,punct,13984,können
13991,"""",--,PUNCT,punct,13984,können
13992,–,--,PUNCT,punct,13995,geht
13993,"""",--,PUNCT,punct,13995,geht
13994,Mir,mir,PRON,da,13995,geht
13995,geht,gehen,VERB,ROOT,13995,geht
13996,es,es,PRON,par,13999,erwiderte
13997,"""",--,PUNCT,punct,13996,es
13998,",",--,PUNCT,punct,13999,erwiderte
13999,erwiderte,erwidern,VERB,ROOT,13999,erwiderte
14000,die,der,DET,nk,14001,Frau
14001,Frau,Frau,NOUN,sb,13999,erwiderte
14002,von,von,ADP,pg,14001,Frau
14003,Brakel,Brakel,PROPN,nk,14002,von
14004,",",--,PUNCT,punct,13999,erwiderte
14005,"""",--,PUNCT,punct,13999,erwiderte
14006,mir,mir,PRON,da,14007,geht
14007,geht,gehen,VERB,oc,13999,erwiderte
14008,es,es,PRON,ep,14007,geht
14009,ganz,ganz,ADV,mo,14007,geht
14010,wie,wie,ADP,cm,14011,dir
14011,dir,dir,PRON,mo,14007,geht
14012,lieber,lieb,ADJ,mo,14007,geht
14013,Mann,Mann,NOUN,sb,14007,geht
14014,!,--,PUNCT,punct,13999,erwiderte
14015,So,so,ADV,ROOT,14015,So
14016,sehr,sehr,ADV,mo,14019,freute
14017,es,es,PRON,sb,14019,freute
14018,mich,mich,PRON,oa,14019,freute
14019,freute,freuen,VERB,ROOT,14019,freute
14020,",",--,PUNCT,punct,14019,freute
14021,daß,daß,SCONJ,cp,14029,wollte
14022,der,der,DET,nk,14023,Herr
14023,Herr,Herr,NOUN,sb,14029,wollte
14024,Vetter,Vetter,PROPN,nk,14023,Herr
14025,sich,sich,PRON,oa,14028,annehmen
14026,unserer,unser,DET,nk,14027,Kinder
14027,Kinder,Kind,NOUN,da,14028,annehmen
14028,annehmen,annehmen,VERB,oc,14029,wollte
14029,wollte,wollen,AUX,oc,14019,freute
14030,",",--,PUNCT,punct,14019,freute
14031,so,so,ADV,mo,14032,sehr
14032,sehr,sehr,ADV,mo,14033,bin
14033,bin,sein,AUX,ROOT,14033,bin
14034,ich,ich,PRON,sb,14033,bin
14035,jetzt,jetzt,ADV,mo,14033,bin
14036,davon,davon,ADV,op,14037,überzeugt
14037,überzeugt,überzeugen,VERB,pd,14033,bin
14038,",",--,PUNCT,punct,14037,überzeugt
14039,daß,daß,SCONJ,cp,14040,das
14040,das,der,DET,re,14036,davon
14041,auf,auf,ADP,mnr,14040,das
14042,andere,anderer,PRON,nk,14041,auf
14043,und,und,CCONJ,cd,14042,andere
14044,bessere,gut,ADJ,cj,14043,und
14045,Weise,Weise,NOUN,nk,14041,auf
14046,hätte,haben,AUX,ROOT,14046,hätte
14047,geschehen,geschehen,VERB,oc,14048,können
14048,können,können,AUX,oc,14046,hätte
14049,",",--,PUNCT,punct,14048,können
14050,als,als,SCONJ,cm,14055,Herrn
14051,daß,daß,SCONJ,cp,14055,Herrn
14052,er,er,PRON,sb,14055,Herrn
14053,uns,uns,PRON,nk,14052,er
14054,den,der,DET,nk,14055,Herrn
14055,Herrn,Herr,NOUN,dep,14048,können
14056,Magister,Magister,PROPN,pnc,14057,Tinte
14057,Tinte,Tinte,ADJ,nk,14055,Herrn
14058,über,über,ADP,mnr,14055,Herrn
14059,den,der,DET,nk,14060,Hals
14060,Hals,Hals,NOUN,nk,14058,über
14061,schickte,schicken,VERB,ROOT,14061,schickte
14062,.,--,PUNCT,punct,14061,schickte
14063,Wie,wie,SCONJ,mo,14068,stehen
14064,es,es,PRON,ep,14069,mag
14065,mit,mit,ADP,mo,14068,stehen
14066,seinen,sein,DET,nk,14067,Wissenschaften
14067,Wissenschaften,Wissenschaft,NOUN,nk,14065,mit
14068,stehen,stehen,VERB,oc,14069,mag
14069,mag,mögen,AUX,re,14071,das
14070,",",--,PUNCT,punct,14071,das
14071,das,der,PRON,oa,14072,weiß
14072,weiß,wissen,VERB,ROOT,14072,weiß
14073,ich,ich,PRON,sb,14072,weiß
14074,nicht,nicht,PART,ng,14072,weiß
14075,",",--,PUNCT,punct,14072,weiß
14076,aber,aber,CCONJ,cd,14072,weiß
14077,soviel,soviel,PRON,sb,14078,ist
14078,ist,sein,AUX,ROOT,14078,ist
14079,gewiß,gewiß,ADV,mo,14078,ist
14080,",",--,PUNCT,punct,14078,ist
14081,daß,daß,SCONJ,cp,14086,Männlein
14082,das,der,DET,nk,14086,Männlein
14083,kleine,klein,ADJ,nk,14086,Männlein
14084,schwarze,schwarz,ADJ,nk,14086,Männlein
14085,dicke,dick,ADJ,nk,14086,Männlein
14086,Männlein,Männlein,NOUN,sb,14078,ist
14087,mit,mit,ADP,mnr,14086,Männlein
14088,den,der,DET,nk,14090,dünnen
14089,kleinen,klein,ADJ,nk,14090,dünnen
14090,dünnen,Dünn,NOUN,nk,14087,mit
14091,Beinchen,Beinchen,NOUN,sb,14098,wird
14092,mir,mir,PRON,da,14091,Beinchen
14093,immer,immer,ADV,mo,14094,mehr
14094,mehr,mehr,DET,nk,14097,zuwider
14095,und,und,CCONJ,cd,14094,mehr
14096,mehr,mehr,ADV,cj,14095,und
14097,zuwider,zuwide,ADV,pd,14098,wird
14098,wird,werden,AUX,ROOT,14098,wird
14099,.,--,PUNCT,punct,14098,wird
14100,Vorzüglich,vorzüglich,ADV,pd,14101,ist
14101,ist,sein,AUX,ROOT,14101,ist
14102,es,es,PRON,sb,14101,ist
14103,garstig,garstig,ADV,pd,14101,ist
14104,",",--,PUNCT,punct,14101,ist
14105,daß,daß,SCONJ,cd,14101,ist
14106,der,der,DET,nk,14107,Magister
14107,Magister,Magister,NOUN,sb,14111,ist
14108,so,so,ADV,mo,14109,entsetzlich
14109,entsetzlich,entsetzlich,ADV,mo,14110,naschhaftig
14110,naschhaftig,naschhaftig,ADV,pd,14111,ist
14111,ist,sein,AUX,ROOT,14111,ist
14112,.,--,PUNCT,punct,14111,ist
14113,Keine,kein,DET,nk,14115,Bier
14114,Neige,neig,ADJ,nk,14115,Bier
14115,Bier,Bier,NOUN,sb,14118,kann
14116,oder,oder,CCONJ,cd,14115,Bier
14117,Milch,Milch,NOUN,cj,14116,oder
14118,kann,können,AUX,ROOT,14118,kann
14119,er,er,PRON,sb,14121,sehen
14120,stehen,stehen,VERB,oc,14121,sehen
14121,sehen,sehen,VERB,oc,14128,merkt
14122,",",--,PUNCT,punct,14121,sehen
14123,ohne,ohne,SCONJ,cp,14126,herzumachen
14124,sich,sich,PRON,oa,14126,herzumachen
14125,darüber,darüber,ADV,op,14126,herzumachen
14126,herzumachen,herzumachen,VERB,mo,14121,sehen
14127,",",--,PUNCT,punct,14128,merkt
14128,merkt,merken,VERB,ROOT,14128,merkt
14129,er,er,PRON,sb,14128,merkt
14130,nun,nun,ADV,mo,14128,merkt
14131,vollends,vollends,ADV,mo,14128,merkt
14132,den,der,DET,ROOT,14132,den
14133,geöffneten,geöffnet,ADJ,nk,14134,Zuckerkasten
14134,Zuckerkasten,Zuckerkast,NOUN,da,14137,ist
14135,",",--,PUNCT,punct,14136,so
14136,so,so,ADV,mo,14137,ist
14137,ist,sein,AUX,ROOT,14137,ist
14138,er,er,PRON,sb,14137,ist
14139,gleich,gleich,ADV,mo,14140,bei
14140,bei,bei,ADP,mo,14137,ist
14141,der,der,DET,nk,14142,Hand
14142,Hand,Hand,NOUN,nk,14140,bei
14143,und,und,CCONJ,cd,14137,ist
14144,schnuppert,schnupperen,VERB,cj,14143,und
14145,und,und,CCONJ,cd,14144,schnuppert
14146,nascht,naschen,VERB,ROOT,14146,nascht
14147,so,so,ADV,mo,14148,lange
14148,lange,lange,ADV,mo,14146,nascht
14149,an,an,ADP,mo,14146,nascht
14150,dem,der,DET,nk,14151,Zucker
14151,Zucker,Zucker,NOUN,nk,14149,an
14152,",",--,PUNCT,punct,14146,nascht
14153,bis,bis,SCONJ,cp,14161,zuschlage
14154,ich,ich,PRON,sb,14161,zuschlage
14155,ihm,ihm,PRON,da,14161,zuschlage
14156,den,der,DET,nk,14157,Deckel
14157,Deckel,Deckel,NOUN,oa,14161,zuschlage
14158,vor,vor,ADP,mo,14161,zuschlage
14159,der,der,DET,nk,14160,Nase
14160,Nase,Nase,NOUN,nk,14158,vor
14161,zuschlage,zuschlage,VERB,mo,14146,nascht
14162,;,--,PUNCT,punct,14146,nascht
14163,dann,dann,ADV,mo,14164,ist
14164,ist,sein,AUX,ROOT,14164,ist
14165,er,er,PRON,sb,14164,ist
14166,auf,auf,ADP,mo,14164,ist
14167,und,und,CCONJ,cd,14164,ist
14168,davon,davon,ADV,cj,14167,und
14169,",",--,PUNCT,punct,14164,ist
14170,und,und,CCONJ,cd,14164,ist
14171,ärgert,ärgern,VERB,cj,14170,und
14172,sich,sich,PRON,oa,14171,ärgert
14173,und,und,CCONJ,cd,14171,ärgert
14174,brummt,brummen,VERB,cj,14173,und
14175,und,und,CCONJ,cd,14171,ärgert
14176,summt,summen,VERB,cj,14175,und
14177,ganz,ganz,ADV,mo,14178,seltsam
14178,seltsam,seltsam,ADV,mo,14176,summt
14179,und,und,CCONJ,ROOT,14179,und
14180,fatal,fatal,ADV,cj,14179,und
14181,.,--,PUNCT,punct,14179,und
14182,"""",--,PUNCT,ROOT,14182,""""
14183,Der,der,DET,nk,14184,Herr
14184,Herr,Herr,NOUN,sb,14187,wollte
14185,von,von,ADP,pg,14184,Herr
14186,Brakel,Brakel,PROPN,nk,14185,von
14187,wollte,wollen,AUX,ROOT,14187,wollte
14188,fortfahren,fortfahren,VERB,oc,14187,wollte
14189,im,in,ADP,mo,14188,fortfahren
14190,Gespräch,Gespräch,NOUN,nk,14189,im
14191,",",--,PUNCT,punct,14188,fortfahren
14192,als,als,ADP,mo,14187,wollte
14193,Felix,Felix,PROPN,nk,14192,als
14194,und,und,CCONJ,cd,14192,als
14195,Christlieb,Christlieb,NOUN,sb,14202,kamen
14196,in,in,ADP,mo,14202,kamen
14197,vollem,voll,ADJ,nk,14198,Rennen
14198,Rennen,rennen,NOUN,nk,14196,in
14199,durch,durch,ADP,mnr,14198,Rennen
14200,die,der,DET,nk,14201,Birken
14201,Birken,Birke,NOUN,nk,14199,durch
14202,kamen,kommen,VERB,ROOT,14202,kamen
14203,.,--,PUNCT,punct,14202,kamen
14204,"""",--,PUNCT,punct,14205,Heisa
14205,Heisa,Heisa,PROPN,par,14212,schrie
14206,!,--,PUNCT,punct,14205,Heisa
14207,–,--,PUNCT,punct,14208,heisa
14208,heisa,heisa,PROPN,rs,14205,Heisa
14209,!,--,PUNCT,punct,14205,Heisa
14210,"""",--,PUNCT,punct,14205,Heisa
14211,–,--,PUNCT,punct,14212,schrie
14212,schrie,schreien,VERB,ROOT,14212,schrie
14213,Felix,Felix,PROPN,ROOT,14213,Felix
14214,unaufhörlich,unaufhörlich,ADV,mo,14213,Felix
14215,",",--,PUNCT,punct,14213,Felix
14216,"""",--,PUNCT,punct,14218,heisa
14217,heisa,heisa,PROPN,pnc,14218,heisa
14218,heisa,heisa,PROPN,rs,14213,Felix
14219,!,--,PUNCT,punct,14213,Felix
14220,der,der,DET,nk,14221,Fasanenfürst
14221,Fasanenfürst,Fasanenfürst,NOUN,sb,14222,hat
14222,hat,haben,AUX,ROOT,14222,hat
14223,den,der,DET,nk,14224,Herrn
14224,Herrn,Herr,NOUN,oa,14222,hat
14225,Magister,Magister,PROPN,pnc,14226,Tinte
14226,Tinte,Tinte,ADJ,nk,14224,Herrn
14227,totgebissen,totgebissen,VERB,ROOT,14227,totgebissen
14228,!,--,PUNCT,punct,14227,totgebissen
14229,"""",--,PUNCT,punct,14227,totgebissen
14230,–,--,PUNCT,punct,14236,Mama
14231,"""",--,PUNCT,punct,14232,Ach
14232,Ach,ach,INTJ,dm,14236,Mama
14233,–,--,PUNCT,punct,14232,Ach
14234,Ach,Ach,INTJ,par,14232,Ach
14235,",",--,PUNCT,punct,14236,Mama
14236,Mama,Mama,NOUN,sb,14239,rief
14237,"""",--,PUNCT,punct,14239,rief
14238,",",--,PUNCT,punct,14239,rief
14239,rief,rufen,VERB,ROOT,14239,rief
14240,Christlieb,Christlieb,PROPN,sb,14239,rief
14241,atemlos,atemlos,ADV,svp,14239,rief
14242,",",--,PUNCT,punct,14239,rief
14243,"""",--,PUNCT,punct,14246,Herr
14244,ach,ach,ADP,mo,14246,Herr
14245,der,der,DET,nk,14246,Herr
14246,Herr,Herr,NOUN,dep,14239,rief
14247,Magister,Magister,NOUN,re,14249,das
14248,",",--,PUNCT,punct,14249,das
14249,das,der,PRON,sb,14250,ist
14250,ist,sein,AUX,ROOT,14250,ist
14251,der,der,DET,nk,14253,Pepser
14252,Gnomenkönig,Gnomenkönig,NOUN,nk,14253,Pepser
14253,Pepser,Pepser,NOUN,sb,14250,ist
14254,",",--,PUNCT,punct,14253,Pepser
14255,eigentlich,eigentlich,ADV,mo,14250,ist
14256,aber,aber,ADV,mo,14255,eigentlich
14257,eine,ein,DET,nk,14258,abscheuliche
14258,abscheuliche,abscheulich,ADJ,ROOT,14258,abscheuliche
14259,große,groß,ADJ,nk,14260,Fliege
14260,Fliege,Fliege,NOUN,sb,14264,trägt
14261,die,der,DET,nk,14263,Perücke
14262,eine,ein,DET,nk,14263,Perücke
14263,Perücke,Perücke,NOUN,oa,14264,trägt
14264,trägt,tragen,VERB,ROOT,14264,trägt
14265,",",--,PUNCT,punct,14264,trägt
14266,und,und,CCONJ,cd,14264,trägt
14267,Schuhe,Schuh,NOUN,cj,14266,und
14268,und,und,CCONJ,cd,14267,Schuhe
14269,Strümpfe,Strümpfe,NOUN,cj,14268,und
14270,.,--,PUNCT,punct,14264,trägt
14271,"""",--,PUNCT,punct,14264,trägt
14272,Die,der,DET,nk,14273,Eltern
14273,Eltern,Eltern,NOUN,ROOT,14273,Eltern
14274,staunten,staunen,VERB,ROOT,14274,staunten
14275,die,der,DET,nk,14276,Kinder
14276,Kinder,Kind,NOUN,sb,14274,staunten
14277,an,an,ADP,svp,14274,staunten
14278,",",--,PUNCT,punct,14274,staunten
14279,die,der,PRON,sb,14282,aufgeregt
14280,nun,nun,ADV,mo,14282,aufgeregt
14281,ganz,ganz,ADV,mo,14282,aufgeregt
14282,aufgeregt,aufgeregt,ADV,rc,14276,Kinder
14283,und,und,CCONJ,cd,14282,aufgeregt
14284,erhitzt,erhitzen,VERB,cj,14283,und
14285,durcheinander,durcheinander,ADV,mo,14284,erhitzt
14286,von,von,ADP,mo,14284,erhitzt
14287,dem,der,DET,nk,14289,Kinde
14288,fremden,fremd,ADJ,nk,14289,Kinde
14289,Kinde,Kind,NOUN,ROOT,14289,Kinde
14290,",",--,PUNCT,punct,14289,Kinde
14291,von,von,ADP,app,14289,Kinde
14292,seiner,sein,DET,nk,14293,Mutter
14293,Mutter,Mutter,NOUN,nk,14291,von
14294,der,der,DET,nk,14295,Feenkönigin
14295,Feenkönigin,Feenkönigin,NOUN,ag,14293,Mutter
14296,",",--,PUNCT,punct,14293,Mutter
14297,von,von,ADP,dep,14289,Kinde
14298,dem,der,DET,nk,14297,von
14299,Gnomenkönig,Gnomenkönig,NOUN,nk,14297,von
14300,Pepser,Pepser,NOUN,sb,14309,erzählten
14301,und,und,CCONJ,cd,14300,Pepser
14302,von,von,ADP,cj,14301,und
14303,dem,der,DET,nk,14304,Kampf
14304,Kampf,Kampf,NOUN,nk,14302,von
14305,des,der,DET,nk,14306,Fasanenfürsten
14306,Fasanenfürsten,Fasanenfürst,NOUN,ag,14304,Kampf
14307,mit,mit,ADP,mo,14309,erzählten
14308,ihm,ihm,PRON,nk,14307,mit
14309,erzählten,erzählten,VERB,ROOT,14309,erzählten
14310,.,--,PUNCT,punct,14309,erzählten
14311,"""",--,PUNCT,punct,14313,hat
14312,Wer,wer,PRON,sb,14313,hat
14313,hat,haben,AUX,ROOT,14313,hat
14314,euch,euch,PRON,oa,14313,hat
14315,denn,denn,CCONJ,mo,14326,geträumt
14316,die,der,DET,nk,14318,Dinge
14317,tollen,toll,ADJ,nk,14318,Dinge
14318,Dinge,Ding,NOUN,sb,14322,gesetzt
14319,in,in,ADP,mo,14322,gesetzt
14320,den,der,DET,nk,14321,Kopf
14321,Kopf,Kopf,NOUN,nk,14319,in
14322,gesetzt,setzen,VERB,cj,14315,denn
14323,",",--,PUNCT,punct,14324,habt
14324,habt,haben,AUX,ROOT,14324,habt
14325,ihr,ihr,PRON,da,14326,geträumt
14326,geträumt,träumen,VERB,oc,14324,habt
14327,oder,oder,CCONJ,cd,14326,geträumt
14328,was,was,PRON,oa,14329,geschah
14329,geschah,geschehen,VERB,cj,14327,oder
14330,sonst,sonst,ADV,mo,14331,mit
14331,mit,mit,ADP,ROOT,14331,mit
14332,euch,euch,PRON,nk,14331,mit
14333,?,--,PUNCT,punct,14331,mit
14334,"""",--,PUNCT,punct,14331,mit
14335,So,so,ADV,mo,14336,fragte
14336,fragte,fragen,VERB,ROOT,14336,fragte
14337,Herr,Herr,NOUN,sb,14336,fragte
14338,von,von,ADP,pg,14337,Herr
14339,Brakel,Brakel,PROPN,nk,14338,von
14340,ein,ein,DET,nk,14341,Mal
14341,Mal,Mal,NOUN,mo,14336,fragte
14342,über,über,ADP,mnr,14341,Mal
14343,das,der,DET,nk,14344,andere
14344,andere,anderer,PRON,nk,14342,über
14345,;,--,PUNCT,punct,14336,fragte
14346,aber,aber,CCONJ,cd,14336,fragte
14347,die,der,DET,ROOT,14347,die
14348,Kinder,Kind,NOUN,sb,14349,blieben
14349,blieben,bleiben,VERB,ROOT,14349,blieben
14350,dabei,dabei,ADV,mo,14349,blieben
14351,",",--,PUNCT,punct,14349,blieben
14352,daß,daß,SCONJ,cp,14356,zugetragen
14353,sich,sich,PRON,oa,14356,zugetragen
14354,alles,alle,PRON,sb,14356,zugetragen
14355,so,so,ADV,mo,14356,zugetragen
14356,zugetragen,zugetragen,VERB,oc,14349,blieben
14357,wie,wie,ADP,cm,14360,erzählten
14358,sie,sie,PRON,sb,14360,erzählten
14359,es,es,PRON,oa,14360,erzählten
14360,erzählten,erzählten,VERB,cc,14355,so
14361,",",--,PUNCT,punct,14356,zugetragen
14362,und,und,CCONJ,cd,14356,zugetragen
14363,daß,daß,SCONJ,cp,14366,Pepser
14364,der,der,DET,nk,14366,Pepser
14365,häßliche,häßlich,ADJ,nk,14366,Pepser
14366,Pepser,Pepser,NOUN,ROOT,14366,Pepser
14367,",",--,PUNCT,punct,14366,Pepser
14368,der,der,PRON,app,14366,Pepser
14369,sich,sich,PRON,oa,14375,fälschlich
14370,für,für,ADP,mo,14375,fälschlich
14371,den,der,DET,nk,14372,Herrn
14372,Herrn,Herr,NOUN,nk,14370,für
14373,Magister,Magister,PROPN,pnc,14374,Tinte
14374,Tinte,Tinte,ADJ,nk,14372,Herrn
14375,fälschlich,fälschlich,ADV,pd,14366,Pepser
14376,ausgegeben,ausgeben,VERB,ROOT,14376,ausgegeben
14377,",",--,PUNCT,punct,14376,ausgegeben
14378,tot,tot,ADV,mo,14382,müsse
14379,im,in,ADP,mo,14381,liegen
14380,Walde,Walde,NOUN,nk,14379,im
14381,liegen,liegen,VERB,oc,14382,müsse
14382,müsse,müssen,AUX,oc,14376,ausgegeben
14383,.,--,PUNCT,punct,14376,ausgegeben
14384,Die,der,DET,nk,14385,Frau
14385,Frau,Frau,NOUN,sb,14388,schlug
14386,von,von,ADP,pg,14385,Frau
14387,Brakel,Brakel,PROPN,nk,14386,von
14388,schlug,schlagen,VERB,ROOT,14388,schlug
14389,die,der,DET,nk,14390,Hände
14390,Hände,Hand,NOUN,oa,14388,schlug
14391,über,über,ADP,ROOT,14391,über
14392,den,der,DET,nk,14393,Kopf
14393,Kopf,Kopf,NOUN,nk,14391,über
14394,zusammen,zusammen,ADV,mo,14391,über
14395,und,und,CCONJ,cd,14391,über
14396,rief,rufen,VERB,cj,14395,und
14397,ganz,ganz,ADV,mo,14398,traurig
14398,traurig,traurig,ADV,mo,14396,rief
14399,:,--,PUNCT,punct,14391,über
14400,"""",--,PUNCT,punct,14402,Kinder
14401,Ach,ach,INTJ,pnc,14402,Kinder
14402,Kinder,Kind,NOUN,nk,14391,über
14403,",",--,PUNCT,punct,14402,Kinder
14404,Kinder,Kind,NOUN,cj,14402,Kinder
14405,",",--,PUNCT,punct,14402,Kinder
14406,was,was,PRON,sb,14407,soll
14407,soll,sollen,AUX,rc,14402,Kinder
14408,aus,aus,ADP,svp,14407,soll
14409,euch,euch,PRON,da,14410,werden
14410,werden,werden,AUX,ROOT,14410,werden
14411,",",--,PUNCT,punct,14410,werden
14412,wenn,wenn,SCONJ,cp,14420,kommen
14413,euch,euch,PRON,da,14420,kommen
14414,solche,solcher,DET,nk,14416,Dinge
14415,entsetzliche,entsetzlich,ADJ,nk,14416,Dinge
14416,Dinge,Ding,NOUN,sb,14420,kommen
14417,in,in,ADP,mo,14420,kommen
14418,den,der,DET,nk,14419,Sinn
14419,Sinn,Sinn,NOUN,nk,14417,in
14420,kommen,kommen,VERB,mo,14410,werden
14421,und,und,CCONJ,cd,14420,kommen
14422,ihr,ihr,PRON,punct,14410,werden
14423,euch,euch,PRON,da,14426,ausreden
14424,davon,davon,ADV,mo,14426,ausreden
14425,nichts,nichts,PRON,oa,14426,ausreden
14426,ausreden,ausreden,VERB,oc,14427,lassen
14427,lassen,lassen,VERB,oc,14428,wollt
14428,wollt,wollt,AUX,ROOT,14428,wollt
14429,!,--,PUNCT,punct,14428,wollt
14430,"""",--,PUNCT,punct,14428,wollt
14431,–,--,PUNCT,punct,14437,wurde
14432,Aber,aber,CCONJ,ju,14437,wurde
14433,der,der,DET,nk,14434,Herr
14434,Herr,Herr,NOUN,sb,14437,wurde
14435,von,von,ADP,pg,14434,Herr
14436,Brakel,Brakel,NOUN,nk,14435,von
14437,wurde,werden,AUX,ROOT,14437,wurde
14438,sehr,sehr,ADV,mo,14437,wurde
14439,nachdenklich,nachdenklich,ADV,ROOT,14439,nachdenklich
14440,und,und,CCONJ,cd,14439,nachdenklich
14441,ernsthaft,ernsthaft,ADV,cj,14440,und
14442,.,--,PUNCT,punct,14439,nachdenklich
14443,"""",--,PUNCT,punct,14446,bist
14444,Felix,Felix,PROPN,pnc,14445,du
14445,du,du,PRON,sb,14446,bist
14446,bist,sein,AUX,ROOT,14446,bist
14447,nun,nun,ADV,mo,14446,bist
14448,schon,schon,ADV,mo,14446,bist
14449,ein,ein,DET,nk,14451,verständiger
14450,ganz,ganz,ADV,mo,14451,verständiger
14451,verständiger,verständige,ADV,pd,14446,bist
14452,Junge,jung,NOUN,ROOT,14452,Junge
14453,",",--,PUNCT,punct,14452,Junge
14454,und,und,CCONJ,cd,14452,Junge
14455,ich,ich,PRON,sb,14456,kann
14456,kann,können,AUX,cj,14454,und
14457,es,es,PRON,oa,14460,sagen
14458,dir,dir,PRON,da,14460,sagen
14459,wohl,wohl,ADV,mo,14456,kann
14460,sagen,sagen,VERB,oc,14456,kann
14461,",",--,PUNCT,punct,14460,sagen
14462,daß,daß,SCONJ,cp,14466,Herr
14463,auch,auch,ADV,mo,14464,mir
14464,mir,mir,PRON,oc,14462,daß
14465,der,der,DET,nk,14466,Herr
14466,Herr,Herr,NOUN,oc,14460,sagen
14467,Magister,Magister,PROPN,pnc,14468,Tinte
14468,Tinte,Tinte,NOUN,nk,14466,Herr
14469,von,von,ADP,pg,14466,Herr
14470,Anfang,Anfang,NOUN,mo,14476,vorgekommen
14471,an,an,ADP,mnr,14470,Anfang
14472,ganz,ganz,ADV,mo,14473,seltsam
14473,seltsam,seltsam,ADV,mo,14476,vorgekommen
14474,und,und,CCONJ,cd,14473,seltsam
14475,verwunderlich,verwunderlich,ADV,cj,14474,und
14476,vorgekommen,vorkommen,VERB,oc,14477,ist
14477,ist,sein,AUX,ROOT,14477,ist
14478,.,--,PUNCT,punct,14477,ist
14479,Ja,ja,PART,mo,14480,es
14480,es,es,PRON,sb,14481,schien
14481,schien,scheinen,VERB,ROOT,14481,schien
14482,mir,mir,PRON,da,14481,schien
14483,oft,oft,ADV,mo,14481,schien
14484,",",--,PUNCT,punct,14481,schien
14485,als,als,SCONJ,cm,14486,habe
14486,habe,haben,AUX,ROOT,14486,habe
14487,es,es,PRON,ep,14486,habe
14488,mit,mit,ADP,mo,14486,habe
14489,ihm,ihm,PRON,nk,14488,mit
14490,eine,ein,DET,nk,14492,Bewandtnis
14491,besondere,besonderer,ADJ,nk,14492,Bewandtnis
14492,Bewandtnis,Bewandtnis,NOUN,sb,14495,sei
14493,und,und,CCONJ,cd,14492,Bewandtnis
14494,er,er,PRON,cj,14493,und
14495,sei,sein,AUX,oc,14486,habe
14496,gar,gar,ADV,mo,14497,nicht
14497,nicht,nicht,PART,ng,14495,sei
14498,so,so,ADV,mo,14495,sei
14499,wie,wie,ADP,dep,14495,sei
14500,andere,anderer,ADJ,nk,14501,Magister
14501,Magister,Magister,NOUN,ROOT,14501,Magister
14502,.,--,PUNCT,punct,14501,Magister
14503,Noch,noch,ADV,mo,14504,mehr
14504,mehr,mehr,ADV,ROOT,14504,mehr
14505,!,--,PUNCT,punct,14504,mehr
14506,–,--,PUNCT,punct,14514,sind
14507,ich,ich,PRON,sb,14506,–
14508,sowohl,sowohl,CCONJ,cd,14509,als
14509,als,als,ADP,oa,14506,–
14510,die,der,DET,nk,14511,Mutter
14511,Mutter,Mutter,NOUN,nk,14509,als
14512,",",--,PUNCT,punct,14514,sind
14513,beide,beide,PRON,sb,14514,sind
14514,sind,sein,AUX,ROOT,14514,sind
14515,wir,wir,PRON,sb,14514,sind
14516,mit,mit,ADP,mo,14514,sind
14517,dem,der,DET,nk,14516,mit
14518,Herrn,Herr,NOUN,ROOT,14518,Herrn
14519,Magister,Magister,PROPN,pnc,14520,Tinte
14520,Tinte,Tinte,NOUN,nk,14518,Herrn
14521,nicht,nicht,PART,ng,14522,ganz
14522,ganz,ganz,ADV,mo,14523,zufrieden
14523,zufrieden,zufrieden,ADV,pd,14518,Herrn
14524,",",--,PUNCT,punct,14518,Herrn
14525,die,der,DET,nk,14526,Mutter
14526,Mutter,Mutter,NOUN,oa,14527,vorzüglich
14527,vorzüglich,vorzüglich,ADV,pd,14518,Herrn
14528,",",--,PUNCT,punct,14518,Herrn
14529,weil,weil,SCONJ,punct,14518,Herrn
14530,er,er,PRON,sb,14529,weil
14531,ein,ein,ADV,mo,14529,weil
14532,Naschmaul,Naschmaul,PROPN,pd,14533,ist
14533,ist,sein,AUX,ROOT,14533,ist
14534,",",--,PUNCT,punct,14533,ist
14535,alle,aller,DET,nk,14536,Süßigkeiten
14536,Süßigkeiten,Süßigkeit,NOUN,oa,14537,beschnuppert
14537,beschnuppert,beschnuppern,VERB,cj,14533,ist
14538,und,und,CCONJ,cd,14537,beschnuppert
14539,dabei,dabei,ADV,mo,14542,brummt
14540,so,so,ADV,mo,14541,häßlich
14541,häßlich,häßlich,ADV,mo,14542,brummt
14542,brummt,brummen,VERB,cj,14538,und
14543,und,und,CCONJ,cd,14542,brummt
14544,summt,summen,VERB,ROOT,14544,summt
14545,",",--,PUNCT,punct,14544,summt
14546,er,er,PRON,sb,14547,wird
14547,wird,werden,AUX,oc,14544,summt
14548,daher,daher,ADV,mo,14556,können
14549,auch,auch,ADV,mo,14556,können
14550,wohl,wohl,ADV,mo,14556,können
14551,nicht,nicht,PART,ng,14552,lange
14552,lange,lange,ADV,mo,14556,können
14553,bei,bei,ADP,mo,14555,bleiben
14554,uns,uns,PRON,nk,14553,bei
14555,bleiben,bleiben,VERB,oc,14556,können
14556,können,können,AUX,oc,14547,wird
14557,.,--,PUNCT,punct,14544,summt
14558,Aber,aber,CCONJ,ju,14559,nun
14559,nun,nun,ADV,ROOT,14559,nun
14560,",",--,PUNCT,punct,14559,nun
14561,lieber,lieb,ADJ,nk,14562,Junge
14562,Junge,Junge,NOUN,sb,14564,besinne
14563,",",--,PUNCT,punct,14564,besinne
14564,besinne,besinnen,VERB,ROOT,14564,besinne
14565,dich,dich,PRON,oa,14564,besinne
14566,einmal,einmal,ADV,mo,14564,besinne
14567,",",--,PUNCT,punct,14564,besinne
14568,gesetzt,setzen,VERB,cj,14564,besinne
14569,auch,auch,ADV,mo,14568,gesetzt
14570,",",--,PUNCT,punct,14564,besinne
14571,es,es,PRON,ep,14572,gebe
14572,gebe,geben,VERB,oc,14564,besinne
14573,solche,solcher,DET,nk,14574,garstige
14574,garstige,garstig,ADJ,oa,14572,gebe
14575,Dinger,dinger,ADV,sb,14587,besinne
14576,",",--,PUNCT,punct,14575,Dinger
14577,wie,wie,SCONJ,mo,14580,sollen
14578,Gnomen,Gnome,NOUN,sb,14580,sollen
14579,sein,sein,AUX,oc,14580,sollen
14580,sollen,sollen,AUX,cc,14575,Dinger
14581,",",--,PUNCT,punct,14575,Dinger
14582,wirklich,wirklich,ADV,mo,14583,in
14583,in,in,ADP,mo,14575,Dinger
14584,der,der,DET,nk,14585,Welt
14585,Welt,Welt,NOUN,nk,14583,in
14586,",",--,PUNCT,punct,14587,besinne
14587,besinne,besinnen,VERB,ROOT,14587,besinne
14588,dich,dich,PRON,oa,14587,besinne
14589,einmal,einmal,ADV,mo,14587,besinne
14590,ob,ob,SCONJ,mo,14587,besinne
14591,ein,ein,DET,nk,14592,Herr
14592,Herr,Herr,NOUN,sb,14598,kann
14593,Magister,Magister,NOUN,nk,14592,Herr
14594,wohl,wohl,ADV,mo,14598,kann
14595,eine,ein,DET,nk,14596,Fliege
14596,Fliege,Fliege,NOUN,pd,14597,sein
14597,sein,sein,AUX,oc,14598,kann
14598,kann,können,AUX,ROOT,14598,kann
14599,?,--,PUNCT,punct,14598,kann
14600,"""",--,PUNCT,punct,14598,kann
14601,–,--,PUNCT,punct,14603,schaute
14602,Felix,Felix,PROPN,sb,14603,schaute
14603,schaute,schauen,VERB,ROOT,14603,schaute
14604,dem,der,DET,nk,14605,Herrn
14605,Herrn,Herr,NOUN,da,14603,schaute
14606,von,von,ADP,op,14603,schaute
14607,Brakel,Brakel,NOUN,ROOT,14607,Brakel
14608,mit,mit,ADP,mnr,14607,Brakel
14609,seinen,sein,DET,nk,14612,Augen
14610,blauen,blau,ADJ,nk,14612,Augen
14611,klaren,klar,ADJ,nk,14612,Augen
14612,Augen,Auge,NOUN,nk,14608,mit
14613,ernsthaft,ernsthaft,ADV,mo,14607,Brakel
14614,ins,in,ADP,mo,14607,Brakel
14615,Gesicht,Gesicht,NOUN,nk,14614,ins
14616,.,--,PUNCT,punct,14607,Brakel
14617,Der,der,DET,nk,14618,Herr
14618,Herr,Herr,NOUN,ROOT,14618,Herr
14619,von,von,ADP,pg,14618,Herr
14620,Brakel,Brakel,NOUN,sb,14621,wiederholte
14621,wiederholte,wiederholen,VERB,ROOT,14621,wiederholte
14622,die,der,DET,nk,14623,Frage
14623,Frage,Frage,NOUN,oa,14621,wiederholte
14624,:,--,PUNCT,punct,14621,wiederholte
14625,"""",--,PUNCT,punct,14626,Sag
14626,Sag,Sag,PROPN,par,14620,Brakel
14627,mein,mein,DET,nk,14628,Junge
14628,Junge,Junge,NOUN,pd,14626,Sag
14629,!,--,PUNCT,punct,14621,wiederholte
14630,kann,können,AUX,cj,14621,wiederholte
14631,wohl,wohl,ADV,mo,14630,kann
14632,ein,ein,DET,nk,14633,Herr
14633,Herr,Herr,NOUN,sb,14630,kann
14634,Magister,Magister,NOUN,nk,14633,Herr
14635,eine,ein,DET,ROOT,14635,eine
14636,Fliege,Fliege,NOUN,pd,14637,sein
14637,sein,sein,AUX,ROOT,14637,sein
14638,?,--,PUNCT,punct,14637,sein
14639,"""",--,PUNCT,punct,14637,sein
14640,Da,da,ADV,mo,14641,sprach
14641,sprach,sprechen,VERB,ROOT,14641,sprach
14642,Felix,Felix,PROPN,sb,14641,sprach
14643,:,--,PUNCT,punct,14641,sprach
14644,"""",--,PUNCT,punct,14646,habe
14645,Ich,ich,PRON,sb,14646,habe
14646,habe,haben,AUX,ROOT,14646,habe
14647,sonst,sonst,ADV,mo,14650,gedacht
14648,nie,nie,ADV,mo,14650,gedacht
14649,daran,daran,ADV,op,14650,gedacht
14650,gedacht,denken,VERB,oc,14646,habe
14651,",",--,PUNCT,punct,14650,gedacht
14652,und,und,CCONJ,cd,14646,habe
14653,hätte,haben,AUX,cj,14652,und
14654,es,es,PRON,ep,14653,hätte
14655,wohl,wohl,ADV,mo,14658,geglaubt
14656,auch,auch,ADV,mo,14658,geglaubt
14657,nicht,nicht,PART,ng,14658,geglaubt
14658,geglaubt,glauben,VERB,ROOT,14658,geglaubt
14659,",",--,PUNCT,punct,14658,geglaubt
14660,wenn,wenn,SCONJ,cp,14667,gesagt
14661,mir,mir,PRON,da,14667,gesagt
14662,es,es,PRON,oa,14667,gesagt
14663,nicht,nicht,PART,ng,14667,gesagt
14664,das,der,DET,nk,14666,Kind
14665,fremde,fremd,ADJ,nk,14666,Kind
14666,Kind,Kind,NOUN,oa,14667,gesagt
14667,gesagt,sagen,VERB,mo,14658,geglaubt
14668,",",--,PUNCT,punct,14658,geglaubt
14669,und,und,CCONJ,cd,14658,geglaubt
14670,ich,ich,PRON,cj,14669,und
14671,es,es,PRON,punct,14658,geglaubt
14672,mit,mit,ADP,mo,14675,gesehen
14673,eigenen,eigen,ADJ,nk,14674,Augen
14674,Augen,Auge,NOUN,nk,14672,mit
14675,gesehen,sehen,VERB,oc,14676,hätte
14676,hätte,haben,AUX,ROOT,14676,hätte
14677,",",--,PUNCT,punct,14676,hätte
14678,daß,daß,SCONJ,cp,14683,ist
14679,Pepser,Pepser,NOUN,sb,14683,ist
14680,eine,ein,DET,nk,14682,Fliege
14681,garstige,garstig,ADJ,nk,14682,Fliege
14682,Fliege,Fliege,NOUN,pd,14683,ist
14683,ist,sein,AUX,oc,14675,gesehen
14684,und,und,CCONJ,cd,14683,ist
14685,sich,sich,PRON,oa,14675,gesehen
14686,nur,nur,ADV,mo,14687,für
14687,für,für,ADP,mo,14691,ausgegeben
14688,den,der,DET,nk,14689,Magister
14689,Magister,Magister,NOUN,nk,14687,für
14690,Tinte,Tinte,NOUN,nk,14689,Magister
14691,ausgegeben,ausgeben,VERB,oc,14692,hat
14692,hat,haben,AUX,ROOT,14692,hat
14693,.,--,PUNCT,punct,14692,hat
14694,–,--,PUNCT,punct,14699,fuhr
14695,Und,und,CCONJ,ju,14699,fuhr
14696,Vater,Vater,NOUN,cj,14695,Und
14697,"""",--,PUNCT,punct,14699,fuhr
14698,",",--,PUNCT,punct,14699,fuhr
14699,fuhr,fahren,VERB,ROOT,14699,fuhr
14700,Felix,Felix,PROPN,sb,14699,fuhr
14701,weiter,weiter,ADV,mo,14699,fuhr
14702,fort,fort,ADV,ROOT,14702,fort
14703,",",--,PUNCT,punct,14702,fort
14704,als,als,ADP,cj,14702,fort
14705,Herr,Herr,NOUN,nk,14704,als
14706,von,von,ADP,pg,14705,Herr
14707,Brakel,Brakel,NOUN,nk,14706,von
14708,wie,wie,ADP,cm,14709,einer
14709,einer,einer,PRON,cc,14705,Herr
14710,",",--,PUNCT,punct,14709,einer
14711,der,der,PRON,sb,14716,weiß
14712,vor,vor,ADP,mo,14716,weiß
14713,Verwunderung,Verwunderung,NOUN,nk,14712,vor
14714,gar,gar,ADV,mo,14715,nicht
14715,nicht,nicht,PART,ng,14716,weiß
14716,weiß,wissen,VERB,rc,14705,Herr
14717,was,was,PRON,oa,14716,weiß
14718,er,er,PRON,sb,14716,weiß
14719,sagen,sagen,VERB,oc,14720,soll
14720,soll,sollen,AUX,mo,14733,hat
14721,",",--,PUNCT,punct,14720,soll
14722,stillschweigend,stillschweigend,ADV,mo,14725,schüttelte
14723,den,der,DET,nk,14724,Kopf
14724,Kopf,Kopf,NOUN,oa,14725,schüttelte
14725,schüttelte,schütteln,VERB,oc,14720,soll
14726,",",--,PUNCT,punct,14720,soll
14727,"""",--,PUNCT,punct,14720,soll
14728,und,und,CCONJ,cd,14720,soll
14729,Vater,Vater,NOUN,cj,14728,und
14730,",",--,PUNCT,punct,14720,soll
14731,sage,sagen,VERB,cj,14720,soll
14732,",",--,PUNCT,punct,14733,hat
14733,hat,haben,AUX,ROOT,14733,hat
14734,dir,dir,PRON,da,14719,sagen
14735,der,der,DET,dep,14733,hat
14736,Herr,Herr,NOUN,sb,14742,entdeckt
14737,Magister,Magister,PROPN,pnc,14738,Tinte
14738,Tinte,Tinte,PROPN,nk,14736,Herr
14739,selbst,selbst,ADV,mnr,14736,Herr
14740,nicht,nicht,PART,ng,14742,entdeckt
14741,einmal,einmal,ADV,mo,14740,nicht
14742,entdeckt,entdecken,VERB,ROOT,14742,entdeckt
14743,",",--,PUNCT,punct,14742,entdeckt
14744,daß,daß,SCONJ,cp,14748,sei
14745,er,er,PRON,sb,14748,sei
14746,eine,ein,DET,nk,14747,Fliege
14747,Fliege,Fliege,NOUN,pd,14748,sei
14748,sei,sein,AUX,oc,14742,entdeckt
14749,?,--,PUNCT,punct,14742,entdeckt
14750,–,--,PUNCT,ROOT,14750,–
14751,habe,haben,AUX,ROOT,14751,habe
14752,ich,ich,PRON,sb,14751,habe
14753,'s,es,PRON,oa,14757,gehört
14754,denn,denn,ADV,mo,14757,gehört
14755,nicht,nicht,PART,ng,14757,gehört
14756,selbst,selbst,ADV,mo,14755,nicht
14757,gehört,gehören,VERB,oc,14751,habe
14758,",",--,PUNCT,punct,14757,gehört
14759,daß,daß,SCONJ,cp,14766,sagte
14760,er,er,PRON,sb,14766,sagte
14761,dir,dir,PRON,da,14766,sagte
14762,hier,hier,ADV,mo,14766,sagte
14763,vor,vor,ADP,mo,14766,sagte
14764,der,der,DET,nk,14765,Türe
14765,Türe,Türe,NOUN,nk,14763,vor
14766,sagte,sagen,VERB,oc,14751,habe
14767,",",--,PUNCT,punct,14766,sagte
14768,er,er,PRON,sb,14769,sei
14769,sei,sein,AUX,oc,14766,sagte
14770,auf,auf,ADP,mo,14776,gewesen
14771,der,der,DET,nk,14772,Schule
14772,Schule,Schule,NOUN,nk,14770,auf
14773,eine,ein,DET,nk,14775,Fliege
14774,muntre,Muntre,ADJ,nk,14775,Fliege
14775,Fliege,Fliege,NOUN,pd,14776,gewesen
14776,gewesen,sein,AUX,ROOT,14776,gewesen
14777,?,--,PUNCT,punct,14776,gewesen
14778,Nun,nun,ADV,mo,14779,was
14779,was,was,PRON,pd,14782,ist
14780,man,man,PRON,sb,14782,ist
14781,einmal,einmal,ADV,mo,14782,ist
14782,ist,sein,AUX,re,14784,das
14783,",",--,PUNCT,punct,14784,das
14784,das,der,PRON,oa,14785,muß
14785,muß,müssen,AUX,ROOT,14785,muß
14786,man,man,PRON,sb,14785,muß
14787,",",--,PUNCT,punct,14785,muß
14788,denk,denk,ADV,mo,14789,ich
14789,ich,ich,PRON,pd,14792,bleiben
14790,",",--,PUNCT,punct,14789,ich
14791,auch,auch,ADV,mo,14792,bleiben
14792,bleiben,bleiben,VERB,ROOT,14792,bleiben
14793,.,--,PUNCT,punct,14792,bleiben
14794,Und,und,CCONJ,ju,14803,zugesteht
14795,daß,daß,SCONJ,cp,14803,zugesteht
14796,der,der,DET,nk,14797,Herr
14797,Herr,Herr,NOUN,sb,14803,zugesteht
14798,Magister,Magister,NOUN,nk,14797,Herr
14799,",",--,PUNCT,punct,14803,zugesteht
14800,wie,wie,SCONJ,mo,14803,zugesteht
14801,die,der,DET,nk,14802,Mutter
14802,Mutter,Mutter,NOUN,sb,14803,zugesteht
14803,zugesteht,zugestehen,VERB,ROOT,14803,zugesteht
14804,so,so,ADV,mo,14803,zugesteht
14805,ein,ein,DET,nk,14806,Naschmaul
14806,Naschmaul,Naschmaul,NOUN,sb,14807,ist
14807,ist,sein,AUX,ROOT,14807,ist
14808,und,und,CCONJ,cd,14807,ist
14809,an,an,ADP,mo,14811,Süßen
14810,allem,alle,PRON,nk,14809,an
14811,Süßen,süßen,NOUN,sb,14812,schnuppert
14812,schnuppert,schnupperen,VERB,cj,14808,und
14813,",",--,PUNCT,punct,14812,schnuppert
14814,nun,nun,ADV,mo,14815,Vater
14815,Vater,Vater,NOUN,pd,14807,ist
14816,!,--,PUNCT,punct,14807,ist
14817,wie,wie,ADV,cm,14818,machen's
14818,machen's,machen's,PROPN,ROOT,14818,machen's
14819,denn,denn,ADV,mo,14818,machen's
14820,die,der,DET,nk,14821,Fliegen
14821,Fliegen,Fliege,NOUN,ROOT,14821,Fliegen
14822,anders,anders,ADV,mo,14821,Fliegen
14823,?,--,PUNCT,punct,14821,Fliegen
14824,und,und,CCONJ,ju,14827,Summen
14825,das,der,DET,nk,14827,Summen
14826,häßliche,häßlich,ADJ,nk,14827,Summen
14827,Summen,Summe,NOUN,ROOT,14827,Summen
14828,und,und,CCONJ,cd,14827,Summen
14829,Brummen,Brummen,NOUN,cj,14828,und
14830,.,--,PUNCT,punct,14827,Summen
14831,"""",--,PUNCT,punct,14827,Summen
14832,–,--,PUNCT,punct,14834,Schweig
14833,"""",--,PUNCT,punct,14834,Schweig
14834,Schweig,Schweig,NOUN,sb,14837,rief
14835,"""",--,PUNCT,punct,14834,Schweig
14836,",",--,PUNCT,punct,14837,rief
14837,rief,rufen,VERB,ROOT,14837,rief
14838,der,der,DET,dep,14837,rief
14839,Herr,Herr,NOUN,sb,14843,erzürnt
14840,von,von,ADP,pg,14839,Herr
14841,Brakel,Brakel,NOUN,nk,14840,von
14842,ganz,ganz,ADV,mo,14843,erzürnt
14843,erzürnt,erzürnen,VERB,mo,14846,mag
14844,",",--,PUNCT,punct,14846,mag
14845,"""",--,PUNCT,punct,14846,mag
14846,mag,mögen,AUX,ROOT,14846,mag
14847,der,der,DET,nk,14848,Herr
14848,Herr,Herr,NOUN,sb,14846,mag
14849,Magister,Magister,PROPN,pnc,14850,Tinte
14850,Tinte,Tinte,NOUN,nk,14848,Herr
14851,sein,sein,AUX,oc,14846,mag
14852,",",--,PUNCT,punct,14846,mag
14853,was,wer,PRON,oa,14855,will
14854,er,er,PRON,sb,14855,will
14855,will,wollen,VERB,rc,14848,Herr
14856,",",--,PUNCT,punct,14846,mag
14857,aber,aber,CCONJ,ju,14860,ist
14858,so,so,ADV,mo,14859,viel
14859,viel,viel,PRON,sb,14860,ist
14860,ist,sein,AUX,ROOT,14860,ist
14861,gewiß,gewiß,ADV,mo,14860,ist
14862,",",--,PUNCT,punct,14860,ist
14863,daß,daß,SCONJ,cp,14869,hat
14864,der,der,DET,nk,14865,Fasanenfürst
14865,Fasanenfürst,Fasanenfürst,NOUN,sb,14869,hat
14866,ihn,ihn,PRON,oa,14868,totgebissen
14867,nicht,nicht,PART,ng,14869,hat
14868,totgebissen,totgebissen,VERB,oc,14869,hat
14869,hat,haben,AUX,sb,14860,ist
14870,",",--,PUNCT,punct,14860,ist
14871,denn,denn,CCONJ,cd,14860,ist
14872,dort,dort,ADV,mo,14873,kommt
14873,kommt,kommen,VERB,ROOT,14873,kommt
14874,er,er,PRON,sb,14873,kommt
14875,eben,eben,ADV,mo,14873,kommt
14876,aus,aus,ADP,mo,14873,kommt
14877,dem,der,DET,nk,14878,Walde
14878,Walde,Walde,NOUN,nk,14876,aus
14879,!,--,PUNCT,punct,14873,kommt
14880,"""",--,PUNCT,punct,14873,kommt
14881,Auf,auf,ADP,mo,14884,schrien
14882,dieses,dieser,DET,nk,14883,Wort
14883,Wort,Wort,NOUN,nk,14881,Auf
14884,schrien,schrien,VERB,ROOT,14884,schrien
14885,die,der,DET,nk,14886,Kinder
14886,Kinder,Kind,NOUN,sb,14884,schrien
14887,laut,laut,ADV,mo,14884,schrien
14888,auf,auf,ADP,svp,14884,schrien
14889,und,und,CCONJ,ju,14890,flüchteten
14890,flüchteten,flüchteen,VERB,ROOT,14890,flüchteten
14891,ins,in,ADP,mo,14890,flüchteten
14892,Haus,Haus,NOUN,nk,14891,ins
14893,hinein,hinein,ADV,svp,14890,flüchteten
14894,.,--,PUNCT,punct,14890,flüchteten
14895,In,in,ADP,mo,14898,kam
14896,der,der,DET,nk,14897,Tat
14897,Tat,Tat,NOUN,nk,14895,In
14898,kam,kommen,VERB,ROOT,14898,kam
14899,der,der,DET,nk,14901,Tinte
14900,Magister,Magister,ADJ,nk,14901,Tinte
14901,Tinte,Tinte,NOUN,sb,14898,kam
14902,den,der,DET,ROOT,14902,den
14903,Birkengang,Birkengang,NOUN,ROOT,14903,Birkengang
14904,herauf,herauf,ADV,mo,14903,Birkengang
14905,",",--,PUNCT,punct,14904,herauf
14906,aber,aber,CCONJ,cd,14904,herauf
14907,ganz,ganz,ADV,mo,14908,verwildert
14908,verwildert,verwildert,VERB,cj,14906,aber
14909,mit,mit,ADP,mo,14908,verwildert
14910,funkelnden,funkelnd,ADJ,nk,14911,Augen
14911,Augen,Auge,NOUN,nk,14909,mit
14912,",",--,PUNCT,punct,14911,Augen
14913,zerzauster,zerzaust,ADV,ROOT,14913,zerzauster
14914,Perücke,Perücke,NOUN,oa,14921,sprang
14915,",",--,PUNCT,punct,14914,Perücke
14916,im,in,ADP,mnr,14914,Perücke
14917,abscheulichen,abscheulich,ADJ,nk,14918,Sumsen
14918,Sumsen,Sumse,NOUN,nk,14916,im
14919,und,und,CCONJ,cd,14918,Sumsen
14920,Brummen,Brummen,NOUN,cj,14919,und
14921,sprang,springen,VERB,ROOT,14921,sprang
14922,er,er,PRON,sb,14921,sprang
14923,von,von,ADP,mo,14921,sprang
14924,einer,ein,DET,nk,14925,Seite
14925,Seite,Seite,NOUN,nk,14923,von
14926,zur,zu,ADP,svp,14921,sprang
14927,anderen,anderer,PRON,mo,14942,es
14928,hoch,hoch,ADV,mo,14927,anderen
14929,auf,auf,ADP,mo,14927,anderen
14930,und,und,CCONJ,cd,14927,anderen
14931,prallte,prallen,VERB,cj,14930,und
14932,mit,mit,ADP,mo,14931,prallte
14933,dem,der,DET,nk,14934,Kopf
14934,Kopf,Kopf,NOUN,nk,14932,mit
14935,gegen,gegen,ADP,mnr,14934,Kopf
14936,die,der,DET,nk,14937,Bäume
14937,Bäume,Baum,NOUN,nk,14935,gegen
14938,an,an,ADP,svp,14931,prallte
14939,",",--,PUNCT,punct,14931,prallte
14940,daß,daß,SCONJ,cp,14942,es
14941,man,man,PRON,sb,14940,daß
14942,es,es,PRON,ROOT,14942,es
14943,krachen,Krachen,NOUN,sb,14944,hörte
14944,hörte,hören,VERB,ROOT,14944,hörte
14945,.,--,PUNCT,punct,14944,hörte
14946,So,so,ADV,mo,14947,herangekommen
14947,herangekommen,herangekommen,VERB,mo,14949,stürzte
14948,",",--,PUNCT,punct,14949,stürzte
14949,stürzte,stürzen,VERB,ROOT,14949,stürzte
14950,er,er,PRON,sb,14949,stürzte
14951,sich,sich,PRON,oa,14949,stürzte
14952,sofort,sofort,ADV,mo,14949,stürzte
14953,in,in,ADP,mo,14949,stürzte
14954,den,der,DET,nk,14955,Napf
14955,Napf,Napf,PROPN,nk,14953,in
14956,",",--,PUNCT,punct,14955,Napf
14957,daß,daß,SCONJ,mo,14949,stürzte
14958,die,der,DET,ROOT,14958,die
14959,Milch,Milch,NOUN,sb,14960,überströmte
14960,überströmte,überströmen,VERB,ROOT,14960,überströmte
14961,",",--,PUNCT,punct,14960,überströmte
14962,die,der,PRON,oa,14964,einschlürfte
14963,er,er,PRON,sb,14964,einschlürfte
14964,einschlürfte,einschlürfte,VERB,rc,14960,überströmte
14965,mit,mit,ADP,mo,14964,einschlürfte
14966,widrigem,widrig,ADJ,nk,14967,Rauschen
14967,Rauschen,Rauschen,NOUN,nk,14965,mit
14968,.,--,PUNCT,punct,14960,überströmte
14969,"""",--,PUNCT,punct,14971,um
14970,Aber,aber,CCONJ,ju,14971,um
14971,um,um,ADP,ROOT,14971,um
14972,tausend,tausend,NUM,nk,14971,um
14973,Gotteswillen,Gotteswill,NOUN,oa,14984,rief
14974,",",--,PUNCT,punct,14973,Gotteswillen
14975,Herr,Herr,NOUN,app,14973,Gotteswillen
14976,Magister,Magister,PROPN,pnc,14977,Tinte
14977,Tinte,Tinte,NOUN,nk,14975,Herr
14978,",",--,PUNCT,punct,14979,was
14979,was,was,PRON,oa,14980,treiben
14980,treiben,treiben,VERB,rc,14973,Gotteswillen
14981,Sie,sie,PRON,sb,14980,treiben
14982,?,--,PUNCT,punct,14984,rief
14983,"""",--,PUNCT,punct,14984,rief
14984,rief,rufen,VERB,ROOT,14984,rief
14985,die,der,DET,nk,14986,Frau
14986,Frau,Frau,NOUN,sb,14984,rief
14987,von,von,ADP,pg,14986,Frau
14988,Brakel,Brakel,PROPN,nk,14987,von
14989,.,--,PUNCT,punct,14984,rief
14990,"""",--,PUNCT,punct,14991,Sind
14991,Sind,sein,AUX,oc,14999,plagt
14992,Sie,sie,PRON,sb,14991,Sind
14993,toll,toll,ADV,pd,14994,geworden
14994,geworden,werden,AUX,oc,14991,Sind
14995,",",--,PUNCT,punct,14991,Sind
14996,Herr,Herr,NOUN,app,14992,Sie
14997,Magister,Magister,PROPN,nk,14996,Herr
14998,",",--,PUNCT,punct,14999,plagt
14999,plagt,plagen,VERB,ROOT,14999,plagt
15000,Sie,sie,PRON,sb,14999,plagt
15001,der,der,DET,nk,15003,Feind
15002,böse,bös,ADJ,nk,15003,Feind
15003,Feind,Feind,NOUN,oa,14999,plagt
15004,?,--,PUNCT,punct,14999,plagt
15005,"""",--,PUNCT,punct,15006,schrie
15006,schrie,schreien,VERB,ROOT,15006,schrie
15007,der,der,DET,sb,15006,schrie
15008,Herr,Herr,NOUN,ROOT,15008,Herr
15009,von,von,ADP,pg,15008,Herr
15010,Brakel,Brakel,NOUN,nk,15009,von
15011,.,--,PUNCT,punct,15008,Herr
15012,Aber,aber,CCONJ,ju,15016,schwang
15013,alles,alle,PRON,sb,15016,schwang
15014,nicht,nicht,PART,ng,15015,achtend
15015,achtend,achtend,ADV,mo,15016,schwang
15016,schwang,schwingen,VERB,ROOT,15016,schwang
15017,sich,sich,PRON,oa,15016,schwang
15018,der,der,DET,nk,15019,Magister
15019,Magister,Magister,NOUN,sb,15016,schwang
15020,aus,aus,ADP,mnr,15019,Magister
15021,dem,der,DET,nk,15020,aus
15022,Milchnapf,Milchnapf,PROPN,sb,15024,setzte
15023,",",--,PUNCT,punct,15024,setzte
15024,setzte,setzen,VERB,ROOT,15024,setzte
15025,sich,sich,PRON,oa,15024,setzte
15026,auf,auf,ADP,mo,15024,setzte
15027,die,der,DET,nk,15028,Butterbröte
15028,Butterbröte,Butterbrot,NOUN,nk,15026,auf
15029,hin,hin,ADV,svp,15024,setzte
15030,",",--,PUNCT,punct,15024,setzte
15031,schüttelte,schütteln,VERB,cj,15024,setzte
15032,die,der,DET,nk,15033,Rockschöße
15033,Rockschöße,Rockschöße,NOUN,oa,15031,schüttelte
15034,und,und,CCONJ,cd,15031,schüttelte
15035,wußte,wissen,VERB,ROOT,15035,wußte
15036,mit,mit,ADP,mo,15035,wußte
15037,den,der,DET,nk,15039,Beinchen
15038,dünnen,dünn,ADJ,nk,15039,Beinchen
15039,Beinchen,Beinchen,NOUN,nk,15036,mit
15040,geschickt,geschickt,ADV,mo,15042,hinzufahren
15041,darüber,darüber,ADV,op,15042,hinzufahren
15042,hinzufahren,hinzufahren,VERB,oc,15035,wußte
15043,und,und,CCONJ,cd,15042,hinzufahren
15044,sie,sie,PRON,oa,15035,wußte
15045,glattzustreichen,glattzustreich,VERB,ROOT,15045,glattzustreichen
15046,und,und,CCONJ,cd,15045,glattzustreichen
15047,zu,zu,PART,pm,15048,fälteln
15048,fälteln,fälteln,VERB,cj,15046,und
15049,.,--,PUNCT,punct,15045,glattzustreichen
15050,Dann,dann,ADV,mo,15053,schwang
15051,stärker,stark,ADV,mo,15052,summend
15052,summend,summend,ADV,mo,15053,schwang
15053,schwang,schwingen,VERB,ROOT,15053,schwang
15054,er,er,PRON,sb,15053,schwang
15055,sich,sich,PRON,oa,15053,schwang
15056,gegen,gegen,ADP,mo,15053,schwang
15057,die,der,DET,nk,15056,gegen
15058,Türe,Türe,NOUN,ROOT,15058,Türe
15059,",",--,PUNCT,punct,15058,Türe
15060,aber,aber,CCONJ,cd,15058,Türe
15061,er,er,PRON,sb,15062,konnte
15062,konnte,können,AUX,cj,15060,aber
15063,sich,sich,PRON,oa,15065,hineinfinden
15064,nicht,nicht,PART,ng,15062,konnte
15065,hineinfinden,hineinfinden,VERB,oc,15062,konnte
15066,ins,in,ADP,mo,15065,hineinfinden
15067,Haus,Haus,NOUN,nk,15066,ins
15068,",",--,PUNCT,punct,15066,ins
15069,sondern,sondern,CCONJ,cd,15065,hineinfinden
15070,schwankte,schwanken,VERB,cj,15069,sondern
15071,wie,wie,ADP,mo,15070,schwankte
15072,betrunken,betrunken,ADV,ROOT,15072,betrunken
15073,hin,hin,ADV,mo,15072,betrunken
15074,und,und,CCONJ,cd,15073,hin
15075,her,her,ADV,cj,15074,und
15076,und,und,CCONJ,cd,15072,betrunken
15077,schlug,schlagen,VERB,cj,15076,und
15078,gegen,gegen,ADP,mo,15077,schlug
15079,die,der,DET,nk,15080,Fenster
15080,Fenster,Fenster,NOUN,nk,15078,gegen
15081,an,an,ADP,svp,15077,schlug
15082,",",--,PUNCT,punct,15077,schlug
15083,daß,daß,SCONJ,cp,15085,klirrte
15084,es,es,PRON,sb,15085,klirrte
15085,klirrte,klirren,VERB,oc,15077,schlug
15086,und,und,CCONJ,cd,15085,klirrte
15087,schwirrte,Schwirrt,VERB,ROOT,15087,schwirrte
15088,.,--,PUNCT,punct,15087,schwirrte
15089,"""",--,PUNCT,punct,15091,Patron
15090,Ha,Ha,X,pnc,15091,Patron
15091,Patron,Patron,PROPN,sb,15102,sind
15092,"""",--,PUNCT,punct,15091,Patron
15093,",",--,PUNCT,punct,15094,rief
15094,rief,rufen,VERB,ROOT,15094,rief
15095,der,der,DET,nk,15096,Herr
15096,Herr,Herr,NOUN,sb,15094,rief
15097,von,von,ADP,pg,15096,Herr
15098,Brakel,Brakel,PROPN,nk,15097,von
15099,",",--,PUNCT,punct,15094,rief
15100,"""",--,PUNCT,punct,15102,sind
15101,das,der,PRON,sb,15102,sind
15102,sind,sein,AUX,oc,15094,rief
15103,dumme,dumm,ADJ,pd,15102,sind
15104,unnütze,Unnütz,NOUN,pd,15102,sind
15105,Streiche,Streiche,NOUN,sb,15107,wart
15106,",",--,PUNCT,punct,15107,wart
15107,wart,wart,VERB,mo,15108,das
15108,das,der,PRON,oa,15112,bekommen
15109,soll,sollen,AUX,ROOT,15109,soll
15110,dir,dir,PRON,oa,15112,bekommen
15111,übel,übel,ADV,mo,15112,bekommen
15112,bekommen,bekommen,VERB,oc,15109,soll
15113,.,--,PUNCT,punct,15109,soll
15114,"""",--,PUNCT,punct,15109,soll
15115,Er,er,PRON,sb,15116,suchte
15116,suchte,suchen,VERB,ROOT,15116,suchte
15117,den,der,DET,nk,15118,Magister
15118,Magister,Magister,NOUN,oa,15116,suchte
15119,bei,bei,ADP,mnr,15118,Magister
15120,dem,der,DET,nk,15119,bei
15121,Rockschoß,Rockschoß,NOUN,oa,15123,haschen
15122,zu,zu,PART,pm,15123,haschen
15123,haschen,haschen,VERB,ROOT,15123,haschen
15124,",",--,PUNCT,punct,15123,haschen
15125,der,der,PRON,sb,15126,wußte
15126,wußte,wissen,VERB,cj,15123,haschen
15127,ihm,ihm,PRON,da,15131,entgehen
15128,aber,aber,ADV,mo,15131,entgehen
15129,geschickt,geschickt,ADV,mo,15131,entgehen
15130,zu,zu,PART,pm,15131,entgehen
15131,entgehen,entgehen,VERB,oc,15126,wußte
15132,.,--,PUNCT,punct,15126,wußte
15133,Da,da,ADV,mo,15134,sprang
15134,sprang,springen,VERB,ROOT,15134,sprang
15135,Felix,Felix,PROPN,sb,15134,sprang
15136,aus,aus,ADP,ROOT,15136,aus
15137,dem,der,DET,nk,15138,Hause
15138,Hause,Haus,NOUN,nk,15136,aus
15139,mit,mit,ADP,mnr,15138,Hause
15140,der,der,DET,nk,15142,Fliegenklatsche
15141,großen,groß,ADJ,nk,15142,Fliegenklatsche
15142,Fliegenklatsche,Fliegenklatsche,NOUN,nk,15139,mit
15143,in,in,ADP,mnr,15138,Hause
15144,der,der,DET,nk,15145,Hand
15145,Hand,Hand,NOUN,nk,15143,in
15146,",",--,PUNCT,punct,15145,Hand
15147,die,der,PRON,oa,15151,gab
15148,er,er,PRON,sb,15151,gab
15149,dem,der,DET,nk,15150,Vater
15150,Vater,Vater,NOUN,da,15151,gab
15151,gab,geben,VERB,rc,15145,Hand
15152,.,--,PUNCT,punct,15136,aus
15153,"""",--,PUNCT,punct,15155,Vater
15154,Nimm,Nimm,PROPN,pnc,15155,Vater
15155,Vater,Vater,PROPN,sb,15164,schlag
15156,",",--,PUNCT,punct,15155,Vater
15157,nimm,nimm,ADV,cj,15155,Vater
15158,"""",--,PUNCT,punct,15155,Vater
15159,",",--,PUNCT,punct,15160,rief
15160,rief,rufen,VERB,ROOT,15160,rief
15161,er,er,PRON,sb,15160,rief
15162,",",--,PUNCT,punct,15160,rief
15163,"""",--,PUNCT,punct,15164,schlag
15164,schlag,schlagn,VERB,oc,15160,rief
15165,ihn,ihn,PRON,oa,15164,schlag
15166,tot,tot,ADV,mo,15164,schlag
15167,den,der,DET,nk,15169,Pepser
15168,häßlichen,häßlich,ADJ,nk,15169,Pepser
15169,Pepser,Pepser,NOUN,oa,15164,schlag
15170,.,--,PUNCT,punct,15160,rief
15171,"""",--,PUNCT,punct,15164,schlag
15172,Der,der,DET,nk,15173,Herr
15173,Herr,Herr,NOUN,ROOT,15173,Herr
15174,von,von,ADP,mo,15176,ergriff
15175,Brakel,Brakel,PROPN,nk,15174,von
15176,ergriff,ergreifen,VERB,ROOT,15176,ergriff
15177,auch,auch,ADV,mo,15176,ergriff
15178,wirklich,wirklich,ADV,mo,15176,ergriff
15179,die,der,DET,nk,15180,Fliegenklatsche
15180,Fliegenklatsche,Fliegenklatsche,NOUN,sb,15176,ergriff
15181,",",--,PUNCT,punct,15176,ergriff
15182,und,und,CCONJ,cd,15176,ergriff
15183,nun,nun,ADV,mo,15184,ging
15184,ging,gehen,VERB,cj,15182,und
15185,es,es,PRON,ep,15184,ging
15186,her,her,ADV,svp,15184,ging
15187,hinter,hinter,ADP,ROOT,15187,hinter
15188,dem,der,DET,nk,15189,Herrn
15189,Herrn,Herr,NOUN,nk,15187,hinter
15190,Magister,Magister,PROPN,nk,15189,Herrn
15191,.,--,PUNCT,punct,15187,hinter
15192,Felix,Felix,PROPN,sb,15200,hatten
15193,",",--,PUNCT,punct,15192,Felix
15194,Christlieb,Christlieb,PROPN,cj,15192,Felix
15195,",",--,PUNCT,punct,15192,Felix
15196,die,der,DET,nk,15197,Frau
15197,Frau,Frau,NOUN,app,15192,Felix
15198,von,von,ADP,pg,15197,Frau
15199,Brakel,Brakel,PROPN,nk,15198,von
15200,hatten,haben,AUX,ROOT,15200,hatten
15201,sie,sie,PRON,oa,15200,hatten
15202,Servietten,Serviett,NOUN,ROOT,15202,Servietten
15203,vom,von,ADP,mo,15205,genommen
15204,Tische,Tisch,NOUN,nk,15203,vom
15205,genommen,nehmen,VERB,oc,15202,Servietten
15206,und,und,CCONJ,cd,15202,Servietten
15207,schwangen,schwangen,VERB,cj,15206,und
15208,sie,sie,PRON,oa,15207,schwangen
15209,",",--,PUNCT,punct,15207,schwangen
15210,den,der,DET,nk,15211,Magister
15211,Magister,Magister,NOUN,oa,15207,schwangen
15212,hin,hin,ADV,svp,15207,schwangen
15213,und,und,CCONJ,cd,15212,hin
15214,her,her,ADV,cj,15213,und
15215,treibend,treibend,ADV,ROOT,15215,treibend
15216,",",--,PUNCT,punct,15215,treibend
15217,in,in,ADP,cj,15215,treibend
15218,den,der,DET,nk,15219,Lüften
15219,Lüften,Lüft,NOUN,nk,15217,in
15220,",",--,PUNCT,punct,15217,in
15221,während,während,SCONJ,mo,15215,treibend
15222,Herr,Herr,NOUN,nk,15221,während
15223,von,von,ADP,pg,15222,Herr
15224,Brakel,Brakel,NOUN,nk,15223,von
15225,unaufhörlich,unaufhörlich,ADV,mo,15215,treibend
15226,Schläge,Schlag,NOUN,ROOT,15226,Schläge
15227,gegen,gegen,ADP,mnr,15226,Schläge
15228,ihn,ihn,PRON,nk,15227,gegen
15229,führte,führen,VERB,ROOT,15229,führte
15230,die,der,DET,sb,15229,führte
15231,leider,leider,ADV,mo,15232,nicht
15232,nicht,nicht,PART,ng,15233,trafen
15233,trafen,treffen,VERB,oc,15229,führte
15234,",",--,PUNCT,punct,15233,trafen
15235,weil,weil,SCONJ,cp,15239,hütete
15236,der,der,DET,nk,15237,Magister
15237,Magister,Magister,NOUN,sb,15239,hütete
15238,sich,sich,PRON,oa,15239,hütete
15239,hütete,hüten,VERB,mo,15229,führte
15240,auch,auch,ADV,mo,15239,hütete
15241,nur,nur,ADV,mo,15242,einen
15242,einen,ein,PRON,oa,15239,hütete
15243,Augenblick,Augenblick,NOUN,oa,15245,ruhen
15244,zu,zu,PART,pm,15245,ruhen
15245,ruhen,ruhen,VERB,ROOT,15245,ruhen
15246,.,--,PUNCT,punct,15245,ruhen
15247,Und,und,CCONJ,ju,15251,wurde
15248,wilder,wild,ADJ,mo,15251,wurde
15249,und,und,CCONJ,cd,15248,wilder
15250,wilder,wild,ADJ,cj,15249,und
15251,wurde,werden,AUX,ROOT,15251,wurde
15252,die,der,DET,nk,15254,Jagd
15253,tolle,toll,ADJ,nk,15254,Jagd
15254,Jagd,Jagd,NOUN,sb,15251,wurde
15255,–,--,PUNCT,punct,15254,Jagd
15256,Summ,Summ,NOUN,cj,15254,Jagd
15257,–,--,PUNCT,punct,15254,Jagd
15258,Summ,Summ,NOUN,cj,15256,Summ
15259,–,--,PUNCT,punct,15251,wurde
15260,Simm,Simm,PROPN,sb,15268,stürmte
15261,–,--,PUNCT,punct,15260,Simm
15262,Simm,Simm,PROPN,cj,15260,Simm
15263,–,--,PUNCT,punct,15262,Simm
15264,Trrr,Trrr,PROPN,cj,15262,Simm
15265,–,--,PUNCT,punct,15260,Simm
15266,Trrr,Trrr,PROPN,cj,15262,Simm
15267,–,--,PUNCT,punct,15268,stürmte
15268,stürmte,stürmen,VERB,ROOT,15268,stürmte
15269,der,der,DET,nk,15270,Magister
15270,Magister,Magister,NOUN,sb,15268,stürmte
15271,auf,auf,ADP,svp,15268,stürmte
15272,und,und,CCONJ,cd,15271,auf
15273,nieder,nieder,ADV,cj,15272,und
15274,–,--,PUNCT,punct,15268,stürmte
15275,und,und,CCONJ,cd,15268,stürmte
15276,Klipp,Klipp,PROPN,cj,15275,und
15277,–,--,PUNCT,punct,15268,stürmte
15278,Klapp,Klapp,ADV,mo,15279,fielen
15279,fielen,fallen,VERB,ROOT,15279,fielen
15280,hageldichter,Hageldichter,NOUN,sb,15279,fielen
15281,des,der,DET,nk,15282,Herrn
15282,Herrn,Herr,NOUN,ag,15280,hageldichter
15283,von,von,ADP,pg,15282,Herrn
15284,Brakels,Brakel,PROPN,ag,15285,Schläge
15285,Schläge,Schlag,NOUN,nk,15283,von
15286,und,und,CCONJ,cd,15285,Schläge
15287,huß,Huß,NOUN,cj,15286,und
15288,–,--,PUNCT,punct,15279,fielen
15289,huß,Huß,NOUN,cj,15279,fielen
15290,–,--,PUNCT,punct,15279,fielen
15291,hetzten,Hetzt,NOUN,cj,15289,huß
15292,Felix,Felix,PROPN,pnc,15293,Christlieb
15293,Christlieb,Christlieb,PROPN,sb,15300,Feind
15294,",",--,PUNCT,punct,15293,Christlieb
15295,die,der,DET,nk,15296,Frau
15296,Frau,Frau,NOUN,app,15293,Christlieb
15297,von,von,ADP,pg,15296,Frau
15298,Brakel,Brakel,PROPN,nk,15297,von
15299,den,der,DET,nk,15300,Feind
15300,Feind,Feind,NOUN,ROOT,15300,Feind
15301,.,--,PUNCT,punct,15300,Feind
15302,Endlich,endlich,ADV,mo,15303,gelang
15303,gelang,gelingen,VERB,ROOT,15303,gelang
15304,es,es,PRON,sb,15303,gelang
15305,dem,der,DET,nk,15306,Herrn
15306,Herrn,Herr,NOUN,da,15303,gelang
15307,von,von,ADP,mo,15314,treffen
15308,Brakel,Brakel,PROPN,nk,15307,von
15309,den,der,DET,nk,15310,Magister
15310,Magister,Magister,NOUN,oa,15314,treffen
15311,am,an,ADP,mnr,15310,Magister
15312,Rockschoß,Rockschoß,NOUN,nk,15311,am
15313,zu,zu,PART,pm,15314,treffen
15314,treffen,treffen,VERB,ROOT,15314,treffen
15315,.,--,PUNCT,punct,15314,treffen
15316,Ächzend,ächzend,ADV,mo,15317,stürzte
15317,stürzte,stürzen,VERB,ROOT,15317,stürzte
15318,er,er,PRON,sb,15317,stürzte
15319,zu,zu,ADP,mo,15317,stürzte
15320,Boden,Boden,NOUN,nk,15319,zu
15321,;,--,PUNCT,punct,15317,stürzte
15322,aber,aber,CCONJ,mo,15323,in
15323,in,in,ADP,ROOT,15323,in
15324,dem,der,DET,nk,15325,Augenblick
15325,Augenblick,Augenblick,NOUN,nk,15323,in
15326,",",--,PUNCT,punct,15325,Augenblick
15327,daß,daß,SCONJ,cp,15329,Herr
15328,der,der,DET,nk,15329,Herr
15329,Herr,Herr,NOUN,ROOT,15329,Herr
15330,von,von,ADP,pg,15329,Herr
15331,Brakel,Brakel,PROPN,nk,15330,von
15332,ihn,ihn,PRON,oa,15333,mit
15333,mit,mit,ADP,mnr,15329,Herr
15334,einem,ein,DET,nk,15336,Schlage
15335,zweiten,zweiter,ADJ,nk,15336,Schlage
15336,Schlage,Schlage,NOUN,nk,15333,mit
15337,treffen,treffen,VERB,oc,15338,wollte
15338,wollte,wollen,AUX,mo,15340,schwang
15339,",",--,PUNCT,punct,15340,schwang
15340,schwang,schwingen,VERB,ROOT,15340,schwang
15341,er,er,PRON,sb,15340,schwang
15342,sich,sich,PRON,oa,15340,schwang
15343,mit,mit,ADP,mo,15340,schwang
15344,erneuter,erneut,ADJ,nk,15346,Kraft
15345,doppelter,doppelt,ADJ,nk,15346,Kraft
15346,Kraft,Kraft,NOUN,nk,15343,mit
15347,in,in,ADP,mo,15340,schwang
15348,die,der,DET,nk,15349,Höhe
15349,Höhe,Höhe,NOUN,nk,15347,in
15350,",",--,PUNCT,punct,15340,schwang
15351,stürmte,stürmen,VERB,ROOT,15351,stürmte
15352,sausend,sausend,ADV,mo,15351,stürmte
15353,und,und,CCONJ,cd,15352,sausend
15354,brausend,brausend,ADV,cj,15353,und
15355,nach,nach,ADP,mo,15351,stürmte
15356,den,der,DET,nk,15357,Birken
15357,Birken,Birke,NOUN,nk,15355,nach
15358,hin,hin,ADV,svp,15351,stürmte
15359,und,und,CCONJ,cd,15351,stürmte
15360,ließ,lassen,VERB,cj,15359,und
15361,sich,sich,PRON,oa,15360,ließ
15362,nicht,nicht,PART,ng,15360,ließ
15363,wieder,wieder,ADV,mo,15360,ließ
15364,sehen,sehen,VERB,ROOT,15364,sehen
15365,.,--,PUNCT,punct,15364,sehen
15366,"""",--,PUNCT,punct,15372,Herrn
15367,Gut,gut,ADV,mo,15372,Herrn
15368,daß,daß,SCONJ,cp,15372,Herrn
15369,wir,wir,PRON,sb,15372,Herrn
15370,den,der,DET,nk,15372,Herrn
15371,fatalen,fatal,ADJ,nk,15372,Herrn
15372,Herrn,Herr,NOUN,ROOT,15372,Herrn
15373,Magister,Magister,PROPN,pnc,15374,Tinte
15374,Tinte,Tinte,NOUN,nk,15372,Herrn
15375,los,los,ADV,pd,15376,sind
15376,sind,sein,AUX,oc,15379,sprach
15377,"""",--,PUNCT,punct,15379,sprach
15378,",",--,PUNCT,punct,15379,sprach
15379,sprach,sprechen,VERB,ROOT,15379,sprach
15380,der,der,DET,nk,15381,Herr
15381,Herr,Herr,NOUN,sb,15379,sprach
15382,von,von,ADP,dep,15389,soll
15383,Brakel,Brakel,PROPN,nk,15382,von
15384,",",--,PUNCT,punct,15383,Brakel
15385,"""",--,PUNCT,punct,15389,soll
15386,über,über,ADP,op,15393,kommen
15387,meine,mein,DET,nk,15388,Schwelle
15388,Schwelle,Schwelle,NOUN,nk,15386,über
15389,soll,sollen,AUX,ROOT,15389,soll
15390,er,er,PRON,sb,15389,soll
15391,nicht,nicht,PART,ng,15389,soll
15392,wieder,wieder,ADV,mo,15393,kommen
15393,kommen,kommen,VERB,oc,15389,soll
15394,.,--,PUNCT,punct,15389,soll
15395,"""",--,PUNCT,punct,15389,soll
15396,–,--,PUNCT,punct,15400,soll
15397,"""",--,PUNCT,punct,15400,soll
15398,Nein,nein,NOUN,nk,15399,das
15399,das,der,PRON,sb,15400,soll
15400,soll,sollen,AUX,ROOT,15400,soll
15401,er,er,PRON,ROOT,15401,er
15402,nicht,nicht,PART,ng,15405,fiel
15403,"""",--,PUNCT,punct,15405,fiel
15404,",",--,PUNCT,punct,15405,fiel
15405,fiel,fallen,VERB,ROOT,15405,fiel
15406,Frau,Frau,NOUN,sb,15405,fiel
15407,von,von,ADP,pg,15406,Frau
15408,Brakel,Brakel,PROPN,nk,15407,von
15409,ein,ein,ADV,svp,15405,fiel
15410,",",--,PUNCT,punct,15405,fiel
15411,"""",--,PUNCT,punct,15412,Hofmeister
15412,Hofmeister,Hofmeister,NOUN,dep,15405,fiel
15413,mit,mit,ADP,mnr,15412,Hofmeister
15414,solchen,solcher,DET,nk,15415,abscheulichen
15415,abscheulichen,abscheulich,ADJ,nk,15413,mit
15416,Sitten,Sitte,NOUN,sb,15417,können
15417,können,können,AUX,ROOT,15417,können
15418,nur,nur,ADV,mo,15419,Unheil
15419,Unheil,Unheil,NOUN,oa,15420,stiften
15420,stiften,stiften,VERB,oc,15417,können
15421,",",--,PUNCT,punct,15420,stiften
15422,da,da,SCONJ,cp,15427,sollen
15423,wo,wo,SCONJ,mo,15426,wirken
15424,sie,sie,PRON,sb,15427,sollen
15425,Gutes,Gut,NOUN,oa,15426,wirken
15426,wirken,wirken,VERB,oc,15427,sollen
15427,sollen,sollen,AUX,mo,15420,stiften
15428,.,--,PUNCT,punct,15417,können
15429,–,--,PUNCT,punct,15430,Prahlt
15430,Prahlt,Prahlt,NOUN,ROOT,15430,Prahlt
15431,mit,mit,ADP,svp,15430,Prahlt
15432,den,der,DET,nk,15433,Wissenschaften
15433,Wissenschaften,Wissenschaft,NOUN,ROOT,15433,Wissenschaften
15434,und,und,CCONJ,ju,15435,springt
15435,springt,springen,VERB,ROOT,15435,springt
15436,in,in,ADP,mo,15435,springt
15437,den,der,DET,nk,15438,Milchnapf
15438,Milchnapf,Milchnapf,PROPN,nk,15436,in
15439,!,--,PUNCT,punct,15435,springt
15440,Das,der,PRON,oa,15441,nenne
15441,nenne,nennen,VERB,ROOT,15441,nenne
15442,ich,ich,PRON,sb,15441,nenne
15443,mir,sich,PRON,da,15441,nenne
15444,einen,ein,DET,oa,15441,nenne
15445,schönen,schön,ADJ,nk,15446,Magister
15446,Magister,Magister,NOUN,ROOT,15446,Magister
15447,!,--,PUNCT,punct,15446,Magister
15448,"""",--,PUNCT,punct,15446,Magister
15449,–,--,PUNCT,punct,15450,Aber
15450,Aber,aber,CCONJ,ROOT,15450,Aber
15451,die,der,DET,nk,15452,Kinder
15452,Kinder,Kind,NOUN,sb,15453,jauchzten
15453,jauchzten,jauchzn,VERB,cj,15450,Aber
15454,und,und,CCONJ,cd,15453,jauchzten
15455,jubelten,jubeln,VERB,cj,15454,und
15456,und,und,CCONJ,cd,15453,jauchzten
15457,riefen,rufen,VERB,cj,15456,und
15458,:,--,PUNCT,punct,15453,jauchzten
15459,"""",--,PUNCT,punct,15460,Heisa
15460,Heisa,Heisa,PROPN,ROOT,15460,Heisa
15461,–,--,PUNCT,punct,15463,hat
15462,Papa,Papa,NOUN,sb,15463,hat
15463,hat,haben,AUX,ROOT,15463,hat
15464,dem,der,DET,nk,15465,Herrn
15465,Herrn,Herr,NOUN,da,15463,hat
15466,Magister,Magister,PROPN,pnc,15467,Tinte
15467,Tinte,Tinte,NOUN,nk,15465,Herrn
15468,mit,mit,ADP,mnr,15465,Herrn
15469,der,der,DET,nk,15470,Fliegenklatsche
15470,Fliegenklatsche,Fliegenklatsche,NOUN,nk,15468,mit
15471,eins,eins,NUM,nk,15470,Fliegenklatsche
15472,auf,auf,ADP,mo,15463,hat
15473,die,der,DET,nk,15474,Nase
15474,Nase,Nase,NOUN,nk,15472,auf
15475,versetzt,versetzen,VERB,ROOT,15475,versetzt
15476,und,und,CCONJ,cd,15475,versetzt
15477,da,da,ADV,mo,15481,genommen
15478,hat,haben,AUX,cj,15476,und
15479,er,er,PRON,sb,15478,hat
15480,Reißaus,Reißaus,NOUN,oa,15481,genommen
15481,genommen,nehmen,VERB,oc,15478,hat
15482,!,--,PUNCT,punct,15475,versetzt
15483,–,--,PUNCT,punct,15484,Heisa
15484,Heisa,Heisa,PROPN,ROOT,15484,Heisa
15485,–,--,PUNCT,punct,15484,Heisa
15486,Heisa,Heisa,PROPN,app,15484,Heisa
15487,!,--,PUNCT,punct,15484,Heisa
15488,"""",--,PUNCT,punct,15484,Heisa
15489,Was,was,PRON,sb,15494,begab
15490,sich,sich,PRON,oa,15494,begab
15491,weiter,weiter,ADV,mo,15494,begab
15492,im,in,ADP,mo,15494,begab
15493,Walde,Walde,NOUN,nk,15492,im
15494,begab,begeben,VERB,ROOT,15494,begab
15495,",",--,PUNCT,punct,15494,begab
15496,nachdem,nachdem,SCONJ,cp,15501,worden
15497,der,der,DET,nk,15499,Tinte
15498,Magister,Magister,NOUN,nk,15499,Tinte
15499,Tinte,Tinte,NOUN,sb,15501,worden
15500,fortgejagt,fortgejagen,VERB,oc,15501,worden
15501,worden,werden,AUX,mo,15494,begab
15502,Felix,Felix,PROPN,sb,15505,atmeten
15503,und,und,CCONJ,cd,15502,Felix
15504,Christlieb,Christlieb,NOUN,cj,15503,und
15505,atmeten,atmeen,VERB,ROOT,15505,atmeten
15506,frei,frei,ADV,mo,15505,atmeten
15507,auf,auf,ADP,svp,15505,atmeten
15508,",",--,PUNCT,punct,15505,atmeten
15509,als,als,SCONJ,cm,15510,sei
15510,sei,sein,AUX,oc,15505,atmeten
15511,ihnen,ihnen,PRON,da,15510,sei
15512,eine,ein,DET,nk,15514,drückende
15513,schwere,schwer,ADJ,nk,15514,drückende
15514,drückende,drückende,NOUN,sb,15510,sei
15515,Last,Last,NOUN,ROOT,15515,Last
15516,vom,von,ADP,mo,15518,genommen
15517,Herzen,Herz,NOUN,nk,15516,vom
15518,genommen,nehmen,VERB,oc,15515,Last
15519,.,--,PUNCT,punct,15515,Last
15520,Vor,vor,ADP,mo,15522,dachten
15521,allem,alle,PRON,nk,15520,Vor
15522,dachten,dachen,VERB,ROOT,15522,dachten
15523,sie,sie,PRON,sb,15522,dachten
15524,aber,aber,ADV,mo,15522,dachten
15525,daran,daran,ADV,op,15522,dachten
15526,",",--,PUNCT,punct,15525,daran
15527,daß,daß,SCONJ,cp,15528,nun
15528,nun,nun,ADV,re,15525,daran
15529,",",--,PUNCT,punct,15528,nun
15530,da,da,SCONJ,mo,15522,dachten
15531,der,der,DET,ROOT,15531,der
15532,häßliche,häßlich,ADJ,nk,15533,Pepser
15533,Pepser,Pepser,NOUN,ROOT,15533,Pepser
15534,von,von,ADP,pg,15533,Pepser
15535,dannen,dannen,NOUN,nk,15534,von
15536,geflohen,fliehen,VERB,oc,15533,Pepser
15537,",",--,PUNCT,punct,15536,geflohen
15538,das,der,DET,nk,15540,Kind
15539,fremde,fremd,ADJ,nk,15540,Kind
15540,Kind,Kind,NOUN,oa,15542,wiederkehren
15541,gewiß,gewiß,ADV,mo,15542,wiederkehren
15542,wiederkehren,wiederkehren,VERB,oc,15536,geflohen
15543,und,und,CCONJ,cd,15542,wiederkehren
15544,so,so,ADV,ROOT,15544,so
15545,wie,wie,SCONJ,mo,15549,spielen
15546,sonst,sonst,ADV,mo,15549,spielen
15547,mit,mit,ADP,mo,15549,spielen
15548,ihnen,ihnen,PRON,nk,15547,mit
15549,spielen,spielen,VERB,oc,15550,würde
15550,würde,werden,AUX,ROOT,15550,würde
15551,.,--,PUNCT,punct,15550,würde
15552,Ganz,ganz,ADV,mo,15553,erfüllt
15553,erfüllt,erfüllen,VERB,pd,15557,gingen
15554,von,von,ADP,sbp,15553,erfüllt
15555,freudiger,freudig,ADJ,nk,15556,Hoffnung
15556,Hoffnung,Hoffnung,NOUN,nk,15554,von
15557,gingen,gehen,VERB,ROOT,15557,gingen
15558,sie,sie,PRON,ROOT,15558,sie
15559,in,in,ADP,ROOT,15559,in
15560,den,der,DET,nk,15561,Wald
15561,Wald,Wald,NOUN,nk,15559,in
15562,;,--,PUNCT,punct,15559,in
15563,aber,aber,CCONJ,ju,15565,war
15564,es,es,PRON,sb,15565,war
15565,war,sein,AUX,ROOT,15565,war
15566,alles,alle,PRON,sb,15565,war
15567,still,still,ADV,pd,15565,war
15568,und,und,CCONJ,cd,15565,war
15569,wie,wie,ADV,mo,15570,verödet
15570,verödet,veröden,VERB,cj,15568,und
15571,darin,darin,ADV,mo,15570,verödet
15572,",",--,PUNCT,punct,15571,darin
15573,kein,kein,DET,nk,15574,lustiges
15574,lustiges,lustig,ADJ,cj,15565,war
15575,Lied,Lied,NOUN,sb,15580,ließ
15576,von,von,ADP,pg,15575,Lied
15577,Fink,Fink,NOUN,nk,15576,von
15578,und,und,CCONJ,cd,15577,Fink
15579,Zeisig,Zeisig,NOUN,cj,15578,und
15580,ließ,lassen,VERB,ROOT,15580,ließ
15581,sich,sich,PRON,oa,15582,hören
15582,hören,hören,VERB,oc,15580,ließ
15583,und,und,CCONJ,cd,15582,hören
15584,statt,statt,ADP,cj,15583,und
15585,des,der,DET,nk,15587,Rauschens
15586,fröhlichen,fröhlich,ADJ,nk,15587,Rauschens
15587,Rauschens,Rauschen,NOUN,nk,15584,statt
15588,der,der,DET,punct,15580,ließ
15589,Gebüsche,Gebüsche,NOUN,sb,15598,wehten
15590,",",--,PUNCT,punct,15589,Gebüsche
15591,statt,statt,ADP,mnr,15589,Gebüsche
15592,des,der,DET,nk,15595,Wogens
15593,frohen,froh,ADJ,nk,15595,Wogens
15594,tönenden,tönend,ADJ,nk,15595,Wogens
15595,Wogens,Wogen,NOUN,nk,15591,statt
15596,der,der,DET,nk,15597,Waldbäche
15597,Waldbäche,Waldbäch,NOUN,ag,15595,Wogens
15598,wehten,wehten,VERB,ROOT,15598,wehten
15599,angstvolle,angstvollen,VERB,oa,15598,wehten
15600,Seufzer,Seufzer,NOUN,ROOT,15600,Seufzer
15601,durch,durch,ADP,mnr,15600,Seufzer
15602,die,der,DET,nk,15603,Lüfte
15603,Lüfte,Lüfte,NOUN,nk,15601,durch
15604,.,--,PUNCT,punct,15600,Seufzer
15605,Nur,nur,ADV,mo,15607,Strahlen
15606,bleiche,bleich,ADJ,nk,15607,Strahlen
15607,Strahlen,Strahle,NOUN,oa,15608,warf
15608,warf,werfen,VERB,ROOT,15608,warf
15609,die,der,DET,nk,15610,Sonne
15610,Sonne,Sonne,NOUN,sb,15608,warf
15611,durch,durch,ADP,mo,15608,warf
15612,den,der,DET,nk,15611,durch
15613,dunstigen,dunstig,ADJ,nk,15614,Himmel
15614,Himmel,Himmel,NOUN,ROOT,15614,Himmel
15615,.,--,PUNCT,punct,15614,Himmel
15616,Bald,bald,ADV,mo,15617,türmte
15617,türmte,türmen,VERB,ROOT,15617,türmte
15618,sich,sich,PRON,oa,15617,türmte
15619,ein,ein,DET,nk,15621,Gewölk
15620,schwarzes,schwarz,ADJ,nk,15621,Gewölk
15621,Gewölk,Gewölk,NOUN,sb,15617,türmte
15622,auf,auf,ADP,svp,15617,türmte
15623,",",--,PUNCT,punct,15617,türmte
15624,der,der,DET,nk,15625,Sturm
15625,Sturm,Sturm,NOUN,sb,15626,heulte
15626,heulte,heuln,VERB,oc,15617,türmte
15627,",",--,PUNCT,punct,15626,heulte
15628,der,der,DET,nk,15629,Donner
15629,Donner,Donner,NOUN,sb,15630,begann
15630,begann,beginnen,VERB,ROOT,15630,begann
15631,in,in,ADP,mo,15630,begann
15632,der,der,DET,nk,15633,Ferne
15633,Ferne,Ferne,NOUN,nk,15631,in
15634,zürnend,zürnend,ADV,mo,15636,murmeln
15635,zu,zu,PART,pm,15636,murmeln
15636,murmeln,murmeln,VERB,oc,15630,begann
15637,",",--,PUNCT,punct,15636,murmeln
15638,die,der,DET,nk,15640,Tannen
15639,hohen,hoch,ADJ,nk,15640,Tannen
15640,Tannen,Tanne,NOUN,oa,15641,dröhnten
15641,dröhnten,dröhnen,VERB,oc,15630,begann
15642,und,und,CCONJ,ROOT,15642,und
15643,krachten,krachen,VERB,cj,15642,und
15644,.,--,PUNCT,ROOT,15644,.
15645,Christlieb,Christlieb,PROPN,sb,15646,schloß
15646,schloß,schließen,VERB,ROOT,15646,schloß
15647,sich,sich,PRON,oa,15646,schloß
15648,zitternd,zitternd,ADV,mo,15646,schloß
15649,und,und,CCONJ,cd,15648,zitternd
15650,zagend,zagend,ADV,cj,15649,und
15651,an,an,ADP,mo,15646,schloß
15652,Felix,Felix,PROPN,nk,15651,an
15653,an,an,ADP,svp,15646,schloß
15654,;,--,PUNCT,punct,15646,schloß
15655,der,der,DET,ROOT,15655,der
15656,sprach,sprechen,VERB,ROOT,15656,sprach
15657,aber,aber,ADV,mo,15656,sprach
15658,:,--,PUNCT,punct,15656,sprach
15659,"""",--,PUNCT,punct,15661,fürchtest
15660,Was,was,PRON,oa,15661,fürchtest
15661,fürchtest,fürchtest,VERB,oc,15656,sprach
15662,du,du,PRON,sb,15661,fürchtest
15663,dich,dich,PRON,oa,15661,fürchtest
15664,so,so,ADV,mo,15661,fürchtest
15665,",",--,PUNCT,punct,15664,so
15666,Christlieb,Christlieb,PROPN,cj,15664,so
15667,",",--,PUNCT,punct,15661,fürchtest
15668,es,es,PRON,sb,15669,zieht
15669,zieht,ziehen,VERB,cj,15661,fürchtest
15670,ein,ein,DET,nk,15671,Wetter
15671,Wetter,Wetter,NOUN,sb,15669,zieht
15672,auf,auf,ADP,svp,15669,zieht
15673,",",--,PUNCT,punct,15661,fürchtest
15674,wir,wir,PRON,sb,15675,müssen
15675,müssen,müssen,AUX,ROOT,15675,müssen
15676,machen,machen,VERB,oc,15675,müssen
15677,",",--,PUNCT,punct,15676,machen
15678,daß,daß,SCONJ,cp,15682,kommen
15679,wir,wir,PRON,sb,15682,kommen
15680,nach,nach,ADP,mo,15682,kommen
15681,Hause,Haus,NOUN,nk,15680,nach
15682,kommen,kommen,VERB,oc,15676,machen
15683,.,--,PUNCT,punct,15675,müssen
15684,"""",--,PUNCT,punct,15675,müssen
15685,Sie,sie,PRON,sb,15686,fingen
15686,fingen,fangen,VERB,ROOT,15686,fingen
15687,an,an,ADP,mo,15689,laufen
15688,zu,zu,PART,pm,15689,laufen
15689,laufen,laufen,VERB,oc,15686,fingen
15690,",",--,PUNCT,punct,15686,fingen
15691,doch,doch,CCONJ,cd,15686,fingen
15692,sie,sie,PRON,sb,15693,wußten
15693,wußten,wissen,VERB,ROOT,15693,wußten
15694,selbst,selbst,ADV,mo,15693,wußten
15695,nicht,nicht,PART,ng,15693,wußten
15696,",",--,PUNCT,punct,15693,wußten
15697,wie,wie,SCONJ,mo,15699,geschah
15698,es,es,PRON,sb,15699,geschah
15699,geschah,geschehen,VERB,oc,15693,wußten
15700,",",--,PUNCT,punct,15699,geschah
15701,daß,daß,SCONJ,cp,15702,sie
15702,sie,sie,PRON,sb,15699,geschah
15703,statt,statt,ADP,ac,15704,aus
15704,aus,aus,ADP,mnr,15702,sie
15705,dem,der,DET,nk,15706,Walde
15706,Walde,Walde,NOUN,nk,15704,aus
15707,herauszukommen,herauskommen,NOUN,ROOT,15707,herauszukommen
15708,immer,immer,ADV,mo,15709,tiefer
15709,tiefer,tief,ADV,mo,15710,hineingerieten
15710,hineingerieten,hineingerieten,VERB,oc,15707,herauszukommen
15711,.,--,PUNCT,punct,15707,herauszukommen
15712,Es,es,PRON,sb,15713,wurde
15713,wurde,werden,AUX,ROOT,15713,wurde
15714,finsterer,finster,ADV,pd,15713,wurde
15715,und,und,CCONJ,cd,15714,finsterer
15716,finsterer,Finsterer,NOUN,cj,15715,und
15717,",",--,PUNCT,punct,15713,wurde
15718,dicke,dick,ADJ,nk,15719,Regentropfen
15719,Regentropfen,Regentropfen,NOUN,sb,15720,fielen
15720,fielen,fallen,VERB,ROOT,15720,fielen
15721,herab,herab,ADV,mo,15720,fielen
15722,und,und,CCONJ,cd,15721,herab
15723,Blitze,Blitz,NOUN,cj,15722,und
15724,fuhren,fahren,VERB,cj,15720,fielen
15725,zischend,zischend,ADV,mo,15724,fuhren
15726,hin,hin,ADV,svp,15724,fuhren
15727,und,und,CCONJ,cd,15726,hin
15728,her,her,ADV,cj,15727,und
15729,!,--,PUNCT,punct,15720,fielen
15730,–,--,PUNCT,punct,15731,Die
15731,Die,der,DET,ROOT,15731,Die
15732,Kinder,Kind,NOUN,sb,15733,standen
15733,standen,stehen,VERB,ROOT,15733,standen
15734,an,an,ADP,mo,15733,standen
15735,einem,ein,DET,nk,15736,dicken
15736,dicken,dick,ADJ,nk,15734,an
15737,dichten,dicht,ADJ,nk,15738,Gestrüpp
15738,Gestrüpp,Gestrüpp,NOUN,nk,15734,an
15739,.,--,PUNCT,punct,15733,standen
15740,"""",--,PUNCT,punct,15741,Christlieb
15741,Christlieb,Christlieb,NOUN,sb,15744,sprach
15742,"""",--,PUNCT,punct,15741,Christlieb
15743,",",--,PUNCT,punct,15744,sprach
15744,sprach,sprechen,VERB,ROOT,15744,sprach
15745,Felix,Felix,PROPN,sb,15744,sprach
15746,",",--,PUNCT,punct,15744,sprach
15747,"""",--,PUNCT,punct,15748,laß
15748,laß,laß,VERB,ROOT,15748,laß
15749,uns,uns,PRON,da,15748,laß
15750,hier,hier,ADV,mo,15753,unterducken
15751,ein,ein,DET,nk,15752,bißchen
15752,bißchen,bißchen,PRON,oa,15753,unterducken
15753,unterducken,unterducken,VERB,oc,15748,laß
15754,",",--,PUNCT,punct,15748,laß
15755,nicht,nicht,PART,ng,15756,lange
15756,lange,lange,ADV,mo,15757,kann
15757,kann,können,AUX,cj,15748,laß
15758,das,der,DET,nk,15759,Wetter
15759,Wetter,Wetter,NOUN,oa,15760,dauern
15760,dauern,dauern,VERB,oc,15757,kann
15761,.,--,PUNCT,punct,15748,laß
15762,"""",--,PUNCT,ROOT,15762,""""
15763,Christlieb,Christlieb,NOUN,sb,15764,weinte
15764,weinte,weinen,VERB,ROOT,15764,weinte
15765,vor,vor,ADP,mo,15764,weinte
15766,Angst,Angst,NOUN,nk,15765,vor
15767,",",--,PUNCT,punct,15764,weinte
15768,tat,tun,VERB,cj,15764,weinte
15769,aber,aber,ADV,mo,15768,tat
15770,doch,doch,ADV,mo,15768,tat
15771,",",--,PUNCT,punct,15768,tat
15772,was,was,PRON,oa,15774,geheißen
15773,Felix,Felix,PROPN,sb,15774,geheißen
15774,geheißen,heißen,VERB,oc,15768,tat
15775,.,--,PUNCT,punct,15764,weinte
15776,Aber,aber,CCONJ,ROOT,15776,Aber
15777,kaum,kaum,ADV,mo,15776,Aber
15778,hatten,haben,AUX,ROOT,15778,hatten
15779,sie,sie,PRON,sb,15778,hatten
15780,sich,sich,PRON,da,15781,hingesetzt
15781,hingesetzt,hinsetzen,VERB,oc,15778,hatten
15782,in,in,ADP,mo,15781,hingesetzt
15783,das,der,DET,nk,15785,Gebüsch
15784,dicke,dick,ADJ,nk,15785,Gebüsch
15785,Gebüsch,Gebüsch,NOUN,nk,15782,in
15786,",",--,PUNCT,punct,15781,hingesetzt
15787,als,als,SCONJ,cm,15792,mit
15788,es,es,PRON,oa,15792,mit
15789,dicht,dicht,ADV,mo,15790,hinter
15790,hinter,hinter,ADP,mo,15788,es
15791,ihnen,ihnen,PRON,nk,15790,hinter
15792,mit,mit,ADP,svp,15778,hatten
15793,häßlich,häßlich,ADV,mo,15794,knarrenden
15794,knarrenden,knarrend,ADJ,nk,15795,Stimmen
15795,Stimmen,Stimme,NOUN,da,15796,sprach
15796,sprach,sprechen,VERB,ROOT,15796,sprach
15797,:,--,PUNCT,punct,15796,sprach
15798,"""",--,PUNCT,punct,15799,Dumme
15799,Dumme,dumm,ADJ,oc,15796,sprach
15800,Dinger,Dinger,PROPN,sb,15799,Dumme
15801,!,--,PUNCT,punct,15799,Dumme
15802,–,--,PUNCT,punct,15804,Volk
15803,einfältig,einfältig,ADV,mo,15804,Volk
15804,Volk,Volk,NOUN,sb,15806,habt
15805,–,--,PUNCT,punct,15806,habt
15806,habt,haben,VERB,oc,15799,Dumme
15807,uns,uns,PRON,oa,15806,habt
15808,verachtet,verachten,VERB,sb,15810,habt
15809,–,--,PUNCT,punct,15810,habt
15810,habt,Habt,AUX,oc,15822,könnt
15811,nicht,nicht,PART,ng,15812,gewußt
15812,gewußt,wissen,VERB,oc,15810,habt
15813,",",--,PUNCT,punct,15812,gewußt
15814,was,was,PRON,sb,15819,sollt
15815,ihr,ihr,PRON,da,15818,anfangen
15816,mit,mit,ADP,mo,15818,anfangen
15817,uns,uns,PRON,nk,15816,mit
15818,anfangen,anfangen,VERB,oa,15819,sollt
15819,sollt,sollen,VERB,oc,15812,gewußt
15820,",",--,PUNCT,punct,15822,könnt
15821,nun,nun,ADV,mo,15822,könnt
15822,könnt,können,VERB,ROOT,15822,könnt
15823,ihr,ihr,DET,sb,15822,könnt
15824,sitzen,sitzen,VERB,ROOT,15824,sitzen
15825,ohne,ohne,ADP,mo,15824,sitzen
15826,Spielsachen,spielsach,NOUN,nk,15825,ohne
15827,",",--,PUNCT,punct,15824,sitzen
15828,ihr,ihr,PRON,da,15829,einfältigen
15829,einfältigen,einfältigen,VERB,cj,15824,sitzen
15830,Dinger,Dinger,NOUN,oa,15829,einfältigen
15831,!,--,PUNCT,punct,15824,sitzen
15832,"""",--,PUNCT,ROOT,15832,""""
15833,Felix,Felix,PROPN,sb,15834,schaute
15834,schaute,schauen,VERB,ROOT,15834,schaute
15835,sich,sich,PRON,oa,15834,schaute
15836,um,um,ADP,svp,15834,schaute
15837,und,und,CCONJ,cd,15834,schaute
15838,es,es,PRON,cj,15837,und
15839,wurde,werden,AUX,ROOT,15839,wurde
15840,ihm,ihm,PRON,da,15839,wurde
15841,ganz,ganz,ADV,mo,15842,unheimlich
15842,unheimlich,unheimlich,ADV,mo,15839,wurde
15843,zumute,zumute,ADV,mo,15839,wurde
15844,",",--,PUNCT,punct,15839,wurde
15845,wie,wie,SCONJ,mo,15846,er
15846,er,er,PRON,sb,15839,wurde
15847,den,der,DET,nk,15848,Jäger
15848,Jäger,Jäger,NOUN,oa,15839,wurde
15849,und,und,CCONJ,cd,15848,Jäger
15850,den,der,DET,nk,15851,Harfenmann
15851,Harfenmann,Harfenmann,NOUN,cj,15849,und
15852,erblickte,erblicken,VERB,ROOT,15852,erblickte
15853,",",--,PUNCT,punct,15852,erblickte
15854,die,der,PRON,sb,15865,erhoben
15855,sich,sich,PRON,oa,15865,erhoben
15856,aus,aus,ADP,mo,15865,erhoben
15857,dem,der,DET,nk,15858,Gestrüpp
15858,Gestrüpp,Gestrüpp,NOUN,nk,15856,aus
15859,",",--,PUNCT,punct,15858,Gestrüpp
15860,wo,wo,SCONJ,mo,15863,hineingeworfen
15861,er,er,PRON,sb,15863,hineingeworfen
15862,sie,sie,PRON,oa,15863,hineingeworfen
15863,hineingeworfen,hineingeworfen,VERB,rc,15858,Gestrüpp
15864,",",--,PUNCT,punct,15865,erhoben
15865,erhoben,erheben,VERB,rc,15852,erblickte
15866,",",--,PUNCT,punct,15865,erhoben
15867,ihn,ihn,PRON,oa,15852,erblickte
15868,mit,mit,ADP,mo,15871,anstarrten
15869,toten,tot,ADJ,nk,15870,Augen
15870,Augen,Auge,NOUN,nk,15868,mit
15871,anstarrten,anstarrn,VERB,ROOT,15871,anstarrten
15872,und,und,CCONJ,cd,15871,anstarrten
15873,mit,mit,ADP,mo,15877,herumfochten
15874,den,der,DET,nk,15876,Händchen
15875,kleinen,klein,ADJ,nk,15876,Händchen
15876,Händchen,Händchen,NOUN,nk,15873,mit
15877,herumfochten,herumfocht,VERB,cj,15872,und
15878,und,und,CCONJ,cd,15877,herumfochten
15879,hantierten,hantierten,VERB,ROOT,15879,hantierten
15880,.,--,PUNCT,punct,15879,hantierten
15881,Dazu,dazu,ADV,mo,15882,griff
15882,griff,greifen,VERB,ROOT,15882,griff
15883,der,der,DET,nk,15884,Harfenmann
15884,Harfenmann,Harfenmann,NOUN,sb,15882,griff
15885,in,in,ADP,mo,15882,griff
15886,die,der,DET,nk,15887,Saiten
15887,Saiten,Sait,NOUN,nk,15885,in
15888,",",--,PUNCT,punct,15882,griff
15889,daß,daß,SCONJ,cp,15892,zwitscherte
15890,es,es,PRON,ep,15892,zwitscherte
15891,widrig,widrig,ADV,mo,15892,zwitscherte
15892,zwitscherte,zwitscheren,VERB,oc,15882,griff
15893,und,und,CCONJ,ROOT,15893,und
15894,klirrte,klirren,VERB,cj,15893,und
15895,",",--,PUNCT,punct,15894,klirrte
15896,und,und,CCONJ,cd,15894,klirrte
15897,der,der,DET,nk,15898,Jägersmann
15898,Jägersmann,Jägersmann,NOUN,sb,15899,legte
15899,legte,legen,VERB,cj,15896,und
15900,gar,gar,ADV,mo,15899,legte
15901,die,der,DET,nk,15903,Flinte
15902,kleine,klein,ADJ,nk,15903,Flinte
15903,Flinte,Flinte,NOUN,oa,15899,legte
15904,auf,auf,ADP,mo,15899,legte
15905,Felix,Felix,PROPN,nk,15904,auf
15906,an,an,ADP,svp,15899,legte
15907,.,--,PUNCT,ROOT,15907,.
15908,Dazu,dazu,ADV,ROOT,15908,Dazu
15909,krächzten,krächzn,VERB,ROOT,15909,krächzten
15910,beide,beide,PRON,sb,15909,krächzten
15911,:,--,PUNCT,punct,15909,krächzten
15912,"""",--,PUNCT,punct,15913,Wart
15913,Wart,Wart,NOUN,cj,15923,sind
15914,–,--,PUNCT,punct,15913,Wart
15915,Wart,Wart,PROPN,mo,15917,Junge
15916,du,du,PRON,mo,15915,Wart
15917,Junge,Junge,PROPN,app,15913,Wart
15918,",",--,PUNCT,punct,15913,Wart
15919,du,du,PRON,pnc,15920,Mädel
15920,Mädel,Mädel,PROPN,app,15913,Wart
15921,",",--,PUNCT,punct,15913,Wart
15922,wir,wir,PRON,sb,15923,sind
15923,sind,sein,AUX,ROOT,15923,sind
15924,die,der,DET,nk,15925,gehorsamen
15925,gehorsamen,Gehorsame,NOUN,pd,15923,sind
15926,Zöglinge,Zöglinge,NOUN,mo,15936,sein
15927,des,der,DET,nk,15928,Herrn
15928,Herrn,Herr,NOUN,ag,15926,Zöglinge
15929,Magister,Magister,PROPN,pnc,15930,Tinte
15930,Tinte,Tinte,ADJ,nk,15928,Herrn
15931,",",--,PUNCT,punct,15933,wird
15932,gleich,gleich,ADV,mo,15936,sein
15933,wird,werden,AUX,ROOT,15933,wird
15934,er,er,PRON,sb,15933,wird
15935,hier,hier,ADV,mo,15936,sein
15936,sein,sein,AUX,oc,15933,wird
15937,und,und,CCONJ,cd,15933,wird
15938,da,da,ADV,mo,15939,wollen
15939,wollen,wollen,AUX,cj,15937,und
15940,wir,wir,PRON,sb,15939,wollen
15941,euch,euch,PRON,oa,15942,euern
15942,euern,euern,VERB,ROOT,15942,euern
15943,Trotz,trotz,ADP,mo,15945,eintränken
15944,schon,schon,ADV,mo,15945,eintränken
15945,eintränken,eintränken,VERB,ROOT,15945,eintränken
15946,!,--,PUNCT,punct,15945,eintränken
15947,"""",--,PUNCT,punct,15945,eintränken
15948,–,--,PUNCT,punct,15949,Entsetzt
15949,Entsetzt,Entsetzt,ADV,ROOT,15949,Entsetzt
15950,",",--,PUNCT,punct,15949,Entsetzt
15951,des,der,DET,nk,15952,Regens
15952,Regens,Regen,NOUN,cj,15949,Entsetzt
15953,der,der,DET,ag,15952,Regens
15954,nun,nun,ADV,mo,15949,Entsetzt
15955,herabströmte,herabströmen,VERB,ROOT,15955,herabströmte
15956,",",--,PUNCT,punct,15955,herabströmte
15957,der,der,DET,nk,15959,Donnerschläge
15958,krachenden,krachend,ADJ,nk,15959,Donnerschläge
15959,Donnerschläge,Donnerschlag,NOUN,sb,15955,herabströmte
15960,",",--,PUNCT,punct,15959,Donnerschläge
15961,des,der,DET,nk,15962,Sturms
15962,Sturms,Sturm,NOUN,app,15959,Donnerschläge
15963,der,der,DET,oc,15955,herabströmte
15964,mit,mit,ADP,mnr,15963,der
15965,dumpfem,dumpf,ADJ,nk,15966,Brausen
15966,Brausen,Brau,NOUN,nk,15964,mit
15967,durch,durch,ADP,mo,15970,fuhr
15968,die,der,DET,nk,15969,Tannen
15969,Tannen,Tanne,NOUN,nk,15967,durch
15970,fuhr,fahren,VERB,mo,15975,rannten
15971,",",--,PUNCT,punct,15970,fuhr
15972,nicht,nicht,PART,ng,15973,achtend
15973,achtend,achtend,ADV,mo,15970,fuhr
15974,",",--,PUNCT,punct,15975,rannten
15975,rannten,rannen,VERB,ROOT,15975,rannten
15976,die,der,DET,nk,15977,Kinder
15977,Kinder,Kind,NOUN,sb,15975,rannten
15978,von,von,ADP,pg,15977,Kinder
15979,dannen,dannen,NOUN,nk,15978,von
15980,und,und,CCONJ,cd,15977,Kinder
15981,gerieten,geraten,VERB,ROOT,15981,gerieten
15982,an,an,ADP,op,15981,gerieten
15983,das,der,DET,nk,15984,Ufer
15984,Ufer,Ufer,NOUN,nk,15982,an
15985,des,der,DET,nk,15987,Teichs
15986,großen,groß,ADJ,nk,15987,Teichs
15987,Teichs,Teich,NOUN,ag,15984,Ufer
15988,der,der,DET,nk,15990,Wald
15989,den,der,DET,nk,15990,Wald
15990,Wald,Wald,NOUN,ag,15987,Teichs
15991,begrenzte,begrenzen,VERB,mo,15981,gerieten
15992,.,--,PUNCT,punct,15981,gerieten
15993,Aber,aber,CCONJ,ju,15995,waren
15994,kaum,kaum,ADV,mo,15995,waren
15995,waren,sein,AUX,ROOT,15995,waren
15996,sie,sie,PRON,ROOT,15996,sie
15997,hier,hier,ADV,mo,15996,sie
15998,",",--,PUNCT,punct,15997,hier
15999,als,als,SCONJ,cm,16009,Felix
16000,sich,sich,PRON,oa,16009,Felix
16001,aus,aus,ADP,mnr,16000,sich
16002,dem,der,DET,nk,16003,Schilf
16003,Schilf,Schilf,NOUN,nk,16001,aus
16004,Christliebs,Christliebs,PROPN,nk,16003,Schilf
16005,große,groß,ADJ,nk,16006,Puppe
16006,Puppe,Puppe,NOUN,nk,16001,aus
16007,",",--,PUNCT,punct,16006,Puppe
16008,die,der,PRON,nk,16009,Felix
16009,Felix,Felix,PROPN,cc,15997,hier
16010,hineingeworfen,hineingeworfen,VERB,sb,16012,erhob
16011,",",--,PUNCT,punct,16012,erhob
16012,erhob,erheben,VERB,ROOT,16012,erhob
16013,und,und,CCONJ,cd,16012,erhob
16014,mit,mit,ADP,mo,16017,quäkte
16015,häßlicher,häßlich,ADJ,nk,16016,Stimme
16016,Stimme,Stimme,NOUN,nk,16014,mit
16017,quäkte,quäken,VERB,cj,16013,und
16018,:,--,PUNCT,punct,16012,erhob
16019,"""",--,PUNCT,punct,16020,Dumme
16020,Dumme,dumm,ADJ,oc,16012,erhob
16021,Dinger,Dinger,NOUN,sb,16020,Dumme
16022,",",--,PUNCT,punct,16020,Dumme
16023,einfältig,einfältig,ADV,mo,16020,Dumme
16024,Volk,Volk,NOUN,sb,16026,habt
16025,–,--,PUNCT,punct,16026,habt
16026,habt,haben,AUX,sb,16030,habt
16027,mich,mich,PRON,oa,16028,verachtet
16028,verachtet,verachten,VERB,oc,16026,habt
16029,–,--,PUNCT,punct,16030,habt
16030,habt,Habt,AUX,ROOT,16030,habt
16031,nicht,nicht,PART,ng,16032,gewußt
16032,gewußt,wissen,VERB,oc,16030,habt
16033,",",--,PUNCT,punct,16032,gewußt
16034,was,was,PRON,sb,16039,sollt
16035,ihr,ihr,PRON,da,16038,anfangen
16036,mit,mit,ADP,mo,16038,anfangen
16037,mir,mir,PRON,nk,16036,mit
16038,anfangen,anfangen,VERB,da,16039,sollt
16039,sollt,sollen,VERB,oc,16032,gewußt
16040,",",--,PUNCT,punct,16030,habt
16041,nun,nun,ADV,mo,16042,könnt
16042,könnt,können,VERB,ROOT,16042,könnt
16043,ihr,ihr,DET,sb,16042,könnt
16044,sitzen,sitzen,VERB,oc,16042,könnt
16045,ohne,ohne,ADP,mo,16044,sitzen
16046,Spielsachen,spielsach,NOUN,nk,16045,ohne
16047,",",--,PUNCT,punct,16042,könnt
16048,ihr,ihr,PRON,da,16049,einfältigen
16049,einfältigen,einfältigen,VERB,cj,16042,könnt
16050,Dinger,Dinger,NOUN,sb,16049,einfältigen
16051,!,--,PUNCT,punct,16042,könnt
16052,Wart,Wart,ADV,mo,16053,wart
16053,wart,wart,VERB,ROOT,16053,wart
16054,du,du,PRON,sb,16053,wart
16055,Junge,jung,PROPN,pd,16061,bin
16056,",",--,PUNCT,punct,16055,Junge
16057,du,du,PRON,pnc,16058,Mädel
16058,Mädel,Mädel,PROPN,cj,16055,Junge
16059,",",--,PUNCT,punct,16061,bin
16060,ich,ich,PRON,sb,16061,bin
16061,bin,sein,AUX,ROOT,16061,bin
16062,der,der,DET,nk,16064,Zögling
16063,gehorsame,gehorsam,ADJ,nk,16064,Zögling
16064,Zögling,Zögling,NOUN,pd,16061,bin
16065,des,der,DET,nk,16066,Herrn
16066,Herrn,Herr,NOUN,ag,16064,Zögling
16067,Magister,Magister,PROPN,pnc,16068,Tinte
16068,Tinte,Tinte,NOUN,nk,16066,Herrn
16069,",",--,PUNCT,punct,16064,Zögling
16070,gleich,gleich,ADV,mo,16061,bin
16071,wird,werden,AUX,ROOT,16071,wird
16072,er,er,PRON,sb,16071,wird
16073,hier,hier,ADV,mo,16074,sein
16074,sein,sein,AUX,oc,16071,wird
16075,und,und,CCONJ,cd,16071,wird
16076,da,da,ADV,mo,16080,euern
16077,werden,werden,AUX,cj,16075,und
16078,wir,wir,PRON,sb,16077,werden
16079,euch,euch,PRON,oa,16080,euern
16080,euern,euern,VERB,oc,16077,werden
16081,Trotz,trotz,ADP,mo,16083,eintränken
16082,schon,schon,ADV,mo,16083,eintränken
16083,eintränken,eintränken,VERB,oc,16077,werden
16084,.,--,PUNCT,punct,16071,wird
16085,"""",--,PUNCT,punct,16071,wird
16086,Und,und,CCONJ,ROOT,16086,Und
16087,dann,dann,ADV,mo,16088,spritzte
16088,spritzte,spritzen,VERB,ROOT,16088,spritzte
16089,die,der,DET,nk,16091,Puppe
16090,häßliche,häßlich,ADJ,nk,16091,Puppe
16091,Puppe,Puppe,NOUN,sb,16088,spritzte
16092,den,der,DET,nk,16094,Kindern
16093,armen,arm,ADJ,nk,16094,Kindern
16094,Kindern,Kind,NOUN,da,16088,spritzte
16095,",",--,PUNCT,punct,16094,Kindern
16096,die,der,PRON,sb,16098,vom
16097,schon,schon,ADV,mo,16098,vom
16098,vom,von,ADP,rc,16094,Kindern
16099,Regen,Regen,NOUN,nk,16098,vom
16100,ganz,ganz,ADV,mo,16098,vom
16101,durchnäßt,durchnäßt,VERB,oc,16102,waren
16102,waren,sein,AUX,ROOT,16102,waren
16103,",",--,PUNCT,punct,16102,waren
16104,ganze,ganz,ADJ,nk,16105,Ströme
16105,Ströme,Strom,NOUN,cj,16102,waren
16106,Wasser,Wasser,NOUN,dep,16102,waren
16107,ins,in,ADP,mo,16102,waren
16108,Gesicht,Gesicht,NOUN,nk,16107,ins
16109,.,--,PUNCT,punct,16102,waren
16110,Felix,Felix,PROPN,sb,16111,konnte
16111,konnte,können,AUX,ROOT,16111,konnte
16112,diesen,dieser,PRON,oa,16111,konnte
16113,entsetzlichen,entsetzlich,ADJ,nk,16114,Spuk
16114,Spuk,Spuk,NOUN,oa,16116,vertragen
16115,nicht,nicht,PART,ng,16116,vertragen
16116,vertragen,vertragen,VERB,ROOT,16116,vertragen
16117,",",--,PUNCT,punct,16116,vertragen
16118,die,der,DET,nk,16120,Christlieb
16119,arme,arm,ADJ,nk,16120,Christlieb
16120,Christlieb,Christlieb,NOUN,sb,16121,war
16121,war,sein,AUX,oc,16116,vertragen
16122,halbtot,halbtot,ADV,pd,16121,war
16123,",",--,PUNCT,punct,16121,war
16124,aufs,auf,ADP,mo,16116,vertragen
16125,neue,neu,ADJ,nk,16124,aufs
16126,rannten,rannen,VERB,ROOT,16126,rannten
16127,sie,sie,PRON,sb,16126,rannten
16128,davon,davon,ADV,op,16126,rannten
16129,",",--,PUNCT,punct,16128,davon
16130,aber,aber,CCONJ,cd,16128,davon
16131,bald,bald,ADV,mo,16133,im
16132,mitten,mitten,ADV,mo,16133,im
16133,im,in,ADP,mo,16135,sanken
16134,Walde,Walde,NOUN,nk,16133,im
16135,sanken,sinken,VERB,cj,16130,aber
16136,sie,sie,PRON,sb,16135,sanken
16137,vor,vor,ADP,mo,16135,sanken
16138,Angst,Angst,NOUN,nk,16137,vor
16139,und,und,CCONJ,cd,16135,sanken
16140,Erschöpfung,Erschöpfung,NOUN,ROOT,16140,Erschöpfung
16141,nieder,nieder,ADV,svp,16140,Erschöpfung
16142,.,--,PUNCT,punct,16140,Erschöpfung
16143,Da,da,SCONJ,cp,16144,summte
16144,summte,summen,VERB,ROOT,16144,summte
16145,und,und,CCONJ,cd,16144,summte
16146,brauste,brausten,VERB,cj,16145,und
16147,es,es,PRON,oa,16146,brauste
16148,hinter,hinter,ADP,mo,16146,brauste
16149,ihnen,ihnen,PRON,nk,16148,hinter
16150,.,--,PUNCT,punct,16144,summte
16151,"""",--,PUNCT,punct,16154,Tinte
16152,Der,der,DET,nk,16154,Tinte
16153,Magister,Magister,ADJ,nk,16154,Tinte
16154,Tinte,Tinte,NOUN,ROOT,16154,Tinte
16155,kommt,kommen,VERB,oc,16158,schrie
16156,"""",--,PUNCT,punct,16155,kommt
16157,",",--,PUNCT,punct,16158,schrie
16158,schrie,schreien,VERB,ROOT,16158,schrie
16159,Felix,Felix,PROPN,sb,16158,schrie
16160,",",--,PUNCT,punct,16158,schrie
16161,aber,aber,CCONJ,cd,16158,schrie
16162,in,in,ADP,mo,16165,vergingen
16163,dem,der,DET,nk,16164,Augenblick
16164,Augenblick,Augenblick,NOUN,nk,16162,in
16165,vergingen,vergingen,VERB,cj,16161,aber
16166,ihm,ihm,PRON,da,16165,vergingen
16167,auch,auch,ADV,mo,16165,vergingen
16168,so,so,ADV,mo,16165,vergingen
16169,wie,wie,ADP,cm,16170,der
16170,der,der,DET,cc,16168,so
16171,armen,arm,ADJ,nk,16172,Christlieb
16172,Christlieb,Christlieb,NOUN,ROOT,16172,Christlieb
16173,die,der,DET,nk,16174,Sinne
16174,Sinne,Sinn,NOUN,pd,16172,Christlieb
16175,.,--,PUNCT,punct,16172,Christlieb
16176,Als,als,SCONJ,cp,16182,erwachten
16177,sie,sie,PRON,sb,16182,erwachten
16178,wieder,wieder,ADV,mo,16182,erwachten
16179,aus,aus,ADP,mo,16182,erwachten
16180,dem,der,DET,nk,16181,Schlaf
16181,Schlaf,Schlaf,NOUN,nk,16179,aus
16182,erwachten,erwachten,VERB,mo,16184,befanden
16183,",",--,PUNCT,punct,16184,befanden
16184,befanden,befinden,VERB,ROOT,16184,befanden
16185,sie,sie,PRON,ROOT,16185,sie
16186,sich,sich,PRON,ROOT,16186,sich
16187,auf,auf,ADP,mnr,16186,sich
16188,einem,ein,DET,nk,16190,Moossitz
16189,weichen,weich,ADJ,nk,16190,Moossitz
16190,Moossitz,Moossitz,NOUN,nk,16187,auf
16191,.,--,PUNCT,punct,16186,sich
16192,Das,der,DET,nk,16193,Wetter
16193,Wetter,Wetter,NOUN,sb,16194,war
16194,war,sein,AUX,ROOT,16194,war
16195,vorüber,vorüber,ADV,pd,16194,war
16196,",",--,PUNCT,punct,16194,war
16197,die,der,DET,nk,16198,Sonne
16198,Sonne,Sonne,NOUN,oa,16199,schien
16199,schien,scheinen,VERB,cj,16194,war
16200,hell,hell,ADV,mo,16206,hingen
16201,und,und,CCONJ,cd,16200,hell
16202,freundlich,freundlich,ADV,cj,16201,und
16203,und,und,CCONJ,cd,16200,hell
16204,die,der,DET,nk,16205,Regentropfen
16205,Regentropfen,Regentropfe,NOUN,cj,16203,und
16206,hingen,hing,VERB,ROOT,16206,hingen
16207,wie,wie,ADP,cm,16209,Edelsteine
16208,funkelnde,funkelnd,ADJ,nk,16209,Edelsteine
16209,Edelsteine,Edelstein,NOUN,mo,16206,hingen
16210,an,an,ADP,mnr,16209,Edelsteine
16211,den,der,DET,nk,16210,an
16212,glänzenden,glänzend,ADJ,nk,16213,Büschen
16213,Büschen,Büschen,NOUN,ROOT,16213,Büschen
16214,und,und,CCONJ,cd,16213,Büschen
16215,Bäumen,Baum,NOUN,cj,16214,und
16216,.,--,PUNCT,punct,16213,Büschen
16217,Hoch,hoch,ADV,mo,16218,verwunderten
16218,verwunderten,verwundern,VERB,ROOT,16218,verwunderten
16219,sich,sich,PRON,oa,16218,verwunderten
16220,die,der,DET,nk,16221,Kinder
16221,Kinder,Kind,NOUN,sb,16218,verwunderten
16222,darüber,darüber,ADV,op,16218,verwunderten
16223,",",--,PUNCT,punct,16222,darüber
16224,daß,daß,SCONJ,par,16218,verwunderten
16225,ihre,ihr,DET,nk,16226,Kleider
16226,Kleider,Kleid,NOUN,sb,16229,waren
16227,ganz,ganz,ADV,mo,16228,trocken
16228,trocken,trocken,ADV,pd,16229,waren
16229,waren,sein,AUX,ROOT,16229,waren
16230,und,und,CCONJ,cd,16229,waren
16231,sie,sie,PRON,cj,16230,und
16232,gar,gar,ADV,mo,16233,nichts
16233,nichts,nichts,PRON,pd,16231,sie
16234,von,von,ADP,pg,16233,nichts
16235,der,der,DET,nk,16236,Kälte
16236,Kälte,Kälte,NOUN,nk,16234,von
16237,und,und,CCONJ,cd,16236,Kälte
16238,Nässe,Näs,NOUN,cj,16237,und
16239,spürten,spüren,VERB,ROOT,16239,spürten
16240,.,--,PUNCT,punct,16239,spürten
16241,"""",--,PUNCT,punct,16242,Ach
16242,Ach,ach,INTJ,mo,16244,rief
16243,"""",--,PUNCT,punct,16242,Ach
16244,rief,rufen,VERB,ROOT,16244,rief
16245,Felix,Felix,PROPN,sb,16244,rief
16246,indem,indem,SCONJ,cp,16254,emporstreckte
16247,er,er,PRON,sb,16254,emporstreckte
16248,beide,beide,DET,nk,16249,Arme
16249,Arme,Arm,NOUN,oa,16254,emporstreckte
16250,hoch,hoch,ADV,mo,16254,emporstreckte
16251,in,in,ADP,mo,16254,emporstreckte
16252,die,der,DET,nk,16253,Lüfte
16253,Lüfte,Lüft,NOUN,nk,16251,in
16254,emporstreckte,emporstrecken,VERB,oc,16244,rief
16255,:,--,PUNCT,punct,16244,rief
16256,"""",--,PUNCT,punct,16261,hat
16257,Ach,ach,INTJ,vo,16261,hat
16258,das,der,DET,nk,16260,Kind
16259,fremde,fremd,ADJ,nk,16260,Kind
16260,Kind,Kind,NOUN,sb,16261,hat
16261,hat,haben,AUX,ROOT,16261,hat
16262,uns,uns,PRON,oa,16263,beschützt
16263,beschützt,beschützen,VERB,oc,16261,hat
16264,!,--,PUNCT,punct,16261,hat
16265,"""",--,PUNCT,punct,16261,hat
16266,Und,und,CCONJ,ju,16268,riefen
16267,nun,nun,ADV,mo,16268,riefen
16268,riefen,rufen,VERB,ROOT,16268,riefen
16269,beide,beide,PRON,sb,16268,riefen
16270,",",--,PUNCT,punct,16268,riefen
16271,Felix,Felix,PROPN,cj,16268,riefen
16272,und,und,CCONJ,cd,16271,Felix
16273,Christlieb,Christlieb,NOUN,sb,16289,komme
16274,",",--,PUNCT,punct,16273,Christlieb
16275,laut,laut,ADV,par,16273,Christlieb
16276,",",--,PUNCT,punct,16273,Christlieb
16277,daß,daß,SCONJ,cp,16281,wiedertönte
16278,es,es,PRON,ep,16281,wiedertönte
16279,im,in,ADP,mo,16281,wiedertönte
16280,Walde,Walde,NOUN,nk,16279,im
16281,wiedertönte,wiedertönen,VERB,sb,16273,Christlieb
16282,:,--,PUNCT,punct,16273,Christlieb
16283,"""",--,PUNCT,punct,16287,Kind
16284,Ach,ach,INTJ,pnc,16285,du
16285,du,du,PRON,sb,16287,Kind
16286,liebes,lieb,ADJ,nk,16287,Kind
16287,Kind,Kind,NOUN,par,16273,Christlieb
16288,",",--,PUNCT,punct,16273,Christlieb
16289,komme,kommen,VERB,ROOT,16289,komme
16290,doch,doch,ADV,mo,16289,komme
16291,nur,nur,ADV,mo,16292,wieder
16292,wieder,wieder,ADV,mo,16297,sehnen
16293,zu,zu,ADP,mo,16297,sehnen
16294,uns,uns,PRON,nk,16293,zu
16295,",",--,PUNCT,punct,16297,sehnen
16296,wir,wir,PRON,sb,16297,sehnen
16297,sehnen,sehnen,VERB,ROOT,16297,sehnen
16298,uns,sich,PRON,oa,16297,sehnen
16299,ja,ja,ADV,mo,16297,sehnen
16300,so,so,ADV,mo,16301,herzlich
16301,herzlich,herzlich,ADV,mo,16297,sehnen
16302,nach,nach,ADP,mo,16301,herzlich
16303,dir,dir,PRON,nk,16302,nach
16304,",",--,PUNCT,punct,16297,sehnen
16305,wir,wir,PRON,sb,16306,können
16306,können,können,AUX,cj,16297,sehnen
16307,ja,ja,ADV,mo,16306,können
16308,ohne,ohne,ADP,mo,16306,können
16309,dich,dich,PRON,ROOT,16309,dich
16310,gar,gar,ADV,mo,16311,nicht
16311,nicht,nicht,PART,ng,16312,leben
16312,leben,leben,VERB,oc,16309,dich
16313,!,--,PUNCT,punct,16309,dich
16314,"""",--,PUNCT,punct,16309,dich
16315,–,--,PUNCT,punct,16317,schien
16316,Es,es,PRON,sb,16317,schien
16317,schien,scheinen,VERB,ROOT,16317,schien
16318,auch,auch,ADV,mo,16317,schien
16319,",",--,PUNCT,punct,16317,schien
16320,als,als,SCONJ,cm,16324,Strahl
16321,wenn,wenn,SCONJ,cp,16324,Strahl
16322,ein,ein,DET,nk,16324,Strahl
16323,heller,hell,ADJ,nk,16324,Strahl
16324,Strahl,Strahl,NOUN,cc,16317,schien
16325,durch,durch,ADP,mnr,16324,Strahl
16326,die,der,DET,nk,16325,durch
16327,Gebüsche,Gebüsche,NOUN,sb,16328,funkelte
16328,funkelte,funkelen,VERB,ROOT,16328,funkelte
16329,von,von,ADP,op,16328,funkelte
16330,dem,der,DET,nk,16329,von
16331,berührt,berühren,VERB,mo,16328,funkelte
16332,die,der,DET,nk,16333,Blumen
16333,Blumen,Blume,NOUN,sb,16331,berührt
16334,ihre,ihr,DET,nk,16335,Häupter
16335,Häupter,Häupter,NOUN,oa,16336,erhoben
16336,erhoben,erheben,VERB,mo,16328,funkelte
16337,;,--,PUNCT,punct,16328,funkelte
16338,aber,aber,ADV,ju,16339,riefen
16339,riefen,rufen,VERB,ROOT,16339,riefen
16340,auch,auch,ADV,mo,16341,wehmütiger
16341,wehmütiger,wehmütig,NOUN,nk,16345,Kinder
16342,und,und,CCONJ,cd,16341,wehmütiger
16343,wehmütiger,Wehmütiger,NOUN,cj,16342,und
16344,die,der,DET,nk,16345,Kinder
16345,Kinder,Kind,NOUN,ROOT,16345,Kinder
16346,nach,nach,ADP,mnr,16345,Kinder
16347,dem,der,DET,nk,16349,Gespielen
16348,holden,hold,ADJ,nk,16349,Gespielen
16349,Gespielen,Gespiel,NOUN,nk,16346,nach
16350,",",--,PUNCT,punct,16345,Kinder
16351,nichts,nichts,PRON,cj,16343,wehmütiger
16352,ließ,lassen,VERB,ROOT,16352,ließ
16353,sich,sich,PRON,oa,16355,sehen
16354,weiter,weiter,ADV,mo,16355,sehen
16355,sehen,sehen,VERB,oc,16352,ließ
16356,.,--,PUNCT,punct,16352,ließ
16357,Traurig,Traurig,ADV,mo,16358,schlichen
16358,schlichen,schlichen,VERB,ROOT,16358,schlichen
16359,sie,sie,PRON,sb,16358,schlichen
16360,nach,nach,ADP,mo,16358,schlichen
16361,Hause,Haus,NOUN,nk,16360,nach
16362,",",--,PUNCT,punct,16358,schlichen
16363,wo,wo,SCONJ,mo,16365,Eltern
16364,die,der,DET,nk,16365,Eltern
16365,Eltern,Eltern,NOUN,dep,16358,schlichen
16366,",",--,PUNCT,punct,16365,Eltern
16367,nicht,nicht,PART,ng,16358,schlichen
16368,wenig,wenig,PRON,mo,16369,wegen
16369,wegen,wegen,ADP,mo,16374,bekümmert
16370,des,der,DET,nk,16371,Ungewitters
16371,Ungewitters,Ungewitter,NOUN,nk,16369,wegen
16372,um,um,ADP,op,16374,bekümmert
16373,sie,sie,PRON,nk,16372,um
16374,bekümmert,bekümmeren,VERB,ROOT,16374,bekümmert
16375,",",--,PUNCT,punct,16374,bekümmert
16376,sie,sie,PRON,oa,16380,empfingen
16377,mit,mit,ADP,mo,16380,empfingen
16378,voller,voll,ADJ,nk,16379,Freude
16379,Freude,Freude,NOUN,nk,16377,mit
16380,empfingen,empfingen,VERB,oc,16374,bekümmert
16381,.,--,PUNCT,punct,16374,bekümmert
16382,Der,der,DET,nk,16383,Herr
16383,Herr,Herr,NOUN,sb,16386,sprach
16384,von,von,ADP,pg,16383,Herr
16385,Brakel,Brakel,PROPN,nk,16384,von
16386,sprach,sprechen,VERB,ROOT,16386,sprach
16387,:,--,PUNCT,punct,16386,sprach
16388,"""",--,PUNCT,punct,16390,ist
16389,Es,es,PRON,sb,16390,ist
16390,ist,sein,AUX,oc,16386,sprach
16391,nur,nur,ADV,mo,16392,gut
16392,gut,gut,ADV,pd,16390,ist
16393,",",--,PUNCT,punct,16390,ist
16394,daß,daß,SCONJ,cp,16397,seid
16395,ihr,ihr,PRON,sb,16397,seid
16396,da,da,ADV,mo,16397,seid
16397,seid,sein,AUX,re,16389,Es
16398,",",--,PUNCT,punct,16390,ist
16399,ich,ich,PRON,sb,16400,muß
16400,muß,müssen,AUX,re,16389,Es
16401,gestehen,gestehen,VERB,oc,16400,muß
16402,",",--,PUNCT,punct,16390,ist
16403,daß,daß,SCONJ,cp,16405,fürchtete
16404,ich,ich,PRON,sb,16405,fürchtete
16405,fürchtete,fürchten,VERB,ROOT,16405,fürchtete
16406,",",--,PUNCT,punct,16405,fürchtete
16407,der,der,DET,nk,16408,Herr
16408,Herr,Herr,NOUN,sb,16411,schwärme
16409,Magister,Magister,PROPN,pnc,16410,Tinte
16410,Tinte,Tinte,NOUN,nk,16408,Herr
16411,schwärme,schwärmen,VERB,oc,16405,fürchtete
16412,noch,noch,ADV,mo,16413,im
16413,im,in,ADP,mo,16411,schwärme
16414,Walde,Walde,NOUN,nk,16413,im
16415,umher,umher,ADV,svp,16411,schwärme
16416,",",--,PUNCT,punct,16411,schwärme
16417,und,und,CCONJ,cd,16411,schwärme
16418,sei,sein,AUX,ROOT,16418,sei
16419,euch,euch,PRON,sb,16418,sei
16420,auf,auf,ADP,mo,16418,sei
16421,der,der,DET,nk,16422,Spur
16422,Spur,Spur,NOUN,nk,16420,auf
16423,.,--,PUNCT,punct,16418,sei
16424,"""",--,PUNCT,ROOT,16424,""""
16425,Felix,Felix,PROPN,sb,16426,erzählte
16426,erzählte,erzählen,VERB,ROOT,16426,erzählte
16427,alles,alle,PRON,oa,16426,erzählte
16428,",",--,PUNCT,punct,16427,alles
16429,was,wer,PRON,sb,16433,begeben
16430,sich,sich,PRON,oa,16433,begeben
16431,im,in,ADP,mo,16433,begeben
16432,Walde,Walde,NOUN,nk,16431,im
16433,begeben,begeben,VERB,rc,16427,alles
16434,.,--,PUNCT,punct,16426,erzählte
16435,"""",--,PUNCT,ROOT,16435,""""
16436,Das,der,PRON,ROOT,16436,Das
16437,sind,sein,AUX,oc,16442,rief
16438,tolle,toll,ADJ,nk,16439,Einbildungen
16439,Einbildungen,Einbildung,NOUN,pd,16437,sind
16440,"""",--,PUNCT,punct,16437,sind
16441,",",--,PUNCT,punct,16442,rief
16442,rief,rufen,VERB,ROOT,16442,rief
16443,die,der,DET,nk,16444,Frau
16444,Frau,Frau,NOUN,sb,16442,rief
16445,von,von,ADP,pg,16444,Frau
16446,Brakel,Brakel,PROPN,nk,16445,von
16447,",",--,PUNCT,punct,16442,rief
16448,"""",--,PUNCT,punct,16437,sind
16449,wenn,wenn,SCONJ,cp,16452,im
16450,euch,euch,PRON,sb,16452,im
16451,draußen,draußen,ADV,mo,16452,im
16452,im,in,ADP,mo,16442,rief
16453,Walde,Walde,NOUN,nk,16452,im
16454,solch,solch,DET,mo,16455,verrücktes
16455,verrücktes,verrückt,ADJ,nk,16456,Zeug
16456,Zeug,Zeug,NOUN,sb,16457,träumt
16457,träumt,träumen,VERB,ROOT,16457,träumt
16458,sollt,sollen,VERB,cj,16457,träumt
16459,ihr,ihr,PRON,da,16458,sollt
16460,gar,gar,ADV,mo,16461,nicht
16461,nicht,nicht,PART,ng,16463,hingehen
16462,mehr,mehr,ADV,mo,16461,nicht
16463,hingehen,hingehen,VERB,cj,16457,träumt
16464,",",--,PUNCT,punct,16457,träumt
16465,sondern,sondern,CCONJ,cd,16457,träumt
16466,im,in,ADP,cj,16465,sondern
16467,Hause,Haus,NOUN,pd,16468,bleiben
16468,bleiben,bleiben,VERB,ROOT,16468,bleiben
16469,.,--,PUNCT,punct,16468,bleiben
16470,"""",--,PUNCT,punct,16468,bleiben
16471,Das,der,PRON,sb,16472,geschah
16472,geschah,geschehen,VERB,ROOT,16472,geschah
16473,denn,denn,ADV,mo,16472,geschah
16474,nun,nun,ADV,mo,16472,geschah
16475,freilich,freilich,ADV,mo,16472,geschah
16476,nicht,nicht,PART,ng,16472,geschah
16477,",",--,PUNCT,punct,16472,geschah
16478,denn,denn,CCONJ,cd,16472,geschah
16479,wenn,wenn,SCONJ,cp,16481,Kinder
16480,die,der,DET,nk,16481,Kinder
16481,Kinder,Kind,NOUN,cj,16478,denn
16482,baten,baten,VERB,oc,16498,sprach
16483,:,--,PUNCT,punct,16482,baten
16484,"""",--,PUNCT,punct,16487,laß
16485,Liebe,lieb,ADJ,nk,16486,Mutter
16486,Mutter,Mutter,NOUN,sb,16487,laß
16487,laß,laß,VERB,oc,16482,baten
16488,uns,uns,PRON,da,16487,laß
16489,ein,ein,DET,nk,16490,bißchen
16490,bißchen,bißchen,PRON,mo,16487,laß
16491,in,in,ADP,mo,16494,laufen
16492,den,der,DET,nk,16493,Wald
16493,Wald,Wald,NOUN,nk,16491,in
16494,laufen,laufen,VERB,oc,16482,baten
16495,"""",--,PUNCT,punct,16482,baten
16496,",",--,PUNCT,punct,16497,so
16497,so,so,ADV,mo,16498,sprach
16498,sprach,sprechen,VERB,ROOT,16498,sprach
16499,die,der,DET,sb,16498,sprach
16500,Frau,Frau,NOUN,ROOT,16500,Frau
16501,von,von,ADP,pg,16500,Frau
16502,Brakel,Brakel,PROPN,nk,16501,von
16503,:,--,PUNCT,punct,16500,Frau
16504,"""",--,PUNCT,punct,16508,geht
16505,Geht,gehen,VERB,mo,16508,geht
16506,nur,nur,ADV,mo,16508,geht
16507,",",--,PUNCT,punct,16508,geht
16508,geht,gehen,VERB,rs,16500,Frau
16509,und,und,CCONJ,cd,16508,geht
16510,kommt,kommen,VERB,cj,16509,und
16511,hübsch,hübsch,ADV,mo,16510,kommt
16512,verständig,verständig,ADV,mo,16510,kommt
16513,zurück,zurück,ADV,svp,16510,kommt
16514,.,--,PUNCT,punct,16500,Frau
16515,"""",--,PUNCT,punct,16500,Frau
16516,Es,es,PRON,ROOT,16516,Es
16517,geschah,geschehen,VERB,ROOT,16517,geschah
16518,aber,aber,ADV,mo,16517,geschah
16519,",",--,PUNCT,punct,16517,geschah
16520,daß,daß,SCONJ,cp,16522,Kinder
16521,die,der,DET,nk,16522,Kinder
16522,Kinder,Kind,NOUN,sb,16517,geschah
16523,in,in,ADP,mo,16530,in
16524,kurzer,kurz,ADJ,nk,16525,Zeit
16525,Zeit,Zeit,NOUN,nk,16523,in
16526,selbst,selbst,ADV,mo,16523,in
16527,gar,gar,ADV,mo,16528,nicht
16528,nicht,nicht,PART,ng,16523,in
16529,mehr,mehr,ADV,mo,16528,nicht
16530,in,in,ADP,mnr,16522,Kinder
16531,den,der,DET,nk,16532,Wald
16532,Wald,Wald,NOUN,nk,16530,in
16533,gehen,gehen,VERB,oc,16534,mochten
16534,mochten,mochen,AUX,ROOT,16534,mochten
16535,.,--,PUNCT,punct,16534,mochten
16536,Ach,ach,INTJ,dm,16542,ließ
16537,!,--,PUNCT,punct,16542,ließ
16538,–,--,PUNCT,punct,16542,ließ
16539,das,der,DET,nk,16541,Kind
16540,fremde,fremd,ADJ,nk,16541,Kind
16541,Kind,Kind,NOUN,sb,16542,ließ
16542,ließ,lassen,VERB,ROOT,16542,ließ
16543,sich,sich,PRON,oa,16545,sehen
16544,nicht,nicht,PART,ng,16542,ließ
16545,sehen,sehen,VERB,oc,16542,ließ
16546,und,und,CCONJ,cd,16545,sehen
16547,sowie,sowie,CCONJ,cd,16546,und
16548,Felix,Felix,PROPN,cj,16547,sowie
16549,und,und,CCONJ,cd,16548,Felix
16550,Christlieb,Christlieb,NOUN,sb,16557,wagten
16551,sich,sich,PRON,da,16557,wagten
16552,nur,nur,ADV,mo,16553,tiefer
16553,tiefer,tief,ADV,mo,16557,wagten
16554,in,in,ADP,mo,16557,wagten
16555,das,der,DET,nk,16556,Gebüsch
16556,Gebüsch,Gebüsch,NOUN,nk,16554,in
16557,wagten,wagen,VERB,ROOT,16557,wagten
16558,oder,oder,CCONJ,cd,16557,wagten
16559,sich,sich,PRON,dep,16558,oder
16560,dem,der,DET,nk,16561,Ententeich
16561,Ententeich,Ententeich,NOUN,da,16557,wagten
16562,nahten,nahn,VERB,re,16564,so
16563,",",--,PUNCT,punct,16564,so
16564,so,so,ADV,mo,16576,ausgehöhnt
16565,wurden,werden,AUX,ROOT,16565,wurden
16566,sie,sie,PRON,sb,16565,wurden
16567,von,von,ADP,sbp,16576,ausgehöhnt
16568,dem,der,DET,nk,16569,Jäger
16569,Jäger,Jäger,NOUN,nk,16567,von
16570,",",--,PUNCT,punct,16569,Jäger
16571,dem,der,DET,nk,16572,Harfenmännlein
16572,Harfenmännlein,Harfenmännlein,NOUN,app,16569,Jäger
16573,",",--,PUNCT,punct,16569,Jäger
16574,der,der,DET,nk,16575,Puppe
16575,Puppe,Puppe,NOUN,da,16576,ausgehöhnt
16576,ausgehöhnt,ausgehöhnen,VERB,oc,16565,wurden
16577,:,--,PUNCT,punct,16565,wurden
16578,"""",--,PUNCT,punct,16579,Dumme
16579,Dumme,dumm,PROPN,sb,16586,könnt
16580,Dinger,Dinger,NOUN,sb,16579,Dumme
16581,",",--,PUNCT,punct,16580,Dinger
16582,einfältig,einfältig,ADV,mo,16583,Volk
16583,Volk,Volk,NOUN,cj,16580,Dinger
16584,",",--,PUNCT,punct,16586,könnt
16585,nun,nun,ADV,mo,16586,könnt
16586,könnt,können,VERB,oc,16592,habt
16587,ihr,ihr,DET,sb,16586,könnt
16588,sitzen,sitzen,VERB,oc,16586,könnt
16589,ohne,ohne,ADP,mo,16588,sitzen
16590,Spielzeug,Spielzeug,NOUN,nk,16589,ohne
16591,–,--,PUNCT,punct,16586,könnt
16592,habt,haben,VERB,ROOT,16592,habt
16593,nichts,nichts,PRON,nk,16598,Leuten
16594,mit,mit,ADP,mo,16596,artigen
16595,uns,uns,PRON,nk,16594,mit
16596,artigen,artig,ADJ,nk,16598,Leuten
16597,gebildeten,gebildet,ADJ,nk,16598,Leuten
16598,Leuten,Leute,NOUN,da,16599,anzufangen
16599,anzufangen,anzufangen,VERB,oc,16602,dumme
16600,gewußt,wissen,VERB,mo,16599,anzufangen
16601,–,--,PUNCT,punct,16602,dumme
16602,dumme,dumm,VERB,ROOT,16602,dumme
16603,Dinger,Dinger,NOUN,sb,16602,dumme
16604,",",--,PUNCT,punct,16602,dumme
16605,einfältig,einfältig,ADV,mo,16606,Volk
16606,Volk,Volk,NOUN,ROOT,16606,Volk
16607,!,--,PUNCT,punct,16606,Volk
16608,"""",--,PUNCT,punct,16606,Volk
16609,–,--,PUNCT,punct,16611,war
16610,Das,der,PRON,sb,16611,war
16611,war,sein,AUX,ROOT,16611,war
16612,gar,gar,ADV,mo,16613,nicht
16613,nicht,nicht,PART,ng,16614,auszuhalten
16614,auszuhalten,auszuhalen,VERB,pd,16611,war
16615,",",--,PUNCT,punct,16614,auszuhalten
16616,die,der,DET,nk,16617,Kinder
16617,Kinder,Kind,NOUN,sb,16618,blieben
16618,blieben,bleiben,VERB,cj,16611,war
16619,lieber,lieber,ADV,mo,16618,blieben
16620,im,in,ADP,mo,16618,blieben
16621,Hause,Haus,NOUN,ROOT,16621,Hause
16622,.,--,PUNCT,punct,16621,Hause
16623,Beschluß,Beschluß,NOUN,ROOT,16623,Beschluß
16624,"""",--,PUNCT,punct,16626,weiß
16625,Ich,ich,PRON,sb,16626,weiß
16626,weiß,wissen,VERB,oc,16630,sprach
16627,nicht,nicht,PART,ng,16626,weiß
16628,"""",--,PUNCT,punct,16626,weiß
16629,",",--,PUNCT,punct,16630,sprach
16630,sprach,sprechen,VERB,ROOT,16630,sprach
16631,der,der,DET,nk,16632,Herr
16632,Herr,Herr,NOUN,sb,16630,sprach
16633,Thaddäus,Thaddäus,PROPN,nk,16632,Herr
16634,von,von,ADP,mo,16630,sprach
16635,Brakel,Brakel,NOUN,nk,16634,von
16636,eines,ein,DET,nk,16637,Tages
16637,Tages,Tag,NOUN,ag,16635,Brakel
16638,zu,zu,ADP,mnr,16637,Tages
16639,der,der,DET,nk,16640,Frau
16640,Frau,Frau,NOUN,nk,16638,zu
16641,von,von,ADP,ROOT,16641,von
16642,Brakel,Brakel,PROPN,nk,16641,von
16643,",",--,PUNCT,punct,16646,weiß
16644,"""",--,PUNCT,punct,16646,weiß
16645,ich,ich,PRON,sb,16646,weiß
16646,weiß,wissen,VERB,rs,16641,von
16647,nicht,nicht,PART,ng,16646,weiß
16648,",",--,PUNCT,punct,16646,weiß
16649,wie,wie,SCONJ,mo,16655,seltsam
16650,mir,mir,PRON,da,16655,seltsam
16651,seit,seit,ADP,mo,16655,seltsam
16652,einigen,einiger,DET,nk,16653,Tagen
16653,Tagen,Tag,NOUN,nk,16651,seit
16654,so,so,ADV,mo,16655,seltsam
16655,seltsam,seltsam,ADV,mo,16646,weiß
16656,und,und,CCONJ,cd,16655,seltsam
16657,wunderlich,wunderlich,ADV,mo,16658,zumute
16658,zumute,zumute,ADV,mo,16659,ist
16659,ist,sein,AUX,ROOT,16659,ist
16660,.,--,PUNCT,punct,16659,ist
16661,Beinahe,beinahe,ADV,mo,16662,möchte
16662,möchte,möchten,AUX,ROOT,16662,möchte
16663,ich,ich,PRON,sb,16662,möchte
16664,glauben,glauben,VERB,oc,16662,möchte
16665,",",--,PUNCT,punct,16664,glauben
16666,daß,daß,SCONJ,cp,16670,Tinte
16667,der,der,DET,nk,16670,Tinte
16668,böse,böse,ADJ,nk,16669,Magister
16669,Magister,Magister,NOUN,nk,16670,Tinte
16670,Tinte,Tinte,NOUN,oc,16664,glauben
16671,mir,mir,PRON,da,16673,angetan
16672,es,es,PRON,sb,16674,hat
16673,angetan,antun,VERB,oc,16674,hat
16674,hat,haben,AUX,ROOT,16674,hat
16675,",",--,PUNCT,punct,16674,hat
16676,denn,denn,CCONJ,cd,16674,hat
16677,seit,seit,ADP,cj,16676,denn
16678,dem,der,DET,nk,16679,Augenblick
16679,Augenblick,Augenblick,NOUN,nk,16677,seit
16680,",",--,PUNCT,punct,16679,Augenblick
16681,als,als,SCONJ,cm,16684,eins
16682,ich,ich,PRON,sb,16684,eins
16683,ihm,ihm,PRON,nk,16684,eins
16684,eins,einer,NUM,mo,16677,seit
16685,mit,mit,ADP,mnr,16684,eins
16686,der,der,DET,nk,16685,mit
16687,Fliegenklatsche,Fliegenklatsche,PROPN,sb,16688,versetzte
16688,versetzte,versetzen,VERB,mo,16693,liegt
16689,und,und,CCONJ,cd,16688,versetzte
16690,ihn,ihn,PRON,oa,16691,forttrieb
16691,forttrieb,forttreiben,VERB,cj,16689,und
16692,",",--,PUNCT,punct,16693,liegt
16693,liegt,liegen,VERB,ROOT,16693,liegt
16694,es,es,PRON,sb,16693,liegt
16695,mir,mir,PRON,da,16693,liegt
16696,in,in,ADP,mo,16693,liegt
16697,allen,aller,DET,nk,16698,Gliedern
16698,Gliedern,Glieder,NOUN,nk,16696,in
16699,wie,wie,ADP,svp,16693,liegt
16700,Blei,Blei,NOUN,ROOT,16700,Blei
16701,.,--,PUNCT,punct,16700,Blei
16702,"""",--,PUNCT,punct,16700,Blei
16703,In,in,ADP,mo,16706,wurde
16704,der,der,DET,nk,16705,Tat
16705,Tat,Tat,NOUN,nk,16703,In
16706,wurde,werden,AUX,ROOT,16706,wurde
16707,auch,auch,ADV,mo,16709,Herr
16708,der,der,DET,nk,16709,Herr
16709,Herr,Herr,NOUN,sb,16706,wurde
16710,von,von,ADP,pg,16709,Herr
16711,Brakel,Brakel,NOUN,nk,16710,von
16712,mit,mit,ADP,mo,16706,wurde
16713,jedem,jeder,DET,nk,16714,Tag
16714,Tag,Tag,NOUN,nk,16712,mit
16715,matter,matter,ADJ,pd,16706,wurde
16716,und,und,CCONJ,cd,16706,wurde
16717,blässer,blässer,ADV,ROOT,16717,blässer
16718,.,--,PUNCT,punct,16717,blässer
16719,Er,er,PRON,sb,16726,Flur
16720,durchstrich,durchstrich,ADV,mo,16719,Er
16721,nicht,nicht,PART,ng,16726,Flur
16722,mehr,mehr,ADV,mo,16721,nicht
16723,wie,wie,ADP,cm,16724,sonst
16724,sonst,sonst,ADV,mo,16726,Flur
16725,die,der,DET,nk,16726,Flur
16726,Flur,Flur,NOUN,ROOT,16726,Flur
16727,",",--,PUNCT,punct,16726,Flur
16728,er,er,PRON,sb,16729,polterte
16729,polterte,polteren,VERB,oc,16726,Flur
16730,und,und,CCONJ,cd,16729,polterte
16731,wirtschaftete,wirtschaften,VERB,ROOT,16731,wirtschaftete
16732,nicht,nicht,PART,ng,16731,wirtschaftete
16733,mehr,mehr,ADV,mo,16732,nicht
16734,im,in,ADP,mo,16731,wirtschaftete
16735,Hause,Haus,NOUN,nk,16734,im
16736,umher,umh,ADV,svp,16731,wirtschaftete
16737,",",--,PUNCT,punct,16731,wirtschaftete
16738,sondern,sondern,CCONJ,cd,16731,wirtschaftete
16739,saß,sitzen,VERB,cj,16738,sondern
16740,stundenlang,stundenlang,ADV,mo,16739,saß
16741,in,in,ADP,mo,16739,saß
16742,tiefe,tief,ADJ,punct,16731,wirtschaftete
16743,Gedanken,Gedanke,NOUN,oa,16744,versenkt
16744,versenkt,versenken,VERB,ROOT,16744,versenkt
16745,und,und,CCONJ,cd,16744,versenkt
16746,dann,dann,ADV,mo,16747,ließ
16747,ließ,lassen,VERB,cj,16745,und
16748,er,er,PRON,sb,16747,ließ
16749,sich,sich,PRON,oa,16754,erzählen
16750,von,von,ADP,op,16754,erzählen
16751,Felix,Felix,PROPN,nk,16750,von
16752,und,und,CCONJ,cd,16751,Felix
16753,Christlieb,Christlieb,NOUN,cj,16752,und
16754,erzählen,erzählen,VERB,oc,16747,ließ
16755,wie,wie,ADP,svp,16747,ließ
16756,es,es,PRON,sb,16762,begeben
16757,sich,sich,PRON,oa,16762,begeben
16758,mit,mit,ADP,mo,16762,begeben
16759,dem,der,DET,nk,16761,Kinde
16760,fremden,fremd,ADJ,nk,16761,Kinde
16761,Kinde,Kind,NOUN,nk,16758,mit
16762,begeben,begeben,VERB,ROOT,16762,begeben
16763,.,--,PUNCT,punct,16762,begeben
16764,Sprachen,Sprache,VERB,ROOT,16764,Sprachen
16765,sie,sie,PRON,sb,16764,Sprachen
16766,denn,denn,ADV,mo,16764,Sprachen
16767,nun,nun,ADV,mo,16764,Sprachen
16768,recht,recht,NOUN,mo,16764,Sprachen
16769,mit,mit,ADP,mo,16764,Sprachen
16770,vollem,voll,ADJ,nk,16769,mit
16771,Eifer,Eifer,NOUN,ROOT,16771,Eifer
16772,von,von,ADP,pg,16771,Eifer
16773,den,der,DET,nk,16775,Wundern
16774,herrlichen,herrlich,ADJ,nk,16775,Wundern
16775,Wundern,Wunder,NOUN,nk,16772,von
16776,des,der,DET,nk,16778,Kindes
16777,fremden,fremd,ADJ,nk,16778,Kindes
16778,Kindes,Kind,NOUN,ag,16775,Wundern
16779,",",--,PUNCT,punct,16772,von
16780,von,von,ADP,pg,16771,Eifer
16781,dem,der,DET,nk,16782,prächtigen
16782,prächtigen,prächtig,ADJ,nk,16780,von
16783,glänzenden,glänzend,ADJ,nk,16784,Reiche
16784,Reiche,Reiche,NOUN,ROOT,16784,Reiche
16785,",",--,PUNCT,punct,16784,Reiche
16786,wo,wo,SCONJ,mo,16792,lächelte
16787,es,es,PRON,oa,16792,lächelte
16788,zu,zu,ADP,mo,16792,lächelte
16789,Hause,Haus,NOUN,nk,16788,zu
16790,",",--,PUNCT,punct,16791,dann
16791,dann,dann,ADV,mo,16792,lächelte
16792,lächelte,lächelen,VERB,rc,16784,Reiche
16793,er,er,PRON,sb,16792,lächelte
16794,wehmütig,wehmütig,ADV,mo,16792,lächelte
16795,und,und,CCONJ,cd,16792,lächelte
16796,die,der,DET,nk,16797,Tränen
16797,Tränen,Träne,NOUN,cj,16795,und
16798,traten,treten,VERB,ROOT,16798,traten
16799,ihm,ihm,PRON,da,16798,traten
16800,in,in,ADP,mo,16798,traten
16801,die,der,DET,nk,16802,Augen
16802,Augen,Auge,NOUN,nk,16800,in
16803,.,--,PUNCT,punct,16798,traten
16804,Darüber,darüber,ADV,mo,16805,konnten
16805,konnten,können,AUX,ROOT,16805,konnten
16806,sich,sich,PRON,oa,16805,konnten
16807,Felix,Felix,PROPN,sb,16805,konnten
16808,und,und,CCONJ,cd,16807,Felix
16809,Christlieb,Christlieb,NOUN,cj,16808,und
16810,aber,aber,ADV,mo,16805,konnten
16811,gar,gar,ADV,mo,16805,konnten
16812,nicht,nicht,PART,ng,16813,zufriedengeben
16813,zufriedengeben,zufriedengeben,VERB,ROOT,16813,zufriedengeben
16814,",",--,PUNCT,punct,16813,zufriedengeben
16815,daß,daß,SCONJ,cp,16820,davonbleibe
16816,das,der,DET,nk,16818,Kind
16817,fremde,fremd,ADJ,nk,16818,Kind
16818,Kind,Kind,NOUN,sb,16820,davonbleibe
16819,nun,nun,ADV,mo,16820,davonbleibe
16820,davonbleibe,davonbleiben,VERB,oc,16813,zufriedengeben
16821,und,und,CCONJ,cd,16820,davonbleibe
16822,sie,sie,PRON,cj,16821,und
16823,der,der,DET,nk,16824,Quälerei
16824,Quälerei,Quälerei,NOUN,da,16813,zufriedengeben
16825,der,der,DET,nk,16827,Puppen
16826,häßlichen,häßlich,ADJ,nk,16827,Puppen
16827,Puppen,Puppe,NOUN,sb,16833,bloßstelle
16828,im,in,ADP,mo,16833,bloßstelle
16829,Gebüsch,Gebüsch,NOUN,nk,16828,im
16830,und,und,CCONJ,cd,16828,im
16831,im,in,ADP,cj,16830,und
16832,Ententeiche,Ententeich,NOUN,nk,16831,im
16833,bloßstelle,bloßstellen,VERB,ROOT,16833,bloßstelle
16834,",",--,PUNCT,punct,16833,bloßstelle
16835,weshalb,weshalb,SCONJ,mo,16833,bloßstelle
16836,sie,sie,PRON,oa,16833,bloßstelle
16837,gar,gar,ADV,mo,16833,bloßstelle
16838,nicht,nicht,PART,ng,16845,möchten
16839,mehr,mehr,ADV,mo,16838,nicht
16840,sich,sich,PRON,oa,16844,wagen
16841,in,in,ADP,mo,16844,wagen
16842,den,der,DET,nk,16843,Wald
16843,Wald,Wald,NOUN,nk,16841,in
16844,wagen,wagen,VERB,oc,16845,möchten
16845,möchten,möchten,AUX,ROOT,16845,möchten
16846,.,--,PUNCT,punct,16845,möchten
16847,"""",--,PUNCT,punct,16848,Kommt
16848,Kommt,kommen,VERB,ROOT,16848,Kommt
16849,",",--,PUNCT,punct,16848,Kommt
16850,meine,mein,DET,nk,16851,Kinder
16851,Kinder,Kind,NOUN,cj,16848,Kommt
16852,",",--,PUNCT,punct,16848,Kommt
16853,wir,wir,PRON,sb,16854,wollen
16854,wollen,wollen,AUX,cj,16848,Kommt
16855,zusammen,zusammen,ADV,mo,16856,in
16856,in,in,ADP,mo,16859,gehen
16857,den,der,DET,nk,16858,Wald
16858,Wald,Wald,NOUN,nk,16856,in
16859,gehen,gehen,VERB,ROOT,16859,gehen
16860,",",--,PUNCT,punct,16859,gehen
16861,die,der,DET,nk,16863,Zöglinge
16862,bösen,böse,ADJ,nk,16863,Zöglinge
16863,Zöglinge,Zöglinge,NOUN,sb,16867,sollen
16864,des,der,DET,nk,16865,Magisters
16865,Magisters,Magister,NOUN,ag,16866,Tinte
16866,Tinte,Tinte,NOUN,ag,16863,Zöglinge
16867,sollen,sollen,AUX,oc,16859,gehen
16868,euch,euch,PRON,da,16867,sollen
16869,keinen,kein,DET,nk,16870,Schaden
16870,Schaden,Schaden,NOUN,oa,16871,tun
16871,tun,tun,VERB,ROOT,16871,tun
16872,!,--,PUNCT,punct,16871,tun
16873,"""",--,PUNCT,punct,16871,tun
16874,So,so,ADV,mo,16875,sprach
16875,sprach,sprechen,VERB,ROOT,16875,sprach
16876,an,an,ADP,mo,16875,sprach
16877,einem,ein,DET,nk,16880,Morgen
16878,schönen,schön,ADJ,nk,16880,Morgen
16879,hellen,hell,ADJ,nk,16880,Morgen
16880,Morgen,Morgen,NOUN,nk,16876,an
16881,der,der,DET,nk,16882,Herr
16882,Herr,Herr,NOUN,sb,16875,sprach
16883,von,von,ADP,pg,16882,Herr
16884,Brakel,Brakel,NOUN,mo,16890,nahm
16885,zu,zu,ADP,mnr,16884,Brakel
16886,Felix,Felix,PROPN,nk,16885,zu
16887,und,und,CCONJ,cd,16886,Felix
16888,Christlieb,Christlieb,PROPN,cj,16887,und
16889,",",--,PUNCT,punct,16890,nahm
16890,nahm,nehmen,VERB,ROOT,16890,nahm
16891,sie,sie,PRON,oa,16890,nahm
16892,bei,bei,ADP,mo,16890,nahm
16893,der,der,DET,nk,16894,Hand
16894,Hand,Hand,NOUN,nk,16892,bei
16895,und,und,CCONJ,cd,16890,nahm
16896,ging,gehen,VERB,cj,16895,und
16897,mit,mit,ADP,mo,16896,ging
16898,ihnen,ihnen,PRON,nk,16897,mit
16899,in,in,ADP,mo,16896,ging
16900,den,der,DET,punct,16890,nahm
16901,Wald,Wald,NOUN,ROOT,16901,Wald
16902,",",--,PUNCT,punct,16901,Wald
16903,der,der,PRON,sb,16914,war
16904,heute,heute,ADV,mo,16914,war
16905,mehr,mehr,PRON,pd,16914,war
16906,als,als,ADP,cm,16907,jemals
16907,jemals,jemals,ADV,cc,16905,mehr
16908,voller,voll,ADJ,mo,16905,mehr
16909,Glanz,Glanz,NOUN,nk,16908,voller
16910,",",--,PUNCT,punct,16909,Glanz
16911,Wohlgeruch,Wohlgeruch,NOUN,cj,16909,Glanz
16912,und,und,CCONJ,cd,16911,Wohlgeruch
16913,Gesang,Gesang,NOUN,cj,16912,und
16914,war,sein,AUX,rc,16901,Wald
16915,.,--,PUNCT,punct,16901,Wald
16916,Als,als,ADP,ROOT,16916,Als
16917,sie,sie,PRON,sb,16926,hatten
16918,sich,sich,PRON,oa,16925,gelagert
16919,ins,in,ADP,mo,16925,gelagert
16920,weiche,weich,ADJ,nk,16921,Gras
16921,Gras,Gras,NOUN,nk,16919,ins
16922,unter,unter,ADP,mo,16925,gelagert
16923,duftenden,duftend,ADJ,nk,16924,Blumen
16924,Blumen,Blume,NOUN,nk,16922,unter
16925,gelagert,lagern,VERB,oc,16926,hatten
16926,hatten,haben,AUX,oc,16928,fing
16927,",",--,PUNCT,punct,16928,fing
16928,fing,fing,VERB,ROOT,16928,fing
16929,der,der,DET,nk,16930,Herr
16930,Herr,Herr,NOUN,sb,16928,fing
16931,von,von,ADP,ROOT,16931,von
16932,Brakel,Brakel,PROPN,nk,16931,von
16933,in,in,ADP,mo,16931,von
16934,folgender,folgend,ADJ,nk,16935,Art
16935,Art,Art,NOUN,nk,16933,in
16936,an,an,ADP,svp,16931,von
16937,:,--,PUNCT,punct,16931,von
16938,"""",--,PUNCT,punct,16940,lieben
16939,Ihr,ihr,PRON,sb,16940,lieben
16940,lieben,lieben,VERB,rs,16931,von
16941,Kinder,Kind,NOUN,oa,16940,lieben
16942,",",--,PUNCT,punct,16940,lieben
16943,es,es,PRON,sb,16944,liegt
16944,liegt,liegen,VERB,cj,16940,lieben
16945,mir,mir,PRON,da,16944,liegt
16946,recht,Recht,ADV,mo,16944,liegt
16947,am,an,ADP,mo,16944,liegt
16948,Herzen,Herz,NOUN,sb,16951,kann
16949,und,und,CCONJ,cd,16948,Herzen
16950,ich,ich,PRON,cj,16949,und
16951,kann,können,AUX,ROOT,16951,kann
16952,es,es,PRON,oa,16960,sagen
16953,nun,nun,ADV,mo,16951,kann
16954,gar,gar,ADV,mo,16955,nicht
16955,nicht,nicht,PART,ng,16951,kann
16956,mehr,mehr,ADV,mo,16955,nicht
16957,aufschieben,aufschieben,VERB,oc,16960,sagen
16958,euch,euch,PRON,oa,16957,aufschieben
16959,zu,zu,PART,pm,16960,sagen
16960,sagen,sagen,VERB,oc,16951,kann
16961,",",--,PUNCT,punct,16960,sagen
16962,daß,daß,SCONJ,punct,16951,kann
16963,ich,ich,PRON,sb,16951,kann
16964,ebensogut,ebensogut,ADV,pd,16970,Kind
16965,wie,wie,ADP,cm,16966,ihr
16966,ihr,ihr,PRON,cc,16964,ebensogut
16967,das,der,DET,nk,16970,Kind
16968,holde,hold,ADJ,nk,16970,Kind
16969,fremde,fremd,ADJ,nk,16970,Kind
16970,Kind,Kind,NOUN,ROOT,16970,Kind
16971,",",--,PUNCT,punct,16970,Kind
16972,das,der,PRON,sb,16970,Kind
16973,euch,euch,PRON,da,16978,viel
16974,hier,hier,ADV,mo,16975,im
16975,im,in,ADP,mnr,16973,euch
16976,Walde,Walde,NOUN,nk,16975,im
16977,so,so,ADV,mo,16978,viel
16978,viel,viel,PRON,cj,16970,Kind
16979,Herrliches,Herrliches,NOUN,sb,16981,ließ
16980,schauen,schauen,VERB,oc,16981,ließ
16981,ließ,lassen,VERB,ROOT,16981,ließ
16982,",",--,PUNCT,punct,16983,kannte
16983,kannte,kennen,VERB,oc,16981,ließ
16984,.,--,PUNCT,punct,16981,ließ
16985,Als,als,SCONJ,cp,16989,war
16986,ich,ich,PRON,sb,16989,war
16987,so,so,ADV,mo,16988,alt
16988,alt,alt,ADV,pd,16989,war
16989,war,sein,AUX,mo,16993,hat
16990,wie,wie,ADP,cm,16991,ihr
16991,ihr,ihr,PRON,cc,16989,war
16992,",",--,PUNCT,punct,16993,hat
16993,hat,haben,AUX,ROOT,16993,hat
16994,es,es,PRON,sb,16993,hat
16995,mich,mich,PRON,oa,16993,hat
16996,ebenso,ebenso,ADV,mo,16993,hat
16997,wie,wie,SCONJ,mo,16999,besucht
16998,euch,euch,PRON,oa,16999,besucht
16999,besucht,besuchen,VERB,ROOT,16999,besucht
17000,und,und,CCONJ,cd,16999,besucht
17001,die,der,DET,nk,17003,Spiele
17002,wunderbarsten,wunderbarst,ADJ,nk,17003,Spiele
17003,Spiele,Spiel,NOUN,oa,17004,gespielt
17004,gespielt,spielen,VERB,cj,17000,und
17005,.,--,PUNCT,punct,16999,besucht
17006,Wie,wie,SCONJ,cm,17007,es
17007,es,es,PRON,ROOT,17007,es
17008,mich,mich,PRON,oa,17007,es
17009,dann,dann,ADV,mo,17007,es
17010,verlassen,verlassen,VERB,oc,17011,hat
17011,hat,haben,AUX,re,17013,darauf
17012,",",--,PUNCT,punct,17013,darauf
17013,darauf,darauf,ADV,op,17019,besinnen
17014,kann,können,AUX,ROOT,17014,kann
17015,ich,ich,PRON,sb,17014,kann
17016,mich,sich,PRON,oa,17019,besinnen
17017,gar,gar,ADV,mo,17018,nicht
17018,nicht,nicht,PART,ng,17014,kann
17019,besinnen,besinnen,VERB,oc,17014,kann
17020,und,und,CCONJ,cd,17014,kann
17021,es,es,PRON,sb,17022,ist
17022,ist,sein,AUX,cj,17020,und
17023,mir,mir,PRON,da,17024,ganz
17024,ganz,ganz,ADV,pd,17022,ist
17025,unerklärlich,unerklärlich,ADV,pd,17040,ich
17026,",",--,PUNCT,punct,17025,unerklärlich
17027,wie,wie,SCONJ,mo,17037,konnte
17028,ich,ich,PRON,sb,17037,konnte
17029,das,der,DET,nk,17031,Kind
17030,holde,hold,ADJ,nk,17031,Kind
17031,Kind,Kind,NOUN,oa,17036,vergessen
17032,so,so,ADV,mo,17033,ganz
17033,ganz,ganz,ADV,mo,17036,vergessen
17034,und,und,CCONJ,cd,17033,ganz
17035,gar,gar,ADV,cj,17034,und
17036,vergessen,vergessen,VERB,oc,17037,konnte
17037,konnte,können,AUX,cc,17025,unerklärlich
17038,",",--,PUNCT,punct,17037,konnte
17039,daß,daß,SCONJ,cp,17040,ich
17040,ich,ich,PRON,ROOT,17040,ich
17041,",",--,PUNCT,punct,17040,ich
17042,als,als,SCONJ,cp,17048,erzähltet
17043,ihr,ihr,PRON,sb,17048,erzähltet
17044,mir,mir,PRON,da,17048,erzähltet
17045,von,von,ADP,sbp,17048,erzähltet
17046,seiner,sein,DET,nk,17047,Erscheinung
17047,Erscheinung,Erscheinung,NOUN,nk,17045,von
17048,erzähltet,erzählten,VERB,ROOT,17048,erzähltet
17049,",",--,PUNCT,punct,17048,erzähltet
17050,gar,gar,ADV,mo,17051,nicht
17051,nicht,nicht,PART,ng,17053,glaubte
17052,daran,daran,ADV,op,17053,glaubte
17053,glaubte,glauben,VERB,cj,17048,erzähltet
17054,;,--,PUNCT,punct,17048,erzähltet
17055,wiewohl,wiewohl,SCONJ,ROOT,17055,wiewohl
17056,ich,ich,PRON,sb,17062,ahnte
17057,oftmals,oftmals,ADV,mo,17062,ahnte
17058,die,der,DET,nk,17059,Wahrheit
17059,Wahrheit,Wahrheit,NOUN,oa,17062,ahnte
17060,davon,davon,ADV,mnr,17059,Wahrheit
17061,leise,leise,ADV,mo,17062,ahnte
17062,ahnte,ahnen,VERB,ROOT,17062,ahnte
17063,.,--,PUNCT,punct,17062,ahnte
17064,Seit,seit,ADP,mo,17067,gedenke
17065,einigen,einiger,DET,nk,17066,Tagen
17066,Tagen,Tag,NOUN,nk,17064,Seit
17067,gedenke,gedenken,VERB,ROOT,17067,gedenke
17068,ich,ich,PRON,sb,17067,gedenke
17069,aber,aber,ADV,mo,17067,gedenke
17070,so,so,ADV,mo,17071,lebhaft
17071,lebhaft,lebhaft,ADV,ROOT,17071,lebhaft
17072,meiner,mein,DET,nk,17074,Jugendzeit
17073,schönen,schön,ADJ,nk,17074,Jugendzeit
17074,Jugendzeit,Jugendzeit,NOUN,da,17071,lebhaft
17075,wie,wie,SCONJ,cm,17076,ich
17076,ich,ich,PRON,cc,17070,so
17077,es,es,PRON,dep,17071,lebhaft
17078,seit,seit,ADP,mo,17077,es
17079,vielen,vieler,DET,nk,17080,Jahren
17080,Jahren,Jahr,NOUN,nk,17078,seit
17081,gar,gar,ADV,mo,17082,nicht
17082,nicht,nicht,PART,ng,17071,lebhaft
17083,vermochte,vermögen,VERB,ROOT,17083,vermochte
17084,.,--,PUNCT,punct,17083,vermochte
17085,Da,da,ADV,mo,17086,ist
17086,ist,sein,AUX,ROOT,17086,ist
17087,denn,denn,ADV,mo,17086,ist
17088,auch,auch,ADV,mo,17086,ist
17089,das,der,DET,nk,17091,Zauberkind
17090,holde,hold,ADJ,nk,17091,Zauberkind
17091,Zauberkind,Zauberkind,NOUN,sb,17086,ist
17092,so,so,ADV,mo,17093,glänzend
17093,glänzend,glänzend,ADV,pd,17086,ist
17094,und,und,CCONJ,cd,17093,glänzend
17095,herrlich,herrlich,ADV,cj,17094,und
17096,",",--,PUNCT,punct,17086,ist
17097,wie,wie,ADV,dep,17086,ist
17098,ihr,ihr,PRON,da,17100,geschaut
17099,es,es,PRON,ep,17101,habt
17100,geschaut,schauen,VERB,oc,17101,habt
17101,habt,haben,AUX,ROOT,17101,habt
17102,",",--,PUNCT,punct,17101,habt
17103,mir,mir,PRON,da,17107,gekommen
17104,in,in,ADP,mo,17107,gekommen
17105,den,der,DET,nk,17106,Sinn
17106,Sinn,Sinn,NOUN,nk,17104,in
17107,gekommen,kommen,VERB,oc,17101,habt
17108,und,und,CCONJ,cd,17107,gekommen
17109,dieselbe,derselbe,DET,nk,17110,Sehnsucht
17110,Sehnsucht,Sehnsucht,NOUN,cj,17108,und
17111,von,von,ADP,pg,17110,Sehnsucht
17112,der,der,DET,nk,17111,von
17113,ihr,ihr,PRON,da,17114,ergriffen
17114,ergriffen,ergreifen,VERB,ROOT,17114,ergriffen
17115,",",--,PUNCT,punct,17114,ergriffen
17116,erfüllt,erfüllen,VERB,cj,17114,ergriffen
17117,auch,auch,ADV,mo,17119,Brust
17118,meine,mein,DET,nk,17119,Brust
17119,Brust,Brust,NOUN,sb,17116,erfüllt
17120,",",--,PUNCT,punct,17114,ergriffen
17121,aber,aber,CCONJ,cd,17114,ergriffen
17122,sie,sie,PRON,sb,17123,wird
17123,wird,werden,AUX,cj,17121,aber
17124,mir,mir,PRON,da,17127,zerreißen
17125,das,der,DET,nk,17126,Herz
17126,Herz,Herz,NOUN,oa,17127,zerreißen
17127,zerreißen,zerreißen,VERB,oc,17123,wird
17128,!,--,PUNCT,punct,17114,ergriffen
17129,–,--,PUNCT,punct,17130,Ich
17130,Ich,ich,PRON,sb,17131,fühl
17131,fühl,fühl,VERB,ROOT,17131,fühl
17132,es,es,PRON,oa,17131,fühl
17133,",",--,PUNCT,punct,17132,es
17134,daß,daß,SCONJ,cp,17139,unter
17135,ich,ich,PRON,sb,17139,unter
17136,zum,zu,ADP,mo,17139,unter
17137,letztenmal,letztenmal,NOUN,nk,17136,zum
17138,hier,hier,ADV,mo,17139,unter
17139,unter,unter,ADP,re,17132,es
17140,diesen,dieser,DET,nk,17142,Bäumen
17141,schönen,schön,ADJ,nk,17142,Bäumen
17142,Bäumen,Baum,NOUN,nk,17139,unter
17143,und,und,CCONJ,cd,17139,unter
17144,Büschen,Büschen,NOUN,oa,17145,sitze
17145,sitze,sitzen,VERB,ROOT,17145,sitze
17146,",",--,PUNCT,punct,17145,sitze
17147,ich,ich,PRON,sb,17148,werde
17148,werde,werden,AUX,oc,17145,sitze
17149,euch,euch,PRON,oa,17151,verlassen
17150,bald,bald,ADV,mo,17151,verlassen
17151,verlassen,verlassen,VERB,oc,17148,werde
17152,ihr,ihr,DET,nk,17153,Kinder
17153,Kinder,Kind,NOUN,oa,17151,verlassen
17154,!,--,PUNCT,punct,17145,sitze
17155,–,--,PUNCT,punct,17156,Haltet
17156,Haltet,Haltet,VERB,ROOT,17156,Haltet
17157,",",--,PUNCT,punct,17156,Haltet
17158,wenn,wenn,SCONJ,cp,17160,tot
17159,ich,ich,PRON,sb,17160,tot
17160,tot,tot,ADV,mo,17156,Haltet
17161,bin,sein,AUX,ROOT,17161,bin
17162,",",--,PUNCT,punct,17161,bin
17163,nur,nur,ADV,mo,17164,recht
17164,recht,recht,ADV,mo,17165,fest
17165,fest,fest,ADV,pd,17161,bin
17166,an,an,ADP,mo,17165,fest
17167,dem,der,DET,nk,17169,Kinde
17168,holden,hold,ADJ,nk,17169,Kinde
17169,Kinde,Kind,NOUN,nk,17166,an
17170,!,--,PUNCT,punct,17161,bin
17171,"""",--,PUNCT,punct,17161,bin
17172,–,--,PUNCT,punct,17176,waren
17173,Felix,Felix,PROPN,sb,17176,waren
17174,und,und,CCONJ,cd,17173,Felix
17175,Christlieb,Christlieb,NOUN,cj,17174,und
17176,waren,sein,AUX,ROOT,17176,waren
17177,außer,außer,ADP,mo,17176,waren
17178,sich,sich,PRON,da,17192,Vater
17179,vor,vor,ADP,mnr,17178,sich
17180,Schmerz,Schmerz,NOUN,nk,17179,vor
17181,",",--,PUNCT,punct,17178,sich
17182,sie,sie,PRON,sb,17183,weinten
17183,weinten,weinen,VERB,cj,17178,sich
17184,und,und,CCONJ,cd,17183,weinten
17185,jammerten,Jammert,NOUN,cj,17184,und
17186,und,und,CCONJ,cd,17183,weinten
17187,riefen,rufen,VERB,cj,17186,und
17188,laut,laut,ADV,svp,17187,riefen
17189,:,--,PUNCT,punct,17187,riefen
17190,"""",--,PUNCT,punct,17192,Vater
17191,Nein,nein,PART,nk,17192,Vater
17192,Vater,Vater,NOUN,ROOT,17192,Vater
17193,–,--,PUNCT,punct,17192,Vater
17194,nein,nein,PART,par,17192,Vater
17195,Vater,Vater,NOUN,ROOT,17195,Vater
17196,",",--,PUNCT,punct,17195,Vater
17197,du,du,PRON,sb,17198,wirst
17198,wirst,wirst,AUX,oc,17195,Vater
17199,nicht,nicht,PART,ng,17200,sterben
17200,sterben,sterben,VERB,oc,17198,wirst
17201,",",--,PUNCT,punct,17195,Vater
17202,du,du,PRON,sb,17203,wirst
17203,wirst,wirst,AUX,oc,17195,Vater
17204,nicht,nicht,PART,ng,17205,sterben
17205,sterben,sterben,VERB,oc,17203,wirst
17206,",",--,PUNCT,punct,17195,Vater
17207,du,du,PRON,sb,17208,wirst
17208,wirst,wirst,AUX,oc,17195,Vater
17209,noch,noch,ADV,mo,17210,lange
17210,lange,lange,ADV,mo,17208,wirst
17211,bei,bei,ADP,mo,17208,wirst
17212,uns,uns,PRON,da,17213,bleiben
17213,bleiben,bleiben,VERB,ROOT,17213,bleiben
17214,und,und,CCONJ,cd,17213,bleiben
17215,so,so,ADV,mo,17222,spielen
17216,wie,wie,SCONJ,cm,17217,wir
17217,wir,wir,PRON,sb,17222,spielen
17218,mit,mit,ADP,mo,17222,spielen
17219,dem,der,DET,nk,17221,Kinde
17220,fremden,fremd,ADJ,nk,17221,Kinde
17221,Kinde,Kind,NOUN,nk,17218,mit
17222,spielen,spielen,VERB,cj,17214,und
17223,!,--,PUNCT,punct,17213,bleiben
17224,"""",--,PUNCT,punct,17213,bleiben
17225,–,--,PUNCT,punct,17228,drauf
17226,Aber,aber,CCONJ,ju,17228,drauf
17227,Tages,Tag,ADV,mo,17228,drauf
17228,drauf,drauf,ADV,ROOT,17228,drauf
17229,lag,liegen,VERB,ROOT,17229,lag
17230,der,der,DET,nk,17231,Herr
17231,Herr,Herr,NOUN,sb,17229,lag
17232,von,von,ADP,pg,17231,Herr
17233,Brakel,Brakel,NOUN,nk,17232,von
17234,schon,schon,ADV,mo,17235,krank
17235,krank,krank,ADV,mo,17229,lag
17236,im,in,ADP,mo,17229,lag
17237,Bette,Bett,NOUN,nk,17236,im
17238,.,--,PUNCT,punct,17229,lag
17239,Es,es,PRON,ph,17240,erschien
17240,erschien,erscheinen,VERB,ROOT,17240,erschien
17241,ein,ein,DET,nk,17243,hagerer
17242,langer,lang,ADJ,nk,17243,hagerer
17243,hagerer,Hagerer,NOUN,sb,17240,erschien
17244,Mann,Mann,NOUN,ROOT,17244,Mann
17245,",",--,PUNCT,punct,17244,Mann
17246,der,der,PRON,sb,17254,fühlte
17247,dem,der,DET,nk,17248,Herrn
17248,Herrn,Herr,NOUN,da,17254,fühlte
17249,von,von,ADP,pg,17248,Herrn
17250,Brakel,Brakel,PROPN,nk,17249,von
17251,an,an,ADP,mo,17254,fühlte
17252,den,der,DET,nk,17253,Puls
17253,Puls,Puls,NOUN,nk,17251,an
17254,fühlte,fühlen,VERB,rc,17244,Mann
17255,und,und,CCONJ,cd,17254,fühlte
17256,darauf,darauf,ADV,op,17257,sprach
17257,sprach,sprechen,VERB,cj,17255,und
17258,:,--,PUNCT,punct,17244,Mann
17259,"""",--,PUNCT,punct,17261,wird
17260,Das,der,PRON,sb,17261,wird
17261,wird,werden,AUX,rs,17244,Mann
17262,sich,sich,PRON,oa,17263,geben
17263,geben,geben,VERB,ROOT,17263,geben
17264,!,--,PUNCT,punct,17263,geben
17265,"""",--,PUNCT,ROOT,17265,""""
17266,Es,es,PRON,ep,17267,gab
17267,gab,geben,VERB,ROOT,17267,gab
17268,sich,sich,PRON,oa,17267,gab
17269,aber,aber,ADV,mo,17267,gab
17270,nicht,nicht,PART,ng,17267,gab
17271,",",--,PUNCT,punct,17267,gab
17272,sondern,sondern,CCONJ,cd,17267,gab
17273,der,der,DET,nk,17274,Herr
17274,Herr,Herr,NOUN,sb,17277,war
17275,von,von,ADP,pg,17274,Herr
17276,Brakel,Brakel,NOUN,nk,17275,von
17277,war,sein,AUX,cj,17272,sondern
17278,am,an,ADP,mo,17277,war
17279,dritten,dritter,ADJ,nk,17278,am
17280,Tage,Tag,NOUN,mo,17281,tot
17281,tot,tot,ADV,ROOT,17281,tot
17282,.,--,PUNCT,punct,17281,tot
17283,Ach,ach,INTJ,dm,17285,jammerte
17284,wie,wie,ADV,mo,17285,jammerte
17285,jammerte,jammern,VERB,ROOT,17285,jammerte
17286,die,der,DET,nk,17287,Frau
17287,Frau,Frau,NOUN,sb,17285,jammerte
17288,von,von,ADP,pg,17287,Frau
17289,Brakel,Brakel,PROPN,nk,17288,von
17290,",",--,PUNCT,punct,17285,jammerte
17291,wie,wie,SCONJ,mo,17292,rangen
17292,rangen,rangen,VERB,mo,17285,jammerte
17293,die,der,DET,nk,17294,Kinder
17294,Kinder,Kind,NOUN,sb,17292,rangen
17295,die,der,DET,ROOT,17295,die
17296,Hände,Hand,NOUN,ROOT,17296,Hände
17297,",",--,PUNCT,punct,17296,Hände
17298,wie,wie,SCONJ,mo,17299,schrien
17299,schrien,schrien,NOUN,cc,17296,Hände
17300,sie,sie,PRON,sb,17299,schrien
17301,laut,laut,ADV,mo,17299,schrien
17302,:,--,PUNCT,punct,17296,Hände
17303,"""",--,PUNCT,punct,17304,Ach
17304,Ach,ach,INTJ,ROOT,17304,Ach
17305,unser,unser,DET,nk,17306,Vater
17306,Vater,Vater,NOUN,sb,17304,Ach
17307,–,--,PUNCT,punct,17306,Vater
17308,unser,unser,DET,nk,17310,Vater
17309,lieber,lieb,ADJ,nk,17310,Vater
17310,Vater,Vater,NOUN,app,17306,Vater
17311,!,--,PUNCT,punct,17304,Ach
17312,"""",--,PUNCT,punct,17304,Ach
17313,–,--,PUNCT,punct,17314,Bald
17314,Bald,bald,ADV,ROOT,17314,Bald
17315,darauf,darauf,ADV,mo,17326,getragen
17316,als,als,ADP,cm,17319,Bauern
17317,die,der,DET,nk,17319,Bauern
17318,vier,vier,NUM,nk,17319,Bauern
17319,Bauern,Bauer,NOUN,sb,17327,hatten
17320,von,von,ADP,pg,17319,Bauern
17321,Brakelheim,Brakelheim,PROPN,nk,17320,von
17322,ihren,ihr,DET,nk,17323,Herrn
17323,Herrn,Herr,NOUN,oa,17326,getragen
17324,zu,zu,ADP,mo,17326,getragen
17325,Grabe,Grab,NOUN,nk,17324,zu
17326,getragen,tragen,VERB,oc,17327,hatten
17327,hatten,haben,AUX,ROOT,17327,hatten
17328,",",--,PUNCT,punct,17327,hatten
17329,erschienen,erscheinen,VERB,ROOT,17329,erschienen
17330,ein,ein,DET,nk,17331,paar
17331,paar,paar,DET,sb,17329,erschienen
17332,häßliche,häßlich,ADJ,nk,17333,Männer
17333,Männer,Mann,NOUN,sb,17329,erschienen
17334,im,in,ADP,mo,17329,erschienen
17335,Hause,Haus,NOUN,nk,17334,im
17336,",",--,PUNCT,punct,17329,erschienen
17337,die,der,PRON,sb,17339,aussahen
17338,beinahe,beinahe,ADV,mo,17339,aussahen
17339,aussahen,aussahen,VERB,cj,17329,erschienen
17340,wie,wie,ADP,cm,17341,der
17341,der,der,DET,cc,17338,beinahe
17342,Magister,Magister,ADJ,nk,17343,Tinte
17343,Tinte,Tinte,NOUN,ROOT,17343,Tinte
17344,.,--,PUNCT,punct,17343,Tinte
17345,Die,der,DET,nk,17347,Frau
17346,erklärten,erklärt,ADJ,nk,17347,Frau
17347,Frau,Frau,NOUN,ROOT,17347,Frau
17348,von,von,ADP,pg,17347,Frau
17349,Brakel,Brakel,PROPN,nk,17348,von
17350,",",--,PUNCT,punct,17347,Frau
17351,daß,daß,SCONJ,cp,17355,Gütchen
17352,sie,sie,PRON,sb,17355,Gütchen
17353,das,der,DET,nk,17355,Gütchen
17354,ganze,ganz,ADJ,nk,17355,Gütchen
17355,Gütchen,Gütchen,NOUN,oc,17347,Frau
17356,und,und,CCONJ,cd,17355,Gütchen
17357,alles,alle,PRON,sb,17363,müßten
17358,im,in,ADP,mo,17362,nehmen
17359,Hause,Haus,NOUN,nk,17358,im
17360,in,in,ADP,cvc,17362,nehmen
17361,Beschlag,Beschlag,NOUN,nk,17360,in
17362,nehmen,nehmen,VERB,oc,17363,müßten
17363,müßten,müssen,AUX,ROOT,17363,müßten
17364,",",--,PUNCT,punct,17363,müßten
17365,weil,weil,SCONJ,cp,17368,Herr
17366,der,der,DET,nk,17368,Herr
17367,verstorbene,verstorben,ADJ,nk,17368,Herr
17368,Herr,Herr,NOUN,sb,17363,müßten
17369,Thaddäus,Thaddäus,PROPN,nk,17368,Herr
17370,von,von,ADP,mnr,17373,alles
17371,Brakel,Brakel,PROPN,nk,17370,von
17372,das,der,DET,nk,17373,alles
17373,alles,alle,PRON,ROOT,17373,alles
17374,und,und,CCONJ,cd,17373,alles
17375,noch,noch,ADV,mo,17377,mehr
17376,viel,viel,ADV,mo,17377,mehr
17377,mehr,mehr,ADV,mo,17379,Herrn
17378,dem,der,DET,nk,17379,Herrn
17379,Herrn,Herr,NOUN,cj,17374,und
17380,Grafen,Grafen,PROPN,pnc,17381,Cyprianus
17381,Cyprianus,Cyprianus,PROPN,nk,17379,Herrn
17382,von,von,ADP,pg,17381,Cyprianus
17383,Brakel,Brakel,PROPN,nk,17382,von
17384,schuldig,schuldig,ADV,pd,17385,geworden
17385,geworden,werden,AUX,oc,17386,sei
17386,sei,sein,AUX,ROOT,17386,sei
17387,",",--,PUNCT,punct,17386,sei
17388,der,der,PRON,sb,17392,zurückverlange
17389,nun,nun,ADV,mo,17392,zurückverlange
17390,das,der,DET,nk,17391,Seinige
17391,Seinige,seinig,NOUN,oa,17392,zurückverlange
17392,zurückverlange,zurückverlangen,VERB,sb,17386,sei
17393,.,--,PUNCT,punct,17386,sei
17394,So,so,ADV,mo,17395,war
17395,war,sein,AUX,ROOT,17395,war
17396,denn,denn,ADV,mo,17395,war
17397,nun,nun,ADV,mo,17395,war
17398,die,der,DET,sb,17395,war
17399,Frau,Frau,NOUN,ROOT,17399,Frau
17400,von,von,ADP,pg,17399,Frau
17401,Brakel,Brakel,PROPN,nk,17400,von
17402,bettelarm,bettelarm,ADV,pd,17403,geworden
17403,geworden,werden,AUX,oc,17399,Frau
17404,und,und,CCONJ,cd,17399,Frau
17405,mußte,müssen,AUX,cj,17404,und
17406,das,der,DET,nk,17408,Dörfchen
17407,schöne,schön,ADJ,nk,17408,Dörfchen
17408,Dörfchen,Dörfchen,NOUN,oc,17405,mußte
17409,Brakelheim,Brakelheim,PROPN,nk,17408,Dörfchen
17410,verlassen,verlassen,VERB,ROOT,17410,verlassen
17411,.,--,PUNCT,punct,17410,verlassen
17412,Sie,sie,PRON,sb,17413,wollte
17413,wollte,wollen,AUX,ROOT,17413,wollte
17414,zu,zu,ADP,mo,17413,wollte
17415,einem,ein,DET,nk,17416,Verwandten
17416,Verwandten,verwandte,NOUN,nk,17414,zu
17417,hin,hin,ADV,svp,17413,wollte
17418,",",--,PUNCT,punct,17413,wollte
17419,der,der,PRON,sb,17422,wohnte
17420,nicht,nicht,PART,ng,17422,wohnte
17421,fern,fern,ADV,mo,17422,wohnte
17422,wohnte,wohnen,VERB,rc,17416,Verwandten
17423,",",--,PUNCT,punct,17422,wohnte
17424,und,und,CCONJ,cd,17422,wohnte
17425,schnürte,schnüren,VERB,ROOT,17425,schnürte
17426,daher,daher,ADV,mo,17425,schnürte
17427,ein,ein,DET,nk,17429,Bündelchen
17428,kleines,klein,ADJ,nk,17429,Bündelchen
17429,Bündelchen,Bündelchen,NOUN,sb,17425,schnürte
17430,mit,mit,ADP,mnr,17429,Bündelchen
17431,der,der,DET,nk,17433,Wäsche
17432,wenigen,weniger,ADJ,nk,17433,Wäsche
17433,Wäsche,Wäsche,NOUN,nk,17430,mit
17434,und,und,CCONJ,cd,17433,Wäsche
17435,den,der,DET,nk,17436,geringen
17436,geringen,Gering,NOUN,cj,17434,und
17437,Kleidungsstücken,Kleidungsstück,NOUN,sb,17447,mußten
17438,",",--,PUNCT,punct,17437,Kleidungsstücken
17439,die,der,PRON,oa,17442,gelassen
17440,man,man,PRON,sb,17442,gelassen
17441,ihr,ihr,PRON,da,17442,gelassen
17442,gelassen,lassen,VERB,rc,17437,Kleidungsstücken
17443,",",--,PUNCT,punct,17442,gelassen
17444,Felix,Felix,PROPN,cj,17442,gelassen
17445,und,und,CCONJ,cd,17444,Felix
17446,Christlieb,Christlieb,NOUN,cj,17445,und
17447,mußten,müssen,AUX,ROOT,17447,mußten
17448,ein,ein,DET,svp,17447,mußten
17449,gleiches,gleich,ADJ,oa,17450,tun
17450,tun,tun,VERB,ROOT,17450,tun
17451,",",--,PUNCT,punct,17450,tun
17452,und,und,CCONJ,cd,17450,tun
17453,so,so,ADV,mo,17454,zogen
17454,zogen,ziehen,VERB,cj,17452,und
17455,sie,sie,PRON,sb,17454,zogen
17456,unter,unter,ADP,mo,17454,zogen
17457,vielen,vieler,DET,nk,17458,Tränen
17458,Tränen,Träne,NOUN,nk,17456,unter
17459,fort,fort,ADV,svp,17454,zogen
17460,aus,aus,ADP,mo,17454,zogen
17461,dem,der,DET,nk,17462,Hause
17462,Hause,Haus,NOUN,nk,17460,aus
17463,.,--,PUNCT,punct,17450,tun
17464,Schon,schon,ADV,ROOT,17464,Schon
17465,hörten,hören,VERB,ROOT,17465,hörten
17466,sie,sie,PRON,sb,17465,hörten
17467,das,der,DET,nk,17469,Rauschen
17468,ungestüme,ungestüm,ADJ,nk,17469,Rauschen
17469,Rauschen,Rauschen,NOUN,oa,17465,hörten
17470,des,der,DET,nk,17471,Waldstroms
17471,Waldstroms,Waldstrom,NOUN,ag,17469,Rauschen
17472,über,über,ADP,mnr,17469,Rauschen
17473,dessen,der,PRON,ag,17474,Brücke
17474,Brücke,Brücke,NOUN,nk,17472,über
17475,sie,sie,PRON,oa,17465,hörten
17476,wollten,wollen,AUX,ROOT,17476,wollten
17477,",",--,PUNCT,punct,17476,wollten
17478,als,als,SCONJ,cp,17489,sank
17479,die,der,DET,nk,17480,Frau
17480,Frau,Frau,NOUN,sb,17489,sank
17481,von,von,ADP,pg,17480,Frau
17482,Brakel,Brakel,PROPN,nk,17481,von
17483,vor,vor,ADP,mo,17489,sank
17484,bitterm,bitter,ADP,nk,17483,vor
17485,Schmerz,Schmerz,NOUN,nk,17484,bitterm
17486,ohnmächtig,ohnmächtig,ADV,mo,17489,sank
17487,zu,zu,ADP,mo,17489,sank
17488,Boden,Boden,NOUN,nk,17487,zu
17489,sank,sinken,VERB,mo,17476,wollten
17490,.,--,PUNCT,punct,17476,wollten
17491,Da,da,ADV,mo,17492,fielen
17492,fielen,fallen,VERB,ROOT,17492,fielen
17493,Felix,Felix,PROPN,sb,17492,fielen
17494,und,und,CCONJ,cd,17493,Felix
17495,Christlieb,Christlieb,NOUN,cj,17494,und
17496,auf,auf,ADP,mo,17492,fielen
17497,die,der,DET,nk,17498,Knie
17498,Knie,Knie,NOUN,nk,17496,auf
17499,nieder,nieder,ADV,svp,17492,fielen
17500,und,und,CCONJ,cd,17492,fielen
17501,schluchzten,schluchzten,VERB,cj,17500,und
17502,und,und,CCONJ,cd,17501,schluchzten
17503,jammerten,jammeren,VERB,sb,17512,nimmt
17504,:,--,PUNCT,punct,17503,jammerten
17505,"""",--,PUNCT,punct,17510,Kinder
17506,O,O,PROPN,nk,17510,Kinder
17507,wir,wir,PRON,sb,17510,Kinder
17508,armen,arm,ADJ,nk,17510,Kinder
17509,unglücklichen,unglücklich,ADJ,nk,17510,Kinder
17510,Kinder,Kind,NOUN,oa,17503,jammerten
17511,!,--,PUNCT,punct,17512,nimmt
17512,nimmt,nehmen,VERB,ROOT,17512,nimmt
17513,sich,sich,PRON,oa,17512,nimmt
17514,denn,denn,ADV,mo,17512,nimmt
17515,keiner,keiner,PRON,sb,17512,nimmt
17516,",",--,PUNCT,punct,17515,keiner
17517,keiner,keiner,PRON,app,17515,keiner
17518,unsers,unser,PROPN,ROOT,17518,unsers
17519,Elends,Elend,NOUN,nk,17518,unsers
17520,an,an,ADP,svp,17518,unsers
17521,?,--,PUNCT,punct,17518,unsers
17522,"""",--,PUNCT,punct,17518,unsers
17523,In,in,ADP,mo,17526,war
17524,dem,der,DET,nk,17525,Augenblick
17525,Augenblick,Augenblick,NOUN,nk,17523,In
17526,war,sein,AUX,ROOT,17526,war
17527,es,es,PRON,sb,17526,war
17528,",",--,PUNCT,punct,17526,war
17529,als,als,SCONJ,cm,17530,werde
17530,werde,werden,AUX,cc,17523,In
17531,das,der,DET,nk,17533,Rauschen
17532,ferne,fern,ADJ,nk,17533,Rauschen
17533,Rauschen,Rauschen,NOUN,sb,17530,werde
17534,des,der,DET,dep,17526,war
17535,Waldstroms,Waldstrom,NOUN,sb,17542,rührte
17536,zu,zu,ADP,mnr,17535,Waldstroms
17537,lieblicher,lieblich,ADJ,nk,17538,Musik
17538,Musik,Musik,NOUN,nk,17536,zu
17539,",",--,PUNCT,punct,17535,Waldstroms
17540,das,der,DET,nk,17541,Gebüsch
17541,Gebüsch,Gebüsch,NOUN,sb,17542,rührte
17542,rührte,rühren,VERB,ROOT,17542,rührte
17543,sich,sich,PRON,oa,17542,rührte
17544,in,in,ADP,mo,17542,rührte
17545,ahnungsvollem,ahnungsvoller,PRON,nk,17544,in
17546,Säuseln,Säusel,NOUN,ROOT,17546,Säuseln
17547,–,--,PUNCT,punct,17546,Säuseln
17548,und,und,CCONJ,cd,17546,Säuseln
17549,bald,bald,ADV,mo,17550,strahlte
17550,strahlte,strahlen,VERB,cj,17548,und
17551,der,der,DET,nk,17553,Wald
17552,ganze,ganz,ADJ,nk,17553,Wald
17553,Wald,Wald,NOUN,sb,17550,strahlte
17554,in,in,ADP,mo,17550,strahlte
17555,wunderbarem,wunderbar,ADJ,nk,17557,Feuer
17556,funkelnden,funkelnd,ADJ,nk,17557,Feuer
17557,Feuer,Feuer,NOUN,nk,17554,in
17558,.,--,PUNCT,punct,17546,Säuseln
17559,Das,der,PRON,ROOT,17559,Das
17560,fremde,fremd,ADJ,nk,17561,Kind
17561,Kind,Kind,NOUN,sb,17562,trat
17562,trat,treten,VERB,ROOT,17562,trat
17563,aus,aus,ADP,mo,17562,trat
17564,dem,der,DET,nk,17566,Laube
17565,süßduftenden,süßduftend,ADJ,nk,17566,Laube
17566,Laube,Laube,NOUN,nk,17563,aus
17567,hervor,hervor,ADV,svp,17562,trat
17568,",",--,PUNCT,punct,17562,trat
17569,aber,aber,CCONJ,cd,17562,trat
17570,von,von,ADP,cj,17569,aber
17571,solchem,solcher,DET,nk,17572,blenden
17572,blenden,blend,ADJ,nk,17570,von
17573,Glanz,Glanz,NOUN,oa,17574,umflossen
17574,umflossen,umflossen,VERB,ROOT,17574,umflossen
17575,",",--,PUNCT,punct,17574,umflossen
17576,daß,daß,SCONJ,cp,17583,mußten
17577,Felix,Felix,PROPN,sb,17583,mußten
17578,und,und,CCONJ,cd,17577,Felix
17579,Christlieb,Christlieb,NOUN,cj,17578,und
17580,die,der,DET,nk,17581,Augen
17581,Augen,Auge,NOUN,oa,17582,schließen
17582,schließen,schließen,VERB,oc,17583,mußten
17583,mußten,müssen,AUX,oc,17574,umflossen
17584,.,--,PUNCT,punct,17574,umflossen
17585,Da,da,SCONJ,ROOT,17585,Da
17586,fühlten,fühlen,VERB,ROOT,17586,fühlten
17587,sie,sie,PRON,sb,17586,fühlten
17588,sich,sich,PRON,oa,17590,berührt
17589,sanft,sanft,ADV,mo,17590,berührt
17590,berührt,berühren,VERB,oc,17586,fühlten
17591,und,und,CCONJ,cd,17590,berührt
17592,des,der,DET,nk,17594,Kindes
17593,fremden,fremd,ADJ,nk,17594,Kindes
17594,Kindes,Kind,NOUN,da,17597,sprach
17595,holde,hold,ADJ,nk,17596,Stimme
17596,Stimme,Stimme,NOUN,oa,17597,sprach
17597,sprach,sprechen,VERB,cj,17591,und
17598,:,--,PUNCT,punct,17586,fühlten
17599,"""",--,PUNCT,punct,17600,O
17600,O,O,X,ROOT,17600,O
17601,klagt,klagen,VERB,ROOT,17601,klagt
17602,nicht,nicht,PART,ng,17601,klagt
17603,so,so,ADV,mo,17601,klagt
17604,",",--,PUNCT,punct,17603,so
17605,ihr,ihr,PRON,cj,17603,so
17606,meine,mein,DET,nk,17608,Gespielen
17607,lieben,lieb,ADJ,nk,17608,Gespielen
17608,Gespielen,Gespiel,NOUN,oa,17601,klagt
17609,!,--,PUNCT,punct,17601,klagt
17610,Lieb,Lieb,VERB,ROOT,17610,Lieb
17611,ich,ich,PRON,sb,17610,Lieb
17612,euch,euch,PRON,oa,17610,Lieb
17613,denn,denn,ADV,mo,17610,Lieb
17614,nicht,nicht,PART,ng,17610,Lieb
17615,mehr,mehr,ADV,mo,17614,nicht
17616,?,--,PUNCT,punct,17610,Lieb
17617,kann,können,AUX,ROOT,17617,kann
17618,ich,ich,PRON,sb,17622,verlassen
17619,euch,euch,PRON,oa,17622,verlassen
17620,denn,denn,ADV,mo,17622,verlassen
17621,wohl,wohl,ADV,mo,17622,verlassen
17622,verlassen,verlassen,VERB,ROOT,17622,verlassen
17623,?,--,PUNCT,punct,17622,verlassen
17624,Nein,nein,PART,dm,17627,seht
17625,!,--,PUNCT,punct,17627,seht
17626,–,--,PUNCT,punct,17627,seht
17627,seht,sehen,VERB,ROOT,17627,seht
17628,ihr,ihr,PRON,da,17627,seht
17629,mich,mich,PRON,oa,17627,seht
17630,auch,auch,ADV,mo,17627,seht
17631,nicht,nicht,PART,ng,17633,leiblichen
17632,mit,mit,ADP,op,17627,seht
17633,leiblichen,leiblich,ADJ,nk,17632,mit
17634,Augen,Auge,NOUN,sb,17637,umschwebe
17635,",",--,PUNCT,punct,17636,so
17636,so,so,ADV,mo,17637,umschwebe
17637,umschwebe,umschweben,VERB,ROOT,17637,umschwebe
17638,ich,ich,PRON,sb,17637,umschwebe
17639,euch,euch,PRON,oa,17637,umschwebe
17640,doch,doch,ADV,mo,17637,umschwebe
17641,beständig,beständig,ADV,mo,17637,umschwebe
17642,und,und,CCONJ,cd,17637,umschwebe
17643,helfe,helfen,VERB,cj,17642,und
17644,euch,euch,PRON,oa,17643,helfe
17645,mit,mit,ADP,mo,17643,helfe
17646,meiner,mein,DET,nk,17647,Macht
17647,Macht,Macht,NOUN,nk,17645,mit
17648,",",--,PUNCT,punct,17637,umschwebe
17649,daß,daß,SCONJ,cp,17654,werden
17650,ihr,ihr,PRON,da,17654,werden
17651,froh,froh,ADV,pd,17654,werden
17652,und,und,CCONJ,cd,17651,froh
17653,glücklich,glücklich,ADV,cj,17652,und
17654,werden,werden,AUX,ROOT,17654,werden
17655,sollet,sollet,ADV,sb,17654,werden
17656,immerdar,immerdar,ADV,pd,17654,werden
17657,.,--,PUNCT,punct,17654,werden
17658,Behaltet,Behaltet,VERB,ROOT,17658,Behaltet
17659,mich,mich,PRON,oa,17658,Behaltet
17660,nur,nur,ADV,mo,17661,treu
17661,treu,treu,ADV,mo,17658,Behaltet
17662,im,in,ADP,mo,17658,Behaltet
17663,Herzen,Herz,NOUN,re,17672,dann
17664,",",--,PUNCT,punct,17663,Herzen
17665,wie,wie,SCONJ,mo,17670,getan
17666,ihr,ihr,PRON,da,17670,getan
17667,es,es,PRON,ep,17670,getan
17668,bis,bis,ADP,mo,17670,getan
17669,jetzt,jetzt,ADV,nk,17668,bis
17670,getan,tun,VERB,oc,17663,Herzen
17671,",",--,PUNCT,punct,17672,dann
17672,dann,dann,ADV,mo,17673,vermag
17673,vermag,vermögen,VERB,ROOT,17673,vermag
17674,der,der,DET,nk,17676,Pepser
17675,böse,böse,ADJ,nk,17676,Pepser
17676,Pepser,Pepser,NOUN,sb,17673,vermag
17677,und,und,CCONJ,cd,17676,Pepser
17678,kein,kein,DET,cj,17677,und
17679,anderer,anderer,ADJ,nk,17680,Widersacher
17680,Widersacher,Widersacher,NOUN,sb,17686,liebt
17681,etwas,etwas,ADV,mo,17680,Widersacher
17682,über,über,ADP,mnr,17681,etwas
17683,euch,euch,PRON,nk,17682,über
17684,!,--,PUNCT,punct,17686,liebt
17685,–,--,PUNCT,punct,17686,liebt
17686,liebt,lieben,VERB,ROOT,17686,liebt
17687,mich,mich,PRON,oa,17686,liebt
17688,nur,nur,ADV,mo,17689,stets
17689,stets,stets,ADV,mo,17686,liebt
17690,recht,recht,ADV,mo,17691,treulich
17691,treulich,treulich,ADV,mo,17686,liebt
17692,!,--,PUNCT,punct,17686,liebt
17693,"""",--,PUNCT,punct,17686,liebt
17694,–,--,PUNCT,ROOT,17694,–
17695,"""",--,PUNCT,punct,17698,wollen
17696,O,O,PROPN,oa,17698,wollen
17697,das,der,PRON,nk,17696,O
17698,wollen,wollen,AUX,oc,17706,riefen
17699,wir,wir,PRON,sb,17698,wollen
17700,",",--,PUNCT,punct,17698,wollen
17701,das,der,PRON,oa,17702,wollen
17702,wollen,wollen,AUX,cj,17698,wollen
17703,wir,wir,PRON,sb,17702,wollen
17704,!,--,PUNCT,punct,17698,wollen
17705,"""",--,PUNCT,dep,17706,riefen
17706,riefen,rufen,VERB,ROOT,17706,riefen
17707,Felix,Felix,PROPN,sb,17706,riefen
17708,und,und,CCONJ,cd,17707,Felix
17709,Christlieb,Christlieb,NOUN,cj,17708,und
17710,",",--,PUNCT,punct,17706,riefen
17711,"""",--,PUNCT,punct,17713,lieben
17712,wir,wir,PRON,sb,17713,lieben
17713,lieben,lieben,VERB,cj,17698,wollen
17714,dich,dich,PRON,ROOT,17714,dich
17715,ja,ja,ADV,mo,17714,dich
17716,mit,mit,ADP,mo,17714,dich
17717,ganzer,ganz,ADJ,nk,17718,Seele
17718,Seele,Seele,NOUN,nk,17716,mit
17719,.,--,PUNCT,punct,17714,dich
17720,"""",--,PUNCT,ROOT,17720,""""
17721,Als,als,SCONJ,cp,17727,vermochten
17722,sie,sie,PRON,sb,17727,vermochten
17723,die,der,DET,nk,17724,Augen
17724,Augen,Auge,NOUN,oa,17727,vermochten
17725,wieder,wieder,ADV,mo,17726,aufzuschlagen
17726,aufzuschlagen,aufzuschlagen,VERB,mo,17727,vermochten
17727,vermochten,vermochten,VERB,mo,17720,""""
17728,",",--,PUNCT,punct,17727,vermochten
17729,war,sein,AUX,ROOT,17729,war
17730,das,der,DET,nk,17732,Kind
17731,fremde,fremd,ADJ,nk,17732,Kind
17732,Kind,Kind,NOUN,sb,17729,war
17733,verschwunden,verschwinden,VERB,oc,17729,war
17734,",",--,PUNCT,punct,17729,war
17735,aber,aber,CCONJ,cd,17729,war
17736,aller,aller,DET,nk,17737,Schmerz
17737,Schmerz,Schmerz,NOUN,sb,17738,war
17738,war,sein,AUX,cj,17735,aber
17739,von,von,ADP,sbp,17741,gewichen
17740,ihnen,ihnen,PRON,nk,17739,von
17741,gewichen,gewichen,VERB,oc,17738,war
17742,und,und,CCONJ,cd,17741,gewichen
17743,sie,sie,PRON,sb,17744,empfanden
17744,empfanden,empfinden,VERB,ROOT,17744,empfanden
17745,die,der,DET,nk,17746,Wonne
17746,Wonne,Wonne,NOUN,oa,17744,empfanden
17747,des,der,DET,nk,17748,Himmels
17748,Himmels,Himmel,NOUN,ag,17746,Wonne
17749,",",--,PUNCT,punct,17748,Himmels
17750,die,der,PRON,sb,17754,aufgegangen
17751,in,in,ADP,mo,17754,aufgegangen
17752,ihrem,ihr,DET,nk,17753,Innersten
17753,Innersten,Innerst,NOUN,nk,17751,in
17754,aufgegangen,aufgehen,VERB,rc,17748,Himmels
17755,.,--,PUNCT,punct,17744,empfanden
17756,Die,der,DET,ROOT,17756,Die
17757,Frau,Frau,NOUN,sb,17760,richtete
17758,von,von,ADP,pg,17757,Frau
17759,Brakel,Brakel,PROPN,nk,17758,von
17760,richtete,richten,VERB,ROOT,17760,richtete
17761,sich,sich,PRON,oa,17760,richtete
17762,nun,nun,ADV,mo,17760,richtete
17763,auch,auch,ADV,mo,17764,langsam
17764,langsam,langsam,ADV,mo,17760,richtete
17765,empor,empor,ADV,svp,17760,richtete
17766,und,und,CCONJ,cd,17760,richtete
17767,sprach,sprechen,VERB,cj,17766,und
17768,:,--,PUNCT,punct,17767,sprach
17769,"""",--,PUNCT,punct,17770,Kinder
17770,Kinder,Kind,NOUN,oc,17767,sprach
17771,!,--,PUNCT,punct,17760,richtete
17772,ich,ich,PRON,ROOT,17772,ich
17773,habe,haben,AUX,ROOT,17773,habe
17774,euch,euch,PRON,oa,17777,gesehen
17775,im,in,ADP,mo,17777,gesehen
17776,Traum,Traum,NOUN,nk,17775,im
17777,gesehen,sehen,VERB,oc,17773,habe
17778,",",--,PUNCT,punct,17777,gesehen
17779,wie,wie,SCONJ,mo,17786,standet
17780,ihr,ihr,PRON,sb,17786,standet
17781,wie,wie,ADP,cm,17782,in
17782,in,in,ADP,mo,17786,standet
17783,lauter,lauter,DET,nk,17785,Golde
17784,funkelndem,funkelndem,ADJ,nk,17785,Golde
17785,Golde,Golde,NOUN,nk,17782,in
17786,standet,standen,VERB,mo,17777,gesehen
17787,und,und,CCONJ,cd,17786,standet
17788,dieser,dieser,DET,nk,17789,Anblick
17789,Anblick,Anblick,NOUN,sb,17790,hat
17790,hat,haben,AUX,ROOT,17790,hat
17791,mich,mich,PRON,oa,17795,erfreut
17792,auf,auf,ADP,mo,17795,erfreut
17793,wunderbare,wunderbar,ADJ,nk,17794,Weise
17794,Weise,Weise,NOUN,nk,17792,auf
17795,erfreut,erfreuen,VERB,oc,17790,hat
17796,und,und,CCONJ,cd,17795,erfreut
17797,getröstet,trösten,VERB,cj,17796,und
17798,.,--,PUNCT,punct,17790,hat
17799,"""",--,PUNCT,punct,17790,hat
17800,Das,der,DET,ROOT,17800,Das
17801,Entzücken,Entzück,NOUN,sb,17802,strahlte
17802,strahlte,strahlen,VERB,ROOT,17802,strahlte
17803,in,in,ADP,mo,17802,strahlte
17804,der,der,DET,nk,17805,Kinder
17805,Kinder,Kind,NOUN,nk,17803,in
17806,Augen,Auge,NOUN,oa,17802,strahlte
17807,",",--,PUNCT,punct,17802,strahlte
17808,glänzte,glänzen,VERB,cj,17802,strahlte
17809,auf,auf,ADP,mo,17808,glänzte
17810,ihren,ihr,DET,nk,17812,Wangen
17811,hochroten,hochrot,ADJ,nk,17812,Wangen
17812,Wangen,Wang,NOUN,nk,17809,auf
17813,.,--,PUNCT,punct,17802,strahlte
17814,Sie,sie,PRON,ROOT,17814,Sie
17815,erzählten,erzählten,VERB,ROOT,17815,erzählten
17816,wie,wie,ADP,cm,17824,sei
17817,eben,eben,ADV,mo,17823,gewesen
17818,das,der,DET,nk,17820,Kind
17819,fremde,fremd,ADJ,nk,17820,Kind
17820,Kind,Kind,NOUN,sb,17824,sei
17821,bei,bei,ADP,mo,17823,gewesen
17822,ihnen,ihnen,PRON,nk,17821,bei
17823,gewesen,sein,AUX,oc,17824,sei
17824,sei,sein,AUX,oc,17815,erzählten
17825,und,und,CCONJ,cd,17824,sei
17826,sie,sie,PRON,oa,17827,getröstet
17827,getröstet,trösten,VERB,cj,17825,und
17828,habe,haben,AUX,dep,17830,da
17829,",",--,PUNCT,punct,17830,da
17830,da,da,ADV,mo,17831,sprach
17831,sprach,sprechen,VERB,ROOT,17831,sprach
17832,die,der,DET,nk,17833,Mutter
17833,Mutter,Mutter,NOUN,sb,17831,sprach
17834,:,--,PUNCT,punct,17831,sprach
17835,"""",--,PUNCT,punct,17837,weiß
17836,Ich,ich,PRON,sb,17837,weiß
17837,weiß,wissen,VERB,ROOT,17837,weiß
17838,nicht,nicht,PART,ng,17837,weiß
17839,",",--,PUNCT,punct,17837,weiß
17840,warum,warum,SCONJ,mo,17837,weiß
17841,ich,ich,PRON,sb,17837,weiß
17842,heute,heute,ADV,mo,17837,weiß
17843,an,an,ADP,mo,17842,heute
17844,euer,eu,ADJ,nk,17845,Märchen
17845,Märchen,Märchen,NOUN,nk,17843,an
17846,glauben,glauben,VERB,oc,17847,muß
17847,muß,müssen,AUX,ROOT,17847,muß
17848,",",--,PUNCT,punct,17847,muß
17849,und,und,CCONJ,cd,17847,muß
17850,warum,warum,SCONJ,mo,17854,Schmerz
17851,dabei,dabei,ADV,mo,17854,Schmerz
17852,so,so,ADV,mo,17854,Schmerz
17853,aller,aller,DET,nk,17854,Schmerz
17854,Schmerz,Schmerz,NOUN,cj,17849,und
17855,",",--,PUNCT,punct,17854,Schmerz
17856,alle,aller,DET,nk,17857,Sorgen
17857,Sorgen,Sorge,NOUN,oa,17860,weichen
17858,von,von,ADP,mnr,17857,Sorgen
17859,mir,mir,PRON,nk,17858,von
17860,weichen,weichen,VERB,oc,17854,Schmerz
17861,.,--,PUNCT,punct,17847,muß
17862,Laßt,lassen,VERB,ROOT,17862,Laßt
17863,uns,uns,PRON,da,17866,weitergehen
17864,nun,nun,ADV,mo,17866,weitergehen
17865,getrost,getrost,ADV,mo,17866,weitergehen
17866,weitergehen,weitergehen,VERB,oc,17862,Laßt
17867,.,--,PUNCT,punct,17862,Laßt
17868,"""",--,PUNCT,punct,17862,Laßt
17869,Sie,sie,PRON,sb,17870,wurden
17870,wurden,werden,AUX,ROOT,17870,wurden
17871,von,von,ADP,mo,17870,wurden
17872,dem,der,DET,nk,17873,Verwandten
17873,Verwandten,verwandte,NOUN,nk,17871,von
17874,freundlich,freundlich,ADV,pd,17870,wurden
17875,aufgenommen,aufnehmen,VERB,re,17877,dann
17876,",",--,PUNCT,punct,17877,dann
17877,dann,dann,ADV,mo,17878,kam
17878,kam,kommen,VERB,ROOT,17878,kam
17879,es,es,PRON,sb,17878,kam
17880,wie,wie,ADP,cm,17883,Kind
17881,das,der,DET,nk,17883,Kind
17882,fremde,fremd,ADJ,nk,17883,Kind
17883,Kind,Kind,NOUN,mo,17878,kam
17884,es,es,PRON,oa,17885,verheißen
17885,verheißen,verheißen,VERB,mo,17878,kam
17886,.,--,PUNCT,punct,17878,kam
17887,Alles,alle,PRON,ROOT,17887,Alles
17888,",",--,PUNCT,punct,17887,Alles
17889,was,wer,PRON,mo,17890,Felix
17890,Felix,Felix,PROPN,cc,17887,Alles
17891,und,und,CCONJ,cd,17890,Felix
17892,Christlieb,Christlieb,NOUN,sb,17893,unternahmen
17893,unternahmen,unternahmen,VERB,sb,17895,geriet
17894,",",--,PUNCT,punct,17895,geriet
17895,geriet,geraten,VERB,ROOT,17895,geriet
17896,so,so,ADV,mo,17895,geriet
17897,überaus,überaus,ADV,mo,17898,wohl
17898,wohl,wohl,ADV,mo,17895,geriet
17899,",",--,PUNCT,punct,17898,wohl
17900,daß,daß,SCONJ,cp,17901,sie
17901,sie,sie,PRON,sb,17895,geriet
17902,samt,samt,ADP,mnr,17901,sie
17903,ihrer,ihr,DET,nk,17904,Mutter
17904,Mutter,Mutter,NOUN,nk,17902,samt
17905,Froh,Froh,PROPN,nk,17904,Mutter
17906,und,und,CCONJ,ROOT,17906,und
17907,glücklich,glücklich,ADV,cj,17906,und
17908,wurden,werden,AUX,cj,17906,und
17909,und,und,CCONJ,cd,17908,wurden
17910,noch,noch,ADV,mo,17914,spielten
17911,in,in,ADP,mo,17910,noch
17912,später,spät,ADJ,nk,17913,Zeit
17913,Zeit,Zeit,NOUN,nk,17911,in
17914,spielten,spielen,VERB,cj,17909,und
17915,sie,sie,PRON,sb,17914,spielten
17916,in,in,ADP,mo,17914,spielten
17917,süßen,süß,ADJ,nk,17918,Träumen
17918,Träumen,Traum,NOUN,nk,17916,in
17919,mit,mit,ADP,svp,17914,spielten
17920,dem,der,DET,nk,17922,Kinde
17921,fremden,fremd,ADJ,nk,17922,Kinde
17922,Kinde,Kind,NOUN,ROOT,17922,Kinde
17923,",",--,PUNCT,punct,17922,Kinde
17924,das,der,PRON,sb,17926,aufhörte
17925,nicht,nicht,PART,ng,17926,aufhörte
17926,aufhörte,aufhören,VERB,rc,17922,Kinde
17927,",",--,PUNCT,punct,17926,aufhörte
17928,ihnen,ihnen,PRON,da,17931,Wunder
17929,die,der,DET,nk,17931,Wunder
17930,lieblichsten,lieblichst,ADJ,nk,17931,Wunder
17931,Wunder,Wunder,NOUN,dep,17926,aufhörte
17932,seiner,sein,DET,punct,17920,dem
17933,Heimat,Heimat,NOUN,oa,17934,mitzubringen
17934,mitzubringen,mitbringen,VERB,ROOT,17934,mitzubringen
17935,.,--,PUNCT,punct,17934,mitzubringen
