Idx,Token,Lemma,PoS,Dependency,Dependency_head_idx,Dependency_head_text
0,E.T.A.,E.T.A.,PROPN,ROOT,0,E.T.A.
1,Hoffmann,Hoffmann,PROPN,ROOT,1,Hoffmann
2,Die,der,DET,nk,3,Bergwerke
3,Bergwerke,Bergwerk,NOUN,ROOT,3,Bergwerke
4,zu,zu,ADP,mnr,3,Bergwerke
5,Falun,Falun,PROPN,nk,4,zu
6,An,an,ADP,mo,11,hatte
7,einem,ein,DET,nk,10,Juliustag
8,heitern,heitern,ADJ,nk,10,Juliustag
9,sonnenhellen,sonnenhell,ADJ,nk,10,Juliustag
10,Juliustag,Juliustag,NOUN,nk,6,An
11,hatte,haben,AUX,ROOT,11,hatte
12,sich,sich,PRON,oa,11,hatte
13,alles,aller,DET,nk,14,Volk
14,Volk,Volk,NOUN,sb,11,hatte
15,zu,zu,ADP,mo,11,hatte
16,Göthaborg,Göthaborg,PROPN,nk,15,zu
17,auf,auf,ADP,svp,11,hatte
18,der,der,DET,nk,19,Reede
19,Reede,Reede,NOUN,ROOT,19,Reede
20,versammelt,versammeln,VERB,oc,19,Reede
21,.,--,PUNCT,punct,19,Reede
22,Ein,ein,DET,nk,24,Ostindienfahrer
23,reicher,reich,ADJ,nk,24,Ostindienfahrer
24,Ostindienfahrer,Ostindienfahrer,NOUN,ROOT,24,Ostindienfahrer
25,",",--,PUNCT,punct,24,Ostindienfahrer
26,glücklich,glücklich,ADV,mo,27,heimgekehrt
27,heimgekehrt,heimkehren,VERB,par,24,Ostindienfahrer
28,aus,aus,ADP,mnr,24,Ostindienfahrer
29,dem,der,DET,nk,31,Lande
30,fernen,fern,ADJ,nk,31,Lande
31,Lande,Land,NOUN,da,33,lag
32,",",--,PUNCT,punct,33,lag
33,lag,liegen,VERB,ROOT,33,lag
34,im,in,ADP,mo,33,lag
35,Klippahafen,Klippahaf,NOUN,nk,34,im
36,vor,vor,ADP,mo,33,lag
37,Anker,Anker,NOUN,nk,36,vor
38,und,und,CCONJ,cd,33,lag
39,ließ,lassen,VERB,cj,38,und
40,die,der,DET,nk,42,Wimpel
41,langen,lang,ADJ,nk,42,Wimpel
42,Wimpel,Wimpel,PROPN,oa,39,ließ
43,",",--,PUNCT,punct,42,Wimpel
44,die,der,PRON,dep,33,lag
45,schwedischen,schwedisch,ADJ,nk,46,Flaggen
46,Flaggen,Flagge,NOUN,ROOT,46,Flaggen
47,",",--,PUNCT,punct,46,Flaggen
48,lustig,lustig,ADV,mo,49,hinauswehen
49,hinauswehen,hinauswehen,VERB,par,46,Flaggen
50,in,in,ADP,mo,49,hinauswehen
51,die,der,DET,nk,53,Luft
52,azurblaue,azurblau,ADJ,nk,53,Luft
53,Luft,Luft,NOUN,nk,50,in
54,",",--,PUNCT,punct,46,Flaggen
55,während,während,SCONJ,mnr,46,Flaggen
56,hunderte,Hundert,NOUN,ROOT,56,hunderte
57,von,von,ADP,pg,56,hunderte
58,Fahrzeugen,Fahrzeug,NOUN,nk,57,von
59,",",--,PUNCT,punct,58,Fahrzeugen
60,Booten,Boot,NOUN,cj,58,Fahrzeugen
61,",",--,PUNCT,punct,58,Fahrzeugen
62,Kähnen,Kähn,NOUN,cj,60,Booten
63,",",--,PUNCT,punct,56,hunderte
64,vollgepfropft,vollgepfropfen,VERB,par,56,hunderte
65,mit,mit,ADP,mo,64,vollgepfropft
66,jubelnden,jubelnd,ADJ,nk,67,Seeleuten
67,Seeleuten,Seeleute,NOUN,nk,65,mit
68,",",--,PUNCT,punct,56,hunderte
69,auf,auf,ADP,mo,78,schwammen
70,den,der,DET,nk,72,Wellen
71,spiegelblanken,spiegelblank,ADJ,nk,72,Wellen
72,Wellen,Welle,NOUN,nk,69,auf
73,der,der,DET,nk,74,Göthaelf
74,Göthaelf,Göthaelf,NOUN,ag,72,Wellen
75,hin,hin,ADV,mo,78,schwammen
76,und,und,CCONJ,cd,75,hin
77,her,her,ADV,cj,76,und
78,schwammen,Schwamme,VERB,ROOT,78,schwammen
79,und,und,CCONJ,cd,78,schwammen
80,die,der,DET,cj,79,und
81,Kanonen,Kanon,NOUN,sb,87,hinüberdonnerten
82,von,von,ADP,pg,81,Kanonen
83,Masthuggetorg,Masthuggetorg,PROPN,nk,82,von
84,ihre,ihr,DET,nk,86,Grüße
85,weithallenden,weithallend,ADJ,nk,86,Grüße
86,Grüße,Grüß,NOUN,oa,87,hinüberdonnerten
87,hinüberdonnerten,hinüberdonneren,VERB,ROOT,87,hinüberdonnerten
88,in,in,ADP,mo,87,hinüberdonnerten
89,das,der,DET,nk,88,in
90,weite,weit,ADJ,nk,91,Meer
91,Meer,Meer,NOUN,ROOT,91,Meer
92,.,--,PUNCT,punct,91,Meer
93,Die,der,DET,nk,94,Herren
94,Herren,Herr,NOUN,sb,99,wandelten
95,von,von,ADP,pg,94,Herren
96,der,der,DET,nk,98,Kompanie
97,ostindischen,ostindisch,ADJ,nk,98,Kompanie
98,Kompanie,Kompanie,NOUN,nk,95,von
99,wandelten,wandeln,VERB,ROOT,99,wandelten
100,am,an,ADP,mo,99,wandelten
101,Hafen,Hafen,NOUN,nk,100,am
102,auf,auf,ADP,svp,99,wandelten
103,und,und,CCONJ,cd,99,wandelten
104,ab,ab,ADP,ROOT,104,ab
105,und,und,CCONJ,ROOT,105,und
106,berechneten,berechnen,VERB,cj,105,und
107,mit,mit,ADP,mo,106,berechneten
108,lächelnden,lächelnd,ADJ,nk,109,Gesichtern
109,Gesichtern,Gesicht,NOUN,nk,107,mit
110,den,der,DET,nk,112,Gewinn
111,reichen,reich,ADJ,nk,112,Gewinn
112,Gewinn,Gewinn,NOUN,oa,106,berechneten
113,",",--,PUNCT,punct,112,Gewinn
114,der,der,PRON,ROOT,114,der
115,ihnen,ihnen,PRON,da,114,der
116,geworden,werden,AUX,ROOT,116,geworden
117,",",--,PUNCT,punct,116,geworden
118,und,und,CCONJ,cd,116,geworden
119,hatten,haben,AUX,cj,118,und
120,ihre,ihr,DET,nk,121,Herzensfreude
121,Herzensfreude,Herzensfreude,NOUN,oa,119,hatten
122,daran,daran,ADV,mo,119,hatten
123,",",--,PUNCT,punct,122,daran
124,wie,wie,SCONJ,cm,127,Unternehmen
125,ihr,ihr,DET,nk,127,Unternehmen
126,gewagtes,gewagt,ADJ,nk,127,Unternehmen
127,Unternehmen,Unternehmen,NOUN,cc,122,daran
128,nun,nun,ADV,mo,119,hatten
129,mit,mit,ADP,ROOT,129,mit
130,jedem,jeder,DET,nk,131,Jahr
131,Jahr,Jahr,NOUN,nk,129,mit
132,mehr,mehr,DET,mo,129,mit
133,und,und,CCONJ,cd,132,mehr
134,mehr,mehr,DET,nk,135,gedeihe
135,gedeihe,Gedeihe,NOUN,cj,133,und
136,und,und,CCONJ,cd,135,gedeihe
137,das,der,DET,nk,139,Göthaborg
138,gute,gut,ADJ,nk,139,Göthaborg
139,Göthaborg,Göthaborg,NOUN,cj,136,und
140,im,in,ADP,mnr,139,Göthaborg
141,schönsten,schön,ADV,nk,140,im
142,Handelsflor,Handelsflor,NOUN,ROOT,142,Handelsflor
143,immer,immer,ADV,mo,144,frischer
144,frischer,frisch,ADV,nk,147,emporblühe
145,und,und,CCONJ,cd,144,frischer
146,herrlicher,herrlich,ADV,cj,145,und
147,emporblühe,emporblühe,NOUN,ag,142,Handelsflor
148,.,--,PUNCT,punct,142,Handelsflor
149,Jeder,jeder,PRON,sb,150,sah
150,sah,sehen,VERB,ROOT,150,sah
151,auch,auch,ADV,mo,152,deshalb
152,deshalb,deshalb,ADV,mo,150,sah
153,die,der,DET,nk,155,Herrn
154,wackeren,wackeren,ADJ,nk,155,Herrn
155,Herrn,Herr,NOUN,ROOT,155,Herrn
156,mit,mit,ADP,mnr,155,Herrn
157,Lust,Lust,NOUN,nk,156,mit
158,und,und,CCONJ,cd,157,Lust
159,Vergnügen,Vergnüg,NOUN,cj,158,und
160,an,an,ADP,svp,155,Herrn
161,und,und,CCONJ,cd,155,Herrn
162,freute,freuen,VERB,cj,161,und
163,sich,sich,PRON,oa,162,freute
164,mit,mit,ADP,mo,162,freute
165,ihnen,ihnen,PRON,nk,164,mit
166,",",--,PUNCT,punct,155,Herrn
167,denn,denn,CCONJ,cd,155,Herrn
168,mit,mit,ADP,mo,171,kam
169,ihrem,ihr,DET,nk,170,Gewinn
170,Gewinn,Gewinn,NOUN,nk,168,mit
171,kam,kommen,VERB,ROOT,171,kam
172,ja,ja,ADV,mo,171,kam
173,Saft,Saft,NOUN,sb,171,kam
174,und,und,CCONJ,cd,173,Saft
175,Kraft,Kraft,NOUN,cj,174,und
176,in,in,ADP,mo,171,kam
177,das,der,DET,nk,179,Leben
178,rege,rege,ADJ,nk,179,Leben
179,Leben,Leben,NOUN,nk,176,in
180,der,der,DET,nk,182,Stadt
181,ganzen,ganz,ADJ,nk,182,Stadt
182,Stadt,Stadt,NOUN,ag,179,Leben
183,.,--,PUNCT,punct,171,kam
184,Die,der,DET,nk,185,Besatzung
185,Besatzung,Besatzung,NOUN,ROOT,185,Besatzung
186,des,der,DET,nk,187,Ostindienfahrers
187,Ostindienfahrers,Ostindienfahrer,NOUN,ag,185,Besatzung
188,",",--,PUNCT,punct,185,Besatzung
189,wohl,wohl,ADV,mo,190,an
190,an,an,ADP,mo,194,stark
191,die,der,DET,nk,193,Mann
192,hundertundfünfzig,hundertundfünfzig,DET,nk,193,Mann
193,Mann,Mann,NOUN,nk,190,an
194,stark,stark,ADV,par,185,Besatzung
195,",",--,PUNCT,punct,185,Besatzung
196,landete,landen,VERB,ROOT,196,landete
197,in,in,ADP,mo,196,landete
198,vielen,vieler,DET,nk,199,Booten
199,Booten,Boot,NOUN,nk,197,in
200,",",--,PUNCT,punct,199,Booten
201,die,der,PRON,sb,203,ausgerüstet
202,dazu,dazu,ADV,mo,203,ausgerüstet
203,ausgerüstet,ausrüsten,VERB,rc,199,Booten
204,",",--,PUNCT,punct,196,landete
205,und,und,CCONJ,cd,196,landete
206,schickte,schicken,VERB,cj,205,und
207,sich,sich,PRON,oa,206,schickte
208,an,an,ADP,mo,206,schickte
209,ihren,ihr,DET,nk,208,an
210,Hönsning,Hönsning,PROPN,oa,212,halten
211,zu,zu,PART,pm,212,halten
212,halten,halten,VERB,ROOT,212,halten
213,.,--,PUNCT,punct,212,halten
214,So,so,ADV,mo,215,ist
215,ist,sein,AUX,ROOT,215,ist
216,nämlich,nämlich,ADV,mo,215,ist
217,das,der,DET,nk,218,Fest
218,Fest,Fest,NOUN,sb,215,ist
219,geheißen,heißen,VERB,pd,215,ist
220,",",--,PUNCT,punct,219,geheißen
221,das,der,PRON,dep,215,ist
222,bei,bei,ADP,mnr,221,das
223,derlei,derlei,PRON,nk,222,bei
224,Gelegenheit,Gelegenheit,NOUN,sb,229,wird
225,von,von,ADP,mnr,224,Gelegenheit
226,der,der,DET,nk,227,Schiffsmannschaft
227,Schiffsmannschaft,Schiffsmannschaft,NOUN,nk,225,von
228,gefeiert,feiern,VERB,oc,229,wird
229,wird,werden,AUX,ROOT,229,wird
230,",",--,PUNCT,punct,229,wird
231,und,und,CCONJ,cd,229,wird
232,das,der,PRON,cj,231,und
233,oft,oft,ADV,mo,232,das
234,mehrere,mehrere,DET,nk,235,Tage
235,Tage,Tag,NOUN,pd,232,das
236,dauert,dauern,VERB,ROOT,236,dauert
237,.,--,PUNCT,punct,236,dauert
238,Spielleute,Spielleute,NOUN,sb,242,zogen
239,in,in,ADP,mnr,238,Spielleute
240,wunderlicher,wunderlich,ADJ,nk,241,Tracht
241,Tracht,Tracht,NOUN,nk,239,in
242,zogen,ziehen,VERB,ROOT,242,zogen
243,vorauf,vorauf,ADV,mo,242,zogen
244,mit,mit,ADP,mo,242,zogen
245,Geigen,Geige,NOUN,nk,244,mit
246,",",--,PUNCT,punct,245,Geigen
247,Pfeifen,Pfeife,NOUN,cj,245,Geigen
248,",",--,PUNCT,punct,242,zogen
249,Oboen,Oboen,NOUN,ROOT,249,Oboen
250,und,und,CCONJ,cd,249,Oboen
251,Trommeln,Trommel,NOUN,cj,250,und
252,",",--,PUNCT,punct,249,Oboen
253,die,der,PRON,sb,256,rührten
254,sie,sie,PRON,sb,256,rührten
255,wacker,Wacker,ADV,mo,256,rührten
256,rührten,rühren,VERB,rc,249,Oboen
257,",",--,PUNCT,punct,256,rührten
258,während,während,SCONJ,cp,261,lustige
259,andere,anderer,PRON,nk,261,lustige
260,allerlei,allerlei,DET,mo,261,lustige
261,lustige,lustig,ADJ,ROOT,261,lustige
262,Lieder,Lied,NOUN,oa,264,absangen
263,dazu,dazu,ADV,mo,264,absangen
264,absangen,absangen,VERB,ROOT,264,absangen
265,.,--,PUNCT,punct,264,absangen
266,Ihnen,ihnen,PRON,da,267,folgten
267,folgten,folgen,VERB,ROOT,267,folgten
268,die,der,DET,nk,269,Matrosen
269,Matrosen,Matrose,NOUN,sb,267,folgten
270,zu,zu,ADP,mo,267,folgten
271,Paar,Paar,NOUN,nk,270,zu
272,und,und,CCONJ,cd,271,Paar
273,Paar,Paar,NOUN,cj,272,und
274,.,--,PUNCT,punct,267,folgten
275,Einige,einiger,PRON,ROOT,275,Einige
276,mit,mit,ADP,mnr,275,Einige
277,buntbebänderten,buntbebändert,VERB,nk,278,Jacken
278,Jacken,Jacke,NOUN,da,281,schwangen
279,und,und,CCONJ,cd,278,Jacken
280,Hüten,Hüt,NOUN,cj,279,und
281,schwangen,schwang,VERB,ROOT,281,schwangen
282,flatternde,flatternd,ADJ,nk,283,Wimpel
283,Wimpel,Wimpel,PROPN,oa,281,schwangen
284,",",--,PUNCT,punct,281,schwangen
285,andere,anderer,PRON,sb,286,tanzten
286,tanzten,tanzen,VERB,cj,281,schwangen
287,und,und,CCONJ,ROOT,287,und
288,sprangen,sprangen,VERB,cj,287,und
289,",",--,PUNCT,punct,288,sprangen
290,und,und,CCONJ,cd,288,sprangen
291,alle,aller,DET,nk,292,jauchzten
292,jauchzten,Jauchzt,NOUN,cj,290,und
293,und,und,CCONJ,cd,292,jauchzten
294,jubelten,jubeln,VERB,cj,293,und
295,",",--,PUNCT,punct,294,jubelten
296,daß,daß,SCONJ,cp,299,Getöse
297,das,der,DET,nk,299,Getöse
298,helle,hell,ADJ,nk,299,Getöse
299,Getöse,Getöse,NOUN,oc,294,jubelten
300,weit,weit,ADV,mo,301,in
301,in,in,ADP,mnr,299,Getöse
302,den,der,DET,nk,301,in
303,Lüften,lüften,NOUN,oa,304,erhallte
304,erhallte,erhallten,VERB,ROOT,304,erhallte
305,.,--,PUNCT,punct,304,erhallte
306,So,so,ADV,mo,307,ging
307,ging,gehen,VERB,ROOT,307,ging
308,der,der,DET,nk,310,Zug
309,fröhliche,fröhlich,ADJ,nk,310,Zug
310,Zug,Zug,NOUN,sb,307,ging
311,fort,fort,ADV,svp,307,ging
312,über,über,ADP,op,307,ging
313,die,der,DET,nk,314,Werfte
314,Werfte,Werfte,NOUN,nk,312,über
315,–,--,PUNCT,punct,314,Werfte
316,durch,durch,ADP,mnr,314,Werfte
317,die,der,DET,nk,318,Vorstädte
318,Vorstädte,Vorstädte,NOUN,nk,316,durch
319,bis,bis,ADP,ac,320,nach
320,nach,nach,ADP,mo,307,ging
321,der,der,DET,nk,322,Hagavorstadt
322,Hagavorstadt,Hagavorstadt,NOUN,ROOT,322,Hagavorstadt
323,",",--,PUNCT,punct,322,Hagavorstadt
324,wo,wo,SCONJ,mo,329,geschmaust
325,in,in,ADP,mo,329,geschmaust
326,einem,ein,DET,nk,327,Gästgifvaregard
327,Gästgifvaregard,Gästgifvaregard,NOUN,nk,325,in
328,tapfer,tapf,ADV,mo,329,geschmaust
329,geschmaust,Geschmaust,NOUN,ROOT,329,geschmaust
330,und,und,CCONJ,cd,329,geschmaust
331,gezecht,zechen,VERB,cj,330,und
332,werden,werden,AUX,oc,333,sollte
333,sollte,sollen,AUX,ROOT,333,sollte
334,.,--,PUNCT,punct,333,sollte
335,Da,da,ADV,mo,336,floß
336,floß,fließen,VERB,mo,349,geleert
337,nun,nun,ADV,mo,336,floß
338,das,der,DET,nk,340,Öl
339,schönste,schön,ADJ,nk,340,Öl
340,Öl,Öl,NOUN,sb,336,floß
341,in,in,ADP,mnr,340,Öl
342,Strömen,Strom,NOUN,nk,341,in
343,",",--,PUNCT,punct,336,floß
344,und,und,CCONJ,cd,336,floß
345,Bumper,Bumper,PROPN,cj,344,und
346,auf,auf,ADP,mo,336,floß
347,Bumper,Bumper,PROPN,nk,346,auf
348,wurde,werden,AUX,ROOT,348,wurde
349,geleert,leern,VERB,oc,348,wurde
350,.,--,PUNCT,punct,348,wurde
351,Wie,wie,SCONJ,cm,359,heimkehren
352,es,es,PRON,par,359,heimkehren
353,denn,denn,ADV,mo,359,heimkehren
354,nun,nun,ADV,mo,353,denn
355,bei,bei,ADP,mo,354,nun
356,Seeleuten,Seeleute,NOUN,nk,355,bei
357,",",--,PUNCT,punct,355,bei
358,die,der,DET,nk,359,heimkehren
359,heimkehren,heimkehren,NOUN,ROOT,359,heimkehren
360,von,von,ADP,pg,359,heimkehren
361,weiter,weit,ADJ,nk,362,Reise
362,Reise,Reise,NOUN,nk,360,von
363,",",--,PUNCT,punct,359,heimkehren
364,nicht,nicht,PART,ng,365,anders
365,anders,anders,ADV,mo,359,heimkehren
366,der,der,DET,nk,367,Fall
367,Fall,Fall,NOUN,pd,368,ist
368,ist,sein,AUX,ROOT,368,ist
369,",",--,PUNCT,punct,368,ist
370,allerlei,allerlei,DET,nk,372,Dirnen
371,schmucke,schmuck,ADJ,nk,372,Dirnen
372,Dirnen,Dirn,NOUN,sb,373,gesellten
373,gesellten,gesellen,VERB,sb,368,ist
374,sich,sich,PRON,oa,373,gesellten
375,alsbald,alsbald,ADV,mo,373,gesellten
376,zu,zu,ADP,mo,373,gesellten
377,ihnen,ihnen,PRON,nk,376,zu
378,",",--,PUNCT,punct,377,ihnen
379,der,der,PRON,pd,368,ist
380,Tanz,Tanz,NOUN,sb,381,begann
381,begann,beginnen,VERB,ROOT,381,begann
382,",",--,PUNCT,punct,381,begann
383,und,und,CCONJ,cd,381,begann
384,wilder,wild,ADJ,mo,387,wurde
385,und,und,CCONJ,cd,384,wilder
386,wilder,wild,ADJ,cj,385,und
387,wurde,werden,AUX,cj,383,und
388,die,der,DET,nk,389,Lust
389,Lust,Lust,NOUN,sb,387,wurde
390,und,und,CCONJ,cd,389,Lust
391,lauter,lauter,PRON,cj,390,und
392,und,und,CCONJ,cd,391,lauter
393,toller,tolle,NOUN,cj,392,und
394,der,der,DET,ROOT,394,der
395,Jubel,Jubel,NOUN,ROOT,395,Jubel
396,.,--,PUNCT,punct,395,Jubel
397,Nur,nur,ADV,mo,400,Seemann
398,ein,ein,DET,nk,400,Seemann
399,einziger,einzig,ADJ,nk,400,Seemann
400,Seemann,Seemann,NOUN,ROOT,400,Seemann
401,",",--,PUNCT,punct,400,Seemann
402,ein,ein,DET,nk,405,Mensch
403,schlanker,schlank,ADJ,mo,404,hübscher
404,hübscher,hübsch,ADJ,nk,405,Mensch
405,Mensch,Mensch,NOUN,app,400,Seemann
406,",",--,PUNCT,punct,405,Mensch
407,kaum,kaum,ADV,mo,408,mocht
408,mocht,Mocht,VERB,par,400,Seemann
409,',--,PUNCT,punct,400,Seemann
410,er,er,PRON,sb,400,Seemann
411,zwanzig,zwanzig,NUM,nk,400,Seemann
412,Jahr,Jahr,NOUN,mo,413,alt
413,alt,alt,ADV,pd,414,sein
414,sein,sein,AUX,sb,416,hatte
415,",",--,PUNCT,punct,416,hatte
416,hatte,haben,AUX,ROOT,416,hatte
417,sich,sich,PRON,oa,418,fortgeschlichen
418,fortgeschlichen,fortgeschlichen,VERB,oc,416,hatte
419,aus,aus,ADP,mo,418,fortgeschlichen
420,dem,der,DET,nk,421,Getümmel
421,Getümmel,Getümmel,NOUN,nk,419,aus
422,und,und,CCONJ,cd,419,aus
423,draußen,draußen,ADV,mo,424,einsam
424,einsam,einsam,ADV,cj,422,und
425,hingesetzt,hingesetzen,VERB,ROOT,425,hingesetzt
426,auf,auf,ADP,mo,425,hingesetzt
427,die,der,DET,nk,428,Bank
428,Bank,Bank,NOUN,nk,426,auf
429,",",--,PUNCT,punct,428,Bank
430,die,der,PRON,sb,436,stand
431,neben,neben,ADP,mo,436,stand
432,der,der,DET,nk,433,Tür
433,Tür,Tür,NOUN,nk,431,neben
434,des,der,DET,nk,435,Schenkhauses
435,Schenkhauses,Schenkhaus,NOUN,ag,433,Tür
436,stand,stehen,VERB,rc,428,Bank
437,.,--,PUNCT,punct,425,hingesetzt
438,Ein,ein,DET,nk,439,paar
439,paar,paar,DET,nk,440,Matrosen
440,Matrosen,Matrose,NOUN,sb,441,traten
441,traten,treten,VERB,ROOT,441,traten
442,zu,zu,ADP,mo,441,traten
443,ihm,ihm,PRON,nk,442,zu
444,",",--,PUNCT,punct,441,traten
445,und,und,CCONJ,cd,441,traten
446,einer,einer,PRON,sb,449,rief
447,von,von,ADP,pg,446,einer
448,ihnen,ihnen,PRON,nk,447,von
449,rief,rufen,VERB,cj,445,und
450,laut,laut,ADV,mo,449,rief
451,auflachend,auflachend,ADV,mo,449,rief
452,:,--,PUNCT,punct,449,rief
453,»,--,PUNCT,punct,455,Fröbom
454,Elis,Elis,PROPN,pnc,455,Fröbom
455,Fröbom,Fröbom,PROPN,dep,462,Bist
456,!,--,PUNCT,punct,455,Fröbom
457,–,--,PUNCT,punct,459,Fröbom
458,Elis,Elis,PROPN,pnc,459,Fröbom
459,Fröbom,Fröbom,PROPN,cj,455,Fröbom
460,!,--,PUNCT,punct,455,Fröbom
461,–,--,PUNCT,punct,462,Bist
462,Bist,Bist,AUX,ROOT,462,Bist
463,du,du,PRON,sb,462,Bist
464,mal,mal,ADV,mo,462,Bist
465,wieder,wieder,ADV,mo,462,Bist
466,ein,ein,DET,nk,469,Narr
467,recht,recht,ADV,mo,468,trauriger
468,trauriger,trauriger,ADJ,nk,469,Narr
469,Narr,Narr,NOUN,pd,462,Bist
470,worden,werden,AUX,ROOT,470,worden
471,und,und,CCONJ,cd,470,worden
472,vertrödelst,vertrödelsen,VERB,cj,471,und
473,die,der,DET,nk,475,Zeit
474,schönste,schön,ADJ,nk,475,Zeit
475,Zeit,Zeit,NOUN,oa,472,vertrödelst
476,mit,mit,ADP,mnr,475,Zeit
477,dummen,dumm,ADJ,nk,478,Gedanken
478,Gedanken,Gedanke,NOUN,nk,476,mit
479,?,--,PUNCT,punct,470,worden
480,–,--,PUNCT,punct,481,Hör
481,Hör,Hör,NOUN,ROOT,481,Hör
482,',--,PUNCT,punct,481,Hör
483,",",--,PUNCT,punct,482,'
484,Elis,Elis,PROPN,cj,482,'
485,",",--,PUNCT,punct,481,Hör
486,wenn,wenn,SCONJ,cp,491,wegbleibst
487,du,du,PRON,sb,491,wegbleibst
488,von,von,ADP,mo,491,wegbleibst
489,unserm,unserm,ADJ,nk,490,Hönsning
490,Hönsning,Hönsning,PROPN,nk,488,von
491,wegbleibst,wegbleibst,ADV,mo,494,bleib
492,",",--,PUNCT,punct,493,so
493,so,so,ADV,mo,494,bleib
494,bleib,Bleib,PROPN,ROOT,494,bleib
495,lieber,lieber,ADV,mo,494,bleib
496,auch,auch,ADV,mo,498,weg
497,ganz,ganz,ADV,mo,498,weg
498,weg,weg,ADV,mo,494,bleib
499,vom,von,ADP,mnr,498,weg
500,Schiff,Schiff,NOUN,ROOT,500,Schiff
501,!,--,PUNCT,punct,500,Schiff
502,Ein,ein,DET,nk,505,Seemann
503,ordentlicher,ordentlich,ADJ,nk,505,Seemann
504,tüchtiger,Tüchtiger,ADJ,nk,505,Seemann
505,Seemann,Seemann,NOUN,sb,506,wird
506,wird,werden,AUX,ROOT,506,wird
507,doch,doch,ADV,mo,506,wird
508,so,so,ADV,mo,506,wird
509,aus,aus,ADP,mo,506,wird
510,dir,dir,PRON,nk,509,aus
511,niemals,niemals,ADV,mo,512,werden
512,werden,werden,AUX,oc,506,wird
513,.,--,PUNCT,punct,506,wird
514,Mut,Mut,NOUN,oa,515,hast
515,hast,haben,AUX,ROOT,515,hast
516,du,du,PRON,sb,515,hast
517,zwar,zwar,ADV,mo,515,hast
518,genug,genug,PRON,mo,515,hast
519,",",--,PUNCT,punct,515,hast
520,und,und,CCONJ,cd,515,hast
521,tapfer,tapf,ADV,mo,522,bist
522,bist,sein,AUX,cj,520,und
523,du,du,PRON,sb,522,bist
524,auch,auch,ADV,mo,525,in
525,in,in,ADP,mo,522,bist
526,der,der,DET,nk,527,Gefahr
527,Gefahr,Gefahr,NOUN,nk,525,in
528,",",--,PUNCT,punct,522,bist
529,aber,aber,CCONJ,cd,522,bist
530,saufen,saufen,VERB,cj,529,aber
531,kannst,Kannst,VERB,ROOT,531,kannst
532,du,du,PRON,sb,531,kannst
533,gar,gar,ADV,mo,534,nicht
534,nicht,nicht,PART,ng,531,kannst
535,und,und,CCONJ,cd,531,kannst
536,behälst,behäln,VERB,cj,535,und
537,lieber,lieber,ADV,mo,536,behälst
538,die,der,DET,nk,539,Dukaten
539,Dukaten,Dukat,NOUN,oa,536,behälst
540,in,in,ADP,mnr,539,Dukaten
541,der,der,DET,nk,542,Tasche
542,Tasche,Tasche,NOUN,nk,540,in
543,",",--,PUNCT,punct,536,behälst
544,als,als,SCONJ,mo,531,kannst
545,sie,sie,PRON,dep,531,kannst
546,hier,hier,ADV,mo,531,kannst
547,gastlich,gastlich,ADV,mo,550,zuzuwerfen
548,den,der,DET,nk,549,Landratzen
549,Landratzen,Landratz,NOUN,da,550,zuzuwerfen
550,zuzuwerfen,zuzuwerfen,VERB,ROOT,550,zuzuwerfen
551,.,--,PUNCT,punct,550,zuzuwerfen
552,–,--,PUNCT,punct,553,Trink
553,Trink,Trink,NOUN,ROOT,553,Trink
554,",",--,PUNCT,punct,553,Trink
555,Bursche,Bursche,NOUN,cj,553,Trink
556,!,--,PUNCT,punct,553,Trink
557,oder,oder,CCONJ,cd,553,Trink
558,der,der,DET,nk,559,Seeteufel
559,Seeteufel,Seeteufel,NOUN,cj,557,oder
560,Näcken,Näck,NOUN,cj,555,Bursche
561,–,--,PUNCT,punct,565,soll
562,der,der,DET,nk,564,Troll
563,ganze,ganz,ADJ,nk,564,Troll
564,Troll,Troll,NOUN,sb,565,soll
565,soll,sollen,AUX,ROOT,565,soll
566,dir,dir,PRON,sb,565,soll
567,über,über,ADP,mo,570,kommen
568,den,der,DET,nk,569,Hals
569,Hals,Hals,NOUN,nk,567,über
570,kommen,kommen,VERB,oc,565,soll
571,!,--,PUNCT,punct,565,soll
572,«,--,PUNCT,punct,565,soll
573,Elis,Elis,PROPN,ROOT,573,Elis
574,Fröbom,Fröbom,PROPN,sb,575,sprang
575,sprang,springen,VERB,ROOT,575,sprang
576,hastig,hastig,ADV,mo,575,sprang
577,von,von,ADP,mo,575,sprang
578,der,der,DET,nk,579,Bank
579,Bank,Bank,NOUN,nk,577,von
580,auf,auf,ADP,svp,575,sprang
581,",",--,PUNCT,punct,575,sprang
582,schaute,schauen,VERB,cj,575,sprang
583,den,der,DET,nk,584,Matrosen
584,Matrosen,Matrose,NOUN,oa,582,schaute
585,an,an,ADP,svp,582,schaute
586,mit,mit,ADP,svp,582,schaute
587,glühendem,glühend,ADJ,nk,588,Blick
588,Blick,Blick,NOUN,sb,590,nahm
589,",",--,PUNCT,punct,590,nahm
590,nahm,nehmen,VERB,ROOT,590,nahm
591,den,der,DET,nk,599,Becher
592,mit,mit,ADP,mo,598,gefüllten
593,Branntwein,Branntwein,NOUN,nk,592,mit
594,bis,bis,ADP,ac,595,an
595,an,an,ADP,mo,598,gefüllten
596,den,der,DET,nk,597,Rand
597,Rand,Rand,NOUN,nk,595,an
598,gefüllten,gefüllt,ADJ,nk,599,Becher
599,Becher,Becher,NOUN,oa,590,nahm
600,und,und,CCONJ,cd,599,Becher
601,leerte,leeren,VERB,ROOT,601,leerte
602,ihn,ihn,PRON,oa,601,leerte
603,mit,mit,ADP,mo,601,leerte
604,einem,ein,DET,nk,605,Zuge
605,Zuge,Zug,NOUN,nk,603,mit
606,.,--,PUNCT,punct,601,leerte
607,Dann,dann,ADV,mo,608,sprach
608,sprach,sprechen,VERB,ROOT,608,sprach
609,er,er,PRON,sb,608,sprach
610,:,--,PUNCT,punct,608,sprach
611,»,--,PUNCT,punct,613,siehst
612,Du,du,PRON,sb,613,siehst
613,siehst,siehen,VERB,mo,608,sprach
614,",",--,PUNCT,punct,613,siehst
615,Joens,joens,PROPN,mo,613,siehst
616,",",--,PUNCT,punct,613,siehst
617,daß,daß,SCONJ,cp,619,saufen
618,ich,ich,PRON,sb,619,saufen
619,saufen,saufen,VERB,oc,613,siehst
620,kann,können,AUX,mo,634,mag
621,wie,wie,ADP,cm,622,einer
622,einer,einer,PRON,mo,620,kann
623,von,von,ADP,pg,622,einer
624,euch,euch,PRON,nk,623,von
625,",",--,PUNCT,punct,620,kann
626,und,und,CCONJ,cd,620,kann
627,ob,ob,SCONJ,cp,632,bin
628,ich,ich,PRON,sb,632,bin
629,ein,ein,DET,nk,631,Seemann
630,tüchtiger,tüchtig,ADJ,nk,631,Seemann
631,Seemann,Seemann,NOUN,pd,632,bin
632,bin,sein,AUX,cj,626,und
633,",",--,PUNCT,punct,634,mag
634,mag,mögen,AUX,ROOT,634,mag
635,der,der,DET,nk,636,Kapitän
636,Kapitän,Kapitän,NOUN,sb,634,mag
637,entscheiden,entscheiden,VERB,ROOT,637,entscheiden
638,.,--,PUNCT,punct,637,entscheiden
639,Aber,aber,CCONJ,ju,641,halt
640,nun,nun,ADV,mo,641,halt
641,halt,halt,ADV,ROOT,641,halt
642,',--,PUNCT,punct,641,halt
643,dein,dein,DET,nk,644,Lästermaul
644,Lästermaul,Lästermaul,NOUN,sb,641,halt
645,und,und,CCONJ,cd,644,Lästermaul
646,schier,schier,ADV,cj,645,und
647,',--,PUNCT,punct,641,halt
648,dich,dich,PRON,mo,641,halt
649,fort,fort,ADV,svp,641,halt
650,!,--,PUNCT,punct,641,halt
651,–,--,PUNCT,punct,653,ist
652,Mir,mir,PRON,da,653,ist
653,ist,sein,AUX,ROOT,653,ist
654,eure,eur,DET,nk,656,Tollheit
655,wilde,wild,ADJ,nk,656,Tollheit
656,Tollheit,Tollheit,NOUN,ROOT,656,Tollheit
657,zuwider,zuwider,ADV,pd,656,Tollheit
658,.,--,PUNCT,punct,656,Tollheit
659,Was,was,PRON,oa,663,treibe
660,ich,ich,PRON,sb,663,treibe
661,hier,hier,ADV,mo,663,treibe
662,draußen,draußen,ADV,mo,663,treibe
663,treibe,treiben,VERB,sb,665,geht
664,",",--,PUNCT,punct,665,geht
665,geht,gehen,VERB,ROOT,665,geht
666,dich,dich,PRON,da,665,geht
667,nichts,nichts,PRON,sb,665,geht
668,an,an,ADP,svp,665,geht
669,!,--,PUNCT,punct,665,geht
670,«,--,PUNCT,punct,665,geht
671,»,--,PUNCT,punct,677,erwiderte
672,Nun,nun,ADV,mo,677,erwiderte
673,",",--,PUNCT,punct,674,nun
674,nun,nun,ADV,mo,677,erwiderte
675,«,--,PUNCT,punct,677,erwiderte
676,",",--,PUNCT,punct,677,erwiderte
677,erwiderte,erwidern,VERB,ROOT,677,erwiderte
678,Joens,Joen,PROPN,sb,677,erwiderte
679,",",--,PUNCT,punct,677,erwiderte
680,»,--,PUNCT,punct,682,weiß
681,ich,ich,PRON,sb,682,weiß
682,weiß,wissen,VERB,oc,677,erwiderte
683,es,es,PRON,oa,682,weiß
684,ja,ja,ADV,mo,682,weiß
685,",",--,PUNCT,punct,682,weiß
686,du,du,PRON,sb,687,bist
687,bist,sein,AUX,oc,682,weiß
688,ein,ein,DET,nk,689,Neriker
689,Neriker,Neriker,NOUN,pd,687,bist
690,von,von,ADP,pg,689,Neriker
691,Geburt,Geburt,PROPN,nk,690,von
692,",",--,PUNCT,punct,682,weiß
693,und,und,CCONJ,ju,695,sind
694,die,der,PRON,sb,695,sind
695,sind,sein,AUX,ROOT,695,sind
696,alle,aller,DET,nk,697,trübe
697,trübe,Trüb,ADV,pd,695,sind
698,und,und,CCONJ,cd,697,trübe
699,traurig,traurig,ADV,cj,698,und
700,und,und,CCONJ,cd,695,sind
701,haben,haben,VERB,cj,700,und
702,keine,kein,DET,nk,704,Lust
703,rechte,recht,ADJ,nk,704,Lust
704,Lust,Lust,NOUN,oa,706,wackern
705,am,an,ADP,pm,706,wackern
706,wackern,wackern,VERB,oc,701,haben
707,Seemannsleben,Seemannslebe,NOUN,ROOT,707,Seemannsleben
708,!,--,PUNCT,punct,707,Seemannsleben
709,–,--,PUNCT,punct,710,Wart
710,Wart,Wart,NOUN,cj,714,Elis
711,',--,PUNCT,punct,710,Wart
712,nur,nur,ADV,mo,707,Seemannsleben
713,",",--,PUNCT,punct,712,nur
714,Elis,Elis,PROPN,cj,712,nur
715,",",--,PUNCT,punct,707,Seemannsleben
716,ich,ich,PRON,sb,717,werde
717,werde,werden,AUX,cj,714,Elis
718,dir,dir,PRON,oa,720,herausschicken
719,jemand,jemand,PRON,oa,720,herausschicken
720,herausschicken,herausschicken,VERB,oc,717,werde
721,",",--,PUNCT,punct,707,Seemannsleben
722,du,du,PRON,sb,707,Seemannsleben
723,sollst,sollen,AUX,ROOT,723,sollst
724,bald,bald,ADV,mo,723,sollst
725,weggebracht,Weggebracht,VERB,oc,726,werden
726,werden,werden,AUX,oc,723,sollst
727,von,von,ADP,sbp,725,weggebracht
728,der,der,DET,nk,730,Bank
729,verhexten,verhext,ADJ,nk,730,Bank
730,Bank,Bank,NOUN,nk,727,von
731,",",--,PUNCT,punct,730,Bank
732,an,an,ADP,mo,736,Näcken
733,die,der,PRON,nk,732,an
734,dich,dich,PRON,mo,732,an
735,der,der,DET,nk,736,Näcken
736,Näcken,Näcken,NOUN,par,723,sollst
737,genagelt,nageln,VERB,oc,738,hat
738,hat,haben,AUX,ROOT,738,hat
739,.,--,PUNCT,punct,738,hat
740,«,--,PUNCT,ROOT,740,«
741,Nicht,nicht,PART,ng,742,lange
742,lange,lange,ADV,mo,743,dauerte
743,dauerte,dauern,VERB,ROOT,743,dauerte
744,es,es,PRON,sb,743,dauerte
745,",",--,PUNCT,punct,743,dauerte
746,so,so,ADV,mo,747,trat
747,trat,treten,VERB,cj,743,dauerte
748,ein,ein,DET,nk,752,Mädchen
749,gar,gar,ADV,mo,750,feines
750,feines,fein,ADJ,nk,752,Mädchen
751,schmuckes,schmuck,ADJ,nk,752,Mädchen
752,Mädchen,Mädchen,NOUN,sb,747,trat
753,aus,aus,ADP,mnr,752,Mädchen
754,der,der,DET,nk,755,Tür
755,Tür,Tür,NOUN,nk,753,aus
756,des,der,DET,nk,757,Gästgifvaregard
757,Gästgifvaregard,Gästgifvaregard,NOUN,ROOT,757,Gästgifvaregard
758,und,und,CCONJ,ROOT,758,und
759,setzte,setzen,VERB,cj,758,und
760,sich,sich,PRON,oa,759,setzte
761,hin,hin,ADV,mo,759,setzte
762,neben,neben,ADP,mo,759,setzte
763,dem,der,DET,nk,765,Elis
764,trübsinnigen,trübsinnig,ADJ,nk,765,Elis
765,Elis,Elis,NOUN,nk,762,neben
766,",",--,PUNCT,punct,765,Elis
767,der,der,PRON,da,759,setzte
768,sich,sich,PRON,oa,759,setzte
769,wieder,wieder,ADV,ROOT,769,wieder
770,",",--,PUNCT,punct,771,verstummt
771,verstummt,verstummen,VERB,cj,769,wieder
772,und,und,CCONJ,cd,771,verstummt
773,in,in,ADP,mo,775,gekehrt
774,sich,sich,PRON,nk,773,in
775,gekehrt,kehren,VERB,cj,772,und
776,",",--,PUNCT,punct,775,gekehrt
777,auf,auf,ADP,mo,780,niedergelassen
778,die,der,DET,nk,779,Bank
779,Bank,Bank,NOUN,nk,777,auf
780,niedergelassen,niederlassen,VERB,oc,781,hatte
781,hatte,haben,AUX,rc,769,wieder
782,.,--,PUNCT,punct,769,wieder
783,Man,man,PRON,ROOT,783,Man
784,sah,sehen,VERB,ROOT,784,sah
785,es,es,PRON,ep,784,sah
786,dem,der,DET,nk,787,Putz
787,Putz,Putz,NOUN,da,784,sah
788,",",--,PUNCT,punct,787,Putz
789,dem,der,DET,nk,791,Wesen
790,ganzen,ganz,ADJ,nk,791,Wesen
791,Wesen,Wesen,NOUN,da,784,sah
792,der,der,DET,nk,793,Dirne
793,Dirne,Dirn,NOUN,ag,791,Wesen
794,wohl,wohl,ADV,mo,784,sah
795,an,an,ADP,svp,784,sah
796,",",--,PUNCT,punct,784,sah
797,daß,daß,SCONJ,cp,801,böser
798,sie,sie,PRON,sb,801,böser
799,sich,sich,PRON,oa,801,böser
800,leider,leider,ADV,mo,801,böser
801,böser,böse,ADV,re,784,sah
802,Lust,Lust,NOUN,oa,803,geopfert
803,geopfert,opfern,VERB,ROOT,803,geopfert
804,",",--,PUNCT,punct,803,geopfert
805,aber,aber,CCONJ,cd,803,geopfert
806,noch,noch,ADV,mo,814,Macht
807,hatte,haben,AUX,cj,805,aber
808,das,der,DET,nk,810,Leben
809,wilde,wild,ADJ,nk,810,Leben
810,Leben,Leben,NOUN,sb,807,hatte
811,nicht,nicht,PART,ng,807,hatte
812,seine,sein,DET,nk,814,Macht
813,zerstörende,zerstörend,ADJ,nk,814,Macht
814,Macht,Macht,NOUN,oc,807,hatte
815,geübt,üben,VERB,ROOT,815,geübt
816,an,an,ADP,mo,815,geübt
817,den,der,DET,nk,820,Zügen
818,wunderlieblichen,wunderlieblich,ADJ,nk,820,Zügen
819,sanften,sanft,ADJ,nk,820,Zügen
820,Zügen,Züg,NOUN,nk,816,an
821,ihres,ihr,DET,nk,823,Anlitzes
822,holden,hold,ADJ,nk,823,Anlitzes
823,Anlitzes,Anlitz,NOUN,ag,820,Zügen
824,.,--,PUNCT,punct,815,geübt
825,Keine,kein,DET,nk,826,Spur
826,Spur,Spur,NOUN,ROOT,826,Spur
827,von,von,ADP,ROOT,827,von
828,zurückstoßender,zurückstoßend,ADJ,nk,829,Frechheit
829,Frechheit,Frechheit,NOUN,nk,827,von
830,",",--,PUNCT,punct,827,von
831,nein,nein,PART,dm,837,lag
832,",",--,PUNCT,punct,837,lag
833,eine,ein,DET,nk,836,Trauer
834,stille,still,ADJ,nk,836,Trauer
835,sehnsüchtige,sehnsüchtig,ADJ,nk,836,Trauer
836,Trauer,Trauer,NOUN,sb,837,lag
837,lag,liegen,VERB,cj,827,von
838,in,in,ADP,mo,837,lag
839,dem,der,DET,nk,838,in
840,Blick,Blick,NOUN,ROOT,840,Blick
841,der,der,DET,nk,843,Augen
842,dunklen,dunkel,ADJ,nk,843,Augen
843,Augen,Auge,NOUN,ag,840,Blick
844,.,--,PUNCT,punct,840,Blick
845,»,--,PUNCT,punct,846,Elis
846,Elis,elis,NOUN,rs,848,wollt
847,!,--,PUNCT,punct,848,wollt
848,wollt,wollt,VERB,ROOT,848,wollt
849,Ihr,ihr,PRON,sb,848,wollt
850,denn,denn,ADV,mo,848,wollt
851,gar,gar,ADV,mo,852,keinen
852,keinen,kein,DET,nk,853,Teil
853,Teil,Teil,NOUN,oa,854,nehmen
854,nehmen,nehmen,VERB,oc,848,wollt
855,an,an,ADP,mo,854,nehmen
856,der,der,DET,nk,857,Freude
857,Freude,Freude,NOUN,nk,855,an
858,Eurer,Eurer,DET,nk,859,Kameraden
859,Kameraden,Kamerad,NOUN,ag,857,Freude
860,?,--,PUNCT,punct,848,wollt
861,–,--,PUNCT,ROOT,861,–
862,Regt,Regt,VERB,ROOT,862,Regt
863,sich,sich,PRON,oa,862,Regt
864,denn,denn,ADV,mo,862,Regt
865,gar,gar,ADV,mo,866,keine
866,keine,kein,DET,nk,867,Lust
867,Lust,Lust,NOUN,sb,862,Regt
868,in,in,ADP,mo,862,Regt
869,Euch,euch,PRON,nk,868,in
870,",",--,PUNCT,punct,862,Regt
871,da,da,SCONJ,cp,874,heimgekommen
872,Ihr,ihr,PRON,sb,874,heimgekommen
873,wieder,wieder,ADV,mo,874,heimgekommen
874,heimgekommen,heimgekommen,VERB,mo,862,Regt
875,und,und,CCONJ,cd,874,heimgekommen
876,",",--,PUNCT,punct,874,heimgekommen
877,der,der,PRON,dep,862,Regt
878,bedrohlichen,bedrohlich,ADJ,nk,879,Gefahr
879,Gefahr,Gefahr,NOUN,da,883,entronnen
880,der,der,DET,nk,882,Meereswellen
881,trügerischen,trügerisch,ADJ,nk,882,Meereswellen
882,Meereswellen,Meereswelle,NOUN,ag,879,Gefahr
883,entronnen,entronnen,VERB,ROOT,883,entronnen
884,",",--,PUNCT,punct,883,entronnen
885,nun,nun,ADV,mo,886,wieder
886,wieder,wieder,ADV,mo,883,entronnen
887,auf,auf,ADP,svp,883,entronnen
888,vaterländischem,vaterländisch,ADJ,nk,889,Boden
889,Boden,Boden,NOUN,sb,890,steht
890,steht,stehen,VERB,ROOT,890,steht
891,?,--,PUNCT,punct,890,steht
892,«,--,PUNCT,punct,890,steht
893,So,so,ADV,mo,894,sprach
894,sprach,sprechen,VERB,ROOT,894,sprach
895,die,der,DET,nk,896,Dirne
896,Dirne,Dirn,NOUN,sb,894,sprach
897,mit,mit,ADP,mo,894,sprach
898,leiser,leise,ADJ,nk,901,Stimme
899,",",--,PUNCT,punct,898,leiser
900,sanfter,sanft,ADJ,cj,898,leiser
901,Stimme,Stimme,NOUN,nk,897,mit
902,",",--,PUNCT,punct,894,sprach
903,indem,indem,SCONJ,cp,906,Arm
904,sie,sie,PRON,sb,906,Arm
905,den,der,DET,nk,906,Arm
906,Arm,Arm,NOUN,mo,894,sprach
907,um,um,ADP,mnr,906,Arm
908,den,der,DET,nk,907,um
909,Jüngling,Jüngling,NOUN,oa,910,schlang
910,schlang,schlingen,VERB,ROOT,910,schlang
911,.,--,PUNCT,punct,910,schlang
912,Elis,Elis,PROPN,pnc,913,Fröbom
913,Fröbom,Fröbom,PROPN,sb,921,schaute
914,",",--,PUNCT,punct,913,Fröbom
915,wie,wie,SCONJ,mo,919,erwachend
916,aus,aus,ADP,mo,919,erwachend
917,tiefem,tief,ADJ,nk,918,Traum
918,Traum,Traum,NOUN,nk,916,aus
919,erwachend,erwachend,ADV,par,913,Fröbom
920,",",--,PUNCT,punct,921,schaute
921,schaute,schauen,VERB,ROOT,921,schaute
922,dem,der,DET,da,921,schaute
923,Mädchen,Mädchen,NOUN,ROOT,923,Mädchen
924,ins,in,ADP,mnr,923,Mädchen
925,Auge,Auge,NOUN,nk,924,ins
926,",",--,PUNCT,punct,923,Mädchen
927,er,er,PRON,sb,928,faßte
928,faßte,fassen,VERB,oc,923,Mädchen
929,ihre,ihr,DET,nk,930,Hand
930,Hand,Hand,NOUN,oa,928,faßte
931,",",--,PUNCT,punct,928,faßte
932,er,er,PRON,sb,933,drückte
933,drückte,drücken,VERB,oc,923,Mädchen
934,sie,sie,PRON,oa,933,drückte
935,an,an,ADP,op,933,drückte
936,seine,sein,DET,nk,937,Brust
937,Brust,Brust,NOUN,nk,935,an
938,",",--,PUNCT,punct,933,drückte
939,man,man,PRON,sb,940,merkte
940,merkte,merken,VERB,rc,923,Mädchen
941,wohl,wohl,ADV,ROOT,941,wohl
942,",",--,PUNCT,punct,941,wohl
943,daß,daß,SCONJ,cp,952,hineingeklungen
944,der,der,DET,nk,945,Dirne
945,Dirne,Dirn,NOUN,sb,952,hineingeklungen
946,süß,süß,ADV,mo,952,hineingeklungen
947,Gelispel,Gelispel,PROPN,oa,952,hineingeklungen
948,recht,recht,ADV,mo,952,hineingeklungen
949,in,in,ADP,mo,952,hineingeklungen
950,sein,sein,DET,nk,951,Inneres
951,Inneres,Innere,NOUN,nk,949,in
952,hineingeklungen,hineingeklungen,VERB,re,941,wohl
953,.,--,PUNCT,punct,941,wohl
954,»,--,PUNCT,punct,955,Ach
955,Ach,ach,INTJ,dep,958,begann
956,«,--,PUNCT,punct,955,Ach
957,",",--,PUNCT,punct,958,begann
958,begann,beginnen,VERB,ROOT,958,begann
959,er,er,PRON,sb,958,begann
960,endlich,endlich,ADV,mo,958,begann
961,",",--,PUNCT,punct,958,begann
962,wie,wie,SCONJ,mo,964,besinnend
963,sich,sich,PRON,oa,964,besinnend
964,besinnend,besinnend,ADV,mo,958,begann
965,",",--,PUNCT,punct,958,begann
966,»,--,PUNCT,punct,958,begann
967,ach,ach,ADV,mo,958,begann
968,",",--,PUNCT,punct,958,begann
969,mit,mit,ADP,mo,958,begann
970,meiner,mein,DET,nk,971,Freude
971,Freude,Freude,NOUN,nk,969,mit
972,",",--,PUNCT,punct,958,begann
973,mit,mit,ADP,mo,958,begann
974,meiner,mein,DET,nk,975,Lust
975,Lust,Lust,NOUN,da,976,ist
976,ist,sein,AUX,ROOT,976,ist
977,es,es,PRON,sb,976,ist
978,nun,nun,ADV,mo,976,ist
979,einmal,einmal,ADV,mo,976,ist
980,gar,gar,ADV,mo,981,nichts
981,nichts,nichts,PRON,pd,976,ist
982,.,--,PUNCT,punct,976,ist
983,Wenigstens,wenigstens,ADV,mo,984,kann
984,kann,können,AUX,ROOT,984,kann
985,ich,ich,PRON,sb,984,kann
986,durchaus,durchaus,ADV,mo,984,kann
987,nicht,nicht,PART,ng,984,kann
988,einstimmen,einstimmen,VERB,ROOT,988,einstimmen
989,in,in,ADP,mo,988,einstimmen
990,die,der,DET,nk,991,Toberei
991,Toberei,Toberei,NOUN,nk,989,in
992,meiner,mein,DET,nk,993,Kameraden
993,Kameraden,Kamerad,NOUN,ag,991,Toberei
994,.,--,PUNCT,punct,988,einstimmen
995,Geh,Geh,PROPN,ROOT,995,Geh
996,nur,nur,ADV,mo,997,hinein
997,hinein,hinein,ADV,svp,995,Geh
998,",",--,PUNCT,punct,995,Geh
999,mein,mein,DET,nk,1001,Kind
1000,gutes,gut,ADJ,nk,1001,Kind
1001,Kind,Kind,NOUN,cj,995,Geh
1002,",",--,PUNCT,punct,995,Geh
1003,juble,Juble,PROPN,ROOT,1003,juble
1004,und,und,CCONJ,cd,1003,juble
1005,jauchze,Jauchze,PROPN,cj,1004,und
1006,mit,mit,ADP,mo,1003,juble
1007,den,der,DET,nk,1008,andern
1008,andern,anderer,NOUN,nk,1006,mit
1009,",",--,PUNCT,punct,1003,juble
1010,wenn,wenn,SCONJ,cp,1013,vermagst
1011,du,du,PRON,sb,1013,vermagst
1012,es,es,PRON,oa,1013,vermagst
1013,vermagst,vermagst,ADV,mo,1003,juble
1014,",",--,PUNCT,punct,1013,vermagst
1015,aber,aber,CCONJ,cd,1003,juble
1016,laß,Laß,NOUN,cj,1015,aber
1017,den,der,DET,nk,1018,trüben
1018,trüben,Trübe,NOUN,oa,1016,laß
1019,",",--,PUNCT,punct,1003,juble
1020,traurigen,traurig,ADJ,nk,1021,Elis
1021,Elis,Elis,NOUN,ROOT,1021,Elis
1022,hier,hier,ADV,mo,1021,Elis
1023,draußen,draußen,ADV,mo,1024,allein
1024,allein,allein,ADV,mo,1021,Elis
1025,;,--,PUNCT,punct,1021,Elis
1026,er,er,PRON,sb,1027,würde
1027,würde,werden,AUX,ROOT,1027,würde
1028,dir,dir,PRON,da,1032,verderben
1029,nur,nur,ADV,mo,1030,alle
1030,alle,aller,DET,nk,1031,Lust
1031,Lust,Lust,NOUN,oa,1032,verderben
1032,verderben,verderben,VERB,oc,1027,würde
1033,.,--,PUNCT,punct,1027,würde
1034,–,--,PUNCT,ROOT,1034,–
1035,Doch,doch,CCONJ,ju,1036,wart
1036,wart,wart,VERB,ROOT,1036,wart
1037,',--,PUNCT,punct,1036,wart
1038,!,--,PUNCT,punct,1036,wart
1039,Du,du,PRON,sb,1040,gefällst
1040,gefällst,gefällst,VERB,ROOT,1040,gefällst
1041,mir,mir,PRON,da,1040,gefällst
1042,gar,gar,ADV,mo,1043,wohl
1043,wohl,wohl,ADV,mo,1040,gefällst
1044,und,und,CCONJ,cd,1040,gefällst
1045,sollst,sollen,AUX,cj,1044,und
1046,an,an,ADP,mo,1048,fein
1047,mich,mich,PRON,nk,1046,an
1048,fein,fein,ADV,mo,1049,denken
1049,denken,denken,VERB,oc,1045,sollst
1050,",",--,PUNCT,punct,1049,denken
1051,wenn,wenn,SCONJ,cp,1052,ich
1052,ich,ich,PRON,mo,1040,gefällst
1053,wieder,wieder,ADV,mo,1057,bin
1054,auf,auf,ADP,mo,1057,bin
1055,dem,der,DET,nk,1056,Meere
1056,Meere,Meer,NOUN,nk,1054,auf
1057,bin,sein,AUX,ROOT,1057,bin
1058,.,--,PUNCT,punct,1057,bin
1059,«,--,PUNCT,punct,1057,bin
1060,Damit,damit,ADV,mo,1061,nahm
1061,nahm,nehmen,VERB,ROOT,1061,nahm
1062,er,er,PRON,sb,1061,nahm
1063,zwei,zwei,NUM,nk,1065,Dukaten
1064,blanke,blank,ADJ,nk,1065,Dukaten
1065,Dukaten,Dukat,NOUN,oa,1061,nahm
1066,aus,aus,ADP,mnr,1065,Dukaten
1067,der,der,DET,nk,1068,Tasche
1068,Tasche,Tasche,NOUN,nk,1066,aus
1069,",",--,PUNCT,punct,1070,zog
1070,zog,ziehen,VERB,cj,1061,nahm
1071,ein,ein,DET,nk,1073,ostindisches
1072,schönes,schön,ADJ,nk,1073,ostindisches
1073,ostindisches,ostindisch,ADJ,oa,1061,nahm
1074,Tuch,Tuch,NOUN,ROOT,1074,Tuch
1075,aus,aus,ADP,mnr,1074,Tuch
1076,dem,der,DET,nk,1077,Busen
1077,Busen,Busen,NOUN,nk,1075,aus
1078,und,und,CCONJ,cd,1074,Tuch
1079,gab,geben,VERB,cj,1078,und
1080,beides,beider,PRON,oa,1079,gab
1081,der,der,DET,nk,1082,Dirne
1082,Dirne,Dirn,NOUN,ag,1080,beides
1083,.,--,PUNCT,punct,1074,Tuch
1084,Der,der,PRON,sb,1085,traten
1085,traten,treten,VERB,ROOT,1085,traten
1086,aber,aber,ADV,mo,1085,traten
1087,die,der,DET,nk,1089,Tränen
1088,hellen,hell,ADJ,nk,1089,Tränen
1089,Tränen,Träne,NOUN,oa,1085,traten
1090,in,in,ADP,mo,1095,stand
1091,die,der,DET,nk,1092,Augen
1092,Augen,Auge,NOUN,nk,1090,in
1093,",",--,PUNCT,punct,1095,stand
1094,sie,sie,PRON,sb,1095,stand
1095,stand,stehen,VERB,ROOT,1095,stand
1096,auf,auf,ADP,svp,1095,stand
1097,",",--,PUNCT,punct,1095,stand
1098,sie,sie,PRON,sb,1099,legte
1099,legte,legen,VERB,cj,1095,stand
1100,die,der,DET,nk,1101,Dukaten
1101,Dukaten,Dukat,NOUN,oa,1099,legte
1102,auf,auf,ADP,mo,1099,legte
1103,die,der,DET,nk,1104,Bank
1104,Bank,Bank,NOUN,nk,1102,auf
1105,",",--,PUNCT,punct,1099,legte
1106,sie,sie,PRON,sb,1107,sprach
1107,sprach,sprechen,VERB,cj,1095,stand
1108,:,--,PUNCT,punct,1095,stand
1109,»,--,PUNCT,punct,1112,behaltet
1110,Ach,ach,INTJ,vo,1112,behaltet
1111,",",--,PUNCT,punct,1112,behaltet
1112,behaltet,behalten,VERB,ROOT,1112,behaltet
1113,doch,doch,ADV,mo,1112,behaltet
1114,nur,nur,ADV,mo,1112,behaltet
1115,Eure,euer,DET,nk,1116,Dukaten
1116,Dukaten,Dukat,NOUN,oa,1112,behaltet
1117,",",--,PUNCT,punct,1116,Dukaten
1118,die,der,PRON,sb,1119,machen
1119,machen,machen,VERB,cj,1112,behaltet
1120,mich,mich,PRON,oa,1119,machen
1121,nur,nur,ADV,mo,1122,traurig
1122,traurig,traurig,ADV,mo,1119,machen
1123,",",--,PUNCT,punct,1119,machen
1124,aber,aber,CCONJ,cd,1119,machen
1125,das,der,DET,ROOT,1125,das
1126,schöne,schön,ADJ,nk,1127,Tuch
1127,Tuch,Tuch,NOUN,ROOT,1127,Tuch
1128,",",--,PUNCT,punct,1129,das
1129,das,der,PRON,oa,1132,tragen
1130,will,wollen,AUX,cj,1127,Tuch
1131,ich,ich,PRON,sb,1130,will
1132,tragen,tragen,VERB,oc,1130,will
1133,Euch,euch,PRON,da,1132,tragen
1134,zum,zu,ADP,mo,1132,tragen
1135,teuern,teuern,ADJ,nk,1136,Andenken
1136,Andenken,Andenken,NOUN,nk,1134,zum
1137,",",--,PUNCT,punct,1127,Tuch
1138,und,und,CCONJ,cd,1130,will
1139,Ihr,ihr,PRON,sb,1140,werdet
1140,werdet,werden,VERB,cj,1138,und
1141,mich,mich,PRON,oa,1140,werdet
1142,wohl,wohl,ADV,mo,1143,übers
1143,übers,über,ADP,mo,1147,finden
1144,Jahr,Jahr,NOUN,nk,1143,übers
1145,nicht,nicht,PART,ng,1147,finden
1146,mehr,mehr,ADV,mo,1145,nicht
1147,finden,finden,VERB,ROOT,1147,finden
1148,",",--,PUNCT,punct,1147,finden
1149,wenn,wenn,SCONJ,cp,1152,haltet
1150,Ihr,ihr,DET,nk,1151,Hönsning
1151,Hönsning,Hönsning,PROPN,sb,1152,haltet
1152,haltet,halten,VERB,mo,1147,finden
1153,hier,hier,ADV,mo,1152,haltet
1154,in,in,ADP,mo,1152,haltet
1155,der,der,DET,ROOT,1155,der
1156,Haga,Haga,PROPN,ROOT,1156,Haga
1157,.,--,PUNCT,punct,1156,Haga
1158,«,--,PUNCT,punct,1156,Haga
1159,–,--,PUNCT,ROOT,1159,–
1160,Damit,damit,SCONJ,ROOT,1160,Damit
1161,schlich,schlich,ADV,mo,1160,Damit
1162,die,der,DET,nk,1163,Dirne
1163,Dirne,Dirn,NOUN,sb,1161,schlich
1164,",",--,PUNCT,punct,1163,Dirne
1165,nicht,nicht,PART,ng,1167,zurückkehrend
1166,mehr,mehr,ADV,mo,1165,nicht
1167,zurückkehrend,zurückkehrend,ADV,par,1163,Dirne
1168,in,in,ADP,mnr,1163,Dirne
1169,das,der,DET,nk,1170,Schenkhaus
1170,Schenkhaus,Schenkhaus,NOUN,nk,1168,in
1171,",",--,PUNCT,punct,1163,Dirne
1172,beide,beide,PRON,app,1163,Dirne
1173,Hände,Hand,NOUN,oa,1176,gedrückt
1174,vors,vor,ADP,mo,1176,gedrückt
1175,Gesicht,Gesicht,NOUN,nk,1174,vors
1176,gedrückt,drücken,VERB,ROOT,1176,gedrückt
1177,",",--,PUNCT,punct,1176,gedrückt
1178,fort,fort,ADV,mo,1176,gedrückt
1179,über,über,ADP,mo,1176,gedrückt
1180,die,der,DET,nk,1181,Straße
1181,Straße,Straße,NOUN,nk,1179,über
1182,.,--,PUNCT,punct,1176,gedrückt
1183,Aufs,auf,ADP,ROOT,1183,Aufs
1184,neue,neu,ADJ,nk,1185,versank
1185,versank,Versank,NOUN,nk,1183,Aufs
1186,Elis,Elis,NOUN,ROOT,1186,Elis
1187,Fröbom,Fröbom,PROPN,ROOT,1187,Fröbom
1188,in,in,ADP,mnr,1187,Fröbom
1189,seine,sein,DET,nk,1190,düstre
1190,düstre,düstre,X,nk,1188,in
1191,Träumerei,Träumerei,NOUN,nk,1190,düstre
1192,und,und,CCONJ,cd,1187,Fröbom
1193,rief,rufen,VERB,cj,1192,und
1194,endlich,endlich,ADV,mo,1193,rief
1195,",",--,PUNCT,punct,1193,rief
1196,als,als,ADP,mo,1193,rief
1197,der,der,DET,nk,1198,Jubel
1198,Jubel,Jubel,NOUN,sb,1206,wurde
1199,in,in,ADP,mnr,1198,Jubel
1200,der,der,DET,nk,1201,Schenke
1201,Schenke,Schenke,NOUN,nk,1199,in
1202,recht,recht,ADV,mo,1203,laut
1203,laut,laut,ADV,mo,1206,wurde
1204,und,und,CCONJ,cd,1203,laut
1205,toll,toll,ADV,cj,1204,und
1206,wurde,werden,AUX,ROOT,1206,wurde
1207,:,--,PUNCT,punct,1206,wurde
1208,»,--,PUNCT,punct,1211,läg
1209,Ach,ach,INTJ,dm,1211,läg
1210,",",--,PUNCT,punct,1211,läg
1211,läg,läg,X,oc,1206,wurde
1212,',--,PUNCT,punct,1211,läg
1213,ich,ich,PRON,sb,1211,läg
1214,doch,doch,ADV,mo,1211,läg
1215,nur,nur,ADV,mo,1211,läg
1216,begraben,begraben,VERB,ROOT,1216,begraben
1217,in,in,ADP,mo,1216,begraben
1218,dem,der,DET,nk,1220,Meeresgrunde
1219,tiefsten,tief,ADJ,nk,1220,Meeresgrunde
1220,Meeresgrunde,Meeresgrunde,NOUN,nk,1217,in
1221,!,--,PUNCT,punct,1216,begraben
1222,denn,denn,CCONJ,ju,1225,gibt's
1223,im,in,ADP,mo,1225,gibt's
1224,Leben,Leben,NOUN,nk,1223,im
1225,gibt's,gibt's,VERB,ROOT,1225,gibt's
1226,keinen,kein,DET,nk,1227,Menschen
1227,Menschen,Mensch,NOUN,oa,1225,gibt's
1228,mehr,mehr,ADV,ROOT,1228,mehr
1229,",",--,PUNCT,punct,1228,mehr
1230,mit,mit,ADP,mo,1234,freuen
1231,dem,der,PRON,nk,1230,mit
1232,ich,ich,PRON,sb,1235,sollte
1233,mich,sich,PRON,oa,1234,freuen
1234,freuen,freuen,VERB,oc,1235,sollte
1235,sollte,sollen,AUX,rc,1228,mehr
1236,!,--,PUNCT,punct,1228,mehr
1237,«,--,PUNCT,punct,1228,mehr
1238,Da,da,ADV,mo,1239,sprach
1239,sprach,sprechen,VERB,ROOT,1239,sprach
1240,eine,ein,DET,nk,1243,Stimme
1241,tiefe,tief,ADJ,nk,1243,Stimme
1242,rauhe,rauh,ADJ,nk,1243,Stimme
1243,Stimme,Stimme,NOUN,sb,1239,sprach
1244,dicht,dicht,ADV,mo,1239,sprach
1245,hinter,hinter,ADP,mo,1239,sprach
1246,ihm,ihm,PRON,nk,1245,hinter
1247,:,--,PUNCT,punct,1239,sprach
1248,»,--,PUNCT,punct,1250,müßt
1249,Ihr,ihr,PRON,sb,1250,müßt
1250,müßt,müßen,VERB,oc,1239,sprach
1251,gar,gar,ADV,mo,1252,großes
1252,großes,groß,ADJ,oc,1250,müßt
1253,Unglück,Unglück,NOUN,oa,1254,erfahren
1254,erfahren,erfahren,VERB,oc,1255,haben
1255,haben,haben,AUX,ROOT,1255,haben
1256,",",--,PUNCT,punct,1255,haben
1257,junger,jung,ADJ,nk,1258,Mensch
1258,Mensch,Mensch,NOUN,oa,1254,erfahren
1259,",",--,PUNCT,punct,1255,haben
1260,daß,daß,SCONJ,cp,1264,jetzt
1261,Ihr,ihr,PRON,nk,1262,Euch
1262,Euch,euch,PRON,oa,1264,jetzt
1263,schon,schon,ADV,mo,1264,jetzt
1264,jetzt,jetzt,ADV,oc,1254,erfahren
1265,",",--,PUNCT,punct,1264,jetzt
1266,da,da,SCONJ,cp,1268,Leben
1267,das,der,DET,nk,1268,Leben
1268,Leben,Leben,NOUN,cc,1264,jetzt
1269,Euch,euch,PRON,sb,1273,sollte
1270,erst,erst,ADV,mo,1272,aufgehen
1271,recht,recht,ADV,mo,1272,aufgehen
1272,aufgehen,aufgehen,VERB,oc,1273,sollte
1273,sollte,sollen,AUX,ROOT,1273,sollte
1274,",",--,PUNCT,punct,1273,sollte
1275,den,der,DET,nk,1276,Tod
1276,Tod,Tod,NOUN,oa,1277,wünschet
1277,wünschet,wünschet,VERB,sb,1273,sollte
1278,.,--,PUNCT,punct,1273,sollte
1279,«,--,PUNCT,ROOT,1279,«
1280,Elis,elis,PROPN,sb,1281,schaute
1281,schaute,schauen,VERB,ROOT,1281,schaute
1282,sich,sich,PRON,oa,1281,schaute
1283,um,um,ADP,svp,1281,schaute
1284,und,und,CCONJ,cd,1281,schaute
1285,gewahrte,gewahren,VERB,cj,1284,und
1286,einen,ein,DET,nk,1288,Bergmann
1287,alten,alt,ADJ,nk,1288,Bergmann
1288,Bergmann,Bergmann,NOUN,oa,1285,gewahrte
1289,",",--,PUNCT,punct,1288,Bergmann
1290,der,der,PRON,cj,1285,gewahrte
1291,mit,mit,ADP,mnr,1290,der
1292,übereinandergeschlagenen,übereinandergeschlagen,ADJ,nk,1293,Armen
1293,Armen,arme,NOUN,da,1299,angelehnt
1294,an,an,ADP,mo,1299,angelehnt
1295,die,der,DET,nk,1296,Plankenwand
1296,Plankenwand,Plankenwand,NOUN,nk,1294,an
1297,des,der,DET,nk,1298,Schenkhauses
1298,Schenkhauses,Schenkhau,NOUN,ag,1296,Plankenwand
1299,angelehnt,anlehnen,VERB,ROOT,1299,angelehnt
1300,stand,stehen,VERB,ROOT,1300,stand
1301,und,und,CCONJ,cd,1300,stand
1302,mit,mit,ADP,mo,1308,herabschaute
1303,ernstem,ernst,ADJ,nk,1305,Blick
1304,durchdringenden,durchdringend,ADJ,nk,1305,Blick
1305,Blick,Blick,NOUN,nk,1302,mit
1306,auf,auf,ADP,mo,1308,herabschaute
1307,ihn,ihn,PRON,nk,1306,auf
1308,herabschaute,herabschauen,VERB,cj,1301,und
1309,.,--,PUNCT,punct,1300,stand
1310,Sowie,Sowie,CCONJ,ROOT,1310,Sowie
1311,Elis,Elis,PROPN,cj,1310,Sowie
1312,den,der,DET,nk,1313,Alten
1313,Alten,alte,NOUN,da,1315,ansah
1314,länger,lang,ADV,mo,1315,ansah
1315,ansah,ansehen,VERB,mo,1317,wurde
1316,",",--,PUNCT,punct,1317,wurde
1317,wurde,werden,AUX,ROOT,1317,wurde
1318,es,es,PRON,sb,1317,wurde
1319,ihm,ihm,PRON,da,1317,wurde
1320,",",--,PUNCT,punct,1317,wurde
1321,als,als,ADP,mo,1317,wurde
1322,trete,Tret,NOUN,nk,1321,als
1323,in,in,ADP,mnr,1322,trete
1324,tiefer,tief,ADJ,mo,1325,wilder
1325,wilder,wild,ADJ,nk,1326,Einsamkeit
1326,Einsamkeit,Einsamkeit,NOUN,nk,1323,in
1327,",",--,PUNCT,punct,1321,als
1328,in,in,ADP,cj,1321,als
1329,die,der,PRON,oa,1333,geglaubt
1330,er,er,PRON,sb,1333,geglaubt
1331,sich,sich,PRON,oa,1333,geglaubt
1332,verloren,verlieren,ADV,mo,1333,geglaubt
1333,geglaubt,glauben,VERB,ROOT,1333,geglaubt
1334,",",--,PUNCT,punct,1333,geglaubt
1335,eine,ein,DET,nk,1337,Gestalt
1336,bekannte,bekannt,ADJ,nk,1337,Gestalt
1337,Gestalt,Gestalt,NOUN,oa,1340,tröstend
1338,ihm,ihm,PRON,da,1340,tröstend
1339,freundlich,freundlich,ADV,mo,1340,tröstend
1340,tröstend,tröstend,ADV,oc,1333,geglaubt
1341,entgegen,entgegen,ADP,ROOT,1341,entgegen
1342,.,--,PUNCT,ROOT,1342,.
1343,Er,er,PRON,sb,1344,sammelte
1344,sammelte,sammeln,VERB,ROOT,1344,sammelte
1345,sich,sich,PRON,oa,1344,sammelte
1346,und,und,CCONJ,cd,1344,sammelte
1347,erzählte,erzählen,VERB,cj,1346,und
1348,",",--,PUNCT,punct,1347,erzählte
1349,wie,wie,SCONJ,cm,1351,Vater
1350,sein,sein,DET,nk,1351,Vater
1351,Vater,Vater,NOUN,mo,1347,erzählte
1352,ein,ein,DET,nk,1353,tüchtiger
1353,tüchtiger,Tüchtiger,NOUN,oa,1347,erzählte
1354,Steuermann,Steuermann,NOUN,pd,1355,gewesen
1355,gewesen,sein,AUX,ROOT,1355,gewesen
1356,",",--,PUNCT,punct,1355,gewesen
1357,aber,aber,CCONJ,cd,1355,gewesen
1358,in,in,ADP,mo,1361,umgekommen
1359,demselben,derselbe,DET,nk,1360,Sturm
1360,Sturm,Sturm,NOUN,nk,1358,in
1361,umgekommen,umkommen,VERB,cj,1357,aber
1362,",",--,PUNCT,punct,1361,umgekommen
1363,aus,aus,ADP,op,1366,gerettet
1364,dem,der,PRON,nk,1363,aus
1365,er,er,PRON,sb,1366,gerettet
1366,gerettet,retten,VERB,rc,1360,Sturm
1367,worden,werden,AUX,ROOT,1367,worden
1368,auf,auf,ADP,op,1367,worden
1369,wunderbare,wunderbar,ADJ,nk,1370,Weise
1370,Weise,Weise,NOUN,nk,1368,auf
1371,.,--,PUNCT,punct,1367,worden
1372,Seine,sein,DET,nk,1374,Brüder
1373,beiden,beide,DET,nk,1374,Brüder
1374,Brüder,Bruder,NOUN,sb,1375,wären
1375,wären,sein,AUX,ROOT,1375,wären
1376,als,als,ADP,mo,1378,geblieben
1377,Soldaten,Soldat,NOUN,nk,1376,als
1378,geblieben,bleiben,VERB,oc,1375,wären
1379,in,in,ADP,ROOT,1379,in
1380,der,der,DET,nk,1381,Schlacht
1381,Schlacht,Schlacht,NOUN,nk,1379,in
1382,und,und,CCONJ,cd,1381,Schlacht
1383,er,er,PRON,sb,1385,habe
1384,allein,allein,ADV,mo,1383,er
1385,habe,haben,AUX,cj,1382,und
1386,seine,sein,DET,nk,1389,Mutter
1387,arme,arm,ADJ,nk,1389,Mutter
1388,verlassene,verlassen,ADJ,nk,1389,Mutter
1389,Mutter,Mutter,NOUN,oa,1390,erhalten
1390,erhalten,erhalten,VERB,oc,1385,habe
1391,mit,mit,ADP,svp,1390,erhalten
1392,dem,der,DET,nk,1394,Solde
1393,reichen,reich,ADJ,nk,1394,Solde
1394,Solde,Solde,NOUN,ROOT,1394,Solde
1395,",",--,PUNCT,punct,1394,Solde
1396,den,der,PRON,oa,1401,empfangen
1397,er,er,PRON,sb,1401,empfangen
1398,nach,nach,ADP,mo,1401,empfangen
1399,jeder,jeder,DET,nk,1400,Ostindienfahrt
1400,Ostindienfahrt,Ostindienfahrt,NOUN,nk,1398,nach
1401,empfangen,empfangen,VERB,rc,1394,Solde
1402,.,--,PUNCT,punct,1394,Solde
1403,Denn,denn,CCONJ,ju,1404,Seemann
1404,Seemann,Seemann,PROPN,ROOT,1404,Seemann
1405,habe,haben,AUX,ROOT,1405,habe
1406,er,er,PRON,sb,1405,habe
1407,doch,doch,ADV,mo,1405,habe
1408,nun,nun,ADV,mo,1414,bestimmt
1409,einmal,einmal,ADV,mo,1408,nun
1410,",",--,PUNCT,punct,1414,bestimmt
1411,von,von,ADP,sbp,1414,bestimmt
1412,Kindesbeinen,Kindesbein,NOUN,nk,1411,von
1413,dazu,dazu,ADV,mo,1414,bestimmt
1414,bestimmt,bestimmen,VERB,oc,1417,müssen
1415,",",--,PUNCT,punct,1416,bleiben
1416,bleiben,bleiben,VERB,oc,1417,müssen
1417,müssen,müssen,AUX,oc,1405,habe
1418,",",--,PUNCT,punct,1417,müssen
1419,und,und,CCONJ,cd,1405,habe
1420,da,da,ADV,mo,1419,und
1421,habe,haben,AUX,ROOT,1421,habe
1422,es,es,PRON,ep,1421,habe
1423,ihm,ihm,PRON,da,1427,gedünkt
1424,ein,ein,DET,nk,1426,Glück
1425,großes,groß,ADJ,nk,1426,Glück
1426,Glück,Glück,NOUN,oa,1427,gedünkt
1427,gedünkt,dünken,VERB,oc,1421,habe
1428,",",--,PUNCT,punct,1427,gedünkt
1429,in,in,ADP,dep,1421,habe
1430,den,der,DET,nk,1431,Dienst
1431,Dienst,Dienst,NOUN,nk,1429,in
1432,der,der,DET,nk,1434,Kompanie
1433,ostindischen,ostindisch,ADJ,nk,1434,Kompanie
1434,Kompanie,Kompanie,NOUN,ag,1431,Dienst
1435,treten,treten,VERB,oc,1437,können
1436,zu,zu,PART,pm,1437,können
1437,können,können,AUX,ROOT,1437,können
1438,.,--,PUNCT,punct,1437,können
1439,Reicher,Reich,ADV,pd,1442,sei
1440,als,als,ADP,cm,1441,jemals
1441,jemals,jemals,ADV,cc,1439,Reicher
1442,sei,sein,AUX,ROOT,1442,sei
1443,diesmal,diesmal,ADV,mo,1442,sei
1444,der,der,DET,nk,1445,Gewinn
1445,Gewinn,Gewinn,NOUN,sb,1442,sei
1446,ausgefallen,ausfallen,VERB,oc,1442,sei
1447,",",--,PUNCT,punct,1442,sei
1448,und,und,CCONJ,cd,1442,sei
1449,jeder,jeder,DET,nk,1450,Matrose
1450,Matrose,Matrose,NOUN,sb,1451,habe
1451,habe,haben,AUX,ROOT,1451,habe
1452,noch,noch,ADV,mo,1460,erhalten
1453,außer,außer,ADP,mo,1460,erhalten
1454,dem,der,DET,nk,1455,Sold
1455,Sold,Sold,PROPN,nk,1453,außer
1456,ein,ein,DET,nk,1458,Stück
1457,gut,gut,ADV,nk,1458,Stück
1458,Stück,Stück,NOUN,oa,1460,erhalten
1459,Geld,Geld,NOUN,nk,1458,Stück
1460,erhalten,erhalten,VERB,oc,1451,habe
1461,",",--,PUNCT,punct,1460,erhalten
1462,so,so,ADV,mo,1451,habe
1463,daß,daß,SCONJ,cp,1464,er
1464,er,er,PRON,cc,1462,so
1465,",",--,PUNCT,punct,1464,er
1466,die,der,DET,nk,1467,Tasche
1467,Tasche,Tasche,NOUN,sb,1475,sei
1468,voll,voll,ADP,mnr,1467,Tasche
1469,Dukaten,Dukat,NOUN,nk,1468,voll
1470,",",--,PUNCT,punct,1467,Tasche
1471,in,in,ADP,mo,1474,hingelaufen
1472,heller,hell,ADJ,nk,1473,Freude
1473,Freude,Freude,NOUN,nk,1471,in
1474,hingelaufen,hingelaufen,VERB,mnr,1467,Tasche
1475,sei,sein,AUX,ROOT,1475,sei
1476,nach,nach,ADP,mo,1475,sei
1477,dem,der,DET,nk,1478,kleinen
1478,kleinen,klein,ADJ,nk,1476,nach
1479,Häuschen,Häuschen,NOUN,ROOT,1479,Häuschen
1480,",",--,PUNCT,punct,1479,Häuschen
1481,wo,wo,SCONJ,mo,1484,gewohnt
1482,seine,sein,DET,nk,1483,Mutter
1483,Mutter,Mutter,NOUN,sb,1484,gewohnt
1484,gewohnt,wohnen,VERB,rc,1479,Häuschen
1485,.,--,PUNCT,punct,1479,Häuschen
1486,Aber,aber,CCONJ,ju,1489,hätten
1487,fremde,fremd,ADJ,nk,1488,Gesichter
1488,Gesichter,Gesicht,NOUN,sb,1489,hätten
1489,hätten,haben,AUX,ROOT,1489,hätten
1490,ihn,ihn,PRON,oa,1489,hätten
1491,aus,aus,ADP,mo,1489,hätten
1492,dem,der,DET,nk,1491,aus
1493,Fenster,Fenster,NOUN,oa,1494,angeguckt
1494,angeguckt,angegucken,VERB,ROOT,1494,angeguckt
1495,",",--,PUNCT,punct,1494,angeguckt
1496,und,und,CCONJ,cd,1494,angeguckt
1497,eine,ein,DET,nk,1499,Frau
1498,junge,jung,ADJ,nk,1499,Frau
1499,Frau,Frau,NOUN,cj,1496,und
1500,",",--,PUNCT,punct,1499,Frau
1501,die,der,PRON,sb,1506,geöffnet
1502,ihm,ihm,PRON,da,1506,geöffnet
1503,endlich,endlich,ADV,mo,1506,geöffnet
1504,die,der,DET,nk,1505,Tür
1505,Tür,Tür,NOUN,oa,1506,geöffnet
1506,geöffnet,öffnen,VERB,rc,1499,Frau
1507,und,und,CCONJ,cd,1506,geöffnet
1508,der,der,DET,da,1512,erkennen
1509,er,er,PRON,sb,1513,gegeben
1510,sich,sich,PRON,oa,1512,erkennen
1511,zu,zu,PART,pm,1512,erkennen
1512,erkennen,erkennen,VERB,oc,1513,gegeben
1513,gegeben,geben,VERB,sb,1515,habe
1514,",",--,PUNCT,punct,1515,habe
1515,habe,haben,AUX,ROOT,1515,habe
1516,ihm,ihm,PRON,da,1521,berichtet
1517,mit,mit,ADP,mo,1521,berichtet
1518,kaltem,kalt,ADJ,nk,1520,Ton
1519,rauhem,rauh,ADJ,nk,1520,Ton
1520,Ton,Ton,NOUN,nk,1517,mit
1521,berichtet,berichten,VERB,oc,1515,habe
1522,",",--,PUNCT,punct,1521,berichtet
1523,daß,daß,SCONJ,dep,1515,habe
1524,seine,sein,DET,nk,1525,Mutter
1525,Mutter,Mutter,NOUN,ROOT,1525,Mutter
1526,schon,schon,ADV,mo,1527,vor
1527,vor,vor,ADP,mo,1530,gestorben
1528,drei,drei,NUM,nk,1529,Monaten
1529,Monaten,Monat,NOUN,nk,1527,vor
1530,gestorben,sterben,VERB,oc,1525,Mutter
1531,",",--,PUNCT,punct,1525,Mutter
1532,und,und,CCONJ,cd,1525,Mutter
1533,daß,daß,SCONJ,cp,1534,er
1534,er,er,PRON,cj,1532,und
1535,die,der,DET,nk,1537,Lumpen
1536,paar,paar,DET,nk,1537,Lumpen
1537,Lumpen,Lump,NOUN,oa,1540,","
1538,",",--,PUNCT,punct,1537,Lumpen
1539,die,der,PRON,app,1537,Lumpen
1540,",",--,PUNCT,punct,1534,er
1541,nachdem,nachdem,SCONJ,cp,1544,berichtigt
1542,die,der,DET,nk,1543,Begräbniskosten
1543,Begräbniskosten,Begräbniskoste,NOUN,sb,1544,berichtigt
1544,berichtigt,berichtigen,VERB,ROOT,1544,berichtigt
1545,",",--,PUNCT,punct,1544,berichtigt
1546,noch,noch,ADV,mo,1547,übriggeblieben
1547,übriggeblieben,übrigbleiben,VERB,cj,1544,berichtigt
1548,",",--,PUNCT,punct,1547,übriggeblieben
1549,auf,auf,ADP,mo,1547,übriggeblieben
1550,dem,der,DET,nk,1551,Rathaus
1551,Rathaus,Rathaus,NOUN,nk,1549,auf
1552,in,in,ADP,mo,1544,berichtigt
1553,Empfang,Empfang,NOUN,oa,1554,nehmen
1554,nehmen,nehmen,VERB,oc,1555,könne
1555,könne,können,AUX,ROOT,1555,könne
1556,.,--,PUNCT,punct,1555,könne
1557,Der,der,DET,nk,1558,Tod
1558,Tod,Tod,NOUN,sb,1561,zerreiße
1559,seiner,sein,DET,nk,1560,Mutter
1560,Mutter,Mutter,NOUN,ag,1558,Tod
1561,zerreiße,zerreißen,VERB,ROOT,1561,zerreiße
1562,ihm,ihm,PRON,da,1561,zerreiße
1563,das,der,DET,nk,1564,Herz
1564,Herz,Herz,NOUN,oa,1561,zerreiße
1565,",",--,PUNCT,punct,1561,zerreiße
1566,er,er,PRON,sb,1567,fühle
1567,fühle,fühlen,VERB,oc,1561,zerreiße
1568,sich,sich,PRON,oa,1572,verlassen
1569,von,von,ADP,sbp,1572,verlassen
1570,aller,aller,DET,nk,1571,Welt
1571,Welt,Welt,NOUN,nk,1569,von
1572,verlassen,verlassen,VERB,ROOT,1572,verlassen
1573,",",--,PUNCT,punct,1572,verlassen
1574,einsam,einsam,ADV,mo,1572,verlassen
1575,",",--,PUNCT,punct,1574,einsam
1576,wie,wie,SCONJ,mo,1581,verschlagen
1577,auf,auf,ADP,mo,1581,verschlagen
1578,ein,ein,DET,nk,1580,Riff
1579,ödes,öd,ADJ,nk,1580,Riff
1580,Riff,Riff,NOUN,nk,1577,auf
1581,verschlagen,verschlagen,VERB,oc,1572,verlassen
1582,",",--,PUNCT,punct,1572,verlassen
1583,hilflos,hilflos,ADV,ROOT,1583,hilflos
1584,",",--,PUNCT,punct,1583,hilflos
1585,elend,elend,ADV,cj,1583,hilflos
1586,.,--,PUNCT,punct,1583,hilflos
1587,Sein,sein,DET,nk,1589,Leben
1588,ganzes,ganz,ADJ,nk,1589,Leben
1589,Leben,Leben,NOUN,sb,1593,erscheine
1590,auf,auf,ADP,mnr,1589,Leben
1591,der,der,DET,nk,1592,See
1592,See,See,NOUN,nk,1590,auf
1593,erscheine,erscheinen,VERB,ROOT,1593,erscheine
1594,ihm,ihm,PRON,da,1593,erscheine
1595,wie,wie,ADP,cm,1597,irres
1596,ein,ein,DET,nk,1597,irres
1597,irres,irr,ADJ,mo,1593,erscheine
1598,zweckloses,zweckloser,ADJ,nk,1599,Treiben
1599,Treiben,treiben,NOUN,ROOT,1599,Treiben
1600,",",--,PUNCT,punct,1599,Treiben
1601,ja,ja,PART,ng,1606,denke
1602,",",--,PUNCT,punct,1606,denke
1603,wenn,wenn,SCONJ,cp,1606,denke
1604,er,er,PRON,sb,1606,denke
1605,daran,daran,ADV,op,1606,denke
1606,denke,denken,VERB,par,1599,Treiben
1607,",",--,PUNCT,punct,1606,denke
1608,daß,daß,SCONJ,cp,1610,Mutter
1609,seine,sein,DET,nk,1610,Mutter
1610,Mutter,Mutter,NOUN,re,1605,daran
1611,",",--,PUNCT,punct,1610,Mutter
1612,vielleicht,vielleicht,ADV,mo,1606,denke
1613,schlecht,schlecht,ADV,mo,1614,gepflegt
1614,gepflegt,pflegen,VERB,mo,1625,komme
1615,von,von,ADP,mo,1614,gepflegt
1616,fremden,fremd,ADJ,nk,1617,Leuten
1617,Leuten,Leute,NOUN,nk,1615,von
1618,",",--,PUNCT,punct,1619,so
1619,so,so,ADV,mo,1622,sterben
1620,ohne,ohne,ADP,mo,1622,sterben
1621,Trost,Trost,NOUN,nk,1620,ohne
1622,sterben,sterben,VERB,oc,1623,müssen
1623,müssen,müssen,AUX,oc,1614,gepflegt
1624,",",--,PUNCT,punct,1625,komme
1625,komme,kommen,VERB,ROOT,1625,komme
1626,es,es,PRON,ep,1625,komme
1627,ihm,ihm,PRON,da,1628,ruchlos
1628,ruchlos,ruchlos,ADV,ROOT,1628,ruchlos
1629,und,und,CCONJ,cd,1628,ruchlos
1630,abscheulich,abscheulich,ADV,cj,1629,und
1631,vor,vor,ADP,svp,1628,ruchlos
1632,",",--,PUNCT,punct,1628,ruchlos
1633,daß,daß,SCONJ,cp,1638,gegangen
1634,er,er,PRON,sb,1638,gegangen
1635,überhaupt,überhaupt,ADV,mo,1638,gegangen
1636,zur,zu,ADP,mo,1638,gegangen
1637,See,See,NOUN,nk,1636,zur
1638,gegangen,gehen,VERB,oc,1628,ruchlos
1639,und,und,CCONJ,cd,1638,gegangen
1640,nicht,nicht,PART,ng,1628,ruchlos
1641,lieber,lieber,ADV,mo,1643,geblieben
1642,daheim,daheim,ADV,mo,1643,geblieben
1643,geblieben,bleiben,VERB,ROOT,1643,geblieben
1644,",",--,PUNCT,punct,1643,geblieben
1645,seine,sein,DET,nk,1647,Mutter
1646,arme,arm,ADJ,nk,1647,Mutter
1647,Mutter,Mutter,NOUN,dep,1643,geblieben
1648,nährend,nährend,ADV,pd,1647,Mutter
1649,und,und,CCONJ,cd,1648,nährend
1650,pflegend,pflegend,ADV,cj,1649,und
1651,.,--,PUNCT,punct,1643,geblieben
1652,Die,der,DET,nk,1653,Kameraden
1653,Kameraden,Kamerad,NOUN,ROOT,1653,Kameraden
1654,hätten,haben,AUX,ROOT,1654,hätten
1655,ihn,ihn,PRON,oa,1658,fortgerissen
1656,mit,mit,ADP,mo,1658,fortgerissen
1657,Gewalt,Gewalt,NOUN,nk,1656,mit
1658,fortgerissen,fortgerissen,VERB,oc,1654,hätten
1659,zum,zu,ADP,mo,1658,fortgerissen
1660,Hönsning,Hönsning,PROPN,nk,1659,zum
1661,",",--,PUNCT,punct,1658,fortgerissen
1662,und,und,CCONJ,cd,1654,hätten
1663,er,er,PRON,sb,1665,habe
1664,selbst,selbst,ADV,mnr,1663,er
1665,habe,haben,AUX,cj,1662,und
1666,geglaubt,glauben,VERB,oc,1665,habe
1667,",",--,PUNCT,punct,1666,geglaubt
1668,daß,daß,SCONJ,cp,1670,Jubel
1669,der,der,DET,nk,1670,Jubel
1670,Jubel,Jubel,NOUN,ROOT,1670,Jubel
1671,um,um,ADP,mo,1670,Jubel
1672,ihn,ihn,PRON,nk,1671,um
1673,her,her,ADV,mo,1671,um
1674,",",--,PUNCT,punct,1671,um
1675,ja,ja,ADV,mo,1680,Getränk
1676,auch,auch,ADV,mo,1680,Getränk
1677,wohl,wohl,ADV,mo,1680,Getränk
1678,das,der,DET,nk,1680,Getränk
1679,stärkste,stark,ADJ,nk,1680,Getränk
1680,Getränk,Getränk,NOUN,nk,1671,um
1681,seinen,sein,DET,nk,1682,Schmerz
1682,Schmerz,Schmerz,NOUN,oa,1670,Jubel
1683,betäuben,betäuben,VERB,oc,1684,werde
1684,werde,werden,AUX,ROOT,1684,werde
1685,",",--,PUNCT,punct,1684,werde
1686,aber,aber,CCONJ,cd,1684,werde
1687,statt,statt,ADP,mo,1693,geworden
1688,dessen,der,PRON,nk,1687,statt
1689,sei,sein,AUX,cj,1686,aber
1690,es,es,PRON,sb,1689,sei
1691,ihm,ihm,PRON,da,1693,geworden
1692,bald,bald,ADV,mo,1693,geworden
1693,geworden,werden,AUX,oc,1689,sei
1694,",",--,PUNCT,punct,1693,geworden
1695,als,als,ADP,mo,1683,betäuben
1696,sprängen,spräng,NOUN,nk,1695,als
1697,alle,aller,PRON,sb,1684,werde
1698,Adern,Ader,NOUN,ROOT,1698,Adern
1699,in,in,ADP,mnr,1698,Adern
1700,seiner,sein,DET,nk,1701,Brust
1701,Brust,Brust,NOUN,nk,1699,in
1702,",",--,PUNCT,punct,1698,Adern
1703,und,und,CCONJ,cd,1698,Adern
1704,er,er,PRON,sb,1705,müsse
1705,müsse,müssen,AUX,cj,1703,und
1706,sich,sich,PRON,oa,1707,verbluten
1707,verbluten,verbluten,VERB,oc,1705,müsse
1708,.,--,PUNCT,punct,1698,Adern
1709,»,--,PUNCT,punct,1710,Ei
1710,Ei,Ei,NOUN,sb,1722,wirst
1711,«,--,PUNCT,punct,1710,Ei
1712,",",--,PUNCT,punct,1713,sprach
1713,sprach,sprechen,VERB,ROOT,1713,sprach
1714,der,der,DET,nk,1716,Bergmann
1715,alte,alt,ADJ,nk,1716,Bergmann
1716,Bergmann,Bergmann,NOUN,sb,1713,sprach
1717,",",--,PUNCT,punct,1713,sprach
1718,»,--,PUNCT,punct,1713,sprach
1719,ei,ei,PROPN,oa,1713,sprach
1720,",",--,PUNCT,punct,1713,sprach
1721,du,du,PRON,sb,1722,wirst
1722,wirst,wirst,AUX,oc,1713,sprach
1723,bald,bald,ADV,mo,1727,stechen
1724,wieder,wieder,ADV,mo,1727,stechen
1725,in,in,ADP,mo,1727,stechen
1726,See,See,NOUN,nk,1725,in
1727,stechen,stechen,VERB,oc,1722,wirst
1728,",",--,PUNCT,punct,1727,stechen
1729,Elis,Elis,PROPN,cj,1727,stechen
1730,",",--,PUNCT,punct,1722,wirst
1731,und,und,CCONJ,ju,1733,wird
1732,dann,dann,ADV,mo,1737,sein
1733,wird,werden,AUX,ROOT,1733,wird
1734,dein,dein,DET,nk,1735,Schmerz
1735,Schmerz,Schmerz,NOUN,sb,1733,wird
1736,vorüber,vorüber,ADV,mo,1733,wird
1737,sein,sein,DET,oc,1733,wird
1738,in,in,ADP,mo,1733,wird
1739,weniger,weniger,DET,nk,1740,Zeit
1740,Zeit,Zeit,NOUN,nk,1738,in
1741,.,--,PUNCT,punct,1733,wird
1742,Alte,alt,ADJ,nk,1743,Leute
1743,Leute,Leute,NOUN,sb,1744,sterben
1744,sterben,sterben,VERB,ROOT,1744,sterben
1745,",",--,PUNCT,punct,1744,sterben
1746,das,der,PRON,sb,1747,ist
1747,ist,sein,AUX,ROOT,1747,ist
1748,nun,nun,ADV,mo,1747,ist
1749,einmal,einmal,ADV,mo,1747,ist
1750,nicht,nicht,PART,ng,1747,ist
1751,anders,anders,ADV,mo,1747,ist
1752,",",--,PUNCT,punct,1747,ist
1753,und,und,CCONJ,cd,1747,ist
1754,deine,dein,ADJ,nk,1755,Mutter
1755,Mutter,Mutter,NOUN,sb,1756,hat
1756,hat,haben,VERB,cj,1753,und
1757,ja,ja,ADV,mo,1756,hat
1758,",",--,PUNCT,punct,1756,hat
1759,wie,wie,SCONJ,mo,1760,du
1760,du,du,PRON,mo,1756,hat
1761,selbst,selbst,ADV,mnr,1760,du
1762,gesteht,gestehen,VERB,ROOT,1762,gesteht
1763,",",--,PUNCT,punct,1762,gesteht
1764,nur,nur,ADV,mo,1768,Leben
1765,ein,ein,DET,nk,1768,Leben
1766,armes,arm,ADJ,nk,1768,Leben
1767,mühseliges,mühselig,ADJ,nk,1768,Leben
1768,Leben,Leben,NOUN,oa,1769,verlassen
1769,verlassen,verlassen,VERB,oc,1762,gesteht
1770,..,..,NOUN,ROOT,1770,..
1771,«,--,PUNCT,punct,1770,..
1772,»,--,PUNCT,punct,1773,Ach
1773,Ach,ach,INTJ,dep,1776,erwiderte
1774,«,--,PUNCT,punct,1773,Ach
1775,",",--,PUNCT,punct,1776,erwiderte
1776,erwiderte,erwidern,VERB,ROOT,1776,erwiderte
1777,Elis,Elis,PROPN,sb,1776,erwiderte
1778,",",--,PUNCT,punct,1776,erwiderte
1779,»,--,PUNCT,punct,1776,erwiderte
1780,ach,ach,ADV,mo,1776,erwiderte
1781,",",--,PUNCT,punct,1776,erwiderte
1782,daß,daß,SCONJ,cp,1787,glaubt
1783,niemand,niemand,PRON,sb,1787,glaubt
1784,an,an,ADP,op,1787,glaubt
1785,meinen,mein,DET,nk,1786,Schmerz
1786,Schmerz,Schmerz,NOUN,nk,1784,an
1787,glaubt,glauben,VERB,oc,1776,erwiderte
1788,",",--,PUNCT,punct,1787,glaubt
1789,ja,ja,ADV,mo,1787,glaubt
1790,",",--,PUNCT,punct,1787,glaubt
1791,daß,daß,SCONJ,punct,1776,erwiderte
1792,man,man,PRON,sb,1776,erwiderte
1793,mich,mich,PRON,oa,1798,schilt
1794,wohl,wohl,ADV,mo,1798,schilt
1795,albern,albern,ADV,mo,1798,schilt
1796,und,und,CCONJ,cd,1795,albern
1797,töricht,töricht,ADV,cj,1796,und
1798,schilt,schilen,VERB,re,1800,das
1799,",",--,PUNCT,punct,1800,das
1800,das,der,PRON,oa,1801,ist
1801,ist,sein,AUX,ROOT,1801,ist
1802,es,es,PRON,sb,1801,ist
1803,ja,ja,ADV,mo,1801,ist
1804,eben,eben,ADV,mo,1801,ist
1805,",",--,PUNCT,punct,1801,ist
1806,was,was,PRON,oa,1808,hinausstößt
1807,mich,mich,PRON,oa,1808,hinausstößt
1808,hinausstößt,hinausstößt,VERB,re,1802,es
1809,aus,aus,ADP,ROOT,1809,aus
1810,der,der,DET,nk,1811,Welt
1811,Welt,Welt,NOUN,nk,1809,aus
1812,.,--,PUNCT,punct,1809,aus
1813,–,--,PUNCT,punct,1817,mag
1814,Auf,auf,ADP,mo,1817,mag
1815,die,der,DET,nk,1816,See
1816,See,See,NOUN,nk,1814,Auf
1817,mag,mögen,AUX,ROOT,1817,mag
1818,ich,ich,PRON,sb,1817,mag
1819,nicht,nicht,PART,ng,1817,mag
1820,mehr,mehr,ADV,mo,1819,nicht
1821,",",--,PUNCT,punct,1817,mag
1822,das,der,DET,nk,1823,Leben
1823,Leben,Leben,NOUN,sb,1824,ekelt
1824,ekelt,ekeln,VERB,cj,1817,mag
1825,mich,mich,PRON,oa,1824,ekelt
1826,an,an,ADP,svp,1824,ekelt
1827,.,--,PUNCT,punct,1817,mag
1828,Sonst,sonst,ADV,ROOT,1828,Sonst
1829,ging,gehen,VERB,ROOT,1829,ging
1830,mir,mir,PRON,da,1829,ging
1831,wohl,wohl,ADV,mo,1829,ging
1832,das,der,DET,nk,1833,Herz
1833,Herz,Herz,NOUN,sb,1829,ging
1834,auf,auf,ADP,svp,1829,ging
1835,",",--,PUNCT,punct,1829,ging
1836,wenn,wenn,SCONJ,cp,1838,Schiff
1837,das,der,DET,nk,1838,Schiff
1838,Schiff,Schiff,NOUN,mo,1829,ging
1839,",",--,PUNCT,punct,1838,Schiff
1840,die,der,PRON,nk,1841,Segel
1841,Segel,Segel,NOUN,cj,1838,Schiff
1842,wie,wie,ADP,cm,1844,Schwingen
1843,stattliche,stattlich,ADJ,nk,1844,Schwingen
1844,Schwingen,Schwing,NOUN,cc,1841,Segel
1845,ausbreitend,ausbreitend,ADV,ROOT,1845,ausbreitend
1846,",",--,PUNCT,punct,1845,ausbreitend
1847,über,über,ADP,mo,1850,dahinfuhr
1848,das,der,DET,nk,1849,Meer
1849,Meer,Meer,NOUN,nk,1847,über
1850,dahinfuhr,dahinfuhr,VERB,mo,1845,ausbreitend
1851,",",--,PUNCT,punct,1845,ausbreitend
1852,und,und,CCONJ,cd,1845,ausbreitend
1853,die,der,DET,nk,1854,Wellen
1854,Wellen,Welle,NOUN,cj,1852,und
1855,in,in,ADP,mnr,1854,Wellen
1856,gar,gar,ADV,mo,1857,lustiger
1857,lustiger,lustig,ADJ,nk,1858,Musik
1858,Musik,Musik,NOUN,nk,1855,in
1859,plätscherten,Plätscherte,NOUN,ROOT,1859,plätscherten
1860,und,und,CCONJ,cd,1859,plätscherten
1861,sausten,sausen,VERB,cj,1860,und
1862,",",--,PUNCT,punct,1859,plätscherten
1863,und,und,CCONJ,cd,1859,plätscherten
1864,der,der,DET,nk,1865,Wind
1865,Wind,Wind,NOUN,sb,1867,pfiff
1866,dazwischen,dazwischen,ADV,mnr,1865,Wind
1867,pfiff,Pfiff,NOUN,cj,1863,und
1868,durch,durch,ADP,mnr,1867,pfiff
1869,das,der,DET,nk,1870,knätternde
1870,knätternde,knätternd,ADJ,nk,1868,durch
1871,Tauwerk,Tauwerk,NOUN,ROOT,1871,Tauwerk
1872,.,--,PUNCT,punct,1871,Tauwerk
1873,Da,da,ADV,mo,1874,jauchzte
1874,jauchzte,jauchzen,VERB,ROOT,1874,jauchzte
1875,ich,ich,PRON,sb,1874,jauchzte
1876,fröhlich,fröhlich,ADV,mo,1874,jauchzte
1877,mit,mit,ADP,mo,1874,jauchzte
1878,den,der,DET,nk,1879,Kameraden
1879,Kameraden,Kamerad,NOUN,nk,1877,mit
1880,auf,auf,ADP,mnr,1879,Kameraden
1881,dem,der,DET,nk,1882,Verdeck
1882,Verdeck,Verdeck,NOUN,nk,1880,auf
1883,",",--,PUNCT,punct,1874,jauchzte
1884,und,und,CCONJ,cd,1874,jauchzte
1885,dann,dann,ADV,cj,1884,und
1886,–,--,PUNCT,punct,1874,jauchzte
1887,hatte,haben,AUX,ROOT,1887,hatte
1888,ich,ich,PRON,sb,1887,hatte
1889,in,in,ADP,mo,1887,hatte
1890,stiller,still,ADJ,nk,1892,Mitternacht
1891,dunkler,dunkel,ADJ,nk,1892,Mitternacht
1892,Mitternacht,Mitternacht,NOUN,nk,1889,in
1893,die,der,DET,nk,1894,Wache
1894,Wache,Wache,NOUN,oa,1887,hatte
1895,",",--,PUNCT,punct,1887,hatte
1896,da,da,ADV,mo,1897,gedachte
1897,gedachte,gedachen,VERB,cj,1887,hatte
1898,ich,ich,PRON,sb,1897,gedachte
1899,der,der,DET,ROOT,1899,der
1900,Heimkehr,Heimkehr,NOUN,ROOT,1900,Heimkehr
1901,und,und,CCONJ,cd,1900,Heimkehr
1902,meiner,mein,DET,nk,1905,Mutter
1903,guten,gut,ADJ,nk,1905,Mutter
1904,alten,alt,ADJ,nk,1905,Mutter
1905,Mutter,Mutter,NOUN,cj,1901,und
1906,",",--,PUNCT,punct,1905,Mutter
1907,wie,wie,SCONJ,mo,1912,freuen
1908,die,der,PRON,sb,1913,würde
1909,sich,sich,PRON,oa,1912,freuen
1910,nun,nun,ADV,mo,1912,freuen
1911,wieder,wieder,ADV,mo,1912,freuen
1912,freuen,freuen,VERB,oc,1913,würde
1913,würde,werden,AUX,rc,1900,Heimkehr
1914,",",--,PUNCT,punct,1900,Heimkehr
1915,wenn,wenn,SCONJ,cp,1917,zurückgekommen
1916,Elis,Elis,NOUN,sb,1917,zurückgekommen
1917,zurückgekommen,zurückgekommen,VERB,ROOT,1917,zurückgekommen
1918,!,--,PUNCT,punct,1917,zurückgekommen
1919,–,--,PUNCT,punct,1920,Hei
1920,Hei,Hei,PROPN,ROOT,1920,Hei
1921,!,--,PUNCT,punct,1920,Hei
1922,da,da,ADV,mo,1923,konnt
1923,konnt,konnen,VERB,ROOT,1923,konnt
1924,',--,PUNCT,punct,1923,konnt
1925,ich,ich,PRON,sb,1923,konnt
1926,wohl,wohl,ADV,mo,1923,konnt
1927,jubeln,jubeln,VERB,oa,1923,konnt
1928,auf,auf,ADP,mo,1927,jubeln
1929,dem,der,DET,nk,1930,Hönsning
1930,Hönsning,Hönsning,PROPN,nk,1928,auf
1931,",",--,PUNCT,punct,1923,konnt
1932,wenn,wenn,SCONJ,cp,1941,geschüttet
1933,ich,ich,PRON,sb,1941,geschüttet
1934,dem,der,DET,nk,1935,Mütterchen
1935,Mütterchen,Mütterchen,NOUN,da,1941,geschüttet
1936,die,der,DET,nk,1937,Dukaten
1937,Dukaten,Dukat,NOUN,oa,1941,geschüttet
1938,in,in,ADP,mo,1941,geschüttet
1939,den,der,DET,nk,1940,Schoß
1940,Schoß,Schoß,NOUN,nk,1938,in
1941,geschüttet,schütten,VERB,ROOT,1941,geschüttet
1942,",",--,PUNCT,punct,1941,geschüttet
1943,wenn,wenn,SCONJ,cp,1946,die
1944,ich,ich,PRON,sb,1946,die
1945,ihr,ihr,PRON,da,1946,die
1946,die,der,DET,mo,1941,geschüttet
1947,schönen,schön,ADJ,nk,1948,Tücher
1948,Tücher,Tücher,NOUN,ROOT,1948,Tücher
1949,und,und,CCONJ,cd,1948,Tücher
1950,wohl,wohl,ADV,mo,1951,noch
1951,noch,noch,ADV,mo,1954,Stück
1952,manch,manch,DET,nk,1954,Stück
1953,anderes,anderer,ADJ,nk,1954,Stück
1954,Stück,Stück,NOUN,cj,1949,und
1955,seltner,seltn,ADJ,nk,1956,Ware
1956,Ware,Ware,NOUN,ag,1954,Stück
1957,aus,aus,ADP,mnr,1948,Tücher
1958,dem,der,DET,nk,1959,fernen
1959,fernen,fern,ADJ,nk,1957,aus
1960,Lande,Land,NOUN,sb,1961,hingereicht
1961,hingereicht,hingereicht,VERB,ROOT,1961,hingereicht
1962,.,--,PUNCT,punct,1961,hingereicht
1963,Wenn,wenn,SCONJ,cp,1971,aufleuchteten
1964,ihr,ihr,PRON,sb,1971,aufleuchteten
1965,dann,dann,ADV,mo,1971,aufleuchteten
1966,vor,vor,ADP,mo,1971,aufleuchteten
1967,Freude,Freude,NOUN,nk,1966,vor
1968,die,der,DET,nk,1969,Augen
1969,Augen,Auge,NOUN,oa,1971,aufleuchteten
1970,hell,hell,ADV,mo,1971,aufleuchteten
1971,aufleuchteten,aufleuchteen,VERB,ROOT,1971,aufleuchteten
1972,",",--,PUNCT,punct,1971,aufleuchteten
1973,wenn,wenn,SCONJ,dep,1971,aufleuchteten
1974,sie,sie,PRON,sb,1985,erfüllt
1975,die,der,DET,nk,1976,Hände
1976,Hände,Hand,NOUN,oa,1985,erfüllt
1977,ein,ein,DET,nk,1978,Mal
1978,Mal,Mal,NOUN,mo,1979,über
1979,über,über,ADP,mnr,1976,Hände
1980,das,der,DET,nk,1982,zusammenschlug
1981,andere,anderer,PRON,nk,1982,zusammenschlug
1982,zusammenschlug,Zusammenschlug,VERB,nk,1979,über
1983,",",--,PUNCT,punct,1985,erfüllt
1984,ganz,ganz,ADV,mo,1985,erfüllt
1985,erfüllt,erfüllen,VERB,ROOT,1985,erfüllt
1986,von,von,ADP,op,1985,erfüllt
1987,Vergnügen,Vergnügen,NOUN,ROOT,1987,Vergnügen
1988,und,und,CCONJ,cd,1987,Vergnügen
1989,Lust,Lust,NOUN,cj,1988,und
1990,",",--,PUNCT,punct,1987,Vergnügen
1991,wenn,wenn,SCONJ,cp,1996,hertrippelte
1992,sie,sie,PRON,sb,1996,hertrippelte
1993,geschäftig,geschäftig,ADV,mo,1994,hin-
1994,hin-,hin,X,cj,1995,und
1995,und,und,CCONJ,cd,1996,hertrippelte
1996,hertrippelte,hertrippelen,VERB,mnr,1987,Vergnügen
1997,und,und,CCONJ,cd,1996,hertrippelte
1998,das,der,DET,nk,1999,schönste
1999,schönste,schön,ADJ,cj,1997,und
2000,Aehl,Aehl,PROPN,sb,2001,herbeiholte
2001,herbeiholte,herbeiholen,VERB,ROOT,2001,herbeiholte
2002,",",--,PUNCT,punct,2001,herbeiholte
2003,das,der,PRON,oa,2007,aufbewahrt
2004,sie,sie,PRON,sb,2007,aufbewahrt
2005,für,für,ADP,mo,2007,aufbewahrt
2006,Elis,Elis,PROPN,nk,2005,für
2007,aufbewahrt,aufbewahren,VERB,rc,2001,herbeiholte
2008,.,--,PUNCT,punct,2001,herbeiholte
2009,Und,und,CCONJ,ju,2010,saß
2010,saß,sitzen,VERB,ROOT,2010,saß
2011,ich,ich,PRON,sb,2010,saß
2012,denn,denn,ADV,mo,2010,saß
2013,nun,nun,ADV,mo,2010,saß
2014,abends,abends,ADV,mo,2010,saß
2015,bei,bei,ADP,mo,2010,saß
2016,der,der,DET,nk,2017,Alten
2017,Alten,alte,NOUN,re,2019,dann
2018,",",--,PUNCT,punct,2019,dann
2019,dann,dann,ADV,mo,2020,erzählte
2020,erzählte,erzählen,VERB,ROOT,2020,erzählte
2021,ich,ich,PRON,sb,2020,erzählte
2022,ihr,ihr,PRON,oa,2020,erzählte
2023,von,von,ADP,mo,2020,erzählte
2024,den,der,DET,nk,2026,Leuten
2025,seltsamen,seltsam,ADJ,nk,2026,Leuten
2026,Leuten,Leute,NOUN,nk,2023,von
2027,",",--,PUNCT,punct,2026,Leuten
2028,mit,mit,ADP,mo,2020,erzählte
2029,denen,der,PRON,nk,2028,mit
2030,ich,ich,PRON,dep,2020,erzählte
2031,verkehrt,verkehren,VERB,ROOT,2031,verkehrt
2032,",",--,PUNCT,punct,2031,verkehrt
2033,von,von,ADP,pg,2043,was
2034,ihren,ihr,DET,nk,2035,Sitten
2035,Sitten,Sitte,NOUN,nk,2033,von
2036,und,und,CCONJ,cd,2035,Sitten
2037,Gebräuchen,Gebräuche,NOUN,cj,2036,und
2038,",",--,PUNCT,punct,2033,von
2039,von,von,ADP,mo,2041,Wunderbaren
2040,allem,aller,PRON,nk,2039,von
2041,Wunderbaren,Wunderbar,NOUN,cj,2033,von
2042,",",--,PUNCT,punct,2041,Wunderbaren
2043,was,wer,PRON,ROOT,2043,was
2044,mir,mir,PRON,da,2043,was
2045,begegnet,begegnen,VERB,ROOT,2045,begegnet
2046,auf,auf,ADP,mo,2045,begegnet
2047,der,der,DET,nk,2049,Reise
2048,langen,lang,ADJ,nk,2049,Reise
2049,Reise,Reise,NOUN,nk,2046,auf
2050,.,--,PUNCT,punct,2045,begegnet
2051,Sie,sie,PRON,sb,2052,hatte
2052,hatte,haben,AUX,ROOT,2052,hatte
2053,ihre,ihr,DET,nk,2055,Lust
2054,große,groß,ADJ,nk,2055,Lust
2055,Lust,Lust,NOUN,oa,2052,hatte
2056,daran,daran,ADV,mnr,2055,Lust
2057,und,und,CCONJ,cd,2052,hatte
2058,redete,reden,VERB,cj,2057,und
2059,wieder,wieder,ADV,mo,2060,zu
2060,zu,zu,ADP,ROOT,2060,zu
2061,mir,mir,PRON,nk,2060,zu
2062,von,von,ADP,pg,2060,zu
2063,den,der,DET,nk,2065,Fahrten
2064,wunderbaren,wunderbar,ADJ,nk,2065,Fahrten
2065,Fahrten,Fahrt,NOUN,nk,2062,von
2066,meines,mein,DET,nk,2067,Vaters
2067,Vaters,Vater,NOUN,ag,2065,Fahrten
2068,im,in,ADP,mnr,2067,Vaters
2069,höchsten,hoch,ADJ,nk,2070,Norden
2070,Norden,Norden,NOUN,nk,2068,im
2071,und,und,CCONJ,cd,2062,von
2072,tischte,tischen,VERB,ROOT,2072,tischte
2073,mir,mir,PRON,da,2072,tischte
2074,dagegen,dagegen,ADV,mo,2072,tischte
2075,manches,mancher,DET,nk,2077,Seemannsmärlein
2076,schauerliche,schauerlich,ADJ,nk,2077,Seemannsmärlein
2077,Seemannsmärlein,Seemannsmärlein,NOUN,oa,2072,tischte
2078,auf,auf,ADP,svp,2072,tischte
2079,",",--,PUNCT,punct,2072,tischte
2080,das,der,PRON,oa,2072,tischte
2081,ich,ich,PRON,sb,2080,das
2082,schon,schon,ADV,mo,2072,tischte
2083,hundertmal,hundertmal,ADV,mo,2084,gehört
2084,gehört,gehören,VERB,ROOT,2084,gehört
2085,",",--,PUNCT,punct,2084,gehört
2086,und,und,CCONJ,cd,2084,gehört
2087,an,an,ADP,mo,2095,hören
2088,dem,der,PRON,nk,2087,an
2089,ich,ich,PRON,sb,2096,konnte
2090,mich,sich,PRON,oa,2095,hören
2091,doch,doch,ADV,mo,2096,konnte
2092,gar,gar,ADV,mo,2093,nicht
2093,nicht,nicht,PART,ng,2096,konnte
2094,satt,satt,ADV,mo,2095,hören
2095,hören,hören,VERB,oc,2096,konnte
2096,konnte,können,AUX,cj,2086,und
2097,!,--,PUNCT,punct,2084,gehört
2098,–,--,PUNCT,punct,2099,Ach
2099,Ach,ach,INTJ,ROOT,2099,Ach
2100,!,--,PUNCT,punct,2099,Ach
2101,wer,wer,PRON,sb,2102,bringt
2102,bringt,bringen,VERB,ROOT,2102,bringt
2103,mir,sich,PRON,da,2102,bringt
2104,diese,dieser,DET,nk,2105,Freude
2105,Freude,Freude,NOUN,oa,2102,bringt
2106,wieder,wieder,ADV,svp,2102,bringt
2107,!,--,PUNCT,punct,2102,bringt
2108,–,--,PUNCT,punct,2115,See
2109,Nein,nein,PART,dm,2113,auf
2110,",",--,PUNCT,punct,2115,See
2111,niemals,niemals,ADV,mo,2113,auf
2112,mehr,mehr,ADV,mo,2111,niemals
2113,auf,auf,ADP,ROOT,2113,auf
2114,die,der,DET,nk,2115,See
2115,See,See,NOUN,nk,2113,auf
2116,.,--,PUNCT,punct,2113,auf
2117,Was,was,PRON,ROOT,2117,Was
2118,sollt,sollen,VERB,ROOT,2118,sollt
2119,',--,PUNCT,punct,2118,sollt
2120,ich,ich,PRON,sb,2118,sollt
2121,unter,unter,ADP,mo,2118,sollt
2122,den,der,DET,nk,2123,Kameraden
2123,Kameraden,Kamerad,NOUN,nk,2121,unter
2124,",",--,PUNCT,punct,2123,Kameraden
2125,die,der,PRON,sb,2129,würden
2126,mich,mich,PRON,da,2128,aushöhnen
2127,nur,nur,ADV,mo,2128,aushöhnen
2128,aushöhnen,aushöhn,NOUN,oc,2129,würden
2129,würden,werden,AUX,rc,2123,Kameraden
2130,",",--,PUNCT,punct,2118,sollt
2131,und,und,CCONJ,cd,2118,sollt
2132,wo,wo,SCONJ,mo,2133,sollt
2133,sollt,sollen,VERB,cj,2131,und
2134,',--,PUNCT,punct,2118,sollt
2135,ich,ich,PRON,sb,2137,hernehmen
2136,Lust,Lust,NOUN,oa,2137,hernehmen
2137,hernehmen,hernehmen,VERB,ROOT,2137,hernehmen
2138,zur,zu,ADP,mo,2137,hernehmen
2139,Arbeit,Arbeit,NOUN,nk,2138,zur
2140,",",--,PUNCT,punct,2139,Arbeit
2141,die,der,PRON,oa,2146,Treiben
2142,mir,mir,PRON,da,2146,Treiben
2143,nur,nur,ADV,mo,2146,Treiben
2144,ein,ein,DET,nk,2146,Treiben
2145,mühseliges,mühselig,ADJ,nk,2146,Treiben
2146,Treiben,treiben,NOUN,rc,2139,Arbeit
2147,um,um,ADP,mnr,2146,Treiben
2148,nichts,nichts,PRON,nk,2147,um
2149,dünken,dünken,VERB,oc,2150,würde
2150,würde,werden,AUX,ROOT,2150,würde
2151,!,--,PUNCT,punct,2150,würde
2152,«,--,PUNCT,punct,2150,würde
2153,»,--,PUNCT,punct,2155,höre
2154,Ich,ich,PRON,sb,2155,höre
2155,höre,hören,VERB,oc,2159,sprach
2156,Euch,euch,PRON,oa,2155,höre
2157,«,--,PUNCT,punct,2155,höre
2158,",",--,PUNCT,punct,2159,sprach
2159,sprach,sprechen,VERB,ROOT,2159,sprach
2160,der,der,DET,nk,2161,Alte
2161,Alte,Alte,NOUN,sb,2159,sprach
2162,",",--,PUNCT,punct,2159,sprach
2163,als,als,ADP,cp,2165,schwieg
2164,Elis,Elis,NOUN,sb,2165,schwieg
2165,schwieg,schweigen,VERB,mo,2159,sprach
2166,",",--,PUNCT,punct,2159,sprach
2167,»,--,PUNCT,punct,2169,höre
2168,ich,ich,PRON,sb,2169,höre
2169,höre,hören,VERB,cj,2155,höre
2170,Euch,euch,PRON,oa,2169,höre
2171,mit,mit,ADP,svp,2169,höre
2172,Vergnügen,Vergnüg,NOUN,oa,2173,reden
2173,reden,reden,VERB,ROOT,2173,reden
2174,",",--,PUNCT,punct,2173,reden
2175,junger,jung,ADJ,nk,2176,Mensch
2176,Mensch,Mensch,NOUN,cj,2173,reden
2177,",",--,PUNCT,punct,2173,reden
2178,so,so,ADV,mo,2173,reden
2179,wie,wie,SCONJ,cm,2182,seit
2180,ich,ich,PRON,sb,2182,seit
2181,schon,schon,ADV,mo,2182,seit
2182,seit,seit,ADP,cc,2178,so
2183,ein,ein,DET,nk,2184,paar
2184,paar,paar,DET,nk,2185,Stunden
2185,Stunden,Stunde,NOUN,nk,2182,seit
2186,",",--,PUNCT,punct,2182,seit
2187,ohne,ohne,SCONJ,cc,2178,so
2188,daß,daß,SCONJ,cp,2191,gewahrtet
2189,Ihr,ihr,PRON,sb,2191,gewahrtet
2190,mich,mich,PRON,oa,2191,gewahrtet
2191,gewahrtet,wahrten,VERB,ROOT,2191,gewahrtet
2192,",",--,PUNCT,punct,2191,gewahrtet
2193,Euer,Euer,ADV,nk,2195,Betragen
2194,ganzes,ganz,ADJ,nk,2195,Betragen
2195,Betragen,Betragen,NOUN,oa,2196,beobachtete
2196,beobachtete,beobachten,VERB,cj,2191,gewahrtet
2197,und,und,CCONJ,cd,2196,beobachtete
2198,meine,mein,DET,nk,2199,Freude
2199,Freude,Freude,NOUN,cj,2197,und
2200,daran,daran,ADV,mo,2191,gewahrtet
2201,hatte,haben,AUX,ROOT,2201,hatte
2202,.,--,PUNCT,punct,2201,hatte
2203,Alles,alle,PRON,sb,2213,beweist
2204,",",--,PUNCT,punct,2203,Alles
2205,was,wer,PRON,sb,2207,tatet
2206,Ihr,ihr,PRON,sb,2207,tatet
2207,tatet,taten,VERB,rc,2203,Alles
2208,",",--,PUNCT,punct,2207,tatet
2209,was,was,PRON,sb,2211,spracht
2210,Ihr,ihr,PRON,da,2211,spracht
2211,spracht,sprachen,VERB,oc,2207,tatet
2212,",",--,PUNCT,punct,2213,beweist
2213,beweist,beweisen,VERB,ROOT,2213,beweist
2214,",",--,PUNCT,punct,2213,beweist
2215,daß,daß,SCONJ,cp,2218,tiefes
2216,Ihr,ihr,PRON,da,2218,tiefes
2217,ein,ein,DET,nk,2218,tiefes
2218,tiefes,tief,ADJ,oc,2213,beweist
2219,",",--,PUNCT,punct,2218,tiefes
2220,in,in,ADP,cj,2218,tiefes
2221,sich,sich,PRON,oa,2223,gekehrtes
2222,selbst,selbst,ADV,mnr,2221,sich
2223,gekehrtes,gekehrt,ADJ,ROOT,2223,gekehrtes
2224,",",--,PUNCT,punct,2223,gekehrtes
2225,frommes,fromm,ADJ,nk,2228,Gemüt
2226,",",--,PUNCT,punct,2225,frommes
2227,kindliches,kindlich,ADJ,cj,2225,frommes
2228,Gemüt,Gemüt,NOUN,oa,2229,habt
2229,habt,haben,VERB,cj,2223,gekehrtes
2230,",",--,PUNCT,punct,2223,gekehrtes
2231,und,und,CCONJ,cd,2223,gekehrtes
2232,eine,ein,DET,nk,2234,Gabe
2233,schönere,schönerer,ADJ,nk,2234,Gabe
2234,Gabe,Gabe,NOUN,cj,2231,und
2235,konnte,können,AUX,ROOT,2235,konnte
2236,Euch,euch,PRON,da,2242,verleihen
2237,der,der,DET,nk,2239,Himmel
2238,hohe,hoch,ADJ,nk,2239,Himmel
2239,Himmel,Himmel,NOUN,sb,2235,konnte
2240,gar,gar,ADV,mo,2241,nicht
2241,nicht,nicht,PART,ng,2235,konnte
2242,verleihen,verleihen,VERB,oc,2235,konnte
2243,.,--,PUNCT,punct,2235,konnte
2244,Aber,aber,CCONJ,ju,2247,habt
2245,zum,zu,ADP,mo,2247,habt
2246,Seemann,Seemann,NOUN,nk,2245,zum
2247,habt,haben,AUX,ROOT,2247,habt
2248,Ihr,ihr,PRON,nk,2249,Eure
2249,Eure,euer,NOUN,oa,2247,habt
2250,Lebetage,Lebetage,NOUN,ROOT,2250,Lebetage
2251,gar,gar,ADV,mo,2252,nicht
2252,nicht,nicht,PART,ng,2255,getaugt
2253,im,in,ADP,mo,2255,getaugt
2254,mindesten,mindester,NOUN,nk,2253,im
2255,getaugt,taugen,VERB,oc,2250,Lebetage
2256,.,--,PUNCT,punct,2250,Lebetage
2257,Wie,wie,ADV,mo,2258,sollte
2258,sollte,sollen,AUX,ROOT,2258,sollte
2259,Euch,euch,PRON,da,2260,stillem
2260,stillem,still,ADJ,sb,2258,sollte
2261,",",--,PUNCT,punct,2260,stillem
2262,wohl,wohl,ADV,mo,2260,stillem
2263,gar,gar,ADV,mo,2264,zum
2264,zum,zu,ADP,mo,2258,sollte
2265,Trübsinn,Trübsinn,NOUN,oa,2266,geneigten
2266,geneigten,geneigt,VERB,ROOT,2266,geneigten
2267,Neriker,Neriker,NOUN,oa,2266,geneigten
2268,(,--,PUNCT,punct,2272,seid
2269,daß,daß,SCONJ,cp,2272,seid
2270,Ihr,ihr,PRON,sb,2272,seid
2271,das,der,PRON,pd,2272,seid
2272,seid,sein,AUX,oc,2266,geneigten
2273,",",--,PUNCT,punct,2272,seid
2274,seh,seh,X,dep,2266,geneigten
2275,',--,PUNCT,punct,2274,seh
2276,ich,ich,PRON,sb,2266,geneigten
2277,an,an,ADP,mo,2266,geneigten
2278,den,der,DET,nk,2279,Zügen
2279,Zügen,Züg,NOUN,nk,2277,an
2280,Eures,Eure,PROPN,ag,2279,Zügen
2281,Gesichts,Gesicht,NOUN,ROOT,2281,Gesichts
2282,",",--,PUNCT,punct,2281,Gesichts
2283,an,an,ADP,par,2281,Gesichts
2284,Eurer,Eurer,DET,nk,2286,Haltung
2285,ganzen,ganz,ADJ,nk,2286,Haltung
2286,Haltung,Haltung,NOUN,nk,2283,an
2287,),--,PUNCT,punct,2286,Haltung
2288,",",--,PUNCT,punct,2281,Gesichts
2289,wie,wie,ADV,mo,2290,sollte
2290,sollte,sollen,AUX,cc,2281,Gesichts
2291,Euch,euch,PRON,da,2290,sollte
2292,das,der,DET,nk,2295,Leben
2293,wilde,wild,ADJ,nk,2295,Leben
2294,unstete,unstet,ADJ,nk,2295,Leben
2295,Leben,Leben,NOUN,sb,2290,sollte
2296,auf,auf,ADP,svp,2290,sollte
2297,der,der,DET,nk,2298,See
2298,See,See,NOUN,sb,2299,zusagen
2299,zusagen,zusagen,VERB,ROOT,2299,zusagen
2300,?,--,PUNCT,punct,2299,zusagen
2301,Ihr,ihr,PRON,sb,2302,tut
2302,tut,tun,VERB,ROOT,2302,tut
2303,wohl,wohl,ADV,mo,2302,tut
2304,daran,daran,ADV,mo,2302,tut
2305,",",--,PUNCT,punct,2304,daran
2306,daß,daß,SCONJ,cp,2310,aufgebt
2307,Ihr,ihr,PRON,da,2310,aufgebt
2308,dies,dieser,PRON,nk,2309,Leben
2309,Leben,Leben,NOUN,oa,2310,aufgebt
2310,aufgebt,aufgebt,ADV,re,2304,daran
2311,für,für,ADP,mo,2310,aufgebt
2312,immer,immer,ADV,nk,2311,für
2313,.,--,PUNCT,punct,2302,tut
2314,Aber,aber,CCONJ,ROOT,2314,Aber
2315,die,der,DET,nk,2316,Hände
2316,Hände,Hand,NOUN,sb,2317,werdet
2317,werdet,werden,VERB,ROOT,2317,werdet
2318,Ihr,ihr,PRON,sb,2317,werdet
2319,doch,doch,ADV,mo,2317,werdet
2320,nicht,nicht,PART,ng,2317,werdet
2321,in,in,ADP,mo,2324,legen
2322,den,der,DET,nk,2323,Schoß
2323,Schoß,Schoß,NOUN,nk,2321,in
2324,legen,legen,VERB,oc,2317,werdet
2325,?,--,PUNCT,punct,2317,werdet
2326,–,--,PUNCT,punct,2327,Folgt
2327,Folgt,Folgen,VERB,ROOT,2327,Folgt
2328,meinem,mein,DET,nk,2329,Rat
2329,Rat,Rat,NOUN,da,2327,Folgt
2330,",",--,PUNCT,punct,2329,Rat
2331,Elis,Elis,PROPN,cj,2329,Rat
2332,Fröbom,Fröbom,PROPN,sb,2334,geht
2333,!,--,PUNCT,punct,2334,geht
2334,geht,gehen,VERB,oc,2338,werdet
2335,nach,nach,ADP,mo,2334,geht
2336,Falun,Falun,PROPN,nk,2335,nach
2337,",",--,PUNCT,punct,2338,werdet
2338,werdet,werden,VERB,ROOT,2338,werdet
2339,ein,ein,DET,nk,2340,Bergmann
2340,Bergmann,Bergmann,NOUN,sb,2338,werdet
2341,.,--,PUNCT,punct,2338,werdet
2342,Ihr,ihr,PRON,sb,2343,seid
2343,seid,sein,AUX,ROOT,2343,seid
2344,jung,jung,ADV,pd,2343,seid
2345,",",--,PUNCT,punct,2344,jung
2346,rüstig,rüstig,ADV,cj,2344,jung
2347,",",--,PUNCT,punct,2344,jung
2348,gewiß,gewiß,ADV,mo,2349,bald
2349,bald,bald,ADV,mo,2343,seid
2350,ein,ein,DET,nk,2352,Knappe
2351,tüchtiger,Tüchtiger,ADJ,nk,2352,Knappe
2352,Knappe,Knappe,NOUN,ROOT,2352,Knappe
2353,",",--,PUNCT,punct,2352,Knappe
2354,dann,dann,ADV,mo,2355,Hauer
2355,Hauer,Hauer,NOUN,cj,2352,Knappe
2356,",",--,PUNCT,punct,2355,Hauer
2357,Steiger,Steiger,NOUN,cj,2355,Hauer
2358,und,und,CCONJ,cd,2357,Steiger
2359,immer,immer,ADV,mo,2360,höher
2360,höher,hoch,ADV,cj,2358,und
2361,herauf,herauf,ADV,svp,2352,Knappe
2362,.,--,PUNCT,punct,2352,Knappe
2363,Ihr,ihr,PRON,sb,2364,habt
2364,habt,haben,AUX,ROOT,2364,habt
2365,tüchtige,tüchtig,ADJ,nk,2366,Dukaten
2366,Dukaten,Dukat,NOUN,sb,2376,verdient
2367,in,in,ADP,mnr,2366,Dukaten
2368,der,der,DET,nk,2369,Tasche
2369,Tasche,Tasche,NOUN,nk,2367,in
2370,",",--,PUNCT,punct,2366,Dukaten
2371,die,der,PRON,sb,2372,legt
2372,legt,legen,VERB,rc,2366,Dukaten
2373,Ihr,ihr,PRON,oa,2372,legt
2374,an,an,ADP,svp,2372,legt
2375,",",--,PUNCT,punct,2376,verdient
2376,verdient,verdienen,VERB,ROOT,2376,verdient
2377,dazu,dazu,ADV,mo,2376,verdient
2378,",",--,PUNCT,punct,2376,verdient
2379,kommt,kommen,VERB,cj,2376,verdient
2380,wohl,wohl,ADV,mo,2379,kommt
2381,gar,gar,ADV,mo,2379,kommt
2382,zum,zu,ADP,mo,2395,folgt
2383,Besitz,Besitz,NOUN,nk,2382,zum
2384,eines,ein,DET,nk,2385,Bergmannshemmans
2385,Bergmannshemmans,Bergmannshemman,NOUN,ag,2383,Besitz
2386,",",--,PUNCT,punct,2387,habt
2387,habt,haben,VERB,ROOT,2387,habt
2388,Eure,euer,DET,nk,2390,Kuxe
2389,eigne,eign,ADJ,nk,2390,Kuxe
2390,Kuxe,Kuxe,NOUN,sb,2387,habt
2391,in,in,ADP,mnr,2390,Kuxe
2392,der,der,DET,nk,2393,Grube
2393,Grube,Grube,NOUN,nk,2391,in
2394,",",--,PUNCT,punct,2395,folgt
2395,folgt,folgen,VERB,oc,2387,habt
2396,meinem,mein,DET,nk,2397,Rat
2397,Rat,Rat,NOUN,dep,2402,werdet
2398,",",--,PUNCT,punct,2397,Rat
2399,Elis,Elis,PROPN,pnc,2400,Fröbom
2400,Fröbom,Fröbom,PROPN,app,2397,Rat
2401,",",--,PUNCT,punct,2402,werdet
2402,werdet,werden,VERB,ROOT,2402,werdet
2403,ein,ein,DET,nk,2404,Bergmann
2404,Bergmann,Bergmann,NOUN,sb,2402,werdet
2405,!,--,PUNCT,punct,2402,werdet
2406,«,--,PUNCT,ROOT,2406,«
2407,Elis,Elis,PROPN,ROOT,2407,Elis
2408,Fröbom,Fröbom,PROPN,sb,2409,erschrak
2409,erschrak,Erschrak,VERB,ROOT,2409,erschrak
2410,beinahe,beinahe,ADV,mo,2411,über
2411,über,über,ADP,op,2409,erschrak
2412,die,der,DET,nk,2413,Worte
2413,Worte,Wort,NOUN,nk,2411,über
2414,des,der,DET,nk,2415,Alten
2415,Alten,alte,NOUN,ag,2413,Worte
2416,.,--,PUNCT,punct,2409,erschrak
2417,»,--,PUNCT,punct,2418,Wie
2418,Wie,wie,ADV,mo,2421,rief
2419,«,--,PUNCT,punct,2421,rief
2420,",",--,PUNCT,punct,2421,rief
2421,rief,rufen,VERB,ROOT,2421,rief
2422,er,er,PRON,sb,2421,rief
2423,",",--,PUNCT,punct,2421,rief
2424,»,--,PUNCT,punct,2421,rief
2425,was,wer,PRON,oa,2421,rief
2426,ratet,raten,VERB,ROOT,2426,ratet
2427,Ihr,ihr,PRON,sb,2426,ratet
2428,mir,mir,PRON,oa,2426,ratet
2429,?,--,PUNCT,punct,2426,ratet
2430,Von,von,ADP,op,2440,sonnenhellen
2431,der,der,DET,nk,2434,Erde
2432,schönen,schön,ADJ,nk,2434,Erde
2433,freien,frei,ADJ,nk,2434,Erde
2434,Erde,Erde,NOUN,nk,2430,Von
2435,",",--,PUNCT,punct,2434,Erde
2436,aus,aus,ADP,mo,2438,heitern
2437,dem,der,PRON,nk,2436,aus
2438,heitern,heitern,ADJ,rc,2434,Erde
2439,",",--,PUNCT,punct,2440,sonnenhellen
2440,sonnenhellen,sonnenhellen,VERB,ROOT,2440,sonnenhellen
2441,Himmel,Himmel,NOUN,oa,2451,soll
2442,",",--,PUNCT,punct,2441,Himmel
2443,der,der,PRON,sb,2445,umgibt
2444,mich,mich,PRON,oa,2445,umgibt
2445,umgibt,umgiben,VERB,rc,2441,Himmel
2446,",",--,PUNCT,punct,2441,Himmel
2447,labend,labend,ADV,par,2441,Himmel
2448,",",--,PUNCT,punct,2441,Himmel
2449,erquickend,erquickend,ADV,par,2441,Himmel
2450,",",--,PUNCT,punct,2451,soll
2451,soll,sollen,AUX,ROOT,2451,soll
2452,ich,ich,PRON,sb,2451,soll
2453,hinaus,hinaus,ADP,svp,2451,soll
2454,–,--,PUNCT,punct,2451,soll
2455,hinab,hinab,ADV,mo,2456,in
2456,in,in,ADP,mo,2451,soll
2457,die,der,DET,nk,2456,in
2458,schauerliche,schauerlich,ADJ,nk,2459,Höllentiefe
2459,Höllentiefe,Höllentief,NOUN,sb,2464,wühlen
2460,und,und,CCONJ,cd,2459,Höllentiefe
2461,dem,der,DET,nk,2462,Maulwurf
2462,Maulwurf,Maulwurf,NOUN,cj,2460,und
2463,gleich,gleich,ADV,mo,2464,wühlen
2464,wühlen,wühlen,VERB,ROOT,2464,wühlen
2465,und,und,CCONJ,cd,2464,wühlen
2466,wühlen,wühlen,VERB,cj,2465,und
2467,nach,nach,ADP,mo,2466,wühlen
2468,Erzen,Erz,NOUN,nk,2467,nach
2469,und,und,CCONJ,ROOT,2469,und
2470,Metallen,Metall,NOUN,cj,2469,und
2471,",",--,PUNCT,punct,2470,Metallen
2472,schnöden,schnöd,ADJ,nk,2473,Gewinns
2473,Gewinns,Gewinn,NOUN,cj,2469,und
2474,halber,halber,ADV,cj,2469,und
2475,?,--,PUNCT,punct,2469,und
2476,«,--,PUNCT,ROOT,2476,«
2477,»,--,PUNCT,punct,2479,ist
2478,So,so,ADV,mo,2479,ist
2479,ist,sein,AUX,oc,2482,rief
2480,«,--,PUNCT,punct,2479,ist
2481,",",--,PUNCT,punct,2482,rief
2482,rief,rufen,VERB,ROOT,2482,rief
2483,der,der,DET,nk,2484,Alte
2484,Alte,Alte,NOUN,sb,2482,rief
2485,erzürnt,erzürnen,VERB,oc,2482,rief
2486,",",--,PUNCT,punct,2485,erzürnt
2487,»,--,PUNCT,punct,2489,ist
2488,so,so,ADV,mo,2489,ist
2489,ist,sein,AUX,oc,2485,erzürnt
2490,nun,nun,ADV,mo,2489,ist
2491,das,der,DET,nk,2492,Volk
2492,Volk,Volk,NOUN,sb,2489,ist
2493,",",--,PUNCT,punct,2489,ist
2494,es,es,PRON,sb,2495,verachtet
2495,verachtet,verachten,VERB,cj,2482,rief
2496,das,der,PRON,oa,2495,verachtet
2497,",",--,PUNCT,punct,2495,verachtet
2498,was,wer,PRON,oa,2495,verachtet
2499,es,es,PRON,dep,2495,verachtet
2500,nicht,nicht,PART,ng,2502,erkennen
2501,zu,zu,PART,pm,2502,erkennen
2502,erkennen,erkennen,VERB,oc,2503,vermag
2503,vermag,vermögen,VERB,ROOT,2503,vermag
2504,.,--,PUNCT,punct,2503,vermag
2505,Schnöder,Schnöder,ADJ,nk,2506,Gewinn
2506,Gewinn,Gewinn,NOUN,ROOT,2506,Gewinn
2507,!,--,PUNCT,punct,2506,Gewinn
2508,Als,als,SCONJ,cm,2512,Quälerei
2509,ob,ob,SCONJ,cp,2512,Quälerei
2510,alle,aller,DET,nk,2512,Quälerei
2511,grausame,grausam,ADJ,nk,2512,Quälerei
2512,Quälerei,Quälerei,NOUN,ROOT,2512,Quälerei
2513,auf,auf,ADP,mnr,2512,Quälerei
2514,der,der,DET,nk,2515,Oberfläche
2515,Oberfläche,Oberfläche,NOUN,ROOT,2515,Oberfläche
2516,der,der,DET,nk,2517,Erde
2517,Erde,Erde,NOUN,ag,2515,Oberfläche
2518,",",--,PUNCT,punct,2515,Oberfläche
2519,wie,wie,SCONJ,mo,2523,herbeiführt
2520,sie,sie,PRON,oa,2523,herbeiführt
2521,der,der,DET,nk,2522,Handel
2522,Handel,Handel,NOUN,sb,2523,herbeiführt
2523,herbeiführt,herbeiführt,VERB,mnr,2515,Oberfläche
2524,",",--,PUNCT,punct,2515,Oberfläche
2525,sich,sich,PRON,oa,2527,gestalte
2526,edler,edl,ADV,mo,2527,gestalte
2527,gestalte,gestalt,ADJ,rc,2515,Oberfläche
2528,als,als,SCONJ,cm,2530,Arbeit
2529,die,der,DET,nk,2530,Arbeit
2530,Arbeit,Arbeit,NOUN,ROOT,2530,Arbeit
2531,des,der,DET,nk,2532,Bergmanns
2532,Bergmanns,Bergmann,NOUN,ag,2530,Arbeit
2533,",",--,PUNCT,punct,2532,Bergmanns
2534,dessen,dessen,DET,ag,2535,Wissenschaft
2535,Wissenschaft,Wissenschaft,NOUN,app,2532,Bergmanns
2536,",",--,PUNCT,punct,2535,Wissenschaft
2537,dessen,der,DET,ag,2539,Fleiß
2538,unverdrossenem,unverdrossen,ADJ,nk,2539,Fleiß
2539,Fleiß,Fleiß,NOUN,app,2530,Arbeit
2540,die,der,DET,nk,2541,Natur
2541,Natur,Natur,NOUN,sb,2545,erschließt
2542,ihre,ihr,DET,nk,2544,Schatzkammern
2543,geheimsten,geheimst,ADJ,nk,2544,Schatzkammern
2544,Schatzkammern,Schatzkammer,NOUN,oa,2545,erschließt
2545,erschließt,erschließen,VERB,ROOT,2545,erschließt
2546,.,--,PUNCT,punct,2545,erschließt
2547,Du,du,PRON,sb,2548,sprichst
2548,sprichst,sprichen,VERB,ROOT,2548,sprichst
2549,von,von,ADP,mo,2548,sprichst
2550,schnödem,schnöd,ADJ,nk,2549,von
2551,Gewinn,Gewinn,NOUN,ROOT,2551,Gewinn
2552,",",--,PUNCT,punct,2551,Gewinn
2553,Elis,Elis,PROPN,pnc,2554,Fröbom
2554,Fröbom,Fröbom,PROPN,cj,2551,Gewinn
2555,!,--,PUNCT,punct,2551,Gewinn
2556,–,--,PUNCT,punct,2560,möchte
2557,ei,ei,X,vo,2560,möchte
2558,",",--,PUNCT,punct,2560,möchte
2559,es,es,PRON,sb,2560,möchte
2560,möchte,möchten,AUX,ROOT,2560,möchte
2561,hier,hier,ADV,mo,2560,möchte
2562,wohl,wohl,ADV,mo,2560,möchte
2563,noch,noch,ADV,mo,2564,Höheres
2564,Höheres,Höheres,NOUN,sb,2560,möchte
2565,gelten,gelten,VERB,oc,2560,möchte
2566,.,--,PUNCT,punct,2560,möchte
2567,Wenn,wenn,SCONJ,cp,2568,der
2568,der,der,DET,ROOT,2568,der
2569,blinde,blind,ADJ,nk,2570,Maulwurf
2570,Maulwurf,Maulwurf,NOUN,ROOT,2570,Maulwurf
2571,in,in,ADP,mnr,2570,Maulwurf
2572,blindem,blind,ADJ,nk,2573,Instinkt
2573,Instinkt,Instinkt,NOUN,nk,2571,in
2574,die,der,DET,nk,2575,Erde
2575,Erde,Erde,NOUN,sb,2570,Maulwurf
2576,durchwühlt,durchwühlen,VERB,oc,2570,Maulwurf
2577,",",--,PUNCT,punct,2578,so
2578,so,so,ADV,mo,2579,möcht
2579,möcht,möchen,VERB,par,2570,Maulwurf
2580,',--,PUNCT,punct,2579,möcht
2581,es,es,PRON,ep,2579,möcht
2582,wohl,wohl,ADV,mo,2579,möcht
2583,sein,sein,AUX,ROOT,2583,sein
2584,",",--,PUNCT,punct,2583,sein
2585,daß,daß,SCONJ,cp,2586,in
2586,in,in,ADP,dep,2583,sein
2587,der,der,DET,nk,2589,Teufe
2588,tiefsten,tief,ADJ,nk,2589,Teufe
2589,Teufe,Teufe,NOUN,nk,2586,in
2590,bei,bei,ADP,mnr,2589,Teufe
2591,dem,der,DET,nk,2593,Schimmer
2592,schwachen,schwach,ADJ,nk,2593,Schimmer
2593,Schimmer,Schimmer,NOUN,nk,2590,bei
2594,des,der,DET,nk,2595,Grubenlichts
2595,Grubenlichts,Grubenlicht,NOUN,ag,2593,Schimmer
2596,des,der,DET,sb,2583,sein
2597,Menschen,Mensch,NOUN,ROOT,2597,Menschen
2598,Auge,Auge,NOUN,pd,2600,wird
2599,hellsehender,hellsehend,ADV,mnr,2598,Auge
2600,wird,werden,AUX,ROOT,2600,wird
2601,",",--,PUNCT,punct,2600,wird
2602,ja,ja,ADV,mo,2607,sich
2603,daß,daß,SCONJ,cp,2607,sich
2604,es,es,PRON,par,2607,sich
2605,endlich,endlich,ADV,mo,2604,es
2606,",",--,PUNCT,punct,2605,endlich
2607,sich,sich,PRON,dep,2600,wird
2608,mehr,mehr,ADV,mo,2607,sich
2609,und,und,CCONJ,cd,2608,mehr
2610,mehr,mehr,PRON,cj,2609,und
2611,erkräftigend,erkräftigend,ADV,ROOT,2611,erkräftigend
2612,",",--,PUNCT,punct,2611,erkräftigend
2613,in,in,ADP,mo,2621,erkennen
2614,dem,der,DET,nk,2616,Gestein
2615,wunderbaren,wunderbar,ADJ,nk,2616,Gestein
2616,Gestein,Gestein,NOUN,nk,2613,in
2617,die,der,DET,nk,2618,Abspiegelung
2618,Abspiegelung,Abspiegelung,NOUN,oa,2621,erkennen
2619,dessen,der,PRON,ag,2618,Abspiegelung
2620,zu,zu,PART,pm,2621,erkennen
2621,erkennen,erkennen,VERB,oc,2611,erkräftigend
2622,vermag,vermögen,VERB,ROOT,2622,vermag
2623,",",--,PUNCT,punct,2622,vermag
2624,was,wer,PRON,oa,2629,verborgen
2625,oben,oben,ADV,mo,2629,verborgen
2626,über,über,ADP,mo,2629,verborgen
2627,den,der,DET,nk,2628,Wolken
2628,Wolken,Wolke,NOUN,nk,2626,über
2629,verborgen,verbergen,VERB,oc,2622,vermag
2630,.,--,PUNCT,punct,2622,vermag
2631,Du,du,PRON,sb,2632,weißt
2632,weißt,weißen,VERB,ROOT,2632,weißt
2633,nichts,nichts,PRON,oa,2632,weißt
2634,von,von,ADP,op,2632,weißt
2635,dem,der,DET,nk,2636,Bergbau
2636,Bergbau,Bergbau,NOUN,nk,2634,von
2637,",",--,PUNCT,punct,2632,weißt
2638,Elis,Elis,PROPN,pnc,2639,Fröbom
2639,Fröbom,Fröbom,PROPN,ROOT,2639,Fröbom
2640,",",--,PUNCT,punct,2639,Fröbom
2641,laß,Laß,PROPN,par,2639,Fröbom
2642,dir,dir,PRON,nk,2641,laß
2643,davon,davon,ADV,op,2644,erzählen
2644,erzählen,erzählen,VERB,oc,2639,Fröbom
2645,.,--,PUNCT,punct,2639,Fröbom
2646,«,--,PUNCT,ROOT,2646,«
2647,Mit,mit,ADP,mo,2650,setzte
2648,diesen,dieser,DET,nk,2649,Worten
2649,Worten,Wort,NOUN,nk,2647,Mit
2650,setzte,setzen,VERB,ROOT,2650,setzte
2651,sich,sich,PRON,oa,2650,setzte
2652,der,der,DET,nk,2653,Alte
2653,Alte,Alte,NOUN,sb,2650,setzte
2654,hin,hin,ADV,mo,2650,setzte
2655,auf,auf,ADP,mo,2650,setzte
2656,die,der,DET,nk,2657,Bank
2657,Bank,Bank,NOUN,nk,2655,auf
2658,neben,neben,ADP,mnr,2657,Bank
2659,Elis,Elis,PROPN,nk,2658,neben
2660,und,und,CCONJ,cd,2650,setzte
2661,begann,beginnen,VERB,cj,2660,und
2662,sehr,sehr,ADV,mo,2663,ausführlich
2663,ausführlich,ausführlich,ADV,mo,2665,beschreiben
2664,zu,zu,PART,pm,2665,beschreiben
2665,beschreiben,beschreiben,VERB,ROOT,2665,beschreiben
2666,",",--,PUNCT,punct,2665,beschreiben
2667,wie,wie,SCONJ,mo,2672,hergehe
2668,es,es,PRON,ep,2672,hergehe
2669,bei,bei,ADP,mo,2672,hergehe
2670,dem,der,DET,nk,2671,Bergbau
2671,Bergbau,Bergbau,NOUN,nk,2669,bei
2672,hergehe,hergehen,VERB,mo,2665,beschreiben
2673,",",--,PUNCT,punct,2665,beschreiben
2674,und,und,CCONJ,cd,2665,beschreiben
2675,mühte,mühen,VERB,cj,2674,und
2676,sich,sich,PRON,ROOT,2676,sich
2677,",",--,PUNCT,punct,2681,Farben
2678,mit,mit,ADP,re,2676,sich
2679,den,der,DET,nk,2681,Farben
2680,lebendigsten,lebendigst,ADJ,nk,2681,Farben
2681,Farben,Farbe,NOUN,nk,2678,mit
2682,dem,der,DET,nk,2683,Unwissenden
2683,Unwissenden,Unwissende,NOUN,nk,2678,mit
2684,alles,alle,PRON,dep,2676,sich
2685,recht,recht,ADV,mo,2686,deutlich
2686,deutlich,deutlich,ADV,pd,2676,sich
2687,vor,vor,ADP,ROOT,2687,vor
2688,Augen,Auge,NOUN,oa,2690,bringen
2689,zu,zu,PART,pm,2690,bringen
2690,bringen,bringen,VERB,ROOT,2690,bringen
2691,.,--,PUNCT,punct,2690,bringen
2692,Er,er,PRON,sb,2693,kam
2693,kam,kommen,VERB,ROOT,2693,kam
2694,auf,auf,ADP,mo,2693,kam
2695,die,der,DET,nk,2696,Bergwerke
2696,Bergwerke,Bergwerk,NOUN,nk,2694,auf
2697,von,von,ADP,pg,2696,Bergwerke
2698,Falun,Falun,PROPN,nk,2697,von
2699,",",--,PUNCT,punct,2698,Falun
2700,in,in,ADP,mo,2693,kam
2701,denen,der,PRON,nk,2700,in
2702,er,er,PRON,dep,2693,kam
2703,",",--,PUNCT,punct,2702,er
2704,wie,wie,SCONJ,cm,2705,er
2705,er,er,PRON,cc,2702,er
2706,sagte,sagen,VERB,ROOT,2706,sagte
2707,",",--,PUNCT,punct,2706,sagte
2708,seit,seit,ADP,mo,2712,gearbeitet
2709,seiner,sein,DET,nk,2711,Jugend
2710,frühen,früh,ADJ,nk,2711,Jugend
2711,Jugend,Jugend,NOUN,nk,2708,seit
2712,gearbeitet,arbeiten,VERB,oc,2706,sagte
2713,",",--,PUNCT,punct,2706,sagte
2714,er,er,PRON,sb,2715,beschrieb
2715,beschrieb,beschreiben,VERB,oc,2706,sagte
2716,die,der,DET,nk,2717,große
2717,große,groß,ADJ,oa,2715,beschrieb
2718,Tagesöffnung,Tagesöffnung,NOUN,sb,2729,sprach
2719,mit,mit,ADP,mnr,2718,Tagesöffnung
2720,den,der,DET,nk,2722,Wänden
2721,schwarzbraunen,schwarzbraun,ADJ,nk,2722,Wänden
2722,Wänden,Wand,NOUN,nk,2719,mit
2723,",",--,PUNCT,punct,2722,Wänden
2724,die,der,PRON,sb,2726,anzutreffen
2725,dort,dort,ADV,mo,2726,anzutreffen
2726,anzutreffen,antreffen,VERB,rc,2722,Wänden
2727,",",--,PUNCT,punct,2726,anzutreffen
2728,er,er,PRON,sb,2729,sprach
2729,sprach,sprechen,VERB,ROOT,2729,sprach
2730,von,von,ADP,op,2729,sprach
2731,dem,der,DET,nk,2733,Reichtum
2732,unermeßlichen,unermeßlich,ADJ,nk,2733,Reichtum
2733,Reichtum,Reichtum,NOUN,ROOT,2733,Reichtum
2734,der,der,DET,nk,2735,Erzgrube
2735,Erzgrube,Erzgrube,NOUN,ag,2733,Reichtum
2736,an,an,ADP,mnr,2735,Erzgrube
2737,dem,der,DET,nk,2739,Gestein
2738,schönsten,schön,ADJ,nk,2739,Gestein
2739,Gestein,Gestein,NOUN,nk,2736,an
2740,.,--,PUNCT,punct,2733,Reichtum
2741,Immer,immer,ADV,ROOT,2741,Immer
2742,lebendiger,lebendig,ADV,pd,2745,wurde
2743,und,und,CCONJ,cd,2742,lebendiger
2744,lebendiger,lebendiger,ADV,cj,2743,und
2745,wurde,werden,AUX,ROOT,2745,wurde
2746,seine,sein,DET,nk,2747,Rede
2747,Rede,Rede,NOUN,sb,2745,wurde
2748,",",--,PUNCT,punct,2745,wurde
2749,immer,immer,ADV,mo,2750,glühender
2750,glühender,glühend,ADJ,mo,2752,Blick
2751,sein,sein,DET,nk,2752,Blick
2752,Blick,Blick,NOUN,cj,2745,wurde
2753,.,--,PUNCT,punct,2745,wurde
2754,Er,er,PRON,ROOT,2754,Er
2755,durchwanderte,durchwandern,VERB,ROOT,2755,durchwanderte
2756,die,der,DET,nk,2757,Schachten
2757,Schachten,Schachte,NOUN,oa,2755,durchwanderte
2758,wie,wie,ADP,cm,2760,Gänge
2759,die,der,DET,nk,2760,Gänge
2760,Gänge,Gang,NOUN,cc,2757,Schachten
2761,eines,ein,DET,nk,2762,Zaubergartens
2762,Zaubergartens,Zaubergarten,NOUN,ag,2760,Gänge
2763,.,--,PUNCT,punct,2755,durchwanderte
2764,Das,der,DET,nk,2765,Gestein
2765,Gestein,Gestein,NOUN,ROOT,2765,Gestein
2766,lebte,leben,VERB,ROOT,2766,lebte
2767,auf,auf,ADP,svp,2766,lebte
2768,",",--,PUNCT,punct,2766,lebte
2769,die,der,DET,nk,2770,Fossile
2770,Fossile,Fossil,NOUN,sb,2771,regten
2771,regten,regen,VERB,oc,2766,lebte
2772,sich,sich,PRON,oa,2771,regten
2773,",",--,PUNCT,punct,2771,regten
2774,der,der,DET,nk,2776,Pyrosmalith
2775,wunderbare,wunderbar,ADJ,nk,2776,Pyrosmalith
2776,Pyrosmalith,Pyrosmalith,PROPN,ROOT,2776,Pyrosmalith
2777,",",--,PUNCT,punct,2776,Pyrosmalith
2778,der,der,DET,nk,2779,Almandin
2779,Almandin,Almandin,NOUN,app,2776,Pyrosmalith
2780,blitzten,blitzn,VERB,ROOT,2780,blitzten
2781,im,in,ADP,mo,2780,blitzten
2782,Schein,Schein,NOUN,nk,2781,im
2783,der,der,DET,nk,2784,Grubenlichter
2784,Grubenlichter,Grubenlichter,NOUN,ag,2782,Schein
2785,–,--,PUNCT,punct,2780,blitzten
2786,Die,der,DET,nk,2787,Bergkristalle
2787,Bergkristalle,Bergkristall,NOUN,sb,2788,leuchteten
2788,leuchteten,leuchteen,VERB,oc,2780,blitzten
2789,und,und,CCONJ,cd,2788,leuchteten
2790,flimmerten,flimmern,VERB,ROOT,2790,flimmerten
2791,durcheinander,durcheinander,ADV,svp,2790,flimmerten
2792,.,--,PUNCT,punct,2790,flimmerten
2793,Elis,elis,PROPN,sb,2794,horchte
2794,horchte,horchen,VERB,ROOT,2794,horchte
2795,auf,auf,ADP,svp,2794,horchte
2796,;,--,PUNCT,punct,2794,horchte
2797,des,der,DET,nk,2800,Weise
2798,Alten,alt,ADJ,nk,2800,Weise
2799,seltsame,seltsam,ADJ,nk,2800,Weise
2800,Weise,Weise,NOUN,app,2794,horchte
2801,",",--,PUNCT,punct,2800,Weise
2802,von,von,ADP,mnr,2800,Weise
2803,den,der,DET,nk,2805,Wundern
2804,unterirdischen,unterirdisch,ADJ,nk,2805,Wundern
2805,Wundern,Wunder,NOUN,nk,2802,von
2806,zu,zu,ADP,svp,2794,horchte
2807,reden,reden,VERB,sb,2817,erfaßte
2808,",",--,PUNCT,punct,2807,reden
2809,als,als,SCONJ,cm,2810,stehe
2810,stehe,stehen,VERB,oc,2807,reden
2811,er,er,PRON,sb,2810,stehe
2812,gerade,gerade,ADV,mo,2810,stehe
2813,in,in,ADP,mo,2810,stehe
2814,ihrer,ihr,DET,nk,2815,Mitte
2815,Mitte,Mitte,NOUN,nk,2813,in
2816,",",--,PUNCT,punct,2817,erfaßte
2817,erfaßte,erfassen,VERB,ROOT,2817,erfaßte
2818,sein,sein,DET,nk,2820,Ich
2819,ganzes,ganz,ADJ,nk,2820,Ich
2820,Ich,ich,NOUN,oa,2817,erfaßte
2821,.,--,PUNCT,punct,2817,erfaßte
2822,Er,er,PRON,sb,2823,fühlte
2823,fühlte,fühlen,VERB,ROOT,2823,fühlte
2824,seine,sein,DET,nk,2825,Brust
2825,Brust,Brust,NOUN,oa,2826,beklemmt
2826,beklemmt,beklemmen,VERB,ROOT,2826,beklemmt
2827,",",--,PUNCT,punct,2826,beklemmt
2828,es,es,PRON,sb,2829,war
2829,war,sein,AUX,oc,2826,beklemmt
2830,ihm,ihm,PRON,da,2829,war
2831,",",--,PUNCT,punct,2829,war
2832,als,als,SCONJ,cm,2833,sei
2833,sei,sein,AUX,mo,2829,war
2834,er,er,PRON,sb,2833,sei
2835,schon,schon,ADV,mo,2836,hinabgefahren
2836,hinabgefahren,hinabgefahren,VERB,oc,2833,sei
2837,mit,mit,ADP,mo,2836,hinabgefahren
2838,dem,der,DET,nk,2839,Alten
2839,Alten,alte,NOUN,nk,2837,mit
2840,in,in,ADP,ROOT,2840,in
2841,die,der,DET,nk,2842,Tiefe
2842,Tiefe,Tiefe,NOUN,nk,2840,in
2843,",",--,PUNCT,punct,2840,in
2844,und,und,CCONJ,cd,2840,in
2845,ein,ein,DET,nk,2847,Zauber
2846,mächtiger,mächtig,ADJ,nk,2847,Zauber
2847,Zauber,Zauber,NOUN,sb,2848,halte
2848,halte,halten,VERB,cj,2844,und
2849,ihn,ihn,PRON,oa,2848,halte
2850,unten,unten,ADV,mo,2848,halte
2851,fest,fest,ADV,svp,2848,halte
2852,",",--,PUNCT,punct,2848,halte
2853,so,so,ADV,mo,2855,er
2854,daß,daß,SCONJ,punct,2853,so
2855,er,er,PRON,ROOT,2855,er
2856,nie,nie,ADV,mo,2855,er
2857,mehr,mehr,ADV,mo,2856,nie
2858,das,der,DET,nk,2860,Licht
2859,freundliche,freundlich,ADJ,nk,2860,Licht
2860,Licht,Licht,NOUN,sb,2864,werde
2861,des,der,DET,nk,2862,Tages
2862,Tages,Tag,NOUN,ag,2860,Licht
2863,schauen,schauen,VERB,oc,2864,werde
2864,werde,werden,AUX,ROOT,2864,werde
2865,.,--,PUNCT,punct,2864,werde
2866,Und,und,CCONJ,ju,2868,war
2867,doch,doch,ADV,mo,2868,war
2868,war,sein,AUX,ROOT,2868,war
2869,es,es,PRON,sb,2868,war
2870,ihm,ihm,PRON,da,2868,war
2871,wieder,wieder,ADV,mo,2868,war
2872,",",--,PUNCT,punct,2868,war
2873,als,als,ADP,mo,2868,war
2874,habe,haben,AUX,ROOT,2874,habe
2875,ihm,ihm,PRON,da,2882,erschlossen
2876,der,der,DET,nk,2877,Alte
2877,Alte,Alte,NOUN,sb,2874,habe
2878,eine,ein,DET,nk,2881,Welt
2879,neue,neu,ADJ,nk,2881,Welt
2880,unbekannte,unbekannt,ADJ,nk,2881,Welt
2881,Welt,Welt,NOUN,sb,2874,habe
2882,erschlossen,erschließen,VERB,oc,2874,habe
2883,",",--,PUNCT,punct,2882,erschlossen
2884,in,in,ADP,mo,2882,erschlossen
2885,die,der,PRON,nk,2884,in
2886,er,er,PRON,sb,2874,habe
2887,hineingehöre,hineingehören,VERB,ROOT,2887,hineingehöre
2888,",",--,PUNCT,punct,2887,hineingehöre
2889,und,und,CCONJ,cd,2887,hineingehöre
2890,aller,aller,DET,nk,2891,Zauber
2891,Zauber,Zauber,NOUN,sb,2894,sei
2892,dieser,dieser,DET,nk,2893,Welt
2893,Welt,Welt,NOUN,ag,2891,Zauber
2894,sei,sein,AUX,cj,2889,und
2895,ihm,ihm,PRON,da,2894,sei
2896,schon,schon,ADV,mo,2894,sei
2897,zur,zu,ADP,mo,2894,sei
2898,frühesten,frühest,ADJ,nk,2897,zur
2899,Knabenzeit,Knabenzeit,NOUN,ROOT,2899,Knabenzeit
2900,in,in,ADP,mo,2904,aufgegangen
2901,seltsamen,seltsam,ADJ,nk,2903,Ahnungen
2902,geheimnisvollen,geheimnisvoll,ADJ,nk,2903,Ahnungen
2903,Ahnungen,Ahnung,NOUN,nk,2900,in
2904,aufgegangen,aufgehen,VERB,oc,2899,Knabenzeit
2905,.,--,PUNCT,punct,2899,Knabenzeit
2906,–,--,PUNCT,ROOT,2906,–
2907,»,--,PUNCT,punct,2909,habe
2908,Ich,ich,PRON,sb,2909,habe
2909,habe,haben,VERB,oc,2912,sprach
2910,«,--,PUNCT,punct,2909,habe
2911,",",--,PUNCT,punct,2912,sprach
2912,sprach,sprechen,VERB,ROOT,2912,sprach
2913,endlich,endlich,ADV,mo,2912,sprach
2914,der,der,DET,nk,2915,Alte
2915,Alte,alt,NOUN,sb,2912,sprach
2916,",",--,PUNCT,punct,2912,sprach
2917,»,--,PUNCT,punct,2919,habe
2918,Ich,ich,PRON,sb,2919,habe
2919,habe,haben,AUX,oc,2912,sprach
2920,Euch,euch,PRON,oa,2919,habe
2921,",",--,PUNCT,punct,2920,Euch
2922,Elis,Elis,PROPN,pnc,2923,Fröbom
2923,Fröbom,Fröbom,PROPN,cj,2920,Euch
2924,",",--,PUNCT,punct,2919,habe
2925,alle,alle,PRON,dep,2912,sprach
2926,Herrlichkeit,Herrlichkeit,NOUN,ROOT,2926,Herrlichkeit
2927,eines,ein,DET,nk,2928,Standes
2928,Standes,Stand,NOUN,ag,2926,Herrlichkeit
2929,dargetan,dargetan,ADV,oc,2926,Herrlichkeit
2930,",",--,PUNCT,punct,2929,dargetan
2931,zu,zu,ADP,mo,2926,Herrlichkeit
2932,dem,der,PRON,nk,2931,zu
2933,Euch,euch,PRON,oa,2926,Herrlichkeit
2934,die,der,DET,nk,2935,Natur
2935,Natur,Natur,NOUN,sb,2926,Herrlichkeit
2936,recht,Recht,ADV,mo,2937,eigentlich
2937,eigentlich,eigentlich,ADV,mo,2926,Herrlichkeit
2938,bestimmte,bestimmen,VERB,ROOT,2938,bestimmte
2939,.,--,PUNCT,punct,2938,bestimmte
2940,Geht,gehen,VERB,ROOT,2940,Geht
2941,nur,nur,ADV,mo,2942,mit
2942,mit,mit,ADP,mo,2940,Geht
2943,Euch,euch,PRON,nk,2942,mit
2944,selbst,selbst,ADV,mnr,2943,Euch
2945,zu,zu,ADP,mo,2940,Geht
2946,Rate,Rate,NOUN,nk,2945,zu
2947,und,und,CCONJ,cd,2940,Geht
2948,tut,tun,VERB,cj,2947,und
2949,dann,dann,ADV,mo,2948,tut
2950,",",--,PUNCT,punct,2948,tut
2951,wie,wie,SCONJ,cm,2953,Sinn
2952,Euer,euer,DET,nk,2953,Sinn
2953,Sinn,Sinn,NOUN,mo,2948,tut
2954,es,es,PRON,oa,2953,Sinn
2955,Euch,euch,PRON,oa,2948,tut
2956,eingibt,eingeben,VERB,ROOT,2956,eingibt
2957,!,--,PUNCT,punct,2956,eingibt
2958,«,--,PUNCT,punct,2956,eingibt
2959,Damit,damit,ADV,mo,2960,sprang
2960,sprang,springen,VERB,ROOT,2960,sprang
2961,der,der,DET,nk,2962,Alte
2962,Alte,alte,NOUN,sb,2960,sprang
2963,hastig,hastig,ADV,mo,2960,sprang
2964,auf,auf,ADP,ac,2965,von
2965,von,von,ADP,mo,2960,sprang
2966,der,der,DET,nk,2967,Bank
2967,Bank,Bank,NOUN,nk,2965,von
2968,und,und,CCONJ,cd,2965,von
2969,schritt,Schritt,NOUN,cj,2968,und
2970,von,von,ADP,mnr,2969,schritt
2971,dannen,dannen,NOUN,nk,2970,von
2972,",",--,PUNCT,punct,2971,dannen
2973,ohne,ohne,ADP,mo,2960,sprang
2974,Elis,elis,NOUN,nk,2973,ohne
2975,weiter,weiter,ADV,mo,2977,grüßen
2976,zu,zu,PART,pm,2977,grüßen
2977,grüßen,grüßen,VERB,ROOT,2977,grüßen
2978,oder,oder,CCONJ,cd,2977,grüßen
2979,sich,sich,PRON,oa,2982,umzuschauen
2980,nach,nach,ADP,mo,2982,umzuschauen
2981,ihm,ihm,PRON,nk,2980,nach
2982,umzuschauen,umschauen,VERB,cj,2978,oder
2983,.,--,PUNCT,punct,2977,grüßen
2984,Bald,bald,ADV,mo,2985,war
2985,war,sein,AUX,ROOT,2985,war
2986,er,er,PRON,sb,2985,war
2987,seinem,sein,DET,nk,2988,Blick
2988,Blick,Blick,NOUN,da,2985,war
2989,entschwunden,entschwunden,VERB,ROOT,2989,entschwunden
2990,.,--,PUNCT,punct,2989,entschwunden
2991,In,in,ADP,mo,2994,war
2992,dem,der,DET,nk,2993,Schenkhause
2993,Schenkhause,Schenkhause,NOUN,nk,2991,In
2994,war,sein,AUX,ROOT,2994,war
2995,es,es,PRON,sb,2994,war
2996,indessen,indessen,ADV,mo,2998,worden
2997,still,still,ADV,pd,2998,worden
2998,worden,werden,AUX,oc,2994,war
2999,.,--,PUNCT,punct,2994,war
3000,Die,der,DET,nk,3001,Macht
3001,Macht,Macht,NOUN,ROOT,3001,Macht
3002,das,der,DET,nk,3004,Aehls
3003,starken,stark,ADJ,nk,3004,Aehls
3004,Aehls,Aehl,NOUN,ag,3001,Macht
3005,(,--,PUNCT,punct,3006,Biers
3006,Biers,Bier,PROPN,sb,3011,hatte
3007,),--,PUNCT,punct,3006,Biers
3008,",",--,PUNCT,punct,3006,Biers
3009,des,der,DET,nk,3010,Branntweins
3010,Branntweins,Branntwein,NOUN,cj,3006,Biers
3011,hatte,haben,AUX,ROOT,3011,hatte
3012,gesiegt,siegen,VERB,oc,3011,hatte
3013,.,--,PUNCT,punct,3011,hatte
3014,Manche,mancher,PRON,sb,3017,waren
3015,vom,von,ADP,pg,3014,Manche
3016,Schiffsvolk,Schiffsvolk,NOUN,nk,3015,vom
3017,waren,sein,AUX,ROOT,3017,waren
3018,fortgeschlichen,fortgeschlichen,VERB,ROOT,3018,fortgeschlichen
3019,mit,mit,ADP,op,3018,fortgeschlichen
3020,ihren,ihr,DET,nk,3021,Dirnen
3021,Dirnen,Dirn,NOUN,nk,3019,mit
3022,",",--,PUNCT,punct,3018,fortgeschlichen
3023,andere,anderer,PRON,sb,3024,lagen
3024,lagen,liegen,VERB,cj,3018,fortgeschlichen
3025,in,in,ADP,mo,3024,lagen
3026,den,der,DET,nk,3027,Winkeln
3027,Winkeln,Winkel,NOUN,nk,3025,in
3028,und,und,CCONJ,cd,3024,lagen
3029,schnarchten,schnarchen,VERB,cj,3028,und
3030,.,--,PUNCT,punct,3018,fortgeschlichen
3031,Elis,elis,PROPN,sb,3043,erhielt
3032,",",--,PUNCT,punct,3031,Elis
3033,der,der,PRON,sb,3037,konnte
3034,nicht,nicht,PART,ng,3037,konnte
3035,mehr,mehr,ADV,mo,3034,nicht
3036,einkehren,einkehren,VERB,oc,3037,konnte
3037,konnte,können,AUX,rc,3031,Elis
3038,in,in,ADP,mo,3037,konnte
3039,das,der,DET,nk,3041,Obdach
3040,gewohnte,gewohnt,ADJ,nk,3041,Obdach
3041,Obdach,Obdach,NOUN,nk,3038,in
3042,",",--,PUNCT,punct,3043,erhielt
3043,erhielt,erhalten,VERB,ROOT,3043,erhielt
3044,auf,auf,ADP,mo,3043,erhielt
3045,sein,sein,AUX,nk,3044,auf
3046,Bitten,Bitte,VERB,ROOT,3046,Bitten
3047,ein,ein,DET,nk,3049,Kämmerlein
3048,kleines,klein,ADJ,nk,3049,Kämmerlein
3049,Kämmerlein,Kämmerlein,NOUN,sb,3046,Bitten
3050,zur,zu,ADP,mo,3046,Bitten
3051,Schlafstelle,Schlafstelle,NOUN,nk,3050,zur
3052,.,--,PUNCT,punct,3046,Bitten
3053,Kaum,kaum,ADV,mo,3066,hingestreckt
3054,hatte,haben,AUX,ROOT,3054,hatte
3055,er,er,PRON,sb,3054,hatte
3056,sich,sich,PRON,oa,3054,hatte
3057,",",--,PUNCT,punct,3056,sich
3058,müde,müde,ADV,cj,3056,sich
3059,und,und,CCONJ,cd,3058,müde
3060,matt,matt,ADV,cj,3059,und
3061,",",--,PUNCT,punct,3054,hatte
3062,wie,wie,SCONJ,mo,3064,war
3063,er,er,PRON,sb,3064,war
3064,war,sein,AUX,par,3066,hingestreckt
3065,",",--,PUNCT,punct,3064,war
3066,hingestreckt,hingestrecken,VERB,oc,3054,hatte
3067,auf,auf,ADP,mo,3066,hingestreckt
3068,sein,sein,DET,nk,3069,Lager
3069,Lager,Lager,NOUN,nk,3067,auf
3070,",",--,PUNCT,punct,3066,hingestreckt
3071,als,als,ADP,mo,3066,hingestreckt
3072,der,der,DET,nk,3073,Traum
3073,Traum,Traum,NOUN,sb,3078,rührte
3074,über,über,ADP,op,3073,Traum
3075,ihm,ihm,PRON,nk,3074,über
3076,seine,sein,DET,nk,3077,Fittiche
3077,Fittiche,Fittiche,NOUN,oa,3078,rührte
3078,rührte,rühren,VERB,ROOT,3078,rührte
3079,.,--,PUNCT,punct,3078,rührte
3080,Es,es,PRON,sb,3081,war
3081,war,sein,AUX,ROOT,3081,war
3082,ihm,ihm,PRON,da,3081,war
3083,",",--,PUNCT,punct,3081,war
3084,als,als,SCONJ,cm,3085,schwämme
3085,schwämme,schwämmen,VERB,mo,3081,war
3086,er,er,PRON,sb,3085,schwämme
3087,in,in,ADP,mo,3085,schwämme
3088,einem,ein,DET,nk,3087,in
3089,schönen,schön,ADJ,nk,3090,Schiff
3090,Schiff,Schiff,NOUN,ROOT,3090,Schiff
3091,mit,mit,ADP,mnr,3090,Schiff
3092,vollen,voll,ADJ,nk,3093,Segeln
3093,Segeln,Segel,NOUN,nk,3091,mit
3094,auf,auf,ADP,mnr,3090,Schiff
3095,dem,der,DET,nk,3097,Meer
3096,spiegelblanken,spiegelblank,ADJ,nk,3097,Meer
3097,Meer,Meer,NOUN,nk,3094,auf
3098,",",--,PUNCT,punct,3090,Schiff
3099,und,und,CCONJ,cd,3090,Schiff
3100,über,über,ADP,cj,3099,und
3101,ihm,ihm,PRON,nk,3100,über
3102,wölbe,wölber,VERB,ROOT,3102,wölbe
3103,sich,sich,PRON,oa,3102,wölbe
3104,ein,ein,DET,nk,3106,Wolkenhimmel
3105,dunkler,dunkl,ADJ,nk,3106,Wolkenhimmel
3106,Wolkenhimmel,Wolkenhimmel,NOUN,sb,3102,wölbe
3107,.,--,PUNCT,punct,3102,wölbe
3108,Doch,doch,CCONJ,ROOT,3108,Doch
3109,wie,wie,SCONJ,cm,3112,in
3110,er,er,PRON,sb,3112,in
3111,nun,nun,ADV,mo,3112,in
3112,in,in,ADP,mo,3108,Doch
3113,die,der,DET,nk,3114,Wellen
3114,Wellen,Welle,NOUN,nk,3112,in
3115,hinabschaute,hinabschauen,VERB,mo,3117,erkannte
3116,",",--,PUNCT,punct,3117,erkannte
3117,erkannte,erkennen,VERB,ROOT,3117,erkannte
3118,er,er,PRON,sb,3117,erkannte
3119,bald,bald,ADV,mo,3117,erkannte
3120,",",--,PUNCT,punct,3117,erkannte
3121,daß,daß,SCONJ,cp,3122,das
3122,das,der,PRON,oc,3117,erkannte
3123,",",--,PUNCT,punct,3122,das
3124,was,wer,PRON,oa,3129,gehalten
3125,er,er,PRON,sb,3129,gehalten
3126,für,für,ADP,mo,3129,gehalten
3127,das,der,DET,nk,3128,Meer
3128,Meer,Meer,NOUN,nk,3126,für
3129,gehalten,halten,VERB,rc,3122,das
3130,",",--,PUNCT,punct,3129,gehalten
3131,eine,ein,PRON,app,3122,das
3132,feste,fest,ADJ,nk,3135,Masse
3133,durchsichtige,durchsichtig,ADJ,nk,3135,Masse
3134,funkelnde,funkelnd,ADJ,nk,3135,Masse
3135,Masse,Masse,NOUN,pd,3136,war
3136,war,sein,AUX,ROOT,3136,war
3137,",",--,PUNCT,punct,3136,war
3138,in,in,ADP,mo,3143,Schiff
3139,deren,der,DET,ag,3140,Schimmer
3140,Schimmer,Schimmer,PROPN,nk,3138,in
3141,das,der,DET,nk,3143,Schiff
3142,ganze,ganz,ADJ,nk,3143,Schiff
3143,Schiff,Schiff,NOUN,pd,3136,war
3144,auf,auf,ADP,mnr,3143,Schiff
3145,wunderbare,wunderbar,ADJ,nk,3146,Weise
3146,Weise,Weise,NOUN,sb,3147,zerfloß
3147,zerfloß,zerfließen,VERB,ROOT,3147,zerfloß
3148,",",--,PUNCT,punct,3149,so
3149,so,so,ADV,mo,3155,stand
3150,daß,daß,SCONJ,cp,3155,stand
3151,er,er,PRON,sb,3155,stand
3152,auf,auf,ADP,mo,3155,stand
3153,dem,der,DET,nk,3154,Kristallboden
3154,Kristallboden,Kristallbode,NOUN,nk,3152,auf
3155,stand,stehen,VERB,mo,3147,zerfloß
3156,und,und,CCONJ,cd,3155,stand
3157,über,über,ADP,cj,3156,und
3158,sich,sich,PRON,nk,3157,über
3159,ein,ein,DET,nk,3160,Gewölbe
3160,Gewölbe,Gewölbe,NOUN,sb,3165,erblickte
3161,von,von,ADP,pg,3160,Gewölbe
3162,schwarz,schwarz,ADV,mo,3163,flimmerndem
3163,flimmerndem,flimmernd,ADJ,nk,3164,Gestein
3164,Gestein,Gestein,NOUN,nk,3161,von
3165,erblickte,erblicken,VERB,ROOT,3165,erblickte
3166,.,--,PUNCT,punct,3165,erblickte
3167,Gestein,gestein,ADV,pd,3168,war
3168,war,sein,AUX,ROOT,3168,war
3169,das,der,PRON,sb,3168,war
3170,nämlich,nämlich,ADV,mo,3168,war
3171,",",--,PUNCT,punct,3168,war
3172,was,was,PRON,oa,3178,gehalten
3173,er,er,PRON,sb,3178,gehalten
3174,erst,erst,ADV,mo,3175,für
3175,für,für,ADP,mo,3178,gehalten
3176,den,der,DET,nk,3177,Wolkenhimmel
3177,Wolkenhimmel,Wolkenhimmel,NOUN,nk,3175,für
3178,gehalten,halten,VERB,ROOT,3178,gehalten
3179,.,--,PUNCT,punct,3178,gehalten
3180,Von,von,ADP,mo,3183,fortgetrieben
3181,unbekannter,unbekannt,ADJ,nk,3182,Macht
3182,Macht,Macht,NOUN,nk,3180,Von
3183,fortgetrieben,fortgetrieben,VERB,ROOT,3183,fortgetrieben
3184,",",--,PUNCT,punct,3183,fortgetrieben
3185,schritt,Schritt,VERB,ROOT,3185,schritt
3186,er,er,PRON,sb,3185,schritt
3187,vorwärts,vorwärts,ADV,svp,3185,schritt
3188,",",--,PUNCT,punct,3185,schritt
3189,aber,aber,CCONJ,cd,3185,schritt
3190,in,in,ADP,mo,3193,regte
3191,dem,der,DET,nk,3192,Augenblick
3192,Augenblick,Augenblick,NOUN,nk,3190,in
3193,regte,regen,VERB,cj,3189,aber
3194,sich,sich,PRON,oa,3193,regte
3195,alles,alle,PRON,sb,3193,regte
3196,um,um,ADP,mo,3193,regte
3197,ihn,ihn,PRON,nk,3196,um
3198,her,her,ADV,svp,3193,regte
3199,",",--,PUNCT,punct,3193,regte
3200,und,und,CCONJ,cd,3193,regte
3201,wie,wie,SCONJ,mo,3202,kräuselnde
3202,kräuselnde,kräuselnd,ADJ,nk,3203,Wogen
3203,Wogen,Woge,NOUN,sb,3204,erhoben
3204,erhoben,erheben,VERB,ROOT,3204,erhoben
3205,sich,sich,PRON,oa,3204,erhoben
3206,aus,aus,ADP,mo,3204,erhoben
3207,dem,der,DET,nk,3208,Boden
3208,Boden,Boden,NOUN,nk,3206,aus
3209,wunderbare,wunderbar,ADJ,nk,3210,Blumen
3210,Blumen,Blume,NOUN,oa,3204,erhoben
3211,und,und,CCONJ,cd,3210,Blumen
3212,Pflanzen,Pflanze,NOUN,cj,3211,und
3213,von,von,ADP,ROOT,3213,von
3214,blinkendem,blinkend,ADJ,nk,3215,Metall
3215,Metall,Metall,NOUN,nk,3213,von
3216,",",--,PUNCT,punct,3215,Metall
3217,die,der,PRON,sb,3219,Blüten
3218,ihre,ihr,DET,nk,3219,Blüten
3219,Blüten,Blüte,NOUN,cj,3213,von
3220,und,und,CCONJ,cd,3219,Blüten
3221,Blätter,Blatt,NOUN,cj,3220,und
3222,aus,aus,ADP,mnr,3219,Blüten
3223,der,der,DET,nk,3225,Tiefe
3224,tiefsten,tief,ADJ,nk,3225,Tiefe
3225,Tiefe,Tiefe,NOUN,nk,3222,aus
3226,emporrankten,emporrankten,VERB,ROOT,3226,emporrankten
3227,und,und,CCONJ,cd,3226,emporrankten
3228,auf,auf,ADP,mo,3232,verschlangen
3229,anmutige,anmutig,ADJ,nk,3230,Weise
3230,Weise,Weise,NOUN,nk,3228,auf
3231,ineinander,ineinander,ADV,mo,3232,verschlangen
3232,verschlangen,verschlangen,VERB,cj,3227,und
3233,.,--,PUNCT,punct,3226,emporrankten
3234,Der,der,DET,nk,3235,Boden
3235,Boden,Boden,NOUN,sb,3236,war
3236,war,sein,AUX,ROOT,3236,war
3237,so,so,ADV,mo,3236,war
3238,klar,klar,ADV,mo,3248,konnte
3239,",",--,PUNCT,punct,3238,klar
3240,daß,daß,SCONJ,cp,3248,konnte
3241,Elis,Elis,PROPN,sb,3248,konnte
3242,die,der,DET,nk,3243,Wurzeln
3243,Wurzeln,Wurzel,NOUN,oa,3247,erkennen
3244,der,der,DET,nk,3245,Pflanzen
3245,Pflanzen,Pflanze,NOUN,ag,3243,Wurzeln
3246,deutlich,deutlich,ADV,mo,3247,erkennen
3247,erkennen,erkennen,VERB,oc,3248,konnte
3248,konnte,können,AUX,ROOT,3248,konnte
3249,",",--,PUNCT,punct,3248,konnte
3250,aber,aber,CCONJ,cd,3248,konnte
3251,bald,bald,ADV,mo,3248,konnte
3252,immer,immer,ADV,mo,3253,tiefer
3253,tiefer,tief,ADV,mo,3257,eindringend
3254,mit,mit,ADP,mo,3257,eindringend
3255,dem,der,DET,nk,3256,Blick
3256,Blick,Blick,NOUN,nk,3254,mit
3257,eindringend,eindringend,ADV,mo,3259,erblickte
3258,",",--,PUNCT,punct,3259,erblickte
3259,erblickte,erblicken,VERB,ROOT,3259,erblickte
3260,er,er,PRON,sb,3259,erblickte
3261,ganz,ganz,ADV,mo,3262,unten
3262,unten,unten,ADV,mo,3259,erblickte
3263,–,--,PUNCT,punct,3259,erblickte
3264,unzählige,unzählig,ADJ,cj,3259,erblickte
3265,holde,hold,ADJ,nk,3267,Gestalten
3266,jungfräuliche,jungfräulicher,DET,nk,3267,Gestalten
3267,Gestalten,Gestalt,NOUN,ROOT,3267,Gestalten
3268,",",--,PUNCT,punct,3267,Gestalten
3269,die,der,PRON,sb,3275,umschlungen
3270,sich,sich,PRON,oa,3275,umschlungen
3271,mit,mit,ADP,op,3275,umschlungen
3272,weißen,weiß,ADJ,nk,3274,Armen
3273,glänzenden,glänzend,ADJ,nk,3274,Armen
3274,Armen,arme,NOUN,nk,3271,mit
3275,umschlungen,umschlungen,VERB,rc,3267,Gestalten
3276,hielten,halten,VERB,ROOT,3276,hielten
3277,",",--,PUNCT,punct,3276,hielten
3278,und,und,CCONJ,cd,3276,hielten
3279,aus,aus,ADP,mo,3282,sproßten
3280,ihren,ihr,DET,nk,3281,Herzen
3281,Herzen,Herz,NOUN,nk,3279,aus
3282,sproßten,sproßen,VERB,cj,3278,und
3283,jene,jener,DET,nk,3284,Wurzeln
3284,Wurzeln,Wurzel,NOUN,sb,3282,sproßten
3285,",",--,PUNCT,punct,3284,Wurzeln
3286,jene,jener,DET,nk,3287,Blumen
3287,Blumen,Blume,NOUN,cj,3284,Wurzeln
3288,und,und,CCONJ,cd,3287,Blumen
3289,Pflanzen,Pflanze,NOUN,cj,3288,und
3290,empor,empor,ADV,punct,3298,ging
3291,",",--,PUNCT,punct,3290,empor
3292,und,und,CCONJ,ju,3298,ging
3293,wenn,wenn,SCONJ,cp,3296,lächelten
3294,die,der,DET,nk,3295,Jungfrauen
3295,Jungfrauen,Jungfraue,NOUN,sb,3296,lächelten
3296,lächelten,lächelen,VERB,mo,3298,ging
3297,",",--,PUNCT,punct,3298,ging
3298,ging,gehen,VERB,ROOT,3298,ging
3299,ein,ein,DET,nk,3301,Wohllaut
3300,süßer,süß,ADJ,nk,3301,Wohllaut
3301,Wohllaut,Wohllaut,NOUN,sb,3298,ging
3302,durch,durch,ADP,mo,3298,ging
3303,das,der,DET,nk,3302,durch
3304,weite,weit,ADJ,nk,3305,Gewölbe
3305,Gewölbe,Gewölbe,NOUN,ROOT,3305,Gewölbe
3306,",",--,PUNCT,punct,3305,Gewölbe
3307,und,und,CCONJ,cd,3305,Gewölbe
3308,höher,hoch,ADV,mo,3311,schossen
3309,und,und,CCONJ,cd,3308,höher
3310,freuidiger,freuidiger,ADV,cj,3309,und
3311,schossen,schießen,VERB,cj,3307,und
3312,die,der,DET,nk,3314,Metallblüten
3313,wunderbaren,wunderbar,ADJ,nk,3314,Metallblüten
3314,Metallblüten,Metallblüte,NOUN,oa,3311,schossen
3315,empor,empor,ADV,ROOT,3315,empor
3316,.,--,PUNCT,punct,3315,empor
3317,Ein,ein,DET,nk,3319,Gefühl
3318,unbeschreibliches,unbeschreiblich,ADJ,nk,3319,Gefühl
3319,Gefühl,Gefühl,NOUN,sb,3324,ergriff
3320,von,von,ADP,pg,3319,Gefühl
3321,Schmerz,Schmerz,NOUN,nk,3320,von
3322,und,und,CCONJ,cd,3321,Schmerz
3323,Wollust,Wollust,NOUN,cj,3322,und
3324,ergriff,ergreifen,VERB,ROOT,3324,ergriff
3325,den,der,DET,dep,3324,ergriff
3326,Jüngling,Jüngling,NOUN,sb,3337,ging
3327,",",--,PUNCT,punct,3326,Jüngling
3328,eine,ein,DET,nk,3329,Welt
3329,Welt,Welt,NOUN,cj,3326,Jüngling
3330,von,von,ADP,pg,3329,Welt
3331,Liebe,Liebe,NOUN,nk,3330,von
3332,",",--,PUNCT,punct,3331,Liebe
3333,Sehnsucht,Sehnsucht,NOUN,cj,3331,Liebe
3334,",",--,PUNCT,punct,3326,Jüngling
3335,brünstiges,brünstig,ADJ,nk,3336,Verlangen
3336,Verlangen,verlangen,NOUN,sb,3337,ging
3337,ging,gehen,VERB,ROOT,3337,ging
3338,auf,auf,ADP,svp,3337,ging
3339,in,in,ADP,mo,3337,ging
3340,seinem,sein,DET,nk,3341,Innern
3341,Innern,innere,NOUN,ROOT,3341,Innern
3342,.,--,PUNCT,punct,3341,Innern
3343,–,--,PUNCT,punct,3352,rief
3344,»,--,PUNCT,punct,3345,Hinab
3345,Hinab,Hinab,PROPN,mo,3352,rief
3346,–,--,PUNCT,punct,3345,Hinab
3347,hinab,hinab,ADV,mo,3348,zu
3348,zu,zu,ADP,par,3345,Hinab
3349,euch,euch,PRON,nk,3348,zu
3350,«,--,PUNCT,punct,3352,rief
3351,",",--,PUNCT,punct,3352,rief
3352,rief,rufen,VERB,ROOT,3352,rief
3353,er,er,PRON,sb,3352,rief
3354,und,und,CCONJ,cd,3352,rief
3355,warf,werfen,VERB,cj,3354,und
3356,sich,sich,PRON,oa,3355,warf
3357,mit,mit,ADP,svp,3355,warf
3358,ausgebreiteten,ausgebreitet,ADJ,nk,3359,Armen
3359,Armen,arme,NOUN,ROOT,3359,Armen
3360,auf,auf,ADP,mnr,3359,Armen
3361,den,der,DET,nk,3363,Boden
3362,kristallenen,kristallen,ADJ,nk,3363,Boden
3363,Boden,Boden,NOUN,nk,3360,auf
3364,nieder,nieder,ADV,mo,3359,Armen
3365,.,--,PUNCT,punct,3359,Armen
3366,Aber,aber,CCONJ,ju,3368,wich
3367,der,der,DET,nk,3368,wich
3368,wich,Wich,NOUN,ROOT,3368,wich
3369,unter,unter,ADP,mo,3368,wich
3370,ihm,ihm,PRON,ROOT,3370,ihm
3371,",",--,PUNCT,punct,3370,ihm
3372,und,und,CCONJ,cd,3370,ihm
3373,er,er,PRON,sb,3374,schwebte
3374,schwebte,schweben,VERB,cj,3372,und
3375,wie,wie,ADP,cm,3376,in
3376,in,in,ADP,mo,3374,schwebte
3377,schimmerndem,schimmernd,ADJ,nk,3378,Äether
3378,Äether,Äether,NOUN,nk,3376,in
3379,.,--,PUNCT,punct,3370,ihm
3380,»,--,PUNCT,punct,3384,Fröbom
3381,Nun,nun,ADV,mo,3384,Fröbom
3382,",",--,PUNCT,punct,3381,Nun
3383,Elis,Elis,PROPN,pnc,3384,Fröbom
3384,Fröbom,Fröbom,PROPN,ROOT,3384,Fröbom
3385,",",--,PUNCT,punct,3384,Fröbom
3386,wie,wie,SCONJ,mo,3387,gefällt
3387,gefällt,fällen,VERB,par,3384,Fröbom
3388,es,es,PRON,ROOT,3388,es
3389,dir,dir,PRON,ROOT,3389,dir
3390,in,in,ADP,ROOT,3390,in
3391,dieser,dieser,DET,nk,3392,Herrlichkeit
3392,Herrlichkeit,Herrlichkeit,NOUN,nk,3390,in
3393,?,--,PUNCT,ROOT,3393,?
3394,«,--,PUNCT,punct,3393,?
3395,–,--,PUNCT,punct,3397,rief
3396,So,so,ADV,mo,3397,rief
3397,rief,rufen,VERB,ROOT,3397,rief
3398,eine,ein,DET,nk,3400,Stimme
3399,starke,stark,ADJ,nk,3400,Stimme
3400,Stimme,Stimme,NOUN,oa,3397,rief
3401,.,--,PUNCT,punct,3397,rief
3402,Elis,elis,PROPN,sb,3403,gewahrte
3403,gewahrte,gewahren,VERB,ROOT,3403,gewahrte
3404,neben,neben,ADP,mnr,3408,Bergmann
3405,sich,sich,PRON,nk,3404,neben
3406,den,der,DET,nk,3408,Bergmann
3407,alten,alt,ADJ,nk,3408,Bergmann
3408,Bergmann,Bergmann,NOUN,cj,3419,wurde
3409,",",--,PUNCT,punct,3408,Bergmann
3410,aber,aber,CCONJ,cd,3408,Bergmann
3411,sowie,sowie,CCONJ,cd,3419,wurde
3412,er,er,PRON,sb,3419,wurde
3413,ihn,ihn,PRON,oa,3412,er
3414,mehr,mehr,ADV,mnr,3413,ihn
3415,und,und,CCONJ,cd,3414,mehr
3416,mehr,mehr,DET,mo,3417,anschaute
3417,anschaute,anschauen,VERB,cj,3415,und
3418,",",--,PUNCT,punct,3419,wurde
3419,wurde,werden,AUX,ROOT,3419,wurde
3420,er,er,PRON,ROOT,3420,er
3421,zur,zu,ADP,mo,3427,gegossen
3422,Riesengestalt,Riesengestalt,NOUN,nk,3421,zur
3423,",",--,PUNCT,punct,3427,gegossen
3424,aus,aus,ADP,mo,3427,gegossen
3425,glühendem,glühend,ADJ,nk,3426,Erz
3426,Erz,Erz,PROPN,nk,3424,aus
3427,gegossen,gegossen,VERB,ROOT,3427,gegossen
3428,.,--,PUNCT,punct,3427,gegossen
3429,Elis,elis,PROPN,sb,3430,wollte
3430,wollte,wollen,AUX,ROOT,3430,wollte
3431,sich,sich,PRON,oa,3432,entsetzen
3432,entsetzen,entsetzen,VERB,oc,3430,wollte
3433,",",--,PUNCT,punct,3430,wollte
3434,aber,aber,CCONJ,ju,3438,leuchtete
3435,in,in,ADP,mo,3438,leuchtete
3436,dem,der,DET,nk,3437,Augenblick
3437,Augenblick,Augenblick,NOUN,nk,3435,in
3438,leuchtete,leuchten,VERB,ROOT,3438,leuchtete
3439,es,es,PRON,sb,3438,leuchtete
3440,auf,auf,ADP,mo,3438,leuchtete
3441,aus,aus,ADP,nk,3440,auf
3442,der,der,DET,nk,3443,Tiefe
3443,Tiefe,Tiefe,NOUN,nk,3441,aus
3444,wie,wie,ADP,cm,3447,Blitz
3445,ein,ein,DET,nk,3447,Blitz
3446,jäher,jäh,ADJ,nk,3447,Blitz
3447,Blitz,Blitz,NOUN,mo,3438,leuchtete
3448,",",--,PUNCT,punct,3438,leuchtete
3449,und,und,CCONJ,cd,3438,leuchtete
3450,das,der,DET,nk,3452,Antlitz
3451,ernste,ernst,ADJ,nk,3452,Antlitz
3452,Antlitz,Antlitz,PROPN,sb,3456,wurde
3453,einer,ein,DET,nk,3455,Frau
3454,mächtigen,mächtig,ADJ,nk,3455,Frau
3455,Frau,Frau,NOUN,ag,3452,Antlitz
3456,wurde,werden,AUX,ROOT,3456,wurde
3457,sichtbar,sichtbar,ADV,pd,3456,wurde
3458,.,--,PUNCT,punct,3456,wurde
3459,Elis,elis,ADV,sb,3460,fühlte
3460,fühlte,fühlen,VERB,ROOT,3460,fühlte
3461,",",--,PUNCT,punct,3460,fühlte
3462,wie,wie,SCONJ,cm,3463,das
3463,das,der,PRON,mo,3460,fühlte
3464,Entzücken,Entzück,NOUN,ROOT,3464,Entzücken
3465,in,in,ADP,mnr,3464,Entzücken
3466,seiner,sein,DET,nk,3467,Brust
3467,Brust,Brust,NOUN,nk,3465,in
3468,",",--,PUNCT,punct,3464,Entzücken
3469,immer,immer,ADV,mo,3470,steigend
3470,steigend,steigend,ADV,par,3464,Entzücken
3471,und,und,CCONJ,cd,3470,steigend
3472,steigend,steigend,ADV,cj,3471,und
3473,",",--,PUNCT,punct,3464,Entzücken
3474,zur,zu,ADP,mnr,3464,Entzücken
3475,zermalmenden,zermalmend,ADJ,nk,3476,Angst
3476,Angst,Angst,NOUN,nk,3474,zur
3477,wurde,werden,AUX,ROOT,3477,wurde
3478,.,--,PUNCT,punct,3477,wurde
3479,Der,der,DET,nk,3480,Alte
3480,Alte,alte,NOUN,sb,3481,hatte
3481,hatte,haben,AUX,ROOT,3481,hatte
3482,ihn,ihn,PRON,oa,3483,umfaßt
3483,umfaßt,umfassen,VERB,oc,3481,hatte
3484,und,und,CCONJ,cd,3481,hatte
3485,rief,rufen,VERB,cj,3484,und
3486,:,--,PUNCT,punct,3485,rief
3487,»,--,PUNCT,punct,3488,Nimm
3488,Nimm,Nimm,PROPN,oc,3485,rief
3489,dich,dich,PRON,mo,3488,Nimm
3490,in,in,ADP,mo,3488,Nimm
3491,acht,acht,NUM,nk,3490,in
3492,",",--,PUNCT,punct,3491,acht
3493,Elis,Elis,PROPN,pnc,3494,Fröbom
3494,Fröbom,Fröbom,PROPN,cj,3491,acht
3495,",",--,PUNCT,punct,3491,acht
3496,das,der,PRON,punct,3481,hatte
3497,ist,sein,AUX,ROOT,3497,ist
3498,die,der,DET,nk,3499,Königin
3499,Königin,Königin,NOUN,sb,3497,ist
3500,",",--,PUNCT,punct,3499,Königin
3501,noch,noch,ADV,mo,3504,heraufschauen
3502,magst,magst,VERB,mo,3501,noch
3503,du,du,PRON,uc,3501,noch
3504,heraufschauen,heraufschauen,VERB,oc,3497,ist
3505,.,--,PUNCT,punct,3497,ist
3506,«,--,PUNCT,punct,3497,ist
3507,–,--,PUNCT,punct,3509,drehte
3508,Unwillkürlich,unwillkürlich,ADV,mo,3509,drehte
3509,drehte,drehen,VERB,ROOT,3509,drehte
3510,er,er,PRON,sb,3509,drehte
3511,das,der,PRON,oa,3509,drehte
3512,Haupt,Haupt,NOUN,ROOT,3512,Haupt
3513,und,und,CCONJ,cd,3512,Haupt
3514,wurde,werden,AUX,cj,3513,und
3515,gewahr,gewahr,VERB,oc,3514,wurde
3516,",",--,PUNCT,punct,3514,wurde
3517,wie,wie,SCONJ,cm,3519,Sterne
3518,die,der,DET,nk,3519,Sterne
3519,Sterne,Stern,NOUN,cc,3512,Haupt
3520,des,der,DET,nk,3522,Himmels
3521,nächtlichen,nächtlich,ADJ,nk,3522,Himmels
3522,Himmels,Himmel,NOUN,ag,3519,Sterne
3523,durch,durch,ADP,mnr,3519,Sterne
3524,eine,ein,DET,nk,3523,durch
3525,Spalte,Spalte,NOUN,sb,3528,leuchteten
3526,des,der,DET,nk,3527,Gewölbes
3527,Gewölbes,Gewölb,NOUN,ag,3525,Spalte
3528,leuchteten,leuchteen,VERB,ROOT,3528,leuchteten
3529,.,--,PUNCT,punct,3528,leuchteten
3530,Eine,ein,DET,nk,3532,Stimme
3531,sanfte,sanft,ADJ,nk,3532,Stimme
3532,Stimme,Stimme,NOUN,sb,3533,rief
3533,rief,rufen,VERB,ROOT,3533,rief
3534,wie,wie,ADP,cm,3535,in
3535,in,in,ADP,mo,3533,rief
3536,trostlosem,trostlos,ADJ,nk,3537,Weh
3537,Weh,Weh,NOUN,nk,3535,in
3538,seinen,sein,DET,nk,3539,Namen
3539,Namen,Name,NOUN,ROOT,3539,Namen
3540,.,--,PUNCT,punct,3539,Namen
3541,Es,es,PRON,sb,3542,war
3542,war,sein,AUX,ROOT,3542,war
3543,die,der,DET,nk,3544,Stimme
3544,Stimme,Stimme,NOUN,pd,3542,war
3545,seiner,sein,DET,nk,3546,Mutter
3546,Mutter,Mutter,NOUN,ag,3544,Stimme
3547,.,--,PUNCT,punct,3542,war
3548,Er,er,PRON,sb,3549,glaubte
3549,glaubte,glauben,VERB,ROOT,3549,glaubte
3550,ihre,ihr,DET,nk,3551,Gestalt
3551,Gestalt,Gestalt,NOUN,oa,3549,glaubte
3552,zu,zu,ADP,svp,3549,glaubte
3553,schauen,schauen,VERB,ROOT,3553,schauen
3554,oben,oben,ADV,mo,3553,schauen
3555,an,an,ADP,mo,3553,schauen
3556,der,der,DET,nk,3557,Spalte
3557,Spalte,Spalte,NOUN,nk,3555,an
3558,.,--,PUNCT,punct,3553,schauen
3559,Aber,aber,CCONJ,ju,3561,war
3560,es,es,PRON,sb,3561,war
3561,war,sein,AUX,ROOT,3561,war
3562,ein,ein,DET,nk,3565,Weib
3563,holdes,hold,ADJ,nk,3565,Weib
3564,junges,jung,ADJ,nk,3565,Weib
3565,Weib,Weib,NOUN,pd,3561,war
3566,",",--,PUNCT,punct,3565,Weib
3567,die,der,PRON,dep,3565,Weib
3568,ihre,ihr,DET,nk,3569,Hand
3569,Hand,Hand,NOUN,oc,3567,die
3570,tief,tief,ADV,mo,3571,hinabstreckte
3571,hinabstreckte,hinabstrecken,VERB,ROOT,3571,hinabstreckte
3572,in,in,ADP,mo,3571,hinabstreckte
3573,das,der,DET,nk,3574,Gewölbe
3574,Gewölbe,Gewölbe,NOUN,nk,3572,in
3575,und,und,CCONJ,cd,3574,Gewölbe
3576,seinen,sein,DET,nk,3577,Namen
3577,Namen,Name,NOUN,cj,3575,und
3578,rief,rufen,VERB,mo,3571,hinabstreckte
3579,.,--,PUNCT,punct,3571,hinabstreckte
3580,»,--,PUNCT,punct,3581,Trage
3581,Trage,Trage,NOUN,ROOT,3581,Trage
3582,mich,sich,PRON,oa,3581,Trage
3583,empor,empor,ADV,svp,3581,Trage
3584,«,--,PUNCT,punct,3581,Trage
3585,",",--,PUNCT,punct,3581,Trage
3586,rief,rufen,VERB,ROOT,3586,rief
3587,er,er,PRON,sb,3586,rief
3588,dem,der,DET,nk,3589,Alten
3589,Alten,alte,NOUN,da,3586,rief
3590,zu,zu,ADP,svp,3586,rief
3591,",",--,PUNCT,punct,3586,rief
3592,»,--,PUNCT,punct,3594,gehöre
3593,ich,ich,PRON,sb,3594,gehöre
3594,gehöre,gehören,VERB,oc,3586,rief
3595,doch,doch,ADV,mo,3594,gehöre
3596,der,der,DET,nk,3597,Oberwelt
3597,Oberwelt,Oberwelt,NOUN,da,3594,gehöre
3598,an,an,ADP,svp,3594,gehöre
3599,und,und,CCONJ,cd,3594,gehöre
3600,ihrem,ihr,DET,nk,3601,freundlichen
3601,freundlichen,freundlichen,NOUN,cj,3599,und
3602,Himmel,Himmel,NOUN,ROOT,3602,Himmel
3603,.,--,PUNCT,punct,3602,Himmel
3604,«,--,PUNCT,punct,3602,Himmel
3605,–,--,PUNCT,punct,3613,sprach
3606,»,--,PUNCT,punct,3607,Nimm
3607,Nimm,Nimm,PROPN,mo,3613,sprach
3608,dich,dich,PRON,mo,3607,Nimm
3609,in,in,ADP,mo,3607,Nimm
3610,acht,acht,NUM,nk,3609,in
3611,«,--,PUNCT,punct,3607,Nimm
3612,",",--,PUNCT,punct,3613,sprach
3613,sprach,sprechen,VERB,ROOT,3613,sprach
3614,der,der,DET,nk,3616,dumpf
3615,Alte,alt,ADJ,nk,3616,dumpf
3616,dumpf,Dumpf,NOUN,sb,3613,sprach
3617,",",--,PUNCT,punct,3613,sprach
3618,»,--,PUNCT,punct,3619,nimm
3619,nimm,nimm,ADV,mo,3613,sprach
3620,dich,dich,PRON,mo,3619,nimm
3621,in,in,ADP,mo,3619,nimm
3622,acht,Acht,NUM,nk,3621,in
3623,",",--,PUNCT,punct,3619,nimm
3624,Fröbom,Fröbom,PROPN,ROOT,3624,Fröbom
3625,!,--,PUNCT,punct,3624,Fröbom
3626,–,--,PUNCT,punct,3627,sei
3627,sei,sein,AUX,rs,3624,Fröbom
3628,treu,treu,ADV,mo,3627,sei
3629,der,der,DET,nk,3630,Königin
3630,Königin,Königin,NOUN,sb,3627,sei
3631,",",--,PUNCT,punct,3630,Königin
3632,der,der,PRON,oa,3635,ergeben
3633,du,du,PRON,sb,3635,ergeben
3634,dich,dich,PRON,oa,3635,ergeben
3635,ergeben,ergeben,VERB,rc,3630,Königin
3636,.,--,PUNCT,punct,3627,sei
3637,«,--,PUNCT,punct,3624,Fröbom
3638,Sowie,Sowie,CCONJ,ROOT,3638,Sowie
3639,nun,nun,ADV,mo,3640,aber
3640,aber,aber,ADV,mo,3638,Sowie
3641,der,der,DET,sb,3638,Sowie
3642,Jüngling,Jüngling,ADV,sb,3644,hinabschaute
3643,wieder,wieder,ADV,mo,3644,hinabschaute
3644,hinabschaute,hinabschaute,ADV,sb,3653,fühlte
3645,in,in,ADP,mnr,3644,hinabschaute
3646,das,der,DET,nk,3648,Antlitz
3647,starre,starr,ADJ,nk,3648,Antlitz
3648,Antlitz,Antlitz,PROPN,nk,3645,in
3649,der,der,DET,nk,3651,Frau
3650,mächtigen,mächtig,ADJ,nk,3651,Frau
3651,Frau,Frau,NOUN,ag,3648,Antlitz
3652,",",--,PUNCT,punct,3653,fühlte
3653,fühlte,fühlen,VERB,ROOT,3653,fühlte
3654,er,er,PRON,ROOT,3654,er
3655,",",--,PUNCT,punct,3654,er
3656,daß,daß,SCONJ,cp,3659,zerfloß
3657,sein,sein,DET,nk,3658,Ich
3658,Ich,Ich,PRON,sb,3659,zerfloß
3659,zerfloß,zerfließen,VERB,oc,3654,er
3660,in,in,ADP,mo,3659,zerfloß
3661,dem,der,DET,nk,3663,Gestein
3662,glänzenden,glänzend,ADJ,nk,3663,Gestein
3663,Gestein,Gestein,NOUN,nk,3660,in
3664,.,--,PUNCT,punct,3654,er
3665,Er,er,PRON,sb,3666,kreischte
3666,kreischte,kreischen,VERB,ROOT,3666,kreischte
3667,auf,auf,ADP,mo,3666,kreischte
3668,in,in,ADP,mo,3666,kreischte
3669,namenloser,namenlos,ADJ,nk,3670,Angst
3670,Angst,Angst,NOUN,ROOT,3670,Angst
3671,und,und,CCONJ,cd,3670,Angst
3672,erwachte,erwachen,VERB,cj,3671,und
3673,aus,aus,ADP,mo,3672,erwachte
3674,dem,der,DET,nk,3676,Traum
3675,wunderbaren,wunderbar,ADJ,nk,3676,Traum
3676,Traum,Traum,NOUN,nk,3673,aus
3677,",",--,PUNCT,punct,3676,Traum
3678,dessen,der,DET,ag,3679,Wonne
3679,Wonne,Wonne,NOUN,oa,3672,erwachte
3680,und,und,CCONJ,cd,3679,Wonne
3681,Entsetzen,entsetzen,NOUN,sb,3686,wiederklang
3682,tief,tief,ADV,mo,3686,wiederklang
3683,in,in,ADP,mo,3686,wiederklang
3684,seinem,sein,DET,nk,3685,Innern
3685,Innern,innere,NOUN,nk,3683,in
3686,wiederklang,wiederklang,VERB,ROOT,3686,wiederklang
3687,.,--,PUNCT,punct,3686,wiederklang
3688,–,--,PUNCT,ROOT,3688,–
3689,»,--,PUNCT,punct,3691,konnte
3690,Es,es,PRON,sb,3691,konnte
3691,konnte,können,AUX,oc,3694,sprach
3692,«,--,PUNCT,punct,3691,konnte
3693,",",--,PUNCT,punct,3694,sprach
3694,sprach,sprechen,VERB,ROOT,3694,sprach
3695,Elis,Elis,PROPN,sb,3694,sprach
3696,",",--,PUNCT,punct,3694,sprach
3697,als,als,SCONJ,cp,3702,gesammelt
3698,er,er,PRON,sb,3702,gesammelt
3699,sich,sich,PRON,oa,3702,gesammelt
3700,mit,mit,ADP,mo,3702,gesammelt
3701,Mühe,Mühe,NOUN,nk,3700,mit
3702,gesammelt,sammeln,VERB,mo,3694,sprach
3703,",",--,PUNCT,punct,3702,gesammelt
3704,zu,zu,ADP,op,3694,sprach
3705,sich,sich,PRON,nk,3704,zu
3706,selbst,selbst,ADV,mnr,3705,sich
3707,",",--,PUNCT,punct,3694,sprach
3708,»,--,PUNCT,punct,3694,sprach
3709,es,es,PRON,dep,3694,sprach
3710,konnte,können,AUX,ROOT,3710,konnte
3711,wohl,wohl,ADV,mo,3710,konnte
3712,nicht,nicht,PART,ng,3710,konnte
3713,anders,anders,ADV,mo,3714,sein
3714,sein,sein,AUX,oc,3710,konnte
3715,",",--,PUNCT,punct,3710,konnte
3716,es,es,PRON,sb,3717,mußte
3717,mußte,müssen,AUX,cj,3710,konnte
3718,mir,mir,PRON,da,3722,träumen
3719,solch,solch,DET,nk,3721,Zeug
3720,wunderliches,wunderlicher,ADJ,nk,3721,Zeug
3721,Zeug,Zeug,NOUN,oa,3722,träumen
3722,träumen,träumen,VERB,oc,3717,mußte
3723,.,--,PUNCT,punct,3710,konnte
3724,Hat,haben,AUX,ROOT,3724,Hat
3725,mir,mir,PRON,da,3732,erzählt
3726,doch,doch,ADV,mo,3724,Hat
3727,der,der,DET,nk,3729,Bergmann
3728,alte,alt,ADJ,nk,3729,Bergmann
3729,Bergmann,Bergmann,NOUN,sb,3724,Hat
3730,so,so,ADV,mo,3731,viel
3731,viel,viel,PRON,mo,3732,erzählt
3732,erzählt,erzählen,VERB,oc,3724,Hat
3733,von,von,ADP,op,3732,erzählt
3734,der,der,DET,nk,3735,Herrlichkeit
3735,Herrlichkeit,Herrlichkeit,NOUN,nk,3733,von
3736,der,der,DET,ROOT,3736,der
3737,unterirdischen,unterirdisch,ADJ,nk,3738,Welt
3738,Welt,Welt,NOUN,ROOT,3738,Welt
3739,",",--,PUNCT,punct,3738,Welt
3740,daß,daß,SCONJ,cp,3746,ist
3741,mein,mein,DET,nk,3743,Kopf
3742,ganzer,ganz,ADJ,nk,3743,Kopf
3743,Kopf,Kopf,NOUN,sb,3746,ist
3744,davon,davon,ADV,mo,3745,erfüllt
3745,erfüllt,erfüllen,VERB,oc,3746,ist
3746,ist,sein,AUX,oc,3738,Welt
3747,",",--,PUNCT,punct,3746,ist
3748,noch,noch,ADV,mo,3749,in
3749,in,in,ADP,mo,3745,erfüllt
3750,meinem,mein,DET,da,3738,Welt
3751,ganzen,ganz,ADJ,nk,3752,Leben
3752,Leben,Leben,NOUN,da,3753,war
3753,war,sein,AUX,ROOT,3753,war
3754,mir,mir,PRON,da,3753,war
3755,nicht,nicht,PART,ng,3753,war
3756,so,so,ADV,mo,3757,zumute
3757,zumute,zumute,ADV,mo,3753,war
3758,",",--,PUNCT,punct,3757,zumute
3759,als,als,SCONJ,cm,3761,jetzt
3760,eben,eben,ADV,mo,3761,jetzt
3761,jetzt,jetzt,ADV,cc,3756,so
3762,.,--,PUNCT,punct,3753,war
3763,–,--,PUNCT,punct,3765,träume
3764,Vielleicht,vielleicht,ADV,mo,3765,träume
3765,träume,träumen,VERB,ROOT,3765,träume
3766,ich,ich,PRON,sb,3765,träume
3767,noch,noch,ADV,mo,3768,fort
3768,fort,fort,ADV,mo,3775,bin
3769,–,--,PUNCT,punct,3768,fort
3770,Nein,nein,PART,dm,3775,bin
3771,",",--,PUNCT,punct,3775,bin
3772,nein,nein,PART,dm,3775,bin
3773,–,--,PUNCT,punct,3775,bin
3774,ich,ich,PRON,sb,3775,bin
3775,bin,sein,AUX,ROOT,3775,bin
3776,wohl,wohl,ADV,mo,3775,bin
3777,nur,nur,ADV,mo,3778,krank
3778,krank,krank,ADV,pd,3775,bin
3779,",",--,PUNCT,punct,3775,bin
3780,hinaus,hinaus,ADP,mo,3775,bin
3781,ins,in,ADP,mo,3775,bin
3782,Freue,Freue,NOUN,nk,3781,ins
3783,",",--,PUNCT,punct,3782,Freue
3784,der,der,DET,nk,3785,frische
3785,frische,frisch,ADJ,cj,3775,bin
3786,Hauch,Hauch,NOUN,sb,3789,wird
3787,der,der,DET,nk,3788,Seeluft
3788,Seeluft,Seeluft,NOUN,ag,3786,Hauch
3789,wird,werden,AUX,ROOT,3789,wird
3790,mich,mich,PRON,oa,3791,heilen
3791,heilen,heilen,VERB,oc,3789,wird
3792,!,--,PUNCT,punct,3789,wird
3793,«,--,PUNCT,punct,3789,wird
3794,Er,er,PRON,sb,3795,raffte
3795,raffte,raffen,VERB,ROOT,3795,raffte
3796,sich,sich,PRON,oa,3795,raffte
3797,auf,auf,ADP,svp,3795,raffte
3798,und,und,CCONJ,cd,3795,raffte
3799,rannte,rannen,VERB,cj,3798,und
3800,nach,nach,ADP,mo,3799,rannte
3801,dem,der,DET,nk,3802,Klippahafen
3802,Klippahafen,Klippahaf,NOUN,nk,3800,nach
3803,",",--,PUNCT,punct,3802,Klippahafen
3804,wo,wo,SCONJ,mo,3806,Jubel
3805,der,der,DET,nk,3806,Jubel
3806,Jubel,Jubel,NOUN,mo,3799,rannte
3807,des,der,DET,nk,3808,Hönsnings
3808,Hönsnings,Hönsning,NOUN,ag,3806,Jubel
3809,aufs,auf,ADP,mo,3812,erhob
3810,neue,neu,ADJ,nk,3809,aufs
3811,sich,sich,PRON,oa,3812,erhob
3812,erhob,erheben,VERB,ROOT,3812,erhob
3813,.,--,PUNCT,punct,3812,erhob
3814,Aber,aber,CCONJ,ju,3816,gewahrte
3815,bald,bald,ADV,mo,3816,gewahrte
3816,gewahrte,gewahren,VERB,ROOT,3816,gewahrte
3817,er,er,PRON,sb,3816,gewahrte
3818,",",--,PUNCT,punct,3816,gewahrte
3819,wie,wie,ADP,mo,3824,vorüberging
3820,alle,aller,DET,nk,3821,Lust
3821,Lust,Lust,NOUN,sb,3824,vorüberging
3822,an,an,ADP,mnr,3821,Lust
3823,ihm,ihm,PRON,nk,3822,an
3824,vorüberging,vorübergingn,VERB,mo,3816,gewahrte
3825,",",--,PUNCT,punct,3816,gewahrte
3826,wie,wie,SCONJ,mo,3834,konnte
3827,er,er,PRON,sb,3834,konnte
3828,keinen,kein,DET,nk,3829,Gedanken
3829,Gedanken,Gedanke,NOUN,oa,3833,festhalten
3830,in,in,ADP,mnr,3829,Gedanken
3831,der,der,DET,nk,3832,Seele
3832,Seele,Seele,NOUN,nk,3830,in
3833,festhalten,festhalten,VERB,oc,3834,konnte
3834,konnte,können,AUX,ROOT,3834,konnte
3835,",",--,PUNCT,punct,3834,konnte
3836,wie,wie,ADP,cm,3837,Ahnungen
3837,Ahnungen,Ahnung,NOUN,cc,3834,konnte
3838,",",--,PUNCT,punct,3837,Ahnungen
3839,Wünsche,Wunsch,NOUN,cj,3837,Ahnungen
3840,",",--,PUNCT,punct,3837,Ahnungen
3841,die,der,DET,oa,3845,nennen
3842,er,er,PRON,sb,3846,vermochte
3843,nicht,nicht,PART,ng,3846,vermochte
3844,zu,zu,PART,pm,3845,nennen
3845,nennen,nennen,VERB,oc,3846,vermochte
3846,vermochte,vermögen,VERB,ROOT,3846,vermochte
3847,",",--,PUNCT,punct,3846,vermochte
3848,sein,sein,DET,nk,3849,Inneres
3849,Inneres,Innere,NOUN,oa,3850,durchkreuzten
3850,durchkreuzten,durchkreuzen,VERB,oc,3846,vermochte
3851,.,--,PUNCT,punct,3846,vermochte
3852,–,--,PUNCT,punct,3854,dachte
3853,Er,er,PRON,sb,3854,dachte
3854,dachte,denken,VERB,ROOT,3854,dachte
3855,mit,mit,ADP,svp,3854,dachte
3856,tiefer,tief,ADJ,nk,3857,Wehmut
3857,Wehmut,Wehmut,NOUN,re,3863,dann
3858,an,an,ADP,mnr,3857,Wehmut
3859,seine,sein,DET,nk,3861,Mutter
3860,verstorbene,verstorben,ADJ,nk,3861,Mutter
3861,Mutter,Mutter,NOUN,nk,3858,an
3862,",",--,PUNCT,punct,3863,dann
3863,dann,dann,ADV,mo,3864,war
3864,war,sein,AUX,ROOT,3864,war
3865,es,es,PRON,sb,3864,war
3866,ihm,ihm,PRON,da,3864,war
3867,aber,aber,ADV,mo,3864,war
3868,wieder,wieder,ADV,mo,3864,war
3869,",",--,PUNCT,punct,3864,war
3870,als,als,ADP,mo,3864,war
3871,sehne,sehnen,VERB,ROOT,3871,sehne
3872,er,er,PRON,sb,3871,sehne
3873,sich,sich,PRON,oa,3871,sehne
3874,nur,nur,ADV,mo,3876,einmal
3875,noch,noch,ADV,mo,3876,einmal
3876,einmal,einmal,ADV,mo,3871,sehne
3877,jener,jener,DET,nk,3878,Dirne
3878,Dirne,Dirn,NOUN,ag,3876,einmal
3879,zu,zu,PART,pm,3880,begegnen
3880,begegnen,begegnen,VERB,oc,3871,sehne
3881,",",--,PUNCT,punct,3880,begegnen
3882,die,der,PRON,oa,3871,sehne
3883,ihn,ihn,PRON,oa,3882,die
3884,gestern,gestern,ADV,mnr,3883,ihn
3885,so,so,ADV,mo,3871,sehne
3886,freundlich,freundlich,ADV,mo,3887,angesprochen
3887,angesprochen,ansprechen,VERB,ROOT,3887,angesprochen
3888,.,--,PUNCT,punct,3887,angesprochen
3889,Und,und,CCONJ,ju,3891,fürchtete
3890,dann,dann,ADV,mo,3891,fürchtete
3891,fürchtete,fürchten,VERB,ROOT,3891,fürchtete
3892,er,er,PRON,sb,3891,fürchtete
3893,wieder,wieder,ADV,svp,3891,fürchtete
3894,",",--,PUNCT,punct,3891,fürchtete
3895,träte,träte,VERB,cj,3891,fürchtete
3896,auch,auch,ADV,mo,3898,Dirne
3897,die,der,DET,nk,3898,Dirne
3898,Dirne,Dirn,NOUN,sb,3895,träte
3899,aus,aus,ADP,svp,3895,träte
3900,dieser,dieser,DET,nk,3903,Gasse
3901,oder,oder,CCONJ,cd,3900,dieser
3902,jener,jener,DET,cj,3901,oder
3903,Gasse,Gasse,NOUN,ROOT,3903,Gasse
3904,ihm,ihm,PRON,nk,3905,entgegen
3905,entgegen,entgegen,ADP,mo,3908,würd
3906,",",--,PUNCT,punct,3907,so
3907,so,so,ADV,mo,3908,würd
3908,würd,würd,PROPN,ROOT,3908,würd
3909,',--,PUNCT,punct,3908,würd
3910,es,es,PRON,ep,3908,würd
3911,am,an,ADP,mo,3908,würd
3912,Ende,Ende,NOUN,nk,3911,am
3913,der,der,DET,nk,3915,Bergmann
3914,alte,alt,ADJ,nk,3915,Bergmann
3915,Bergmann,Bergmann,NOUN,sb,3908,würd
3916,sein,sein,AUX,oc,3931,müsse
3917,",",--,PUNCT,punct,3916,sein
3918,vor,vor,ADP,mo,3924,konnte
3919,dem,der,PRON,nk,3918,vor
3920,er,er,PRON,mo,3918,vor
3921,sich,sich,PRON,oa,3927,sagen
3922,",",--,PUNCT,punct,3924,konnte
3923,selbst,selbst,ADV,mo,3924,konnte
3924,konnte,können,AUX,rc,3916,sein
3925,er,er,PRON,sb,3924,konnte
3926,nicht,nicht,PART,ng,3924,konnte
3927,sagen,sagen,VERB,oc,3924,konnte
3928,warum,warum,ADV,mo,3927,sagen
3929,",",--,PUNCT,punct,3931,müsse
3930,entsetzen,entsetzen,VERB,oc,3931,müsse
3931,müsse,müssen,AUX,ROOT,3931,müsse
3932,.,--,PUNCT,punct,3931,müsse
3933,Und,und,CCONJ,ROOT,3933,Und
3934,doch,doch,ADV,ju,3935,hätte
3935,hätte,haben,AUX,ROOT,3935,hätte
3936,er,er,PRON,sb,3935,hätte
3937,wieder,wieder,ADV,mo,3946,lassen
3938,auch,auch,ADV,mo,3939,von
3939,von,von,ADP,mo,3946,lassen
3940,dem,der,DET,nk,3941,Alten
3941,Alten,alte,NOUN,nk,3939,von
3942,sich,sich,PRON,oa,3945,erzählen
3943,gern,gern,ADV,mo,3946,lassen
3944,mehr,mehr,ADV,mo,3945,erzählen
3945,erzählen,erzählen,VERB,oc,3946,lassen
3946,lassen,lassen,VERB,oc,3935,hätte
3947,von,von,ADP,sbp,3946,lassen
3948,den,der,DET,ROOT,3948,den
3949,Wundern,Wunder,NOUN,ROOT,3949,Wundern
3950,des,der,DET,nk,3951,Bergbaues
3951,Bergbaues,Bergbaue,NOUN,ag,3949,Wundern
3952,.,--,PUNCT,punct,3949,Wundern
3953,Von,von,ADP,mo,3962,schaute
3954,all,all,DET,nk,3957,Gedanken
3955,diesen,dieser,DET,nk,3957,Gedanken
3956,treibenden,treibend,ADJ,nk,3957,Gedanken
3957,Gedanken,Gedanke,NOUN,nk,3953,Von
3958,hin-,hin,X,cj,3959,und
3959,und,und,CCONJ,cd,3960,hergeworfen
3960,hergeworfen,Hergeworfe,NOUN,ag,3957,Gedanken
3961,",",--,PUNCT,punct,3962,schaute
3962,schaute,schauen,VERB,ROOT,3962,schaute
3963,er,er,PRON,sb,3962,schaute
3964,hinein,hinein,ADV,svp,3962,schaute
3965,in,in,ADP,mo,3962,schaute
3966,das,der,DET,nk,3967,Wasser
3967,Wasser,Wasser,NOUN,ROOT,3967,Wasser
3968,.,--,PUNCT,punct,3967,Wasser
3969,Da,da,ADV,mo,3970,wollt
3970,wollt,wollen,AUX,ROOT,3970,wollt
3971,',--,PUNCT,punct,3970,wollt
3972,es,es,PRON,oa,3974,bedünken
3973,ihm,ihm,PRON,da,3974,bedünken
3974,bedünken,bedünken,VERB,oc,3970,wollt
3975,",",--,PUNCT,punct,3974,bedünken
3976,als,als,SCONJ,cm,3981,erstarrten
3977,wenn,wenn,SCONJ,cp,3981,erstarrten
3978,die,der,DET,nk,3980,Wellen
3979,silbernen,silbern,ADJ,nk,3980,Wellen
3980,Wellen,Welle,NOUN,sb,3981,erstarrten
3981,erstarrten,erstarren,VERB,cc,3969,Da
3982,zum,zu,ADP,ROOT,3982,zum
3983,funkelnden,funkelnd,ADJ,nk,3984,Glimmer
3984,Glimmer,Glimmer,NOUN,nk,3982,zum
3985,",",--,PUNCT,punct,3984,Glimmer
3986,in,in,ADP,mo,3993,zerfließen
3987,dem,der,PRON,nk,3986,in
3988,nun,nun,ADV,mo,3993,zerfließen
3989,die,der,DET,nk,3992,Schiffe
3990,schönen,schön,ADJ,nk,3992,Schiffe
3991,großen,groß,ADJ,nk,3992,Schiffe
3992,Schiffe,Schiff,NOUN,sb,3993,zerfließen
3993,zerfließen,zerfließen,VERB,rc,3984,Glimmer
3994,",",--,PUNCT,punct,3993,zerfließen
3995,als,als,ADP,mo,3982,zum
3996,wenn,wenn,SCONJ,cp,3999,Wolken
3997,die,der,DET,nk,3999,Wolken
3998,dunklen,dunkel,ADJ,nk,3999,Wolken
3999,Wolken,Wolke,NOUN,ROOT,3999,Wolken
4000,",",--,PUNCT,punct,3999,Wolken
4001,die,der,PRON,sb,4003,heraufzogen
4002,eben,eben,ADV,mo,4003,heraufzogen
4003,heraufzogen,Heraufzog,NOUN,rc,3999,Wolken
4004,an,an,ADP,mnr,4003,heraufzogen
4005,dem,der,DET,nk,4007,Himmel
4006,heitern,heitern,ADJ,nk,4007,Himmel
4007,Himmel,Himmel,NOUN,nk,4004,an
4008,",",--,PUNCT,punct,4003,heraufzogen
4009,sich,sich,PRON,app,4003,heraufzogen
4010,hinabsenken,hinabsenken,VERB,oc,4011,würden
4011,würden,werden,AUX,ROOT,4011,würden
4012,und,und,CCONJ,cd,4011,würden
4013,verdichten,verdichn,VERB,cj,4012,und
4014,zum,zu,ADP,mo,4013,verdichten
4015,steinernen,steinern,ADJ,nk,4016,Gewölbe
4016,Gewölbe,Gewölbe,NOUN,nk,4014,zum
4017,.,--,PUNCT,punct,4011,würden
4018,–,--,PUNCT,punct,4020,stand
4019,Er,er,PRON,sb,4020,stand
4020,stand,stehen,VERB,ROOT,4020,stand
4021,wieder,wieder,ADV,mo,4020,stand
4022,in,in,ADP,mo,4020,stand
4023,seinem,sein,DET,nk,4024,Traum
4024,Traum,Traum,NOUN,ROOT,4024,Traum
4025,",",--,PUNCT,punct,4024,Traum
4026,er,er,PRON,sb,4027,schaute
4027,schaute,schauten,VERB,oc,4024,Traum
4028,wieder,wieder,ADV,mo,4027,schaute
4029,das,der,DET,nk,4031,Antlitz
4030,ernste,ernst,ADJ,nk,4031,Antlitz
4031,Antlitz,Antlitz,NOUN,oa,4027,schaute
4032,der,der,DET,nk,4034,Frau
4033,mächtigen,mächtig,ADJ,nk,4034,Frau
4034,Frau,Frau,NOUN,ag,4031,Antlitz
4035,",",--,PUNCT,punct,4024,Traum
4036,und,und,CCONJ,cd,4024,Traum
4037,die,der,PRON,cj,4036,und
4038,verstörende,verstörend,ADJ,nk,4039,Angst
4039,Angst,Angst,NOUN,sb,4043,erfaßte
4040,des,der,DET,nk,4042,Verlangens
4041,sehnsüchtigsten,sehnsüchtigst,ADJ,nk,4042,Verlangens
4042,Verlangens,Verlangen,NOUN,ag,4039,Angst
4043,erfaßte,erfassen,VERB,ROOT,4043,erfaßte
4044,ihn,ihn,PRON,oa,4043,erfaßte
4045,aufs,auf,ADP,mo,4043,erfaßte
4046,neue,neu,ADJ,nk,4045,aufs
4047,.,--,PUNCT,punct,4043,erfaßte
4048,Die,der,DET,nk,4049,Kameraden
4049,Kameraden,Kamerad,NOUN,sb,4050,rüttelten
4050,rüttelten,rüttelen,VERB,ROOT,4050,rüttelten
4051,ihn,ihn,PRON,oa,4050,rüttelten
4052,auf,auf,ADP,mo,4050,rüttelten
4053,aus,aus,ADP,mo,4050,rüttelten
4054,der,der,DET,nk,4055,Träumerei
4055,Träumerei,Träumerei,NOUN,nk,4053,aus
4056,",",--,PUNCT,punct,4050,rüttelten
4057,er,er,PRON,sb,4058,mußte
4058,mußte,müssen,AUX,cj,4050,rüttelten
4059,ihrem,ihr,DET,nk,4060,Zuge
4060,Zuge,Zug,NOUN,da,4061,folgen
4061,folgen,folgen,VERB,oc,4058,mußte
4062,.,--,PUNCT,punct,4050,rüttelten
4063,Aber,aber,CCONJ,ju,4065,war
4064,nun,nun,ADV,mo,4065,war
4065,war,sein,AUX,ROOT,4065,war
4066,es,es,PRON,sb,4065,war
4067,",",--,PUNCT,punct,4065,war
4068,als,als,ADP,mo,4072,Stimme
4069,flüstre,Flüstre,NOUN,nk,4068,als
4070,eine,ein,DET,nk,4072,Stimme
4071,unbekannte,unbekannt,ADJ,nk,4072,Stimme
4072,Stimme,Stimme,NOUN,mo,4065,war
4073,ihm,ihm,PRON,da,4072,Stimme
4074,unaufhörlich,unaufhörlich,ADV,mo,4072,Stimme
4075,ins,in,ADP,mo,4065,war
4076,Ohr,Ohr,NOUN,nk,4075,ins
4077,:,--,PUNCT,punct,4065,war
4078,»,--,PUNCT,punct,4080,willst
4079,Was,was,PRON,oa,4080,willst
4080,willst,willst,VERB,ROOT,4080,willst
4081,du,du,PRON,sb,4080,willst
4082,noch,noch,ADV,mo,4083,hier
4083,hier,hier,ADV,mo,4080,willst
4084,?,--,PUNCT,punct,4080,willst
4085,–,--,PUNCT,punct,4086,fort
4086,fort,fort,X,mo,4095,ist
4087,–,--,PUNCT,punct,4086,fort
4088,fort,fort,ADV,svp,4086,fort
4089,–,--,PUNCT,punct,4086,fort
4090,in,in,ADP,dep,4086,fort
4091,den,der,DET,nk,4092,Bergwerken
4092,Bergwerken,Bergwerk,NOUN,nk,4090,in
4093,zu,zu,ADP,mnr,4092,Bergwerken
4094,Falun,Falun,PROPN,nk,4093,zu
4095,ist,sein,AUX,ROOT,4095,ist
4096,deine,dein,DET,pd,4095,ist
4097,Heimat,Heimat,NOUN,ROOT,4097,Heimat
4098,.,--,PUNCT,punct,4097,Heimat
4099,Da,da,ADV,mo,4100,geht
4100,geht,gehen,VERB,ROOT,4100,geht
4101,alle,aller,DET,nk,4102,Herrlichkeit
4102,Herrlichkeit,Herrlichkeit,NOUN,sb,4100,geht
4103,dir,dir,PRON,da,4100,geht
4104,auf,auf,ADP,svp,4100,geht
4105,",",--,PUNCT,punct,4100,geht
4106,von,von,ADP,sbp,4109,geträumt
4107,der,der,PRON,nk,4106,von
4108,du,du,PRON,sb,4109,geträumt
4109,geträumt,geträumen,VERB,rc,4101,alle
4110,–,--,PUNCT,punct,4109,geträumt
4111,fort,fort,ADV,svp,4100,geht
4112,",",--,PUNCT,punct,4100,geht
4113,fort,fort,ADV,svp,4100,geht
4114,nach,nach,ADP,ROOT,4114,nach
4115,Falun,Falun,PROPN,nk,4114,nach
4116,!,--,PUNCT,punct,4114,nach
4117,«,--,PUNCT,ROOT,4117,«
4118,Drei,drei,NUM,nk,4119,Tage
4119,Tage,Tag,NOUN,mo,4120,trieb
4120,trieb,treiben,VERB,ROOT,4120,trieb
4121,sich,sich,PRON,oa,4120,trieb
4122,Elis,Elis,PROPN,pnc,4123,Fröbom
4123,Fröbom,Fröbom,PROPN,sb,4120,trieb
4124,in,in,ADP,mo,4120,trieb
4125,den,der,DET,nk,4126,Straßen
4126,Straßen,Straße,NOUN,nk,4124,in
4127,von,von,ADP,pg,4126,Straßen
4128,Göthaborg,Göthaborg,NOUN,nk,4127,von
4129,umher,umher,ADV,svp,4120,trieb
4130,",",--,PUNCT,punct,4120,trieb
4131,unaufhörlich,unaufhörlich,ADV,mo,4132,verfolgt
4132,verfolgt,verfolgen,VERB,ROOT,4132,verfolgt
4133,von,von,ADP,op,4132,verfolgt
4134,den,der,DET,nk,4136,Gebilden
4135,wunderlichen,wunderlich,ADJ,nk,4136,Gebilden
4136,Gebilden,Gebilde,NOUN,nk,4133,von
4137,seines,sein,DET,nk,4138,Traums
4138,Traums,Traum,NOUN,ag,4136,Gebilden
4139,",",--,PUNCT,punct,4132,verfolgt
4140,unaufhörlich,unaufhörlich,ADV,mo,4132,verfolgt
4141,gemahnt,gemahnen,VERB,ROOT,4141,gemahnt
4142,von,von,ADP,sbp,4141,gemahnt
4143,der,der,DET,nk,4145,Stimme
4144,unbekannten,unbekannt,ADJ,nk,4145,Stimme
4145,Stimme,Stimme,NOUN,nk,4142,von
4146,.,--,PUNCT,punct,4141,gemahnt
4147,Am,an,ADP,mo,4150,stand
4148,vierten,vierter,ADJ,nk,4149,Tage
4149,Tage,Tag,NOUN,nk,4147,Am
4150,stand,stehen,VERB,ROOT,4150,stand
4151,Elis,Elis,PROPN,sb,4150,stand
4152,an,an,ADP,mo,4150,stand
4153,dem,der,DET,nk,4154,Tore
4154,Tore,Tor,NOUN,nk,4152,an
4155,",",--,PUNCT,punct,4154,Tore
4156,durch,durch,ADP,mo,4162,führt
4157,welches,welcher,PRON,nk,4156,durch
4158,der,der,DET,nk,4159,Weg
4159,Weg,Weg,NOUN,sb,4162,führt
4160,nach,nach,ADP,mnr,4159,Weg
4161,Gefle,Gefle,PROPN,nk,4160,nach
4162,führt,führen,VERB,rc,4154,Tore
4163,.,--,PUNCT,punct,4150,stand
4164,Da,da,ADV,mo,4165,schritt
4165,schritt,schritt,VERB,ROOT,4165,schritt
4166,eben,eben,ADV,mo,4165,schritt
4167,ein,ein,DET,nk,4169,Mann
4168,großer,groß,ADJ,nk,4169,Mann
4169,Mann,Mann,NOUN,sb,4165,schritt
4170,vor,vor,ADP,mo,4165,schritt
4171,ihm,ihm,PRON,nk,4170,vor
4172,hindurch,hindurch,ADV,svp,4165,schritt
4173,.,--,PUNCT,punct,4165,schritt
4174,Elis,Elis,PROPN,sb,4175,glaubte
4175,glaubte,glauben,VERB,ROOT,4175,glaubte
4176,den,der,DET,nk,4177,alten
4177,alten,alt,ADJ,da,4175,glaubte
4178,Bergmann,Bergmann,NOUN,oa,4179,erkannt
4179,erkannt,erkennen,VERB,oc,4181,haben
4180,zu,zu,PART,pm,4181,haben
4181,haben,haben,AUX,ROOT,4181,haben
4182,und,und,CCONJ,cd,4181,haben
4183,eilte,eilen,VERB,cj,4182,und
4184,",",--,PUNCT,punct,4183,eilte
4185,unwiderstehlich,unwiderstehlich,ADV,mo,4186,fortgetrieben
4186,fortgetrieben,forttrieben,VERB,cj,4183,eilte
4187,",",--,PUNCT,punct,4186,fortgetrieben
4188,ihm,ihm,PRON,da,4189,nach
4189,nach,nach,ADP,svp,4183,eilte
4190,",",--,PUNCT,punct,4183,eilte
4191,ohne,ohne,SCONJ,cp,4194,erreichen
4192,ihn,ihn,PRON,oa,4194,erreichen
4193,zu,zu,PART,pm,4194,erreichen
4194,erreichen,erreichen,VERB,ROOT,4194,erreichen
4195,.,--,PUNCT,punct,4194,erreichen
4196,Rastlos,Rastlos,ADV,mo,4197,ging
4197,ging,gehen,VERB,ROOT,4197,ging
4198,es,es,PRON,ep,4197,ging
4199,nun,nun,ADV,mo,4197,ging
4200,fort,fort,ADV,svp,4197,ging
4201,und,und,CCONJ,cd,4197,ging
4202,weiter,weiter,ADV,cj,4201,und
4203,fort,fort,ADV,svp,4197,ging
4204,.,--,PUNCT,punct,4197,ging
4205,Elis,elis,PROPN,sb,4206,wußte
4206,wußte,wissen,VERB,ROOT,4206,wußte
4207,deutlich,deutlich,ADV,mo,4206,wußte
4208,",",--,PUNCT,punct,4206,wußte
4209,daß,daß,SCONJ,cp,4217,befinde
4210,er,er,PRON,sb,4217,befinde
4211,sich,sich,PRON,oa,4217,befinde
4212,auf,auf,ADP,mo,4217,befinde
4213,dem,der,DET,nk,4214,Wege
4214,Wege,Weg,NOUN,nk,4212,auf
4215,nach,nach,ADP,mnr,4214,Wege
4216,Falun,Falun,PROPN,nk,4215,nach
4217,befinde,befinden,VERB,oc,4206,wußte
4218,",",--,PUNCT,punct,4206,wußte
4219,und,und,CCONJ,cd,4206,wußte
4220,eben,eben,ADV,mo,4221,dies
4221,dies,dieser,PRON,cj,4219,und
4222,beruhigte,beruhigen,VERB,ROOT,4222,beruhigte
4223,ihn,ihn,PRON,oa,4222,beruhigte
4224,auf,auf,ADP,mo,4222,beruhigte
4225,besondere,besonderer,ADJ,nk,4226,Weise
4226,Weise,Weise,NOUN,nk,4224,auf
4227,",",--,PUNCT,punct,4222,beruhigte
4228,denn,denn,CCONJ,cd,4222,beruhigte
4229,gewiß,gewiß,ADV,mo,4230,war
4230,war,sein,AUX,cj,4228,denn
4231,es,es,PRON,sb,4230,war
4232,ihm,ihm,PRON,da,4230,war
4233,",",--,PUNCT,punct,4230,war
4234,daß,daß,SCONJ,cp,4236,Stimme
4235,die,der,DET,nk,4236,Stimme
4236,Stimme,Stimme,NOUN,pd,4230,war
4237,des,der,DET,punct,4222,beruhigte
4238,Verhängnisses,Verhängnis,NOUN,ROOT,4238,Verhängnisses
4239,durch,durch,ADP,mnr,4238,Verhängnisses
4240,den,der,DET,nk,4242,Bergmann
4241,alten,alt,ADJ,nk,4242,Bergmann
4242,Bergmann,Bergmann,NOUN,nk,4239,durch
4243,zu,zu,ADP,mnr,4242,Bergmann
4244,ihm,ihm,PRON,nk,4243,zu
4245,gesprochen,sprechen,VERB,oc,4238,Verhängnisses
4246,",",--,PUNCT,punct,4245,gesprochen
4247,der,der,PRON,punct,4242,Bergmann
4248,ihn,ihn,PRON,oa,4238,Verhängnisses
4249,nun,nun,ADV,mnr,4248,ihn
4250,auch,auch,ADV,mo,4248,ihn
4251,seiner,sein,DET,nk,4252,Bestimmung
4252,Bestimmung,Bestimmung,NOUN,da,4253,entgegenführe
4253,entgegenführe,entgegenführen,VERB,ROOT,4253,entgegenführe
4254,.,--,PUNCT,punct,4253,entgegenführe
4255,In,in,ADP,mo,4258,sah
4256,der,der,DET,nk,4257,Tat
4257,Tat,Tat,NOUN,nk,4255,In
4258,sah,sehen,VERB,ROOT,4258,sah
4259,er,er,PRON,sb,4258,sah
4260,auch,auch,ADV,mo,4258,sah
4261,manchmal,manchmal,ADV,mo,4258,sah
4262,",",--,PUNCT,punct,4258,sah
4263,vorzüglich,vorzüglich,ADV,mo,4269,werden
4264,wenn,wenn,SCONJ,cp,4269,werden
4265,der,der,DET,nk,4266,Weg
4266,Weg,Weg,NOUN,sb,4269,werden
4267,ihm,ihm,PRON,da,4268,ungewiß
4268,ungewiß,ungewiß,ADV,pd,4269,werden
4269,werden,werden,AUX,oc,4258,sah
4270,wollte,wollen,AUX,ROOT,4270,wollte
4271,",",--,PUNCT,punct,4270,wollte
4272,den,der,DET,nk,4273,Alten
4273,Alten,alte,NOUN,oa,4270,wollte
4274,",",--,PUNCT,punct,4273,Alten
4275,wie,wie,SCONJ,cm,4276,er
4276,er,er,PRON,cc,4273,Alten
4277,aus,aus,ADP,mnr,4276,er
4278,einer,ein,DET,nk,4279,Schlucht
4279,Schlucht,Schlucht,NOUN,nk,4277,aus
4280,",",--,PUNCT,punct,4277,aus
4281,aus,aus,ADP,cj,4277,aus
4282,dickem,dickem,ADJ,nk,4283,Gestrüpp
4283,Gestrüpp,Gestrüpp,NOUN,nk,4281,aus
4284,",",--,PUNCT,punct,4277,aus
4285,aus,aus,ADP,cj,4277,aus
4286,dunklem,dunklem,PROPN,nk,4285,aus
4287,Gestein,gestein,ADV,sb,4289,hervortrat
4288,plötzlich,plötzlich,ADV,mo,4289,hervortrat
4289,hervortrat,hervortraen,VERB,ROOT,4289,hervortrat
4290,und,und,CCONJ,cd,4289,hervortrat
4291,vor,vor,ADP,mo,4296,umzuschauen
4292,ihm,ihm,PRON,nk,4291,vor
4293,",",--,PUNCT,punct,4296,umzuschauen
4294,ohne,ohne,SCONJ,cp,4296,umzuschauen
4295,sich,sich,PRON,oa,4296,umzuschauen
4296,umzuschauen,umschauen,VERB,cj,4290,und
4297,",",--,PUNCT,punct,4289,hervortrat
4298,daherschritt,daherschritt,VERB,cj,4289,hervortrat
4299,",",--,PUNCT,punct,4289,hervortrat
4300,dann,dann,ADV,mo,4304,verschwand
4301,aber,aber,ADV,mo,4304,verschwand
4302,schnell,schnell,ADV,mo,4304,verschwand
4303,wieder,wieder,ADV,mo,4304,verschwand
4304,verschwand,verschwinden,VERB,ROOT,4304,verschwand
4305,.,--,PUNCT,punct,4304,verschwand
4306,Endlich,endlich,ADV,mo,4307,nach
4307,nach,nach,ADP,mo,4312,erblickte
4308,manchem,mancher,DET,nk,4311,Tage
4309,mühselig,mühselig,ADV,mo,4310,durchwanderten
4310,durchwanderten,durchwandert,ADJ,nk,4311,Tage
4311,Tage,Tag,NOUN,nk,4307,nach
4312,erblickte,erblicken,VERB,ROOT,4312,erblickte
4313,Elis,Elis,PROPN,sb,4312,erblickte
4314,in,in,ADP,mo,4312,erblickte
4315,der,der,DET,nk,4316,Ferne
4316,Ferne,Ferne,NOUN,nk,4314,in
4317,zwei,zwei,NUM,nk,4319,Seen
4318,große,groß,ADJ,nk,4319,Seen
4319,Seen,See,NOUN,ROOT,4319,Seen
4320,",",--,PUNCT,punct,4319,Seen
4321,zwischen,zwischen,ADP,mo,4326,aufstieg
4322,denen,der,PRON,nk,4321,zwischen
4323,ein,ein,DET,nk,4325,Dampf
4324,dicker,dick,ADJ,nk,4325,Dampf
4325,Dampf,Dampf,NOUN,sb,4326,aufstieg
4326,aufstieg,aufstieg,VERB,rc,4319,Seen
4327,.,--,PUNCT,punct,4319,Seen
4328,Sowie,sowie,CCONJ,ROOT,4328,Sowie
4329,er,er,PRON,sb,4328,Sowie
4330,mehr,mehr,ADV,mo,4329,er
4331,und,und,CCONJ,cd,4330,mehr
4332,mehr,mehr,ADV,mo,4334,Anhöhe
4333,die,der,DET,nk,4334,Anhöhe
4334,Anhöhe,Anhöhe,NOUN,sb,4336,erklimmte
4335,westlich,westlich,ADV,mo,4336,erklimmte
4336,erklimmte,erklimmt,VERB,mo,4338,unterschied
4337,",",--,PUNCT,punct,4338,unterschied
4338,unterschied,Unterschied,VERB,ROOT,4338,unterschied
4339,er,er,PRON,sb,4338,unterschied
4340,in,in,ADP,mo,4338,unterschied
4341,dem,der,DET,nk,4342,Rauch
4342,Rauch,Rauch,NOUN,nk,4340,in
4343,ein,ein,DET,nk,4345,Türme
4344,par,par,X,nk,4345,Türme
4345,Türme,Turm,NOUN,oa,4338,unterschied
4346,und,und,CCONJ,ROOT,4346,und
4347,schwarze,schwarz,ADJ,nk,4348,Dächer
4348,Dächer,Dach,NOUN,cj,4346,und
4349,.,--,PUNCT,punct,4346,und
4350,Der,der,DET,nk,4351,Alte
4351,Alte,alte,NOUN,sb,4352,stand
4352,stand,stehen,VERB,oc,4357,zeigte
4353,vor,vor,ADP,mo,4352,stand
4354,ihm,ihm,PRON,nk,4353,vor
4355,riesengroß,riesengroß,ADV,mo,4352,stand
4356,",",--,PUNCT,punct,4357,zeigte
4357,zeigte,zeigen,VERB,ROOT,4357,zeigte
4358,mit,mit,ADP,mo,4357,zeigte
4359,ausgestrecktem,ausgestreckt,ADJ,nk,4360,Arm
4360,Arm,Arm,NOUN,ROOT,4360,Arm
4361,hin,hin,ADV,mo,4362,nach
4362,nach,nach,ADP,mnr,4360,Arm
4363,dem,der,DET,nk,4364,Dampf
4364,Dampf,Dampf,NOUN,nk,4362,nach
4365,und,und,CCONJ,cd,4360,Arm
4366,verschwand,verschwinden,VERB,cj,4365,und
4367,wieder,wieder,ADV,mo,4366,verschwand
4368,im,in,ADP,mo,4366,verschwand
4369,Gestein,Gestein,NOUN,nk,4368,im
4370,.,--,PUNCT,punct,4360,Arm
4371,»,--,PUNCT,punct,4373,ist
4372,Das,der,PRON,sb,4373,ist
4373,ist,sein,AUX,oc,4377,rief
4374,Falun,Falun,PROPN,pd,4373,ist
4375,!,--,PUNCT,punct,4373,ist
4376,«,--,PUNCT,punct,4377,rief
4377,rief,rufen,VERB,ROOT,4377,rief
4378,Elis,Elis,PROPN,sb,4377,rief
4379,",",--,PUNCT,punct,4377,rief
4380,»,--,PUNCT,punct,4382,ist
4381,das,der,PRON,sb,4382,ist
4382,ist,sein,AUX,oc,4377,rief
4383,Falun,Falun,PROPN,pd,4382,ist
4384,",",--,PUNCT,punct,4383,Falun
4385,das,der,DET,nk,4386,Ziel
4386,Ziel,Ziel,NOUN,app,4383,Falun
4387,meiner,mein,DET,nk,4388,Reise
4388,Reise,Reise,NOUN,ag,4386,Ziel
4389,!,--,PUNCT,punct,4377,rief
4390,«,--,PUNCT,punct,4377,rief
4391,–,--,PUNCT,punct,4393,hatte
4392,Er,er,PRON,sb,4393,hatte
4393,hatte,haben,AUX,ROOT,4393,hatte
4394,recht,Recht,ADV,mo,4404,bestätigten
4395,",",--,PUNCT,punct,4404,bestätigten
4396,denn,denn,CCONJ,mo,4404,bestätigten
4397,Leute,Leute,NOUN,cj,4396,denn
4398,",",--,PUNCT,punct,4397,Leute
4399,die,der,PRON,sb,4402,wanderten
4400,ihm,ihm,PRON,da,4402,wanderten
4401,hinterher,hinterher,ADV,mo,4402,wanderten
4402,wanderten,wandern,VERB,rc,4397,Leute
4403,",",--,PUNCT,punct,4404,bestätigten
4404,bestätigten,bestätigen,VERB,ROOT,4404,bestätigten
4405,es,es,PRON,sb,4404,bestätigten
4406,",",--,PUNCT,punct,4405,es
4407,daß,daß,SCONJ,cp,4408,dort
4408,dort,dort,ADV,mo,4404,bestätigten
4409,zwischen,zwischen,ADP,mo,4418,liege
4410,den,der,DET,nk,4411,Seen
4411,Seen,See,NOUN,nk,4409,zwischen
4412,Runn,Runn,PROPN,nk,4411,Seen
4413,und,und,CCONJ,cd,4412,Runn
4414,Warpann,Warpann,PROPN,cj,4413,und
4415,die,der,DET,nk,4416,Stadt
4416,Stadt,Stadt,NOUN,oa,4418,liege
4417,Falun,Falun,PROPN,nk,4416,Stadt
4418,liege,liegen,VERB,ROOT,4418,liege
4419,",",--,PUNCT,punct,4418,liege
4420,und,und,CCONJ,cd,4418,liege
4421,daß,daß,SCONJ,cp,4422,er
4422,er,er,PRON,cj,4420,und
4423,soeben,soeben,ADV,mo,4422,er
4424,den,der,DET,ROOT,4424,den
4425,Guffrisberg,Guffrisberg,NOUN,sb,4426,hinansteige
4426,hinansteige,hinansteigen,VERB,ROOT,4426,hinansteige
4427,",",--,PUNCT,punct,4426,hinansteige
4428,wo,wo,SCONJ,mo,4431,Pinge
4429,die,der,DET,nk,4431,Pinge
4430,große,groß,ADJ,nk,4431,Pinge
4431,Pinge,Pinge,NOUN,mo,4426,hinansteige
4432,oder,oder,CCONJ,cd,4431,Pinge
4433,Tagesöffnung,Tagesöffnung,NOUN,cj,4432,oder
4434,der,der,DET,nk,4435,Erzgrube
4435,Erzgrube,Erzgrube,NOUN,ag,4431,Pinge
4436,befindlich,befindlich,ADV,ROOT,4436,befindlich
4437,.,--,PUNCT,punct,4436,befindlich
4438,Elis,Elis,PROPN,ROOT,4438,Elis
4439,Fröbom,Fröbom,PROPN,sb,4440,schritt
4440,schritt,schritt,VERB,ROOT,4440,schritt
4441,guten,gut,ADJ,nk,4442,Mutes
4442,Mutes,Mut,NOUN,oa,4440,schritt
4443,vorwärts,vorwärts,ADV,svp,4440,schritt
4444,",",--,PUNCT,punct,4440,schritt
4445,als,als,SCONJ,cm,4448,vor
4446,er,er,PRON,sb,4448,vor
4447,aber,aber,ADV,mo,4448,vor
4448,vor,vor,ADP,mo,4440,schritt
4449,dem,der,DET,nk,4450,ungeheuern
4450,ungeheuern,Ungeheuern,NOUN,nk,4448,vor
4451,Höllenschlunde,Höllenschlund,NOUN,sb,4452,stand
4452,stand,stehen,VERB,ROOT,4452,stand
4453,",",--,PUNCT,punct,4452,stand
4454,da,da,SCONJ,cp,4455,gefror
4455,gefror,gefror,VERB,mo,4452,stand
4456,ihm,ihm,PRON,da,4455,gefror
4457,das,der,DET,nk,4458,Blut
4458,Blut,Blut,NOUN,sb,4455,gefror
4459,in,in,ADP,mo,4455,gefror
4460,den,der,DET,nk,4461,Adern
4461,Adern,Ader,NOUN,nk,4459,in
4462,",",--,PUNCT,punct,4455,gefror
4463,und,und,CCONJ,cd,4455,gefror
4464,er,er,PRON,sb,4465,erstarrte
4465,erstarrte,erstarren,VERB,cj,4463,und
4466,bei,bei,ADP,mo,4465,erstarrte
4467,dem,der,DET,nk,4468,Anblick
4468,Anblick,Anblick,NOUN,ROOT,4468,Anblick
4469,der,der,DET,nk,4471,Zerstörung
4470,fürchterlichen,fürchterlich,ADJ,nk,4471,Zerstörung
4471,Zerstörung,Zerstörung,NOUN,ag,4468,Anblick
4472,.,--,PUNCT,punct,4468,Anblick
4473,Bekanntlich,bekanntlich,ADV,mo,4474,ist
4474,ist,sein,AUX,ROOT,4474,ist
4475,die,der,DET,nk,4477,Tagesöffnung
4476,große,groß,ADJ,nk,4477,Tagesöffnung
4477,Tagesöffnung,Tagesöffnung,NOUN,sb,4474,ist
4478,der,der,DET,nk,4479,Erzgrube
4479,Erzgrube,Erzgrube,NOUN,ag,4477,Tagesöffnung
4480,zu,zu,ADP,mnr,4479,Erzgrube
4481,Falun,Falun,PROPN,nk,4480,zu
4482,an,an,ADP,mo,4483,zwölfhundert
4483,zwölfhundert,zwölfhunderen,VERB,pd,4474,ist
4484,Fuß,Fuß,NOUN,ams,4485,lang
4485,lang,lang,ADV,mo,4487,sechshundert
4486,",",--,PUNCT,punct,4487,sechshundert
4487,sechshundert,sechshunderen,VERB,ROOT,4487,sechshundert
4488,Fuß,Fuß,NOUN,sb,4487,sechshundert
4489,breit,breit,ADV,mo,4487,sechshundert
4490,und,und,CCONJ,cd,4489,breit
4491,einhundertundachtzig,einhundertundachtzig,NUM,nk,4492,Fuß
4492,Fuß,Fuß,NOUN,cj,4490,und
4493,tief,tief,ADV,mo,4487,sechshundert
4494,.,--,PUNCT,punct,4487,sechshundert
4495,Die,der,DET,ROOT,4495,Die
4496,schwarzbraunen,schwarzbraun,ADJ,nk,4497,Seitenwände
4497,Seitenwände,Seitenwand,NOUN,sb,4498,gehen
4498,gehen,gehen,VERB,ROOT,4498,gehen
4499,anfangs,anfangs,ADV,mo,4498,gehen
4500,größtenteils,größtenteils,ADV,mo,4501,senkrecht
4501,senkrecht,senkrechen,VERB,mo,4498,gehen
4502,nieder,nieder,ADV,svp,4498,gehen
4503,;,--,PUNCT,punct,4498,gehen
4504,dann,dann,ADV,ROOT,4504,dann
4505,verflächen,verflächen,VERB,ROOT,4505,verflächen
4506,sie,sie,PRON,sb,4505,verflächen
4507,sich,sich,PRON,oa,4505,verflächen
4508,aber,aber,ADV,mo,4505,verflächen
4509,gegen,gegen,ADP,mo,4505,verflächen
4510,die,der,DET,nk,4512,Tiefe
4511,mittlere,mittlerer,ADJ,nk,4512,Tiefe
4512,Tiefe,Tiefe,NOUN,nk,4509,gegen
4513,durch,durch,ADP,mnr,4512,Tiefe
4514,ungeheuern,ungeheuern,ADJ,nk,4515,Schutt
4515,Schutt,Schutt,NOUN,nk,4513,durch
4516,und,und,CCONJ,cd,4505,verflächen
4517,Trümmerhalden,Trümmerhald,NOUN,ROOT,4517,Trümmerhalden
4518,.,--,PUNCT,punct,4517,Trümmerhalden
4519,In,in,ADP,mo,4525,blickt
4520,diesen,dieser,DET,nk,4519,In
4521,und,und,CCONJ,cd,4520,diesen
4522,an,an,ADP,cj,4521,und
4523,den,der,DET,nk,4524,Seitenwänden
4524,Seitenwänden,Seitenwände,NOUN,nk,4522,an
4525,blickt,blicken,VERB,ROOT,4525,blickt
4526,hin,hin,ADV,mo,4525,blickt
4527,und,und,CCONJ,cd,4526,hin
4528,wieder,wieder,ADV,cj,4527,und
4529,die,der,DET,sb,4525,blickt
4530,Zimmerung,Zimmerung,NOUN,ROOT,4530,Zimmerung
4531,alter,alt,ADJ,nk,4532,Schächte
4532,Schächte,Schacht,NOUN,ag,4530,Zimmerung
4533,hervor,hervor,ADV,svp,4530,Zimmerung
4534,",",--,PUNCT,punct,4530,Zimmerung
4535,die,der,PRON,cj,4530,Zimmerung
4536,aus,aus,ADP,mnr,4535,die
4537,starken,stark,ADJ,nk,4536,aus
4538,",",--,PUNCT,punct,4537,starken
4539,dicht,dicht,ADV,mo,4540,aneinandergelegten
4540,aneinandergelegten,aneinandergelegten,VERB,cj,4537,starken
4541,und,und,CCONJ,cd,4540,aneinandergelegten
4542,an,an,ADP,mo,4545,ineinandergefugten
4543,den,der,DET,nk,4544,Enden
4544,Enden,End,NOUN,nk,4542,an
4545,ineinandergefugten,ineinandergefugt,ADJ,nk,4546,Stämmen
4546,Stämmen,Stämme,NOUN,ROOT,4546,Stämmen
4547,",",--,PUNCT,punct,4546,Stämmen
4548,nach,nach,ADP,par,4546,Stämmen
4549,Art,Art,NOUN,nk,4548,nach
4550,des,der,DET,nk,4551,gewöhnlichen
4551,gewöhnlichen,gewöhnlich,ADJ,ag,4549,Art
4552,Blockhäuserbaues,Blockhäuserbaues,NOUN,sb,4554,sind
4553,aufgeführt,aufführen,VERB,oc,4554,sind
4554,sind,sein,AUX,ROOT,4554,sind
4555,.,--,PUNCT,punct,4554,sind
4556,Kein,kein,DET,nk,4557,Baum
4557,Baum,Baum,NOUN,ROOT,4557,Baum
4558,",",--,PUNCT,punct,4557,Baum
4559,kein,kein,DET,nk,4560,Grashalm
4560,Grashalm,Grashalm,NOUN,sb,4561,sproßt
4561,sproßt,sproßt,VERB,cj,4557,Baum
4562,in,in,ADP,mo,4561,sproßt
4563,dem,der,DET,nk,4564,kahlen
4564,kahlen,kahl,ADJ,nk,4562,in
4565,zerbröckelten,zerbröckelt,ADJ,nk,4566,Steingeklüft
4566,Steingeklüft,Steingeklüft,NOUN,ROOT,4566,Steingeklüft
4567,",",--,PUNCT,punct,4566,Steingeklüft
4568,und,und,CCONJ,cd,4566,Steingeklüft
4569,in,in,ADP,cj,4568,und
4570,wunderlichen,wunderlich,ADJ,nk,4571,Gebilden
4571,Gebilden,Gebilde,NOUN,nk,4569,in
4572,",",--,PUNCT,punct,4566,Steingeklüft
4573,manchmal,manchmal,ADV,mo,4574,riesenhaften
4574,riesenhaften,riesenhaft,VERB,par,4566,Steingeklüft
4575,versteinerten,versteinert,ADJ,nk,4576,Tieren
4576,Tieren,Tier,NOUN,da,4581,ähnlich
4577,",",--,PUNCT,punct,4576,Tieren
4578,manchmal,manchmal,ADV,mo,4579,menschlichen
4579,menschlichen,menschlich,ADJ,nk,4580,Kolossen
4580,Kolossen,Kolosse,NOUN,cj,4576,Tieren
4581,ähnlich,ähnlich,ADV,ROOT,4581,ähnlich
4582,;,--,PUNCT,punct,4581,ähnlich
4583,ragen,ragen,VERB,ROOT,4583,ragen
4584,die,der,DET,sb,4583,ragen
4585,zackigen,zackig,ADJ,nk,4586,Felsenmassen
4586,Felsenmassen,Felsenmasse,NOUN,ROOT,4586,Felsenmassen
4587,ringsumher,ringsumh,ADV,pd,4586,Felsenmassen
4588,empor,empor,ADV,svp,4586,Felsenmassen
4589,.,--,PUNCT,punct,4586,Felsenmassen
4590,Im,in,ADP,mo,4592,liegen
4591,Abgrunde,Abgrunde,NOUN,nk,4590,Im
4592,liegen,liegen,VERB,ROOT,4592,liegen
4593,in,in,ADP,mo,4592,liegen
4594,wilder,wild,ADJ,nk,4595,Zerstörung
4595,Zerstörung,Zerstörung,NOUN,nk,4593,in
4596,durcheinander,durcheinander,ADV,nk,4597,Steine
4597,Steine,Stein,NOUN,ROOT,4597,Steine
4598,",",--,PUNCT,punct,4597,Steine
4599,Schlacken,Schlacken,NOUN,cj,4597,Steine
4600,–,--,PUNCT,punct,4597,Steine
4601,ausgebranntes,ausgebrannt,ADJ,nk,4602,Erz
4602,Erz,Erz,PROPN,cj,4599,Schlacken
4603,",",--,PUNCT,punct,4597,Steine
4604,und,und,CCONJ,cd,4597,Steine
4605,ein,ein,DET,nk,4607,betäubender
4606,ewiger,ewig,ADJ,nk,4607,betäubender
4607,betäubender,betäubende,NOUN,cj,4604,und
4608,Schwefeldunst,Schwefeldunst,NOUN,sb,4609,steigt
4609,steigt,steigen,VERB,ROOT,4609,steigt
4610,aus,aus,ADP,mo,4609,steigt
4611,der,der,DET,nk,4612,Tiefe
4612,Tiefe,Tiefe,NOUN,nk,4610,aus
4613,",",--,PUNCT,punct,4609,steigt
4614,als,als,SCONJ,cm,4615,würde
4615,würde,werden,AUX,cj,4609,steigt
4616,unten,unten,ADV,mo,4618,Höllensud
4617,der,der,DET,nk,4618,Höllensud
4618,Höllensud,Höllensud,NOUN,sb,4615,würde
4619,gekocht,kochen,VERB,oc,4615,würde
4620,",",--,PUNCT,punct,4609,steigt
4621,dessen,der,PRON,ag,4622,Dämpfe
4622,Dämpfe,Dämpfe,NOUN,ROOT,4622,Dämpfe
4623,alle,aller,DET,nk,4625,Lust
4624,grüne,grün,ADJ,nk,4625,Lust
4625,Lust,Lust,NOUN,oa,4628,vergiften
4626,der,der,DET,nk,4627,Natur
4627,Natur,Natur,NOUN,ag,4625,Lust
4628,vergiften,vergiften,VERB,oc,4622,Dämpfe
4629,.,--,PUNCT,punct,4622,Dämpfe
4630,Man,man,PRON,sb,4631,sollte
4631,sollte,sollen,AUX,ROOT,4631,sollte
4632,glauben,glauben,VERB,oc,4631,sollte
4633,",",--,PUNCT,punct,4631,sollte
4634,hier,hier,ADV,mo,4635,sei
4635,sei,sein,AUX,oc,4631,sollte
4636,Dante,Dant,PROPN,oa,4637,herabgestiegen
4637,herabgestiegen,herabgestiegen,VERB,ROOT,4637,herabgestiegen
4638,und,und,CCONJ,cd,4637,herabgestiegen
4639,habe,haben,AUX,cj,4638,und
4640,den,der,DET,nk,4641,Inferno
4641,Inferno,Inferno,NOUN,oa,4642,geschaut
4642,geschaut,schauen,VERB,oc,4639,habe
4643,mit,mit,ADP,mo,4642,geschaut
4644,all,all,DET,nk,4646,trostlosen
4645,seiner,sein,DET,nk,4646,trostlosen
4646,trostlosen,trostlose,NOUN,nk,4643,mit
4647,Qual,Qual,PROPN,ROOT,4647,Qual
4648,",",--,PUNCT,punct,4647,Qual
4649,mit,mit,ADP,par,4647,Qual
4650,all,all,DET,nk,4652,Entsetzen
4651,seinem,sein,DET,nk,4652,Entsetzen
4652,Entsetzen,entsetzen,NOUN,nk,4649,mit
4653,.,--,PUNCT,punct,4647,Qual
4654,Als,als,SCONJ,cp,4664,kam
4655,nun,nun,ADV,mo,4664,kam
4656,Elis,Elis,PROPN,sb,4658,hinabschaute
4657,Fröbom,Fröbom,PROPN,sb,4658,hinabschaute
4658,hinabschaute,hinabschauen,VERB,sb,4664,kam
4659,in,in,ADP,mo,4664,kam
4660,den,der,DET,nk,4662,Schlund
4661,ungeheueren,ungeheu,ADJ,nk,4662,Schlund
4662,Schlund,Schlund,NOUN,nk,4659,in
4663,",",--,PUNCT,punct,4664,kam
4664,kam,kommen,VERB,ROOT,4664,kam
4665,ihm,ihm,PRON,da,4664,kam
4666,in,in,ADP,mo,4664,kam
4667,den,der,DET,nk,4666,in
4668,Sinn,Sinn,NOUN,ROOT,4668,Sinn
4669,",",--,PUNCT,punct,4668,Sinn
4670,was,wer,PRON,sb,4680,erzählt
4671,ihm,ihm,PRON,da,4680,erzählt
4672,vor,vor,ADP,mo,4680,erzählt
4673,langer,lang,ADJ,nk,4674,Zeit
4674,Zeit,Zeit,NOUN,nk,4672,vor
4675,der,der,DET,nk,4677,Steuermann
4676,alte,alt,ADJ,nk,4677,Steuermann
4677,Steuermann,Steuermann,NOUN,sb,4680,erzählt
4678,seines,sein,DET,nk,4679,Schiffs
4679,Schiffs,Schiff,NOUN,ag,4677,Steuermann
4680,erzählt,erzählen,VERB,rc,4668,Sinn
4681,.,--,PUNCT,punct,4668,Sinn
4682,Dem,der,DET,ROOT,4682,Dem
4683,war,sein,AUX,ROOT,4683,war
4684,es,es,PRON,sb,4683,war
4685,",",--,PUNCT,punct,4684,es
4686,als,als,SCONJ,cp,4691,gelegen
4687,er,er,PRON,sb,4691,gelegen
4688,einmal,einmal,ADV,mo,4691,gelegen
4689,im,in,ADP,mo,4691,gelegen
4690,Fieber,Fieber,NOUN,nk,4689,im
4691,gelegen,liegen,VERB,mo,4683,war
4692,",",--,PUNCT,punct,4683,war
4693,plötzlich,plötzlich,ADV,pd,4694,gewesen
4694,gewesen,sein,AUX,re,4684,es
4695,",",--,PUNCT,punct,4694,gewesen
4696,als,als,SCONJ,cm,4697,seien
4697,seien,sein,AUX,cc,4691,gelegen
4698,die,der,DET,sb,4697,seien
4699,Wellen,Welle,NOUN,sb,4702,verströmt
4700,des,der,DET,nk,4701,Meeres
4701,Meeres,Meer,NOUN,ag,4699,Wellen
4702,verströmt,verströmen,VERB,ROOT,4702,verströmt
4703,",",--,PUNCT,punct,4702,verströmt
4704,und,und,CCONJ,cd,4702,verströmt
4705,unter,unter,ADP,mo,4707,habe
4706,ihm,ihm,PRON,nk,4705,unter
4707,habe,haben,AUX,cj,4704,und
4708,sich,sich,PRON,oa,4707,habe
4709,der,der,DET,nk,4711,Abgrund
4710,unermeßliche,unermeßlich,ADJ,nk,4711,Abgrund
4711,Abgrund,Abgrund,NOUN,sb,4707,habe
4712,geöffnet,öffnen,VERB,ROOT,4712,geöffnet
4713,",",--,PUNCT,punct,4712,geöffnet
4714,so,so,ADV,mo,4722,erblickte
4715,daß,daß,SCONJ,cp,4722,erblickte
4716,er,er,PRON,sb,4722,erblickte
4717,die,der,DET,nk,4719,Untiere
4718,scheußlichen,scheußlich,ADJ,nk,4719,Untiere
4719,Untiere,Untier,NOUN,oa,4722,erblickte
4720,der,der,DET,nk,4721,Tiefe
4721,Tiefe,Tiefe,NOUN,ag,4719,Untiere
4722,erblickte,erblicken,VERB,mo,4712,geöffnet
4723,",",--,PUNCT,punct,4722,erblickte
4724,die,der,PRON,dep,4722,erblickte
4725,sich,sich,PRON,dep,4722,erblickte
4726,zwischen,zwischen,ADP,ROOT,4726,zwischen
4727,Tausenden,Tausend,NOUN,nk,4726,zwischen
4728,von,von,ADP,pg,4727,Tausenden
4729,seltsamen,seltsam,ADJ,nk,4730,Muscheln
4730,Muscheln,Muschel,NOUN,nk,4728,von
4731,",",--,PUNCT,punct,4730,Muscheln
4732,Korallenstauden,Korallenstaude,NOUN,cj,4730,Muscheln
4733,",",--,PUNCT,punct,4726,zwischen
4734,zwischen,zwischen,ADP,mo,4726,zwischen
4735,wunderlichem,wunderlich,ADJ,nk,4736,Gestein
4736,Gestein,Gestein,NOUN,da,4743,wälzten
4737,in,in,ADP,mnr,4736,Gestein
4738,häßlichen,häßlich,ADJ,nk,4739,Verschlingungen
4739,Verschlingungen,Verschlingung,NOUN,nk,4737,in
4740,hin,hin,ADV,mo,4743,wälzten
4741,und,und,CCONJ,cd,4740,hin
4742,her,her,ADV,cj,4741,und
4743,wälzten,wälzen,VERB,ROOT,4743,wälzten
4744,",",--,PUNCT,punct,4743,wälzten
4745,bis,bis,SCONJ,cp,4746,sie
4746,sie,sie,PRON,sb,4743,wälzten
4747,mit,mit,ADP,mo,4753,erstarrt
4748,aufgesperrtem,aufgesperrt,ADJ,nk,4749,Rachen
4749,Rachen,Rachen,NOUN,nk,4747,mit
4750,",",--,PUNCT,punct,4753,erstarrt
4751,zum,zu,ADP,mo,4753,erstarrt
4752,Tode,Tod,NOUN,nk,4751,zum
4753,erstarrt,erstarren,VERB,mo,4755,liegen
4754,",",--,PUNCT,punct,4755,liegen
4755,liegen,liegen,VERB,oc,4756,geblieben
4756,geblieben,bleiben,VERB,ROOT,4756,geblieben
4757,.,--,PUNCT,punct,4756,geblieben
4758,Ein,ein,DET,nk,4759,solches
4759,solches,solcher,DET,ROOT,4759,solches
4760,Gesicht,Gesicht,NOUN,sb,4767,bedeute
4761,",",--,PUNCT,punct,4762,meinte
4762,meinte,meinen,VERB,ROOT,4762,meinte
4763,der,der,DET,nk,4765,Seemann
4764,alte,alt,ADJ,nk,4765,Seemann
4765,Seemann,Seemann,NOUN,sb,4762,meinte
4766,",",--,PUNCT,punct,4762,meinte
4767,bedeute,bedeuten,VERB,oc,4762,meinte
4768,den,der,DET,nk,4770,Tod
4769,baldigen,baldig,ADJ,nk,4770,Tod
4770,Tod,Tod,NOUN,oa,4767,bedeute
4771,in,in,ADP,mnr,4770,Tod
4772,den,der,DET,nk,4773,Wellen
4773,Wellen,Welle,NOUN,nk,4771,in
4774,",",--,PUNCT,punct,4767,bedeute
4775,und,und,CCONJ,cd,4767,bedeute
4776,wirklich,wirklich,ADV,mo,4777,stürzte
4777,stürzte,stürzen,VERB,ROOT,4777,stürzte
4778,er,er,PRON,sb,4777,stürzte
4779,auch,auch,ADV,mo,4777,stürzte
4780,bald,bald,ADV,mo,4777,stürzte
4781,darauf,darauf,ADV,mo,4777,stürzte
4782,unversehens,unversehens,ADV,mo,4777,stürzte
4783,von,von,ADP,mo,4777,stürzte
4784,dem,der,DET,nk,4785,Verdeck
4785,Verdeck,Verdeck,NOUN,nk,4783,von
4786,in,in,ADP,mnr,4785,Verdeck
4787,das,der,DET,nk,4788,Meer
4788,Meer,Meer,NOUN,nk,4786,in
4789,und,und,CCONJ,ju,4790,war
4790,war,sein,AUX,ROOT,4790,war
4791,rettungslos,rettungslos,ADV,mo,4792,verschwunden
4792,verschwunden,verschwinden,VERB,oc,4790,war
4793,.,--,PUNCT,punct,4790,war
4794,Daran,daran,ADV,mo,4795,dachte
4795,dachte,denken,VERB,ROOT,4795,dachte
4796,Elis,Elis,PROPN,sb,4795,dachte
4797,",",--,PUNCT,punct,4795,dachte
4798,denn,denn,CCONJ,cd,4795,dachte
4799,wohl,wohl,ADV,mo,4800,bedünkte
4800,bedünkte,bedünken,VERB,cj,4798,denn
4801,ihm,ihm,PRON,da,4800,bedünkte
4802,der,der,DET,sb,4800,bedünkte
4803,Abgrund,Abgrund,NOUN,ROOT,4803,Abgrund
4804,wie,wie,ADP,cm,4806,Boden
4805,der,der,DET,nk,4806,Boden
4806,Boden,Boden,NOUN,cc,4803,Abgrund
4807,der,der,DET,nk,4812,See
4808,von,von,ADP,sbp,4811,verlassenen
4809,den,der,DET,nk,4810,Wellen
4810,Wellen,Welle,NOUN,nk,4808,von
4811,verlassenen,verlassen,ADJ,nk,4812,See
4812,See,See,NOUN,ag,4806,Boden
4813,",",--,PUNCT,punct,4803,Abgrund
4814,und,und,CCONJ,cd,4803,Abgrund
4815,das,der,DET,nk,4816,schwarze
4816,schwarze,schwarz,ADJ,cj,4814,und
4817,Gestein,Gestein,NOUN,mo,4826,schienen
4818,",",--,PUNCT,punct,4817,Gestein
4819,die,der,PRON,sb,4820,blaulichen
4820,blaulichen,blaulich,VERB,rc,4817,Gestein
4821,",",--,PUNCT,punct,4820,blaulichen
4822,roten,rot,ADJ,nk,4823,Schlacken
4823,Schlacken,Schlack,NOUN,cj,4817,Gestein
4824,des,der,DET,nk,4825,Erzes
4825,Erzes,Erz,NOUN,ag,4823,Schlacken
4826,schienen,scheinen,VERB,ROOT,4826,schienen
4827,ihm,ihm,PRON,da,4826,schienen
4828,abscheuliche,abscheulich,ADJ,sb,4826,schienen
4829,Untiere,untiere,NOUN,ROOT,4829,Untiere
4830,",",--,PUNCT,punct,4829,Untiere
4831,die,der,PRON,sb,4837,ausstreckten
4832,ihre,ihr,DET,nk,4834,Polypenarme
4833,häßlichen,häßlich,ADJ,nk,4834,Polypenarme
4834,Polypenarme,Polypenarme,NOUN,oa,4837,ausstreckten
4835,nach,nach,ADP,mo,4837,ausstreckten
4836,ihm,ihm,PRON,nk,4835,nach
4837,ausstreckten,ausstreckten,VERB,rc,4829,Untiere
4838,.,--,PUNCT,punct,4829,Untiere
4839,–,--,PUNCT,punct,4841,geschah
4840,Es,es,PRON,sb,4841,geschah
4841,geschah,geschehen,VERB,ROOT,4841,geschah
4842,",",--,PUNCT,punct,4841,geschah
4843,daß,daß,SCONJ,cp,4850,emporstiegen
4844,eben,eben,ADV,mo,4850,emporstiegen
4845,einige,einiger,DET,nk,4846,Bergleute
4846,Bergleute,Bergleute,NOUN,sb,4850,emporstiegen
4847,aus,aus,ADP,mo,4850,emporstiegen
4848,der,der,DET,nk,4849,Tiefe
4849,Tiefe,Tiefe,NOUN,nk,4847,aus
4850,emporstiegen,emporstiegen,VERB,ROOT,4850,emporstiegen
4851,",",--,PUNCT,punct,4850,emporstiegen
4852,die,der,PRON,ROOT,4852,die
4853,in,in,ADP,mnr,4852,die
4854,ihrer,ihr,DET,nk,4855,dunklen
4855,dunklen,dunkel,ADJ,nk,4853,in
4856,Grubentracht,Grubentracht,NOUN,pd,4865,waren
4857,",",--,PUNCT,punct,4865,waren
4858,mit,mit,ADP,mo,4864,anzusehen
4859,ihren,ihr,DET,nk,4862,Gesichtern
4860,schwarz,schwarz,ADV,mo,4861,verbrannten
4861,verbrannten,verbrannt,ADJ,nk,4862,Gesichtern
4862,Gesichtern,Gesicht,NOUN,nk,4858,mit
4863,wohl,wohl,ADV,mo,4864,anzusehen
4864,anzusehen,ansehen,VERB,oc,4865,waren
4865,waren,sein,AUX,ROOT,4865,waren
4866,wie,wie,ADP,ROOT,4866,wie
4867,häßliche,häßlich,ADJ,nk,4868,Unholde
4868,Unholde,Unholde,NOUN,ROOT,4868,Unholde
4869,",",--,PUNCT,punct,4868,Unholde
4870,die,der,PRON,sb,4876,hervorgekrochen
4871,",",--,PUNCT,punct,4876,hervorgekrochen
4872,aus,aus,ADP,mo,4876,hervorgekrochen
4873,der,der,DET,nk,4874,Erde
4874,Erde,Erde,NOUN,nk,4872,aus
4875,mühsam,mühsam,ADV,mo,4876,hervorgekrochen
4876,hervorgekrochen,hervorgekrochen,VERB,rc,4868,Unholde
4877,",",--,PUNCT,punct,4868,Unholde
4878,sich,sich,PRON,da,4881,bahnen
4879,den,der,DET,nk,4880,Weg
4880,Weg,Weg,NOUN,oa,4881,bahnen
4881,bahnen,bahnen,VERB,oc,4868,Unholde
4882,wollten,wollen,AUX,ROOT,4882,wollten
4883,bis,bis,ADP,ac,4884,auf
4884,auf,auf,ADP,mo,4882,wollten
4885,die,der,DET,nk,4886,Oberfläche
4886,Oberfläche,Oberfläche,NOUN,nk,4884,auf
4887,.,--,PUNCT,punct,4882,wollten
4888,Elis,elis,PROPN,sb,4889,fühlte
4889,fühlte,fühlen,VERB,ROOT,4889,fühlte
4890,sich,sich,PRON,oa,4889,fühlte
4891,von,von,ADP,sbp,4894,durchbebt
4892,tiefen,tief,ADJ,nk,4893,Schauern
4893,Schauern,Schauer,NOUN,nk,4891,von
4894,durchbebt,durchbeben,VERB,oc,4889,fühlte
4895,und,und,CCONJ,cd,4894,durchbebt
4896,",",--,PUNCT,punct,4894,durchbebt
4897,was,was,PRON,oa,4889,fühlte
4898,dem,der,DET,nk,4899,Seemann
4899,Seemann,Seemann,NOUN,da,4897,was
4900,noch,noch,ADV,mo,4897,was
4901,miemals,miemals,ADV,mo,4902,geschehen
4902,geschehen,geschehen,VERB,ROOT,4902,geschehen
4903,",",--,PUNCT,punct,4902,geschehen
4904,ihn,ihn,PRON,oa,4905,ergriff
4905,ergriff,ergreifen,VERB,oc,4902,geschehen
4906,der,der,DET,nk,4907,Schwindel
4907,Schwindel,Schwindel,NOUN,sb,4905,ergriff
4908,;,--,PUNCT,punct,4902,geschehen
4909,es,es,PRON,sb,4910,war
4910,war,sein,AUX,ROOT,4910,war
4911,ihm,ihm,PRON,da,4910,war
4912,",",--,PUNCT,punct,4910,war
4913,als,als,SCONJ,mo,4915,unsichtbare
4914,zögen,ziehen,VERB,nk,4913,als
4915,unsichtbare,unsichtbare,NOUN,re,4909,es
4916,Hände,Hand,NOUN,ROOT,4916,Hände
4917,ihn,ihn,PRON,oa,4916,Hände
4918,hinab,hinab,ADV,mo,4919,in
4919,in,in,ADP,mnr,4916,Hände
4920,den,der,DET,nk,4921,Schlund
4921,Schlund,Schlund,NOUN,nk,4919,in
4922,.,--,PUNCT,punct,4916,Hände
4923,Mit,mit,ADP,mo,4926,rannte
4924,geschlossenen,geschlossen,ADJ,nk,4925,Augen
4925,Augen,Auge,NOUN,nk,4923,Mit
4926,rannte,rannen,VERB,ROOT,4926,rannte
4927,er,er,PRON,sb,4926,rannte
4928,einige,einiger,DET,nk,4929,Schritte
4929,Schritte,Schritt,NOUN,oa,4926,rannte
4930,fort,fort,ADV,svp,4926,rannte
4931,",",--,PUNCT,punct,4926,rannte
4932,und,und,CCONJ,cd,4926,rannte
4933,erst,erst,ADV,mo,4935,er
4934,als,als,SCONJ,cm,4935,er
4935,er,er,PRON,cj,4932,und
4936,weit,weit,ADV,mo,4926,rannte
4937,von,von,ADP,pg,4941,Guffrisberg
4938,der,der,DET,nk,4939,Pinge
4939,Pinge,Pinge,NOUN,nk,4937,von
4940,den,der,DET,nk,4941,Guffrisberg
4941,Guffrisberg,Guffrisberg,NOUN,da,4943,hinabstieg
4942,wieder,wieder,ADV,mo,4943,hinabstieg
4943,hinabstieg,hinabstieg,VERB,ROOT,4943,hinabstieg
4944,",",--,PUNCT,punct,4943,hinabstieg
4945,und,und,CCONJ,cd,4943,hinabstieg
4946,er,er,PRON,sb,4947,hinaufblickte
4947,hinaufblickte,hinaufblicken,VERB,cj,4945,und
4948,zum,zu,ADP,mo,4947,hinaufblickte
4949,heitern,heitern,VERB,mo,4953,war
4950,sonnenhellen,sonnenhell,ADJ,nk,4951,Himmel
4951,Himmel,Himmel,NOUN,oa,4949,heitern
4952,",",--,PUNCT,punct,4953,war
4953,war,sein,AUX,ROOT,4953,war
4954,ihm,ihm,PRON,da,4953,war
4955,alle,aller,DET,nk,4956,Angst
4956,Angst,Angst,NOUN,sb,4953,war
4957,jenes,jener,DET,nk,4959,Anblicks
4958,schauerlichen,schauerlich,ADJ,nk,4959,Anblicks
4959,Anblicks,Anblick,NOUN,ag,4956,Angst
4960,entnommen,entnehmen,VERB,ROOT,4960,entnommen
4961,.,--,PUNCT,punct,4960,entnommen
4962,Er,er,PRON,sb,4963,atmete
4963,atmete,atmen,VERB,ROOT,4963,atmete
4964,wieder,wieder,ADV,mo,4963,atmete
4965,frei,frei,ADV,svp,4963,atmete
4966,und,und,CCONJ,cd,4963,atmete
4967,rief,rufen,VERB,cj,4966,und
4968,recht,recht,ADV,mo,4967,rief
4969,aus,aus,ADP,op,4967,rief
4970,tiefer,tief,ADJ,nk,4971,Seele
4971,Seele,Seele,NOUN,nk,4969,aus
4972,:,--,PUNCT,punct,4967,rief
4973,»,--,PUNCT,punct,4963,atmete
4974,O,O,PROPN,nk,4975,Herr
4975,Herr,Herr,NOUN,dep,4963,atmete
4976,meines,mein,DET,nk,4977,Lebens
4977,Lebens,Leben,NOUN,ROOT,4977,Lebens
4978,",",--,PUNCT,punct,4977,Lebens
4979,was,wer,PRON,sb,4980,sind
4980,sind,sein,AUX,oc,4977,Lebens
4981,alle,aller,DET,nk,4982,Schauer
4982,Schauer,Schauer,NOUN,sb,4980,sind
4983,des,der,DET,nk,4984,Meeres
4984,Meeres,Meer,NOUN,ag,4982,Schauer
4985,gegen,gegen,ADP,mo,4980,sind
4986,das,der,DET,nk,4987,Entsetzen
4987,Entsetzen,entsetzen,NOUN,nk,4985,gegen
4988,",",--,PUNCT,punct,4987,Entsetzen
4989,was,wer,PRON,ROOT,4989,was
4990,dort,dort,ADV,mo,4989,was
4991,in,in,ADP,mo,4995,wohnt
4992,dem,der,DET,nk,4994,Steingeklüft
4993,öden,öde,ADJ,nk,4994,Steingeklüft
4994,Steingeklüft,Steingeklüft,NOUN,nk,4991,in
4995,wohnt,wohnen,VERB,ROOT,4995,wohnt
4996,!,--,PUNCT,punct,4995,wohnt
4997,–,--,PUNCT,punct,4998,Mag
4998,Mag,mögen,AUX,oc,5003,mögen
4999,der,der,DET,nk,5000,Sturm
5000,Sturm,Sturm,NOUN,sb,4998,Mag
5001,toben,toben,VERB,oc,4998,Mag
5002,",",--,PUNCT,punct,5003,mögen
5003,mögen,mögen,AUX,ROOT,5003,mögen
5004,die,der,DET,nk,5005,schwarzen
5005,schwarzen,schwarze,NOUN,sb,5003,mögen
5006,Wolken,Wolke,NOUN,sb,5007,hinabtauchen
5007,hinabtauchen,hinabtauchen,VERB,re,5013,balde
5008,in,in,ADP,mo,5007,hinabtauchen
5009,die,der,DET,nk,5011,Wellen
5010,brausenden,brausend,ADJ,nk,5011,Wellen
5011,Wellen,Welle,NOUN,nk,5008,in
5012,",",--,PUNCT,punct,5013,balde
5013,balde,Balde,NOUN,sb,5014,siegt
5014,siegt,siegen,VERB,ROOT,5014,siegt
5015,doch,doch,ADV,mo,5014,siegt
5016,wieder,wieder,ADV,mo,5014,siegt
5017,die,der,DET,ROOT,5017,die
5018,schöne,schön,ADJ,nk,5020,Sonne
5019,herrliche,herrlich,ADJ,nk,5020,Sonne
5020,Sonne,Sonne,NOUN,ROOT,5020,Sonne
5021,",",--,PUNCT,punct,5020,Sonne
5022,und,und,CCONJ,cd,5020,Sonne
5023,vor,vor,ADP,mo,5027,verstimmt
5024,ihrem,ihr,DET,nk,5026,Antlitz
5025,freundlichen,freundlich,ADJ,nk,5026,Antlitz
5026,Antlitz,Antlitz,PROPN,nk,5023,vor
5027,verstimmt,verstimmen,VERB,cj,5022,und
5028,das,der,DET,nk,5029,wilde
5029,wilde,Wilde,NOUN,sb,5027,verstimmt
5030,Getöse,getöse,NOUN,ROOT,5030,Getöse
5031,",",--,PUNCT,punct,5030,Getöse
5032,aber,aber,CCONJ,cd,5030,Getöse
5033,nie,nie,ADV,mo,5034,dringt
5034,dringt,dringen,VERB,cj,5032,aber
5035,ihr,ihr,DET,nk,5036,Blick
5036,Blick,Blick,NOUN,sb,5034,dringt
5037,in,in,ADP,mo,5034,dringt
5038,jene,jener,DET,nk,5040,Höhlen
5039,schwarze,schwarz,ADJ,nk,5040,Höhlen
5040,Höhlen,Höhle,NOUN,nk,5037,in
5041,",",--,PUNCT,punct,5034,dringt
5042,und,und,CCONJ,cd,5034,dringt
5043,kein,kein,DET,nk,5044,frischer
5044,frischer,frisch,ADJ,cj,5042,und
5045,Frühlingshauch,Frühlingshauch,NOUN,sb,5046,erquickt
5046,erquickt,erquickt,VERB,ROOT,5046,erquickt
5047,dort,dort,ADV,mo,5046,erquickt
5048,unten,unten,ADV,mo,5049,jemals
5049,jemals,jemals,ADV,mo,5046,erquickt
5050,die,der,DET,nk,5051,Brust
5051,Brust,Brust,NOUN,oa,5046,erquickt
5052,.,--,PUNCT,punct,5046,erquickt
5053,–,--,PUNCT,punct,5058,mag
5054,Nein,nein,PART,dm,5058,mag
5055,",",--,PUNCT,punct,5058,mag
5056,zu,zu,ADP,mo,5058,mag
5057,euch,euch,PRON,nk,5056,zu
5058,mag,mögen,AUX,ROOT,5058,mag
5059,ich,ich,PRON,sb,5058,mag
5060,mich,mich,PRON,da,5062,gesellen
5061,nicht,nicht,PART,ng,5062,gesellen
5062,gesellen,gesellen,VERB,ROOT,5062,gesellen
5063,",",--,PUNCT,punct,5062,gesellen
5064,ihr,ihr,DET,nk,5066,Erdwürmer
5065,schwarzen,schwarz,ADJ,nk,5066,Erdwürmer
5066,Erdwürmer,Erdwürmer,NOUN,oa,5062,gesellen
5067,",",--,PUNCT,punct,5062,gesellen
5068,niemals,niemals,ADV,mo,5069,würd
5069,würd,würd,PROPN,dep,5062,gesellen
5070,',--,PUNCT,punct,5062,gesellen
5071,ich,ich,PRON,sb,5062,gesellen
5072,mich,sich,PRON,da,5062,gesellen
5073,eingewöhnen,eingewöhnen,VERB,sb,5074,können
5074,können,können,AUX,ROOT,5074,können
5075,in,in,ADP,mo,5074,können
5076,euer,eu,ADJ,nk,5078,Leben
5077,trübes,trüeb,ADJ,nk,5078,Leben
5078,Leben,Leben,NOUN,nk,5075,in
5079,!,--,PUNCT,punct,5074,können
5080,«,--,PUNCT,punct,5074,können
5081,Elis,elis,PROPN,sb,5082,gedachte
5082,gedachte,gedachen,VERB,ROOT,5082,gedachte
5083,in,in,ADP,mo,5082,gedachte
5084,Falun,Falun,PROPN,nk,5083,in
5085,zu,zu,PART,pm,5086,übernachten
5086,übernachten,übernachten,VERB,oc,5082,gedachte
5087,und,und,CCONJ,cd,5086,übernachten
5088,dann,dann,ADV,mo,5093,seinen
5089,mit,mit,ADP,mo,5093,seinen
5090,dem,der,DET,nk,5092,Morgen
5091,frühesten,frühest,ADJ,nk,5092,Morgen
5092,Morgen,Morgen,NOUN,nk,5089,mit
5093,seinen,sein,DET,punct,5082,gedachte
5094,Rückweg,Rückweg,NOUN,sb,5095,anzutreten
5095,anzutreten,anzutreten,VERB,ROOT,5095,anzutreten
5096,nach,nach,ADP,mo,5095,anzutreten
5097,Göthaborg,Göthaborg,PROPN,nk,5096,nach
5098,.,--,PUNCT,punct,5095,anzutreten
5099,Als,als,SCONJ,cp,5107,geheißen
5100,er,er,PRON,sb,5107,geheißen
5101,auf,auf,ADP,mo,5107,geheißen
5102,den,der,DET,nk,5103,Marktplatz
5103,Marktplatz,Marktplatz,NOUN,nk,5101,auf
5104,",",--,PUNCT,punct,5103,Marktplatz
5105,der,der,PRON,nk,5106,Helsingtorget
5106,Helsingtorget,Helsingtorget,NOUN,dep,5101,auf
5107,geheißen,heißen,VERB,mo,5109,kam
5108,",",--,PUNCT,punct,5109,kam
5109,kam,kommen,VERB,mo,5111,fand
5110,",",--,PUNCT,punct,5111,fand
5111,fand,finden,VERB,ROOT,5111,fand
5112,er,er,PRON,sb,5111,fand
5113,eine,ein,DET,nk,5114,Menge
5114,Menge,Menge,NOUN,oa,5111,fand
5115,Volks,Volk,NOUN,oa,5116,versammelt
5116,versammelt,versammeln,VERB,ROOT,5116,versammelt
5117,.,--,PUNCT,punct,5116,versammelt
5118,Ein,ein,DET,nk,5120,Zug
5119,langer,lang,ADJ,nk,5120,Zug
5120,Zug,Zug,NOUN,ROOT,5120,Zug
5121,von,von,ADP,pg,5120,Zug
5122,Bergleuten,Bergleute,NOUN,nk,5121,von
5123,in,in,ADP,mnr,5120,Zug
5124,vollem,voll,ADJ,nk,5125,Staat
5125,Staat,Staat,NOUN,nk,5123,in
5126,",",--,PUNCT,punct,5120,Zug
5127,mit,mit,ADP,par,5120,Zug
5128,Grubenlichtern,Grubenlichter,NOUN,nk,5127,mit
5129,in,in,ADP,mnr,5128,Grubenlichtern
5130,den,der,DET,nk,5129,in
5131,Händen,Hand,NOUN,sb,5136,hielt
5132,",",--,PUNCT,punct,5131,Händen
5133,Spielleute,Spielleute,NOUN,cj,5131,Händen
5134,vorauf,vorauf,ADV,par,5131,Händen
5135,",",--,PUNCT,punct,5136,hielt
5136,hielt,halten,VERB,ROOT,5136,hielt
5137,eben,eben,ADV,mo,5136,hielt
5138,vor,vor,ADP,mo,5136,hielt
5139,einem,ein,DET,nk,5141,Hause
5140,stattlichen,stattlich,ADJ,nk,5141,Hause
5141,Hause,Haus,NOUN,nk,5138,vor
5142,.,--,PUNCT,punct,5136,hielt
5143,Ein,ein,DET,nk,5144,großer
5144,großer,groß,ADJ,ROOT,5144,großer
5145,schlanker,schlank,ADJ,nk,5146,Mann
5146,Mann,Mann,NOUN,sb,5150,trat
5147,von,von,ADP,pg,5146,Mann
5148,mittleren,mittlerer,ADJ,nk,5149,Jahren
5149,Jahren,Jahr,NOUN,nk,5147,von
5150,trat,treten,VERB,ROOT,5150,trat
5151,heraus,heraus,ADV,svp,5150,trat
5152,und,und,CCONJ,cd,5150,trat
5153,schaute,schaut,VERB,cj,5152,und
5154,mit,mit,ADP,mo,5153,schaute
5155,mildem,mild,ADJ,nk,5156,Lächeln
5156,Lächeln,lächeln,NOUN,nk,5154,mit
5157,umher,umher,ADV,ROOT,5157,umher
5158,.,--,PUNCT,punct,5157,umher
5159,An,an,ADP,ROOT,5159,An
5160,dem,der,DET,nk,5162,Anstande
5161,freien,frei,ADJ,nk,5162,Anstande
5162,Anstande,Anstande,NOUN,nk,5159,An
5163,",",--,PUNCT,punct,5162,Anstande
5164,an,an,ADP,app,5162,Anstande
5165,der,der,DET,nk,5167,Stirn
5166,offnen,offn,ADJ,nk,5167,Stirn
5167,Stirn,Stirn,NOUN,nk,5164,an
5168,",",--,PUNCT,punct,5162,Anstande
5169,an,an,ADP,op,5162,Anstande
5170,den,der,DET,nk,5171,dunkelblau
5171,dunkelblau,dunkelblau,ADV,nk,5169,an
5172,leuchtenden,leuchtend,ADJ,nk,5173,Augen
5173,Augen,Auge,NOUN,da,5174,mußte
5174,mußte,müssen,AUX,ROOT,5174,mußte
5175,man,man,PRON,sb,5174,mußte
5176,den,der,DET,nk,5178,Dalkarl
5177,echten,echt,ADJ,nk,5178,Dalkarl
5178,Dalkarl,Dalkarl,NOUN,oa,5179,erkennen
5179,erkennen,erkennen,VERB,oc,5174,mußte
5180,.,--,PUNCT,punct,5174,mußte
5181,Die,der,DET,nk,5182,Bergleute
5182,Bergleute,Bergleute,NOUN,ROOT,5182,Bergleute
5183,schlossen,schließen,VERB,ROOT,5183,schlossen
5184,einen,ein,DET,nk,5185,Kreis
5185,Kreis,Kreis,NOUN,oa,5183,schlossen
5186,um,um,ADP,mo,5183,schlossen
5187,ihn,ihn,PRON,nk,5186,um
5188,",",--,PUNCT,punct,5183,schlossen
5189,jedem,jeder,PRON,oa,5190,schüttelte
5190,schüttelte,schütteln,VERB,cj,5183,schlossen
5191,er,er,PRON,sb,5190,schüttelte
5192,treuherzig,treuherzig,ADV,mo,5190,schüttelte
5193,die,der,DET,nk,5194,Hand
5194,Hand,Hand,NOUN,oa,5190,schüttelte
5195,",",--,PUNCT,punct,5190,schüttelte
5196,mit,mit,ADP,mo,5190,schüttelte
5197,jedem,jeder,PRON,da,5198,sprach
5198,sprach,sprechen,VERB,ROOT,5198,sprach
5199,er,er,PRON,sb,5198,sprach
5200,freundliche,freundlich,ADJ,nk,5201,Worte
5201,Worte,Wort,NOUN,oa,5198,sprach
5202,.,--,PUNCT,punct,5198,sprach
5203,Elis,Elis,PROPN,pnc,5204,Fröbom
5204,Fröbom,Fröbom,PROPN,sb,5205,erfuhr
5205,erfuhr,erfahren,VERB,ROOT,5205,erfuhr
5206,auf,auf,ADP,mo,5205,erfuhr
5207,Befragen,Befrag,NOUN,nk,5206,auf
5208,",",--,PUNCT,punct,5207,Befragen
5209,daß,daß,SCONJ,cp,5214,sei
5210,der,der,DET,nk,5211,Mann
5211,Mann,Mann,NOUN,sb,5214,sei
5212,Pehrson,Pehrson,PROPN,pnc,5213,Dahlsjö
5213,Dahlsjö,Dahlsjö,PROPN,nk,5211,Mann
5214,sei,sein,AUX,oc,5207,Befragen
5215,",",--,PUNCT,punct,5214,sei
5216,Masmeister,Masmeister,NOUN,oa,5205,erfuhr
5217,Altermann,Altermann,PROPN,ROOT,5217,Altermann
5218,und,und,CCONJ,cd,5217,Altermann
5219,Besitzer,Besitzer,NOUN,cj,5218,und
5220,einer,ein,DET,nk,5222,Bergsfrälse
5221,schönen,schön,ADJ,nk,5222,Bergsfrälse
5222,Bergsfrälse,Bergsfrälse,NOUN,ag,5219,Besitzer
5223,bei,bei,ADP,mnr,5222,Bergsfrälse
5224,Stora-Kopparberg,Stora-Kopparberg,PROPN,nk,5223,bei
5225,.,--,PUNCT,punct,5217,Altermann
5226,Bergsfrälse,Bergsfrälse,NOUN,sb,5227,sind
5227,sind,sein,AUX,ROOT,5227,sind
5228,in,in,ADP,mo,5227,sind
5229,Schweden,Schweden,PROPN,nk,5228,in
5230,Länderein,Länderein,NOUN,sb,5227,sind
5231,geheißen,heißen,VERB,oc,5227,sind
5232,",",--,PUNCT,punct,5231,geheißen
5233,die,der,PRON,app,5226,Bergsfrälse
5234,für,für,ADP,mnr,5233,die
5235,die,der,DET,nk,5237,und
5236,Kupfer-,Kupfer,X,cj,5237,und
5237,und,und,CCONJ,nk,5234,für
5238,Silberbergwerke,Silberbergwerk,NOUN,sb,5240,wurden
5239,verliehen,verleihen,VERB,oc,5240,wurden
5240,wurden,werden,AUX,ROOT,5240,wurden
5241,.,--,PUNCT,punct,5240,wurden
5242,Die,der,DET,nk,5243,Besitzer
5243,Besitzer,Besitzer,NOUN,sb,5246,haben
5244,solcher,solcher,DET,nk,5245,Frälsen
5245,Frälsen,Frälse,NOUN,ag,5243,Besitzer
5246,haben,haben,AUX,ROOT,5246,haben
5247,Kuxe,Kuxe,NOUN,oa,5246,haben
5248,in,in,ADP,mo,5246,haben
5249,den,der,DET,nk,5250,Gruben
5250,Gruben,Grube,NOUN,ROOT,5250,Gruben
5251,",",--,PUNCT,punct,5250,Gruben
5252,für,für,ADP,mo,5258,gehalten
5253,deren,der,DET,ag,5254,Betrieb
5254,Betrieb,Betrieb,NOUN,nk,5252,für
5255,sie,sie,PRON,sb,5259,sind
5256,zu,zu,PART,pm,5257,sorgen
5257,sorgen,sorgen,VERB,oc,5258,gehalten
5258,gehalten,halten,VERB,oc,5259,sind
5259,sind,sein,AUX,rc,5250,Gruben
5260,.,--,PUNCT,punct,5250,Gruben
5261,Man,man,PRON,sb,5262,erzählte
5262,erzählte,erzählen,VERB,ROOT,5262,erzählte
5263,dem,der,DET,nk,5264,Elis
5264,Elis,Elis,NOUN,da,5262,erzählte
5265,weiter,weiter,ADV,mo,5262,erzählte
5266,",",--,PUNCT,punct,5262,erzählte
5267,daß,daß,SCONJ,cp,5271,Bergsthing
5268,eben,eben,ADV,mo,5269,heute
5269,heute,heute,ADV,mo,5271,Bergsthing
5270,der,der,DET,nk,5271,Bergsthing
5271,Bergsthing,Bergsthing,NOUN,oc,5262,erzählte
5272,(,--,PUNCT,punct,5273,Gerichtstag
5273,Gerichtstag,Gerichtstag,NOUN,par,5271,Bergsthing
5274,),--,PUNCT,punct,5273,Gerichtstag
5275,geendigt,geendigen,VERB,ROOT,5275,geendigt
5276,",",--,PUNCT,punct,5275,geendigt
5277,und,und,CCONJ,cd,5275,geendigt
5278,daß,daß,SCONJ,cp,5282,herumzögen
5279,dann,dann,ADV,mo,5282,herumzögen
5280,die,der,DET,nk,5281,Bergleute
5281,Bergleute,Bergleute,NOUN,sb,5282,herumzögen
5282,herumzögen,herumzögen,NOUN,cj,5277,und
5283,bei,bei,ADP,mo,5282,herumzögen
5284,dem,der,DET,nk,5285,Bergmeister
5285,Bergmeister,Bergmeister,NOUN,nk,5283,bei
5286,",",--,PUNCT,punct,5285,Bergmeister
5287,dem,der,PRON,ROOT,5287,dem
5288,Hüttenmeister,Hüttenmeister,NOUN,ROOT,5288,Hüttenmeister
5289,und,und,CCONJ,cd,5288,Hüttenmeister
5290,den,der,DET,nk,5291,Altermännern
5291,Altermännern,Altermänner,NOUN,cj,5289,und
5292,",",--,PUNCT,punct,5288,Hüttenmeister
5293,überall,überall,ADV,mo,5296,bewirtet
5294,aber,aber,ADV,mo,5296,bewirtet
5295,gastlich,gastlich,ADV,mo,5296,bewirtet
5296,bewirtet,bewirten,VERB,oc,5297,würden
5297,würden,werden,AUX,rc,5288,Hüttenmeister
5298,.,--,PUNCT,punct,5288,Hüttenmeister
5299,Betrachtete,Betrachtete,NOUN,nk,5305,Leute
5300,Elis,Elis,PROPN,nk,5299,Betrachtete
5301,die,der,DET,nk,5305,Leute
5302,schönen,schön,ADJ,nk,5305,Leute
5303,und,und,CCONJ,cd,5302,schönen
5304,stattlichen,stattlich,ADJ,cj,5303,und
5305,Leute,Leute,NOUN,ROOT,5305,Leute
5306,mit,mit,ADP,mnr,5305,Leute
5307,den,der,DET,nk,5309,freundlichen
5308,freien,frei,ADJ,nk,5309,freundlichen
5309,freundlichen,Freundlich,NOUN,nk,5306,mit
5310,Gesichtern,Gesicht,NOUN,sb,5313,konnte
5311,",",--,PUNCT,punct,5312,so
5312,so,so,ADV,mo,5313,konnte
5313,konnte,können,AUX,ROOT,5313,konnte
5314,er,er,PRON,sb,5313,konnte
5315,nicht,nicht,PART,ng,5313,konnte
5316,mehr,mehr,ADV,mo,5315,nicht
5317,an,an,ADP,mo,5313,konnte
5318,jene,jener,DET,nk,5319,Erdwürmer
5319,Erdwürmer,Erdwürmer,NOUN,nk,5317,an
5320,in,in,ADP,mnr,5319,Erdwürmer
5321,der,der,DET,nk,5323,Pinge
5322,großen,groß,ADJ,nk,5323,Pinge
5323,Pinge,Pinge,NOUN,nk,5320,in
5324,denken,denken,VERB,ROOT,5324,denken
5325,.,--,PUNCT,punct,5324,denken
5326,Die,der,DET,nk,5328,Fröhlichkeit
5327,helle,hell,ADJ,nk,5328,Fröhlichkeit
5328,Fröhlichkeit,Fröhlichkeit,NOUN,ROOT,5328,Fröhlichkeit
5329,",",--,PUNCT,punct,5328,Fröhlichkeit
5330,die,der,PRON,sb,5335,hinaustrat
5331,",",--,PUNCT,punct,5335,hinaustrat
5332,als,als,SCONJ,cp,5335,hinaustrat
5333,Pehrson,Pehrson,PROPN,pnc,5334,Dahlsjö
5334,Dahlsjö,Dahlsjö,PROPN,sb,5335,hinaustrat
5335,hinaustrat,hinaustrat,VERB,rc,5328,Fröhlichkeit
5336,",",--,PUNCT,punct,5335,hinaustrat
5337,wie,wie,ADP,mo,5338,aufs
5338,aufs,auf,ADP,mnr,5328,Fröhlichkeit
5339,neue,neu,ADJ,sb,5340,angefacht
5340,angefacht,Angefacht,VERB,sb,5348,war
5341,",",--,PUNCT,punct,5340,angefacht
5342,durch,durch,ADP,mo,5346,aufloderte
5343,den,der,DET,nk,5345,Kreis
5344,ganzen,ganz,ADJ,nk,5345,Kreis
5345,Kreis,Kreis,NOUN,nk,5342,durch
5346,aufloderte,auflodern,VERB,oc,5340,angefacht
5347,",",--,PUNCT,punct,5348,war
5348,war,sein,AUX,ROOT,5348,war
5349,wohl,wohl,ADV,mo,5348,war
5350,ganz,ganz,ADV,mo,5351,anderer
5351,anderer,anderer,ADJ,nk,5352,Art
5352,Art,Art,NOUN,pd,5348,war
5353,als,als,SCONJ,cm,5357,Jubel
5354,der,der,DET,nk,5357,Jubel
5355,wilde,wild,ADJ,nk,5357,Jubel
5356,tobende,tobend,ADJ,nk,5357,Jubel
5357,Jubel,Jubel,NOUN,ROOT,5357,Jubel
5358,der,der,DET,nk,5359,Seeleute
5359,Seeleute,Seeleute,NOUN,ag,5357,Jubel
5360,beim,bei,ADP,mnr,5357,Jubel
5361,Hönsning,Hönsning,PROPN,nk,5360,beim
5362,.,--,PUNCT,punct,5357,Jubel
5363,Dem,der,DET,nk,5366,Elis
5364,stillen,still,ADJ,nk,5366,Elis
5365,ernsten,ernst,ADJ,nk,5366,Elis
5366,Elis,Elis,NOUN,da,5367,ging
5367,ging,gehen,VERB,ROOT,5367,ging
5368,die,der,DET,nk,5369,Art
5369,Art,Art,NOUN,sb,5367,ging
5370,",",--,PUNCT,punct,5369,Art
5371,wie,wie,SCONJ,mo,5375,freuten
5372,sich,sich,PRON,oa,5375,freuten
5373,diese,dieser,DET,nk,5374,Bergmänner
5374,Bergmänner,Bergmänn,NOUN,sb,5375,freuten
5375,freuten,freuen,VERB,mo,5367,ging
5376,",",--,PUNCT,punct,5375,freuten
5377,recht,recht,ADV,mo,5375,freuten
5378,tief,tief,ADV,mo,5379,ins
5379,ins,in,ADP,ROOT,5379,ins
5380,Herz,Herz,NOUN,nk,5379,ins
5381,.,--,PUNCT,punct,5379,ins
5382,Es,es,PRON,sb,5383,wurde
5383,wurde,werden,AUX,ROOT,5383,wurde
5384,ihm,ihm,PRON,da,5383,wurde
5385,unbeschreiblich,unbeschreiblich,ADV,mo,5383,wurde
5386,wohl,wohl,ADV,mo,5387,zumute
5387,zumute,zumute,ADV,mo,5383,wurde
5388,",",--,PUNCT,punct,5383,wurde
5389,aber,aber,CCONJ,cd,5383,wurde
5390,der,der,DET,nk,5391,Tränen
5391,Tränen,Träne,NOUN,sb,5392,konnt
5392,konnt,konnen,VERB,cj,5389,aber
5393,',--,PUNCT,punct,5383,wurde
5394,er,er,PRON,sb,5399,enthalten
5395,sich,sich,PRON,oa,5399,enthalten
5396,vor,vor,ADP,mo,5399,enthalten
5397,Rührung,Rührung,NOUN,nk,5396,vor
5398,kaum,kaum,ADV,mo,5399,enthalten
5399,enthalten,enthalten,ADV,ROOT,5399,enthalten
5400,",",--,PUNCT,punct,5399,enthalten
5401,als,als,SCONJ,cm,5402,einige
5402,einige,einige,PRON,cc,5396,vor
5403,der,der,DET,nk,5405,Knappen
5404,jüngeren,jung,ADJ,nk,5405,Knappen
5405,Knappen,Knappe,NOUN,ag,5402,einige
5406,ein,ein,DET,nk,5407,Lied
5407,Lied,Lied,NOUN,oa,5399,enthalten
5408,anstimmten,anstimmten,VERB,ROOT,5408,anstimmten
5409,",",--,PUNCT,punct,5408,anstimmten
5410,das,der,PRON,dep,5408,anstimmten
5411,in,in,ADP,mnr,5410,das
5412,gar,gar,ADV,mo,5413,einfacher
5413,einfacher,einfach,ADV,nk,5420,Melodie
5414,",",--,PUNCT,punct,5413,einfacher
5415,in,in,ADP,cj,5413,einfacher
5416,Seele,Seele,NOUN,nk,5415,in
5417,und,und,CCONJ,cd,5416,Seele
5418,Gemüt,Gemüt,NOUN,cj,5417,und
5419,dringender,dringend,ADJ,nk,5420,Melodie
5420,Melodie,Melodie,NOUN,nk,5411,in
5421,den,der,DET,ROOT,5421,den
5422,Segen,Segen,NOUN,ROOT,5422,Segen
5423,des,der,DET,nk,5424,Bergbaues
5424,Bergbaues,Bergbau,NOUN,ag,5422,Segen
5425,pries,pries,ADV,pd,5422,Segen
5426,.,--,PUNCT,punct,5422,Segen
5427,Als,als,SCONJ,cp,5430,geendet
5428,das,der,DET,nk,5429,Lied
5429,Lied,Lied,NOUN,sb,5430,geendet
5430,geendet,enden,VERB,mo,5432,öffnete
5431,",",--,PUNCT,punct,5432,öffnete
5432,öffnete,öffnen,VERB,ROOT,5432,öffnete
5433,Pehrson,Pehrson,PROPN,pnc,5434,Dahlsjö
5434,Dahlsjö,Dahlsjö,PROPN,sb,5432,öffnete
5435,die,der,DET,nk,5436,Türe
5436,Türe,Türe,NOUN,oa,5432,öffnete
5437,seines,sein,DET,nk,5438,Hauses
5438,Hauses,Haus,NOUN,ag,5436,Türe
5439,",",--,PUNCT,punct,5432,öffnete
5440,und,und,CCONJ,cd,5432,öffnete
5441,alle,aller,PRON,cj,5440,und
5442,Bergleute,bergleute,NOUN,sb,5443,traten
5443,traten,treten,VERB,ROOT,5443,traten
5444,nacheinander,nacheinander,ADV,mo,5443,traten
5445,hinein,hinein,ADV,svp,5443,traten
5446,.,--,PUNCT,punct,5443,traten
5447,Elis,Elis,PROPN,sb,5448,folgte
5448,folgte,folgen,VERB,ROOT,5448,folgte
5449,unwillkürlich,unwillkürlich,ADV,mo,5448,folgte
5450,und,und,CCONJ,cd,5448,folgte
5451,blieb,bleiben,VERB,cj,5450,und
5452,an,an,ADP,svp,5451,blieb
5453,der,der,DET,nk,5454,Schwelle
5454,Schwelle,Schwelle,NOUN,da,5455,stehen
5455,stehen,stehen,VERB,ROOT,5455,stehen
5456,",",--,PUNCT,punct,5455,stehen
5457,so,so,ADV,mo,5465,konnte
5458,daß,daß,SCONJ,cp,5465,konnte
5459,er,er,PRON,sb,5465,konnte
5460,den,der,DET,nk,5463,Flur
5461,ganzen,ganz,ADJ,nk,5463,Flur
5462,geräumigen,geräumig,ADJ,nk,5463,Flur
5463,Flur,Flur,NOUN,oa,5464,übersehen
5464,übersehen,übersehen,VERB,oc,5465,konnte
5465,konnte,können,AUX,mo,5455,stehen
5466,",",--,PUNCT,punct,5465,konnte
5467,in,in,ADP,dep,5465,konnte
5468,dem,der,PRON,da,5474,nahmen
5469,die,der,DET,nk,5470,Bergleute
5470,Bergleute,Bergleute,NOUN,sb,5474,nahmen
5471,auf,auf,ADP,mo,5474,nahmen
5472,Bänken,Bank,NOUN,nk,5471,auf
5473,Platz,Platz,NOUN,oa,5474,nahmen
5474,nahmen,nehmen,VERB,ROOT,5474,nahmen
5475,.,--,PUNCT,punct,5474,nahmen
5476,Ein,ein,DET,nk,5478,Mahl
5477,tüchtiges,tüchtig,ADJ,nk,5478,Mahl
5478,Mahl,Mahl,NOUN,sb,5479,stand
5479,stand,stehen,VERB,ROOT,5479,stand
5480,auf,auf,ADP,mo,5479,stand
5481,einem,ein,DET,nk,5480,auf
5482,Tisch,Tisch,NOUN,oa,5483,bereitet
5483,bereitet,bereiten,VERB,ROOT,5483,bereitet
5484,.,--,PUNCT,punct,5483,bereitet
5485,Nun,nun,ADV,mo,5486,ging
5486,ging,gehen,VERB,ROOT,5486,ging
5487,die,der,DET,nk,5489,Türe
5488,hintere,hintere,ADJ,nk,5489,Türe
5489,Türe,Türe,NOUN,sb,5486,ging
5490,dem,der,DET,nk,5491,Elis
5491,Elis,Elis,NOUN,nk,5492,gegenüber
5492,gegenüber,gegenüber,ADP,mo,5486,ging
5493,auf,auf,ADP,svp,5486,ging
5494,",",--,PUNCT,punct,5486,ging
5495,und,und,CCONJ,cd,5486,ging
5496,eine,ein,DET,nk,5497,holde
5497,holde,hold,ADJ,cj,5495,und
5498,",",--,PUNCT,punct,5497,holde
5499,festlich,festlich,ADV,cj,5497,holde
5500,geschmückte,geschmückt,ADJ,nk,5501,Jungfrau
5501,Jungfrau,Jungfrau,NOUN,sb,5502,trat
5502,trat,treten,VERB,ROOT,5502,trat
5503,hinein,hinein,ADV,svp,5502,trat
5504,.,--,PUNCT,punct,5502,trat
5505,Hoch,hoch,ADV,pd,5508,gewachsen
5506,und,und,CCONJ,cd,5505,Hoch
5507,schlank,schlank,ADV,cj,5506,und
5508,gewachsen,wachsen,VERB,ROOT,5508,gewachsen
5509,",",--,PUNCT,punct,5508,gewachsen
5510,die,der,DET,nk,5512,Haare
5511,dunklen,dunkel,ADJ,nk,5512,Haare
5512,Haare,Haar,NOUN,cj,5508,gewachsen
5513,in,in,ADP,mo,5519,aufgeflochten
5514,vielen,vieler,DET,nk,5515,Zöpfen
5515,Zöpfen,Zöpfen,NOUN,nk,5513,in
5516,über,über,ADP,mnr,5515,Zöpfen
5517,der,der,DET,nk,5518,Scheitel
5518,Scheitel,Scheitel,NOUN,nk,5516,über
5519,aufgeflochten,aufgeflochten,VERB,ROOT,5519,aufgeflochten
5520,",",--,PUNCT,punct,5519,aufgeflochten
5521,das,der,DET,nk,5522,nette
5522,nette,nett,ADJ,nk,5525,Mieder
5523,",",--,PUNCT,punct,5522,nette
5524,schmucke,schmuck,ADJ,cj,5522,nette
5525,Mieder,Mieder,NOUN,app,5519,aufgeflochten
5526,mit,mit,ADP,mo,5529,zusammengenestelt
5527,reichen,reich,ADJ,nk,5528,Spangen
5528,Spangen,Spang,NOUN,nk,5526,mit
5529,zusammengenestelt,zusammengenesteln,ADV,mo,5531,ging
5530,",",--,PUNCT,punct,5531,ging
5531,ging,gehen,VERB,ROOT,5531,ging
5532,sie,sie,PRON,sb,5531,ging
5533,daher,daher,ADV,mo,5531,ging
5534,in,in,ADP,mo,5531,ging
5535,der,der,DET,nk,5537,Anmut
5536,höchsten,hoch,ADJ,nk,5537,Anmut
5537,Anmut,Anmut,NOUN,nk,5534,in
5538,der,der,DET,op,5531,ging
5539,blühendsten,blühendst,ADJ,nk,5540,Jugend
5540,Jugend,Jugend,NOUN,ROOT,5540,Jugend
5541,.,--,PUNCT,punct,5540,Jugend
5542,Alle,aller,DET,nk,5543,Bergleute
5543,Bergleute,Bergleute,NOUN,sb,5544,standen
5544,standen,stehen,VERB,ROOT,5544,standen
5545,auf,auf,ADP,svp,5544,standen
5546,",",--,PUNCT,punct,5544,standen
5547,und,und,CCONJ,cd,5544,standen
5548,ein,ein,DET,nk,5550,freudiges
5549,leises,leis,ADJ,nk,5550,freudiges
5550,freudiges,freudig,ADJ,cj,5547,und
5551,Gemurmel,Gemurmel,PROPN,sb,5552,lief
5552,lief,laufen,VERB,ROOT,5552,lief
5553,durch,durch,ADP,mo,5552,lief
5554,die,der,DET,nk,5555,Reihen
5555,Reihen,Reihe,NOUN,nk,5553,durch
5556,:,--,PUNCT,punct,5552,lief
5557,»,--,PUNCT,punct,5562,Dahlsjö
5558,Ulla,Ulla,PROPN,pnc,5559,Dahlsjö
5559,Dahlsjö,Dahlsjö,PROPN,pnc,5562,Dahlsjö
5560,–,--,PUNCT,punct,5559,Dahlsjö
5561,Ulla,Ulla,PROPN,pnc,5562,Dahlsjö
5562,Dahlsjö,Dahlsjö,PROPN,par,5552,lief
5563,!,--,PUNCT,punct,5552,lief
5564,–,--,PUNCT,punct,5566,hat
5565,Wie,wie,ADV,mo,5566,hat
5566,hat,haben,AUX,cj,5552,lief
5567,Gott,Gott,NOUN,oa,5566,hat
5568,gesegnet,segnen,ADV,mo,5569,unsern
5569,unsern,unsern,ADV,mo,5570,wackern
5570,wackern,wackern,ADJ,ROOT,5570,wackern
5571,Altersmann,Altersmann,NOUN,sb,5570,wackern
5572,mit,mit,ADP,mnr,5571,Altersmann
5573,dem,der,DET,nk,5577,Himmelskinde
5574,schönen,schön,ADJ,nk,5577,Himmelskinde
5575,",",--,PUNCT,punct,5574,schönen
5576,frommen,fromm,ADJ,cj,5574,schönen
5577,Himmelskinde,Himmelskinde,NOUN,nk,5572,mit
5578,!,--,PUNCT,punct,5570,wackern
5579,«,--,PUNCT,punct,5570,wackern
5580,–,--,PUNCT,ROOT,5580,–
5581,Selbst,selbst,ADV,mo,5584,Bergleuten
5582,den,der,DET,nk,5584,Bergleuten
5583,ältesten,alt,ADJ,nk,5584,Bergleuten
5584,Bergleuten,Bergleute,NOUN,oa,5585,funkelten
5585,funkelten,funkeln,VERB,ROOT,5585,funkelten
5586,die,der,DET,nk,5587,Augen
5587,Augen,Auge,NOUN,sb,5585,funkelten
5588,",",--,PUNCT,punct,5585,funkelten
5589,als,als,ADP,mo,5585,funkelten
5590,Ulla,Ulla,PROPN,nk,5589,als
5591,ihnen,ihnen,PRON,dep,5585,funkelten
5592,sowie,sowie,CCONJ,cd,5591,ihnen
5593,allen,alle,PRON,cj,5592,sowie
5594,übrigen,übrigen,VERB,ROOT,5594,übrigen
5595,die,der,DET,nk,5596,Hand
5596,Hand,Hand,NOUN,oa,5597,bot
5597,bot,bieten,VERB,cj,5594,übrigen
5598,zum,zu,ADP,mo,5597,bot
5599,freundlichen,freundlich,ADJ,nk,5600,Gruß
5600,Gruß,Gruß,NOUN,nk,5598,zum
5601,.,--,PUNCT,punct,5594,übrigen
5602,Dann,dann,ADV,mo,5603,brachten
5603,brachten,bringen,VERB,ROOT,5603,brachten
5604,sie,sie,PRON,sb,5603,brachten
5605,schöne,schön,ADJ,nk,5606,silberne
5606,silberne,Silbern,NOUN,oa,5603,brachten
5607,Krüge,Krug,NOUN,ROOT,5607,Krüge
5608,",",--,PUNCT,punct,5607,Krüge
5609,schenkte,schenkt,VERB,nk,5611,Aehl
5610,treffliches,trefflich,ADJ,nk,5611,Aehl
5611,Aehl,Aehl,NOUN,cj,5607,Krüge
5612,",",--,PUNCT,punct,5607,Krüge
5613,wie,wie,SCONJ,mo,5619,bereitet
5614,es,es,PRON,sb,5620,wird
5615,denn,denn,ADV,mo,5619,bereitet
5616,nun,nun,ADV,mo,5619,bereitet
5617,in,in,ADP,mo,5619,bereitet
5618,Falun,Falun,PROPN,nk,5617,in
5619,bereitet,bereiten,VERB,oc,5620,wird
5620,wird,werden,AUX,oc,5607,Krüge
5621,",",--,PUNCT,punct,5607,Krüge
5622,ein,ein,DET,sb,5607,Krüge
5623,und,und,CCONJ,ju,5624,reichte
5624,reichte,reichen,VERB,ROOT,5624,reichte
5625,es,es,PRON,ep,5624,reichte
5626,dar,dar,ADV,mo,5624,reichte
5627,den,der,DET,nk,5629,Gästen
5628,frohen,froh,ADJ,nk,5629,Gästen
5629,Gästen,Gast,NOUN,da,5624,reichte
5630,",",--,PUNCT,punct,5624,reichte
5631,indem,indem,SCONJ,mo,5624,reichte
5632,aller,aller,DET,nk,5633,Himmelsglanz
5633,Himmelsglanz,Himmelsglanz,NOUN,nk,5631,indem
5634,der,der,DET,dep,5624,reichte
5635,unschuldvollsten,unschuldvollst,ADJ,nk,5636,Unbefangenheit
5636,Unbefangenheit,Unbefangenheit,NOUN,da,5640,überstrahlte
5637,ihr,ihr,DET,nk,5639,Antlitz
5638,holdes,hold,ADJ,nk,5639,Antlitz
5639,Antlitz,Antlitz,PROPN,oa,5640,überstrahlte
5640,überstrahlte,überstrahln,VERB,ROOT,5640,überstrahlte
5641,.,--,PUNCT,punct,5640,überstrahlte
5642,Sowie,Sowie,CCONJ,ju,5647,erblickte
5643,Elis,Elis,PROPN,pnc,5644,Fröbom
5644,Fröbom,Fröbom,PROPN,sb,5647,erblickte
5645,die,der,DET,nk,5646,Jungfrau
5646,Jungfrau,Jungfrau,NOUN,sb,5647,erblickte
5647,erblickte,erblicken,VERB,mo,5649,war
5648,",",--,PUNCT,punct,5649,war
5649,war,sein,AUX,ROOT,5649,war
5650,es,es,PRON,sb,5649,war
5651,ihm,ihm,PRON,da,5649,war
5652,",",--,PUNCT,punct,5649,war
5653,als,als,SCONJ,mo,5649,war
5654,schlüge,Schlüg,NOUN,nk,5653,als
5655,ein,ein,DET,nk,5656,Blitz
5656,Blitz,Blitz,NOUN,sb,5654,schlüge
5657,durch,durch,ADP,ROOT,5657,durch
5658,sein,sein,DET,nk,5659,Innres
5659,Innres,Innr,NOUN,nk,5657,durch
5660,und,und,CCONJ,cd,5657,durch
5661,entflamme,entflammen,VERB,cj,5660,und
5662,alle,aller,DET,nk,5663,Himmelslust
5663,Himmelslust,Himmelslust,NOUN,oa,5661,entflamme
5664,",",--,PUNCT,punct,5663,Himmelslust
5665,allen,aller,DET,nk,5666,Liebesschmerz
5666,Liebesschmerz,Liebesschmerz,NOUN,cj,5663,Himmelslust
5667,–,--,PUNCT,punct,5657,durch
5668,alle,alle,PRON,nk,5657,durch
5669,Inbrunst,Inbrunst,PROPN,ROOT,5669,Inbrunst
5670,",",--,PUNCT,punct,5669,Inbrunst
5671,die,der,PRON,sb,5674,verschlossen
5672,in,in,ADP,mo,5674,verschlossen
5673,ihm,ihm,PRON,nk,5672,in
5674,verschlossen,verschließen,VERB,rc,5669,Inbrunst
5675,.,--,PUNCT,punct,5669,Inbrunst
5676,–,--,PUNCT,ROOT,5676,–
5677,Ulla,Ulla,PROPN,pnc,5678,Dahlsjö
5678,Dahlsjö,Dahlsjö,PROPN,sb,5679,war
5679,war,sein,AUX,ROOT,5679,war
5680,es,es,PRON,sb,5679,war
5681,",",--,PUNCT,punct,5680,es
5682,die,der,PRON,sb,5684,in
5683,ihm,ihm,PRON,da,5684,in
5684,in,in,ADP,dep,5679,war
5685,dem,der,DET,nk,5684,in
5686,verhängnisvollen,verhängnisvoll,ADJ,nk,5687,Traum
5687,Traum,Traum,NOUN,ROOT,5687,Traum
5688,die,der,DET,nk,5690,Hand
5689,rettende,rettend,ADJ,nk,5690,Hand
5690,Hand,Hand,NOUN,oa,5691,geboten
5691,geboten,bieten,VERB,oc,5687,Traum
5692,;,--,PUNCT,punct,5687,Traum
5693,er,er,PRON,sb,5694,glaubte
5694,glaubte,glauben,VERB,ROOT,5694,glaubte
5695,nun,nun,ADV,mo,5694,glaubte
5696,die,der,DET,nk,5697,tiefe
5697,tiefe,tief,ADJ,oa,5694,glaubte
5698,Deutung,Deutung,NOUN,oa,5702,erraten
5699,jenes,jener,DET,nk,5700,Traumes
5700,Traumes,Traum,NOUN,ag,5698,Deutung
5701,zu,zu,PART,pm,5702,erraten
5702,erraten,erraten,VERB,ROOT,5702,erraten
5703,und,und,CCONJ,cd,5702,erraten
5704,pries,pries,PROPN,cj,5703,und
5705,",",--,PUNCT,punct,5704,pries
5706,des,der,DET,nk,5708,Bergmanns
5707,alten,alt,ADJ,nk,5708,Bergmanns
5708,Bergmanns,Bergmann,NOUN,da,5709,vergessend
5709,vergessend,vergessend,ADV,cj,5703,und
5710,",",--,PUNCT,punct,5709,vergessend
5711,das,der,PRON,oa,5702,erraten
5712,Schicksal,Schicksal,NOUN,ROOT,5712,Schicksal
5713,",",--,PUNCT,punct,5712,Schicksal
5714,dem,der,PRON,da,5718,gefolgt
5715,er,er,PRON,sb,5718,gefolgt
5716,nach,nach,ADP,mo,5718,gefolgt
5717,Falun,Falun,PROPN,nk,5716,nach
5718,gefolgt,folgen,VERB,rc,5712,Schicksal
5719,.,--,PUNCT,punct,5712,Schicksal
5720,–,--,PUNCT,ROOT,5720,–
5721,Aber,aber,CCONJ,ju,5723,fühlte
5722,dann,dann,ADV,mo,5723,fühlte
5723,fühlte,fühlen,VERB,ROOT,5723,fühlte
5724,er,er,PRON,sb,5723,fühlte
5725,sich,sich,PRON,oa,5723,fühlte
5726,",",--,PUNCT,punct,5723,fühlte
5727,auf,auf,ADP,mo,5730,stehend
5728,der,der,DET,nk,5729,Türschwelle
5729,Türschwelle,Türschwelle,NOUN,nk,5727,auf
5730,stehend,stehend,ADV,mo,5723,fühlte
5731,",",--,PUNCT,punct,5723,fühlte
5732,ein,ein,DET,nk,5733,unbeachteter
5733,unbeachteter,unbeachtet,ADJ,mo,5723,fühlte
5734,Fremdling,Fremdling,PROPN,ROOT,5734,Fremdling
5735,",",--,PUNCT,punct,5734,Fremdling
5736,elend,elend,ADV,par,5734,Fremdling
5737,",",--,PUNCT,punct,5734,Fremdling
5738,trostlos,trostlos,ADV,cj,5742,wünschte
5739,",",--,PUNCT,punct,5734,Fremdling
5740,verlassen,verlassen,VERB,oc,5734,Fremdling
5741,und,und,CCONJ,cd,5740,verlassen
5742,wünschte,wünschen,VERB,cj,5741,und
5743,",",--,PUNCT,punct,5742,wünschte
5744,er,er,PRON,sb,5745,sei
5745,sei,sein,AUX,oc,5742,wünschte
5746,gestorben,sterben,VERB,oc,5745,sei
5747,",",--,PUNCT,punct,5745,sei
5748,ehe,ehe,SCONJ,cp,5749,er
5749,er,er,PRON,ROOT,5749,er
5750,Ulla,Ulla,PROPN,pnc,5751,Dahlsjö
5751,Dahlsjö,Dahlsjö,PROPN,sb,5752,geschaut
5752,geschaut,schauen,VERB,ROOT,5752,geschaut
5753,",",--,PUNCT,punct,5752,geschaut
5754,da,da,SCONJ,cp,5759,müsse
5755,er,er,PRON,sb,5759,müsse
5756,doch,doch,ADV,mo,5759,müsse
5757,nun,nun,ADV,mo,5759,müsse
5758,vergehen,vergehen,VERB,oc,5759,müsse
5759,müsse,müssen,AUX,mo,5752,geschaut
5760,in,in,ADP,mo,5758,vergehen
5761,Liebe,Liebe,NOUN,nk,5760,in
5762,und,und,CCONJ,cd,5761,Liebe
5763,Sehnsucht,Sehnsucht,NOUN,cj,5762,und
5764,.,--,PUNCT,punct,5752,geschaut
5765,Nicht,nicht,PART,ng,5768,abzuwenden
5766,das,der,DET,nk,5767,Auge
5767,Auge,Auge,NOUN,oa,5768,abzuwenden
5768,abzuwenden,abwenden,VERB,oc,5769,vermochte
5769,vermochte,vermögen,VERB,ROOT,5769,vermochte
5770,er,er,PRON,sb,5769,vermochte
5771,von,von,ADP,mo,5769,vermochte
5772,der,der,DET,nk,5774,Jungfrau
5773,holden,hold,ADJ,nk,5774,Jungfrau
5774,Jungfrau,Jungfrau,NOUN,nk,5771,von
5775,",",--,PUNCT,punct,5769,vermochte
5776,und,und,CCONJ,cd,5769,vermochte
5777,als,als,SCONJ,cm,5778,sie
5778,sie,sie,PRON,mo,5776,und
5779,nun,nun,ADV,mo,5778,sie
5780,bei,bei,ADP,mo,5786,rief
5781,ihm,ihm,PRON,nk,5780,bei
5782,ganz,ganz,ADV,mo,5783,nahe
5783,nahe,nah,ADP,mo,5780,bei
5784,vorüberstreifte,vorüberstreift,NOUN,nk,5783,nahe
5785,",",--,PUNCT,punct,5786,rief
5786,rief,rufen,VERB,ROOT,5786,rief
5787,er,er,PRON,sb,5786,rief
5788,mit,mit,ADP,mo,5786,rief
5789,leiser,leise,ADJ,nk,5792,Stimme
5790,",",--,PUNCT,punct,5789,leiser
5791,bebender,bebend,ADJ,cj,5789,leiser
5792,Stimme,Stimme,NOUN,nk,5788,mit
5793,ihren,ihr,DET,oa,5786,rief
5794,Namen,Name,NOUN,ROOT,5794,Namen
5795,.,--,PUNCT,punct,5794,Namen
5796,Ulla,Ulla,PROPN,sb,5797,schaute
5797,schaute,schauen,VERB,ROOT,5797,schaute
5798,sich,sich,PRON,oa,5797,schaute
5799,um,um,ADP,svp,5797,schaute
5800,und,und,CCONJ,cd,5797,schaute
5801,erblickte,erblicken,VERB,cj,5800,und
5802,den,der,DET,nk,5804,Elis
5803,armen,arm,ADJ,nk,5804,Elis
5804,Elis,Eli,NOUN,oa,5801,erblickte
5805,",",--,PUNCT,punct,5804,Elis
5806,der,der,PRON,nk,5809,Röte
5807,",",--,PUNCT,punct,5809,Röte
5808,glühende,glühend,ADJ,nk,5809,Röte
5809,Röte,Rot,NOUN,cj,5801,erblickte
5810,im,in,ADP,mnr,5809,Röte
5811,ganzen,ganz,ADJ,nk,5812,Gesicht
5812,Gesicht,Gesicht,NOUN,ROOT,5812,Gesicht
5813,",",--,PUNCT,punct,5812,Gesicht
5814,mit,mit,ADP,mo,5817,dastand
5815,niedergesenktem,niedergesenkt,ADJ,nk,5816,Blick
5816,Blick,Blick,NOUN,nk,5814,mit
5817,dastand,Dastand,VERB,par,5812,Gesicht
5818,–,--,PUNCT,punct,5819,erstarrt
5819,erstarrt,erstarren,VERB,oc,5812,Gesicht
5820,–,--,PUNCT,punct,5819,erstarrt
5821,keines,kein,DET,nk,5822,Wortes
5822,Wortes,Wort,NOUN,cj,5812,Gesicht
5823,mächtig,mächtig,ADV,ROOT,5823,mächtig
5824,.,--,PUNCT,punct,5823,mächtig
5825,Ulla,Ulla,PROPN,sb,5826,trat
5826,trat,treten,VERB,ROOT,5826,trat
5827,auf,auf,ADP,mo,5826,trat
5828,ihn,ihn,PRON,nk,5827,auf
5829,zu,zu,ADP,svp,5826,trat
5830,und,und,CCONJ,cd,5826,trat
5831,sprach,sprechen,VERB,cj,5830,und
5832,mit,mit,ADP,op,5831,sprach
5833,süßem,süß,ADJ,nk,5834,Lächeln
5834,Lächeln,lächeln,NOUN,nk,5832,mit
5835,:,--,PUNCT,punct,5831,sprach
5836,»,--,PUNCT,punct,5837,Ei
5837,Ei,ei,NOUN,oc,5831,sprach
5838,",",--,PUNCT,punct,5831,sprach
5839,Ihr,ihr,PRON,sb,5840,seid
5840,seid,sein,AUX,cj,5830,und
5841,ja,ja,ADV,mo,5840,seid
5842,wohl,wohl,ADV,mo,5840,seid
5843,ein,ein,DET,svp,5840,seid
5844,Fremdling,Fremdling,PROPN,ROOT,5844,Fremdling
5845,",",--,PUNCT,punct,5844,Fremdling
5846,lieber,lieb,ADJ,nk,5847,Freund
5847,Freund,Freund,NOUN,cj,5844,Fremdling
5848,!,--,PUNCT,punct,5844,Fremdling
5849,das,der,PRON,oa,5850,gewahre
5850,gewahre,gewahren,VERB,ROOT,5850,gewahre
5851,ich,ich,PRON,sb,5850,gewahre
5852,an,an,ADP,op,5850,gewahre
5853,Eurer,Eurer,DET,nk,5855,Tracht
5854,seemännischen,seemännisch,ADJ,nk,5855,Tracht
5855,Tracht,Tracht,NOUN,nk,5852,an
5856,!,--,PUNCT,punct,5850,gewahre
5857,–,--,PUNCT,punct,5858,Nun
5858,Nun,nun,ADV,ROOT,5858,Nun
5859,!,--,PUNCT,punct,5858,Nun
5860,–,--,PUNCT,punct,5862,steht
5861,warum,warum,ADV,mo,5862,steht
5862,steht,stehen,VERB,ROOT,5862,steht
5863,Ihr,ihr,PRON,sb,5862,steht
5864,denn,denn,ADV,mo,5862,steht
5865,so,so,ADV,mo,5862,steht
5866,auf,auf,ADP,mo,5862,steht
5867,der,der,DET,nk,5868,Schwelle
5868,Schwelle,Schwelle,NOUN,nk,5866,auf
5869,?,--,PUNCT,punct,5862,steht
5870,–,--,PUNCT,punct,5871,Kommt
5871,Kommt,kommen,VERB,ROOT,5871,Kommt
5872,doch,doch,ADV,mo,5871,Kommt
5873,nur,nur,ADV,mo,5871,Kommt
5874,hinein,hinein,ADV,svp,5871,Kommt
5875,und,und,CCONJ,cd,5871,Kommt
5876,freut,freuen,VERB,cj,5875,und
5877,Euch,euch,PRON,dep,5884,nahm
5878,mit,mit,ADP,mo,5877,Euch
5879,uns,uns,PRON,nk,5878,mit
5880,!,--,PUNCT,punct,5877,Euch
5881,«,--,PUNCT,punct,5877,Euch
5882,–,--,PUNCT,punct,5884,nahm
5883,Damit,damit,ADV,mo,5884,nahm
5884,nahm,nehmen,VERB,ROOT,5884,nahm
5885,sie,sie,PRON,sb,5884,nahm
5886,ihn,ihn,PRON,oa,5884,nahm
5887,bei,bei,ADP,mo,5884,nahm
5888,der,der,DET,nk,5889,Hand
5889,Hand,Hand,NOUN,nk,5887,bei
5890,",",--,PUNCT,punct,5884,nahm
5891,zog,ziehen,VERB,cj,5884,nahm
5892,ihn,ihn,PRON,oa,5891,zog
5893,in,in,ADP,mo,5891,zog
5894,den,der,DET,nk,5895,Flur
5895,Flur,Flur,NOUN,nk,5893,in
5896,und,und,CCONJ,cd,5891,zog
5897,reichte,reichen,VERB,ROOT,5897,reichte
5898,ihm,ihm,PRON,da,5897,reichte
5899,einen,ein,DET,nk,5901,Krug
5900,vollen,voll,ADJ,nk,5901,Krug
5901,Krug,Krug,NOUN,oa,5897,reichte
5902,Aehl,Aehl,PROPN,nk,5901,Krug
5903,!,--,PUNCT,punct,5897,reichte
5904,»,--,PUNCT,punct,5905,Trinkt
5905,Trinkt,Trinkt,NOUN,sb,5908,sprach
5906,«,--,PUNCT,punct,5905,Trinkt
5907,",",--,PUNCT,punct,5908,sprach
5908,sprach,sprechen,VERB,ROOT,5908,sprach
5909,sie,sie,PRON,sb,5908,sprach
5910,",",--,PUNCT,punct,5908,sprach
5911,»,--,PUNCT,punct,5912,trinkt
5912,trinkt,trinken,VERB,mo,5908,sprach
5913,",",--,PUNCT,punct,5912,trinkt
5914,mein,mein,DET,dep,5908,sprach
5915,lieber,lieber,ADJ,mo,5914,mein
5916,Freund,Freund,NOUN,ROOT,5916,Freund
5917,",",--,PUNCT,punct,5916,Freund
5918,auf,auf,ADP,cj,5916,Freund
5919,guten,gut,ADJ,nk,5921,Willkommen
5920,gastlichen,gastlich,ADJ,nk,5921,Willkommen
5921,Willkommen,Willkomme,NOUN,nk,5918,auf
5922,!,--,PUNCT,punct,5916,Freund
5923,«,--,PUNCT,punct,5916,Freund
5924,Dem,der,DET,nk,5925,Elis
5925,Elis,Elis,NOUN,da,5926,war
5926,war,sein,AUX,ROOT,5926,war
5927,es,es,PRON,sb,5926,war
5928,",",--,PUNCT,punct,5926,war
5929,als,als,SCONJ,cm,5930,läge
5930,läge,liegen,VERB,re,5927,es
5931,er,er,PRON,sb,5930,läge
5932,in,in,ADP,mo,5930,läge
5933,dem,der,DET,nk,5935,Paradiese
5934,wonnigen,wonnig,ADJ,nk,5935,Paradiese
5935,Paradiese,Paradiese,NOUN,nk,5932,in
5936,eines,ein,DET,nk,5938,Traums
5937,herrliche,herrlich,ADJ,nk,5938,Traums
5938,Traums,Traum,NOUN,ag,5935,Paradiese
5939,",",--,PUNCT,punct,5930,läge
5940,aus,aus,ADP,mo,5944,erwachen
5941,dem,der,PRON,nk,5940,aus
5942,er,er,PRON,sb,5944,erwachen
5943,gleich,gleich,ADV,mo,5944,erwachen
5944,erwachen,erwachen,VERB,oc,5950,werde
5945,und,und,CCONJ,cd,5944,erwachen
5946,sich,sich,PRON,oa,5949,fühlen
5947,unbeschreiblich,unbeschreiblich,ADV,mo,5949,fühlen
5948,elend,elend,ADV,mo,5949,fühlen
5949,fühlen,fühlen,VERB,cj,5945,und
5950,werde,werden,AUX,ROOT,5950,werde
5951,.,--,PUNCT,punct,5950,werde
5952,Mechanisch,mechanisch,ADV,mo,5953,leerte
5953,leerte,leeren,VERB,ROOT,5953,leerte
5954,er,er,PRON,sb,5953,leerte
5955,den,der,DET,nk,5956,Krug
5956,Krug,Krug,NOUN,oa,5953,leerte
5957,.,--,PUNCT,punct,5953,leerte
5958,In,in,ADP,mo,5961,trat
5959,dem,der,DET,nk,5960,Augenblick
5960,Augenblick,Augenblick,NOUN,nk,5958,In
5961,trat,treten,VERB,ROOT,5961,trat
5962,Pehrson,Pehrson,PROPN,pnc,5963,Dahlsjö
5963,Dahlsjö,Dahlsjö,PROPN,sb,5961,trat
5964,an,an,ADP,mo,5961,trat
5965,ihn,ihn,PRON,nk,5964,an
5966,heran,heran,ADV,ROOT,5966,heran
5967,und,und,CCONJ,cd,5966,heran
5968,fragte,fragen,VERB,cj,5967,und
5969,",",--,PUNCT,punct,5968,fragte
5970,nachdem,nachdem,SCONJ,cp,5975,geschüttelt
5971,er,er,PRON,sb,5975,geschüttelt
5972,ihm,ihm,PRON,da,5975,geschüttelt
5973,die,der,DET,nk,5974,Hand
5974,Hand,Hand,NOUN,oa,5975,geschüttelt
5975,geschüttelt,schütteln,VERB,mo,5968,fragte
5976,zum,zu,ADP,mo,5975,geschüttelt
5977,freundlichen,freundlich,ADJ,nk,5978,Gruß
5978,Gruß,Gruß,NOUN,nk,5976,zum
5979,",",--,PUNCT,punct,5968,fragte
5980,von,von,ADP,ROOT,5980,von
5981,wannen,wann,NOUN,nk,5980,von
5982,er,er,PRON,sb,5983,käme
5983,käme,kommen,VERB,ROOT,5983,käme
5984,und,und,CCONJ,cd,5983,käme
5985,was,was,PRON,sb,5987,hingebracht
5986,ihn,ihn,PRON,oa,5987,hingebracht
5987,hingebracht,hingebracht,VERB,cj,5984,und
5988,nach,nach,ADP,mo,5987,hingebracht
5989,Falun,Falun,PROPN,nk,5988,nach
5990,.,--,PUNCT,punct,5983,käme
5991,Elis,elis,ADV,sb,5992,fühlte
5992,fühlte,fühlen,VERB,ROOT,5992,fühlte
5993,die,der,DET,nk,5995,Kraft
5994,wärmende,wärmend,ADJ,nk,5995,Kraft
5995,Kraft,Kraft,NOUN,oa,5992,fühlte
5996,des,der,DET,nk,5998,Getränks
5997,edlen,edel,ADJ,nk,5998,Getränks
5998,Getränks,Getränk,NOUN,ag,5995,Kraft
5999,in,in,ADP,mo,5992,fühlte
6000,allen,aller,DET,nk,6001,Adern
6001,Adern,Ader,NOUN,nk,5999,in
6002,.,--,PUNCT,punct,5992,fühlte
6003,Dem,der,PRON,nk,6004,wackern
6004,wackern,wackern,VERB,ROOT,6004,wackern
6005,Pehrson,Pehrson,PROPN,sb,6010,wurde
6006,ins,in,ADP,mo,6008,blickend
6007,Auge,Auge,NOUN,nk,6006,ins
6008,blickend,blickend,ADV,pd,6005,Pehrson
6009,",",--,PUNCT,punct,6010,wurde
6010,wurde,werden,AUX,ROOT,6010,wurde
6011,Ihm,ihm,PRON,da,6012,heiter
6012,heiter,heit,ADV,sb,6010,wurde
6013,und,und,CCONJ,cd,6012,heiter
6014,mutig,mutig,ADV,cj,6013,und
6015,zu,zu,ADP,mo,6010,wurde
6016,Sinn,Sinn,NOUN,nk,6015,zu
6017,.,--,PUNCT,punct,6010,wurde
6018,Er,er,PRON,sb,6019,erzählte
6019,erzählte,erzählen,VERB,ROOT,6019,erzählte
6020,",",--,PUNCT,punct,6019,erzählte
6021,wie,wie,SCONJ,mo,6019,erzählte
6022,er,er,PRON,ROOT,6022,er
6023,",",--,PUNCT,punct,6022,er
6024,Sohn,Sohn,NOUN,app,6022,er
6025,eines,ein,DET,nk,6026,Seemanns
6026,Seemanns,Seemann,NOUN,ag,6024,Sohn
6027,",",--,PUNCT,punct,6022,er
6028,von,von,ADP,mo,6034,gewesen
6029,Kindesbeinen,Kindesbein,NOUN,nk,6028,von
6030,an,an,ADP,ac,6028,von
6031,auf,auf,ADP,mo,6034,gewesen
6032,der,der,DET,nk,6033,See
6033,See,See,NOUN,nk,6031,auf
6034,gewesen,sein,AUX,rc,6022,er
6035,",",--,PUNCT,punct,6034,gewesen
6036,wie,wie,SCONJ,cm,6037,er
6037,er,er,PRON,dep,6034,gewesen
6038,",",--,PUNCT,punct,6037,er
6039,eben,eben,ADV,ROOT,6039,eben
6040,von,von,ADP,sbp,6042,zurückgekehrt
6041,Ostindien,Ostindien,PROPN,nk,6040,von
6042,zurückgekehrt,zurückkehren,VERB,ROOT,6042,zurückgekehrt
6043,",",--,PUNCT,punct,6042,zurückgekehrt
6044,seine,sein,DET,nk,6045,Mutter
6045,Mutter,Mutter,NOUN,app,6042,zurückgekehrt
6046,",",--,PUNCT,punct,6045,Mutter
6047,die,der,PRON,oa,6052,gehegt
6048,er,er,PRON,sb,6052,gehegt
6049,mit,mit,ADP,mo,6052,gehegt
6050,seinem,sein,DET,nk,6051,Solde
6051,Solde,Solde,NOUN,nk,6049,mit
6052,gehegt,hegen,VERB,rc,6045,Mutter
6053,und,und,CCONJ,cd,6052,gehegt
6054,gepflegt,pflegen,VERB,ROOT,6054,gepflegt
6055,",",--,PUNCT,punct,6054,gepflegt
6056,nicht,nicht,PART,ng,6060,gefunden
6057,mehr,mehr,ADV,mo,6056,nicht
6058,am,an,ADP,mo,6060,gefunden
6059,Leben,Leben,NOUN,nk,6058,am
6060,gefunden,finden,VERB,cj,6054,gepflegt
6061,",",--,PUNCT,punct,6060,gefunden
6062,wie,wie,SCONJ,mo,6067,verlassen
6063,er,er,PRON,sb,6067,verlassen
6064,sich,sich,PRON,oa,6067,verlassen
6065,nun,nun,ADV,mo,6067,verlassen
6066,ganz,ganz,ADV,mo,6067,verlassen
6067,verlassen,verlassen,VERB,dep,6054,gepflegt
6068,auf,auf,ADP,mo,6067,verlassen
6069,der,der,DET,nk,6068,auf
6070,Welt,Welt,NOUN,sb,6071,fühle
6071,fühle,fühlen,VERB,ROOT,6071,fühle
6072,",",--,PUNCT,punct,6071,fühle
6073,die,der,PRON,dep,6071,fühle
6074,ihm,ihm,PRON,da,6078,Leben
6075,nun,nun,ADV,mo,6074,ihm
6076,das,der,DET,nk,6078,Leben
6077,wilde,wild,ADJ,nk,6078,Leben
6078,Leben,Leben,NOUN,oa,6082,ganz
6079,auf,auf,ADP,mnr,6078,Leben
6080,der,der,DET,nk,6081,See
6081,See,See,NOUN,nk,6079,auf
6082,ganz,ganz,ADV,dep,6071,fühle
6083,und,und,CCONJ,cd,6082,ganz
6084,gar,gar,ADV,mo,6085,zuwider
6085,zuwider,zuwide,ADV,cj,6083,und
6086,geworden,werden,AUX,ROOT,6086,geworden
6087,",",--,PUNCT,punct,6086,geworden
6088,wie,wie,ADP,mo,6094,treibe
6089,seine,sein,DET,nk,6091,Neigung
6090,innerste,inner,ADJ,nk,6091,Neigung
6091,Neigung,Neigung,NOUN,sb,6094,treibe
6092,zum,zu,ADP,mnr,6091,Neigung
6093,Bergbau,Bergbau,NOUN,nk,6092,zum
6094,treibe,treiben,VERB,mo,6086,geworden
6095,und,und,CCONJ,cd,6094,treibe
6096,wie,wie,SCONJ,cm,6097,er
6097,er,er,PRON,cj,6095,und
6098,hier,hier,ADV,mo,6099,in
6099,in,in,ADP,pd,6086,geworden
6100,Falun,Falun,PROPN,sb,6103,werde
6101,sich,sich,PRON,oa,6102,mühen
6102,mühen,mühen,VERB,oc,6103,werde
6103,werde,werden,AUX,ROOT,6103,werde
6104,",",--,PUNCT,punct,6103,werde
6105,als,als,ADP,mo,6107,unterzukommen
6106,Knappe,Knappe,NOUN,nk,6105,als
6107,unterzukommen,unterzukommen,ADV,oc,6103,werde
6108,.,--,PUNCT,punct,6103,werde
6109,Das,der,DET,nk,6114,allem
6110,letzte,letzter,ADJ,nk,6114,allem
6111,",",--,PUNCT,punct,6112,so
6112,so,so,ADV,mo,6113,sehr
6113,sehr,sehr,ADV,mo,6114,allem
6114,allem,alle,PRON,ROOT,6114,allem
6115,entgegen,entgegen,ADP,mo,6124,fuhr
6116,",",--,PUNCT,punct,6124,fuhr
6117,was,was,PRON,oa,6122,beschlossen
6118,er,er,PRON,sb,6122,beschlossen
6119,vor,vor,ADP,mo,6122,beschlossen
6120,wenigen,weniger,DET,nk,6121,Augenblicken
6121,Augenblicken,Augenblick,NOUN,nk,6119,vor
6122,beschlossen,beschließen,VERB,sb,6124,fuhr
6123,",",--,PUNCT,punct,6124,fuhr
6124,fuhr,fahren,VERB,ROOT,6124,fuhr
6125,ihm,ihm,PRON,da,6124,fuhr
6126,ganz,ganz,ADV,mo,6124,fuhr
6127,unwillkürlich,unwillkürlich,ADV,pd,6131,war
6128,heraus,heraus,ADV,mo,6127,unwillkürlich
6129,",",--,PUNCT,punct,6127,unwillkürlich
6130,es,es,PRON,sb,6131,war
6131,war,sein,AUX,ROOT,6131,war
6132,ihm,ihm,PRON,da,6131,war
6133,",",--,PUNCT,punct,6131,war
6134,als,als,SCONJ,cm,6135,hätte
6135,hätte,haben,AUX,cc,6128,heraus
6136,er,er,PRON,sb,6135,hätte
6137,dem,der,DET,nk,6138,Altermann
6138,Altermann,Altermann,PROPN,da,6135,hätte
6139,gar,gar,ADV,mo,6140,nichts
6140,nichts,nichts,PRON,oa,6135,hätte
6141,anders,anders,ADV,mo,6135,hätte
6142,eröffnen,eröffnen,VERB,oc,6143,können
6143,können,können,AUX,ROOT,6143,können
6144,",",--,PUNCT,punct,6143,können
6145,ja,ja,PART,dep,6143,können
6146,",",--,PUNCT,punct,6145,ja
6147,als,als,SCONJ,cm,6154,ausgesprochen
6148,wenn,wenn,SCONJ,cp,6154,ausgesprochen
6149,er,er,PRON,sb,6154,ausgesprochen
6150,eben,eben,ADV,mo,6154,ausgesprochen
6151,seinen,sein,DET,nk,6153,Wunsch
6152,innersten,innerst,ADJ,nk,6153,Wunsch
6153,Wunsch,Wunsch,NOUN,oa,6154,ausgesprochen
6154,ausgesprochen,aussprechen,VERB,mo,6145,ja
6155,",",--,PUNCT,punct,6154,ausgesprochen
6156,an,an,ADP,mo,6143,können
6157,den,der,PRON,oa,6163,geglaubt
6158,er,er,PRON,sb,6163,geglaubt
6159,bisher,bisher,ADV,mo,6163,geglaubt
6160,selbst,selbst,ADV,mo,6163,geglaubt
6161,nur,nur,ADV,mo,6162,nicht
6162,nicht,nicht,PART,ng,6163,geglaubt
6163,geglaubt,glauben,VERB,ROOT,6163,geglaubt
6164,.,--,PUNCT,punct,6163,geglaubt
6165,Pehrson,Pehrson,PROPN,pnc,6166,Dahlsjö
6166,Dahlsjö,Dahlsjö,PROPN,sb,6167,sah
6167,sah,sehen,VERB,ROOT,6167,sah
6168,den,der,DET,nk,6169,Jüngling
6169,Jüngling,Jüngling,NOUN,oa,6167,sah
6170,mit,mit,ADP,mo,6167,sah
6171,sehr,sehr,ADV,mo,6172,ernstem
6172,ernstem,ernst,ADJ,nk,6173,Blick
6173,Blick,Blick,NOUN,nk,6170,mit
6174,an,an,ADP,svp,6167,sah
6175,",",--,PUNCT,punct,6167,sah
6176,als,als,SCONJ,cm,6177,wollte
6177,wollte,wollen,AUX,oc,6169,Jüngling
6178,er,er,PRON,sb,6177,wollte
6179,sein,sein,AUX,oc,6177,wollte
6180,Innerstes,Innerstes,X,oa,6181,durchschauen
6181,durchschauen,durchschauen,VERB,re,6183,dann
6182,",",--,PUNCT,punct,6183,dann
6183,dann,dann,ADV,mo,6184,sprach
6184,sprach,sprechen,VERB,ROOT,6184,sprach
6185,er:«Ich,er:«Ich,NOUN,sb,6186,mag
6186,mag,mögen,AUX,sb,6184,sprach
6187,nicht,nicht,PART,ng,6186,mag
6188,vermuten,vermuten,VERB,oc,6186,mag
6189,",",--,PUNCT,punct,6186,mag
6190,Elis,Elis,PROPN,pnc,6191,Fröbom
6191,Fröbom,Fröbom,PROPN,cj,6186,mag
6192,",",--,PUNCT,punct,6184,sprach
6193,daß,daß,SCONJ,cp,6201,forttreibt
6194,bloßer,bloß,ADJ,nk,6195,Leichtsinn
6195,Leichtsinn,Leichtsinn,NOUN,sb,6201,forttreibt
6196,Euch,euch,PRON,nk,6200,Beruf
6197,von,von,ADP,sbp,6199,bisherigen
6198,Euerem,Euerem,DET,nk,6197,von
6199,bisherigen,bisherig,ADJ,nk,6200,Beruf
6200,Beruf,Beruf,NOUN,da,6201,forttreibt
6201,forttreibt,forttreiben,VERB,ROOT,6201,forttreibt
6202,und,und,CCONJ,cd,6201,forttreibt
6203,daß,daß,SCONJ,cp,6204,Ihr
6204,Ihr,ihr,PRON,ROOT,6204,Ihr
6205,nicht,nicht,PART,ng,6206,alle
6206,alle,aller,DET,nk,6207,Mühseligkeit
6207,Mühseligkeit,Mühseligkeit,NOUN,ROOT,6207,Mühseligkeit
6208,",",--,PUNCT,punct,6207,Mühseligkeit
6209,alle,aller,DET,nk,6210,Beschwerde
6210,Beschwerde,Beschwerde,NOUN,oa,6215,erwägt
6211,des,der,DET,nk,6212,Bergbaues
6212,Bergbaues,Bergbau,NOUN,ag,6210,Beschwerde
6213,vorher,vorher,ADV,mo,6214,reiflich
6214,reiflich,reiflich,ADV,mo,6215,erwägt
6215,erwägt,erwägen,VERB,rc,6207,Mühseligkeit
6216,habt,Habt,AUX,ROOT,6216,habt
6217,",",--,PUNCT,punct,6216,habt
6218,ehe,ehe,SCONJ,cp,6222,gefaßt
6219,Ihr,ihr,PRON,sb,6222,gefaßt
6220,den,der,DET,nk,6221,Entschluß
6221,Entschluß,Entschluß,NOUN,oa,6222,gefaßt
6222,gefaßt,fassen,VERB,mo,6216,habt
6223,",",--,PUNCT,punct,6222,gefaßt
6224,sich,sich,PRON,oa,6227,ergeben
6225,ihm,ihm,PRON,da,6227,ergeben
6226,zu,zu,PART,pm,6227,ergeben
6227,ergeben,ergeben,VERB,oc,6222,gefaßt
6228,.,--,PUNCT,punct,6216,habt
6229,Es,es,PRON,sb,6230,ist
6230,ist,sein,AUX,ROOT,6230,ist
6231,ein,ein,DET,nk,6232,alter
6232,alter,alt,ADJ,pd,6230,ist
6233,Glaube,Glaube,NOUN,ROOT,6233,Glaube
6234,bei,bei,ADP,mnr,6233,Glaube
6235,uns,uns,PRON,nk,6234,bei
6236,",",--,PUNCT,punct,6233,Glaube
6237,daß,daß,SCONJ,cp,6240,Elemente
6238,die,der,DET,nk,6240,Elemente
6239,mächtigen,mächtig,ADJ,nk,6240,Elemente
6240,Elemente,Element,NOUN,oc,6233,Glaube
6241,",",--,PUNCT,punct,6240,Elemente
6242,in,in,ADP,mo,6247,waltet
6243,denen,der,PRON,nk,6242,in
6244,der,der,DET,nk,6245,Bergmann
6245,Bergmann,Bergmann,NOUN,sb,6247,waltet
6246,kühn,kühn,ADV,mo,6247,waltet
6247,waltet,walten,VERB,rc,6240,Elemente
6248,",",--,PUNCT,punct,6240,Elemente
6249,ihn,ihn,PRON,oa,6250,vernichten
6250,vernichten,vernichten,VERB,mo,6252,strengt
6251,",",--,PUNCT,punct,6252,strengt
6252,strengt,strengen,VERB,ROOT,6252,strengt
6253,er,er,PRON,sb,6252,strengt
6254,nicht,nicht,PART,ng,6252,strengt
6255,sein,sein,DET,nk,6257,Wesen
6256,ganzes,ganz,ADJ,nk,6257,Wesen
6257,Wesen,Wesen,NOUN,oa,6252,strengt
6258,an,an,ADP,svp,6252,strengt
6259,",",--,PUNCT,punct,6252,strengt
6260,die,der,DET,nk,6261,Herrschaft
6261,Herrschaft,Herrschaft,NOUN,dep,6252,strengt
6262,über,über,ADP,op,6261,Herrschaft
6263,sie,sie,PRON,nk,6262,über
6264,zu,zu,PART,pm,6265,behaupten
6265,behaupten,behaupten,VERB,mo,6267,gibt
6266,",",--,PUNCT,punct,6267,gibt
6267,gibt,geben,VERB,ROOT,6267,gibt
6268,er,er,PRON,sb,6267,gibt
6269,noch,noch,ADV,mo,6267,gibt
6270,andern,anderer,ADJ,nk,6271,Gedanken
6271,Gedanken,Gedanke,NOUN,oa,6267,gibt
6272,Raum,Raum,NOUN,nk,6271,Gedanken
6273,",",--,PUNCT,punct,6272,Raum
6274,die,der,PRON,sb,6277,schwächen
6275,die,der,DET,nk,6276,Kraft
6276,Kraft,Kraft,NOUN,oa,6277,schwächen
6277,schwächen,schwächen,VERB,rc,6272,Raum
6278,",",--,PUNCT,punct,6267,gibt
6279,welche,welcher,PRON,oa,6288,zuwenden
6280,er,er,PRON,sb,6289,soll
6281,ungeteilt,ungeteilen,VERB,mo,6289,soll
6282,der,der,DET,nk,6283,Arbeit
6283,Arbeit,Arbeit,NOUN,da,6288,zuwenden
6284,in,in,ADP,mnr,6283,Arbeit
6285,Erde,Erde,NOUN,nk,6284,in
6286,und,und,CCONJ,cd,6285,Erde
6287,Feuer,Feuer,NOUN,cj,6286,und
6288,zuwenden,zuwenden,VERB,oc,6289,soll
6289,soll,sollen,AUX,ROOT,6289,soll
6290,.,--,PUNCT,punct,6289,soll
6291,Habt,Habt,X,ROOT,6291,Habt
6292,Ihr,ihr,PRON,sb,6291,Habt
6293,aber,aber,ADV,mo,6291,Habt
6294,Euern,Euer,NOUN,sb,6295,innern
6295,innern,innern,VERB,re,6304,so
6296,Beruf,Beruf,NOUN,oa,6298,geprüft
6297,genugsam,genugsam,ADV,mo,6298,geprüft
6298,geprüft,prüfen,VERB,oc,6295,innern
6299,und,und,CCONJ,cd,6298,geprüft
6300,ihn,ihn,PRON,oa,6301,bewährt
6301,bewährt,bewähren,VERB,mo,6302,gefunden
6302,gefunden,finden,VERB,cj,6299,und
6303,",",--,PUNCT,punct,6304,so
6304,so,so,ADV,mo,6305,seid
6305,seid,sein,AUX,ROOT,6305,seid
6306,Ihr,ihr,PRON,sb,6305,seid
6307,zur,zu,ADP,svp,6305,seid
6308,guten,gut,ADJ,nk,6309,Stunde
6309,Stunde,Stunde,NOUN,da,6310,gekommen
6310,gekommen,kommen,VERB,ROOT,6310,gekommen
6311,.,--,PUNCT,punct,6310,gekommen
6312,In,in,ADP,mo,6315,fehlt
6313,meiner,mein,DET,nk,6314,Kuxe
6314,Kuxe,Kuxe,NOUN,nk,6312,In
6315,fehlt,fehlen,VERB,ROOT,6315,fehlt
6316,es,es,PRON,ep,6315,fehlt
6317,an,an,ADP,op,6315,fehlt
6318,Arbeitern,Arbeiter,NOUN,nk,6317,an
6319,.,--,PUNCT,punct,6315,fehlt
6320,Ihr,ihr,PRON,sb,6321,könnt
6321,könnt,können,VERB,ROOT,6321,könnt
6322,",",--,PUNCT,punct,6321,könnt
6323,wenn,wenn,SCONJ,punct,6321,könnt
6324,Ihr,ihr,PRON,sb,6325,wollt
6325,wollt,wollen,AUX,ROOT,6325,wollt
6326,",",--,PUNCT,punct,6325,wollt
6327,nun,nun,ADV,mo,6331,bleiben
6328,gleich,gleich,ADV,mo,6329,bei
6329,bei,bei,ADP,mo,6331,bleiben
6330,mir,mir,PRON,nk,6329,bei
6331,bleiben,bleiben,VERB,oc,6325,wollt
6332,und,und,CCONJ,cd,6331,bleiben
6333,morgenden,morgend,ADJ,nk,6334,Tages
6334,Tages,Tag,NOUN,mo,6335,mit
6335,mit,mit,ADP,mo,6325,wollt
6336,dem,der,DET,nk,6337,Steiger
6337,Steiger,Steiger,NOUN,nk,6335,mit
6338,anfahren,anfahren,VERB,ROOT,6338,anfahren
6339,",",--,PUNCT,punct,6338,anfahren
6340,der,der,PRON,sb,6346,wird
6341,Euch,euch,PRON,oa,6345,anweisen
6342,die,der,DET,nk,6343,Arbeit
6343,Arbeit,Arbeit,NOUN,oa,6345,anweisen
6344,schon,schon,ADV,mo,6345,anweisen
6345,anweisen,anweisen,VERB,oc,6346,wird
6346,wird,werden,AUX,rc,6338,anfahren
6347,.,--,PUNCT,punct,6338,anfahren
6348,«,--,PUNCT,ROOT,6348,«
6349,Das,der,DET,nk,6350,Herz
6350,Herz,Herz,NOUN,sb,6351,ging
6351,ging,gehen,VERB,ROOT,6351,ging
6352,dem,der,DET,nk,6353,Elis
6353,Elis,Elis,NOUN,da,6351,ging
6354,auf,auf,ADP,svp,6351,ging
6355,bei,bei,ADP,mo,6351,ging
6356,Pehrson,Pehrson,PROPN,pnc,6357,Dahlsjös
6357,Dahlsjös,Dahlsjös,PROPN,nk,6355,bei
6358,Rede,Rede,NOUN,nk,6355,bei
6359,.,--,PUNCT,punct,6351,ging
6360,Er,er,PRON,sb,6361,dachte
6361,dachte,denken,VERB,ROOT,6361,dachte
6362,nicht,nicht,PART,ng,6361,dachte
6363,mehr,mehr,ADV,mo,6362,nicht
6364,an,an,ADP,svp,6361,dachte
6365,die,der,DET,nk,6366,Schrecken
6366,Schrecken,Schrecken,NOUN,ROOT,6366,Schrecken
6367,des,der,DET,nk,6369,Höllenschlundes
6368,entsetzlichen,entsetzlich,ADJ,nk,6369,Höllenschlundes
6369,Höllenschlundes,Höllenschlund,NOUN,ag,6366,Schrecken
6370,",",--,PUNCT,punct,6369,Höllenschlundes
6371,in,in,ADP,mo,6374,geschaut
6372,den,der,PRON,nk,6371,in
6373,er,er,PRON,sb,6374,geschaut
6374,geschaut,schauen,VERB,rc,6369,Höllenschlundes
6375,.,--,PUNCT,punct,6366,Schrecken
6376,Daß,daß,SCONJ,ROOT,6376,Daß
6377,er,er,PRON,sb,6376,Daß
6378,nun,nun,ADV,mo,6377,er
6379,die,der,DET,nk,6381,Ulla
6380,holde,hold,ADJ,nk,6381,Ulla
6381,Ulla,Ulla,PROPN,sb,6383,sehen
6382,täglich,täglich,ADV,mo,6383,sehen
6383,sehen,sehen,VERB,ROOT,6383,sehen
6384,",",--,PUNCT,punct,6383,sehen
6385,daß,daß,SCONJ,cp,6393,werde
6386,er,er,PRON,sb,6393,werde
6387,mit,mit,ADP,mo,6392,wohnen
6388,ihr,ihr,PRON,nk,6387,mit
6389,unter,unter,ADP,mo,6392,wohnen
6390,einem,ein,DET,nk,6391,Dache
6391,Dache,Dache,NOUN,nk,6389,unter
6392,wohnen,wohnen,VERB,oc,6393,werde
6393,werde,werden,AUX,oc,6383,sehen
6394,",",--,PUNCT,punct,6383,sehen
6395,das,der,PRON,sb,6396,erfüllte
6396,erfüllte,erfüllen,VERB,ROOT,6396,erfüllte
6397,ihn,ihn,PRON,oa,6396,erfüllte
6398,mit,mit,ADP,mo,6396,erfüllte
6399,Wonne,Wonne,NOUN,nk,6398,mit
6400,und,und,CCONJ,cd,6399,Wonne
6401,Entzücken,Entzück,NOUN,cj,6400,und
6402,;,--,PUNCT,punct,6396,erfüllte
6403,er,er,PRON,sb,6404,gab
6404,gab,geben,VERB,ROOT,6404,gab
6405,den,der,DET,nk,6407,Hoffnungen
6406,süßesten,süßest,ADJ,nk,6407,Hoffnungen
6407,Hoffnungen,Hoffnung,NOUN,oa,6404,gab
6408,Raum,Raum,NOUN,nk,6407,Hoffnungen
6409,.,--,PUNCT,punct,6404,gab
6410,Pehrson,Pehrson,PROPN,pnc,6411,Dahlsjö
6411,Dahlsjö,Dahlsjö,PROPN,sb,6412,tat
6412,tat,tun,VERB,ROOT,6412,tat
6413,den,der,DET,nk,6414,Bergleuten
6414,Bergleuten,Bergleute,NOUN,da,6412,tat
6415,kund,kund,ADV,svp,6412,tat
6416,",",--,PUNCT,punct,6412,tat
6417,wie,wie,SCONJ,mo,6422,Knappe
6418,sich,sich,PRON,oa,6422,Knappe
6419,eben,eben,ADV,mo,6422,Knappe
6420,ein,ein,DET,nk,6422,Knappe
6421,junger,jung,ADJ,nk,6422,Knappe
6422,Knappe,Knappe,NOUN,dep,6412,tat
6423,zum,zu,ADP,mnr,6422,Knappe
6424,Bergdienst,Bergdienst,NOUN,ROOT,6424,Bergdienst
6425,bei,bei,ADP,mo,6427,gemeldet
6426,ihm,ihm,PRON,nk,6425,bei
6427,gemeldet,melden,VERB,oc,6424,Bergdienst
6428,",",--,PUNCT,punct,6424,Bergdienst
6429,und,und,CCONJ,cd,6424,Bergdienst
6430,stellte,stellen,VERB,cj,6429,und
6431,ihnen,ihnen,PRON,da,6430,stellte
6432,den,der,DET,nk,6433,Elis
6433,Elis,Elis,NOUN,oa,6430,stellte
6434,Fröbom,Fröbom,PROPN,nk,6433,Elis
6435,vor,vor,ADP,svp,6430,stellte
6436,.,--,PUNCT,punct,6424,Bergdienst
6437,Alle,aller,PRON,sb,6438,schauten
6438,schauten,schauen,VERB,ROOT,6438,schauten
6439,wohlgefällig,wohlgefällig,ADV,mo,6438,schauten
6440,auf,auf,ADP,mo,6438,schauten
6441,den,der,DET,nk,6443,Jüngling
6442,rüstigen,rüstig,ADJ,nk,6443,Jüngling
6443,Jüngling,Jüngling,NOUN,nk,6440,auf
6444,und,und,CCONJ,cd,6438,schauten
6445,meinten,meinen,VERB,cj,6444,und
6446,",",--,PUNCT,punct,6445,meinten
6447,mit,mit,ADP,mo,6445,meinten
6448,seinem,sein,DET,nk,6447,mit
6449,schlanken,schlank,VERB,nk,6452,Gliederbau
6450,",",--,PUNCT,punct,6449,schlanken
6451,kräftigen,kräftig,ADJ,nk,6452,Gliederbau
6452,Gliederbau,Gliederbau,NOUN,pd,6453,sei
6453,sei,sein,AUX,ROOT,6453,sei
6454,er,er,PRON,sb,6453,sei
6455,ganz,ganz,ADV,mo,6456,zum
6456,zum,zu,ADP,mo,6458,geboren
6457,Bergmann,Bergmann,NOUN,nk,6456,zum
6458,geboren,gebären,VERB,oc,6453,sei
6459,",",--,PUNCT,punct,6453,sei
6460,und,und,CCONJ,cd,6453,sei
6461,an,an,ADP,cj,6460,und
6462,Fleiß,Fleiß,PROPN,nk,6461,an
6463,und,und,CCONJ,ROOT,6463,und
6464,Frömmigkeit,Frömmigkeit,NOUN,cj,6463,und
6465,werd,werden,VERB,cj,6463,und
6466,(,--,PUNCT,punct,6472,fehlen
6467,es,es,PRON,sb,6472,fehlen
6468,ihm,ihm,PRON,da,6472,fehlen
6469,gewiß,gewiß,ADV,mo,6472,fehlen
6470,auch,auch,ADV,mo,6472,fehlen
6471,nicht,nicht,PART,ng,6472,fehlen
6472,fehlen,fehlen,VERB,oc,6465,werd
6473,.,--,PUNCT,punct,6463,und
6474,Einer,einer,PRON,sb,6484,näherte
6475,von,von,ADP,pg,6474,Einer
6476,den,der,DET,nk,6477,Bergleuten
6477,Bergleuten,Bergleute,NOUN,nk,6475,von
6478,",",--,PUNCT,punct,6474,Einer
6479,schon,schon,ADV,mo,6480,hoch
6480,hoch,hoch,ADV,mo,6481,in
6481,in,in,ADP,par,6474,Einer
6482,Jahren,Jahr,NOUN,nk,6481,in
6483,",",--,PUNCT,punct,6484,näherte
6484,näherte,näheren,VERB,ROOT,6484,näherte
6485,sich,sich,PRON,oa,6484,näherte
6486,und,und,CCONJ,cd,6484,näherte
6487,schüttelte,schütteln,VERB,cj,6486,und
6488,ihm,ihm,PRON,da,6487,schüttelte
6489,treuherzig,treuherzig,ADV,pd,6491,Hand
6490,die,der,DET,nk,6491,Hand
6491,Hand,Hand,NOUN,sb,6495,sagte
6492,",",--,PUNCT,punct,6495,sagte
6493,indem,indem,SCONJ,cp,6495,sagte
6494,er,er,PRON,sb,6495,sagte
6495,sagte,sagen,VERB,ROOT,6495,sagte
6496,",",--,PUNCT,punct,6495,sagte
6497,daß,daß,SCONJ,cp,6498,er
6498,er,er,PRON,oc,6495,sagte
6499,der,der,DET,nk,6500,Obersteiger
6500,Obersteiger,Obersteiger,NOUN,ag,6498,er
6501,in,in,ADP,mnr,6500,Obersteiger
6502,der,der,DET,nk,6503,Kuxe
6503,Kuxe,Kuxe,NOUN,nk,6501,in
6504,Pehrson,Pehrson,PROPN,nk,6503,Kuxe
6505,Dahlsjös,Dahlsjös,ADV,pd,6506,sei
6506,sei,sein,AUX,ROOT,6506,sei
6507,und,und,CCONJ,cd,6506,sei
6508,daß,daß,SCONJ,cp,6517,werde
6509,er,er,PRON,sb,6517,werde
6510,sich,sich,PRON,da,6515,sein
6511,`,--,PUNCT,punct,6515,sein
6512,s,--,PRON,dep,6515,sein
6513,recht,recht,ADV,mo,6514,angelegen
6514,angelegen,angelegen,VERB,oc,6515,sein
6515,sein,sein,AUX,oc,6516,lassen
6516,lassen,lassen,VERB,oc,6517,werde
6517,werde,werden,AUX,cj,6507,und
6518,",",--,PUNCT,punct,6517,werde
6519,ihn,ihn,PRON,oa,6520,sorglich
6520,sorglich,sorglich,ADV,pd,6506,sei
6521,in,in,ADP,mo,6524,unterrichten
6522,allem,alle,PRON,nk,6521,in
6523,zu,zu,PART,pm,6524,unterrichten
6524,unterrichten,unterrichten,VERB,ROOT,6524,unterrichten
6525,",",--,PUNCT,punct,6524,unterrichten
6526,was,wer,PRON,oa,6529,wissen
6527,ihm,ihm,PRON,da,6529,wissen
6528,zu,zu,PART,pm,6529,wissen
6529,wissen,wissen,VERB,oc,6530,nötig
6530,nötig,nötig,ADV,mo,6524,unterrichten
6531,.,--,PUNCT,punct,6524,unterrichten
6532,Elis,elis,ADV,sb,6533,mußte
6533,mußte,müssen,AUX,ROOT,6533,mußte
6534,sich,sich,PRON,oa,6533,mußte
6535,zu,zu,ADP,mo,6533,mußte
6536,ihm,ihm,PRON,nk,6535,zu
6537,setzen,setzen,VERB,ROOT,6537,setzen
6538,",",--,PUNCT,punct,6537,setzen
6539,und,und,CCONJ,cd,6537,setzen
6540,sogleich,sogleich,ADV,mo,6541,begann
6541,begann,beginnen,VERB,cj,6539,und
6542,der,der,DET,nk,6543,Alte
6543,Alte,alte,NOUN,sb,6541,begann
6544,beim,bei,ADP,mo,6541,begann
6545,Kruge,Krug,NOUN,nk,6544,beim
6546,Aehl,Aehl,PROPN,nk,6545,Kruge
6547,weitläufig,weitläufig,ADV,mo,6541,begann
6548,über,über,ADP,mo,6541,begann
6549,die,der,DET,nk,6550,erste
6550,erste,erster,ADJ,nk,6548,über
6551,Arbeit,Arbeit,NOUN,oa,6555,sprechen
6552,der,der,DET,nk,6553,Knappen
6553,Knappen,Knappe,NOUN,ag,6551,Arbeit
6554,zu,zu,PART,pm,6555,sprechen
6555,sprechen,sprechen,VERB,ROOT,6555,sprechen
6556,.,--,PUNCT,punct,6555,sprechen
6557,Dem,der,DET,nk,6558,Elis
6558,Elis,Elis,NOUN,da,6559,kam
6559,kam,kommen,VERB,ROOT,6559,kam
6560,wieder,wieder,ADV,mo,6559,kam
6561,der,der,DET,nk,6563,Bergmann
6562,alte,alt,ADJ,nk,6563,Bergmann
6563,Bergmann,Bergmann,NOUN,sb,6559,kam
6564,aus,aus,ADP,mnr,6563,Bergmann
6565,Göthaborg,Göthaborg,PROPN,nk,6564,aus
6566,in,in,ADP,mo,6559,kam
6567,den,der,DET,nk,6568,Sinn
6568,Sinn,Sinn,NOUN,nk,6566,in
6569,und,und,CCONJ,cd,6566,in
6570,auf,auf,ADP,cj,6569,und
6571,besondere,besonderer,ADJ,nk,6572,Weise
6572,Weise,Weise,NOUN,oa,6573,wußte
6573,wußte,wissen,VERB,ROOT,6573,wußte
6574,er,er,PRON,sb,6573,wußte
6575,beinahe,beinahe,ADV,mo,6576,alles
6576,alles,alle,PRON,oa,6573,wußte
6577,",",--,PUNCT,punct,6576,alles
6578,was,wer,PRON,oa,6581,gesagt
6579,der,der,PRON,sb,6581,gesagt
6580,ihm,ihm,PRON,da,6581,gesagt
6581,gesagt,sagen,VERB,rc,6576,alles
6582,",",--,PUNCT,punct,6584,wiederholen
6583,zu,zu,PART,pm,6584,wiederholen
6584,wiederholen,wiederholen,VERB,oc,6573,wußte
6585,.,--,PUNCT,punct,6573,wußte
6586,»,--,PUNCT,punct,6587,Ei
6587,Ei,Ei,NOUN,sb,6601,habt
6588,«,--,PUNCT,punct,6587,Ei
6589,",",--,PUNCT,punct,6590,rief
6590,rief,rufen,VERB,ROOT,6590,rief
6591,der,der,DET,nk,6592,Obersteiger
6592,Obersteiger,Obersteiger,NOUN,sb,6590,rief
6593,voll,voll,ADP,mo,6590,rief
6594,Erstaunen,erstaunen,NOUN,nk,6593,voll
6595,",",--,PUNCT,punct,6590,rief
6596,»,--,PUNCT,punct,6590,rief
6597,Elis,Elis,PROPN,pnc,6598,Fröbom
6598,Fröbom,Fröbom,PROPN,oa,6590,rief
6599,",",--,PUNCT,punct,6590,rief
6600,wo,wo,SCONJ,mo,6601,habt
6601,habt,haben,AUX,oc,6590,rief
6602,Ihr,ihr,PRON,sb,6601,habt
6603,denn,denn,ADV,mo,6601,habt
6604,die,der,DET,sb,6601,habt
6605,schönen,schön,ADJ,nk,6606,Kenntnisse
6606,Kenntnisse,Kenntnis,NOUN,ROOT,6606,Kenntnisse
6607,her,her,ADV,mo,6606,Kenntnisse
6608,?,--,PUNCT,punct,6606,Kenntnisse
6609,–,--,PUNCT,punct,6613,kann
6610,Nun,nun,ADV,mo,6613,kann
6611,",",--,PUNCT,punct,6612,da
6612,da,da,ADV,mo,6613,kann
6613,kann,können,AUX,ROOT,6613,kann
6614,es,es,PRON,sb,6613,kann
6615,Euch,euch,PRON,da,6619,fehlen
6616,ja,ja,ADV,mo,6613,kann
6617,gar,gar,ADV,mo,6618,nicht
6618,nicht,nicht,PART,ng,6613,kann
6619,fehlen,fehlen,VERB,oc,6613,kann
6620,",",--,PUNCT,punct,6613,kann
6621,Ihr,ihr,PRON,sb,6622,müßt
6622,müßt,müßen,VERB,cj,6613,kann
6623,in,in,ADP,mo,6622,müßt
6624,kurzer,kurz,ADJ,nk,6625,Zeit
6625,Zeit,Zeit,NOUN,da,6628,Knappe
6626,der,der,DET,nk,6628,Knappe
6627,tüchtigste,tüchtig,ADJ,nk,6628,Knappe
6628,Knappe,Knappe,NOUN,pd,6632,sein
6629,in,in,ADP,mnr,6628,Knappe
6630,der,der,DET,nk,6631,Zeche
6631,Zeche,Zeche,NOUN,nk,6629,in
6632,sein,sein,AUX,ROOT,6632,sein
6633,!,--,PUNCT,punct,6632,sein
6634,«,--,PUNCT,punct,6632,sein
6635,Die,der,DET,nk,6637,Ulla
6636,schöne,schön,ADJ,nk,6637,Ulla
6637,Ulla,Ulla,PROPN,sb,6650,nickte
6638,",",--,PUNCT,punct,6637,Ulla
6639,unter,unter,ADP,mnr,6637,Ulla
6640,den,der,DET,nk,6641,Gästen
6641,Gästen,Gast,NOUN,nk,6639,unter
6642,auf,auf,ADP,punct,6637,Ulla
6643,und,und,CCONJ,cd,6642,auf
6644,ab,ab,ADP,cj,6643,und
6645,wandelnd,Wandelnd,PROPN,nk,6644,ab
6646,und,und,CCONJ,cd,6645,wandelnd
6647,sie,sie,PRON,cj,6646,und
6648,bewirtend,bewirtend,ADV,pd,6637,Ulla
6649,",",--,PUNCT,punct,6650,nickte
6650,nickte,nicken,VERB,ROOT,6650,nickte
6651,oft,oft,ADV,mo,6652,freundlich
6652,freundlich,freundlich,ADV,ROOT,6652,freundlich
6653,dem,der,DET,nk,6654,Elis
6654,Elis,Elis,NOUN,da,6652,freundlich
6655,zu,zu,ADP,svp,6652,freundlich
6656,und,und,CCONJ,cd,6652,freundlich
6657,munterte,munteren,VERB,cj,6656,und
6658,ihn,ihn,PRON,oa,6657,munterte
6659,auf,auf,ADP,svp,6657,munterte
6660,",",--,PUNCT,punct,6657,munterte
6661,recht,recht,ADV,mo,6662,froh
6662,froh,froh,ADV,pd,6664,sein
6663,zu,zu,PART,pm,6664,sein
6664,sein,sein,AUX,oc,6657,munterte
6665,.,--,PUNCT,punct,6652,freundlich
6666,Nun,nun,ADV,mo,6667,sei
6667,sei,sein,AUX,ROOT,6667,sei
6668,er,er,PRON,sb,6670,sprach
6669,",",--,PUNCT,punct,6670,sprach
6670,sprach,sprechen,VERB,ROOT,6670,sprach
6671,sie,sie,PRON,oa,6670,sprach
6672,",",--,PUNCT,punct,6670,sprach
6673,ja,ja,ADV,mo,6676,fremd
6674,nicht,nicht,PART,ng,6676,fremd
6675,mehr,mehr,ADV,mo,6674,nicht
6676,fremd,fremd,ADV,mo,6670,sprach
6677,sondern,sondern,CCONJ,cd,6670,sprach
6678,gehöre,gehören,VERB,cj,6677,sondern
6679,ins,in,ADP,mo,6678,gehöre
6680,Haus,Haus,NOUN,nk,6679,ins
6681,und,und,CCONJ,cd,6679,ins
6682,nicht,nicht,PART,ng,6684,das
6683,mehr,mehr,ADV,mo,6682,nicht
6684,das,der,PRON,cj,6681,und
6685,trügerische,trügerisch,ADJ,nk,6686,Meer
6686,Meer,Meer,NOUN,sb,6696,sei
6687,",",--,PUNCT,punct,6686,Meer
6688,nein,nein,PART,par,6686,Meer
6689,!,--,PUNCT,punct,6696,sei
6690,–,--,PUNCT,punct,6696,sei
6691,Falun,Falun,PROPN,sb,6696,sei
6692,mit,mit,ADP,mnr,6691,Falun
6693,seinen,sein,DET,nk,6695,Bergen
6694,reichen,reich,ADJ,nk,6695,Bergen
6695,Bergen,Berg,NOUN,nk,6692,mit
6696,sei,sein,AUX,ROOT,6696,sei
6697,seine,sein,DET,nk,6698,Heimat
6698,Heimat,Heimat,NOUN,pd,6696,sei
6699,!,--,PUNCT,punct,6696,sei
6700,–,--,PUNCT,ROOT,6700,–
6701,Ein,ein,DET,nk,6703,Himmel
6702,ganzer,ganz,ADJ,nk,6703,Himmel
6703,Himmel,Himmel,NOUN,sb,6708,tat
6704,voll,voll,ADP,mnr,6703,Himmel
6705,Wonne,Wonne,NOUN,nk,6704,voll
6706,und,und,CCONJ,cd,6705,Wonne
6707,Seligkeit,Seligkeit,NOUN,cj,6706,und
6708,tat,tun,VERB,ROOT,6708,tat
6709,sich,sich,PRON,oa,6708,tat
6710,dem,der,DET,nk,6711,Jüngling
6711,Jüngling,Jüngling,NOUN,da,6708,tat
6712,auf,auf,ADP,mo,6708,tat
6713,bei,bei,ADP,mo,6708,tat
6714,Ullas,Ullas,PROPN,nk,6713,bei
6715,Worten,Wort,NOUN,ROOT,6715,Worten
6716,.,--,PUNCT,punct,6715,Worten
6717,Man,man,PRON,sb,6718,merkte
6718,merkte,merken,VERB,ROOT,6718,merkte
6719,es,es,PRON,oa,6718,merkte
6720,wohl,wohl,ADV,mo,6718,merkte
6721,",",--,PUNCT,punct,6718,merkte
6722,daß,daß,SCONJ,cp,6727,weilte
6723,Ulla,Ulla,PROPN,sb,6727,weilte
6724,gern,gern,ADV,mo,6727,weilte
6725,bei,bei,ADP,mo,6727,weilte
6726,ihm,ihm,PRON,nk,6725,bei
6727,weilte,weilen,VERB,re,6719,es
6728,",",--,PUNCT,punct,6727,weilte
6729,und,und,CCONJ,cd,6727,weilte
6730,auch,auch,ADV,mo,6731,Pehrson
6731,Pehrson,Pehrson,PROPN,cj,6729,und
6732,Dahlsjö,Dahlsjö,PROPN,sb,6733,betrachtete
6733,betrachtete,betrachten,VERB,ROOT,6733,betrachtete
6734,ihn,ihn,PRON,oa,6733,betrachtete
6735,in,in,ADP,mo,6733,betrachtete
6736,seinem,sein,DET,nk,6740,Wesen
6737,stillen,still,ADJ,nk,6740,Wesen
6738,",",--,PUNCT,punct,6737,stillen
6739,ernsten,ernst,ADJ,cj,6737,stillen
6740,Wesen,Wesen,NOUN,nk,6735,in
6741,mit,mit,ADP,mnr,6740,Wesen
6742,sichtlichem,sichtlich,ADJ,mo,6733,betrachtete
6743,Wohlgefallen,Wohlgefalle,NOUN,ROOT,6743,Wohlgefallen
6744,.,--,PUNCT,punct,6743,Wohlgefallen
6745,Das,der,DET,nk,6746,Herz
6746,Herz,Herz,NOUN,sb,6747,wollte
6747,wollte,wollen,AUX,ROOT,6747,wollte
6748,dem,der,DET,nk,6749,Elis
6749,Elis,Elis,NOUN,da,6752,schlagen
6750,doch,doch,ADV,mo,6752,schlagen
6751,mächtig,mächtig,ADV,mo,6752,schlagen
6752,schlagen,schlagen,VERB,oc,6747,wollte
6753,",",--,PUNCT,punct,6752,schlagen
6754,als,als,SCONJ,cm,6757,bei
6755,er,er,PRON,sb,6757,bei
6756,wieder,wieder,ADV,mo,6757,bei
6757,bei,bei,ADP,mo,6752,schlagen
6758,dem,der,DET,nk,6757,bei
6759,rauchenden,rauchend,ADJ,nk,6760,Höllenschlunde
6760,Höllenschlunde,Höllenschlund,NOUN,sb,6761,stand
6761,stand,stehen,VERB,ROOT,6761,stand
6762,und,und,CCONJ,cd,6761,stand
6763,",",--,PUNCT,punct,6764,eingehüllt
6764,eingehüllt,eingehüllen,VERB,cj,6762,und
6765,in,in,ADP,mo,6764,eingehüllt
6766,die,der,DET,nk,6767,Bergmannstracht
6767,Bergmannstracht,Bergmannstracht,NOUN,nk,6765,in
6768,",",--,PUNCT,punct,6767,Bergmannstracht
6769,die,der,PRON,oa,6764,eingehüllt
6770,schweren,schwer,ADJ,sb,6773,beschlagenen
6771,mit,mit,ADP,mo,6773,beschlagenen
6772,Eisen,Eisen,NOUN,nk,6771,mit
6773,beschlagenen,beschlagen,VERB,ROOT,6773,beschlagenen
6774,Dalkarlschuhe,Dalkarlschuhe,NOUN,ROOT,6774,Dalkarlschuhe
6775,an,an,ADP,mnr,6774,Dalkarlschuhe
6776,den,der,DET,nk,6777,Füßen
6777,Füßen,Fuß,NOUN,nk,6775,an
6778,",",--,PUNCT,punct,6774,Dalkarlschuhe
6779,mit,mit,ADP,mnr,6774,Dalkarlschuhe
6780,dem,der,DET,nk,6781,Steiger
6781,Steiger,Steiger,NOUN,nk,6779,mit
6782,hinabfuhr,Hinabfuhr,NOUN,ROOT,6782,hinabfuhr
6783,in,in,ADP,mnr,6782,hinabfuhr
6784,den,der,DET,nk,6786,Schacht
6785,tiefen,tief,ADJ,nk,6786,Schacht
6786,Schacht,Schacht,NOUN,nk,6783,in
6787,.,--,PUNCT,punct,6782,hinabfuhr
6788,Bald,bald,ADV,mo,6789,wollten
6789,wollten,wollen,AUX,ROOT,6789,wollten
6790,heiße,heiß,ADJ,nk,6791,Dämpfe
6791,Dämpfe,Dämpf,NOUN,sb,6789,wollten
6792,",",--,PUNCT,punct,6791,Dämpfe
6793,die,der,PRON,sb,6789,wollten
6794,sich,sich,PRON,oa,6795,auf
6795,auf,auf,ADP,dep,6789,wollten
6796,seine,sein,DET,nk,6795,auf
6797,Brust,Brust,NOUN,sb,6798,legten
6798,legten,legen,VERB,ROOT,6798,legten
6799,",",--,PUNCT,punct,6798,legten
6800,ihn,ihn,PRON,oa,6801,ersticken
6801,ersticken,ersticken,VERB,cj,6798,legten
6802,",",--,PUNCT,punct,6801,ersticken
6803,bald,bald,ADV,mo,6804,flackerten
6804,flackerten,flackerten,VERB,cj,6798,legten
6805,die,der,DET,nk,6806,Grubenlichter
6806,Grubenlichter,Grubenlichter,NOUN,sb,6804,flackerten
6807,von,von,ADP,pg,6806,Grubenlichter
6808,dem,der,DET,nk,6807,von
6809,schneidend,schneidend,ADV,mo,6810,kalten
6810,kalten,kalt,ADJ,nk,6811,Luftzuge
6811,Luftzuge,Luftzug,NOUN,ROOT,6811,Luftzuge
6812,",",--,PUNCT,punct,6811,Luftzuge
6813,der,der,PRON,sb,6816,durchströmte
6814,die,der,DET,nk,6815,Abgründe
6815,Abgründe,Abgründe,NOUN,oa,6816,durchströmte
6816,durchströmte,durchströmen,VERB,rc,6811,Luftzuge
6817,.,--,PUNCT,punct,6811,Luftzuge
6818,Immer,immer,ADV,mo,6819,tiefer
6819,tiefer,tief,ADV,ROOT,6819,tiefer
6820,und,und,CCONJ,cd,6819,tiefer
6821,tiefer,tief,ADV,mo,6822,ging
6822,ging,gehen,VERB,ROOT,6822,ging
6823,es,es,PRON,ep,6822,ging
6824,hinab,hinab,ADV,mo,6822,ging
6825,",",--,PUNCT,punct,6822,ging
6826,zuletzt,zuletzt,ADV,mo,6827,auf
6827,auf,auf,ADP,mo,6822,ging
6828,kaum,kaum,ADV,mo,6830,Fuß
6829,ein,ein,DET,nk,6830,Fuß
6830,Fuß,Fuß,NOUN,sb,6831,breiten
6831,breiten,breit,ADJ,nk,6833,Leitern
6832,eisernen,eisern,ADJ,nk,6833,Leitern
6833,Leitern,Leiter,NOUN,nk,6827,auf
6834,",",--,PUNCT,punct,6822,ging
6835,und,und,CCONJ,cd,6822,ging
6836,Elis,Elis,PROPN,ROOT,6836,Elis
6837,Fröbom,Fröbom,PROPN,sb,6838,merkte
6838,merkte,merken,VERB,ROOT,6838,merkte
6839,wohl,wohl,ADV,mo,6838,merkte
6840,",",--,PUNCT,punct,6838,merkte
6841,daß,daß,SCONJ,cp,6843,Geschicklichkeit
6842,alle,aller,DET,nk,6843,Geschicklichkeit
6843,Geschicklichkeit,Geschicklichkeit,NOUN,oc,6838,merkte
6844,",",--,PUNCT,punct,6843,Geschicklichkeit
6845,die,der,PRON,oa,6846,er
6846,er,er,PRON,rc,6843,Geschicklichkeit
6847,sich,sich,PRON,oa,6850,im
6848,als,als,ADP,mnr,6847,sich
6849,Seemann,Seemann,NOUN,nk,6848,als
6850,im,in,ADP,mnr,6846,er
6851,Klettern,Kletter,NOUN,ROOT,6851,Klettern
6852,erworben,erwerben,VERB,oc,6851,Klettern
6853,",",--,PUNCT,punct,6851,Klettern
6854,ihm,ihm,PRON,da,6857,helfen
6855,hier,hier,ADV,mo,6858,könne
6856,nichts,nichts,PRON,sb,6858,könne
6857,helfen,helfen,VERB,oc,6858,könne
6858,könne,können,AUX,rc,6851,Klettern
6859,.,--,PUNCT,punct,6851,Klettern
6860,Endlich,endlich,ADV,mo,6861,standen
6861,standen,stehen,VERB,ROOT,6861,standen
6862,sie,sie,PRON,sb,6861,standen
6863,in,in,ADP,mo,6861,standen
6864,der,der,DET,nk,6866,Teufe
6865,tiefsten,tief,ADJ,nk,6866,Teufe
6866,Teufe,Teufe,NOUN,nk,6863,in
6867,",",--,PUNCT,punct,6861,standen
6868,und,und,CCONJ,cd,6861,standen
6869,der,der,DET,nk,6870,Steiger
6870,Steiger,Steiger,NOUN,sb,6871,gab
6871,gab,geben,VERB,cj,6868,und
6872,dem,der,DET,nk,6873,Elis
6873,Elis,Elis,NOUN,da,6871,gab
6874,die,der,DET,dep,6861,standen
6875,Arbeit,Arbeit,NOUN,ROOT,6875,Arbeit
6876,an,an,ADP,svp,6875,Arbeit
6877,",",--,PUNCT,punct,6875,Arbeit
6878,die,der,PRON,oa,6881,verrichten
6879,er,er,PRON,sb,6882,sollte
6880,hier,hier,ADV,mo,6881,verrichten
6881,verrichten,verrichten,VERB,oc,6882,sollte
6882,sollte,sollen,AUX,rc,6875,Arbeit
6883,.,--,PUNCT,punct,6875,Arbeit
6884,Elis,elis,PROPN,sb,6885,gedachte
6885,gedachte,gedachen,VERB,ROOT,6885,gedachte
6886,der,der,DET,nk,6888,Ulla
6887,holden,hold,ADJ,nk,6888,Ulla
6888,Ulla,Ulla,NOUN,da,6885,gedachte
6889,",",--,PUNCT,punct,6885,gedachte
6890,wie,wie,SCONJ,mo,6893,Engel
6891,ein,ein,DET,nk,6893,Engel
6892,leuchtender,leuchtend,ADJ,nk,6893,Engel
6893,Engel,Engel,NOUN,oa,6894,sah
6894,sah,sehen,VERB,oc,6885,gedachte
6895,er,er,PRON,sb,6894,sah
6896,ihre,ihr,DET,nk,6897,Gestalt
6897,Gestalt,Gestalt,NOUN,oa,6894,sah
6898,über,über,ADP,mo,6900,schwebend
6899,sich,sich,PRON,nk,6898,über
6900,schwebend,schwebend,ADV,pd,6909,Beschwerden
6901,und,und,CCONJ,cd,6900,schwebend
6902,vergaß,vergessen,VERB,cj,6901,und
6903,alle,aller,DET,nk,6904,Schrecken
6904,Schrecken,Schrecken,NOUN,oa,6902,vergaß
6905,des,der,DET,nk,6906,Abgrundes
6906,Abgrundes,Abgrund,NOUN,ag,6904,Schrecken
6907,",",--,PUNCT,punct,6904,Schrecken
6908,alle,aller,DET,nk,6909,Beschwerden
6909,Beschwerden,Beschwerde,NOUN,ROOT,6909,Beschwerden
6910,der,der,DET,nk,6912,Arbeit
6911,mühseligen,mühselig,ADJ,nk,6912,Arbeit
6912,Arbeit,Arbeit,NOUN,ROOT,6912,Arbeit
6913,.,--,PUNCT,punct,6912,Arbeit
6914,Es,es,PRON,sb,6915,stand
6915,stand,stehen,VERB,ROOT,6915,stand
6916,nun,nun,ADV,mo,6915,stand
6917,einmal,einmal,ADV,mo,6915,stand
6918,fest,fest,ADV,mo,6915,stand
6919,in,in,ADP,mo,6915,stand
6920,seiner,sein,DET,nk,6921,Seele
6921,Seele,Seele,NOUN,nk,6919,in
6922,",",--,PUNCT,punct,6915,stand
6923,daß,daß,SCONJ,cp,6925,dann
6924,nur,nur,ADV,mo,6925,dann
6925,dann,dann,ADV,mo,6915,stand
6926,",",--,PUNCT,punct,6925,dann
6927,wenn,wenn,SCONJ,cp,6930,bei
6928,er,er,PRON,sb,6930,bei
6929,sich,sich,PRON,oa,6930,bei
6930,bei,bei,ADP,ROOT,6930,bei
6931,Pehrson,Pehrson,PROPN,pnc,6932,Dahlsjö
6932,Dahlsjö,Dahlsjö,PROPN,nk,6930,bei
6933,mit,mit,ADP,mo,6930,bei
6934,aller,aller,DET,nk,6935,Macht
6935,Macht,Macht,NOUN,nk,6933,mit
6936,des,der,DET,nk,6937,Gemüts
6937,Gemüts,Gemüt,NOUN,ag,6935,Macht
6938,",",--,PUNCT,punct,6933,mit
6939,mit,mit,ADP,cj,6933,mit
6940,aller,aller,DET,nk,6939,mit
6941,Anstrengung,Anstrengung,NOUN,re,6954,vielleicht
6942,",",--,PUNCT,punct,6941,Anstrengung
6943,die,der,PRON,sb,6948,wolle
6944,nur,nur,ADV,mo,6946,Körper
6945,der,der,DET,nk,6946,Körper
6946,Körper,Körper,NOUN,oa,6947,dulden
6947,dulden,dulden,VERB,oc,6948,wolle
6948,wolle,wollen,AUX,rc,6941,Anstrengung
6949,",",--,PUNCT,punct,6948,wolle
6950,dem,der,DET,nk,6951,Bergbau
6951,Bergbau,Bergbau,NOUN,da,6952,ergebe
6952,ergebe,ergeben,VERB,oc,6947,dulden
6953,",",--,PUNCT,punct,6954,vielleicht
6954,vielleicht,vielleicht,ADV,ROOT,6954,vielleicht
6955,dereinst,dereinst,ADV,mo,6961,könnten
6956,die,der,DET,nk,6958,Hoffnungen
6957,süßesten,süßest,ADJ,nk,6958,Hoffnungen
6958,Hoffnungen,Hoffnung,NOUN,sb,6961,könnten
6959,erfüllt,erfüllen,VERB,oc,6960,werden
6960,werden,werden,AUX,oc,6961,könnten
6961,könnten,können,AUX,ROOT,6961,könnten
6962,",",--,PUNCT,punct,6961,könnten
6963,und,und,CCONJ,cd,6961,könnten
6964,so,so,ADV,mo,6965,geschah
6965,geschah,geschehen,VERB,cj,6963,und
6966,es,es,PRON,sb,6965,geschah
6967,",",--,PUNCT,punct,6965,geschah
6968,daß,daß,SCONJ,ROOT,6968,daß
6969,er,er,PRON,ROOT,6969,er
6970,in,in,ADP,mnr,6969,er
6971,unglaublich,unglaublich,ADV,mo,6972,kurzer
6972,kurzer,kurz,ADJ,nk,6973,Zeit
6973,Zeit,Zeit,NOUN,nk,6970,in
6974,es,es,PRON,dep,6969,er
6975,dem,der,DET,nk,6977,Bergmann
6976,geübtesten,geübtest,ADJ,nk,6977,Bergmann
6977,Bergmann,Bergmann,NOUN,ROOT,6977,Bergmann
6978,in,in,ADP,mnr,6977,Bergmann
6979,der,der,DET,nk,6980,Arbeit
6980,Arbeit,Arbeit,NOUN,nk,6978,in
6981,gleichtat,Gleichtat,NOUN,ROOT,6981,gleichtat
6982,.,--,PUNCT,punct,6981,gleichtat
6983,Mit,mit,ADP,mo,6986,gewann
6984,jedem,jeder,DET,nk,6985,Tage
6985,Tage,Tag,NOUN,nk,6983,Mit
6986,gewann,gewinnen,VERB,ROOT,6986,gewann
6987,der,der,DET,nk,6990,Dahlsjö
6988,wackre,Wackre,PROPN,nk,6990,Dahlsjö
6989,Pehrson,Pehrson,PROPN,pnc,6990,Dahlsjö
6990,Dahlsjö,Dahlsjö,PROPN,sb,6986,gewann
6991,den,der,DET,nk,6992,fleißigen
6992,fleißigen,fleißige,NOUN,oa,6986,gewann
6993,",",--,PUNCT,punct,6992,fleißigen
6994,frommen,frommen,VERB,cj,6992,fleißigen
6995,Jüngling,Jüngling,ADV,mo,6997,lieb
6996,mehr,mehr,ADV,mo,6995,Jüngling
6997,lieb,leiben,VERB,ROOT,6997,lieb
6998,und,und,CCONJ,cd,6997,lieb
6999,sagte,sagen,VERB,cj,6998,und
7000,es,es,PRON,oa,6999,sagte
7001,ihm,ihm,PRON,da,6999,sagte
7002,öfters,öfters,NOUN,oa,7003,unverhohlen
7003,unverhohlen,unverhohlen,VERB,oc,6999,sagte
7004,",",--,PUNCT,punct,6999,sagte
7005,daß,daß,SCONJ,cp,7009,nicht
7006,er,er,PRON,sb,7009,nicht
7007,in,in,ADP,mo,7009,nicht
7008,ihm,ihm,PRON,nk,7007,in
7009,nicht,nicht,PART,dep,6997,lieb
7010,sowohl,sowohl,CCONJ,cd,7013,Knappen
7011,einen,ein,DET,nk,7013,Knappen
7012,tüchtigen,tüchtig,ADJ,nk,7013,Knappen
7013,Knappen,Knappe,NOUN,oa,7018,gewonnen
7014,als,als,ADP,mo,7018,gewonnen
7015,einen,ein,DET,nk,7017,Sohn
7016,geliebten,geliebt,ADJ,nk,7017,Sohn
7017,Sohn,Sohn,NOUN,nk,7014,als
7018,gewonnen,gewinnen,VERB,ROOT,7018,gewonnen
7019,.,--,PUNCT,punct,7018,gewonnen
7020,Auch,auch,ADV,mo,7021,Ullas
7021,Ullas,Ulla,PROPN,ROOT,7021,Ullas
7022,innige,innig,ADJ,nk,7023,Zuneigung
7023,Zuneigung,Zuneigung,NOUN,sb,7024,tat
7024,tat,tun,VERB,ROOT,7024,tat
7025,sich,sich,PRON,oa,7024,tat
7026,immer,immer,ADV,mo,7027,mehr
7027,mehr,mehr,DET,mo,7024,tat
7028,und,und,CCONJ,cd,7027,mehr
7029,mehr,mehr,PRON,cj,7028,und
7030,kund,kund,ADV,svp,7024,tat
7031,.,--,PUNCT,punct,7024,tat
7032,Oft,oft,ADV,ROOT,7032,Oft
7033,",",--,PUNCT,punct,7032,Oft
7034,wenn,wenn,SCONJ,cp,7035,Elis
7035,Elis,Elis,PROPN,cc,7032,Oft
7036,zur,zu,ADP,mnr,7035,Elis
7037,Arbeit,Arbeit,NOUN,nk,7036,zur
7038,ging,gehen,VERB,ROOT,7038,ging
7039,und,und,CCONJ,cd,7038,ging
7040,irgend,irgend,ADV,mo,7041,Gefährliches
7041,Gefährliches,Gefährlich,NOUN,sb,7044,war
7042,im,in,ADP,mo,7044,war
7043,Werke,Werk,NOUN,nk,7042,im
7044,war,sein,AUX,oc,7046,bat
7045,",",--,PUNCT,punct,7046,bat
7046,bat,bitten,VERB,mo,7048,beschwor
7047,",",--,PUNCT,punct,7048,beschwor
7048,beschwor,beschwören,VERB,cj,7039,und
7049,sie,sie,PRON,sb,7048,beschwor
7050,ihn,ihn,PRON,oa,7048,beschwor
7051,",",--,PUNCT,punct,7048,beschwor
7052,die,der,DET,nk,7053,hellen
7053,hellen,hell,NOUN,dep,7048,beschwor
7054,Tränen,Träne,NOUN,ROOT,7054,Tränen
7055,in,in,ADP,mnr,7054,Tränen
7056,den,der,DET,nk,7057,Augen
7057,Augen,Auge,NOUN,nk,7055,in
7058,",",--,PUNCT,punct,7054,Tränen
7059,doch,doch,CCONJ,mo,7067,hüten
7060,nur,nur,ADV,mo,7061,ja
7061,ja,ja,ADV,mo,7067,hüten
7062,sich,sich,PRON,oa,7067,hüten
7063,vor,vor,ADP,mo,7067,hüten
7064,jedem,jeder,DET,nk,7065,Unglück
7065,Unglück,Unglück,NOUN,nk,7063,vor
7066,zu,zu,PART,pm,7067,hüten
7067,hüten,hüten,VERB,oc,7054,Tränen
7068,.,--,PUNCT,punct,7054,Tränen
7069,Und,und,CCONJ,ju,7071,er
7070,wenn,wenn,SCONJ,cp,7071,er
7071,er,er,PRON,ROOT,7071,er
7072,dann,dann,ADV,mo,7073,zurückkam
7073,zurückkam,zurückkommen,VERB,mo,7075,sprang
7074,",",--,PUNCT,punct,7075,sprang
7075,sprang,springen,VERB,ROOT,7075,sprang
7076,sie,sie,PRON,sb,7075,sprang
7077,ihm,ihm,PRON,da,7075,sprang
7078,freudig,freudig,ADV,mo,7075,sprang
7079,entgegen,entgegen,ADP,svp,7075,sprang
7080,und,und,CCONJ,cd,7075,sprang
7081,hatte,haben,AUX,cj,7080,und
7082,immer,immer,ADV,mo,7081,hatte
7083,das,der,DET,nk,7085,Aehl
7084,beste,gut,ADJ,nk,7085,Aehl
7085,Aehl,Aehl,NOUN,oa,7081,hatte
7086,zur,zu,ADP,ROOT,7086,zur
7087,Hand,Hand,NOUN,nk,7086,zur
7088,oder,oder,CCONJ,cd,7086,zur
7089,sonst,sonst,ADV,cj,7088,oder
7090,ein,ein,DET,nk,7092,Gericht
7091,gut,gut,ADV,mo,7092,Gericht
7092,Gericht,Gericht,NOUN,sb,7093,bereitet
7093,bereitet,bereiten,VERB,ROOT,7093,bereitet
7094,",",--,PUNCT,punct,7093,bereitet
7095,ihn,ihn,PRON,oa,7097,erquicken
7096,zu,zu,PART,pm,7097,erquicken
7097,erquicken,erquicken,VERB,oc,7093,bereitet
7098,.,--,PUNCT,punct,7093,bereitet
7099,Das,der,DET,nk,7100,Herz
7100,Herz,Herz,NOUN,sb,7101,bebte
7101,bebte,beben,VERB,ROOT,7101,bebte
7102,dem,der,DET,nk,7103,Elis
7103,Elis,Elis,NOUN,da,7101,bebte
7104,vor,vor,ADP,mo,7101,bebte
7105,Freude,Freude,NOUN,nk,7104,vor
7106,",",--,PUNCT,punct,7101,bebte
7107,als,als,SCONJ,cp,7113,sprach
7108,Pehrson,Pehrson,PROPN,pnc,7109,Dahlsjö
7109,Dahlsjö,Dahlsjö,PROPN,sb,7113,sprach
7110,einmal,einmal,ADV,mo,7113,sprach
7111,zu,zu,ADP,mo,7113,sprach
7112,ihm,ihm,PRON,nk,7111,zu
7113,sprach,sprechen,VERB,mo,7101,bebte
7114,",",--,PUNCT,punct,7101,bebte
7115,daß,daß,SCONJ,cp,7123,mitgebracht
7116,da,da,SCONJ,cp,7123,mitgebracht
7117,er,er,PRON,sb,7123,mitgebracht
7118,ohnedies,ohnedies,ADV,mo,7123,mitgebracht
7119,ein,ein,DET,nk,7121,Stück
7120,gut,gut,ADJ,nk,7121,Stück
7121,Stück,Stück,NOUN,oa,7123,mitgebracht
7122,Geld,Geld,NOUN,nk,7121,Stück
7123,mitgebracht,mitbringen,VERB,ROOT,7123,mitgebracht
7124,",",--,PUNCT,punct,7123,mitgebracht
7125,es,es,PRON,ROOT,7125,es
7126,bei,bei,ADP,mo,7125,es
7127,seinem,sein,DET,nk,7128,Fleiß
7128,Fleiß,Fleiß,NOUN,nk,7126,bei
7129,",",--,PUNCT,punct,7126,bei
7130,bei,bei,ADP,re,7125,es
7131,seiner,sein,DET,nk,7132,Sparsamkeit
7132,Sparsamkeit,Sparsamkeit,NOUN,da,7136,fehlen
7133,ihm,ihm,PRON,da,7136,fehlen
7134,gar,gar,ADV,mo,7135,nicht
7135,nicht,nicht,PART,ng,7137,könne
7136,fehlen,fehlen,VERB,oc,7137,könne
7137,könne,können,AUX,ROOT,7137,könne
7138,",",--,PUNCT,punct,7137,könne
7139,künftig,künftig,ADV,mo,7137,könne
7140,zum,zu,ADP,mo,7137,könne
7141,Besitztum,Besitztum,NOUN,nk,7140,zum
7142,eines,ein,DET,sb,7137,könne
7143,Berghemmans,Berghemman,NOUN,oa,7150,gelangen
7144,oder,oder,CCONJ,cd,7143,Berghemmans
7145,wohl,wohl,ADV,mo,7148,Bergfrälse
7146,gar,gar,ADV,mo,7147,einer
7147,einer,ein,DET,nk,7148,Bergfrälse
7148,Bergfrälse,Bergfrälse,NOUN,cj,7144,oder
7149,zu,zu,PART,pm,7150,gelangen
7150,gelangen,gelangen,VERB,ROOT,7150,gelangen
7151,",",--,PUNCT,punct,7150,gelangen
7152,und,und,CCONJ,cd,7150,gelangen
7153,daß,daß,SCONJ,cp,7154,dann
7154,dann,dann,ADV,cj,7152,und
7155,wohl,wohl,ADV,mo,7154,dann
7156,kein,kein,DET,mo,7154,dann
7157,Bergbesitzer,Bergbesitzer,NOUN,sb,7162,werde
7158,zu,zu,ADP,mnr,7157,Bergbesitzer
7159,Falun,Falun,PROPN,nk,7158,zu
7160,ihn,ihn,PRON,oa,7161,abweisen
7161,abweisen,abweisen,VERB,oc,7162,werde
7162,werde,werden,AUX,ROOT,7162,werde
7163,",",--,PUNCT,punct,7162,werde
7164,wenn,wenn,SCONJ,cp,7165,er
7165,er,er,PRON,sb,7162,werde
7166,um,um,ADP,mnr,7165,er
7167,die,der,DET,nk,7168,Hand
7168,Hand,Hand,NOUN,nk,7166,um
7169,der,der,DET,nk,7170,Tochter
7170,Tochter,Tochter,NOUN,ag,7168,Hand
7171,werbe,werben,VERB,ROOT,7171,werbe
7172,.,--,PUNCT,punct,7171,werbe
7173,Er,er,PRON,sb,7174,hätte
7174,hätte,haben,AUX,ROOT,7174,hätte
7175,nun,nun,ADV,mo,7178,mögen
7176,gleich,gleich,ADV,mo,7177,sagen
7177,sagen,sagen,VERB,oc,7178,mögen
7178,mögen,mögen,AUX,oc,7174,hätte
7179,",",--,PUNCT,punct,7178,mögen
7180,wie,wie,ADV,mo,7181,unaussprechlich
7181,unaussprechlich,unaussprechlich,ADV,mo,7184,liebe
7182,er,er,PRON,sb,7184,liebe
7183,Ulla,Ulla,PROPN,oa,7184,liebe
7184,liebe,lieben,VERB,oc,7177,sagen
7185,und,und,CCONJ,cd,7184,liebe
7186,wie,wie,SCONJ,mo,7195,gestellt
7187,er,er,PRON,sb,7195,gestellt
7188,alle,aller,DET,nk,7189,Hoffnung
7189,Hoffnung,Hoffnung,NOUN,oa,7195,gestellt
7190,des,der,DET,nk,7191,Lebens
7191,Lebens,Leben,NOUN,ag,7189,Hoffnung
7192,auf,auf,ADP,mo,7195,gestellt
7193,ihren,ihr,DET,nk,7194,Besitz
7194,Besitz,Besitz,NOUN,nk,7192,auf
7195,gestellt,stellen,VERB,ROOT,7195,gestellt
7196,.,--,PUNCT,punct,7195,gestellt
7197,Doch,doch,CCONJ,ju,7198,unüberwindliche
7198,unüberwindliche,unüberwindlich,ADJ,ROOT,7198,unüberwindliche
7199,Scheu,Scheu,NOUN,ROOT,7199,Scheu
7200,",",--,PUNCT,punct,7199,Scheu
7201,mehr,mehr,ADV,mo,7207,Zweifel
7202,aber,aber,ADV,mo,7207,Zweifel
7203,wohl,wohl,ADV,mo,7207,Zweifel
7204,noch,noch,ADV,mo,7207,Zweifel
7205,der,der,DET,nk,7207,Zweifel
7206,bange,bang,ADJ,nk,7207,Zweifel
7207,Zweifel,Zweifel,NOUN,cj,7199,Scheu
7208,",",--,PUNCT,punct,7207,Zweifel
7209,ob,ob,SCONJ,cp,7210,Ulla
7210,Ulla,Ulla,PROPN,par,7199,Scheu
7211,",",--,PUNCT,punct,7210,Ulla
7212,wie,wie,SCONJ,mo,7215,ahne
7213,er,er,PRON,sb,7215,ahne
7214,manchmal,manchmal,ADV,mo,7215,ahne
7215,ahne,ahnen,VERB,mnr,7210,Ulla
7216,",",--,PUNCT,punct,7199,Scheu
7217,ihn,ihn,PRON,oa,7220,liebe
7218,auch,auch,ADV,mo,7220,liebe
7219,wirklich,wirklich,ADV,mo,7220,liebe
7220,liebe,lieben,VERB,mo,7222,verschlossen
7221,",",--,PUNCT,punct,7222,verschlossen
7222,verschlossen,verschließen,VERB,ROOT,7222,verschlossen
7223,ihm,ihm,PRON,da,7222,verschlossen
7224,den,der,DET,nk,7225,Mund
7225,Mund,Mund,NOUN,oa,7222,verschlossen
7226,.,--,PUNCT,punct,7222,verschlossen
7227,Es,es,PRON,ep,7228,begab
7228,begab,begeben,VERB,ROOT,7228,begab
7229,sich,sich,PRON,oa,7228,begab
7230,",",--,PUNCT,punct,7228,begab
7231,daß,daß,SCONJ,cp,7239,arbeitete
7232,Elis,Elis,PROPN,pnc,7233,Fröbom
7233,Fröbom,Fröbom,PROPN,sb,7239,arbeitete
7234,einmal,einmal,ADV,mo,7239,arbeitete
7235,in,in,ADP,mo,7239,arbeitete
7236,der,der,DET,nk,7238,Teufe
7237,tiefsten,tief,ADJ,nk,7238,Teufe
7238,Teufe,Teufe,NOUN,nk,7235,in
7239,arbeitete,arbeiten,VERB,re,7228,begab
7240,",",--,PUNCT,punct,7239,arbeitete
7241,in,in,ADP,mo,7228,begab
7242,dicken,dick,ADJ,nk,7243,Schwefeldampf
7243,Schwefeldampf,Schwefeldampf,NOUN,oa,7244,gehüllt
7244,gehüllt,hüllen,VERB,ROOT,7244,gehüllt
7245,",",--,PUNCT,punct,7244,gehüllt
7246,so,so,ADV,mo,7252,durchdämmerte
7247,daß,daß,SCONJ,cp,7252,durchdämmerte
7248,sein,sein,DET,nk,7249,Grubenlicht
7249,Grubenlicht,Grubenlicht,NOUN,sb,7252,durchdämmerte
7250,nur,nur,ADV,mo,7251,schwach
7251,schwach,schwach,ADV,mo,7252,durchdämmerte
7252,durchdämmerte,durchdämmeren,ADJ,mo,7244,gehüllt
7253,und,und,CCONJ,ju,7262,vermochte
7254,er,er,PRON,sb,7262,vermochte
7255,die,der,DET,nk,7256,Gänge
7256,Gänge,Gäng,NOUN,oa,7261,unterscheiden
7257,des,der,DET,nk,7258,Gesteins
7258,Gesteins,Gestein,NOUN,ag,7256,Gänge
7259,kaum,kaum,ADV,mo,7261,unterscheiden
7260,zu,zu,PART,pm,7261,unterscheiden
7261,unterscheiden,unterscheiden,VERB,oc,7262,vermochte
7262,vermochte,vermögen,VERB,ROOT,7262,vermochte
7263,.,--,PUNCT,punct,7262,vermochte
7264,Da,da,ADV,mo,7265,hörte
7265,hörte,hören,VERB,ROOT,7265,hörte
7266,er,er,PRON,sb,7265,hörte
7267,",",--,PUNCT,punct,7265,hörte
7268,wie,wie,ADP,mo,7265,hörte
7269,aus,aus,ADP,mo,7275,geraustönte
7270,noch,noch,ADV,mo,7271,tieferm
7271,tieferm,tiefer,ADP,nk,7272,Schacht
7272,Schacht,Schacht,NOUN,nk,7269,aus
7273,ein,ein,DET,nk,7274,Klopfen
7274,Klopfen,Klopfen,NOUN,oa,7275,geraustönte
7275,geraustönte,geraustönen,VERB,ROOT,7275,geraustönte
7276,",",--,PUNCT,punct,7275,geraustönte
7277,als,als,SCONJ,cp,7278,werde
7278,werde,werden,AUX,oc,7275,geraustönte
7279,mit,mit,ADP,mo,7278,werde
7280,dem,der,DET,nk,7281,Puchhammer
7281,Puchhammer,Puchhammer,NOUN,nk,7279,mit
7282,gearbeitet,arbeiten,VERB,ROOT,7282,gearbeitet
7283,.,--,PUNCT,punct,7282,gearbeitet
7284,Da,da,SCONJ,cp,7286,Arbeit
7285,dergleichen,dergleichen,DET,nk,7286,Arbeit
7286,Arbeit,Arbeit,NOUN,ROOT,7286,Arbeit
7287,nun,nun,ADV,mo,7293,möglich
7288,nicht,nicht,PART,ng,7293,möglich
7289,wohl,wohl,ADV,mo,7293,möglich
7290,in,in,ADP,mo,7293,möglich
7291,der,der,DET,nk,7292,Teufe
7292,Teufe,Teufe,NOUN,nk,7290,in
7293,möglich,möglich,ADV,pd,7286,Arbeit
7294,und,und,CCONJ,cd,7293,möglich
7295,Elis,Elis,PROPN,cj,7294,und
7296,wohl,wohl,ADV,mo,7297,wußte
7297,wußte,wissen,VERB,ROOT,7297,wußte
7298,",",--,PUNCT,punct,7297,wußte
7299,daß,daß,SCONJ,cp,7304,herabgefahren
7300,außer,außer,ADP,mo,7304,herabgefahren
7301,ihm,ihm,PRON,nk,7300,außer
7302,heute,heute,ADV,mo,7304,herabgefahren
7303,niemand,niemand,PRON,sb,7304,herabgefahren
7304,herabgefahren,herabgefahren,VERB,oc,7297,wußte
7305,",",--,PUNCT,punct,7304,herabgefahren
7306,da,da,SCONJ,mo,7308,Steiger
7307,der,der,DET,nk,7308,Steiger
7308,Steiger,Steiger,NOUN,mo,7304,herabgefahren
7309,eben,eben,ADV,mo,7308,Steiger
7310,die,der,DET,oa,7297,wußte
7311,Leute,Leute,NOUN,sb,7314,anstellte
7312,im,in,ADP,mnr,7311,Leute
7313,Förderschacht,Förderschacht,NOUN,nk,7312,im
7314,anstellte,anstellten,VERB,re,7316,so
7315,",",--,PUNCT,punct,7316,so
7316,so,so,ADV,mo,7317,wollte
7317,wollte,wollen,AUX,ROOT,7317,wollte
7318,ihm,ihm,PRON,da,7317,wollte
7319,das,der,DET,nk,7320,Pochen
7320,Pochen,pochen,NOUN,sb,7317,wollte
7321,und,und,CCONJ,cd,7320,Pochen
7322,Hämmern,Hämmer,NOUN,cj,7321,und
7323,ganz,ganz,ADV,mo,7317,wollte
7324,unheimlich,unheimlich,ADV,mo,7325,bedünken
7325,bedünken,bedünken,VERB,ROOT,7325,bedünken
7326,.,--,PUNCT,punct,7325,bedünken
7327,Er,er,PRON,sb,7328,ließ
7328,ließ,lassen,VERB,ROOT,7328,ließ
7329,Handfäustel,Handfäustel,NOUN,oa,7332,ruhen
7330,und,und,CCONJ,cd,7329,Handfäustel
7331,Eisen,Eisen,NOUN,cj,7330,und
7332,ruhen,ruhen,VERB,oc,7328,ließ
7333,und,und,CCONJ,cd,7328,ließ
7334,horchte,horchen,VERB,cj,7333,und
7335,zu,zu,ADP,op,7334,horchte
7336,den,der,DET,nk,7335,zu
7337,hohl,Hohl,ADV,mo,7338,anschlagenden
7338,anschlagenden,anschlagend,ADJ,nk,7339,Tönen
7339,Tönen,Tön,NOUN,ROOT,7339,Tönen
7340,",",--,PUNCT,punct,7339,Tönen
7341,die,der,PRON,sb,7348,schienen
7342,immer,immer,ADV,mo,7343,näher
7343,näher,näh,ADV,mo,7347,kommen
7344,und,und,CCONJ,cd,7343,näher
7345,näher,nah,ADV,cj,7344,und
7346,zu,zu,PART,pm,7347,kommen
7347,kommen,kommen,VERB,oc,7348,schienen
7348,schienen,scheinen,VERB,rc,7339,Tönen
7349,.,--,PUNCT,punct,7339,Tönen
7350,Mit,mit,ADP,ROOT,7350,Mit
7351,eins,einer,NUM,oa,7352,gewahrte
7352,gewahrte,gewahren,VERB,ROOT,7352,gewahrte
7353,er,er,PRON,sb,7352,gewahrte
7354,dicht,dicht,ADV,mo,7352,gewahrte
7355,neben,neben,ADP,mo,7352,gewahrte
7356,sich,sich,PRON,nk,7355,neben
7357,einen,ein,DET,nk,7359,Schatten
7358,schwarzen,schwarz,ADJ,nk,7359,Schatten
7359,Schatten,Schatten,NOUN,oa,7352,gewahrte
7360,und,und,CCONJ,cd,7352,gewahrte
7361,erkannte,erkennen,VERB,cj,7360,und
7362,",",--,PUNCT,punct,7361,erkannte
7363,da,da,SCONJ,mo,7352,gewahrte
7364,eben,eben,ADV,mo,7367,Luftstrom
7365,ein,ein,DET,nk,7367,Luftstrom
7366,schneidender,schneidend,ADJ,nk,7367,Luftstrom
7367,Luftstrom,Luftstrom,NOUN,sb,7370,verblies
7368,den,der,DET,nk,7369,Schwefeldampf
7369,Schwefeldampf,Schwefeldampf,NOUN,oa,7370,verblies
7370,verblies,verbleisen,VERB,ROOT,7370,verblies
7371,",",--,PUNCT,punct,7370,verblies
7372,den,der,DET,nk,7374,Bergmann
7373,alten,alt,ADJ,nk,7374,Bergmann
7374,Bergmann,Bergmann,NOUN,app,7369,Schwefeldampf
7375,von,von,ADP,ROOT,7375,von
7376,Göthaborg,Göthaborg,PROPN,nk,7375,von
7377,",",--,PUNCT,punct,7376,Göthaborg
7378,der,der,PRON,sb,7382,stand
7379,ihm,ihm,PRON,da,7382,stand
7380,zur,zu,ADP,mo,7382,stand
7381,Seite,Seite,NOUN,nk,7380,zur
7382,stand,stehen,VERB,rc,7376,Göthaborg
7383,.,--,PUNCT,punct,7375,von
7384,»,--,PUNCT,punct,7385,Glück
7385,Glück,Glück,NOUN,sb,7389,rief
7386,auf,auf,ADP,svp,7385,Glück
7387,!,--,PUNCT,punct,7389,rief
7388,«,--,PUNCT,punct,7389,rief
7389,rief,rufen,VERB,ROOT,7389,rief
7390,der,der,DET,nk,7391,Alte
7391,Alte,alt,NOUN,sb,7389,rief
7392,",",--,PUNCT,punct,7391,Alte
7393,»,--,PUNCT,punct,7394,Glück
7394,Glück,Glück,NOUN,app,7391,Alte
7395,auf,auf,ADP,svp,7389,rief
7396,",",--,PUNCT,punct,7389,rief
7397,Elis,Elis,PROPN,pnc,7398,Fröbom
7398,Fröbom,Fröbom,PROPN,ROOT,7398,Fröbom
7399,",",--,PUNCT,punct,7398,Fröbom
7400,hier,hier,ADV,mo,7402,im
7401,unten,unten,ADV,mo,7402,im
7402,im,in,ADP,par,7398,Fröbom
7403,Gestein,Gestein,NOUN,nk,7402,im
7404,!,--,PUNCT,punct,7398,Fröbom
7405,–,--,PUNCT,punct,7409,gefällt
7406,Nun,nun,ADV,mo,7409,gefällt
7407,",",--,PUNCT,punct,7409,gefällt
7408,wie,wie,SCONJ,mo,7409,gefällt
7409,gefällt,fällen,VERB,ROOT,7409,gefällt
7410,dir,dir,PRON,da,7409,gefällt
7411,das,der,DET,nk,7412,Leben
7412,Leben,Leben,NOUN,oa,7409,gefällt
7413,",",--,PUNCT,punct,7412,Leben
7414,Kamerad,Kamerad,NOUN,cj,7412,Leben
7415,?,--,PUNCT,punct,7409,gefällt
7416,«,--,PUNCT,ROOT,7416,«
7417,–,--,PUNCT,punct,7419,wollte
7418,Elis,Elis,NOUN,sb,7419,wollte
7419,wollte,wollen,AUX,ROOT,7419,wollte
7420,frage,Frage,NOUN,oc,7419,wollte
7421,",",--,PUNCT,punct,7420,frage
7422,auf,auf,ADP,mo,7419,wollte
7423,welche,welcher,DET,nk,7425,Art
7424,wunderbare,wunderbar,ADJ,nk,7425,Art
7425,Art,Art,NOUN,nk,7422,auf
7426,der,der,DET,nk,7427,Alte
7427,Alte,alte,NOUN,ag,7425,Art
7428,in,in,ADP,mnr,7422,auf
7429,den,der,DET,nk,7430,Schacht
7430,Schacht,Schacht,NOUN,nk,7428,in
7431,gekommen,kommen,VERB,ROOT,7431,gekommen
7432,;,--,PUNCT,punct,7431,gekommen
7433,der,der,PRON,sb,7434,schlug
7434,schlug,schlagen,VERB,ROOT,7434,schlug
7435,aber,aber,ADV,mo,7434,schlug
7436,mit,mit,ADP,mo,7434,schlug
7437,seinem,sein,DET,nk,7438,Hammer
7438,Hammer,Hammer,NOUN,nk,7436,mit
7439,an,an,ADP,mo,7434,schlug
7440,das,der,DET,nk,7441,Gestein
7441,Gestein,Gestein,NOUN,nk,7439,an
7442,mit,mit,ADP,mnr,7441,Gestein
7443,solcher,solcher,DET,nk,7444,Kraft
7444,Kraft,Kraft,NOUN,nk,7442,mit
7445,",",--,PUNCT,punct,7434,schlug
7446,daß,daß,SCONJ,cp,7447,Feuerfunken
7447,Feuerfunken,Feuerfunke,NOUN,ROOT,7447,Feuerfunken
7448,umherstoben,umherstoben,VERB,oc,7447,Feuerfunken
7449,und,und,CCONJ,cd,7448,umherstoben
7450,es,es,PRON,ep,7456,widerhallte
7451,wie,wie,ADP,cm,7452,ferner
7452,ferner,ferner,ADV,mo,7456,widerhallte
7453,Donner,Donner,NOUN,oa,7456,widerhallte
7454,im,in,ADP,mo,7456,widerhallte
7455,Schacht,Schacht,NOUN,nk,7454,im
7456,widerhallte,widerhalln,VERB,cj,7449,und
7457,",",--,PUNCT,punct,7447,Feuerfunken
7458,und,und,CCONJ,ju,7459,rief
7459,rief,rufen,VERB,ROOT,7459,rief
7460,dann,dann,ADV,mo,7459,rief
7461,mit,mit,ADP,op,7459,rief
7462,entsetzlicher,entsetzlich,ADJ,nk,7463,Stimme
7463,Stimme,Stimme,NOUN,nk,7461,mit
7464,:,--,PUNCT,punct,7459,rief
7465,»,--,PUNCT,punct,7467,ist
7466,Das,der,PRON,sb,7467,ist
7467,ist,sein,AUX,ROOT,7467,ist
7468,hier,hier,ADV,mo,7467,ist
7469,ein,ein,DET,nk,7471,Trappgang
7470,herrlicher,herrlich,ADJ,nk,7471,Trappgang
7471,Trappgang,Trappgang,NOUN,pd,7467,ist
7472,",",--,PUNCT,punct,7467,ist
7473,aber,aber,CCONJ,ju,7485,der
7474,du,du,PRON,sb,7475,schnöder
7475,schnöder,Schnöder,ADJ,nk,7485,der
7476,",",--,PUNCT,punct,7475,schnöder
7477,schuftiger,schuftig,ADJ,nk,7478,Geselle
7478,Geselle,Geselle,NOUN,cj,7475,schnöder
7479,schauest,schauesen,VERB,cj,7478,Geselle
7480,nichts,nichts,PRON,sb,7479,schauest
7481,als,als,ADP,cm,7483,Trumm
7482,einen,ein,DET,nk,7483,Trumm
7483,Trumm,Trumm,NOUN,cc,7480,nichts
7484,",",--,PUNCT,punct,7483,Trumm
7485,der,der,PRON,ROOT,7485,der
7486,kaum,kaum,ADV,mo,7485,der
7487,eines,ein,DET,nk,7488,Strohhalms
7488,Strohhalms,Strohhalm,NOUN,ROOT,7488,Strohhalms
7489,mächtig,mächtig,ADV,pd,7488,Strohhalms
7490,.,--,PUNCT,punct,7488,Strohhalms
7491,–,--,PUNCT,punct,7494,bist
7492,Hier,hier,ADV,mo,7494,bist
7493,unten,unten,ADV,mo,7492,Hier
7494,bist,sein,AUX,ROOT,7494,bist
7495,du,du,PRON,sb,7494,bist
7496,ein,ein,DET,nk,7498,Maulwurf
7497,blinder,blind,ADJ,nk,7498,Maulwurf
7498,Maulwurf,Maulwurf,NOUN,pd,7494,bist
7499,",",--,PUNCT,punct,7498,Maulwurf
7500,dem,der,PRON,app,7498,Maulwurf
7501,der,der,DET,pd,7494,bist
7502,Metallfürst,Metallfürst,ADV,mo,7504,abhold
7503,ewig,ewig,ADV,mo,7504,abhold
7504,abhold,abhold,PROPN,mo,7505,bleiben
7505,bleiben,bleiben,VERB,oc,7506,wird
7506,wird,werden,AUX,ROOT,7506,wird
7507,",",--,PUNCT,punct,7506,wird
7508,und,und,CCONJ,cd,7506,wird
7509,oben,oben,ADV,mo,7510,vermagst
7510,vermagst,vermagstn,VERB,cj,7508,und
7511,du,du,PRON,sb,7510,vermagst
7512,auch,auch,ADV,mo,7510,vermagst
7513,nichts,nichts,PRON,oa,7510,vermagst
7514,zu,zu,ADP,ROOT,7514,zu
7515,unternehmen,Unternehmen,NOUN,ROOT,7515,unternehmen
7516,und,und,CCONJ,cd,7515,unternehmen
7517,stellst,stellst,VERB,cj,7516,und
7518,vergebens,vergebens,ADV,mo,7517,stellst
7519,dem,der,DET,nk,7520,Garkönig
7520,Garkönig,Garkönig,NOUN,da,7517,stellst
7521,nach,nach,ADP,svp,7517,stellst
7522,.,--,PUNCT,punct,7515,unternehmen
7523,–,--,PUNCT,punct,7524,Hei
7524,Hei,Hei,PROPN,ROOT,7524,Hei
7525,!,--,PUNCT,punct,7524,Hei
7526,des,der,DET,nk,7527,Pehrson
7527,Pehrson,Pehrson,PROPN,pnc,7528,Dahlsjö
7528,Dahlsjö,Dahlsjö,PROPN,cj,7524,Hei
7529,Tochter,Tochter,NOUN,sb,7531,willst
7530,Ulla,Ulla,PROPN,nk,7529,Tochter
7531,willst,willst,VERB,ROOT,7531,willst
7532,du,du,PRON,sb,7531,willst
7533,zum,zu,ADP,mo,7535,gewinnen
7534,Weibe,Weibe,NOUN,nk,7533,zum
7535,gewinnen,gewinnen,VERB,oc,7531,willst
7536,",",--,PUNCT,punct,7535,gewinnen
7537,deshalb,deshalb,ADV,mo,7538,arbeitest
7538,arbeitest,Arbeitest,PROPN,cj,7531,willst
7539,du,du,PRON,sb,7538,arbeitest
7540,hier,hier,ADV,mo,7541,ohne
7541,ohne,ohne,ADP,mo,7538,arbeitest
7542,Lieb,Lieb,NOUN,nk,7541,ohne
7543,`,--,PUNCT,ROOT,7543,`
7544,und,und,CCONJ,ROOT,7544,und
7545,Gedanken,Gedanke,NOUN,cj,7544,und
7546,.,--,PUNCT,punct,7544,und
7547,–,--,PUNCT,punct,7548,Nimm
7548,Nimm,Nimm,PROPN,ROOT,7548,Nimm
7549,dich,dich,PRON,mo,7548,Nimm
7550,in,in,ADP,mo,7548,Nimm
7551,acht,Acht,NUM,nk,7550,in
7552,",",--,PUNCT,punct,7548,Nimm
7553,du,du,PRON,nk,7555,Gesell
7554,falscher,falsch,ADJ,nk,7555,Gesell
7555,Gesell,Gesell,NOUN,app,7548,Nimm
7556,",",--,PUNCT,punct,7555,Gesell
7557,daß,daß,SCONJ,cd,7548,Nimm
7558,der,der,DET,nk,7559,Metallfürst
7559,Metallfürst,Metallfürst,NOUN,cj,7557,daß
7560,",",--,PUNCT,punct,7559,Metallfürst
7561,den,der,PRON,dep,7548,Nimm
7562,du,du,PRON,sb,7563,verhöhnst
7563,verhöhnst,verhöhnen,VERB,ROOT,7563,verhöhnst
7564,",",--,PUNCT,punct,7563,verhöhnst
7565,dich,dich,PRON,oa,7567,faßt
7566,nicht,nicht,PART,ng,7567,faßt
7567,faßt,fassen,VERB,oc,7563,verhöhnst
7568,und,und,CCONJ,cd,7567,faßt
7569,hinabschleudert,hinabschleuderen,VERB,cj,7568,und
7570,",",--,PUNCT,punct,7569,hinabschleudert
7571,daß,daß,SCONJ,cp,7573,Glieder
7572,deine,dein,ADJ,nk,7573,Glieder
7573,Glieder,Glied,NOUN,oc,7569,hinabschleudert
7574,zerbröckeln,zerbröckeln,VERB,ROOT,7574,zerbröckeln
7575,am,an,ADP,mo,7574,zerbröckeln
7576,scharfen,scharf,ADJ,nk,7577,Gestein
7577,Gestein,Gestein,NOUN,nk,7575,am
7578,.,--,PUNCT,punct,7574,zerbröckeln
7579,–,--,PUNCT,punct,7582,wird
7580,Und,und,CCONJ,ju,7582,wird
7581,nimmer,nimmer,ADV,mo,7582,wird
7582,wird,werden,AUX,ROOT,7582,wird
7583,Ulla,Ulla,PROPN,sb,7582,wird
7584,dein,dein,DET,nk,7585,Weib
7585,Weib,Weib,NOUN,pd,7582,wird
7586,",",--,PUNCT,punct,7585,Weib
7587,das,der,PRON,oa,7588,sag
7588,sag,sag,VERB,punct,7582,wird
7589,ich,ich,PRON,nk,7588,sag
7590,dir,dir,PRON,ROOT,7590,dir
7591,!,--,PUNCT,punct,7590,dir
7592,«,--,PUNCT,punct,7590,dir
7593,–,--,PUNCT,ROOT,7593,–
7594,Dem,der,DET,nk,7595,Elis
7595,Elis,Elis,NOUN,da,7596,wallte
7596,wallte,wallen,VERB,ROOT,7596,wallte
7597,der,der,DET,nk,7598,Zorn
7598,Zorn,Zorn,NOUN,sb,7596,wallte
7599,auf,auf,ADP,svp,7596,wallte
7600,vor,vor,ADP,mo,7596,wallte
7601,den,der,DET,nk,7603,Worten
7602,schnöden,schnöd,ADJ,nk,7603,Worten
7603,Worten,Wort,NOUN,nk,7600,vor
7604,des,der,DET,nk,7605,Alten
7605,Alten,alte,NOUN,ag,7603,Worten
7606,.,--,PUNCT,punct,7596,wallte
7607,»,--,PUNCT,punct,7609,tust
7608,Was,was,PRON,oa,7609,tust
7609,tust,tun,VERB,ROOT,7609,tust
7610,du,du,PRON,sb,7609,tust
7611,«,--,PUNCT,punct,7609,tust
7612,",",--,PUNCT,punct,7609,tust
7613,rief,rufen,VERB,ROOT,7613,rief
7614,er,er,PRON,sb,7613,rief
7615,",",--,PUNCT,punct,7613,rief
7616,»,--,PUNCT,punct,7618,tust
7617,was,was,PRON,oa,7618,tust
7618,tust,tun,VERB,oc,7613,rief
7619,du,du,PRON,sb,7618,tust
7620,hier,hier,ADV,mo,7618,tust
7621,in,in,ADP,mo,7618,tust
7622,dem,der,DET,nk,7623,Schacht
7623,Schacht,Schacht,NOUN,nk,7621,in
7624,meines,mein,DET,nk,7625,Herrn
7625,Herrn,Herr,NOUN,ag,7623,Schacht
7626,Pehrson,Pehrson,PROPN,pnc,7627,Dahlsjö
7627,Dahlsjö,Dahlsjö,PROPN,nk,7625,Herrn
7628,",",--,PUNCT,punct,7625,Herrn
7629,in,in,ADP,mo,7618,tust
7630,dem,der,PRON,nk,7629,in
7631,ich,ich,PRON,sb,7632,arbeite
7632,arbeite,arbeiten,VERB,ROOT,7632,arbeite
7633,mit,mit,ADP,mo,7632,arbeite
7634,aller,aller,DET,nk,7635,Kraft
7635,Kraft,Kraft,NOUN,nk,7633,mit
7636,und,und,CCONJ,cd,7632,arbeite
7637,wie,wie,ADP,cm,7641,ist
7638,es,es,PRON,sb,7641,ist
7639,meines,mein,DET,nk,7640,Berufs
7640,Berufs,Beruf,NOUN,pd,7641,ist
7641,ist,sein,AUX,cj,7636,und
7642,?,--,PUNCT,punct,7632,arbeite
7643,Hebe,Hebe,VERB,ROOT,7643,Hebe
7644,dich,dich,ADV,oa,7643,Hebe
7645,hinweg,hinweg,ADV,svp,7643,Hebe
7646,",",--,PUNCT,punct,7643,Hebe
7647,wie,wie,ADV,dep,7643,Hebe
7648,du,du,PRON,sb,7649,gekommen
7649,gekommen,kommen,VERB,ROOT,7649,gekommen
7650,",",--,PUNCT,punct,7649,gekommen
7651,oder,oder,CCONJ,cd,7649,gekommen
7652,wir,wir,PRON,sb,7653,wollen
7653,wollen,wollen,AUX,cj,7651,oder
7654,sehen,sehen,VERB,oc,7653,wollen
7655,",",--,PUNCT,punct,7654,sehen
7656,wer,wer,PRON,ROOT,7656,wer
7657,hier,hier,ADV,mo,7663,das
7658,unten,unten,ADV,mo,7659,einer
7659,einer,einer,PRON,nk,7657,hier
7660,dem,der,DET,nk,7661,andern
7661,andern,anderer,PRON,da,7659,einer
7662,zuerst,zuerst,ADV,mo,7659,einer
7663,das,der,DET,ROOT,7663,das
7664,Gehirn,Gehirn,NOUN,sb,7665,einschlägt
7665,einschlägt,einschlägen,VERB,ROOT,7665,einschlägt
7666,.,--,PUNCT,punct,7665,einschlägt
7667,«,--,PUNCT,punct,7665,einschlägt
7668,–,--,PUNCT,punct,7670,stellte
7669,Damit,damit,ADV,mo,7670,stellte
7670,stellte,stellen,VERB,ROOT,7670,stellte
7671,sich,sich,PRON,oa,7670,stellte
7672,Elis,Elis,PROPN,pnc,7673,Fröbom
7673,Fröbom,Fröbom,PROPN,sb,7670,stellte
7674,trotzig,trotzig,ADV,mo,7670,stellte
7675,vor,vor,ADP,mo,7670,stellte
7676,den,der,DET,nk,7677,Alten
7677,Alten,alte,NOUN,nk,7675,vor
7678,hin,hin,ADV,svp,7670,stellte
7679,und,und,CCONJ,ROOT,7679,und
7680,schwang,schwingen,VERB,cj,7679,und
7681,sein,sein,DET,nk,7683,Handfäustel
7682,eisernes,eisern,ADJ,nk,7683,Handfäustel
7683,Handfäustel,Handfäustel,NOUN,oa,7680,schwang
7684,",",--,PUNCT,punct,7683,Handfäustel
7685,mit,mit,ADP,op,7688,gearbeitet
7686,dem,der,PRON,nk,7685,mit
7687,er,er,PRON,sb,7688,gearbeitet
7688,gearbeitet,arbeiten,VERB,rc,7683,Handfäustel
7689,",",--,PUNCT,punct,7683,Handfäustel
7690,hoch,hoch,ADV,mo,7680,schwang
7691,empor,empor,ADV,svp,7680,schwang
7692,.,--,PUNCT,ROOT,7692,.
7693,Der,der,DET,ROOT,7693,Der
7694,Alte,alte,NOUN,sb,7695,lachte
7695,lachte,lachen,VERB,ROOT,7695,lachte
7696,höhnisch,höhnisch,ADV,mo,7695,lachte
7697,auf,auf,ADP,svp,7695,lachte
7698,",",--,PUNCT,punct,7695,lachte
7699,und,und,CCONJ,cd,7695,lachte
7700,Elis,Elis,PROPN,sb,7701,sah
7701,sah,sehen,VERB,cj,7699,und
7702,mit,mit,ADP,mo,7701,sah
7703,Entsetzen,entsetzen,NOUN,nk,7702,mit
7704,",",--,PUNCT,punct,7701,sah
7705,wie,wie,SCONJ,mo,7707,behende
7706,er,er,PRON,sb,7707,behende
7707,behende,behenden,VERB,oc,7701,sah
7708,gleich,gleich,ADV,mo,7707,behende
7709,einer,ein,DET,nk,7710,Eichkatz
7710,Eichkatz,Eichkatz,NOUN,ROOT,7710,Eichkatz
7711,`,--,PUNCT,punct,7714,Sprossen
7712,die,der,DET,nk,7714,Sprossen
7713,schmalen,schmal,ADJ,nk,7714,Sprossen
7714,Sprossen,Sprosse,NOUN,sb,7717,heraufhüpfte
7715,der,der,DET,nk,7716,Leiter
7716,Leiter,Leiter,NOUN,ag,7714,Sprossen
7717,heraufhüpfte,heraufhüpfen,VERB,rc,7710,Eichkatz
7718,und,und,CCONJ,cd,7717,heraufhüpfte
7719,in,in,ADP,cj,7718,und
7720,dem,der,DET,nk,7719,in
7721,schwarzen,schwarz,ADJ,nk,7722,Geklüft
7722,Geklüft,Geklüft,NOUN,da,7723,verschwand
7723,verschwand,verschwinden,VERB,ROOT,7723,verschwand
7724,.,--,PUNCT,punct,7723,verschwand
7725,Elis,elis,PROPN,sb,7726,fühlte
7726,fühlte,fühlen,VERB,ROOT,7726,fühlte
7727,sich,sich,PRON,oa,7726,fühlte
7728,wie,wie,ADP,cm,7729,gelähmt
7729,gelähmt,gelähmt,ADV,mo,7726,fühlte
7730,an,an,ADP,mo,7726,fühlte
7731,allen,aller,DET,nk,7732,Gliedern
7732,Gliedern,Glieder,NOUN,nk,7730,an
7733,",",--,PUNCT,punct,7726,fühlte
7734,die,der,DET,nk,7735,Arbeit
7735,Arbeit,Arbeit,NOUN,sb,7736,wollte
7736,wollte,wollen,AUX,cj,7726,fühlte
7737,nicht,nicht,PART,ng,7736,wollte
7738,mehr,mehr,ADV,mo,7737,nicht
7739,vonstatten,vonstatten,ADV,mo,7740,gehen
7740,gehen,gehen,VERB,ROOT,7740,gehen
7741,",",--,PUNCT,punct,7740,gehen
7742,er,er,PRON,sb,7743,stieg
7743,stieg,steigen,VERB,cj,7740,gehen
7744,herauf,herauf,ADV,svp,7743,stieg
7745,.,--,PUNCT,punct,7740,gehen
7746,Als,als,SCONJ,ROOT,7746,Als
7747,der,der,DET,nk,7749,Obersteiger
7748,alte,alt,ADJ,nk,7749,Obersteiger
7749,Obersteiger,Obersteiger,NOUN,nk,7746,Als
7750,",",--,PUNCT,punct,7749,Obersteiger
7751,der,der,PRON,app,7749,Obersteiger
7752,eben,eben,ADV,mo,7753,aus
7753,aus,aus,ADP,mnr,7751,der
7754,dem,der,DET,nk,7753,aus
7755,Förderschacht,Förderschacht,NOUN,sb,7759,gewahrte
7756,gestiegen,steigen,VERB,oc,7755,Förderschacht
7757,",",--,PUNCT,punct,7759,gewahrte
7758,ihn,ihn,PRON,oa,7759,gewahrte
7759,gewahrte,gewahren,VERB,oc,7761,rief
7760,",",--,PUNCT,punct,7761,rief
7761,rief,rufen,VERB,ROOT,7761,rief
7762,er,er,PRON,sb,7761,rief
7763,:,--,PUNCT,punct,7761,rief
7764,»,--,PUNCT,punct,7766,Christus
7765,Um,um,SCONJ,cp,7770,ist
7766,Christus,Christus,NOUN,nk,7765,Um
7767,willen,willen,ADV,ac,7765,Um
7768,",",--,PUNCT,punct,7770,ist
7769,was,was,PRON,sb,7770,ist
7770,ist,sein,AUX,oc,7761,rief
7771,die,der,DET,sb,7772,widerfahren
7772,widerfahren,widerfahr,NOUN,ROOT,7772,widerfahren
7773,",",--,PUNCT,punct,7772,widerfahren
7774,Elis,Elis,NOUN,cj,7772,widerfahren
7775,",",--,PUNCT,punct,7772,widerfahren
7776,du,du,PRON,sb,7777,siehst
7777,siehst,siehst,VERB,cj,7774,Elis
7778,blaß,blaß,NOUN,mo,7777,siehst
7779,und,und,CCONJ,cd,7777,siehst
7780,verstört,verstören,ADV,cj,7779,und
7781,aus,aus,ADP,svp,7780,verstört
7782,wie,wie,ADP,cm,7784,Tod
7783,der,der,DET,nk,7784,Tod
7784,Tod,Tod,NOUN,cc,7780,verstört
7785,!,--,PUNCT,punct,7772,widerfahren
7786,–,--,PUNCT,punct,7787,Gelt
7787,Gelt,Gelt,NOUN,cj,7774,Elis
7788,!,--,PUNCT,punct,7772,widerfahren
7789,–,--,PUNCT,ROOT,7789,–
7790,der,der,DET,nk,7791,Schwefeldampf
7791,Schwefeldampf,Schwefeldampf,NOUN,sb,7799,hat
7792,",",--,PUNCT,punct,7791,Schwefeldampf
7793,den,der,PRON,oa,7797,gewohnt
7794,du,du,PRON,sb,7797,gewohnt
7795,noch,noch,ADV,mo,7796,nicht
7796,nicht,nicht,PART,ng,7797,gewohnt
7797,gewohnt,wohnen,VERB,rc,7791,Schwefeldampf
7798,",",--,PUNCT,punct,7799,hat
7799,hat,haben,AUX,ROOT,7799,hat
7800,es,es,PRON,ep,7799,hat
7801,dir,dir,PRON,da,7802,angetan
7802,angetan,antun,VERB,oc,7799,hat
7803,?,--,PUNCT,punct,7799,hat
7804,–,--,PUNCT,ROOT,7804,–
7805,Nun,nun,ADV,mo,7804,–
7806,–,--,PUNCT,punct,7804,–
7807,trink,Trink,VERB,re,7812,das
7808,",",--,PUNCT,punct,7807,trink
7809,guter,gut,ADJ,nk,7810,Junge
7810,Junge,Junge,NOUN,cj,7807,trink
7811,",",--,PUNCT,punct,7812,das
7812,das,der,PRON,sb,7813,wird
7813,wird,werden,AUX,ROOT,7813,wird
7814,dir,dir,PRON,sb,7813,wird
7815,wohltun,wohltun,VERB,oc,7813,wird
7816,.,--,PUNCT,punct,7813,wird
7817,«,--,PUNCT,punct,7813,wird
7818,–,--,PUNCT,punct,7820,nahm
7819,Elis,Elis,NOUN,sb,7820,nahm
7820,nahm,nehmen,VERB,ROOT,7820,nahm
7821,einen,ein,DET,nk,7823,Schluck
7822,tüchtigen,tüchtig,ADJ,nk,7823,Schluck
7823,Schluck,Schluck,NOUN,oa,7820,nahm
7824,Branntwein,Branntwein,NOUN,ROOT,7824,Branntwein
7825,aus,aus,ADP,mnr,7824,Branntwein
7826,der,der,DET,nk,7827,Flasche
7827,Flasche,Flasche,NOUN,nk,7825,aus
7828,",",--,PUNCT,punct,7827,Flasche
7829,die,der,PRON,oa,7833,darbot
7830,ihm,ihm,PRON,da,7833,darbot
7831,der,der,DET,nk,7832,Obersteiger
7832,Obersteiger,Obersteiger,NOUN,oa,7833,darbot
7833,darbot,darbot,VERB,rc,7827,Flasche
7834,",",--,PUNCT,punct,7824,Branntwein
7835,und,und,CCONJ,cd,7824,Branntwein
7836,erzählte,erzählen,VERB,cj,7835,und
7837,dann,dann,ADV,mo,7836,erzählte
7838,erkräftigt,erkräftigen,ADV,ROOT,7838,erkräftigt
7839,alles,alle,PRON,oa,7838,erkräftigt
7840,",",--,PUNCT,punct,7838,erkräftigt
7841,was,wer,PRON,sb,7846,begeben
7842,sich,sich,PRON,oa,7846,begeben
7843,unten,unten,ADV,mo,7846,begeben
7844,im,in,ADP,mo,7846,begeben
7845,Schacht,Schacht,NOUN,nk,7844,im
7846,begeben,begeben,VERB,oc,7838,erkräftigt
7847,",",--,PUNCT,punct,7838,erkräftigt
7848,sowie,sowie,CCONJ,cd,7838,erkräftigt
7849,auf,auf,ADP,cj,7848,sowie
7850,welche,welcher,DET,nk,7851,Weise
7851,Weise,Weise,NOUN,nk,7849,auf
7852,er,er,PRON,ROOT,7852,er
7853,die,der,DET,nk,7854,Bekanntschaft
7854,Bekanntschaft,Bekanntschaft,NOUN,ROOT,7854,Bekanntschaft
7855,des,der,DET,nk,7858,Bergmanns
7856,alten,alt,ADJ,nk,7858,Bergmanns
7857,unheimlichen,unheimlich,ADJ,nk,7858,Bergmanns
7858,Bergmanns,Bergmann,NOUN,ag,7854,Bekanntschaft
7859,in,in,ADP,mnr,7854,Bekanntschaft
7860,Göthaborg,Göthaborg,PROPN,nk,7859,in
7861,gemacht,machen,VERB,oc,7854,Bekanntschaft
7862,.,--,PUNCT,punct,7854,Bekanntschaft
7863,Der,der,DET,nk,7864,Obersteiger
7864,Obersteiger,Obersteiger,NOUN,sb,7865,hörte
7865,hörte,hören,VERB,ROOT,7865,hörte
7866,alles,alle,PRON,oa,7865,hörte
7867,ruhig,ruhig,ADV,mo,7865,hörte
7868,an,an,ADP,svp,7865,hörte
7869,",",--,PUNCT,punct,7865,hörte
7870,dann,dann,ADV,mo,7871,schüttelte
7871,schüttelte,schütteln,VERB,cj,7865,hörte
7872,er,er,PRON,sb,7871,schüttelte
7873,aber,aber,ADV,mo,7871,schüttelte
7874,bedenklich,bedenklich,ADV,mo,7871,schüttelte
7875,den,der,DET,punct,7865,hörte
7876,Kopf,Kopf,NOUN,pd,7885,ist
7877,und,und,CCONJ,cd,7876,Kopf
7878,sprach,sprechen,VERB,cj,7877,und
7879,:,--,PUNCT,punct,7876,Kopf
7880,»,--,PUNCT,punct,7882,Fröbom
7881,Elis,elis,PROPN,pnc,7882,Fröbom
7882,Fröbom,Fröbom,PROPN,re,7884,das
7883,",",--,PUNCT,punct,7884,das
7884,das,der,PRON,sb,7885,ist
7885,ist,sein,AUX,ROOT,7885,ist
7886,der,der,DET,nk,7888,Torbern
7887,alte,alt,ADJ,nk,7888,Torbern
7888,Torbern,Torber,NOUN,pd,7889,gewesen
7889,gewesen,sein,AUX,oc,7885,ist
7890,",",--,PUNCT,punct,7889,gewesen
7891,dem,der,PRON,da,7885,ist
7892,du,du,PRON,pd,7885,ist
7893,begegnet,begegnen,VERB,ROOT,7893,begegnet
7894,",",--,PUNCT,punct,7893,begegnet
7895,und,und,CCONJ,cd,7893,begegnet
7896,ich,ich,PRON,sb,7897,merke
7897,merke,merekn,VERB,cj,7895,und
7898,nun,nun,ADV,mo,7897,merke
7899,wohl,wohl,ADV,mo,7897,merke
7900,",",--,PUNCT,punct,7897,merke
7901,daß,daß,SCONJ,cp,7907,ist
7902,das,der,DET,sb,7907,ist
7903,mehr,mehr,PRON,pd,7907,ist
7904,als,als,ADP,cm,7906,Märlein
7905,ein,ein,DET,nk,7906,Märlein
7906,Märlein,Märlein,NOUN,cc,7903,mehr
7907,ist,sein,AUX,oc,7897,merke
7908,",",--,PUNCT,punct,7907,ist
7909,was,wer,PRON,mo,7907,ist
7910,wir,wir,PRON,dep,7907,ist
7911,uns,sich,PRON,dep,7907,ist
7912,hier,hier,ADV,mo,7915,erzählen
7913,von,von,ADP,op,7915,erzählen
7914,ihm,ihm,PRON,nk,7913,von
7915,erzählen,erzählen,VERB,ROOT,7915,erzählen
7916,.,--,PUNCT,punct,7915,erzählen
7917,Vor,vor,ADP,mo,7922,gab
7918,mehr,mehr,DET,nk,7921,Jahren
7919,als,als,ADP,cm,7920,hundert
7920,hundert,hundert,NUM,cc,7918,mehr
7921,Jahren,Jahr,NOUN,nk,7917,Vor
7922,gab,geben,VERB,ROOT,7922,gab
7923,es,es,PRON,ep,7922,gab
7924,hier,hier,ADV,mo,7922,gab
7925,in,in,ADP,mo,7922,gab
7926,Falun,Falun,PROPN,nk,7925,in
7927,einen,ein,DET,punct,7922,gab
7928,Bergmann,Bergmann,NOUN,ROOT,7928,Bergmann
7929,namens,namens,ADP,mnr,7928,Bergmann
7930,Torbern,Torber,NOUN,nk,7929,namens
7931,.,--,PUNCT,punct,7928,Bergmann
7932,Er,er,PRON,sb,7933,soll
7933,soll,sollen,AUX,ROOT,7933,soll
7934,einer,einer,PRON,pd,7937,gewesen
7935,der,der,DET,nk,7936,ersten
7936,ersten,erster,ADJ,ag,7934,einer
7937,gewesen,sein,AUX,oc,7938,sein
7938,sein,sein,AUX,oc,7933,soll
7939,",",--,PUNCT,punct,7938,sein
7940,der,der,PRON,dep,7938,sein
7941,den,der,DET,nk,7942,Bergbau
7942,Bergbau,Bergbau,NOUN,oa,7933,soll
7943,zu,zu,ADP,mo,7948,gebracht
7944,Falun,Falun,PROPN,nk,7943,zu
7945,recht,Recht,ADV,mo,7948,gebracht
7946,in,in,ADP,mo,7948,gebracht
7947,Flor,Flor,NOUN,nk,7946,in
7948,gebracht,bringen,VERB,oc,7949,hat
7949,hat,haben,AUX,ROOT,7949,hat
7950,",",--,PUNCT,punct,7949,hat
7951,und,und,CCONJ,cd,7949,hat
7952,zu,zu,ADP,cj,7951,und
7953,seiner,sein,DET,nk,7954,Zeit
7954,Zeit,Zeit,NOUN,nk,7952,zu
7955,war,sein,AUX,cj,7951,und
7956,die,der,DET,nk,7957,Ausbeute
7957,Ausbeute,Ausbeute,NOUN,sb,7955,war
7958,bei,bei,ADP,mo,7955,war
7959,weitem,weit,VERB,ROOT,7959,weitem
7960,reicher,reich,ADV,pd,7959,weitem
7961,als,als,ADP,cm,7962,jetzt
7962,jetzt,jetzt,ADV,cc,7960,reicher
7963,.,--,PUNCT,punct,7959,weitem
7964,Niemand,niemand,PRON,sb,7965,verstand
7965,verstand,verstehen,VERB,ROOT,7965,verstand
7966,sich,sich,PRON,oa,7965,verstand
7967,damals,damals,ADV,mo,7965,verstand
7968,auf,auf,ADP,op,7965,verstand
7969,den,der,DET,nk,7970,Bergbau
7970,Bergbau,Bergbau,NOUN,nk,7968,auf
7971,so,so,ADV,mo,7965,verstand
7972,als,als,ADP,mo,7965,verstand
7973,Torbern,Torber,NOUN,ROOT,7973,Torbern
7974,",",--,PUNCT,punct,7973,Torbern
7975,der,der,PRON,sb,7980,erfahren
7976,",",--,PUNCT,punct,7980,erfahren
7977,in,in,ADP,mo,7980,erfahren
7978,tiefer,tief,ADJ,nk,7979,Wissenschaft
7979,Wissenschaft,Wissenschaft,NOUN,nk,7977,in
7980,erfahren,erfahren,VERB,rc,7973,Torbern
7981,",",--,PUNCT,punct,7973,Torbern
7982,dem,der,DET,nk,7984,Bergwesen
7983,ganzen,ganz,ADJ,nk,7984,Bergwesen
7984,Bergwesen,Bergwese,NOUN,app,7973,Torbern
7985,in,in,ADP,mnr,7984,Bergwesen
7986,Falun,Falun,PROPN,nk,7985,in
7987,vorstand,Vorstand,VERB,ROOT,7987,vorstand
7988,.,--,PUNCT,punct,7987,vorstand
7989,Als,als,SCONJ,cm,7990,sei
7990,sei,sein,AUX,mo,7998,erschlossen
7991,er,er,PRON,sb,7990,sei
7992,mit,mit,ADP,mo,7996,ausgerüstet
7993,besonderer,besonderer,ADJ,nk,7995,Kraft
7994,höherer,hoch,ADJ,nk,7995,Kraft
7995,Kraft,Kraft,NOUN,nk,7992,mit
7996,ausgerüstet,ausrüsten,VERB,pd,7990,sei
7997,",",--,PUNCT,punct,7998,erschlossen
7998,erschlossen,erschlossen,VERB,ROOT,7998,erschlossen
7999,sich,sich,PRON,oa,7998,erschlossen
8000,ihm,ihm,PRON,ROOT,8000,ihm
8001,die,der,DET,nk,8003,Gänge
8002,reichsten,reichst,ADJ,nk,8003,Gänge
8003,Gänge,Gang,NOUN,ROOT,8003,Gänge
8004,",",--,PUNCT,punct,8003,Gänge
8005,und,und,CCONJ,cd,8003,Gänge
8006,kam,kommen,VERB,cj,8005,und
8007,noch,noch,ADV,mo,8006,kam
8008,hinzu,hinzu,ADV,svp,8006,kam
8009,",",--,PUNCT,punct,8006,kam
8010,daß,daß,SCONJ,cp,8011,er
8011,er,er,PRON,sb,8006,kam
8012,ein,ein,DET,nk,8013,finstrer
8013,finstrer,Finstrer,NOUN,oa,8006,kam
8014,tiefsinniger,tiefsinnig,NOUN,ag,8013,finstrer
8015,Mann,Mann,NOUN,pd,8016,war
8016,war,sein,AUX,ROOT,8016,war
8017,",",--,PUNCT,punct,8016,war
8018,der,der,PRON,sb,8016,war
8019,",",--,PUNCT,punct,8018,der
8020,ohne,ohne,ADP,mo,8019,","
8021,Weib,Weib,NOUN,nk,8020,ohne
8022,und,und,CCONJ,cd,8021,Weib
8023,Kund,Kund,NOUN,cj,8022,und
8024,",",--,PUNCT,punct,8020,ohne
8025,ja,ja,ADV,mo,8026,ohne
8026,ohne,ohne,ADP,cj,8020,ohne
8027,eigentliches,eigentlich,ADJ,nk,8028,Obdach
8028,Obdach,Obdach,NOUN,nk,8026,ohne
8029,in,in,ADP,mnr,8028,Obdach
8030,Falun,Falun,PROPN,nk,8029,in
8031,zu,zu,ADP,punct,8016,war
8032,haben,haben,AUX,mo,8038,kam
8033,",",--,PUNCT,punct,8038,kam
8034,beinahe,beinahe,ADV,mo,8035,niemals
8035,niemals,niemals,ADV,mo,8038,kam
8036,ans,an,ADP,mo,8038,kam
8037,Tageslicht,Tageslicht,NOUN,nk,8036,ans
8038,kam,kommen,VERB,ROOT,8038,kam
8039,",",--,PUNCT,punct,8038,kam
8040,sondern,sondern,CCONJ,cd,8038,kam
8041,unaufhörlich,unaufhörlich,ADV,mo,8042,in
8042,in,in,ADP,cj,8040,sondern
8043,den,der,DET,nk,8044,Taufen
8044,Taufen,Taufe,NOUN,nk,8042,in
8045,wühlte,wühln,VERB,re,8047,so
8046,",",--,PUNCT,punct,8047,so
8047,so,so,ADV,mo,8048,konnte
8048,konnte,können,AUX,ROOT,8048,konnte
8049,es,es,PRON,sb,8048,konnte
8050,nicht,nicht,PART,ng,8048,konnte
8051,fehlen,fehlen,VERB,oc,8048,konnte
8052,",",--,PUNCT,punct,8051,fehlen
8053,daß,daß,SCONJ,cp,8059,ging
8054,bald,bald,ADV,mo,8059,ging
8055,von,von,ADP,mo,8059,ging
8056,ihm,ihm,PRON,nk,8055,von
8057,die,der,DET,nk,8058,Sage
8058,Sage,Sage,NOUN,sb,8059,ging
8059,ging,gehen,VERB,re,8047,so
8060,",",--,PUNCT,punct,8048,konnte
8061,er,er,PRON,sb,8062,stehe
8062,stehe,stehen,VERB,re,8049,es
8063,mit,mit,ADP,svp,8062,stehe
8064,der,der,DET,nk,8066,Macht
8065,geheimen,geheim,ADJ,nk,8066,Macht
8066,Macht,Macht,NOUN,ROOT,8066,Macht
8067,",",--,PUNCT,punct,8066,Macht
8068,die,der,PRON,sb,8073,waltet
8069,im,in,ADP,mo,8073,waltet
8070,Schoß,Schoß,NOUN,nk,8069,im
8071,der,der,DET,nk,8072,Erde
8072,Erde,Erde,NOUN,ag,8070,Schoß
8073,waltet,walten,VERB,rc,8066,Macht
8074,und,und,CCONJ,cd,8073,waltet
8075,die,der,DET,nk,8076,Metalle
8076,Metalle,Metall,NOUN,oa,8077,kocht
8077,kocht,kochen,VERB,cj,8074,und
8078,",",--,PUNCT,punct,8077,kocht
8079,im,in,ADP,mnr,8066,Macht
8080,Bunde,Bund,NOUN,ROOT,8080,Bunde
8081,.,--,PUNCT,punct,8080,Bunde
8082,Auf,auf,ADP,mo,8087,achtend
8083,Torberns,Torbern,NOUN,ag,8085,Ermahnungen
8084,strenge,streng,ADJ,nk,8085,Ermahnungen
8085,Ermahnungen,Ermahnung,NOUN,nk,8082,Auf
8086,nicht,nicht,PART,ng,8087,achtend
8087,achtend,achtend,ADV,ROOT,8087,achtend
8088,",",--,PUNCT,punct,8087,achtend
8089,der,der,PRON,nk,8091,Unglück
8090,unaufhörlich,unaufhörlich,ADV,mo,8089,der
8091,Unglück,Unglück,NOUN,cj,8087,achtend
8092,prophezeite,prophezeien,VERB,ROOT,8092,prophezeite
8093,",",--,PUNCT,punct,8092,prophezeite
8094,sobald,sobald,SCONJ,cp,8097,Liebe
8095,nicht,nicht,PART,ng,8097,Liebe
8096,wahre,wahr,ADJ,nk,8097,Liebe
8097,Liebe,Liebe,NOUN,sb,8092,prophezeite
8098,zum,zu,ADP,mnr,8097,Liebe
8099,wunderbaren,wunderbar,ADJ,nk,8100,Gestein
8100,Gestein,Gestein,NOUN,nk,8098,zum
8101,und,und,CCONJ,cd,8100,Gestein
8102,Metall,Metall,NOUN,cj,8101,und
8103,den,der,DET,punct,8092,prophezeite
8104,Bergmann,Bergmann,NOUN,pd,8107,antreibe
8105,zur,zu,ADP,mnr,8104,Bergmann
8106,Arbeit,Arbeit,NOUN,nk,8105,zur
8107,antreibe,antreiben,VERB,oc,8109,weitete
8108,",",--,PUNCT,punct,8109,weitete
8109,weitete,weiten,VERB,ROOT,8109,weitete
8110,man,man,PRON,sb,8109,weitete
8111,in,in,ADP,mo,8109,weitete
8112,gewinnsüchtiger,gewinnsüchtig,ADJ,nk,8113,Gier
8113,Gier,Gier,NOUN,nk,8111,in
8114,die,der,DET,nk,8115,Gruben
8115,Gruben,Grube,NOUN,oa,8109,weitete
8116,immer,immer,ADV,mo,8117,mehr
8117,mehr,mehr,DET,ROOT,8117,mehr
8118,und,und,CCONJ,cd,8117,mehr
8119,mehr,mehr,PRON,cj,8118,und
8120,aus,aus,ADP,ROOT,8120,aus
8121,",",--,PUNCT,punct,8120,aus
8122,bis,bis,SCONJ,cp,8124,am
8123,endlich,endlich,ADV,mo,8124,am
8124,am,an,ADP,mo,8120,aus
8125,Johannistage,Johannistage,NOUN,nk,8124,am
8126,des,der,DET,nk,8127,Jahres
8127,Jahres,Jahr,NOUN,ag,8125,Johannistage
8128,eintausendsechshundert,eintausendsechshunderen,VERB,ROOT,8128,eintausendsechshundert
8129,und,und,CCONJ,cd,8128,eintausendsechshundert
8130,siebenundachtzig,siebenundachtzig,NUM,cj,8129,und
8131,sich,sich,PRON,da,8130,siebenundachtzig
8132,der,der,DET,nk,8134,Bergsturz
8133,fürchterlich,fürchterlich,ADJ,nk,8134,Bergsturz
8134,Bergsturz,Bergsturz,NOUN,pd,8130,siebenundachtzig
8135,ereignete,ereignen,VERB,ROOT,8135,ereignete
8136,",",--,PUNCT,punct,8135,ereignete
8137,der,der,PRON,sb,8141,schuf
8138,unsere,unser,DET,nk,8140,Pinge
8139,ungeheure,ungeheuer,ADJ,nk,8140,Pinge
8140,Pinge,Pinge,NOUN,oa,8141,schuf
8141,schuf,schaffen,VERB,rc,8135,ereignete
8142,und,und,CCONJ,cd,8141,schuf
8143,dabei,dabei,ADV,mo,8146,Bau
8144,den,der,DET,nk,8146,Bau
8145,ganzen,ganz,ADJ,nk,8146,Bau
8146,Bau,Bau,NOUN,oa,8147,dergestalt
8147,dergestalt,derstalen,ADV,cj,8142,und
8148,verwüstete,verwüsten,VERB,ROOT,8148,verwüstete
8149,",",--,PUNCT,punct,8148,verwüstete
8150,daß,daß,SCONJ,cp,8152,nach
8151,erst,erst,ADV,mo,8152,nach
8152,nach,nach,ADP,oc,8148,verwüstete
8153,vielem,viel,ADJ,nk,8154,Mühen
8154,Mühen,Mühe,NOUN,nk,8152,nach
8155,und,und,CCONJ,cd,8152,nach
8156,mit,mit,ADP,cj,8155,und
8157,vieler,vieler,DET,nk,8158,Kunst
8158,Kunst,Kunst,NOUN,nk,8156,mit
8159,mancher,mancher,DET,nk,8160,Schacht
8160,Schacht,Schacht,NOUN,ag,8158,Kunst
8161,wiederhergestellt,wiederherstellen,VERB,oc,8162,werden
8162,werden,werden,AUX,oc,8163,konnte
8163,konnte,können,AUX,ROOT,8163,konnte
8164,.,--,PUNCT,punct,8163,konnte
8165,Von,von,ADP,dep,8167,war
8166,Torbern,Torber,NOUN,nk,8165,Von
8167,war,sein,AUX,ROOT,8167,war
8168,nichts,nichts,PRON,sb,8167,war
8169,mehr,mehr,ADV,mo,8168,nichts
8170,zu,zu,PART,pm,8171,hören
8171,hören,hören,VERB,oc,8167,war
8172,und,und,CCONJ,cd,8171,hören
8173,zu,zu,ADP,mo,8167,war
8174,sehn,sehn,NUM,ROOT,8174,sehn
8175,",",--,PUNCT,punct,8174,sehn
8176,und,und,CCONJ,cd,8174,sehn
8177,gewiß,gewiß,ADV,mo,8178,schien
8178,schien,scheinen,VERB,cj,8176,und
8179,es,es,PRON,sb,8178,schien
8180,",",--,PUNCT,punct,8178,schien
8181,daß,daß,SCONJ,cp,8182,er
8182,er,er,PRON,oc,8178,schien
8183,",",--,PUNCT,punct,8182,er
8184,in,in,ADP,mo,8187,arbeitend
8185,der,der,DET,nk,8186,Teufe
8186,Teufe,Teufe,NOUN,nk,8184,in
8187,arbeitend,arbeitend,ADV,rc,8182,er
8188,",",--,PUNCT,punct,8182,er
8189,durch,durch,ADP,cj,8182,er
8190,den,der,DET,nk,8191,Einsturz
8191,Einsturz,Einsturz,NOUN,nk,8189,durch
8192,verschüttet,verschütten,VERB,ROOT,8192,verschüttet
8193,.,--,PUNCT,punct,8192,verschüttet
8194,–,--,PUNCT,punct,8196,darauf
8195,Bald,bald,ADV,mo,8196,darauf
8196,darauf,darauf,ADV,ROOT,8196,darauf
8197,",",--,PUNCT,punct,8196,darauf
8198,und,und,CCONJ,ju,8200,als
8199,zwar,zwar,ADV,mo,8200,als
8200,als,als,ADP,re,8196,darauf
8201,die,der,DET,nk,8202,Arbeit
8202,Arbeit,Arbeit,NOUN,nk,8200,als
8203,immer,immer,ADV,mo,8204,besser
8204,besser,gut,ADV,pd,8200,als
8205,und,und,CCONJ,cd,8204,besser
8206,besser,gut,ADV,cj,8205,und
8207,vonstatten,vonstatten,ADV,mo,8208,ging
8208,ging,gehen,VERB,mo,8210,behaupteten
8209,",",--,PUNCT,punct,8210,behaupteten
8210,behaupteten,behaupten,VERB,ROOT,8210,behaupteten
8211,die,der,DET,nk,8212,Hauer
8212,Hauer,Hauer,NOUN,sb,8210,behaupteten
8213,",",--,PUNCT,punct,8210,behaupteten
8214,sie,sie,PRON,sb,8215,hätten
8215,hätten,haben,AUX,oc,8210,behaupteten
8216,im,in,ADP,mo,8215,hätten
8217,Schacht,Schacht,NOUN,nk,8216,im
8218,den,der,DET,nk,8220,Torbern
8219,alten,alt,ADJ,nk,8220,Torbern
8220,Torbern,Torber,NOUN,oa,8215,hätten
8221,gesehen,sehen,VERB,ROOT,8221,gesehen
8222,",",--,PUNCT,punct,8221,gesehen
8223,der,der,PRON,sb,8228,erteilt
8224,ihnen,ihnen,PRON,da,8228,erteilt
8225,allerlei,allerlei,DET,nk,8227,Rat
8226,guten,gut,ADJ,nk,8227,Rat
8227,Rat,Rat,NOUN,oa,8228,erteilt
8228,erteilt,erteilen,VERB,rc,8221,gesehen
8229,und,und,CCONJ,cd,8228,erteilt
8230,die,der,DET,nk,8232,Gänge
8231,schönsten,schön,ADJ,nk,8232,Gänge
8232,Gänge,Gang,NOUN,oa,8233,gezeigt
8233,gezeigt,zeigen,VERB,cj,8229,und
8234,.,--,PUNCT,punct,8221,gesehen
8235,Andere,anderer,PRON,sb,8236,hatten
8236,hatten,haben,AUX,ROOT,8236,hatten
8237,den,der,DET,nk,8238,Alten
8238,Alten,alte,NOUN,da,8244,erblickt
8239,oben,oben,ADV,mo,8244,erblickt
8240,an,an,ADP,mo,8244,erblickt
8241,der,der,DET,nk,8242,Pinge
8242,Pinge,Pinge,NOUN,nk,8240,an
8243,umherstreichend,umherstreichend,ADV,mo,8244,erblickt
8244,erblickt,erblicken,VERB,oc,8236,hatten
8245,",",--,PUNCT,punct,8236,hatten
8246,bald,bald,ADV,mo,8236,hatten
8247,wehmütig,wehmütig,ADV,mo,8248,klagend
8248,klagend,klagend,ADV,ROOT,8248,klagend
8249,",",--,PUNCT,punct,8248,klagend
8250,bald,bald,ADV,mo,8252,tobend
8251,zornig,zornig,ADV,mo,8252,tobend
8252,tobend,tobend,ADV,cj,8248,klagend
8253,.,--,PUNCT,ROOT,8253,.
8254,Andere,anderer,ADJ,nk,8255,Jünglinge
8255,Jünglinge,Jünglinge,NOUN,sb,8256,kamen
8256,kamen,kommen,VERB,ROOT,8256,kamen
8257,so,so,ADV,mo,8256,kamen
8258,wie,wie,ADP,cm,8259,du
8259,du,du,PRON,cc,8257,so
8260,hieher,hieh,ADV,mo,8256,kamen
8261,und,und,CCONJ,ROOT,8261,und
8262,behaupteten,behaupten,VERB,cj,8261,und
8263,",",--,PUNCT,punct,8262,behaupteten
8264,ein,ein,DET,nk,8266,Bergmann
8265,alter,alt,ADJ,nk,8266,Bergmann
8266,Bergmann,Bergmann,NOUN,sb,8267,habe
8267,habe,haben,AUX,oc,8262,behaupteten
8268,sie,sie,PRON,sb,8267,habe
8269,ermahnt,ermahnen,VERB,oc,8267,habe
8270,zum,zu,ADP,mo,8269,ermahnt
8271,Bergbau,Bergbau,NOUN,nk,8270,zum
8272,und,und,CCONJ,cd,8271,Bergbau
8273,hieher,hieh,ADV,cj,8272,und
8274,gewiesen,weisen,VERB,ROOT,8274,gewiesen
8275,.,--,PUNCT,punct,8274,gewiesen
8276,Das,der,PRON,sb,8277,geschah
8277,geschah,geschehen,VERB,ROOT,8277,geschah
8278,allemal,allemal,ADV,mo,8277,geschah
8279,",",--,PUNCT,punct,8277,geschah
8280,wenn,wenn,SCONJ,cp,8285,wollte
8281,es,es,PRON,ep,8285,wollte
8282,an,an,ADP,mo,8284,mangeln
8283,Arbeitern,Arbeiter,NOUN,nk,8282,an
8284,mangeln,mangeln,VERB,oc,8285,wollte
8285,wollte,wollen,AUX,mo,8277,geschah
8286,",",--,PUNCT,punct,8285,wollte
8287,und,und,CCONJ,cd,8285,wollte
8288,wohl,wohl,ADV,mo,8287,und
8289,mochte,mögen,VERB,ROOT,8289,mochte
8290,der,der,DET,nk,8292,Torbern
8291,alte,alt,ADJ,nk,8292,Torbern
8292,Torbern,Torber,NOUN,sb,8289,mochte
8293,auch,auch,ADV,mo,8294,auf
8294,auf,auf,ADP,op,8300,sorgen
8295,diese,dieser,DET,nk,8296,Weise
8296,Weise,Weise,NOUN,nk,8294,auf
8297,für,für,ADP,op,8300,sorgen
8298,den,der,DET,nk,8299,Bergbau
8299,Bergbau,Bergbau,NOUN,nk,8297,für
8300,sorgen,sorgen,VERB,oc,8289,mochte
8301,.,--,PUNCT,punct,8289,mochte
8302,–,--,PUNCT,punct,8303,Ist
8303,Ist,sein,AUX,ROOT,8303,Ist
8304,es,es,PRON,sb,8303,Ist
8305,nun,nun,ADV,mo,8310,gewesen
8306,wirklich,wirklich,ADV,mo,8310,gewesen
8307,der,der,DET,nk,8309,Torbern
8308,alte,alt,ADJ,nk,8309,Torbern
8309,Torbern,Torber,NOUN,pd,8310,gewesen
8310,gewesen,sein,AUX,ROOT,8310,gewesen
8311,",",--,PUNCT,punct,8310,gewesen
8312,mit,mit,ADP,mo,8316,gehabt
8313,dem,der,PRON,nk,8312,mit
8314,du,du,PRON,sb,8316,gehabt
8315,Streit,Streit,NOUN,oa,8316,gehabt
8316,gehabt,haben,VERB,rc,8310,gewesen
8317,im,in,ADP,mo,8316,gehabt
8318,Schacht,Schacht,NOUN,nk,8317,im
8319,",",--,PUNCT,punct,8310,gewesen
8320,und,und,CCONJ,cd,8310,gewesen
8321,hat,haben,AUX,re,8329,so
8322,er,er,PRON,sb,8321,hat
8323,von,von,ADP,op,8327,gesprochen
8324,einem,ein,DET,nk,8326,Trappgange
8325,herrlichen,herrlich,ADJ,nk,8326,Trappgange
8326,Trappgange,Trappgang,NOUN,nk,8323,von
8327,gesprochen,sprechen,VERB,oc,8321,hat
8328,",",--,PUNCT,punct,8329,so
8329,so,so,ADV,mo,8330,ist
8330,ist,sein,AUX,ROOT,8330,ist
8331,es,es,PRON,sb,8330,ist
8332,gewiß,gewiß,ADV,mo,8330,ist
8333,",",--,PUNCT,punct,8330,ist
8334,daß,daß,SCONJ,dep,8330,ist
8335,dort,dort,ADV,mo,8334,daß
8336,eine,ein,DET,nk,8338,Eisenader
8337,reiche,reich,ADJ,nk,8338,Eisenader
8338,Eisenader,Eisenader,NOUN,sb,8339,befindlich
8339,befindlich,befindlich,ADV,ROOT,8339,befindlich
8340,",",--,PUNCT,punct,8339,befindlich
8341,der,der,PRON,oa,8344,nachspüren
8342,wir,wir,PRON,sb,8345,wollen
8343,morgen,morgen,ADV,mo,8344,nachspüren
8344,nachspüren,nachspüren,VERB,oc,8345,wollen
8345,wollen,wollen,AUX,rc,8336,eine
8346,.,--,PUNCT,punct,8339,befindlich
8347,–,--,PUNCT,punct,8349,hast
8348,Du,du,PRON,sb,8349,hast
8349,hast,haben,AUX,ROOT,8349,hast
8350,nämlich,nämlich,ADV,mo,8352,vergessen
8351,nicht,nicht,PART,ng,8352,vergessen
8352,vergessen,vergessen,VERB,ROOT,8352,vergessen
8353,",",--,PUNCT,punct,8352,vergessen
8354,daß,daß,SCONJ,cp,8359,Ader
8355,wir,wir,PRON,sb,8359,Ader
8356,hier,hier,ADV,mo,8359,Ader
8357,die,der,DET,nk,8359,Ader
8358,eisengehaltige,eisengehaltig,ADJ,nk,8359,Ader
8359,Ader,Ader,NOUN,oc,8352,vergessen
8360,im,in,ADP,mnr,8359,Ader
8361,Gestein,Gestein,NOUN,nk,8360,im
8362,Trappgang,Trappgang,NOUN,oa,8363,nennen
8363,nennen,nennen,VERB,ROOT,8363,nennen
8364,und,und,CCONJ,cd,8363,nennen
8365,daß,daß,SCONJ,cp,8372,ist
8366,Trumm,Trumm,NOUN,sb,8372,ist
8367,eine,ein,DET,nk,8368,Ader
8368,Ader,Ader,NOUN,pd,8372,ist
8369,von,von,ADP,mnr,8368,Ader
8370,dem,der,DET,nk,8371,Gange
8371,Gange,Gange,NOUN,nk,8369,von
8372,ist,sein,AUX,cj,8364,und
8373,",",--,PUNCT,punct,8372,ist
8374,die,der,PRON,dep,8372,ist
8375,sich,sich,PRON,oa,8376,in
8376,in,in,ADP,dep,8372,ist
8377,verschiedene,verschieden,ADJ,nk,8378,Teile
8378,Teile,Teil,NOUN,oa,8379,zerschlägt
8379,zerschlägt,zerschlägt,VERB,ROOT,8379,zerschlägt
8380,und,und,CCONJ,cd,8379,zerschlägt
8381,wohl,wohl,ADV,mo,8383,auseinandergeht
8382,gänzlich,gänzlich,ADV,mo,8383,auseinandergeht
8383,auseinandergeht,auseinandergehen,VERB,cj,8380,und
8384,.,--,PUNCT,punct,8379,zerschlägt
8385,«,--,PUNCT,punct,8379,zerschlägt
8386,–,--,PUNCT,ROOT,8386,–
8387,Als,als,ADP,cp,8397,geworfen
8388,Elis,Elis,PROPN,nk,8387,Als
8389,Fröbom,Fröbom,PROPN,nk,8388,Elis
8390,",",--,PUNCT,punct,8397,geworfen
8391,von,von,ADP,mo,8397,geworfen
8392,mancherlei,mancherlei,DET,nk,8393,Gedanken
8393,Gedanken,Gedanke,NOUN,nk,8391,von
8394,hin,hin,ADV,mo,8397,geworfen
8395,und,und,CCONJ,cd,8394,hin
8396,her,her,ADV,cj,8395,und
8397,geworfen,werfen,VERB,mo,8399,eintrat
8398,",",--,PUNCT,punct,8399,eintrat
8399,eintrat,eintreten,VERB,ROOT,8399,eintrat
8400,in,in,ADP,mo,8399,eintrat
8401,Pehrson,Pehrson,PROPN,pnc,8402,Dahlsjös
8402,Dahlsjös,Dahlsjös,PROPN,ROOT,8402,Dahlsjös
8403,Haus,Haus,NOUN,sb,8405,kam
8404,",",--,PUNCT,punct,8405,kam
8405,kam,kommen,VERB,ROOT,8405,kam
8406,ihm,ihm,PRON,da,8405,kam
8407,nicht,nicht,PART,ng,8405,kam
8408,wie,wie,ADP,cm,8409,sonst
8409,sonst,sonst,ADV,mo,8410,Ulla
8410,Ulla,Ulla,PROPN,sb,8405,kam
8411,freundlich,freundlich,ADV,mo,8405,kam
8412,entgegen,entgegen,ADP,svp,8405,kam
8413,.,--,PUNCT,punct,8405,kam
8414,Mit,mit,ADP,ROOT,8414,Mit
8415,niedergeschlagenem,niedergeschlagen,ADJ,nk,8416,Blick
8416,Blick,Blick,NOUN,ROOT,8416,Blick
8417,und,und,CCONJ,cd,8416,Blick
8418,",",--,PUNCT,punct,8417,und
8419,wie,wie,ADP,mo,8423,glaubte
8420,Elis,Elis,PROPN,sb,8423,glaubte
8421,zu,zu,PART,pm,8422,bemerken
8422,bemerken,bemerken,VERB,oc,8423,glaubte
8423,glaubte,glauben,VERB,rc,8416,Blick
8424,",",--,PUNCT,punct,8423,glaubte
8425,mit,mit,ADP,mnr,8416,Blick
8426,verweinten,verweint,ADJ,nk,8425,mit
8427,Augen,Auge,NOUN,oa,8428,saß
8428,saß,sitzen,VERB,ROOT,8428,saß
8429,Ulla,Ulla,PROPN,sb,8428,saß
8430,da,da,ADV,mo,8428,saß
8431,und,und,CCONJ,cd,8430,da
8432,neben,neben,ADP,mnr,8437,Mann
8433,ihr,ihr,PRON,nk,8432,neben
8434,ein,ein,DET,nk,8437,Mann
8435,stattlicher,stattlich,ADJ,nk,8437,Mann
8436,junger,jung,ADJ,nk,8437,Mann
8437,Mann,Mann,NOUN,cj,8431,und
8438,",",--,PUNCT,punct,8437,Mann
8439,der,der,PRON,app,8437,Mann
8440,ihre,ihr,DET,nk,8441,Hand
8441,Hand,Hand,NOUN,oa,8428,saß
8442,festhielt,festhielen,VERB,ROOT,8442,festhielt
8443,in,in,ADP,mo,8442,festhielt
8444,der,der,DET,nk,8445,seinigen
8445,seinigen,Seinige,NOUN,nk,8443,in
8446,und,und,CCONJ,cd,8445,seinigen
8447,sich,sich,PRON,oa,8448,mühte
8448,mühte,mühen,VERB,cj,8446,und
8449,",",--,PUNCT,punct,8448,mühte
8450,allerlei,allerlei,DET,nk,8451,Freundliches
8451,Freundliches,Freundliche,NOUN,cj,8446,und
8452,",",--,PUNCT,punct,8451,Freundliches
8453,Scherzhaftes,Scherzhaft,NOUN,oa,8442,festhielt
8454,vorzubringen,vorbringen,VERB,ROOT,8454,vorzubringen
8455,",",--,PUNCT,punct,8454,vorzubringen
8456,worauf,worauf,SCONJ,mo,8461,achtete
8457,Ulla,Ulla,PROPN,sb,8461,achtete
8458,aber,aber,ADV,mo,8461,achtete
8459,nicht,nicht,PART,ng,8461,achtete
8460,sonderlich,sonderlich,ADV,mo,8461,achtete
8461,achtete,achten,VERB,oc,8454,vorzubringen
8462,.,--,PUNCT,punct,8454,vorzubringen
8463,–,--,PUNCT,punct,8466,zog
8464,Pehrson,Pehrson,PROPN,pnc,8465,Dahlsjö
8465,Dahlsjö,Dahlsjö,PROPN,sb,8466,zog
8466,zog,ziehen,VERB,ROOT,8466,zog
8467,den,der,DET,nk,8468,Elis
8468,Elis,Elis,NOUN,ROOT,8468,Elis
8469,",",--,PUNCT,punct,8468,Elis
8470,der,der,PRON,sb,8476,griffen
8471,",",--,PUNCT,punct,8476,griffen
8472,von,von,ADP,op,8476,griffen
8473,trüber,trüb,ADJ,nk,8474,Ahnung
8474,Ahnung,Ahnung,NOUN,nk,8472,von
8475,er,er,PRON,sb,8476,griffen
8476,griffen,greifen,VERB,rc,8468,Elis
8477,",",--,PUNCT,punct,8476,griffen
8478,den,der,DET,nk,8480,Blick
8479,starren,starr,ADJ,nk,8480,Blick
8480,Blick,Blick,NOUN,app,8468,Elis
8481,auf,auf,ADP,mnr,8480,Blick
8482,das,der,DET,nk,8483,Paar
8483,Paar,Paar,NOUN,nk,8481,auf
8484,heftete,heften,VERB,ROOT,8484,heftete
8485,",",--,PUNCT,punct,8484,heftete
8486,fort,fort,ADV,mo,8487,ins
8487,ins,in,ADP,mo,8484,heftete
8488,andere,anderer,ADJ,nk,8489,Gemach
8489,Gemach,Gemach,NOUN,nk,8487,ins
8490,und,und,CCONJ,cd,8484,heftete
8491,begann,beginnen,VERB,cj,8490,und
8492,:,--,PUNCT,punct,8491,begann
8493,»,--,PUNCT,punct,8494,Nun
8494,Nun,nun,ADV,mo,8497,Fröbom
8495,",",--,PUNCT,punct,8494,Nun
8496,Elis,Elis,PROPN,pnc,8497,Fröbom
8497,Fröbom,Fröbom,PROPN,ROOT,8497,Fröbom
8498,",",--,PUNCT,punct,8499,wirst
8499,wirst,wirst,AUX,re,8494,Nun
8500,du,du,PRON,sb,8499,wirst
8501,bald,bald,ADV,mo,8499,wirst
8502,deine,dein,DET,nk,8503,Liebe
8503,Liebe,Liebe,NOUN,oa,8509,beweisen
8504,zu,zu,ADP,mnr,8503,Liebe
8505,mir,mir,PRON,nk,8504,zu
8506,",",--,PUNCT,punct,8510,können
8507,deine,dein,DET,nk,8508,Treue
8508,Treue,Treue,NOUN,oa,8509,beweisen
8509,beweisen,beweisen,VERB,oc,8510,können
8510,können,können,AUX,ROOT,8510,können
8511,",",--,PUNCT,punct,8510,können
8512,denn,denn,CCONJ,cd,8510,können
8513,",",--,PUNCT,punct,8514,habe
8514,habe,haben,AUX,cj,8512,denn
8515,ich,ich,PRON,sb,8514,habe
8516,dich,dich,PRON,mo,8514,habe
8517,schon,schon,ADV,mo,8514,habe
8518,immer,immer,ADV,mo,8522,gehalten
8519,wie,wie,ADP,cm,8521,Sohn
8520,meinen,mein,DET,nk,8521,Sohn
8521,Sohn,Sohn,NOUN,cc,8518,immer
8522,gehalten,halten,VERB,re,8524,so
8523,",",--,PUNCT,punct,8524,so
8524,so,so,ADV,mo,8525,wirst
8525,wirst,wirst,AUX,ROOT,8525,wirst
8526,du,du,PRON,sb,8525,wirst
8527,es,es,PRON,ep,8525,wirst
8528,nun,nun,ADV,mo,8525,wirst
8529,wirklich,wirklich,ADV,mo,8530,werden
8530,werden,werden,AUX,oc,8525,wirst
8531,ganz,ganz,ADV,pd,8530,werden
8532,und,und,CCONJ,cd,8531,ganz
8533,gar,gar,ADV,mo,8534,.
8534,.,--,PUNCT,ROOT,8534,.
8535,Der,der,DET,nk,8536,Mann
8536,Mann,Mann,NOUN,sb,8544,ist
8537,",",--,PUNCT,punct,8536,Mann
8538,den,der,PRON,oa,8542,siehst
8539,du,du,PRON,sb,8542,siehst
8540,bei,bei,ADP,mo,8542,siehst
8541,mir,mir,PRON,nk,8540,bei
8542,siehst,siehst,VERB,rc,8536,Mann
8543,",",--,PUNCT,punct,8544,ist
8544,ist,sein,AUX,ROOT,8544,ist
8545,der,der,DET,nk,8547,Handelsherr
8546,reiche,reich,ADJ,nk,8547,Handelsherr
8547,Handelsherr,Handelsherr,NOUN,pd,8544,ist
8548,",",--,PUNCT,punct,8547,Handelsherr
8549,Eric,Eric,PROPN,pnc,8550,Olawsen
8550,Olawsen,Olawsen,PROPN,pd,8544,ist
8551,geheißen,heißen,VERB,ROOT,8551,geheißen
8552,",",--,PUNCT,punct,8551,geheißen
8553,aus,aus,ADP,mo,8551,geheißen
8554,Göthaborg,Göthaborg,PROPN,nk,8553,aus
8555,.,--,PUNCT,punct,8551,geheißen
8556,Ich,ich,PRON,sb,8557,geb
8557,geb,geb,VERB,ROOT,8557,geb
8558,ihm,ihm,PRON,da,8557,geb
8559,auf,auf,ADP,mo,8557,geb
8560,sein,sein,DET,nk,8561,Werben
8561,Werben,Werben,NOUN,nk,8559,auf
8562,meine,mein,DET,nk,8563,Tochter
8563,Tochter,Tochter,NOUN,oa,8557,geb
8564,zum,zu,ADP,cvc,8557,geb
8565,Weibe,Weibe,NOUN,nk,8564,zum
8566,;,--,PUNCT,punct,8557,geb
8567,er,er,PRON,sb,8568,zieht
8568,zieht,ziehen,VERB,ROOT,8568,zieht
8569,mit,mit,ADP,mo,8568,zieht
8570,ihr,ihr,PRON,nk,8569,mit
8571,nach,nach,ADP,mo,8568,zieht
8572,Göthaborg,Göthaborg,PROPN,nk,8571,nach
8573,",",--,PUNCT,punct,8568,zieht
8574,und,und,CCONJ,cd,8568,zieht
8575,du,du,PRON,sb,8576,bleibst
8576,bleibst,bleibst,VERB,cj,8574,und
8577,dann,dann,ADV,mo,8576,bleibst
8578,allein,allein,ADV,mo,8579,bei
8579,bei,bei,ADP,mo,8576,bleibst
8580,mir,mir,PRON,nk,8579,bei
8581,",",--,PUNCT,punct,8580,mir
8582,Elis,Elis,PROPN,cj,8580,mir
8583,",",--,PUNCT,punct,8576,bleibst
8584,meine,mein,DET,nk,8586,Stütze
8585,einzige,einzig,ADJ,nk,8586,Stütze
8586,Stütze,Stütze,NOUN,ROOT,8586,Stütze
8587,im,in,ADP,mnr,8586,Stütze
8588,Alter,Alter,NOUN,nk,8587,im
8589,.,--,PUNCT,punct,8586,Stütze
8590,–,--,PUNCT,punct,8597,stumm
8591,Nun,nun,ADV,mo,8597,stumm
8592,",",--,PUNCT,punct,8591,Nun
8593,Elis,Elis,PROPN,cj,8591,Nun
8594,",",--,PUNCT,punct,8596,bleibst
8595,du,du,PRON,sb,8596,bleibst
8596,bleibst,bleibn,VERB,mo,8597,stumm
8597,stumm,stumm,ADV,ROOT,8597,stumm
8598,?,--,PUNCT,punct,8597,stumm
8599,–,--,PUNCT,punct,8601,erbleichst
8600,du,du,PRON,sb,8601,erbleichst
8601,erbleichst,erbleichst,VERB,ROOT,8601,erbleichst
8602,",",--,PUNCT,punct,8601,erbleichst
8603,ich,ich,PRON,sb,8604,hoffe
8604,hoffe,hoffen,VERB,ROOT,8604,hoffe
8605,nicht,nicht,PART,ng,8604,hoffe
8606,",",--,PUNCT,punct,8604,hoffe
8607,daß,daß,SCONJ,cp,8611,mißfällt
8608,dir,dir,PRON,sb,8611,mißfällt
8609,mein,mein,DET,nk,8610,Entschluß
8610,Entschluß,Entschluß,NOUN,oa,8611,mißfällt
8611,mißfällt,mißfallen,VERB,oc,8604,hoffe
8612,",",--,PUNCT,punct,8611,mißfällt
8613,daß,daß,SCONJ,punct,8604,hoffe
8614,du,du,PRON,sb,8613,daß
8615,jetzt,jetzt,ADV,mo,8613,daß
8616,",",--,PUNCT,punct,8615,jetzt
8617,da,da,SCONJ,cp,8618,meine
8618,meine,mein,DET,cj,8604,hoffe
8619,Tochter,Tochter,NOUN,sb,8622,muß
8620,mich,mich,PRON,oa,8621,verlassen
8621,verlassen,verlassen,VERB,oc,8622,muß
8622,muß,müssen,AUX,ROOT,8622,muß
8623,",",--,PUNCT,punct,8622,muß
8624,auch,auch,ADV,mo,8625,von
8625,von,von,ADP,mo,8627,willst
8626,mir,mir,PRON,nk,8625,von
8627,willst,willst,VERB,sb,8622,muß
8628,!,--,PUNCT,punct,8622,muß
8629,–,--,PUNCT,punct,8632,höre
8630,doch,doch,CCONJ,ju,8632,höre
8631,ich,ich,PRON,sb,8632,höre
8632,höre,hören,VERB,ROOT,8632,höre
8633,Herrn,Herr,NOUN,oa,8632,höre
8634,Olawsen,Olawsen,DET,nk,8633,Herrn
8635,meinen,mein,DET,nk,8636,Namen
8636,Namen,Name,NOUN,oa,8637,nennen
8637,nennen,nennen,VERB,sb,8640,muß
8638,–,--,PUNCT,punct,8640,muß
8639,ich,ich,PRON,sb,8640,muß
8640,muß,müssen,VERB,ROOT,8640,muß
8641,hinein,hinein,ADV,svp,8640,muß
8642,!,--,PUNCT,punct,8640,muß
8643,«,--,PUNCT,punct,8640,muß
8644,–,--,PUNCT,ROOT,8644,–
8645,Damit,damit,ADV,mo,8646,ging
8646,ging,gehen,VERB,ROOT,8646,ging
8647,Pehrson,Pehrson,PROPN,sb,8646,ging
8648,wieder,wieder,ADV,mo,8646,ging
8649,in,in,ADP,mo,8646,ging
8650,das,der,DET,nk,8651,Gemach
8651,Gemach,Gemach,NOUN,nk,8649,in
8652,zurück,zurück,ADV,svp,8646,ging
8653,.,--,PUNCT,punct,8646,ging
8654,Elis,elis,PROPN,sb,8655,fühlte
8655,fühlte,fühlen,VERB,ROOT,8655,fühlte
8656,sein,sein,DET,nk,8657,Inneres
8657,Inneres,Innere,NOUN,oa,8655,fühlte
8658,von,von,ADP,mo,8662,zerfleischt
8659,tausend,tausend,NUM,mo,8660,glühenden
8660,glühenden,glühend,ADJ,nk,8661,Messern
8661,Messern,Messer,NOUN,nk,8658,von
8662,zerfleischt,zerfleischt,VERB,mo,8655,fühlte
8663,.,--,PUNCT,punct,8655,fühlte
8664,–,--,PUNCT,punct,8666,hatte
8665,Er,er,PRON,sb,8666,hatte
8666,hatte,haben,AUX,ROOT,8666,hatte
8667,keine,kein,DET,nk,8668,Worte
8668,Worte,Wort,NOUN,ROOT,8668,Worte
8669,",",--,PUNCT,punct,8668,Worte
8670,keine,kein,DET,nk,8671,Tränen
8671,Tränen,Träne,NOUN,cj,8668,Worte
8672,.,--,PUNCT,punct,8668,Worte
8673,–,--,PUNCT,punct,8677,rannte
8674,In,in,ADP,mo,8677,rannte
8675,wilder,wild,ADJ,nk,8676,Verzweiflung
8676,Verzweiflung,Verzweiflung,NOUN,nk,8674,In
8677,rannte,rannen,VERB,ROOT,8677,rannte
8678,er,er,PRON,sb,8677,rannte
8679,aus,aus,ADP,mo,8677,rannte
8680,dem,der,DET,nk,8681,Hause
8681,Hause,Haus,NOUN,nk,8679,aus
8682,fort,fort,ADV,ROOT,8682,fort
8683,–,--,PUNCT,punct,8682,fort
8684,fort,fort,ADV,cj,8682,fort
8685,–,--,PUNCT,punct,8682,fort
8686,bis,bis,ADP,ac,8687,zur
8687,zur,zu,ADP,cj,8682,fort
8688,großen,groß,ADJ,nk,8689,Pinge
8689,Pinge,Pinge,NOUN,nk,8687,zur
8690,.,--,PUNCT,punct,8682,fort
8691,Bot,Bot,SCONJ,ROOT,8691,Bot
8692,das,der,DET,nk,8694,Geklüft
8693,ungeheure,ungeheuer,ADJ,nk,8694,Geklüft
8694,Geklüft,Geklüft,NOUN,nk,8691,Bot
8695,schon,schon,ADV,mo,8696,im
8696,im,in,ADP,mnr,8694,Geklüft
8697,Tageslicht,Tageslicht,NOUN,mo,8704,war
8698,einen,ein,DET,nk,8700,Anblick
8699,entsetzlichen,entsetzlich,ADJ,nk,8700,Anblick
8700,Anblick,Anblick,NOUN,oa,8697,Tageslicht
8701,dar,dar,ADV,svp,8697,Tageslicht
8702,",",--,PUNCT,punct,8703,so
8703,so,so,ADV,mo,8704,war
8704,war,sein,AUX,ROOT,8704,war
8705,vollends,vollends,ADV,mo,8704,war
8706,jetzt,jetzt,ADV,mo,8704,war
8707,",",--,PUNCT,punct,8704,war
8708,da,da,SCONJ,cp,8710,Nacht
8709,die,der,DET,nk,8710,Nacht
8710,Nacht,Nacht,NOUN,sb,8704,war
8711,eingebrochen,einbrechen,VERB,ROOT,8711,eingebrochen
8712,und,und,CCONJ,cd,8711,eingebrochen
8713,die,der,DET,nk,8714,Mondesscheibe
8714,Mondesscheibe,Mondesscheibe,NOUN,oa,8716,aufdämmerte
8715,erst,erst,ADV,mo,8716,aufdämmerte
8716,aufdämmerte,aufdämmeren,VERB,cj,8712,und
8717,",",--,PUNCT,punct,8716,aufdämmerte
8718,das,der,DET,nk,8720,Gestein
8719,wüste,wüst,ADJ,nk,8720,Gestein
8720,Gestein,Gestein,NOUN,app,8714,Mondesscheibe
8721,anzusehen,ansehen,VERB,ROOT,8721,anzusehen
8722,",",--,PUNCT,punct,8721,anzusehen
8723,als,als,SCONJ,mo,8721,anzusehen
8724,wühle,Wühl,NOUN,nk,8723,als
8725,und,und,CCONJ,cd,8724,wühle
8726,wälze,Wälze,PROPN,cj,8725,und
8727,unten,unten,ADV,mo,8730,Schar
8728,eine,ein,DET,nk,8730,Schar
8729,zahllose,zahllos,ADJ,nk,8730,Schar
8730,Schar,Schar,NOUN,oa,8721,anzusehen
8731,gräßlicher,gräßlich,ADJ,nk,8732,Untiere
8732,Untiere,Untiere,NOUN,ag,8730,Schar
8733,",",--,PUNCT,punct,8721,anzusehen
8734,die,der,DET,nk,8736,Ausgeburt
8735,scheußliche,scheußlich,ADJ,nk,8736,Ausgeburt
8736,Ausgeburt,Ausgeburt,NOUN,ROOT,8736,Ausgeburt
8737,der,der,DET,nk,8738,Hölle
8738,Hölle,Hölle,NOUN,ag,8736,Ausgeburt
8739,",",--,PUNCT,punct,8736,Ausgeburt
8740,sich,sich,PRON,oa,8742,am
8741,durcheinander,durcheinander,ADV,mo,8742,am
8742,am,an,ADP,par,8736,Ausgeburt
8743,rauchenden,rauchend,ADJ,nk,8744,Boden
8744,Boden,Boden,NOUN,nk,8742,am
8745,und,und,CCONJ,cd,8742,am
8746,blitze,Blitz,ADJ,ROOT,8746,blitze
8747,herauf,Herauf,ADV,sb,8746,blitze
8748,mit,mit,ADP,mo,8746,blitze
8749,Flammenaugen,Flammenaug,NOUN,nk,8748,mit
8750,und,und,CCONJ,cd,8746,blitze
8751,strecke,strecken,VERB,cj,8750,und
8752,die,der,DET,nk,8754,Krallen
8753,riesigen,riesig,ADJ,nk,8754,Krallen
8754,Krallen,Kralle,NOUN,oa,8751,strecke
8755,aus,aus,ADP,mo,8751,strecke
8756,nach,nach,ADP,mo,8751,strecke
8757,dem,der,DET,nk,8756,nach
8758,armen,arm,ADJ,nk,8759,Menschenvolk
8759,Menschenvolk,Menschenvolk,NOUN,ROOT,8759,Menschenvolk
8760,.,--,PUNCT,punct,8759,Menschenvolk
8761,–,--,PUNCT,ROOT,8761,–
8762,»,--,PUNCT,punct,8763,Torbern
8763,Torbern,Torber,NOUN,da,8768,schrie
8764,–,--,PUNCT,punct,8763,Torbern
8765,Torbern,Torber,NOUN,cj,8763,Torbern
8766,!,--,PUNCT,punct,8763,Torbern
8767,«,--,PUNCT,punct,8763,Torbern
8768,schrie,schreien,VERB,ROOT,8768,schrie
8769,Elis,Elis,PROPN,sb,8768,schrie
8770,mit,mit,ADP,mo,8768,schrie
8771,furchtbarer,furchtbar,ADJ,nk,8772,Stimme
8772,Stimme,Stimme,NOUN,nk,8770,mit
8773,",",--,PUNCT,punct,8768,schrie
8774,daß,daß,SCONJ,cp,8777,Schlüfte
8775,die,der,DET,nk,8777,Schlüfte
8776,öden,öd,ADJ,nk,8777,Schlüfte
8777,Schlüfte,Schlüfte,NOUN,dep,8768,schrie
8778,widerhallten,widerhallt,ADJ,ROOT,8778,widerhallten
8779,–,--,PUNCT,punct,8778,widerhallten
8780,»,--,PUNCT,punct,8781,Torbern
8781,Torbern,Torber,NOUN,app,8778,widerhallten
8782,",",--,PUNCT,punct,8778,widerhallten
8783,hier,hier,ADV,mo,8784,bin
8784,bin,sein,AUX,cj,8778,widerhallten
8785,ich,ich,PRON,sb,8784,bin
8786,!,--,PUNCT,punct,8784,bin
8787,–,--,PUNCT,punct,8789,hattest
8788,Du,du,PRON,sb,8789,hattest
8789,hattest,hattesen,VERB,ROOT,8789,hattest
8790,recht,Recht,NOUN,oa,8789,hattest
8791,",",--,PUNCT,punct,8789,hattest
8792,ich,ich,PRON,sb,8793,war
8793,war,sein,AUX,cj,8789,hattest
8794,ein,ein,DET,pd,8793,war
8795,schuftiger,schuftig,ADJ,nk,8796,Gesell
8796,Gesell,Gesell,NOUN,ROOT,8796,Gesell
8797,",",--,PUNCT,punct,8796,Gesell
8798,daß,daß,SCONJ,cp,8799,ich
8799,ich,ich,PRON,cc,8796,Gesell
8800,alberner,albern,ADJ,nk,8801,Lebenshoffnung
8801,Lebenshoffnung,Lebenshoffnung,NOUN,ag,8799,ich
8802,auf,auf,ADP,mnr,8801,Lebenshoffnung
8803,der,der,DET,nk,8804,Oberfläche
8804,Oberfläche,Oberfläche,NOUN,nk,8802,auf
8805,der,der,DET,nk,8806,Erde
8806,Erde,Erde,NOUN,ag,8804,Oberfläche
8807,mich,mich,PRON,sb,8808,hingab
8808,hingab,hingeben,VERB,ROOT,8808,hingab
8809,!,--,PUNCT,punct,8808,hingab
8810,–,--,PUNCT,punct,8812,liegt
8811,Unten,Unten,ADV,mo,8812,liegt
8812,liegt,liegen,VERB,ROOT,8812,liegt
8813,mein,mein,DET,nk,8814,Schatz
8814,Schatz,Schatz,NOUN,sb,8812,liegt
8815,",",--,PUNCT,punct,8814,Schatz
8816,mein,mein,DET,nk,8817,Leben
8817,Leben,Leben,NOUN,sb,8819,alles
8818,mein,mein,DET,nk,8819,alles
8819,alles,alle,PRON,mo,8812,liegt
8820,!,--,PUNCT,punct,8812,liegt
8821,–,--,PUNCT,punct,8822,Torbern
8822,Torbern,Torber,NOUN,ROOT,8822,Torbern
8823,!,--,PUNCT,punct,8822,Torbern
8824,steig,Steig,NOUN,ROOT,8824,steig
8825,herab,herab,ADV,mo,8826,mit
8826,mit,mit,ADP,mo,8838,wühlen
8827,mir,mir,PRON,nk,8826,mit
8828,",",--,PUNCT,punct,8827,mir
8829,zeig,Zeig,NOUN,cj,8827,mir
8830,mir,mir,PRON,nk,8829,zeig
8831,die,der,DET,nk,8833,Trappgänge
8832,reichsten,reichst,ADJ,nk,8833,Trappgänge
8833,Trappgänge,Trappgänge,NOUN,nk,8826,mit
8834,",",--,PUNCT,punct,8836,will
8835,da,da,ADV,mo,8836,will
8836,will,wollen,AUX,ROOT,8836,will
8837,ich,ich,PRON,sb,8836,will
8838,wühlen,wühlen,VERB,oc,8836,will
8839,und,und,CCONJ,cd,8838,wühlen
8840,bohren,bohren,VERB,cj,8839,und
8841,und,und,CCONJ,ROOT,8841,und
8842,arbeiten,arbeiten,VERB,cj,8841,und
8843,und,und,CCONJ,cd,8842,arbeiten
8844,das,der,DET,nk,8845,Licht
8845,Licht,Licht,NOUN,oa,8851,schauen
8846,des,der,DET,nk,8847,Tages
8847,Tages,Tag,NOUN,ag,8845,Licht
8848,fürder,fürd,ADV,mnr,8845,Licht
8849,nicht,nicht,PART,ng,8851,schauen
8850,mehr,mehr,ADV,mo,8849,nicht
8851,schauen,schauen,VERB,cj,8843,und
8852,!,--,PUNCT,punct,8841,und
8853,–,--,PUNCT,punct,8854,Torbern
8854,Torbern,Torber,NOUN,ROOT,8854,Torbern
8855,!,--,PUNCT,punct,8854,Torbern
8856,–,--,PUNCT,ROOT,8856,–
8857,Torbern,Torber,NOUN,ROOT,8857,Torbern
8858,–,--,PUNCT,punct,8857,Torbern
8859,steig,Steig,NOUN,app,8857,Torbern
8860,herab,herab,ADV,mo,8859,steig
8861,mit,mit,ADP,mo,8857,Torbern
8862,mir,mir,PRON,nk,8861,mit
8863,!,--,PUNCT,punct,8857,Torbern
8864,«,--,PUNCT,punct,8857,Torbern
8865,–,--,PUNCT,ROOT,8865,–
8866,Elis,elis,PROPN,sb,8867,nahm
8867,nahm,nehmen,VERB,oc,8875,zündete
8868,Stahl,Stahl,NOUN,oa,8867,nahm
8869,und,und,CCONJ,cd,8868,Stahl
8870,Stein,Stein,NOUN,cj,8869,und
8871,aus,aus,ADP,mo,8867,nahm
8872,der,der,DET,nk,8873,Tasche
8873,Tasche,Tasche,NOUN,nk,8871,aus
8874,",",--,PUNCT,punct,8875,zündete
8875,zündete,zünden,VERB,ROOT,8875,zündete
8876,sein,sein,DET,nk,8877,Grubenlicht
8877,Grubenlicht,Grubenlicht,NOUN,sb,8875,zündete
8878,an,an,ADP,svp,8875,zündete
8879,und,und,CCONJ,cd,8875,zündete
8880,stieg,steigen,VERB,cj,8879,und
8881,hinab,hinab,ADV,mo,8882,in
8882,in,in,ADP,ROOT,8882,in
8883,den,der,DET,nk,8884,Schacht
8884,Schacht,Schacht,NOUN,nk,8882,in
8885,",",--,PUNCT,punct,8884,Schacht
8886,den,der,PRON,oa,8889,befahren
8887,er,er,PRON,sb,8889,befahren
8888,gestern,gestern,ADV,mo,8889,befahren
8889,befahren,befahren,VERB,rc,8884,Schacht
8890,",",--,PUNCT,punct,8884,Schacht
8891,ohne,ohne,ADP,ac,8896,sehen
8892,daß,daß,SCONJ,cp,8896,sehen
8893,sich,sich,PRON,oa,8896,sehen
8894,der,der,DET,nk,8895,Alte
8895,Alte,alte,NOUN,sb,8896,sehen
8896,sehen,sehen,VERB,ROOT,8896,sehen
8897,ließ,lassen,VERB,ROOT,8897,ließ
8898,.,--,PUNCT,punct,8897,ließ
8899,Wie,wie,ADV,mo,8900,ward
8900,ward,werden,VERB,ROOT,8900,ward
8901,ihm,ihm,PRON,da,8900,ward
8902,",",--,PUNCT,punct,8900,ward
8903,als,als,SCONJ,cm,8909,deutlich
8904,er,er,PRON,sb,8909,deutlich
8905,in,in,ADP,mo,8909,deutlich
8906,der,der,DET,nk,8908,Teufe
8907,tiefsten,tief,ADJ,nk,8908,Teufe
8908,Teufe,Teufe,NOUN,nk,8905,in
8909,deutlich,deutlich,ADV,mo,8900,ward
8910,und,und,CCONJ,cd,8909,deutlich
8911,klar,klar,ADV,cj,8910,und
8912,den,der,DET,dep,8900,ward
8913,Trappgang,Trappgang,PROPN,oa,8914,erblickte
8914,erblickte,erblicken,VERB,ROOT,8914,erblickte
8915,",",--,PUNCT,punct,8914,erblickte
8916,so,so,ADV,mo,8920,Salbänder
8917,daß,daß,SCONJ,cp,8920,Salbänder
8918,er,er,PRON,sb,8920,Salbänder
8919,seiner,sein,DET,nk,8920,Salbänder
8920,Salbänder,Salbänd,NOUN,cj,8914,erblickte
8921,",",--,PUNCT,punct,8920,Salbänder
8922,Streichen,Streiche,NOUN,cj,8920,Salbänder
8923,und,und,CCONJ,cd,8922,Streichen
8924,Fallen,Falle,NOUN,cj,8923,und
8925,zu,zu,ADP,svp,8914,erblickte
8926,erkennen,erkennen,VERB,oc,8927,vermochte
8927,vermochte,vermögen,VERB,ROOT,8927,vermochte
8928,.,--,PUNCT,punct,8927,vermochte
8929,Doch,doch,CCONJ,ju,8936,Blick
8930,als,als,SCONJ,punct,8936,Blick
8931,er,er,PRON,nk,8930,als
8932,fester,fest,ADV,mo,8936,Blick
8933,und,und,CCONJ,cd,8932,fester
8934,fester,fest,ADV,cj,8933,und
8935,den,der,DET,nk,8936,Blick
8936,Blick,Blick,NOUN,ROOT,8936,Blick
8937,auf,auf,ADP,mnr,8936,Blick
8938,die,der,DET,nk,8940,Ader
8939,wunderbare,wunderbar,ADJ,nk,8940,Ader
8940,Ader,Ader,NOUN,nk,8937,auf
8941,im,in,ADP,mnr,8940,Ader
8942,Gestein,Gestein,NOUN,nk,8941,im
8943,richtete,richten,VERB,pd,8945,war
8944,",",--,PUNCT,punct,8945,war
8945,war,sein,AUX,ROOT,8945,war
8946,es,es,PRON,sb,8945,war
8947,",",--,PUNCT,punct,8945,war
8948,als,als,SCONJ,cm,8949,ginge
8949,ginge,gehen,VERB,mo,8945,war
8950,ein,ein,DET,nk,8952,Licht
8951,blendendes,blendend,ADJ,nk,8952,Licht
8952,Licht,Licht,NOUN,sb,8949,ginge
8953,durch,durch,ADP,mnr,8952,Licht
8954,den,der,DET,nk,8956,Schacht
8955,ganzen,ganz,ADJ,nk,8956,Schacht
8956,Schacht,Schacht,NOUN,nk,8953,durch
8957,",",--,PUNCT,punct,8945,war
8958,und,und,CCONJ,cd,8945,war
8959,seine,sein,DET,nk,8960,Wände
8960,Wände,Wand,NOUN,sb,8961,wurden
8961,wurden,werden,AUX,ROOT,8961,wurden
8962,durchsichtig,durchsichtig,ADV,pd,8961,wurden
8963,wie,wie,ADP,cm,8966,Kristall
8964,der,der,DET,nk,8966,Kristall
8965,reinste,reinst,ADJ,nk,8966,Kristall
8966,Kristall,Kristall,NOUN,cc,8962,durchsichtig
8967,.,--,PUNCT,punct,8961,wurden
8968,Jener,Jener,PRON,sb,8969,verhängnisvolle
8969,verhängnisvolle,verhängnisvollen,VERB,ROOT,8969,verhängnisvolle
8970,Traum,Traum,NOUN,mo,8975,geträumt
8971,den,der,PRON,oa,8975,geträumt
8972,er,er,PRON,sb,8975,geträumt
8973,in,in,ADP,mo,8975,geträumt
8974,Göthaborg,Göthaborg,PROPN,nk,8973,in
8975,geträumt,träumen,VERB,sb,8977,kam
8976,",",--,PUNCT,punct,8977,kam
8977,kam,kommen,VERB,ROOT,8977,kam
8978,zurück,zurück,ADV,svp,8977,kam
8979,.,--,PUNCT,punct,8977,kam
8980,Er,er,PRON,sb,8981,blickt
8981,blickt,blicken,VERB,ROOT,8981,blickt
8982,in,in,ADP,mo,8981,blickt
8983,die,der,DET,nk,8984,paradiesische
8984,paradiesische,paradiesisch,ADJ,nk,8982,in
8985,Gefilde,Gefilde,NOUN,ROOT,8985,Gefilde
8986,der,der,DET,nk,8988,Metallbäume
8987,herrlichsten,herrlichst,ADJ,nk,8988,Metallbäume
8988,Metallbäume,Metallbaum,NOUN,ag,8985,Gefilde
8989,und,und,CCONJ,cd,8988,Metallbäume
8990,Pflanzen,Pflanze,NOUN,cj,8989,und
8991,",",--,PUNCT,punct,8988,Metallbäume
8992,an,an,ADP,op,8985,Gefilde
8993,denen,der,PRON,nk,8992,an
8994,wie,wie,ADP,cm,8995,Früchte
8995,Früchte,Frucht,NOUN,cc,8993,denen
8996,",",--,PUNCT,punct,8995,Früchte
8997,Blüten,Blüte,NOUN,cj,8995,Früchte
8998,und,und,CCONJ,ju,9002,hingen
8999,Blumen,Blume,NOUN,sb,9002,hingen
9000,feuerstrahlende,feuerstrahlend,ADJ,nk,9001,Steine
9001,Steine,Stein,NOUN,oa,9002,hingen
9002,hingen,hingen,VERB,ROOT,9002,hingen
9003,.,--,PUNCT,punct,9002,hingen
9004,Er,er,PRON,sb,9005,sah
9005,sah,sehen,VERB,ROOT,9005,sah
9006,die,der,DET,nk,9007,Jungfrauen
9007,Jungfrauen,Jungfraue,NOUN,oa,9005,sah
9008,",",--,PUNCT,punct,9005,sah
9009,er,er,PRON,sb,9010,schaute
9010,schaute,schauten,VERB,oc,9005,sah
9011,das,der,PRON,oa,9010,schaute
9012,hohe,hoch,ADJ,nk,9013,Antlitz
9013,Antlitz,Antlitz,PROPN,ROOT,9013,Antlitz
9014,der,der,DET,nk,9016,Königin
9015,mächtigen,mächtig,ADJ,nk,9016,Königin
9016,Königin,Königin,NOUN,ag,9013,Antlitz
9017,.,--,PUNCT,punct,9013,Antlitz
9018,Sie,sie,PRON,sb,9019,erfaßte
9019,erfaßte,erfassen,VERB,ROOT,9019,erfaßte
9020,ihn,ihn,PRON,oa,9019,erfaßte
9021,",",--,PUNCT,punct,9019,erfaßte
9022,zog,ziehen,VERB,cj,9019,erfaßte
9023,ihn,ihn,PRON,oa,9022,zog
9024,hinab,hinab,ADV,svp,9022,zog
9025,",",--,PUNCT,punct,9019,erfaßte
9026,drückte,drücken,VERB,cj,9019,erfaßte
9027,ihn,ihn,PRON,oa,9026,drückte
9028,an,an,ADP,mo,9033,durchzuckte
9029,ihre,ihr,DET,nk,9030,Brust
9030,Brust,Brust,NOUN,nk,9028,an
9031,",",--,PUNCT,punct,9033,durchzuckte
9032,da,da,ADV,mo,9033,durchzuckte
9033,durchzuckte,durchzucken,VERB,ROOT,9033,durchzuckte
9034,ein,ein,DET,nk,9036,Strahl
9035,glühender,glühend,ADJ,nk,9036,Strahl
9036,Strahl,Strahl,NOUN,sb,9033,durchzuckte
9037,sein,sein,DET,nk,9038,Inneres
9038,Inneres,Innere,NOUN,oa,9033,durchzuckte
9039,",",--,PUNCT,punct,9033,durchzuckte
9040,und,und,CCONJ,cd,9033,durchzuckte
9041,sein,sein,DET,cj,9040,und
9042,Bewußtsein,Bewußtsein,NOUN,pd,9043,war
9043,war,sein,AUX,ROOT,9043,war
9044,nur,nur,ADV,mo,9046,Gefühl
9045,das,der,DET,nk,9046,Gefühl
9046,Gefühl,Gefühl,NOUN,sb,9043,war
9047,",",--,PUNCT,punct,9046,Gefühl
9048,als,als,SCONJ,cm,9049,schwämme
9049,schwämme,schwämmen,VERB,mnr,9046,Gefühl
9050,er,er,PRON,sb,9049,schwämme
9051,in,in,ADP,mo,9055,blauen
9052,den,der,DET,nk,9053,Wogen
9053,Wogen,Woge,NOUN,nk,9051,in
9054,einer,ein,DET,nk,9055,blauen
9055,blauen,blau,ADJ,mo,9049,schwämme
9056,",",--,PUNCT,punct,9043,war
9057,durchsichtig,durchsichtig,ADV,mo,9058,funkelnden
9058,funkelnden,funkelnd,ADJ,nk,9059,Nebels
9059,Nebels,Nebel,NOUN,ROOT,9059,Nebels
9060,.,--,PUNCT,punct,9059,Nebels
9061,–,--,PUNCT,ROOT,9061,–
9062,»,--,PUNCT,punct,9064,Fröbom
9063,Elis,Elis,PROPN,pnc,9064,Fröbom
9064,Fröbom,Fröbom,PROPN,sb,9071,rief
9065,",",--,PUNCT,punct,9064,Fröbom
9066,Elis,Elis,PROPN,pnc,9067,Fröbom
9067,Fröbom,Fröbom,PROPN,cj,9064,Fröbom
9068,!,--,PUNCT,punct,9064,Fröbom
9069,«,--,PUNCT,punct,9064,Fröbom
9070,–,--,PUNCT,punct,9071,rief
9071,rief,rufen,VERB,ROOT,9071,rief
9072,eine,ein,DET,nk,9074,Stimme
9073,starke,stark,ADJ,nk,9074,Stimme
9074,Stimme,Stimme,NOUN,oa,9071,rief
9075,von,von,ADP,mnr,9074,Stimme
9076,oben,oben,ADV,nk,9075,von
9077,herab,herab,ADV,mo,9071,rief
9078,",",--,PUNCT,punct,9071,rief
9079,und,und,CCONJ,cd,9071,rief
9080,der,der,DET,cj,9079,und
9081,Widerschein,Widerschein,NOUN,sb,9084,fiel
9082,von,von,ADP,pg,9081,Widerschein
9083,Fackeln,Fackel,NOUN,nk,9082,von
9084,fiel,fallen,VERB,ROOT,9084,fiel
9085,in,in,ADP,mo,9084,fiel
9086,den,der,DET,nk,9087,Schacht
9087,Schacht,Schacht,NOUN,nk,9085,in
9088,.,--,PUNCT,punct,9084,fiel
9089,Pehrson,Pehrson,PROPN,pnc,9090,Dahlsjö
9090,Dahlsjö,Dahlsjö,PROPN,sb,9092,war
9091,selbst,selbst,ADV,mnr,9090,Dahlsjö
9092,war,sein,AUX,ROOT,9092,war
9093,es,es,PRON,pd,9092,war
9094,",",--,PUNCT,punct,9093,es
9095,der,der,PRON,pd,9092,war
9096,mit,mit,ADP,mo,9099,hinabkam
9097,dem,der,DET,nk,9098,Steiger
9098,Steiger,Steiger,NOUN,nk,9096,mit
9099,hinabkam,hinabkommen,VERB,ROOT,9099,hinabkam
9100,",",--,PUNCT,punct,9099,hinabkam
9101,um,um,SCONJ,mo,9099,hinabkam
9102,den,der,DET,nk,9103,Jüngling
9103,Jüngling,Jüngling,NOUN,nk,9101,um
9104,",",--,PUNCT,punct,9103,Jüngling
9105,den,der,PRON,oa,9111,nach
9106,sie,sie,PRON,nk,9111,nach
9107,wie,wie,ADP,cm,9108,im
9108,im,in,ADP,mnr,9106,sie
9109,hellen,hell,ADJ,nk,9110,Wahnsinn
9110,Wahnsinn,Wahnsinn,NOUN,nk,9108,im
9111,nach,nach,ADP,mo,9099,hinabkam
9112,der,der,DET,nk,9113,Pinge
9113,Pinge,Pinge,NOUN,da,9114,rennen
9114,rennen,rennen,VERB,ROOT,9114,rennen
9115,gesehen,sehen,VERB,mo,9114,rennen
9116,",",--,PUNCT,punct,9114,rennen
9117,zu,zu,PART,pm,9118,suchen
9118,suchen,suchen,VERB,oc,9114,rennen
9119,.,--,PUNCT,punct,9114,rennen
9120,–,--,PUNCT,ROOT,9120,–
9121,Sie,sie,PRON,sb,9122,fanden
9122,fanden,finden,VERB,ROOT,9122,fanden
9123,ihn,ihn,PRON,oa,9122,fanden
9124,wie,wie,ADP,cm,9125,erstarrt
9125,erstarrt,erstarren,VERB,mo,9126,stehend
9126,stehend,stehend,ADV,mo,9122,fanden
9127,",",--,PUNCT,punct,9122,fanden
9128,das,der,DET,nk,9129,Gesicht
9129,Gesicht,Gesicht,NOUN,oa,9130,gedrückt
9130,gedrückt,drücken,VERB,cj,9122,fanden
9131,in,in,ADP,mo,9130,gedrückt
9132,das,der,DET,nk,9134,Gestein
9133,kalte,kalt,ADJ,nk,9134,Gestein
9134,Gestein,Gestein,NOUN,nk,9131,in
9135,.,--,PUNCT,punct,9122,fanden
9136,»,--,PUNCT,punct,9137,Was
9137,Was,was,PRON,oc,9140,rief
9138,«,--,PUNCT,punct,9137,Was
9139,",",--,PUNCT,punct,9140,rief
9140,rief,rufen,VERB,ROOT,9140,rief
9141,Pehrson,Pehrson,PROPN,sb,9140,rief
9142,ihn,ihn,PRON,oa,9140,rief
9143,an,an,ADP,svp,9140,rief
9144,",",--,PUNCT,punct,9140,rief
9145,»,--,PUNCT,punct,9147,machst
9146,was,was,PRON,oa,9147,machst
9147,machst,machen,VERB,oc,9140,rief
9148,du,du,PRON,sb,9147,machst
9149,hier,hier,ADV,mo,9147,machst
9150,unten,unten,ADV,mo,9147,machst
9151,zur,zu,ADP,mo,9147,machst
9152,Nachtzeit,Nachtzeit,NOUN,nk,9151,zur
9153,",",--,PUNCT,punct,9147,machst
9154,unbesonnener,unbesonnen,ADJ,nk,9156,Mensch
9155,junger,jung,ADJ,nk,9156,Mensch
9156,Mensch,Mensch,NOUN,ROOT,9156,Mensch
9157,!,--,PUNCT,punct,9156,Mensch
9158,–,--,PUNCT,punct,9159,Nimm
9159,Nimm,Nimm,PROPN,ROOT,9159,Nimm
9160,deine,dein,DET,nk,9161,Kraft
9161,Kraft,Kraft,NOUN,sb,9159,Nimm
9162,zusammen,zusammen,ADV,svp,9159,Nimm
9163,und,und,CCONJ,cd,9159,Nimm
9164,steige,steigen,VERB,cj,9163,und
9165,mit,mit,ADP,mo,9164,steige
9166,uns,uns,PRON,nk,9165,mit
9167,herauf,herauf,ADV,dm,9170,weiß
9168,",",--,PUNCT,punct,9170,weiß
9169,wer,wer,PRON,sb,9170,weiß
9170,weiß,wissen,VERB,ROOT,9170,weiß
9171,",",--,PUNCT,punct,9170,weiß
9172,was,was,PRON,oa,9176,erfahren
9173,du,du,PRON,sb,9177,wirst
9174,oben,oben,ADV,mo,9176,erfahren
9175,Gutes,Gut,NOUN,oa,9176,erfahren
9176,erfahren,erfahren,VERB,oc,9177,wirst
9177,wirst,wirst,AUX,oc,9170,weiß
9178,!,--,PUNCT,punct,9170,weiß
9179,«,--,PUNCT,punct,9170,weiß
9180,In,in,ADP,mo,9183,stieg
9181,tiefem,tief,ADJ,nk,9182,Schweigen
9182,Schweigen,schweigen,NOUN,nk,9180,In
9183,stieg,steigen,VERB,ROOT,9183,stieg
9184,Elis,Elis,PROPN,sb,9183,stieg
9185,herauf,herauf,ADV,svp,9183,stieg
9186,",",--,PUNCT,punct,9183,stieg
9187,in,in,ADP,mo,9190,folgte
9188,tiefem,tief,ADJ,nk,9189,Schweigen
9189,Schweigen,schweigen,NOUN,nk,9187,in
9190,folgte,folgen,VERB,cj,9183,stieg
9191,er,er,PRON,sb,9190,folgte
9192,dem,der,DET,da,9190,folgte
9193,Pehrson,Pehrson,PROPN,pnc,9194,Dahlsjö
9194,Dahlsjö,Dahlsjö,PROPN,ROOT,9194,Dahlsjö
9195,",",--,PUNCT,punct,9194,Dahlsjö
9196,der,der,PRON,sb,9198,aufhörte
9197,nicht,nicht,PART,ng,9198,aufhörte
9198,aufhörte,aufhört,VERB,rc,9194,Dahlsjö
9199,",",--,PUNCT,punct,9198,aufhörte
9200,ihn,ihn,PRON,oa,9202,auszuschelten
9201,tapfer,tapf,ADV,mo,9202,auszuschelten
9202,auszuschelten,auszuschelen,VERB,oc,9198,aufhörte
9203,",",--,PUNCT,punct,9202,auszuschelten
9204,daß,daß,SCONJ,cp,9207,in
9205,er,er,PRON,sb,9207,in
9206,sich,sich,PRON,oa,9207,in
9207,in,in,ADP,par,9194,Dahlsjö
9208,solche,solcher,DET,nk,9209,Gefahr
9209,Gefahr,Gefahr,NOUN,ROOT,9209,Gefahr
9210,begeben,begeben,VERB,oc,9209,Gefahr
9211,.,--,PUNCT,punct,9209,Gefahr
9212,Der,der,DET,nk,9213,Morgen
9213,Morgen,Morgen,NOUN,sb,9214,war
9214,war,sein,AUX,ROOT,9214,war
9215,hell,hell,ADV,mo,9216,aufgegangen
9216,aufgegangen,aufgehen,VERB,oc,9214,war
9217,",",--,PUNCT,punct,9216,aufgegangen
9218,als,als,SCONJ,cp,9222,traten
9219,sie,sie,PRON,sb,9222,traten
9220,ins,in,ADP,mo,9222,traten
9221,Haus,Haus,NOUN,nk,9220,ins
9222,traten,treten,VERB,mo,9214,war
9223,.,--,PUNCT,punct,9214,war
9224,Ulla,Ulla,PROPN,sb,9225,stürzte
9225,stürzte,stürzen,VERB,ROOT,9225,stürzte
9226,mit,mit,ADP,svp,9225,stürzte
9227,einem,ein,DET,nk,9229,Schrei
9228,lauten,laut,ADJ,nk,9229,Schrei
9229,Schrei,Schrei,NOUN,ROOT,9229,Schrei
9230,dem,der,DET,nk,9231,Elis
9231,Elis,Elis,NOUN,ag,9229,Schrei
9232,an,an,ADP,mnr,9229,Schrei
9233,die,der,DET,nk,9234,Brust
9234,Brust,Brust,NOUN,nk,9232,an
9235,und,und,CCONJ,ROOT,9235,und
9236,nannte,nennen,VERB,cj,9235,und
9237,ihn,ihn,PRON,oa,9236,nannte
9238,mit,mit,ADP,mo,9236,nannte
9239,den,der,DET,nk,9240,süßesten
9240,süßesten,Süßest,NOUN,nk,9238,mit
9241,Namen,Name,NOUN,ROOT,9241,Namen
9242,.,--,PUNCT,punct,9241,Namen
9243,Aber,aber,CCONJ,ju,9246,sprach
9244,Pehrson,Pehrson,PROPN,pnc,9245,Dahlsjö
9245,Dahlsjö,Dahlsjö,PROPN,sb,9246,sprach
9246,sprach,sprechen,VERB,ROOT,9246,sprach
9247,zu,zu,ADP,mo,9246,sprach
9248,Elis,Elis,PROPN,nk,9247,zu
9249,:,--,PUNCT,punct,9246,sprach
9250,»,--,PUNCT,punct,9252,Tor
9251,Du,du,PRON,nk,9252,Tor
9252,Tor,Tor,NOUN,mo,9254,mußte
9253,!,--,PUNCT,punct,9254,mußte
9254,mußte,müssen,AUX,ROOT,9254,mußte
9255,ich,ich,PRON,sb,9254,mußte
9256,es,es,PRON,oa,9254,mußte
9257,denn,denn,ADV,mo,9254,mußte
9258,nicht,nicht,PART,ng,9254,mußte
9259,längst,längst,ADV,mo,9260,wissen
9260,wissen,wissen,VERB,ROOT,9260,wissen
9261,",",--,PUNCT,punct,9260,wissen
9262,daß,daß,SCONJ,cp,9265,liebtest
9263,du,du,PRON,sb,9265,liebtest
9264,Ulla,Ulla,PROPN,oa,9265,liebtest
9265,liebtest,Liebtest,VERB,oc,9260,wissen
9266,und,und,CCONJ,cd,9265,liebtest
9267,wohl,wohl,ADV,mo,9269,ihretwegen
9268,nur,nur,ADV,mo,9269,ihretwegen
9269,ihretwegen,ihretwegen,ADV,cj,9266,und
9270,mit,mit,ADP,mo,9269,ihretwegen
9271,so,so,ADV,mo,9272,vielem
9272,vielem,vieler,ADJ,nk,9273,Fleiß
9273,Fleiß,Fleiß,NOUN,nk,9270,mit
9274,und,und,CCONJ,ROOT,9274,und
9275,Eifer,Eifer,NOUN,cj,9274,und
9276,in,in,ADP,mnr,9275,Eifer
9277,der,der,DET,nk,9278,Grube
9278,Grube,Grube,NOUN,nk,9276,in
9279,arbeitetest,arbeitetest,ADV,pd,9275,Eifer
9280,?,--,PUNCT,ROOT,9280,?
9281,Mußte,Müssen,VERB,ROOT,9281,Mußte
9282,ich,ich,PRON,sb,9281,Mußte
9283,nicht,nicht,PART,ng,9281,Mußte
9284,längst,längst,ADV,mo,9281,Mußte
9285,gewahren,gewahren,VERB,oc,9281,Mußte
9286,",",--,PUNCT,punct,9285,gewahren
9287,daß,daß,SCONJ,uc,9281,Mußte
9288,auch,auch,ADV,mo,9287,daß
9289,Ulla,Ulla,PROPN,sb,9291,liebte
9290,dich,dich,PRON,mo,9291,liebte
9291,liebte,lieben,VERB,ROOT,9291,liebte
9292,recht,Recht,NOUN,mo,9291,liebte
9293,aus,aus,ADP,mo,9291,liebte
9294,dem,der,DET,nk,9296,Herzensgrunde
9295,tiefsten,tief,ADJ,nk,9296,Herzensgrunde
9296,Herzensgrunde,Herzensgrunde,NOUN,nk,9293,aus
9297,?,--,PUNCT,punct,9291,liebte
9298,Konnte,Konnte,AUX,ROOT,9298,Konnte
9299,ich,ich,PRON,sb,9298,Konnte
9300,mit,mit,ADP,mo,9298,Konnte
9301,einen,ein,DET,nk,9300,mit
9302,bessern,bessern,VERB,ROOT,9302,bessern
9303,Eidam,Eidam,PROPN,sb,9304,wünschen
9304,wünschen,wünschen,VERB,ROOT,9304,wünschen
9305,als,als,ADP,cm,9307,tüchtigen
9306,einen,ein,DET,nk,9307,tüchtigen
9307,tüchtigen,Tüchtig,NOUN,nk,9312,Bergmann
9308,",",--,PUNCT,punct,9307,tüchtigen
9309,fleißigen,Fleißig,NOUN,cj,9307,tüchtigen
9310,",",--,PUNCT,punct,9307,tüchtigen
9311,frommen,fromm,ADJ,cj,9307,tüchtigen
9312,Bergmann,Bergmann,NOUN,oa,9304,wünschen
9313,",",--,PUNCT,punct,9304,wünschen
9314,als,als,ADP,mo,9304,wünschen
9315,eben,eben,ADV,mo,9316,dich
9316,dich,dich,PRON,ROOT,9316,dich
9317,",",--,PUNCT,punct,9316,dich
9318,mein,mein,DET,nk,9320,Elis
9319,braver,brav,ADJ,nk,9320,Elis
9320,Elis,Elis,NOUN,app,9316,dich
9321,?,--,PUNCT,punct,9316,dich
9322,–,--,PUNCT,punct,9326,schwiegt
9323,Aber,aber,CCONJ,ju,9326,schwiegt
9324,daß,daß,SCONJ,cp,9326,schwiegt
9325,ihr,ihr,PRON,da,9326,schwiegt
9326,schwiegt,schwiegen,VERB,ROOT,9326,schwiegt
9327,",",--,PUNCT,punct,9326,schwiegt
9328,das,der,PRON,sb,9329,ärgerte
9329,ärgerte,ärgern,VERB,rc,9326,schwiegt
9330,",",--,PUNCT,punct,9329,ärgerte
9331,das,der,PRON,oa,9332,kränkte
9332,kränkte,kränken,ADJ,rc,9326,schwiegt
9333,mich,mich,PRON,ROOT,9333,mich
9334,.,--,PUNCT,punct,9333,mich
9335,«,--,PUNCT,punct,9333,mich
9336,–,--,PUNCT,punct,9338,Haben
9337,»,--,PUNCT,punct,9338,Haben
9338,Haben,haben,AUX,rs,9342,unterbrach
9339,wir,wir,PRON,sb,9338,Haben
9340,«,--,PUNCT,punct,9338,Haben
9341,",",--,PUNCT,punct,9342,unterbrach
9342,unterbrach,unterbrechen,VERB,ROOT,9342,unterbrach
9343,Ulla,Ulla,PROPN,sb,9342,unterbrach
9344,den,der,DET,nk,9345,Vater
9345,Vater,Vater,NOUN,oa,9342,unterbrach
9346,",",--,PUNCT,punct,9342,unterbrach
9347,»,--,PUNCT,punct,9348,haben
9348,haben,haben,AUX,dep,9342,unterbrach
9349,wir,wir,PRON,sb,9348,haben
9350,denn,denn,ADV,mo,9348,haben
9351,selbst,selbst,ADV,mo,9348,haben
9352,gewußt,wissen,VERB,oc,9348,haben
9353,",",--,PUNCT,punct,9348,haben
9354,daß,daß,SCONJ,cp,9359,liebten
9355,wir,wir,PRON,sb,9359,liebten
9356,uns,sich,PRON,oa,9359,liebten
9357,so,so,ADV,mo,9358,unaussprechlich
9358,unaussprechlich,unaussprechlich,ADV,mo,9359,liebten
9359,liebten,lieben,VERB,ROOT,9359,liebten
9360,?,--,PUNCT,punct,9359,liebten
9361,«,--,PUNCT,punct,9359,liebten
9362,–,--,PUNCT,punct,9364,Mag
9363,»,--,PUNCT,punct,9364,Mag
9364,Mag,mögen,VERB,oc,9367,fuhr
9365,«,--,PUNCT,punct,9364,Mag
9366,",",--,PUNCT,punct,9367,fuhr
9367,fuhr,fahren,VERB,ROOT,9367,fuhr
9368,Pehrson,Pehrson,PROPN,pnc,9369,Dahlsjö
9369,Dahlsjö,Dahlsjö,PROPN,sb,9367,fuhr
9370,fort,fort,ADV,svp,9367,fuhr
9371,",",--,PUNCT,punct,9367,fuhr
9372,»,--,PUNCT,punct,9373,mag
9373,mag,mögen,AUX,ROOT,9373,mag
9374,dem,der,PRON,da,9375,sein
9375,sein,sein,AUX,oc,9373,mag
9376,",",--,PUNCT,punct,9373,mag
9377,wie,wie,SCONJ,mo,9379,wolle
9378,ihm,ihm,PRON,da,9379,wolle
9379,wolle,wollen,VERB,sb,9373,mag
9380,",",--,PUNCT,punct,9379,wolle
9381,genug,genug,PRON,dep,9379,wolle
9382,",",--,PUNCT,punct,9373,mag
9383,ich,ich,PRON,sb,9384,ärgerte
9384,ärgerte,ärgern,VERB,cj,9373,mag
9385,mich,mich,PRON,oa,9384,ärgerte
9386,",",--,PUNCT,punct,9384,ärgerte
9387,daß,daß,SCONJ,cp,9388,Elis
9388,Elis,Elis,PROPN,ROOT,9388,Elis
9389,nicht,nicht,PART,ng,9390,offen
9390,offen,offen,ADV,pd,9388,Elis
9391,und,und,CCONJ,cd,9390,offen
9392,ehrlich,ehrlich,ADV,mo,9398,sprach
9393,von,von,ADP,op,9398,sprach
9394,seiner,sein,DET,nk,9395,Liebe
9395,Liebe,Liebe,NOUN,nk,9393,von
9396,zu,zu,ADP,mo,9398,sprach
9397,mir,mir,PRON,nk,9396,zu
9398,sprach,sprechen,VERB,ROOT,9398,sprach
9399,",",--,PUNCT,punct,9398,sprach
9400,und,und,CCONJ,cd,9398,sprach
9401,deshalb,deshalb,ADV,mo,9400,und
9402,und,und,CCONJ,cd,9401,deshalb
9403,weil,weil,SCONJ,cj,9402,und
9404,ich,ich,PRON,sb,9403,weil
9405,dein,dein,DET,nk,9406,Herz
9406,Herz,Herz,NOUN,oa,9398,sprach
9407,auch,auch,ADV,mo,9398,sprach
9408,prüfen,prüfen,VERB,oc,9409,wollte
9409,wollte,wollen,AUX,mo,9411,förderte
9410,",",--,PUNCT,punct,9411,förderte
9411,förderte,fördern,VERB,ROOT,9411,förderte
9412,ich,ich,PRON,sb,9411,förderte
9413,gestern,gestern,ADV,mo,9411,förderte
9414,das,der,DET,nk,9415,Märchen
9415,Märchen,Märchen,NOUN,oa,9411,förderte
9416,mit,mit,ADP,mo,9411,förderte
9417,Herrn,Herr,NOUN,nk,9416,mit
9418,Eric,Eric,PROPN,pnc,9419,Olawsen
9419,Olawsen,Olawsen,PROPN,nk,9417,Herrn
9420,zutage,zutage,ADV,mo,9411,förderte
9421,",",--,PUNCT,punct,9411,förderte
9422,worüber,worüber,SCONJ,mo,9426,gegangen
9423,du,du,PRON,sb,9426,gegangen
9424,bald,bald,ADV,mo,9426,gegangen
9425,zugrunde,zugrunde,ADV,mo,9426,gegangen
9426,gegangen,gehen,VERB,ROOT,9426,gegangen
9427,wärst,Wärst,NOUN,mo,9426,gegangen
9428,.,--,PUNCT,punct,9426,gegangen
9429,Du,du,PRON,nk,9431,Mensch
9430,toller,tolle,ADJ,nk,9431,Mensch
9431,Mensch,Mensch,NOUN,ROOT,9431,Mensch
9432,!,--,PUNCT,punct,9431,Mensch
9433,–,--,PUNCT,punct,9434,Herr
9434,Herr,Herr,NOUN,app,9431,Mensch
9435,Eric,Eric,PROPN,pnc,9436,Olawsen
9436,Olawsen,Olawsen,PROPN,nk,9434,Herr
9437,ist,sein,AUX,ROOT,9437,ist
9438,ja,ja,ADV,mo,9440,verheiratet
9439,längst,längst,ADV,mo,9440,verheiratet
9440,verheiratet,verheiraten,VERB,pd,9437,ist
9441,",",--,PUNCT,punct,9437,ist
9442,und,und,CCONJ,cd,9437,ist
9443,dir,dir,PRON,cj,9442,und
9444,",",--,PUNCT,punct,9443,dir
9445,braver,brav,ADJ,nk,9446,Elis
9446,Elis,Elis,NOUN,cj,9443,dir
9447,Fröbom,Fröbom,PROPN,nk,9446,Elis
9448,",",--,PUNCT,punct,9449,gebe
9449,gebe,geben,VERB,cj,9442,und
9450,ich,ich,PRON,sb,9449,gebe
9451,meine,mein,DET,nk,9452,Tochter
9452,Tochter,Tochter,NOUN,oa,9449,gebe
9453,zum,zu,ADP,ROOT,9453,zum
9454,Weibe,Weibe,NOUN,nk,9453,zum
9455,",",--,PUNCT,punct,9453,zum
9456,denn,denn,CCONJ,cd,9453,zum
9457,ich,ich,PRON,sb,9458,wiederhole
9458,wiederhole,wiederholen,VERB,cj,9456,denn
9459,es,es,PRON,oa,9458,wiederhole
9460,",",--,PUNCT,punct,9458,wiederhole
9461,keinen,kein,DET,nk,9463,Schwiegersohn
9462,bessern,bessern,ADJ,nk,9463,Schwiegersohn
9463,Schwiegersohn,Schwiegersohn,NOUN,oa,9464,konnt
9464,konnt,konnen,VERB,oc,9458,wiederhole
9465,`,--,PUNCT,punct,9466,ich
9466,ich,ich,PRON,nk,9453,zum
9467,mir,sich,PRON,da,9453,zum
9468,wünschen,wünschen,VERB,ROOT,9468,wünschen
9469,.,--,PUNCT,punct,9468,wünschen
9470,«,--,PUNCT,ROOT,9470,«
9471,Dem,der,DET,nk,9472,Elis
9472,Elis,Elis,NOUN,da,9473,rannten
9473,rannten,rannen,VERB,ROOT,9473,rannten
9474,die,der,DET,nk,9475,Tränen
9475,Tränen,Träne,NOUN,sb,9473,rannten
9476,herab,herab,ADV,mo,9473,rannten
9477,vor,vor,ADP,mo,9473,rannten
9478,lauter,laut,DET,nk,9479,Wonne
9479,Wonne,Wonne,NOUN,nk,9477,vor
9480,und,und,CCONJ,cd,9479,Wonne
9481,Freude,Freude,NOUN,cj,9480,und
9482,.,--,PUNCT,punct,9473,rannten
9483,Alles,alle,PRON,ROOT,9483,Alles
9484,Lebensglück,Lebensglück,PROPN,sb,9485,war
9485,war,sein,AUX,ROOT,9485,war
9486,so,so,ADV,mo,9487,unerwartet
9487,unerwartet,unerwartet,ADV,mo,9490,herabgekommen
9488,auf,auf,ADP,mo,9490,herabgekommen
9489,ihn,ihn,PRON,nk,9488,auf
9490,herabgekommen,herabgekommen,VERB,oc,9485,war
9491,",",--,PUNCT,punct,9485,war
9492,und,und,CCONJ,cd,9485,war
9493,es,es,PRON,sb,9494,mußte
9494,mußte,müssen,AUX,cj,9492,und
9495,ihm,ihm,PRON,da,9494,mußte
9496,beinahe,beinahe,ADV,mo,9494,mußte
9497,bedünken,Bedünke,VERB,ROOT,9497,bedünken
9498,",",--,PUNCT,punct,9497,bedünken
9499,er,er,PRON,sb,9500,stehe
9500,stehe,stehen,VERB,oc,9497,bedünken
9501,abermals,abermals,ADV,mo,9500,stehe
9502,im,in,ADP,mo,9500,stehe
9503,süßen,süß,ADJ,nk,9504,Traum
9504,Traum,Traum,NOUN,nk,9502,im
9505,!,--,PUNCT,punct,9497,bedünken
9506,–,--,PUNCT,ROOT,9506,–
9507,Auf,auf,ADP,ROOT,9507,Auf
9508,Pehrson,Pehrson,PROPN,pnc,9509,Dahlsjös
9509,Dahlsjös,Dahlsjös,PROPN,nk,9507,Auf
9510,Gebot,Gebot,NOUN,oa,9511,sammelten
9511,sammelten,sammeln,VERB,ROOT,9511,sammelten
9512,sich,sich,PRON,oa,9511,sammelten
9513,die,der,DET,nk,9514,Bergleute
9514,Bergleute,Bergleute,NOUN,sb,9511,sammelten
9515,mittags,mittags,ADV,mo,9511,sammelten
9516,zum,zu,ADP,mo,9511,sammelten
9517,frohen,frohe,ADJ,nk,9516,zum
9518,Mahl,Mahl,PROPN,ROOT,9518,Mahl
9519,.,--,PUNCT,punct,9518,Mahl
9520,Ulla,Ulla,PROPN,sb,9521,hatte
9521,hatte,haben,AUX,ROOT,9521,hatte
9522,sich,sich,PRON,oa,9527,gekleidet
9523,in,in,ADP,mo,9527,gekleidet
9524,ihren,ihr,DET,nk,9526,Schmuck
9525,schönsten,schön,ADJ,nk,9526,Schmuck
9526,Schmuck,Schmuck,NOUN,nk,9523,in
9527,gekleidet,kleiden,VERB,oc,9521,hatte
9528,und,und,CCONJ,cd,9521,hatte
9529,sah,sehen,VERB,cj,9528,und
9530,anmutiger,Anmutiger,NOUN,oa,9529,sah
9531,aus,aus,ADP,svp,9529,sah
9532,als,als,ADP,mo,9529,sah
9533,jemals,jemals,ADV,ROOT,9533,jemals
9534,",",--,PUNCT,punct,9533,jemals
9535,so,so,ADV,mo,9543,riefen
9536,daß,daß,SCONJ,cp,9543,riefen
9537,alle,alle,PRON,sb,9543,riefen
9538,ein,ein,DET,nk,9539,Mal
9539,Mal,Mal,NOUN,mo,9543,riefen
9540,über,über,ADP,mo,9543,riefen
9541,das,der,DET,nk,9542,andere
9542,andere,anderer,PRON,nk,9540,über
9543,riefen,rufen,VERB,mo,9533,jemals
9544,:,--,PUNCT,punct,9543,riefen
9545,»,--,PUNCT,punct,9546,Ei
9546,Ei,ei,NOUN,ROOT,9546,Ei
9547,",",--,PUNCT,punct,9546,Ei
9548,welche,welcher,DET,nk,9549,hochherrliche
9549,hochherrliche,hochherrlich,NOUN,cj,9546,Ei
9550,Braut,Braut,NOUN,pd,9556,erworben
9551,hat,haben,AUX,ROOT,9551,hat
9552,unser,unser,DET,nk,9554,Elis
9553,wackrer,wackrer,ADJ,nk,9554,Elis
9554,Elis,Elis,NOUN,sb,9551,hat
9555,Fröbom,Fröbom,PROPN,nk,9554,Elis
9556,erworben,erwerben,VERB,oc,9551,hat
9557,!,--,PUNCT,punct,9551,hat
9558,–,--,PUNCT,punct,9559,Nun
9559,Nun,nun,ADV,ROOT,9559,Nun
9560,!,--,PUNCT,punct,9559,Nun
9561,der,der,DET,nk,9562,Himmel
9562,Himmel,Himmel,NOUN,sb,9563,segne
9563,segne,segnen,VERB,ROOT,9563,segne
9564,beide,beide,PRON,oa,9563,segne
9565,in,in,ADP,mo,9563,segne
9566,ihrer,ihr,DET,nk,9567,Frömmigkeit
9567,Frömmigkeit,Frömmigkeit,NOUN,ROOT,9567,Frömmigkeit
9568,und,und,CCONJ,cd,9567,Frömmigkeit
9569,Tugend,Tugend,NOUN,cj,9568,und
9570,!,--,PUNCT,punct,9567,Frömmigkeit
9571,«,--,PUNCT,punct,9567,Frömmigkeit
9572,Auf,auf,ADP,mo,9577,lag
9573,Elis,Elis,PROPN,pnc,9574,Fröboms
9574,Fröboms,Fröbom,PROPN,ag,9576,Gesicht
9575,bleichem,bleich,ADJ,nk,9576,Gesicht
9576,Gesicht,Gesicht,NOUN,nk,9572,Auf
9577,lag,liegen,VERB,ROOT,9577,lag
9578,noch,noch,ADV,mo,9577,lag
9579,das,der,DET,nk,9580,Entsetzen
9580,Entsetzen,entsetzen,NOUN,sb,9577,lag
9581,der,der,DET,nk,9582,Nacht
9582,Nacht,Nacht,NOUN,ag,9580,Entsetzen
9583,",",--,PUNCT,punct,9577,lag
9584,und,und,CCONJ,cd,9577,lag
9585,oft,oft,ADV,mo,9577,lag
9586,starrte,starrn,VERB,ROOT,9586,starrte
9587,er,er,PRON,sb,9586,starrte
9588,vor,vor,ADP,mo,9586,starrte
9589,sich,sich,PRON,nk,9588,vor
9590,hin,hin,ADV,svp,9586,starrte
9591,",",--,PUNCT,punct,9586,starrte
9592,wie,wie,ADV,mo,9593,entrückt
9593,entrückt,entrückt,ADV,mo,9594,allem
9594,allem,alle,PRON,mo,9586,starrte
9595,",",--,PUNCT,punct,9594,allem
9596,was,was,PRON,sb,9598,umgab
9597,ihn,ihn,PRON,oa,9598,umgab
9598,umgab,umgeben,VERB,rc,9594,allem
9599,.,--,PUNCT,punct,9586,starrte
9600,»,--,PUNCT,punct,9602,ist
9601,Was,was,PRON,sb,9602,ist
9602,ist,sein,AUX,ROOT,9602,ist
9603,dir,dir,PRON,sb,9602,ist
9604,",",--,PUNCT,punct,9602,ist
9605,mein,mein,DET,nk,9606,Elis
9606,Elis,Elis,NOUN,pd,9602,ist
9607,?,--,PUNCT,punct,9602,ist
9608,«,--,PUNCT,punct,9602,ist
9609,fragte,fragen,ADJ,ROOT,9609,fragte
9610,Ulla,Ulla,PROPN,sb,9609,fragte
9611,.,--,PUNCT,punct,9609,fragte
9612,Elis,elis,ADV,mo,9613,drückte
9613,drückte,drücken,VERB,ROOT,9613,drückte
9614,sie,sie,PRON,sb,9613,drückte
9615,an,an,ADP,mo,9613,drückte
9616,seine,sein,DET,nk,9617,Brust
9617,Brust,Brust,NOUN,nk,9615,an
9618,und,und,CCONJ,cd,9613,drückte
9619,sprach,sprechen,VERB,ROOT,9619,sprach
9620,:,--,PUNCT,punct,9619,sprach
9621,»,--,PUNCT,punct,9624,ja
9622,Ja,ja,PART,dm,9624,ja
9623,",",--,PUNCT,punct,9624,ja
9624,ja,ja,INTJ,sb,9628,bist
9625,!,--,PUNCT,punct,9628,bist
9626,–,--,PUNCT,punct,9628,bist
9627,Du,du,PRON,sb,9628,bist
9628,bist,sein,AUX,rs,9619,sprach
9629,wirklich,wirklich,ADV,mo,9628,bist
9630,mein,mein,ADV,pd,9628,bist
9631,",",--,PUNCT,punct,9628,bist
9632,und,und,CCONJ,cd,9628,bist
9633,nun,nun,ADV,mo,9634,ist
9634,ist,sein,AUX,cj,9632,und
9635,ja,ja,ADV,mo,9634,ist
9636,alles,alle,PRON,sb,9634,ist
9637,gut,gut,ADV,pd,9634,ist
9638,!,--,PUNCT,punct,9619,sprach
9639,«,--,PUNCT,punct,9619,sprach
9640,–,--,PUNCT,ROOT,9640,–
9641,Mitten,mitten,ADV,mo,9642,in
9642,in,in,ADP,mo,9645,war
9643,aller,aller,DET,nk,9644,Wonnen
9644,Wonnen,Wonn,NOUN,nk,9642,in
9645,war,sein,AUX,ROOT,9645,war
9646,es,es,PRON,sb,9645,war
9647,dem,der,DET,nk,9648,Elis
9648,Elis,Elis,NOUN,da,9655,eine
9649,manchmal,manchmal,ADV,mo,9645,war
9650,",",--,PUNCT,punct,9645,war
9651,als,als,SCONJ,mo,9645,war
9652,griffe,griffe,NOUN,nk,9651,als
9653,auf,auf,ADP,mnr,9652,griffe
9654,einmal,einmal,ADV,nk,9653,auf
9655,eine,einer,PRON,pd,9645,war
9656,eiskalte,eiskaln,VERB,ROOT,9656,eiskalte
9657,Hand,Hand,NOUN,sb,9656,eiskalte
9658,in,in,ADP,mo,9656,eiskalte
9659,sein,sein,DET,nk,9660,Inneres
9660,Inneres,Innere,NOUN,nk,9658,in
9661,hinein,hinein,ADV,svp,9656,eiskalte
9662,",",--,PUNCT,punct,9656,eiskalte
9663,und,und,CCONJ,cd,9656,eiskalte
9664,eine,ein,DET,nk,9666,Stimme
9665,dunkle,dunkel,ADJ,nk,9666,Stimme
9666,Stimme,Stimme,NOUN,sb,9667,spräche
9667,spräche,sprächen,VERB,cj,9663,und
9668,:,--,PUNCT,punct,9667,spräche
9669,»,--,PUNCT,punct,9670,Ist
9670,Ist,sein,AUX,oc,9667,spräche
9671,es,es,PRON,sb,9670,Ist
9672,denn,denn,CCONJ,ROOT,9672,denn
9673,nun,nun,ADV,mo,9672,denn
9674,noch,noch,ADV,mo,9676,Höchstes
9675,dein,dein,DET,nk,9676,Höchstes
9676,Höchstes,Höchst,NOUN,cj,9672,denn
9677,",",--,PUNCT,punct,9676,Höchstes
9678,daß,daß,SCONJ,cp,9681,erworben
9679,du,du,PRON,sb,9681,erworben
9680,Ulla,Ulla,PROPN,oa,9681,erworben
9681,erworben,erwerben,VERB,oc,9676,Höchstes
9682,?,--,PUNCT,punct,9672,denn
9683,Du,du,PRON,nk,9685,Tor
9684,armer,arm,VERB,nk,9685,Tor
9685,Tor,Tor,NOUN,ROOT,9685,Tor
9686,!,--,PUNCT,punct,9685,Tor
9687,–,--,PUNCT,ROOT,9687,–
9688,Hast,Hast,AUX,ROOT,9688,Hast
9689,du,du,PRON,sb,9688,Hast
9690,nicht,nicht,PART,ng,9692,Antlitz
9691,das,der,DET,nk,9692,Antlitz
9692,Antlitz,Antlitz,NOUN,ROOT,9692,Antlitz
9693,der,der,DET,nk,9694,Königin
9694,Königin,Königin,NOUN,ag,9692,Antlitz
9695,geschaut,schauen,VERB,oc,9692,Antlitz
9696,?,--,PUNCT,punct,9692,Antlitz
9697,«,--,PUNCT,punct,9692,Antlitz
9698,–,--,PUNCT,ROOT,9698,–
9699,Er,er,PRON,sb,9700,fühlte
9700,fühlte,fühlen,VERB,ROOT,9700,fühlte
9701,sich,sich,PRON,oa,9700,fühlte
9702,beinahe,beinahe,ADV,mo,9703,übermannt
9703,übermannt,übermannt,ADV,mo,9700,fühlte
9704,von,von,ADP,sbp,9703,übermannt
9705,einer,ein,DET,nk,9707,Angst
9706,unbeschreiblichen,unbeschreiblich,ADJ,nk,9707,Angst
9707,Angst,Angst,NOUN,nk,9704,von
9708,",",--,PUNCT,punct,9700,fühlte
9709,der,der,DET,nk,9710,Gedanke
9710,Gedanke,Gedanke,NOUN,cj,9700,fühlte
9711,peinigte,peinigen,VERB,ROOT,9711,peinigte
9712,ihn,ihn,PRON,oa,9711,peinigte
9713,",",--,PUNCT,punct,9711,peinigte
9714,es,es,PRON,ep,9715,werde
9715,werde,werden,AUX,oc,9711,peinigte
9716,nun,nun,ADV,mo,9715,werde
9717,plötzlich,plötzlich,ADV,mo,9715,werde
9718,einer,einer,DET,sb,9715,werde
9719,von,von,ADP,pg,9718,einer
9720,den,der,DET,nk,9721,Bergleuten
9721,Bergleuten,Bergleute,NOUN,nk,9719,von
9722,riesengroß,riesengroß,ADV,mo,9715,werde
9723,sich,sich,PRON,oa,9711,peinigte
9724,vor,vor,ADP,mo,9726,erheben
9725,ihm,ihm,PRON,nk,9724,vor
9726,erheben,erheben,VERB,ROOT,9726,erheben
9727,",",--,PUNCT,punct,9726,erheben
9728,und,und,CCONJ,cd,9726,erheben
9729,er,er,PRON,sb,9730,werde
9730,werde,werden,AUX,cj,9728,und
9731,zu,zu,ADP,mo,9736,erkennen
9732,seinem,sein,DET,nk,9733,Entsetzen
9733,Entsetzen,entsetzen,NOUN,nk,9731,zu
9734,den,der,DET,nk,9735,Torbern
9735,Torbern,Torber,NOUN,da,9736,erkennen
9736,erkennen,erkennen,VERB,oc,9730,werde
9737,",",--,PUNCT,punct,9736,erkennen
9738,der,der,PRON,dep,9726,erheben
9739,gekommen,kommen,VERB,ROOT,9739,gekommen
9740,",",--,PUNCT,punct,9739,gekommen
9741,ihn,ihn,PRON,oa,9744,mahnen
9742,fürchterlich,fürchterlich,ADV,mo,9744,mahnen
9743,zu,zu,ADP,pm,9744,mahnen
9744,mahnen,mahnen,VERB,oc,9739,gekommen
9745,an,an,ADP,op,9744,mahnen
9746,das,der,DET,nk,9748,Reich
9747,unterirdische,unterirdisch,ADJ,nk,9748,Reich
9748,Reich,Reich,NOUN,nk,9745,an
9749,der,der,DET,nk,9750,Steine
9750,Steine,Stein,NOUN,ag,9748,Reich
9751,und,und,CCONJ,cd,9744,mahnen
9752,Metalle,Metall,NOUN,ROOT,9752,Metalle
9753,",",--,PUNCT,punct,9752,Metalle
9754,dem,der,PRON,da,9757,ergeben
9755,er,er,PRON,sb,9757,ergeben
9756,sich,sich,PRON,oa,9757,ergeben
9757,ergeben,ergeben,VERB,rc,9752,Metalle
9758,!,--,PUNCT,punct,9752,Metalle
9759,Und,und,CCONJ,ju,9761,wußte
9760,doch,doch,ADV,mo,9761,wußte
9761,wußte,wissen,VERB,ROOT,9761,wußte
9762,er,er,PRON,sb,9761,wußte
9763,wieder,wieder,ADV,mo,9761,wußte
9764,gar,gar,ADV,mo,9765,nicht
9765,nicht,nicht,PART,ng,9761,wußte
9766,",",--,PUNCT,punct,9761,wußte
9767,warum,warum,SCONJ,mo,9772,feindlich
9768,ihm,ihm,PRON,da,9767,warum
9769,der,der,DET,nk,9771,Alte
9770,gespenstische,gespenstisch,ADJ,nk,9771,Alte
9771,Alte,alte,NOUN,sb,9767,warum
9772,feindlich,feindlich,ADV,mo,9761,wußte
9773,sein,sein,AUX,ROOT,9773,sein
9774,",",--,PUNCT,punct,9773,sein
9775,was,was,PRON,sb,9784,haben
9776,überhaupt,überhaupt,ADV,mo,9783,schaffen
9777,sein,sein,DET,nk,9778,Bergmannshantieren
9778,Bergmannshantieren,bergmannshantieren,NOUN,oa,9783,schaffen
9779,mit,mit,ADP,mo,9783,schaffen
9780,seiner,sein,DET,nk,9781,Liebe
9781,Liebe,Liebe,NOUN,nk,9779,mit
9782,zu,zu,PART,pm,9783,schaffen
9783,schaffen,schaffen,VERB,oc,9784,haben
9784,haben,haben,AUX,rc,9773,sein
9785,solle,sollen,AUX,ROOT,9785,solle
9786,.,--,PUNCT,punct,9785,solle
9787,Pehrson,Pehrson,PROPN,sb,9788,merkte
9788,merkte,merken,VERB,ROOT,9788,merkte
9789,wohl,wohl,ADV,mo,9788,merkte
9790,Elis,Elis,PROPN,punct,9788,merkte
9791,Fröboms,Fröbom,PROPN,sb,9792,verstörtes
9792,verstörtes,verstörter,ADJ,nk,9793,Wesen
9793,Wesen,Wesen,NOUN,ROOT,9793,Wesen
9794,und,und,CCONJ,cd,9793,Wesen
9795,schrieb,schreiben,VERB,cj,9794,und
9796,es,es,PRON,ep,9795,schrieb
9797,dem,der,PRON,da,9795,schrieb
9798,überstandenen,überstanden,ADJ,nk,9799,Weh
9799,Weh,Weh,NOUN,ROOT,9799,Weh
9800,",",--,PUNCT,punct,9799,Weh
9801,der,der,DET,nk,9803,Fahrt
9802,nächtlichen,nächtlich,ADJ,nk,9803,Fahrt
9803,Fahrt,Fahrt,NOUN,app,9799,Weh
9804,in,in,ADP,mnr,9803,Fahrt
9805,den,der,DET,nk,9806,Schacht
9806,Schacht,Schacht,NOUN,nk,9804,in
9807,zu,zu,ADP,ROOT,9807,zu
9808,.,--,PUNCT,punct,9807,zu
9809,Nicht,nicht,PART,ng,9810,so
9810,so,so,ADV,mo,9811,Ulla
9811,Ulla,Ulla,PROPN,ROOT,9811,Ulla
9812,",",--,PUNCT,punct,9811,Ulla
9813,die,der,PRON,dep,9811,Ulla
9814,",",--,PUNCT,punct,9811,Ulla
9815,von,von,ADP,sbp,9818,ergriffen
9816,geheimer,geheim,ADJ,nk,9817,Ahnung
9817,Ahnung,Ahnung,NOUN,nk,9815,von
9818,ergriffen,ergreifen,VERB,ROOT,9818,ergriffen
9819,",",--,PUNCT,punct,9818,ergriffen
9820,in,in,ADP,mo,9823,drang
9821,den,der,DET,nk,9822,Geliebten
9822,Geliebten,Geliebten,NOUN,nk,9820,in
9823,drang,drangn,VERB,mo,9818,ergriffen
9824,",",--,PUNCT,punct,9823,drang
9825,ihr,ihr,PRON,da,9829,sagen
9826,doch,doch,ADV,mo,9829,sagen
9827,nur,nur,ADV,mo,9829,sagen
9828,zu,zu,PART,pm,9829,sagen
9829,sagen,sagen,VERB,mo,9818,ergriffen
9830,",",--,PUNCT,punct,9829,sagen
9831,was,was,PRON,sb,9835,begegnet
9832,ihm,ihm,PRON,da,9835,begegnet
9833,denn,denn,ADV,mo,9835,begegnet
9834,Entsetzliches,entsetzlich,NOUN,sb,9835,begegnet
9835,begegnet,begegnen,VERB,re,9837,das
9836,",",--,PUNCT,punct,9835,begegnet
9837,das,der,PRON,ROOT,9837,das
9838,ihn,ihn,PRON,oa,9837,das
9839,ganz,ganz,ADV,mo,9840,von
9840,von,von,ADP,pg,9838,ihn
9841,ihr,ihr,PRON,nk,9842,hinwegreiße
9842,hinwegreiße,hinwegreiß,ADJ,nk,9840,von
9843,.,--,PUNCT,punct,9837,das
9844,Dem,der,DET,nk,9845,Elis
9845,Elis,Elis,NOUN,ROOT,9845,Elis
9846,wollte,wollen,AUX,ROOT,9846,wollte
9847,die,der,DET,nk,9848,Brust
9848,Brust,Brust,NOUN,sb,9846,wollte
9849,zerspringen,zerspringen,VERB,oc,9846,wollte
9850,.,--,PUNCT,punct,9846,wollte
9851,–,--,PUNCT,punct,9853,rang
9852,Vergebens,vergebens,ADV,mo,9853,rang
9853,rang,Rang,NOUN,ROOT,9853,rang
9854,er,er,PRON,sb,9853,rang
9855,darnach,darnach,ADV,mo,9853,rang
9856,",",--,PUNCT,punct,9855,darnach
9857,der,der,DET,nk,9858,Geliebten
9858,Geliebten,geliebter,NOUN,da,9853,rang
9859,von,von,ADP,pg,9858,Geliebten
9860,dem,der,DET,nk,9862,Gesicht
9861,wunderbaren,wunderbar,ADJ,nk,9862,Gesicht
9862,Gesicht,Gesicht,NOUN,da,9873,erzählen
9863,",",--,PUNCT,punct,9862,Gesicht
9864,das,der,PRON,sb,9870,aufgetan
9865,sich,sich,PRON,oa,9870,aufgetan
9866,ihm,ihm,PRON,da,9870,aufgetan
9867,in,in,ADP,mo,9870,aufgetan
9868,der,der,DET,nk,9869,Teufe
9869,Teufe,Teufe,NOUN,nk,9867,in
9870,aufgetan,auftun,VERB,rc,9862,Gesicht
9871,",",--,PUNCT,punct,9873,erzählen
9872,zu,zu,PART,pm,9873,erzählen
9873,erzählen,erzählen,VERB,ROOT,9873,erzählen
9874,.,--,PUNCT,punct,9873,erzählen
9875,Es,es,PRON,ROOT,9875,Es
9876,war,sein,AUX,ROOT,9876,war
9877,",",--,PUNCT,punct,9876,war
9878,als,als,SCONJ,cm,9879,verschlösse
9879,verschlösse,verschlössen,VERB,cc,9876,war
9880,ihm,ihm,PRON,da,9879,verschlösse
9881,eine,ein,DET,nk,9883,Macht
9882,unbekannte,unbekannt,ADJ,nk,9883,Macht
9883,Macht,Macht,NOUN,sb,9879,verschlösse
9884,mit,mit,ADP,mnr,9883,Macht
9885,Gewalt,Gewalt,NOUN,nk,9884,mit
9886,den,der,DET,nk,9887,Mund
9887,Mund,Mund,NOUN,oa,9879,verschlösse
9888,",",--,PUNCT,punct,9887,Mund
9889,als,als,SCONJ,mnr,9887,Mund
9890,schaue,schau,ADJ,nk,9889,als
9891,aus,aus,ADP,ROOT,9891,aus
9892,seinem,sein,DET,nk,9893,Innern
9893,Innern,innere,NOUN,nk,9891,aus
9894,heraus,heraus,ADV,ac,9891,aus
9895,das,der,DET,nk,9897,Antlitz
9896,furchtbare,furchtbar,ADJ,nk,9897,Antlitz
9897,Antlitz,Antlitz,PROPN,ROOT,9897,Antlitz
9898,der,der,DET,nk,9899,Königin
9899,Königin,Königin,NOUN,ag,9897,Antlitz
9900,",",--,PUNCT,punct,9897,Antlitz
9901,und,und,CCONJ,cd,9897,Antlitz
9902,nenne,nennen,VERB,cj,9901,und
9903,er,er,PRON,sb,9902,nenne
9904,ihren,ihr,DET,da,9902,nenne
9905,Namen,Name,NOUN,sb,9908,würde
9906,",",--,PUNCT,punct,9907,so
9907,so,so,ADV,mo,9908,würde
9908,würde,werden,AUX,ROOT,9908,würde
9909,",",--,PUNCT,punct,9908,würde
9910,wie,wie,ADP,cm,9911,bei
9911,bei,bei,ADP,mo,9908,würde
9912,dem,der,DET,nk,9913,Anblick
9913,Anblick,Anblick,NOUN,nk,9911,bei
9914,des,der,DET,nk,9916,Medusenhaupts
9915,entsetzlichen,entsetzlich,ADJ,nk,9916,Medusenhaupts
9916,Medusenhaupts,Medusenhaupt,NOUN,ag,9913,Anblick
9917,",",--,PUNCT,punct,9913,Anblick
9918,sich,sich,PRON,da,9908,würde
9919,alles,alle,PRON,sb,9923,versteinen
9920,um,um,ADP,mo,9923,versteinen
9921,ihn,ihn,PRON,nk,9920,um
9922,her,her,ADP,ac,9920,um
9923,versteinen,versteinen,NOUN,ROOT,9923,versteinen
9924,zum,zu,ADP,mo,9923,versteinen
9925,düstern,düstern,NOUN,nk,9927,Geklüft
9926,schwarzen,schwarz,ADJ,nk,9927,Geklüft
9927,Geklüft,Geklüft,NOUN,nk,9924,zum
9928,!,--,PUNCT,punct,9923,versteinen
9929,–,--,PUNCT,punct,9931,Herrlichkeit
9930,Alle,aller,DET,nk,9931,Herrlichkeit
9931,Herrlichkeit,Herrlichkeit,NOUN,ROOT,9931,Herrlichkeit
9932,",",--,PUNCT,punct,9931,Herrlichkeit
9933,die,der,DET,sb,9943,erfüllt
9934,ihn,ihn,PRON,oa,9943,erfüllt
9935,unten,unten,ADV,mo,9936,in
9936,in,in,ADP,mo,9943,erfüllt
9937,der,der,DET,nk,9938,Taufe
9938,Taufe,Taufe,NOUN,nk,9936,in
9939,mit,mit,ADP,mnr,9938,Taufe
9940,der,der,DET,nk,9942,Wonne
9941,höchsten,hoch,ADJ,nk,9942,Wonne
9942,Wonne,Wonne,NOUN,nk,9939,mit
9943,erfüllt,erfüllen,VERB,sb,9945,erschien
9944,",",--,PUNCT,punct,9945,erschien
9945,erschien,erscheinen,VERB,ROOT,9945,erschien
9946,ihm,ihm,PRON,da,9945,erschien
9947,jetzt,jetzt,ADV,mo,9945,erschien
9948,wie,wie,ADP,cm,9950,Hölle
9949,eine,ein,DET,nk,9950,Hölle
9950,Hölle,Hölle,NOUN,mo,9956,ausgeschmückt
9951,voll,voll,ADP,mo,9956,ausgeschmückt
9952,trostloser,trostlos,ADJ,nk,9953,Qual
9953,Qual,Qual,NOUN,nk,9951,voll
9954,",",--,PUNCT,punct,9956,ausgeschmückt
9955,trügerisch,trügerisch,ADV,mo,9956,ausgeschmückt
9956,ausgeschmückt,ausgeschmücken,VERB,ROOT,9956,ausgeschmückt
9957,zur,zu,ADP,svp,9956,ausgeschmückt
9958,verderblichsten,verderblichsten,ADJ,nk,9959,Verlockung
9959,Verlockung,Verlockung,NOUN,ROOT,9959,Verlockung
9960,!,--,PUNCT,punct,9959,Verlockung
9961,Pehrson,Pehrson,PROPN,pnc,9962,Dahlsjö
9962,Dahlsjö,Dahlsjö,PROPN,ROOT,9962,Dahlsjö
9963,gebot,Gebot,NOUN,ROOT,9963,gebot
9964,",",--,PUNCT,punct,9963,gebot
9965,daß,daß,SCONJ,cp,9972,bleiben
9966,Elis,Elis,PROPN,pnc,9967,Fröbom
9967,Fröbom,Fröbom,PROPN,sb,9972,bleiben
9968,einige,einiger,DET,nk,9969,Tage
9969,Tage,Tag,NOUN,oa,9972,bleiben
9970,hindurch,hindurch,ADV,mnr,9969,Tage
9971,daheim,daheim,ADV,mo,9972,bleiben
9972,bleiben,bleiben,VERB,oc,9963,gebot
9973,solle,sollen,AUX,ROOT,9973,solle
9974,",",--,PUNCT,punct,9973,solle
9975,um,um,SCONJ,cp,9982,erholen
9976,sich,sich,PRON,oa,9982,erholen
9977,ganz,ganz,ADV,mo,9982,erholen
9978,von,von,ADP,mo,9982,erholen
9979,der,der,DET,nk,9980,Krankheit
9980,Krankheit,Krankheit,NOUN,nk,9978,von
9981,zu,zu,PART,pm,9982,erholen
9982,erholen,erholen,VERB,mo,9973,solle
9983,",",--,PUNCT,punct,9982,erholen
9984,in,in,ADP,mo,9987,gefallen
9985,die,der,PRON,nk,9984,in
9986,er,er,PRON,sb,9988,schien
9987,gefallen,fallen,VERB,oc,9988,schien
9988,schien,scheinen,VERB,rc,9980,Krankheit
9989,.,--,PUNCT,punct,9973,solle
9990,In,in,ADP,ROOT,9990,In
9991,dieser,dieser,DET,nk,9992,Zeit
9992,Zeit,Zeit,NOUN,da,9993,verscheuchte
9993,verscheuchte,verscheucht,ADJ,ROOT,9993,verscheuchte
9994,Ullas,Ullas,PROPN,ag,9995,Liebe
9995,Liebe,Liebe,NOUN,oa,9993,verscheuchte
9996,",",--,PUNCT,punct,9995,Liebe
9997,die,der,PRON,sb,9999,hell
9998,nun,nun,ADV,mo,9999,hell
9999,hell,hell,ADV,mo,9993,verscheuchte
10000,und,und,CCONJ,cd,9999,hell
10001,klar,klar,ADV,cj,10000,und
10002,aus,aus,ADP,mo,9999,hell
10003,ihrem,ihr,DET,dep,9993,verscheuchte
10004,kindlichen,kindlich,ADJ,nk,10006,Herzen
10005,frommen,fromm,ADJ,nk,10006,Herzen
10006,Herzen,Herz,NOUN,da,10007,ausströmte
10007,ausströmte,ausströmen,VERB,ROOT,10007,ausströmte
10008,",",--,PUNCT,punct,10007,ausströmte
10009,das,der,DET,nk,10010,Andenken
10010,Andenken,Andenken,NOUN,oa,10007,ausströmte
10011,an,an,ADP,op,10010,Andenken
10012,die,der,DET,nk,10013,verhängnisvollen
10013,verhängnisvollen,verhängnisvollen,NOUN,nk,10011,an
10014,Abenteuer,Abenteuer,NOUN,ROOT,10014,Abenteuer
10015,im,in,ADP,mnr,10014,Abenteuer
10016,Schacht,Schacht,NOUN,nk,10015,im
10017,.,--,PUNCT,punct,10014,Abenteuer
10018,Elis,elis,PROPN,sb,10019,lebte
10019,lebte,leben,VERB,ROOT,10019,lebte
10020,ganz,ganz,ADV,mo,10019,lebte
10021,auf,auf,ADP,mo,10019,lebte
10022,in,in,ADP,mo,10019,lebte
10023,Wonne,Wonne,NOUN,nk,10022,in
10024,und,und,CCONJ,cd,10023,Wonne
10025,Freude,Freude,NOUN,cj,10024,und
10026,und,und,CCONJ,cd,10019,lebte
10027,glaubte,glauben,VERB,cj,10026,und
10028,an,an,ADP,svp,10027,glaubte
10029,sein,sein,DET,nk,10030,Glück
10030,Glück,Glück,NOUN,ROOT,10030,Glück
10031,",",--,PUNCT,punct,10030,Glück
10032,das,der,PRON,sb,10039,könne
10033,wohl,wohl,ADV,mo,10039,könne
10034,keine,kein,DET,nk,10036,Macht
10035,böse,bös,ADJ,nk,10036,Macht
10036,Macht,Macht,NOUN,oa,10038,verstören
10037,mehr,mehr,ADV,mo,10038,verstören
10038,verstören,verstören,VERB,oc,10039,könne
10039,könne,können,AUX,rc,10030,Glück
10040,.,--,PUNCT,punct,10030,Glück
10041,Als,als,SCONJ,cp,10049,kam
10042,er,er,PRON,sb,10049,kam
10043,wieder,wieder,ADV,mo,10044,hinabfuhr
10044,hinabfuhr,hinabfuhr,NOUN,mo,10049,kam
10045,in,in,ADP,mnr,10044,hinabfuhr
10046,den,der,DET,nk,10047,Schacht
10047,Schacht,Schacht,NOUN,nk,10045,in
10048,",",--,PUNCT,punct,10049,kam
10049,kam,kommen,VERB,ROOT,10049,kam
10050,ihm,ihm,PRON,da,10049,kam
10051,in,in,ADP,mo,10049,kam
10052,der,der,DET,nk,10053,Teufe
10053,Teufe,Teufe,NOUN,nk,10051,in
10054,alles,alle,PRON,sb,10049,kam
10055,ganz,ganz,ADV,mo,10056,anders
10056,anders,anders,ADV,mo,10049,kam
10057,vor,vor,ADV,ROOT,10057,vor
10058,wie,wie,CCONJ,cm,10059,sonst
10059,sonst,sonst,ADV,cc,10057,vor
10060,.,--,PUNCT,punct,10057,vor
10061,Die,der,DET,nk,10063,Gänge
10062,herrlichsten,herrlichst,ADJ,nk,10063,Gänge
10063,Gänge,Gang,NOUN,sb,10064,lagen
10064,lagen,liegen,VERB,ROOT,10064,lagen
10065,offen,offen,ADV,mo,10064,lagen
10066,ihm,ihm,PRON,da,10064,lagen
10067,vor,vor,ADP,mo,10064,lagen
10068,Augen,Auge,NOUN,nk,10067,vor
10069,",",--,PUNCT,punct,10064,lagen
10070,er,er,PRON,sb,10071,arbeitete
10071,arbeitete,arbeiten,VERB,cj,10064,lagen
10072,mit,mit,ADP,ROOT,10072,mit
10073,verdoppeltem,verdoppelt,ADJ,nk,10074,Eifer
10074,Eifer,Eifer,NOUN,nk,10072,mit
10075,",",--,PUNCT,punct,10074,Eifer
10076,er,er,PRON,sb,10077,vergaß
10077,vergaß,vergaß,VERB,cj,10072,mit
10078,alles,alle,PRON,oa,10077,vergaß
10079,",",--,PUNCT,punct,10077,vergaß
10080,er,er,PRON,sb,10081,mußte
10081,mußte,müssen,AUX,cj,10077,vergaß
10082,sich,sich,PRON,oa,10081,mußte
10083,",",--,PUNCT,punct,10081,mußte
10084,auf,auf,ADP,mo,10081,mußte
10085,die,der,DET,nk,10086,Oberfläche
10086,Oberfläche,Oberfläche,NOUN,nk,10084,auf
10087,hinaufgestiegen,hinaufgestiegen,VERB,ROOT,10087,hinaufgestiegen
10088,",",--,PUNCT,punct,10087,hinaufgestiegen
10089,auf,auf,ADP,mo,10087,hinaufgestiegen
10090,Pehrson,Pehrson,PROPN,pnc,10091,Dahlsjö
10091,Dahlsjö,Dahlsjö,PROPN,nk,10089,auf
10092,",",--,PUNCT,punct,10087,hinaufgestiegen
10093,ja,ja,ADV,mo,10097,besinnen
10094,auf,auf,ADP,op,10097,besinnen
10095,seine,sein,DET,nk,10096,Ulla
10096,Ulla,Ulla,NOUN,nk,10094,auf
10097,besinnen,besinnen,VERB,oc,10087,hinaufgestiegen
10098,",",--,PUNCT,punct,10097,besinnen
10099,er,er,PRON,sb,10100,fühlte
10100,fühlte,fühlen,VERB,oc,10087,hinaufgestiegen
10101,sich,sich,PRON,oa,10106,geteilt
10102,wie,wie,ADP,cm,10103,in
10103,in,in,ADP,mo,10106,geteilt
10104,zwei,zwei,NUM,nk,10105,Hälften
10105,Hälften,Hälft,NOUN,nk,10103,in
10106,geteilt,teilen,VERB,ROOT,10106,geteilt
10107,",",--,PUNCT,punct,10106,geteilt
10108,es,es,PRON,sb,10109,war
10109,war,sein,AUX,oc,10106,geteilt
10110,ihm,ihm,PRON,da,10109,war
10111,",",--,PUNCT,punct,10109,war
10112,als,als,ADP,mo,10115,besseres
10113,stiege,Stiege,NOUN,nk,10112,als
10114,sein,sein,DET,nk,10115,besseres
10115,besseres,besseres,ADJ,mo,10109,war
10116,",",--,PUNCT,punct,10109,war
10117,sein,sein,AUX,re,10108,es
10118,eigentliches,eigentlich,ADJ,nk,10119,Ich
10119,Ich,ich,NOUN,ROOT,10119,Ich
10120,hinab,hinab,ADV,mo,10121,in
10121,in,in,ADP,mnr,10119,Ich
10122,den,der,DET,nk,10123,Mittelpunkt
10123,Mittelpunkt,Mittelpunkt,NOUN,nk,10121,in
10124,der,der,DET,nk,10125,Erdkugel
10125,Erdkugel,Erdkugel,NOUN,ag,10123,Mittelpunkt
10126,und,und,CCONJ,cd,10125,Erdkugel
10127,ruhe,Ruhe,NOUN,cj,10126,und
10128,aus,aus,ADP,mnr,10119,Ich
10129,in,in,ADP,ROOT,10129,in
10130,den,der,DET,nk,10129,in
10131,Armen,arme,NOUN,ROOT,10131,Armen
10132,der,der,DET,nk,10133,Königin
10133,Königin,Königin,NOUN,ag,10131,Armen
10134,",",--,PUNCT,punct,10131,Armen
10135,während,während,SCONJ,cp,10142,suche
10136,er,er,PRON,sb,10142,suche
10137,in,in,ADP,mo,10142,suche
10138,Falun,Falun,PROPN,nk,10137,in
10139,sein,sein,DET,nk,10141,Lager
10140,düsteres,düster,ADJ,nk,10141,Lager
10141,Lager,Lager,NOUN,oa,10142,suche
10142,suche,suchen,VERB,mo,10131,Armen
10143,.,--,PUNCT,punct,10131,Armen
10144,Sprach,Sprach,PROPN,pnc,10145,Ulla
10145,Ulla,Ulla,PROPN,ROOT,10145,Ulla
10146,mit,mit,ADP,ROOT,10146,mit
10147,ihm,ihm,PRON,nk,10146,mit
10148,von,von,ADP,mo,10146,mit
10149,ihrer,ihr,DET,nk,10150,Liebe
10150,Liebe,Liebe,NOUN,nk,10148,von
10151,und,und,CCONJ,cd,10148,von
10152,wie,wie,SCONJ,mo,10157,leben
10153,sie,sie,PRON,sb,10158,würden
10154,so,so,ADV,mo,10155,glücklich
10155,glücklich,glücklich,ADV,mo,10157,leben
10156,miteinander,miteinander,ADV,mo,10157,leben
10157,leben,leben,VERB,oc,10158,würden
10158,würden,werden,AUX,cj,10151,und
10159,",",--,PUNCT,punct,10160,so
10160,so,so,ADV,nk,10146,mit
10161,begann,beginnen,VERB,ROOT,10161,begann
10162,er,er,PRON,sb,10161,begann
10163,von,von,ADP,op,10169,reden
10164,der,der,DET,nk,10165,Pracht
10165,Pracht,Pracht,NOUN,nk,10163,von
10166,der,der,DET,nk,10167,Teufen
10167,Teufen,Teufe,NOUN,ag,10165,Pracht
10168,zu,zu,PART,pm,10169,reden
10169,reden,reden,VERB,oc,10161,begann
10170,",",--,PUNCT,punct,10169,reden
10171,von,von,ADP,dep,10161,begann
10172,den,der,DET,nk,10174,reichen
10173,unermeßlich,unermeßlich,ADV,mo,10174,reichen
10174,reichen,reich,VERB,nk,10171,von
10175,Schätzen,Schatz,NOUN,ROOT,10175,Schätzen
10176,",",--,PUNCT,punct,10175,Schätzen
10177,die,der,PRON,sb,10180,lägen
10178,dort,dort,ADV,mo,10179,verborgen
10179,verborgen,verbergen,VERB,oc,10180,lägen
10180,lägen,liegen,VERB,rc,10175,Schätzen
10181,",",--,PUNCT,punct,10175,Schätzen
10182,und,und,CCONJ,cd,10175,Schätzen
10183,verwirrte,verwirren,VERB,cj,10182,und
10184,sich,sich,PRON,oa,10183,verwirrte
10185,dabei,dabei,ADV,mo,10183,verwirrte
10186,in,in,ADP,mo,10183,verwirrte
10187,wunderliche,wunderlich,ADJ,par,10175,Schätzen
10188,unverständliche,unverständlich,ADJ,nk,10189,Reden
10189,Reden,Rede,NOUN,ROOT,10189,Reden
10190,",",--,PUNCT,punct,10189,Reden
10191,daß,daß,SCONJ,cp,10198,ergriff
10192,Angst,Angst,NOUN,sb,10198,ergriff
10193,und,und,CCONJ,cd,10192,Angst
10194,Beklommenheit,Beklommenheit,NOUN,cj,10193,und
10195,das,der,DET,nk,10197,Kind
10196,arme,arm,ADJ,nk,10197,Kind
10197,Kind,Kind,NOUN,oa,10198,ergriff
10198,ergriff,ergreifen,VERB,oc,10189,Reden
10199,und,und,CCONJ,cd,10198,ergriff
10200,sie,sie,PRON,sb,10203,wußte
10201,gar,gar,ADV,mo,10202,nicht
10202,nicht,nicht,PART,ng,10203,wußte
10203,wußte,wissen,VERB,ROOT,10203,wußte
10204,",",--,PUNCT,punct,10203,wußte
10205,wie,wie,SCONJ,cm,10206,Elis
10206,Elis,Elis,PROPN,oc,10203,wußte
10207,sich,sich,PRON,oa,10211,in
10208,auf,auf,ADP,mo,10211,in
10209,einmal,einmal,ADV,nk,10208,auf
10210,so,so,ADV,mo,10211,in
10211,in,in,ADP,mo,10203,wußte
10212,seinem,sein,DET,nk,10214,Wesen
10213,ganzen,ganz,ADJ,nk,10214,Wesen
10214,Wesen,Wesen,NOUN,nk,10211,in
10215,geändert,ändern,VERB,ROOT,10215,geändert
10216,.,--,PUNCT,punct,10215,geändert
10217,–,--,PUNCT,punct,10224,verkündete
10218,Dem,der,DET,nk,10219,Steiger
10219,Steiger,Steiger,NOUN,da,10224,verkündete
10220,",",--,PUNCT,punct,10219,Steiger
10221,Pehrson,Pehrson,PROPN,pnc,10222,Dahlsjö
10222,Dahlsjö,Dahlsjö,PROPN,app,10219,Steiger
10223,selbst,selbst,ADV,mnr,10222,Dahlsjö
10224,verkündete,verkünden,VERB,ROOT,10224,verkündete
10225,Elis,Elis,PROPN,sb,10224,verkündete
10226,unaufhörlich,unaufhörlich,ADV,mo,10224,verkündete
10227,in,in,ADP,mo,10224,verkündete
10228,voller,voll,ADP,ROOT,10228,voller
10229,Lust,Lust,NOUN,nk,10228,voller
10230,wie,wie,ADP,cm,10231,er
10231,er,er,PRON,cc,10229,Lust
10232,die,der,DET,nk,10234,Adern
10233,reichhaltigsten,reichhaltigst,ADJ,nk,10234,Adern
10234,Adern,Ader,NOUN,nk,10228,voller
10235,",",--,PUNCT,punct,10234,Adern
10236,die,der,DET,nk,10238,Trappgänge
10237,herrlichsten,herrlichst,ADJ,nk,10238,Trappgänge
10238,Trappgänge,Trappgänge,NOUN,cj,10234,Adern
10239,entdeckt,entdecken,VERB,ROOT,10239,entdeckt
10240,",",--,PUNCT,punct,10239,entdeckt
10241,und,und,CCONJ,cd,10239,entdeckt
10242,wenn,wenn,SCONJ,cp,10246,fanden
10243,sie,sie,PRON,sb,10246,fanden
10244,dann,dann,ADV,mo,10246,fanden
10245,nichts,nichts,PRON,oa,10246,fanden
10246,fanden,finden,VERB,re,10251,so
10247,als,als,ADP,cm,10249,Gestein
10248,taubes,taub,ADJ,nk,10249,Gestein
10249,Gestein,Gestein,NOUN,cc,10244,dann
10250,",",--,PUNCT,punct,10251,so
10251,so,so,ADV,mo,10252,lachte
10252,lachte,lachen,VERB,cj,10241,und
10253,er,er,PRON,sb,10252,lachte
10254,höhnisch,höhnisch,ADV,mo,10259,verstehe
10255,und,und,CCONJ,cd,10254,höhnisch
10256,meinte,meinen,VERB,cj,10255,und
10257,",",--,PUNCT,punct,10259,verstehe
10258,freilich,freilich,ADV,mo,10259,verstehe
10259,verstehe,verstehen,VERB,ROOT,10259,verstehe
10260,er,er,PRON,sb,10259,verstehe
10261,nur,nur,ADV,mo,10259,verstehe
10262,allein,allein,ADV,mo,10261,nur
10263,die,der,DET,nk,10265,Zeichen
10264,geheimen,geheim,ADJ,nk,10265,Zeichen
10265,Zeichen,Zeichen,NOUN,oa,10259,verstehe
10266,die,der,DET,punct,10259,verstehe
10267,bedeutungsvolle,bedeutungsvoll,ADJ,nk,10268,Schrift
10268,Schrift,Schrift,NOUN,ROOT,10268,Schrift
10269,",",--,PUNCT,punct,10268,Schrift
10270,die,der,PRON,sb,10276,hineingrabe
10271,die,der,DET,nk,10272,Hand
10272,Hand,Hand,NOUN,oa,10276,hineingrabe
10273,der,der,DET,nk,10274,Königin
10274,Königin,Königin,NOUN,ag,10272,Hand
10275,selbst,selbst,ADV,mnr,10272,Hand
10276,hineingrabe,hineingrabe,NOUN,rc,10268,Schrift
10277,in,in,ADP,mnr,10276,hineingrabe
10278,das,der,DET,nk,10277,in
10279,Steingeklüft,Steingeklüft,PROPN,ROOT,10279,Steingeklüft
10280,",",--,PUNCT,punct,10279,Steingeklüft
10281,und,und,CCONJ,cd,10279,Steingeklüft
10282,genug,genug,PRON,mo,10283,sei
10283,sei,sein,AUX,cj,10281,und
10284,es,es,PRON,sb,10283,sei
10285,auch,auch,ADV,mo,10286,eigentlich
10286,eigentlich,eigentlich,ADV,mo,10283,sei
10287,",",--,PUNCT,punct,10291,verstehen
10288,die,der,DET,nk,10289,Zeichen
10289,Zeichen,Zeichen,NOUN,oa,10291,verstehen
10290,zu,zu,PART,pm,10291,verstehen
10291,verstehen,verstehen,VERB,oc,10283,sei
10292,",",--,PUNCT,punct,10291,verstehen
10293,ohne,ohne,SCONJ,re,10279,Steingeklüft
10294,das,der,PRON,sb,10302,fördern
10295,",",--,PUNCT,punct,10294,das
10296,was,wer,PRON,oa,10298,verkündeten
10297,sie,sie,PRON,sb,10298,verkündeten
10298,verkündeten,verkünden,VERB,rc,10294,das
10299,",",--,PUNCT,punct,10302,fördern
10300,zutage,zutage,ADV,mo,10302,fördern
10301,zu,zu,PART,pm,10302,fördern
10302,fördern,fördern,VERB,ROOT,10302,fördern
10303,.,--,PUNCT,punct,10302,fördern
10304,Wehmütig,wehmütig,ADV,mo,10305,blickte
10305,blickte,blicken,VERB,ROOT,10305,blickte
10306,der,der,DET,nk,10308,Steiger
10307,alte,alt,ADJ,nk,10308,Steiger
10308,Steiger,Steiger,NOUN,sb,10305,blickte
10309,den,der,DET,nk,10310,Jüngling
10310,Jüngling,Jüngling,NOUN,oa,10305,blickte
10311,an,an,ADP,svp,10305,blickte
10312,",",--,PUNCT,punct,10305,blickte
10313,der,der,PRON,dep,10305,blickte
10314,mit,mit,ADP,mnr,10313,der
10315,wild,wild,ADV,mo,10316,funkelndem
10316,funkelndem,Funkelndem,DET,nk,10314,mit
10317,Blick,Blick,NOUN,sb,10322,sprach
10318,von,von,ADP,mnr,10317,Blick
10319,dem,der,DET,nk,10321,Paradiese
10320,glanzvollen,glanzvoll,ADJ,nk,10321,Paradiese
10321,Paradiese,Paradiese,NOUN,nk,10318,von
10322,sprach,sprechen,VERB,ROOT,10322,sprach
10323,",",--,PUNCT,punct,10322,sprach
10324,das,der,PRON,dep,10322,sprach
10325,im,in,ADP,mnr,10324,das
10326,tiefen,tief,ADJ,nk,10327,Schoß
10327,Schoß,Schoß,NOUN,nk,10325,im
10328,der,der,DET,nk,10329,Erde
10329,Erde,Erde,NOUN,ag,10327,Schoß
10330,aufleuchte,aufleuchen,VERB,ROOT,10330,aufleuchte
10331,.,--,PUNCT,punct,10330,aufleuchte
10332,»,--,PUNCT,punct,10333,Ach
10333,Ach,ach,INTJ,dep,10338,lispelte
10334,",",--,PUNCT,punct,10333,Ach
10335,Herr,Herr,NOUN,cj,10333,Ach
10336,«,--,PUNCT,punct,10333,Ach
10337,",",--,PUNCT,punct,10338,lispelte
10338,lispelte,lispelen,VERB,ROOT,10338,lispelte
10339,der,der,DET,nk,10341,Pehrson
10340,Alte,alt,ADJ,nk,10341,Pehrson
10341,Pehrson,Pehrson,PROPN,sb,10338,lispelte
10342,Dahlsjön,Dahlsjön,PROPN,nk,10341,Pehrson
10343,leise,leise,ADV,mo,10338,lispelte
10344,ins,in,ADP,mo,10338,lispelte
10345,Ohr,Ohr,NOUN,nk,10344,ins
10346,",",--,PUNCT,punct,10338,lispelte
10347,»,--,PUNCT,punct,10338,lispelte
10348,ach,ach,ADV,mo,10338,lispelte
10349,",",--,PUNCT,punct,10338,lispelte
10350,Herr,Herr,NOUN,dep,10338,lispelte
10351,",",--,PUNCT,punct,10350,Herr
10352,dem,der,PRON,dep,10338,lispelte
10353,armen,arm,ADJ,nk,10354,Jungen
10354,Jungen,Junge,NOUN,da,10355,hat's
10355,hat's,hat's,VERB,ROOT,10355,hat's
10356,der,der,DET,nk,10358,Torbern
10357,böse,böse,ADJ,nk,10358,Torbern
10358,Torbern,Torber,NOUN,da,10355,hat's
10359,angetan,antun,VERB,mo,10355,hat's
10360,!,--,PUNCT,punct,10355,hat's
10361,«,--,PUNCT,punct,10355,hat's
10362,–,--,PUNCT,ROOT,10362,–
10363,»,--,PUNCT,punct,10364,Glaubt
10364,Glaubt,glauben,VERB,oc,10367,erwiderte
10365,«,--,PUNCT,punct,10364,Glaubt
10366,",",--,PUNCT,punct,10367,erwiderte
10367,erwiderte,erwidern,VERB,ROOT,10367,erwiderte
10368,Pehrson,Pehrson,PROPN,pnc,10369,Dahlsjö
10369,Dahlsjö,Dahlsjö,PROPN,sb,10367,erwiderte
10370,",",--,PUNCT,punct,10367,erwiderte
10371,»,--,PUNCT,punct,10372,glaubt
10372,glaubt,glauben,VERB,oc,10367,erwiderte
10373,nicht,nicht,PART,ng,10372,glaubt
10374,an,an,ADP,op,10372,glaubt
10375,solche,solcher,DET,nk,10376,Bergmannsmärlein
10376,Bergmannsmärlein,Bergmannsmärlein,NOUN,nk,10374,an
10377,",",--,PUNCT,punct,10372,glaubt
10378,Alter,Alter,NOUN,ROOT,10378,Alter
10379,!,--,PUNCT,punct,10378,Alter
10380,–,--,PUNCT,punct,10384,hat
10381,Dem,der,DET,nk,10383,Neriker
10382,tiefsinnigen,tiefsinnig,ADJ,nk,10383,Neriker
10383,Neriker,Neriker,NOUN,da,10389,verrückt
10384,hat,haben,AUX,ROOT,10384,hat
10385,die,der,DET,nk,10386,Liebe
10386,Liebe,Liebe,NOUN,oa,10389,verrückt
10387,den,der,DET,nk,10388,Kopf
10388,Kopf,Kopf,NOUN,oa,10389,verrückt
10389,verrückt,verrücken,VERB,oc,10384,hat
10390,",",--,PUNCT,punct,10384,hat
10391,das,der,PRON,sb,10392,ist
10392,ist,sein,AUX,cj,10384,hat
10393,alles,alle,PRON,ROOT,10393,alles
10394,.,--,PUNCT,punct,10393,alles
10395,Laßt,lassen,VERB,pd,10401,sein
10396,nur,nur,ADV,mo,10395,Laßt
10397,erst,erst,ADV,mo,10395,Laßt
10398,die,der,DET,nk,10399,Hochzeit
10399,Hochzeit,Hochzeit,NOUN,oa,10395,Laßt
10400,vorüber,vorüber,ADV,mo,10395,Laßt
10401,sein,sein,AUX,re,10403,dann
10402,",",--,PUNCT,punct,10403,dann
10403,dann,dann,ADV,mo,10407,geben
10404,wird's,wird's,AUX,ROOT,10404,wird's
10405,sich,sich,PRON,oa,10404,wird's
10406,schon,schon,ADV,mo,10404,wird's
10407,geben,geben,VERB,oc,10404,wird's
10408,mit,mit,ADP,ROOT,10408,mit
10409,den,der,DET,nk,10410,Trappgängen
10410,Trappgängen,Trappgäng,NOUN,nk,10408,mit
10411,und,und,CCONJ,cd,10410,Trappgängen
10412,Schätzen,Schatz,NOUN,cj,10411,und
10413,und,und,CCONJ,cd,10410,Trappgängen
10414,dem,der,DET,nk,10417,Paradiese
10415,ganzen,ganz,ADJ,nk,10417,Paradiese
10416,unterirdischen,unterirdisch,ADJ,nk,10417,Paradiese
10417,Paradiese,Paradiese,NOUN,cj,10413,und
10418,!,--,PUNCT,punct,10408,mit
10419,«,--,PUNCT,punct,10408,mit
10420,–,--,PUNCT,ROOT,10420,–
10421,Der,der,DET,nk,10426,Hochzeitstag
10422,von,von,ADP,sbp,10425,bestimmte
10423,Pehrson,Pehrson,PROPN,pnc,10424,Dahlsjö
10424,Dahlsjö,Dahlsjö,PROPN,nk,10422,von
10425,bestimmte,bestimmt,ADJ,nk,10426,Hochzeitstag
10426,Hochzeitstag,Hochzeitstag,NOUN,sb,10427,kam
10427,kam,kommen,VERB,ROOT,10427,kam
10428,endlich,endlich,ADV,mo,10427,kam
10429,heran,heran,ADV,svp,10427,kam
10430,.,--,PUNCT,punct,10427,kam
10431,Schon,schon,ADV,mo,10432,einige
10432,einige,einige,PRON,ROOT,10432,einige
10433,Tage,Tag,NOUN,mo,10434,vorher
10434,vorher,vorher,ADV,mo,10445,gewesen
10435,war,sein,AUX,ROOT,10435,war
10436,Elis,Elis,NOUN,sb,10435,war
10437,Fröbom,Fröbom,PROPN,pnc,10438,stiller
10438,stiller,still,ADJ,nk,10436,Elis
10439,",",--,PUNCT,punct,10438,stiller
10440,ernster,ernst,ADJ,cj,10438,stiller
10441,",",--,PUNCT,punct,10445,gewesen
10442,in,in,ADP,mo,10444,gekehrter
10443,sich,sich,PRON,nk,10442,in
10444,gekehrter,gekehrter,ADV,pd,10445,gewesen
10445,gewesen,sein,AUX,oc,10435,war
10446,als,als,ADP,mo,10435,war
10447,jemals,jemals,ADV,ROOT,10447,jemals
10448,",",--,PUNCT,punct,10447,jemals
10449,aber,aber,CCONJ,cd,10447,jemals
10450,auch,auch,ADV,mo,10451,nie
10451,nie,nie,ADV,mo,10462,hingegeben
10452,hatte,haben,AUX,cj,10449,aber
10453,er,er,PRON,sb,10452,hatte
10454,sich,sich,PRON,oa,10462,hingegeben
10455,so,so,ADV,mo,10462,hingegeben
10456,ganz,ganz,ADV,mo,10462,hingegeben
10457,in,in,ADP,mo,10462,hingegeben
10458,Liebe,Liebe,NOUN,nk,10457,in
10459,der,der,DET,nk,10461,Ulla
10460,holden,hold,ADJ,nk,10461,Ulla
10461,Ulla,Ulla,PROPN,ag,10458,Liebe
10462,hingegeben,hingegeben,VERB,oc,10452,hatte
10463,als,als,ADP,cm,10464,in
10464,in,in,ADP,ROOT,10464,in
10465,dieser,dieser,DET,nk,10466,Zeit
10466,Zeit,Zeit,NOUN,nk,10464,in
10467,.,--,PUNCT,ROOT,10467,.
10468,Er,er,PRON,sb,10469,mochte
10469,mochte,mögen,VERB,ROOT,10469,mochte
10470,sich,sich,PRON,da,10469,mochte
10471,keinen,kein,DET,nk,10472,Augenblick
10472,Augenblick,Augenblick,NOUN,oa,10475,trennen
10473,von,von,ADP,mnr,10472,Augenblick
10474,ihr,ihr,PRON,nk,10473,von
10475,trennen,trennen,VERB,oc,10469,mochte
10476,",",--,PUNCT,punct,10469,mochte
10477,deshalb,deshalb,ADV,mo,10469,mochte
10478,ging,gehen,VERB,ROOT,10478,ging
10479,er,er,PRON,sb,10478,ging
10480,nicht,nicht,PART,ng,10478,ging
10481,zur,zu,ADP,cvc,10478,ging
10482,Grube,Grube,NOUN,nk,10481,zur
10483,;,--,PUNCT,punct,10478,ging
10484,er,er,PRON,sb,10485,schien
10485,schien,scheinen,VERB,ROOT,10485,schien
10486,an,an,ADP,mo,10485,schien
10487,sein,sein,DET,nk,10489,Bergmannstreiben
10488,unruhiges,unruhig,ADJ,nk,10489,Bergmannstreiben
10489,Bergmannstreiben,bergmannstreiben,NOUN,nk,10486,an
10490,gar,gar,ADV,mo,10491,nicht
10491,nicht,nicht,PART,ng,10485,schien
10492,zu,zu,PART,pm,10493,denken
10493,denken,denken,VERB,ROOT,10493,denken
10494,",",--,PUNCT,punct,10493,denken
10495,denn,denn,CCONJ,cd,10493,denken
10496,kein,kein,DET,nk,10497,Wort
10497,Wort,Wort,NOUN,sb,10502,kam
10498,von,von,ADP,mnr,10497,Wort
10499,dem,der,DET,nk,10501,Reich
10500,unterirdischen,unterirdisch,ADJ,nk,10501,Reich
10501,Reich,Reich,NOUN,nk,10498,von
10502,kam,kommen,VERB,cj,10495,denn
10503,über,über,ADP,mo,10502,kam
10504,seine,sein,DET,nk,10505,Lippen
10505,Lippen,Lippe,NOUN,nk,10503,über
10506,.,--,PUNCT,punct,10493,denken
10507,Ulla,Ulla,PROPN,sb,10508,war
10508,war,sein,AUX,ROOT,10508,war
10509,ganz,ganz,ADV,mo,10510,voll
10510,voll,voll,ADP,mo,10508,war
10511,Wonne,Wonne,NOUN,nk,10510,voll
10512,;,--,PUNCT,punct,10508,war
10513,alle,aller,DET,nk,10514,Angst
10514,Angst,Angst,NOUN,ROOT,10514,Angst
10515,",",--,PUNCT,punct,10514,Angst
10516,wie,wie,SCONJ,mo,10520,Mächte
10517,vielleicht,vielleicht,ADV,mo,10520,Mächte
10518,die,der,DET,nk,10520,Mächte
10519,bedrohlichen,bedrohlich,ADJ,nk,10520,Mächte
10520,Mächte,Mächte,NOUN,oc,10514,Angst
10521,des,der,DET,nk,10523,Geklüfts
10522,unterirdischen,unterirdisch,ADJ,nk,10523,Geklüfts
10523,Geklüfts,Geklüft,NOUN,ROOT,10523,Geklüfts
10524,",",--,PUNCT,punct,10523,Geklüfts
10525,von,von,ADP,op,10532,gehört
10526,denen,der,PRON,nk,10525,von
10527,sie,sie,PRON,sb,10532,gehört
10528,oft,oft,ADV,mo,10531,reden
10529,alte,alt,ADJ,nk,10530,Bergleute
10530,Bergleute,bergleute,NOUN,oa,10531,reden
10531,reden,reden,VERB,oc,10532,gehört
10532,gehört,gehören,VERB,rc,10523,Geklüfts
10533,",",--,PUNCT,punct,10523,Geklüfts
10534,ihren,ihr,DET,nk,10535,Elis
10535,Elis,Elis,NOUN,da,10538,locken
10536,ins,in,ADP,mo,10538,locken
10537,Verderben,verderben,NOUN,nk,10536,ins
10538,locken,locken,VERB,oc,10539,würden
10539,würden,werden,AUX,sb,10541,war
10540,",",--,PUNCT,punct,10541,war
10541,war,sein,AUX,ROOT,10541,war
10542,verschwunden,verschwinden,VERB,pd,10541,war
10543,.,--,PUNCT,punct,10541,war
10544,Auch,auch,ADV,mo,10546,Dahlsjö
10545,Pehrson,Pehrson,PROPN,pnc,10546,Dahlsjö
10546,Dahlsjö,Dahlsjö,PROPN,ROOT,10546,Dahlsjö
10547,sprach,sprechen,VERB,ROOT,10547,sprach
10548,lächelnd,lächelnd,ADV,mo,10547,sprach
10549,zum,zu,ADP,mo,10547,sprach
10550,alten,alt,ADJ,nk,10551,Steiger
10551,Steiger,Steiger,NOUN,nk,10549,zum
10552,:,--,PUNCT,punct,10547,sprach
10553,«,--,PUNCT,punct,10547,sprach
10554,Seht,Seht,VERB,ROOT,10554,Seht
10555,Ihr,ihr,PRON,ROOT,10555,Ihr
10556,wohl,wohl,ADV,mo,10555,Ihr
10557,",",--,PUNCT,punct,10556,wohl
10558,daß,daß,SCONJ,cp,10560,Fröbom
10559,Elis,Elis,PROPN,ag,10560,Fröbom
10560,Fröbom,Fröbom,PROPN,ROOT,10560,Fröbom
10561,nur,nur,ADV,mo,10560,Fröbom
10562,schwindlicht,schwindlichen,VERB,pd,10563,geworden
10563,geworden,werden,AUX,ROOT,10563,geworden
10564,im,in,ADP,mo,10563,geworden
10565,Kopfe,Kopf,NOUN,nk,10564,im
10566,vor,vor,ADP,mnr,10565,Kopfe
10567,Liebe,Liebe,NOUN,nk,10566,vor
10568,zu,zu,ADP,mnr,10567,Liebe
10569,meiner,mein,DET,nk,10570,Ulla
10570,Ulla,Ulla,NOUN,nk,10568,zu
10571,!,--,PUNCT,punct,10563,geworden
10572,«,--,PUNCT,punct,10563,geworden
10573,–,--,PUNCT,ROOT,10573,–
10574,Am,an,ADP,mo,10581,war
10575,frühen,früh,ADJ,nk,10576,Morgen
10576,Morgen,Morgen,NOUN,nk,10574,Am
10577,des,der,DET,nk,10578,Hochzeitstages
10578,Hochzeitstages,Hochzeitstag,NOUN,ag,10576,Morgen
10579,–,--,PUNCT,punct,10581,war
10580,es,es,PRON,sb,10581,war
10581,war,sein,AUX,ROOT,10581,war
10582,der,der,DET,nk,10583,Johannistag
10583,Johannistag,Johannistag,NOUN,sb,10581,war
10584,–,--,PUNCT,punct,10581,war
10585,klopfte,klopften,VERB,cj,10581,war
10586,Elis,Elis,PROPN,sb,10585,klopfte
10587,an,an,ADP,svp,10585,klopfte
10588,die,der,DET,nk,10589,Kammer
10589,Kammer,Kammer,NOUN,ROOT,10589,Kammer
10590,seiner,sein,DET,nk,10591,Braut
10591,Braut,Braut,NOUN,ag,10589,Kammer
10592,.,--,PUNCT,punct,10589,Kammer
10593,Sie,sie,PRON,sb,10594,öffnete
10594,öffnete,öffnen,VERB,ROOT,10594,öffnete
10595,und,und,CCONJ,cd,10594,öffnete
10596,fuhr,fahren,VERB,cj,10595,und
10597,erschrocken,erschrocken,VERB,mo,10594,öffnete
10598,zurück,zurück,ADV,svp,10594,öffnete
10599,",",--,PUNCT,punct,10594,öffnete
10600,als,als,SCONJ,mo,10594,öffnete
10601,sie,sie,PRON,sb,10600,als
10602,den,der,DET,oa,10594,öffnete
10603,Elis,elis,PROPN,sb,10604,erblickte
10604,erblickte,erblicken,VERB,ROOT,10604,erblickte
10605,schon,schon,ADV,mo,10604,erblickte
10606,in,in,ADP,mo,10604,erblickte
10607,den,der,DET,nk,10608,Hochzeitskleidern
10608,Hochzeitskleidern,Hochzeitskleider,NOUN,nk,10606,in
10609,",",--,PUNCT,punct,10606,in
10610,todbleich,todbleich,ADV,mo,10613,sprühendes
10611,",",--,PUNCT,punct,10610,todbleich
10612,dunkel,dunkel,ADV,mo,10613,sprühendes
10613,sprühendes,sprühend,ADJ,cj,10604,erblickte
10614,Feuer,Feuer,NOUN,ROOT,10614,Feuer
10615,in,in,ADP,mnr,10614,Feuer
10616,den,der,DET,nk,10617,Augen
10617,Augen,Auge,NOUN,nk,10615,in
10618,.,--,PUNCT,punct,10614,Feuer
10619,»,--,PUNCT,punct,10621,will
10620,Ich,ich,PRON,sb,10621,will
10621,will,wollen,VERB,rs,10624,sprach
10622,«,--,PUNCT,punct,10621,will
10623,",",--,PUNCT,punct,10624,sprach
10624,sprach,sprechen,VERB,ROOT,10624,sprach
10625,er,er,PRON,sb,10624,sprach
10626,mit,mit,ADP,mo,10624,sprach
10627,leiser,leise,ADJ,nk,10630,Stimme
10628,",",--,PUNCT,punct,10627,leiser
10629,schwankender,schwankend,ADJ,cj,10627,leiser
10630,Stimme,Stimme,NOUN,nk,10626,mit
10631,",",--,PUNCT,punct,10624,sprach
10632,»,--,PUNCT,punct,10624,sprach
10633,ich,ich,PRON,dep,10624,sprach
10634,will,wollen,AUX,ROOT,10634,will
10635,dir,dir,PRON,sb,10634,will
10636,nur,nur,ADV,mo,10634,will
10637,sagen,sagen,VERB,oc,10634,will
10638,",",--,PUNCT,punct,10634,will
10639,meine,mein,DET,nk,10641,Ulla
10640,herzgeliebte,herzgeliebt,ADJ,nk,10641,Ulla
10641,Ulla,Ulla,PROPN,cj,10634,will
10642,",",--,PUNCT,punct,10641,Ulla
10643,daß,daß,SCONJ,app,10641,Ulla
10644,wir,wir,PRON,sb,10643,daß
10645,dicht,dicht,ADV,mo,10646,an
10646,an,an,ADP,mnr,10644,wir
10647,der,der,DET,nk,10648,Spitze
10648,Spitze,Spitze,NOUN,nk,10646,an
10649,des,der,DET,dep,10641,Ulla
10650,höchsten,hoch,AUX,nk,10651,Glücks
10651,Glücks,Glück,NOUN,mo,10652,stehen
10652,stehen,stehen,VERB,ROOT,10652,stehen
10653,",",--,PUNCT,punct,10652,stehen
10654,wie,wie,SCONJ,mo,10662,beschieden
10655,es,es,PRON,oa,10662,beschieden
10656,nur,nur,ADV,mo,10658,Menschen
10657,dem,der,DET,nk,10658,Menschen
10658,Menschen,Mensch,NOUN,da,10662,beschieden
10659,hier,hier,ADV,mo,10662,beschieden
10660,auf,auf,ADP,mo,10662,beschieden
10661,Erden,Erde,NOUN,nk,10660,auf
10662,beschieden,bescheiden,VERB,mo,10652,stehen
10663,.,--,PUNCT,punct,10652,stehen
10664,Mir,mir,PRON,ROOT,10664,Mir
10665,ist,sein,AUX,ROOT,10665,ist
10666,in,in,ADP,mo,10665,ist
10667,dieser,dieser,DET,nk,10668,Nacht
10668,Nacht,Nacht,NOUN,nk,10666,in
10669,alles,alle,PRON,sb,10665,ist
10670,entdeckt,entdecken,VERB,oc,10671,worden
10671,worden,werden,AUX,oc,10665,ist
10672,.,--,PUNCT,punct,10665,ist
10673,Unten,unten,ADV,mo,10674,in
10674,in,in,ADP,mo,10677,liegt
10675,der,der,DET,nk,10676,Teufe
10676,Teufe,Teufe,NOUN,nk,10674,in
10677,liegt,liegen,VERB,ROOT,10677,liegt
10678,in,in,ADP,mo,10677,liegt
10679,Chlorit,Chlorit,NOUN,nk,10678,in
10680,und,und,CCONJ,ROOT,10680,und
10681,Glimmer,Glimmer,NOUN,cj,10680,und
10682,eingeschlossen,einschließen,VERB,ROOT,10682,eingeschlossen
10683,der,der,DET,nk,10686,Almandin
10684,kirschrot,Kirschrot,NOUN,nk,10686,Almandin
10685,funkelnde,funkelnd,ADJ,nk,10686,Almandin
10686,Almandin,Almandin,NOUN,sb,10682,eingeschlossen
10687,",",--,PUNCT,punct,10686,Almandin
10688,auf,auf,ADP,mnr,10686,Almandin
10689,den,der,PRON,nk,10688,auf
10690,unsere,unser,DET,ROOT,10690,unsere
10691,Lebenstafel,Lebenstafel,NOUN,ROOT,10691,Lebenstafel
10692,eingegraben,eingraben,VERB,oc,10691,Lebenstafel
10693,",",--,PUNCT,punct,10692,eingegraben
10694,den,der,PRON,oa,10695,mußt
10695,mußt,mußt,VERB,rc,10691,Lebenstafel
10696,du,du,PRON,sb,10695,mußt
10697,von,von,ADP,mo,10699,empfangen
10698,mir,mir,PRON,nk,10697,von
10699,empfangen,empfangen,VERB,oc,10695,mußt
10700,als,als,ADP,cm,10701,Hochzeitsgabe
10701,Hochzeitsgabe,Hochzeitsgabe,NOUN,cc,10697,von
10702,.,--,PUNCT,punct,10691,Lebenstafel
10703,Er,er,PRON,ROOT,10703,Er
10704,ist,sein,AUX,ROOT,10704,ist
10705,schöner,schön,ADV,pd,10704,ist
10706,als,als,ADP,cm,10710,Karfunkel
10707,der,der,DET,nk,10710,Karfunkel
10708,herrlichste,herrlichste,ADJ,nk,10710,Karfunkel
10709,blutrote,blutrot,ADJ,nk,10710,Karfunkel
10710,Karfunkel,Karfunkel,NOUN,cc,10705,schöner
10711,",",--,PUNCT,punct,10704,ist
10712,und,und,CCONJ,cd,10704,ist
10713,wenn,wenn,SCONJ,cp,10716,in
10714,wir,wir,PRON,sb,10713,wenn
10715,",",--,PUNCT,punct,10714,wir
10716,in,in,ADP,mo,10704,ist
10717,treuer,Treuer,PROPN,nk,10716,in
10718,Liebe,Liebe,NOUN,sb,10719,verbunden
10719,verbunden,verbinden,VERB,mo,10727,können
10720,",",--,PUNCT,punct,10719,verbunden
10721,hineinblicken,Hineinblick,VERB,cj,10719,verbunden
10722,in,in,ADP,mo,10721,hineinblicken
10723,sein,sein,DET,nk,10725,Licht
10724,strahlendes,strahlend,ADJ,nk,10725,Licht
10725,Licht,Licht,NOUN,nk,10722,in
10726,",",--,PUNCT,punct,10727,können
10727,können,können,AUX,ROOT,10727,können
10728,wir,wir,PRON,sb,10727,können
10729,es,es,PRON,oa,10727,können
10730,deutlich,deutlich,ADV,mo,10731,erschauen
10731,erschauen,erschauen,VERB,ROOT,10731,erschauen
10732,",",--,PUNCT,punct,10731,erschauen
10733,wie,wie,SCONJ,mo,10737,ist
10734,unser,unser,DET,nk,10735,Inneres
10735,Inneres,Innere,NOUN,sb,10737,ist
10736,verwachsen,verwachsen,VERB,pd,10737,ist
10737,ist,sein,AUX,oc,10731,erschauen
10738,mit,mit,ADP,mo,10737,ist
10739,dem,der,DET,nk,10740,wunderbaren
10740,wunderbaren,wunderbar,ADJ,nk,10738,mit
10741,Gezweige,gezweige,NOUN,ROOT,10741,Gezweige
10742,",",--,PUNCT,punct,10741,Gezweige
10743,das,der,PRON,sb,10753,emporkeimt
10744,aus,aus,ADP,mo,10753,emporkeimt
10745,dem,der,DET,nk,10746,Herzen
10746,Herzen,Herzen,NOUN,nk,10744,aus
10747,der,der,DET,nk,10748,Königin
10748,Königin,Königin,NOUN,ag,10746,Herzen
10749,im,in,ADP,mo,10753,emporkeimt
10750,Mittelpunkt,Mittelpunkt,NOUN,nk,10749,im
10751,der,der,DET,nk,10752,Erde
10752,Erde,Erde,NOUN,ag,10750,Mittelpunkt
10753,emporkeimt,emporkeimtn,VERB,rc,10741,Gezweige
10754,.,--,PUNCT,punct,10741,Gezweige
10755,Es,es,PRON,ROOT,10755,Es
10756,ist,sein,AUX,ROOT,10756,ist
10757,nur,nur,ADV,mo,10758,nötig
10758,nötig,nötig,ADV,pd,10756,ist
10759,",",--,PUNCT,punct,10756,ist
10760,daß,daß,SCONJ,cp,10764,hinauffördere
10761,ich,ich,PRON,sb,10764,hinauffördere
10762,diesen,dieser,DET,nk,10763,Stein
10763,Stein,Stein,NOUN,oa,10764,hinauffördere
10764,hinauffördere,hinauffördern,VERB,sb,10756,ist
10765,zutage,zutage,ADV,mo,10764,hinauffördere
10766,",",--,PUNCT,punct,10764,hinauffördere
10767,und,und,CCONJ,cd,10764,hinauffördere
10768,das,der,PRON,oa,10769,will
10769,will,wollen,AUX,cj,10767,und
10770,ich,ich,PRON,sb,10769,will
10771,nunmehro,Nunmehro,PROPN,sb,10772,tun
10772,tun,tun,VERB,ROOT,10772,tun
10773,.,--,PUNCT,punct,10772,tun
10774,Gehab,Gehab,PROPN,mo,10777,lange
10775,dich,dich,PRON,mo,10774,Gehab
10776,so,so,ADV,mo,10777,lange
10777,lange,lange,ADV,mo,10778,wohl
10778,wohl,wohl,ADV,mo,10782,Ulla
10779,",",--,PUNCT,punct,10782,Ulla
10780,meine,mein,DET,nk,10782,Ulla
10781,herzgeliebte,herzgeliebt,ADJ,nk,10782,Ulla
10782,Ulla,Ulla,PROPN,ROOT,10782,Ulla
10783,!,--,PUNCT,punct,10782,Ulla
10784,–,--,PUNCT,punct,10786,bin
10785,bald,bald,ADV,mo,10786,bin
10786,bin,sein,AUX,ROOT,10786,bin
10787,ich,ich,PRON,sb,10786,bin
10788,wieder,wieder,ADV,mo,10789,hier
10789,hier,hier,ADV,ROOT,10789,hier
10790,.,--,PUNCT,punct,10789,hier
10791,«,--,PUNCT,ROOT,10791,«
10792,Ulla,Ulla,PROPN,sb,10793,beschwor
10793,beschwor,beschwören,VERB,ROOT,10793,beschwor
10794,den,der,DET,nk,10795,Geliebten
10795,Geliebten,geliebter,NOUN,da,10793,beschwor
10796,mit,mit,ADP,mo,10793,beschwor
10797,heißen,heiß,ADJ,nk,10798,Tränen
10798,Tränen,Träne,NOUN,nk,10796,mit
10799,",",--,PUNCT,punct,10793,beschwor
10800,doch,doch,CCONJ,cd,10793,beschwor
10801,abzustehen,abzustehen,VERB,cj,10800,doch
10802,von,von,ADP,mo,10801,abzustehen
10803,diesem,dieser,DET,nk,10802,von
10804,träumerischen,träumerisch,ADJ,nk,10805,Unternehmen
10805,Unternehmen,Unternehmen,NOUN,ROOT,10805,Unternehmen
10806,",",--,PUNCT,punct,10805,Unternehmen
10807,da,da,SCONJ,cp,10811,ahne
10808,ihr,ihr,DET,nk,10810,Unglück
10809,großes,groß,ADJ,nk,10810,Unglück
10810,Unglück,Unglück,NOUN,oa,10811,ahne
10811,ahne,ahnen,VERB,mnr,10805,Unternehmen
10812,;,--,PUNCT,punct,10805,Unternehmen
10813,doch,doch,CCONJ,ROOT,10813,doch
10814,Elis,Elis,PROPN,ROOT,10814,Elis
10815,Fröbom,Fröbom,PROPN,pd,10814,Elis
10816,versicherte,versichern,VERB,ROOT,10816,versicherte
10817,",",--,PUNCT,punct,10816,versicherte
10818,daß,daß,SCONJ,cp,10828,würde
10819,er,er,PRON,sb,10828,würde
10820,ohne,ohne,ADP,mo,10827,haben
10821,jenes,jener,DET,nk,10822,Gestein
10822,Gestein,Gestein,NOUN,nk,10820,ohne
10823,niemals,niemals,ADV,mo,10827,haben
10824,eine,ein,DET,nk,10826,Stunde
10825,ruhige,ruhig,ADJ,nk,10826,Stunde
10826,Stunde,Stunde,NOUN,oa,10827,haben
10827,haben,haben,VERB,oc,10828,würde
10828,würde,werden,AUX,oc,10816,versicherte
10829,und,und,CCONJ,ju,10839,sei
10830,daß,daß,SCONJ,cp,10839,sei
10831,an,an,ADP,mo,10838,denken
10832,irgendeine,irgendein,DET,nk,10834,Gefahr
10833,bedrohliche,bedrohlich,ADJ,nk,10834,Gefahr
10834,Gefahr,Gefahr,NOUN,sb,10839,sei
10835,gar,gar,ADV,mo,10836,nicht
10836,nicht,nicht,PART,ng,10838,denken
10837,zu,zu,PART,pm,10838,denken
10838,denken,denken,VERB,oc,10839,sei
10839,sei,sein,AUX,ROOT,10839,sei
10840,.,--,PUNCT,punct,10839,sei
10841,Er,er,PRON,sb,10842,drückte
10842,drückte,drücken,VERB,ROOT,10842,drückte
10843,die,der,DET,nk,10844,Braut
10844,Braut,Braut,NOUN,ROOT,10844,Braut
10845,innig,innig,ADV,mo,10844,Braut
10846,an,an,ADP,mnr,10844,Braut
10847,seine,sein,DET,nk,10848,Brust
10848,Brust,Brust,NOUN,nk,10846,an
10849,und,und,CCONJ,cd,10844,Braut
10850,schied,scheiden,VERB,cj,10849,und
10851,von,von,ADP,op,10850,schied
10852,dannen,dannen,NOUN,nk,10851,von
10853,.,--,PUNCT,punct,10844,Braut
10854,Schon,schon,ADV,mo,10855,waren
10855,waren,sein,AUX,ROOT,10855,waren
10856,die,der,DET,nk,10857,Gäste
10857,Gäste,Gast,NOUN,sb,10855,waren
10858,versammelt,versammeln,VERB,pd,10855,waren
10859,",",--,PUNCT,punct,10858,versammelt
10860,um,um,SCONJ,cj,10855,waren
10861,das,der,DET,nk,10862,Brautpaar
10862,Brautpaar,Brautpaar,NOUN,nk,10860,um
10863,nach,nach,ADP,mnr,10862,Brautpaar
10864,der,der,DET,nk,10865,Kopparbergskirche
10865,Kopparbergskirche,Kopparbergskirche,NOUN,nk,10863,nach
10866,",",--,PUNCT,punct,10862,Brautpaar
10867,wo,wo,SCONJ,mo,10876,sollte
10868,nach,nach,ADP,mo,10875,gehen
10869,gehaltenem,gehalten,ADJ,nk,10870,Gottesdienst
10870,Gottesdienst,Gottesdienst,NOUN,nk,10868,nach
10871,die,der,DET,nk,10872,Trauung
10872,Trauung,Trauung,NOUN,sb,10876,sollte
10873,vor,vor,ADP,mo,10875,gehen
10874,sich,sich,PRON,nk,10873,vor
10875,gehen,gehen,VERB,oc,10876,sollte
10876,sollte,sollen,AUX,ROOT,10876,sollte
10877,",",--,PUNCT,punct,10879,geleiten
10878,zu,zu,PART,pm,10879,geleiten
10879,geleiten,geleiten,VERB,oc,10876,sollte
10880,.,--,PUNCT,punct,10876,sollte
10881,Eine,ein,DET,nk,10883,Schar
10882,ganze,ganz,ADJ,nk,10883,Schar
10883,Schar,Schar,NOUN,ROOT,10883,Schar
10884,zierlich,zierlich,ADV,mo,10885,geschmückter
10885,geschmückter,geschmückt,ADJ,nk,10886,Jungfrauen
10886,Jungfrauen,Jungfraue,NOUN,ag,10883,Schar
10887,",",--,PUNCT,punct,10886,Jungfrauen
10888,die,der,PRON,sb,10892,des
10889,nach,nach,ADP,mnr,10888,die
10890,der,der,DET,nk,10891,Sitte
10891,Sitte,Sitte,NOUN,nk,10889,nach
10892,des,der,DET,rc,10883,Schar
10893,Landes,Land,NOUN,sb,10899,sollten
10894,als,als,ADP,mo,10898,voranziehen
10895,Brautmädchen,Brautmädchen,NOUN,nk,10894,als
10896,der,der,DET,nk,10897,Braut
10897,Braut,Braut,NOUN,ag,10895,Brautmädchen
10898,voranziehen,voranziehen,VERB,oc,10899,sollten
10899,sollten,sollen,AUX,ROOT,10899,sollten
10900,",",--,PUNCT,punct,10899,sollten
10901,lachten,lacht,ADJ,sb,10899,sollten
10902,und,und,CCONJ,cd,10901,lachten
10903,scherzten,scherzten,VERB,cj,10902,und
10904,um,um,ADP,svp,10899,sollten
10905,Ulla,Ulla,PROPN,ROOT,10905,Ulla
10906,her,her,ADV,mo,10905,Ulla
10907,.,--,PUNCT,punct,10905,Ulla
10908,Die,der,DET,nk,10909,Musikanten
10909,Musikanten,Musikant,NOUN,sb,10910,stimmten
10910,stimmten,stimmen,VERB,ROOT,10910,stimmten
10911,ihre,ihr,DET,nk,10912,Instrumente
10912,Instrumente,Instrument,NOUN,oa,10910,stimmten
10913,und,und,CCONJ,cd,10910,stimmten
10914,versuchten,versuchen,VERB,cj,10913,und
10915,einen,ein,DET,oa,10914,versuchten
10916,fröhlichen,fröhlich,ADJ,nk,10917,Hochzeitsmarsch
10917,Hochzeitsmarsch,Hochzeitsmarsch,NOUN,ROOT,10917,Hochzeitsmarsch
10918,.,--,PUNCT,punct,10917,Hochzeitsmarsch
10919,–,--,PUNCT,punct,10921,war
10920,Schon,schon,ADV,mo,10921,war
10921,war,sein,AUX,ROOT,10921,war
10922,es,es,PRON,sb,10921,war
10923,beinahe,beinahe,ADV,mo,10924,Mittag
10924,Mittag,Mittag,NOUN,pd,10921,war
10925,",",--,PUNCT,punct,10921,war
10926,noch,noch,ADV,mo,10928,ließ
10927,immer,immer,ADV,mo,10926,noch
10928,ließ,lassen,VERB,cj,10921,war
10929,sich,sich,PRON,oa,10928,ließ
10930,Elis,Elis,PROPN,pnc,10931,Fröbom
10931,Fröbom,Fröbom,PROPN,ROOT,10931,Fröbom
10932,nicht,nicht,PART,ng,10933,sehen
10933,sehen,sehen,VERB,oc,10931,Fröbom
10934,.,--,PUNCT,punct,10931,Fröbom
10935,Da,da,ADV,mo,10936,stürzten
10936,stürzten,stürzen,VERB,ROOT,10936,stürzten
10937,plötzlich,plötzlich,ADV,mo,10936,stürzten
10938,Bergleute,Bergleute,NOUN,sb,10936,stürzten
10939,herbei,herbei,ADV,svp,10936,stürzten
10940,",",--,PUNCT,punct,10936,stürzten
10941,Angst,Angst,NOUN,app,10938,Bergleute
10942,und,und,CCONJ,cd,10941,Angst
10943,Entsetzen,entsetzen,NOUN,ROOT,10943,Entsetzen
10944,in,in,ADP,mnr,10943,Entsetzen
10945,den,der,DET,nk,10947,Gesichtern
10946,bleichen,bleich,ADJ,nk,10947,Gesichtern
10947,Gesichtern,Gesicht,NOUN,nk,10944,in
10948,",",--,PUNCT,punct,10943,Entsetzen
10949,und,und,CCONJ,cd,10943,Entsetzen
10950,meldeten,melden,VERB,cj,10949,und
10951,",",--,PUNCT,punct,10950,meldeten
10952,wie,wie,ADP,mo,10950,meldeten
10953,eben,eben,ADV,mo,10952,wie
10954,ein,ein,DET,nk,10955,fürchterlicher
10955,fürchterlicher,fürchterlich,ADJ,ROOT,10955,fürchterlicher
10956,Bergfall,Bergfall,NOUN,ROOT,10956,Bergfall
10957,die,der,DET,nk,10959,Grube
10958,ganze,ganz,ADJ,nk,10959,Grube
10959,Grube,Grube,NOUN,oa,10956,Bergfall
10960,",",--,PUNCT,punct,10959,Grube
10961,in,in,ADP,mo,10967,verschüttet
10962,der,der,PRON,nk,10961,in
10963,Dahlsjös,Dahlsjös,PROPN,sb,10967,verschüttet
10964,Kuxe,Kuxe,PROPN,nk,10963,Dahlsjös
10965,befindlich,befindlich,ADV,mo,10967,verschüttet
10966,",",--,PUNCT,punct,10967,verschüttet
10967,verschüttet,verschütten,VERB,rc,10959,Grube
10968,.,--,PUNCT,punct,10956,Bergfall
10969,»,--,PUNCT,punct,10970,Elis
10970,Elis,Elis,PROPN,ROOT,10970,Elis
10971,–,--,PUNCT,punct,10970,Elis
10972,mein,mein,DET,nk,10973,Elis
10973,Elis,Elis,NOUN,cj,10970,Elis
10974,",",--,PUNCT,punct,10970,Elis
10975,du,du,PRON,sb,10976,bist
10976,bist,sein,AUX,oc,10970,Elis
10977,hin,hin,ADV,mo,10976,bist
10978,–,--,PUNCT,punct,10976,bist
10979,hin,hin,ADV,mo,10976,bist
10980,!,--,PUNCT,punct,10970,Elis
10981,«,--,PUNCT,punct,10970,Elis
10982,–,--,PUNCT,punct,10984,schrie
10983,So,so,ADV,mo,10984,schrie
10984,schrie,schreien,VERB,ROOT,10984,schrie
10985,Ulla,Ulla,PROPN,sb,10984,schrie
10986,laut,laut,ADV,mo,10984,schrie
10987,auf,auf,ADP,svp,10984,schrie
10988,und,und,CCONJ,cd,10984,schrie
10989,fiel,fallen,VERB,cj,10988,und
10990,wie,wie,ADP,mo,10989,fiel
10991,tot,tot,ADV,ROOT,10991,tot
10992,nieder,nieder,ADV,svp,10991,tot
10993,.,--,PUNCT,punct,10991,tot
10994,–,--,PUNCT,punct,10996,erfuhr
10995,Nun,nun,ADV,mo,10996,erfuhr
10996,erfuhr,erfahren,VERB,ROOT,10996,erfuhr
10997,erst,erst,ADV,mo,10999,Dahlsjö
10998,Pehrson,Pehrson,PROPN,pnc,10999,Dahlsjö
10999,Dahlsjö,Dahlsjö,PROPN,sb,10996,erfuhr
11000,von,von,ADP,op,10996,erfuhr
11001,dem,der,DET,nk,11002,Steiger
11002,Steiger,Steiger,NOUN,nk,11000,von
11003,",",--,PUNCT,punct,10996,erfuhr
11004,daß,daß,SCONJ,cd,10996,erfuhr
11005,Elis,Elis,PROPN,cj,11004,daß
11006,am,an,ADP,mo,10996,erfuhr
11007,frühen,früh,ADJ,nk,11008,Morgen
11008,Morgen,Morgen,NOUN,mo,11013,gegangen
11009,nach,nach,ADP,mo,11013,gegangen
11010,der,der,DET,nk,11012,Pinge
11011,großen,groß,ADJ,nk,11012,Pinge
11012,Pinge,Pinge,NOUN,nk,11009,nach
11013,gegangen,gehen,VERB,ROOT,11013,gegangen
11014,und,und,CCONJ,cd,11013,gegangen
11015,hinabgefahren,hinabgefahren,VERB,cj,11014,und
11016,",",--,PUNCT,punct,11013,gegangen
11017,sonst,sonst,ADV,mo,11018,hatte
11018,hatte,haben,VERB,cj,11013,gegangen
11019,",",--,PUNCT,punct,11018,hatte
11020,da,da,SCONJ,ROOT,11020,da
11021,Knappen,Knappe,NOUN,oa,11026,geladen
11022,und,und,CCONJ,cd,11021,Knappen
11023,Steiger,Steiger,NOUN,cj,11022,und
11024,zur,zu,ADP,cvc,11026,geladen
11025,Hochzeit,Hochzeit,NOUN,nk,11024,zur
11026,geladen,laden,VERB,ROOT,11026,geladen
11027,",",--,PUNCT,punct,11026,geladen
11028,niemand,niemand,PRON,dep,11026,geladen
11029,in,in,ADP,mo,11032,gearbeitet
11030,dem,der,DET,nk,11031,Schacht
11031,Schacht,Schacht,NOUN,nk,11029,in
11032,gearbeitet,arbeiten,VERB,oc,11026,geladen
11033,.,--,PUNCT,punct,11026,geladen
11034,Pehrson,Pehrson,PROPN,pnc,11035,Dahsjö
11035,Dahsjö,Dahsjö,PROPN,sb,11039,eilten
11036,",",--,PUNCT,punct,11035,Dahsjö
11037,alle,aller,DET,nk,11038,Bergleute
11038,Bergleute,Bergleute,NOUN,sb,11039,eilten
11039,eilten,eilen,VERB,ROOT,11039,eilten
11040,hinaus,hinaus,ADV,svp,11039,eilten
11041,",",--,PUNCT,punct,11039,eilten
11042,aber,aber,CCONJ,cd,11039,eilten
11043,alle,aller,DET,nk,11044,Nachforschungen
11044,Nachforschungen,Nachforschung,NOUN,cj,11042,aber
11045,",",--,PUNCT,punct,11039,eilten
11046,so,so,ADV,mo,11039,eilten
11047,wie,wie,ADP,dep,11039,eilten
11048,sie,sie,PRON,sb,11057,möglich
11049,nur,nur,ADV,mo,11051,mit
11050,selbst,selbst,ADV,mo,11049,nur
11051,mit,mit,ADP,mo,11057,möglich
11052,der,der,DET,nk,11054,Gefahr
11053,höchsten,hoch,ADJ,nk,11054,Gefahr
11054,Gefahr,Gefahr,NOUN,nk,11051,mit
11055,des,der,DET,nk,11056,Lebens
11056,Lebens,Leben,NOUN,ag,11054,Gefahr
11057,möglich,möglich,ADV,pd,11059,blieben
11058,",",--,PUNCT,punct,11059,blieben
11059,blieben,bleiben,VERB,ROOT,11059,blieben
11060,vergebens,vergebens,ADV,mo,11059,blieben
11061,.,--,PUNCT,punct,11059,blieben
11062,Elis,Elis,PROPN,pnc,11063,Fröbom
11063,Fröbom,Fröbom,PROPN,sb,11064,wurde
11064,wurde,werden,AUX,ROOT,11064,wurde
11065,nicht,nicht,PART,ng,11066,gefunden
11066,gefunden,finden,VERB,oc,11064,wurde
11067,.,--,PUNCT,punct,11064,wurde
11068,Gewiß,gewiß,ADV,mo,11069,war
11069,war,sein,AUX,ROOT,11069,war
11070,es,es,PRON,sb,11069,war
11071,",",--,PUNCT,punct,11070,es
11072,daß,daß,SCONJ,mo,11069,war
11073,der,der,DET,nk,11074,Erdsturz
11074,Erdsturz,Erdsturz,NOUN,cj,11072,daß
11075,den,der,DET,dep,11069,war
11076,Unglücklich,unglücklich,ADV,mo,11079,begraben
11077,im,in,ADP,mo,11079,begraben
11078,Gestein,Gestein,NOUN,nk,11077,im
11079,begraben,begraben,VERB,ROOT,11079,begraben
11080,;,--,PUNCT,punct,11079,begraben
11081,und,und,CCONJ,ju,11083,kam
11082,so,so,ADV,mo,11083,kam
11083,kam,kommen,VERB,ROOT,11083,kam
11084,Elend,Elend,NOUN,sb,11083,kam
11085,und,und,CCONJ,cd,11084,Elend
11086,Jammer,Jammer,NOUN,cj,11085,und
11087,über,über,ADP,mo,11083,kam
11088,das,der,DET,nk,11089,Haus
11089,Haus,Haus,NOUN,nk,11087,über
11090,des,der,DET,svp,11083,kam
11091,wackern,wackern,VERB,ROOT,11091,wackern
11092,Pehrson,Pehrson,PROPN,pnc,11093,Dahlsjö
11093,Dahlsjö,Dahlsjö,PROPN,sb,11091,wackern
11094,in,in,ADP,mo,11091,wackern
11095,dem,der,DET,nk,11096,Augenblick
11096,Augenblick,Augenblick,NOUN,nk,11094,in
11097,",",--,PUNCT,punct,11091,wackern
11098,als,als,SCONJ,mo,11091,wackern
11099,er,er,PRON,sb,11098,als
11100,Ruhe,Ruhe,NOUN,oa,11091,wackern
11101,und,und,CCONJ,cd,11100,Ruhe
11102,Frieden,Frieden,NOUN,cj,11101,und
11103,für,für,ADP,mnr,11102,Frieden
11104,seine,sein,DET,oa,11091,wackern
11105,alten,alt,ADJ,nk,11106,Tage
11106,Tage,Tag,NOUN,mo,11110,gedacht
11107,sich,sich,PRON,oa,11109,bereiten
11108,zu,zu,PART,pm,11109,bereiten
11109,bereiten,bereiten,VERB,oc,11110,gedacht
11110,gedacht,denken,VERB,ROOT,11110,gedacht
11111,.,--,PUNCT,punct,11110,gedacht
11112,Längst,längst,ADV,mo,11113,war
11113,war,sein,AUX,ROOT,11113,war
11114,der,der,DET,nk,11116,Masmeister
11115,wackre,Wackre,ADJ,nk,11116,Masmeister
11116,Masmeister,Masmeister,NOUN,sb,11113,war
11117,Altermann,Altermann,PROPN,pnc,11119,Dahlsjö
11118,Pehrson,Pehrson,PROPN,pnc,11119,Dahlsjö
11119,Dahlsjö,Dahlsjö,PROPN,nk,11116,Masmeister
11120,gestorben,sterben,VERB,oc,11113,war
11121,",",--,PUNCT,punct,11113,war
11122,längst,längst,ADV,mo,11113,war
11123,seine,sein,DET,nk,11124,Tochter
11124,Tochter,Tochter,NOUN,sb,11131,wußte
11125,Ulla,Ulla,PROPN,nk,11124,Tochter
11126,verschwunden,verschwinden,VERB,oc,11124,Tochter
11127,",",--,PUNCT,punct,11124,Tochter
11128,niemand,niemand,PRON,sb,11131,wußte
11129,in,in,ADP,mnr,11128,niemand
11130,Falun,Falun,PROPN,nk,11129,in
11131,wußte,wissen,VERB,ROOT,11131,wußte
11132,von,von,ADP,op,11131,wußte
11133,beiden,beide,PRON,nk,11132,von
11134,mehr,mehr,ADV,nk,11132,von
11135,etwas,etwas,PRON,nk,11132,von
11136,",",--,PUNCT,punct,11131,wußte
11137,da,da,SCONJ,ROOT,11137,da
11138,seit,seit,ADP,mo,11137,da
11139,Fröboms,Fröbom,PROPN,ag,11141,Hochzeitstage
11140,unglückseligem,unglückselig,ADJ,nk,11141,Hochzeitstage
11141,Hochzeitstage,Hochzeitstage,NOUN,nk,11138,seit
11142,wohl,wohl,ADV,mo,11143,an
11143,an,an,ADP,mo,11137,da
11144,die,der,DET,nk,11146,Jahre
11145,funfzig,funfzig,PROPN,nk,11146,Jahre
11146,Jahre,Jahr,NOUN,nk,11143,an
11147,verflossen,verflessen,VERB,ROOT,11147,verflossen
11148,.,--,PUNCT,punct,11147,verflossen
11149,Da,da,ADV,mo,11150,geschah
11150,geschah,geschehen,VERB,ROOT,11150,geschah
11151,es,es,PRON,sb,11150,geschah
11152,",",--,PUNCT,punct,11150,geschah
11153,daß,daß,SCONJ,cp,11155,Bergleute
11154,die,der,DET,nk,11155,Bergleute
11155,Bergleute,Bergleute,NOUN,sb,11150,geschah
11156,",",--,PUNCT,punct,11155,Bergleute
11157,als,als,SCONJ,cm,11158,sie
11158,sie,sie,PRON,cc,11155,Bergleute
11159,zwischen,zwischen,ADP,mnr,11158,sie
11160,zwei,zwei,NUM,nk,11161,Schachten
11161,Schachten,Schachten,NOUN,nk,11159,zwischen
11162,einen,ein,DET,nk,11163,Durchschlag
11163,Durchschlag,Durchschlag,NOUN,oa,11164,versuchten
11164,versuchten,versuchen,VERB,ROOT,11164,versuchten
11165,",",--,PUNCT,punct,11164,versuchten
11166,in,in,ADP,mo,11164,versuchten
11167,einer,ein,DET,nk,11168,Teufe
11168,Teufe,Teufe,NOUN,nk,11166,in
11169,von,von,ADP,mnr,11168,Teufe
11170,dreihundert,dreihundert,ADV,nk,11171,Ellen
11171,Ellen,Ellen,PROPN,nk,11169,von
11172,im,in,ADP,mnr,11171,Ellen
11173,Vitriolwasser,Vitriolwasser,NOUN,sb,11179,fanden
11174,den,der,DET,nk,11175,Leichnam
11175,Leichnam,Leichnam,NOUN,oa,11179,fanden
11176,eines,ein,DET,nk,11178,Bergmanns
11177,jungen,jung,ADJ,nk,11178,Bergmanns
11178,Bergmanns,Bergmann,NOUN,ag,11175,Leichnam
11179,fanden,finden,VERB,ROOT,11179,fanden
11180,",",--,PUNCT,punct,11179,fanden
11181,der,der,PRON,sb,11182,versteinert
11182,versteinert,versteinern,VERB,rc,11174,den
11183,schien,scheinen,VERB,ROOT,11183,schien
11184,",",--,PUNCT,punct,11183,schien
11185,als,als,SCONJ,cp,11189,förderten
11186,sie,sie,PRON,sb,11189,förderten
11187,ihn,ihn,PRON,oa,11189,förderten
11188,zutage,zutage,ADV,mo,11189,förderten
11189,förderten,fördern,VERB,mo,11183,schien
11190,.,--,PUNCT,punct,11183,schien
11191,Es,es,PRON,sb,11192,war
11192,war,sein,AUX,re,11206,so
11193,anzusehen,ansehen,VERB,oc,11192,war
11194,",",--,PUNCT,punct,11192,war
11195,als,als,SCONJ,cm,11196,läge
11196,läge,liegen,VERB,re,11191,Es
11197,der,der,DET,nk,11198,Jüngling
11198,Jüngling,Jüngling,NOUN,sb,11196,läge
11199,in,in,ADP,mo,11196,läge
11200,tiefem,tief,ADJ,nk,11201,Schlaf
11201,Schlaf,Schlaf,NOUN,nk,11199,in
11202,",",--,PUNCT,punct,11192,war
11203,so,so,ADV,mo,11204,frisch
11204,frisch,frisch,ADV,pd,11192,war
11205,",",--,PUNCT,punct,11206,so
11206,so,so,ADV,mo,11207,ohne
11207,ohne,ohne,ADP,ROOT,11207,ohne
11208,alle,aller,DET,nk,11209,Spur
11209,Spur,Spur,NOUN,ROOT,11209,Spur
11210,der,der,DET,nk,11211,Verwesung
11211,Verwesung,Verwesung,NOUN,ag,11209,Spur
11212,seine,sein,DET,nk,11214,Bergmannskleider
11213,zierliche,zierlich,ADJ,nk,11214,Bergmannskleider
11214,Bergmannskleider,Bergmannskleider,NOUN,oa,11209,Spur
11215,",",--,PUNCT,punct,11214,Bergmannskleider
11216,ja,ja,ADV,mo,11219,Blumen
11217,selbst,selbst,ADV,mo,11219,Blumen
11218,die,der,DET,nk,11219,Blumen
11219,Blumen,Blume,NOUN,app,11209,Spur
11220,an,an,ADP,ROOT,11220,an
11221,der,der,DET,nk,11222,Brust
11222,Brust,Brust,NOUN,nk,11220,an
11223,.,--,PUNCT,punct,11220,an
11224,Alles,aller,DET,nk,11225,Volk
11225,Volk,Volk,NOUN,sb,11229,sammelte
11226,aus,aus,ADP,mnr,11225,Volk
11227,der,der,DET,nk,11228,Nähe
11228,Nähe,Nähe,NOUN,nk,11226,aus
11229,sammelte,sammeln,VERB,ROOT,11229,sammelte
11230,sich,sich,PRON,oa,11229,sammelte
11231,im,in,ADP,mo,11229,sammelte
11232,den,der,DET,nk,11233,Jüngling
11233,Jüngling,Jüngling,NOUN,nk,11231,im
11234,",",--,PUNCT,punct,11233,Jüngling
11235,den,der,PRON,oa,11229,sammelte
11236,man,man,PRON,pd,11235,den
11237,heraufgetragen,Heraufgetrage,VERB,ROOT,11237,heraufgetragen
11238,aus,aus,ADP,mo,11237,heraufgetragen
11239,der,der,DET,nk,11240,Pinge
11240,Pinge,Pinge,NOUN,nk,11238,aus
11241,",",--,PUNCT,punct,11237,heraufgetragen
11242,aber,aber,CCONJ,cd,11237,heraufgetragen
11243,niemand,niemand,PRON,sb,11244,kannte
11244,kannte,kennen,VERB,cj,11242,aber
11245,die,der,DET,nk,11246,Gesichtszüge
11246,Gesichtszüge,Gesichtszug,NOUN,oa,11244,kannte
11247,des,der,DET,dep,11237,heraufgetragen
11248,Leichnams,Leichnam,NOUN,ROOT,11248,Leichnams
11249,",",--,PUNCT,punct,11248,Leichnams
11250,und,und,CCONJ,cd,11248,Leichnams
11251,keiner,keiner,PRON,sb,11254,vermochte
11252,der,der,DET,nk,11253,Bergleute
11253,Bergleute,Bergleute,NOUN,ag,11251,keiner
11254,vermochte,vermögen,VERB,cj,11250,und
11255,sich,sich,PRON,oa,11254,vermochte
11256,auch,auch,ADV,mo,11254,vermochte
11257,zu,zu,PART,pm,11258,entsinnen
11258,entsinnen,entsinnen,VERB,oc,11254,vermochte
11259,",",--,PUNCT,punct,11258,entsinnen
11260,daß,daß,SCONJ,cj,11254,vermochte
11261,irgendeiner,irgendeiner,PRON,sb,11264,verschüttet
11262,der,der,DET,nk,11263,Kameraden
11263,Kameraden,Kamerad,NOUN,ag,11261,irgendeiner
11264,verschüttet,verschütten,VERB,ROOT,11264,verschüttet
11265,.,--,PUNCT,punct,11264,verschüttet
11266,Man,man,PRON,sb,11267,stand
11267,stand,stehen,VERB,ROOT,11267,stand
11268,im,in,ADP,mo,11267,stand
11269,Begriff,Begriff,NOUN,nk,11268,im
11270,",",--,PUNCT,punct,11269,Begriff
11271,den,der,DET,nk,11272,Leichnam
11272,Leichnam,Leichnam,NOUN,oa,11267,stand
11273,weiter,weiter,ADV,mo,11274,fortzubringen
11274,fortzubringen,fortzubringen,VERB,ROOT,11274,fortzubringen
11275,nach,nach,ADP,mo,11274,fortzubringen
11276,Falun,Falun,PROPN,nk,11275,nach
11277,",",--,PUNCT,punct,11274,fortzubringen
11278,als,als,SCONJ,cp,11284,eisgraues
11279,aus,aus,ADP,mo,11284,eisgraues
11280,der,der,DET,nk,11281,Ferne
11281,Ferne,Ferne,NOUN,nk,11279,aus
11282,ein,ein,DET,nk,11284,eisgraues
11283,steinaltes,steinalt,ADJ,nk,11284,eisgraues
11284,eisgraues,Eisgraues,NOUN,cc,11273,weiter
11285,Mütterchen,Mütterche,NOUN,sb,11288,hinankeuchte
11286,auf,auf,ADP,mo,11288,hinankeuchte
11287,Krücken,Krück,NOUN,nk,11286,auf
11288,hinankeuchte,hinankeuchen,VERB,ROOT,11288,hinankeuchte
11289,.,--,PUNCT,punct,11288,hinankeuchte
11290,»,--,PUNCT,punct,11292,kommt
11291,Dort,dort,ADV,mo,11292,kommt
11292,kommt,kommen,VERB,ROOT,11292,kommt
11293,das,der,DET,nk,11294,Johannismütterchen
11294,Johannismütterchen,Johannismütterchen,NOUN,sb,11292,kommt
11295,!,--,PUNCT,punct,11292,kommt
11296,«,--,PUNCT,punct,11292,kommt
11297,riefen,rufen,VERB,ROOT,11297,riefen
11298,einige,einige,PRON,sb,11297,riefen
11299,von,von,ADP,mo,11297,riefen
11300,den,der,DET,nk,11301,Bergleuten
11301,Bergleuten,Bergleute,NOUN,nk,11299,von
11302,.,--,PUNCT,punct,11297,riefen
11303,Diesen,dieser,DET,nk,11304,Namen
11304,Namen,Name,NOUN,oa,11309,gegeben
11305,hatten,haben,AUX,ROOT,11305,hatten
11306,sie,sie,PRON,sb,11305,hatten
11307,der,der,DET,nk,11308,Alten
11308,Alten,alte,NOUN,da,11309,gegeben
11309,gegeben,geben,VERB,oc,11305,hatten
11310,",",--,PUNCT,punct,11305,hatten
11311,die,der,DET,sb,11317,bemerkt
11312,sie,sie,PRON,sb,11317,bemerkt
11313,schon,schon,ADV,mo,11317,bemerkt
11314,seit,seit,ADP,mo,11317,bemerkt
11315,vielen,vieler,DET,nk,11316,Jahren
11316,Jahren,Jahr,NOUN,nk,11314,seit
11317,bemerkt,bemerken,VERB,ROOT,11317,bemerkt
11318,",",--,PUNCT,punct,11317,bemerkt
11319,wie,wie,SCONJ,mo,11322,am
11320,sie,sie,PRON,sb,11322,am
11321,jedesmal,jedesmal,ADV,mo,11322,am
11322,am,an,ADP,mo,11317,bemerkt
11323,Johannistage,Johannistage,NOUN,nk,11322,am
11324,erschien,erscheinen,VERB,ROOT,11324,erschien
11325,",",--,PUNCT,punct,11324,erschien
11326,in,in,ADP,mo,11329,schauend
11327,die,der,DET,nk,11328,Tiefe
11328,Tiefe,Tiefe,NOUN,nk,11326,in
11329,schauend,schauend,ADV,mo,11324,erschien
11330,",",--,PUNCT,punct,11324,erschien
11331,die,der,DET,nk,11332,Hände
11332,Hände,Hand,NOUN,oa,11333,ringend
11333,ringend,ringend,ADV,pd,11324,erschien
11334,",",--,PUNCT,punct,11324,erschien
11335,in,in,ADP,mo,11324,erschien
11336,den,der,DET,nk,11338,Tönen
11337,wehmütigsten,wehmütig,ADJ,nk,11338,Tönen
11338,Tönen,Tön,NOUN,nk,11335,in
11339,ächzend,ächzend,ADV,ROOT,11339,ächzend
11340,und,und,CCONJ,cd,11339,ächzend
11341,klagend,klagend,ADV,cj,11340,und
11342,",",--,PUNCT,punct,11339,ächzend
11343,an,an,ADP,mo,11346,umherschlich
11344,der,der,PRON,nk,11343,an
11345,Pinge,Pinge,NOUN,nk,11343,an
11346,umherschlich,umherschlich,ADV,mo,11339,ächzend
11347,und,und,CCONJ,cd,11346,umherschlich
11348,dann,dann,ADV,mo,11350,verschwand
11349,wieder,wieder,ADV,mo,11350,verschwand
11350,verschwand,verschwinden,VERB,cj,11347,und
11351,.,--,PUNCT,punct,11339,ächzend
11352,Kaum,kaum,ADV,mo,11359,erblickt
11353,hatte,haben,AUX,ROOT,11353,hatte
11354,die,der,DET,nk,11355,Alte
11355,Alte,alte,NOUN,sb,11353,hatte
11356,den,der,DET,nk,11358,Jüngling
11357,erstarrten,erstarrt,ADJ,nk,11358,Jüngling
11358,Jüngling,Jüngling,NOUN,oa,11359,erblickt
11359,erblickt,erblicken,VERB,oc,11353,hatte
11360,",",--,PUNCT,punct,11359,erblickt
11361,als,als,SCONJ,cm,11362,sie
11362,sie,sie,PRON,mo,11359,erblickt
11363,beide,beide,DET,nk,11364,Krücken
11364,Krücken,Krück,NOUN,oa,11359,erblickt
11365,fallen,fallen,VERB,oc,11366,ließ
11366,ließ,lassen,VERB,mo,11372,streckte
11367,",",--,PUNCT,punct,11366,ließ
11368,die,der,DET,nk,11369,Arme
11369,Arme,Arm,NOUN,ams,11370,hoch
11370,hoch,hoch,ADV,mo,11365,fallen
11371,empor,empor,ADV,sb,11372,streckte
11372,streckte,strecken,VERB,ROOT,11372,streckte
11373,zum,zu,ADP,mo,11372,streckte
11374,Himmel,Himmel,NOUN,nk,11373,zum
11375,und,und,CCONJ,cd,11373,zum
11376,mit,mit,ADP,cj,11375,und
11377,dem,der,DET,nk,11376,mit
11378,herzerschneidensten,herzerschneidenst,VERB,nk,11379,Ton
11379,Ton,Ton,NOUN,sb,11383,rief
11380,der,der,DET,nk,11382,Klage
11381,tiefsten,tief,ADJ,nk,11382,Klage
11382,Klage,Klage,NOUN,ag,11379,Ton
11383,rief,rufen,VERB,ROOT,11383,rief
11384,:,--,PUNCT,punct,11383,rief
11385,»,--,PUNCT,punct,11388,Fröbom
11386,O,O,PROPN,pnc,11388,Fröbom
11387,Elis,Elis,PROPN,pnc,11388,Fröbom
11388,Fröbom,Fröbom,PROPN,sb,11383,rief
11389,–,--,PUNCT,punct,11388,Fröbom
11390,o,o,PROPN,par,11388,Fröbom
11391,mein,mein,DET,nk,11392,Elis
11392,Elis,Elis,NOUN,oa,11383,rief
11393,–,--,PUNCT,punct,11383,rief
11394,mein,mein,DET,nk,11396,Bräutigam
11395,süßer,süß,ADJ,nk,11396,Bräutigam
11396,Bräutigam,Bräutigam,NOUN,ROOT,11396,Bräutigam
11397,!,--,PUNCT,punct,11396,Bräutigam
11398,«,--,PUNCT,punct,11396,Bräutigam
11399,Und,und,CCONJ,ju,11401,kauerte
11400,damit,damit,ADV,mo,11401,kauerte
11401,kauerte,kauern,VERB,ROOT,11401,kauerte
11402,sie,sie,PRON,sb,11401,kauerte
11403,neben,neben,ADP,mo,11401,kauerte
11404,dem,der,DET,nk,11405,Leichnam
11405,Leichnam,Leichnam,NOUN,nk,11403,neben
11406,nieder,nieder,ADV,svp,11401,kauerte
11407,und,und,CCONJ,cd,11401,kauerte
11408,faßte,faßn,VERB,ROOT,11408,faßte
11409,die,der,DET,nk,11411,Hände
11410,erstarrten,erstarrt,ADJ,nk,11411,Hände
11411,Hände,Hand,NOUN,oa,11408,faßte
11412,und,und,CCONJ,cd,11408,faßte
11413,drückte,drücken,VERB,cj,11412,und
11414,sie,sie,PRON,oa,11413,drückte
11415,an,an,ADP,mo,11413,drückte
11416,ihre,ihr,DET,nk,11420,Brust
11417,im,in,ADP,mo,11419,erkaltete
11418,Alter,Alter,NOUN,nk,11417,im
11419,erkaltete,erkaltet,ADJ,nk,11420,Brust
11420,Brust,Brust,NOUN,nk,11415,an
11421,",",--,PUNCT,punct,11420,Brust
11422,in,in,ADP,mo,11413,drückte
11423,der,der,PRON,nk,11428,Naphthafeuer
11424,noch,noch,ADV,mo,11427,heiliges
11425,",",--,PUNCT,punct,11424,noch
11426,wie,wie,SCONJ,mo,11427,heiliges
11427,heiliges,heilig,ADJ,nk,11428,Naphthafeuer
11428,Naphthafeuer,Naphthafeuer,NOUN,ROOT,11428,Naphthafeuer
11429,unter,unter,ADP,mnr,11428,Naphthafeuer
11430,der,der,DET,nk,11431,Eisdecke
11431,Eisdecke,Eisdecke,NOUN,nk,11429,unter
11432,",",--,PUNCT,punct,11428,Naphthafeuer
11433,ein,ein,DET,nk,11434,Herz
11434,Herz,Herz,NOUN,cj,11428,Naphthafeuer
11435,voll,voll,ADP,mo,11436,heißer
11436,heißer,heiß,ADV,pd,11434,Herz
11437,Liebe,Liebe,NOUN,sb,11438,schlug
11438,schlug,schlagen,VERB,ROOT,11438,schlug
11439,.,--,PUNCT,punct,11438,schlug
11440,»,--,PUNCT,punct,11441,Ach
11441,Ach,ach,INTJ,sb,11444,sprach
11442,«,--,PUNCT,punct,11441,Ach
11443,",",--,PUNCT,punct,11444,sprach
11444,sprach,sprechen,VERB,ROOT,11444,sprach
11445,sie,sie,PRON,sb,11444,sprach
11446,dann,dann,ADV,mo,11444,sprach
11447,",",--,PUNCT,punct,11444,sprach
11448,sich,sich,PRON,oa,11451,umschauend
11449,im,in,ADP,mo,11451,umschauend
11450,Kreise,Kreis,NOUN,nk,11449,im
11451,umschauend,umschauend,ADV,mo,11444,sprach
11452,",",--,PUNCT,punct,11444,sprach
11453,»,--,PUNCT,punct,11444,sprach
11454,ach,ach,ADV,svp,11444,sprach
11455,",",--,PUNCT,punct,11444,sprach
11456,niemand,niemand,PRON,dep,11444,sprach
11457,",",--,PUNCT,punct,11444,sprach
11458,niemand,niemand,PRON,sb,11461,kennt
11459,von,von,ADP,pg,11458,niemand
11460,euch,euch,PRON,nk,11459,von
11461,kennt,kennen,VERB,ROOT,11461,kennt
11462,mehr,mehr,ADV,mo,11461,kennt
11463,die,der,DET,nk,11465,Ulla
11464,arme,arm,ADJ,nk,11465,Ulla
11465,Ulla,Ulla,PROPN,pnc,11466,Dahlsjö
11466,Dahlsjö,Dahlsjö,PROPN,da,11461,kennt
11467,",",--,PUNCT,punct,11466,Dahlsjö
11468,dieses,dieser,DET,nk,11469,Jünglings
11469,Jünglings,Jünglings,NOUN,oa,11470,glückliche
11470,glückliche,glücklichen,VERB,oc,11461,kennt
11471,Braut,Braut,NOUN,ROOT,11471,Braut
11472,vor,vor,ADP,mo,11471,Braut
11473,fünfzig,fünfzig,NUM,nk,11474,Jahren
11474,Jahren,Jahr,NOUN,nk,11472,vor
11475,!,--,PUNCT,punct,11471,Braut
11476,–,--,PUNCT,punct,11483,fortzog
11477,Als,als,SCONJ,cp,11483,fortzog
11478,ich,ich,PRON,sb,11483,fortzog
11479,mit,mit,ADP,mo,11483,fortzog
11480,Gram,Gram,NOUN,nk,11479,mit
11481,und,und,CCONJ,cd,11480,Gram
11482,Jammer,Jammer,NOUN,cj,11481,und
11483,fortzog,fortzog,VERB,ROOT,11483,fortzog
11484,nach,nach,ADP,mo,11483,fortzog
11485,Ornäs,Ornäs,PROPN,nk,11484,nach
11486,",",--,PUNCT,punct,11483,fortzog
11487,da,da,SCONJ,mo,11483,fortzog
11488,tröstete,trösten,VERB,ROOT,11488,tröstete
11489,mich,mich,PRON,oa,11488,tröstete
11490,der,der,DET,nk,11492,Torbern
11491,alte,alt,ADJ,nk,11492,Torbern
11492,Torbern,Torber,NOUN,sb,11488,tröstete
11493,und,und,CCONJ,cd,11488,tröstete
11494,sprach,sprechen,VERB,cj,11493,und
11495,",",--,PUNCT,punct,11488,tröstete
11496,ich,ich,PRON,sb,11497,würde
11497,würde,werden,AUX,cj,11494,sprach
11498,meinen,mein,DET,nk,11499,Elis
11499,Elis,Elis,NOUN,oa,11497,würde
11500,",",--,PUNCT,punct,11499,Elis
11501,den,der,PRON,nk,11502,das
11502,das,der,PRON,ROOT,11502,das
11503,Gestein,Gestein,NOUN,sb,11504,begrub
11504,begrub,begrubn,VERB,ROOT,11504,begrub
11505,",",--,PUNCT,punct,11504,begrub
11506,am,an,ADP,mo,11508,wiedersehen
11507,Hochzeitstage,Hochzeitstage,NOUN,nk,11506,am
11508,wiedersehen,wiedersehen,VERB,cj,11504,begrub
11509,hier,hier,ADV,mo,11508,wiedersehen
11510,auf,auf,ADP,op,11508,wiedersehen
11511,Erden,Erde,NOUN,nk,11510,auf
11512,",",--,PUNCT,punct,11504,begrub
11513,und,und,CCONJ,cd,11504,begrub
11514,da,da,ADV,mo,11515,bin
11515,bin,sein,AUX,cj,11513,und
11516,ich,ich,PRON,sb,11515,bin
11517,jahraus,jahraus,ADV,ROOT,11517,jahraus
11518,",",--,PUNCT,punct,11517,jahraus
11519,jahrein,jahrein,ADV,mo,11520,hergekommen
11520,hergekommen,hergekommen,VERB,cj,11517,jahraus
11521,und,und,CCONJ,cd,11520,hergekommen
11522,habe,haben,VERB,cj,11521,und
11523,",",--,PUNCT,punct,11522,habe
11524,ganz,ganz,ADV,mo,11525,Sehnsucht
11525,Sehnsucht,Sehnsucht,NOUN,oa,11522,habe
11526,und,und,CCONJ,cd,11525,Sehnsucht
11527,treue,treu,ADJ,nk,11528,Liebe
11528,Liebe,Liebe,NOUN,cj,11526,und
11529,",",--,PUNCT,punct,11517,jahraus
11530,hinabgeschaut,hinabgeschauen,VERB,ROOT,11530,hinabgeschaut
11531,in,in,ADP,mo,11530,hinabgeschaut
11532,die,der,DET,nk,11533,Tiefe
11533,Tiefe,Tiefe,NOUN,nk,11531,in
11534,.,--,PUNCT,punct,11530,hinabgeschaut
11535,–,--,PUNCT,punct,11538,ist
11536,Und,und,CCONJ,ju,11538,ist
11537,heute,heute,ADV,mo,11538,ist
11538,ist,sein,AUX,ROOT,11538,ist
11539,mir,mir,PRON,da,11538,ist
11540,ja,ja,ADV,mo,11538,ist
11541,wirklich,wirklich,ADV,mo,11538,ist
11542,solch,solch,DET,mo,11543,seliges
11543,seliges,selig,ADJ,pd,11538,ist
11544,Wiedersehen,Wiedersehe,NOUN,ROOT,11544,Wiedersehen
11545,vergönnt,vergönnen,VERB,oc,11544,Wiedersehen
11546,!,--,PUNCT,punct,11544,Wiedersehen
11547,–,--,PUNCT,punct,11548,O
11548,O,O,X,ROOT,11548,O
11549,mein,mein,DET,nk,11550,Elis
11550,Elis,Elis,NOUN,oa,11548,O
11551,–,--,PUNCT,punct,11548,O
11552,mein,mein,DET,nk,11554,Bräutigam
11553,geliebter,geliebt,ADJ,nk,11554,Bräutigam
11554,Bräutigam,Bräutigam,NOUN,cj,11548,O
11555,!,--,PUNCT,punct,11548,O
11556,«,--,PUNCT,punct,11548,O
11557,Aufs,auf,ADP,mo,11559,schlug
11558,neue,neue,ADJ,nk,11557,Aufs
11559,schlug,schlagen,VERB,ROOT,11559,schlug
11560,sie,sie,PRON,sb,11559,schlug
11561,die,der,DET,nk,11563,Arme
11562,dürren,dürr,ADJ,nk,11563,Arme
11563,Arme,Arm,NOUN,oa,11559,schlug
11564,um,um,ADP,mnr,11563,Arme
11565,den,der,DET,nk,11566,Jüngling
11566,Jüngling,Jüngling,NOUN,nk,11564,um
11567,",",--,PUNCT,punct,11559,schlug
11568,als,als,SCONJ,cm,11569,wolle
11569,wolle,wollen,AUX,mo,11559,schlug
11570,sie,sie,PRON,sb,11569,wolle
11571,ihn,ihn,PRON,oa,11569,wolle
11572,nimmer,nimmer,ADV,mo,11569,wolle
11573,lassen,lassen,VERB,ROOT,11573,lassen
11574,und,und,CCONJ,cd,11573,lassen
11575,alle,alle,PRON,sb,11576,standen
11576,standen,stehen,VERB,cj,11574,und
11577,tiefbewegt,tiefbewegt,VERB,nk,11578,ringsumher
11578,ringsumher,Ringsumher,NOUN,pd,11576,standen
11579,.,--,PUNCT,punct,11573,lassen
11580,Leiser,Leiser,NOUN,pd,11583,wurden
11581,und,und,CCONJ,cd,11580,Leiser
11582,leiser,leise,ADV,cj,11581,und
11583,wurden,werden,AUX,ROOT,11583,wurden
11584,die,der,DET,nk,11585,Seufzer
11585,Seufzer,Seufzer,NOUN,sb,11583,wurden
11586,",",--,PUNCT,punct,11583,wurden
11587,wurde,werden,AUX,cj,11583,wurden
11588,das,der,DET,nk,11589,Schluchzen
11589,Schluchzen,Schluchzen,NOUN,sb,11587,wurde
11590,der,der,DET,nk,11591,Alten
11591,Alten,alte,NOUN,ag,11589,Schluchzen
11592,",",--,PUNCT,punct,11587,wurde
11593,bis,bis,SCONJ,mo,11587,wurde
11594,es,es,PRON,sb,11587,wurde
11595,dumpf,Dumpf,PROPN,sb,11596,vertönte
11596,vertönte,vertönen,VERB,ROOT,11596,vertönte
11597,.,--,PUNCT,punct,11596,vertönte
11598,Die,der,DET,nk,11599,Bergleute
11599,Bergleute,Bergleute,NOUN,sb,11600,traten
11600,traten,treten,VERB,ROOT,11600,traten
11601,hinan,hinan,ADV,mo,11600,traten
11602,",",--,PUNCT,punct,11600,traten
11603,sie,sie,PRON,sb,11604,wollten
11604,wollten,wollen,AUX,cj,11600,traten
11605,die,der,DET,nk,11607,Ulla
11606,arme,arm,ADJ,nk,11607,Ulla
11607,Ulla,Ulla,NOUN,oa,11608,aufrichten
11608,aufrichten,aufrichten,VERB,oc,11604,wollten
11609,",",--,PUNCT,punct,11600,traten
11610,aber,aber,CCONJ,cd,11600,traten
11611,sie,sie,PRON,oa,11600,traten
11612,hatte,haben,AUX,ROOT,11612,hatte
11613,ihr,ihr,DET,nk,11614,Leben
11614,Leben,Leben,NOUN,sb,11612,hatte
11615,ausgehaucht,ausgehaucht,VERB,oc,11612,hatte
11616,auf,auf,ADP,mo,11615,ausgehaucht
11617,dem,der,DET,nk,11618,Leichnam
11618,Leichnam,Leichnam,NOUN,nk,11616,auf
11619,des,der,DET,nk,11621,Bräutigams
11620,erstarrten,erstarrt,ADJ,nk,11621,Bräutigams
11621,Bräutigams,Bräutigam,NOUN,ag,11618,Leichnam
11622,.,--,PUNCT,punct,11612,hatte
11623,Man,man,PRON,ROOT,11623,Man
11624,bemerkte,bemerken,VERB,ROOT,11624,bemerkte
11625,",",--,PUNCT,punct,11624,bemerkte
11626,daß,daß,SCONJ,cp,11628,Körper
11627,der,der,DET,nk,11628,Körper
11628,Körper,Körper,NOUN,sb,11624,bemerkte
11629,des,der,DET,nk,11630,Unglücklichen
11630,Unglücklichen,Unglückliche,NOUN,ag,11628,Körper
11631,",",--,PUNCT,punct,11630,Unglücklichen
11632,der,der,PRON,app,11628,Körper
11633,fälschlicherweise,fälschlicherweise,ADV,mo,11634,für
11634,für,für,ADP,mo,11624,bemerkte
11635,versteinert,versteinern,VERB,mo,11636,gehalten
11636,gehalten,halten,VERB,oc,11642,begann
11637,",",--,PUNCT,punct,11642,begann
11638,in,in,ADP,mo,11641,zerfallen
11639,Staub,Staub,NOUN,nk,11638,in
11640,zu,zu,PART,pm,11641,zerfallen
11641,zerfallen,zerfallen,VERB,oc,11642,begann
11642,begann,beginnen,VERB,ROOT,11642,begann
11643,.,--,PUNCT,punct,11642,begann
11644,In,in,ADP,ROOT,11644,In
11645,der,der,DET,nk,11646,Kopparbergskirche
11646,Kopparbergskirche,Kopparbergskirche,NOUN,nk,11644,In
11647,",",--,PUNCT,punct,11646,Kopparbergskirche
11648,dort,dort,ADV,par,11646,Kopparbergskirche
11649,",",--,PUNCT,punct,11648,dort
11650,wo,wo,SCONJ,mo,11656,getraut
11651,vor,vor,ADP,mo,11656,getraut
11652,fünfzig,fünfzig,NUM,nk,11653,Jahren
11653,Jahren,Jahr,NOUN,nk,11651,vor
11654,das,der,DET,nk,11655,Paar
11655,Paar,Paar,NOUN,sb,11657,werden
11656,getraut,trauen,VERB,oc,11657,werden
11657,werden,werden,AUX,rc,11646,Kopparbergskirche
11658,sollte,sollen,AUX,mo,11665,beigesetzt
11659,",",--,PUNCT,punct,11660,wurde
11660,wurde,werden,AUX,ROOT,11660,wurde
11661,die,der,DET,nk,11662,Asche
11662,Asche,Asche,NOUN,sb,11660,wurde
11663,des,der,DET,nk,11664,Jünglings
11664,Jünglings,Jüngling,NOUN,ag,11662,Asche
11665,beigesetzt,beisetzen,VERB,oc,11660,wurde
11666,und,und,CCONJ,cd,11665,beigesetzt
11667,mit,mit,ADP,mo,11670,Leiche
11668,ihr,ihr,PRON,nk,11667,mit
11669,die,der,DET,nk,11670,Leiche
11670,Leiche,Leiche,NOUN,cj,11666,und
11671,der,der,DET,nk,11672,bis
11672,bis,bis,ADP,ag,11670,Leiche
11673,in,in,ADP,mo,11677,getreuen
11674,den,der,DET,nk,11676,Tod
11675,bittern,bitter,NOUN,nk,11676,Tod
11676,Tod,Tod,NOUN,nk,11673,in
11677,getreuen,getreu,ADJ,nk,11678,Braut
11678,Braut,Braut,NOUN,ROOT,11678,Braut
11679,.,--,PUNCT,punct,11678,Braut
