Idx,Token,Lemma,PoS,Dependency,Dependency_head_idx,Dependency_head_text
0,Jean,Jean,PROPN,pnc,1,Paul
1,Paul,Paul,PROPN,ROOT,1,Paul
2,Mein,mein,DET,nk,3,Aufenthalt
3,Aufenthalt,Aufenthalt,NOUN,ROOT,3,Aufenthalt
4,in,in,ADP,mnr,3,Aufenthalt
5,der,der,DET,nk,6,Nepomukskirche
6,Nepomukskirche,Nepomukskirche,NOUN,nk,4,in
7,während,während,ADP,mnr,6,Nepomukskirche
8,der,der,DET,nk,9,Belagerung
9,Belagerung,Belagerung,NOUN,nk,7,während
10,der,der,DET,nk,11,Reichsfestung
11,Reichsfestung,Reichsfestung,NOUN,ag,9,Belagerung
12,Ziebingen,ziebingen,NOUN,ROOT,12,Ziebingen
13,━,━,DET,nk,14,━
14,━,━,PROPN,nk,91,━
15,━,━,PROPN,cj,14,━
16,━,━,DET,app,14,━
17,━,━,DET,app,14,━
18,━,━,DET,app,14,━
19,━,━,DET,app,14,━
20,━,━,DET,app,14,━
21,━,━,DET,app,14,━
22,━,━,DET,app,14,━
23,━,━,DET,app,14,━
24,━,━,DET,app,14,━
25,━,━,DET,app,14,━
26,━,━,DET,app,14,━
27,━,━,DET,app,14,━
28,━,━,DET,app,14,━
29,━,━,DET,app,14,━
30,━,━,DET,app,14,━
31,━,━,DET,app,14,━
32,━,━,DET,app,14,━
33,━,━,DET,app,14,━
34,━,━,DET,app,14,━
35,━,━,DET,app,14,━
36,━,━,DET,app,14,━
37,━,━,DET,app,14,━
38,━,━,DET,app,14,━
39,━,━,DET,app,14,━
40,━,━,DET,app,14,━
41,━,━,DET,app,14,━
42,━,━,DET,app,14,━
43,━,━,DET,app,14,━
44,━,━,DET,app,14,━
45,━,━,DET,app,14,━
46,━,━,DET,app,14,━
47,━,━,DET,app,14,━
48,━,━,DET,app,14,━
49,━,━,DET,app,14,━
50,━,━,DET,app,14,━
51,━,━,DET,app,14,━
52,━,━,DET,app,14,━
53,━,━,DET,app,14,━
54,━,━,DET,app,14,━
55,━,━,DET,app,14,━
56,━,━,DET,app,14,━
57,━,━,DET,app,14,━
58,━,━,DET,app,14,━
59,━,━,DET,app,14,━
60,━,━,DET,app,14,━
61,━,━,DET,app,14,━
62,━,━,DET,app,14,━
63,━,━,DET,app,14,━
64,━,━,DET,app,14,━
65,━,━,DET,app,14,━
66,━,━,DET,app,14,━
67,━,━,DET,app,14,━
68,━,━,DET,app,14,━
69,━,━,DET,app,14,━
70,━,━,DET,app,14,━
71,━,━,DET,app,14,━
72,━,━,DET,app,14,━
73,━,━,DET,app,14,━
74,━,━,DET,app,14,━
75,━,━,DET,app,14,━
76,━,━,DET,app,14,━
77,━,━,DET,app,14,━
78,━,━,DET,app,14,━
79,━,━,DET,app,14,━
80,━,━,DET,app,14,━
81,━,━,DET,app,14,━
82,━,━,DET,app,14,━
83,━,━,DET,app,14,━
84,━,━,DET,app,14,━
85,━,━,DET,app,14,━
86,━,━,DET,app,14,━
87,━,━,DET,app,14,━
88,━,━,PROPN,app,14,━
89,━,━,PROPN,app,14,━
90,━,━,PROPN,app,14,━
91,━,━,PROPN,ROOT,91,━
92,Rösl,Rösl,PROPN,ROOT,92,Rösl
93,&,&,CCONJ,cd,92,Rösl
94,Cie.,Cie.,NOUN,cj,93,&
95,/,--,PUNCT,punct,92,Rösl
96,Verlag,Verlag,NOUN,cj,92,Rösl
97,/,--,PUNCT,punct,92,Rösl
98,München,München,PROPN,ROOT,98,München
99,1921,1921,NUM,ROOT,99,1921
100,━,━,DET,nk,101,━
101,━,━,PROPN,nk,178,━
102,━,━,PROPN,cj,101,━
103,━,━,DET,app,101,━
104,━,━,DET,app,101,━
105,━,━,DET,app,101,━
106,━,━,DET,app,101,━
107,━,━,DET,app,101,━
108,━,━,DET,app,101,━
109,━,━,DET,app,101,━
110,━,━,DET,app,101,━
111,━,━,DET,app,101,━
112,━,━,DET,app,101,━
113,━,━,DET,app,101,━
114,━,━,DET,app,101,━
115,━,━,DET,app,101,━
116,━,━,DET,app,101,━
117,━,━,DET,app,101,━
118,━,━,DET,app,101,━
119,━,━,DET,app,101,━
120,━,━,DET,app,101,━
121,━,━,DET,app,101,━
122,━,━,DET,app,101,━
123,━,━,DET,app,101,━
124,━,━,DET,app,101,━
125,━,━,DET,app,101,━
126,━,━,DET,app,101,━
127,━,━,DET,app,101,━
128,━,━,DET,app,101,━
129,━,━,DET,app,101,━
130,━,━,DET,app,101,━
131,━,━,DET,app,101,━
132,━,━,DET,app,101,━
133,━,━,DET,app,101,━
134,━,━,DET,app,101,━
135,━,━,DET,app,101,━
136,━,━,DET,app,101,━
137,━,━,DET,app,101,━
138,━,━,DET,app,101,━
139,━,━,DET,app,101,━
140,━,━,DET,app,101,━
141,━,━,DET,app,101,━
142,━,━,DET,app,101,━
143,━,━,DET,app,101,━
144,━,━,DET,app,101,━
145,━,━,DET,app,101,━
146,━,━,DET,app,101,━
147,━,━,DET,app,101,━
148,━,━,DET,app,101,━
149,━,━,DET,app,101,━
150,━,━,DET,app,101,━
151,━,━,DET,app,101,━
152,━,━,DET,app,101,━
153,━,━,DET,app,101,━
154,━,━,DET,app,101,━
155,━,━,DET,app,101,━
156,━,━,DET,app,101,━
157,━,━,DET,app,101,━
158,━,━,DET,app,101,━
159,━,━,DET,app,101,━
160,━,━,DET,app,101,━
161,━,━,DET,app,101,━
162,━,━,DET,app,101,━
163,━,━,DET,app,101,━
164,━,━,DET,app,101,━
165,━,━,DET,app,101,━
166,━,━,DET,app,101,━
167,━,━,DET,app,101,━
168,━,━,DET,app,101,━
169,━,━,DET,app,101,━
170,━,━,DET,app,101,━
171,━,━,DET,app,101,━
172,━,━,DET,app,101,━
173,━,━,DET,app,101,━
174,━,━,DET,app,101,━
175,━,━,PROPN,app,101,━
176,━,━,PROPN,app,101,━
177,━,━,PROPN,app,101,━
178,━,━,PROPN,ROOT,178,━
179,Je,je,ADV,mo,180,kleiner
180,kleiner,klein,ADV,pd,182,Reichsstadt
181,eine,ein,DET,nk,182,Reichsstadt
182,Reichsstadt,Reichsstadt,NOUN,cc,184,desto
183,",",--,PUNCT,punct,184,desto
184,desto,desto,ADV,mo,185,größer
185,größer,groß,ADV,pd,186,ist
186,ist,sein,AUX,ROOT,186,ist
187,ihre,ihr,DET,nk,188,Geheimnissucht
188,Geheimnissucht,Geheimnissucht,NOUN,sb,186,ist
189,",",--,PUNCT,punct,186,ist
190,und,und,CCONJ,cd,186,ist
191,ein,ein,DET,cj,190,und
192,ganz,ganz,ADV,mo,191,ein
193,kleines,klein,ADJ,nk,194,Reichsdorf
194,Reichsdorf,Reichsdorf,PROPN,sb,195,gesteht
195,gesteht,gestehen,VERB,ROOT,195,gesteht
196,gar,gar,ADV,mo,197,nicht
197,nicht,nicht,PART,ng,195,gesteht
198,einmal,einmal,ADV,mo,197,nicht
199,seine,sein,DET,nk,200,Existenz
200,Existenz,Existenz,NOUN,oa,195,gesteht
201,.,--,PUNCT,punct,195,gesteht
202,Vielleicht,vielleicht,ADV,mo,203,glaubte
203,glaubte,glauben,VERB,ROOT,203,glaubte
204,auch,auch,ADV,mo,205,Ziebingen
205,Ziebingen,Ziebing,NOUN,ROOT,205,Ziebingen
206,–,--,PUNCT,punct,205,Ziebingen
207,ein,ein,DET,nk,209,Ziebingen
208,anderes,anderer,ADJ,nk,209,Ziebingen
209,Ziebingen,ziebingen,NOUN,app,205,Ziebingen
210,als,als,ADP,cm,211,das
211,das,der,PRON,cc,207,ein
212,im,in,ADP,mnr,211,das
213,krossischen,krossisch,ADJ,nk,214,Kreise
214,Kreise,Kreis,NOUN,nk,212,im
215,–,--,PUNCT,punct,205,Ziebingen
216,wer,wer,PRON,par,205,Ziebingen
217,sich,sich,PRON,da,205,Ziebingen
218,zu,zu,PART,mo,219,spät
219,spät,spät,ADV,mo,227,mache
220,beweglich,beweglich,ADV,mo,227,mache
221,(,--,PUNCT,punct,222,mobil
222,mobil,mobil,ADV,par,220,beweglich
223,),--,PUNCT,punct,222,mobil
224,wider,wider,ADP,mo,227,mache
225,den,der,DET,nk,226,Feind
226,Feind,Feind,NOUN,nk,224,wider
227,mache,machen,VERB,sb,229,werde
228,",",--,PUNCT,punct,229,werde
229,werde,werden,AUX,ROOT,229,werde
230,leicht,leicht,ADV,mo,232,früh
231,zu,zu,PART,mo,232,früh
232,früh,früh,ADV,mo,233,beweglich
233,beweglich,beweglich,ADV,pd,229,werde
234,vor,vor,ADP,ROOT,234,vor
235,demselben,derselbe,DET,nk,234,vor
236,und,und,CCONJ,cd,235,demselben
237,renne,rennen,VERB,cj,236,und
238,.,--,PUNCT,punct,234,vor
239,Kurz,kurz,ADV,mo,241,wäre
240,",",--,PUNCT,punct,241,wäre
241,wäre,sein,AUX,ROOT,241,wäre
242,Senat,Senat,NOUN,sb,241,wäre
243,und,und,CCONJ,cd,242,Senat
244,Militär,Militär,NOUN,cj,243,und
245,nicht,nicht,PART,ng,241,wäre
246,so,so,ADV,mo,247,verschlossen
247,verschlossen,verschlossen,ADV,pd,241,wäre
248,gegen,gegen,ADP,mo,252,gewesen
249,In-,In,X,cj,250,und
250,und,und,CCONJ,cd,251,Ausland
251,Ausland,Ausland,NOUN,nk,248,gegen
252,gewesen,sein,AUX,ROOT,252,gewesen
253,wie,wie,ADP,cm,255,Jubelpforte
254,die,der,DET,nk,255,Jubelpforte
255,Jubelpforte,Jubelpfort,NOUN,cc,248,gegen
256,in,in,ADP,mnr,255,Jubelpforte
257,Rom,Rom,PROPN,nk,256,in
258,",",--,PUNCT,punct,255,Jubelpforte
259,welche,welcher,PRON,mo,252,gewesen
260,man,man,PRON,sb,259,welche
261,nur,nur,ADV,mo,262,an
262,an,an,ADP,dep,252,gewesen
263,12,12,NUM,nk,262,an
264,Jubeljahren,Jubeljahr,NOUN,sb,265,aufmacht
265,aufmacht,aufmachen,VERB,ROOT,265,aufmacht
266,und,und,CCONJ,cd,265,aufmacht
267,sogleich,sogleich,ADV,mo,268,zumauert
268,zumauert,zumaueren,VERB,cj,266,und
269,:,--,PUNCT,punct,265,aufmacht
270,so,so,ADV,mo,271,hätt
271,hätt,hätt,VERB,oc,265,aufmacht
272,',--,PUNCT,punct,271,hätt
273,ich,ich,PRON,sb,271,hätt
274,von,von,ADP,dep,271,hätt
275,der,der,DET,nk,276,bevorstehenden
276,bevorstehenden,bevorstehend,ADJ,nk,274,von
277,Belagerung,Belagerung,NOUN,oa,279,erfahren
278,etwas,etwas,PRON,nk,277,Belagerung
279,erfahren,erfahren,VERB,ROOT,279,erfahren
280,",",--,PUNCT,punct,279,erfahren
281,eh,eh,X,mo,285,zugesperrt
282,',--,PUNCT,punct,281,eh
283,die,der,DET,nk,284,Tore
284,Tore,Tor,NOUN,sb,286,worden
285,zugesperrt,zusperren,VERB,oc,286,worden
286,worden,werden,AUX,mo,279,erfahren
287,",",--,PUNCT,punct,279,erfahren
288,und,und,CCONJ,cd,279,erfahren
289,wäre,sein,AUX,cj,288,und
290,fortgeritten,fortgeritten,VERB,ROOT,290,fortgeritten
291,;,--,PUNCT,punct,290,fortgeritten
292,so,so,ADV,mo,294,wurde
293,aber,aber,ADV,mo,294,wurde
294,wurde,werden,AUX,ROOT,294,wurde
295,jeder,jeder,DET,nk,296,Reisende
296,Reisende,Reisende,NOUN,sb,294,wurde
297,mit,mit,ADP,mo,294,wurde
298,einkaserniert,Einkaserniert,VERB,nk,297,mit
299,",",--,PUNCT,punct,294,wurde
300,ohne,ohne,ADP,mo,294,wurde
301,etwas,etwas,PRON,nk,300,ohne
302,davon,davon,ADV,dep,294,wurde
303,zu,zu,PART,pm,304,haben
304,haben,haben,VERB,ROOT,304,haben
305,als,als,ADP,cm,307,Aufsatz
306,diesen,dieser,DET,nk,307,Aufsatz
307,Aufsatz,Aufsatz,NOUN,cc,304,haben
308,.,--,PUNCT,punct,304,haben
309,Die,der,DET,nk,315,Veranlassung
310,schon,schon,ADV,mo,311,aus
311,aus,aus,ADP,mo,314,bekannte
312,öffentlichen,öffentlich,ADJ,nk,313,Blättern
313,Blättern,Blatt,NOUN,nk,311,aus
314,bekannte,bekannt,ADJ,nk,315,Veranlassung
315,Veranlassung,Veranlassung,NOUN,pd,316,war
316,war,sein,AUX,ROOT,316,war
317,diese,dieser,PRON,pd,316,war
318,.,--,PUNCT,punct,316,war
319,Das,der,DET,nk,321,Diebsfehra
320,Reichsstädtchen,Reichsstädtchen,NOUN,pnc,321,Diebsfehra
321,Diebsfehra,Diebsfehra,PROPN,sb,328,besaß
322,–,--,PUNCT,punct,321,Diebsfehra
323,nicht,nicht,PART,ng,326,Dorf
324,das,der,DET,nk,326,Dorf
325,meißnische,meißnisch,ADJ,nk,326,Dorf
326,Dorf,Dorf,NOUN,app,321,Diebsfehra
327,–,--,PUNCT,punct,328,besaß
328,besaß,besitzen,VERB,ROOT,328,besaß
329,mit,mit,ADP,mo,328,besaß
330,Ziebingen,Ziebing,NOUN,mo,335,Gemeinhut
331,auf,auf,ADP,mnr,330,Ziebingen
332,den,der,DET,nk,333,Grenzen
333,Grenzen,Grenze,NOUN,nk,331,auf
334,eine,ein,DET,nk,335,Gemeinhut
335,Gemeinhut,Gemeinhut,NOUN,ROOT,335,Gemeinhut
336,",",--,PUNCT,punct,335,Gemeinhut
337,worauf,worauf,SCONJ,mo,341,weiden
338,beide,beide,PRON,sb,341,weiden
339,ihre,ihr,DET,nk,340,Gänse
340,Gänse,Gans,NOUN,oa,341,weiden
341,weiden,weiden,VERB,rc,335,Gemeinhut
342,durften,dürfen,AUX,ROOT,342,durften
343,.,--,PUNCT,punct,342,durften
344,Unglücklicherweise,Unglücklicherweise,PROPN,sb,345,fiel
345,fiel,fallen,VERB,ROOT,345,fiel
346,den,der,DET,nk,348,Mai
347,4.,4.,ADJ,nk,348,Mai
348,Mai,Mai,NOUN,oa,345,fiel
349,ein,ein,DET,nk,352,Hagel
350,so,so,ADV,mo,351,starker
351,starker,stark,ADJ,nk,352,Hagel
352,Hagel,Hagel,NOUN,sb,345,fiel
353,auf,auf,ADP,mo,345,fiel
354,die,der,DET,nk,353,auf
355,Markung,Markung,NOUN,ROOT,355,Markung
356,und,und,CCONJ,cd,355,Markung
357,Koppelhut-Aue,Koppelhut-Aue,NOUN,cj,356,und
358,",",--,PUNCT,punct,355,Markung
359,daß,daß,SCONJ,cp,366,erschlagen
360,vierzig,vierzig,NUM,mo,366,erschlagen
361,teils,teils,ADV,mo,362,Gänse
362,Gänse,Gans,NOUN,oa,366,erschlagen
363,",",--,PUNCT,punct,362,Gänse
364,teils,teils,ADV,mo,365,Ganser
365,Ganser,Ganser,NOUN,cj,362,Gänse
366,erschlagen,erschlagen,VERB,oc,355,Markung
367,wurden,werden,AUX,ROOT,367,wurden
368,",",--,PUNCT,punct,367,wurden
369,den,der,DET,nk,370,Diebsfehraner
370,Diebsfehraner,Diebsfehraner,NOUN,cj,367,wurden
371,Gänsehirten,Gänsehirt,NOUN,ROOT,371,Gänsehirten
372,nicht,nicht,PART,ng,374,gerechnet
373,einmal,einmal,ADV,mo,372,nicht
374,gerechnet,rechnen,VERB,oc,371,Gänsehirten
375,",",--,PUNCT,punct,374,gerechnet
376,welchen,welchen,ADV,mo,378,Blitz
377,der,der,DET,nk,378,Blitz
378,Blitz,Blitz,NOUN,cj,371,Gänsehirten
379,niederstreckte,niederstrecken,VERB,ROOT,379,niederstreckte
380,.,--,PUNCT,punct,379,niederstreckte
381,Der,der,DET,nk,383,Gänsehirt
382,Ziebingsche,Ziebingsche,ADJ,nk,383,Gänsehirt
383,Gänsehirt,Gänsehirt,NOUN,sb,384,ließ
384,ließ,lassen,VERB,ROOT,384,ließ
385,als,als,ADP,mo,389,liegen
386,Patriot,Patriot,PROPN,nk,385,als
387,alles,alle,DET,nk,388,Tote
388,Tote,tote,NOUN,sb,389,liegen
389,liegen,liegen,VERB,oc,384,ließ
390,und,und,CCONJ,cd,384,ließ
391,trieb,treiben,VERB,cj,390,und
392,so,so,ADV,mo,393,viel
393,viel,viel,PRON,oa,391,trieb
394,Lebendiges,Lebendig,NOUN,ROOT,394,Lebendiges
395,",",--,PUNCT,punct,394,Lebendiges
396,wie,wie,ADP,cm,397,sonst
397,sonst,sonst,ADV,mo,394,Lebendiges
398,",",--,PUNCT,punct,394,Lebendiges
399,nach,nach,ADP,par,394,Lebendiges
400,der,der,DET,nk,401,Festung
401,Festung,Festung,NOUN,nk,399,nach
402,.,--,PUNCT,punct,394,Lebendiges
403,Diebsfehra,diebsfehra,PROPN,ROOT,403,Diebsfehra
404,",",--,PUNCT,punct,403,Diebsfehra
405,eine,ein,DET,nk,406,Stadt
406,Stadt,Stadt,NOUN,app,403,Diebsfehra
407,von,von,ADP,mnr,406,Stadt
408,mehr,mehr,PRON,nk,407,von
409,als,als,ADP,mo,403,Diebsfehra
410,anderthalb,anderthalb,NUM,mo,411,hundert
411,hundert,hundert,NUM,nk,412,Einwohnern
412,Einwohnern,Einwohner,NOUN,sb,414,konnte
413,",",--,PUNCT,punct,414,konnte
414,konnte,können,AUX,ROOT,414,konnte
415,eine,ein,DET,nk,417,Verletzung
416,solche,solcher,DET,nk,417,Verletzung
417,Verletzung,Verletzung,NOUN,sb,414,konnte
418,der,der,DET,nk,419,Weide-Parität
419,Weide-Parität,Weide-Parität,NOUN,ag,417,Verletzung
420,nicht,nicht,PART,ng,421,schweigend
421,schweigend,schweigend,ADV,mo,422,erdulden
422,erdulden,erdulden,ADJ,ROOT,422,erdulden
423,",",--,PUNCT,punct,422,erdulden
424,wenn,wenn,SCONJ,cp,427,wollte
425,sie,sie,PRON,sb,427,wollte
426,bleiben,bleiben,VERB,oc,427,wollte
427,wollte,wollen,AUX,mo,422,erdulden
428,",",--,PUNCT,punct,427,wollte
429,14,14,NUM,pd,432,war
430,was,was,PRON,pd,432,war
431,sie,sie,PRON,sb,432,war
432,war,sein,AUX,oc,426,bleiben
433,–,--,PUNCT,punct,422,erdulden
434,Minister,Minister,NOUN,sb,422,erdulden
435,mit,mit,ADP,mo,441,wurden
436,dem,der,DET,nk,437,Portefeuille
437,Portefeuille,Portefeuille,NOUN,nk,435,mit
438,der,der,DET,nk,440,Angelegenheiten
439,auswärtigen,auswärtig,ADJ,nk,440,Angelegenheiten
440,Angelegenheiten,Angelegenheit,NOUN,ag,437,Portefeuille
441,wurden,werden,AUX,ROOT,441,wurden
442,mit,mit,ADP,mo,441,wurden
443,den,der,DET,nk,444,stärksten
444,stärksten,stark,ADJ,nk,442,mit
445,Vollmachten,Vollmacht,NOUN,oa,451,geschickt
446,und,und,CCONJ,cd,445,Vollmachten
447,Ausdrücken,Ausdrück,PROPN,cj,446,und
448,in,in,ADP,mo,451,geschickt
449,die,der,DET,nk,450,Festung
450,Festung,Festung,NOUN,nk,448,in
451,geschickt,schicken,VERB,ROOT,451,geschickt
452,–,--,PUNCT,punct,451,geschickt
453,auf,auf,ADP,mo,451,geschickt
454,Halbpart,Halbpart,NOUN,nk,453,auf
455,oder,oder,CCONJ,cd,454,Halbpart
456,Parität,Parität,NOUN,cj,455,oder
457,der,der,DET,nk,458,Gänse
458,Gänse,Gänse,NOUN,sb,459,wurde
459,wurde,werden,AUX,ROOT,459,wurde
460,bestanden,bestehen,VERB,oc,459,wurde
461,–,--,PUNCT,punct,459,wurde
462,Schmerzensgelder,Schmerzensgeld,NOUN,sb,463,wurden
463,wurden,werden,AUX,cj,459,wurde
464,gefordert,fordern,VERB,oc,463,wurden
465,–,--,PUNCT,punct,466,Sturmläufer
466,Sturmläufer,Sturmläufer,PROPN,par,458,Gänse
467,gedroht,drohen,VERB,ROOT,467,gedroht
468,.,--,PUNCT,punct,467,gedroht
469,Aber,aber,CCONJ,ju,480,schickten
470,die,der,DET,nk,471,Ziebinger
471,Ziebinger,Ziebinger,NOUN,sb,480,schickten
472,",",--,PUNCT,punct,471,Ziebinger
473,schuß-,schuß,X,cj,474,und
474,und,und,CCONJ,cd,475,stichfest
475,stichfest,Stichfest,NOUN,app,471,Ziebinger
476,durch,durch,ADP,mnr,471,Ziebinger
477,ihre,ihr,DET,nk,478,Festung
478,Festung,Festung,NOUN,nk,476,durch
479,",",--,PUNCT,punct,480,schickten
480,schickten,schicken,VERB,ROOT,480,schickten
481,ihnen,ihnen,PRON,cd,482,nichts
482,nichts,nichts,PRON,ROOT,482,nichts
483,als,als,ADP,cm,485,Protokoll
484,ein,ein,DET,nk,485,Protokoll
485,Protokoll,Protokoll,NOUN,cc,482,nichts
486,der,der,DET,nk,487,Aussage
487,Aussage,Aussage,NOUN,ag,485,Protokoll
488,des,der,DET,nk,489,Gemeindehirten
489,Gemeindehirten,Gemeindehirt,NOUN,ag,487,Aussage
490,",",--,PUNCT,punct,482,nichts
491,daß,daß,SCONJ,mnr,482,nichts
492,die,der,DET,ROOT,492,die
493,Hagelwetter,Hagelwetter,NOUN,ROOT,493,Hagelwetter
494,bloß,bloß,ADV,mo,495,über
495,über,über,ADP,mo,499,gezogen
496,die,der,DET,nk,497,Diebsfehraner
497,Diebsfehraner,Diebsfehraner,ADJ,nk,495,über
498,Gänse,Gans,NOUN,oa,499,gezogen
499,gezogen,ziehen,VERB,oc,493,Hagelwetter
500,;,--,PUNCT,punct,493,Hagelwetter
501,was,was,PRON,sb,505,beifügte
502,",",--,PUNCT,punct,505,beifügte
503,wie,wie,SCONJ,mo,505,beifügte
504,er,er,PRON,sb,505,beifügte
505,beifügte,beifügen,VERB,ROOT,505,beifügte
506,",",--,PUNCT,punct,505,beifügte
507,auch,auch,ADV,mo,510,Gänsehirt
508,der,der,DET,nk,510,Gänsehirt
509,erschlagene,erschlagen,ADJ,nk,510,Gänsehirt
510,Gänsehirt,Gänsehirt,NOUN,sb,512,würde
511,beschwören,beschwören,VERB,oc,512,würde
512,würde,werden,AUX,ROOT,512,würde
513,",",--,PUNCT,punct,512,würde
514,wenn,wenn,SCONJ,cp,515,er
515,er,er,PRON,sb,512,würde
516,als,als,ADP,mnr,515,er
517,Gespenst,Gespenst,NOUN,nk,516,als
518,vor,vor,ADP,svp,512,würde
519,Gericht,Gericht,NOUN,sb,520,erschiene
520,erschiene,erschiene,VERB,ROOT,520,erschiene
521,.,--,PUNCT,punct,520,erschiene
522,Angebogen,Angebog,NOUN,sb,523,war
523,war,sein,AUX,ROOT,523,war
524,noch,noch,ADV,mo,523,war
525,ein,ein,DET,nk,527,Beweis
526,physikalischer,physikalisch,ADJ,nk,527,Beweis
527,Beweis,Beweis,NOUN,pd,523,war
528,vom,von,ADP,pg,527,Beweis
529,Stadt-,Stadt,X,cj,530,und
530,und,und,CCONJ,nk,528,vom
531,Landphysikus,Landphysikus,NOUN,ROOT,531,Landphysikus
532,",",--,PUNCT,punct,531,Landphysikus
533,daß,daß,SCONJ,cp,540,treffe
534,nie,nie,ADV,mo,540,treffe
535,eine,ein,DET,nk,536,Hagelwolke
536,Hagelwolke,Hagelwolke,NOUN,sb,540,treffe
537,die,der,DET,nk,539,Erde
538,ganze,ganz,ADJ,nk,539,Erde
539,Erde,Erde,NOUN,oa,540,treffe
540,treffe,treffen,VERB,sb,531,Landphysikus
541,",",--,PUNCT,punct,540,treffe
542,sondern,sondern,CCONJ,cd,540,treffe
543,stets,stets,ADV,mo,542,sondern
544,nur,nur,ADV,mo,531,Landphysikus
545,einen,ein,DET,nk,546,Streif
546,Streif,Streif,NOUN,ROOT,546,Streif
547,",",--,PUNCT,punct,546,Streif
548,neben,neben,ADP,mnr,553,Gänsefuß
549,welchem,welcher,PRON,nk,548,neben
550,folglich,folglich,ADV,mo,548,neben
551,nicht,nicht,PART,ng,553,Gänsefuß
552,einen,ein,DET,nk,553,Gänsefuß
553,Gänsefuß,Gänsefuß,NOUN,app,546,Streif
554,breit,breit,ADV,mnr,546,Streif
555,davon,davon,ADV,mo,554,breit
556,der,der,DET,ROOT,556,der
557,ungetroffene,ungetroffen,ADJ,nk,558,liegen
558,liegen,liegen,VERB,oc,559,müsse
559,müsse,müssen,AUX,ROOT,559,müsse
560,;,--,PUNCT,punct,559,müsse
561,woraus,woraus,ADV,mo,562,erhelle
562,erhelle,erhelle,NOUN,ROOT,562,erhelle
563,",",--,PUNCT,punct,562,erhelle
564,warum,warum,SCONJ,mo,569,Wolke
565,die,der,DET,nk,569,Wolke
566,in,in,ADP,cvc,568,gestellte
567,Frage,Frage,NOUN,nk,566,in
568,gestellte,gestellt,ADJ,nk,569,Wolke
569,Wolke,Wolke,NOUN,sb,562,erhelle
570,sich,sich,PRON,oa,576,verschossen
571,bloß,bloß,ADV,mo,576,verschossen
572,an,an,ADP,mo,576,verschossen
573,den,der,DET,nk,575,Gänsen
574,feindlichen,feindlich,ADJ,nk,575,Gänsen
575,Gänsen,Gäns,NOUN,nk,572,an
576,verschossen,verschießen,VERB,ROOT,576,verschossen
577,.,--,PUNCT,punct,576,verschossen
578,Der,der,DET,nk,579,Krieg
579,Krieg,Krieg,NOUN,sb,583,war
580,zwischen,zwischen,ADP,mnr,579,Krieg
581,beiden,beide,DET,nk,582,Mächten
582,Mächten,Macht,NOUN,nk,580,zwischen
583,war,sein,AUX,ROOT,583,war
584,entschieden,entscheiden,VERB,pd,583,war
585,",",--,PUNCT,punct,583,war
586,und,und,CCONJ,cd,583,war
587,tote,tot,ADJ,nk,588,Gänse
588,Gänse,Gans,NOUN,oa,589,schürten
589,schürten,schüren,VERB,cj,586,und
590,",",--,PUNCT,punct,589,schürten
591,wie,wie,ADV,dep,583,war
592,einst,einst,ADV,mo,594,kapitolinische
593,lebendige,lebendig,ADJ,nk,594,kapitolinische
594,kapitolinische,Kapitolinisch,NOUN,ROOT,594,kapitolinische
595,",",--,PUNCT,punct,594,kapitolinische
596,das,der,DET,nk,597,Gefechtfeuer
597,Gefechtfeuer,Gefechtfeuer,NOUN,app,594,kapitolinische
598,an,an,ADP,ROOT,598,an
599,.,--,PUNCT,ROOT,599,.
600,15,15,NUM,pd,611,war
601,Denn,denn,CCONJ,cd,611,war
602,so,so,ADV,mo,603,sehr
603,sehr,sehr,ADV,mo,605,Diebsfehra
604,auch,auch,ADV,mo,605,Diebsfehra
605,Diebsfehra,Diebsfehra,PROPN,sb,611,war
606,an,an,ADP,mo,610,überlegen
607,Heereszahl,Heereszahl,NOUN,nk,606,an
608,den,der,DET,nk,609,Ziebingern
609,Ziebingern,Ziebinger,NOUN,da,610,überlegen
610,überlegen,überlegen,VERB,pd,611,war
611,war,sein,AUX,re,613,so
612,",",--,PUNCT,punct,613,so
613,so,so,ADV,ROOT,613,so
614,besaßen,besaßen,VERB,ROOT,614,besaßen
615,diese,dieser,PRON,sb,614,besaßen
616,doch,doch,ADV,mo,614,besaßen
617,eine,ein,DET,nk,618,Festung
618,Festung,Festung,NOUN,oa,614,besaßen
619,und,und,CCONJ,cd,618,Festung
620,noch,noch,ADV,mo,621,oben
621,oben,oben,ADV,mo,622,darein
622,darein,darein,ADV,mo,624,wackern
623,den,der,DET,nk,624,wackern
624,wackern,wackern,NOUN,cj,619,und
625,",",--,PUNCT,punct,614,besaßen
626,tüchtigen,tüchtigen,VERB,cj,614,besaßen
627,Kommandanten,Kommandant,NOUN,ROOT,627,Kommandanten
628,:,--,PUNCT,punct,630,sterbe
629,Ich,ich,PRON,sb,630,sterbe
630,sterbe,sterben,VERB,rs,627,Kommandanten
631,täglich,täglich,ADV,mo,630,sterbe
632,und,und,CCONJ,cd,631,täglich
633,mein,mein,DET,nk,634,Leben
634,Leben,Leben,NOUN,cj,632,und
635,;,--,PUNCT,punct,630,sterbe
636,ein,ein,DET,nk,637,frommer
637,frommer,fromm,ADJ,ROOT,637,frommer
638,und,und,CCONJ,cd,637,frommer
639,ziemlich,ziemlich,ADV,cj,638,und
640,abgekürzterIm,abgekürzterIm,NOUN,ROOT,640,abgekürzterIm
641,Gesangbuche,Gesangbuche,NOUN,sb,642,heißt
642,heißt,heißen,VERB,ROOT,642,heißt
643,es,es,PRON,ep,642,heißt
644,bekanntlich,bekanntlich,ADV,mo,642,heißt
645,:,--,PUNCT,punct,642,heißt
646,Ich,ich,PRON,sb,647,sterbe
647,sterbe,sterben,VERB,oc,642,heißt
648,täglich,täglich,ADV,mo,647,sterbe
649,und,und,CCONJ,cd,648,täglich
650,mein,mein,DET,cj,649,und
651,Leben,Leben,NOUN,sb,652,eilet
652,eilet,eilet,X,ROOT,652,eilet
653,immerfort,Immerfort,X,nk,652,eilet
654,zum,zu,ADP,mo,652,eilet
655,Grabe,Grab,NOUN,nk,654,zum
656,hin,hin,ADV,svp,652,eilet
657,usw.,usw.,ADV,uc,652,eilet
658,;,--,PUNCT,punct,652,eilet
659,er,er,PRON,sb,660,wollte
660,wollte,wollen,AUX,ROOT,660,wollte
661,aber,aber,ADV,mo,660,wollte
662,lieber,lieber,ADV,mo,660,wollte
663,sich,sich,PRON,oa,660,wollte
664,kurz,kurz,ADV,mo,660,wollte
665,und,und,CCONJ,cd,660,wollte
666,doch,doch,CCONJ,ju,675,wird
667,fromm,fromm,ADV,mo,676,helfen
668,",",--,PUNCT,punct,667,fromm
669,wie,wie,SCONJ,cm,670,Erzgruben
670,Erzgruben,Erzgrube,NOUN,sb,675,wird
671,z.,z.,ADP,mo,676,helfen
672,B.,B.,NOUN,nk,671,z.
673,»,--,PUNCT,punct,675,wird
674,Gott,Gott,NOUN,sb,675,wird
675,wird,werden,AUX,ROOT,675,wird
676,helfen,helfen,VERB,oc,675,wird
677,oder,oder,CCONJ,cd,676,helfen
678,Gott,Gott,NOUN,oa,679,beschert
679,beschert,bescheren,VERB,cj,677,oder
680,!,--,PUNCT,punct,675,wird
681,«,--,PUNCT,punct,675,wird
682,nennen,nennen,VERB,oc,675,wird
683,.,--,PUNCT,punct,675,wird
684,",",--,PUNCT,ROOT,684,","
685,obwohl,obwohl,SCONJ,cp,688,Name
686,dennoch,dennoch,ADV,mo,688,Name
687,langer,lang,ADJ,nk,688,Name
688,Name,Name,NOUN,ROOT,688,Name
689,",",--,PUNCT,punct,688,Name
690,welchen,welcher,DET,mo,691,er
691,er,er,PRON,oc,688,Name
692,nach,nach,ADP,mo,691,er
693,der,der,DET,nk,694,Sitte
694,Sitte,Sitte,NOUN,nk,692,nach
695,der,der,DET,nk,696,Donatisten
696,Donatisten,Donatisten,NOUN,ag,694,Sitte
697,und,und,CCONJ,cd,692,nach
698,Presbyterianer,Presbyterianer,NOUN,sb,705,konnte
699,bei,bei,ADP,mo,705,konnte
700,aller,aller,DET,nk,701,Länge
701,Länge,Länge,NOUN,nk,699,bei
702,sehr,sehr,ADV,mo,703,gut
703,gut,gut,ADV,mo,704,führen
704,führen,führen,VERB,oc,705,konnte
705,konnte,können,AUX,ROOT,705,konnte
706,",",--,PUNCT,punct,705,konnte
707,da,da,SCONJ,cp,710,Kürze
708,man,man,PRON,sb,710,Kürze
709,nur,nur,ADV,mo,710,Kürze
710,Kürze,Kürze,NOUN,mo,705,konnte
711,der,der,DET,ROOT,711,der
712,Kommandowörter,Kommandowörter,NOUN,sb,718,verlangte
713,",",--,PUNCT,punct,712,Kommandowörter
714,nicht,nicht,PART,ng,718,verlangte
715,aber,aber,ADV,mo,718,verlangte
716,der,der,DET,nk,717,Kommandantennamen
717,Kommandantennamen,Kommandantennamo,NOUN,sb,718,verlangte
718,verlangte,verlangen,VERB,ROOT,718,verlangte
719,.,--,PUNCT,punct,718,verlangte
720,Auch,auch,ADV,mo,721,brauchten
721,brauchten,brauchen,VERB,ROOT,721,brauchten
722,die,der,DET,sb,721,brauchten
723,Belagerten,Belagert,NOUN,re,729,so
724,nur,nur,ADV,mo,726,Tore
725,die,der,DET,nk,726,Tore
726,Tore,Tor,NOUN,oa,727,zuzumachen
727,zuzumachen,zuzumachen,VERB,oc,723,Belagerten
728,",",--,PUNCT,punct,729,so
729,so,so,ADV,mo,730,konnte
730,konnte,können,AUX,ROOT,730,konnte
731,niemand,niemand,PRON,sb,730,konnte
732,wenigstens,wenigstens,ADV,mo,730,konnte
733,–,--,PUNCT,punct,730,konnte
734,heraus,heraus,ADV,svp,730,konnte
735,.,--,PUNCT,punct,730,konnte
736,Eingeriegelt,Eingeriegelt,VERB,sb,737,wurden
737,wurden,werden,AUX,ROOT,737,wurden
738,gegen,gegen,ADP,mo,737,wurden
739,alle,aller,DET,nk,740,Festungsmaximen
740,Festungsmaximen,Festungsmaxime,NOUN,nk,738,gegen
741,–,--,PUNCT,punct,737,wurden
742,bloß,bloß,ADV,mo,743,um
743,um,um,ADP,par,736,Eingeriegelt
744,recht,recht,ADV,mo,745,geheim
745,geheim,geheim,ADV,nk,743,um
746,zu,zu,ADP,svp,737,wurden
747,bleiben,bleiben,VERB,ROOT,747,bleiben
748,–,--,PUNCT,punct,747,bleiben
749,noch,noch,ADV,mo,751,Elefant
750,ein,ein,DET,nk,751,Elefant
751,Elefant,Elefant,NOUN,pd,747,bleiben
752,und,und,CCONJ,cd,751,Elefant
753,ein,ein,DET,nk,754,Buchhändler
754,Buchhändler,Buchhändler,NOUN,cj,752,und
755,.,--,PUNCT,punct,747,bleiben
756,Letzterer,Letzterer,PROPN,sb,757,hieß
757,hieß,heißen,VERB,ROOT,757,hieß
758,Peter,Peter,PROPN,pnc,759,Stöcklein
759,Stöcklein,Stöcklein,PROPN,sb,757,hieß
760,und,und,CCONJ,cd,757,hieß
761,gab,geben,VERB,cj,760,und
762,sich,sich,PRON,oa,761,gab
763,für,für,ADP,mo,761,gab
764,einen,ein,DET,nk,765,Nachkömmling
765,Nachkömmling,Nachkömmling,NOUN,nk,763,für
766,von,von,ADP,mnr,765,Nachkömmling
767,dem,der,DET,nk,766,von
768,bekannten,bekannt,ADJ,nk,770,Stöcklein
769,Peter,Peter,PROPN,pnc,770,Stöcklein
770,Stöcklein,Stöcklein,PROPN,ROOT,770,Stöcklein
771,aus,aus,ADP,ROOT,771,aus
772,",",--,PUNCT,punct,771,aus
773,welcher,welcher,PRON,oa,777,Buchhändler
774,1513,1513,NUM,mo,777,Buchhändler
775,der,der,DET,nk,777,Buchhändler
776,erste,erster,ADJ,nk,777,Buchhändler
777,Buchhändler,Buchhändler,NOUN,ROOT,777,Buchhändler
778,in,in,ADP,mnr,777,Buchhändler
779,Leipzig,Leipzig,PROPN,nk,778,in
780,war,sein,AUX,ROOT,780,war
781,und,und,CCONJ,cd,780,war
782,der,der,DET,sb,791,abging
783,erst,erst,ADV,mo,784,in
784,in,in,ADP,mo,791,abging
785,seinem,sein,DET,nk,786,102.
786,102.,102.,NOUN,nk,784,in
787,Jahr,Jahr,NOUN,mo,791,abging
788,16,16,NUM,nk,787,Jahr
789,mit,mit,ADP,mo,791,abging
790,Tod,Tod,NOUN,nk,789,mit
791,abging,abging,VERB,cj,781,und
792,.,--,PUNCT,punct,780,war
793,Vielleicht,vielleicht,ADV,mo,794,würde
794,würde,werden,AUX,ROOT,794,würde
795,die,der,DET,sb,794,würde
796,deutsche,deutsch,ADJ,nk,797,Gesellschaft
797,Gesellschaft,Gesellschaft,NOUN,ROOT,797,Gesellschaft
798,in,in,ADP,mnr,797,Gesellschaft
799,Leipzig,Leipzig,PROPN,nk,798,in
800,sich,sich,PRON,oa,801,um
801,um,um,ADP,mnr,797,Gesellschaft
802,Deutschland,Deutschland,PROPN,nk,801,um
803,oder,oder,CCONJ,cd,802,Deutschland
804,die,der,DET,nk,805,dasige
805,dasige,dasig,ADJ,cj,803,oder
806,Buchhändlerschaft,Buchhändlerschaft,NOUN,ROOT,806,Buchhändlerschaft
807,sich,sich,PRON,oa,806,Buchhändlerschaft
808,um,um,ADP,op,806,Buchhändlerschaft
809,ihren,ihr,DET,nk,810,primum
810,primum,Primum,NOUN,nk,808,um
811,adquirentem,adquirent,NOUN,nk,810,primum
812,und,und,CCONJ,cd,811,adquirentem
813,buchhändlerischen,buchhändlerisch,ADJ,cj,812,und
814,Adam,Adam,NOUN,nk,810,primum
815,einiges,einiger,DET,nk,816,Verdienst
816,Verdienst,Verdienst,NOUN,oa,817,erwerben
817,erwerben,erwerben,VERB,mo,819,wollte
818,",",--,PUNCT,punct,819,wollte
819,wollte,wollen,AUX,ROOT,819,wollte
820,sie,sie,PRON,sb,819,wollte
821,an,an,ADP,mo,819,wollte
822,Ort,Ort,NOUN,nk,821,an
823,und,und,CCONJ,cd,822,Ort
824,Stelle,Stelle,NOUN,cj,823,und
825,dessen,der,PRON,ag,826,Begebenheiten
826,Begebenheiten,Begebenheit,NOUN,mo,819,wollte
827,und,und,CCONJ,ROOT,827,und
828,Nachkommen,Nachkomme,NOUN,cj,827,und
829,genauer,genau,ADV,mo,830,nachgraben
830,nachgraben,nachgraben,VERB,ag,828,Nachkommen
831,",",--,PUNCT,punct,830,nachgraben
832,um,um,SCONJ,cp,837,seinen
833,so,so,ADV,mo,834,durch
834,durch,durch,ADP,mo,837,seinen
835,anhaltende,anhaltend,ADJ,nk,836,Forschungen
836,Forschungen,Forschung,NOUN,nk,834,durch
837,seinen,sein,DET,ROOT,837,seinen
838,beinahe,beinahe,ADV,mo,839,unter
839,unter,unter,ADP,mo,842,versteinerten
840,der,der,DET,nk,841,Erde
841,Erde,Erde,NOUN,nk,839,unter
842,versteinerten,versteinert,ADJ,nk,843,Stammbaum
843,Stammbaum,Stammbaum,NOUN,oa,846,ziehen
844,ans,an,ADP,mo,846,ziehen
845,Licht,Licht,NOUN,nk,844,ans
846,ziehen,ziehen,VERB,ROOT,846,ziehen
847,.,--,PUNCT,punct,846,ziehen
848,Ich,ich,PRON,sb,849,würde
849,würde,werden,AUX,ROOT,849,würde
850,dann,dann,ADV,mo,849,würde
851,sehen,sehen,VERB,ROOT,851,sehen
852,",",--,PUNCT,punct,851,sehen
853,ob,ob,SCONJ,cp,866,sitzt
854,der,der,DET,nk,857,Stöcklein
855,neue,neu,ADJ,nk,857,Stöcklein
856,Peter,Peter,PROPN,pnc,857,Stöcklein
857,Stöcklein,Stöcklein,PROPN,sb,866,sitzt
858,wirklich,wirklich,ADV,mo,866,sitzt
859,",",--,PUNCT,punct,858,wirklich
860,wie,wie,SCONJ,mo,862,vorgibt
861,er,er,PRON,sb,862,vorgibt
862,vorgibt,vorgeben,VERB,cc,858,wirklich
863,",",--,PUNCT,punct,866,sitzt
864,oben,oben,ADV,mo,866,sitzt
865,dran,dran,ADV,mo,866,sitzt
866,sitzt,sitzen,VERB,oc,851,sehen
867,als,als,ADP,ROOT,867,als
868,Wipfel,Wipfel,NOUN,nk,867,als
869,.,--,PUNCT,punct,867,als
870,Der,der,DET,nk,872,Stöcklein
871,neue,neu,ADJ,nk,872,Stöcklein
872,Stöcklein,Stöcklein,NOUN,sb,874,wollte
873,nun,nun,ADV,mo,872,Stöcklein
874,wollte,wollen,AUX,ROOT,874,wollte
875,nach,nach,ADP,mo,874,wollte
876,der,der,DET,nk,877,Messe
877,Messe,Messe,NOUN,nk,875,nach
878,eine,ein,DET,nk,881,und
879,kleine,klein,ADJ,nk,881,und
880,Lust-,Lust,X,cj,881,und
881,und,und,CCONJ,dep,874,wollte
882,Geschäftsreise,Geschäftsreis,NOUN,ROOT,882,Geschäftsreise
883,durch,durch,ADP,mnr,882,Geschäftsreise
884,die,der,DET,nk,888,Kaufstädte
885,besten,gut,ADJ,nk,888,Kaufstädte
886,Schreib-,Schreib,X,cj,887,und
887,und,und,CCONJ,cd,888,Kaufstädte
888,Kaufstädte,Kaufstadt,NOUN,nk,883,durch
889,machen,machen,VERB,oc,882,Geschäftsreise
890,",",--,PUNCT,punct,889,machen
891,um,um,SCONJ,op,882,Geschäftsreise
892,Gelder,Geld,NOUN,nk,891,um
893,",",--,PUNCT,punct,882,Geschäftsreise
894,Schriftsteller,Schriftsteller,NOUN,sb,897,einzunehmen
895,und,und,CCONJ,cd,894,Schriftsteller
896,Käufer,Käufer,NOUN,cj,895,und
897,einzunehmen,einnehmen,VERB,ROOT,897,einzunehmen
898,–,--,PUNCT,punct,897,einzunehmen
899,als,als,ADP,cm,901,Teufel
900,der,der,DET,nk,901,Teufel
901,Teufel,Teufel,NOUN,mo,897,einzunehmen
902,",",--,PUNCT,punct,901,Teufel
903,ein,ein,DET,nk,904,ewiger
904,ewiger,ewig,ADJ,cj,897,einzunehmen
905,Naturforscher,Naturforscher,NOUN,ROOT,905,Naturforscher
906,",",--,PUNCT,punct,905,Naturforscher
907,ihn,ihn,PRON,oa,914,festpflöckte
908,wie,wie,ADP,cm,910,Hornschröter
909,einen,ein,DET,nk,910,Hornschröter
910,Hornschröter,Hornschröter,NOUN,mo,914,festpflöckte
911,in,in,ADP,mo,914,festpflöckte
912,die,der,DET,nk,913,Festung
913,Festung,Festung,NOUN,nk,911,in
914,festpflöckte,festpflöcken,VERB,rc,905,Naturforscher
915,.,--,PUNCT,punct,905,Naturforscher
916,Stöcklein,Stöcklein,PROPN,sb,917,ist
917,ist,sein,AUX,ROOT,917,ist
918,ein,ein,DET,nk,921,Mann
919,wahrhaft,wahrhaft,ADV,mo,920,gebildeter
920,gebildeter,gebildet,ADJ,nk,921,Mann
921,Mann,Mann,NOUN,pd,917,ist
922,und,und,CCONJ,cd,921,Mann
923,voll,voll,ADV,mo,924,gedruckter
924,gedruckter,gedruckt,ADJ,nk,925,Kenntnisse
925,Kenntnisse,Kenntnis,NOUN,cj,922,und
926,",",--,PUNCT,punct,917,ist
927,um,um,SCONJ,punct,917,ist
928,mit,mit,ADP,mo,931,geschriebene
929,mehr,mehr,DET,nk,930,Auswahl
930,Auswahl,Auswahl,NOUN,nk,928,mit
931,geschriebene,geschrieben,ADJ,ROOT,931,geschriebene
932,zu,zu,PART,pm,933,verlegen
933,verlegen,verlegen,VERB,sb,931,geschriebene
934,",",--,PUNCT,punct,931,geschriebene
935,und,und,CCONJ,cd,931,geschriebene
936,durch,durch,ADP,cj,935,und
937,Autoren-Wissenschaften,Autoren-Wissenschaft,NOUN,nk,936,durch
938,",",--,PUNCT,punct,936,durch
939,um,um,SCONJ,ROOT,939,um
940,ganze,ganz,ADJ,nk,941,Messen
941,Messen,Messe,NOUN,ROOT,941,Messen
942,früher,früh,ADV,mo,947,bereichern
943,als,als,ADP,cm,944,sich
944,sich,sich,PRON,cc,942,früher
945,selber,selber,ADV,mnr,944,sich
946,zu,zu,PART,pm,947,bereichern
947,bereichern,bereichern,VERB,oc,941,Messen
948,",",--,PUNCT,punct,941,Messen
949,gewissermaßen,gewissermaßen,ADV,mo,941,Messen
950,ein,ein,DET,pd,941,Messen
951,Vielwisser,Vielwisser,NOUN,ROOT,951,Vielwisser
952,",",--,PUNCT,punct,951,Vielwisser
953,indem,indem,SCONJ,cp,960,ist
954,er,er,PRON,sb,960,ist
955,Sortiments-,Sortiment,X,cj,956,und
956,und,und,CCONJ,cd,958,Verlagsbuchhändler
957,17,17,NUM,nk,958,Verlagsbuchhändler
958,Verlagsbuchhändler,Verlagsbuchhändler,NOUN,pd,960,ist
959,zugleich,zugleich,ADV,mo,960,ist
960,ist,sein,AUX,mo,951,Vielwisser
961,.,--,PUNCT,punct,951,Vielwisser
962,Da,da,SCONJ,cp,963,er
963,er,er,PRON,ROOT,963,er
964,",",--,PUNCT,punct,963,er
965,was,was,PRON,ROOT,965,was
966,mich,mich,PRON,oa,967,anging
967,anging,angehen,VERB,mnr,965,was
968,",",--,PUNCT,punct,967,anging
969,fast,fast,ADV,mo,970,alles
970,alles,alle,PRON,mo,971,gelesen
971,gelesen,lesen,VERB,cj,967,anging
972,",",--,PUNCT,punct,967,anging
973,was,wer,PRON,sb,977,worden
974,von,von,ADP,sbp,976,gesagt
975,mir,mir,PRON,nk,974,von
976,gesagt,sagen,VERB,oc,977,worden
977,worden,werden,AUX,rc,967,anging
978,",",--,PUNCT,punct,977,worden
979,in,in,ADP,mnr,965,was
980,den,der,PRON,nk,979,in
981,Rezensierblättern,Rezensierblätter,NOUN,ROOT,981,Rezensierblättern
982,:,--,PUNCT,punct,984,schloß
983,so,so,ADV,mo,984,schloß
984,schloß,schließen,VERB,rs,981,Rezensierblättern
985,er,er,PRON,sb,984,schloß
986,sich,sich,PRON,oa,984,schloß
987,gern,gern,ADV,mo,984,schloß
988,an,an,ADP,mo,984,schloß
989,mich,mich,PRON,nk,988,an
990,und,und,CCONJ,cd,984,schloß
991,wünschte,wünschen,VERB,cj,990,und
992,sich,sich,PRON,oa,991,wünschte
993,Glück,Glück,NOUN,oa,991,wünschte
994,zur,zu,ADP,svp,991,wünschte
995,gemeinschaftlichen,gemeinschaftlich,ADJ,nk,996,Einsperrung
996,Einsperrung,Einsperrung,NOUN,ROOT,996,Einsperrung
997,.,--,PUNCT,punct,996,Einsperrung
998,Darauf,darauf,ADV,mo,999,setzt
999,setzt,setzen,VERB,ROOT,999,setzt
1000,',--,PUNCT,punct,999,setzt
1001,er,er,PRON,sb,999,setzt
1002,hinzu,hinzu,ADV,svp,999,setzt
1003,:,--,PUNCT,punct,999,setzt
1004,von,von,ADP,dep,999,setzt
1005,der,der,DET,nk,1007,Seite
1006,einen,ein,ADJ,nk,1007,Seite
1007,Seite,Seite,NOUN,nk,1004,von
1008,könn,könn,PROPN,ag,1009,er
1009,er,er,PRON,sb,1014,gebrauchen
1010,wohl,wohl,ADV,mo,1014,gebrauchen
1011,eine,ein,DET,nk,1013,Belagerung
1012,flüchtige,flüchtig,ADJ,nk,1013,Belagerung
1013,Belagerung,Belagerung,NOUN,oa,1014,gebrauchen
1014,gebrauchen,gebrauchen,VERB,ROOT,1014,gebrauchen
1015,für,für,ADP,mo,1014,gebrauchen
1016,sein,sein,DET,nk,1017,Belagermagazin
1017,Belagermagazin,Belagermagazin,NOUN,nk,1015,für
1018,–,--,PUNCT,punct,1017,Belagermagazin
1019,(,--,PUNCT,punct,1020,er
1020,er,er,PRON,app,1017,Belagermagazin
1021,verlegte,verlegen,VERB,ROOT,1021,verlegte
1022,nämlich,nämlich,ADV,mo,1021,verlegte
1023,eines,einer,PRON,oa,1021,verlegte
1024,",",--,PUNCT,punct,1023,eines
1025,so,so,ADV,mo,1021,verlegte
1026,wie,wie,ADP,cm,1033,Magazine
1027,jetzo,Jetzo,ADJ,nk,1033,Magazine
1028,Kleider-,Kleider,X,cj,1030,Sarg-
1029,",",--,PUNCT,punct,1033,Magazine
1030,Sarg-,Sarg,X,cj,1031,oder
1031,oder,oder,CCONJ,cd,1032,andere
1032,andere,anderer,ADJ,nk,1033,Magazine
1033,Magazine,Magazin,NOUN,cc,1025,so
1034,und,und,CCONJ,cd,1033,Magazine
1035,bei,bei,ADP,mo,1042,haben
1036,Buchhändlern,Buchhändler,NOUN,nk,1035,bei
1037,fast,fast,ADV,mo,1038,alle
1038,alle,aller,DET,nk,1040,Magazine
1039,übrigen,übrig,ADJ,nk,1040,Magazine
1040,Magazine,Magazin,NOUN,sb,1043,sind
1041,zu,zu,PART,pm,1042,haben
1042,haben,haben,VERB,oc,1043,sind
1043,sind,sein,AUX,ROOT,1043,sind
1044,),--,PUNCT,punct,1043,sind
1045,–,--,PUNCT,punct,1043,sind
1046,aber,aber,CCONJ,cd,1043,sind
1047,von,von,ADP,cj,1046,aber
1048,der,der,DET,nk,1047,von
1049,andern,anderer,ADJ,nk,1050,Seite
1050,Seite,Seite,NOUN,da,1051,wünsch
1051,wünsch,wünsch,ADV,ROOT,1051,wünsch
1052,',--,PUNCT,punct,1051,wünsch
1053,er,er,PRON,sb,1051,wünsch
1054,als,als,ADP,mnr,1053,er
1055,Anfänger,Anfänger,NOUN,nk,1054,als
1056,",",--,PUNCT,punct,1055,Anfänger
1057,den,der,PRON,oa,1063,aufhalte
1058,man,man,PRON,sb,1063,aufhalte
1059,mitten,mitten,ADV,mo,1060,in
1060,in,in,ADP,mo,1063,aufhalte
1061,seiner,sein,DET,nk,1062,Reise
1062,Reise,Reise,NOUN,nk,1060,in
1063,aufhalte,aufhalen,VERB,rc,1055,Anfänger
1064,und,und,CCONJ,ROOT,1064,und
1065,der,der,DET,cj,1064,und
1066,samt,samt,ADP,mnr,1065,der
1067,seinem,sein,DET,nk,1068,Pferde
1068,Pferde,Pferd,NOUN,nk,1066,samt
1069,kaum,kaum,ADV,mo,1070,von
1070,von,von,ADP,oc,1065,der
1071,der,der,DET,nk,1074,Belagerung
1072,besten,gut,ADJ,nk,1074,Belagerung
1073,beschriebenen,beschrieben,ADJ,nk,1074,Belagerung
1074,Belagerung,Belagerung,NOUN,nk,1070,von
1075,in,in,ADP,oc,1065,der
1076,seinem,sein,DET,nk,1077,Magazin
1077,Magazin,Magazin,NOUN,da,1078,satt
1078,satt,satt,ADV,pd,1079,werden
1079,werden,werden,AUX,oc,1080,könnte
1080,könnte,können,AUX,ROOT,1080,könnte
1081,vor,vor,ADP,mo,1080,könnte
1082,lauter,lauter,DET,nk,1083,Rabatt
1083,Rabatt,Rabatt,NOUN,nk,1081,vor
1084,–,--,PUNCT,punct,1080,könnte
1085,da,da,ADV,mo,1086,wünsch
1086,wünsch,wünsch,ADV,mo,1080,könnte
1087,',--,PUNCT,punct,1080,könnte
1088,er,er,PRON,sb,1080,könnte
1089,einen,ein,DET,oc,1080,könnte
1090,Verlagsartikel,Verlagsartikel,NOUN,ROOT,1090,Verlagsartikel
1091,von,von,ADP,pg,1090,Verlagsartikel
1092,mir,mir,PRON,nk,1091,von
1093,.,--,PUNCT,punct,1090,Verlagsartikel
1094,Da,da,SCONJ,cp,1105,hatte
1095,ich,ich,PRON,sb,1105,hatte
1096,aber,aber,ADV,mo,1105,hatte
1097,keinen,keiner,PRON,oa,1105,hatte
1098,in,in,ADP,mnr,1097,keinen
1099,der,der,DET,nk,1100,Tasche
1100,Tasche,Tasche,NOUN,nk,1098,in
1101,",",--,PUNCT,punct,1097,keinen
1102,noch,noch,ADV,mo,1103,im
1103,im,in,ADP,mo,1105,hatte
1104,Kopfe,Kopf,NOUN,nk,1103,im
1105,hatte,haben,VERB,ROOT,1105,hatte
1106,:,--,PUNCT,punct,1105,hatte
1107,so,so,ADV,mo,1108,schüttelt
1108,schüttelt,schütteln,VERB,ROOT,1108,schüttelt
1109,',--,PUNCT,punct,1108,schüttelt
1110,ich,ich,PRON,sb,1108,schüttelt
1111,diesen,dieser,PRON,oa,1108,schüttelt
1112,;,--,PUNCT,punct,1108,schüttelt
1113,darauf,darauf,ADV,op,1114,sagt
1114,sagt,sagen,VERB,ROOT,1114,sagt
1115,',--,PUNCT,punct,1114,sagt
1116,ich,ich,PRON,sb,1114,sagt
1117,",",--,PUNCT,punct,1114,sagt
1118,um,um,SCONJ,cp,1120,mildern
1119,zu,zu,PART,pm,1120,mildern
1120,mildern,mildern,VERB,mo,1114,sagt
1121,",",--,PUNCT,punct,1114,sagt
1122,scherzhaft,Scherzhaft,ADV,mo,1114,sagt
1123,:,--,PUNCT,punct,1124,ließ
1124,ließ,lassen,VERB,re,1120,mildern
1125,ich,ich,PRON,sb,1124,ließ
1126,im,in,ADP,mo,1131,fallen
1127,Diskurse,Diskurse,NOUN,nk,1126,im
1128,etwas,etwas,ADV,mo,1131,fallen
1129,von,von,ADP,mo,1131,fallen
1130,Gewicht,Gewicht,NOUN,nk,1129,von
1131,fallen,fallen,VERB,ROOT,1131,fallen
1132,",",--,PUNCT,punct,1133,so
1133,so,so,ADV,mo,1134,mög
1134,mög,mög,ADV,mo,1138,aufnehmen
1135,',--,PUNCT,punct,1134,mög
1136,er,er,PRON,dep,1134,mög
1137,'s,'s,PRON,oa,1138,aufnehmen
1138,aufnehmen,aufnehmen,VERB,oc,1131,fallen
1139,und,und,CCONJ,cd,1138,aufnehmen
1140,den,der,DET,nk,1141,Käufern
1141,Käufern,Käufer,NOUN,da,1131,fallen
1142,auftischen,auftischen,VERB,ROOT,1142,auftischen
1143,.,--,PUNCT,punct,1142,auftischen
1144,Später,spät,ADV,mo,1145,sah
1145,sah,sehen,VERB,ROOT,1145,sah
1146,ich,ich,PRON,sb,1145,sah
1147,",",--,PUNCT,punct,1145,sah
1148,daß,daß,SCONJ,cp,1151,mit
1149,er,er,PRON,sb,1151,mit
1150,wirklich,wirklich,ADV,mo,1151,mit
1151,mit,mit,ADP,mo,1145,sah
1152,der,der,DET,nk,1153,Rechten
1153,Rechten,rechte,NOUN,nk,1151,mit
1154,in,in,ADP,mnr,1153,Rechten
1155,der,der,DET,nk,1156,Tasche
1156,Tasche,Tasche,NOUN,nk,1154,in
1157,arbeitete,arbeiten,VERB,ROOT,1157,arbeitete
1158,",",--,PUNCT,punct,1157,arbeitete
1159,um,um,SCONJ,cp,1161,aufzuschreiben
1160,Einfälle,Einfall,NOUN,oa,1161,aufzuschreiben
1161,aufzuschreiben,aufschreiben,VERB,mo,1157,arbeitete
1162,",",--,PUNCT,punct,1161,aufzuschreiben
1163,womit,womit,SCONJ,mo,1167,würzen
1164,er,er,PRON,sb,1168,wollte
1165,seine,sein,DET,nk,1166,Belagerung
1166,Belagerung,Belagerung,NOUN,oa,1167,würzen
1167,würzen,würzen,VERB,oc,1168,wollte
1168,wollte,wollen,AUX,rc,1160,Einfälle
1169,.,--,PUNCT,punct,1157,arbeitete
1170,18,18,NUM,nk,1171,Nun
1171,Nun,nun,ADV,mo,1172,hebt
1172,hebt,heben,VERB,ROOT,1172,hebt
1173,dieser,dieser,PRON,sb,1172,hebt
1174,selber,selber,ADV,mo,1172,hebt
1175,an,an,ADP,svp,1172,hebt
1176,.,--,PUNCT,punct,1172,hebt
1177,Der,der,DET,nk,1180,Ausschuß
1178,geheime,geheim,ADJ,nk,1179,Ziebinger
1179,Ziebinger,Ziebinger,ADJ,nk,1180,Ausschuß
1180,Ausschuß,Ausschuß,NOUN,sb,1181,wußte
1181,wußte,wissen,VERB,ROOT,1181,wußte
1182,bestimmt,bestimmen,VERB,oc,1181,wußte
1183,",",--,PUNCT,punct,1181,wußte
1184,daß,daß,SCONJ,cp,1193,würde
1185,man,man,PRON,sb,1193,würde
1186,die,der,DET,nk,1187,Festung
1187,Festung,Festung,NOUN,oa,1192,berennen
1188,den,der,DET,nk,1190,Mai
1189,8.,8.,ADJ,nk,1190,Mai
1190,Mai,Mai,NOUN,oa,1192,berennen
1191,mittags,mittags,ADV,mo,1192,berennen
1192,berennen,berennen,VERB,oc,1193,würde
1193,würde,werden,AUX,ROOT,1193,würde
1194,.,--,PUNCT,punct,1193,würde
1195,Dieses,dieser,PRON,ROOT,1195,Dieses
1196,Bekanntwerdenlassen,Bekanntwerdenlasse,NOUN,sb,1197,zeigt
1197,zeigt,zeigen,VERB,ROOT,1197,zeigt
1198,",",--,PUNCT,punct,1197,zeigt
1199,daß,daß,SCONJ,cp,1204,waren
1200,die,der,DET,nk,1201,Diebsfehraner
1201,Diebsfehraner,Diebsfehraner,NOUN,sb,1204,waren
1202,echter,echt,VERB,pd,1204,waren
1203,deutsch,deutsch,ADV,pd,1204,waren
1204,waren,sein,AUX,oc,1197,zeigt
1205,als,als,ADP,cm,1206,jene
1206,jene,jener,PRON,cc,1202,echter
1207,;,--,PUNCT,punct,1197,zeigt
1208,denn,denn,CCONJ,ju,1214,tragen
1209,wie,wie,ADP,cm,1211,Samojeterinnen
1210,die,der,DET,nk,1211,Samojeterinnen
1211,Samojeterinnen,Samojeterinn,NOUN,sb,1214,tragen
1212,ein,ein,DET,nk,1213,Glöckchen
1213,Glöckchen,Glöckchen,NOUN,oa,1214,tragen
1214,tragen,tragen,VERB,ROOT,1214,tragen
1215,",",--,PUNCT,punct,1214,tragen
1216,damit,damit,SCONJ,mo,1218,Eltern
1217,die,der,DET,nk,1218,Eltern
1218,Eltern,Eltern,NOUN,sb,1214,tragen
1219,jeden,jeder,DET,oa,1214,tragen
1220,Schritt,Schritt,NOUN,oa,1223,derselben
1221,und,und,CCONJ,cd,1220,Schritt
1222,Aufenthalt,Aufenthalt,NOUN,cj,1221,und
1223,derselben,derselbe,VERB,oc,1224,wissen
1224,wissen,wissen,VERB,re,1226,so
1225,",",--,PUNCT,punct,1226,so
1226,so,so,ADV,mo,1227,klingeln
1227,klingeln,klingeln,VERB,ROOT,1227,klingeln
1228,die,der,DET,nk,1229,Deutschen
1229,Deutschen,deutsche,NOUN,sb,1227,klingeln
1230,ebenso,ebenso,ADV,mo,1227,klingeln
1231,ihre,ihr,DET,oa,1227,klingeln
1232,Märsche,Märsche,ADJ,ROOT,1232,Märsche
1233,den,der,DET,nk,1234,Feinden
1234,Feinden,Feind,NOUN,oa,1232,Märsche
1235,aus,aus,ADP,svp,1232,Märsche
1236,",",--,PUNCT,punct,1232,Märsche
1237,wodurch,wodurch,SCONJ,mo,1244,können
1238,diese,dieser,PRON,sb,1244,können
1239,am,an,ADP,mo,1243,geben
1240,ersten,erster,ADJ,nk,1242,Frieden
1241,baldigen,baldig,ADJ,nk,1242,Frieden
1242,Frieden,Frieden,NOUN,nk,1239,am
1243,geben,geben,VERB,oc,1244,können
1244,können,können,AUX,rc,1233,den
1245,.,--,PUNCT,punct,1232,Märsche
1246,Ja,ja,PART,dm,1257,gingen
1247,",",--,PUNCT,punct,1257,gingen
1248,wie,wie,ADV,mo,1250,Priester
1249,hohe,hoch,ADJ,nk,1250,Priester
1250,Priester,Priester,NOUN,sb,1257,gingen
1251,mit,mit,ADP,mo,1257,gingen
1252,Schellen,Schelle,NOUN,nk,1251,mit
1253,am,an,ADP,mo,1257,gingen
1254,Rocksaume,Rocksaume,NOUN,nk,1253,am
1255,ins,in,ADP,mo,1257,gingen
1256,Allerheiligste,Allerheiligste,NOUN,nk,1255,ins
1257,gingen,gehen,VERB,ROOT,1257,gingen
1258,",",--,PUNCT,punct,1257,gingen
1259,um,um,SCONJ,punct,1257,gingen
1260,ihren,ihr,DET,nk,1261,Gang
1261,Gang,Gang,NOUN,oa,1262,anzuzeigen
1262,anzuzeigen,anzeigen,VERB,mo,1265,gehen
1263,:,--,PUNCT,punct,1265,gehen
1264,so,so,ADV,mo,1265,gehen
1265,gehen,gehen,VERB,ROOT,1265,gehen
1266,sie,sie,PRON,sb,1265,gehen
1267,ebenso,ebenso,ADV,mo,1268,laut
1268,laut,laut,ADV,mo,1265,gehen
1269,in,in,ADP,mo,1265,gehen
1270,und,und,CCONJ,cd,1269,in
1271,aus,aus,ADP,cj,1270,und
1272,Sitzungen,Sitzung,NOUN,nk,1271,aus
1273,",",--,PUNCT,punct,1265,gehen
1274,wiewohl,wiewohl,SCONJ,mo,1265,gehen
1275,weniger,weniger,ADV,pd,1280,Gang
1276,",",--,PUNCT,punct,1275,weniger
1277,um,um,SCONJ,cc,1275,weniger
1278,damit,damit,ADV,mo,1277,um
1279,ihren,ihr,DET,nk,1280,Gang
1280,Gang,Gang,NOUN,ROOT,1280,Gang
1281,",",--,PUNCT,punct,1280,Gang
1282,als,als,ADP,cm,1289,machen
1283,den,der,DET,nk,1284,Gang
1284,Gang,Gang,NOUN,oa,1289,machen
1285,der,der,DET,nk,1286,Sachen
1286,Sachen,Sache,NOUN,ag,1284,Gang
1287,bekannt,bekannt,ADV,mo,1289,machen
1288,zu,zu,PART,pm,1289,machen
1289,machen,machen,VERB,mnr,1280,Gang
1290,.,--,PUNCT,punct,1280,Gang
1291,–,--,PUNCT,ROOT,1291,–
1292,Jetzt,jetzt,ADV,mo,1296,getroffen
1293,wurden,werden,AUX,ROOT,1293,wurden
1294,ernsthafte,ernsthaft,ADJ,nk,1295,Vorkehrungen
1295,Vorkehrungen,Vorkehrung,NOUN,sb,1293,wurden
1296,getroffen,treffen,VERB,oc,1293,wurden
1297,",",--,PUNCT,punct,1293,wurden
1298,wozu,wozu,SCONJ,mo,1301,gut
1299,lächerliche,lächerlich,ADJ,nk,1298,wozu
1300,recht,Recht,NOUN,mo,1301,gut
1301,gut,gut,ADV,dep,1293,wurden
1302,taugen,taugen,VERB,ROOT,1302,taugen
1303,.,--,PUNCT,punct,1302,taugen
1304,Patriotismus,Patriotismus,NOUN,sb,1305,war
1305,war,sein,AUX,ROOT,1305,war
1306,allgemeine,allgemein,ADJ,nk,1307,Empfindung
1307,Empfindung,Empfindung,NOUN,pd,1305,war
1308,.,--,PUNCT,punct,1305,war
1309,–,--,PUNCT,punct,1312,dankte
1310,Der,der,DET,nk,1311,Nachtwächter
1311,Nachtwächter,Nachtwächter,NOUN,sb,1312,dankte
1312,dankte,danken,VERB,ROOT,1312,dankte
1313,ab,ab,ADP,svp,1312,dankte
1314,",",--,PUNCT,punct,1312,dankte
1315,weil,weil,SCONJ,cp,1316,Bomben
1316,Bomben,Bombe,NOUN,ROOT,1316,Bomben
1317,",",--,PUNCT,punct,1316,Bomben
1318,wie,wie,SCONJ,mo,1320,sagte
1319,er,er,PRON,sb,1320,sagte
1320,sagte,sagen,VERB,par,1316,Bomben
1321,",",--,PUNCT,punct,1320,sagte
1322,ihn,ihn,PRON,oa,1324,störten
1323,gänzlich,gänzlich,ADV,mo,1324,störten
1324,störten,störn,VERB,oc,1320,sagte
1325,und,und,CCONJ,cd,1324,störten
1326,springende,springend,ADJ,cj,1325,und
1327,die,der,DET,nk,1328,Diebe
1328,Diebe,Dieb,NOUN,oa,1326,springende
1329,noch,noch,ADV,mo,1326,springende
1330,eher,eher,ADV,mo,1331,verjagen
1331,verjagen,verjagen,VERB,oc,1332,würden
1332,würden,werden,AUX,ROOT,1332,würden
1333,",",--,PUNCT,punct,1332,würden
1334,als,als,SCONJ,cm,1337,Mann
1335,ein,ein,DET,nk,1337,Mann
1336,lahmer,lahm,ADJ,nk,1337,Mann
1337,Mann,Mann,NOUN,mo,1331,verjagen
1338,",",--,PUNCT,punct,1337,Mann
1339,–,--,PUNCT,punct,1337,Mann
1340,die,der,DET,nk,1341,Fahnen
1341,Fahnen,Fahne,NOUN,sb,1342,wurden
1342,wurden,werden,AUX,oc,1332,würden
1343,neu,neu,ADV,mo,1344,geweiht
1344,geweiht,weihen,VERB,oc,1342,wurden
1345,",",--,PUNCT,punct,1342,wurden
1346,–,--,PUNCT,punct,1342,wurden
1347,die,der,DET,nk,1352,Stichwaffen
1348,allergefährlichsten,allergefährlichst,ADJ,nk,1352,Stichwaffen
1349,",",--,PUNCT,punct,1348,allergefährlichsten
1350,doch,doch,CCONJ,cd,1348,allergefährlichsten
1351,kriegserlaubten,kriegserlaubt,ADJ,cj,1350,doch
1352,Stichwaffen,Stichwaffen,NOUN,sb,1354,wurden
1353,19,19,NUM,nk,1352,Stichwaffen
1354,wurden,werden,AUX,ROOT,1354,wurden
1355,zusammengesucht,zusammengesucht,VERB,ROOT,1355,zusammengesucht
1356,",",--,PUNCT,punct,1355,zusammengesucht
1357,nämlich,nämlich,ADV,mo,1358,stumpfe
1358,stumpfe,Stumpfe,PROPN,cj,1355,zusammengesucht
1359,und,und,CCONJ,cd,1358,stumpfe
1360,rostige,rostig,ADJ,cj,1359,und
1361,",",--,PUNCT,punct,1358,stumpfe
1362,vor,vor,ADP,mo,1366,bewahre
1363,deren,der,DET,ag,1364,Wunden
1364,Wunden,Wunde,NOUN,nk,1362,vor
1365,Gott,Gott,NOUN,sb,1366,bewahre
1366,bewahre,bewahren,VERB,rc,1358,stumpfe
1367,.,--,PUNCT,punct,1355,zusammengesucht
1368,–,--,PUNCT,ROOT,1368,–
1369,Alle,aller,PRON,sb,1377,eingesetzte
1370,von,von,ADP,sbp,1377,eingesetzte
1371,uralten,uralt,ADJ,nk,1372,Belagerungen
1372,Belagerungen,Belagerung,NOUN,nk,1370,von
1373,in,in,ADP,mnr,1372,Belagerungen
1374,Gebäuden,Gebäude,NOUN,nk,1373,in
1375,wie,wie,ADP,cm,1376,Augäpfel
1376,Augäpfel,Augäpfel,PROPN,cc,1374,Gebäuden
1377,eingesetzte,eingesetzen,VERB,ROOT,1377,eingesetzte
1378,Kanonenkugeln,Kanonenkugel,NOUN,sb,1379,wurden
1379,wurden,werden,AUX,ROOT,1379,wurden
1380,ausgehoben,ausgehoben,VERB,oc,1379,wurden
1381,",",--,PUNCT,punct,1380,ausgehoben
1382,um,um,SCONJ,cp,1385,loszugehen
1383,von,von,ADP,mo,1385,loszugehen
1384,neuem,neu,ADJ,nk,1383,von
1385,loszugehen,loszugehen,VERB,mo,1380,ausgehoben
1386,.,--,PUNCT,punct,1379,wurden
1387,Alles,alle,DET,nk,1388,Scheibenpulver
1388,Scheibenpulver,Scheibenpulver,NOUN,ROOT,1388,Scheibenpulver
1389,der,der,DET,nk,1390,Festung
1390,Festung,Festung,NOUN,da,1394,beigeschüttet
1391,wurde,werden,AUX,ROOT,1391,wurde
1392,dem,der,DET,nk,1393,Kartaunenpulver
1393,Kartaunenpulver,Kartaunenpulver,NOUN,da,1394,beigeschüttet
1394,beigeschüttet,beigeschütten,VERB,oc,1391,wurde
1395,",",--,PUNCT,punct,1394,beigeschüttet
1396,weil,weil,SCONJ,cp,1397,von
1397,von,von,ADP,mo,1394,beigeschüttet
1398,letztem,letzter,ADJ,nk,1397,von
1399,mehr,mehr,PRON,nk,1397,von
1400,hätte,haben,AUX,ROOT,1400,hätte
1401,da,da,ADV,mo,1403,sollen
1402,sein,sein,AUX,oc,1403,sollen
1403,sollen,sollen,AUX,oc,1400,hätte
1404,.,--,PUNCT,punct,1400,hätte
1405,–,--,PUNCT,sb,1412,gewesen
1406,Wär's,Wär's,NOUN,pd,1412,gewesen
1407,in,in,ADP,mo,1412,gewesen
1408,einem,einer,PRON,nk,1407,in
1409,der,der,DET,nk,1411,Winter
1410,grimmigsten,grimmigst,ADJ,nk,1411,Winter
1411,Winter,Winter,NOUN,ag,1408,einem
1412,gewesen,sein,AUX,re,1414,so
1413,",",--,PUNCT,punct,1414,so
1414,so,so,ADV,mo,1415,hätte
1415,hätte,haben,AUX,ROOT,1415,hätte
1416,man,man,PRON,sb,1422,gebohrt
1417,sich,sich,PRON,da,1422,gebohrt
1418,leicht,leicht,ADV,mo,1422,gebohrt
1419,Kanonen,Kanon,NOUN,oa,1422,gebohrt
1420,aus,aus,ADP,mo,1422,gebohrt
1421,Eis,Eis,NOUN,nk,1420,aus
1422,gebohrt,gebohren,VERB,ROOT,1422,gebohrt
1423,",",--,PUNCT,punct,1422,gebohrt
1424,wegen,wegen,ADP,mo,1422,gebohrt
1425,Mangels,Mangel,NOUN,nk,1424,wegen
1426,metallener,metallen,ADV,mo,1422,gebohrt
1427,;,--,PUNCT,punct,1422,gebohrt
1428,denn,denn,CCONJ,ju,1429,einige
1429,einige,einige,PRON,ROOT,1429,einige
1430,vorrätige,vorrätig,ADJ,oc,1431,hatte
1431,hatte,haben,AUX,ROOT,1431,hatte
1432,kurz,kurz,ADV,mo,1433,vorher
1433,vorher,vorher,ADV,mo,1435,Kommandant
1434,der,der,DET,nk,1435,Kommandant
1435,Kommandant,Kommandant,NOUN,sb,1431,hatte
1436,",",--,PUNCT,punct,1431,hatte
1437,verschlagen,verschlagen,VERB,cj,1431,hatte
1438,genug,genug,ADV,mo,1437,verschlagen
1439,",",--,PUNCT,punct,1438,genug
1440,den,der,DET,dep,1431,hatte
1441,Diebsfehranern,Diebsfehraner,NOUN,da,1442,aufgehangen
1442,aufgehangen,aufgehangen,VERB,ROOT,1442,aufgehangen
1443,und,und,CCONJ,cd,1442,aufgehangen
1444,verkauft,verkaufen,VERB,cj,1443,und
1445,",",--,PUNCT,punct,1442,aufgehangen
1446,für,für,ADP,mo,1442,aufgehangen
1447,eine,ein,DET,nk,1449,Menge
1448,tüchtige,tüchtig,ADJ,nk,1449,Menge
1449,Menge,Menge,NOUN,nk,1446,für
1450,Fässer,Fässer,NOUN,nk,1449,Menge
1451,mit,mit,ADP,mo,1442,aufgehangen
1452,Mehl,Mehl,NOUN,ROOT,1452,Mehl
1453,",",--,PUNCT,punct,1465,entbehren
1454,da,da,SCONJ,cp,1465,entbehren
1455,eine,ein,DET,nk,1456,Festung
1456,Festung,Festung,NOUN,sb,1465,entbehren
1457,wohl,wohl,ADV,mo,1465,entbehren
1458,das,der,DET,nk,1459,Schießen
1459,Schießen,schießen,NOUN,oa,1465,entbehren
1460,",",--,PUNCT,punct,1459,Schießen
1461,aber,aber,CCONJ,cd,1459,Schießen
1462,nicht,nicht,PART,ng,1464,Schlucken
1463,das,der,DET,nk,1464,Schlucken
1464,Schlucken,schlucken,NOUN,oa,1465,entbehren
1465,entbehren,entbehren,VERB,oc,1452,Mehl
1466,kann,können,AUX,ROOT,1466,kann
1467,.,--,PUNCT,punct,1466,kann
1468,–,--,PUNCT,punct,1481,wurde
1469,Über,über,ADP,mo,1481,wurde
1470,das,der,DET,nk,1472,Tor
1471,schwächste,schwäch,ADJ,nk,1472,Tor
1472,Tor,Tor,NOUN,nk,1469,Über
1473,–,--,PUNCT,punct,1472,Tor
1474,(,--,PUNCT,punct,1477,war
1475,ihr,ihr,DET,nk,1476,anderes
1476,anderes,anderer,PRON,sb,1477,war
1477,war,sein,AUX,par,1472,Tor
1478,gut,gut,ADV,mo,1479,gedeckt
1479,gedeckt,decken,VERB,pd,1477,war
1480,),--,PUNCT,punct,1477,war
1481,wurde,werden,AUX,ROOT,1481,wurde
1482,eilig,eilig,ADV,mo,1481,wurde
1483,ein,ein,DET,punct,1481,wurde
1484,kleiner,klein,ADJ,nk,1485,Hundestall
1485,Hundestall,Hundestall,NOUN,ROOT,1485,Hundestall
1486,mit,mit,ADP,mnr,1485,Hundestall
1487,einer,ein,DET,nk,1488,Türe
1488,Türe,Türe,NOUN,nk,1486,mit
1489,gegen,gegen,ADP,mnr,1488,Türe
1490,den,der,DET,nk,1491,Feind
1491,Feind,Feind,NOUN,nk,1489,gegen
1492,und,und,CCONJ,cd,1491,Feind
1493,einer,einer,DET,cj,1492,und
1494,gegen,gegen,ADP,mnr,1493,einer
1495,die,der,DET,nk,1496,Stadt
1496,Stadt,Stadt,NOUN,nk,1494,gegen
1497,erbaut,erbauen,VERB,ROOT,1497,erbaut
1498,und,und,CCONJ,cd,1497,erbaut
1499,darein,darein,ADV,mo,1507,getan
1500,ein,ein,DET,nk,1502,Hund
1501,halbwütiger,halbwütig,ADJ,nk,1502,Hund
1502,Hund,Hund,NOUN,oa,1507,getan
1503,samt,samt,ADP,mo,1507,getan
1504,einer,ein,DET,nk,1505,Kuppel
1505,Kuppel,Kuppel,NOUN,nk,1503,samt
1506,gesunder,gesund,NOUN,ag,1505,Kuppel
1507,getan,tun,VERB,cj,1498,und
1508,",",--,PUNCT,punct,1507,getan
1509,die,der,PRON,ROOT,1509,die
1510,sich,sich,PRON,oa,1516,beißen
1511,untereinander,untereinander,ADV,mo,1516,beißen
1512,während,während,ADP,mo,1516,beißen
1513,der,der,DET,nk,1514,Belagerung
1514,Belagerung,Belagerung,NOUN,nk,1512,während
1515,wütig,wütig,ADV,mo,1516,beißen
1516,beißen,beißen,VERB,oc,1517,sollten
1517,sollten,sollen,AUX,ROOT,1517,sollten
1518,",",--,PUNCT,punct,1517,sollten
1519,so,so,ADV,mo,1522,die
1520,daß,daß,SCONJ,punct,1522,die
1521,man,man,PRON,sb,1520,daß
1522,die,der,DET,dep,1517,sollten
1523,tolle,toll,ADJ,nk,1524,Nebengarnison
1524,Nebengarnison,Nebengarnison,NOUN,sb,1533,konnte
1525,aus,aus,ADP,mo,1533,konnte
1526,der,der,DET,nk,1527,Feldtüre
1527,Feldtüre,Feldtüre,NOUN,nk,1525,aus
1528,auf,auf,ADP,mnr,1527,Feldtüre
1529,den,der,DET,nk,1532,Feind
1530,20,20,NUM,nk,1532,Feind
1531,anstürmenden,anstürmend,ADJ,nk,1532,Feind
1532,Feind,Feind,NOUN,nk,1528,auf
1533,konnte,können,AUX,ROOT,1533,konnte
1534,hinabspringen,hinabspringen,VERB,oc,1535,lassen
1535,lassen,lassen,VERB,ROOT,1535,lassen
1536,:,--,PUNCT,punct,1535,lassen
1537,ob,ob,SCONJ,cp,1539,kriegsgerecht
1538,er,er,PRON,sb,1539,kriegsgerecht
1539,kriegsgerecht,Kriegsgerecht,VERB,oc,1534,hinabspringen
1540,",",--,PUNCT,punct,1539,kriegsgerecht
1541,da,da,SCONJ,mo,1539,kriegsgerecht
1542,man,man,PRON,sb,1544,Spaniern
1543,den,der,DET,nk,1544,Spaniern
1544,Spaniern,Spanier,NOUN,dep,1541,da
1545,in,in,ADP,mnr,1544,Spaniern
1546,Amerika,Amerika,PROPN,nk,1545,in
1547,schon,schon,ADV,mo,1539,kriegsgerecht
1548,die,der,DET,nk,1549,gesunden
1549,gesunden,gesunde,NOUN,sb,1550,verdenkt
1550,verdenkt,verdenken,VERB,mo,1552,entscheide
1551,",",--,PUNCT,punct,1552,entscheide
1552,entscheide,entscheiden,VERB,ROOT,1552,entscheide
1553,ich,ich,PRON,sb,1552,entscheide
1554,nicht,nicht,PART,ng,1552,entscheide
1555,.,--,PUNCT,punct,1552,entscheide
1556,–,--,PUNCT,ROOT,1556,–
1557,Das,der,DET,nk,1558,Pflaster
1558,Pflaster,Pflaster,NOUN,sb,1559,brauchte
1559,brauchte,brauchen,VERB,ROOT,1559,brauchte
1560,man,man,PRON,oa,1559,brauchte
1561,zum,zu,ADP,mo,1559,brauchte
1562,Glücke,Glücke,NOUN,nk,1561,zum
1563,nicht,nicht,PART,ng,1559,brauchte
1564,aufzureißen,aufreißen,VERB,oc,1559,brauchte
1565,",",--,PUNCT,punct,1564,aufzureißen
1566,weil,weil,SCONJ,cp,1570,war
1567,gar,gar,ADV,mo,1568,keines
1568,keines,keiner,PRON,sb,1570,war
1569,da,da,ADV,mo,1570,war
1570,war,sein,AUX,mo,1564,aufzureißen
1571,",",--,PUNCT,punct,1559,brauchte
1572,so,so,ADV,mo,1576,aufzutragen
1573,auch,auch,ADV,mo,1575,Dünger
1574,keinen,kein,DET,nk,1575,Dünger
1575,Dünger,Dünger,NOUN,oa,1576,aufzutragen
1576,aufzutragen,aufzutragen,VERB,ROOT,1576,aufzutragen
1577,",",--,PUNCT,punct,1576,aufzutragen
1578,indem,indem,SCONJ,cp,1581,Bürger
1579,ihn,ihn,PRON,nk,1578,indem
1580,jeder,jeder,DET,nk,1581,Bürger
1581,Bürger,Bürger,NOUN,mo,1576,aufzutragen
1582,vor,vor,ADP,mnr,1581,Bürger
1583,seinem,sein,DET,nk,1584,Hause
1584,Hause,Haus,NOUN,nk,1582,vor
1585,unterhielt,unterhalten,VERB,ROOT,1585,unterhielt
1586,",",--,PUNCT,punct,1585,unterhielt
1587,um,um,SCONJ,punct,1585,unterhielt
1588,sich,sich,PRON,nk,1587,um
1589,durch,durch,ADP,mnr,1588,sich
1590,diese,dieser,DET,nk,1592,Heuhaufen
1591,verdauten,verdaut,ADJ,nk,1592,Heuhaufen
1592,Heuhaufen,Heuhaufen,NOUN,nk,1589,durch
1593,an,an,ADP,mnr,1592,Heuhaufen
1594,den,der,DET,nk,1595,Frühling
1595,Frühling,Frühling,PROPN,nk,1593,an
1596,zu,zu,PART,svp,1585,unterhielt
1597,erinnern,erinnern,VERB,ROOT,1597,erinnern
1598,.,--,PUNCT,punct,1597,erinnern
1599,–,--,PUNCT,punct,1602,forderte
1600,Der,der,DET,nk,1601,Kommandant
1601,Kommandant,Kommandant,NOUN,sb,1602,forderte
1602,forderte,fordern,VERB,ROOT,1602,forderte
1603,",",--,PUNCT,punct,1602,forderte
1604,um,um,SCONJ,cp,1608,aufzumuntern
1605,im,in,ADP,mo,1608,aufzumuntern
1606,höchsten,hoch,ADJ,nk,1607,Grade
1607,Grade,Grade,NOUN,nk,1605,im
1608,aufzumuntern,aufmuntern,VERB,mo,1602,forderte
1609,",",--,PUNCT,punct,1608,aufzumuntern
1610,die,der,PRON,oa,1602,forderte
1611,Besatzung,Besatzung,NOUN,ROOT,1611,Besatzung
1612,vor,vor,ADP,op,1611,Besatzung
1613,sich,sich,PRON,nk,1612,vor
1614,und,und,CCONJ,ROOT,1614,und
1615,gab,geben,VERB,cj,1614,und
1616,ihr,ihr,PRON,da,1615,gab
1617,eine,ein,DET,nk,1618,Ehrenbelohnung
1618,Ehrenbelohnung,Ehrenbelohnung,NOUN,oa,1615,gab
1619,für,für,ADP,mnr,1618,Ehrenbelohnung
1620,ihre,ihr,DET,nk,1622,Tapferkeit
1621,künftige,künftig,ADJ,nk,1622,Tapferkeit
1622,Tapferkeit,Tapferkeit,NOUN,nk,1619,für
1623,voraus,voraus,ADP,ROOT,1623,voraus
1624,",",--,PUNCT,punct,1623,voraus
1625,indem,indem,SCONJ,cp,1633,ließ
1626,er,er,PRON,sb,1633,ließ
1627,sich,sich,PRON,oa,1632,reichen
1628,von,von,ADP,mo,1633,ließ
1629,jedem,jeder,PRON,nk,1628,von
1630,seine,sein,DET,nk,1631,Flinte
1631,Flinte,Flinte,NOUN,mo,1628,von
1632,reichen,reichen,VERB,oc,1633,ließ
1633,ließ,lassen,VERB,mo,1623,voraus
1634,",",--,PUNCT,punct,1633,ließ
1635,sie,sie,PRON,dep,1633,ließ
1636,an,an,ADP,dep,1633,ließ
1637,seine,sein,DET,nk,1638,eigene
1638,eigene,eigen,ADJ,nk,1636,an
1639,Schulter,Schulter,NOUN,oa,1640,legte
1640,legte,legen,VERB,ROOT,1640,legte
1641,und,und,CCONJ,cd,1640,legte
1642,dann,dann,ADV,mo,1646,wiedergab
1643,mit,mit,ADP,mo,1646,wiedergab
1644,den,der,DET,nk,1645,Worten
1645,Worten,Wort,NOUN,nk,1643,mit
1646,wiedergab,wiedergeben,VERB,cj,1641,und
1647,:,--,PUNCT,punct,1640,legte
1648,»,--,PUNCT,punct,1650,empfange
1649,Hier,hier,ADV,mo,1650,empfange
1650,empfange,empfangen,VERB,ROOT,1650,empfange
1651,von,von,ADP,mo,1650,empfange
1652,mir,mir,PRON,nk,1651,von
1653,eine,ein,DET,sb,1650,empfange
1654,Ehrenflinte,Ehrenflint,NOUN,ROOT,1654,Ehrenflinte
1655,;,--,PUNCT,punct,1654,Ehrenflinte
1656,bist,sein,AUX,re,1664,so
1657,du,du,PRON,sb,1656,bist
1658,in,in,ADP,mo,1656,bist
1659,der,der,DET,nk,1660,Nähe
1660,Nähe,Nähe,NOUN,nk,1658,in
1661,ebenso,ebenso,ADV,mo,1662,tapfer
1662,tapfer,tapf,ADV,pd,1656,bist
1663,",",--,PUNCT,punct,1664,so
1664,so,so,ADV,mo,1665,schlag
1665,schlag,schlag,ADV,ROOT,1665,schlag
1666,',--,PUNCT,punct,1665,schlag
1667,ich,ich,PRON,sb,1665,schlag
1668,auch,auch,ADV,mo,1665,schlag
1669,deinen,deinen,DET,oa,1665,schlag
1670,Säbel,säbel,NOUN,mo,1677,hast
1671,zu,zu,ADP,mnr,1670,Säbel
1672,einem,ein,DET,nk,1673,Ehrensäbel
1673,Ehrensäbel,Ehrensäbel,NOUN,nk,1671,zu
1674,",",--,PUNCT,punct,1677,hast
1675,und,und,CCONJ,ju,1677,hast
1676,dann,dann,ADV,mo,1677,hast
1677,hast,haben,AUX,ROOT,1677,hast
1678,du,du,PRON,sb,1677,hast
1679,Ehre,Ehre,NOUN,oa,1677,hast
1680,am,an,ADP,mo,1677,hast
1681,Leibe,Leib,NOUN,nk,1680,am
1682,.,--,PUNCT,punct,1677,hast
1683,«,--,PUNCT,punct,1677,hast
1684,–,--,PUNCT,punct,1686,setzte
1685,Er,er,PRON,sb,1686,setzte
1686,setzte,setzen,VERB,ROOT,1686,setzte
1687,kleine,klein,ADJ,oa,1686,setzte
1688,Preise,Preis,NOUN,ROOT,1688,Preise
1689,auf,auf,ADP,mnr,1688,Preise
1690,tapfere,tapfer,ADJ,nk,1691,Träume
1691,Träume,Traum,NOUN,nk,1689,auf
1692,voll,voll,ADP,mnr,1688,Preise
1693,Siege,Sieg,NOUN,nk,1692,voll
1694,(,--,PUNCT,punct,1697,Tyrannen
1695,wie,wie,ADP,mo,1697,Tyrannen
1696,sonst,sonst,ADV,mo,1697,Tyrannen
1697,Tyrannen,Tyrann,NOUN,par,1693,Siege
1698,Strafen,Strafe,NOUN,nk,1697,Tyrannen
1699,auf,auf,ADP,mnr,1688,Preise
1700,mörderische,mörderisch,ADJ,ROOT,1700,mörderische
1701,),--,PUNCT,punct,1700,mörderische
1702,",",--,PUNCT,punct,1700,mörderische
1703,um,um,SCONJ,cp,1710,stählen
1704,durch,durch,ADP,mo,1710,stählen
1705,das,der,DET,nk,1706,Träumen
1706,Träumen,Träumen,NOUN,nk,1704,durch
1707,das,der,DET,nk,1708,Wachen
1708,Wachen,wachen,NOUN,oa,1710,stählen
1709,zu,zu,PART,pm,1710,stählen
1710,stählen,stählen,VERB,mo,1700,mörderische
1711,.,--,PUNCT,punct,1700,mörderische
1712,–,--,PUNCT,punct,1715,kaufte
1713,Er,er,PRON,sb,1715,kaufte
1714,selber,selber,ADV,mnr,1713,Er
1715,kaufte,kaufen,VERB,ROOT,1715,kaufte
1716,sich,sich,PRON,ROOT,1716,sich
1717,den,der,DET,nk,1719,Kriegsschauplatz
1718,neuesten,neu,ADJ,nk,1719,Kriegsschauplatz
1719,Kriegsschauplatz,Kriegsschauplatz,NOUN,ROOT,1719,Kriegsschauplatz
1720,",",--,PUNCT,punct,1719,Kriegsschauplatz
1721,nämlich,nämlich,ADV,mo,1723,Ziebinger
1722,die,der,DET,nk,1723,Ziebinger
1723,Ziebinger,Ziebinger,NOUN,app,1719,Kriegsschauplatz
1724,21,21,NUM,nk,1725,Stadtkarte
1725,Stadtkarte,Stadtkart,NOUN,nk,1723,Ziebinger
1726,und,und,CCONJ,cd,1723,Ziebinger
1727,machte,machen,VERB,ROOT,1727,machte
1728,sich,sich,PRON,oa,1727,machte
1729,darin,darin,ADV,mo,1727,machte
1730,wie,wie,ADP,cm,1731,einheimisch
1731,einheimisch,einheimisch,ADV,mo,1727,machte
1732,",",--,PUNCT,punct,1727,machte
1733,so,so,ADV,mo,1727,machte
1734,daß,daß,SCONJ,punct,1733,so
1735,er,er,PRON,cd,1733,so
1736,bei,bei,ADP,mnr,1735,er
1737,den,der,DET,nk,1739,Vorfällen
1738,verwickelten,verwickelt,ADJ,nk,1739,Vorfällen
1739,Vorfällen,Vorfall,NOUN,nk,1736,bei
1740,",",--,PUNCT,punct,1735,er
1741,der,der,DET,nk,1742,Feind
1742,Feind,Feind,NOUN,sb,1743,mochte
1743,mochte,mögen,AUX,ROOT,1743,mochte
1744,angreifen,angreifen,VERB,oc,1743,mochte
1745,",",--,PUNCT,punct,1744,angreifen
1746,wo,wo,SCONJ,mo,1748,wollte
1747,er,er,PRON,sb,1748,wollte
1748,wollte,wollen,VERB,oc,1744,angreifen
1749,",",--,PUNCT,punct,1748,wollte
1750,immer,immer,ADV,mo,1753,war
1751,zu,zu,ADP,mo,1753,war
1752,Hause,Haus,NOUN,nk,1751,zu
1753,war,sein,AUX,oc,1748,wollte
1754,und,und,CCONJ,cd,1753,war
1755,das,der,DET,nk,1756,Örtliche
1756,Örtliche,Örtliche,NOUN,cj,1754,und
1757,kannte,kennen,VERB,ROOT,1757,kannte
1758,",",--,PUNCT,punct,1757,kannte
1759,wohin,wohin,SCONJ,mo,1763,beordern
1760,die,der,DET,nk,1761,Leute
1761,Leute,Leute,NOUN,sb,1764,waren
1762,zu,zu,PART,pm,1763,beordern
1763,beordern,beordern,VERB,oc,1764,waren
1764,waren,sein,AUX,oc,1757,kannte
1765,.,--,PUNCT,punct,1757,kannte
1766,–,--,PUNCT,ROOT,1766,–
1767,Endlich,endlich,ADV,mo,1769,der
1768,sogar,sogar,ADV,mo,1767,Endlich
1769,der,der,DET,ROOT,1769,der
1770,Zeitungsschreiber,Zeitungsschreiber,NOUN,sb,1771,gehörte
1771,gehörte,gehören,VERB,ROOT,1771,gehörte
1772,unter,unter,ADP,mo,1771,gehörte
1773,die,der,DET,nk,1774,Bollwerke
1774,Bollwerke,Bollwerk,NOUN,nk,1772,unter
1775,und,und,CCONJ,cd,1774,Bollwerke
1776,Basteien,Basteie,NOUN,cj,1775,und
1777,der,der,DET,nk,1778,Stadt
1778,Stadt,Stadt,NOUN,ag,1774,Bollwerke
1779,",",--,PUNCT,punct,1771,gehörte
1780,und,und,CCONJ,cd,1771,gehörte
1781,über,über,ADP,cj,1780,und
1782,alle,aller,DET,nk,1783,Beschreibung
1783,Beschreibung,Beschreibung,NOUN,oa,1784,entzündete
1784,entzündete,entzünden,VERB,ROOT,1784,entzündete
1785,er,er,PRON,sb,1784,entzündete
1786,jeden,jeder,DET,nk,1787,Ziebinger
1787,Ziebinger,Ziebinger,NOUN,oa,1784,entzündete
1788,durch,durch,ADP,mo,1784,entzündete
1789,die,der,PRON,nk,1788,durch
1790,der,der,DET,nk,1791,feindlichen
1791,feindlichen,feindlich,ADJ,ag,1789,die
1792,Schwäche,Schwäche,NOUN,ROOT,1792,Schwäche
1793,und,und,CCONJ,cd,1792,Schwäche
1794,durch,durch,ADP,cj,1793,und
1795,die,der,DET,nk,1796,Gewährleistung
1796,Gewährleistung,Gewährleistung,NOUN,nk,1794,durch
1797,des,der,DET,nk,1798,Siegs
1798,Siegs,Sieg,NOUN,ag,1796,Gewährleistung
1799,.,--,PUNCT,punct,1792,Schwäche
1800,Vaterlands-,Vaterlands,X,cj,1801,und
1801,und,und,CCONJ,ROOT,1801,und
1802,Reichsfestungsliebe,Reichsfestungsliebe,PROPN,sb,1813,vermittelst
1803,",",--,PUNCT,punct,1804,schrieb
1804,schrieb,schreiben,VERB,ROOT,1804,schrieb
1805,er,er,PRON,sb,1804,schrieb
1806,",",--,PUNCT,punct,1804,schrieb
1807,schlägt,schlagen,VERB,cj,1804,schrieb
1808,sogar,sogar,ADV,mo,1807,schlägt
1809,im,in,ADP,mo,1807,schlägt
1810,Herzen,Herzen,NOUN,nk,1809,im
1811,des,der,DET,nk,1812,Foetus
1812,Foetus,Foetus,NOUN,ag,1810,Herzen
1813,vermittelst,vermittelst,VERB,oc,1807,schlägt
1814,der,der,DET,nk,1815,Mutter
1815,Mutter,Mutter,NOUN,ROOT,1815,Mutter
1816,",",--,PUNCT,punct,1815,Mutter
1817,und,und,CCONJ,cd,1815,Mutter
1818,alles,alle,PRON,sb,1819,will
1819,will,wollen,AUX,cj,1817,und
1820,sich,sich,PRON,oa,1827,wehren
1821,sogar,sogar,ADV,mo,1823,auf
1822,bis,bis,ADP,ac,1823,auf
1823,auf,auf,ADP,mo,1827,wehren
1824,den,der,DET,nk,1826,Mann
1825,letzten,letzter,ADJ,nk,1826,Mann
1826,Mann,Mann,NOUN,nk,1823,auf
1827,wehren,wehren,VERB,oc,1819,will
1828,(,--,PUNCT,punct,1829,was
1829,was,wer,PRON,par,1815,Mutter
1830,glaublich,glaublich,ADV,pd,1831,ist
1831,ist,sein,AUX,ROOT,1831,ist
1832,",",--,PUNCT,punct,1831,ist
1833,wenn,wenn,SCONJ,cp,1841,ist
1834,vom,von,ADP,mo,1841,ist
1835,letzten,letzter,ADJ,nk,1836,Mann
1836,Mann,Mann,NOUN,nk,1834,vom
1837,nicht,nicht,PART,ng,1838,weit
1838,weit,weit,ADV,mo,1841,ist
1839,zum,zu,ADP,mo,1841,ist
1840,ersten,erster,ADJ,nk,1839,zum
1841,ist,sein,AUX,mo,1831,ist
1842,),--,PUNCT,punct,1831,ist
1843,.,--,PUNCT,punct,1831,ist
1844,–,--,PUNCT,ROOT,1844,–
1845,Nur,nur,ADV,ROOT,1845,Nur
1846,bedauerte,bedauern,VERB,ROOT,1846,bedauerte
1847,der,der,DET,nk,1848,Zeitungsschreiber
1848,Zeitungsschreiber,Zeitungsschreiber,NOUN,sb,1846,bedauerte
1849,",",--,PUNCT,punct,1846,bedauerte
1850,daß,daß,SCONJ,cp,1852,Zeitung
1851,seine,sein,DET,nk,1852,Zeitung
1852,Zeitung,Zeitung,NOUN,sb,1846,bedauerte
1853,",",--,PUNCT,punct,1852,Zeitung
1854,welche,welcher,PRON,sb,1856,Feinde
1855,dem,der,DET,nk,1856,Feinde
1856,Feinde,Feind,NOUN,app,1852,Zeitung
1857,allen,aller,DET,nk,1858,Mut
1858,Mut,Mut,NOUN,oa,1846,bedauerte
1859,rauben,rauben,VERB,oc,1860,könnte
1860,könnte,können,AUX,ROOT,1860,könnte
1861,",",--,PUNCT,punct,1860,könnte
1862,gerade,gerade,ADV,mo,1863,von
1863,von,von,ADP,sbp,1866,belagert
1864,demselben,derselbe,PRON,nk,1863,von
1865,mit,mit,ADP,mo,1866,belagert
1866,belagert,belagern,VERB,oc,1867,werde
1867,werde,werden,AUX,oc,1860,könnte
1868,.,--,PUNCT,punct,1860,könnte
1869,–,--,PUNCT,ROOT,1869,–
1870,Kurz,kurz,ADV,mo,1873,fehlte
1871,",",--,PUNCT,punct,1873,fehlte
1872,nun,nun,ADV,mo,1873,fehlte
1873,fehlte,fehlen,VERB,ROOT,1873,fehlte
1874,zur,zu,ADP,mo,1873,fehlte
1875,besten,gut,ADJ,nk,1876,Verteidigung
1876,Verteidigung,Verteidigung,NOUN,nk,1874,zur
1877,nichts,nichts,PRON,oa,1873,fehlte
1878,als,als,ADP,cm,1880,Feind
1879,ein,ein,DET,nk,1880,Feind
1880,Feind,Feind,NOUN,cc,1877,nichts
1881,dagegen,dagegen,ADV,mo,1873,fehlte
1882,;,--,PUNCT,punct,1873,fehlte
1883,der,der,PRON,ROOT,1883,der
1884,aber,aber,ADV,mo,1883,der
1885,erschien,erscheinen,VERB,ROOT,1885,erschien
1886,redlich,redlich,ADV,mo,1885,erschien
1887,am,an,ADP,mo,1885,erschien
1888,8.,8.,ADJ,nk,1889,Mai
1889,Mai,Mai,NOUN,nk,1887,am
1890,nachmittags,nachmittags,ADV,mo,1885,erschien
1891,.,--,PUNCT,punct,1885,erschien
1892,Fast,fast,ADV,mo,1898,erschreckt
1893,hätte,haben,AUX,ROOT,1893,hätte
1894,der,der,DET,nk,1895,Anfang
1895,Anfang,Anfang,NOUN,sb,1893,hätte
1896,uns,uns,PRON,da,1898,erschreckt
1897,sämtlich,sämtlich,ADV,mo,1898,erschreckt
1898,erschreckt,erschrecken,VERB,oc,1893,hätte
1899,.,--,PUNCT,punct,1893,hätte
1900,Nämlich,nämlich,ADV,mo,1901,durch
1901,durch,durch,ADP,ROOT,1901,durch
1902,einen,ein,DET,nk,1903,bloßen
1903,bloßen,bloß,ADJ,nk,1901,durch
1904,Zufall,Zufall,NOUN,ROOT,1904,Zufall
1905,–,--,PUNCT,punct,1904,Zufall
1906,und,und,CCONJ,cd,1904,Zufall
1907,noch,noch,ADV,mo,1908,22
1908,22,22,NUM,cj,1906,und
1909,bevor,bevor,SCONJ,mo,1908,22
1910,das,der,DET,nk,1912,Heerkorps
1911,belagernde,belagernd,ADJ,nk,1912,Heerkorps
1912,Heerkorps,Heerkorps,NOUN,cj,1906,und
1913,sich,sich,PRON,oa,1915,festgesetzt
1914,völlig,völlig,ADV,mo,1915,festgesetzt
1915,festgesetzt,festsetzen,VERB,oc,1904,Zufall
1916,",",--,PUNCT,punct,1915,festgesetzt
1917,fügt,fügen,VERB,ROOT,1917,fügt
1918,',--,PUNCT,punct,1917,fügt
1919,es,es,PRON,ep,1917,fügt
1920,sich,sich,PRON,oa,1917,fügt
1921,",",--,PUNCT,punct,1917,fügt
1922,da,da,SCONJ,cp,1929,ging
1923,eben,eben,ADV,mo,1929,ging
1924,der,der,DET,nk,1925,Wind
1925,Wind,Wind,NOUN,sb,1929,ging
1926,durch,durch,ADP,mo,1929,ging
1927,die,der,DET,nk,1928,Stadt
1928,Stadt,Stadt,NOUN,nk,1926,durch
1929,ging,gehen,VERB,mo,1917,fügt
1930,",",--,PUNCT,punct,1929,ging
1931,daß,daß,SCONJ,cp,1933,Luftballon
1932,ein,ein,DET,nk,1933,Luftballon
1933,Luftballon,Luftballon,NOUN,sb,1917,fügt
1934,–,--,PUNCT,punct,1933,Luftballon
1935,(,--,PUNCT,punct,1937,größter
1936,kein,kein,DET,nk,1937,größter
1937,größter,groß,ADJ,sb,1945,beschloß
1938,),--,PUNCT,punct,1937,größter
1939,seinen,sein,DET,nk,1941,Bogenflug
1940,sinkenden,sinkend,ADJ,nk,1941,Bogenflug
1941,Bogenflug,Bogenflug,NOUN,oa,1945,beschloß
1942,geradeüber,geradeüber,ADV,mnr,1941,Bogenflug
1943,der,der,DET,nk,1944,Festung
1944,Festung,Festung,NOUN,ag,1941,Bogenflug
1945,beschloß,beschließen,VERB,ROOT,1945,beschloß
1946,;,--,PUNCT,punct,1945,beschloß
1947,wir,wir,PRON,ROOT,1947,wir
1948,alle,aller,PRON,sb,1949,hielten
1949,hielten,halten,VERB,ROOT,1949,hielten
1950,den,der,DET,nk,1951,Ballon
1951,Ballon,Ballon,NOUN,oa,1949,hielten
1952,für,für,ADP,mnr,1951,Ballon
1953,eine,einer,PRON,nk,1952,für
1954,der,der,DET,nk,1956,Bomben
1955,verdammtesten,verdammtest,ADJ,nk,1956,Bomben
1956,Bomben,Bombe,NOUN,ag,1953,eine
1957,",",--,PUNCT,punct,1956,Bomben
1958,die,der,PRON,oa,1949,hielten
1959,man,man,PRON,sb,1958,die
1960,je,je,ADV,mo,1961,zum
1961,zum,zu,ADP,svp,1949,hielten
1962,Teufel,Teufel,PROPN,sb,1972,wurden
1963,oder,oder,CCONJ,cd,1962,Teufel
1964,zum,zu,ADP,cj,1963,oder
1965,Feinde,Feind,NOUN,nk,1964,zum
1966,gewünscht,wünschen,VERB,oc,1962,Teufel
1967,:,--,PUNCT,punct,1962,Teufel
1968,die,der,DET,nk,1970,Ziebinger
1969,tapfersten,tapferst,ADJ,nk,1970,Ziebinger
1970,Ziebinger,Ziebinger,NOUN,nk,1971,Gesichter
1971,Gesichter,Gesicht,NOUN,ag,1962,Teufel
1972,wurden,werden,AUX,ROOT,1972,wurden
1973,so,so,ADV,mo,1972,wurden
1974,weiß,wissen,VERB,ROOT,1974,weiß
1975,wie,wie,ADP,cm,1977,Hahnkämme
1976,die,der,DET,nk,1977,Hahnkämme
1977,Hahnkämme,Hahnkämm,NOUN,mo,1974,weiß
1978,im,in,ADP,mnr,1977,Hahnkämme
1979,Winter,Winter,NOUN,nk,1978,im
1980,.,--,PUNCT,punct,1974,weiß
1981,Aber,aber,CCONJ,ju,1984,sagten
1982,diese,dieser,DET,nk,1983,Kampfhähne
1983,Kampfhähne,Kampfhähn,NOUN,sb,1984,sagten
1984,sagten,sagen,VERB,ROOT,1984,sagten
1985,:,--,PUNCT,punct,1984,sagten
1986,»,--,PUNCT,punct,1988,beschießt
1987,So,so,ADV,mo,1988,beschießt
1988,beschießt,beschießen,VERB,oc,1984,sagten
1989,uns,uns,PRON,da,1998,sehen
1990,aber,aber,ADV,mo,1998,sehen
1991,mit,mit,ADP,cj,1990,aber
1992,ordentlichen,ordentlich,ADJ,nk,1993,Bomben
1993,Bomben,Bombe,NOUN,nk,1991,mit
1994,",",--,PUNCT,punct,1995,so
1995,so,so,ADV,mo,1996,sollt
1996,sollt,sollen,VERB,cj,1990,aber
1997,ihr,ihr,PRON,sb,1996,sollt
1998,sehen,sehen,VERB,ROOT,1998,sehen
1999,.,--,PUNCT,punct,1998,sehen
2000,«,--,PUNCT,punct,1998,sehen
2001,Gewissermaßen,gewissermaßen,ADV,mo,2002,glichen
2002,glichen,gleichen,VERB,ROOT,2002,glichen
2003,also,also,ADV,mo,2004,viele
2004,viele,vieler,PRON,ROOT,2004,viele
2005,dem,der,DET,nk,2007,Cicero
2006,trefflichen,trefflich,ADJ,nk,2007,Cicero
2007,Cicero,Cicero,PROPN,ag,2004,viele
2008,",",--,PUNCT,punct,2007,Cicero
2009,der,der,PRON,app,2007,Cicero
2010,",",--,PUNCT,punct,2009,der
2011,obwohl,obwohl,SCONJ,cp,2014,Redner
2012,ein,ein,DET,nk,2014,Redner
2013,großer,groß,ADJ,nk,2014,Redner
2014,Redner,Redner,NOUN,mo,2009,der
2015,",",--,PUNCT,punct,2004,viele
2016,doch,doch,CCONJ,cd,2004,viele
2017,bei,bei,ADP,cj,2016,doch
2018,jedem,jeder,DET,nk,2019,Anfang
2019,Anfang,Anfang,NOUN,da,2020,zitterte
2020,zitterte,zitteren,VERB,ROOT,2020,zitterte
2021,",",--,PUNCT,punct,2020,zitterte
2022,darauf,darauf,ADV,mo,2024,fortsprach
2023,fester,fest,ADV,mo,2024,fortsprach
2024,fortsprach,fortsprechen,VERB,cj,2020,zitterte
2025,und,und,CCONJ,cd,2024,fortsprach
2026,endlich,endlich,ADV,mo,2027,andere
2027,andere,anderer,ADJ,cj,2025,und
2028,",",--,PUNCT,punct,2027,andere
2029,z.,z.,ADP,mo,2031,einen
2030,B.,B.,NOUN,nk,2029,z.
2031,einen,ein,DET,ROOT,2031,einen
2032,Cäsar,Cäsar,PROPN,sb,2036,brachte
2033,",",--,PUNCT,punct,2036,brachte
2034,ins,in,ADP,mo,2036,brachte
2035,Zittern,Zittern,NOUN,nk,2034,ins
2036,brachte,bringen,VERB,ROOT,2036,brachte
2037,:,--,PUNCT,punct,2036,brachte
2038,Desto,desto,ADV,mo,2039,seliger
2039,seliger,selig,ADV,pd,2040,sind
2040,sind,sein,AUX,ROOT,2040,sind
2041,Belagerte,Belagert,NOUN,sb,2040,sind
2042,",",--,PUNCT,punct,2041,Belagerte
2043,die,der,PRON,sb,2045,Kommandant
2044,ein,ein,DET,nk,2045,Kommandant
2045,Kommandant,Kommandant,NOUN,rc,2041,Belagerte
2046,",",--,PUNCT,punct,2040,sind
2047,wie,wie,SCONJ,mo,2049,sterbe
2048,Ich,ich,PRON,sb,2049,sterbe
2049,sterbe,sterben,VERB,ROOT,2049,sterbe
2050,täglich,täglich,ADV,mo,2049,sterbe
2051,und,und,CCONJ,cd,2050,täglich
2052,mein,mein,DET,nk,2053,Leben
2053,Leben,Leben,NOUN,cj,2051,und
2054,beschützt,beschützen,VERB,mo,2049,sterbe
2055,und,und,CCONJ,cd,2054,beschützt
2056,verschanzt,verschanzen,VERB,cj,2055,und
2057,.,--,PUNCT,punct,2049,sterbe
2058,Es,es,PRON,sb,2059,war
2059,war,sein,AUX,ROOT,2059,war
2060,zwar,zwar,ADV,mo,2059,war
2061,kein,kein,DET,nk,2063,Mann
2062,borstiger,borstig,ADJ,nk,2063,Mann
2063,Mann,Mann,NOUN,ROOT,2063,Mann
2064,",",--,PUNCT,punct,2063,Mann
2065,dessen,der,DET,ag,2066,Nase
2066,Nase,Nase,NOUN,sb,2069,Büchsenhahn
2067,ein,ein,DET,nk,2069,Büchsenhahn
2068,gespannter,gespannt,ADJ,nk,2069,Büchsenhahn
2069,Büchsenhahn,Büchsenhahn,NOUN,cj,2063,Mann
2070,und,und,CCONJ,cd,2069,Büchsenhahn
2071,die,der,DET,nk,2072,Nasenlöcher
2072,Nasenlöcher,Nasenlöcher,NOUN,cj,2070,und
2073,Schießscharten,Schießschart,NOUN,pd,2074,sind
2074,sind,sein,AUX,ROOT,2074,sind
2075,und,und,CCONJ,cd,2074,sind
2076,welcher,welcher,PRON,sb,2077,sagt
2077,sagt,sagen,VERB,cj,2075,und
2078,",",--,PUNCT,punct,2074,sind
2079,ich,ich,PRON,sb,2080,wollte
2080,wollte,wollen,AUX,sb,2074,sind
2081,beim,bei,ADP,mo,2080,wollte
2082,Teufel,Teufel,NOUN,nk,2081,beim
2083,",",--,PUNCT,punct,2080,wollte
2084,alles,alle,PRON,dep,2080,wollte
2085,",",--,PUNCT,punct,2084,alles
2086,Gemeiner,Gemeiner,NOUN,dep,2080,wollte
2087,und,und,CCONJ,ROOT,2087,und
2088,Unteroffizier,Unteroffizier,NOUN,cj,2087,und
2089,",",--,PUNCT,punct,2088,Unteroffizier
2090,Bürger,Bürger,NOUN,cj,2088,Unteroffizier
2091,und,und,CCONJ,cd,2090,Bürger
2092,Bauer,Bauer,NOUN,cj,2091,und
2093,und,und,CCONJ,cd,2092,Bauer
2094,Weib,Weib,NOUN,cj,2093,und
2095,und,und,CCONJ,cd,2094,Weib
2096,Kind,Kind,NOUN,cj,2095,und
2097,",",--,PUNCT,punct,2099,wäre
2098,alles,alle,PRON,sb,2099,wäre
2099,wäre,sein,AUX,cj,2087,und
2100,von,von,ADP,mo,2099,wäre
2101,Adel,Adel,PROPN,nk,2100,von
2102,",",--,PUNCT,punct,2099,wäre
2103,damit,damit,SCONJ,cp,2108,hiebe
2104,ich,ich,PRON,sb,2108,hiebe
2105,mich,sich,PRON,oa,2108,hiebe
2106,mit,mit,ADP,mo,2108,hiebe
2107,ihm,ihm,PRON,nk,2106,mit
2108,hiebe,hieben,VERB,ROOT,2108,hiebe
2109,23,23,NUM,sb,2108,hiebe
2110,und,und,CCONJ,cd,2108,hiebe
2111,schösse,schösse,AUX,cj,2110,und
2112,als,als,ADP,cm,2113,mit
2113,mit,mit,ADP,cc,2111,schösse
2114,meinesgleichen,Meinesgleiche,NOUN,nk,2113,mit
2115,.,--,PUNCT,punct,2108,hiebe
2116,–,--,PUNCT,ROOT,2116,–
2117,Vielmehr,vielmehr,ADV,ROOT,2117,Vielmehr
2118,war,sein,AUX,ROOT,2118,war
2119,umgekehrt,umgekehrt,ADV,mo,2118,war
2120,der,der,DET,nk,2121,Mann
2121,Mann,Mann,NOUN,sb,2118,war
2122,sehr,sehr,ADV,mo,2123,milder
2123,milder,mild,ADV,pd,2118,war
2124,",",--,PUNCT,punct,2123,milder
2125,milchiger,milchig,ADJ,nk,2126,Natur
2126,Natur,Natur,NOUN,cj,2123,milder
2127,",",--,PUNCT,punct,2118,war
2128,nicht,nicht,PART,ng,2130,Brei
2129,ein,ein,DET,nk,2130,Brei
2130,Brei,Brei,NOUN,cj,2118,war
2131,",",--,PUNCT,punct,2118,war
2132,ein,ein,DET,dep,2118,war
2133,dicker,dick,ADV,ROOT,2133,dicker
2134,",",--,PUNCT,punct,2133,dicker
2135,worin,worin,SCONJ,mo,2140,feststeht
2136,ein,ein,DET,nk,2137,Knochen
2137,Knochen,Knochen,NOUN,sb,2140,feststeht
2138,oder,oder,CCONJ,cd,2137,Knochen
2139,Degen,Deg,NOUN,cj,2138,oder
2140,feststeht,feststehen,VERB,rc,2133,dicker
2141,",",--,PUNCT,punct,2133,dicker
2142,sondern,sondern,CCONJ,cd,2133,dicker
2143,eine,ein,DET,nk,2144,weite
2144,weite,weit,ADJ,cj,2142,sondern
2145,",",--,PUNCT,punct,2144,weite
2146,knochenlose,Knochenlose,NOUN,cj,2144,weite
2147,Marksuppe,Marksuppe,NOUN,sb,2158,hatte
2148,",",--,PUNCT,punct,2147,Marksuppe
2149,und,und,CCONJ,cd,2147,Marksuppe
2150,so,so,ADV,mo,2151,viele
2151,viele,vieler,DET,nk,2152,Narben
2152,Narben,Narbe,NOUN,oa,2155,aufwies
2153,er,er,PRON,sb,2155,aufwies
2154,auch,auch,ADV,mo,2155,aufwies
2155,aufwies,aufweisen,VERB,cj,2149,und
2156,",",--,PUNCT,punct,2157,so
2157,so,so,ADV,mo,2158,hatte
2158,hatte,haben,AUX,ROOT,2158,hatte
2159,sie,sie,PRON,sb,2158,hatte
2160,doch,doch,ADV,mo,2158,hatte
2161,sämtlich,sämtlich,ADV,mo,2158,hatte
2162,der,der,DET,ROOT,2162,der
2163,Aderlaßschnapper,Aderlaßschnapper,NOUN,oa,2164,geschlagen
2164,geschlagen,schlagen,VERB,ROOT,2164,geschlagen
2165,;,--,PUNCT,punct,2164,geschlagen
2166,aber,aber,CCONJ,ju,2169,wurde
2167,sein,sein,DET,nk,2168,Mut
2168,Mut,Mut,NOUN,sb,2169,wurde
2169,wurde,werden,AUX,ROOT,2169,wurde
2170,bloß,bloß,ADV,mo,2171,gedämpft
2171,gedämpft,dämpfen,VERB,oc,2169,wurde
2172,und,und,CCONJ,cd,2169,wurde
2173,mehr,mehr,PRON,mo,2174,gehörig
2174,gehörig,gehörig,ADV,cj,2172,und
2175,eingeschränkt,einschränken,VERB,ROOT,2175,eingeschränkt
2176,",",--,PUNCT,punct,2175,eingeschränkt
2177,da,da,SCONJ,cp,2188,gesprungen
2178,nahe,nahe,ADV,mo,2179,an
2179,an,an,ADP,mo,2188,gesprungen
2180,ihm,ihm,PRON,nk,2179,an
2181,ein,ein,DET,nk,2182,Pulverhorn
2182,Pulverhorn,Pulverhorn,NOUN,oa,2188,gesprungen
2183,",",--,PUNCT,punct,2182,Pulverhorn
2184,wie,wie,ADP,cm,2186,Mine
2185,eine,ein,DET,nk,2186,Mine
2186,Mine,mine,NOUN,cc,2182,Pulverhorn
2187,",",--,PUNCT,punct,2182,Pulverhorn
2188,gesprungen,sprungen,VERB,mo,2175,eingeschränkt
2189,und,und,CCONJ,cd,2188,gesprungen
2190,ihn,ihn,PRON,ROOT,2190,ihn
2191,",",--,PUNCT,punct,2190,ihn
2192,wie,wie,SCONJ,mo,2198,gemacht
2193,der,der,DET,nk,2194,Blitzschlag
2194,Blitzschlag,Blitzschlag,NOUN,sb,2199,hatte
2195,Luther,Luther,PROPN,nk,2194,Blitzschlag
2196,",",--,PUNCT,punct,2198,gemacht
2197,theologisch,theologisch,ADV,mo,2198,gemacht
2198,gemacht,machen,VERB,oc,2199,hatte
2199,hatte,haben,AUX,mnr,2190,ihn
2200,.,--,PUNCT,punct,2190,ihn
2201,Wie,wie,ADP,cm,2202,im
2202,im,in,ADP,ROOT,2202,im
2203,bloßen,bloß,ADJ,nk,2204,Löwen
2204,Löwen,Löwe,NOUN,nk,2202,im
2205,von,von,ADP,ROOT,2205,von
2206,Butter,Butter,NOUN,nk,2205,von
2207,",",--,PUNCT,punct,2206,Butter
2208,welchen,welcher,DET,nk,2209,Canova
2209,Canova,Canova,NOUN,oa,2212,geformt
2210,als,als,ADP,mo,2212,geformt
2211,Küchenjunge,Küchenjung,NOUN,nk,2210,als
2212,geformt,formen,VERB,rc,2206,Butter
2213,",",--,PUNCT,punct,2206,Butter
2214,sich,sich,PRON,app,2206,Butter
2215,die,der,DET,nk,2217,Größe
2216,ganze,ganz,ADJ,nk,2217,Größe
2217,Größe,Größe,NOUN,sb,2214,sich
2218,des,der,DET,punct,2205,von
2219,Künstlers,Künstler,NOUN,mo,2220,verriet
2220,verriet,verraten,VERB,re,2222,so
2221,",",--,PUNCT,punct,2222,so
2222,so,so,ADV,mo,2223,zeigte
2223,zeigte,zeigen,VERB,ROOT,2223,zeigte
2224,der,der,DET,nk,2225,Kommandant
2225,Kommandant,Kommandant,NOUN,sb,2223,zeigte
2226,als,als,ADP,mo,2223,zeigte
2227,weicher,weich,ADJ,nk,2230,Löwe
2228,",",--,PUNCT,punct,2227,weicher
2229,butterner,buttern,ADJ,cj,2227,weicher
2230,Löwe,Löwe,PROPN,nk,2226,als
2231,ganz,ganz,ADV,mo,2223,zeigte
2232,",",--,PUNCT,punct,2223,zeigte
2233,in,in,ADP,ROOT,2233,in
2234,jeder,jeder,DET,nk,2235,Linie
2235,Linie,Linie,NOUN,nk,2233,in
2236,",",--,PUNCT,punct,2235,Linie
2237,den,der,DET,nk,2238,Umriß
2238,Umriß,Umriß,NOUN,app,2235,Linie
2239,eines,ein,DET,nk,2241,Kriegsleuen
2240,wahren,wahr,ADJ,nk,2241,Kriegsleuen
2241,Kriegsleuen,Kriegsleuen,NOUN,ag,2238,Umriß
2242,",",--,PUNCT,punct,2238,Umriß
2243,und,und,CCONJ,avc,2244,zwar
2244,zwar,zwar,ADV,mo,2245,sehr
2245,sehr,sehr,ADV,mo,2233,in
2246,und,und,CCONJ,cd,2245,sehr
2247,genug,genug,PRON,cj,2246,und
2248,:,--,PUNCT,punct,2233,in
2249,er,er,PRON,dep,2233,in
2250,ließ,lassen,VERB,ROOT,2250,ließ
2251,die,der,DET,nk,2252,Kriegs-Festungsgesetze
2252,Kriegs-Festungsgesetze,Kriegs-Festungsgesetze,NOUN,oa,2250,ließ
2253,",",--,PUNCT,punct,2250,ließ
2254,gleich,gleich,ADV,mo,2256,Zendavesta
2255,dem,der,DET,nk,2256,Zendavesta
2256,Zendavesta,Zendavesta,NOUN,cj,2250,ließ
2257,",",--,PUNCT,punct,2256,Zendavesta
2258,der,der,PRON,sb,2259,auf
2259,auf,auf,ADP,mo,2250,ließ
2260,1200,1200,NUM,nk,2261,Häute
2261,Häute,Häute,NOUN,nk,2259,auf
2262,geschrieben,schreiben,VERB,oc,2263,worden
2263,worden,werden,AUX,ROOT,2263,worden
2264,",",--,PUNCT,punct,2263,worden
2265,bloß,bloß,ADV,mo,2266,weitläufiger
2266,weitläufiger,weitläufig,ADV,cj,2263,worden
2267,und,und,CCONJ,cd,2266,weitläufiger
2268,gröber,Gröber,ADV,cj,2267,und
2269,",",--,PUNCT,punct,2266,weitläufiger
2270,doch,doch,CCONJ,cd,2266,weitläufiger
2271,unleserlicher,unleserlich,ADV,cj,2270,doch
2272,",",--,PUNCT,punct,2263,worden
2273,weil,weil,SCONJ,cp,2274,das
2274,das,der,PRON,ROOT,2274,das
2275,kurze,kurz,ADJ,nk,2276,Schreibrohr
2276,Schreibrohr,Schreibrohr,NOUN,pd,2281,war
2277,ein,ein,DET,nk,2280,Rohr
2278,langes,lang,ADJ,nk,2280,Rohr
2279,spanisches,spanisch,ADJ,nk,2280,Rohr
2280,Rohr,Rohr,NOUN,pd,2281,war
2281,war,sein,AUX,ROOT,2281,war
2282,",",--,PUNCT,punct,2281,war
2283,auf,auf,ADP,mo,2281,war
2284,die,der,DET,nk,2285,Kompanien
2285,Kompanien,Kompanie,NOUN,nk,2283,auf
2286,von,von,ADP,pg,2285,Kompanien
2287,Häuten,Häut,NOUN,nk,2286,von
2288,schreiben,schreiben,VERB,ROOT,2288,schreiben
2289,und,und,CCONJ,cd,2288,schreiben
2290,bringen,bringen,VERB,cj,2289,und
2291,",",--,PUNCT,punct,2290,bringen
2292,für,für,ADP,mo,2296,stehen
2293,die,der,PRON,nk,2292,für
2294,er,er,PRON,sb,2297,hatte
2295,zu,zu,PART,pm,2296,stehen
2296,stehen,stehen,VERB,oc,2297,hatte
2297,hatte,haben,AUX,rc,2290,bringen
2298,;,--,PUNCT,punct,2288,schreiben
2299,–,--,PUNCT,punct,2301,gab
2300,es,es,PRON,ep,2301,gab
2301,gab,geben,VERB,ROOT,2301,gab
2302,gar,gar,ADV,mo,2303,keinen
2303,keinen,keiner,PRON,oa,2301,gab
2304,so,so,ADV,mo,2301,gab
2305,geringen,gering,ADJ,nk,2306,Fehler
2306,Fehler,Fehler,NOUN,ROOT,2306,Fehler
2307,",",--,PUNCT,punct,2306,Fehler
2308,den,der,PRON,oa,2315,ahndete
2309,er,er,PRON,sb,2315,ahndete
2310,nicht,nicht,PART,ng,2315,ahndete
2311,mit,mit,ADP,mo,2315,ahndete
2312,24,24,NUM,nk,2314,Festungsstrafe
2313,kleiner,klein,ADJ,nk,2314,Festungsstrafe
2314,Festungsstrafe,Festungsstrafe,NOUN,nk,2311,mit
2315,ahndete,ahnden,VERB,rc,2306,Fehler
2316,in,in,ADP,mo,2315,ahndete
2317,der,der,DET,nk,2316,in
2318,großen,groß,ADJ,nk,2319,Festung
2319,Festung,Festung,NOUN,ROOT,2319,Festung
2320,;,--,PUNCT,punct,2319,Festung
2321,–,--,PUNCT,punct,2324,wurden
2322,sogar,sogar,ADV,mo,2323,Hunde
2323,Hunde,Hund,NOUN,sb,2324,wurden
2324,wurden,werden,AUX,ROOT,2324,wurden
2325,arretiert,arretieren,VERB,oc,2324,wurden
2326,und,und,CCONJ,cd,2325,arretiert
2327,auf,auf,ADP,mo,2330,gebracht
2328,die,der,DET,nk,2329,Wache
2329,Wache,Wache,NOUN,nk,2327,auf
2330,gebracht,bringen,VERB,cj,2326,und
2331,",",--,PUNCT,punct,2324,wurden
2332,welche,welcher,PRON,sb,2336,Sturm
2333,an,an,ADP,mnr,2332,welche
2334,Schilderhäuschen,Schilderhäuschen,NOUN,nk,2333,an
2335,den,der,DET,nk,2336,Sturm
2336,Sturm,Sturm,NOUN,ROOT,2336,Sturm
2337,der,der,DET,nk,2338,Schildwache
2338,Schildwache,Schildwache,NOUN,ag,2336,Sturm
2339,und,und,CCONJ,cd,2338,Schildwache
2340,ihr,ihr,DET,nk,2342,Wasser
2341,eigenes,eigen,ADJ,nk,2342,Wasser
2342,Wasser,Wasser,NOUN,cj,2339,und
2343,abgeschlagen,abschlagen,VERB,ROOT,2343,abgeschlagen
2344,.,--,PUNCT,punct,2343,abgeschlagen
2345,Man,man,PRON,sb,2346,kann
2346,kann,können,AUX,ROOT,2346,kann
2347,nun,nun,ADV,mo,2346,kann
2348,erraten,erraten,VERB,oc,2346,kann
2349,",",--,PUNCT,punct,2348,erraten
2350,ob,ob,SCONJ,cp,2356,wohl
2351,er,er,PRON,sb,2350,ob
2352,sich,sich,PRON,oa,2356,wohl
2353,in,in,ADP,mnr,2352,sich
2354,den,der,DET,nk,2355,Kleinigkeiten
2355,Kleinigkeiten,Kleinigkeit,NOUN,nk,2353,in
2356,wohl,wohl,ADV,mo,2346,kann
2357,weniger,weniger,ADV,mo,2358,streng
2358,streng,streng,ADV,mo,2361,benommen
2359,und,und,CCONJ,cd,2358,streng
2360,kunstvoll,kunstvoll,ADV,cj,2359,und
2361,benommen,benommen,VERB,ROOT,2361,benommen
2362,.,--,PUNCT,punct,2361,benommen
2363,Endlich,endlich,ADV,mo,2365,zum
2364,aber,aber,ADV,mo,2365,zum
2365,zum,zu,ADP,ROOT,2365,zum
2366,Größeren,Größeren,NOUN,nk,2365,zum
2367,zurück,zurück,ADV,svp,2365,zum
2368,!,--,PUNCT,punct,2365,zum
2369,Wer,wer,PRON,ROOT,2369,Wer
2370,je,je,ADV,mnr,2369,Wer
2371,die,der,DET,nk,2372,Allmacht
2372,Allmacht,Allmacht,NOUN,nk,2370,je
2373,über,über,ADP,mnr,2372,Allmacht
2374,Subordinationsherzen,Subordinationsherzen,NOUN,nk,2373,über
2375,berechnet,berechnen,VERB,oc,2376,hat
2376,hat,haben,AUX,ROOT,2376,hat
2377,",",--,PUNCT,punct,2376,hat
2378,welche,welcher,DET,oa,2385,gemeinen
2379,große,groß,ADJ,nk,2380,Generale
2380,Generale,General,NOUN,oa,2385,gemeinen
2381,durch,durch,ADP,mo,2385,gemeinen
2382,herablassende,herablassend,ADJ,nk,2383,Teilnahme
2383,Teilnahme,Teilnahme,NOUN,nk,2381,durch
2384,an,an,ADP,op,2383,Teilnahme
2385,gemeinen,gemein,ADJ,sb,2376,hat
2386,Pflichten,Pflicht,NOUN,oa,2387,ausüben
2387,ausüben,ausüben,VERB,ROOT,2387,ausüben
2388,:,--,PUNCT,punct,2387,ausüben
2389,der,der,DET,nk,2390,errät
2390,errät,Errät,NOUN,oc,2387,ausüben
2391,leicht,leicht,ADV,mo,2390,errät
2392,die,der,DET,nk,2393,Gründe
2393,Gründe,Grund,NOUN,oa,2390,errät
2394,",",--,PUNCT,punct,2393,Gründe
2395,warum,warum,SCONJ,mo,2397,Kommandant
2396,der,der,DET,nk,2397,Kommandant
2397,Kommandant,Kommandant,NOUN,oc,2387,ausüben
2398,selber,selber,ADV,mnr,2397,Kommandant
2399,sich,sich,PRON,oa,2408,begab
2400,zum,zu,ADP,mo,2408,begab
2401,Losschlagen,Losschlag,NOUN,nk,2400,zum
2402,der,der,DET,nk,2404,Kanone
2403,ersten,erster,ADJ,nk,2404,Kanone
2404,Kanone,Kanone,NOUN,ag,2401,Losschlagen
2405,auf,auf,ADP,mnr,2404,Kanone
2406,den,der,DET,nk,2407,Wall
2407,Wall,Wall,NOUN,nk,2405,auf
2408,begab,begeben,VERB,ROOT,2408,begab
2409,und,und,CCONJ,cd,2408,begab
2410,die,der,PRON,ROOT,2410,die
2411,Kanonen-Magister-KünsteEine,Kanonen-Magister-KünsteEine,ADJ,nk,2412,Kanone
2412,Kanone,Kanone,NOUN,sb,2413,hat
2413,hat,haben,VERB,ROOT,2413,hat
2414,bekanntlich,bekanntlich,ADV,mo,2413,hat
2415,7,7,NUM,nk,2416,Trabanten
2416,Trabanten,Trabante,NOUN,oa,2413,hat
2417,–,--,PUNCT,punct,2416,Trabanten
2418,wie,wie,ADP,cm,2419,Jupiter
2419,Jupiter,Jupiter,PROPN,cc,2416,Trabanten
2420,",",--,PUNCT,punct,2413,hat
2421,der,der,DET,nk,2422,Planet
2422,Planet,Planet,NOUN,ROOT,2422,Planet
2423,des,der,DET,nk,2424,Donnergottes
2424,Donnergottes,Donnergott,NOUN,ag,2422,Planet
2425,–,--,PUNCT,punct,2422,Planet
2426,oder,oder,CCONJ,cd,2422,Planet
2427,Leute,Leute,NOUN,cj,2426,oder
2428,",",--,PUNCT,punct,2427,Leute
2429,die,der,PRON,oa,2431,handhaben
2430,sie,sie,PRON,sb,2431,handhaben
2431,handhaben,handhaben,VERB,rc,2427,Leute
2432,.,--,PUNCT,punct,2422,Planet
2433,so,so,ADV,mo,2434,beorderte
2434,beorderte,beordern,VERB,ROOT,2434,beorderte
2435,:,--,PUNCT,punct,2434,beorderte
2436,»,--,PUNCT,punct,2437,Wischt
2437,Wischt,Wischt,NOUN,sb,2445,setzt
2438,aus,aus,ADP,mnr,2437,Wischt
2439,–,--,PUNCT,punct,2437,Wischt
2440,Kartusche,Kartusch,NOUN,cj,2437,Wischt
2441,in,in,ADP,mnr,2440,Kartusche
2442,den,der,DET,nk,2443,Lauf
2443,Lauf,Lauf,NOUN,nk,2441,in
2444,–,--,PUNCT,punct,2445,setzt
2445,setzt,setzen,VERB,ROOT,2445,setzt
2446,an,an,ADP,svp,2445,setzt
2447,–,--,PUNCT,punct,2445,setzt
2448,Schlagröhre,Schlagröhr,NOUN,oa,2445,setzt
2449,hinein,hinein,ADV,svp,2445,setzt
2450,und,und,CCONJ,cd,2445,setzt
2451,richtet,richten,VERB,cj,2450,und
2452,–,--,PUNCT,punct,2453,Feuer
2453,Feuer,Feuer,NOUN,ROOT,2453,Feuer
2454,!,--,PUNCT,punct,2453,Feuer
2455,«,--,PUNCT,punct,2453,Feuer
2456,Aber,aber,CCONJ,ju,2468,müßte
2457,der,der,DET,nk,2458,Feind
2458,Feind,Feind,NOUN,cj,2456,Aber
2459,",",--,PUNCT,punct,2458,Feind
2460,welcher,welcher,PRON,sb,2462,glaubte
2461,wohl,wohl,ADV,mo,2462,glaubte
2462,glaubte,glauben,VERB,rc,2458,Feind
2463,",",--,PUNCT,punct,2462,glaubte
2464,bei,bei,ADP,mo,2468,müßte
2465,einem,ein,DET,nk,2467,Salutieren
2466,höflichen,höflich,ADJ,nk,2467,Salutieren
2467,Salutieren,Salutieren,NOUN,nk,2464,bei
2468,müßte,müssen,AUX,ROOT,2468,müßte
2469,man,man,PRON,sb,2468,müßte
2470,ohne,ohne,ADP,mo,2472,schießen
2471,Kugeln,Kugel,NOUN,nk,2470,ohne
2472,schießen,schießen,VERB,mo,2473,fand
2473,fand,finden,VERB,ROOT,2473,fand
2474,sich,sich,PRON,oa,2473,fand
2475,beleidigt,beleidigt,ADV,mo,2473,fand
2476,davon,davon,ADV,mo,2473,fand
2477,und,und,CCONJ,cd,2473,fand
2478,machte,machen,VERB,cj,2477,und
2479,nun,nun,ADV,mo,2478,machte
2480,26,26,NUM,nk,2481,keine
2481,keine,kein,DET,dep,2473,fand
2482,Umstände,Umstand,NOUN,ROOT,2482,Umstände
2483,",",--,PUNCT,punct,2482,Umstände
2484,sondern,sondern,CCONJ,cd,2482,Umstände
2485,den,der,DET,nk,2486,Anfang
2486,Anfang,Anfang,NOUN,cj,2484,sondern
2487,der,der,DET,nk,2488,Belagerung
2488,Belagerung,Belagerung,NOUN,ag,2486,Anfang
2489,.,--,PUNCT,punct,2482,Umstände
2490,Es,es,PRON,ep,2491,ging
2491,ging,gehen,VERB,ROOT,2491,ging
2492,los,los,ADV,svp,2491,ging
2493,.,--,PUNCT,punct,2491,ging
2494,Schon,schon,ADV,mo,2498,Haubitze
2495,die,der,DET,nk,2498,Haubitze
2496,erste,erster,ADJ,nk,2498,Haubitze
2497,feindliche,feindlich,ADJ,nk,2498,Haubitze
2498,Haubitze,Haubitze,NOUN,sb,2499,fuhr
2499,fuhr,fahren,VERB,ROOT,2499,fuhr
2500,ins,in,ADP,mo,2499,fuhr
2501,Schalloch,Schalloch,NOUN,nk,2500,ins
2502,des,der,DET,dep,2499,fuhr
2503,Kreuzturms,Kreuzturms,NOUN,ROOT,2503,Kreuzturms
2504,und,und,CCONJ,ju,2505,warf
2505,warf,werfen,VERB,ROOT,2505,warf
2506,mit,mit,ADP,mo,2505,warf
2507,schrecklichem,schrecklich,ADJ,nk,2508,Klange
2508,Klange,Klang,NOUN,nk,2506,mit
2509,die,der,DET,nk,2510,Kindtaufsglocke
2510,Kindtaufsglocke,Kindtaufsglock,NOUN,oa,2505,warf
2511,auf,auf,ADP,mnr,2510,Kindtaufsglocke
2512,die,der,DET,nk,2513,Gassen
2513,Gassen,Gasse,NOUN,nk,2511,auf
2514,hinaus,hinaus,ADV,ROOT,2514,hinaus
2515,.,--,PUNCT,punct,2514,hinaus
2516,Die,der,DET,nk,2518,Bombe
2517,erste,erster,ADJ,nk,2518,Bombe
2518,Bombe,Bombe,NOUN,sb,2519,fiel
2519,fiel,fallen,VERB,ROOT,2519,fiel
2520,und,und,CCONJ,cd,2519,fiel
2521,zerplatzte,zerplatzen,VERB,cj,2520,und
2522,und,und,CCONJ,cd,2519,fiel
2523,riß,reißen,VERB,cj,2522,und
2524,den,der,DET,nk,2525,Pranger
2525,Pranger,Pranger,NOUN,oa,2523,riß
2526,und,und,CCONJ,cd,2525,Pranger
2527,einem,ein,DET,cj,2526,und
2528,Invaliden,invalide,NOUN,ROOT,2528,Invaliden
2529,das,der,DET,nk,2531,Bein
2530,einzige,einzig,ADJ,nk,2531,Bein
2531,Bein,Bein,NOUN,pd,2528,Invaliden
2532,",",--,PUNCT,punct,2531,Bein
2533,das,der,PRON,oa,2537,hatte
2534,er,er,PRON,sb,2537,hatte
2535,von,von,ADP,mo,2537,hatte
2536,Holz,Holz,NOUN,nk,2535,von
2537,hatte,haben,VERB,rc,2531,Bein
2538,",",--,PUNCT,punct,2531,Bein
2539,hinweg,hinweg,ADV,cj,2531,Bein
2540,und,und,CCONJ,cd,2539,hinweg
2541,einem,ein,DET,nk,2542,jungen
2542,jungen,jung,ADJ,cj,2540,und
2543,Patrizier,Patrizier,NOUN,ROOT,2543,Patrizier
2544,(,--,PUNCT,punct,2550,klingt
2545,was,wer,PRON,sb,2550,klingt
2546,aber,aber,ADV,mo,2550,klingt
2547,sehr,sehr,ADV,mo,2548,nach
2548,nach,nach,ADP,mo,2550,klingt
2549,Scherz,Scherz,NOUN,nk,2548,nach
2550,klingt,klingen,VERB,par,2543,Patrizier
2551,),--,PUNCT,punct,2550,klingt
2552,die,der,DET,nk,2553,Nase
2553,Nase,Nase,NOUN,oa,2543,Patrizier
2554,von,von,ADP,pg,2553,Nase
2555,Wachs,Wach,NOUN,nk,2554,von
2556,.,--,PUNCT,punct,2543,Patrizier
2557,Überhaupt,überhaupt,ADV,ROOT,2557,Überhaupt
2558,hätte,haben,AUX,ROOT,2558,hätte
2559,das,der,DET,nk,2560,Bombenfeuer
2560,Bombenfeuer,Bombenfeuer,NOUN,sb,2558,hätte
2561,der,der,DET,nk,2562,Diebsfehraner
2562,Diebsfehraner,Diebsfehraner,NOUN,ag,2560,Bombenfeuer
2563,mörderisch,mörderisch,ADV,pd,2564,werden
2564,werden,werden,AUX,oc,2565,können
2565,können,können,AUX,oc,2558,hätte
2566,",",--,PUNCT,punct,2567,hätten
2567,hätten,haben,AUX,cj,2558,hätte
2568,sie,sie,PRON,sb,2567,hätten
2569,mehr,mehr,DET,nk,2572,Mörser
2570,als,als,ADP,cm,2571,einen
2571,einen,ein,DET,cc,2569,mehr
2572,Mörser,Mörser,NOUN,oa,2573,gehabt
2573,gehabt,haben,VERB,ROOT,2573,gehabt
2574,;,--,PUNCT,punct,2573,gehabt
2575,denn,denn,CCONJ,ju,2578,waren
2576,mit,mit,ADP,mo,2578,waren
2577,Bomben,Bombe,NOUN,nk,2576,mit
2578,waren,sein,AUX,ROOT,2578,waren
2579,sie,sie,PRON,sb,2578,waren
2580,fürchterlich,fürchterlich,ADV,mo,2581,versorgt
2581,versorgt,versorgen,VERB,pd,2578,waren
2582,.,--,PUNCT,punct,2578,waren
2583,So,so,ADV,mo,2584,konnte
2584,konnte,können,AUX,ROOT,2584,konnte
2585,die,der,DET,nk,2586,Festung
2586,Festung,Festung,NOUN,sb,2584,konnte
2587,sich,sich,PRON,oa,2593,erholen
2588,wenigstens,wenigstens,ADV,mo,2589,während
2589,während,während,ADP,mo,2593,erholen
2590,des,der,DET,nk,2591,Ladesabbaths
2591,Ladesabbaths,Ladesabbath,PROPN,nk,2589,während
2592,etwas,etwas,ADV,mo,2593,erholen
2593,erholen,erholen,VERB,oc,2584,konnte
2594,und,und,CCONJ,ROOT,2594,und
2595,zurüsten,zurüsen,VERB,cj,2594,und
2596,.,--,PUNCT,ROOT,2596,.
2597,Die,der,DET,nk,2599,Bombe
2598,erste,erster,ADJ,nk,2599,Bombe
2599,Bombe,Bombe,NOUN,sb,2600,sonderte
2600,sonderte,sondern,VERB,ROOT,2600,sonderte
2601,sogleich,sogleich,ADV,mo,2600,sonderte
2602,die,der,DET,nk,2603,Stadt
2603,Stadt,Stadt,NOUN,oa,2600,sonderte
2604,in,in,ADP,mo,2600,sonderte
2605,drei,drei,NUM,nk,2606,Teile
2606,Teile,Teil,NOUN,nk,2604,in
2607,:,--,PUNCT,punct,2600,sonderte
2608,der,der,DET,dep,2600,sonderte
2609,erste,erster,ADJ,sb,2615,begab
2610,",",--,PUNCT,punct,2609,erste
2611,welcher,welcher,DET,nk,2612,Lagerbier
2612,Lagerbier,Lagerbier,NOUN,sb,2613,hatte
2613,hatte,haben,VERB,rc,2609,erste
2614,",",--,PUNCT,punct,2615,begab
2615,begab,begeben,VERB,ROOT,2615,begab
2616,sich,sich,PRON,oa,2615,begab
2617,zu,zu,ADP,mo,2615,begab
2618,diesem,dieser,DET,nk,2619,hinunter
2619,hinunter,Hinunter,NOUN,nk,2617,zu
2620,",",--,PUNCT,punct,2615,begab
2621,der,der,DET,nk,2622,andere
2622,andere,anderer,PRON,app,2609,erste
2623,samt,samt,ADP,mnr,2622,andere
2624,den,der,DET,nk,2626,Reisenden
2625,fluchenden,fluchend,ADJ,nk,2626,Reisenden
2626,Reisenden,reisend,NOUN,ROOT,2626,Reisenden
2627,in,in,ADP,mnr,2626,Reisenden
2628,die,der,DET,nk,2630,Kirche
2629,bombenfeste,bombenfe,ADJ,nk,2630,Kirche
2630,Kirche,Kirche,NOUN,nk,2627,in
2631,",",--,PUNCT,punct,2626,Reisenden
2632,und,und,CCONJ,cd,2626,Reisenden
2633,der,der,DET,nk,2634,dritte
2634,dritte,dritter,ADJ,cj,2632,und
2635,aus,aus,ADP,mnr,2626,Reisenden
2636,Handwerkern,Handwerker,NOUN,sb,2646,blieb
2637,",",--,PUNCT,punct,2636,Handwerkern
2638,mit,mit,ADP,mo,2644,belastet
2639,zu,zu,PART,mo,2640,vielen
2640,vielen,vieler,DET,nk,2641,Werkzeugen
2641,Werkzeugen,Werkzeug,NOUN,nk,2638,mit
2642,und,und,CCONJ,cd,2641,Werkzeugen
2643,Kindern,Kind,NOUN,cj,2642,und
2644,belastet,belasten,VERB,par,2636,Handwerkern
2645,",",--,PUNCT,punct,2646,blieb
2646,blieb,bleiben,VERB,ROOT,2646,blieb
2647,",",--,PUNCT,punct,2646,blieb
2648,wo,wo,SCONJ,mo,2650,war
2649,er,er,PRON,sb,2650,war
2650,war,sein,AUX,sb,2646,blieb
2651,",",--,PUNCT,punct,2646,blieb
2652,nur,nur,ADV,mo,2654,er
2653,daß,daß,SCONJ,cp,2654,er
2654,er,er,PRON,ROOT,2654,er
2655,seinen,sein,DET,nk,2657,Düngerhaufen
2656,alten,alt,ADJ,nk,2657,Düngerhaufen
2657,Düngerhaufen,Düngerhaufe,NOUN,oa,2662,näher
2658,vor,vor,ADP,mnr,2657,Düngerhaufen
2659,dem,der,DET,nk,2660,Fenster
2660,Fenster,Fenster,NOUN,nk,2658,vor
2661,viel,viel,ADV,mo,2662,näher
2662,näher,nah,ADV,pd,2654,er
2663,an,an,ADP,mo,2662,näher
2664,dasselbe,dasselbe,PRON,nk,2663,an
2665,schob,schieben,VERB,ROOT,2665,schob
2666,",",--,PUNCT,punct,2665,schob
2667,ja,ja,ADV,mo,2668,auf
2668,auf,auf,ADP,mo,2665,schob
2669,28,28,NUM,nk,2670,dasselbe
2670,dasselbe,dasselbe,PRON,nk,2668,auf
2671,als,als,ADP,mo,2665,schob
2672,Fensterladen,Fensterlad,NOUN,nk,2671,als
2673,und,und,CCONJ,cd,2672,Fensterladen
2674,Schießhausmauer,Schießhausmauer,NOUN,cj,2673,und
2675,;,--,PUNCT,punct,2665,schob
2676,eine,ein,DET,nk,2677,närrische
2677,närrische,närrisch,ADJ,ROOT,2677,närrische
2678,",",--,PUNCT,punct,2677,närrische
2679,umgekehrte,umgekehrt,ADJ,nk,2680,Art
2680,Art,Art,NOUN,ROOT,2680,Art
2681,von,von,ADP,pg,2680,Art
2682,Mistbeetfenster,Mistbeetfenster,NOUN,nk,2681,von
2683,",",--,PUNCT,punct,2682,Mistbeetfenster
2684,wo,wo,SCONJ,mo,2688,liegt
2685,das,der,DET,nk,2686,Fenster
2686,Fenster,Fenster,NOUN,sb,2688,liegt
2687,unten,unten,ADV,mo,2688,liegt
2688,liegt,liegen,VERB,rc,2682,Mistbeetfenster
2689,.,--,PUNCT,punct,2680,Art
2690,Die,der,DET,nk,2691,ersten
2691,ersten,erster,PRON,sb,2699,waren
2692,",",--,PUNCT,punct,2691,ersten
2693,welche,welcher,PRON,sb,2697,gingen
2694,in,in,ADP,mo,2697,gingen
2695,die,der,DET,nk,2696,Kirche
2696,Kirche,Kirche,NOUN,nk,2694,in
2697,gingen,gehen,VERB,rc,2691,ersten
2698,",",--,PUNCT,punct,2699,waren
2699,waren,sein,AUX,ROOT,2699,waren
2700,ich,ich,PRON,sb,2699,waren
2701,",",--,PUNCT,punct,2700,ich
2702,der,der,DET,nk,2703,Buchhändler
2703,Buchhändler,Buchhändler,NOUN,cj,2700,ich
2704,und,und,CCONJ,cd,2703,Buchhändler
2705,der,der,DET,punct,2699,waren
2706,Elefant,Elefant,ADV,ROOT,2706,Elefant
2707,.,--,PUNCT,punct,2706,Elefant
2708,Der,der,DET,nk,2709,Elefantenherr
2709,Elefantenherr,Elefantenherr,NOUN,sb,2710,war
2710,war,sein,AUX,ROOT,2710,war
2711,zu,zu,PART,pm,2712,bedauern
2712,bedauern,bedauern,VERB,oc,2710,war
2713,:,--,PUNCT,punct,2712,bedauern
2714,mit,mit,ADP,mo,2716,brachte
2715,Mühe,Mühe,NOUN,nk,2714,mit
2716,brachte,bringen,VERB,oc,2712,bedauern
2717,er,er,PRON,sb,2716,brachte
2718,den,der,DET,nk,2719,Christophel
2719,Christophel,Christophel,PROPN,oa,2716,brachte
2720,–,--,PUNCT,punct,2710,war
2721,so,so,ADV,mo,2710,war
2722,hieß,heißen,VERB,ROOT,2722,hieß
2723,er,er,PRON,sb,2722,hieß
2724,seinen,sein,DET,nk,2725,Tierriesen
2725,Tierriesen,Tierriese,NOUN,da,2722,hieß
2726,",",--,PUNCT,punct,2722,hieß
2727,durch,durch,ADP,mo,2722,hieß
2728,das,der,DET,nk,2730,Tor
2729,enge,eng,ADJ,nk,2730,Tor
2730,Tor,Tor,NOUN,nk,2727,durch
2731,hinein,hinein,ADV,svp,2722,hieß
2732,–,--,PUNCT,punct,2722,hieß
2733,und,und,CCONJ,cd,2722,hieß
2734,nun,nun,ADV,mo,2735,nicht
2735,nicht,nicht,PART,cj,2733,und
2736,einmal,einmal,ADV,mo,2735,nicht
2737,hinaus,hinaus,ADV,ROOT,2737,hinaus
2738,.,--,PUNCT,punct,2737,hinaus
2739,Da,da,SCONJ,cp,2746,vorgewiesen
2740,er,er,PRON,sb,2746,vorgewiesen
2741,ihn,ihn,PRON,oa,2746,vorgewiesen
2742,schon,schon,ADV,mo,2746,vorgewiesen
2743,für,für,ADP,mo,2746,vorgewiesen
2744,gehöriges,gehörig,ADJ,nk,2745,Schaugeld
2745,Schaugeld,Schaugeld,NOUN,nk,2743,für
2746,vorgewiesen,vorgewiesen,VERB,mo,2749,war
2747,:,--,PUNCT,punct,2746,vorgewiesen
2748,so,so,ADV,mo,2749,war
2749,war,sein,AUX,ROOT,2749,war
2750,mit,mit,ADP,mo,2749,war
2751,einem,ein,DET,nk,2750,mit
2752,Vieh,Vieh,PROPN,re,2754,das
2753,",",--,PUNCT,punct,2752,Vieh
2754,das,der,PRON,ROOT,2754,das
2755,sicher,sicher,ADV,mo,2759,alltäglich
2756,der,der,DET,nk,2757,Stadt
2757,Stadt,Stadt,NOUN,da,2759,alltäglich
2758,so,so,ADV,mo,2759,alltäglich
2759,alltäglich,alltäglich,ADV,mo,2754,das
2760,wie,wie,ADP,cm,2762,Katze
2761,eine,ein,DET,nk,2762,Katze
2762,Katze,Katze,NOUN,cc,2755,sicher
2763,",",--,PUNCT,punct,2759,alltäglich
2764,kein,kein,DET,nk,2765,Pfennig
2765,Pfennig,Pfennig,NOUN,mo,2754,das
2766,weiter,weiter,ADV,mo,2754,das
2767,zu,zu,ADP,ROOT,2767,zu
2768,verdienen,verdienen,VERB,ROOT,2768,verdienen
2769,",",--,PUNCT,punct,2768,verdienen
2770,indes,indes,ADV,mo,2772,Christophel
2771,der,der,DET,nk,2772,Christophel
2772,Christophel,Christophel,PROPN,sb,2768,verdienen
2773,so,so,ADV,mo,2774,ungeheuer
2774,ungeheuer,ungeheuer,ADV,mo,2775,fortfraß
2775,fortfraß,fortfraß,ADV,pd,2772,Christophel
2776,",",--,PUNCT,punct,2772,Christophel
2777,als,als,SCONJ,cm,2778,wär
2778,wär,wär,AUX,cc,2770,indes
2779,',--,PUNCT,punct,2778,wär
2780,er,er,PRON,sb,2778,wär
2781,noch,noch,ADV,mo,2778,wär
2782,ein,ein,DET,pd,2778,wär
2783,Wunder,Wunder,NOUN,ROOT,2783,Wunder
2784,der,der,DET,nk,2785,Welt
2785,Welt,Welt,NOUN,ag,2783,Wunder
2786,.,--,PUNCT,punct,2783,Wunder
2787,Weil,weil,SCONJ,cp,2793,faßte
2788,nun,nun,ADV,mo,2793,faßte
2789,den,der,DET,nk,2790,Landwalfisch
2790,Landwalfisch,Landwalfisch,NOUN,oa,2793,faßte
2791,kein,kein,DET,nk,2792,Keller
2792,Keller,Keller,NOUN,sb,2793,faßte
2793,faßte,fassen,VERB,ROOT,2793,faßte
2794,und,und,CCONJ,cd,2793,faßte
2795,ihn,ihn,PRON,oa,2797,im
2796,doch,doch,ADV,mo,2795,ihn
2797,im,in,ADP,mo,2793,faßte
2798,Stalle,Stalle,NOUN,sb,2802,konnte
2799,jede,jeder,DET,nk,2800,Bombe
2800,Bombe,Bombe,NOUN,oa,2801,finden
2801,finden,finden,VERB,oc,2802,konnte
2802,konnte,können,AUX,re,2804,so
2803,",",--,PUNCT,punct,2804,so
2804,so,so,ADV,mo,2805,tat
2805,tat,tun,VERB,ROOT,2805,tat
2806,der,der,DET,nk,2807,Elefantenherr
2807,Elefantenherr,Elefantenherr,NOUN,sb,2805,tat
2808,(,--,PUNCT,punct,2810,struppiger
2809,ein,ein,DET,nk,2810,struppiger
2810,struppiger,struppig,ADJ,app,2807,Elefantenherr
2811,",",--,PUNCT,punct,2805,tat
2812,mongolisch-blickender,mongolisch-blickender,NOUN,ROOT,2812,mongolisch-blickender
2813,",",--,PUNCT,punct,2812,mongolisch-blickender
2814,plattnasiger,plattnasig,ADJ,nk,2815,Kerl
2815,Kerl,Kerl,NOUN,app,2812,mongolisch-blickender
2816,),--,PUNCT,punct,2812,mongolisch-blickender
2817,vor,vor,ADP,mnr,2812,mongolisch-blickender
2818,dem,der,DET,nk,2819,Senat
2819,Senat,Senat,NOUN,nk,2817,vor
2820,mehr,mehr,DET,ROOT,2820,mehr
2821,als,als,ADP,cm,2822,zwanzig
2822,zwanzig,zwanzig,NUM,cc,2820,mehr
2823,ausländische,ausländisch,ADJ,nk,2824,Schwüre
2824,Schwüre,Schwüre,NOUN,ROOT,2824,Schwüre
2825,",",--,PUNCT,punct,2824,Schwüre
2826,daß,daß,SCONJ,cp,2827,er
2827,er,er,PRON,cc,2824,Schwüre
2828,",",--,PUNCT,punct,2827,er
2829,wenn,wenn,SCONJ,cp,2836,stallen
2830,sein,sein,DET,nk,2831,Christophel
2831,Christophel,Christophel,NOUN,sb,2836,stallen
2832,nicht,nicht,PART,ng,2836,stallen
2833,in,in,ADP,mo,2836,stallen
2834,der,der,DET,nk,2835,Kirche
2835,Kirche,Kirche,NOUN,nk,2833,in
2836,stallen,stallen,VERB,mnr,2827,er
2837,dürfe,dürfen,AUX,ROOT,2837,dürfe
2838,",",--,PUNCT,punct,2837,dürfe
2839,ihm,ihm,PRON,da,2846,saufen
2840,ohne,ohne,ADP,mo,2846,saufen
2841,weiteres,weiterer,ADJ,nk,2840,ohne
2842,drei,drei,NUM,nk,2843,Nösel
2843,Nösel,Nösel,NOUN,oa,2846,saufen
2844,Branntwein,Branntwein,PROPN,nk,2843,Nösel
2845,zu,zu,PART,pm,2846,saufen
2846,saufen,saufen,VERB,oc,2847,gebe
2847,gebe,geben,VERB,sb,2837,dürfe
2848,",",--,PUNCT,punct,2847,gebe
2849,worauf,worauf,SCONJ,mo,2851,Tier
2850,sein,sein,DET,nk,2851,Tier
2851,Tier,Tier,NOUN,punct,2837,dürfe
2852,(,--,PUNCT,punct,2854,steh
2853,dafür,dafür,ADV,mo,2854,steh
2854,steh,steh,X,sb,2862,einrenne
2855,',--,PUNCT,punct,2854,steh
2856,er,er,PRON,sb,2854,steh
2857,),--,PUNCT,punct,2854,steh
2858,das,der,DET,nk,2861,Stadttor
2859,erste,erster,ADJ,nk,2861,Stadttor
2860,beste,gut,ADJ,nk,2861,Stadttor
2861,Stadttor,Stadttor,NOUN,oa,2862,einrenne
2862,einrenne,einrennen,VERB,ROOT,2862,einrenne
2863,.,--,PUNCT,punct,2862,einrenne
2864,29,29,NUM,pd,2867,wurde
2865,Der,der,DET,nk,2866,Christophel
2866,Christophel,Christophel,PROPN,sb,2867,wurde
2867,wurde,werden,AUX,ROOT,2867,wurde
2868,als,als,ADP,mo,2874,gestellt
2869,innerer,inner,ADJ,nk,2870,Türsteher
2870,Türsteher,Türsteher,NOUN,nk,2868,als
2871,hinter,hinter,ADP,mo,2874,gestellt
2872,die,der,DET,nk,2873,Kirchentüre
2873,Kirchentüre,Kirchentüre,NOUN,nk,2871,hinter
2874,gestellt,stellen,VERB,oc,2867,wurde
2875,.,--,PUNCT,punct,2867,wurde
2876,Ich,ich,PRON,sb,2880,betteten
2877,und,und,CCONJ,cd,2876,Ich
2878,der,der,DET,nk,2879,Buchhändler
2879,Buchhändler,Buchhändler,NOUN,cj,2877,und
2880,betteten,betteen,VERB,ROOT,2880,betteten
2881,uns,uns,PRON,da,2880,betteten
2882,in,in,ADP,mo,2880,betteten
2883,die,der,DET,nk,2884,Sakristei
2884,Sakristei,Sakristei,NOUN,nk,2882,in
2885,",",--,PUNCT,punct,2884,Sakristei
2886,wo,wo,SCONJ,mo,2890,war
2887,es,es,PRON,sb,2890,war
2888,ganz,ganz,ADV,mo,2889,artig
2889,artig,artig,ADV,pd,2890,war
2890,war,sein,AUX,rc,2884,Sakristei
2891,.,--,PUNCT,punct,2880,betteten
2892,Er,er,PRON,ROOT,2892,Er
2893,schlief,schlief,VERB,ROOT,2893,schlief
2894,ganz,ganz,ADV,mo,2895,nahe
2895,nahe,nah,ADV,mo,2893,schlief
2896,an,an,ADP,mo,2893,schlief
2897,mir,mir,PRON,nk,2896,an
2898,",",--,PUNCT,punct,2893,schlief
2899,weil,weil,SCONJ,cp,2904,dacht
2900,vielleicht,vielleicht,ADV,mo,2904,dacht
2901,im,in,ADP,mo,2900,vielleicht
2902,Traum,Traum,NOUN,nk,2901,im
2903,",",--,PUNCT,punct,2904,dacht
2904,dacht,dacht,VERB,mo,2893,schlief
2905,',--,PUNCT,punct,2904,dacht
2906,er,er,PRON,mo,2904,dacht
2907,",",--,PUNCT,punct,2904,dacht
2908,eine,ein,DET,nk,2909,brauchbare
2909,brauchbare,brauchbar,ADJ,cj,2893,schlief
2910,Rede,Rede,NOUN,oa,2911,abfallen
2911,abfallen,abfallen,VERB,oc,2912,könnte
2912,könnte,können,AUX,ROOT,2912,könnte
2913,.,--,PUNCT,punct,2912,könnte
2914,»,--,PUNCT,punct,2916,ist
2915,Hier,hier,ADV,mo,2916,ist
2916,ist,sein,AUX,ROOT,2916,ist
2917,"endlich,«sagt","endlich,«sagt",VERB,pd,2916,ist
2918,',--,PUNCT,punct,2916,ist
2919,ich,ich,PRON,sb,2916,ist
2920,",",--,PUNCT,punct,2919,ich
2921,»,--,PUNCT,punct,2922,Herr
2922,Herr,Herr,NOUN,app,2919,ich
2923,Buchhändler,Buchhändler,NOUN,nk,2922,Herr
2924,",",--,PUNCT,punct,2923,Buchhändler
2925,Zeit,Zeit,NOUN,cj,2923,Buchhändler
2926,und,und,CCONJ,cd,2925,Zeit
2927,Ort,Ort,NOUN,ROOT,2927,Ort
2928,zum,zu,ADP,mnr,2927,Ort
2929,Spaße,Spaße,NOUN,nk,2928,zum
2930,und,und,CCONJ,cd,2928,zum
2931,zu,zu,ADP,cj,2930,und
2932,einem,ein,DET,nk,2934,Tage
2933,guten,gut,ADJ,nk,2934,Tage
2934,Tage,Tag,NOUN,nk,2931,zu
2935,.,--,PUNCT,punct,2927,Ort
2936,Die,der,DET,nk,2937,Alten
2937,Alten,alte,NOUN,oa,2939,ließ
2938,(,--,PUNCT,punct,2939,ließ
2939,ließ,lassen,VERB,ROOT,2939,ließ
2940,ich,ich,PRON,sb,2939,ließ
2941,fallen,fallen,VERB,oc,2939,ließ
2942,),--,PUNCT,punct,2941,fallen
2943,verordneten,verordneen,VERB,oc,2939,ließ
2944,bei,bei,ADP,ROOT,2944,bei
2945,Niederlagen,Niederlage,NOUN,nk,2944,bei
2946,",",--,PUNCT,punct,2945,Niederlagen
2947,Pest,Pest,NOUN,cj,2945,Niederlagen
2948,und,und,CCONJ,cd,2947,Pest
2949,dergleichen,dergleichen,VERB,cj,2948,und
2950,statt,statt,ADP,mnr,2949,dergleichen
2951,der,der,DET,nk,2952,Bußtage
2952,Bußtage,Bußtage,NOUN,nk,2950,statt
2953,Freudenfeste,Freudenfest,NOUN,cj,2948,und
2954,;,--,PUNCT,punct,2944,bei
2955,warum,warum,ADV,ROOT,2955,warum
2956,wollen,wollen,AUX,ROOT,2956,wollen
2957,wir,wir,PRON,sb,2956,wollen
2958,Neueren,Neueren,NOUN,oa,2956,wollen
2959,denn,denn,ADV,mo,2956,wollen
2960,nicht,nicht,PART,ng,2956,wollen
2961,die,der,DET,nk,2962,Trauer
2962,Trauer,Trauer,NOUN,oa,2956,wollen
2963,",",--,PUNCT,punct,2956,wollen
2964,statt,statt,ADP,ac,2965,mit
2965,mit,mit,ADP,mo,2956,wollen
2966,Trauer,Trauer,NOUN,nk,2965,mit
2967,",",--,PUNCT,punct,2965,mit
2968,lieber,lieber,ADV,mo,2969,mit
2969,mit,mit,ADP,cj,2965,mit
2970,Freude,Freude,NOUN,nk,2969,mit
2971,bekämpfen,bekämpfen,VERB,ROOT,2971,bekämpfen
2972,und,und,CCONJ,cd,2971,bekämpfen
2973,dem,der,DET,nk,2975,Trauerspiel
2974,äußeren,äußerer,ADJ,nk,2975,Trauerspiel
2975,Trauerspiel,Trauerspiel,NOUN,cj,2972,und
2976,mit,mit,ADP,mnr,2975,Trauerspiel
2977,einem,ein,DET,nk,2979,Lustspiel
2978,inneren,innerer,ADJ,nk,2979,Lustspiel
2979,Lustspiel,Lustspiel,NOUN,nk,2976,mit
2980,entgegenspielen,entgegenspielen,VERB,ROOT,2980,entgegenspielen
2981,?,--,PUNCT,punct,2980,entgegenspielen
2982,Aus,aus,ADP,mo,2985,bestehen
2983,welchen,welcher,DET,nk,2984,Gründen
2984,Gründen,Grund,NOUN,nk,2982,Aus
2985,bestehen,bestehen,VERB,ROOT,2985,bestehen
2986,Sie,sie,PRON,sb,2985,bestehen
2987,denn,denn,ADV,mo,2985,bestehen
2988,so,so,ADV,mo,2989,sehr
2989,sehr,sehr,ADV,mo,2985,bestehen
2990,auf,auf,ADP,mo,2985,bestehen
2991,der,der,DET,dep,2985,bestehen
2992,entgegengesetzten,entgegengesetzt,ADJ,nk,2993,Meinung
2993,Meinung,Meinung,NOUN,ROOT,2993,Meinung
2994,",",--,PUNCT,punct,2993,Meinung
2995,Herr,Herr,NOUN,cj,2993,Meinung
2996,Stöcklein,Stöcklein,PROPN,nk,2995,Herr
2997,?,--,PUNCT,punct,2993,Meinung
2998,«,--,PUNCT,punct,2993,Meinung
2999,–,--,PUNCT,punct,3002,bewahre
3000,»,--,PUNCT,punct,3002,bewahre
3001,Gott,Gott,NOUN,oa,3002,bewahre
3002,bewahre,bewahren,VERB,ROOT,3002,bewahre
3003,mich,mich,PRON,oa,3002,bewahre
3004,!,--,PUNCT,punct,3002,bewahre
3005,Ist,sein,AUX,ROOT,3005,Ist
3006,einer,einer,PRON,sb,3005,Ist
3007,lustig,lustig,ADV,pd,3012,bin
3008,in,in,ADP,mo,3007,lustig
3009,Staatsnöten,Staatsnöt,NOUN,nk,3008,in
3010,",",--,PUNCT,punct,3011,so
3011,so,so,ADV,mo,3012,bin
3012,bin,sein,AUX,oc,3017,sagt
3013,ich,ich,PRON,sb,3012,bin
3014,'s,es,PRON,pd,3012,bin
3015,",",--,PUNCT,punct,3017,sagt
3016,«,--,PUNCT,punct,3017,sagt
3017,sagt,sagen,VERB,ROOT,3017,sagt
3018,er,er,PRON,sb,3017,sagt
3019,sehr,sehr,ADV,mo,3020,ernst
3020,ernst,ernst,ADV,mo,3017,sagt
3021,.,--,PUNCT,punct,3017,sagt
3022,»,--,PUNCT,punct,3026,sagt
3023,Recht,recht,NOUN,vo,3026,sagt
3024,",",--,PUNCT,punct,3026,sagt
3025,«,--,PUNCT,punct,3026,sagt
3026,sagt,sagen,VERB,ROOT,3026,sagt
3027,',--,PUNCT,punct,3026,sagt
3028,ich,ich,PRON,sb,3026,sagt
3029,;,--,PUNCT,punct,3026,sagt
3030,»,--,PUNCT,punct,3031,sollen
3031,sollen,sollen,AUX,ROOT,3031,sollen
3032,denn,denn,ADV,mo,3031,sollen
3033,die,der,DET,nk,3034,Menschen
3034,Menschen,Mensch,NOUN,sb,3031,sollen
3035,den,der,DET,nk,3036,Fischen
3036,Fischen,Fisch,NOUN,da,3037,gleich
3037,gleich,gleich,ADV,mo,3038,werden
3038,werden,werden,AUX,oc,3031,sollen
3039,",",--,PUNCT,punct,3038,werden
3040,welche,welcher,PRON,app,3034,Menschen
3041,kein,kein,DET,nk,3042,Zwergfell
3042,Zwergfell,Zwergfell,NOUN,pd,3031,sollen
3043,haben,haben,VERB,ROOT,3043,haben
3044,und,und,CCONJ,cd,3043,haben
3045,es,es,PRON,oa,3048,erschüttern
3046,also,also,ADV,mo,3048,erschüttern
3047,nicht,nicht,PART,ng,3048,erschüttern
3048,erschüttern,erschüttern,VERB,cj,3044,und
3049,durch,durch,ADP,mo,3048,erschüttern
3050,Lachen,lachen,NOUN,nk,3049,durch
3051,?,--,PUNCT,punct,3043,haben
3052,–,--,PUNCT,punct,3055,kann
3053,Der,der,DET,nk,3054,Papiermüller
3054,Papiermüller,Papiermüller,NOUN,sb,3055,kann
3055,kann,können,AUX,ROOT,3055,kann
3056,nur,nur,ADV,mo,3055,kann
3057,bei,bei,ADP,mo,3060,fabrizieren
3058,heiterem,heiter,ADJ,nk,3059,Wetter
3059,Wetter,Wetter,NOUN,nk,3057,bei
3060,fabrizieren,fabrizieren,VERB,ROOT,3060,fabrizieren
3061,;,--,PUNCT,punct,3060,fabrizieren
3062,Heiteres,Heiterer,PRON,sb,3066,ist
3063,von,von,ADP,mnr,3062,Heiteres
3064,innen,innen,ADV,nk,3063,von
3065,aber,aber,ADV,mnr,3062,Heiteres
3066,ist,sein,AUX,ROOT,3066,ist
3067,sowohl,sowohl,CCONJ,cd,3068,mir
3068,mir,mir,PRON,da,3066,ist
3069,",",--,PUNCT,punct,3068,mir
3070,der,der,PRON,app,3068,mir
3071,ich,ich,PRON,sb,3078,bearbeite
3072,das,der,DET,nk,3073,Papier
3073,Papier,Papier,NOUN,oa,3078,bearbeite
3074,zum,zu,ADP,mo,3078,bearbeite
3075,zweiten,zweiter,ADJ,nk,3076,Male
3076,Male,Mal,NOUN,nk,3074,zum
3077,30,30,NUM,nk,3076,Male
3078,bearbeite,bearbeite,VERB,ROOT,3078,bearbeite
3079,",",--,PUNCT,punct,3078,bearbeite
3080,als,als,SCONJ,cm,3081,Ihnen
3081,Ihnen,ihnen,PRON,cc,3078,bearbeite
3082,",",--,PUNCT,punct,3081,Ihnen
3083,der,der,PRON,nk,3084,Sie
3084,Sie,sie,PRON,dep,3081,Ihnen
3085,es,es,PRON,dep,3081,Ihnen
3086,zum,zu,ADP,mo,3078,bearbeite
3087,dritten,dritter,ADJ,nk,3086,zum
3088,Male,Mal,NOUN,oa,3089,abziehen
3089,abziehen,abziehen,VERB,ROOT,3089,abziehen
3090,",",--,PUNCT,punct,3089,abziehen
3091,wahrlich,wahrlich,ADV,mo,3093,nötiger
3092,noch,noch,ADV,mo,3093,nötiger
3093,nötiger,nötig,ADV,mo,3089,abziehen
3094,als,als,ADP,cm,3096,Papiermüller
3095,dem,der,DET,nk,3096,Papiermüller
3096,Papiermüller,Papiermüller,NOUN,cc,3093,nötiger
3097,.,--,PUNCT,punct,3089,abziehen
3098,«,--,PUNCT,ROOT,3098,«
3099,Ich,ich,PRON,sb,3100,trat
3100,trat,treten,VERB,ROOT,3100,trat
3101,ein,ein,DET,nk,3102,wenig
3102,wenig,wenig,PRON,mo,3100,trat
3103,aus,aus,ADP,mnr,3102,wenig
3104,der,der,DET,nk,3105,Sakristei
3105,Sakristei,Sakristei,NOUN,nk,3103,aus
3106,–,--,PUNCT,punct,3100,trat
3107,eine,ein,DET,nk,3109,Übersicht
3108,anmutige,anmutig,ADJ,nk,3109,Übersicht
3109,Übersicht,Übersicht,NOUN,cj,3100,trat
3110,!,--,PUNCT,punct,3100,trat
3111,Jeder,jeder,DET,sb,3112,weibliche
3112,weibliche,weibliche,ADJ,ROOT,3112,weibliche
3113,Kirchenstuhl,Kirchenstuhl,NOUN,sb,3114,war
3114,war,sein,AUX,ROOT,3114,war
3115,von,von,ADP,sbp,3117,bewohnt
3116,Männern,Mann,NOUN,nk,3115,von
3117,bewohnt,bewohnen,VERB,pd,3114,war
3118,",",--,PUNCT,punct,3117,bewohnt
3119,alle,aller,DET,nk,3120,Logen
3120,Logen,Log,NOUN,oa,3123,besetzt
3121,von,von,ADP,pg,3120,Logen
3122,Patriziern,Patrizier,NOUN,nk,3121,von
3123,besetzt,besetzen,VERB,cj,3117,bewohnt
3124,",",--,PUNCT,punct,3123,besetzt
3125,von,von,ADP,dep,3114,war
3126,jeder,jeder,DET,nk,3127,Empore
3127,Empore,Empore,NOUN,da,3128,schauten
3128,schauten,schauen,VERB,ROOT,3128,schauten
3129,Weiberköpfchen,Weiberköpfch,NOUN,oa,3128,schauten
3130,herab,herab,ADV,mo,3128,schauten
3131,.,--,PUNCT,punct,3128,schauten
3132,Der,der,DET,nk,3134,Teil
3133,weibliche,weiblich,ADJ,nk,3134,Teil
3134,Teil,Teil,NOUN,sb,3135,hatte
3135,hatte,haben,AUX,ROOT,3135,hatte
3136,sich,sich,PRON,oa,3135,hatte
3137,absichtlich,absichtlich,ADV,mo,3140,Emporen
3138,der,der,DET,nk,3140,Emporen
3139,höheren,hoch,ADJ,nk,3140,Emporen
3140,Emporen,Emporum,NOUN,da,3141,bemächtigt
3141,bemächtigt,bemächtigen,VERB,ROOT,3141,bemächtigt
3142,",",--,PUNCT,punct,3141,bemächtigt
3143,um,um,SCONJ,op,3141,bemächtigt
3144,das,der,DET,nk,3146,Beobachtungskorps
3145,männliche,männlich,ADJ,nk,3146,Beobachtungskorps
3146,Beobachtungskorps,Beobachtungskorps,NOUN,oa,3141,bemächtigt
3147,unter,unter,ADP,mo,3150,haben
3148,sich,sich,PRON,nk,3147,unter
3149,zu,zu,PART,pm,3150,haben
3150,haben,haben,VERB,ROOT,3150,haben
3151,.,--,PUNCT,punct,3150,haben
3152,So,so,ADV,mo,3153,war
3153,war,sein,AUX,ROOT,3153,war
3154,die,der,DET,nk,3155,Kirche
3155,Kirche,Kirche,NOUN,sb,3153,war
3156,viel,viel,PRON,pd,3153,war
3157,–,--,PUNCT,punct,3156,viel
3158,zugleich,zugleich,ADV,mo,3159,Spinnstube
3159,Spinnstube,Spinnstube,NOUN,cj,3156,viel
3160,–,--,PUNCT,punct,3153,war
3161,Barbierstube,Barbierstube,NOUN,ROOT,3161,Barbierstube
3162,–,--,PUNCT,punct,3161,Barbierstube
3163,Ankleidezimmer,Ankleidezimmer,NOUN,cj,3161,Barbierstube
3164,–,--,PUNCT,punct,3161,Barbierstube
3165,Boudoir,Boudoir,NOUN,cj,3163,Ankleidezimmer
3166,–,--,PUNCT,punct,3161,Barbierstube
3167,Herren-,Herr,X,cj,3168,und
3168,und,und,CCONJ,cd,3169,Bedientenzimmer
3169,Bedientenzimmer,Bedientenzimmer,NOUN,cj,3163,Ankleidezimmer
3170,–,--,PUNCT,punct,3169,Bedientenzimmer
3171,Eßsaal,Eßsaal,NOUN,cj,3163,Ankleidezimmer
3172,–,--,PUNCT,punct,3173,Schlafsaal
3173,Schlafsaal,Schlafsaal,NOUN,ROOT,3173,Schlafsaal
3174,und,und,CCONJ,cd,3173,Schlafsaal
3175,alles,alle,PRON,cj,3174,und
3176,.,--,PUNCT,punct,3173,Schlafsaal
3177,Noch,noch,ADV,mo,3178,vor
3178,vor,vor,ADP,mo,3180,wurde
3179,Nacht,Nacht,NOUN,nk,3178,vor
3180,wurde,werden,AUX,ROOT,3180,wurde
3181,der,der,DET,nk,3182,Feind
3182,Feind,Feind,NOUN,sb,3180,wurde
3183,fuchswild,fuchswild,ADV,pd,3180,wurde
3184,;,--,PUNCT,punct,3180,wurde
3185,unaufhörlich,unaufhörlich,ADV,mo,3186,kanonierte
3186,kanonierte,kanoniert,VERB,ROOT,3186,kanonierte
3187,und,und,CCONJ,cd,3186,kanonierte
3188,haubitzierte,haubitzieren,VERB,ROOT,3188,haubitzierte
3189,er,er,PRON,sb,3188,haubitzierte
3190,",",--,PUNCT,punct,3188,haubitzierte
3191,wiewohl,wiewohl,SCONJ,mo,3194,zu
3192,nicht,nicht,PART,ng,3193,jedesmal
3193,jedesmal,jedesmal,ADV,mo,3194,zu
3194,zu,zu,ADP,mo,3188,haubitzierte
3195,unserem,unser,DET,nk,3196,Schaden
3196,Schaden,Schaden,NOUN,nk,3194,zu
3197,",",--,PUNCT,punct,3188,haubitzierte
3198,da,da,SCONJ,cp,3200,manche
3199,wir,wir,PRON,sb,3200,manche
3200,manche,mancher,PRON,mo,3188,haubitzierte
3201,seiner,sein,DET,nk,3202,Kugeln
3202,Kugeln,Kugel,NOUN,da,3205,zuschicken
3203,ihm,ihm,PRON,da,3205,zuschicken
3204,wieder,wieder,ADV,mo,3205,zuschicken
3205,zuschicken,zuschicken,VERB,oc,3206,konnten
3206,konnten,können,AUX,ROOT,3206,konnten
3207,.,--,PUNCT,punct,3206,konnten
3208,Lächerlich,lächerlich,ADV,mo,3210,schoß
3209,genug,genug,ADV,mo,3208,Lächerlich
3210,schoß,schoßn,VERB,ROOT,3210,schoß
3211,er,er,PRON,sb,3210,schoß
3212,einen,ein,DET,oa,3210,schoß
3213,Gewitterableiter,Gewitterableiter,NOUN,ROOT,3213,Gewitterableiter
3214,entzwei,entzwei,ADV,nk,3213,Gewitterableiter
3215,",",--,PUNCT,punct,3213,Gewitterableiter
3216,als,als,SCONJ,cm,3219,im
3217,wenn,wenn,SCONJ,cp,3219,im
3218,man,man,PRON,sb,3219,im
3219,im,in,ADP,cc,3213,Gewitterableiter
3220,Erdengewitter,Erdengewitter,NOUN,nk,3219,im
3221,des,der,DET,nk,3222,Krieges
3222,Krieges,Krieg,NOUN,ag,3220,Erdengewitter
3223,viel,viel,ADV,mo,3224,danach
3224,danach,danach,ADV,mo,3219,im
3225,fragte,fragen,VERB,ROOT,3225,fragte
3226,",",--,PUNCT,punct,3225,fragte
3227,daß,daß,SCONJ,cp,3233,werde
3228,man,man,PRON,sb,3233,werde
3229,von,von,ADP,sbp,3232,erschlagen
3230,oben,oben,ADV,nk,3229,von
3231,herab,herab,ADV,mo,3232,erschlagen
3232,erschlagen,erschlagen,VERB,oc,3233,werde
3233,werde,werden,AUX,oc,3225,fragte
3234,",",--,PUNCT,punct,3233,werde
3235,sobald,sobald,SCONJ,cp,3239,von
3236,man,man,PRON,sb,3239,von
3237,nur,nur,ADV,mo,3238,nicht
3238,nicht,nicht,PART,ng,3240,unten
3239,von,von,ADP,mo,3232,erschlagen
3240,unten,unten,ADV,nk,3239,von
3241,herauf,herauf,ADV,mo,3242,erschossen
3242,erschossen,erschießen,VERB,oc,3243,wird
3243,wird,werden,AUX,ROOT,3243,wird
3244,.,--,PUNCT,punct,3243,wird
3245,31,31,NUM,ROOT,3245,31
3246,Zum,zu,ADP,mo,3250,waren
3247,Besten,Besten,NOUN,nk,3246,Zum
3248,der,der,DET,nk,3249,Kirchenversammlung
3249,Kirchenversammlung,Kirchenversammlung,NOUN,ag,3247,Besten
3250,waren,sein,AUX,ROOT,3250,waren
3251,einige,einiger,DET,nk,3252,Leitern
3252,Leitern,Leiter,NOUN,sb,3250,waren
3253,in,in,ADP,mo,3250,waren
3254,die,der,DET,nk,3255,Kirche
3255,Kirche,Kirche,NOUN,nk,3253,in
3256,niedergelegt,niederlegen,VERB,ROOT,3256,niedergelegt
3257,",",--,PUNCT,punct,3256,niedergelegt
3258,welche,welcher,PRON,app,3256,niedergelegt
3259,von,von,ADP,mnr,3258,welche
3260,Personen,Person,NOUN,nk,3259,von
3261,",",--,PUNCT,punct,3260,Personen
3262,die,der,PRON,sb,3267,waren
3263,um,um,ADP,mo,3266,bekümmert
3264,die,der,DET,nk,3265,Ihrigen
3265,Ihrigen,Ihrige,NOUN,nk,3263,um
3266,bekümmert,bekümmeren,VERB,oc,3267,waren
3267,waren,sein,AUX,rc,3260,Personen
3268,",",--,PUNCT,punct,3256,niedergelegt
3269,aufgerichtet,aufrichten,VERB,oc,3270,werden
3270,werden,werden,AUX,oc,3271,konnten
3271,konnten,können,AUX,ROOT,3271,konnten
3272,",",--,PUNCT,punct,3271,konnten
3273,damit,damit,SCONJ,cp,3275,sähen
3274,sie,sie,PRON,sb,3275,sähen
3275,sähen,sähen,VERB,mo,3271,konnten
3276,",",--,PUNCT,punct,3275,sähen
3277,wie,wie,SCONJ,cm,3278,es
3278,es,es,PRON,par,3280,herginge
3279,draußen,draußen,ADV,mo,3280,herginge
3280,herginge,herginge,VERB,sb,3271,konnten
3281,.,--,PUNCT,punct,3271,konnten
3282,Die,der,PRON,ROOT,3282,Die
3283,langen,lang,ADJ,nk,3284,Kirchenfenster
3284,Kirchenfenster,Kirchenfenster,NOUN,sb,3285,standen
3285,standen,stehen,VERB,ROOT,3285,standen
3286,nämlich,nämlich,ADV,mo,3285,standen
3287,glücklicherweise,glücklicherweise,ADV,mo,3285,standen
3288,nackt,nackt,ADV,mo,3285,standen
3289,und,und,CCONJ,cd,3288,nackt
3290,von,von,ADP,cj,3289,und
3291,keinen,keine,PRON,nk,3290,von
3292,Emporen,Emporen,NOUN,sb,3293,überbaut
3293,überbaut,überbaut,VERB,ROOT,3293,überbaut
3294,da,da,ADV,svp,3293,überbaut
3295,",",--,PUNCT,punct,3293,überbaut
3296,so,so,ADV,mo,3302,war
3297,daß,daß,SCONJ,cp,3302,war
3298,eine,ein,DET,nk,3299,Leiter
3299,Leiter,Leiter,NOUN,sb,3302,war
3300,bequem,bequem,ADV,mo,3301,anzubringen
3301,anzubringen,anzubringen,VERB,oc,3302,war
3302,war,sein,AUX,mo,3293,überbaut
3303,.,--,PUNCT,punct,3293,überbaut
3304,Ich,ich,PRON,sb,3305,legte
3305,legte,legen,VERB,ROOT,3305,legte
3306,meine,mein,DET,oa,3305,legte
3307,an,an,ADP,svp,3305,legte
3308,und,und,CCONJ,cd,3305,legte
3309,stieg,steigen,VERB,cj,3308,und
3310,hinauf,hinauf,ADV,mo,3309,stieg
3311,–,--,PUNCT,punct,3309,stieg
3312,Stöcklein,Stöcklein,NOUN,mo,3309,stieg
3313,mir,mir,PRON,da,3309,stieg
3314,nach,nach,ADP,svp,3309,stieg
3315,",",--,PUNCT,punct,3309,stieg
3316,um,um,SCONJ,cp,3318,aufzufangen
3317,das,der,DET,nk,3318,aufzufangen
3318,aufzufangen,auffangen,NOUN,mo,3309,stieg
3319,",",--,PUNCT,punct,3305,legte
3320,was,was,PRON,sb,3326,entfiel
3321,mir,mir,PRON,da,3326,entfiel
3322,etwa,etwa,ADV,mo,3326,entfiel
3323,von,von,ADP,mo,3322,etwa
3324,der,der,DET,nk,3325,Leiter
3325,Leiter,Leiter,NOUN,nk,3323,von
3326,entfiel,entfallen,VERB,ROOT,3326,entfiel
3327,–,--,PUNCT,punct,3326,entfiel
3328,und,und,CCONJ,cd,3326,entfiel
3329,sah,sehen,VERB,cj,3328,und
3330,in,in,ADP,mo,3329,sah
3331,die,der,DET,nk,3332,Straßen
3332,Straßen,Straße,NOUN,nk,3330,in
3333,hinein,hinein,ADV,svp,3329,sah
3334,:,--,PUNCT,punct,3326,entfiel
3335,ich,ich,PRON,sb,3336,sah
3336,sah,sehen,VERB,ROOT,3336,sah
3337,nichts,nichts,PRON,ROOT,3337,nichts
3338,als,als,ADP,cm,3339,Tapferkeit
3339,Tapferkeit,Tapferkeit,NOUN,cc,3337,nichts
3340,auf,auf,ADP,mnr,3339,Tapferkeit
3341,der,der,DET,nk,3342,Gasse
3342,Gasse,Gasse,NOUN,nk,3340,auf
3343,.,--,PUNCT,punct,3337,nichts
3344,Da,da,SCONJ,cp,3349,war
3345,eben,eben,ADV,mo,3348,niedergefallen
3346,eine,ein,DET,nk,3347,Bombe
3347,Bombe,Bombe,NOUN,sb,3349,war
3348,niedergefallen,niedergefallen,VERB,oc,3349,war
3349,war,sein,AUX,re,3351,so
3350,",",--,PUNCT,punct,3351,so
3351,so,so,ADV,ROOT,3351,so
3352,beorderte,beordern,VERB,ROOT,3352,beorderte
3353,ein,ein,DET,nk,3358,Patriot
3354,außer,außer,ADP,mo,3357,stehender
3355,ihrer,ihr,DET,nk,3356,Springweite
3356,Springweite,Springweite,NOUN,nk,3354,außer
3357,stehender,stehend,ADJ,nk,3358,Patriot
3358,Patriot,Patriot,NOUN,sb,3352,beorderte
3359,",",--,PUNCT,punct,3352,beorderte
3360,mit,mit,ADP,mo,3352,beorderte
3361,einem,ein,DET,nk,3362,Mute
3362,Mute,Mute,NOUN,nk,3360,mit
3363,",",--,PUNCT,punct,3362,Mute
3364,der,der,PRON,dep,3352,beorderte
3365,nichts,nichts,PRON,sb,3366,fürchtet
3366,fürchtet,fürchten,VERB,ROOT,3366,fürchtet
3367,",",--,PUNCT,punct,3366,fürchtet
3368,seine,sein,DET,nk,3369,Leute
3369,Leute,Leute,NOUN,oa,3366,fürchtet
3370,",",--,PUNCT,punct,3369,Leute
3371,mit,mit,ADP,mo,3376,darauf
3372,ähnlichem,ähnlich,ADJ,nk,3373,hinzulaufen
3373,hinzulaufen,hinzulaufen,NOUN,nk,3371,mit
3374,und,und,CCONJ,cd,3373,hinzulaufen
3375,Wasser,Wasser,NOUN,cj,3374,und
3376,darauf,darauf,ADV,mo,3366,fürchtet
3377,zu,zu,ADP,svp,3366,fürchtet
3378,schütten,Schütt,VERB,ROOT,3378,schütten
3379,.,--,PUNCT,punct,3378,schütten
3380,Die,der,DET,nk,3381,Leute
3381,Leute,Leute,NOUN,ROOT,3381,Leute
3382,aber,aber,ADV,mo,3381,Leute
3383,",",--,PUNCT,punct,3381,Leute
3384,vielleicht,vielleicht,ADV,mo,3386,mutig
3385,weniger,weniger,ADV,mo,3386,mutig
3386,mutig,mutig,ADV,par,3381,Leute
3387,als,als,ADP,cm,3388,er
3388,er,er,PRON,cc,3386,mutig
3389,oder,oder,CCONJ,cd,3388,er
3390,glaubend,glaubend,ADV,cj,3389,oder
3391,",",--,PUNCT,punct,3386,mutig
3392,sie,sie,PRON,sb,3381,Leute
3393,langten,langten,VERB,mo,3398,zögerten
3394,zu,zu,PART,mo,3395,spät
3395,spät,spät,ADV,mo,3393,langten
3396,an,an,ADP,svp,3393,langten
3397,",",--,PUNCT,punct,3398,zögerten
3398,zögerten,zögerten,VERB,ROOT,3398,zögerten
3399,ein,ein,DET,nk,3400,wenig
3400,wenig,wenig,PRON,sb,3398,zögerten
3401,",",--,PUNCT,punct,3400,wenig
3402,als,als,ADP,cm,3403,zum
3403,zum,zu,ADP,mo,3398,zögerten
3404,Glück,Glück,NOUN,nk,3403,zum
3405,ein,ein,DET,nk,3406,entwischter
3406,entwischter,Entwischter,NOUN,sb,3398,zögerten
3407,Tollhäusler,Tollhäusler,NOUN,ROOT,3407,Tollhäusler
3408,",",--,PUNCT,punct,3407,Tollhäusler
3409,der,der,PRON,sb,3416,eingekrümmt
3410,alles,alle,PRON,oa,3416,eingekrümmt
3411,",",--,PUNCT,punct,3416,eingekrümmt
3412,in,in,ADP,mo,3416,eingekrümmt
3413,einer,ein,DET,nk,3415,Ecke
3414,versteckten,versteckt,ADJ,nk,3415,Ecke
3415,Ecke,Ecke,NOUN,nk,3412,in
3416,eingekrümmt,eingekrümmen,VERB,rc,3407,Tollhäusler
3417,",",--,PUNCT,punct,3418,vernommen
3418,vernommen,vernehmen,VERB,oc,3419,hatte
3419,hatte,haben,AUX,rc,3407,Tollhäusler
3420,",",--,PUNCT,punct,3407,Tollhäusler
3421,hervorsprang,Hervorsprang,NOUN,sb,3428,pißte
3422,und,und,CCONJ,cd,3421,hervorsprang
3423,so,so,ADV,mo,3424,lange
3424,lange,lange,ADV,cj,3422,und
3425,auf,auf,ADP,mo,3428,pißte
3426,die,der,DET,nk,3427,Bombe
3427,Bombe,Bombe,NOUN,nk,3425,auf
3428,pißte,pißen,VERB,ROOT,3428,pißte
3429,",",--,PUNCT,punct,3428,pißte
3430,bis,bis,SCONJ,cp,3434,gemacht
3431,er,er,PRON,sb,3434,gemacht
3432,sie,sie,PRON,oa,3434,gemacht
3433,tot,tot,ADV,mo,3434,gemacht
3434,gemacht,machen,VERB,mo,3428,pißte
3435,.,--,PUNCT,punct,3428,pißte
3436,Darauf,darauf,ADV,ROOT,3436,Darauf
3437,grub,grub,VERB,ROOT,3437,grub
3438,er,er,PRON,sb,3437,grub
3439,sie,sie,PRON,oa,3437,grub
3440,heraus,heraus,ADV,svp,3437,grub
3441,32,32,NUM,oa,3437,grub
3442,und,und,CCONJ,cd,3437,grub
3443,rief,rufen,VERB,cj,3442,und
3444,springend,springend,ADV,mo,3443,rief
3445,.,--,PUNCT,punct,3437,grub
3446,»,--,PUNCT,punct,3448,ist
3447,Platzkügelchen,platzkügelchen,NOUN,pd,3448,ist
3448,ist,sein,AUX,sb,3451,ist
3449,mein,mein,PRON,pd,3448,ist
3450,",",--,PUNCT,punct,3451,ist
3451,ist,sein,AUX,ROOT,3451,ist
3452,mein,mein,PRON,pd,3451,ist
3453,!,--,PUNCT,punct,3451,ist
3454,«,--,PUNCT,punct,3451,ist
3455,Dieser,dieser,DET,nk,3456,Vorfechter
3456,Vorfechter,Vorfechter,NOUN,sb,3462,wird
3457,der,der,DET,nk,3458,Garnison
3458,Garnison,Garnison,NOUN,ag,3456,Vorfechter
3459,und,und,CCONJ,cd,3458,Garnison
3460,des,der,DET,nk,3461,Vaterlandes
3461,Vaterlandes,Vaterland,NOUN,cj,3459,und
3462,wird,werden,AUX,ROOT,3462,wird
3463,aber,aber,ADV,mo,3462,wird
3464,ewig,ewig,ADV,mo,3462,wird
3465,in,in,ADP,mo,3462,wird
3466,der,der,DET,nk,3465,in
3467,Geschichte,Geschichte,NOUN,sb,3468,glänzen
3468,glänzen,glänzen,VERB,ROOT,3468,glänzen
3469,mit,mit,ADP,mo,3468,glänzen
3470,seiner,sein,DET,nk,3471,Bombe
3471,Bombe,Bombe,NOUN,nk,3469,mit
3472,",",--,PUNCT,punct,3468,glänzen
3473,gleichsam,gleichsam,ADV,mo,3475,Parisapfel
3474,seinen,sein,DET,nk,3475,Parisapfel
3475,Parisapfel,Parisapfel,NOUN,oa,3468,glänzen
3476,der,der,DET,nk,3477,Ehre
3477,Ehre,Ehre,NOUN,ag,3475,Parisapfel
3478,in,in,ADP,mnr,3475,Parisapfel
3479,der,der,DET,nk,3480,Hand
3480,Hand,Hand,NOUN,ROOT,3480,Hand
3481,",",--,PUNCT,punct,3480,Hand
3482,den,der,PRON,oa,3486,gegeben
3483,er,er,PRON,sb,3486,gegeben
3484,sich,sich,PRON,oa,3486,gegeben
3485,selber,selber,ADV,mo,3486,gegeben
3486,gegeben,geben,VERB,rc,3480,Hand
3487,;,--,PUNCT,punct,3480,Hand
3488,und,und,CCONJ,ju,3491,wird
3489,seine,sein,DET,nk,3490,Tollheit
3490,Tollheit,Tollheit,NOUN,sb,3491,wird
3491,wird,werden,AUX,ROOT,3491,wird
3492,gerade,gerade,ADV,mo,3494,Lob
3493,ein,ein,DET,nk,3494,Lob
3494,Lob,Lob,NOUN,pd,3491,wird
3495,seiner,sein,DET,nk,3496,Klugheit
3496,Klugheit,Klugheit,NOUN,ROOT,3496,Klugheit
3497,mehr,mehr,ADV,mo,3496,Klugheit
3498,sein,sein,AUX,oc,3496,Klugheit
3499,.,--,PUNCT,punct,3496,Klugheit
3500,»,--,PUNCT,punct,3506,sagt
3501,Auch,auch,ADV,mo,3503,Patrizier
3502,der,der,DET,nk,3503,Patrizier
3503,Patrizier,Patrizier,NOUN,sb,3506,sagt
3504,",",--,PUNCT,punct,3506,sagt
3505,«,--,PUNCT,punct,3506,sagt
3506,sagt,sagen,VERB,ROOT,3506,sagt
3507,',--,PUNCT,punct,3506,sagt
3508,ich,ich,PRON,sb,3506,sagt
3509,",",--,PUNCT,punct,3506,sagt
3510,die,der,DET,nk,3511,Leiter
3511,Leiter,Leiter,NOUN,oa,3506,sagt
3512,zurücksteigend,zurücksteigend,ADV,mo,3515,tat
3513,",",--,PUNCT,punct,3515,tat
3514,»,--,PUNCT,punct,3515,tat
3515,tat,tun,VERB,ROOT,3515,tat
3516,das,der,DET,nk,3517,Seinige
3517,Seinige,seinig,NOUN,sb,3515,tat
3518,.,--,PUNCT,punct,3515,tat
3519,«,--,PUNCT,punct,3515,tat
3520,–,--,PUNCT,punct,3523,Verehrtester
3521,»,--,PUNCT,punct,3523,Verehrtester
3522,O,O,PROPN,pnc,3523,Verehrtester
3523,Verehrtester,Verehrtester,NOUN,sb,3526,sagte
3524,",",--,PUNCT,punct,3526,sagte
3525,«,--,PUNCT,punct,3526,sagte
3526,sagte,sagen,VERB,ROOT,3526,sagte
3527,Stöcklein,Stöcklein,PROPN,sb,3526,sagte
3528,zurückweichend,zurückweichend,ADV,mo,3531,fangen
3529,",",--,PUNCT,punct,3531,fangen
3530,»,--,PUNCT,punct,3531,fangen
3531,fangen,fangen,VERB,ROOT,3531,fangen
3532,Sie,sie,PRON,sb,3531,fangen
3533,unten,unten,ADV,mo,3531,fangen
3534,wieder,wieder,ADV,mo,3531,fangen
3535,an,an,ADP,svp,3531,fangen
3536,",",--,PUNCT,punct,3531,fangen
3537,ich,ich,PRON,sb,3538,höre
3538,höre,hören,VERB,cj,3531,fangen
3539,nichts,nichts,PRON,oa,3538,höre
3540,.,--,PUNCT,punct,3531,fangen
3541,«,--,PUNCT,punct,3531,fangen
3542,»,--,PUNCT,punct,3545,erriet
3543,Aber,aber,CCONJ,ju,3545,erriet
3544,ich,ich,PRON,sb,3545,erriet
3545,erriet,erriet,VERB,ROOT,3545,erriet
3546,",",--,PUNCT,punct,3548,sagt
3547,«,--,PUNCT,punct,3548,sagt
3548,sagt,sagen,VERB,oc,3545,erriet
3549,',--,PUNCT,punct,3548,sagt
3550,ich,ich,PRON,sb,3548,sagt
3551,unten,unten,ADV,mo,3548,sagt
3552,am,an,ADP,mo,3548,sagt
3553,Leiterfuße,Leiterfuße,PROPN,nk,3552,am
3554,",",--,PUNCT,punct,3548,sagt
3555,»,--,PUNCT,punct,3548,sagt
3556,den,der,DET,nk,3557,Braven
3557,Braven,brave,NOUN,da,3548,sagt
3558,schon,schon,ADV,mo,3559,längst
3559,längst,längst,ADV,mo,3548,sagt
3560,",",--,PUNCT,punct,3548,sagt
3561,und,und,CCONJ,cd,3548,sagt
3562,zwar,zwar,ADV,mo,3563,aus
3563,aus,aus,ADP,ROOT,3563,aus
3564,seinem,sein,DET,nk,3565,Geruche
3565,Geruche,Geruche,NOUN,nk,3563,aus
3566,.,--,PUNCT,punct,3563,aus
3567,Junge,jung,ADJ,nk,3568,Garnisonsoffiziere
3568,Garnisonsoffiziere,Garnisonsoffiziere,NOUN,ROOT,3568,Garnisonsoffiziere
3569,",",--,PUNCT,punct,3568,Garnisonsoffiziere
3570,wenn,wenn,SCONJ,cp,3572,parfümiert
3571,sie,sie,PRON,sb,3572,parfümiert
3572,parfümiert,parfümieren,VERB,mo,3568,Garnisonsoffiziere
3573,(,--,PUNCT,punct,3574,wohlberäuchert
3574,wohlberäuchert,wohlberäuchert,VERB,pd,3577,sind
3575,),--,PUNCT,punct,3574,wohlberäuchert
3576,genug,genug,ADV,mo,3574,wohlberäuchert
3577,sind,sein,AUX,oc,3586,damaszierten
3578,",",--,PUNCT,punct,3579,haben
3579,haben,haben,AUX,ROOT,3579,haben
3580,das,der,DET,nk,3581,Zeichen
3581,Zeichen,Zeichen,NOUN,sb,3579,haben
3582,",",--,PUNCT,punct,3581,Zeichen
3583,woran,woran,SCONJ,op,3586,damaszierten
3584,man,man,PRON,sb,3586,damaszierten
3585,echten,echt,ADJ,mo,3586,damaszierten
3586,damaszierten,damasziert,VERB,oc,3581,Zeichen
3587,Stahl,Stahl,NOUN,sb,3588,erkennt
3588,erkennt,erkennen,VERB,ROOT,3588,erkennt
3589,",",--,PUNCT,punct,3588,erkennt
3590,daß,daß,SCONJ,cp,3596,aushaucht
3591,er,er,PRON,sb,3596,aushaucht
3592,nämlich,nämlich,ADV,mo,3596,aushaucht
3593,einen,ein,DET,nk,3595,Parfüm
3594,unvertilgbaren,unvertilgbar,ADJ,nk,3595,Parfüm
3595,Parfüm,Parfüm,NOUN,oa,3596,aushaucht
3596,aushaucht,aushaucht,VERB,oc,3588,erkennt
3597,;,--,PUNCT,punct,3588,erkennt
3598,etwas,etwas,PRON,ROOT,3598,etwas
3599,Einziges,einzig,PRON,ROOT,3599,Einziges
3600,an,an,ADP,mnr,3599,Einziges
3601,einem,ein,DET,nk,3602,Metalle
3602,Metalle,Metall,NOUN,nk,3600,an
3603,!,--,PUNCT,punct,3599,Einziges
3604,Die,der,DET,nk,3606,Ähnlichkeit
3605,gewöhnliche,gewöhnlich,ADJ,nk,3606,Ähnlichkeit
3606,Ähnlichkeit,Ähnlichkeit,NOUN,ROOT,3606,Ähnlichkeit
3607,mit,mit,ADP,op,3606,Ähnlichkeit
3608,dem,der,DET,nk,3609,Damaszener-Säbel
3609,Damaszener-Säbel,Damaszener-Säbel,NOUN,nk,3607,mit
3610,–,--,PUNCT,punct,3616,hauen
3611,in,in,ADP,mo,3616,hauen
3612,das,der,DET,nk,3613,Eisen
3613,Eisen,Eisen,NOUN,nk,3611,in
3614,Scharten,Scharte,NOUN,oa,3616,hauen
3615,zu,zu,PART,pm,3616,hauen
3616,hauen,hauen,VERB,oc,3623,bringt
3617,",",--,PUNCT,punct,3616,hauen
3618,ohne,ohne,SCONJ,cp,3621,bekommen
3619,eigene,eigen,NOUN,oa,3621,bekommen
3620,zu,zu,PART,pm,3621,bekommen
3621,bekommen,bekommen,VERB,mo,3616,hauen
3622,–,--,PUNCT,punct,3623,bringt
3623,bringt,bringen,VERB,ROOT,3623,bringt
3624,der,der,DET,dep,3623,bringt
3625,wohlriechende,wohlriechende,ADV,nk,3626,Offizier
3626,Offizier,Offizier,NOUN,ROOT,3626,Offizier
3627,nicht,nicht,PART,ng,3626,Offizier
3628,sowohl,sowohl,CCONJ,cd,3629,in
3629,in,in,ADP,mo,3626,Offizier
3630,den,der,DET,nk,3631,Krieg
3631,Krieg,Krieg,NOUN,nk,3629,in
3632,als,als,ADP,cm,3633,aus
3633,aus,aus,ADP,cc,3629,in
3634,dem,der,DET,nk,3635,Kriege
3635,Kriege,Krieg,NOUN,nk,3633,aus
3636,",",--,PUNCT,punct,3635,Kriege
3637,der,der,PRON,ag,3626,Offizier
3638,ihn,ihn,PRON,cj,3626,Offizier
3639,",",--,PUNCT,punct,3626,Offizier
3640,wie,wie,ADP,cm,3642,Stahl
3641,den,der,DET,nk,3642,Stahl
3642,Stahl,Stahl,NOUN,ROOT,3642,Stahl
3643,",",--,PUNCT,punct,3642,Stahl
3644,33,33,NUM,sb,3646,abkühlt
3645,wechselnd,wechselnd,ADV,mo,3646,abkühlt
3646,abkühlt,abkühlt,VERB,par,3642,Stahl
3647,und,und,CCONJ,cd,3646,abkühlt
3648,erhitzt,erhitzen,VERB,cj,3647,und
3649,",",--,PUNCT,punct,3648,erhitzt
3650,so,so,ADV,ROOT,3650,so
3651,daß,daß,SCONJ,cp,3652,er
3652,er,er,PRON,cc,3650,so
3653,bei,bei,ADP,mnr,3652,er
3654,dem,der,DET,nk,3653,bei
3655,Friedensschlusse,Friedensschlusse,NOUN,sb,3659,dasteht
3656,als,als,ADP,mo,3659,dasteht
3657,ein,ein,DET,nk,3658,Mann
3658,Mann,Mann,NOUN,nk,3656,als
3659,dasteht,dastehen,VERB,ROOT,3659,dasteht
3660,",",--,PUNCT,punct,3659,dasteht
3661,der,der,PRON,sb,3666,taugt
3662,jede,jeder,DET,nk,3663,Stunde
3663,Stunde,Stunde,NOUN,oa,3666,taugt
3664,ins,in,ADP,mo,3666,taugt
3665,Feld,Feld,NOUN,nk,3664,ins
3666,taugt,taugen,VERB,rc,3658,Mann
3667,.,--,PUNCT,punct,3659,dasteht
3668,Wenn,wenn,SCONJ,ROOT,3668,Wenn
3669,ich,ich,PRON,sb,3668,Wenn
3670,sonst,sonst,ADV,mo,3671,wollte
3671,wollte,wollen,VERB,mo,3673,könnte
3672,",",--,PUNCT,punct,3673,könnte
3673,könnte,können,AUX,ROOT,3673,könnte
3674,ich,ich,PRON,sb,3673,könnte
3675,das,der,DET,nk,3676,Gleichnis
3676,Gleichnis,Gleichnis,NOUN,oa,3673,könnte
3677,noch,noch,ADV,mo,3678,zu
3678,zu,zu,ADP,mo,3673,könnte
3679,einem,ein,DET,nk,3681,Spruche
3680,triftigen,triftig,ADJ,nk,3681,Spruche
3681,Spruche,Spruche,NOUN,nk,3678,zu
3682,steigern,steigern,VERB,ROOT,3682,steigern
3683,:,--,PUNCT,punct,3682,steigern
3684,der,der,DET,nk,3686,Mann
3685,rechte,rechter,ADJ,nk,3686,Mann
3686,Mann,Mann,NOUN,sb,3687,sei
3687,sei,sein,AUX,oc,3682,steigern
3688,scharf,scharf,ADV,mo,3687,sei
3689,gegen,gegen,ADP,mo,3688,scharf
3690,Angriff,Angriff,NOUN,nk,3689,gegen
3691,",",--,PUNCT,punct,3687,sei
3692,und,und,CCONJ,cd,3687,sei
3693,doch,doch,ADV,mo,3695,anmutig
3694,zugleich,zugleich,ADV,mo,3693,doch
3695,anmutig,anmutig,ADV,pd,3682,steigern
3696,genug,genug,ADV,mnr,3705,Eisen
3697,;,--,PUNCT,punct,3696,genug
3698,wie,wie,ADP,cm,3700,Damaszener
3699,der,der,DET,nk,3700,Damaszener
3700,Damaszener,Damaszener,NOUN,cc,3696,genug
3701,",",--,PUNCT,punct,3700,Damaszener
3702,zerhau,Zerhau,NOUN,cj,3700,Damaszener
3703,',--,PUNCT,punct,3700,Damaszener
3704,er,er,PRON,cj,3702,zerhau
3705,Eisen,Eisen,NOUN,ROOT,3705,Eisen
3706,und,und,CCONJ,cd,3705,Eisen
3707,hauche,hauch,ADJ,nk,3708,Blumenduft
3708,Blumenduft,Blumenduft,NOUN,cj,3706,und
3709,.,--,PUNCT,punct,3705,Eisen
3710,«,--,PUNCT,ROOT,3710,«
3711,Der,der,DET,nk,3712,Buchhändler
3712,Buchhändler,Buchhändler,NOUN,sb,3713,konnte
3713,konnte,können,AUX,ROOT,3713,konnte
3714,die,der,DET,nk,3716,Hand
3715,rechte,rechter,ADJ,nk,3716,Hand
3716,Hand,Hand,NOUN,oa,3721,bringen
3717,nicht,nicht,PART,ng,3713,konnte
3718,aus,aus,ADP,mo,3721,bringen
3719,der,der,DET,nk,3720,Tasche
3720,Tasche,Tasche,NOUN,nk,3718,aus
3721,bringen,bringen,VERB,oc,3713,konnte
3722,.,--,PUNCT,punct,3713,konnte
3723,Die,der,DET,nk,3724,Nacht
3724,Nacht,Nacht,NOUN,sb,3736,uns
3725,verdroß,verdroß,ADV,mnr,3724,Nacht
3726,manchen,mancher,PRON,oa,3725,verdroß
3727,von,von,ADP,pg,3726,manchen
3728,uns,uns,PRON,nk,3727,von
3729,",",--,PUNCT,punct,3724,Nacht
3730,weil,weil,SCONJ,cp,3735,Herschießen
3731,das,der,DET,nk,3735,Herschießen
3732,einfältige,einfältig,ADJ,nk,3735,Herschießen
3733,Hin-,Hin,X,cj,3734,und
3734,und,und,CCONJ,cd,3735,Herschießen
3735,Herschießen,Herschieße,NOUN,mo,3724,Nacht
3736,uns,uns,PRON,ROOT,3736,uns
3737,bald,bald,ADV,mo,3741,störte
3738,im,in,ADP,mo,3741,störte
3739,ersten,erster,ADJ,nk,3740,Schlafe
3740,Schlafe,Schlafe,NOUN,nk,3738,im
3741,störte,stören,VERB,ROOT,3741,störte
3742,",",--,PUNCT,punct,3741,störte
3743,bald,bald,ADV,mo,3744,im
3744,im,in,ADP,mo,3741,störte
3745,zweiten,zweiter,ADJ,nk,3744,im
3746,",",--,PUNCT,punct,3744,im
3747,bald,bald,ADV,mo,3748,im
3748,im,in,ADP,mo,3741,störte
3749,dritten,dritter,ADJ,nk,3748,im
3750,.,--,PUNCT,punct,3741,störte
3751,Wird,werden,AUX,ROOT,3751,Wird
3752,denn,denn,ADV,mo,3751,Wird
3753,der,der,DET,sb,3751,Wird
3754,Gottesfrieden,gottesfrieden,NOUN,ROOT,3754,Gottesfrieden
3755,des,der,DET,nk,3756,Schlafs
3756,Schlafs,Schlaf,NOUN,ag,3754,Gottesfrieden
3757,gar,gar,ADV,mo,3759,wenig
3758,so,so,ADV,mo,3759,wenig
3759,wenig,wenig,ADV,mo,3762,respektiert
3760,bei,bei,ADP,mo,3762,respektiert
3761,Belagerungen,Belagerung,NOUN,nk,3760,bei
3762,respektiert,respektieren,VERB,oc,3754,Gottesfrieden
3763,?,--,PUNCT,punct,3754,Gottesfrieden
3764,fragt,fragen,VERB,ROOT,3764,fragt
3765,',--,PUNCT,punct,3764,fragt
3766,ich,ich,PRON,ROOT,3766,ich
3767,.,--,PUNCT,punct,3766,ich
3768,Schlaftrunken,Schlaftrunk,NOUN,oa,3772,guckt
3769,und,und,CCONJ,cd,3768,Schlaftrunken
3770,ungemein,ungemein,ADV,mo,3771,verdrießlich
3771,verdrießlich,verdrießlich,ADV,cj,3769,und
3772,guckt,guckt,VERB,ROOT,3772,guckt
3773,',--,PUNCT,punct,3772,guckt
3774,ich,ich,PRON,sb,3772,guckt
3775,aus,aus,ADP,mo,3772,guckt
3776,der,der,DET,nk,3777,Sakristei
3777,Sakristei,Sakristei,NOUN,nk,3775,aus
3778,in,in,ADP,mo,3772,guckt
3779,das,der,DET,nk,3780,Kirchenschiff
3780,Kirchenschiff,Kirchenschiff,NOUN,ROOT,3780,Kirchenschiff
3781,und,und,CCONJ,cd,3780,Kirchenschiff
3782,dessen,der,PRON,ag,3784,Schiffsmannschaft
3783,wache,wach,ADJ,nk,3784,Schiffsmannschaft
3784,Schiffsmannschaft,Schiffsmannschaft,NOUN,cj,3781,und
3785,hinaus,hinaus,ADP,mnr,3780,Kirchenschiff
3786,;,--,PUNCT,punct,3780,Kirchenschiff
3787,ergötzte,ergötzen,VERB,ROOT,3787,ergötzte
3788,mich,mich,PRON,oa,3787,ergötzte
3789,doch,doch,ADV,mo,3787,ergötzte
3790,aber,aber,CCONJ,ROOT,3790,aber
3791,einigermaßen,einigermaßen,ADV,mo,3792,an
3792,an,an,ADP,cj,3790,aber
3793,der,der,DET,nk,3794,Beleuchtung
3794,Beleuchtung,Beleuchtung,NOUN,nk,3792,an
3795,durch,durch,ADP,mnr,3794,Beleuchtung
3796,die,der,DET,nk,3797,Wachslichter
3797,Wachslichter,Wachslichter,NOUN,nk,3795,durch
3798,auf,auf,ADP,mo,3792,an
3799,dem,der,DET,nk,3800,Altar
3800,Altar,Altar,NOUN,nk,3798,auf
3801,und,und,CCONJ,cd,3798,auf
3802,durch,durch,ADP,ROOT,3802,durch
3803,einen,ein,DET,nk,3805,Kronleuchter
3804,schlechten,schlecht,ADJ,nk,3805,Kronleuchter
3805,Kronleuchter,Kronleuchter,NOUN,nk,3802,durch
3806,",",--,PUNCT,punct,3805,Kronleuchter
3807,der,der,PRON,sb,3811,in
3808,statt,statt,ADP,mnr,3807,der
3809,des,der,DET,nk,3810,Tauf-Engels
3810,Tauf-Engels,Tauf-Engel,NOUN,nk,3808,statt
3811,in,in,ADP,rc,3805,Kronleuchter
3812,der,der,DET,nk,3813,Mitte
3813,Mitte,Mitte,NOUN,nk,3811,in
3814,hing,Hing,PROPN,ROOT,3814,hing
3815,.,--,PUNCT,punct,3814,hing
3816,Mehrere,mehrere,DET,nk,3818,Juden
3817,eingelaufene,eingelaufen,ADJ,nk,3818,Juden
3818,Juden,Jude,NOUN,sb,3819,waren
3819,waren,sein,AUX,ROOT,3819,waren
3820,so,so,ADV,mo,3821,froh
3821,froh,froh,ADV,pd,3819,waren
3822,wie,wie,ADP,cm,3824,Fische
3823,die,der,DET,nk,3824,Fische
3824,Fische,Fisch,NOUN,cc,3820,so
3825,34,34,NUM,nk,3824,Fische
3826,im,in,ADP,mo,3821,froh
3827,Wasser,Wasser,NOUN,nk,3826,im
3828,",",--,PUNCT,punct,3821,froh
3829,das,der,PRON,dep,3819,waren
3830,kocht,kochen,VERB,ROOT,3830,kocht
3831,",",--,PUNCT,punct,3830,kocht
3832,wiewohl,wiewohl,SCONJ,cp,3841,Besseres
3833,sie,sie,PRON,sb,3841,Besseres
3834,für,für,ADP,mnr,3833,sie
3835,ihren,ihr,DET,nk,3836,Interimsübertritt
3836,Interimsübertritt,Interimsübertritt,NOUN,nk,3834,für
3837,in,in,ADP,mo,3834,für
3838,unsere,unser,DET,nk,3839,Kirche
3839,Kirche,Kirche,NOUN,nk,3837,in
3840,etwas,etwas,DET,nk,3841,Besseres
3841,Besseres,Besseres,NOUN,mo,3830,kocht
3842,verdienten,verdienen,VERB,ROOT,3842,verdienten
3843,.,--,PUNCT,punct,3842,verdienten
3844,Plötzlich,plötzlich,ADV,mo,3845,schlug
3845,schlug,schlagen,VERB,ROOT,3845,schlug
3846,gar,gar,ADV,mo,3847,eine
3847,eine,ein,DET,nk,3848,Bombe
3848,Bombe,Bombe,NOUN,sb,3845,schlug
3849,auf,auf,ADP,mo,3845,schlug
3850,unser,unser,DET,nk,3851,Sturmdach
3851,Sturmdach,Sturmdach,NOUN,nk,3849,auf
3852,auf,auf,ADP,svp,3845,schlug
3853,",",--,PUNCT,punct,3845,schlug
3854,–,--,PUNCT,punct,3845,schlug
3855,alle,aller,PRON,dep,3845,schlug
3856,Schlaftrunkenheit,Schlaftrunkenheit,NOUN,sb,3857,war
3857,war,sein,AUX,ROOT,3857,war
3858,fort,fort,ADV,svp,3857,war
3859,–,--,PUNCT,punct,3857,war
3860,alle,aller,PRON,sb,3861,sahen
3861,sahen,sehen,VERB,cj,3857,war
3862,an,an,ADP,mo,3861,sahen
3863,die,der,DET,nk,3864,Kirchendecke
3864,Kirchendecke,Kirchendecke,NOUN,nk,3862,an
3865,und,und,CCONJ,cd,3861,sahen
3866,glaubten,glauben,VERB,cj,3865,und
3867,",",--,PUNCT,punct,3866,glaubten
3868,jeder,jeder,PRON,dep,3857,war
3869,daran,daran,ADV,mo,3870,gemalte
3870,gemalte,gemalen,VERB,ROOT,3870,gemalte
3871,Prophet,Prophet,NOUN,sb,3870,gemalte
3872,fahre,Fahre,PROPN,pnc,3873,hinunter
3873,hinunter,Hinunter,ADV,oa,3870,gemalte
3874,und,und,CCONJ,cd,3873,hinunter
3875,die,der,DET,nk,3876,Bombe
3876,Bombe,Bombe,NOUN,cj,3874,und
3877,ihm,ihm,PRON,da,3870,gemalte
3878,nach,nach,ADP,svp,3870,gemalte
3879,.,--,PUNCT,punct,3870,gemalte
3880,Die,der,DET,nk,3881,einkasernierte
3881,einkasernierte,einkasernierter,ADJ,ROOT,3881,einkasernierte
3882,Judenschaft,Judenschaft,NOUN,sb,3883,verwandelte
3883,verwandelte,verwandeln,VERB,ROOT,3883,verwandelte
3884,die,der,DET,nk,3885,Nepomukskirche
3885,Nepomukskirche,Nepomukskirche,NOUN,oa,3883,verwandelte
3886,in,in,ADP,mo,3883,verwandelte
3887,eine,ein,DET,nk,3888,Casualsynagoge
3888,Casualsynagoge,Casualsynagoge,NOUN,nk,3886,in
3889,und,und,CCONJ,cd,3883,verwandelte
3890,schrie,schreien,VERB,cj,3889,und
3891,Zions,Zion,X,ROOT,3891,Zions
3892,oder,oder,CCONJ,cd,3891,Zions
3893,dergleichen,dergleichen,VERB,cj,3892,oder
3894,",",--,PUNCT,punct,3891,Zions
3895,denn,denn,CCONJ,cd,3891,Zions
3896,für,für,ADP,mo,3898,nahm
3897,Beten,Bete,NOUN,nk,3896,für
3898,nahm,nehmen,VERB,cj,3895,denn
3899,ich,ich,PRON,sb,3898,nahm
3900,ihr,ihr,DET,nk,3901,Heulen
3901,Heulen,heulen,NOUN,oa,3898,nahm
3902,.,--,PUNCT,punct,3891,Zions
3903,Am,an,ADP,ROOT,3903,Am
3904,Tage,Tag,NOUN,nk,3903,Am
3905,indes,indes,ADV,mo,3903,Am
3906,machten,machen,VERB,ROOT,3906,machten
3907,sie,sie,PRON,sb,3906,machten
3908,zum,zu,ADP,mo,3906,machten
3909,Glück,Glück,NOUN,nk,3908,zum
3910,einige,einiger,DET,nk,3911,Geschäfte
3911,Geschäfte,Geschäft,NOUN,oa,3906,machten
3912,im,in,ADP,mnr,3911,Geschäfte
3913,Tempel,Tempel,NOUN,nk,3912,im
3914,.,--,PUNCT,punct,3906,machten
3915,Auch,auch,ADV,mo,3916,hatten
3916,hatten,haben,AUX,ROOT,3916,hatten
3917,verschiedene,verschieden,ADJ,nk,3918,Betteljuden
3918,Betteljuden,Betteljude,NOUN,sb,3916,hatten
3919,in,in,ADP,mnr,3918,Betteljuden
3920,Kompanie,Kompanie,NOUN,nk,3919,in
3921,einen,ein,DET,nk,3923,Juden
3922,reichen,reich,ADJ,nk,3923,Juden
3923,Juden,Jude,NOUN,oa,3916,hatten
3924,",",--,PUNCT,punct,3923,Juden
3925,der,der,PRON,dep,3916,hatten
3926,bei,bei,ADP,mnr,3925,der
3927,einer,ein,DET,nk,3928,Klosterversteigerung
3928,Klosterversteigerung,Klosterversteigerung,NOUN,da,3934,Beichtstühle
3929,und,und,CCONJ,cd,3928,Klosterversteigerung
3930,Zerstörung,Zerstörung,NOUN,cj,3929,und
3931,mehrere,mehrere,DET,nk,3934,Beichtstühle
3932,gut,gut,ADV,mo,3933,erhaltene
3933,erhaltene,erhalten,ADJ,nk,3934,Beichtstühle
3934,Beichtstühle,Beichtstuhl,NOUN,ROOT,3934,Beichtstühle
3935,und,und,CCONJ,ju,3937,erstanden
3936,Altäre,Altär,NOUN,cj,3935,und
3937,erstanden,erstanden,VERB,ROOT,3937,erstanden
3938,",",--,PUNCT,punct,3937,erstanden
3939,solche,solcher,PRON,sb,3943,abgemietet
3940,für,für,ADP,op,3943,abgemietet
3941,die,der,DET,nk,3942,Kirche
3942,Kirche,Kirche,NOUN,nk,3940,für
3943,abgemietet,abmieten,VERB,cj,3937,erstanden
3944,",",--,PUNCT,punct,3937,erstanden
3945,teils,teils,ADV,mo,3946,um
3946,um,um,ADP,mo,3937,erstanden
3947,die,der,DET,nk,3948,Altäre
3948,Altäre,Altär,NOUN,nk,3946,um
3949,wieder,wieder,ADV,mo,3954,vermieten
3950,an,an,ADP,mo,3954,vermieten
3951,die,der,DET,nk,3952,Geistlichkeiten
3952,Geistlichkeiten,Geistlichkeit,NOUN,nk,3950,an
3953,zu,zu,PART,pm,3954,vermieten
3954,vermieten,vermieten,VERB,ROOT,3954,vermieten
3955,–,--,PUNCT,punct,3954,vermieten
3956,da,da,SCONJ,cp,3957,bei
3957,bei,bei,ADP,mo,3954,vermieten
3958,den,der,DET,nk,3959,allgemeinen
3959,allgemeinen,allgemein,ADJ,nk,3957,bei
3960,Todesgefahren,Todesgefahr,NOUN,ROOT,3960,Todesgefahren
3961,und,und,CCONJ,cd,3960,Todesgefahren
3962,Sterbebetten,Sterbebett,NOUN,cj,3961,und
3963,so,so,ADV,mo,3964,viele
3964,viele,viele,PRON,nk,3968,Seelen
3965,gar,gar,ADV,mo,3966,nicht
3966,nicht,nicht,PART,ng,3967,eingepfarrte
3967,eingepfarrte,eingepfarrt,ADJ,nk,3968,Seelen
3968,Seelen,Seele,NOUN,cj,3960,Todesgefahren
3969,zum,zu,ADP,mnr,3968,Seelen
3970,letzten,letzter,ADJ,nk,3971,Male
3971,Male,Mal,NOUN,ROOT,3971,Male
3972,",",--,PUNCT,punct,3971,Male
3973,und,und,CCONJ,avc,3974,zwar
3974,zwar,zwar,ADV,mo,3975,täglich
3975,täglich,täglich,ADV,mo,3971,Male
3976,",",--,PUNCT,punct,3971,Male
3977,das,der,DET,nk,3978,Abendmahl
3978,Abendmahl,Abendmahl,NOUN,oa,3980,nehmen
3979,zu,zu,PART,pm,3980,nehmen
3980,nehmen,nehmen,VERB,oc,3981,wünschten
3981,wünschten,wünschen,VERB,rc,3971,Male
3982,",",--,PUNCT,punct,3981,wünschten
3983,–,--,PUNCT,punct,3971,Male
3984,teils,teils,ADV,mo,3985,um
3985,um,um,ADV,par,3971,Male
3986,die,der,DET,nk,3987,Beichtstühle
3987,Beichtstühle,Beichtstuhl,NOUN,oa,3990,bewohnen
3988,selber,selber,ADV,mnr,3987,Beichtstühle
3989,zu,zu,PART,pm,3990,bewohnen
3990,bewohnen,bewohnen,VERB,ROOT,3990,bewohnen
3991,und,und,CCONJ,cd,3990,bewohnen
3992,sich,sich,PRON,oa,3993,darin
3993,darin,darin,ADV,cj,3991,und
3994,",",--,PUNCT,punct,3993,darin
3995,35,35,NUM,pd,3998,kleinen
3996,wie,wie,ADP,cm,3997,in
3997,in,in,ADP,cc,3995,35
3998,kleinen,klein,ADJ,re,3993,darin
3999,Judengassen,Judengasse,NOUN,ROOT,3999,Judengassen
4000,",",--,PUNCT,punct,3999,Judengassen
4001,jüdisch,jüdisch,ADV,mo,4002,reiner
4002,reiner,rein,ADV,mo,4004,erhalten
4003,zu,zu,PART,pm,4004,erhalten
4004,erhalten,erhalten,VERB,oc,3999,Judengassen
4005,.,--,PUNCT,punct,3999,Judengassen
4006,Sogar,sogar,ADV,mo,4008,Bettler
4007,die,der,DET,nk,4008,Bettler
4008,Bettler,Bettler,NOUN,ROOT,4008,Bettler
4009,",",--,PUNCT,punct,4008,Bettler
4010,welche,welcher,PRON,sb,4015,nähren
4011,in,in,ADP,mo,4015,nähren
4012,der,der,DET,nk,4013,Kirche
4013,Kirche,Kirche,NOUN,nk,4011,in
4014,sich,sich,PRON,oa,4015,nähren
4015,nähren,nähren,VERB,oc,4018,wollten
4016,und,und,CCONJ,cd,4015,nähren
4017,schützen,schützen,VERB,cj,4016,und
4018,wollten,wollen,AUX,rc,4008,Bettler
4019,",",--,PUNCT,punct,4008,Bettler
4020,machten,machen,VERB,ROOT,4020,machten
4021,mehrere,mehrere,PRON,nk,4025,Geschäfte
4022,gar,gar,ADV,mo,4023,nicht
4023,nicht,nicht,PART,ng,4024,verächtliche
4024,verächtliche,verächtlich,ADJ,nk,4025,Geschäfte
4025,Geschäfte,Geschäft,NOUN,sb,4020,machten
4026,",",--,PUNCT,punct,4020,machten
4027,da,da,SCONJ,mo,4020,machten
4028,sie,sie,PRON,oa,4020,machten
4029,als,als,ADP,mnr,4028,sie
4030,ihre,ihr,DET,nk,4031,eigenen
4031,eigenen,eigen,ADJ,nk,4029,als
4032,Klingelbeutelträger,Klingelbeutelträger,NOUN,sb,4038,fanden
4033,herum,herum,ADP,mo,4032,Klingelbeutelträger
4034,sammelnd,sammelnd,ADV,mo,4038,fanden
4035,immer,immer,ADV,mo,4036,wahre
4036,wahre,wahr,ADJ,nk,4037,Christen
4037,Christen,Christ,NOUN,oa,4038,fanden
4038,fanden,finden,VERB,ROOT,4038,fanden
4039,",",--,PUNCT,punct,4038,fanden
4040,die,der,PRON,dep,4038,fanden
4041,sich,sich,PRON,oa,4042,gern
4042,gern,gern,ADV,mo,4038,fanden
4043,als,als,SCONJ,cp,4050,bezeigten
4044,solche,solcher,PRON,sb,4050,bezeigten
4045,vor,vor,ADP,op,4050,bezeigten
4046,einer,ein,DET,nk,4049,Gemeinde
4047,ganzen,ganz,ADJ,nk,4049,Gemeinde
4048,zustehenden,zustehend,ADJ,nk,4049,Gemeinde
4049,Gemeinde,Gemeinde,NOUN,nk,4045,vor
4050,bezeigten,bezeigen,VERB,ROOT,4050,bezeigten
4051,und,und,CCONJ,cd,4050,bezeigten
4052,täglich,täglich,ADV,cj,4051,und
4053,einen,ein,DET,sb,4050,bezeigten
4054,Pfennig,Pfennig,NOUN,oa,4055,heropferten
4055,heropferten,heropferten,VERB,ROOT,4055,heropferten
4056,",",--,PUNCT,punct,4055,heropferten
4057,zumal,zumal,ADV,cp,4058,in
4058,in,in,ADP,mo,4055,heropferten
4059,solcher,solcher,DET,nk,4060,Angst
4060,Angst,Angst,NOUN,nk,4058,in
4061,.,--,PUNCT,punct,4055,heropferten
4062,Nur,nur,ADV,mo,4063,hatte
4063,hatte,haben,AUX,ROOT,4063,hatte
4064,die,der,DET,nk,4065,kirchliche
4065,kirchliche,kirchlich,ADJ,sb,4063,hatte
4066,Bettlerschaft,Bettlerschaft,NOUN,ROOT,4066,Bettlerschaft
4067,vielen,vieler,DET,nk,4068,Verdruß
4068,Verdruß,Verdruß,NOUN,oa,4066,Bettlerschaft
4069,und,und,CCONJ,cd,4068,Verdruß
4070,Kampf,Kampf,NOUN,cj,4069,und
4071,mit,mit,ADP,mnr,4068,Verdruß
4072,einem,ein,DET,nk,4075,Ehepaar
4073,alten,alt,ADJ,nk,4075,Ehepaar
4074,bettelnden,bettelnd,ADJ,nk,4075,Ehepaar
4075,Ehepaar,Ehepaar,NOUN,nk,4071,mit
4076,",",--,PUNCT,punct,4075,Ehepaar
4077,das,der,PRON,cj,4075,Ehepaar
4078,",",--,PUNCT,punct,4066,Bettlerschaft
4079,seit,seit,ADP,mo,4085,seßhaft
4080,Jahren,Jahr,NOUN,nk,4079,seit
4081,vor,vor,ADP,mo,4085,seßhaft
4082,der,der,DET,nk,4084,Kirchtür
4083,großen,groß,ADJ,nk,4084,Kirchtür
4084,Kirchtür,Kirchtür,NOUN,nk,4081,vor
4085,seßhaft,seßhaft,ADV,ROOT,4085,seßhaft
4086,",",--,PUNCT,punct,4085,seßhaft
4087,jetzt,jetzt,ADV,mo,4089,hereingetreten
4088,auch,auch,ADV,mo,4089,hereingetreten
4089,hereingetreten,hereingetreten,VERB,oc,4090,war
4090,war,sein,AUX,cj,4085,seßhaft
4091,und,und,CCONJ,cd,4090,war
4092,deshalb,deshalb,ADV,ROOT,4092,deshalb
4093,eine,ein,DET,nk,4094,Art
4094,Art,Art,NOUN,oa,4102,behaupten
4095,Recht,Recht,NOUN,nk,4094,Art
4096,auf,auf,ADP,op,4102,behaupten
4097,die,der,DET,nk,4098,Almosenladung
4098,Almosenladung,Almosenladung,NOUN,nk,4096,auf
4099,des,der,DET,nk,4100,Kirchenschiffs
4100,Kirchenschiffs,Kirchenschiff,NOUN,ag,4098,Almosenladung
4101,zu,zu,PART,pm,4102,behaupten
4102,behaupten,behaupten,VERB,re,4092,deshalb
4103,wagte,wagen,VERB,ROOT,4103,wagte
4104,.,--,PUNCT,punct,4103,wagte
4105,Nach,nach,ADP,mo,4109,hat
4106,meiner,mein,DET,nk,4107,Ansicht
4107,Ansicht,Ansicht,NOUN,nk,4105,Nach
4108,aber,aber,ADV,mo,4109,hat
4109,hat,haben,AUX,ROOT,4109,hat
4110,hier,hier,ADV,mo,4109,hat
4111,das,der,DET,nk,4112,Bettlerpaar
4112,Bettlerpaar,Bettlerpaar,NOUN,sb,4109,hat
4113,weit,weit,ADV,mo,4114,mehr
4114,mehr,mehr,DET,nk,4115,Eigennutz
4115,Eigennutz,Eigennutz,NOUN,oa,4109,hat
4116,als,als,ADP,ROOT,4116,als
4117,Recht,Recht,NOUN,nk,4116,als
4118,.,--,PUNCT,punct,4116,als
4119,Am,an,ADP,mo,4121,verließ
4120,Morgen,Morgen,NOUN,nk,4119,Am
4121,verließ,verlassen,VERB,ROOT,4121,verließ
4122,ich,ich,PRON,sb,4121,verließ
4123,den,der,DET,nk,4124,Kirchenarrest
4124,Kirchenarrest,Kirchenarrest,NOUN,oa,4121,verließ
4125,ein,ein,DET,nk,4126,wenig
4126,wenig,wenig,PRON,mo,4121,verließ
4127,und,und,CCONJ,cd,4126,wenig
4128,strich,Strich,NOUN,cj,4127,und
4129,–,--,PUNCT,punct,4121,verließ
4130,mit,mit,ADP,mo,4121,verließ
4131,Stöcklein,Stöcklein,NOUN,nk,4130,mit
4132,neben,neben,ADP,ROOT,4132,neben
4133,mir,mir,PRON,nk,4132,neben
4134,–,--,PUNCT,punct,4133,mir
4135,in,in,ADP,mo,4132,neben
4136,den,der,DET,nk,4137,Gassen
4137,Gassen,Gasse,NOUN,nk,4135,in
4138,umher,umher,ADV,mo,4132,neben
4139,.,--,PUNCT,punct,4132,neben
4140,Wir,wir,PRON,sb,4141,gingen
4141,gingen,gehen,VERB,ROOT,4141,gingen
4142,in,in,ADP,mo,4141,gingen
4143,den,der,DET,nk,4145,Keller
4144,italienischen,italienisch,ADJ,nk,4145,Keller
4145,Keller,Keller,NOUN,nk,4142,in
4146,",",--,PUNCT,punct,4145,Keller
4147,wo,wo,SCONJ,mo,4141,gingen
4148,wir,wir,PRON,pd,4141,gingen
4149,den,der,DET,nk,4151,Mann
4150,fröhlichsten,fröhlichsten,ADJ,nk,4151,Mann
4151,Mann,Mann,NOUN,oa,4154,fanden
4152,der,der,DET,nk,4153,Festung
4153,Festung,Festung,NOUN,ag,4151,Mann
4154,fanden,finden,VERB,ROOT,4154,fanden
4155,",",--,PUNCT,punct,4154,fanden
4156,den,der,DET,nk,4157,Italiener
4157,Italiener,Italiener,NOUN,app,4151,Mann
4158,",",--,PUNCT,punct,4154,fanden
4159,weil,weil,SCONJ,cp,4161,Keller
4160,sein,sein,DET,nk,4161,Keller
4161,Keller,Keller,NOUN,ROOT,4161,Keller
4162,zugleich,zugleich,ADV,mo,4164,Sturmdach
4163,ein,ein,DET,nk,4164,Sturmdach
4164,Sturmdach,Sturmdach,NOUN,pd,4174,gewesen
4165,und,und,CCONJ,cd,4164,Sturmdach
4166,ein,ein,DET,nk,4167,Himmel
4167,Himmel,Himmel,NOUN,cj,4165,und
4168,36,36,NUM,nk,4167,Himmel
4169,voll,voll,ADP,mnr,4167,Himmel
4170,Manna,Manna,PROPN,nk,4169,voll
4171,für,für,ADP,mo,4174,gewesen
4172,seine,sein,DET,nk,4173,Gäste
4173,Gäste,Gast,NOUN,nk,4171,für
4174,gewesen,sein,AUX,ROOT,4174,gewesen
4175,.,--,PUNCT,punct,4174,gewesen
4176,Zu,zu,ADP,ROOT,4176,Zu
4177,letztem,Letztem,ADJ,da,4178,schlug
4178,schlug,schlagen,VERB,ROOT,4178,schlug
4179,ich,ich,PRON,sb,4178,schlug
4180,mich,sich,PRON,oa,4178,schlug
4181,–,--,PUNCT,punct,4178,schlug
4182,nur,nur,ADV,mo,4183,Stöcklein
4183,Stöcklein,Stöcklein,PROPN,sb,4184,ließ
4184,ließ,lassen,VERB,cj,4178,schlug
4185,sich,sich,PRON,oa,4184,ließ
4186,weder,weder,CCONJ,cd,4187,vom
4187,vom,von,ADP,mo,4184,ließ
4188,Wirte,Wirt,NOUN,nk,4187,vom
4189,noch,noch,ADV,mo,4190,von
4190,von,von,ADP,mo,4184,ließ
4191,mir,mir,PRON,nk,4190,von
4192,etwas,etwas,PRON,oa,4193,geben
4193,geben,geben,VERB,ROOT,4193,geben
4194,;,--,PUNCT,punct,4193,geben
4195,–,--,PUNCT,punct,4200,erhob
4196,und,und,CCONJ,ju,4200,erhob
4197,nach,nach,ADP,mo,4200,erhob
4198,wenigen,weniger,DET,nk,4199,Gläsern
4199,Gläsern,Gläser,NOUN,nk,4197,nach
4200,erhob,erheben,VERB,ROOT,4200,erhob
4201,ich,ich,PRON,sb,4200,erhob
4202,die,der,DET,nk,4203,Ziebinger
4203,Ziebinger,Ziebinger,NOUN,oa,4200,erhob
4204,auf,auf,ADP,mo,4200,erhob
4205,Kosten,Kosten,NOUN,nk,4204,auf
4206,der,der,DET,svp,4200,erhob
4207,Fürsten,Fürst,NOUN,ROOT,4207,Fürsten
4208,.,--,PUNCT,punct,4207,Fürsten
4209,Denn,denn,CCONJ,ju,4211,sagte
4210,ich,ich,PRON,sb,4211,sagte
4211,sagte,sagen,VERB,ROOT,4211,sagte
4212,:,--,PUNCT,punct,4211,sagte
4213,»,--,PUNCT,punct,4217,machen
4214,Die,der,DET,nk,4216,Fürsten
4215,meisten,meister,DET,nk,4216,Fürsten
4216,Fürsten,Fürst,NOUN,sb,4217,machen
4217,machen,machen,VERB,oc,4211,sagte
4218,es,es,PRON,oa,4217,machen
4219,mit,mit,ADP,mo,4217,machen
4220,den,der,DET,nk,4221,Kriegern
4221,Kriegern,Krieger,NOUN,nk,4219,mit
4222,wie,wie,ADP,svp,4217,machen
4223,(,--,PUNCT,punct,4226,Vorwürfen
4224,nach,nach,ADP,mo,4229,Astronomen
4225,Lichtenbergs,Lichtenberg,PROPN,ag,4226,Vorwürfen
4226,Vorwürfen,Vorwurf,NOUN,nk,4224,nach
4227,),--,PUNCT,punct,4226,Vorwürfen
4228,die,der,DET,nk,4229,Astronomen
4229,Astronomen,Astronom,NOUN,ROOT,4229,Astronomen
4230,mit,mit,ADP,mnr,4229,Astronomen
4231,den,der,DET,nk,4232,Sternen
4232,Sternen,Stern,NOUN,nk,4230,mit
4233,",",--,PUNCT,punct,4232,Sternen
4234,welche,welcher,PRON,cj,4229,Astronomen
4235,sich,sich,PRON,oa,4229,Astronomen
4236,mehr,mehr,ADV,mo,4235,sich
4237,um,um,SCONJ,cp,4240,derselben
4238,die,der,DET,nk,4239,Bewegungen
4239,Bewegungen,Bewegung,NOUN,nk,4237,um
4240,derselben,derselbe,DET,ROOT,4240,derselben
4241,als,als,ADP,cm,4242,um
4242,um,um,ADP,op,4245,bekümmerten
4243,deren,der,PRON,ag,4244,Natur
4244,Natur,Natur,NOUN,nk,4242,um
4245,bekümmerten,bekümmerten,VERB,oc,4240,derselben
4246,.,--,PUNCT,punct,4240,derselben
4247,–,--,PUNCT,punct,4249,glauben
4248,Sie,sie,PRON,sb,4249,glauben
4249,glauben,glauben,VERB,ROOT,4249,glauben
4250,mit,mit,ADP,svp,4249,glauben
4251,Goldkörnern,Goldkörner,NOUN,ROOT,4251,Goldkörnern
4252,den,der,DET,nk,4253,Staat
4253,Staat,Staat,NOUN,oa,4256,besäen
4254,fruchtbar,fruchtbar,ADV,mo,4256,besäen
4255,zu,zu,PART,pm,4256,besäen
4256,besäen,besäen,VERB,oc,4251,Goldkörnern
4257,;,--,PUNCT,punct,4251,Goldkörnern
4258,Goldstaub,Goldstaub,NOUN,oa,4259,halten
4259,halten,halten,VERB,ROOT,4259,halten
4260,sie,sie,PRON,oa,4259,halten
4261,für,für,ADP,mo,4259,halten
4262,lebendigen,lebendig,NOUN,nk,4261,für
4263,Blumenstaub,Blumenstaub,PROPN,ROOT,4263,Blumenstaub
4264,",",--,PUNCT,punct,4263,Blumenstaub
4265,der,der,PRON,sb,4266,befruchtet
4266,befruchtet,befruchten,VERB,rc,4263,Blumenstaub
4267,und,und,CCONJ,cd,4266,befruchtet
4268,fortpflanzt,fortpflanzen,VERB,cj,4267,und
4269,.,--,PUNCT,punct,4263,Blumenstaub
4270,Indes,indes,ADV,mo,4271,verstehen
4271,verstehen,verstehen,VERB,ROOT,4271,verstehen
4272,sie,sie,PRON,sb,4271,verstehen
4273,doch,doch,ADV,mo,4271,verstehen
4274,wohl,wohl,ADV,mo,4271,verstehen
4275,mehr,mehr,PRON,ROOT,4275,mehr
4276,",",--,PUNCT,punct,4275,mehr
4277,als,als,SCONJ,cp,4279,vermuten
4278,wir,wir,PRON,sb,4279,vermuten
4279,vermuten,vermuten,VERB,cc,4275,mehr
4280,;,--,PUNCT,punct,4275,mehr
4281,man,man,PRON,sb,4282,denke
4282,denke,denken,VERB,ROOT,4282,denke
4283,an,an,ADP,op,4282,denke
4284,den,der,DET,nk,4286,Huber
4285,blinden,blind,ADJ,nk,4286,Huber
4286,Huber,Huber,NOUN,nk,4283,an
4287,(,--,PUNCT,punct,4289,Naturforscher
4288,den,der,DET,nk,4289,Naturforscher
4289,Naturforscher,Naturforscher,NOUN,app,4286,Huber
4290,),--,PUNCT,punct,4289,Naturforscher
4291,",",--,PUNCT,punct,4282,denke
4292,welcher,welcher,DET,ROOT,4292,welcher
4293,über,über,ADP,mnr,4298,Entdeckungen
4294,die,der,DET,nk,4295,Bienen
4295,Bienen,Bien,NOUN,nk,4293,über
4296,die,der,DET,nk,4298,Entdeckungen
4297,größten,groß,ADJ,nk,4298,Entdeckungen
4298,Entdeckungen,Entdeckung,NOUN,sb,4292,welcher
4299,bloß,bloß,ADV,mo,4300,dadurch
4300,dadurch,dadurch,ADV,mnr,4298,Entdeckungen
4301,ohne,ohne,ADP,mnr,4292,welcher
4302,alle,aller,DET,nk,4303,Augen
4303,Augen,Auge,NOUN,nk,4301,ohne
4304,machte,machen,VERB,ROOT,4304,machte
4305,",",--,PUNCT,punct,4304,machte
4306,daß,daß,SCONJ,cp,4307,er
4307,er,er,PRON,sb,4304,machte
4308,von,von,ADP,pg,4307,er
4309,seinem,sein,DET,nk,4310,Staatsbedienten
4310,Staatsbedienten,Staatsbedient,NOUN,nk,4308,von
4311,",",--,PUNCT,punct,4310,Staatsbedienten
4312,nämlich,nämlich,ADV,mo,4314,Bedienten
4313,seinem,sein,DET,nk,4314,Bedienten
4314,Bedienten,Bedienten,NOUN,app,4310,Staatsbedienten
4315,",",--,PUNCT,punct,4308,von
4316,sich,sich,PRON,da,4317,alles
4317,alles,alle,PRON,cj,4308,von
4318,sagen,sagen,VERB,oc,4319,ließ
4319,ließ,lassen,VERB,ROOT,4319,ließ
4320,",",--,PUNCT,punct,4319,ließ
4321,was,was,PRON,oa,4323,sah
4322,dieser,dieser,PRON,sb,4323,sah
4323,sah,sehen,VERB,sb,4319,ließ
4324,.,--,PUNCT,punct,4319,ließ
4325,«,--,PUNCT,punct,4318,sagen
4326,–,--,PUNCT,punct,4328,wurde
4327,Stöcklein,Stöcklein,NOUN,sb,4328,wurde
4328,wurde,werden,AUX,ROOT,4328,wurde
4329,glücklich,glücklich,ADV,pd,4328,wurde
4330,in,in,ADP,mo,4329,glücklich
4331,der,der,DET,nk,4332,Tasche
4332,Tasche,Tasche,NOUN,nk,4330,in
4333,",",--,PUNCT,punct,4332,Tasche
4334,seinem,sein,DET,dep,4328,wurde
4335,Glückshafen,Glückshafe,NOUN,ROOT,4335,Glückshafen
4336,.,--,PUNCT,punct,4335,Glückshafen
4337,Wir,wir,PRON,sb,4338,gingen
4338,gingen,gehen,VERB,ROOT,4338,gingen
4339,von,von,ADP,mo,4338,gingen
4340,da,da,ADV,nk,4339,von
4341,aus,aus,ADP,ac,4339,von
4342,zu,zu,ADP,mo,4338,gingen
4343,einem,ein,DET,nk,4344,Töpfer
4344,Töpfer,Töpfer,NOUN,nk,4342,zu
4345,",",--,PUNCT,punct,4338,gingen
4346,um,um,SCONJ,cp,4350,kaufen
4347,ein,ein,DET,nk,4348,Kabinettsgefäß
4348,Kabinettsgefäß,Kabinettsgefäß,NOUN,oa,4350,kaufen
4349,zu,zu,PART,pm,4350,kaufen
4350,kaufen,kaufen,VERB,mo,4338,gingen
4351,",",--,PUNCT,punct,4350,kaufen
4352,welches,welcher,PRON,oa,4338,gingen
4353,allerdings,allerdings,ADV,mo,4359,gehört
4354,nur,nur,ADV,mo,4355,dann
4355,dann,dann,ADV,mo,4359,gehört
4356,in,in,ADP,mo,4359,gehört
4357,eine,ein,DET,nk,4358,Kirche
4358,Kirche,Kirche,NOUN,nk,4356,in
4359,gehört,gehören,VERB,ROOT,4359,gehört
4360,",",--,PUNCT,punct,4359,gehört
4361,wenn,wenn,SCONJ,cp,4366,dasteht
4362,ein,ein,DET,nk,4363,Bett
4363,Bett,Bett,NOUN,sb,4366,dasteht
4364,37,37,NUM,nk,4363,Bett
4365,dazu,dazu,ADV,op,4366,dasteht
4366,dasteht,dastehen,VERB,mo,4359,gehört
4367,",",--,PUNCT,punct,4359,gehört
4368,worunter,Worunter,ADJ,nk,4369,man's
4369,man's,man's,NOUN,sb,4370,stellt
4370,stellt,stellen,VERB,ROOT,4370,stellt
4371,",",--,PUNCT,punct,4370,stellt
4372,sonst,sonst,ADV,mo,4373,nie
4373,nie,nie,ADV,mo,4370,stellt
4374,.,--,PUNCT,punct,4370,stellt
4375,»,--,PUNCT,punct,4378,Farbengebung
4376,Welche,welcher,DET,nk,4378,Farbengebung
4377,reine,rein,ADJ,nk,4378,Farbengebung
4378,Farbengebung,Farbengebung,NOUN,ROOT,4378,Farbengebung
4379,und,und,CCONJ,cd,4378,Farbengebung
4380,Zeichnung,Zeichnung,NOUN,cj,4379,und
4381,",",--,PUNCT,punct,4378,Farbengebung
4382,«,--,PUNCT,punct,4378,Farbengebung
4383,sagt,sagen,VERB,ROOT,4383,sagt
4384,',--,PUNCT,punct,4383,sagt
4385,ich,ich,PRON,sb,4383,sagt
4386,",",--,PUNCT,punct,4383,sagt
4387,als,als,SCONJ,cp,4392,hineinschaute
4388,ich,ich,PRON,sb,4392,hineinschaute
4389,in,in,ADP,mo,4392,hineinschaute
4390,das,der,DET,nk,4391,Gefäß
4391,Gefäß,Gefäß,NOUN,nk,4389,in
4392,hineinschaute,hineinschauen,VERB,mo,4383,sagt
4393,und,und,CCONJ,cd,4392,hineinschaute
4394,die,der,DET,nk,4395,Blumenstücke
4395,Blumenstücke,Blumenstücke,NOUN,cj,4393,und
4396,recht,recht,ADV,mo,4383,sagt
4397,ins,in,ADP,svp,4383,sagt
4398,Auge,Auge,NOUN,oa,4399,faßte
4399,faßte,fassen,VERB,ROOT,4399,faßte
4400,.,--,PUNCT,punct,4399,faßte
4401,»,--,PUNCT,punct,4402,Meister
4402,Meister,Meister,NOUN,sb,4413,sich
4403,",",--,PUNCT,punct,4402,Meister
4404,führ,Führ,NOUN,cj,4402,Meister
4405,',--,PUNCT,punct,4402,Meister
4406,Er,er,PRON,nk,4402,Meister
4407,so,so,ADV,mo,4402,Meister
4408,fort,fort,ADV,pd,4402,Meister
4409,und,und,CCONJ,cd,4402,Meister
4410,lief,laufen,VERB,cj,4409,und
4411,',--,PUNCT,punct,4402,Meister
4412,Er,er,PRON,nk,4402,Meister
4413,sich,sich,PRON,ROOT,4413,sich
4414,täglich,täglich,ADV,mo,4413,sich
4415,selber,selber,ADV,mo,4413,sich
4416,den,der,DET,ROOT,4416,den
4417,Rang,Rang,NOUN,ROOT,4417,Rang
4418,ab,ab,ADP,svp,4417,Rang
4419,!,--,PUNCT,punct,4417,Rang
4420,Meister,Meister,NOUN,ROOT,4420,Meister
4421,",",--,PUNCT,punct,4420,Meister
4422,ob,ob,SCONJ,cd,4420,Meister
4423,er,er,PRON,sb,4422,ob
4424,dann,dann,ADV,mo,4422,ob
4425,zuletzt,zuletzt,ADV,mo,4424,dann
4426,uns,uns,PRON,da,4428,mit
4427,nicht,nicht,PART,ng,4428,mit
4428,mit,mit,ADP,mo,4424,dann
4429,einer,ein,DET,nk,4431,oder
4430,Barbarini-,Barbarini,X,cj,4431,oder
4431,oder,oder,CCONJ,mo,4424,dann
4432,Portlandvase,Portlandvase,NOUN,oa,4433,überraschte
4433,überraschte,überraschen,VERB,ROOT,4433,überraschte
4434,?,--,PUNCT,punct,4433,überraschte
4435,Da,da,ADV,mo,4436,möcht
4436,möcht,möchen,VERB,ROOT,4436,möcht
4437,',--,PUNCT,punct,4436,möcht
4438,ich,ich,PRON,sb,4436,möcht
4439,den,der,DET,nk,4440,Mann
4440,Mann,Mann,NOUN,oa,4441,sehen
4441,sehen,sehen,VERB,oc,4436,möcht
4442,",",--,PUNCT,punct,4441,sehen
4443,der,der,PRON,sb,4445,herstellte
4444,sich,sich,PRON,oa,4445,herstellte
4445,herstellte,herstellen,VERB,rc,4440,Mann
4446,und,und,CCONJ,cd,4445,herstellte
4447,schwüre,schwüren,VERB,ROOT,4447,schwüre
4448,",",--,PUNCT,punct,4447,schwüre
4449,diese,dieser,PRON,nk,4450,könn
4450,könn,könn,NOUN,oa,4455,machen
4451,',--,PUNCT,punct,4450,könn
4452,er,er,PRON,app,4450,könn
4453,so,so,ADV,mo,4454,wenig
4454,wenig,wenig,PRON,mo,4455,machen
4455,machen,machen,VERB,oc,4447,schwüre
4456,",",--,PUNCT,punct,4455,machen
4457,wie,wie,SCONJ,cm,4460,Zauberer
4458,ein,ein,DET,nk,4460,Zauberer
4459,ägyptischer,ägyptisch,ADJ,nk,4460,Zauberer
4460,Zauberer,Zauberer,NOUN,mo,4455,machen
4461,eine,ein,DET,sb,4447,schwüre
4462,Laus,Laus,NOUN,ROOT,4462,Laus
4463,.,--,PUNCT,punct,4462,Laus
4464,«,--,PUNCT,punct,4462,Laus
4465,–,--,PUNCT,punct,4467,sollte
4466,Nur,nur,ADV,mo,4467,sollte
4467,sollte,sollen,AUX,ROOT,4467,sollte
4468,das,der,DET,nk,4469,Töpferhandwerk
4469,Töpferhandwerk,Töpferhandwerk,NOUN,sb,4467,sollte
4470,seine,sein,DET,nk,4471,Kunstwerke
4471,Kunstwerke,Kunstwerk,NOUN,oa,4467,sollte
4472,nicht,nicht,PART,ng,4467,sollte
4473,",",--,PUNCT,punct,4467,sollte
4474,wie,wie,SCONJ,cm,4475,Christen
4475,Christen,Christ,NOUN,mo,4467,sollte
4476,ihren,ihr,DET,nk,4477,Schmuck
4477,Schmuck,Schmuck,NOUN,oa,4481,anbringen
4478,",",--,PUNCT,punct,4481,anbringen
4479,bloß,bloß,ADV,mo,4480,innen
4480,innen,innen,ADV,mo,4481,anbringen
4481,anbringen,anbringen,VERB,ROOT,4481,anbringen
4482,.,--,PUNCT,punct,4481,anbringen
4483,Wie,wie,ADV,mo,4484,so
4484,so,so,ADV,mo,4485,mancher
4485,mancher,mancher,DET,nk,4486,Kunstliebhaber
4486,Kunstliebhaber,Kunstliebhaber,NOUN,sb,4487,muß
4487,muß,müssen,AUX,ROOT,4487,muß
4488,jetzt,jetzt,ADV,mo,4487,muß
4489,seine,sein,DET,nk,4490,Schüssel
4490,Schüssel,Schüssel,NOUN,oa,4494,aufessen
4491,saurer,saur,ADJ,nk,4492,Milch
4492,Milch,Milch,NOUN,ag,4490,Schüssel
4493,erst,erst,ADV,mo,4494,aufessen
4494,aufessen,aufessen,VERB,ROOT,4494,aufessen
4495,",",--,PUNCT,punct,4494,aufessen
4496,bis,bis,SCONJ,cp,4497,er
4497,er,er,PRON,mo,4494,aufessen
4498,allmählich,allmählich,ADV,mo,4497,er
4499,sich,sich,PRON,oa,4494,aufessen
4500,durch,durch,ADP,mnr,4499,sich
4501,den,der,DET,nk,4500,durch
4502,Löffel,Löffel,NOUN,ROOT,4502,Löffel
4503,ein,ein,DET,nk,4505,Blatt
4504,gemaltes,gemalt,ADJ,nk,4505,Blatt
4505,Blatt,Blatt,NOUN,pd,4502,Löffel
4506,nach,nach,ADP,mnr,4505,Blatt
4507,dem,der,DET,nk,4508,andern
4508,andern,anderer,NOUN,nk,4506,nach
4509,von,von,ADP,mnr,4508,andern
4510,dem,der,DET,nk,4513,Blumenstück
4511,Schüssel-,Schüssel,X,cj,4512,oder
4512,oder,oder,CCONJ,cd,4513,Blumenstück
4513,Blumenstück,Blumenstück,NOUN,nk,4509,von
4514,aufdeckt,aufdecken,VERB,ROOT,4514,aufdeckt
4515,",",--,PUNCT,punct,4514,aufdeckt
4516,so,so,ADV,mo,4523,genießt
4517,daß,daß,SCONJ,cp,4523,genießt
4518,er,er,PRON,sb,4523,genießt
4519,das,der,DET,nk,4520,Ganze
4520,Ganze,ganze,NOUN,oa,4523,genießt
4521,nicht,nicht,PART,ng,4523,genießt
4522,eher,eher,ADV,mo,4523,genießt
4523,genießt,genießen,VERB,mo,4514,aufdeckt
4524,",",--,PUNCT,punct,4523,genießt
4525,als,als,SCONJ,cm,4529,ist
4526,bis,bis,SCONJ,cp,4529,ist
4527,er,er,PRON,sb,4529,ist
4528,satt,satt,ADV,pd,4529,ist
4529,ist,sein,AUX,cc,4516,so
4530,?,--,PUNCT,punct,4514,aufdeckt
4531,Als,als,SCONJ,ROOT,4531,Als
4532,ich,ich,PRON,sb,4531,Als
4533,mich,sich,PRON,oa,4542,umsah
4534,aber,aber,ADV,mo,4542,umsah
4535,nach,nach,ADP,mo,4542,umsah
4536,einigen,einige,PRON,nk,4535,nach
4537,der,der,DET,nk,4539,Werke
4538,neuesten,neu,ADJ,nk,4539,Werke
4539,Werke,Werk,NOUN,ag,4536,einigen
4540,des,der,DET,nk,4541,Künstlers
4541,Künstlers,Künstler,NOUN,ag,4539,Werke
4542,umsah,umsehen,VERB,mo,4544,fand
4543,:,--,PUNCT,punct,4544,fand
4544,fand,finden,VERB,ROOT,4544,fand
4545,ich,ich,PRON,sb,4544,fand
4546,die,der,PRON,svp,4544,fand
4547,Blumenstücke,Blumenstücke,NOUN,ROOT,4547,Blumenstücke
4548,sämtlich,sämtlich,ADV,mnr,4547,Blumenstücke
4549,wie,wie,ADP,cm,4550,von
4550,von,von,ADP,sbp,4554,verzerrt
4551,einem,ein,DET,nk,4552,Höllenbreughel
4552,Höllenbreughel,Höllenbreughel,NOUN,nk,4550,von
4553,so,so,ADV,mo,4554,verzerrt
4554,verzerrt,verzerren,VERB,oc,4547,Blumenstücke
4555,und,und,CCONJ,cd,4554,verzerrt
4556,die,der,DET,nk,4557,Gefäße
4557,Gefäße,Gefäß,NOUN,cj,4555,und
4558,so,so,ADV,mo,4559,verdreht
4559,verdreht,verdrehen,VERB,ROOT,4559,verdreht
4560,",",--,PUNCT,punct,4559,verdreht
4561,daß,daß,SCONJ,cp,4565,befragte
4562,ich,ich,PRON,sb,4565,befragte
4563,ihn,ihn,PRON,oa,4565,befragte
4564,darüber,darüber,ADV,op,4565,befragte
4565,befragte,befragen,VERB,sb,4559,verdreht
4566,.,--,PUNCT,punct,4559,verdreht
4567,38,38,NUM,nk,4569,Ach
4568,»,--,PUNCT,punct,4569,Ach
4569,Ach,ach,INTJ,sb,4581,zittert
4570,",",--,PUNCT,punct,4572,sagte
4571,«,--,PUNCT,punct,4572,sagte
4572,sagte,sagen,VERB,ROOT,4572,sagte
4573,der,der,DET,nk,4574,Töpfer
4574,Töpfer,Töpfer,NOUN,sb,4572,sagte
4575,",",--,PUNCT,punct,4572,sagte
4576,»,--,PUNCT,punct,4581,zittert
4577,vor,vor,ADP,mo,4581,zittert
4578,dem,der,DET,nk,4580,Geschieße
4579,teuflischen,teuflisch,ADJ,nk,4580,Geschieße
4580,Geschieße,Geschieß,NOUN,nk,4577,vor
4581,zittert,zitteren,VERB,oc,4572,sagte
4582,dem,der,DET,nk,4583,Menschen
4583,Menschen,Mensch,NOUN,da,4581,zittert
4584,Arm,Arm,NOUN,ROOT,4584,Arm
4585,und,und,CCONJ,cd,4584,Arm
4586,Bein,Bein,NOUN,cj,4585,und
4587,und,und,CCONJ,cd,4584,Arm
4588,da,da,ADV,mo,4589,verfumfeiet
4589,verfumfeiet,verfumfeiet,VERB,cj,4587,und
4590,er,er,PRON,sb,4589,verfumfeiet
4591,freilich,freilich,ADV,mo,4589,verfumfeiet
4592,jeden,jeder,DET,nk,4593,Bettel
4593,Bettel,Bettel,NOUN,oa,4589,verfumfeiet
4594,.,--,PUNCT,punct,4584,Arm
4595,«,--,PUNCT,punct,4584,Arm
4596,So,so,ADV,mo,4597,ist
4597,ist,sein,AUX,ROOT,4597,ist
4598,also,also,ADV,mo,4597,ist
4599,die,der,DET,sb,4597,ist
4600,Bemerkung,Bemerkung,NOUN,ROOT,4600,Bemerkung
4601,nicht,nicht,PART,ng,4602,allgemein
4602,allgemein,allgemein,ADV,mo,4600,Bemerkung
4603,wahr,wahr,ADV,pd,4600,Bemerkung
4604,",",--,PUNCT,punct,4600,Bemerkung
4605,daß,daß,SCONJ,cp,4607,in
4606,immer,immer,ADV,mo,4607,in
4607,in,in,ADP,oc,4600,Bemerkung
4608,Kriegsläuften,Kriegsläuft,NOUN,nk,4607,in
4609,",",--,PUNCT,punct,4607,in
4610,wie,wie,ADP,cm,4613,in
4611,z.,z.,ADP,mo,4613,in
4612,B.,B.,NOUN,nk,4611,z.
4613,in,in,ADP,mnr,4609,","
4614,Athen,Athen,PROPN,nk,4613,in
4615,",",--,PUNCT,punct,4600,Bemerkung
4616,die,der,DET,nk,4617,Künste
4617,Künste,Kunst,NOUN,sb,4619,blühen
4618,besonders,besonders,ADV,mo,4619,blühen
4619,blühen,blühen,VERB,ROOT,4619,blühen
4620,.,--,PUNCT,punct,4619,blühen
4621,Unter,unter,ADP,mo,4624,wetteiferten
4622,der,der,DET,nk,4623,Haustür
4623,Haustür,Haustür,NOUN,nk,4621,Unter
4624,wetteiferten,wetteiferten,VERB,ROOT,4624,wetteiferten
4625,ich,ich,PRON,sb,4624,wetteiferten
4626,und,und,CCONJ,cd,4625,ich
4627,der,der,DET,nk,4628,Buchhändler
4628,Buchhändler,Buchhändler,NOUN,cj,4626,und
4629,freundschaftlich,freundschaftlich,ADV,mo,4624,wetteiferten
4630,",",--,PUNCT,punct,4624,wetteiferten
4631,wer,wer,PRON,dep,4624,wetteiferten
4632,den,der,DET,nk,4633,Topf
4633,Topf,Topf,NOUN,oa,4638,tragen
4634,öffentlich,öffentlich,ADV,mo,4638,tragen
4635,durch,durch,ADP,mo,4638,tragen
4636,die,der,DET,nk,4637,Straßen
4637,Straßen,Straße,NOUN,nk,4635,durch
4638,tragen,tragen,VERB,oc,4639,sollte
4639,sollte,sollen,AUX,ROOT,4639,sollte
4640,;,--,PUNCT,punct,4639,sollte
4641,er,er,PRON,sb,4642,focht
4642,focht,fochen,VERB,ROOT,4642,focht
4643,ihn,ihn,PRON,oa,4642,focht
4644,mir,mir,PRON,da,4642,focht
4645,aber,aber,ADV,mo,4642,focht
4646,endlich,endlich,ADV,ROOT,4646,endlich
4647,ab,ab,ADP,ROOT,4647,ab
4648,.,--,PUNCT,ROOT,4648,.
4649,Als,als,SCONJ,cp,4656,vorbeikamen
4650,wir,wir,PRON,sb,4656,vorbeikamen
4651,vor,vor,ADP,mo,4656,vorbeikamen
4652,einem,ein,DET,nk,4653,Fenster
4653,Fenster,Fenster,NOUN,nk,4651,vor
4654,ohne,ohne,ADP,mo,4656,vorbeikamen
4655,Mist,Mist,NOUN,nk,4654,ohne
4656,vorbeikamen,vorbeikamen,VERB,mo,4658,sahen
4657,",",--,PUNCT,punct,4658,sahen
4658,sahen,sehen,VERB,ROOT,4658,sahen
4659,wir,wir,PRON,sb,4658,sahen
4660,darin,darin,ADV,mo,4658,sahen
4661,einen,ein,DET,oa,4658,sahen
4662,Schauspieler,Schauspieler,NOUN,sb,4663,sitzen
4663,sitzen,sitzen,VERB,ROOT,4663,sitzen
4664,",",--,PUNCT,punct,4663,sitzen
4665,der,der,PRON,sb,4671,wollte
4666,sich,sich,PRON,oa,4673,lassen
4667,in,in,ADP,mo,4671,wollte
4668,der,der,DET,nk,4669,Rolle
4669,Rolle,Rolle,NOUN,nk,4667,in
4670,Fallstaffs,Fallstaff,PROPN,ag,4669,Rolle
4671,wollte,wollen,AUX,rc,4663,sitzen
4672,malen,malen,VERB,oc,4673,lassen
4673,lassen,lassen,VERB,oc,4671,wollte
4674,und,und,CCONJ,cd,4673,lassen
4675,deshalb,deshalb,ADV,mo,4676,anstrengte
4676,anstrengte,anstrengen,VERB,ROOT,4676,anstrengte
4677,",",--,PUNCT,punct,4676,anstrengte
4678,eines,einer,PRON,sb,4676,anstrengte
4679,der,der,DET,nk,4681,Gesichter
4680,komischen,komisch,ADJ,nk,4681,Gesichter
4681,Gesichter,Gesicht,NOUN,ag,4678,eines
4682,aus,aus,ADP,mnr,4681,Gesichter
4683,dem,der,DET,nk,4684,Stegreif
4684,Stegreif,Stegreif,NOUN,nk,4682,aus
4685,zu,zu,ADP,punct,4676,anstrengte
4686,schneiden,schneiden,VERB,ROOT,4686,schneiden
4687,",",--,PUNCT,punct,4686,schneiden
4688,damit,damit,SCONJ,cp,4695,wäre
4689,es,es,PRON,sb,4695,wäre
4690,für,für,ADP,mo,4694,stechen
4691,einen,ein,DET,nk,4692,Theateralmanach
4692,Theateralmanach,Theateralmanach,NOUN,nk,4690,für
4693,zu,zu,PART,pm,4694,stechen
4694,stechen,stechen,VERB,oc,4695,wäre
4695,wäre,sein,AUX,mo,4686,schneiden
4696,.,--,PUNCT,punct,4686,schneiden
4697,Aber,aber,CCONJ,ju,4699,aus
4698,–,--,PUNCT,punct,4697,Aber
4699,aus,aus,ADP,ROOT,4699,aus
4700,Bombenschauder,Bombenschauder,NOUN,mo,4702,sah
4701,–,--,PUNCT,punct,4702,sah
4702,sah,sehen,VERB,ROOT,4702,sah
4703,er,er,PRON,sb,4702,sah
4704,wie,wie,ADP,cm,4706,Gekreuzigter
4705,ein,ein,DET,nk,4706,Gekreuzigter
4706,Gekreuzigter,Gekreuzigter,NOUN,mo,4702,sah
4707,aus,aus,ADP,svp,4702,sah
4708,oder,oder,CCONJ,cd,4702,sah
4709,wie,wie,ADP,cm,4711,Scheintoter
4710,ein,ein,DET,nk,4711,Scheintoter
4711,Scheintoter,Scheintoter,NOUN,mo,4702,sah
4712,oder,oder,CCONJ,cd,4711,Scheintoter
4713,wie,wie,ADP,cm,4715,Bleikoliker
4714,ein,ein,DET,nk,4715,Bleikoliker
4715,Bleikoliker,Bleikoliker,NOUN,ROOT,4715,Bleikoliker
4716,oder,oder,CCONJ,cd,4715,Bleikoliker
4717,wie,wie,ADP,cm,4719,Gichtmaterialist
4718,ein,ein,DET,nk,4719,Gichtmaterialist
4719,Gichtmaterialist,Gichtmaterialist,NOUN,cj,4716,oder
4720,;,--,PUNCT,punct,4715,Bleikoliker
4721,indes,indes,ADV,mo,4723,auf
4722,sogar,sogar,ADV,mo,4723,auf
4723,auf,auf,ADP,ROOT,4723,auf
4724,diesem,dieser,DET,nk,4725,Wege
4725,Wege,Weg,NOUN,nk,4723,auf
4726,erreichte,erreichen,VERB,ROOT,4726,erreichte
4727,er,er,PRON,sb,4726,erreichte
4728,seinen,sein,DET,nk,4729,Zweck
4729,Zweck,Zweck,NOUN,oa,4726,erreichte
4730,",",--,PUNCT,punct,4729,Zweck
4731,lächerlich,lächerlich,ADV,mo,4732,auszusehen
4732,auszusehen,aussehen,VERB,oc,4729,Zweck
4733,.,--,PUNCT,punct,4726,erreichte
4734,Als,als,SCONJ,cp,4741,zurückgekommen
4735,wir,wir,PRON,sb,4741,zurückgekommen
4736,in,in,ADP,mo,4741,zurückgekommen
4737,den,der,DET,nk,4738,Notstall
4738,Notstall,Notstall,NOUN,nk,4736,in
4739,der,der,DET,nk,4740,Nepomukskirche
4740,Nepomukskirche,Nepomukskirche,NOUN,ag,4738,Notstall
4741,zurückgekommen,zurückgekommen,VERB,re,4743,so
4742,",",--,PUNCT,punct,4743,so
4743,so,so,ADV,mo,4744,hoffte
4744,hoffte,hoffen,VERB,ROOT,4744,hoffte
4745,der,der,DET,dep,4744,hoffte
4746,listige,listig,ADJ,nk,4747,Stöcklein
4747,Stöcklein,Stöcklein,NOUN,ROOT,4747,Stöcklein
4748,39,39,NUM,nk,4747,Stöcklein
4749,–,--,PUNCT,punct,4747,Stöcklein
4750,teils,teils,ADV,mo,4757,war
4751,weil,weil,SCONJ,cp,4757,war
4752,ich,ich,PRON,sb,4757,war
4753,in,in,ADP,mo,4757,war
4754,der,der,DET,nk,4756,Stimmung
4755,lachenden,lachend,ADJ,nk,4756,Stimmung
4756,Stimmung,Stimmung,NOUN,nk,4753,in
4757,war,sein,AUX,rc,4747,Stöcklein
4758,",",--,PUNCT,punct,4757,war
4759,teils,teils,ADV,mo,4760,weil
4760,weil,weil,SCONJ,punct,4747,Stöcklein
4761,er,er,PRON,sb,4764,getragen
4762,den,der,DET,nk,4763,Topf
4763,Topf,Topf,NOUN,oa,4764,getragen
4764,getragen,tragen,VERB,ROOT,4764,getragen
4765,–,--,PUNCT,punct,4764,getragen
4766,sich,sich,PRON,oa,4771,auszuwirken
4767,vielleicht,vielleicht,ADV,mo,4771,auszuwirken
4768,jetzt,jetzt,ADV,mo,4771,auszuwirken
4769,einen,ein,DET,nk,4770,Verlagsartikel
4770,Verlagsartikel,Verlagsartikel,NOUN,oa,4771,auszuwirken
4771,auszuwirken,auszuwirken,VERB,cj,4764,getragen
4772,",",--,PUNCT,punct,4764,getragen
4773,und,und,CCONJ,ju,4774,wiederholte
4774,wiederholte,wiederholen,VERB,ROOT,4774,wiederholte
4775,sein,sein,DET,nk,4776,Anbetteln
4776,Anbetteln,Anbettel,NOUN,oa,4774,wiederholte
4777,.,--,PUNCT,punct,4774,wiederholte
4778,Ich,ich,PRON,sb,4779,versprach
4779,versprach,versprechen,VERB,ROOT,4779,versprach
4780,in,in,ADP,mo,4779,versprach
4781,der,der,DET,nk,4782,Not
4782,Not,Not,NOUN,nk,4780,in
4783,ihm,ihm,PRON,da,4779,versprach
4784,",",--,PUNCT,punct,4779,versprach
4785,wenn,wenn,SCONJ,cp,4787,eine
4786,er,er,PRON,sb,4787,eine
4787,eine,ein,PRON,mo,4779,versprach
4788,Rezensieranstalt,Rezensieranstalt,NOUN,oa,4789,anlegte
4789,anlegte,anlegen,VERB,ROOT,4789,anlegte
4790,",",--,PUNCT,punct,4789,anlegte
4791,solche,solcher,PRON,dep,4789,anlegte
4792,mit,mit,ADP,mnr,4791,solche
4793,mehreren,mehrere,DET,nk,4794,Selbstrezensionen
4794,Selbstrezensionen,Selbstrezension,NOUN,nk,4792,mit
4795,meiner,mein,DET,nk,4796,Werke
4796,Werke,Werk,NOUN,ag,4794,Selbstrezensionen
4797,möglichst,möglichst,ADV,mo,4799,unterstützen
4798,zu,zu,PART,pm,4799,unterstützen
4799,unterstützen,unterstützen,VERB,ROOT,4799,unterstützen
4800,.,--,PUNCT,punct,4799,unterstützen
4801,Um,um,ADP,mo,4804,fuhr
4802,12,12,NUM,nk,4803,Uhr
4803,Uhr,Uhr,NOUN,nk,4801,Um
4804,fuhr,fahren,VERB,ROOT,4804,fuhr
4805,eine,ein,DET,nk,4806,Hiobspost
4806,Hiobspost,Hiobspost,NOUN,sb,4804,fuhr
4807,in,in,ADP,mo,4804,fuhr
4808,die,der,DET,nk,4809,Kirche
4809,Kirche,Kirche,NOUN,nk,4807,in
4810,:,--,PUNCT,punct,4804,fuhr
4811,der,der,DET,nk,4812,Kommandant
4812,Kommandant,Kommandant,NOUN,sb,4813,hatte
4813,hatte,haben,AUX,oc,4804,fuhr
4814,bei,bei,ADP,mo,4813,hatte
4815,der,der,DET,nk,4814,bei
4816,Parole,Parole,NOUN,sb,4821,habe
4817,bekannt,bekannt,ADV,mo,4818,gemacht
4818,gemacht,machen,VERB,oc,4816,Parole
4819,",",--,PUNCT,punct,4816,Parole
4820,er,er,PRON,sb,4821,habe
4821,habe,haben,VERB,ROOT,4821,habe
4822,sichere,sicher,ADJ,nk,4823,Nachricht
4823,Nachricht,Nachricht,NOUN,oa,4821,habe
4824,",",--,PUNCT,punct,4823,Nachricht
4825,daß,daß,SCONJ,cp,4829,einen
4826,der,der,DET,nk,4827,Feind
4827,Feind,Feind,NOUN,cj,4825,daß
4828,gestern,gestern,ADV,mo,4827,Feind
4829,einen,ein,DET,ROOT,4829,einen
4830,zweiten,zweiter,ADJ,nk,4831,Bombenmörser
4831,Bombenmörser,Bombenmörser,NOUN,da,4832,aufgetrieben
4832,aufgetrieben,aufgetrieben,VERB,ROOT,4832,aufgetrieben
4833,und,und,CCONJ,cd,4832,aufgetrieben
4834,aufgepflanzt,aufgepflanzt,VERB,cj,4833,und
4835,.,--,PUNCT,punct,4832,aufgetrieben
4836,»,--,PUNCT,punct,4838,kann
4837,Jetzt,jetzt,ADV,mo,4838,kann
4838,kann,können,AUX,ROOT,4838,kann
4839,es,es,PRON,sb,4838,kann
4840,hitzig,hitzig,ADV,mo,4838,kann
4841,hergehen,hergehe,NOUN,sb,4844,sagt
4842,",",--,PUNCT,punct,4844,sagt
4843,«,--,PUNCT,punct,4844,sagt
4844,sagt,sagen,VERB,ROOT,4844,sagt
4845,',--,PUNCT,punct,4844,sagt
4846,er,er,PRON,sb,4844,sagt
4847,.,--,PUNCT,punct,4844,sagt
4848,Nach,nach,ADP,mo,4851,brachte
4849,der,der,DET,nk,4850,Tafel
4850,Tafel,Tafel,NOUN,nk,4848,Nach
4851,brachte,bringen,VERB,ROOT,4851,brachte
4852,bei,bei,ADP,mo,4851,brachte
4853,ihm,ihm,PRON,nk,4852,bei
4854,leise,leise,ADV,sb,4851,brachte
4855,der,der,DET,nk,4856,Feldprediger
4856,Feldprediger,Feldprediger,NOUN,ag,4854,leise
4857,seinen,sein,DET,nk,4859,Gedanken
4858,alten,alt,ADJ,nk,4859,Gedanken
4859,Gedanken,Gedanke,NOUN,ROOT,4859,Gedanken
4860,vor,vor,ADP,svp,4859,Gedanken
4861,:,--,PUNCT,punct,4859,Gedanken
4862,»,--,PUNCT,punct,4863,Fiele
4863,Fiele,Fiele,VERB,mo,4872,wäre
4864,er,er,PRON,sb,4863,Fiele
4865,nur,nur,ADV,mo,4867,bei
4866,einmal,einmal,ADV,mo,4865,nur
4867,bei,bei,ADP,mo,4863,Fiele
4868,Nacht,Nacht,NOUN,nk,4867,bei
4869,aus,aus,ADP,svp,4863,Fiele
4870,",",--,PUNCT,punct,4871,so
4871,so,so,ADV,mo,4872,wäre
4872,wäre,sein,AUX,oc,4859,Gedanken
4873,das,der,DET,sb,4872,wäre
4874,meiste,meister,PRON,ROOT,4874,meiste
4875,vorbei,vorbei,ADV,mo,4874,meiste
4876,.,--,PUNCT,punct,4874,meiste
4877,«,--,PUNCT,ROOT,4877,«
4878,In,in,ADP,mo,4881,kann
4879,der,der,DET,nk,4880,Welt
4880,Welt,Welt,NOUN,nk,4878,In
4881,kann,können,AUX,ROOT,4881,kann
4882,der,der,DET,nk,4883,Umstand
4883,Umstand,Umstand,NOUN,sb,4881,kann
4884,nicht,nicht,PART,ng,4881,kann
4885,allgemein,allgemein,ADV,mo,4887,sein
4886,bekannt,bekannt,ADV,pd,4887,sein
4887,sein,sein,AUX,oc,4881,kann
4888,",",--,PUNCT,punct,4881,kann
4889,daß,daß,SCONJ,mo,4881,kann
4890,der,der,DET,nk,4891,Prediger
4891,Prediger,Prediger,NOUN,cj,4889,daß
4892,als,als,ADP,mo,4881,kann
4893,Gewissensrat,Gewissensrat,NOUN,sb,4898,hatte
4894,und,und,CCONJ,cd,4893,Gewissensrat
4895,Beichtprediger,Beichtprediger,PROPN,cj,4894,und
4896,viele,vieler,DET,nk,4897,Freiheit
4897,Freiheit,Freiheit,NOUN,oa,4898,hatte
4898,hatte,haben,VERB,ROOT,4898,hatte
4899,und,und,CCONJ,cd,4898,hatte
4900,gleich,gleich,ADV,mo,4901,einem
4901,einem,ein,DET,cj,4899,und
4902,Kanarienvogel,Kanarienvogel,PROPN,ROOT,4902,Kanarienvogel
4903,",",--,PUNCT,punct,4902,Kanarienvogel
4904,der,der,PRON,sb,4906,gefüttert
4905,sogar,sogar,ADV,mo,4906,gefüttert
4906,gefüttert,füttern,VERB,rc,4902,Kanarienvogel
4907,nach,nach,ADP,mo,4906,gefüttert
4908,seiner,sein,DET,nk,4909,Speisemeisterin
4909,Speisemeisterin,Speisemeisterin,NOUN,nk,4907,nach
4910,mit,mit,ADP,mnr,4909,Speisemeisterin
4911,dem,der,DET,nk,4912,Schnabel
4912,Schnabel,Schnabel,NOUN,nk,4910,mit
4913,hackt,hacken,VERB,ROOT,4913,hackt
4914,",",--,PUNCT,punct,4913,hackt
4915,ebenso,ebenso,ADV,mo,4916,mit
4916,mit,mit,ADP,mo,4921,picken
4917,dem,der,DET,nk,4918,seinigen
4918,seinigen,Seinig,NOUN,nk,4916,mit
4919,nach,nach,ADP,mnr,4918,seinigen
4920,ihm,ihm,PRON,nk,4919,nach
4921,picken,picken,VERB,oc,4922,durfte
4922,durfte,dürfen,AUX,oc,4913,hackt
4923,.,--,PUNCT,punct,4913,hackt
4924,Der,der,DET,nk,4926,Kommandant
4925,klügere,klüger,ADJ,nk,4926,Kommandant
4926,Kommandant,Kommandant,NOUN,ROOT,4926,Kommandant
4927,versetzte,versetzen,VERB,ROOT,4927,versetzte
4928,ihm,ihm,PRON,da,4927,versetzte
4929,:,--,PUNCT,punct,4927,versetzte
4930,»,--,PUNCT,punct,4932,harre
4931,Er,er,PRON,sb,4932,harre
4932,harre,harren,VERB,oc,4927,versetzte
4933,40,40,NUM,oa,4932,harre
4934,bloß,bloß,ADV,mo,4935,aufs
4935,aufs,auf,ADP,mo,4932,harre
4936,Wetterglas,Wetterglas,NOUN,nk,4935,aufs
4937,und,und,CCONJ,cd,4932,harre
4938,sehe,sehen,VERB,cj,4937,und
4939,stündlich,stündlich,ADV,mo,4938,sehe
4940,danach,danach,ADV,mo,4938,sehe
4941,;,--,PUNCT,punct,4932,harre
4942,noch,noch,CCONJ,mo,4943,fehle
4943,fehle,fehlen,VERB,ROOT,4943,fehle
4944,das,der,DET,nk,4946,Regenwetter
4945,nötige,nötig,ADJ,nk,4946,Regenwetter
4946,Regenwetter,Regenwetter,NOUN,sb,4943,fehle
4947,",",--,PUNCT,punct,4943,fehle
4948,doch,doch,CCONJ,cd,4943,fehle
4949,falle,fallen,VERB,cj,4948,doch
4950,das,der,DET,nk,4951,Glas
4951,Glas,Glas,NOUN,sb,4949,falle
4952,.,--,PUNCT,punct,4943,fehle
4953,«,--,PUNCT,ROOT,4953,«
4954,Der,der,DET,nk,4956,Bombenmörser
4955,zweite,zweiter,ADJ,nk,4956,Bombenmörser
4956,Bombenmörser,Bombenmörser,NOUN,sb,4957,beschoß
4957,beschoß,Beschoß,NOUN,ROOT,4957,beschoß
4958,schon,schon,ADV,mo,4959,im
4959,im,in,ADP,mo,4957,beschoß
4960,voraus,voraus,ADV,nk,4959,im
4961,die,der,DET,nk,4962,Geister
4962,Geister,Geist,NOUN,oa,4957,beschoß
4963,in,in,ADP,mo,4957,beschoß
4964,und,und,CCONJ,cd,4957,beschoß
4965,außer,außer,ADP,cj,4964,und
4966,der,der,DET,nk,4965,außer
4967,Kirche,Kirche,NOUN,ROOT,4967,Kirche
4968,.,--,PUNCT,punct,4967,Kirche
4969,Die,der,DET,nk,4970,Turmmusik
4970,Turmmusik,Turmmusik,NOUN,sb,4971,wurde
4971,wurde,werden,AUX,ROOT,4971,wurde
4972,bloß,bloß,ADV,mo,4974,im
4973,unten,unten,ADV,mo,4974,im
4974,im,in,ADP,mo,4971,wurde
4975,Turme,Turm,NOUN,nk,4974,im
4976,",",--,PUNCT,punct,4974,im
4977,nicht,nicht,PART,ng,4978,weit
4978,weit,weit,ADV,mo,4979,vom
4979,vom,von,ADP,cj,4974,im
4980,Elefanten,Elefant,NOUN,nk,4979,vom
4981,geblasen,blasen,VERB,ROOT,4981,geblasen
4982,–,--,PUNCT,punct,4981,geblasen
4983,kein,kein,DET,nk,4984,Schornsteinfeger
4984,Schornsteinfeger,Schornsteinfeger,NOUN,sb,4985,thronte
4985,thronte,thronen,VERB,cj,4981,geblasen
4986,mehr,mehr,ADV,mo,4985,thronte
4987,mit,mit,ADP,mo,4985,thronte
4988,dem,der,DET,nk,4989,Besenszepter
4989,Besenszepter,Besenszepter,NOUN,nk,4987,mit
4990,außerhalb,außerhalb,ADP,svp,4985,thronte
4991,des,der,DET,nk,4992,Schornsteins
4992,Schornsteins,Schornstein,NOUN,ROOT,4992,Schornsteins
4993,",",--,PUNCT,punct,4992,Schornsteins
4994,um,um,SCONJ,cp,4998,hinwegzusingen
4995,über,über,ADP,mo,4998,hinwegzusingen
4996,die,der,DET,nk,4997,Stadt
4997,Stadt,Stadt,NOUN,nk,4995,über
4998,hinwegzusingen,hinwegzusingen,VERB,mnr,4992,Schornsteins
4999,",",--,PUNCT,punct,4992,Schornsteins
5000,und,und,CCONJ,cd,4992,Schornsteins
5001,wer,wer,PRON,cj,5000,und
5002,einen,ein,DET,nk,5003,Augiasstall
5003,Augiasstall,Augiasstall,NOUN,oa,5000,und
5004,besaß,besitzen,VERB,mo,5006,verpachtete
5005,",",--,PUNCT,punct,5006,verpachtete
5006,verpachtete,verpachten,VERB,ROOT,5006,verpachtete
5007,dessen,der,PRON,ag,5008,Ertrag
5008,Ertrag,Ertrag,NOUN,sb,5006,verpachtete
5009,karrenweise,karrenweise,ADV,mo,5006,verpachtete
5010,als,als,ADP,mo,5006,verpachtete
5011,Jalousieläden,Jalousieläde,NOUN,nk,5010,als
5012,gegen,gegen,ADP,mnr,5011,Jalousieläden
5013,das,der,DET,nk,5014,Feuer
5014,Feuer,Feuer,NOUN,nk,5012,gegen
5015,.,--,PUNCT,punct,5006,verpachtete
5016,Singende,singend,NOUN,nk,5017,Prozessionen
5017,Prozessionen,Prozessione,NOUN,sb,5018,wurden
5018,wurden,werden,AUX,ROOT,5018,wurden
5019,durch,durch,ADP,mo,5023,gehalten
5020,die,der,DET,nk,5022,Kirche
5021,ganze,ganz,ADJ,nk,5022,Kirche
5022,Kirche,Kirche,NOUN,nk,5019,durch
5023,gehalten,halten,VERB,oc,5018,wurden
5024,(,--,PUNCT,punct,5025,außen
5025,außen,außen,ADV,mo,5026,wäre
5026,wäre,sein,AUX,par,5023,gehalten
5027,Todesgefahr,Todesgefahr,NOUN,pd,5028,gewesen
5028,gewesen,sein,AUX,ROOT,5028,gewesen
5029,),--,PUNCT,punct,5028,gewesen
5030,und,und,CCONJ,cd,5028,gewesen
5031,männliche,männlich,ADJ,nk,5032,zogen
5032,zogen,ziehen,VERB,cj,5030,und
5033,(,--,PUNCT,punct,5035,Mangel
5034,aus,aus,ADP,mo,5032,zogen
5035,Mangel,Mangel,NOUN,nk,5034,aus
5036,an,an,ADP,op,5035,Mangel
5037,Platz,Platz,NOUN,nk,5036,an
5038,),--,PUNCT,punct,5034,aus
5039,die,der,DET,nk,5040,Treppen
5040,Treppen,Treppe,NOUN,oa,5032,zogen
5041,hinauf,hinauf,ADV,ROOT,5041,hinauf
5042,",",--,PUNCT,punct,5041,hinauf
5043,weibliche,weiblichen,VERB,cj,5041,hinauf
5044,herab,herab,ADV,mo,5043,weibliche
5045,.,--,PUNCT,punct,5041,hinauf
5046,Stöcklein,Stöcklein,PROPN,ROOT,5046,Stöcklein
5047,",",--,PUNCT,punct,5046,Stöcklein
5048,der,der,PRON,sb,5054,hielt
5049,ein,ein,DET,nk,5050,Hasenherz
5050,Hasenherz,Hasenherz,NOUN,oa,5054,hielt
5051,für,für,ADP,mo,5054,hielt
5052,eine,ein,DET,nk,5053,Hasenscharte
5053,Hasenscharte,Hasenscharte,NOUN,nk,5051,für
5054,hielt,halten,VERB,rc,5046,Stöcklein
5055,",",--,PUNCT,punct,5054,hielt
5056,deren,die,DET,oa,5059,nicht
5057,man,man,PRON,sb,5059,nicht
5058,sich,sich,PRON,oa,5059,nicht
5059,nicht,nicht,PART,punct,5046,Stöcklein
5060,zu,zu,PART,pm,5061,schämen
5061,schämen,schämen,VERB,oc,5062,braucht
5062,braucht,brauchen,VERB,oc,5064,sagte
5063,",",--,PUNCT,punct,5064,sagte
5064,sagte,sagen,VERB,ROOT,5064,sagte
5065,geradezu,geradezu,ADV,mo,5064,sagte
5066,heraus,heraus,ADV,svp,5064,sagte
5067,:,--,PUNCT,punct,5064,sagte
5068,»,--,PUNCT,punct,5070,wollte
5069,Ich,ich,PRON,sb,5070,wollte
5070,wollte,wollen,VERB,oc,5064,sagte
5071,",",--,PUNCT,punct,5070,wollte
5072,ich,ich,PRON,sb,5073,schnürte
5073,schnürte,schnüren,VERB,cj,5070,wollte
5074,daheim,daheim,ADV,mo,5073,schnürte
5075,Ballen,Ballen,NOUN,ROOT,5075,Ballen
5076,.,--,PUNCT,punct,5075,Ballen
5077,Gern,gern,ADV,mo,5078,gäb
5078,gäb,gäb,PRON,sb,5088,könnt
5079,',--,PUNCT,punct,5080,ich
5080,ich,ich,PRON,sb,5078,gäb
5081,das,der,DET,nk,5083,Heft
5082,neueste,neu,ADJ,nk,5083,Heft
5083,Heft,Heft,NOUN,pd,5078,gäb
5084,des,der,DET,nk,5085,Belagerungsmuseums
5085,Belagerungsmuseums,Belagerungsmuseum,NOUN,ag,5083,Heft
5086,auf,auf,ADP,mo,5088,könnt
5087,",",--,PUNCT,punct,5088,könnt
5088,könnt,können,VERB,ROOT,5088,könnt
5089,',--,PUNCT,punct,5088,könnt
5090,ich,ich,PRON,sb,5088,könnt
5091,aus,aus,ADP,ROOT,5091,aus
5092,dem,der,DET,nk,5093,Satansloche
5093,Satansloche,Satansloche,NOUN,nk,5091,aus
5094,hinaus,hinaus,ADV,ac,5091,aus
5095,!,--,PUNCT,ROOT,5095,!
5096,«,--,PUNCT,punct,5095,!
5097,»,--,PUNCT,punct,5101,läßt
5098,Und,und,CCONJ,ju,5101,läßt
5099,gerade,gerade,ADV,mo,5100,jetzt
5100,jetzt,jetzt,ADV,mo,5101,läßt
5101,läßt,lassen,VERB,ROOT,5101,läßt
5102,sich's,sich's,ADV,oa,5101,läßt
5103,zum,zu,ADP,mo,5101,läßt
5104,Interesse,Interesse,NOUN,nk,5103,zum
5105,an,an,ADP,svp,5101,läßt
5106,",",--,PUNCT,punct,5101,läßt
5107,«,--,PUNCT,punct,5109,sagt
5108,41,41,NUM,oa,5109,sagt
5109,sagt,sagen,VERB,cj,5101,läßt
5110,',--,PUNCT,punct,5109,sagt
5111,ich,ich,PRON,sb,5109,sagt
5112,;,--,PUNCT,punct,5109,sagt
5113,»,--,PUNCT,punct,5114,Brandaffären
5114,Brandaffären,Brandaffär,NOUN,ROOT,5114,Brandaffären
5115,",",--,PUNCT,punct,5114,Brandaffären
5116,Stürme,Stürme,NOUN,ROOT,5116,Stürme
5117,nicht,nicht,PART,ng,5119,angeschlagen
5118,einmal,einmal,ADV,mo,5117,nicht
5119,angeschlagen,angeschlagen,VERB,oc,5116,Stürme
5120,",",--,PUNCT,punct,5121,so
5121,so,so,ADV,mo,5122,sehr
5122,sehr,sehr,ADV,mo,5127,verzieren
5123,sie,sie,PRON,sb,5127,verzieren
5124,auch,auch,ADV,mo,5126,Museumsheft
5125,ein,ein,DET,nk,5126,Museumsheft
5126,Museumsheft,Museumsheft,NOUN,oa,5127,verzieren
5127,verzieren,verzieren,VERB,rc,5116,Stürme
5128,mögen,mögen,AUX,ROOT,5128,mögen
5129,.,--,PUNCT,punct,5128,mögen
5130,Denn,denn,CCONJ,ju,5134,werden
5131,von,von,ADP,mo,5141,ungeheuren
5132,nun,nun,ADV,nk,5131,von
5133,an,an,ADP,ac,5131,von
5134,werden,werden,AUX,ROOT,5134,werden
5135,beide,beide,DET,nk,5136,Städte
5136,Städte,Stadt,NOUN,sb,5134,werden
5137,vom,von,ADP,sbp,5141,ungeheuren
5138,Schicksal,Schicksal,NOUN,nk,5137,vom
5139,zu,zu,PART,mo,5140,so
5140,so,so,ADV,mo,5141,ungeheuren
5141,ungeheuren,ungeheuren,VERB,oc,5134,werden
5142,Fechtbewegungen,Fechtbewegunge,NOUN,oa,5145,getrieben
5143,gegen,gegen,ADP,mo,5145,getrieben
5144,einander,einander,PRON,nk,5143,gegen
5145,getrieben,treiben,VERB,ROOT,5145,getrieben
5146,",",--,PUNCT,punct,5145,getrieben
5147,daß,daß,SCONJ,cp,5151,erscheinen
5148,im,in,ADP,mo,5151,erscheinen
5149,großen,groß,ADJ,nk,5148,im
5150,solche,solcher,PRON,sb,5151,erscheinen
5151,erscheinen,erscheinen,VERB,oc,5145,getrieben
5152,",",--,PUNCT,punct,5151,erscheinen
5153,als,als,ADP,dep,5145,getrieben
5154,man,man,PRON,sb,5163,bemerkt
5155,im,in,ADP,mo,5163,bemerkt
5156,kleinen,klein,ADJ,nk,5155,im
5157,bei,bei,ADP,mo,5163,bemerkt
5158,einem,ein,DET,nk,5160,Spaße
5159,gewissen,gewiß,ADJ,nk,5160,Spaße
5160,Spaße,Spaße,NOUN,nk,5157,bei
5161,bei,bei,ADP,mo,5163,bemerkt
5162,Maikäfern,Maikäfer,NOUN,nk,5161,bei
5163,bemerkt,bemerken,VERB,ROOT,5163,bemerkt
5164,und,und,CCONJ,cd,5163,bemerkt
5165,belacht,Belacht,NOUN,cj,5164,und
5166,.,--,PUNCT,punct,5163,bemerkt
5167,Es,es,PRON,ROOT,5167,Es
5168,werden,werden,AUX,ROOT,5168,werden
5169,nämlich,nämlich,ADV,mo,5177,eingeklebt
5170,zwei,zwei,NUM,nk,5171,Käfer
5171,Käfer,Käfer,NOUN,sb,5168,werden
5172,in,in,ADP,mo,5177,eingeklebt
5173,Brot,Brot,NOUN,nk,5172,in
5174,bis,bis,ADP,ac,5175,zur
5175,zur,zu,ADP,mo,5177,eingeklebt
5176,Hälfte,Hälfte,NOUN,nk,5175,zur
5177,eingeklebt,eingekleben,VERB,oc,5168,werden
5178,;,--,PUNCT,punct,5168,werden
5179,–,--,PUNCT,punct,5181,werden
5180,dann,dann,ADV,mo,5181,werden
5181,werden,werden,AUX,ROOT,5181,werden
5182,die,der,DET,sb,5181,werden
5183,beiden,beide,DET,nk,5184,Vorderfüße
5184,Vorderfüße,Vorderfüß,NOUN,ROOT,5184,Vorderfüße
5185,eines,ein,DET,nk,5186,jeden
5186,jeden,jeder,DET,ag,5184,Vorderfüße
5187,in,in,ADP,mo,5191,eingetrieben
5188,zwei,zwei,NUM,nk,5190,Strohhalme
5189,lange,lang,ADJ,nk,5190,Strohhalme
5190,Strohhalme,Strohhalm,NOUN,nk,5187,in
5191,eingetrieben,eintreiben,VERB,oc,5184,Vorderfüße
5192,",",--,PUNCT,punct,5184,Vorderfüße
5193,und,und,CCONJ,cd,5184,Vorderfüße
5194,darauf,darauf,ADV,cj,5193,und
5195,erwartet,erwarten,VERB,ROOT,5195,erwartet
5196,man,man,PRON,sb,5195,erwartet
5197,die,der,DET,nk,5198,Folgen
5198,Folgen,Folge,NOUN,oa,5195,erwartet
5199,.,--,PUNCT,punct,5195,erwartet
5200,Aber,aber,CCONJ,ju,5202,fangen
5201,sogleich,sogleich,ADV,mo,5202,fangen
5202,fangen,fangen,VERB,ROOT,5202,fangen
5203,die,der,DET,nk,5204,inhaftierten
5204,inhaftierten,inhaftiert,NOUN,sb,5202,fangen
5205,",",--,PUNCT,punct,5204,inhaftierten
5206,vom,von,ADP,mo,5202,fangen
5207,Brot,Brot,NOUN,nk,5206,vom
5208,gedrückten,gedrückt,ADJ,nk,5209,Käfer
5209,Käfer,Käfer,NOUN,ROOT,5209,Käfer
5210,",",--,PUNCT,punct,5209,Käfer
5211,die,der,PRON,sb,5217,wollen
5212,mit,mit,ADP,mo,5216,zappeln
5213,ihren,ihr,DET,nk,5215,Vorderfüßen
5214,freien,frei,ADJ,nk,5215,Vorderfüßen
5215,Vorderfüßen,Vorderfüße,NOUN,nk,5212,mit
5216,zappeln,zappeln,VERB,oc,5217,wollen
5217,wollen,wollen,AUX,rc,5209,Käfer
5218,",",--,PUNCT,punct,5209,Käfer
5219,mit,mit,ADP,app,5209,Käfer
5220,ihren,ihr,DET,nk,5219,mit
5221,Riesenrappieren,Riesenrappier,NOUN,oa,5227,fechten
5222,gegen,gegen,ADP,mo,5227,fechten
5223,einander,einander,PRON,nk,5222,gegen
5224,so,so,ADV,mo,5225,gewaltig
5225,gewaltig,gewaltig,ADV,mo,5227,fechten
5226,zu,zu,PART,pm,5227,fechten
5227,fechten,fechten,VERB,ROOT,5227,fechten
5228,an,an,ADP,svp,5227,fechten
5229,",",--,PUNCT,punct,5227,fechten
5230,mit,mit,ADP,mo,5227,fechten
5231,solchen,solcher,PRON,nk,5230,mit
5232,Windmühlenbewegungen,Windmühlenbewegung,NOUN,sb,5233,schlagen
5233,schlagen,schlagen,VERB,ROOT,5233,schlagen
5234,ihre,ihr,DET,nk,5236,Speere
5235,langen,lang,ADJ,nk,5236,Speere
5236,Speere,Speer,NOUN,oa,5233,schlagen
5237,durch,durch,ADP,mo,5233,schlagen
5238,die,der,DET,nk,5239,Luft
5239,Luft,Luft,NOUN,nk,5237,durch
5240,",",--,PUNCT,punct,5233,schlagen
5241,daß,daß,SCONJ,cp,5243,Leute
5242,die,der,DET,nk,5243,Leute
5243,Leute,Leute,NOUN,oc,5233,schlagen
5244,mitten,mitten,ADV,mo,5245,im
5245,im,in,ADP,mo,5248,fragen
5246,Lachen,lachen,NOUN,nk,5245,im
5247,noch,noch,ADV,cd,5245,im
5248,fragen,fragen,VERB,ROOT,5248,fragen
5249,:,--,PUNCT,punct,5248,fragen
5250,sind's,sind's,X,ROOT,5250,sind's
5251,Käfer,Käfer,PROPN,ROOT,5251,Käfer
5252,?,--,PUNCT,punct,5251,Käfer
5253,«,--,PUNCT,punct,5251,Käfer
5254,–,--,PUNCT,ROOT,5254,–
5255,Stöcklein,Stöcklein,PROPN,sb,5256,ging
5256,ging,gehen,VERB,ROOT,5256,ging
5257,beiseite,beiseite,ADV,mo,5256,ging
5258,;,--,PUNCT,punct,5256,ging
5259,er,er,PRON,sb,5260,hatte
5260,hatte,haben,AUX,ROOT,5260,hatte
5261,mir,mir,PRON,da,5267,nachkommen
5262,in,in,ADP,mo,5267,nachkommen
5263,der,der,DET,nk,5264,Tasche
5264,Tasche,Tasche,NOUN,nk,5262,in
5265,nicht,nicht,PART,ng,5266,ganz
5266,ganz,ganz,ADV,mo,5267,nachkommen
5267,nachkommen,nachkommen,VERB,oc,5260,hatte
5268,können,können,AUX,ROOT,5268,können
5269,.,--,PUNCT,punct,5268,können
5270,Gegen,gegen,ADP,mo,5272,erschien
5271,Abend,Abend,NOUN,nk,5270,Gegen
5272,erschien,erscheinen,VERB,ROOT,5272,erschien
5273,der,der,DET,nk,5276,Kommandant
5274,alles,alle,DET,nk,5276,Kommandant
5275,bedenkende,bedenkend,ADJ,nk,5276,Kommandant
5276,Kommandant,Kommandant,NOUN,sb,5272,erschien
5277,mit,mit,ADP,mo,5272,erschien
5278,der,der,DET,nk,5279,Nachricht
5279,Nachricht,Nachricht,NOUN,nk,5277,mit
5280,",",--,PUNCT,punct,5279,Nachricht
5281,daß,daß,SCONJ,cp,5282,er
5282,er,er,PRON,sb,5272,erschien
5283,jede,jeder,DET,nk,5285,Nacht
5284,42,42,NUM,nk,5285,Nacht
5285,Nacht,Nacht,NOUN,sb,5290,wolle
5286,ein,ein,DET,nk,5287,paar
5287,paar,paar,DET,nk,5288,Stunden
5288,Stunden,Stunde,NOUN,mo,5292,lassen
5289,Betstunde,Betstunde,NOUN,nk,5288,Stunden
5290,wolle,wollen,AUX,ROOT,5290,wolle
5291,halten,halten,VERB,oc,5292,lassen
5292,lassen,lassen,VERB,oc,5290,wolle
5293,",",--,PUNCT,punct,5290,wolle
5294,gleichsam,gleichsam,ADV,mo,5290,wolle
5295,Wettergebete,Wettergebet,NOUN,oa,5303,kommen
5296,gegen,gegen,ADP,mnr,5295,Wettergebete
5297,das,der,DET,nk,5298,Kriegsgewitter
5298,Kriegsgewitter,Kriegsgewitter,NOUN,nk,5296,gegen
5299,;,--,PUNCT,punct,5295,Wettergebete
5300,»,--,PUNCT,punct,5303,kommen
5301,in,in,ADP,mo,5303,kommen
5302,Kirchen,Kirche,NOUN,nk,5301,in
5303,kommen,kommen,VERB,ROOT,5303,kommen
5304,ja,ja,ADV,mo,5303,kommen
5305,von,von,ADP,mo,5303,kommen
5306,jeher,jeher,ADV,nk,5305,von
5307,Verwundete,Verwundet,NOUN,ROOT,5307,Verwundete
5308,und,und,CCONJ,cd,5307,Verwundete
5309,Kriegsgefangene,Kriegsgefangen,NOUN,cj,5308,und
5310,;,--,PUNCT,punct,5307,Verwundete
5311,und,und,CCONJ,ju,5313,sind
5312,was,was,PRON,pd,5313,sind
5313,sind,sein,AUX,ROOT,5313,sind
5314,wir,wir,PRON,sb,5313,sind
5315,armen,armen,NOUN,pd,5313,sind
5316,gewiß,gewiß,ADV,mo,5313,sind
5317,",",--,PUNCT,punct,5313,sind
5318,er,er,PRON,sb,5319,wolle
5319,wolle,wollen,AUX,cj,5313,sind
5320,mit,mit,ADP,mo,5319,wolle
5321,seinem,sein,DET,nk,5323,Beispiele
5322,eignen,eign,ADJ,nk,5323,Beispiele
5323,Beispiele,Beispiel,NOUN,da,5324,vorgehen
5324,vorgehen,vorgehen,VERB,ROOT,5324,vorgehen
5325,",",--,PUNCT,punct,5324,vorgehen
5326,Sünder,Sünder,NOUN,cj,5324,vorgehen
5327,denn,denn,CCONJ,mo,5324,vorgehen
5328,geistlicherweise,geistlicherweise,ADV,cj,5327,denn
5329,anders,anders,ADV,mo,5324,vorgehen
5330,?,--,PUNCT,punct,5324,vorgehen
5331,«,--,PUNCT,punct,5324,vorgehen
5332,Er,er,PRON,ROOT,5332,Er
5333,versicherte,versichern,VERB,ROOT,5333,versicherte
5334,noch,noch,ADV,mo,5333,versicherte
5335,",",--,PUNCT,punct,5333,versicherte
5336,–,--,PUNCT,punct,5333,versicherte
5337,welcher,welcher,DET,nk,5338,Mann
5338,Mann,Mann,NOUN,cj,5333,versicherte
5339,!,--,PUNCT,punct,5333,versicherte
5340,Er,er,PRON,sb,5341,hielt
5341,hielt,halten,VERB,ROOT,5341,hielt
5342,sein,sein,DET,nk,5344,Wort
5343,schönes,schön,ADJ,nk,5344,Wort
5344,Wort,Wort,NOUN,oa,5341,hielt
5345,und,und,CCONJ,cd,5341,hielt
5346,erschien,erscheinen,VERB,cj,5345,und
5347,",",--,PUNCT,punct,5346,erschien
5348,ungeachtet,ungeachtet,ADP,mo,5346,erschien
5349,alles,aller,PRON,nk,5350,Schießens
5350,Schießens,Schießen,NOUN,nk,5348,ungeachtet
5351,",",--,PUNCT,punct,5341,hielt
5352,nachts,nachts,ADV,mo,5341,hielt
5353,in,in,ADP,mo,5341,hielt
5354,unserem,unser,DET,nk,5355,Notstall
5355,Notstall,Notstall,NOUN,ROOT,5355,Notstall
5356,und,und,CCONJ,cd,5355,Notstall
5357,Hafen,Hafen,NOUN,cj,5356,und
5358,.,--,PUNCT,punct,5355,Notstall
5359,Wie,wie,ADP,mo,5365,nahm
5360,Agesilaus,Agesilaus,NOUN,sb,5365,nahm
5361,immer,immer,ADV,mo,5362,in
5362,in,in,ADP,mo,5365,nahm
5363,Tempeln,Tempeln,NOUN,nk,5362,in
5364,Herberge,Herberge,NOUN,nk,5363,Tempeln
5365,nahm,nehmen,VERB,ROOT,5365,nahm
5366,",",--,PUNCT,punct,5365,nahm
5367,damit,damit,ADV,mo,5365,nahm
5368,sein,sein,DET,nk,5369,Leben
5369,Leben,Leben,NOUN,sb,5372,aufgedeckt
5370,jedem,jeder,DET,nk,5371,Auge
5371,Auge,Auge,NOUN,ag,5369,Leben
5372,aufgedeckt,aufgedecken,VERB,nk,5373,vorläge
5373,vorläge,vorläge,NOUN,mo,5376,wollte
5374,:,--,PUNCT,punct,5373,vorläge
5375,so,so,ADV,mo,5376,wollte
5376,wollte,wollen,AUX,ROOT,5376,wollte
5377,auch,auch,ADV,mo,5378,er
5378,er,er,PRON,sb,5376,wollte
5379,durch,durch,ADP,mo,5376,wollte
5380,den,der,DET,nk,5379,durch
5381,Kirchenbesuch,Kirchenbesuch,NOUN,ROOT,5381,Kirchenbesuch
5382,allen,aller,DET,nk,5383,Ziebingern
5383,Ziebingern,Ziebinger,NOUN,da,5387,hinstellen
5384,seine,sein,DET,nk,5385,Gesinnung
5385,Gesinnung,Gesinnung,NOUN,oa,5387,hinstellen
5386,offen,offen,ADV,mo,5387,hinstellen
5387,hinstellen,hinstellen,VERB,oc,5381,Kirchenbesuch
5388,.,--,PUNCT,punct,5381,Kirchenbesuch
5389,Er,er,PRON,sb,5390,hielt
5390,hielt,halten,VERB,ROOT,5390,hielt
5391,den,der,DET,oa,5390,hielt
5392,Gottesdienst,gottesdienst,NOUN,ROOT,5392,Gottesdienst
5393,aus,aus,ADP,svp,5392,Gottesdienst
5394,",",--,PUNCT,punct,5395,so
5395,so,so,ADV,mo,5396,sehr
5396,sehr,sehr,ADV,mo,5399,bombardierte
5397,man,man,PRON,sb,5399,bombardierte
5398,auch,auch,ADV,mo,5399,bombardierte
5399,bombardierte,bombardiern,VERB,oc,5392,Gottesdienst
5400,",",--,PUNCT,punct,5399,bombardierte
5401,–,--,PUNCT,punct,5399,bombardierte
5402,nur,nur,ADV,mo,5404,er
5403,daß,daß,SCONJ,cp,5404,er
5404,er,er,PRON,sb,5392,Gottesdienst
5405,von,von,ADP,mnr,5404,er
5406,Zeit,Zeit,NOUN,nk,5405,von
5407,zu,zu,ADP,mo,5405,von
5408,Zeit,Zeit,NOUN,nk,5407,zu
5409,durch,durch,ADP,mo,5414,mußte
5410,den,der,DET,nk,5411,Adjutanten
5411,Adjutanten,Adjutant,NOUN,nk,5409,durch
5412,Befehle,Befehl,NOUN,oa,5413,abschicken
5413,abschicken,abschicken,VERB,oc,5414,mußte
5414,mußte,müssen,AUX,ROOT,5414,mußte
5415,;,--,PUNCT,punct,5414,mußte
5416,–,--,PUNCT,ROOT,5416,–
5417,ja,ja,ADV,mo,5416,–
5418,nicht,nicht,PART,ng,5420,eine
5419,einmal,einmal,ADV,mo,5418,nicht
5420,eine,ein,DET,oa,5416,–
5421,auf,auf,ADP,mnr,5420,eine
5422,dem,der,DET,nk,5421,auf
5423,Nepomuksdache,nepomuksdach,PROPN,mo,5424,aufschlagende
5424,aufschlagende,aufschlagend,ADJ,nk,5425,Bombe
5425,Bombe,Bombe,NOUN,sb,5426,vertrieb
5426,vertrieb,vertreiben,VERB,ROOT,5426,vertrieb
5427,ihn,ihn,PRON,oa,5426,vertrieb
5428,von,von,ADP,mo,5426,vertrieb
5429,seinem,sein,DET,nk,5430,Betposten
5430,Betposten,Betposten,NOUN,nk,5428,von
5431,.,--,PUNCT,punct,5426,vertrieb
5432,Am,an,ADP,mo,5434,brachte
5433,Morgen,Morgen,NOUN,nk,5432,Am
5434,brachte,bringen,VERB,ROOT,5434,brachte
5435,der,der,DET,nk,5436,Beichtvater
5436,Beichtvater,Beichtvater,NOUN,sb,5434,brachte
5437,wieder,wieder,ADV,mo,5434,brachte
5438,den,der,DET,nk,5439,Ausfall
5439,Ausfall,Ausfall,NOUN,oa,5434,brachte
5440,in,in,ADP,mo,5434,brachte
5441,Vorschlag,Vorschlag,NOUN,nk,5440,in
5442,;,--,PUNCT,punct,5434,brachte
5443,aber,aber,CCONJ,ROOT,5443,aber
5444,noch,noch,ADV,mo,5443,aber
5445,immer,immer,ADV,mo,5446,stand
5446,stand,stehen,VERB,ROOT,5446,stand
5447,das,der,DET,nk,5448,Wetterglas
5448,Wetterglas,Wetterglas,NOUN,sb,5446,stand
5449,nicht,nicht,PART,ng,5446,stand
5450,bei,bei,ADP,mo,5446,stand
5451,Sturm,Sturm,NOUN,nk,5450,bei
5452,",",--,PUNCT,punct,5446,stand
5453,sondern,sondern,CCONJ,cd,5446,stand
5454,fiel,fallen,VERB,cj,5453,sondern
5455,erst,erst,ADV,mo,5454,fiel
5456,auf,auf,ADP,mo,5454,fiel
5457,ihn,ihn,PRON,nk,5456,auf
5458,zu,zu,ADP,svp,5454,fiel
5459,.,--,PUNCT,punct,5446,stand
5460,43,43,NUM,ROOT,5460,43
5461,Am,an,ADP,mo,5466,geschossen
5462,Tage,Tag,NOUN,nk,5461,Am
5463,wurde,werden,AUX,ROOT,5463,wurde
5464,zu,zu,PART,mo,5465,wenig
5465,wenig,wenig,ADV,mo,5466,geschossen
5466,geschossen,schießen,VERB,oc,5463,wurde
5467,.,--,PUNCT,punct,5463,wurde
5468,Aus,aus,ADP,mo,5470,sucht
5469,Langweile,Langweile,NOUN,nk,5468,Aus
5470,sucht,suchen,VERB,ROOT,5470,sucht
5471,',--,PUNCT,punct,5470,sucht
5472,ich,ich,PRON,sb,5470,sucht
5473,",",--,PUNCT,punct,5470,sucht
5474,in,in,ADP,mo,5470,sucht
5475,Erwartung,Erwartung,NOUN,nk,5474,in
5476,des,der,DET,nk,5478,Nachtschießens
5477,lebhaften,lebhaft,ADJ,nk,5478,Nachtschießens
5478,Nachtschießens,Nachtschießen,NOUN,ROOT,5478,Nachtschießens
5479,",",--,PUNCT,punct,5478,Nachtschießens
5480,meine,mein,DET,nk,5481,Gedanken
5481,Gedanken,Gedanke,NOUN,cj,5478,Nachtschießens
5482,über,über,ADP,op,5481,Gedanken
5483,den,der,DET,nk,5484,größten
5484,größten,groß,ADJ,nk,5482,über
5485,und,und,CCONJ,cd,5484,größten
5486,insofern,insofern,ADV,cj,5485,und
5487,wichtigsten,wichtig,ADJ,nk,5488,Teil
5488,Teil,Teil,NOUN,ROOT,5488,Teil
5489,der,der,DET,nk,5490,Schriftsteller
5490,Schriftsteller,Schriftsteller,NOUN,ag,5488,Teil
5491,",",--,PUNCT,punct,5490,Schriftsteller
5492,nämlich,nämlich,ADV,mo,5494,elenden
5493,den,der,DET,nk,5494,elenden
5494,elenden,elend,ADJ,app,5488,Teil
5495,",",--,PUNCT,punct,5494,elenden
5496,mir,mir,PRON,da,5498,laut
5497,selber,selber,ADV,mnr,5496,mir
5498,laut,laut,ADV,cj,5494,elenden
5499,zu,zu,PART,svp,5488,Teil
5500,entwickeln,entwickeln,VERB,ROOT,5500,entwickeln
5501,;,--,PUNCT,punct,5500,entwickeln
5502,da,da,SCONJ,cp,5507,wird
5503,aber,aber,ADV,mo,5507,wird
5504,lautes,laut,ADJ,nk,5505,Sprechen
5505,Sprechen,sprechen,NOUN,sb,5507,wird
5506,lebendiger,lebendig,ADV,pd,5507,wird
5507,wird,werden,AUX,ROOT,5507,wird
5508,",",--,PUNCT,punct,5507,wird
5509,wenn,wenn,SCONJ,cp,5512,ist
5510,jemand,jemand,PRON,sb,5512,ist
5511,da,da,ADV,mo,5512,ist
5512,ist,sein,AUX,sb,5507,wird
5513,",",--,PUNCT,punct,5512,ist
5514,der,der,PRON,dep,5512,ist
5515,zuhört,zuhört,VERB,ROOT,5515,zuhört
5516,:,--,PUNCT,punct,5515,zuhört
5517,so,so,ADV,mo,5518,war
5518,war,sein,AUX,oc,5515,zuhört
5519,mir,mir,PRON,da,5518,war
5520,Stöcklein,Stöcklein,NOUN,sb,5518,war
5521,wie,wie,ADP,mo,5522,gerufen
5522,gerufen,rufen,VERB,pd,5518,war
5523,dazu,dazu,ADV,mo,5518,war
5524,.,--,PUNCT,punct,5518,war
5525,Ich,ich,PRON,sb,5526,entwickelte
5526,entwickelte,entwickelten,VERB,ROOT,5526,entwickelte
5527,mir,sich,PRON,da,5526,entwickelte
5528,ungefähr,ungefähr,ADV,mo,5526,entwickelte
5529,folgendes,folgend,PRON,sb,5536,bewahrten
5530,vor,vor,ADP,mo,5529,folgendes
5531,ihm,ihm,PRON,nk,5530,vor
5532,:,--,PUNCT,punct,5536,bewahrten
5533,alle,aller,DET,nk,5535,Bibliotheken
5534,öffentlichen,öffentlich,ADJ,nk,5535,Bibliotheken
5535,Bibliotheken,Bibliothek,NOUN,sb,5536,bewahrten
5536,bewahrten,bewahren,VERB,ROOT,5536,bewahrten
5537,bisher,bisher,ADV,mo,5536,bewahrten
5538,nur,nur,ADV,mo,5539,gute
5539,gute,gut,ADJ,oa,5536,bewahrten
5540,Werke,Werk,NOUN,ROOT,5540,Werke
5541,der,der,DET,nk,5542,Nachwelt
5542,Nachwelt,Nachwelt,NOUN,ag,5540,Werke
5543,auf,auf,ADP,ROOT,5543,auf
5544,.,--,PUNCT,ROOT,5544,.
5545,Es,es,PRON,sb,5546,fragt
5546,fragt,fragen,VERB,ROOT,5546,fragt
5547,sich,sich,PRON,oa,5546,fragt
5548,aber,aber,ADV,mo,5546,fragt
5549,",",--,PUNCT,punct,5546,fragt
5550,wenn,wenn,SCONJ,cp,5552,Nachwelt
5551,die,der,DET,nk,5552,Nachwelt
5552,Nachwelt,Nachwelt,NOUN,mo,5546,fragt
5553,den,der,DET,nk,5554,Geist
5554,Geist,Geist,NOUN,oa,5552,Nachwelt
5555,der,der,DET,punct,5546,fragt
5556,vorigen,vorig,ADJ,nk,5557,Zeit
5557,Zeit,Zeit,NOUN,oa,5561,kennen
5558,aus,aus,ADP,mo,5561,kennen
5559,dem,der,DET,nk,5560,Innersten
5560,Innersten,Innerst,NOUN,nk,5558,aus
5561,kennen,kennen,VERB,oc,5562,lernen
5562,lernen,lernen,VERB,oc,5563,will
5563,will,wollen,AUX,ROOT,5563,will
5564,",",--,PUNCT,punct,5563,will
5565,ob,ob,SCONJ,cp,5566,sie
5566,sie,sie,PRON,sb,5563,will
5567,diese,dieser,DET,nk,5568,Kenntnis
5568,Kenntnis,Kenntnis,NOUN,oa,5562,lernen
5569,richtiger,Richtiger,NOUN,ROOT,5569,richtiger
5570,aus,aus,ADP,mnr,5569,richtiger
5571,genialen,genial,ADJ,nk,5572,Werken
5572,Werken,Werk,NOUN,nk,5570,aus
5573,",",--,PUNCT,punct,5572,Werken
5574,welche,welcher,PRON,ROOT,5574,welche
5575,jedesmal,jedesmal,ADV,mo,5576,über
5576,über,über,ADP,mnr,5574,welche
5577,den,der,DET,nk,5578,Geist
5578,Geist,Geist,NOUN,nk,5576,über
5579,ihrer,ihr,DET,nk,5580,Zeit
5580,Zeit,Zeit,NOUN,ag,5578,Geist
5581,hinausspringen,hinausspringen,VERB,ROOT,5581,hinausspringen
5582,",",--,PUNCT,punct,5581,hinausspringen
5583,zu,zu,PART,pm,5584,schöpfen
5584,schöpfen,schöpfen,VERB,oc,5585,vermöge
5585,vermöge,vermögen,VERB,oc,5581,hinausspringen
5586,",",--,PUNCT,punct,5585,vermöge
5587,oder,oder,CCONJ,cd,5585,vermöge
5588,vielmehr,vielmehr,ADV,mo,5589,aus
5589,aus,aus,ADP,cj,5587,oder
5590,ganz,ganz,ADV,mo,5591,elenden
5591,elenden,elenden,VERB,nk,5589,aus
5592,",",--,PUNCT,punct,5591,elenden
5593,welche,welcher,PRON,oa,5581,hinausspringen
5594,als,als,ADP,mnr,5593,welche
5595,Nachdruck,Nachdruck,NOUN,ROOT,5595,Nachdruck
5596,und,und,CCONJ,cd,5595,Nachdruck
5597,Brut,Brut,NOUN,cj,5596,und
5598,ihrer,ihr,DET,nk,5599,Zeit
5599,Zeit,Zeit,NOUN,ag,5595,Nachdruck
5600,und,und,CCONJ,cd,5595,Nachdruck
5601,durch,durch,ADP,cj,5600,und
5602,ihre,ihr,DET,nk,5603,Menge
5603,Menge,Menge,NOUN,nk,5601,durch
5604,am,am,PART,pm,5605,stärksten
5605,stärksten,stark,ADV,mo,5607,Bild
5606,deren,der,PRON,ag,5607,Bild
5607,Bild,Bild,NOUN,ag,5595,Nachdruck
5608,",",--,PUNCT,punct,5595,Nachdruck
5609,besonders,besonders,ADV,mo,5611,Schattenseite
5610,die,der,DET,nk,5611,Schattenseite
5611,Schattenseite,Schattenseite,NOUN,oa,5613,abzeichnen
5612,",",--,PUNCT,punct,5613,abzeichnen
5613,abzeichnen,abzeichnen,VERB,ROOT,5613,abzeichnen
5614,.,--,PUNCT,punct,5613,abzeichnen
5615,Mit,mit,ADP,mo,5618,würden
5616,welcher,welcher,DET,nk,5617,Begierde
5617,Begierde,Begierde,NOUN,nk,5615,Mit
5618,würden,werden,AUX,ROOT,5618,würden
5619,wir,wir,PRON,sb,5618,würden
5620,z.,z.,ADP,mo,5623,Schartekenbibliothek
5621,B.,B.,NOUN,nk,5620,z.
5622,die,der,DET,nk,5623,Schartekenbibliothek
5623,Schartekenbibliothek,Schartekenbibliothek,NOUN,oa,5618,würden
5624,der,der,DET,nk,5625,beiden
5625,beiden,beide,PRON,ag,5623,Schartekenbibliothek
5626,während,während,ADP,mo,5629,schreienden
5627,der,der,DET,nk,5628,Reformation
5628,Reformation,Reformation,NOUN,nk,5626,während
5629,schreienden,schreiend,ADJ,nk,5630,Parteien
5630,Parteien,Partei,NOUN,da,5631,durchlaufen
5631,durchlaufen,durchlaufen,VERB,ROOT,5631,durchlaufen
5632,!,--,PUNCT,punct,5631,durchlaufen
5633,44,44,NUM,nk,5634,Ebenso
5634,Ebenso,ebenso,ADV,mo,5635,wünscht
5635,wünscht,wünschen,VERB,ROOT,5635,wünscht
5636,',--,PUNCT,punct,5635,wünscht
5637,ich,ich,PRON,sb,5639,Nachahmer-Bibliothek
5638,eine,ein,DET,nk,5639,Nachahmer-Bibliothek
5639,Nachahmer-Bibliothek,Nachahmer-Bibliothek,NOUN,ROOT,5639,Nachahmer-Bibliothek
5640,",",--,PUNCT,punct,5639,Nachahmer-Bibliothek
5641,z.,z.,ADP,mnr,5639,Nachahmer-Bibliothek
5642,B.,B.,NOUN,nk,5641,z.
5643,von,von,ADP,pg,5642,B.
5644,Goethe,Goethe,PROPN,nk,5643,von
5645,",",--,PUNCT,punct,5644,Goethe
5646,von,von,ADP,pg,5644,Goethe
5647,Klopstock,Klopstock,PROPN,nk,5646,von
5648,.,--,PUNCT,punct,5639,Nachahmer-Bibliothek
5649,Schlechte,schlechte,ADJ,ROOT,5649,Schlechte
5650,Bücher,Buch,NOUN,sb,5651,zerrinnen
5651,zerrinnen,zerrinnen,VERB,ROOT,5651,zerrinnen
5652,",",--,PUNCT,punct,5651,zerrinnen
5653,wie,wie,ADP,cm,5654,Wolken
5654,Wolken,Wolke,NOUN,mo,5651,zerrinnen
5655,",",--,PUNCT,punct,5651,zerrinnen
5656,auf,auf,ADP,mo,5651,zerrinnen
5657,immer,immer,ADV,nk,5656,auf
5658,;,--,PUNCT,punct,5651,zerrinnen
5659,aber,aber,CCONJ,ju,5663,will
5660,etwas,etwas,ADV,mo,5663,will
5661,in,in,ADP,mo,5663,will
5662,mir,mir,PRON,nk,5661,in
5663,will,wollen,AUX,ROOT,5663,will
5664,haben,haben,VERB,oc,5663,will
5665,",",--,PUNCT,punct,5664,haben
5666,daß,daß,SCONJ,cp,5667,von
5667,von,von,ADP,par,5663,will
5668,jedem,jeder,DET,nk,5670,Schmierbuch
5669,abgedruckten,abgedruckt,ADJ,nk,5670,Schmierbuch
5670,Schmierbuch,Schmierbuch,NOUN,da,5675,bleibe
5671,wenigstens,wenigstens,ADV,mo,5673,Exemplar
5672,ein,ein,DET,nk,5673,Exemplar
5673,Exemplar,Exemplar,NOUN,sb,5675,bleibe
5674,übrig,übrig,ADV,svp,5675,bleibe
5675,bleibe,bleiben,VERB,ROOT,5675,bleibe
5676,.,--,PUNCT,punct,5675,bleibe
5677,Hierzu,hierzu,ADV,mo,5682,wünschen
5678,wäre,sein,AUX,ROOT,5678,wäre
5679,noch,noch,ADV,mo,5680,etwas
5680,etwas,etwas,PRON,sb,5678,wäre
5681,zu,zu,PART,pm,5682,wünschen
5682,wünschen,wünschen,VERB,oc,5678,wäre
5683,",",--,PUNCT,punct,5678,wäre
5684,das,der,PRON,sb,5688,scheint
5685,wohl,wohl,ADV,mo,5688,scheint
5686,paradox,paradox,ADV,pd,5688,scheint
5687,genug,genug,ADV,mo,5686,paradox
5688,scheint,scheinen,VERB,rc,5680,etwas
5689,.,--,PUNCT,punct,5678,wäre
5690,Nämlich,nämlich,ADV,ROOT,5690,Nämlich
5691,eine,ein,DET,nk,5692,Gesellschaft
5692,Gesellschaft,Gesellschaft,NOUN,sb,5694,müßte
5693,Buchhändler,Buchhändler,PROPN,nk,5692,Gesellschaft
5694,müßte,müssen,AUX,ROOT,5694,müßte
5695,sich,sich,PRON,oa,5696,zusammenschließen
5696,zusammenschließen,zusammenschließen,VERB,oc,5694,müßte
5697,",",--,PUNCT,punct,5696,zusammenschließen
5698,bloß,bloß,ADV,mo,5699,zum
5699,zum,zu,ADP,mo,5694,müßte
5700,Verlage,Verlag,NOUN,nk,5699,zum
5701,elender,elend,ADJ,nk,5702,Werke
5702,Werke,Werk,NOUN,ROOT,5702,Werke
5703,",",--,PUNCT,punct,5702,Werke
5704,anstatt,anstatt,ADP,ac,5714,umhangen
5705,daß,daß,SCONJ,cp,5714,umhangen
5706,jetzt,jetzt,ADV,mo,5714,umhangen
5707,nur,nur,ADV,mo,5708,einer
5708,einer,einer,PRON,sb,5714,umhangen
5709,und,und,CCONJ,cd,5708,einer
5710,der,der,DET,nk,5711,andere
5711,andere,anderer,PRON,cj,5709,und
5712,ganz,ganz,ADV,mo,5714,umhangen
5713,damit,damit,ADV,mo,5714,umhangen
5714,umhangen,umhangen,VERB,mnr,5702,Werke
5715,ist,sein,AUX,ROOT,5715,ist
5716,",",--,PUNCT,punct,5715,ist
5717,oder,oder,CCONJ,cd,5715,ist
5718,daß,daß,SCONJ,cp,5719,sie
5719,sie,sie,PRON,cj,5717,oder
5720,bei,bei,ADP,mnr,5719,sie
5721,den,der,DET,nk,5722,meisten
5722,meisten,meister,PRON,nk,5720,bei
5723,gar,gar,ADV,mo,5724,sich
5724,sich,sich,PRON,oa,5725,mit
5725,mit,mit,ADP,mo,5720,bei
5726,guten,gut,ADJ,nk,5727,vermischen
5727,vermischen,vermischen,VERB,nk,5725,mit
5728,;,--,PUNCT,punct,5715,ist
5729,um,um,SCONJ,ROOT,5729,um
5730,wie,wie,ADP,cm,5731,viel
5731,viel,viel,PRON,mo,5729,um
5732,reicher,reich,ADV,pd,5733,würde
5733,würde,werden,AUX,ROOT,5733,würde
5734,unsere,unser,DET,nk,5735,Literatur
5735,Literatur,Literatur,NOUN,sb,5733,würde
5736,an,an,ADP,mo,5742,anfangender
5737,sonst,sonst,ADV,mo,5736,an
5738,auf,auf,ADP,op,5742,anfangender
5739,immer,immer,ADV,mo,5740,verlorenen
5740,verlorenen,verloren,ADJ,nk,5741,Werken
5741,Werken,Werk,NOUN,nk,5738,auf
5742,anfangender,anfangend,NOUN,oc,5733,würde
5743,Schriftsteller,Schriftsteller,NOUN,pd,5749,sein
5744,von,von,ADP,mnr,5743,Schriftsteller
5745,18,18,NUM,nk,5748,Jahren
5746,oder,oder,CCONJ,cd,5745,18
5747,81,81,NUM,cj,5746,oder
5748,Jahren,Jahr,NOUN,nk,5744,von
5749,sein,sein,AUX,ROOT,5749,sein
5750,!,--,PUNCT,punct,5749,sein
5751,»,--,PUNCT,punct,5757,macht
5752,Unehre,unehre,NOUN,sb,5757,macht
5753,",",--,PUNCT,punct,5752,Unehre
5754,lieber,lieb,ADJ,mo,5755,Stöcklein
5755,Stöcklein,Stöcklein,PROPN,app,5752,Unehre
5756,",",--,PUNCT,punct,5757,macht
5757,macht,machen,VERB,ROOT,5757,macht
5758,ohnehin,ohnehin,ADV,mo,5760,Buch
5759,ein,ein,DET,nk,5760,Buch
5760,Buch,Buch,NOUN,ROOT,5760,Buch
5761,nicht,nicht,PART,ng,5760,Buch
5762,dem,der,PRON,pd,5760,Buch
5763,",",--,PUNCT,punct,5762,dem
5764,der,der,PRON,sb,5766,kauft
5765,es,es,PRON,oa,5766,kauft
5766,kauft,kaufen,VERB,rc,5762,dem
5767,und,und,CCONJ,cd,5766,kauft
5768,nicht,nicht,PART,ng,5769,lieset
5769,lieset,lieset,VERB,cj,5767,und
5770,",",--,PUNCT,punct,5762,dem
5771,sondern,sondern,CCONJ,cd,5762,dem
5772,höchstens,höchstens,ADV,cj,5771,sondern
5773,dem,der,PRON,ROOT,5773,dem
5774,",",--,PUNCT,punct,5773,dem
5775,der,der,PRON,sb,5777,kauft
5776,es,es,PRON,oa,5777,kauft
5777,kauft,kaufen,VERB,rc,5773,dem
5778,und,und,CCONJ,cd,5777,kauft
5779,lieset,lieset,VERB,cj,5778,und
5780,",",--,PUNCT,punct,5773,dem
5781,und,und,CCONJ,cd,5773,dem
5782,ein,ein,DET,nk,5783,Rittergutsbesitzer
5783,Rittergutsbesitzer,Rittergutsbesitzer,NOUN,sb,5784,handelt
5784,handelt,handeln,VERB,cj,5781,und
5785,ohne,ohne,ADP,svp,5784,handelt
5786,Befleckung,Befleckung,NOUN,ROOT,5786,Befleckung
5787,seines,sein,DET,nk,5788,Wappens
5788,Wappens,Wappen,NOUN,ag,5786,Befleckung
5789,mit,mit,ADP,mnr,5788,Wappens
5790,Schweinen,Schwein,NOUN,nk,5789,mit
5791,und,und,CCONJ,cd,5790,Schweinen
5792,Fusel,Fusel,NOUN,cj,5791,und
5793,.,--,PUNCT,punct,5786,Befleckung
5794,Auch,auch,ADV,mo,5795,befürchtet
5795,befürchtet,befürchten,VERB,ROOT,5795,befürchtet
5796,kein,kein,DET,sb,5795,befürchtet
5797,Vernünftiger,Vernünftiger,NOUN,ROOT,5797,Vernünftiger
5798,",",--,PUNCT,punct,5797,Vernünftiger
5799,wie,wie,SCONJ,cm,5800,Sie
5800,Sie,sie,PRON,cc,5797,Vernünftiger
5801,",",--,PUNCT,punct,5797,Vernünftiger
5802,es,es,PRON,ph,5803,werde
5803,werde,werden,AUX,oc,5797,Vernünftiger
5804,etwa,etwa,ADV,mo,5806,Autor
5805,ein,ein,DET,nk,5806,Autor
5806,Autor,Autor,NOUN,sb,5803,werde
5807,sich,sich,PRON,oa,5808,schämen
5808,schämen,schämen,VERB,oc,5803,werde
5809,",",--,PUNCT,punct,5808,schämen
5810,an,an,ADP,cj,5797,Vernünftiger
5811,einen,ein,PRON,nk,5810,an
5812,Dutzendbuchhändler,Dutzendbuchhändler,NOUN,ROOT,5812,Dutzendbuchhändler
5813,(,--,PUNCT,punct,5815,Ähnlichkeit
5814,nach,nach,ADP,par,5812,Dutzendbuchhändler
5815,Ähnlichkeit,Ähnlichkeit,NOUN,nk,5814,nach
5816,der,der,DET,nk,5818,Dutzendmaler
5817,45,45,NUM,nk,5818,Dutzendmaler
5818,Dutzendmaler,Dutzendmaler,NOUN,ag,5815,Ähnlichkeit
5819,und,und,CCONJ,cd,5818,Dutzendmaler
5820,Dutzenduhren,Dutzenduhr,NOUN,cj,5819,und
5821,),--,PUNCT,punct,5814,nach
5822,etwas,etwas,PRON,oa,5824,schicken
5823,zu,zu,PART,pm,5824,schicken
5824,schicken,schicken,VERB,ROOT,5824,schicken
5825,",",--,PUNCT,punct,5824,schicken
5826,was,wer,PRON,oa,5829,abwiesen
5827,einige,einiger,DET,nk,5828,Buchhändler
5828,Buchhändler,Buchhändler,NOUN,oa,5829,abwiesen
5829,abwiesen,abwiesen,VERB,oc,5824,schicken
5830,.,--,PUNCT,punct,5824,schicken
5831,In,in,ADP,mo,5833,war
5832,London,London,PROPN,nk,5831,In
5833,war,sein,AUX,ROOT,5833,war
5834,die,der,DET,nk,5835,Gasse
5835,Gasse,Gaß,NOUN,sb,5833,war
5836,Grubstreet,Grubstreet,PROPN,nk,5835,Gasse
5837,zum,zu,ADP,mo,5833,war
5838,Pferch,Pferch,NOUN,nk,5837,zum
5839,erbärmlicher,erbärmlich,ADJ,nk,5840,Autoren
5840,Autoren,Autor,NOUN,ag,5838,Pferch
5841,in,in,ADP,mnr,5838,Pferch
5842,allen,aller,DET,nk,5841,in
5843,Büchern,Buch,NOUN,sb,5844,verschrien
5844,verschrien,verschrien,VERB,ROOT,5844,verschrien
5845,;,--,PUNCT,punct,5844,verschrien
5846,und,und,CCONJ,ju,5848,zog
5847,dennoch,dennoch,ADV,mo,5848,zog
5848,zog,ziehen,VERB,ROOT,5848,zog
5849,einer,ein,PRON,sb,5848,zog
5850,nach,nach,ADP,mo,5848,zog
5851,dem,der,DET,nk,5852,andern
5852,andern,anderer,NOUN,nk,5850,nach
5853,ohne,ohne,ADP,mo,5848,zog
5854,Scheu,Scheu,NOUN,nk,5853,ohne
5855,hinein,hinein,ADV,svp,5848,zog
5856,.,--,PUNCT,punct,5848,zog
5857,Aber,aber,CCONJ,ju,5858,jeder
5858,jeder,jeder,PRON,ROOT,5858,jeder
5859,mit,mit,ADP,mnr,5858,jeder
5860,Recht,Recht,NOUN,nk,5859,mit
5861,.,--,PUNCT,punct,5858,jeder
5862,Er,er,PRON,sb,5863,konnte
5863,konnte,können,AUX,ROOT,5863,konnte
5864,innerlich,innerlich,ADV,mo,5865,lächeln
5865,lächeln,lächeln,VERB,oc,5863,konnte
5866,",",--,PUNCT,punct,5863,konnte
5867,und,und,CCONJ,cd,5863,konnte
5868,",",--,PUNCT,punct,5867,und
5869,indem,indem,SCONJ,cp,5872,fünf
5870,er,er,PRON,sb,5872,fünf
5871,seine,sein,DET,nk,5872,fünf
5872,fünf,fünf,NUM,mo,5863,konnte
5873,Treppen,Treppe,NOUN,oa,5874,hinaufkletterte
5874,hinaufkletterte,hinaufkletteren,VERB,ROOT,5874,hinaufkletterte
5875,",",--,PUNCT,punct,5874,hinaufkletterte
5876,vergnügt,vergnügen,VERB,oc,5877,sagen
5877,sagen,sagen,VERB,oc,5874,hinaufkletterte
5878,:,--,PUNCT,punct,5877,sagen
5879,»,--,PUNCT,punct,5882,macht
5880,der,der,DET,nk,5881,Rock
5881,Rock,Rock,NOUN,sb,5882,macht
5882,macht,machen,VERB,oc,5877,sagen
5883,nicht,nicht,PART,ng,5882,macht
5884,den,der,DET,nk,5885,Mann
5885,Mann,Mann,NOUN,oa,5882,macht
5886,",",--,PUNCT,punct,5882,macht
5887,und,und,CCONJ,cd,5882,macht
5888,die,der,DET,nk,5889,Gasse
5889,Gasse,Gasse,NOUN,sb,5892,Autor
5890,nicht,nicht,PART,ng,5892,Autor
5891,den,der,DET,nk,5892,Autor
5892,Autor,Autor,NOUN,ROOT,5892,Autor
5893,;,--,PUNCT,punct,5892,Autor
5894,desto,desto,ADV,mo,5895,schlimmer
5895,schlimmer,schlimm,ADV,ROOT,5895,schlimmer
5896,",",--,PUNCT,punct,5895,schlimmer
5897,daß,daß,SCONJ,cp,5900,wahre
5898,meine,mein,DET,nk,5899,Schreibnachbarn
5899,Schreibnachbarn,Schreibnachbarn,NOUN,sb,5900,wahre
5900,wahre,wahren,VERB,cc,5895,schlimmer
5901,",",--,PUNCT,punct,5900,wahre
5902,ausgemachte,ausgemacht,ADJ,nk,5903,Narren
5903,Narren,Narr,NOUN,pd,5904,sind
5904,sind,sein,AUX,ROOT,5904,sind
5905,.,--,PUNCT,punct,5904,sind
5906,«,--,PUNCT,punct,5904,sind
5907,Ebenso,ebenso,ADV,mo,5908,wird
5908,wird,werden,AUX,ROOT,5908,wird
5909,der,der,DET,nk,5910,Autor
5910,Autor,Autor,NOUN,sb,5908,wird
5911,",",--,PUNCT,punct,5908,wird
5912,wenn,wenn,SCONJ,cp,5913,er
5913,er,er,PRON,sb,5908,wird
5914,seine,sein,DET,nk,5915,Handschrift
5915,Handschrift,Handschrift,NOUN,oa,5916,an
5916,an,an,ADP,svp,5908,wird
5917,den,der,DET,nk,5918,Dutzendbuchhändler
5918,Dutzendbuchhändler,Dutzendbuchhändler,NOUN,sb,5919,schickt
5919,schickt,schicken,VERB,ROOT,5919,schickt
5920,",",--,PUNCT,punct,5922,denken
5921,schalkhaft,schalkhaft,ADV,mo,5922,denken
5922,denken,denken,VERB,oc,5919,schickt
5923,:,--,PUNCT,punct,5922,denken
5924,»,--,PUNCT,punct,5927,Narr
5925,wenn,wenn,SCONJ,cp,5927,Narr
5926,der,der,DET,nk,5927,Narr
5927,Narr,Narr,NOUN,pd,5922,denken
5928,im,in,ADP,mnr,5927,Narr
5929,Ernste,Ernst,NOUN,nk,5928,im
5930,auf,auf,ADP,mnr,5927,Narr
5931,ein,ein,DET,nk,5933,Buch
5932,miserables,miserabl,ADJ,nk,5933,Buch
5933,Buch,Buch,NOUN,sb,5935,absieht
5934,es,es,PRON,nk,5933,Buch
5935,absieht,absehen,VERB,re,5937,so
5936,",",--,PUNCT,punct,5937,so
5937,so,so,ADV,mo,5938,hab
5938,hab,hab,ADV,ROOT,5938,hab
5939,',--,PUNCT,punct,5938,hab
5940,ich,ich,PRON,sb,5938,hab
5941,ihn,ihn,PRON,oa,5943,geprellt
5942,gewaltig,gewaltig,ADV,mo,5943,geprellt
5943,geprellt,prellen,VERB,oc,5938,hab
5944,:,--,PUNCT,punct,5947,ist
5945,das,der,DET,nk,5946,Werk
5946,Werk,Werk,NOUN,sb,5947,ist
5947,ist,sein,AUX,re,5937,so
5948,göttlich,göttlich,ADV,ROOT,5948,göttlich
5949,.,--,PUNCT,punct,5948,göttlich
5950,«,--,PUNCT,ROOT,5950,«
5951,Stöcklein,Stöcklein,PROPN,ROOT,5951,Stöcklein
5952,",",--,PUNCT,punct,5951,Stöcklein
5953,Sie,sie,PRON,sb,5954,müssen
5954,müssen,müssen,AUX,cj,5951,Stöcklein
5955,hier,hier,ADV,mo,5958,lassen
5956,Vorurteile,Vorurteil,NOUN,oa,5957,fahren
5957,fahren,fahren,VERB,oc,5958,lassen
5958,lassen,lassen,VERB,oc,5954,müssen
5959,",",--,PUNCT,punct,5958,lassen
5960,die,der,PRON,nk,5961,ich
5961,ich,ich,PRON,cj,5954,müssen
5962,selber,selber,ADV,mnr,5961,ich
5963,sonst,sonst,ADV,mo,5951,Stöcklein
5964,gehegt,hegen,VERB,ROOT,5964,gehegt
5965,.,--,PUNCT,punct,5964,gehegt
5966,Schlechte,schlecht,ADJ,nk,5967,Autoren
5967,Autoren,Autor,NOUN,sb,5968,haben
5968,haben,haben,AUX,ROOT,5968,haben
5969,wahren,wahr,ADJ,nk,5970,Wert
5970,Wert,Wert,NOUN,oa,5968,haben
5971,für,für,ADP,mnr,5970,Wert
5972,schlechte,schlecht,ADJ,nk,5973,Leser
5973,Leser,Leser,NOUN,nk,5971,für
5974,",",--,PUNCT,punct,5970,Wert
5975,oft,oft,ADV,mo,5976,für
5976,für,für,ADP,mnr,5970,Wert
5977,ganze,ganz,ADJ,nk,5976,für
5978,Provinzen,Provinz,NOUN,oa,5984,gibt
5979,",",--,PUNCT,punct,5978,Provinzen
5980,allein,allein,ADV,mo,5981,gegen
5981,gegen,gegen,ADP,mo,5984,gibt
5982,zweitausend,zweitausend,ADV,nk,5981,gegen
5983,Leser,Leser,NOUN,nk,5981,gegen
5984,gibt,geben,VERB,ROOT,5984,gibt
5985,es,es,PRON,ep,5984,gibt
5986,kaum,kaum,ADV,mo,5984,gibt
5987,zwei,zwei,NUM,nk,5988,schlechte
5988,schlechte,schlecht,ADJ,oa,5984,gibt
5989,Schreiber,Schreiber,PROPN,ROOT,5989,Schreiber
5990,.,--,PUNCT,punct,5989,Schreiber
5991,Ist,sein,AUX,ROOT,5991,Ist
5992,aber,aber,ADV,mo,5991,Ist
5993,das,der,DET,nk,5994,Publikum
5994,Publikum,Publikum,NOUN,sb,5991,Ist
5995,dem,der,DET,nk,5996,Chore
5996,Chore,Chore,NOUN,da,5991,Ist
5997,des,der,DET,nk,5998,Aristophanes
5998,Aristophanes,Aristophan,NOUN,ag,5996,Chore
5999,",",--,PUNCT,punct,5996,Chore
6000,46,46,NUM,app,5996,Chore
6001,der,der,DET,nk,6000,46
6002,bald,bald,ADV,mo,6000,46
6003,aus,aus,ADP,svp,5991,Ist
6004,Wespen,Wesp,NOUN,sb,6013,bestand
6005,",",--,PUNCT,punct,6004,Wespen
6006,bald,bald,ADV,mo,6007,aus
6007,aus,aus,ADP,par,6004,Wespen
6008,Wolken,Wolke,NOUN,nk,6007,aus
6009,",",--,PUNCT,punct,6013,bestand
6010,bald,bald,ADV,mo,6013,bestand
6011,aus,aus,ADP,op,6013,bestand
6012,Fröschen,Fröschen,NOUN,nk,6011,aus
6013,bestand,bestehen,VERB,re,6018,so
6014,",",--,PUNCT,punct,6015,so
6015,so,so,ADV,mo,6016,ähnlich
6016,ähnlich,ähnlich,ADV,mo,6013,bestand
6017,",",--,PUNCT,punct,6018,so
6018,so,so,ADV,mo,6019,sollte
6019,sollte,sollen,AUX,ROOT,6019,sollte
6020,man,man,PRON,sb,6019,sollte
6021,doch,doch,CCONJ,ju,6025,denken
6022,auf,auf,ADP,op,6025,denken
6023,das,der,DET,nk,6022,auf
6024,ernsthaft,ernsthaft,ADV,mo,6025,denken
6025,denken,denken,VERB,ROOT,6025,denken
6026,",",--,PUNCT,punct,6025,denken
6027,was,wer,PRON,oa,6030,hat
6028,es,es,PRON,sb,6030,hat
6029,nötig,nötig,ADV,mo,6030,hat
6030,hat,haben,AUX,oc,6025,denken
6031,.,--,PUNCT,punct,6025,denken
6032,Auch,auch,ADV,mo,6033,scheint
6033,scheint,scheinen,VERB,ROOT,6033,scheint
6034,der,der,DET,nk,6035,Himmel
6035,Himmel,Himmel,NOUN,sb,6033,scheint
6036,",",--,PUNCT,punct,6033,scheint
6037,um,um,SCONJ,punct,6033,scheint
6038,einigermaßen,einigermaßen,ADV,mo,6041,Mangel
6039,dem,der,DET,nk,6041,Mangel
6040,verhältnismäßigen,verhältnismäßig,ADJ,nk,6041,Mangel
6041,Mangel,Mangel,NOUN,da,6045,abzuhelfen
6042,an,an,ADP,op,6041,Mangel
6043,gemeinen,gemein,ADJ,nk,6044,Autoren
6044,Autoren,Autor,NOUN,nk,6042,an
6045,abzuhelfen,abhelfen,VERB,ROOT,6045,abzuhelfen
6046,",",--,PUNCT,punct,6045,abzuhelfen
6047,ihnen,ihnen,PRON,ROOT,6047,ihnen
6048,desto,desto,ADV,mo,6049,größere
6049,größere,groß,ADJ,nk,6050,Fruchtbarkeit
6050,Fruchtbarkeit,Fruchtbarkeit,NOUN,oa,6051,verliehen
6051,verliehen,verleihen,VERB,oc,6053,haben
6052,zu,zu,PART,pm,6053,haben
6053,haben,haben,AUX,ROOT,6053,haben
6054,",",--,PUNCT,punct,6053,haben
6055,so,so,ADV,mo,6057,sie
6056,daß,daß,SCONJ,cp,6057,sie
6057,sie,sie,PRON,sb,6053,haben
6058,in,in,ADP,mnr,6057,sie
6059,jeder,jeder,DET,nk,6060,Messe
6060,Messe,Messe,NOUN,nk,6058,in
6061,mit,mit,ADP,mo,6058,in
6062,Drillingen,Drilling,NOUN,ROOT,6062,Drillingen
6063,",",--,PUNCT,punct,6062,Drillingen
6064,Fünflingen,Fünfling,NOUN,cj,6062,Drillingen
6065,",",--,PUNCT,punct,6062,Drillingen
6066,Sechslingen,Sechsling,NOUN,cj,6062,Drillingen
6067,niederkommen,niederkommen,VERB,oc,6062,Drillingen
6068,;,--,PUNCT,punct,6062,Drillingen
6069,so,so,ADV,mo,6070,bemerkte
6070,bemerkte,bemerken,VERB,ROOT,6070,bemerkte
6071,Dr.,Dr.,NOUN,sb,6070,bemerkte
6072,Jahn,Jahn,PROPN,nk,6071,Dr.
6073,»,--,PUNCT,punct,6070,bemerkte
6074,über,über,ADP,op,6070,bemerkte
6075,die,der,DET,nk,6076,Kinderkrankheiten
6076,Kinderkrankheiten,Kinderkrankheite,NOUN,ROOT,6076,Kinderkrankheiten
6077,",",--,PUNCT,punct,6076,Kinderkrankheiten
6078,«,--,PUNCT,punct,6076,Kinderkrankheiten
6079,daß,daß,SCONJ,cp,6081,bei
6080,gerade,gerade,ADV,mo,6081,bei
6081,bei,bei,ADP,mnr,6076,Kinderkrankheiten
6082,Armen,arme,NOUN,nk,6081,bei
6083,und,und,CCONJ,cd,6082,Armen
6084,Schwächlingen,Schwächling,NOUN,cj,6083,und
6085,Zwillinge,Zwilling,NOUN,nk,6081,bei
6086,am,an,ADP,mo,6081,bei
6087,häufigsten,häufigsen,VERB,ROOT,6087,häufigsten
6088,erscheinen,erscheinen,VERB,oc,6087,häufigsten
6089,.,--,PUNCT,punct,6087,häufigsten
6090,Auch,auch,ADV,mo,6091,treffen
6091,treffen,treffen,VERB,ROOT,6091,treffen
6092,Sie,sie,PRON,sb,6091,treffen
6093,ja,ja,ADV,mo,6091,treffen
6094,in,in,ADP,mo,6091,treffen
6095,der,der,DET,nk,6096,Unterklasse
6096,Unterklasse,Unterklasse,NOUN,nk,6094,in
6097,der,der,DET,nk,6098,Schreiber
6098,Schreiber,Schreiber,NOUN,ag,6096,Unterklasse
6099,alle,aller,DET,nk,6100,Exemplare
6100,Exemplare,Exemplar,NOUN,ROOT,6100,Exemplare
6101,der,der,DET,nk,6102,Oberklasse
6102,Oberklasse,Oberklasse,NOUN,ag,6100,Exemplare
6103,",",--,PUNCT,punct,6100,Exemplare
6104,nur,nur,ADV,mo,6105,aber
6105,aber,aber,ADV,mo,6106,verkleinert
6106,verkleinert,verkleinern,VERB,par,6100,Exemplare
6107,",",--,PUNCT,punct,6100,Exemplare
6108,an,an,ADP,par,6100,Exemplare
6109,",",--,PUNCT,punct,6100,Exemplare
6110,kleine,klein,ADJ,cj,6100,Exemplare
6111,",",--,PUNCT,punct,6110,kleine
6112,niedliche,niedlich,ADJ,cj,6110,kleine
6113,",",--,PUNCT,punct,6100,Exemplare
6114,deutsche,deutsch,ADJ,nk,6115,Klopstocke
6115,Klopstocke,Klopstocke,NOUN,ROOT,6115,Klopstocke
6116,",",--,PUNCT,punct,6115,Klopstocke
6117,Goethe,Goethe,PROPN,cj,6115,Klopstocke
6118,",",--,PUNCT,punct,6115,Klopstocke
6119,Herder,Herder,PROPN,cj,6117,Goethe
6120,usw.,usw.,ADV,mo,6115,Klopstocke
6121,;,--,PUNCT,punct,6115,Klopstocke
6122,sowie,sowie,CCONJ,ROOT,6122,sowie
6123,sogenannte,sogenannter,ADJ,nk,6125,Hirsche
6124,fliegende,fliegend,ADJ,nk,6125,Hirsche
6125,Hirsche,Hirsche,NOUN,cj,6122,sowie
6126,oder,oder,CCONJ,ROOT,6126,oder
6127,Stiere,Stier,NOUN,cj,6126,oder
6128,",",--,PUNCT,punct,6127,Stiere
6129,fliegende,fliegend,ADJ,nk,6130,Böcke
6130,Böcke,Böck,NOUN,cj,6127,Stiere
6131,",",--,PUNCT,punct,6127,Stiere
6132,fliegende,fliegend,ADJ,nk,6133,Ferkel
6133,Ferkel,Ferkel,NOUN,cj,6127,Stiere
6134,unter,unter,ADP,mnr,6133,Ferkel
6135,den,der,DET,nk,6136,Käfern
6136,Käfern,Käfer,NOUN,nk,6134,unter
6137,.,--,PUNCT,ROOT,6137,.
6138,Dies,dieser,PRON,oa,6139,mag
6139,mag,mögen,AUX,ROOT,6139,mag
6140,vielleicht,vielleicht,ADV,mo,6143,sein
6141,die,der,DET,nk,6142,Ursache
6142,Ursache,Ursache,NOUN,pd,6143,sein
6143,sein,sein,AUX,ROOT,6143,sein
6144,",",--,PUNCT,punct,6143,sein
6145,daß,daß,SCONJ,cp,6152,feinere
6146,aus,aus,ADP,op,6152,feinere
6147,solchen,solcher,DET,nk,6149,Werken
6148,schlechten,schlecht,ADJ,nk,6149,Werken
6149,Werken,Werk,NOUN,nk,6146,aus
6150,so,so,ADV,mo,6151,viele
6151,viele,vieler,PRON,nk,6152,feinere
6152,feinere,fein,ADJ,ROOT,6152,feinere
6153,Leser,Leser,NOUN,sb,6156,schöpfen
6154,übergroßes,übergroß,ADJ,nk,6155,Vergnügen
6155,Vergnügen,Vergnügen,NOUN,oa,6156,schöpfen
6156,schöpfen,schöpfen,VERB,ROOT,6156,schöpfen
6157,",",--,PUNCT,punct,6156,schöpfen
6158,wie,wie,ADP,cm,6161,Ekel
6159,wenigstens,wenigstens,ADV,mo,6161,Ekel
6160,der,der,DET,nk,6161,Ekel
6161,Ekel,Ekel,NOUN,mo,6156,schöpfen
6162,nach,nach,ADP,mo,6161,Ekel
6163,deren,der,PRON,ag,6164,Lesung
6164,Lesung,Lesung,NOUN,nk,6162,nach
6165,bezeugt,bezeugen,VERB,ROOT,6165,bezeugt
6166,",",--,PUNCT,punct,6165,bezeugt
6167,welcher,welcher,PRON,sb,6173,begleitet
6168,gewöhnlich,gewöhnlich,ADV,mo,6173,begleitet
6169,das,der,DET,nk,6170,Übermaß
6170,Übermaß,Übermaß,NOUN,oa,6173,begleitet
6171,der,der,DET,nk,6172,Lust
6172,Lust,Lust,NOUN,ag,6170,Übermaß
6173,begleitet,begleiten,VERB,oc,6165,bezeugt
6174,;,--,PUNCT,punct,6165,bezeugt
6175,denn,denn,CCONJ,ju,6177,Cicero
6176,schon,schon,ADV,mo,6177,Cicero
6177,Cicero,Cicero,PROPN,ROOT,6177,Cicero
6178,sagt,sagen,VERB,ROOT,6178,sagt
6179,.,--,PUNCT,punct,6178,sagt
6180,»,--,PUNCT,punct,6182,werden
6181,Überall,überall,ADV,mo,6182,werden
6182,werden,werden,AUX,ROOT,6182,werden
6183,gerade,gerade,ADV,mo,6182,werden
6184,die,der,DET,nk,6187,Wollüste
6185,höchsten,hoch,ADJ,nk,6187,Wollüste
6186,47,47,NUM,nk,6187,Wollüste
6187,Wollüste,Wollüst,NOUN,sb,6182,werden
6188,durch,durch,ADP,mnr,6187,Wollüste
6189,Ekel,Ekel,NOUN,nk,6188,durch
6190,und,und,CCONJ,cd,6189,Ekel
6191,Überdruß,Überdruß,NOUN,cj,6190,und
6192,begrenzt,begrenzen,VERB,ROOT,6192,begrenzt
6193,und,und,CCONJ,cd,6192,begrenzt
6194,beschlossen,beschließen,VERB,cj,6193,und
6195,.,--,PUNCT,punct,6192,begrenzt
6196,«,--,PUNCT,ROOT,6196,«
6197,Ich,ich,PRON,sb,6198,weiß
6198,weiß,wissen,VERB,ROOT,6198,weiß
6199,",",--,PUNCT,punct,6198,weiß
6200,Stöcklein,Stöcklein,PROPN,oa,6198,weiß
6201,",",--,PUNCT,punct,6198,weiß
6202,daß,daß,SCONJ,cp,6203,Sie
6203,Sie,sie,PRON,oc,6198,weiß
6204,an,an,ADP,mnr,6203,Sie
6205,das,der,DET,nk,6207,Dahinfahren
6206,schnelle,schnell,ADJ,nk,6207,Dahinfahren
6207,Dahinfahren,Dahinfahren,NOUN,nk,6204,an
6208,und,und,CCONJ,cd,6207,Dahinfahren
6209,Versterben,Versterbe,NOUN,cj,6208,und
6210,der,der,DET,oc,6198,weiß
6211,Sudelbücher,Sudelbücher,NOUN,sb,6215,stoßen
6212,sich,sich,PRON,oa,6215,stoßen
6213,am,am,PART,pm,6214,wenigsten
6214,wenigsten,wenigster,ADV,mo,6215,stoßen
6215,stoßen,stoßen,VERB,ROOT,6215,stoßen
6216,;,--,PUNCT,punct,6215,stoßen
6217,aber,aber,CCONJ,ju,6218,haben
6218,haben,haben,AUX,ROOT,6218,haben
6219,Sie,sie,PRON,sb,6218,haben
6220,nicht,nicht,PART,ng,6218,haben
6221,recht,recht,NOUN,oa,6218,haben
6222,?,--,PUNCT,punct,6218,haben
6223,Die,der,DET,nk,6224,Hebräer
6224,Hebräer,Hebräer,NOUN,ROOT,6224,Hebräer
6225,haben,haben,VERB,ROOT,6225,haben
6226,kein,kein,DET,nk,6227,Präsens
6227,Präsens,Präsen,NOUN,oa,6225,haben
6228,",",--,PUNCT,punct,6227,Präsens
6229,die,der,PRON,nk,6230,Buchhändler
6230,Buchhändler,Buchhändler,NOUN,cj,6227,Präsens
6231,kein,kein,DET,nk,6232,Futurum
6232,Futurum,Futurum,NOUN,oa,6225,haben
6233,;,--,PUNCT,punct,6225,haben
6234,denn,denn,CCONJ,ju,6236,hilft
6235,was,was,PRON,sb,6236,hilft
6236,hilft,helfen,VERB,ROOT,6236,hilft
6237,das,der,DET,nk,6238,Aufleben
6238,Aufleben,aufleben,NOUN,sb,6236,hilft
6239,eines,ein,DET,nk,6240,Verlagsartikels
6240,Verlagsartikels,Verlagsartikel,NOUN,ROOT,6240,Verlagsartikels
6241,nach,nach,ADP,mnr,6240,Verlagsartikels
6242,dem,der,DET,nk,6243,Ableben
6243,Ableben,ableben,NOUN,nk,6241,nach
6244,des,der,DET,nk,6245,Verlegers
6245,Verlegers,Verleger,NOUN,ag,6243,Ableben
6246,",",--,PUNCT,punct,6240,Verlagsartikels
6247,wenn,wenn,SCONJ,cp,6248,er
6248,er,er,PRON,ROOT,6248,er
6249,selber,selber,ADV,mnr,6248,er
6250,ein,ein,ADV,pd,6248,er
6251,Ladenhüter,Ladenhüter,NOUN,pd,6254,geworden
6252,des,der,DET,nk,6253,Sargs
6253,Sargs,Sarg,NOUN,ag,6251,Ladenhüter
6254,geworden,werden,AUX,ROOT,6254,geworden
6255,;,--,PUNCT,punct,6254,geworden
6256,viele,vieler,DET,nk,6257,Werke
6257,Werke,Werk,NOUN,sb,6258,sollen
6258,sollen,sollen,AUX,ROOT,6258,sollen
6259,ihrer,ihr,DET,nk,6260,Natur
6260,Natur,Natur,NOUN,da,6258,sollen
6261,nach,nach,ADV,mo,6258,sollen
6262,wie,wie,ADP,cm,6263,Kalender
6263,Kalender,Kalender,NOUN,mo,6258,sollen
6264,nicht,nicht,PART,ng,6268,leben
6265,ins,in,ADP,mo,6268,leben
6266,Blaue,Blau,NOUN,nk,6265,ins
6267,hinaus,hinaus,ADP,ac,6265,ins
6268,leben,leben,VERB,ROOT,6268,leben
6269,;,--,PUNCT,punct,6268,leben
6270,Tagschriften,Tagschrift,NOUN,sb,6273,gleichen
6271,z.,z.,ADP,mo,6273,gleichen
6272,B.,B.,NOUN,nk,6271,z.
6273,gleichen,gleich,ADJ,ROOT,6273,gleichen
6274,den,der,DET,nk,6275,Tertienuhren
6275,Tertienuhren,Tertienuhr,NOUN,da,6273,gleichen
6276,",",--,PUNCT,punct,6273,gleichen
6277,welche,welcher,DET,sb,6280,gehen
6278,desto,desto,ADV,mo,6279,kürzer
6279,kürzer,kurz,ADV,mo,6280,gehen
6280,gehen,gehen,VERB,ROOT,6280,gehen
6281,",",--,PUNCT,punct,6280,gehen
6282,je,je,ADP,mo,6283,feiner
6283,feiner,fein,ADV,mo,6284,teilend
6284,teilend,Teilend,ADV,cj,6280,gehen
6285,sie,sie,PRON,sb,6284,teilend
6286,in,in,ADP,mo,6289,eingreifen
6287,die,der,DET,nk,6288,Zeit
6288,Zeit,Zeit,NOUN,nk,6286,in
6289,eingreifen,eingreifen,VERB,oc,6284,teilend
6290,;,--,PUNCT,punct,6280,gehen
6291,sie,sie,PRON,ROOT,6291,sie
6292,müssen,müssen,AUX,ROOT,6292,müssen
6293,–,--,PUNCT,punct,6292,müssen
6294,in,in,ADP,mo,6292,müssen
6295,einem,ein,DET,nk,6297,Bilde
6296,deutlicheren,deutlicher,ADJ,nk,6297,Bilde
6297,Bilde,Bilde,NOUN,nk,6294,in
6298,–,--,PUNCT,punct,6292,müssen
6299,warm,warm,ADV,mo,6292,müssen
6300,wie,wie,ADP,cm,6301,Eselsmilch
6301,Eselsmilch,Eselsmilch,PROPN,cc,6299,warm
6302,",",--,PUNCT,punct,6292,müssen
6303,so,so,ADV,mo,6292,müssen
6304,wie,wie,SCONJ,cm,6305,sie
6305,sie,sie,PRON,cc,6303,so
6306,von,von,ADP,pg,6305,sie
6307,dem,der,DET,nk,6306,von
6308,Tiere,Tier,NOUN,sb,6309,kommt
6309,kommt,kommen,VERB,ROOT,6309,kommt
6310,",",--,PUNCT,punct,6311,genossen
6311,genossen,nossen,VERB,oc,6312,werden
6312,werden,werden,AUX,oc,6309,kommt
6313,.,--,PUNCT,punct,6309,kommt
6314,Endlich,endlich,ADV,mo,6315,sollte
6315,sollte,sollen,AUX,ROOT,6315,sollte
6316,ich,ich,PRON,sb,6315,sollte
6317,mich,sich,PRON,oa,6318,wundern
6318,wundern,wundern,VERB,oc,6315,sollte
6319,",",--,PUNCT,punct,6318,wundern
6320,wenn,wenn,SCONJ,cp,6327,hingesetzt
6321,Sie,sie,PRON,sb,6327,hingesetzt
6322,nicht,nicht,PART,ng,6323,mehr
6323,mehr,mehr,PRON,oa,6327,hingesetzt
6324,als,als,ADP,cm,6325,einmal
6325,einmal,einmal,ADV,cc,6323,mehr
6326,sich,sich,PRON,oa,6327,hingesetzt
6327,hingesetzt,hinsetzen,VERB,mo,6315,sollte
6328,und,und,CCONJ,ROOT,6328,und
6329,folgendes,folgend,ADJ,cj,6328,und
6330,erwogen,erwägen,VERB,oc,6331,hätten
6331,hätten,haben,AUX,ROOT,6331,hätten
6332,",",--,PUNCT,punct,6331,hätten
6333,daß,daß,SCONJ,cp,6334,Krüppelbücher
6334,Krüppelbücher,Krüppelbücher,PROPN,sb,6331,hätten
6335,einen,ein,DET,nk,6337,Freibrief
6336,besonderen,besonderer,ADJ,nk,6337,Freibrief
6337,Freibrief,Freibrief,NOUN,pd,6334,Krüppelbücher
6338,genießen,genießen,VERB,ROOT,6338,genießen
6339,.,--,PUNCT,punct,6338,genießen
6340,Allerdings,allerdings,ADV,mo,6341,gibt's
6341,gibt's,gibt'sn,VERB,ROOT,6341,gibt's
6342,in,in,ADP,mo,6341,gibt's
6343,jeder,jeder,DET,nk,6345,Stadt
6344,bedeutenden,bedeutend,ADJ,nk,6345,Stadt
6345,Stadt,Stadt,NOUN,nk,6342,in
6346,einen,ein,DET,nk,6347,Mann
6347,Mann,Mann,NOUN,oa,6341,gibt's
6348,",",--,PUNCT,punct,6347,Mann
6349,der,der,PRON,sb,6351,am
6350,ihn,ihn,PRON,oa,6351,am
6351,am,an,ADP,rc,6347,Mann
6352,ausgezeichnetsten,ausgezeichnetsten,NOUN,sb,6353,genießt
6353,genießt,genießen,VERB,ROOT,6353,genießt
6354,;,--,PUNCT,punct,6353,genießt
6355,jeden,jeder,DET,nk,6356,Tag
6356,Tag,Tag,NOUN,oa,6357,gibt
6357,gibt,geben,VERB,ROOT,6357,gibt
6358,48,48,NUM,ep,6357,gibt
6359,er,er,PRON,sb,6357,gibt
6360,das,der,DET,nk,6361,Seinige
6361,Seinige,seinige,NOUN,oa,6357,gibt
6362,in,in,ADP,cvc,6357,gibt
6363,Druck,Druck,NOUN,nk,6362,in
6364,und,und,CCONJ,cd,6357,gibt
6365,ergreift,ergreifen,VERB,ROOT,6365,ergreift
6366,damit,damit,ADV,mo,6365,ergreift
6367,tausend,tausend,NUM,nk,6368,Leser
6368,Leser,Leser,NOUN,oa,6365,ergreift
6369,",",--,PUNCT,punct,6365,ergreift
6370,ohne,ohne,SCONJ,ac,6372,von
6371,je,je,ADV,mo,6372,von
6372,von,von,ADP,mo,6377,ist
6373,einem,ein,DET,nk,6374,Kunstrichter
6374,Kunstrichter,Kunstrichter,NOUN,nk,6372,von
6375,(,--,PUNCT,punct,6377,ist
6376,dies,dieser,PRON,sb,6377,ist
6377,ist,sein,AUX,cj,6365,ergreift
6378,aber,aber,ADV,mo,6377,ist
6379,eben,eben,ADV,mo,6381,Freibrief
6380,der,der,DET,nk,6381,Freibrief
6381,Freibrief,Freibrief,NOUN,ROOT,6381,Freibrief
6382,),--,PUNCT,punct,6381,Freibrief
6383,getadelt,tadeln,VERB,oc,6384,worden
6384,worden,werden,AUX,oc,6386,sein
6385,zu,zu,PART,pm,6386,sein
6386,sein,sein,AUX,oc,6381,Freibrief
6387,",",--,PUNCT,punct,6388,so
6388,so,so,ADV,mo,6389,sehr
6389,sehr,sehr,ADV,par,6381,Freibrief
6390,er,er,PRON,sb,6389,sehr
6391,sich,sich,PRON,oa,6389,sehr
6392,auch,auch,ADV,mo,6393,wörtlich
6393,wörtlich,wörtlich,ADV,mo,6389,sehr
6394,wiederholt,wiederholen,VERB,ROOT,6394,wiederholt
6395,",",--,PUNCT,punct,6394,wiederholt
6396,wiewohl,wiewohl,SCONJ,cp,6401,verlangen
6397,gerade,gerade,ADV,mo,6401,verlangen
6398,dies,dieser,PRON,sb,6401,verlangen
6399,seine,sein,DET,nk,6400,Leser
6400,Leser,Leser,NOUN,oa,6401,verlangen
6401,verlangen,verlangen,VERB,mo,6394,wiederholt
6402,und,und,CCONJ,cd,6401,verlangen
6403,eben,eben,ADV,mo,6405,bestehen
6404,darauf,darauf,ADV,op,6405,bestehen
6405,bestehen,bestehen,VERB,cj,6402,und
6406,",",--,PUNCT,punct,6394,wiederholt
6407,daß,daß,SCONJ,cp,6412,gebe
6408,er,er,PRON,sb,6412,gebe
6409,nichts,nichts,PRON,oa,6412,gebe
6410,in,in,ADP,cvc,6412,gebe
6411,Druck,Druck,NOUN,nk,6410,in
6412,gebe,geben,VERB,ROOT,6412,gebe
6413,als,als,ADP,cm,6417,Namen
6414,täglich,täglich,ADV,mo,6413,als
6415,bloß,bloß,ADV,mo,6417,Namen
6416,den,der,DET,nk,6417,Namen
6417,Namen,Name,NOUN,oa,6412,gebe
6418,seiner,sein,DET,nk,6419,Station
6419,Station,Station,NOUN,ag,6417,Namen
6420,",",--,PUNCT,punct,6417,Namen
6421,wovon,wovon,SCONJ,mo,6422,er
6422,er,er,PRON,app,6408,er
6423,–,--,PUNCT,punct,6425,ist
6424,Postmeister,Postmeister,NOUN,pd,6425,ist
6425,ist,sein,AUX,ROOT,6425,ist
6426,.,--,PUNCT,punct,6425,ist
6427,Offenbar,offenbar,ADV,mo,6428,spreche
6428,spreche,sprechen,VERB,ROOT,6428,spreche
6429,ich,ich,PRON,sb,6428,spreche
6430,von,von,ADP,op,6428,spreche
6431,den,der,DET,nk,6433,Städtenamen
6432,gedruckten,gedruckt,ADJ,nk,6433,Städtenamen
6433,Städtenamen,Städtename,NOUN,nk,6430,von
6434,auf,auf,ADP,svp,6428,spreche
6435,Briefen,Briefen,NOUN,ROOT,6435,Briefen
6436,.,--,PUNCT,punct,6435,Briefen
6437,Indes,indes,ADV,mo,6438,hat
6438,hat,haben,AUX,ROOT,6438,hat
6439,der,der,DET,nk,6440,Trödelautor
6440,Trödelautor,Trödelautor,NOUN,sb,6438,hat
6441,doch,doch,ADV,mo,6438,hat
6442,den,der,DET,nk,6443,Anteil
6443,Anteil,Anteil,NOUN,oa,6438,hat
6444,am,an,ADP,mnr,6443,Anteil
6445,Freibriefe,Freibriefe,NOUN,nk,6444,am
6446,",",--,PUNCT,punct,6438,hat
6447,daß,daß,SCONJ,cp,6449,kurz
6448,er,er,PRON,sb,6449,kurz
6449,kurz,kurz,ADV,mo,6438,hat
6450,",",--,PUNCT,punct,6438,hat
6451,selten,selten,ADV,mo,6456,beurteilt
6452,und,und,CCONJ,cd,6451,selten
6453,oft,oft,ADV,mo,6455,spät
6454,zu,zu,PART,mo,6455,spät
6455,spät,spät,ADV,cj,6452,und
6456,beurteilt,beurteilen,VERB,oc,6457,wird
6457,wird,werden,AUX,ROOT,6457,wird
6458,.,--,PUNCT,punct,6457,wird
6459,Wenn,wenn,SCONJ,cp,6462,Kunstrichter
6460,nämlich,nämlich,ADV,mo,6462,Kunstrichter
6461,die,der,DET,nk,6462,Kunstrichter
6462,Kunstrichter,Kunstrichter,NOUN,ROOT,6462,Kunstrichter
6463,mit,mit,ADP,mnr,6462,Kunstrichter
6464,Staubbesen,Staubbese,NOUN,sb,6475,ankommen
6465,",",--,PUNCT,punct,6464,Staubbesen
6466,Prangern,Pranger,NOUN,cj,6464,Staubbesen
6467,",",--,PUNCT,punct,6466,Prangern
6468,Rädern,Räder,NOUN,cj,6466,Prangern
6469,und,und,CCONJ,cd,6468,Rädern
6470,Stricken,Strick,NOUN,cj,6469,und
6471,auf,auf,ADP,mo,6475,ankommen
6472,der,der,DET,nk,6474,Post
6473,reitenden,reitend,ADJ,nk,6474,Post
6474,Post,Post,NOUN,nk,6471,auf
6475,ankommen,ankommen,VERB,ROOT,6475,ankommen
6476,",",--,PUNCT,punct,6475,ankommen
6477,in,in,ADP,mo,6475,ankommen
6478,Zeitungspaketen,Zeitungspaket,NOUN,sb,6493,hat
6479,",",--,PUNCT,punct,6493,hat
6480,um,um,SCONJ,re,6492,so
6481,ihm,ihm,PRON,da,6484,Haar
6482,kein,kein,DET,nk,6484,Haar
6483,lebendiges,lebendig,ADJ,nk,6484,Haar
6484,Haar,Haar,NOUN,nk,6480,um
6485,",",--,PUNCT,punct,6484,Haar
6486,ja,ja,ADV,mo,6490,lassen
6487,kein,kein,DET,nk,6488,graues
6488,graues,Grau,ADJ,oa,6490,lassen
6489,zu,zu,PART,pm,6490,lassen
6490,lassen,lassen,VERB,oc,6484,Haar
6491,",",--,PUNCT,punct,6492,so
6492,so,so,ADV,mo,6493,hat
6493,hat,haben,AUX,ROOT,6493,hat
6494,er,er,PRON,sb,6496,keins
6495,ohnehin,ohnehin,ADV,mo,6494,er
6496,keins,Kein,VERB,ROOT,6496,keins
6497,mehr,mehr,ADV,mo,6496,keins
6498,",",--,PUNCT,punct,6496,keins
6499,und,und,CCONJ,cd,6496,keins
6500,alles,alle,PRON,sb,6501,liegt
6501,liegt,liegen,VERB,cj,6499,und
6502,schon,schon,ADV,mo,6503,sanft
6503,sanft,sanft,ADV,mo,6506,begraben
6504,und,und,CCONJ,cd,6503,sanft
6505,tief,tief,ADV,cj,6504,und
6506,begraben,begraben,VERB,oc,6501,liegt
6507,.,--,PUNCT,punct,6496,keins
6508,Betrübt,Betrübt,VERB,ROOT,6508,Betrübt
6509,hingegen,hingegen,ADV,mo,6510,geht
6510,geht,gehen,VERB,ROOT,6510,geht
6511,es,es,PRON,ep,6510,geht
6512,unsterblichen,unsterblichen,ADJ,mo,6510,geht
6513,Werken,Werk,NOUN,oa,6510,geht
6514,.,--,PUNCT,punct,6510,geht
6515,Wie,wie,SCONJ,cm,6519,Blume
6516,sonst,sonst,ADV,mo,6519,Blume
6517,die,der,DET,nk,6519,Blume
6518,zartduftende,zartduftend,ADJ,nk,6519,Blume
6519,Blume,Blume,NOUN,ROOT,6519,Blume
6520,aus,aus,ADP,mnr,6519,Blume
6521,der,der,DET,nk,6520,aus
6522,scharfen,scharf,ADJ,nk,6523,Zwiebel
6523,Zwiebel,Zwiebel,NOUN,sb,6524,wächst
6524,wächst,wachsen,VERB,re,6526,so
6525,",",--,PUNCT,punct,6526,so
6526,so,so,ADV,mo,6527,entspringt
6527,entspringt,entspringen,VERB,ROOT,6527,entspringt
6528,umgekehrt,umgekehrt,ADV,mo,6527,entspringt
6529,aus,aus,ADP,mo,6527,entspringt
6530,der,der,DET,nk,6532,Blume
6531,poetischen,poetisch,ADJ,nk,6532,Blume
6532,Blume,Blume,NOUN,nk,6529,aus
6533,die,der,DET,dep,6527,entspringt
6534,beißende,beißend,ADJ,nk,6535,Kritik
6535,Kritik,Kritik,NOUN,ROOT,6535,Kritik
6536,.,--,PUNCT,punct,6535,Kritik
6537,Verdienste,Verdienst,NOUN,sb,6538,reizen
6538,reizen,reizen,VERB,ROOT,6538,reizen
6539,zu,zu,ADP,mo,6538,reizen
6540,nichts,nichts,PRON,nk,6539,zu
6541,als,als,ADP,cm,6542,zur
6542,zur,zu,ADP,cc,6540,nichts
6543,Haussuchung,Haussuchung,NOUN,nk,6542,zur
6544,nach,nach,ADP,mnr,6543,Haussuchung
6545,Sünden,Sünde,NOUN,nk,6544,nach
6546,",",--,PUNCT,punct,6538,reizen
6547,und,und,CCONJ,cd,6538,reizen
6548,man,man,PRON,sb,6549,erfüllt
6549,erfüllt,erfüllen,VERB,cj,6547,und
6550,gerade,gerade,ADV,mo,6551,49
6551,49,49,NUM,nk,6553,Gegenteil
6552,das,der,DET,nk,6553,Gegenteil
6553,Gegenteil,Gegenteil,NOUN,ROOT,6553,Gegenteil
6554,des,der,DET,nk,6556,Gesetzes
6555,preußischen,preußisch,ADJ,nk,6556,Gesetzes
6556,Gesetzes,Gesetz,NOUN,ag,6553,Gegenteil
6557,",",--,PUNCT,punct,6556,Gesetzes
6558,das,der,PRON,sb,6560,Unteroffiziere
6559,bloß,bloß,ADV,mo,6560,Unteroffiziere
6560,Unteroffiziere,Unteroffiziere,NOUN,rc,6553,Gegenteil
6561,",",--,PUNCT,punct,6553,Gegenteil
6562,welche,welcher,DET,nk,6563,Verdienstmedaillen
6563,Verdienstmedaillen,Verdienstmedaille,NOUN,oa,6564,haben
6564,haben,haben,VERB,ROOT,6564,haben
6565,",",--,PUNCT,punct,6564,haben
6566,von,von,ADP,mo,6569,freispricht
6567,der,der,DET,nk,6568,Fuchtel
6568,Fuchtel,Fuchtel,NOUN,nk,6566,von
6569,freispricht,freisprichen,VERB,oc,6564,haben
6570,.,--,PUNCT,punct,6564,haben
6571,Ich,ich,PRON,sb,6572,erstaune
6572,erstaune,erstaunen,VERB,ROOT,6572,erstaune
6573,oft,oft,ADV,mo,6572,erstaune
6574,",",--,PUNCT,punct,6572,erstaune
6575,daß,daß,SCONJ,cp,6580,schreiben
6576,noch,noch,ADV,mo,6578,viele
6577,so,so,ADV,mo,6578,viele
6578,viele,viele,PRON,sb,6580,schreiben
6579,göttlich,göttlich,ADV,oa,6580,schreiben
6580,schreiben,schreiben,VERB,ROOT,6580,schreiben
6581,.,--,PUNCT,punct,6580,schreiben
6582,Wenn,wenn,SCONJ,cp,6583,Plinius
6583,Plinius,Plinius,NOUN,ROOT,6583,Plinius
6584,die,der,DET,nk,6585,Götter
6585,Götter,Gott,NOUN,sb,6583,Plinius
6586,für,für,ADP,mnr,6585,Götter
6587,weniger,weniger,PRON,nk,6586,für
6588,glücklich,glücklich,ADV,mo,6589,hält
6589,hält,halten,VERB,ROOT,6589,hält
6590,als,als,ADP,cm,6592,Menschen
6591,die,der,DET,nk,6592,Menschen
6592,Menschen,Mensch,NOUN,cc,6588,glücklich
6593,",",--,PUNCT,punct,6589,hält
6594,weil,weil,SCONJ,cp,6600,nehmen
6595,nur,nur,ADV,mo,6596,diese
6596,diese,dieser,PRON,sb,6600,nehmen
6597,sich,sich,PRON,oa,6600,nehmen
6598,das,der,DET,nk,6599,Leben
6599,Leben,Leben,NOUN,oa,6600,nehmen
6600,nehmen,nehmen,VERB,mo,6589,hält
6601,",",--,PUNCT,punct,6600,nehmen
6602,jene,jener,PRON,oa,6589,hält
6603,aber,aber,CCONJ,mo,6606,müssen
6604,unsterblich,unsterblich,ADV,pd,6605,bleiben
6605,bleiben,bleiben,VERB,oc,6606,müssen
6606,müssen,müssen,AUX,re,6608,so
6607,",",--,PUNCT,punct,6608,so
6608,so,so,ADV,mo,6609,ist
6609,ist,sein,AUX,ROOT,6609,ist
6610,dieser,dieser,DET,nk,6611,Satz
6611,Satz,Satz,NOUN,sb,6609,ist
6612,",",--,PUNCT,punct,6609,ist
6613,obwohl,obwohl,SCONJ,cp,6614,für
6614,für,für,ADP,mo,6609,ist
6615,sterbliche,Sterblich,NOUN,nk,6614,für
6616,Menschen,Mensch,NOUN,ROOT,6616,Menschen
6617,grundfalsch,grundfalsch,ADV,pd,6616,Menschen
6618,",",--,PUNCT,punct,6616,Menschen
6619,doch,doch,CCONJ,cd,6616,Menschen
6620,für,für,ADP,mo,6624,grundwahr
6621,deren,der,PRON,ag,6623,Werke
6622,unsterbliche,unsterblich,ADJ,nk,6623,Werke
6623,Werke,Werk,NOUN,nk,6620,für
6624,grundwahr,grundwahr,VERB,cj,6619,doch
6625,.,--,PUNCT,punct,6616,Menschen
6626,Versuchen,Versuch,VERB,ROOT,6626,Versuchen
6627,Sie,sie,PRON,sb,6628,es
6628,es,es,PRON,ROOT,6628,es
6629,",",--,PUNCT,punct,6628,es
6630,Freund,Freund,NOUN,app,6628,es
6631,Stöcklein,Stöcklein,PROPN,nk,6630,Freund
6632,",",--,PUNCT,punct,6628,es
6633,und,und,CCONJ,cd,6628,es
6634,setzen,setzen,VERB,cj,6633,und
6635,Sie,sie,PRON,oa,6634,setzen
6636,bloß,bloß,ADV,mo,6634,setzen
6637,aus,aus,ADP,mo,6634,setzen
6638,Spaß,Spaß,NOUN,nk,6637,aus
6639,eine,ein,DET,nk,6641,Ilias
6640,unsterbliche,unsterblich,ADJ,nk,6641,Ilias
6641,Ilias,Ilias,NOUN,oa,6634,setzen
6642,auf,auf,ADP,ROOT,6642,auf
6643,oder,oder,CCONJ,cd,6642,auf
6644,",",--,PUNCT,punct,6653,Lustspiel
6645,wenn's,wenn's,ADP,mo,6649,zuschlägt
6646,Ihrem,ihr,DET,nk,6647,Humor
6647,Humor,Humor,NOUN,da,6649,zuschlägt
6648,mehr,mehr,ADV,mo,6647,Humor
6649,zuschlägt,zuschlägt,ADP,mo,6653,Lustspiel
6650,",",--,PUNCT,punct,6653,Lustspiel
6651,ein,ein,DET,nk,6653,Lustspiel
6652,aristophanisches,aristophanisch,ADJ,nk,6653,Lustspiel
6653,Lustspiel,Lustspiel,NOUN,nk,6642,auf
6654,:,--,PUNCT,ROOT,6654,:
6655,glauben,glauben,VERB,ROOT,6655,glauben
6656,Sie,sie,PRON,sb,6655,glauben
6657,mir,mir,PRON,da,6655,glauben
6658,",",--,PUNCT,punct,6655,glauben
6659,daß,daß,SCONJ,cp,6662,mit
6660,Sie,sie,PRON,sb,6662,mit
6661,dann,dann,ADV,mo,6662,mit
6662,mit,mit,ADP,oc,6655,glauben
6663,Ihrem,ihr,DET,nk,6665,Meisterstücke
6664,unsterblichen,unsterblich,ADJ,nk,6665,Meisterstücke
6665,Meisterstücke,Meisterstück,NOUN,nk,6662,mit
6666,unter,unter,ADP,mnr,6665,Meisterstücke
6667,dem,der,DET,nk,6666,unter
6668,Arm,Arm,ADV,ROOT,6668,Arm
6669,–,--,PUNCT,punct,6668,Arm
6670,das,der,PRON,oa,6675,bewundern
6671,wir,wir,PRON,sb,6676,können
6672,alle,alle,PRON,nk,6671,wir
6673,nicht,nicht,PART,ng,6676,können
6674,genug,genug,ADV,mo,6673,nicht
6675,bewundern,bewundern,VERB,oc,6676,können
6676,können,können,AUX,rc,6668,Arm
6677,",",--,PUNCT,punct,6668,Arm
6678,und,und,CCONJ,cd,6668,Arm
6679,deshalb,deshalb,ADV,mo,6680,ich
6680,ich,ich,PRON,cj,6678,und
6681,ordentlich,ordentlich,ADV,mo,6682,vor
6682,vor,vor,ADP,svp,6668,Arm
6683,Ihnen,ihnen,PRON,da,6684,niederknien
6684,niederknien,niederknien,VERB,oc,6685,möchte
6685,möchte,möchten,AUX,ROOT,6685,möchte
6686,",",--,PUNCT,punct,6685,möchte
6687,–,--,PUNCT,punct,6685,möchte
6688,durch,durch,ADP,mo,6684,niederknien
6689,ein,ein,DET,nk,6690,Jahrhundert
6690,Jahrhundert,Jahrhundert,NOUN,nk,6688,durch
6691,und,und,CCONJ,cd,6690,Jahrhundert
6692,Volk,Volk,NOUN,cj,6691,und
6693,nach,nach,ADP,mo,6685,möchte
6694,dem,der,DET,nk,6695,andern
6695,andern,anderer,PRON,nk,6693,nach
6696,kritische,kritisch,ADJ,nk,6697,Spießruten
6697,Spießruten,Spießrute,NOUN,sb,6701,müssen
6698,oder,oder,CCONJ,cd,6697,Spießruten
6699,Gassen,Gasse,NOUN,cj,6698,oder
6700,laufen,laufen,VERB,oc,6701,müssen
6701,müssen,müssen,AUX,ROOT,6701,müssen
6702,–,--,PUNCT,punct,6701,müssen
6703,jeder,jeder,DET,nk,6705,Rezensent
6704,frischgeborne,frischgeborn,ADJ,nk,6705,Rezensent
6705,Rezensent,Rezensent,NOUN,app,6701,müssen
6706,setzt,setzen,VERB,ROOT,6706,setzt
6707,von,von,ADP,mo,6706,setzt
6708,neuem,neu,ADJ,nk,6709,etwas
6709,etwas,etwas,NOUN,nk,6707,von
6710,an,an,ADP,mo,6706,setzt
6711,einem,ein,DET,nk,6714,Werke
6712,so,so,ADV,mo,6713,seltenen
6713,seltenen,selten,ADJ,nk,6714,Werke
6714,Werke,Werk,NOUN,nk,6710,an
6715,aus,aus,ADP,svp,6706,setzt
6716,(,--,PUNCT,punct,6718,wollt
6717,ich,ich,PRON,sb,6718,wollt
6718,wollt,wollen,VERB,par,6706,setzt
6719,',--,PUNCT,punct,6718,wollt
6720,",",--,PUNCT,punct,6706,setzt
6721,ich,ich,PRON,sb,6722,hätt
6722,hätt,hättn,VERB,cj,6706,setzt
6723,',--,PUNCT,punct,6722,hätt
6724,den,der,DET,oa,6706,setzt
6725,Spitzbuben,Spitzbub,NOUN,ROOT,6725,Spitzbuben
6726,bei,bei,ADP,mnr,6725,Spitzbuben
6727,der,der,DET,nk,6728,Hand
6728,Hand,Hand,NOUN,nk,6726,bei
6729,oder,oder,CCONJ,cd,6726,bei
6730,bei,bei,ADP,cj,6729,oder
6731,den,der,DET,nk,6732,Haaren
6732,Haaren,Haar,NOUN,nk,6730,bei
6733,",",--,PUNCT,punct,6725,Spitzbuben
6734,bloß,bloß,ADV,mo,6735,um
6735,um,um,ADP,par,6725,Spitzbuben
6736,einen,ein,DET,nk,6737,Unsterblichen
6737,Unsterblichen,unsterbliche,NOUN,nk,6735,um
6738,",",--,PUNCT,punct,6737,Unsterblichen
6739,50,50,NUM,nk,6725,Spitzbuben
6740,wie,wie,SCONJ,mo,6744,rächen
6741,Sie,sie,PRON,sb,6744,rächen
6742,",",--,PUNCT,punct,6744,rächen
6743,zu,zu,PART,pm,6744,rächen
6744,rächen,rächen,VERB,ROOT,6744,rächen
6745,),--,PUNCT,punct,6744,rächen
6746,.,--,PUNCT,ROOT,6746,.
6747,Nicht,nicht,PART,ng,6749,einmal
6748,etwa,etwa,ADV,mo,6749,einmal
6749,einmal,einmal,ADV,mo,6755,werden
6750,",",--,PUNCT,punct,6749,einmal
6751,wie,wie,SCONJ,cm,6753,Verlagsschreiber
6752,Ihr,ihr,DET,nk,6753,Verlagsschreiber
6753,Verlagsschreiber,Verlagsschreiber,NOUN,cc,6749,einmal
6754,",",--,PUNCT,punct,6755,werden
6755,werden,werden,AUX,ROOT,6755,werden
6756,Sie,sie,PRON,sb,6755,werden
6757,rezensiert,rezensiern,VERB,ROOT,6757,rezensiert
6758,",",--,PUNCT,punct,6757,rezensiert
6759,sondern,sondern,CCONJ,cd,6757,rezensiert
6760,ein,ein,DET,nk,6761,paar
6761,paar,paar,DET,ams,6762,tausendmal
6762,tausendmal,tausendmal,ADV,cj,6759,sondern
6763,",",--,PUNCT,punct,6762,tausendmal
6764,und,und,CCONJ,cd,6762,tausendmal
6765,fortgestochen,fortgestochen,VERB,cj,6764,und
6766,",",--,PUNCT,punct,6767,solang
6767,solang,solang,VERB,cj,6759,sondern
6768,es,es,PRON,sb,6767,solang
6769,Federn,Feder,NOUN,oa,6767,solang
6770,dazu,dazu,ADV,mo,6771,gibt
6771,gibt,geben,VERB,ROOT,6771,gibt
6772,.,--,PUNCT,punct,6771,gibt
6773,Daher,daher,ADV,mo,6774,rat
6774,rat,--,VERB,ROOT,6774,rat
6775,ich,ich,PRON,sb,6774,rat
6776,als,als,ADP,mo,6774,rat
6777,guter,gut,ADJ,nk,6778,Freund
6778,Freund,Freund,NOUN,nk,6776,als
6779,Ihnen,ihnen,PRON,da,6774,rat
6780,nicht,nicht,PART,ng,6774,rat
6781,dazu,dazu,ADV,mo,6774,rat
6782,",",--,PUNCT,punct,6781,dazu
6783,zur,zu,ADP,re,6781,dazu
6784,Unsterblichkeit,Unsterblichkeit,NOUN,ROOT,6784,Unsterblichkeit
6785,.,--,PUNCT,punct,6784,Unsterblichkeit
6786,«,--,PUNCT,punct,6784,Unsterblichkeit
6787,–,--,PUNCT,ROOT,6787,–
6788,Er,er,PRON,sb,6789,tat
6789,tat,tun,VERB,ROOT,6789,tat
6790,",",--,PUNCT,punct,6789,tat
6791,als,als,ADP,mo,6789,tat
6792,nähm,nähm,PROPN,ag,6794,er
6793,',--,PUNCT,punct,6792,nähm
6794,er,er,PRON,nk,6791,als
6795,wirklich,wirklich,ADV,mo,6791,als
6796,den,der,DET,nk,6798,Vorschlag
6797,ganzen,ganz,ADJ,nk,6798,Vorschlag
6798,Vorschlag,Vorschlag,NOUN,oa,6791,als
6799,–,--,PUNCT,punct,6798,Vorschlag
6800,scherzhafte,scherzhaft,ADJ,nk,6801,Züge
6801,Züge,Zug,NOUN,oa,6789,tat
6802,ausgenommen,ausnehmen,VERB,ROOT,6802,ausgenommen
6803,–,--,PUNCT,punct,6802,ausgenommen
6804,sehr,sehr,ADV,mo,6805,wichtig
6805,wichtig,wichtig,ADV,mo,6802,ausgenommen
6806,für,für,ADP,mo,6802,ausgenommen
6807,sein,sein,DET,nk,6808,Fachwerk
6808,Fachwerk,Fachwerk,NOUN,nk,6806,für
6809,",",--,PUNCT,punct,6802,ausgenommen
6810,damit,damit,SCONJ,cp,6814,konnte
6811,er,er,PRON,sb,6814,konnte
6812,sich,sich,PRON,oa,6813,niedersetzen
6813,niedersetzen,niedersetzen,VERB,oc,6814,konnte
6814,konnte,können,AUX,mo,6802,ausgenommen
6815,und,und,CCONJ,ROOT,6815,und
6816,vor,vor,ADP,mo,6821,niederschreiben
6817,meinen,mein,DET,nk,6818,Augen
6818,Augen,Auge,NOUN,nk,6816,vor
6819,das,der,DET,nk,6820,Hauptsächlichste
6820,Hauptsächlichste,Hauptsächlichste,NOUN,oa,6821,niederschreiben
6821,niederschreiben,niederschreiben,VERB,cj,6815,und
6822,und,und,CCONJ,cd,6821,niederschreiben
6823,mich,mich,PRON,oa,6824,um
6824,um,um,ADP,cj,6815,und
6825,Unterstützung,Unterstützung,NOUN,oa,6828,bitten
6826,seines,sein,DET,nk,6827,Gedächtnisses
6827,Gedächtnisses,Gedächtnis,NOUN,ag,6825,Unterstützung
6828,bitten,bitten,VERB,oc,6829,durfte
6829,durfte,dürfen,AUX,ROOT,6829,durfte
6830,;,--,PUNCT,punct,6829,durfte
6831,aber,aber,CCONJ,ju,6833,wußte
6832,ich,ich,PRON,sb,6833,wußte
6833,wußte,wissen,VERB,ROOT,6833,wußte
6834,wohl,wohl,ADV,mo,6833,wußte
6835,",",--,PUNCT,punct,6833,wußte
6836,daß,daß,SCONJ,cd,6833,wußte
6837,der,der,DET,nk,6836,daß
6838,Kauz,Kauz,PROPN,sb,6845,ansah
6839,die,der,DET,nk,6840,Rede
6840,Rede,Rede,NOUN,oa,6845,ansah
6841,nur,nur,ADV,mo,6842,für
6842,für,für,ADP,mo,6845,ansah
6843,einen,ein,DET,nk,6844,Spaß
6844,Spaß,Spaß,NOUN,nk,6842,für
6845,ansah,ansehen,VERB,ROOT,6845,ansah
6846,",",--,PUNCT,punct,6845,ansah
6847,der,der,PRON,oa,6851,gebrauchen
6848,gedruckt,gedruckt,ADV,mo,6851,gebrauchen
6849,trefflich,trefflich,ADV,mo,6851,gebrauchen
6850,zu,zu,PART,pm,6851,gebrauchen
6851,gebrauchen,gebrauchen,VERB,oc,6840,Rede
6852,wäre,sein,AUX,ROOT,6852,wäre
6853,.,--,PUNCT,punct,6852,wäre
6854,Nachts,nachts,ADV,mo,6855,übertraf
6855,übertraf,übertreffen,VERB,ROOT,6855,übertraf
6856,das,der,DET,nk,6857,Bombenfeuer
6857,Bombenfeuer,Bombenfeuer,NOUN,sb,6855,übertraf
6858,–,--,PUNCT,punct,6855,übertraf
6859,weil,weil,SCONJ,cp,6863,machten
6860,es,es,PRON,ep,6863,machten
6861,zwei,zwei,NUM,nk,6862,Mörser
6862,Mörser,Mörser,NOUN,oa,6863,machten
6863,machten,machen,VERB,mo,6855,übertraf
6864,–,--,PUNCT,punct,6863,machten
6865,jedes,jeder,PRON,oa,6855,übertraf
6866,",",--,PUNCT,punct,6865,jedes
6867,dessen,der,DET,dep,6865,jedes
6868,sich,sich,PRON,da,6872,erinnerten
6869,die,der,DET,nk,6871,Ziebinger
6870,ältesten,alt,ADJ,nk,6871,Ziebinger
6871,Ziebinger,Ziebinger,NOUN,sb,6872,erinnerten
6872,erinnerten,erinnern,VERB,ROOT,6872,erinnerten
6873,.,--,PUNCT,punct,6872,erinnerten
6874,Sogar,sogar,ADV,mo,6876,Kommandant
6875,der,der,DET,nk,6876,Kommandant
6876,Kommandant,Kommandant,NOUN,sb,6877,wurde
6877,wurde,werden,AUX,ROOT,6877,wurde
6878,in,in,ADP,mo,6877,wurde
6879,seiner,sein,DET,nk,6878,in
6880,Andacht,Andacht,NOUN,oa,6881,gestört
6881,gestört,stören,VERB,ROOT,6881,gestört
6882,und,und,CCONJ,cd,6881,gestört
6883,mußte,müssen,AUX,cj,6882,und
6884,aus,aus,ADP,mo,6883,mußte
6885,der,der,DET,nk,6886,Kirche
6886,Kirche,Kirche,NOUN,nk,6884,aus
6887,heraus,heraus,ADV,svp,6883,mußte
6888,",",--,PUNCT,punct,6883,mußte
6889,besonders,besonders,ADV,mo,6890,da
6890,da,da,SCONJ,mo,6892,gegenüber
6891,ihr,ihr,PRON,nk,6892,gegenüber
6892,gegenüber,gegenüber,ADP,mo,6883,mußte
6893,das,der,DET,nk,6892,gegenüber
6894,Haus,Haus,NOUN,sb,6903,anfing
6895,des,der,DET,nk,6896,Helfers
6896,Helfers,Helfer,NOUN,ag,6894,Haus
6897,(,--,PUNCT,punct,6899,Diakonus
6898,des,der,DET,nk,6899,Diakonus
6899,Diakonus,Diakonus,NOUN,app,6896,Helfers
6900,),--,PUNCT,punct,6899,Diakonus
6901,zu,zu,PART,pm,6902,brennen
6902,brennen,brennen,VERB,oc,6903,anfing
6903,anfing,Anfing,VERB,ROOT,6903,anfing
6904,.,--,PUNCT,punct,6903,anfing
6905,Ich,ich,PRON,sb,6906,bestieg
6906,bestieg,bestieg,VERB,ROOT,6906,bestieg
6907,die,der,DET,nk,6908,Leiter
6908,Leiter,Leiter,NOUN,oa,6906,bestieg
6909,",",--,PUNCT,punct,6906,bestieg
6910,um,um,SCONJ,op,6906,bestieg
6911,die,der,DET,nk,6913,Löschanstalten
6912,guten,gut,ADJ,nk,6913,Löschanstalten
6913,Löschanstalten,Löschanstalte,NOUN,oa,6915,besehen
6914,zu,zu,PART,pm,6915,besehen
6915,besehen,besehen,VERB,ROOT,6915,besehen
6916,.,--,PUNCT,punct,6915,besehen
6917,Aber,aber,CCONJ,ju,6920,zog
6918,etwas,etwas,DET,nk,6919,Wichtigeres
6919,Wichtigeres,wichtigere,NOUN,sb,6920,zog
6920,zog,ziehen,VERB,ROOT,6920,zog
6921,mich,mich,PRON,oa,6920,zog
6922,an,an,ADP,svp,6920,zog
6923,.,--,PUNCT,punct,6920,zog
6924,Es,es,PRON,ep,6925,kam
6925,kam,kommen,VERB,ROOT,6925,kam
6926,die,der,DET,nk,6927,Helferin
6927,Helferin,Helferin,NOUN,ROOT,6927,Helferin
6928,51,51,NUM,nk,6927,Helferin
6929,in,in,ADP,mnr,6927,Helferin
6930,ihrem,ihr,DET,nk,6932,Putze
6931,höchsten,hoch,ADJ,nk,6932,Putze
6932,Putze,Putze,NOUN,nk,6929,in
6933,aus,aus,ADP,mo,6929,in
6934,ihrem,ihr,DET,nk,6935,Hause
6935,Hause,Haus,NOUN,nk,6933,aus
6936,heraus,heraus,ADV,svp,6927,Helferin
6937,;,--,PUNCT,punct,6927,Helferin
6938,sie,sie,PRON,sb,6939,hatte
6939,hatte,haben,VERB,ROOT,6939,hatte
6940,",",--,PUNCT,punct,6939,hatte
6941,um,um,SCONJ,punct,6939,hatte
6942,ihre,ihr,DET,nk,6943,Hände
6943,Hände,Hand,NOUN,oa,6946,behalten
6944,frei,frei,ADV,mo,6946,behalten
6945,zu,zu,PART,pm,6946,behalten
6946,behalten,behalten,VERB,ROOT,6946,behalten
6947,und,und,CCONJ,cd,6946,behalten
6948,doch,doch,ADV,mo,6952,retten
6949,ihren,ihr,DET,nk,6950,Kleiderschmuck
6950,Kleiderschmuck,Kleiderschmuck,NOUN,oa,6952,retten
6951,zu,zu,PART,pm,6952,retten
6952,retten,retten,VERB,cj,6947,und
6953,",",--,PUNCT,punct,6952,retten
6954,solchen,solcher,PRON,ROOT,6954,solchen
6955,auf,auf,ADP,mo,6957,angezogen
6956,einmal,einmal,ADV,nk,6955,auf
6957,angezogen,anziehen,VERB,ROOT,6957,angezogen
6958,.,--,PUNCT,punct,6957,angezogen
6959,Sie,sie,PRON,sb,6960,trug
6960,trug,tragen,VERB,ROOT,6960,trug
6961,zugleich,zugleich,ADV,mo,6960,trug
6962,ihr,ihr,DET,nk,6963,Brautkleid
6963,Brautkleid,Brautkleid,NOUN,oa,6960,trug
6964,–,--,PUNCT,punct,6963,Brautkleid
6965,ihren,ihr,DET,nk,6966,Traueranzug
6966,Traueranzug,Traueranzug,NOUN,cj,6963,Brautkleid
6967,–,--,PUNCT,punct,6960,trug
6968,ihr,ihr,DET,nk,6969,Abendmahlskleid
6969,Abendmahlskleid,Abendmahlskleid,NOUN,ROOT,6969,Abendmahlskleid
6970,–,--,PUNCT,punct,6969,Abendmahlskleid
6971,ihr,ihr,DET,nk,6973,Spitzenkleid
6972,weißes,weiß,ADJ,nk,6973,Spitzenkleid
6973,Spitzenkleid,Spitzenkleid,NOUN,app,6969,Abendmahlskleid
6974,–,--,PUNCT,punct,6969,Abendmahlskleid
6975,dann,dann,ADV,mo,6978,seidene
6976,das,der,DET,nk,6978,seidene
6977,feuerfarbene,feuerfarben,ADJ,nk,6978,seidene
6978,seidene,Seidene,NOUN,par,6969,Abendmahlskleid
6979,und,und,CCONJ,cd,6985,Hut
6980,auf,auf,ADP,mo,6985,Hut
6981,dem,der,DET,nk,6982,Kopfe
6982,Kopfe,Kopf,NOUN,nk,6980,auf
6983,einen,ein,DET,nk,6985,Hut
6984,majestätischen,majestätisch,ADJ,nk,6985,Hut
6985,Hut,Hut,NOUN,mo,6992,alle
6986,mit,mit,ADP,mnr,6985,Hut
6987,Federn,Feder,NOUN,nk,6986,mit
6988,und,und,CCONJ,cd,6985,Hut
6989,in,in,ADP,cj,6988,und
6990,den,der,DET,nk,6991,Händen
6991,Händen,Hand,NOUN,nk,6989,in
6992,alle,aller,PRON,ROOT,6992,alle
6993,ihre,ihr,DET,nk,6995,Hemden
6994,feinen,fein,ADJ,nk,6995,Hemden
6995,Hemden,hemden,NOUN,ROOT,6995,Hemden
6996,.,--,PUNCT,punct,6995,Hemden
6997,Aber,aber,CCONJ,ju,6999,wollte
6998,sie,sie,PRON,sb,6999,wollte
6999,wollte,wollen,AUX,ROOT,6999,wollte
7000,mehr,mehr,ADV,oa,7001,retten
7001,retten,retten,VERB,oc,6999,wollte
7002,.,--,PUNCT,punct,6999,wollte
7003,So,so,ADV,mo,7004,schwer
7004,schwer,schwer,ADV,pd,7005,sie
7005,sie,sie,PRON,ROOT,7005,sie
7006,sich,sich,PRON,oa,7007,als
7007,als,als,ADP,mnr,7005,sie
7008,Selberballenbinderin,Selberballenbinderin,NOUN,sb,7013,konnte
7009,in,in,ADP,mo,7012,bewegen
7010,dieser,dieser,DET,nk,7011,Kleidergeschwulst
7011,Kleidergeschwulst,Kleidergeschwulst,NOUN,nk,7009,in
7012,bewegen,bewegen,VERB,oc,7013,konnte
7013,konnte,können,AUX,re,7015,so
7014,",",--,PUNCT,punct,7015,so
7015,so,so,ADV,mo,7016,schritt
7016,schritt,schritt,VERB,ROOT,7016,schritt
7017,sie,sie,PRON,sb,7016,schritt
7018,doch,doch,CCONJ,mo,7019,zu
7019,zu,zu,ADP,ROOT,7019,zu
7020,dem,der,PRON,nk,7024,Schweinstall
7021,der,der,DET,nk,7022,Gefahr
7022,Gefahr,Gefahr,NOUN,da,7023,nahen
7023,nahen,nah,ADJ,nk,7024,Schweinstall
7024,Schweinstall,Schweinstall,NOUN,nk,7019,zu
7025,hin,hin,ADV,mo,7019,zu
7026,",",--,PUNCT,punct,7019,zu
7027,um,um,SCONJ,cp,7030,Kleinod
7028,hier,hier,ADV,mo,7027,um
7029,ein,ein,DET,nk,7030,Kleinod
7030,Kleinod,Kleinod,NOUN,mo,7019,zu
7031,aus,aus,ADP,mnr,7030,Kleinod
7032,der,der,DET,nk,7031,aus
7033,Gefahr,Gefahr,NOUN,oa,7035,ziehen
7034,zu,zu,PART,pm,7035,ziehen
7035,ziehen,ziehen,VERB,ROOT,7035,ziehen
7036,.,--,PUNCT,punct,7035,ziehen
7037,Nachdem,nachdem,SCONJ,cp,7043,gelegt
7038,sie,sie,PRON,sb,7043,gelegt
7039,die,der,DET,nk,7040,Hemden
7040,Hemden,hemden,NOUN,oa,7043,gelegt
7041,aufs,auf,ADP,cvc,7043,gelegt
7042,Schweinsdach,Schweinsdach,NOUN,nk,7041,aufs
7043,gelegt,legen,VERB,mo,7045,suchte
7044,",",--,PUNCT,punct,7045,suchte
7045,suchte,suchen,VERB,ROOT,7045,suchte
7046,sie,sie,PRON,sb,7045,suchte
7047,im,in,ADP,mo,7045,suchte
7048,Stalle,Stalle,NOUN,nk,7047,im
7049,mit,mit,ADP,mnr,7048,Stalle
7050,den,der,DET,nk,7049,mit
7051,Händen,Hand,NOUN,ROOT,7051,Händen
7052,nach,nach,ADP,mnr,7051,Händen
7053,der,der,DET,nk,7054,Schweinsmutter
7054,Schweinsmutter,Schweinsmutter,NOUN,nk,7052,nach
7055,",",--,PUNCT,punct,7051,Händen
7056,um,um,SCONJ,cp,7061,herauszuholen
7057,solche,solcher,DET,oa,7061,herauszuholen
7058,aus,aus,ADP,mo,7061,herauszuholen
7059,dem,der,DET,nk,7060,Koben
7060,Koben,Kobe,NOUN,nk,7058,aus
7061,herauszuholen,herauszuholen,VERB,mo,7051,Händen
7062,.,--,PUNCT,punct,7051,Händen
7063,Sie,sie,PRON,sb,7064,fing
7064,fing,fing,VERB,ROOT,7064,fing
7065,endlich,endlich,ADV,mo,7067,Mutter
7066,die,der,DET,nk,7067,Mutter
7067,Mutter,Mutter,NOUN,ROOT,7067,Mutter
7068,am,an,ADP,mnr,7067,Mutter
7069,Schwanze,Schwanze,NOUN,nk,7068,am
7070,und,und,CCONJ,cd,7067,Mutter
7071,wollte,wollen,AUX,cj,7070,und
7072,(,--,PUNCT,punct,7073,welch
7073,welch,welcher,DET,mo,7075,unbedachtsames
7074,',--,PUNCT,punct,7073,welch
7075,unbedachtsames,unbedachtsam,ADJ,nk,7076,Unternehmen
7076,Unternehmen,Unternehmen,NOUN,oa,7071,wollte
7077,und,und,CCONJ,ju,7080,schicklich
7078,so,so,ADV,mo,7079,wenig
7079,wenig,wenig,ADV,mo,7080,schicklich
7080,schicklich,schicklich,ADV,ROOT,7080,schicklich
7081,für,für,ADP,mo,7080,schicklich
7082,den,der,DET,nk,7084,Hut
7083,majestätischen,majestätisch,ADJ,nk,7084,Hut
7084,Hut,Hut,NOUN,nk,7081,für
7085,mit,mit,ADP,mnr,7084,Hut
7086,Federn,Feder,NOUN,nk,7085,mit
7087,!,--,PUNCT,punct,7080,schicklich
7088,),--,PUNCT,punct,7080,schicklich
7089,und,und,CCONJ,cd,7080,schicklich
7090,wollte,wollen,AUX,cj,7089,und
7091,",",--,PUNCT,punct,7090,wollte
7092,sag,sag,PROPN,ROOT,7092,sag
7093,',--,PUNCT,punct,7092,sag
7094,ich,ich,PRON,cj,7092,sag
7095,",",--,PUNCT,punct,7094,ich
7096,solche,solcher,PRON,sb,7100,herauszerren
7097,an,an,ADP,mo,7100,herauszerren
7098,diesem,dieser,DET,nk,7099,Hinterhefte
7099,Hinterhefte,Hinterhefte,NOUN,nk,7097,an
7100,herauszerren,herauszerren,VERB,rc,7094,ich
7101,.,--,PUNCT,punct,7092,sag
7102,Aber,aber,CCONJ,ju,7106,Vieh
7103,nachdem,nachdem,SCONJ,cp,7106,Vieh
7104,sie,sie,PRON,sb,7106,Vieh
7105,das,der,DET,nk,7106,Vieh
7106,Vieh,Vieh,NOUN,ROOT,7106,Vieh
7107,nach,nach,ADP,ROOT,7107,nach
7108,52,52,NUM,nk,7110,Anstrengung
7109,unsäglicher,unsäglich,ADJ,nk,7110,Anstrengung
7110,Anstrengung,Anstrengung,NOUN,nk,7107,nach
7111,mit,mit,ADP,mnr,7110,Anstrengung
7112,den,der,DET,nk,7113,Hinterfüßen
7113,Hinterfüßen,Hinterfüße,NOUN,nk,7111,mit
7114,bis,bis,ADP,ac,7115,an
7115,an,an,ADP,mo,7107,nach
7116,die,der,DET,nk,7117,Schwelle
7117,Schwelle,Schwelle,NOUN,nk,7115,an
7118,gezogen,ziehen,VERB,ROOT,7118,gezogen
7119,:,--,PUNCT,punct,7118,gezogen
7120,so,so,ADV,mo,7121,schoß
7121,schoß,schoßn,VERB,sbp,7118,gezogen
7122,es,es,PRON,ep,7121,schoß
7123,wieder,wieder,ADV,mo,7121,schoß
7124,in,in,ADP,mo,7121,schoß
7125,den,der,DET,nk,7126,Koben
7126,Koben,Kobe,NOUN,nk,7124,in
7127,herein,herein,ADV,svp,7121,schoß
7128,wie,wie,ADP,cm,7130,Theaterdolch
7129,ein,ein,DET,nk,7130,Theaterdolch
7130,Theaterdolch,Theaterdolch,NOUN,cc,7120,so
7131,in,in,ADP,mnr,7130,Theaterdolch
7132,seinen,sein,DET,nk,7131,in
7133,Griff,Griff,NOUN,ROOT,7133,Griff
7134,.,--,PUNCT,punct,7133,Griff
7135,Sie,sie,PRON,sb,7136,erwischte
7136,erwischte,erwischen,VERB,ROOT,7136,erwischte
7137,wieder,wieder,ADV,mo,7136,erwischte
7138,den,der,DET,nk,7139,Schwanzhenkel
7139,Schwanzhenkel,Schwanzhenkel,NOUN,oa,7136,erwischte
7140,und,und,CCONJ,cd,7136,erwischte
7141,zog,ziehen,VERB,cj,7140,und
7142,unmenschlich,unmenschlich,ADV,mo,7141,zog
7143,aus,aus,ADP,mo,7141,zog
7144,Angst,Angst,NOUN,nk,7143,aus
7145,und,und,CCONJ,ju,7146,brachte
7146,brachte,bringen,VERB,ROOT,7146,brachte
7147,das,der,DET,nk,7148,Tier
7148,Tier,Tier,NOUN,oa,7146,brachte
7149,schon,schon,ADV,mo,7146,brachte
7150,mit,mit,ADP,mo,7146,brachte
7151,den,der,DET,nk,7152,Vorderbeinen
7152,Vorderbeinen,Vorderbein,NOUN,nk,7150,mit
7153,bis,bis,ADP,ac,7154,an
7154,an,an,ADP,mo,7146,brachte
7155,die,der,DET,nk,7156,Schwelle
7156,Schwelle,Schwelle,NOUN,nk,7154,an
7157,:,--,PUNCT,punct,7146,brachte
7158,auf,auf,ADP,mo,7146,brachte
7159,einmal,einmal,ADV,nk,7158,auf
7160,war,sein,AUX,ROOT,7160,war
7161,es,es,PRON,sb,7160,war
7162,wieder,wieder,ADV,mo,7163,hineingefahren
7163,hineingefahren,hineingefahren,VERB,oc,7160,war
7164,!,--,PUNCT,punct,7160,war
7165,Endlich,endlich,ADV,mo,7166,erbarmte
7166,erbarmte,erbarmen,VERB,ROOT,7166,erbarmte
7167,sich,sich,PRON,oa,7166,erbarmte
7168,ein,ein,DET,nk,7169,Fleischerknecht
7169,Fleischerknecht,Fleischerknecht,NOUN,sb,7166,erbarmte
7170,des,der,DET,punct,7166,erbarmte
7171,zu,zu,ADP,svp,7166,erbarmte
7172,großen,groß,ADJ,nk,7173,Jammers
7173,Jammers,Jammer,NOUN,ROOT,7173,Jammers
7174,und,und,CCONJ,cd,7173,Jammers
7175,faßte,fassen,VERB,cj,7174,und
7176,die,der,DET,nk,7177,Bestie
7177,Bestie,Bestie,NOUN,oa,7175,faßte
7178,an,an,ADP,mo,7175,faßte
7179,den,der,DET,nk,7180,Ohren
7180,Ohren,Ohr,NOUN,nk,7178,an
7181,und,und,CCONJ,cd,7175,faßte
7182,schleppte,schleppen,VERB,cj,7181,und
7183,sie,sie,PRON,sb,7182,schleppte
7184,dahin,dahin,ADV,mo,7182,schleppte
7185,",",--,PUNCT,punct,7184,dahin
7186,wo,wo,SCONJ,re,7184,dahin
7187,die,der,DET,nk,7188,Dame
7188,Dame,Dame,NOUN,sb,7189,vorausging
7189,vorausging,vorausgehen,VERB,ROOT,7189,vorausging
7190,.,--,PUNCT,punct,7189,vorausging
7191,Am,an,ADP,mo,7198,sterbe
7192,Morgen,Morgen,NOUN,nk,7191,Am
7193,hätte,haben,AUX,ROOT,7193,hätte
7194,der,der,DET,nk,7195,wackere
7195,wackere,wack,ADJ,sb,7193,hätte
7196,»,--,PUNCT,punct,7198,sterbe
7197,Ich,ich,PRON,sb,7198,sterbe
7198,sterbe,sterben,VERB,oc,7193,hätte
7199,täglich,täglich,ADV,mo,7198,sterbe
7200,und,und,CCONJ,cd,7199,täglich
7201,mein,mein,DET,nk,7202,Leben
7202,Leben,Leben,NOUN,cj,7200,und
7203,«,--,PUNCT,punct,7202,Leben
7204,nicht,nicht,PART,ng,7198,sterbe
7205,bei,bei,ADP,mo,7198,sterbe
7206,sich,sich,PRON,nk,7205,bei
7207,sein,sein,AUX,oc,7208,müssen
7208,müssen,müssen,AUX,ROOT,7208,müssen
7209,",",--,PUNCT,punct,7208,müssen
7210,sondern,sondern,CCONJ,cd,7208,müssen
7211,des,der,DET,nk,7212,Teufels
7212,Teufels,Teufel,NOUN,cj,7210,sondern
7213,",",--,PUNCT,punct,7208,müssen
7214,wenn,wenn,SCONJ,cp,7215,er
7215,er,er,PRON,ROOT,7215,er
7216,",",--,PUNCT,punct,7215,er
7217,nachdem,nachdem,SCONJ,cp,7219,Mörser
7218,zwei,zwei,NUM,nk,7219,Mörser
7219,Mörser,Mörser,NOUN,mo,7215,er
7220,und,und,CCONJ,cd,7219,Mörser
7221,ein,ein,DET,nk,7222,Brand
7222,Brand,Brand,NOUN,cj,7220,und
7223,da,da,ADV,mo,7215,er
7224,waren,sein,AUX,ROOT,7224,waren
7225,und,und,CCONJ,cd,7224,waren
7226,Regen,Regen,NOUN,cj,7225,und
7227,",",--,PUNCT,punct,7224,waren
7228,und,und,CCONJ,cd,7224,waren
7229,das,der,DET,nk,7230,Wetterglas
7230,Wetterglas,Wetterglas,NOUN,cj,7228,und
7231,unter,unter,ADP,mnr,7230,Wetterglas
7232,Sturm,Sturm,NOUN,nk,7231,unter
7233,",",--,PUNCT,punct,7231,unter
7234,nicht,nicht,PART,ng,7235,endlich
7235,endlich,endlich,ADV,cj,7231,unter
7236,dem,der,DET,nk,7237,Andringen
7237,Andringen,Andringe,NOUN,nk,7231,unter
7238,nachgegeben,nachgeben,VERB,oc,7239,hätte
7239,hätte,haben,AUX,ROOT,7239,hätte
7240,",",--,PUNCT,punct,7239,hätte
7241,in,in,ADP,mo,7245,auszufallen
7242,der,der,DET,nk,7244,Nacht
7243,nächsten,nächster,ADJ,nk,7244,Nacht
7244,Nacht,Nacht,NOUN,nk,7241,in
7245,auszufallen,auszufallen,VERB,oc,7238,nachgegeben
7246,.,--,PUNCT,punct,7239,hätte
7247,Die,der,DET,nk,7249,Festung
7248,ganze,ganz,ADJ,nk,7249,Festung
7249,Festung,Festung,NOUN,sb,7250,spannte
7250,spannte,spannen,VERB,ROOT,7250,spannte
7251,sich,sich,PRON,ROOT,7251,sich
7252,darauf,darauf,ADV,mnr,7251,sich
7253,.,--,PUNCT,punct,7251,sich
7254,Es,es,PRON,sb,7255,wurde
7255,wurde,werden,AUX,ROOT,7255,wurde
7256,wirklich,wirklich,ADV,mo,7257,ausgefallen
7257,ausgefallen,ausfallen,VERB,oc,7255,wurde
7258,.,--,PUNCT,punct,7255,wurde
7259,Man,man,PRON,ROOT,7259,Man
7260,schlich,schlich,ADV,mo,7259,Man
7261,durch,durch,ADP,mo,7259,Man
7262,das,der,DET,nk,7264,Tor
7263,untere,unterer,ADJ,nk,7264,Tor
7264,Tor,Tor,NOUN,nk,7261,durch
7265,hinaus,hinaus,ADP,mo,7269,war
7266,(,--,PUNCT,punct,7269,war
7267,das,der,DET,nk,7268,obere
7268,obere,oberer,NOUN,sb,7269,war
7269,war,sein,AUX,ROOT,7269,war
7270,das,der,DET,nk,7271,andere
7271,andere,anderer,ADJ,pd,7269,war
7272,),--,PUNCT,punct,7269,war
7273,",",--,PUNCT,punct,7269,war
7274,aber,aber,CCONJ,cd,7269,war
7275,kein,kein,DET,nk,7276,Feind
7276,Feind,Feind,NOUN,sb,7277,war
7277,war,sein,AUX,cj,7274,aber
7278,zu,zu,PART,pm,7279,finden
7279,finden,finden,VERB,oc,7277,war
7280,.,--,PUNCT,punct,7269,war
7281,Der,der,DET,ROOT,7281,Der
7282,ausfallenden,ausfallend,ADJ,nk,7283,Besatzung
7283,Besatzung,Besatzung,NOUN,da,7284,wuchs
7284,wuchs,wachsen,VERB,ROOT,7284,wuchs
7285,der,der,DET,nk,7286,Mut
7286,Mut,Mut,NOUN,sb,7284,wuchs
7287,von,von,ADP,pg,7286,Mut
7288,Schritt,Schritt,NOUN,nk,7287,von
7289,zu,zu,ADP,mo,7284,wuchs
7290,Schritt,Schritt,NOUN,nk,7289,zu
7291,",",--,PUNCT,punct,7284,wuchs
7292,und,und,CCONJ,cd,7284,wuchs
7293,sie,sie,PRON,sb,7294,fluchte
7294,fluchte,fluchn,VERB,cj,7292,und
7295,leise,leise,ADJ,mo,7296,53
7296,53,53,NUM,sb,7297,terribel
7297,terribel,Terribel,ADV,ROOT,7297,terribel
7298,darüber,darüber,ADV,mo,7297,terribel
7299,",",--,PUNCT,punct,7298,darüber
7300,daß,daß,SCONJ,cp,7305,konnten
7301,sie,sie,PRON,sb,7305,konnten
7302,ihn,ihn,PRON,oa,7304,zeigen
7303,nicht,nicht,PART,ng,7305,konnten
7304,zeigen,zeigen,VERB,oc,7305,konnten
7305,konnten,können,AUX,re,7298,darüber
7306,.,--,PUNCT,punct,7297,terribel
7307,Endlich,endlich,ADV,mo,7308,hörte
7308,hörte,hören,VERB,ROOT,7308,hörte
7309,sie,sie,PRON,sb,7308,hörte
7310,am,an,ADP,ROOT,7310,am
7311,oberen,oberer,ADJ,nk,7312,Tor
7312,Tor,Tor,NOUN,nk,7310,am
7313,Gelärme,Gelärme,NOUN,nk,7312,Tor
7314,.,--,PUNCT,punct,7310,am
7315,Der,der,DET,nk,7316,Ausfall
7316,Ausfall,Ausfall,NOUN,sb,7317,war
7317,war,sein,AUX,ROOT,7317,war
7318,trefflich,trefflich,ADV,mo,7319,gewählt
7319,gewählt,wählen,VERB,oc,7317,war
7320,",",--,PUNCT,punct,7317,war
7321,denn,denn,CCONJ,cd,7317,war
7322,die,der,DET,ROOT,7322,die
7323,Diebsfehraner,Diebsfehraner,NOUN,sb,7324,wollten
7324,wollten,wollen,AUX,ROOT,7324,wollten
7325,eben,eben,ADV,mo,7324,wollten
7326,einen,ein,DET,nk,7327,Einfall
7327,Einfall,Einfall,NOUN,sb,7328,tun
7328,tun,tun,VERB,oc,7324,wollten
7329,durchs,durch,ADP,mo,7328,tun
7330,obere,oberer,ADJ,nk,7331,Tor
7331,Tor,Tor,NOUN,nk,7329,durchs
7332,und,und,CCONJ,cd,7328,tun
7333,so,so,ADV,mo,7334,sich
7334,sich,sich,PRON,cj,7332,und
7335,die,der,DET,ROOT,7335,die
7336,Stadtschlüssel,Stadtschlüssel,NOUN,oa,7340,schmieden
7337,oder,oder,CCONJ,cd,7336,Stadtschlüssel
7338,Stadtdietriche,Stadtdietriche,NOUN,cj,7337,oder
7339,selber,selber,ADV,mnr,7336,Stadtschlüssel
7340,schmieden,schmieden,VERB,ROOT,7340,schmieden
7341,.,--,PUNCT,punct,7340,schmieden
7342,Die,der,DET,nk,7343,Ziebinger
7343,Ziebinger,Ziebinger,NOUN,sb,7344,zogen
7344,zogen,ziehen,VERB,ROOT,7344,zogen
7345,um,um,ADP,mo,7344,zogen
7346,die,der,DET,nk,7345,um
7347,halbe,halb,ADJ,nk,7348,Festung
7348,Festung,Festung,NOUN,cj,7353,zeigte
7349,herum,herum,ADV,svp,7348,Festung
7350,",",--,PUNCT,punct,7348,Festung
7351,und,und,CCONJ,ju,7353,zeigte
7352,nun,nun,ADV,mo,7353,zeigte
7353,zeigte,zeigen,VERB,ROOT,7353,zeigte
7354,ein,ein,DET,nk,7356,Mondblick
7355,zufälliger,zufällig,ADJ,nk,7356,Mondblick
7356,Mondblick,Mondblick,PROPN,pnc,7357,Feind
7357,Feind,Feind,PROPN,sb,7353,zeigte
7358,dem,der,DET,nk,7359,Feind
7359,Feind,Feind,NOUN,da,7353,zeigte
7360,.,--,PUNCT,punct,7353,zeigte
7361,Schrecklicher,Schrecklicher,ADJ,nk,7362,Anblick
7362,Anblick,Anblick,NOUN,ROOT,7362,Anblick
7363,!,--,PUNCT,punct,7362,Anblick
7364,–,--,PUNCT,punct,7367,meldet
7365,Die,der,DET,nk,7366,Geschichte
7366,Geschichte,Geschichte,NOUN,sb,7367,meldet
7367,meldet,melden,VERB,ROOT,7367,meldet
7368,",",--,PUNCT,punct,7367,meldet
7369,daß,daß,SCONJ,cp,7372,griechische
7370,der,der,DET,nk,7372,griechische
7371,große,groß,ADJ,nk,7372,griechische
7372,griechische,griechisch,ADJ,oc,7367,meldet
7373,Feldherr,Feldherr,NOUN,sb,7382,bekam
7374,Aratus,Aratus,PROPN,nk,7373,Feldherr
7375,stets,stets,ADV,mo,7382,bekam
7376,vor,vor,ADP,mo,7382,bekam
7377,einer,ein,DET,nk,7378,Schlacht
7378,Schlacht,Schlacht,NOUN,nk,7376,vor
7379,einen,ein,DET,nk,7381,Durchfall
7380,heftigen,heftig,ADJ,nk,7381,Durchfall
7381,Durchfall,Durchfall,NOUN,oa,7382,bekam
7382,bekam,bekommen,VERB,re,7384,der
7383,",",--,PUNCT,punct,7382,bekam
7384,der,der,PRON,ROOT,7384,der
7385,so,so,ADV,mo,7384,der
7386,lange,lange,ADV,mo,7387,anhielt
7387,anhielt,anhielt,VERB,ROOT,7387,anhielt
7388,",",--,PUNCT,punct,7387,anhielt
7389,bis,bis,SCONJ,cp,7394,gekommen
7390,die,der,DET,nk,7391,Schlacht
7391,Schlacht,Schlacht,NOUN,sb,7394,gekommen
7392,in,in,ADP,cvc,7394,gekommen
7393,Gang,Gang,NOUN,nk,7392,in
7394,gekommen,kommen,VERB,mo,7387,anhielt
7395,.,--,PUNCT,punct,7387,anhielt
7396,Diese,dieser,DET,nk,7398,Anekdote
7397,unschuldige,unschuldig,ADJ,nk,7398,Anekdote
7398,Anekdote,Anekdote,NOUN,ROOT,7398,Anekdote
7399,mißbrauchte,mißbrauchen,VERB,ROOT,7399,mißbrauchte
7400,ein,ein,DET,nk,7401,Ziebinger
7401,Ziebinger,Ziebinger,NOUN,sb,7399,mißbrauchte
7402,Kauz,Kauz,PROPN,nk,7401,Ziebinger
7403,",",--,PUNCT,punct,7399,mißbrauchte
7404,um,um,SCONJ,cp,7405,mit
7405,mit,mit,ADP,mo,7399,mißbrauchte
7406,ihr,ihr,PRON,nk,7405,mit
7407,",",--,PUNCT,punct,7405,mit
7408,und,und,CCONJ,cd,7405,mit
7409,gedeckt,decken,VERB,cj,7408,und
7410,durch,durch,ADP,mo,7409,gedeckt
7411,die,der,DET,nk,7412,finstere
7412,finstere,finster,ADJ,nk,7410,durch
7413,Regennacht,Regennacht,NOUN,ROOT,7413,Regennacht
7414,",",--,PUNCT,punct,7413,Regennacht
7415,seinen,sein,DET,nk,7416,Spaß
7416,Spaß,Spaß,NOUN,oa,7418,einzuleiten
7417,glaublicher,glaublich,ADV,mo,7418,einzuleiten
7418,einzuleiten,einleiten,VERB,oc,7413,Regennacht
7419,.,--,PUNCT,punct,7413,Regennacht
7420,Es,es,PRON,sb,7421,hätten
7421,hätten,haben,AUX,ROOT,7421,hätten
7422,nämlich,nämlich,ADV,mo,7421,hätten
7423,",",--,PUNCT,punct,7424,verfocht
7424,verfocht,verfochen,VERB,cj,7421,hätten
7425,der,der,DET,nk,7426,Kauz
7426,Kauz,Kauz,NOUN,da,7424,verfocht
7427,",",--,PUNCT,punct,7424,verfocht
7428,beide,beide,DET,nk,7429,Heere
7429,Heere,Heer,NOUN,cj,7421,hätten
7430,",",--,PUNCT,punct,7421,hätten
7431,sobald,sobald,SCONJ,cp,7434,erblickt
7432,sie,sie,PRON,sb,7434,erblickt
7433,einander,einander,PRON,oa,7434,erblickt
7434,erblickt,erblicken,VERB,re,7420,Es
7435,hätten,haben,AUX,ROOT,7435,hätten
7436,",",--,PUNCT,punct,7435,hätten
7437,sich,sich,PRON,oa,7443,verwandelt
7438,in,in,ADP,op,7443,verwandelt
7439,ebenso,ebenso,ADV,mo,7440,viele
7440,viele,vieler,DET,nk,7441,Feldherren
7441,Feldherren,Feldherr,NOUN,nk,7438,in
7442,Aratus,Aratus,PROPN,nk,7441,Feldherren
7443,verwandelt,verwandeln,VERB,oc,7435,hätten
7444,;,--,PUNCT,punct,7435,hätten
7445,sogleich,sogleich,ADV,mo,7446,hätten
7446,hätten,haben,AUX,ROOT,7446,hätten
7447,beide,beide,PRON,ROOT,7447,beide
7448,durch,durch,ADP,mnr,7447,beide
7449,Winke,Winker,NOUN,nk,7448,durch
7450,oder,oder,CCONJ,cd,7449,Winke
7451,Parlamentäre,Parlamentär,NOUN,cj,7450,oder
7452,oder,oder,CCONJ,cd,7449,Winke
7453,sonstige,sonstig,ADJ,nk,7454,Zeichen
7454,Zeichen,Zeichen,NOUN,cj,7452,oder
7455,(,--,PUNCT,punct,7457,will
7456,hier,hier,ADV,mo,7457,will
7457,will,wollen,AUX,par,7447,beide
7458,es,es,PRON,sb,7457,will
7459,mit,mit,ADP,mo,7457,will
7460,der,der,DET,app,7447,beide
7461,Wahrscheinlichkeit,Wahrscheinlichkeit,NOUN,ROOT,7461,Wahrscheinlichkeit
7462,schlecht,schlecht,ADV,mo,7461,Wahrscheinlichkeit
7463,fort,fort,ADV,svp,7461,Wahrscheinlichkeit
7464,),--,PUNCT,punct,7461,Wahrscheinlichkeit
7465,einen,ein,DET,nk,7467,Waffenstillstand
7466,halbviertelstündigen,halbviertelstündig,ADJ,nk,7467,Waffenstillstand
7467,Waffenstillstand,Waffenstillstand,NOUN,ROOT,7467,Waffenstillstand
7468,geschlossen,schließen,VERB,pd,7470,54
7469,–,--,PUNCT,punct,7470,54
7470,54,54,NUM,oa,7477,gebückt
7471,während,während,ADP,mnr,7470,54
7472,desselben,derselbe,PRON,nk,7471,während
7473,hätten,haben,AUX,ROOT,7473,hätten
7474,beide,beide,DET,nk,7475,Mächte
7475,Mächte,Mächte,NOUN,sb,7473,hätten
7476,einander,einander,PRON,da,7477,gebückt
7477,gebückt,gebücken,VERB,oc,7473,hätten
7478,gegenüber,gegenüber,ADP,mo,7479,gehalten
7479,gehalten,halten,VERB,oc,7486,hätten
7480,und,und,CCONJ,cd,7479,gehalten
7481,erst,erst,ADV,mo,7482,nach
7482,nach,nach,ADP,mo,7479,gehalten
7483,Ablauf,Ablauf,NOUN,nk,7482,nach
7484,der,der,DET,nk,7485,Sache
7485,Sache,Sache,NOUN,ag,7483,Ablauf
7486,hätten,haben,AUX,ROOT,7486,hätten
7487,sie,sie,PRON,sb,7486,hätten
7488,sich,sich,PRON,oa,7489,einmütig
7489,einmütig,einmütig,ADV,oc,7486,hätten
7490,aufgerichtet,aufrichten,VERB,ROOT,7490,aufgerichtet
7491,zum,zu,ADP,mo,7490,aufgerichtet
7492,Angriff,Angriff,NOUN,nk,7491,zum
7493,.,--,PUNCT,punct,7490,aufgerichtet
7494,–,--,PUNCT,ROOT,7494,–
7495,Doch,doch,CCONJ,ju,7496,zu
7496,zu,zu,ADP,ROOT,7496,zu
7497,ernsteren,ernst,ADJ,nk,7498,Gegenständen
7498,Gegenständen,Gegenstand,NOUN,nk,7496,zu
7499,!,--,PUNCT,punct,7496,zu
7500,Beide,beide,DET,nk,7501,Heere
7501,Heere,Heer,NOUN,sb,7502,gingen
7502,gingen,gehen,VERB,ROOT,7502,gingen
7503,aufeinander,aufeinander,ADV,ROOT,7503,aufeinander
7504,los,los,ADV,cd,7503,aufeinander
7505,",",--,PUNCT,punct,7503,aufeinander
7506,nur,nur,ADV,mo,7508,mit
7507,aber,aber,ADV,mo,7508,mit
7508,mit,mit,ADP,cj,7503,aufeinander
7509,einer,ein,DET,nk,7511,mißtönigen
7510,so,so,ADV,mo,7511,mißtönigen
7511,mißtönigen,mißtönig,ADJ,nk,7508,mit
7512,",",--,PUNCT,punct,7511,mißtönigen
7513,sich,sich,PRON,oa,7514,widerschreienden
7514,widerschreienden,widerschreienden,VERB,oc,7511,mißtönigen
7515,Feldmusik,Feldmusik,NOUN,ROOT,7515,Feldmusik
7516,voll,voll,ADP,mnr,7515,Feldmusik
7517,Graus-Lauten,Graus-Laut,NOUN,nk,7516,voll
7518,",",--,PUNCT,punct,7515,Feldmusik
7519,als,als,SCONJ,cm,7522,Kirchenmusik
7520,je,je,ADV,mo,7522,Kirchenmusik
7521,eine,ein,DET,nk,7522,Kirchenmusik
7522,Kirchenmusik,Kirchenmusik,NOUN,cc,7515,Feldmusik
7523,in,in,ADP,mnr,7522,Kirchenmusik
7524,einer,ein,DET,nk,7525,Dorfkirche
7525,Dorfkirche,Dorfkirche,NOUN,nk,7523,in
7526,glühend,glühend,ADV,mo,7530,gegossen
7527,in,in,ADP,mo,7530,gegossen
7528,die,der,DET,nk,7529,Ohren
7529,Ohren,Ohr,NOUN,nk,7527,in
7530,gegossen,gegießen,VERB,ROOT,7530,gegossen
7531,;,--,PUNCT,punct,7530,gegossen
7532,ein,ein,DET,nk,7533,Zeichen
7533,Zeichen,Zeichen,NOUN,ROOT,7533,Zeichen
7534,der,der,DET,nk,7535,Furcht
7535,Furcht,Furcht,NOUN,ag,7533,Zeichen
7536,",",--,PUNCT,punct,7535,Furcht
7537,woraus,woraus,SCONJ,mo,7538,man
7538,man,man,PRON,par,7533,Zeichen
7539,indes,indes,ADV,mo,7540,bei
7540,bei,bei,ADP,pd,7533,Zeichen
7541,Feldmusikanten,Feldmusikanten,VERB,sb,7543,macht
7542,nichts,nichts,PRON,oa,7543,macht
7543,macht,machen,VERB,ROOT,7543,macht
7544,.,--,PUNCT,punct,7543,macht
7545,Die,der,DET,nk,7546,Krieger
7546,Krieger,Krieger,NOUN,sb,7548,gingen
7547,hingegen,hingegen,ADV,mo,7546,Krieger
7548,gingen,gehen,VERB,ROOT,7548,gingen
7549,mit,mit,ADP,mo,7548,gingen
7550,einem,ein,DET,nk,7551,Feuer
7551,Feuer,Feuer,NOUN,nk,7549,mit
7552,auf,auf,ADP,svp,7548,gingen
7553,einander,sich,PRON,ROOT,7553,einander
7554,zu,zu,ADP,mo,7565,verkündigte
7555,",",--,PUNCT,punct,7554,zu
7556,daß,daß,SCONJ,cp,7565,verkündigte
7557,sie,sie,PRON,sb,7565,verkündigte
7558,die,der,DET,nk,7559,kleine
7559,kleine,klein,ADJ,oa,7565,verkündigte
7560,",",--,PUNCT,punct,7559,kleine
7561,schon,schon,ADV,mo,7562,durch
7562,durch,durch,ADP,mo,7565,verkündigte
7563,das,der,DET,nk,7564,Wetterglas
7564,Wetterglas,Wetterglas,NOUN,nk,7562,durch
7565,verkündigte,verkündigen,VERB,ROOT,7565,verkündigte
7566,Erderschütterung,Erderschütterung,NOUN,ROOT,7566,Erderschütterung
7567,–,--,PUNCT,punct,7566,Erderschütterung
7568,so,so,ADV,mo,7572,Römer
7569,wie,wie,ADP,cm,7570,einmal
7570,einmal,einmal,ADV,mo,7572,Römer
7571,die,der,DET,nk,7572,Römer
7572,Römer,Römer,NOUN,par,7566,Erderschütterung
7573,und,und,CCONJ,cd,7572,Römer
7574,Karthager,Karthager,NOUN,cj,7573,und
7575,ein,ein,DET,nk,7577,Erdbeben
7576,großes,groß,ADJ,nk,7577,Erdbeben
7577,Erdbeben,Erdbeben,NOUN,oa,7566,Erderschütterung
7578,unter,unter,ADP,mo,7583,verspürten
7579,dem,der,DET,nk,7580,Gefechte
7580,Gefechte,Gefecht,NOUN,nk,7578,unter
7581,–,--,PUNCT,punct,7583,verspürten
7582,garnicht,garnicht,ADV,mo,7583,verspürten
7583,verspürten,verspüren,VERB,ROOT,7583,verspürten
7584,",",--,PUNCT,punct,7583,verspürten
7585,sondern,sondern,CCONJ,cd,7583,verspürten
7586,nur,nur,ADV,mo,7587,glaubten
7587,glaubten,glauben,VERB,cj,7585,sondern
7588,",",--,PUNCT,punct,7587,glaubten
7589,nur,nur,ADV,mo,7590,sie
7590,sie,sie,PRON,sb,7587,glaubten
7591,selber,selber,ADV,mnr,7590,sie
7592,bebten,bebten,VERB,ROOT,7592,bebten
7593,",",--,PUNCT,punct,7592,bebten
7594,nicht,nicht,PART,ng,7596,Erde
7595,die,der,DET,nk,7596,Erde
7596,Erde,Erde,NOUN,oa,7592,bebten
7597,.,--,PUNCT,punct,7592,bebten
7598,Wenn,wenn,SCONJ,cp,7606,vergleicht
7599,man,man,PRON,sb,7606,vergleicht
7600,im,in,ADP,mo,7602,laufende
7601,Gefechte,Gefecht,NOUN,nk,7600,im
7602,laufende,laufend,ADJ,nk,7603,Soldaten
7603,Soldaten,Soldat,NOUN,oa,7606,vergleicht
7604,mit,mit,ADP,mo,7606,vergleicht
7605,stehenden,stehend,NOUN,nk,7604,mit
7606,vergleicht,vergleichen,VERB,re,7608,so
7607,",",--,PUNCT,punct,7608,so
7608,so,so,ADV,mo,7609,verlieren
7609,verlieren,verlieren,VERB,ROOT,7609,verlieren
7610,diese,dieser,PRON,sb,7615,inwiefern
7611,insofern,insofern,ADV,mnr,7610,diese
7612,an,an,ADP,mo,7615,inwiefern
7613,Ansehen,ansehen,NOUN,nk,7612,an
7614,",",--,PUNCT,punct,7615,inwiefern
7615,inwiefern,inwiefern,VERB,ROOT,7615,inwiefern
7616,Raphael,Raphael,PROPN,oa,7615,inwiefern
7617,",",--,PUNCT,punct,7616,Raphael
7618,welcher,welcher,PRON,par,7616,Raphael
7619,seinen,sein,DET,nk,7620,Figuren
7620,Figuren,Figur,NOUN,da,7618,welcher
7621,meistens,meistens,ADV,mo,7615,inwiefern
7622,Bewegung,Bewegung,NOUN,pd,7631,ist
7623,",",--,PUNCT,punct,7622,Bewegung
7624,selten,selten,ADV,mo,7625,feste
7625,feste,fest,ADJ,nk,7626,Stellung
7626,Stellung,Stellung,NOUN,oa,7627,gab
7627,gab,geben,VERB,cj,7622,Bewegung
7628,",",--,PUNCT,punct,7631,ist
7629,ein,ein,DET,nk,7630,Mann
7630,Mann,Mann,NOUN,pd,7631,ist
7631,ist,sein,AUX,ROOT,7631,ist
7632,",",--,PUNCT,punct,7631,ist
7633,der,der,DET,nk,7634,Schönheit
7634,Schönheit,Schönheit,NOUN,da,7635,kennt
7635,kennt,kennen,VERB,sb,7631,ist
7636,.,--,PUNCT,punct,7631,ist
7637,Aber,aber,CCONJ,ROOT,7637,Aber
7638,Schönheit,Schönheit,NOUN,ROOT,7638,Schönheit
7639,beiseite,beiseite,ADV,mo,7638,Schönheit
7640,!,--,PUNCT,punct,7638,Schönheit
7641,Ein,ein,DET,nk,7643,Laufen
7642,anfangendes,anfangend,ADJ,nk,7643,Laufen
7643,Laufen,laufen,NOUN,sb,7647,hatte
7644,55,55,NUM,nk,7643,Laufen
7645,beider,beide,DET,nk,7646,Heere
7646,Heere,Heer,NOUN,ag,7644,55
7647,hatte,haben,VERB,ROOT,7647,hatte
7648,seine,sein,DET,nk,7649,Gründe
7649,Gründe,Grund,NOUN,oa,7647,hatte
7650,;,--,PUNCT,punct,7647,hatte
7651,und,und,CCONJ,ju,7657,schweigen
7652,wenn,wenn,SCONJ,cp,7657,schweigen
7653,unter,unter,ADP,mo,7657,schweigen
7654,Waffen,Waffe,NOUN,nk,7653,unter
7655,die,der,DET,nk,7656,Gesetze
7656,Gesetze,Gesetz,NOUN,sb,7657,schweigen
7657,schweigen,schweigen,VERB,ROOT,7657,schweigen
7658,(,--,PUNCT,punct,7660,arma
7659,inter,int,ADJ,nk,7660,arma
7660,arma,arma,NOUN,re,7665,so
7661,silent,silent,NOUN,mnr,7660,arma
7662,leges,leg,ADJ,nk,7660,arma
7663,),--,PUNCT,punct,7660,arma
7664,",",--,PUNCT,punct,7665,so
7665,so,so,ADV,ROOT,7665,so
7666,gehören,gehören,VERB,ROOT,7666,gehören
7667,die,der,DET,nk,7668,Kriegsgesetze
7668,Kriegsgesetze,Kriegsgesetze,NOUN,sb,7666,gehören
7669,",",--,PUNCT,punct,7668,Kriegsgesetze
7670,z.,z.,ADP,mo,7672,Desertionsverbote
7671,B.,B.,NOUN,nk,7670,z.
7672,Desertionsverbote,Desertionsverbote,NOUN,app,7668,Kriegsgesetze
7673,",",--,PUNCT,punct,7666,gehören
7674,auch,auch,ADV,mo,7675,dazu
7675,dazu,dazu,ADV,op,7666,gehören
7676,.,--,PUNCT,punct,7666,gehören
7677,Die,der,DET,nk,7678,Ziebinger
7678,Ziebinger,Ziebinger,NOUN,ROOT,7678,Ziebinger
7679,merkten,merken,VERB,ROOT,7679,merkten
7680,nämlich,nämlich,ADV,mo,7679,merkten
7681,",",--,PUNCT,punct,7679,merkten
7682,schlau,schlau,ADV,mo,7679,merkten
7683,genug,genug,ADV,mo,7682,schlau
7684,",",--,PUNCT,punct,7679,merkten
7685,daß,daß,SCONJ,cp,7688,weiterliefen
7686,einige,einiger,DET,nk,7687,Diebsfehraner
7687,Diebsfehraner,Diebsfehraner,NOUN,sb,7688,weiterliefen
7688,weiterliefen,weiterlaufen,VERB,oc,7679,merkten
7689,",",--,PUNCT,punct,7679,merkten
7690,und,und,CCONJ,cd,7679,merkten
7691,verschmitzt,verschmitzt,VERB,mo,7692,witterten
7692,witterten,witteren,VERB,ROOT,7692,witterten
7693,sie,sie,PRON,sb,7692,witterten
7694,aus,aus,ADP,svp,7692,witterten
7695,",",--,PUNCT,punct,7692,witterten
7696,daß,daß,SCONJ,cp,7701,Vortrab
7697,diese,dieser,PRON,nk,7698,wenigen
7698,wenigen,weniger,PRON,sb,7701,Vortrab
7699,nur,nur,ADV,mo,7701,Vortrab
7700,ein,ein,DET,nk,7701,Vortrab
7701,Vortrab,Vortrab,NOUN,dep,7692,witterten
7702,der,der,DET,nk,7703,übrigen
7703,übrigen,übrig,ADJ,ag,7701,Vortrab
7704,wären,sein,AUX,ROOT,7704,wären
7705,",",--,PUNCT,punct,7704,wären
7706,die,der,PRON,sb,7714,wollten
7707,in,in,ADP,mo,7713,hineinstürzen
7708,das,der,DET,nk,7712,Tor
7709,jetzt,jetzt,ADV,mo,7710,offengelassene
7710,offengelassene,offengelassen,ADJ,nk,7712,Tor
7711,untere,unterer,ADJ,nk,7712,Tor
7712,Tor,Tor,NOUN,nk,7707,in
7713,hineinstürzen,hineinstürzen,VERB,oc,7714,wollten
7714,wollten,wollen,AUX,rc,7704,wären
7715,.,--,PUNCT,punct,7704,wären
7716,Hier,hier,ADV,ROOT,7716,Hier
7717,galt,gelten,VERB,ROOT,7717,galt
7718,es,es,PRON,ep,7717,galt
7719,Entschlossenheit,Entschlossenheit,NOUN,oa,7717,galt
7720,.,--,PUNCT,punct,7717,galt
7721,Der,der,DET,nk,7723,Ziebinger
7722,ganze,ganz,ADJ,nk,7723,Ziebinger
7723,Ziebinger,Ziebinger,NOUN,sb,7725,verkehrte
7724,Ausfall,Ausfall,NOUN,nk,7723,Ziebinger
7725,verkehrte,verkehren,VERB,ROOT,7725,verkehrte
7726,sich,sich,PRON,oa,7725,verkehrte
7727,auf,auf,ADP,mo,7725,verkehrte
7728,der,der,DET,punct,7725,verkehrte
7729,Stelle,Stelle,NOUN,ROOT,7729,Stelle
7730,in,in,ADP,mnr,7729,Stelle
7731,einen,ein,DET,nk,7732,Gesamt-Achilles
7732,Gesamt-Achilles,Gesamt-Achilles,NOUN,nk,7730,in
7733,",",--,PUNCT,punct,7732,Gesamt-Achilles
7734,den,der,DET,nk,7735,Homer
7735,Homer,Homer,NOUN,app,7732,Gesamt-Achilles
7736,bekanntlich,bekanntlich,ADV,mo,7729,Stelle
7737,wegen,wegen,ADP,mo,7729,Stelle
7738,seines,sein,DET,nk,7739,Laufens
7739,Laufens,Laufen,NOUN,nk,7737,wegen
7740,so,so,ADV,mo,7729,Stelle
7741,pries,pries,ADV,ROOT,7741,pries
7742,:,--,PUNCT,punct,7741,pries
7743,Alle,alle,PRON,sb,7744,liefen
7744,liefen,laufen,VERB,rs,7741,pries
7745,",",--,PUNCT,punct,7744,liefen
7746,rannten,rannen,VERB,cj,7744,liefen
7747,",",--,PUNCT,punct,7744,liefen
7748,flogen,fliegen,VERB,cj,7744,liefen
7749,–,--,PUNCT,punct,7744,liefen
7750,die,der,DET,nk,7751,Diebsfehraner
7751,Diebsfehraner,Diebsfehraner,PROPN,cj,7744,liefen
7752,ihnen,ihnen,PRON,da,7744,liefen
7753,nach,nach,ADP,svp,7744,liefen
7754,",",--,PUNCT,punct,7744,liefen
7755,aber,aber,CCONJ,cd,7744,liefen
7756,in,in,ADP,cj,7755,aber
7757,der,der,DET,dep,7741,pries
7758,Tat,Tat,NOUN,mo,7760,langsam
7759,zu,zu,PART,mo,7760,langsam
7760,langsam,langsam,ADV,ROOT,7760,langsam
7761,und,und,CCONJ,cd,7760,langsam
7762,matt,matt,ADV,cj,7761,und
7763,–,--,PUNCT,punct,7760,langsam
7764,und,und,CCONJ,cd,7760,langsam
7765,so,so,ADV,mo,7766,erreichten
7766,erreichten,erreichen,VERB,cj,7764,und
7767,die,der,DET,nk,7768,Ziebinger
7768,Ziebinger,Ziebinger,NOUN,sb,7766,erreichten
7769,glücklich,glücklich,ADV,mo,7766,erreichten
7770,als,als,ADP,mo,7766,erreichten
7771,Sieger,Sieger,NOUN,nk,7770,als
7772,ihr,ihr,DET,nk,7774,Tor
7773,unteres,unter,ADJ,nk,7774,Tor
7774,Tor,Tor,NOUN,ROOT,7774,Tor
7775,",",--,PUNCT,punct,7774,Tor
7776,ohne,ohne,SCONJ,cp,7780,verloren
7777,einen,ein,DET,nk,7779,Mann
7778,eigenen,eigen,ADJ,nk,7779,Mann
7779,Mann,Mann,NOUN,oa,7780,verloren
7780,verloren,verlieren,VERB,oc,7774,Tor
7781,oder,oder,CCONJ,cd,7780,verloren
7782,einen,ein,DET,nk,7783,fremden
7783,fremden,fremd,ADJ,cj,7781,oder
7784,eingelassen,einlassen,VERB,oc,7786,haben
7785,zu,zu,PART,pm,7786,haben
7786,haben,haben,AUX,ROOT,7786,haben
7787,.,--,PUNCT,punct,7786,haben
7788,Man,man,PRON,sb,7789,trank
7789,trank,trank,VERB,ROOT,7789,trank
7790,die,der,DET,nk,7792,Nacht
7791,ganze,ganz,ADJ,nk,7792,Nacht
7792,Nacht,Nacht,NOUN,oa,7789,trank
7793,auf,auf,ADP,mnr,7792,Nacht
7794,den,der,DET,nk,7796,Ausgang
7795,siegreichen,siegreich,ADJ,nk,7796,Ausgang
7796,Ausgang,Ausgang,NOUN,nk,7793,auf
7797,.,--,PUNCT,punct,7789,trank
7798,Indes,indes,ADV,mo,7802,fehlen
7799,wird,werden,AUX,ROOT,7799,wird
7800,dieser,dieser,PRON,sb,7799,wird
7801,niemals,niemals,ADV,mo,7802,fehlen
7802,fehlen,fehlen,VERB,oc,7799,wird
7803,",",--,PUNCT,punct,7802,fehlen
7804,wenn,wenn,SCONJ,cp,7808,sterbe
7805,ein,ein,DET,nk,7808,sterbe
7806,»,--,PUNCT,punct,7808,sterbe
7807,Ich,ich,PRON,sb,7808,sterbe
7808,sterbe,sterben,VERB,mo,7813,anführt
7809,und,und,CCONJ,cd,7808,sterbe
7810,mein,mein,DET,nk,7811,Leben
7811,Leben,Leben,NOUN,cj,7809,und
7812,«,--,PUNCT,punct,7808,sterbe
7813,anführt,anführen,VERB,mo,7802,fehlen
7814,.,--,PUNCT,punct,7799,wird
7815,Am,an,ADP,ROOT,7815,Am
7816,Morgen,Morgen,NOUN,nk,7815,Am
7817,",",--,PUNCT,punct,7816,Morgen
7818,als,als,SCONJ,cp,7824,kamen
7819,die,der,DET,nk,7820,Menschen
7820,Menschen,Mensch,NOUN,sb,7824,kamen
7821,wieder,wieder,ADV,mo,7824,kamen
7822,zu,zu,ADP,mo,7824,kamen
7823,sich,sich,PRON,nk,7822,zu
7824,kamen,kommen,VERB,mnr,7816,Morgen
7825,",",--,PUNCT,punct,7824,kamen
7826,was,wer,PRON,oa,7829,tat
7827,auch,auch,ADV,mo,7829,tat
7828,Stöcklein,Stöcklein,PROPN,sb,7829,tat
7829,tat,tun,VERB,mo,7824,kamen
7830,",",--,PUNCT,punct,7815,Am
7831,herrschte,herrschen,VERB,ROOT,7831,herrschte
7832,dennoch,dennoch,ADV,mo,7831,herrschte
7833,starker,stark,ADJ,nk,7834,Verdruß
7834,Verdruß,Verdruß,NOUN,sb,7831,herrschte
7835,.,--,PUNCT,punct,7831,herrschte
7836,So,so,ADV,mo,7837,hat
7837,hat,haben,AUX,oc,7841,sagte
7838,noch,noch,ADV,mo,7839,immer
7839,immer,immer,ADV,mo,7837,hat
7840,",",--,PUNCT,punct,7841,sagte
7841,sagte,sagen,VERB,ROOT,7841,sagte
7842,jeder,jede,PRON,sb,7841,sagte
7843,",",--,PUNCT,punct,7842,jeder
7844,56,56,NUM,dep,7842,jeder
7845,das,der,PRON,oa,7841,sagte
7846,verfluchte,verflucht,ADJ,nk,7847,Wehren
7847,Wehren,Wehren,NOUN,ROOT,7847,Wehren
7848,und,und,CCONJ,cd,7847,Wehren
7849,Siegen,siegen,NOUN,cj,7848,und
7850,kein,kein,DET,nk,7851,Ende
7851,Ende,Ende,NOUN,pd,7847,Wehren
7852,",",--,PUNCT,punct,7847,Wehren
7853,und,und,CCONJ,cd,7847,Wehren
7854,niemand,niemand,PRON,sb,7855,zieht
7855,zieht,ziehen,VERB,cj,7853,und
7856,einen,ein,DET,nk,7857,Kreuzer
7857,Kreuzer,Kreuzer,NOUN,oa,7855,zieht
7858,davon,davon,ADV,svp,7855,zieht
7859,.,--,PUNCT,punct,7847,Wehren
7860,Besonders,besonders,ADV,mo,7861,sah
7861,sah,sehen,VERB,ROOT,7861,sah
7862,der,der,DET,nk,7863,Buchhändler
7863,Buchhändler,Buchhändler,NOUN,sb,7861,sah
7864,aus,aus,ADP,svp,7861,sah
7865,wie,wie,ADP,cm,7867,Pfefferstrauch
7866,ein,ein,DET,nk,7867,Pfefferstrauch
7867,Pfefferstrauch,Pfefferstrauch,NOUN,mo,7861,sah
7868,oder,oder,CCONJ,cd,7867,Pfefferstrauch
7869,wie,wie,ADV,cm,7870,betrunken
7870,betrunken,betrunken,ADV,cj,7868,oder
7871,in,in,ADP,mo,7861,sah
7872,Wermutwein,Wermutwein,PROPN,ROOT,7872,Wermutwein
7873,;,--,PUNCT,punct,7872,Wermutwein
7874,denn,denn,CCONJ,ju,7876,mochte
7875,er,er,PRON,sb,7876,mochte
7876,mochte,mögen,VERB,ROOT,7876,mochte
7877,das,der,PRON,oa,7876,mochte
7878,",",--,PUNCT,punct,7877,das
7879,was,wer,PRON,oa,7881,fallen
7880,ich,ich,PRON,sb,7882,ließ
7881,fallen,fallen,VERB,oc,7882,ließ
7882,ließ,lassen,VERB,rc,7877,das
7883,",",--,PUNCT,punct,7876,mochte
7884,noch,noch,ADV,mo,7886,genau
7885,so,so,ADV,mo,7886,genau
7886,genau,genau,ADV,mo,7876,mochte
7887,zusammensummieren,zusammensummieren,VERB,re,7889,so
7888,",",--,PUNCT,punct,7889,so
7889,so,so,ADV,mo,7890,fand
7890,fand,finden,VERB,ROOT,7890,fand
7891,er,er,PRON,sb,7890,fand
7892,doch,doch,ADV,mo,7890,fand
7893,am,an,ADP,mo,7890,fand
7894,Ende,Ende,NOUN,nk,7893,am
7895,",",--,PUNCT,punct,7890,fand
7896,daß,daß,SCONJ,cp,7897,damit
7897,damit,damit,ADV,dep,7890,fand
7898,",",--,PUNCT,punct,7897,damit
7899,wenn,wenn,SCONJ,cp,7902,würde
7900,es,es,PRON,sb,7902,würde
7901,gedruckt,drucken,VERB,oc,7902,würde
7902,würde,werden,AUX,re,7897,damit
7903,",",--,PUNCT,punct,7897,damit
7904,nicht,nicht,PART,ng,7909,war
7905,einmal,einmal,ADV,mo,7904,nicht
7906,die,der,DET,nk,7907,Haferrechnung
7907,Haferrechnung,Haferrechnung,NOUN,sb,7909,war
7908,bezahlt,bezahlen,VERB,oc,7909,war
7909,war,sein,AUX,ROOT,7909,war
7910,.,--,PUNCT,punct,7909,war
7911,»,--,PUNCT,punct,7912,O
7912,O,O,PROPN,sb,7914,Götter
7913,ihr,ihr,DET,nk,7914,Götter
7914,Götter,Götter,NOUN,ROOT,7914,Götter
7915,",",--,PUNCT,punct,7914,Götter
7916,helft,helft,VERB,par,7914,Götter
7917,einem,einer,DET,nk,7916,helft
7918,Unschuldigen,Unschuldigen,NOUN,oc,7927,sagte
7919,doch,doch,ADV,mo,7918,Unschuldigen
7920,aus,aus,ADP,mo,7918,Unschuldigen
7921,diesem,dieser,DET,nk,7923,Kerker
7922,unglücklichen,unglücklich,ADJ,nk,7923,Kerker
7923,Kerker,Kerker,NOUN,nk,7920,aus
7924,heraus,heraus,ADV,svp,7918,Unschuldigen
7925,!,--,PUNCT,punct,7927,sagte
7926,«,--,PUNCT,punct,7927,sagte
7927,sagte,sagen,VERB,ROOT,7927,sagte
7928,er,er,PRON,sb,7927,sagte
7929,und,und,CCONJ,cd,7927,sagte
7930,sah,sehen,VERB,cj,7929,und
7931,himmelwärts,Himmelwärt,ADV,ROOT,7931,himmelwärts
7932,.,--,PUNCT,punct,7931,himmelwärts
7933,»,--,PUNCT,punct,7935,haben
7934,Sie,sie,PRON,sb,7935,haben
7935,haben,haben,VERB,oc,7939,sagte
7936,Sehnsucht,Sehnsucht,NOUN,oa,7935,haben
7937,",",--,PUNCT,punct,7939,sagte
7938,«,--,PUNCT,punct,7939,sagte
7939,sagte,sagen,VERB,ROOT,7939,sagte
7940,ich,ich,PRON,sb,7939,sagte
7941,und,und,CCONJ,cd,7939,sagte
7942,faßte,fassen,VERB,cj,7941,und
7943,die,der,DET,nk,7944,Rechte
7944,Rechte,Recht,NOUN,oa,7942,faßte
7945,",",--,PUNCT,punct,7944,Rechte
7946,die,der,PRON,sb,7948,in
7947,sonst,sonst,ADV,mo,7948,in
7948,in,in,ADP,rc,7944,Rechte
7949,der,der,DET,nk,7950,Tasche
7950,Tasche,Tasche,NOUN,nk,7948,in
7951,arbeitete,arbeiten,VERB,ROOT,7951,arbeitete
7952,.,--,PUNCT,punct,7951,arbeitete
7953,»,--,PUNCT,punct,7960,versetzte
7954,Oh,oh,PROPN,oa,7960,versetzte
7955,",",--,PUNCT,punct,7954,Oh
7956,wer,wer,PRON,sb,7957,nicht
7957,nicht,nicht,PART,ng,7960,versetzte
7958,",",--,PUNCT,punct,7960,versetzte
7959,«,--,PUNCT,punct,7960,versetzte
7960,versetzte,versetzen,VERB,oc,7972,sagte
7961,er,er,PRON,sb,7960,versetzte
7962,.,--,PUNCT,punct,7960,versetzte
7963,–,--,PUNCT,punct,7960,versetzte
7964,»,--,PUNCT,punct,7965,Daran
7965,Daran,daran,ADV,op,7966,erkenn
7966,erkenn,erkenn,ADV,mo,7960,versetzte
7967,',--,PUNCT,punct,7966,erkenn
7968,ich,ich,PRON,dep,7966,erkenn
7969,Sie,sie,PRON,oa,7960,versetzte
7970,",",--,PUNCT,punct,7972,sagte
7971,«,--,PUNCT,punct,7972,sagte
7972,sagte,sagen,VERB,ROOT,7972,sagte
7973,ich,ich,PRON,sb,7972,sagte
7974,",",--,PUNCT,punct,7972,sagte
7975,»,--,PUNCT,ROOT,7975,»
7976,oder,oder,CCONJ,ROOT,7976,oder
7977,vielmehr,vielmehr,ADV,mo,7981,Natur
7978,die,der,DET,nk,7981,Natur
7979,schönere,schön,ADJ,nk,7981,Natur
7980,höhere,hoch,ADJ,nk,7981,Natur
7981,Natur,Natur,NOUN,cj,7976,oder
7982,des,der,DET,nk,7983,Menschen
7983,Menschen,Mensch,NOUN,ag,7981,Natur
7984,;,--,PUNCT,punct,7976,oder
7985,bei,bei,ADP,mo,7987,Reichtum
7986,allem,alle,PRON,nk,7985,bei
7987,Reichtum,Reichtum,NOUN,ROOT,7987,Reichtum
7988,des,der,DET,ag,7987,Reichtum
7989,irdischen,irdisch,ADJ,nk,7990,Lebens
7990,Lebens,Leben,NOUN,oa,7991,sehnt
7991,sehnt,sehnen,VERB,ROOT,7991,sehnt
7992,er,er,PRON,sb,7991,sehnt
7993,sich,sich,PRON,oa,7991,sehnt
7994,nach,nach,ADP,mo,7991,sehnt
7995,einem,ein,DET,nk,7996,höheren
7996,höheren,hoch,ADJ,nk,7994,nach
7997,und,und,CCONJ,cd,7996,höheren
7998,durstet,durstet,VERB,cj,7997,und
7999,und,und,CCONJ,cd,7994,nach
8000,verdurstet,verdursten,VERB,cj,7999,und
8001,",",--,PUNCT,punct,7991,sehnt
8002,so,so,ADV,ROOT,8002,so
8003,wie,wie,ADP,cm,8004,auf
8004,auf,auf,ADP,mo,8010,verdursten
8005,dem,der,DET,nk,8007,Meere
8006,wasserreichen,wasserreich,ADJ,nk,8007,Meere
8007,Meere,Meere,NOUN,nk,8004,auf
8008,mehr,mehr,DET,nk,8009,Menschen
8009,Menschen,Mensch,NOUN,sb,8010,verdursten
8010,verdursten,verdursen,VERB,cc,8002,so
8011,als,als,ADP,cm,8012,auf
8012,auf,auf,ADP,cc,8004,auf
8013,dem,der,DET,nk,8012,auf
8014,trocknen,trocknen,VERB,ROOT,8014,trocknen
8015,.,--,PUNCT,punct,8014,trocknen
8016,Sogar,sogar,ADV,mo,8017,im
8017,im,in,ADP,mo,8019,treibt
8018,irdischen,irdisch,ADJ,nk,8017,im
8019,treibt,treiben,VERB,ROOT,8019,treibt
8020,der,der,DET,nk,8021,Mensch
8021,Mensch,Mensch,NOUN,sb,8019,treibt
8022,sein,sein,DET,nk,8023,Sehnen
8023,Sehnen,sehnen,NOUN,oa,8019,treibt
8024,noch,noch,ADV,mo,8019,treibt
8025,fort,fort,ADV,svp,8019,treibt
8026,und,und,CCONJ,cd,8019,treibt
8027,schmachtet,schmachten,VERB,ROOT,8027,schmachtet
8028,",",--,PUNCT,punct,8027,schmachtet
8029,auf,auf,ADP,mo,8031,springend
8030,Silberstangen,Silberstang,NOUN,nk,8029,auf
8031,springend,springend,ADV,mo,8027,schmachtet
8032,",",--,PUNCT,punct,8027,schmachtet
8033,nach,nach,ADP,mo,8027,schmachtet
8034,einer,ein,DET,nk,8035,Goldstange
8035,Goldstange,Goldstange,NOUN,nk,8033,nach
8036,.,--,PUNCT,punct,8027,schmachtet
8037,«,--,PUNCT,ROOT,8037,«
8038,Ich,ich,PRON,sb,8039,drückte
8039,drückte,drücken,VERB,ROOT,8039,drückte
8040,die,der,DET,nk,8041,Stöckleinsche
8041,Stöckleinsche,Stöckleinsche,NOUN,ROOT,8041,Stöckleinsche
8042,Hand,Hand,NOUN,nk,8041,Stöckleinsche
8043,recht,recht,ADV,mo,8044,57
8044,57,57,NUM,nk,8041,Stöckleinsche
8045,herzlich,herzlich,ADV,pd,8041,Stöckleinsche
8046,",",--,PUNCT,punct,8045,herzlich
8047,welche,welcher,PRON,sb,8052,sehnte
8048,sich,sich,PRON,oa,8052,sehnte
8049,nach,nach,ADP,mo,8052,sehnte
8050,nichts,nichts,PRON,nk,8049,nach
8051,so,so,ADV,mo,8052,sehnte
8052,sehnte,sehnt,VERB,rc,8041,Stöckleinsche
8053,als,als,ADP,rc,8041,Stöckleinsche
8054,nach,nach,ADP,ROOT,8054,nach
8055,der,der,DET,nk,8056,Tasche
8056,Tasche,Tasche,NOUN,nk,8054,nach
8057,;,--,PUNCT,punct,8054,nach
8058,er,er,PRON,sb,8059,wußte
8059,wußte,wissen,VERB,ROOT,8059,wußte
8060,aber,aber,ADV,mo,8059,wußte
8061,nicht,nicht,PART,ng,8059,wußte
8062,",",--,PUNCT,punct,8059,wußte
8063,wie,wie,SCONJ,cm,8066,Liebesbund
8064,ein,ein,DET,nk,8066,Liebesbund
8065,solcher,solcher,DET,nk,8066,Liebesbund
8066,Liebesbund,Liebesbund,NOUN,mo,8059,wußte
8067,schicklich,schicklich,ADV,mo,8059,wußte
8068,genug,genug,PRON,mo,8070,zerreißen
8069,zu,zu,PART,pm,8070,zerreißen
8070,zerreißen,zerreißen,VERB,oc,8071,sei
8071,sei,sein,AUX,ROOT,8071,sei
8072,zum,zu,ADP,mo,8070,zerreißen
8073,Nachschreiben,nachschreiben,NOUN,nk,8072,zum
8074,.,--,PUNCT,punct,8071,sei
8075,»,--,PUNCT,ROOT,8075,»
8076,Nun,nun,ADV,mo,8078,was
8077,",",--,PUNCT,punct,8076,Nun
8078,was,was,PRON,ROOT,8078,was
8079,uns,uns,PRON,da,8080,mit
8080,mit,mit,ADP,mnr,8078,was
8081,jedem,jeder,DET,nk,8082,Heere
8082,Heere,Heer,NOUN,nk,8080,mit
8083,mehr,mehr,ADV,mo,8080,mit
8084,geschlagene,geschlagen,ADJ,nk,8085,Buchhändler
8085,Buchhändler,Buchhändler,NOUN,sb,8086,betrifft
8086,betrifft,betreffen,VERB,oc,8089,versetzte
8087,«,--,PUNCT,punct,8086,betrifft
8088,–,--,PUNCT,punct,8089,versetzte
8089,versetzte,versetzen,VERB,ROOT,8089,versetzte
8090,er,er,PRON,sb,8089,versetzte
8091,mit,mit,ADP,mo,8089,versetzte
8092,einem,ein,DET,nk,8094,Lächeln
8093,weinerlichen,weinerlich,ADJ,nk,8094,Lächeln
8094,Lächeln,lächeln,NOUN,nk,8091,mit
8095,und,und,CCONJ,ju,8103,wissen
8096,mit,mit,ADP,mo,8099,ohnegleichen
8097,einem,ein,DET,nk,8098,Ton
8098,Ton,Ton,NOUN,nk,8096,mit
8099,ohnegleichen,ohnegleichen,ADV,mo,8103,wissen
8100,–,--,PUNCT,punct,8103,wissen
8101,»,--,PUNCT,punct,8102,so
8102,so,so,ADV,mo,8103,wissen
8103,wissen,wissen,VERB,ROOT,8103,wissen
8104,wir,wir,PRON,sb,8103,wissen
8105,nicht,nicht,PART,ng,8108,Silberstangen
8106,einmal,einmal,ADV,mo,8105,nicht
8107,von,von,ADP,op,8103,wissen
8108,Silberstangen,Silberstang,NOUN,nk,8107,von
8109,etwas,etwas,PRON,pd,8114,wäre
8110,(,--,PUNCT,punct,8114,wäre
8111,ach,ach,ADV,dm,8114,wäre
8112,",",--,PUNCT,punct,8114,wäre
8113,damit,damit,ADV,mo,8114,wäre
8114,wäre,sein,AUX,ROOT,8114,wäre
8115,jedes,jeder,DET,nk,8116,Handlungshaus
8116,Handlungshaus,Handlungshau,NOUN,sb,8114,wäre
8117,zufrieden,zufrieden,ADV,pd,8114,wäre
8118,):,):,PUNCT,punct,8114,wäre
8119,an,an,ADP,mo,8121,hängen
8120,Leinestangen,Leinestangen,NOUN,nk,8119,an
8121,hängen,hängen,VERB,oc,8114,wäre
8122,wir,wir,PRON,sb,8123,gerupft
8123,gerupft,rupfen,VERB,ROOT,8123,gerupft
8124,oder,oder,CCONJ,cd,8123,gerupft
8125,an,an,ADP,mo,8127,schwarz
8126,Räucherstangen,Räucherstangen,NOUN,nk,8125,an
8127,schwarz,schwarz,ADV,mo,8128,vor
8128,vor,vor,ADP,mo,8123,gerupft
8129,Ärger,Ärger,NOUN,nk,8128,vor
8130,.,--,PUNCT,punct,8123,gerupft
8131,«,--,PUNCT,ROOT,8131,«
8132,Niemand,niemand,PRON,sb,8133,wundere
8133,wundere,wundern,VERB,ROOT,8133,wundere
8134,sich,sich,PRON,oa,8133,wundere
8135,über,über,ADP,mo,8140,erstlich
8136,des,der,DET,nk,8138,Witz
8137,Mannes,Mann,NOUN,nk,8138,Witz
8138,Witz,Witz,NOUN,nk,8135,über
8139,:,--,PUNCT,punct,8141,ist
8140,erstlich,erstlich,ADV,pd,8141,ist
8141,ist,sein,AUX,ROOT,8141,ist
8142,",",--,PUNCT,punct,8141,ist
8143,wie,wie,SCONJ,mo,8148,ersieht
8144,man,man,PRON,sb,8148,ersieht
8145,aus,aus,ADP,mo,8148,ersieht
8146,allen,aller,DET,nk,8147,Streitschriften
8147,Streitschriften,Streitschrift,NOUN,nk,8145,aus
8148,ersieht,ersiehen,VERB,sb,8141,ist
8149,",",--,PUNCT,punct,8141,ist
8150,nichts,nichts,PRON,mo,8151,leichter
8151,leichter,leicht,ADV,pd,8160,spricht
8152,",",--,PUNCT,punct,8151,leichter
8153,als,als,ADP,cm,8157,fortzusetzen
8154,eine,ein,DET,nk,8156,Allegorie
8155,gegebene,gegeben,ADJ,nk,8156,Allegorie
8156,Allegorie,Allegorie,NOUN,oa,8157,fortzusetzen
8157,fortzusetzen,fortsetzen,VERB,cc,8151,leichter
8158,",",--,PUNCT,punct,8160,spricht
8159,zweitens,zweitens,ADV,mo,8160,spricht
8160,spricht,sprechen,VERB,ROOT,8160,spricht
8161,jeder,jeder,PRON,ROOT,8161,jeder
8162,über,über,ADP,mnr,8161,jeder
8163,sein,sein,DET,nk,8165,Fach
8164,eigenes,eigen,ADJ,nk,8165,Fach
8165,Fach,Fach,NOUN,nk,8162,über
8166,am,am,PART,pm,8167,leichtesten
8167,leichtesten,leichtesten,ADV,mo,8161,jeder
8168,mit,mit,ADP,mo,8161,jeder
8169,Anspielungen,Anspielung,NOUN,nk,8168,mit
8170,.,--,PUNCT,punct,8161,jeder
8171,»,--,PUNCT,punct,8173,ist
8172,So,so,ADV,mo,8173,ist
8173,ist,sein,AUX,oc,8181,sagte
8174,der,der,DET,nk,8175,Mensch
8175,Mensch,Mensch,NOUN,sb,8173,ist
8176,und,und,CCONJ,cd,8175,Mensch
8177,Sie,sie,PRON,cj,8176,und
8178,dazu,dazu,ADV,pd,8173,ist
8179,«,--,PUNCT,punct,8173,ist
8180,–,--,PUNCT,punct,8181,sagte
8181,sagte,sagen,VERB,ROOT,8181,sagte
8182,ich,ich,PRON,sb,8181,sagte
8183,–,--,PUNCT,punct,8181,sagte
8184,»,--,PUNCT,punct,8173,ist
8185,die,der,DET,nk,8186,Weltgeschichte
8186,Weltgeschichte,Weltgeschichte,NOUN,oa,8181,sagte
8187,und,und,CCONJ,cd,8186,Weltgeschichte
8188,die,der,DET,cj,8187,und
8189,Weltkarte,Weltkarte,NOUN,oa,8190,entwirft
8190,entwirft,entwerfen,VERB,ROOT,8190,entwirft
8191,er,er,PRON,sb,8190,entwirft
8192,bloß,bloß,ADV,mo,8193,nach
8193,nach,nach,ADP,mo,8190,entwirft
8194,den,der,DET,nk,8195,Zwecken
8195,Zwecken,Zweck,NOUN,nk,8193,nach
8196,und,und,CCONJ,cd,8195,Zwecken
8197,Gängen,Gäng,NOUN,cj,8196,und
8198,seines,sein,DET,nk,8200,Lebens
8199,kleinen,klein,ADJ,nk,8200,Lebens
8200,Lebens,Leben,NOUN,ag,8195,Zwecken
8201,",",--,PUNCT,punct,8190,entwirft
8202,wie,wie,SCONJ,mo,8213,bezeichnet
8203,der,der,DET,nk,8204,Schiffer
8204,Schiffer,Schiffer,NOUN,sb,8213,bezeichnet
8205,aus,aus,ADP,mo,8213,bezeichnet
8206,seinen,sein,DET,nk,8207,Karten
8207,Karten,Karte,NOUN,nk,8205,aus
8208,alle,aller,DET,nk,8209,Weltteile
8209,Weltteile,Weltteil,NOUN,oa,8213,bezeichnet
8210,als,als,ADP,mo,8213,bezeichnet
8211,leere,leer,ADJ,nk,8212,Räume
8212,Räume,Raum,NOUN,nk,8210,als
8213,bezeichnet,bezeichnen,VERB,ROOT,8213,bezeichnet
8214,und,und,CCONJ,ju,8222,hinstellt
8215,nur,nur,ADV,mo,8216,Klippen
8216,Klippen,Klippe,NOUN,oa,8222,hinstellt
8217,",",--,PUNCT,punct,8216,Klippen
8218,Meere,Meer,NOUN,cj,8216,Klippen
8219,usw.,usw.,ADV,mo,8218,Meere
8220,als,als,ADP,mo,8222,hinstellt
8221,volle,voll,ADJ,nk,8220,als
8222,hinstellt,hinstellen,VERB,ROOT,8222,hinstellt
8223,.,--,PUNCT,punct,8222,hinstellt
8224,Daher,daher,ADV,mo,8225,will
8225,will,wollen,AUX,ROOT,8225,will
8226,der,der,DET,nk,8227,Mensch
8227,Mensch,Mensch,NOUN,sb,8225,will
8228,stets,stets,ADV,mo,8225,will
8229,das,der,DET,nk,8230,Alte
8230,Alte,alte,NOUN,ROOT,8230,Alte
8231,",",--,PUNCT,punct,8230,Alte
8232,was,wer,PRON,sb,8240,einfügt
8233,sich,sich,PRON,oa,8240,einfügt
8234,58,58,NUM,sb,8240,einfügt
8235,immer,immer,ADV,mo,8236,leichter
8236,leichter,leicht,ADV,mo,8240,einfügt
8237,in,in,ADP,mo,8240,einfügt
8238,seine,sein,DET,nk,8239,Spekulationen
8239,Spekulationen,Spekulation,NOUN,nk,8237,in
8240,einfügt,einfügen,VERB,rc,8230,Alte
8241,als,als,ADP,cm,8242,das
8242,das,der,DET,cc,8230,Alte
8243,Neue,neue,NOUN,ROOT,8243,Neue
8244,;,--,PUNCT,punct,8243,Neue
8245,jeder,jeder,DET,nk,8246,Gebrauch
8246,Gebrauch,Gebrauch,NOUN,sb,8247,soll
8247,soll,sollen,AUX,oc,8253,sagte
8248,seine,sein,DET,nk,8249,Silberhochzeit
8249,Silberhochzeit,Silberhochzeit,NOUN,oa,8250,feiern
8250,feiern,feiern,VERB,oc,8247,soll
8251,",",--,PUNCT,punct,8253,sagte
8252,«,--,PUNCT,punct,8253,sagte
8253,sagte,sagen,VERB,ROOT,8253,sagte
8254,er,er,PRON,sb,8253,sagte
8255,",",--,PUNCT,punct,8253,sagte
8256,»,--,PUNCT,punct,8253,sagte
8257,wenn,wenn,SCONJ,dep,8253,sagte
8258,auch,auch,ADV,mo,8257,wenn
8259,Bleihochzeiten,Bleihochzeit,NOUN,sb,8263,werden
8260,und,und,CCONJ,cd,8259,Bleihochzeiten
8261,Arsenikhochzeiten,Arsenikhochzeit,NOUN,cj,8260,und
8262,daraus,daraus,ADV,mnr,8259,Bleihochzeiten
8263,werden,werden,AUX,ROOT,8263,werden
8264,.,--,PUNCT,punct,8263,werden
8265,Aus,aus,ADP,mo,8268,halte
8266,diesem,dieser,DET,nk,8267,Grunde
8267,Grunde,Grund,NOUN,nk,8265,Aus
8268,halte,halten,VERB,ROOT,8268,halte
8269,ich,ich,PRON,sb,8268,halte
8270,den,der,DET,nk,8272,Patriotismus
8271,deutschen,deutsch,ADJ,nk,8272,Patriotismus
8272,Patriotismus,Patriotismus,NOUN,ROOT,8272,Patriotismus
8273,",",--,PUNCT,punct,8272,Patriotismus
8274,den,der,PRON,nk,8277,gemeine
8275,so,so,ADV,mo,8276,viele
8276,viele,vieler,DET,nk,8277,gemeine
8277,gemeine,Gemein,NOUN,cj,8272,Patriotismus
8278,",",--,PUNCT,punct,8277,gemeine
8279,ums,um,ADP,cj,8277,gemeine
8280,Vaterland,Vaterland,NOUN,nk,8279,ums
8281,ganz,ganz,ADV,mo,8272,Patriotismus
8282,unbekümmerte,unbekümmert,ADJ,nk,8283,Seelen
8283,Seelen,Seele,NOUN,sb,8286,wollen
8284,jetzt,jetzt,ADV,mo,8285,zeigen
8285,zeigen,zeigen,VERB,oc,8286,wollen
8286,wollen,wollen,AUX,ROOT,8286,wollen
8287,",",--,PUNCT,punct,8286,wollen
8288,mehr,mehr,PRON,dep,8286,wollen
8289,für,für,ADP,mo,8286,wollen
8290,einen,ein,DET,nk,8291,warmen
8291,warmen,Warm,ADJ,nk,8289,für
8292,Privatpatriotismus,Privatpatriotismus,NOUN,ROOT,8292,Privatpatriotismus
8293,",",--,PUNCT,punct,8292,Privatpatriotismus
8294,den,der,DET,nk,8296,Seelen
8295,gedachte,gedacht,ADJ,nk,8296,Seelen
8296,Seelen,Seele,NOUN,oa,8301,haben
8297,für,für,ADP,mnr,8296,Seelen
8298,ihre,ihr,DET,nk,8300,Person
8299,eigene,eigen,ADJ,nk,8300,Person
8300,Person,Person,NOUN,nk,8297,für
8301,haben,haben,VERB,oc,8292,Privatpatriotismus
8302,",",--,PUNCT,punct,8301,haben
8303,weil,weil,SCONJ,punct,8292,Privatpatriotismus
8304,sie,sie,PRON,dep,8292,Privatpatriotismus
8305,(,--,PUNCT,punct,8308,dünkt
8306,und,und,CCONJ,ju,8308,dünkt
8307,mich,mich,PRON,sb,8308,dünkt
8308,dünkt,dünken,VERB,ROOT,8308,dünkt
8309,",",--,PUNCT,punct,8308,dünkt
8310,nicht,nicht,PART,ng,8311,unphilosophisch
8311,unphilosophisch,unphilosophisch,ADV,mo,8308,dünkt
8312,),--,PUNCT,punct,8308,dünkt
8313,alles,alle,PRON,ROOT,8313,alles
8314,(,--,PUNCT,punct,8315,omnia
8315,omnia,omnia,PROPN,par,8313,alles
8316,secum,secum,VERB,nk,8315,omnia
8317,portantes,portant,ADJ,uc,8315,omnia
8318,),--,PUNCT,punct,8315,omnia
8319,und,und,CCONJ,cd,8313,alles
8320,folglich,folglich,ADV,mo,8323,Vaterland
8321,auch,auch,ADV,mo,8323,Vaterland
8322,das,der,DET,nk,8323,Vaterland
8323,Vaterland,Vaterland,NOUN,sb,8326,tragen
8324,bei,bei,ADP,mo,8326,tragen
8325,sich,sich,PRON,nk,8324,bei
8326,tragen,tragen,VERB,ROOT,8326,tragen
8327,.,--,PUNCT,punct,8326,tragen
8328,Schön,schön,ADV,pd,8329,ist
8329,ist,sein,AUX,ROOT,8329,ist
8330,es,es,PRON,sb,8329,ist
8331,wohl,wohl,ADV,mo,8329,ist
8332,;,--,PUNCT,punct,8329,ist
8333,es,es,PRON,ep,8334,gibt
8334,gibt,geben,VERB,ROOT,8334,gibt
8335,dem,der,PRON,da,8334,gibt
8336,Leichenzuge,Leichenzug,NOUN,ROOT,8336,Leichenzuge
8337,des,der,DET,nk,8339,Vaterlandes
8338,betrauerten,betrauert,ADJ,nk,8339,Vaterlandes
8339,Vaterlandes,Vaterland,NOUN,ag,8336,Leichenzuge
8340,mehr,mehr,DET,nk,8341,Ansehen
8341,Ansehen,ansehen,NOUN,oa,8336,Leichenzuge
8342,",",--,PUNCT,punct,8336,Leichenzuge
8343,wenn,wenn,SCONJ,cp,8346,Seelen
8344,auch,auch,ADV,mo,8346,Seelen
8345,niedrige,niedrig,ADJ,nk,8346,Seelen
8346,Seelen,Seele,NOUN,mo,8336,Leichenzuge
8347,schwarz,schwarz,ADV,mo,8348,mitgehen
8348,mitgehen,mitgehen,VERB,ROOT,8348,mitgehen
8349,;,--,PUNCT,punct,8348,mitgehen
8350,so,so,ADV,mo,8351,sind
8351,sind,sein,AUX,ROOT,8351,sind
8352,bei,bei,ADP,mo,8351,sind
8353,vornehmen,vornehm,ADJ,nk,8354,Leichenbegängnissen
8354,Leichenbegängnissen,Leichenbegängnisse,NOUN,nk,8352,bei
8355,nicht,nicht,PART,ng,8356,nur
8356,nur,nur,ADV,mo,8351,sind
8357,die,der,DET,dep,8351,sind
8358,Menschen,Mensch,NOUN,sb,8368,ziehen
8359,überflort,überflort,ADV,mo,8368,ziehen
8360,",",--,PUNCT,punct,8359,überflort
8361,sondern,sondern,CCONJ,cd,8359,überflort
8362,auch,auch,ADV,mo,8367,Pferde
8363,die,der,DET,nk,8367,Pferde
8364,kalten,kalt,ADJ,nk,8367,Pferde
8365,",",--,PUNCT,punct,8364,kalten
8366,festen,fest,ADJ,cj,8364,kalten
8367,Pferde,Pferd,NOUN,cj,8361,sondern
8368,ziehen,ziehen,VERB,ROOT,8368,ziehen
8369,in,in,ADP,mo,8368,ziehen
8370,Trauerfloren,Trauerflor,NOUN,ROOT,8370,Trauerfloren
8371,mit,mit,ADP,mo,8370,Trauerfloren
8372,.,--,PUNCT,punct,8370,Trauerfloren
8373,.,--,PUNCT,punct,8370,Trauerfloren
8374,.,--,PUNCT,ROOT,8374,.
8375,Apropos,apropos,ADV,mo,8377,Stöcklein
8376,",",--,PUNCT,punct,8377,Stöcklein
8377,Stöcklein,Stöcklein,NOUN,ROOT,8377,Stöcklein
8378,",",--,PUNCT,punct,8377,Stöcklein
8379,in,in,ADP,mo,8382,mache
8380,dieser,dieser,DET,nk,8381,Nacht
8381,Nacht,Nacht,NOUN,nk,8379,in
8382,mache,machen,VERB,oc,8377,Stöcklein
8383,ich,ich,PRON,sb,8382,mache
8384,",",--,PUNCT,punct,8382,mache
8385,daß,daß,SCONJ,ROOT,8385,daß
8386,die,der,DET,ROOT,8386,die
8387,Belagerung,Belagerung,NOUN,sb,8388,übermorgen
8388,übermorgen,übermorgen,ADV,mo,8391,hat
8389,ein,ein,DET,nk,8390,Ende
8390,Ende,Ende,NOUN,oa,8391,hat
8391,hat,haben,VERB,ROOT,8391,hat
8392,«,--,PUNCT,punct,8391,hat
8393,.,--,PUNCT,punct,8391,hat
8394,.,--,PUNCT,punct,8391,hat
8395,.,--,PUNCT,punct,8391,hat
8396,Stöcklein,Stöcklein,PROPN,sb,8397,wollte
8397,wollte,wollen,AUX,ROOT,8397,wollte
8398,fragen,fragen,VERB,oc,8397,wollte
8399,und,und,CCONJ,cd,8398,fragen
8400,herausholen,Heraushole,NOUN,cj,8399,und
8401,–,--,PUNCT,punct,8398,fragen
8402,ja,ja,ADV,mo,8403,jubeln
8403,jubeln,jubeln,VERB,cj,8400,herausholen
8404,–,--,PUNCT,punct,8398,fragen
8405,ich,ich,PRON,sb,8407,sagte
8406,aber,aber,ADV,mo,8407,sagte
8407,sagte,sagen,VERB,rc,8397,wollte
8408,",",--,PUNCT,punct,8407,sagte
8409,jeder,jeder,PRON,dep,8397,wollte
8410,Mensch,Mensch,NOUN,sb,8411,erwarte
8411,erwarte,erwarten,VERB,ROOT,8411,erwarte
8412,die,der,DET,nk,8413,Nacht
8413,Nacht,Nacht,NOUN,oa,8411,erwarte
8414,!,--,PUNCT,punct,8411,erwarte
8415,59,59,NUM,nk,8416,Ich
8416,Ich,ich,PRON,sb,8417,überspringe
8417,überspringe,überspringen,VERB,ROOT,8417,überspringe
8418,",",--,PUNCT,punct,8417,überspringe
8419,wie,wie,ADP,cm,8420,immer
8420,immer,immer,ADV,mo,8423,Kriegsvorfälle
8421,",",--,PUNCT,punct,8420,immer
8422,kleine,klein,ADJ,nk,8423,Kriegsvorfälle
8423,Kriegsvorfälle,Kriegsvorfälle,NOUN,oc,8417,überspringe
8424,",",--,PUNCT,punct,8423,Kriegsvorfälle
8425,welche,welcher,PRON,app,8423,Kriegsvorfälle
8426,dem,der,DET,nk,8427,guten
8427,guten,gut,ADJ,da,8425,welche
8428,Buchhändler,Buchhändler,NOUN,ROOT,8428,Buchhändler
8429,",",--,PUNCT,punct,8428,Buchhändler
8430,der,der,PRON,sb,8439,will
8431,im,in,ADP,mo,8438,sein
8432,»,--,PUNCT,punct,8433,Museum
8433,Museum,Museum,NOUN,nk,8431,im
8434,«,--,PUNCT,punct,8433,Museum
8435,vollständig,vollständig,ADV,pd,8438,sein
8436,und,und,CCONJ,cd,8435,vollständig
8437,neu,neu,ADV,cj,8436,und
8438,sein,sein,AUX,oc,8439,will
8439,will,wollen,AUX,rc,8428,Buchhändler
8440,",",--,PUNCT,punct,8428,Buchhändler
8441,vor,vor,ADP,mo,8428,Buchhändler
8442,dem,der,PRON,nk,8441,vor
8443,Munde,Mund,NOUN,par,8428,Buchhändler
8444,wegzuraffen,wegzuraffen,VERB,ROOT,8444,wegzuraffen
8445,ein,ein,DET,nk,8448,Kirchendiebstahl
8446,Haus-,Haus,X,cj,8447,und
8447,und,und,CCONJ,cd,8448,Kirchendiebstahl
8448,Kirchendiebstahl,Kirchendiebstahl,NOUN,sb,8449,wäre
8449,wäre,sein,AUX,oc,8444,wegzuraffen
8450,.,--,PUNCT,punct,8444,wegzuraffen
8451,Nachts,nachts,ADV,mo,8452,nach
8452,nach,nach,ADP,mo,8455,stieg
8453,den,der,DET,nk,8454,Nachtandachten
8454,Nachtandachten,Nachtandacht,NOUN,nk,8452,nach
8455,stieg,steigen,VERB,ROOT,8455,stieg
8456,ich,ich,PRON,sb,8455,stieg
8457,",",--,PUNCT,punct,8455,stieg
8458,während,während,SCONJ,mo,8455,stieg
8459,der,der,DET,nk,8460,Prediger
8460,Prediger,Prediger,NOUN,nk,8458,während
8461,von,von,ADP,pg,8460,Prediger
8462,der,der,DET,nk,8463,Kanzel
8463,Kanzel,Kanzel,PROPN,nk,8461,von
8464,herabging,Herabging,PROPN,ROOT,8464,herabging
8465,",",--,PUNCT,punct,8464,herabging
8466,dieselbe,derselbe,PROPN,nk,8467,hinauf
8467,hinauf,hinauf,ADV,cj,8464,herabging
8468,",",--,PUNCT,punct,8467,hinauf
8469,wir,wir,PRON,sb,8470,grüßten
8470,grüßten,grüßt,ADJ,oc,8467,hinauf
8471,uns,sich,PRON,oa,8472,im
8472,im,in,ADP,mo,8470,grüßten
8473,Begegnen,Begegn,NOUN,nk,8472,im
8474,",",--,PUNCT,punct,8464,herabging
8475,und,und,CCONJ,cd,8464,herabging
8476,ich,ich,PRON,sb,8477,fing
8477,fing,fing,VERB,cj,8475,und
8478,oben,oben,ADV,mo,8477,fing
8479,an,an,ADP,svp,8477,fing
8480,–,--,PUNCT,punct,8477,fing
8481,aber,aber,CCONJ,ROOT,8481,aber
8482,fast,fast,ADV,mo,8483,gestört
8483,gestört,stören,VERB,cj,8481,aber
8484,durch,durch,ADP,mo,8483,gestört
8485,den,der,DET,nk,8487,Buchhändler
8486,einfältigen,einfältig,ADJ,nk,8487,Buchhändler
8487,Buchhändler,Buchhändler,NOUN,nk,8484,durch
8488,",",--,PUNCT,punct,8487,Buchhändler
8489,der,der,PRON,sb,8491,im
8490,unten,unten,ADV,mo,8491,im
8491,im,in,ADP,rc,8487,Buchhändler
8492,Beichtstuhle,Beichtstuhle,NOUN,nk,8491,im
8493,saß,sitzen,VERB,ROOT,8493,saß
8494,mit,mit,ADP,mo,8493,saß
8495,Feder,Feder,NOUN,nk,8494,mit
8496,und,und,CCONJ,cd,8495,Feder
8497,Tinte,Tinte,NOUN,cj,8496,und
8498,:,--,PUNCT,punct,8493,saß
8499,»,--,PUNCT,punct,8502,sehen
8500,Euer,Euer,ADJ,nk,8501,Exzellenz
8501,Exzellenz,Exzellenz,NOUN,sb,8502,sehen
8502,sehen,sehen,VERB,ROOT,8502,sehen
8503,gütigst,Gütigst,ADV,mo,8502,sehen
8504,nach,nach,ADP,svp,8502,sehen
8505,",",--,PUNCT,punct,8502,sehen
8506,daß,daß,SCONJ,cp,8508,Fremdling
8507,ein,ein,DET,nk,8508,Fremdling
8508,Fremdling,Fremdling,NOUN,sb,8502,sehen
8509,",",--,PUNCT,punct,8508,Fremdling
8510,jedoch,jedoch,ADV,mo,8512,Legationsrat
8511,ein,ein,DET,nk,8512,Legationsrat
8512,Legationsrat,Legationsrat,NOUN,app,8508,Fremdling
8513,hier,hier,ADV,mo,8520,hält
8514,auf,auf,ADP,mo,8520,hält
8515,der,der,DET,nk,8516,Kanzel
8516,Kanzel,Kanzel,NOUN,nk,8514,auf
8517,eine,ein,DET,nk,8519,Friedenspredigt
8518,mündliche,mündlich,ADJ,nk,8519,Friedenspredigt
8519,Friedenspredigt,Friedenspredigt,NOUN,oa,8520,hält
8520,hält,halten,VERB,ROOT,8520,hält
8521,",",--,PUNCT,punct,8520,hält
8522,wie,wie,SCONJ,mo,8525,gedruckte
8523,er,er,PRON,sb,8525,gedruckte
8524,eine,ein,DET,nk,8525,gedruckte
8525,gedruckte,gedruckt,ADJ,mo,8520,hält
8526,an,an,ADP,mo,8529,gehalten
8527,Deutschland,Deutschland,PROPN,nk,8526,an
8528,selbst,selbst,ADV,mnr,8527,Deutschland
8529,gehalten,halten,VERB,ROOT,8529,gehalten
8530,",",--,PUNCT,punct,8529,gehalten
8531,wiewohl,wiewohl,SCONJ,cp,8535,Festung
8532,in,in,ADP,mo,8531,wiewohl
8533,diesem,dieser,DET,nk,8532,in
8534,die,der,DET,nk,8535,Festung
8535,Festung,Festung,NOUN,mo,8529,gehalten
8536,Ziebingen,Ziebing,NOUN,ROOT,8536,Ziebingen
8537,eigentlich,eigentlich,ADV,mo,8539,steckt
8538,mit,mit,ADV,mo,8539,steckt
8539,steckt,stecken,VERB,ROOT,8539,steckt
8540,.,--,PUNCT,punct,8539,steckt
8541,Mußte,Müssen,AUX,ROOT,8541,Mußte
8542,nicht,nicht,PART,ng,8541,Mußte
8543,in,in,ADP,mo,8541,Mußte
8544,Venedig,Venedig,PROPN,nk,8543,in
8545,oder,oder,CCONJ,cd,8543,in
8546,sonst,sonst,ADV,cj,8545,oder
8547,sogar,sogar,ADV,mo,8546,sonst
8548,der,der,DET,ROOT,8548,der
8549,Generalissimus,Generalissimus,NOUN,ROOT,8549,Generalissimus
8550,selber,selber,ADV,mo,8549,Generalissimus
8551,ein,ein,DET,nk,8552,Ausländer
8552,Ausländer,Ausländer,NOUN,pd,8553,sein
8553,sein,sein,AUX,oc,8549,Generalissimus
8554,",",--,PUNCT,punct,8553,sein
8555,wie,wie,SCONJ,cm,8556,in
8556,in,in,ADP,mo,8553,sein
8557,St.,St.,PROPN,pnc,8558,Marino
8558,Marino,Marino,PROPN,nk,8556,in
8559,der,der,DET,nk,8560,Richter
8560,Richter,Richter,NOUN,ag,8558,Marino
8561,?,--,PUNCT,punct,8549,Generalissimus
8562,Und,und,CCONJ,ROOT,8562,Und
8563,wie,wie,ADV,mo,8564,wenig
8564,wenig,wenig,PRON,pd,8565,ist
8565,ist,sein,AUX,ROOT,8565,ist
8566,dagegen,dagegen,ADV,mo,8565,ist
8567,der,der,DET,nk,8568,Prediger
8568,Prediger,Prediger,NOUN,sb,8565,ist
8569,!,--,PUNCT,punct,8565,ist
8570,»,--,PUNCT,punct,8572,schlage
8571,Ich,ich,PRON,sb,8572,schlage
8572,schlage,schlagen,VERB,ROOT,8572,schlage
8573,hier,hier,ADV,mo,8572,schlage
8574,Friedensinstrumente,Friedensinstrument,NOUN,oa,8572,schlage
8575,vor,vor,ADP,svp,8572,schlage
8576,und,und,CCONJ,cd,8575,vor
8577,vorher,vorher,ADV,mo,8578,Friedenspräliminarien
8578,Friedenspräliminarien,Friedenspräliminarie,NOUN,cj,8576,und
8579,.,--,PUNCT,punct,8572,schlage
8580,Unentbehrlich,unentbehrlich,ADV,pd,8581,sind
8581,sind,sein,AUX,ROOT,8581,sind
8582,sie,sie,PRON,sb,8581,sind
8583,nicht,nicht,PART,ng,8581,sind
8584,",",--,PUNCT,punct,8581,sind
8585,sondern,sondern,CCONJ,cd,8581,sind
8586,entbehrlich,entbehrlich,ADV,cj,8585,sondern
8587,.,--,PUNCT,punct,8581,sind
8588,Ich,ich,PRON,sb,8589,habe
8589,habe,haben,AUX,ROOT,8589,habe
8590,gesehen,sehen,VERB,oc,8589,habe
8591,",",--,PUNCT,punct,8590,gesehen
8592,60,60,NUM,nk,8593,was
8593,was,was,PRON,dep,8589,habe
8594,Tapferkeit,Tapferkeit,NOUN,oa,8595,ausführt
8595,ausführt,ausführen,VERB,ROOT,8595,ausführt
8596,",",--,PUNCT,punct,8595,ausführt
8597,was,wer,PRON,nk,8598,Standhalten
8598,Standhalten,Standhalt,NOUN,dep,8595,ausführt
8599,",",--,PUNCT,punct,8598,Standhalten
8600,was,was,PRON,nk,8601,Gegenbeispiele
8601,Gegenbeispiele,Gegenbeispiel,NOUN,cj,8598,Standhalten
8602,mit,mit,ADP,mnr,8601,Gegenbeispiele
8603,Geschütz,Geschütz,PROPN,nk,8602,mit
8604,",",--,PUNCT,punct,8603,Geschütz
8605,was,wer,PRON,oa,8595,ausführt
8606,Ausfälle,ausfälle,NOUN,sb,8608,sind
8607,teils,teils,ADV,mo,8608,sind
8608,sind,sein,AUX,ROOT,8608,sind
8609,",",--,PUNCT,punct,8611,tun
8610,teils,teils,ADV,mo,8611,tun
8611,tun,tun,VERB,oc,8608,sind
8612,.,--,PUNCT,punct,8608,sind
8613,Wie,wie,ADV,mo,8614,hätte
8614,hätte,haben,AUX,ROOT,8614,hätte
8615,auch,auch,ADV,mo,8616,sonst
8616,sonst,sonst,ADV,mo,8614,hätte
8617,die,der,DET,nk,8618,Festung
8618,Festung,Festung,NOUN,sb,8614,hätte
8619,nach,nach,ADP,svp,8614,hätte
8620,Verhältnis,Verhältnis,NOUN,ROOT,8620,Verhältnis
8621,ihrer,ihr,DET,nk,8622,Größe
8622,Größe,Größe,NOUN,ag,8620,Verhältnis
8623,sich,sich,PRON,oa,8627,gehalten
8624,so,so,ADV,mo,8625,unglaublich
8625,unglaublich,unglaublich,ADV,mo,8626,länger
8626,länger,lang,ADV,mo,8627,gehalten
8627,gehalten,halten,VERB,oc,8620,Verhältnis
8628,als,als,ADP,cm,8630,größten
8629,die,der,DET,nk,8630,größten
8630,größten,groß,ADJ,cc,8626,länger
8631,deutschen,deutschen,VERB,ROOT,8631,deutschen
8632,bisher,bisher,ADV,mo,8631,deutschen
8633,?,--,PUNCT,punct,8631,deutschen
8634,Aber,aber,CCONJ,ju,8636,ist
8635,es,es,PRON,sb,8636,ist
8636,ist,sein,AUX,ROOT,8636,ist
8637,ordentlich,ordentlich,ADV,pd,8636,ist
8638,",",--,PUNCT,punct,8637,ordentlich
8639,als,als,SCONJ,cm,8642,Tapferkeit
8640,ob,ob,SCONJ,cp,8642,Tapferkeit
8641,die,der,DET,nk,8642,Tapferkeit
8642,Tapferkeit,Tapferkeit,NOUN,cc,8637,ordentlich
8643,in,in,ADP,mnr,8642,Tapferkeit
8644,den,der,DET,nk,8643,in
8645,kleinsten,klein,ADJ,nk,8646,Ländern
8646,Ländern,Land,NOUN,da,8649,schlage
8647,am,am,PART,pm,8648,dichtesten
8648,dichtesten,dicht,ADV,mo,8649,schlage
8649,schlage,schlagen,VERB,ROOT,8649,schlage
8650,–,--,PUNCT,punct,8649,schlage
8651,man,man,PRON,sb,8652,denke
8652,denke,denken,VERB,cj,8649,schlage
8653,",",--,PUNCT,punct,8652,denke
8654,wenn,wenn,SCONJ,cp,8655,nach
8655,nach,nach,ADP,mo,8652,denke
8656,Verhältnis,Verhältnis,NOUN,nk,8655,nach
8657,der,der,DET,op,8652,denke
8658,Volksmenge,Volksmenge,ADJ,nk,8659,Persien
8659,Persien,Persien,PROPN,sb,8664,wären
8660,oder,oder,CCONJ,cd,8659,Persien
8661,China,China,PROPN,cj,8660,oder
8662,so,so,ADV,mo,8663,tapfer
8663,tapfer,tapfer,ADV,pd,8664,wären
8664,wären,sein,AUX,ROOT,8664,wären
8665,wie,wie,ADP,cm,8667,Schweiz
8666,die,der,DET,nk,8667,Schweiz
8667,Schweiz,Schweiz,PROPN,cc,8669,so
8668,–,--,PUNCT,punct,8667,Schweiz
8669,so,so,ADV,mo,8664,wären
8670,wie,wie,ADP,cm,8671,nach
8671,nach,nach,ADP,cc,8669,so
8672,Linné,Linné,NOUN,sb,8674,Baum
8673,ein,ein,DET,nk,8674,Baum
8674,Baum,Baum,NOUN,ROOT,8674,Baum
8675,",",--,PUNCT,punct,8674,Baum
8676,der,der,PRON,sb,8682,bringt
8677,im,in,ADP,mo,8682,bringt
8678,weiten,weit,ADJ,nk,8679,Gefäße
8679,Gefäße,Gefäß,NOUN,nk,8677,im
8680,nur,nur,ADV,mo,8681,Blätter
8681,Blätter,Blatt,NOUN,oa,8682,bringt
8682,bringt,bringen,VERB,rc,8674,Baum
8683,",",--,PUNCT,punct,8674,Baum
8684,in,in,ADP,mo,8686,engeres
8685,ein,ein,DET,nk,8684,in
8686,engeres,eng,ADJ,app,8674,Baum
8687,versetzt,versetzen,VERB,ROOT,8687,versetzt
8688,",",--,PUNCT,punct,8687,versetzt
8689,sogleich,sogleich,ADV,mo,8691,treibt
8690,Blüten,Blüte,NOUN,oa,8691,treibt
8691,treibt,treiben,VERB,cj,8687,versetzt
8692,",",--,PUNCT,punct,8691,treibt
8693,welches,welcher,PRON,oa,8698,nennt
8694,er,er,PRON,sb,8698,nennt
8695,griechisch,griechisch,ADV,mo,8698,nennt
8696,genug,genug,DET,nk,8697,Prolepsis
8697,Prolepsis,Prolepsis,NOUN,oa,8698,nennt
8698,nennt,nennen,VERB,rc,8690,Blüten
8699,.,--,PUNCT,punct,8687,versetzt
8700,Daher,daher,ADV,mo,8701,ist
8701,ist,sein,AUX,ROOT,8701,ist
8702,das,der,DET,nk,8703,Beschneiden
8703,Beschneiden,Beschneid,NOUN,sb,8701,ist
8704,der,der,DET,nk,8705,Länder
8705,Länder,Land,NOUN,ag,8703,Beschneiden
8706,ein,ein,DET,nk,8708,Mittel
8707,häufiges,häufig,ADJ,nk,8708,Mittel
8708,Mittel,Mittel,NOUN,pd,8701,ist
8709,",",--,PUNCT,punct,8708,Mittel
8710,sie,sie,PRON,sb,8711,tapfrer
8711,tapfrer,tapfr,ADV,pd,8701,ist
8712,zu,zu,ADP,svp,8701,ist
8713,machen,machen,VERB,ROOT,8713,machen
8714,",",--,PUNCT,punct,8713,machen
8715,sobald,sobald,SCONJ,cp,8723,wird
8716,so,so,ADV,mo,8717,viel
8717,viel,viel,PRON,sb,8723,wird
8718,von,von,ADP,pg,8717,viel
8719,ihnen,ihnen,PRON,nk,8718,von
8720,noch,noch,ADV,dep,8717,viel
8721,übrig,übrig,ADV,cj,8720,noch
8722,gelassen,lassen,VERB,oc,8723,wird
8723,wird,werden,AUX,mo,8713,machen
8724,",",--,PUNCT,punct,8723,wird
8725,daß,daß,SCONJ,cp,8727,etwas
8726,noch,noch,ADV,mo,8727,etwas
8727,etwas,etwas,PRON,sb,8723,wird
8728,da,da,ADV,mnr,8727,etwas
8729,ist,sein,AUX,ROOT,8729,ist
8730,",",--,PUNCT,punct,8729,ist
8731,was,wer,PRON,sb,8734,kann
8732,tapfer,tapfer,ADV,pd,8733,sein
8733,sein,sein,AUX,oc,8734,kann
8734,kann,können,AUX,sb,8729,ist
8735,;,--,PUNCT,punct,8729,ist
8736,alten,alt,ADJ,nk,8739,Ländern
8737,",",--,PUNCT,punct,8736,alten
8738,abgelebten,abgelebt,ADJ,cj,8736,alten
8739,Ländern,Land,NOUN,da,8744,ist
8740,",",--,PUNCT,punct,8739,Ländern
8741,wie,wie,ADP,cm,8742,deutschen
8742,deutschen,deutsche,NOUN,cc,8739,Ländern
8743,",",--,PUNCT,punct,8744,ist
8744,ist,sein,AUX,ROOT,8744,ist
8745,das,der,PRON,sb,8744,ist
8746,Beschneiden,Beschneid,NOUN,oa,8749,nötigsten
8747,vollends,vollends,ADV,mnr,8746,Beschneiden
8748,am,an,PART,pm,8749,nötigsten
8749,nötigsten,nötigsten,ADV,ROOT,8749,nötigsten
8750,",",--,PUNCT,punct,8749,nötigsten
8751,wie,wie,SCONJ,mo,8757,junge
8752,die,der,DET,nk,8753,Gärtner
8753,Gärtner,Gärtner,NOUN,sb,8757,junge
8754,im,in,ADP,mo,8757,junge
8755,Herbste,Herbste,NOUN,nk,8754,im
8756,nicht,nicht,PART,ng,8757,junge
8757,junge,jung,ADJ,mo,8749,nötigsten
8758,",",--,PUNCT,punct,8757,junge
8759,sondern,sondern,CCONJ,ROOT,8759,sondern
8760,alte,alt,ADJ,nk,8761,Bäume
8761,Bäume,Baum,NOUN,cj,8759,sondern
8762,am,an,ADP,pm,8763,unbarmherzigsten
8763,unbarmherzigsten,unbarmherzigst,ADJ,mo,8764,bescheren
8764,bescheren,bescheren,VERB,cj,8759,sondern
8765,.,--,PUNCT,ROOT,8765,.
8766,»,--,PUNCT,punct,8768,fürchten
8767,Zu,zu,PART,pm,8768,fürchten
8768,fürchten,fürchten,VERB,oc,8769,hat
8769,hat,haben,AUX,ROOT,8769,hat
8770,Ziebingen,Ziebing,NOUN,sb,8769,hat
8771,an,an,ADP,mo,8775,nichts
8772,sich,sich,PRON,nk,8771,an
8773,vom,von,ADP,ac,8771,an
8774,Feinde,Feind,NOUN,nk,8773,vom
8775,nichts,nichts,PRON,oa,8769,hat
8776,;,--,PUNCT,punct,8769,hat
8777,und,und,CCONJ,ju,8779,kann
8778,es,es,PRON,sb,8779,kann
8779,kann,können,AUX,ROOT,8779,kann
8780,täglich,täglich,ADV,mo,8779,kann
8781,zehnmal,zehnmal,ADV,mo,8782,ausfallen
8782,ausfallen,ausfallen,VERB,ROOT,8782,ausfallen
8783,",",--,PUNCT,punct,8782,ausfallen
8784,ohne,ohne,SCONJ,cp,8788,verlieren
8785,einen,ein,DET,nk,8786,Mann
8786,Mann,Mann,NOUN,oa,8788,verlieren
8787,zu,zu,PART,pm,8788,verlieren
8788,verlieren,verlieren,VERB,mo,8782,ausfallen
8789,;,--,PUNCT,punct,8782,ausfallen
8790,denn,denn,CCONJ,cd,8794,Ingenieur
8791,wenn,wenn,SCONJ,cp,8794,Ingenieur
8792,der,der,DET,nk,8794,Ingenieur
8793,61,61,NUM,nk,8794,Ingenieur
8794,Ingenieur,Ingenieur,NOUN,ROOT,8794,Ingenieur
8795,Borreux,Borreux,PROPN,pnc,8796,recht
8796,recht,Recht,PROPN,sb,8797,hat
8797,hat,haben,VERB,ROOT,8797,hat
8798,",",--,PUNCT,punct,8797,hat
8799,daß,daß,SCONJ,cp,8800,unter
8800,unter,unter,ADP,mo,8797,hat
8801,den,der,DET,nk,8802,Schüssen
8802,Schüssen,Schuß,NOUN,nk,8800,unter
8803,des,der,DET,nk,8804,Fußvolkes
8804,Fußvolkes,Fußvolk,NOUN,ag,8802,Schüssen
8805,",",--,PUNCT,punct,8800,unter
8806,da,da,SCONJ,cp,8810,hoch
8807,sie,sie,PRON,sb,8810,hoch
8808,immer,immer,ADV,mo,8810,hoch
8809,zu,zu,PART,mo,8810,hoch
8810,hoch,hoch,ADV,mo,8800,unter
8811,gehen,gehen,VERB,dep,8819,sind
8812,",",--,PUNCT,punct,8811,gehen
8813,nur,nur,ADV,mo,8815,Tausendste
8814,der,der,DET,nk,8815,Tausendste
8815,Tausendste,Tausendste,NOUN,sb,8816,treffe
8816,treffe,treffen,VERB,re,8818,so
8817,",",--,PUNCT,punct,8818,so
8818,so,so,ADV,mo,8819,sind
8819,sind,sein,AUX,ROOT,8819,sind
8820,wir,wir,PRON,sb,8819,sind
8821,schußfrei,schußfrei,ADV,pd,8819,sind
8822,",",--,PUNCT,punct,8819,sind
8823,da,da,SCONJ,mo,8825,Feind
8824,der,der,DET,nk,8825,Feind
8825,Feind,Feind,NOUN,mo,8819,sind
8826,nicht,nicht,PART,ng,8827,so
8827,so,so,ADV,mo,8819,sind
8828,viel,viel,PRON,mo,8829,auf
8829,auf,auf,ADP,mo,8832,laden
8830,einmal,einmal,ADV,nk,8829,auf
8831,zu,zu,PART,pm,8832,laden
8832,laden,laden,VERB,oc,8833,hat
8833,hat,haben,AUX,ROOT,8833,hat
8834,.,--,PUNCT,punct,8833,hat
8835,»,--,PUNCT,punct,8838,Festungen
8836,Selbst,selbst,ADV,mo,8837,große
8837,große,groß,ADJ,nk,8838,Festungen
8838,Festungen,Festung,NOUN,ROOT,8838,Festungen
8839,",",--,PUNCT,punct,8838,Festungen
8840,wie,wie,ADP,cm,8843,Stettin
8841,z.,z.,ADP,mo,8843,Stettin
8842,B.,B.,NOUN,nk,8841,z.
8843,Stettin,Stettin,PROPN,cc,8838,Festungen
8844,und,und,CCONJ,cd,8843,Stettin
8845,Magdeburg,Magdeburg,PROPN,cj,8844,und
8846,",",--,PUNCT,punct,8843,Stettin
8847,die,der,PRON,punct,8838,Festungen
8848,sich,sich,PRON,cj,8845,Magdeburg
8849,nicht,nicht,PART,ng,8850,so
8850,so,so,ADV,ROOT,8850,so
8851,lange,lange,ADV,mo,8852,hielten
8852,hielten,halten,VERB,ROOT,8852,hielten
8853,als,als,ADP,cm,8854,wir
8854,wir,wir,PRON,cc,8851,lange
8855,",",--,PUNCT,punct,8852,hielten
8856,und,und,CCONJ,cd,8852,hielten
8857,die,der,PRON,sb,8861,zogen
8858,weniger,weniger,ADV,mo,8860,Degen
8859,den,der,DET,nk,8860,Degen
8860,Degen,Deg,NOUN,ag,8857,die
8861,zogen,ziehen,VERB,cj,8856,und
8862,als,als,ADP,cm,8864,Degenscheide
8863,die,der,DET,nk,8864,Degenscheide
8864,Degenscheide,Degenscheide,NOUN,cc,8859,den
8865,(,--,PUNCT,punct,8868,Gehänge
8866,aus,aus,ADP,mo,8871,ergaben
8867,dem,der,DET,nk,8868,Gehänge
8868,Gehänge,Gehänge,NOUN,nk,8866,aus
8869,),--,PUNCT,punct,8868,Gehänge
8870,",",--,PUNCT,punct,8871,ergaben
8871,ergaben,ergeben,VERB,ROOT,8871,ergaben
8872,sich,sich,PRON,oa,8871,ergaben
8873,auch,auch,ADV,mo,8874,bei
8874,bei,bei,ADP,mo,8871,ergaben
8875,ihrer,ihr,DET,nk,8877,Besatzung
8876,größeren,groß,ADJ,nk,8877,Besatzung
8877,Besatzung,Besatzung,NOUN,nk,8874,bei
8878,doch,doch,ADV,mo,8871,ergaben
8879,nicht,nicht,PART,ng,8871,ergaben
8880,mit,mit,ADP,ROOT,8880,mit
8881,Unehre,Unehre,NOUN,nk,8880,mit
8882,",",--,PUNCT,punct,8880,mit
8883,und,und,CCONJ,cd,8880,mit
8884,unser,unser,DET,nk,8885,Beispiel
8885,Beispiel,Beispiel,NOUN,sb,8886,darf
8886,darf,dürfen,AUX,cj,8883,und
8887,sie,sie,PRON,sb,8886,darf
8888,nicht,nicht,PART,ng,8886,darf
8889,demütigen,demütigen,VERB,oc,8886,darf
8890,.,--,PUNCT,punct,8880,mit
8891,Bedenken,Bedenken,NOUN,ROOT,8891,Bedenken
8892,wir,wir,PRON,sb,8891,Bedenken
8893,:,--,PUNCT,punct,8891,Bedenken
8894,Stettiner,Stettiner,ADJ,nk,8895,Kommandanten
8895,Kommandanten,Kommandant,NOUN,sb,8896,lassen
8896,lassen,lassen,VERB,ROOT,8896,lassen
8897,sich,sich,PRON,oa,8896,lassen
8898,ungern,ungern,ADV,mo,8896,lassen
8899,auf,auf,ADP,mo,8896,lassen
8900,ihr,ihr,DET,nk,8901,Haus
8901,Haus,Haus,NOUN,nk,8899,auf
8902,(,--,PUNCT,punct,8904,Festung
8903,die,der,DET,nk,8904,Festung
8904,Festung,Festung,NOUN,sb,8905,ist
8905,ist,sein,AUX,cj,8896,lassen
8906,ihres,ihr,DET,pd,8905,ist
8907,),--,PUNCT,punct,8896,lassen
8908,den,der,DET,nk,8910,Hahn
8909,roten,rot,ADJ,nk,8910,Hahn
8910,Hahn,Hahn,NOUN,oa,8911,setzen
8911,setzen,setzen,VERB,ROOT,8911,setzen
8912,",",--,PUNCT,punct,8911,setzen
8913,den,der,PRON,nk,8914,sie
8914,sie,sie,PRON,ROOT,8914,sie
8915,für,für,ADP,mnr,8914,sie
8916,Anspielung,Anspielung,NOUN,nk,8915,für
8917,auf,auf,ADP,op,8916,Anspielung
8918,rote,rot,ADJ,nk,8919,Mützen
8919,Mützen,Mütze,NOUN,nk,8917,auf
8920,und,und,CCONJ,cd,8915,für
8921,auf,auf,ADP,cj,8920,und
8922,den,der,DET,nk,8921,auf
8923,gallischen,gallisch,ADJ,nk,8924,Gallus
8924,Gallus,Gallus,NOUN,oa,8925,halten
8925,halten,halten,VERB,ROOT,8925,halten
8926,.,--,PUNCT,punct,8925,halten
8927,–,--,PUNCT,punct,8929,schließen
8928,Sie,sie,PRON,sb,8929,schließen
8929,schließen,schließen,VERB,ROOT,8929,schließen
8930,",",--,PUNCT,punct,8929,schließen
8931,wenn,wenn,SCONJ,cp,8933,auf
8932,schon,schon,ADV,mo,8933,auf
8933,auf,auf,ADP,mo,8929,schließen
8934,Theatern,Theater,NOUN,nk,8933,auf
8935,",",--,PUNCT,punct,8933,auf
8936,vollends,vollends,ADV,mo,8937,in
8937,in,in,ADP,mo,8929,schließen
8938,Heerschauen,Heerschauen,ADJ,ROOT,8938,Heerschauen
8939,scheinbare,scheinbar,ADJ,nk,8940,Kriege
8940,Kriege,Krieg,NOUN,sb,8938,Heerschauen
8941,zufällig,zufällig,ADV,mo,8944,gemacht
8942,wahre,wahr,ADJ,nk,8943,Verletzungen
8943,Verletzungen,Verletzung,NOUN,oa,8944,gemacht
8944,gemacht,machen,VERB,oc,8938,Heerschauen
8945,",",--,PUNCT,punct,8944,gemacht
8946,daß,daß,SCONJ,cd,8938,Heerschauen
8947,wahrhafte,wahrhafte,NOUN,ROOT,8947,wahrhafte
8948,mit,mit,ADP,mo,8947,wahrhafte
8949,noch,noch,ADV,mo,8950,größeren
8950,größeren,groß,ADJ,nk,8951,bedrohen
8951,bedrohen,bedrohen,NOUN,nk,8948,mit
8952,",",--,PUNCT,punct,8951,bedrohen
8953,daß,daß,SCONJ,cp,8956,Wagen
8954,sie,sie,PRON,sb,8953,daß
8955,alle,aller,DET,nk,8956,Wagen
8956,Wagen,Wagen,NOUN,oc,8947,wahrhafte
8957,voll,voll,ADP,mnr,8956,Wagen
8958,Verwundete,verwundet,NOUN,nk,8957,voll
8959,",",--,PUNCT,punct,8956,Wagen
8960,alle,aller,PRON,app,8956,Wagen
8961,Gruben,Grube,NOUN,ROOT,8961,Gruben
8962,voll,voll,ADP,mnr,8961,Gruben
8963,Tote,tote,NOUN,nk,8962,voll
8964,",",--,PUNCT,punct,8961,Gruben
8965,alle,aller,DET,nk,8966,Gassen
8966,Gassen,Gasse,NOUN,cj,8961,Gruben
8967,ohne,ohne,ADP,mnr,8966,Gassen
8968,Häuser,Haus,NOUN,nk,8967,ohne
8969,",",--,PUNCT,punct,8961,Gruben
8970,durch,durch,ADP,mnr,8961,Gruben
8971,zwei,zwei,NUM,nk,8972,Tropfen
8972,Tropfen,Tropfen,NOUN,nk,8970,durch
8973,Tinte,Tinte,NOUN,nk,8972,Tropfen
8974,",",--,PUNCT,punct,8961,Gruben
8975,woraus,woraus,SCONJ,ROOT,8975,woraus
8976,ihre,ihr,DET,nk,8977,Namensunterschrift
8977,Namensunterschrift,Namensunterschrift,NOUN,sb,8978,besteht
8978,besteht,bestehen,VERB,oc,8981,können
8979,",",--,PUNCT,punct,8981,können
8980,wegschwemmen,wegschwemmen,VERB,oc,8981,können
8981,können,können,AUX,ROOT,8981,können
8982,.,--,PUNCT,punct,8981,können
8983,Sie,sie,PRON,sb,8984,finden
8984,finden,finden,VERB,ROOT,8984,finden
8985,es,es,PRON,oa,8984,finden
8986,oft,oft,ADV,mo,8984,finden
8987,62,62,NUM,oa,8984,finden
8988,lächerlich,lächerlich,ADV,mo,8993,zuzusperren
8989,",",--,PUNCT,punct,8993,zuzusperren
8990,eine,ein,DET,nk,8991,Festung
8991,Festung,Festung,NOUN,oa,8993,zuzusperren
8992,fest,fest,ADV,mo,8993,zuzusperren
8993,zuzusperren,zuzusperren,VERB,ROOT,8993,zuzusperren
8994,und,und,CCONJ,cd,8993,zuzusperren
8995,also,also,ADV,mo,8996,mit
8996,mit,mit,ADP,cj,8994,und
8997,dem,der,DET,nk,8998,Feind
8998,Feind,Feind,NOUN,nk,8996,mit
8999,zugleich,zugleich,ADV,mo,8996,mit
9000,die,der,DET,ROOT,9000,die
9001,Kost,Kost,NOUN,oa,9002,auszuschließen
9002,auszuschließen,ausschließen,VERB,ROOT,9002,auszuschließen
9003,",",--,PUNCT,punct,9002,auszuschließen
9004,als,als,SCONJ,cp,9009,ist
9005,die,der,DET,nk,9006,Sitte
9006,Sitte,Sitt,NOUN,sb,9009,ist
9007,jener,jener,DET,nk,9008,Peruaner
9008,Peruaner,Peruaner,NOUN,ag,9006,Sitte
9009,ist,sein,AUX,mo,9002,auszuschließen
9010,",",--,PUNCT,punct,9009,ist
9011,welche,welcher,PRON,oa,9002,auszuschließen
9012,",",--,PUNCT,punct,9011,welche
9013,um,um,SCONJ,mnr,9011,welche
9014,der,der,DET,nk,9015,Seele
9015,Seele,Seele,NOUN,nk,9013,um
9016,eines,ein,DET,nk,9017,Sterbenden
9017,Sterbenden,Sterbende,NOUN,ROOT,9017,Sterbenden
9018,das,der,DET,nk,9019,Fliehen
9019,Fliehen,Fliehen,NOUN,oa,9021,wehren
9020,zu,zu,PART,pm,9021,wehren
9021,wehren,wehren,VERB,oc,9017,Sterbenden
9022,",",--,PUNCT,punct,9021,wehren
9023,ihm,ihm,PRON,da,9024,Mund
9024,Mund,Mund,NOUN,cj,9017,Sterbenden
9025,und,und,CCONJ,cd,9024,Mund
9026,Nase,Nase,NOUN,cj,9025,und
9027,usw.,usw.,ADV,mnr,9024,Mund
9028,mit,mit,ADP,mnr,9017,Sterbenden
9029,Sorgfalt,Sorgfalt,NOUN,nk,9028,mit
9030,verstopfen,verstopfen,VERB,ROOT,9030,verstopfen
9031,.,--,PUNCT,punct,9030,verstopfen
9032,–,--,PUNCT,punct,9038,sind
9033,Wahre,Wahr,ADJ,nk,9037,Kommandanten
9034,Stettiner,Stettiner,NOUN,nk,9037,Kommandanten
9035,und,und,CCONJ,cd,9034,Stettiner
9036,Magdeburger,Magdeburger,ADJ,cj,9035,und
9037,Kommandanten,Kommandant,NOUN,sb,9038,sind
9038,sind,sein,AUX,ROOT,9038,sind
9039,viel,viel,ADV,mo,9041,stolz
9040,zu,zu,PART,mo,9041,stolz
9041,stolz,stolz,ADV,pd,9038,sind
9042,",",--,PUNCT,punct,9038,sind
9043,da,da,SCONJ,cp,9050,hauen
9044,sie,sie,PRON,sb,9050,hauen
9045,sich,sich,PRON,oa,9050,hauen
9046,nicht,nicht,PART,ng,9050,hauen
9047,einmal,einmal,ADV,mo,9046,nicht
9048,mit,mit,ADP,mo,9050,hauen
9049,Fähndrichen,Fähndriche,NOUN,nk,9048,mit
9050,hauen,hauen,VERB,ROOT,9050,hauen
9051,",",--,PUNCT,punct,9050,hauen
9052,sich,sich,PRON,oa,9054,mit
9053,vollends,vollends,ADV,mo,9054,mit
9054,mit,mit,ADP,dep,9050,hauen
9055,dem,der,DET,nk,9054,mit
9056,gemeinsten,gemeinst,ADJ,nk,9057,Volke
9057,Volke,Volke,NOUN,oa,9061,schlagen
9058,und,und,CCONJ,cd,9057,Volke
9059,Packknechtspack,Packknechtspack,NOUN,cj,9058,und
9060,zu,zu,PART,pm,9061,schlagen
9061,schlagen,schlagen,VERB,ROOT,9061,schlagen
9062,.,--,PUNCT,punct,9061,schlagen
9063,–,--,PUNCT,punct,9065,finden
9064,Auch,auch,ADV,mo,9065,finden
9065,finden,finden,VERB,ROOT,9065,finden
9066,sie,sie,PRON,sb,9065,finden
9067,jenes,jener,DET,nk,9068,feine
9068,feine,Feine,NOUN,oa,9065,finden
9069,talmudische,talmudisch,ADJ,nk,9070,Gebot
9070,Gebot,Gebot,NOUN,ROOT,9070,Gebot
9071,",",--,PUNCT,punct,9070,Gebot
9072,daß,daß,SCONJ,cp,9075,in
9073,Weise,Weise,NOUN,sb,9075,in
9074,stets,stets,ADV,mo,9075,in
9075,in,in,ADP,oc,9070,Gebot
9076,der,der,DET,nk,9077,Mitte
9077,Mitte,Mitte,NOUN,nk,9075,in
9078,des,der,DET,nk,9079,Disputierens
9079,Disputierens,Disputieren,PROPN,ag,9077,Mitte
9080,",",--,PUNCT,punct,9075,in
9081,ohne,ohne,ADP,mo,9075,in
9082,etwas,etwas,PRON,nk,9081,ohne
9083,ausgemacht,ausmachen,VERB,oc,9085,haben
9084,zu,zu,PART,pm,9085,haben
9085,haben,haben,AUX,oc,9089,sollen
9086,",",--,PUNCT,punct,9089,sollen
9087,auseinander,auseinander,ADV,mo,9088,scheiden
9088,scheiden,scheiden,VERB,oc,9089,sollen
9089,sollen,sollen,AUX,ROOT,9089,sollen
9090,",",--,PUNCT,punct,9089,sollen
9091,um,um,SCONJ,cp,9093,an
9092,länger,lang,ADV,mo,9093,an
9093,an,an,ADP,mo,9089,sollen
9094,den,der,DET,nk,9095,Gegenstand
9095,Gegenstand,Gegenstand,NOUN,nk,9093,an
9096,zu,zu,PART,pm,9097,denken
9097,denken,denken,VERB,re,9107,so
9098,",",--,PUNCT,punct,9097,denken
9099,noch,noch,ADV,mo,9100,besser
9100,besser,gut,ADV,mo,9105,anwendbar
9101,auf,auf,ADP,mo,9105,anwendbar
9102,die,der,DET,nk,9104,Kriegsdisputationen
9103,wichtigern,wichtigern,ADJ,nk,9104,Kriegsdisputationen
9104,Kriegsdisputationen,Kriegsdisputation,NOUN,nk,9101,auf
9105,anwendbar,anwendbar,ADV,mo,9097,denken
9106,",",--,PUNCT,punct,9097,denken
9107,so,so,ADV,mo,9108,daß
9108,daß,daß,SCONJ,ROOT,9108,daß
9109,sie,sie,PRON,sb,9118,lassen
9110,es,es,PRON,oa,9118,lassen
9111,oft,oft,ADV,mo,9118,lassen
9112,nicht,nicht,PART,ng,9117,kommen
9113,einmal,einmal,ADV,mo,9112,nicht
9114,bis,bis,ADP,ac,9115,zur
9115,zur,zu,ADP,mo,9117,kommen
9116,Mitte,Mitte,NOUN,nk,9115,zur
9117,kommen,kommen,VERB,oc,9118,lassen
9118,lassen,lassen,VERB,ROOT,9118,lassen
9119,.,--,PUNCT,punct,9118,lassen
9120,–,--,PUNCT,ROOT,9120,–
9121,»,--,PUNCT,punct,9125,bleiben
9122,Gute,gut,ADJ,nk,9124,Kommandanten
9123,Stettiner,Stettiner,ADJ,nk,9124,Kommandanten
9124,Kommandanten,Kommandant,NOUN,sb,9125,bleiben
9125,bleiben,bleiben,VERB,ROOT,9125,bleiben
9126,zart,zart,ADV,mo,9125,bleiben
9127,und,und,CCONJ,cd,9125,bleiben
9128,behalten,behalten,VERB,cj,9127,und
9129,eine,ein,DET,nk,9130,Träne
9130,Träne,Träne,NOUN,oa,9128,behalten
9131,im,in,ADP,mnr,9130,Träne
9132,Auge,Auge,NOUN,nk,9131,im
9133,und,und,CCONJ,cd,9128,behalten
9134,leiden,leiden,VERB,ROOT,9134,leiden
9135,es,es,PRON,sb,9134,leiden
9136,nicht,nicht,PART,ng,9134,leiden
9137,",",--,PUNCT,punct,9134,leiden
9138,daß,daß,SCONJ,oc,9134,leiden
9139,",",--,PUNCT,punct,9138,daß
9140,wie,wie,SCONJ,cm,9141,Lampenfeuer
9141,Lampenfeuer,Lampenfeuer,NOUN,ng,9145,Umstehenden
9142,aus,aus,ADP,mnr,9141,Lampenfeuer
9143,Branntwein,Branntwein,PROPN,nk,9142,aus
9144,allen,aller,DET,nk,9145,Umstehenden
9145,Umstehenden,Umstehenden,NOUN,cc,9138,daß
9146,Totenfarbe,totenfarbe,NOUN,sb,9147,anstreicht
9147,anstreicht,anstreichen,VERB,mo,9149,dergleichen
9148,",",--,PUNCT,punct,9149,dergleichen
9149,dergleichen,dergleichen,VERB,ROOT,9149,dergleichen
9150,das,der,DET,nk,9151,Kanonenfeuer
9151,Kanonenfeuer,Kanonenfeuer,NOUN,sb,9149,dergleichen
9152,noch,noch,ADV,mo,9153,reeller
9153,reeller,reell,ADV,mo,9154,tue
9154,tue,tun,VERB,mo,9149,dergleichen
9155,",",--,PUNCT,punct,9149,dergleichen
9156,und,und,CCONJ,cd,9149,dergleichen
9157,sie,sie,PRON,ROOT,9157,sie
9158,sagen,sagen,VERB,ROOT,9158,sagen
9159,deshalb,deshalb,ADV,mo,9158,sagen
9160,gern,gern,ADV,mo,9158,sagen
9161,:,--,PUNCT,punct,9158,sagen
9162,wenn,wenn,SCONJ,cp,9167,Feindesköpfe
9163,in,in,ADP,mo,9166,tote
9164,der,der,DET,nk,9165,Türkei
9165,Türkei,Türkei,PROPN,nk,9163,in
9166,tote,tot,ADJ,nk,9167,Feindesköpfe
9167,Feindesköpfe,Feindesköpf,NOUN,oa,9158,sagen
9168,auf,auf,ADP,mnr,9167,Feindesköpfe
9169,Wälle,Wäll,NOUN,nk,9168,auf
9170,und,und,CCONJ,cd,9169,Wälle
9171,Mauern,Mauer,NOUN,cj,9170,und
9172,gesteckt,stecken,VERB,mo,9173,63
9173,63,63,NUM,oc,9174,werden
9174,werden,werden,AUX,re,9176,so
9175,",",--,PUNCT,punct,9176,so
9176,so,so,ADV,mo,9177,sei
9177,sei,sein,AUX,ROOT,9177,sei
9178,es,es,PRON,sb,9177,sei
9179,doch,doch,ADV,mo,9177,sei
9180,noch,noch,ADV,mo,9181,grausamer
9181,grausamer,Grausamer,NOUN,pd,9177,sei
9182,",",--,PUNCT,punct,9181,grausamer
9183,allda,allda,NOUN,cj,9181,grausamer
9184,Freundes-,Freund,X,dep,9177,sei
9185,",",--,PUNCT,punct,9177,sei
9186,nämlich,nämlich,ADV,dep,9177,sei
9187,Soldatenköpfe,Soldatenköpfe,NOUN,oa,9188,aufzupflanzen
9188,aufzupflanzen,aufzupflanzen,VERB,ROOT,9188,aufzupflanzen
9189,.,--,PUNCT,punct,9188,aufzupflanzen
9190,Da,da,SCONJ,cp,9193,Kommandant
9191,übrigens,übrigens,ADV,mo,9193,Kommandant
9192,ein,ein,DET,nk,9193,Kommandant
9193,Kommandant,Kommandant,NOUN,ROOT,9193,Kommandant
9194,den,der,DET,nk,9195,Fürsten
9195,Fürsten,Fürst,NOUN,da,9193,Kommandant
9196,noch,noch,ADV,mo,9193,Kommandant
9197,vielseitiger,vielseitige,ADV,mo,9201,darstellt
9198,als,als,ADP,cm,9200,Gesandter
9199,ein,ein,DET,nk,9200,Gesandter
9200,Gesandter,Gesandter,NOUN,cc,9197,vielseitiger
9201,darstellt,darstellen,VERB,ROOT,9201,darstellt
9202,",",--,PUNCT,punct,9201,darstellt
9203,durch,durch,ADP,mo,9205,desselben
9204,Allmacht,Allmacht,NOUN,nk,9203,durch
9205,desselben,derselbe,PRON,oc,9201,darstellt
9206,",",--,PUNCT,punct,9205,desselben
9207,durch,durch,ADP,mo,9205,desselben
9208,Herrschaft,Herrschaft,NOUN,dep,9215,hat
9209,über,über,ADP,op,9208,Herrschaft
9210,Leben,Leben,NOUN,nk,9209,über
9211,und,und,CCONJ,cd,9210,Leben
9212,Tod,Tod,NOUN,cj,9211,und
9213,:,--,PUNCT,punct,9215,hat
9214,so,so,ADV,mo,9221,begnadigen
9215,hat,haben,AUX,ROOT,9215,hat
9216,er,er,PRON,sb,9215,hat
9217,auch,auch,ADV,mo,9221,begnadigen
9218,das,der,DET,nk,9219,Recht
9219,Recht,Recht,NOUN,oa,9221,begnadigen
9220,zu,zu,PART,pm,9221,begnadigen
9221,begnadigen,begnadigen,VERB,oc,9215,hat
9222,",",--,PUNCT,punct,9221,begnadigen
9223,folglich,folglich,ADV,dep,9215,hat
9224,auch,auch,ADV,mo,9226,Feind
9225,den,der,DET,nk,9226,Feind
9226,Feind,Feind,NOUN,ROOT,9226,Feind
9227,",",--,PUNCT,punct,9226,Feind
9228,indem,indem,SCONJ,cp,9234,macht
9229,er,er,PRON,sb,9234,macht
9230,ihn,ihn,PRON,oa,9234,macht
9231,zu,zu,ADP,mo,9234,macht
9232,seinem,sein,DET,nk,9233,Freunde
9233,Freunde,Freund,NOUN,nk,9231,zu
9234,macht,machen,VERB,mnr,9226,Feind
9235,.,--,PUNCT,punct,9226,Feind
9236,»,--,PUNCT,punct,9239,will
9237,Doch,doch,CCONJ,ju,9239,will
9238,ich,ich,PRON,sb,9239,will
9239,will,wollen,AUX,ROOT,9239,will
9240,fremde,fremd,ADJ,nk,9241,Festungen
9241,Festungen,Festung,NOUN,oa,9244,verteidigen
9242,nicht,nicht,PART,ng,9244,verteidigen
9243,länger,lang,ADV,mo,9244,verteidigen
9244,verteidigen,verteidigen,VERB,oc,9239,will
9245,",",--,PUNCT,punct,9244,verteidigen
9246,als,als,SCONJ,punct,9239,will
9247,sie,sie,PRON,nk,9246,als
9248,sich,sich,PRON,oa,9239,will
9249,selber,selber,ADV,mnr,9248,sich
9250,verteidigt,verteidigen,VERB,oc,9251,haben
9251,haben,haben,AUX,mo,9253,laßt
9252,:,--,PUNCT,punct,9251,haben
9253,laßt,lassen,VERB,ROOT,9253,laßt
9254,uns,uns,PRON,oa,9253,laßt
9255,in,in,ADP,mo,9253,laßt
9256,die,der,DET,nk,9255,in
9257,zurückkommen,zurückkommen,VERB,oa,9253,laßt
9258,",",--,PUNCT,punct,9257,zurückkommen
9259,in,in,ADP,mo,9262,sind
9260,der,der,PRON,nk,9259,in
9261,wir,wir,PRON,sb,9262,sind
9262,sind,sein,AUX,rc,9257,zurückkommen
9263,!,--,PUNCT,punct,9253,laßt
9264,»,--,PUNCT,punct,9265,Exzellenz
9265,Exzellenz,Exzellenz,NOUN,ROOT,9265,Exzellenz
9266,!,--,PUNCT,punct,9265,Exzellenz
9267,Die,der,DET,nk,9269,Ehre
9268,Ziebingsche,Ziebingsche,ADJ,nk,9269,Ehre
9269,Ehre,Ehre,NOUN,sb,9270,ist
9270,ist,sein,AUX,ROOT,9270,ist
9271,gerettet,retten,VERB,pd,9270,ist
9272,",",--,PUNCT,punct,9270,ist
9273,aber,aber,CCONJ,cd,9270,ist
9274,nicht,nicht,PART,ng,9276,Ziebinger
9275,die,der,DET,nk,9276,Ziebinger
9276,Ziebinger,Ziebinger,NOUN,cj,9273,aber
9277,.,--,PUNCT,punct,9270,ist
9278,Ich,ich,PRON,ROOT,9278,Ich
9279,meine,meinen,VERB,ROOT,9279,meine
9280,hier,hier,ADV,mo,9279,meine
9281,gar,gar,ADV,mo,9282,nicht
9282,nicht,nicht,PART,ng,9279,meine
9283,",",--,PUNCT,punct,9279,meine
9284,daß,daß,SCONJ,cp,9287,Feind
9285,der,der,DET,nk,9287,Feind
9286,unmächtige,unmächtig,ADJ,nk,9287,Feind
9287,Feind,Feind,NOUN,sb,9279,meine
9288,",",--,PUNCT,punct,9287,Feind
9289,der,der,PRON,sb,9290,auf
9290,auf,auf,ADP,app,9287,Feind
9291,die,der,DET,nk,9292,Festung
9292,Festung,Festung,NOUN,nk,9290,auf
9293,",",--,PUNCT,punct,9290,auf
9294,wie,wie,ADP,cm,9295,sonst
9295,sonst,sonst,ADV,cc,9290,auf
9296,der,der,DET,nk,9297,Raubvogel
9297,Raubvogel,Raubvogel,NOUN,sb,9301,stößt
9298,auf,auf,ADP,mnr,9297,Raubvogel
9299,den,der,DET,nk,9300,Käfig
9300,Käfig,Käfig,NOUN,nk,9298,auf
9301,stößt,stoßen,VERB,ROOT,9301,stößt
9302,des,der,DET,nk,9303,Vogels
9303,Vogels,Vogel,NOUN,da,9301,stößt
9304,wegen,wegen,ADP,svp,9301,stößt
9305,",",--,PUNCT,punct,9301,stößt
9306,endlich,endlich,ADV,mo,9309,Vogel
9307,auch,auch,ADV,mo,9309,Vogel
9308,dem,der,DET,nk,9309,Vogel
9309,Vogel,Vogel,PROPN,app,9296,der
9310,drohe,drohen,VERB,ROOT,9310,drohe
9311,.,--,PUNCT,punct,9310,drohe
9312,sondern,sondern,CCONJ,ju,9317,will
9313,nach,nach,ADP,mo,9317,will
9314,dem,der,DET,nk,9316,Wehrstand
9315,siegenden,siegend,ADJ,nk,9316,Wehrstand
9316,Wehrstand,Wehrstand,NOUN,nk,9313,nach
9317,will,wollen,AUX,ROOT,9317,will
9318,auch,auch,ADV,mo,9320,Nährstand
9319,der,der,DET,nk,9320,Nährstand
9320,Nährstand,Nährstand,NOUN,sb,9317,will
9321,ein,ein,DET,nk,9322,wenig
9322,wenig,wenig,PRON,mo,9317,will
9323,siegen,siegen,VERB,ROOT,9323,siegen
9324,.,--,PUNCT,punct,9323,siegen
9325,Wahrlich,wahrlich,ADV,mo,9330,sitzen
9326,",",--,PUNCT,punct,9330,sitzen
9327,Gründe,Grund,NOUN,sb,9330,sitzen
9328,zum,zu,ADP,mnr,9327,Gründe
9329,Friedenmachen,Friedenmachen,NOUN,nk,9328,zum
9330,sitzen,sitzen,VERB,ROOT,9330,sitzen
9331,in,in,ADP,mo,9330,sitzen
9332,jedem,jeder,DET,nk,9333,Kirchstuhl
9333,Kirchstuhl,Kirchstuhl,NOUN,nk,9331,in
9334,",",--,PUNCT,punct,9333,Kirchstuhl
9335,in,in,ADP,mo,9330,sitzen
9336,jeder,jeder,PRON,nk,9335,in
9337,Gasse,Gas,NOUN,ROOT,9337,Gasse
9338,",",--,PUNCT,punct,9337,Gasse
9339,in,in,ADP,mo,9337,Gasse
9340,jedem,jeder,DET,nk,9341,Keller
9341,Keller,Keller,NOUN,nk,9339,in
9342,.,--,PUNCT,punct,9337,Gasse
9343,Wollen,wollen,AUX,ROOT,9343,Wollen
9344,nicht,nicht,PART,ng,9343,Wollen
9345,die,der,DET,nk,9346,Böttcher
9346,Böttcher,Böttcher,NOUN,sb,9343,Wollen
9347,in,in,ADP,mnr,9346,Böttcher
9348,einigen,einiger,DET,nk,9349,Tagen
9349,Tagen,Tag,NOUN,nk,9347,in
9350,ihren,ihr,DET,punct,9343,Wollen
9351,Reiftanz,Reiftanz,NOUN,oa,9352,halten
9352,halten,halten,VERB,ROOT,9352,halten
9353,und,und,CCONJ,cd,9352,halten
9354,zwei,zwei,NUM,nk,9355,Tage
9355,Tage,Tag,NOUN,oa,9361,schwenken
9356,darauf,darauf,ADV,mo,9361,schwenken
9357,die,der,DET,nk,9358,Bäcker
9358,Bäcker,Bäcker,NOUN,sb,9361,schwenken
9359,ihre,ihr,DET,nk,9360,Fahnen
9360,Fahnen,Fahne,NOUN,oa,9361,schwenken
9361,schwenken,schwenken,VERB,cj,9353,und
9362,",",--,PUNCT,punct,9352,halten
9363,und,und,CCONJ,cd,9352,halten
9364,sehen,sehen,VERB,ROOT,9364,sehen
9365,sie,sie,PRON,sb,9364,sehen
9366,ab,ab,ADP,svp,9364,sehen
9367,",",--,PUNCT,punct,9364,sehen
9368,wie,wie,SCONJ,mo,9374,aufgeräumt
9369,mitten,mitten,ADV,mo,9370,64
9370,64,64,NUM,mo,9374,aufgeräumt
9371,unter,unter,ADP,mo,9374,aufgeräumt
9372,springenden,springend,ADJ,nk,9373,Bomben
9373,Bomben,Bombe,NOUN,nk,9371,unter
9374,aufgeräumt,aufgeräumen,VERB,mo,9376,springen
9375,zu,zu,PART,pm,9376,springen
9376,springen,springen,VERB,oc,9364,sehen
9377,ist,sein,AUX,ROOT,9377,ist
9378,?,--,PUNCT,punct,9377,ist
9379,Fällt,fallen,VERB,re,9388,so
9380,nicht,nicht,PART,ng,9379,Fällt
9381,nach,nach,ADP,mo,9379,Fällt
9382,acht,acht,NUM,nk,9383,Tagen
9383,Tagen,Tag,NOUN,nk,9381,nach
9384,der,der,DET,nk,9385,Diebsfehraner
9385,Diebsfehraner,Diebsfehraner,ADJ,ag,9383,Tagen
9386,Viehmarkt,Viehmarkt,NOUN,sb,9379,Fällt
9387,",",--,PUNCT,punct,9388,so
9388,so,so,ADV,mo,9389,ungemein
9389,ungemein,ungemein,ADV,ROOT,9389,ungemein
9390,erheblich,erheblich,ADV,ROOT,9390,erheblich
9391,für,für,ADP,mo,9390,erheblich
9392,hiesige,hiesig,ADJ,nk,9393,Viehzucht
9393,Viehzucht,Viehzucht,NOUN,nk,9391,für
9394,?,--,PUNCT,punct,9390,erheblich
9395,–,--,PUNCT,punct,9396,Schlagen
9396,Schlagen,Schlag,NOUN,ROOT,9396,Schlagen
9397,sich,sich,PRON,oa,9396,Schlagen
9398,nicht,nicht,PART,ng,9396,Schlagen
9399,die,der,DET,nk,9400,Altziebinger
9400,Altziebinger,Altziebinger,NOUN,pd,9396,Schlagen
9401,Altziebingen,Altziebingen,NOUN,sb,9402,ist
9402,ist,sein,AUX,ROOT,9402,ist
9403,ein,ein,DET,nk,9409,Ziebingen
9404,unter,unter,ADP,mo,9403,ein
9405,der,der,DET,nk,9406,Gerichtsbarkeit
9406,Gerichtsbarkeit,Gerichtsbarkeit,NOUN,nk,9404,unter
9407,der,der,DET,nk,9408,Festung
9408,Festung,Festung,NOUN,ag,9406,Gerichtsbarkeit
9409,Ziebingen,Ziebing,NOUN,sb,9402,ist
9410,stehendes,stehend,ADJ,pd,9402,ist
9411,Dörfchen,Dörfche,NOUN,ROOT,9411,Dörfchen
9412,",",--,PUNCT,punct,9411,Dörfchen
9413,das,der,PRON,sb,9415,trinkt
9414,gern,gern,ADV,mo,9415,trinkt
9415,trinkt,trinken,VERB,rc,9411,Dörfchen
9416,",",--,PUNCT,punct,9411,Dörfchen
9417,sonst,sonst,ADV,mo,9421,hat
9418,aber,aber,ADV,mo,9421,hat
9419,keine,kein,DET,nk,9420,Bedeutung
9420,Bedeutung,Bedeutung,NOUN,oa,9421,hat
9421,hat,haben,VERB,par,9411,Dörfchen
9422,.,--,PUNCT,punct,9411,Dörfchen
9423,täglich,täglich,ADV,mo,9424,halbtot
9424,halbtot,halbtot,ADV,ROOT,9424,halbtot
9425,mit,mit,ADP,mo,9424,halbtot
9426,Stuhlbeinen,Stuhlbei,NOUN,ROOT,9426,Stuhlbeinen
9427,und,und,CCONJ,cd,9426,Stuhlbeinen
9428,schleppen,schleppen,NOUN,cj,9427,und
9429,einander,einander,PRON,nk,9426,Stuhlbeinen
9430,an,an,ADP,mnr,9429,einander
9431,den,der,DET,nk,9432,Zöpfen
9432,Zöpfen,Zöpfe,NOUN,nk,9430,an
9433,herum,herum,ADV,ac,9430,an
9434,und,und,CCONJ,cd,9426,Stuhlbeinen
9435,warten,warten,VERB,cj,9434,und
9436,bis,bis,ADP,mo,9426,Stuhlbeinen
9437,diese,dieser,PRON,nk,9436,bis
9438,Stunde,Stunde,NOUN,ROOT,9438,Stunde
9439,vergeblich,vergeblich,ADV,mo,9438,Stunde
9440,auf,auf,ADP,mo,9438,Stunde
9441,unsere,unser,DET,nk,9442,Obrigkeit
9442,Obrigkeit,Obrigkeit,NOUN,nk,9440,auf
9443,",",--,PUNCT,punct,9442,Obrigkeit
9444,die,der,PRON,sb,9445,hinausreitet
9445,hinausreitet,hinausreiten,VERB,rc,9442,Obrigkeit
9446,und,und,CCONJ,cd,9445,hinausreitet
9447,sie,sie,PRON,oa,9449,derb
9448,recht,recht,ADV,mo,9449,derb
9449,derb,derb,PRON,cj,9446,und
9450,gerbt,rben,VERB,ROOT,9450,gerbt
9451,und,und,CCONJ,cd,9450,gerbt
9452,abstraft,abstrafen,VERB,cj,9451,und
9453,?,--,PUNCT,punct,9450,gerbt
9454,–,--,PUNCT,punct,9455,Hab
9455,Hab,Hab,ADV,ROOT,9455,Hab
9456,',--,PUNCT,punct,9455,Hab
9457,ich,ich,PRON,sb,9455,Hab
9458,alles,alle,PRON,oa,9459,gesagt
9459,gesagt,sagen,VERB,oc,9455,Hab
9460,?,--,PUNCT,punct,9455,Hab
9461,–,--,PUNCT,punct,9463,etwas
9462,Kaum,kaum,ADV,mo,9463,etwas
9463,etwas,etwas,PRON,pd,9468,steht
9464,:,--,PUNCT,punct,9468,steht
9465,unter,unter,ADP,mo,9468,steht
9466,der,der,DET,nk,9467,Tür
9467,Tür,Tür,NOUN,nk,9465,unter
9468,steht,stehen,VERB,ROOT,9468,steht
9469,der,der,DET,nk,9470,Apotheker
9470,Apotheker,Apotheker,NOUN,ROOT,9470,Apotheker
9471,und,und,CCONJ,cd,9470,Apotheker
9472,will,wollen,AUX,cj,9471,und
9473,seine,sein,DET,nk,9474,Kräuter
9474,Kräuter,Kräuter,NOUN,oa,9475,sammeln
9475,sammeln,sammeln,VERB,oc,9472,will
9476,",",--,PUNCT,punct,9472,will
9477,nicht,nicht,PART,ng,9472,will
9478,hinaus,hinaus,ADV,mo,9479,könnend
9479,könnend,könnend,ADV,mo,9472,will
9480,.,--,PUNCT,punct,9470,Apotheker
9481,–,--,PUNCT,punct,9482,Die
9482,Die,der,DET,ROOT,9482,Die
9483,Weiber,weiber,NOUN,sb,9484,beten
9484,beten,beten,VERB,ROOT,9484,beten
9485,zu,zu,ADP,mo,9484,beten
9486,Gott,Gott,NOUN,nk,9485,zu
9487,um,um,ADP,op,9484,beten
9488,Wetter,Wetter,NOUN,nk,9487,um
9489,und,und,CCONJ,cd,9484,beten
9490,wollen,wollen,AUX,cj,9489,und
9491,Flachs,Flachs,NOUN,oa,9492,säen
9492,säen,säen,ADJ,oc,9490,wollen
9493,–,--,PUNCT,punct,9490,wollen
9494,Maikäfer,Maikäfer,NOUN,cj,9490,wollen
9495,außer,außer,ADP,mnr,9494,Maikäfer
9496,der,der,DET,nk,9495,außer
9497,Festung,Festung,NOUN,sb,9498,sollen
9498,sollen,sollen,AUX,ROOT,9498,sollen
9499,abgeschüttelt,abgeschüttelt,VERB,oc,9500,werden
9500,werden,werden,AUX,oc,9498,sollen
9501,und,und,CCONJ,cd,9498,sollen
9502,die,der,DET,nk,9503,Hecken
9503,Hecken,Hecke,NOUN,cj,9501,und
9504,.,--,PUNCT,punct,9498,sollen
9505,–,--,PUNCT,punct,9508,frißt
9506,Am,an,ADP,mo,9508,frißt
9507,Kirchturm,Kirchturm,NOUN,nk,9506,Am
9508,frißt,fressen,VERB,ROOT,9508,frißt
9509,der,der,DET,sb,9508,frißt
9510,Christophel,Christophel,PROPN,ROOT,9510,Christophel
9511,",",--,PUNCT,punct,9510,Christophel
9512,der,der,DET,nk,9513,Elefant
9513,Elefant,Elefant,NOUN,app,9510,Christophel
9514,",",--,PUNCT,punct,9510,Christophel
9515,greulich,greulich,ADV,par,9510,Christophel
9516,fort,fort,ADV,par,9510,Christophel
9517,und,und,CCONJ,cd,9510,Christophel
9518,reibt,reiben,VERB,cj,9517,und
9519,seinen,sein,DET,nk,9521,Elefantenherrn
9520,eigenen,eigen,ADJ,nk,9521,Elefantenherrn
9521,Elefantenherrn,Elefantenherrn,NOUN,oa,9518,reibt
9522,auf,auf,ADP,ROOT,9522,auf
9523,.,--,PUNCT,punct,9522,auf
9524,–,--,PUNCT,punct,9528,sitzt
9525,Ein,ein,DET,nk,9527,Buchhändler
9526,gewandter,gewandt,ADJ,nk,9527,Buchhändler
9527,Buchhändler,Buchhändler,NOUN,sb,9528,sitzt
9528,sitzt,sitzen,VERB,ROOT,9528,sitzt
9529,in,in,ADP,mo,9528,sitzt
9530,der,der,DET,nk,9531,Sakristei
9531,Sakristei,Sakristei,NOUN,nk,9529,in
9532,und,und,CCONJ,cd,9528,sitzt
9533,schreibt,schreiben,VERB,cj,9532,und
9534,nach,nach,ADV,mo,9533,schreibt
9535,und,und,CCONJ,cd,9533,schreibt
9536,macht,machen,VERB,ROOT,9536,macht
9537,kein,kein,DET,nk,9538,Geschäft
9538,Geschäft,Geschäft,NOUN,oa,9536,macht
9539,.,--,PUNCT,punct,9536,macht
9540,–,--,PUNCT,punct,9544,steht
9541,Gegenwärtiger,Gegenwärtiger,ADJ,nk,9542,Mann
9542,Mann,Mann,NOUN,sb,9544,steht
9543,selber,selber,ADV,mnr,9542,Mann
9544,steht,stehen,VERB,ROOT,9544,steht
9545,hier,hier,ADV,mo,9544,steht
9546,und,und,CCONJ,cd,9544,steht
9547,macht,machen,VERB,cj,9546,und
9548,eine,ein,PRON,oa,9547,macht
9549,Predigt,Predigt,PROPN,ROOT,9549,Predigt
9550,und,und,CCONJ,cd,9549,Predigt
9551,rät,raten,VERB,cj,9550,und
9552,an,an,ADP,svp,9551,rät
9553,",",--,PUNCT,punct,9551,rät
9554,eine,ein,PRON,oa,9561,stopfen
9555,oder,oder,CCONJ,cd,9554,eine
9556,ein,ein,DET,nk,9557,paar
9557,paar,paar,DET,mo,9558,65
9558,65,65,NUM,nk,9559,Friedenspfeifen
9559,Friedenspfeifen,Friedenspfeife,NOUN,cj,9555,oder
9560,zu,zu,PART,pm,9561,stopfen
9561,stopfen,stopfen,VERB,oc,9551,rät
9562,.,--,PUNCT,punct,9549,Predigt
9563,Jedoch,jedoch,ADV,ROOT,9563,Jedoch
9564,segnet,segnen,VERB,ROOT,9564,segnet
9565,er,er,PRON,sb,9564,segnet
9566,freudig,freudig,ADV,mo,9564,segnet
9567,die,der,DET,nk,9568,Gelegenheit
9568,Gelegenheit,Gelegenheit,NOUN,oa,9564,segnet
9569,",",--,PUNCT,punct,9568,Gelegenheit
9570,dadurch,dadurch,ADV,mo,9574,Kommandanten
9571,einem,ein,DET,nk,9574,Kommandanten
9572,so,so,ADV,mo,9573,wachsamen
9573,wachsamen,wachsam,ADJ,nk,9574,Kommandanten
9574,Kommandanten,Kommandant,NOUN,par,9568,Gelegenheit
9575,",",--,PUNCT,punct,9574,Kommandanten
9576,wie,wie,ADP,ROOT,9576,wie
9577,Euere,Euere,ADJ,nk,9578,Exzellenz
9578,Exzellenz,Exzellenz,NOUN,ROOT,9578,Exzellenz
9579,",",--,PUNCT,punct,9578,Exzellenz
9580,wenn,wenn,SCONJ,cp,9582,in
9581,auch,auch,ADV,mo,9582,in
9582,in,in,ADP,mo,9588,werden
9583,der,der,DET,nk,9584,Nacht
9584,Nacht,Nacht,NOUN,nk,9582,in
9585,",",--,PUNCT,punct,9588,werden
9586,bekannt,bekannt,ADV,pd,9588,werden
9587,zu,zu,PART,pm,9588,werden
9588,werden,werden,AUX,oc,9578,Exzellenz
9589,.,--,PUNCT,punct,9578,Exzellenz
9590,Amen,Amen,NOUN,ROOT,9590,Amen
9591,!,--,PUNCT,punct,9590,Amen
9592,«,--,PUNCT,punct,9590,Amen
9593,Die,der,DET,nk,9594,Kirchenversammlung
9594,Kirchenversammlung,Kirchenversammlung,NOUN,sb,9595,rief
9595,rief,rufen,VERB,ROOT,9595,rief
9596,:,--,PUNCT,punct,9595,rief
9597,Vivat,Vivat,NOUN,oa,9595,rief
9598,",",--,PUNCT,punct,9595,rief
9599,ich,ich,PRON,sb,9600,sterbe
9600,sterbe,sterben,VERB,oc,9595,rief
9601,täglich,täglich,ADV,mo,9600,sterbe
9602,und,und,CCONJ,cd,9601,täglich
9603,mein,mein,DET,nk,9604,Leben
9604,Leben,Leben,NOUN,cj,9602,und
9605,!,--,PUNCT,punct,9595,rief
9606,–,--,PUNCT,punct,9595,rief
9607,Er,er,PRON,ROOT,9607,Er
9608,aber,aber,CCONJ,ju,9609,schweigt
9609,schweigt,schweigen,VERB,ROOT,9609,schweigt
9610,sehr,sehr,ADV,mo,9611,bedeutend
9611,bedeutend,bedeutend,ADV,mo,9609,schweigt
9612,und,und,CCONJ,cd,9609,schweigt
9613,begibt,begeben,VERB,cj,9612,und
9614,sich,sich,PRON,oa,9613,begibt
9615,aus,aus,ADP,mo,9613,begibt
9616,der,der,DET,nk,9617,Kirche
9617,Kirche,Kirche,NOUN,nk,9615,aus
9618,!,--,PUNCT,punct,9609,schweigt
9619,Noch,noch,ADV,mo,9620,um
9620,um,um,ADP,ROOT,9620,um
9621,Mitternacht,Mitternacht,NOUN,sb,9622,ist
9622,ist,sein,AUX,ROOT,9622,ist
9623,großer,groß,ADJ,nk,9624,Konseil
9624,Konseil,Konseil,NOUN,pd,9622,ist
9625,.,--,PUNCT,punct,9622,ist
9626,Ein,ein,DET,nk,9628,Schleier
9627,undurchdringlicher,undurchdringlich,ADJ,nk,9628,Schleier
9628,Schleier,Schleier,NOUN,sb,9629,verbirgt
9629,verbirgt,verbergen,VERB,ROOT,9629,verbirgt
9630,der,der,DET,punct,9629,verbirgt
9631,Welt,Welt,NOUN,ROOT,9631,Welt
9632,die,der,DET,nk,9633,Staatsgeheimnisse
9633,Staatsgeheimnisse,Staatsgeheimnisse,NOUN,pd,9631,Welt
9634,(,--,PUNCT,punct,9636,bediene
9635,ich,ich,PRON,sb,9636,bediene
9636,bediene,bediene,VERB,par,9633,Staatsgeheimnisse
9637,mich,mich,PRON,oa,9636,bediene
9638,gern,gern,ADV,mo,9636,bediene
9639,der,der,DET,nk,9640,dreifachen
9640,dreifachen,dreifach,ADJ,og,9636,bediene
9641,Prediger-Tautologia,Prediger-Tautologia,PROPN,ROOT,9641,Prediger-Tautologia
9642,oder,oder,CCONJ,cd,9641,Prediger-Tautologia
9643,Einerleisagerei,Einerleisagerei,NOUN,cj,9642,oder
9644,als,als,ADP,mnr,9641,Prediger-Tautologia
9645,der,der,DET,nk,9646,gewöhnlichsten
9646,gewöhnlichsten,gewöhnlichst,NOUN,nk,9644,als
9647,),--,PUNCT,punct,9646,gewöhnlichsten
9648,.,--,PUNCT,punct,9641,Prediger-Tautologia
9649,Gegen,gegen,ADP,ROOT,9649,Gegen
9650,fünf,fünf,NUM,nk,9649,Gegen
9651,Uhr,Uhr,NOUN,sb,9653,wird
9652,morgens,morgens,ADV,mnr,9651,Uhr
9653,wird,werden,AUX,ROOT,9653,wird
9654,nicht,nicht,PART,ng,9656,geschossen
9655,mehr,mehr,ADV,mo,9654,nicht
9656,geschossen,schießen,VERB,oc,9653,wird
9657,.,--,PUNCT,punct,9653,wird
9658,Sogar,sogar,ADV,mo,9659,am
9659,am,an,ADP,mo,9661,hörte
9660,Morgen,Morgen,NOUN,nk,9659,am
9661,hörte,hören,VERB,ROOT,9661,hörte
9662,man,man,PRON,sb,9661,hörte
9663,noch,noch,ADV,mo,9664,nichts
9664,nichts,nichts,PRON,nk,9665,Gewisses
9665,Gewisses,Gewiß,NOUN,oa,9661,hörte
9666,;,--,PUNCT,punct,9661,hörte
9667,aber,aber,CCONJ,ju,9671,sah
9668,von,von,ADP,mo,9671,sah
9669,feindlicher,feindlich,ADJ,nk,9670,Seite
9670,Seite,Seite,NOUN,nk,9668,von
9671,sah,sehen,VERB,ROOT,9671,sah
9672,man,man,PRON,ROOT,9672,man
9673,etwas,etwas,ADV,mo,9674,desto
9674,desto,desto,ADV,mo,9675,Wichtigeres
9675,Wichtigeres,wichtigere,NOUN,oa,9682,begleitet
9676,im,in,ADP,mnr,9675,Wichtigeres
9677,Tor,Tor,NOUN,nk,9676,im
9678,",",--,PUNCT,punct,9675,Wichtigeres
9679,einen,ein,DET,nk,9680,Diebsfehraner-Parlamentär
9680,Diebsfehraner-Parlamentär,Diebsfehraner-Parlamentär,NOUN,app,9675,Wichtigeres
9681,",",--,PUNCT,punct,9682,begleitet
9682,begleitet,begleiten,VERB,ROOT,9682,begleitet
9683,(,--,PUNCT,punct,9686,wollte
9684,die,der,DET,nk,9685,Stadt
9685,Stadt,Stadt,NOUN,sb,9686,wollte
9686,wollte,wollen,AUX,ROOT,9686,wollte
9687,vor,vor,ADP,mo,9689,sterben
9688,Erstaunen,erstaunen,NOUN,nk,9687,vor
9689,sterben,sterben,VERB,oc,9686,wollte
9690,),--,PUNCT,punct,9689,sterben
9691,von,von,ADP,mo,9686,wollte
9692,einem,ein,DET,nk,9693,Ziebinger-Parlamentär
9693,Ziebinger-Parlamentär,Ziebinger-Parlamentär,NOUN,nk,9691,von
9694,.,--,PUNCT,punct,9686,wollte
9695,»,--,PUNCT,punct,9696,Nun
9696,Nun,nun,ADV,ROOT,9696,Nun
9697,",",--,PUNCT,punct,9696,Nun
9698,man,man,PRON,sb,9699,ist
9699,ist,sein,AUX,ROOT,9699,ist
9700,vielleicht,vielleicht,ADV,mo,9699,ist
9701,auf,auf,ADP,mo,9699,ist
9702,keinem,kein,DET,nk,9704,Wege
9703,falschen,falsch,ADJ,nk,9704,Wege
9704,Wege,Weg,NOUN,nk,9701,auf
9705,",",--,PUNCT,punct,9699,ist
9706,wenn,wenn,SCONJ,cp,9708,vermutet
9707,man,man,PRON,sb,9708,vermutet
9708,vermutet,vermuten,VERB,mo,9699,ist
9709,",",--,PUNCT,punct,9708,vermutet
9710,daß,daß,SCONJ,mo,9699,ist
9711,der,der,DET,dep,9699,ist
9712,Ziebinger,Ziebinger,NOUN,mo,9720,sagten
9713,schon,schon,ADV,mo,9714,in
9714,in,in,ADP,mo,9717,abgegangen
9715,der,der,DET,nk,9716,Nacht
9716,Nacht,Nacht,NOUN,nk,9714,in
9717,abgegangen,abgegangen,VERB,oc,9712,Ziebinger
9718,«,--,PUNCT,punct,9720,sagten
9719,",",--,PUNCT,punct,9720,sagten
9720,sagten,sagen,VERB,ROOT,9720,sagten
9721,Leute,Leute,NOUN,sb,9720,sagten
9722,vom,von,ADP,mo,9720,sagten
9723,Handwerk,Handwerk,NOUN,nk,9722,vom
9724,.,--,PUNCT,punct,9720,sagten
9725,66,66,NUM,nmc,9726,Drei
9726,Drei,drei,NUM,nk,9727,Stunden
9727,Stunden,Stunde,NOUN,ams,9731,weiche
9728,darauf,darauf,ADV,mnr,9727,Stunden
9729,–,--,PUNCT,punct,9731,weiche
9730,ich,ich,PRON,sb,9731,weiche
9731,weiche,weichen,VERB,ROOT,9731,weiche
9732,hier,hier,ADV,mo,9731,weiche
9733,von,von,ADP,mo,9731,weiche
9734,denen,der,PRON,nk,9733,von
9735,ab,ab,ADP,svp,9731,weiche
9736,",",--,PUNCT,punct,9731,weiche
9737,die,der,PRON,sb,9738,von
9738,von,von,ADP,rc,9726,Drei
9739,vier,vier,NUM,nk,9740,Stunden
9740,Stunden,Stunde,NOUN,nk,9738,von
9741,sprechen,sprechen,VERB,mo,9743,fing
9742,–,--,PUNCT,punct,9743,fing
9743,fing,fing,VERB,ROOT,9743,fing
9744,ein,ein,DET,nk,9745,Gerücht
9745,Gerücht,Gerücht,NOUN,sb,9743,fing
9746,an,an,ADP,svp,9743,fing
9747,und,und,CCONJ,cd,9743,fing
9748,dauerte,dauern,VERB,cj,9747,und
9749,fort,fort,ADV,svp,9748,dauerte
9750,",",--,PUNCT,punct,9748,dauerte
9751,daß,daß,SCONJ,cp,9753,Diebsfehraner
9752,mittags,mittags,ADV,mo,9753,Diebsfehraner
9753,Diebsfehraner,Diebsfehraner,NOUN,dep,9743,fing
9754,in,in,ADP,mnr,9753,Diebsfehraner
9755,die,der,DET,nk,9756,Festung
9756,Festung,Festung,NOUN,ROOT,9756,Festung
9757,",",--,PUNCT,punct,9756,Festung
9758,zugleich,zugleich,ADV,mo,9762,glauben
9759,–,--,PUNCT,punct,9762,glauben
9760,spätere,spät,ADJ,nk,9761,Jahrhunderte
9761,Jahrhunderte,Jahrhundert,NOUN,oa,9762,glauben
9762,glauben,glauben,VERB,par,9756,Festung
9763,es,es,PRON,oa,9762,glauben
9764,nicht,nicht,PART,ng,9762,glauben
9765,mehr,mehr,ADV,mo,9764,nicht
9766,–,--,PUNCT,punct,9762,glauben
9767,Ziebinger,Ziebinger,NOUN,app,9756,Festung
9768,in,in,ADP,mo,9771,einziehen
9769,das,der,DET,nk,9770,Reichsstädchen
9770,Reichsstädchen,Reichsstädchen,NOUN,nk,9768,in
9771,einziehen,einziehen,VERB,oc,9772,sollten
9772,sollten,sollen,AUX,ROOT,9772,sollten
9773,",",--,PUNCT,punct,9772,sollten
9774,damit,damit,SCONJ,cp,9776,Städte
9775,beide,beide,DET,nk,9776,Städte
9776,Städte,Stadt,NOUN,sb,9772,sollten
9777,so,so,ADV,mo,9778,lange
9778,lange,lange,ADV,mo,9772,sollten
9779,gegenseitige,gegenseitig,ADJ,nk,9780,Geiseln
9780,Geiseln,Geisel,NOUN,oa,9785,besäßen
9781,und,und,CCONJ,cd,9780,Geiseln
9782,Bürgen,Bürg,NOUN,cj,9781,und
9783,ihres,ihr,DET,nk,9784,Waffenstillstandes
9784,Waffenstillstandes,Waffenstillstand,NOUN,ag,9782,Bürgen
9785,besäßen,besäßen,VERB,ROOT,9785,besäßen
9786,",",--,PUNCT,punct,9785,besäßen
9787,bis,bis,SCONJ,ac,9788,wieder
9788,wieder,wieder,ADV,mo,9785,besäßen
9789,Reichsgerichte,Reichsgericht,NOUN,ROOT,9789,Reichsgerichte
9790,die,der,DET,nk,9791,Sache
9791,Sache,Sache,NOUN,oa,9792,entschieden
9792,entschieden,entscheiden,VERB,oc,9789,Reichsgerichte
9793,.,--,PUNCT,punct,9789,Reichsgerichte
9794,Doch,doch,CCONJ,ju,9795,geschah
9795,geschah,geschehen,VERB,ROOT,9795,geschah
9796,es,es,PRON,ep,9795,geschah
9797,wirklich,wirklich,ADV,mo,9795,geschah
9798,;,--,PUNCT,punct,9795,geschah
9799,um,um,ADP,mo,9802,stürmten
9800,elf,elf,NUM,nk,9801,Uhr
9801,Uhr,Uhr,NOUN,nk,9799,um
9802,stürmten,stürmen,VERB,ROOT,9802,stürmten
9803,alle,aller,DET,nk,9804,Glocken
9804,Glocken,Glocke,NOUN,sb,9802,stürmten
9805,–,--,PUNCT,punct,9802,stürmten
9806,alle,aller,DET,nk,9807,Hunde
9807,Hunde,Hund,NOUN,oa,9808,bellten
9808,bellten,bellen,VERB,oc,9802,stürmten
9809,wieder,wieder,ADV,mo,9816,waren
9810,auf,auf,ADP,mo,9809,wieder
9811,den,der,DET,nk,9812,Gassen
9812,Gassen,Gasse,NOUN,nk,9810,auf
9813,–,--,PUNCT,punct,9810,auf
9814,alle,aller,DET,nk,9815,Dächer
9815,Dächer,Dach,NOUN,sb,9816,waren
9816,waren,sein,AUX,ROOT,9816,waren
9817,mit,mit,ADP,mo,9816,waren
9818,Menschen,Mensch,NOUN,nk,9817,mit
9819,statt,statt,ADP,ac,9820,mit
9820,mit,mit,ADP,mo,9816,waren
9821,Schindeln,Schindel,NOUN,nk,9820,mit
9822,gedeckt,decken,VERB,ROOT,9822,gedeckt
9823,und,und,CCONJ,cd,9822,gedeckt
9824,die,der,DET,nk,9825,Fenster
9825,Fenster,Fenster,NOUN,oa,9831,belegt
9826,statt,statt,ADP,mo,9831,belegt
9827,des,der,DET,nk,9828,Düngers
9828,Düngers,Dünger,NOUN,nk,9826,statt
9829,mit,mit,ADP,mo,9831,belegt
9830,Gesichtern,Gesicht,NOUN,nk,9829,mit
9831,belegt,belegen,VERB,cj,9823,und
9832,.,--,PUNCT,punct,9822,gedeckt
9833,–,--,PUNCT,punct,9834,Die
9834,Die,der,DET,ROOT,9834,Die
9835,Ziebinger,Ziebinger,NOUN,nk,9836,Mannschaft
9836,Mannschaft,Mannschaft,NOUN,sb,9837,stand
9837,stand,stehen,VERB,ROOT,9837,stand
9838,gegen,gegen,ADP,mo,9837,stand
9839,das,der,DET,nk,9841,Tor
9840,obere,oberer,ADJ,nk,9841,Tor
9841,Tor,Tor,NOUN,nk,9838,gegen
9842,zum,zu,ADP,mnr,9841,Tor
9843,Ausmarsch,Ausmarsch,NOUN,nk,9842,zum
9844,",",--,PUNCT,punct,9843,Ausmarsch
9845,den,der,DET,nk,9846,Hintern
9846,Hintern,Hintern,NOUN,da,9837,stand
9847,den,der,DET,punct,9837,stand
9848,Diebsfehranern,Diebsfehraner,NOUN,ROOT,9848,Diebsfehranern
9849,zukehrend,zukehrend,ADV,pd,9848,Diebsfehranern
9850,",",--,PUNCT,punct,9848,Diebsfehranern
9851,welche,welcher,PRON,sb,9856,sollten
9852,durch,durch,ADP,mo,9855,hereinkommen
9853,das,der,DET,nk,9854,untere
9854,untere,unterer,NOUN,nk,9852,durch
9855,hereinkommen,hereinkommen,VERB,oc,9856,sollten
9856,sollten,sollen,AUX,rc,9848,Diebsfehranern
9857,",",--,PUNCT,punct,9848,Diebsfehranern
9858,auf,auf,ADP,mo,9848,Diebsfehranern
9859,welchem,welcher,PRON,da,9863,anschlug
9860,die,der,DET,nk,9861,Hundereserve
9861,Hundereserve,Hundereserve,NOUN,sb,9863,anschlug
9862,entsetzlich,entsetzlich,ADV,mo,9863,anschlug
9863,anschlug,anschlug,NOUN,ROOT,9863,anschlug
9864,",",--,PUNCT,punct,9863,anschlug
9865,weil,weil,SCONJ,cp,9867,Zeit
9866,die,der,DET,nk,9867,Zeit
9867,Zeit,Zeit,NOUN,mo,9863,anschlug
9868,viel,viel,ADV,mo,9870,kurz
9869,zu,zu,PART,mo,9870,kurz
9870,kurz,kurz,ADV,pd,9867,Zeit
9871,gewesen,sein,AUX,ROOT,9871,gewesen
9872,",",--,PUNCT,punct,9871,gewesen
9873,als,als,SCONJ,cm,9876,hätte
9874,daß,daß,SCONJ,cp,9876,hätte
9875,sie,sie,PRON,sb,9876,hätte
9876,hätte,haben,AUX,mo,9871,gewesen
9877,toll,toll,ADV,pd,9880,werden
9878,und,und,CCONJ,cd,9877,toll
9879,stumm,stumm,ADV,cj,9878,und
9880,werden,werden,AUX,oc,9881,können
9881,können,können,AUX,oc,9876,hätte
9882,.,--,PUNCT,punct,9871,gewesen
9883,–,--,PUNCT,ROOT,9883,–
9884,Der,der,DET,nk,9885,Elefantenherr
9885,Elefantenherr,Elefantenherr,NOUN,sb,9886,saß
9886,saß,sitzen,VERB,ROOT,9886,saß
9887,auf,auf,ADP,mo,9886,saß
9888,dem,der,DET,nk,9889,Christophel
9889,Christophel,Christophel,NOUN,nk,9887,auf
9890,vor,vor,ADP,mo,9886,saß
9891,dem,der,DET,nk,9892,Tore
9892,Tore,Tor,NOUN,nk,9890,vor
9893,der,der,DET,nk,9894,Nepomukskirche
9894,Nepomukskirche,Nepomukskirche,NOUN,ag,9892,Tore
9895,und,und,CCONJ,cd,9894,Nepomukskirche
9896,sah,sehen,VERB,ROOT,9896,sah
9897,herab,herab,ADV,mo,9896,sah
9898,und,und,CCONJ,cd,9896,sah
9899,überall,überall,ADV,cj,9898,und
9900,hin,hin,ADV,svp,9896,sah
9901,.,--,PUNCT,punct,9896,sah
9902,–,--,PUNCT,punct,9905,waren
9903,Die,der,DET,nk,9904,Gassen
9904,Gassen,Gasse,NOUN,sb,9905,waren
9905,waren,sein,AUX,ROOT,9905,waren
9906,mit,mit,ADP,mo,9905,waren
9907,67,67,NUM,nk,9908,Zuschauergestrüpp
9908,Zuschauergestrüpp,Zuschauergestrüpp,NOUN,nk,9906,mit
9909,überwachsen,überwachsen,VERB,ROOT,9909,überwachsen
9910,.,--,PUNCT,punct,9909,überwachsen
9911,–,--,PUNCT,punct,9916,konnten
9912,Nur,nur,ADV,mo,9913,ich
9913,ich,ich,PRON,sb,9916,konnten
9914,und,und,CCONJ,cd,9913,ich
9915,Stöcklein,Stöcklein,NOUN,cj,9914,und
9916,konnten,können,AUX,ROOT,9916,konnten
9917,nicht,nicht,PART,ng,9916,konnten
9918,durchsehen,durchsehen,ADV,mo,9916,konnten
9919,und,und,CCONJ,cd,9918,durchsehen
9920,durchkommen,durchkommen,VERB,cj,9919,und
9921,.,--,PUNCT,punct,9916,konnten
9922,Der,der,DET,nk,9923,Buchhändler
9923,Buchhändler,Buchhändler,NOUN,sb,9924,wurde
9924,wurde,werden,AUX,ROOT,9924,wurde
9925,darüber,darüber,ADV,mo,9927,toll
9926,ganz,ganz,ADV,mo,9927,toll
9927,toll,toll,ADV,pd,9924,wurde
9928,",",--,PUNCT,punct,9924,wurde
9929,er,er,PRON,sb,9930,mußte
9930,mußte,müssen,AUX,cj,9924,wurde
9931,durchaus,durchaus,ADV,mo,9930,mußte
9932,den,der,DET,nk,9933,Zug
9933,Zug,Zug,NOUN,oa,9934,haben
9934,haben,haben,VERB,oc,9930,mußte
9935,für,für,ADP,mo,9934,haben
9936,sein,sein,DET,nk,9938,Museum
9937,»,--,PUNCT,punct,9938,Museum
9938,Museum,Museum,NOUN,ROOT,9938,Museum
9939,«,--,PUNCT,punct,9938,Museum
9940,.,--,PUNCT,punct,9938,Museum
9941,Endlich,endlich,ADV,mo,9942,ersah
9942,ersah,ersehen,VERB,ROOT,9942,ersah
9943,er,er,PRON,sb,9942,ersah
9944,einen,ein,DET,nk,9946,Frachtwagen
9945,abgeladenen,abgeladen,ADJ,nk,9946,Frachtwagen
9946,Frachtwagen,Frachtwag,NOUN,oa,9942,ersah
9947,;,--,PUNCT,punct,9942,ersah
9948,er,er,PRON,sb,9949,würde
9949,würde,werden,AUX,ROOT,9949,würde
9950,sich,sich,PRON,oa,9949,würde
9951,auf,auf,ADP,mo,9956,erhalten
9952,dessen,der,PRON,ag,9953,Leiter
9953,Leiter,Leiter,NOUN,nk,9951,auf
9954,stehend,stehend,ADV,mo,9956,erhalten
9955,zu,zu,PART,pm,9956,erhalten
9956,erhalten,erhalten,VERB,oc,9957,gesucht
9957,gesucht,suchen,VERB,oc,9958,haben
9958,haben,haben,AUX,oc,9962,hätte
9959,durch,durch,ADP,mo,9960,balancieren
9960,balancieren,balancieren,VERB,oc,9958,haben
9961,",",--,PUNCT,punct,9962,hätte
9962,hätte,haben,AUX,ROOT,9962,hätte
9963,nicht,nicht,PART,ng,9964,zum
9964,zum,zu,ADP,ROOT,9964,zum
9965,noch,noch,ADV,mo,9966,größeren
9966,größeren,groß,ADJ,nk,9967,Glücke
9967,Glücke,Glücke,NOUN,nk,9964,zum
9968,ein,ein,DET,nk,9970,Mann
9969,zwei,zwei,NUM,nk,9970,Mann
9970,Mann,Mann,NOUN,mo,9964,zum
9971,hohes,hoh,ADJ,nk,9974,Zuckerfaß
9972,",",--,PUNCT,punct,9971,hohes
9973,ausgepacktes,ausgepackt,ADJ,cj,9971,hohes
9974,Zuckerfaß,Zuckerfaß,NOUN,nk,9964,zum
9975,daneben,daneben,ADV,mo,9976,gestanden
9976,gestanden,gestehen,VERB,ROOT,9976,gestanden
9977,.,--,PUNCT,punct,9976,gestanden
9978,Darauf,darauf,ADV,op,9979,schwang
9979,schwang,schwingen,VERB,ROOT,9979,schwang
9980,sich,sich,PRON,oa,9979,schwang
9981,jeder,jeder,PRON,sb,9979,schwang
9982,von,von,ADP,pg,9981,jeder
9983,uns,uns,PRON,nk,9982,von
9984,.,--,PUNCT,punct,9979,schwang
9985,Als,als,SCONJ,cp,9988,gemächlicher
9986,wir,wir,PRON,sb,9988,gemächlicher
9987,viel,viel,ADV,mo,9988,gemächlicher
9988,gemächlicher,gemächlich,ADV,pd,9999,uns
9989,",",--,PUNCT,punct,9988,gemächlicher
9990,als,als,SCONJ,cm,9993,Herde
9991,die,der,DET,nk,9993,Herde
9992,ganze,ganz,ADJ,nk,9993,Herde
9993,Herde,Herde,NOUN,cc,9988,gemächlicher
9994,",",--,PUNCT,punct,9988,gemächlicher
9995,oben,oben,ADV,mo,9996,auf
9996,auf,auf,ADP,mo,9988,gemächlicher
9997,dem,der,DET,nk,9998,Fasse
9998,Fasse,Fasse,NOUN,nk,9996,auf
9999,uns,uns,PRON,ROOT,9999,uns
10000,umschauten,umschauten,ADV,sb,10006,sahen
10001,und,und,CCONJ,cd,10000,umschauten
10002,eben,eben,ADV,mo,10005,einrücken
10003,die,der,DET,nk,10004,Feldmusik
10004,Feldmusik,Feldmusik,NOUN,oa,10005,einrücken
10005,einrücken,einrücken,VERB,cj,10001,und
10006,sahen,sehen,VERB,mo,10008,brach
10007,",",--,PUNCT,punct,10008,brach
10008,brach,brechen,VERB,ROOT,10008,brach
10009,jählings,jählings,ADV,mo,10008,brach
10010,der,der,DET,nk,10011,Fußdeckel
10011,Fußdeckel,Fußdeckel,NOUN,sb,10008,brach
10012,unter,unter,ADP,ROOT,10012,unter
10013,unseren,unser,DET,nk,10015,Füßen
10014,vier,vier,NUM,nk,10015,Füßen
10015,Füßen,Fuß,NOUN,nk,10012,unter
10016,zusammen,zusammen,ADV,svp,10012,unter
10017,und,und,CCONJ,cd,10012,unter
10018,ich,ich,PRON,sb,10022,standen
10019,und,und,CCONJ,cd,10018,ich
10020,der,der,DET,nk,10021,Buchhändler
10021,Buchhändler,Buchhändler,NOUN,cj,10019,und
10022,standen,stehen,VERB,cj,10017,und
10023,unten,unten,ADV,mo,10022,standen
10024,in,in,ADP,mo,10022,standen
10025,der,der,DET,nk,10026,Karthause
10026,Karthause,Karthause,NOUN,ROOT,10026,Karthause
10027,und,und,CCONJ,ju,10028,sahen
10028,sahen,sehen,VERB,ROOT,10028,sahen
10029,uns,uns,PRON,oa,10028,sahen
10030,an,an,ADP,svp,10028,sahen
10031,.,--,PUNCT,punct,10028,sahen
10032,Ein,ein,DET,nk,10034,Fallgatter
10033,verfluchtes,verflucht,ADJ,nk,10034,Fallgatter
10034,Fallgatter,Fallgatter,NOUN,ROOT,10034,Fallgatter
10035,",",--,PUNCT,punct,10034,Fallgatter
10036,wie,wie,ADP,cm,10038,Fallstrick
10037,ein,ein,DET,nk,10038,Fallstrick
10038,Fallstrick,Fallstrick,NOUN,cc,10034,Fallgatter
10039,!,--,PUNCT,punct,10034,Fallgatter
10040,–,--,PUNCT,punct,10043,klopfte
10041,Der,der,DET,nk,10042,Buchhändler
10042,Buchhändler,Buchhändler,NOUN,sb,10043,klopfte
10043,klopfte,klopften,VERB,ROOT,10043,klopfte
10044,wie,wie,ADP,cm,10047,Begrabener
10045,ein,ein,DET,nk,10047,Begrabener
10046,lebendig,lebendig,ADV,mo,10047,Begrabener
10047,Begrabener,Begrabener,NOUN,mo,10043,klopfte
10048,–,--,PUNCT,punct,10049,schrie
10049,schrie,schreien,VERB,cj,10043,klopfte
10050,wie,wie,ADP,cm,10051,ein
10051,ein,ein,DET,mo,10049,schrie
10052,Untergesunkener,Untergesunkener,NOUN,ROOT,10052,Untergesunkener
10053,–,--,PUNCT,punct,10052,Untergesunkener
10054,pfiff,Pfiff,NOUN,cj,10052,Untergesunkener
10055,wie,wie,ADP,cm,10057,Maus
10056,eine,ein,DET,nk,10057,Maus
10057,Maus,Maus,NOUN,cc,10054,pfiff
10058,mit,mit,ADP,mnr,10057,Maus
10059,Katzenzähnen,Katzenzähn,NOUN,nk,10058,mit
10060,;,--,PUNCT,punct,10052,Untergesunkener
10061,aber,aber,CCONJ,ROOT,10061,aber
10062,nicht,nicht,PART,cj,10061,aber
10063,ein,ein,ADV,pd,10062,nicht
10064,neugieriger,neugieriger,NOUN,ROOT,10064,neugieriger
10065,",",--,PUNCT,punct,10064,neugieriger
10066,spitzbübischer,spitzbübisch,ADV,app,10064,neugieriger
10067,",",--,PUNCT,punct,10064,neugieriger
10068,mit,mit,ADP,cj,10064,neugieriger
10069,Auge,Auge,NOUN,nk,10068,mit
10070,und,und,CCONJ,cd,10069,Auge
10071,Ohr,Ohr,NOUN,cj,10070,und
10072,in,in,ADP,mo,10068,mit
10073,den,der,DET,nk,10074,Zug
10074,Zug,Zug,NOUN,nk,10072,in
10075,eingestrickter,eingestrickter,ADJ,nk,10076,Dieb
10076,Dieb,Dieb,NOUN,nk,10068,mit
10077,nahm,nehmen,VERB,ROOT,10077,nahm
10078,sich,sich,PRON,oa,10077,nahm
10079,Zeit,Zeit,NOUN,mo,10077,nahm
10080,wahrzunehmen,wahrnehmen,VERB,oc,10077,nahm
10081,",",--,PUNCT,punct,10077,nahm
10082,68,68,NUM,ROOT,10082,68
10083,daß,daß,SCONJ,cp,10084,ich
10084,ich,ich,PRON,sb,10082,68
10085,und,und,CCONJ,cd,10084,ich
10086,der,der,DET,nk,10087,Buchhändler
10087,Buchhändler,Buchhändler,NOUN,cj,10085,und
10088,in,in,ADP,mnr,10087,Buchhändler
10089,der,der,DET,nk,10090,Welt
10090,Welt,Welt,NOUN,nk,10088,in
10091,und,und,CCONJ,cd,10088,in
10092,im,in,ADP,cj,10091,und
10093,Fasse,Faß,NOUN,pd,10094,waren
10094,waren,sein,AUX,ROOT,10094,waren
10095,.,--,PUNCT,punct,10094,waren
10096,Stöcklein,Stöcklein,PROPN,sb,10097,wußte
10097,wußte,wissen,VERB,ROOT,10097,wußte
10098,des,der,DET,nk,10099,Museums
10099,Museums,Museum,NOUN,da,10097,wußte
10100,wegen,wegen,ADP,mo,10097,wußte
10101,nicht,nicht,PART,ng,10097,wußte
10102,",",--,PUNCT,punct,10097,wußte
10103,wo,wo,SCONJ,mo,10104,aus
10104,aus,aus,ADP,mo,10097,wußte
10105,noch,noch,ADV,mo,10104,aus
10106,ein,ein,ADV,oa,10104,aus
10107,.,--,PUNCT,punct,10097,wußte
10108,Er,er,PRON,ROOT,10108,Er
10109,sagte,sagen,VERB,ROOT,10109,sagte
10110,:,--,PUNCT,punct,10109,sagte
10111,»,--,PUNCT,punct,10113,werde
10112,Ich,ich,PRON,sb,10113,werde
10113,werde,werden,AUX,oc,10109,sagte
10114,",",--,PUNCT,punct,10113,werde
10115,wenn,wenn,SCONJ,cp,10122,treibt
10116,alles,alle,PRON,sb,10122,treibt
10117,und,und,CCONJ,cd,10116,alles
10118,der,der,DET,nk,10119,Krieg
10119,Krieg,Krieg,NOUN,sb,10122,treibt
10120,es,es,PRON,oa,10122,treibt
10121,länger,lang,ADV,mo,10122,treibt
10122,treibt,treiben,VERB,mo,10113,werde
10123,",",--,PUNCT,punct,10122,treibt
10124,am,an,ADP,mo,10122,treibt
10125,Ende,Ende,NOUN,nk,10124,am
10126,ein,ein,ADV,svp,10109,sagte
10127,ausgemachter,ausgemacht,ADJ,nk,10128,Spitzbube
10128,Spitzbube,Spitzbube,NOUN,ROOT,10128,Spitzbube
10129,und,und,CCONJ,cd,10128,Spitzbube
10130,drucke,drucken,VERB,cj,10129,und
10131,mich,mich,PRON,oa,10130,drucke
10132,und,und,CCONJ,cd,10131,mich
10133,alles,alle,PRON,cj,10132,und
10134,nach,nach,ADP,svp,10130,drucke
10135,.,--,PUNCT,punct,10128,Spitzbube
10136,«,--,PUNCT,ROOT,10136,«
10137,Er,er,PRON,sb,10138,verfluchte
10138,verfluchte,verfluchen,VERB,ROOT,10138,verfluchte
10139,sich,sich,PRON,oa,10138,verfluchte
10140,und,und,CCONJ,cd,10138,verfluchte
10141,sein,sein,DET,nk,10142,Tabaksfeuerbesteck
10142,Tabaksfeuerbesteck,Tabaksfeuerbesteck,NOUN,sb,10155,hoffte
10143,(,--,PUNCT,punct,10148,hatte
10144,weil,weil,SCONJ,cp,10148,hatte
10145,er,er,PRON,sb,10148,hatte
10146,es,es,PRON,oa,10147,vergessen
10147,vergessen,vergessen,VERB,oc,10148,hatte
10148,hatte,haben,AUX,rc,10142,Tabaksfeuerbesteck
10149,),--,PUNCT,punct,10148,hatte
10150,",",--,PUNCT,punct,10142,Tabaksfeuerbesteck
10151,da,da,SCONJ,cp,10153,vielleicht
10152,er,er,PRON,sb,10153,vielleicht
10153,vielleicht,vielleicht,ADV,mo,10155,hoffte
10154,",",--,PUNCT,punct,10155,hoffte
10155,hoffte,hoffen,VERB,ROOT,10155,hoffte
10156,er,er,PRON,sb,10165,hätte
10157,",",--,PUNCT,punct,10156,er
10158,mit,mit,ADP,mo,10167,können
10159,dem,der,DET,nk,10160,Schwamme
10160,Schwamme,Schwamme,NOUN,nk,10158,mit
10161,das,der,DET,nk,10162,Faß
10162,Faß,Faß,NOUN,sb,10165,hätte
10163,in,in,ADP,mnr,10162,Faß
10164,Brand,Brand,NOUN,nk,10163,in
10165,hätte,haben,AUX,ROOT,10165,hätte
10166,stecken,stecken,VERB,oc,10167,können
10167,können,können,AUX,oc,10165,hätte
10168,.,--,PUNCT,punct,10165,hätte
10169,Er,er,PRON,sb,10170,verwünschte
10170,verwünschte,verwünschen,VERB,ROOT,10170,verwünschte
10171,seine,sein,DET,nk,10181,Zwillingssarg
10172,und,und,CCONJ,cd,10171,seine
10173,meine,mein,DET,nk,10174,Schwere
10174,Schwere,Schwere,NOUN,cj,10172,und
10175,",",--,PUNCT,punct,10171,seine
10176,da,da,SCONJ,cp,10181,Zwillingssarg
10177,ohne,ohne,SCONJ,mo,10181,Zwillingssarg
10178,diese,dieser,PRON,nk,10177,ohne
10179,der,der,DET,nk,10181,Zwillingssarg
10180,aufrechte,aufrecht,ADJ,nk,10181,Zwillingssarg
10181,Zwillingssarg,Zwillingssarg,NOUN,ROOT,10181,Zwillingssarg
10182,mit,mit,ADP,mnr,10181,Zwillingssarg
10183,vier,vier,NUM,nk,10182,mit
10184,Händen,Hand,NOUN,sb,10185,wäre
10185,wäre,sein,AUX,ROOT,10185,wäre
10186,umzustoßen,umzustoßen,VERB,oc,10187,gewesen
10187,gewesen,sein,AUX,oc,10185,wäre
10188,.,--,PUNCT,punct,10185,wäre
10189,Als,als,SCONJ,cp,10194,vernahm
10190,er,er,PRON,sb,10194,vernahm
10191,gar,gar,ADV,mo,10193,Reiterei
10192,die,der,DET,nk,10193,Reiterei
10193,Reiterei,Reiterei,NOUN,oa,10194,vernahm
10194,vernahm,vernehmen,VERB,mo,10196,tanzte
10195,",",--,PUNCT,punct,10196,tanzte
10196,tanzte,tanzen,VERB,ROOT,10196,tanzte
10197,er,er,PRON,sb,10196,tanzte
10198,im,in,ADP,mo,10196,tanzte
10199,Fasse,Fasse,NOUN,ROOT,10199,Fasse
10200,den,der,DET,nk,10202,Reiftanz
10201,künftigen,künftig,ADJ,nk,10202,Reiftanz
10202,Reiftanz,Reiftanz,NOUN,oa,10199,Fasse
10203,der,der,DET,nk,10204,Böttcher
10204,Böttcher,Böttcher,NOUN,ag,10202,Reiftanz
10205,wild,wild,ADV,mo,10199,Fasse
10206,voraus,voraus,ADP,pd,10199,Fasse
10207,und,und,CCONJ,cd,10199,Fasse
10208,machte,machen,VERB,cj,10207,und
10209,",",--,PUNCT,punct,10208,machte
10210,wie,wie,ADP,mo,10211,eine
10211,eine,ein,DET,mo,10208,machte
10212,vergitterte,vergittert,ADJ,nk,10213,Hyäne
10213,Hyäne,Hyan,NOUN,ROOT,10213,Hyäne
10214,",",--,PUNCT,punct,10213,Hyäne
10215,die,der,DET,nk,10216,Runde
10216,Runde,Runde,NOUN,cj,10213,Hyäne
10217,innen,innen,ADV,mnr,10216,Runde
10218,um,um,ADP,mnr,10216,Runde
10219,den,der,DET,nk,10220,Käfig
10220,Käfig,Käfig,NOUN,nk,10218,um
10221,.,--,PUNCT,punct,10213,Hyäne
10222,Endlich,endlich,ADV,mo,10223,warf
10223,warf,werfen,VERB,ROOT,10223,warf
10224,er,er,PRON,sb,10223,warf
10225,aus,aus,ADP,mo,10223,warf
10226,unserem,unser,DET,nk,10227,parterre
10227,parterre,Parterre,NOUN,nk,10225,aus
10228,noble,noble,PROPN,oa,10223,warf
10229,seinen,sein,DET,nk,10230,Hut
10230,Hut,Hut,NOUN,oa,10228,noble
10231,empor,empor,ADV,mnr,10230,Hut
10232,in,in,ADP,mnr,10230,Hut
10233,den,der,DET,nk,10234,Himmel
10234,Himmel,Himmel,NOUN,nk,10232,in
10235,(,--,PUNCT,punct,10236,ich
10236,ich,ich,PRON,par,10223,warf
10237,hielt,halten,VERB,ROOT,10237,hielt
10238,es,es,PRON,ep,10237,hielt
10239,für,für,ADP,mo,10237,hielt
10240,Jubelausbruch,Jubelausbruch,NOUN,nk,10239,für
10241,",",--,PUNCT,punct,10237,hielt
10242,es,es,PRON,sb,10243,war
10243,war,sein,AUX,cj,10237,hielt
10244,aber,aber,ADV,mo,10243,war
10245,Notschuß,Notschuß,NOUN,pd,10243,war
10246,),--,PUNCT,punct,10243,war
10247,",",--,PUNCT,punct,10243,war
10248,um,um,SCONJ,mo,10237,hielt
10249,dem,der,DET,nk,10251,Volke
10250,schaubesoffenen,schaubesoffen,ADJ,nk,10251,Volke
10251,Volke,Volke,NOUN,nk,10248,um
10252,draußen,draußen,ADV,mo,10253,anzumelden
10253,anzumelden,anzumelden,VERB,ROOT,10253,anzumelden
10254,",",--,PUNCT,punct,10253,anzumelden
10255,daß,daß,SCONJ,cp,10260,abarbeite
10256,ein,ein,DET,nk,10257,Christ
10257,Christ,Christ,NOUN,sb,10260,abarbeite
10258,elend,elend,ADV,mo,10260,abarbeite
10259,sich,sich,PRON,oa,10260,abarbeite
10260,abarbeite,abarbeit,ADJ,oc,10253,anzumelden
10261,im,in,ADP,mo,10260,abarbeite
10262,tiefsten,tief,ADJ,nk,10263,Schacht
10263,Schacht,Schacht,NOUN,nk,10261,im
10264,;,--,PUNCT,punct,10253,anzumelden
10265,aber,aber,CCONJ,ju,10268,sah
10266,kein,kein,DET,nk,10267,Mensch
10267,Mensch,Mensch,NOUN,sb,10268,sah
10268,sah,sehen,VERB,ROOT,10268,sah
10269,den,der,DET,nk,10270,Hut
10270,Hut,Hut,NOUN,oa,10268,sah
10271,.,--,PUNCT,punct,10268,sah
10272,Er,er,PRON,sb,10273,warf
10273,warf,werfen,VERB,ROOT,10273,warf
10274,ihn,ihn,PRON,oa,10273,warf
10275,zum,zu,ADP,mo,10273,warf
10276,zweiten,zweiter,ADJ,nk,10277,Male
10277,Male,Mal,NOUN,nk,10275,zum
10278,wilder,wild,ADJ,nk,10281,69
10279,und,und,CCONJ,cd,10278,wilder
10280,höher,hoch,ADV,cj,10279,und
10281,69,69,NUM,da,10273,warf
10282,und,und,CCONJ,ju,10290,hatte
10283,–,--,PUNCT,punct,10282,und
10284,über,über,ADP,cj,10282,und
10285,das,der,DET,nk,10286,Faß
10286,Faß,Faß,NOUN,nk,10284,über
10287,hinaus,hinaus,ADV,ac,10284,über
10288,:,--,PUNCT,punct,10290,hatte
10289,nun,nun,ADV,mo,10290,hatte
10290,hatte,haben,AUX,ROOT,10290,hatte
10291,er,er,PRON,sb,10290,hatte
10292,auch,auch,ADV,mo,10295,Aufsatz
10293,den,der,DET,nk,10295,Aufsatz
10294,letzten,letzter,ADJ,nk,10295,Aufsatz
10295,Aufsatz,Aufsatz,NOUN,oa,10290,hatte
10296,oder,oder,CCONJ,cd,10295,Aufsatz
10297,die,der,DET,cj,10296,oder
10298,Ajustage,Ajustage,NOUN,oa,10301,eingebüßt
10299,seines,sein,DET,nk,10300,Halses
10300,Halses,Hals,NOUN,ag,10298,Ajustage
10301,eingebüßt,einbüßen,VERB,ROOT,10301,eingebüßt
10302,.,--,PUNCT,punct,10301,eingebüßt
10303,Er,er,PRON,sb,10304,sank
10304,sank,sinken,VERB,ROOT,10304,sank
10305,in,in,ADP,mo,10304,sank
10306,sich,sich,PRON,nk,10305,in
10307,hinein,hinein,ADV,svp,10304,sank
10308,–,--,PUNCT,punct,10304,sank
10309,den,der,DET,nk,10311,Ort
10310,schlimmsten,schlimm,ADJ,nk,10311,Ort
10311,Ort,Ort,NOUN,oa,10304,sank
10312,und,und,CCONJ,cd,10311,Ort
10313,Sumpf,Sumpf,NOUN,cj,10312,und
10314,",",--,PUNCT,punct,10311,Ort
10315,wohin,wohin,SCONJ,mo,10318,konnte
10316,er,er,PRON,sb,10318,konnte
10317,geraten,geraten,VERB,oc,10318,konnte
10318,konnte,können,AUX,oc,10304,sank
10319,–,--,PUNCT,punct,10320,ließ
10320,ließ,lassen,VERB,ROOT,10320,ließ
10321,seinen,sein,DET,nk,10322,Kopf
10322,Kopf,Kopf,NOUN,oa,10323,hängen
10323,hängen,hängen,VERB,oc,10320,ließ
10324,oder,oder,CCONJ,cd,10323,hängen
10325,sinken,sinken,VERB,cj,10324,oder
10326,–,--,PUNCT,punct,10320,ließ
10327,denn,denn,CCONJ,cd,10320,ließ
10328,der,der,DET,nk,10329,Geist
10329,Geist,Geist,NOUN,sb,10330,war
10330,war,sein,AUX,cj,10327,denn
10331,der,der,DET,nk,10332,Scharfrichter
10332,Scharfrichter,Scharfrichter,NOUN,pd,10330,war
10333,seines,sein,DET,nk,10334,Leibes
10334,Leibes,Leib,NOUN,ROOT,10334,Leibes
10335,und,und,CCONJ,cd,10334,Leibes
10336,köpfte,köpfen,ADJ,cj,10335,und
10337,solchen,solchen,PRON,ROOT,10337,solchen
10338,–,--,PUNCT,punct,10337,solchen
10339,und,und,CCONJ,cd,10337,solchen
10340,er,er,PRON,sb,10341,war
10341,war,sein,AUX,cj,10339,und
10342,nichts,nichts,PRON,pd,10341,war
10343,mehr,mehr,ADV,mo,10342,nichts
10344,.,--,PUNCT,punct,10337,solchen
10345,Ich,ich,PRON,sb,10346,blieb
10346,blieb,bleiben,VERB,ROOT,10346,blieb
10347,alles,alle,PRON,oa,10346,blieb
10348,",",--,PUNCT,punct,10347,alles
10349,was,wer,PRON,oa,10351,war
10350,ich,ich,PRON,sb,10351,war
10351,war,sein,AUX,rc,10347,alles
10352,",",--,PUNCT,punct,10346,blieb
10353,und,und,CCONJ,cd,10346,blieb
10354,dachte,denken,VERB,cj,10353,und
10355,",",--,PUNCT,punct,10354,dachte
10356,es,es,PRON,sb,10357,sei
10357,sei,sein,AUX,oc,10354,dachte
10358,für,für,ADP,mo,10357,sei
10359,den,der,DET,nk,10360,Namen
10360,Namen,Name,NOUN,nk,10358,für
10361,eines,ein,DET,oc,10354,dachte
10362,Zuckerfasses,Zuckerfasses,X,mo,10363,angemessener
10363,angemessener,angemessen,ADV,ROOT,10363,angemessener
10364,",",--,PUNCT,punct,10363,angemessener
10365,es,es,PRON,oa,10370,machen
10366,zu,zu,ADP,mo,10370,machen
10367,einer,ein,DET,nk,10368,Diogenes-Tonne
10368,Diogenes-Tonne,Diogenes-Tonne,NOUN,nk,10366,zu
10369,zu,zu,PART,pm,10370,machen
10370,machen,machen,VERB,oc,10363,angemessener
10371,",",--,PUNCT,punct,10370,machen
10372,nicht,nicht,PART,ng,10373,aber
10373,aber,aber,ADV,cd,10363,angemessener
10374,",",--,PUNCT,punct,10363,angemessener
10375,wie,wie,SCONJ,cm,10376,er
10376,er,er,PRON,ROOT,10376,er
10377,",",--,PUNCT,punct,10376,er
10378,zu,zu,ADP,mnr,10376,er
10379,einem,ein,DET,nk,10380,Regulus-Fasse
10380,Regulus-Fasse,Regulus-Fasse,NOUN,nk,10378,zu
10381,.,--,PUNCT,ROOT,10381,.
10382,»,--,PUNCT,punct,10384,weiß
10383,Ich,ich,PRON,sb,10384,weiß
10384,weiß,wissen,VERB,ROOT,10384,weiß
10385,nicht,nicht,PART,ng,10384,weiß
10386,",",--,PUNCT,punct,10384,weiß
10387,warum,warum,SCONJ,mo,10390,sagte
10388,",",--,PUNCT,punct,10390,sagte
10389,«,--,PUNCT,punct,10390,sagte
10390,sagte,sagen,VERB,cj,10384,weiß
10391,ich,ich,PRON,sb,10390,sagte
10392,zu,zu,ADP,mo,10390,sagte
10393,ihm,ihm,PRON,nk,10392,zu
10394,–,--,PUNCT,punct,10390,sagte
10395,–,--,PUNCT,punct,10390,sagte
10396,»,--,PUNCT,punct,10399,wird
10397,aber,aber,CCONJ,ju,10399,wird
10398,mir,mir,PRON,da,10399,wird
10399,wird,werden,AUX,ROOT,10399,wird
10400,ordentlich,ordentlich,ADV,mo,10402,gemütlich
10401,so,so,ADV,mo,10402,gemütlich
10402,gemütlich,gemütlich,ADV,pd,10399,wird
10403,in,in,ADP,mo,10402,gemütlich
10404,unserem,unser,DET,nk,10405,Fasse
10405,Fasse,Fasse,NOUN,nk,10403,in
10406,–,--,PUNCT,punct,10399,wird
10407,wir,wir,PRON,sb,10409,stellen
10408,beide,beide,PRON,oa,10409,stellen
10409,stellen,stellen,VERB,sb,10399,wird
10410,freilich,freilich,ADV,mo,10413,Zuckerhüte
10411,die,der,DET,nk,10413,Zuckerhüte
10412,einzigen,einzig,ADJ,nk,10413,Zuckerhüte
10413,Zuckerhüte,Zuckerhüte,NOUN,ROOT,10413,Zuckerhüte
10414,darin,darin,ADV,mnr,10413,Zuckerhüte
10415,vor,vor,ADP,svp,10413,Zuckerhüte
10416,.,--,PUNCT,punct,10413,Zuckerhüte
10417,–,--,PUNCT,ROOT,10417,–
10418,Ich,ich,PRON,sb,10419,wollte
10419,wollte,wollen,AUX,ROOT,10419,wollte
10420,nur,nur,ADV,mo,10419,wollte
10421,",",--,PUNCT,punct,10419,wollte
10422,sie,sie,PRON,sb,10423,würden
10423,würden,werden,AUX,oc,10419,wollte
10424,nicht,nicht,PART,ng,10426,Ärger
10425,vor,vor,ADP,mo,10427,schwarz
10426,Ärger,Ärger,NOUN,nk,10425,vor
10427,schwarz,schwarz,ADV,oc,10423,würden
10428,oder,oder,CCONJ,cd,10423,würden
10429,ein,ein,DET,nk,10430,Negerschwarzer
10430,Negerschwarzer,Negerschwarzer,NOUN,cj,10428,oder
10431,auf,auf,ADP,svp,10419,wollte
10432,unserer,unser,DET,nk,10433,Zuckerinsel
10433,Zuckerinsel,Zuckerinsel,NOUN,ROOT,10433,Zuckerinsel
10434,.,--,PUNCT,punct,10433,Zuckerinsel
10435,Denn,denn,CCONJ,ju,10445,welches
10436,wenn,wenn,SCONJ,cp,10441,umsehe
10437,ich,ich,PRON,sb,10441,umsehe
10438,mich,sich,PRON,oa,10441,umsehe
10439,so,so,ADV,mo,10441,umsehe
10440,rund,rund,ADV,mo,10441,umsehe
10441,umsehe,umsehen,VERB,re,10445,welches
10442,und,und,CCONJ,cd,10441,umsehe
10443,erwäge,erwäge,NOUN,cj,10442,und
10444,",",--,PUNCT,punct,10443,erwäge
10445,welches,welcher,PRON,ROOT,10445,welches
10446,schöne,schön,ADJ,nk,10447,Los
10447,Los,Los,NOUN,ROOT,10447,Los
10448,der,der,DET,nk,10449,Abgeschiedenheit
10449,Abgeschiedenheit,Abgeschiedenheit,NOUN,ag,10447,Los
10450,mitten,mitten,ADV,mo,10451,im
10451,im,in,ADP,mnr,10449,Abgeschiedenheit
10452,Volkstreiben,volkstreiben,NOUN,nk,10451,im
10453,uns,uns,PRON,ROOT,10453,uns
10454,bloß,bloß,ADV,mo,10455,einige
10455,einige,einige,PRON,sb,10453,uns
10456,Faßdauben,Faßdaube,NOUN,sb,10457,zusichern
10457,zusichern,zusichern,VERB,dep,10460,möchte
10458,:,--,PUNCT,punct,10457,zusichern
10459,so,so,ADV,mo,10460,möchte
10460,möchte,möchten,AUX,ROOT,10460,möchte
10461,ich,ich,PRON,sb,10460,möchte
10462,beinahe,beinahe,ADV,mo,10460,möchte
10463,fragen,fragen,VERB,oc,10460,möchte
10464,",",--,PUNCT,punct,10463,fragen
10465,ob,ob,SCONJ,cp,10468,zwei
10466,wir,wir,PRON,sb,10468,zwei
10467,nicht,nicht,PART,ng,10468,zwei
10468,zwei,zwei,NUM,dep,10460,möchte
10469,glücklichen,glücklich,ADJ,nk,10470,Männern
10470,Männern,Mann,NOUN,da,10472,gleichen
10471,70,70,NUM,nk,10472,gleichen
10472,gleichen,gleich,VERB,ROOT,10472,gleichen
10473,",",--,PUNCT,punct,10472,gleichen
10474,die,der,PRON,dep,10472,gleichen
10475,unten,unten,ADV,mo,10476,auf
10476,auf,auf,ADP,mo,10472,gleichen
10477,dem,der,DET,nk,10478,Meerboden
10478,Meerboden,Meerbod,NOUN,nk,10476,auf
10479,in,in,ADP,mnr,10478,Meerboden
10480,ihrer,ihr,DET,nk,10479,in
10481,Taucherglocke,Taucherglocke,NOUN,oa,10482,sitzen
10482,sitzen,sitzen,VERB,ROOT,10482,sitzen
10483,und,und,CCONJ,cd,10482,sitzen
10484,von,von,ADP,mo,10490,hören
10485,dem,der,DET,nk,10487,Wellengelärm
10486,oberen,oberer,ADJ,nk,10487,Wellengelärm
10487,Wellengelärm,Wellengelärm,NOUN,nk,10484,von
10488,keine,kein,DET,nk,10489,Woge
10489,Woge,Woge,NOUN,oa,10490,hören
10490,hören,hören,VERB,cj,10483,und
10491,?,--,PUNCT,punct,10482,sitzen
10492,–,--,PUNCT,ROOT,10492,–
10493,Wenn,wenn,SCONJ,ROOT,10493,Wenn
10494,schon,schon,ADV,mo,10496,Philosophen
10495,einem,ein,DET,nk,10496,Philosophen
10496,Philosophen,Philosoph,NOUN,ROOT,10496,Philosophen
10497,im,in,ADP,mnr,10496,Philosophen
10498,Fasse,Fasse,NOUN,nk,10497,im
10499,",",--,PUNCT,punct,10496,Philosophen
10500,das,der,PRON,cj,10496,Philosophen
10501,",",--,PUNCT,punct,10500,das
10502,wie,wie,ADP,cm,10505,Tempel
10503,ein,ein,DET,nk,10505,Tempel
10504,griechischer,griechisch,ADJ,nk,10505,Tempel
10505,Tempel,Tempel,NOUN,cc,10500,das
10506,",",--,PUNCT,punct,10505,Tempel
10507,nur,nur,ADV,mo,10508,oben
10508,oben,oben,ADV,ROOT,10508,oben
10509,dem,der,DET,nk,10510,Himmel
10510,Himmel,Himmel,NOUN,da,10511,offen
10511,offen,offen,ADV,pd,10512,ist
10512,ist,sein,AUX,ROOT,10512,ist
10513,",",--,PUNCT,punct,10512,ist
10514,die,der,DET,nk,10515,Erde
10515,Erde,Erde,NOUN,oa,10521,vorkommt
10516,und,und,CCONJ,cd,10515,Erde
10517,ihr,ihr,DET,nk,10518,Ziebinger
10518,Ziebinger,Ziebinger,NOUN,nk,10519,Getobe
10519,Getobe,Getobe,NOUN,cj,10516,und
10520,lächerlich,lächerlich,ADV,mo,10521,vorkommt
10521,vorkommt,vorkommen,VERB,sb,10512,ist
10522,",",--,PUNCT,punct,10512,ist
10523,wieviel,wieviel,DET,mo,10524,mehr
10524,mehr,mehr,DET,nk,10525,zweien
10525,zweien,Zwei,NOUN,ROOT,10525,zweien
10526,auf,auf,ADP,mnr,10525,zweien
10527,einmal,einmal,ADV,nk,10526,auf
10528,",",--,PUNCT,punct,10525,zweien
10529,die,der,PRON,dep,10525,zweien
10530,miteinander,miteinander,ADV,mo,10532,geschlossene
10531,eine,ein,DET,mo,10532,geschlossene
10532,geschlossene,geschlossen,ADJ,pd,10529,die
10533,",",--,PUNCT,punct,10532,geschlossene
10534,ja,ja,ADV,cj,10532,geschlossene
10535,eingeschlossene,eingeschlossen,ADJ,nk,10536,Gesellschaft
10536,Gesellschaft,Gesellschaft,NOUN,sb,10537,bilden
10537,bilden,bilden,VERB,ROOT,10537,bilden
10538,!,--,PUNCT,punct,10537,bilden
10539,–,--,PUNCT,punct,10543,Freund
10540,Wie,wie,ADV,mo,10541,gern
10541,gern,gern,ADV,mo,10543,Freund
10542,",",--,PUNCT,punct,10543,Freund
10543,Freund,Freund,NOUN,oc,10546,sehe
10544,Stöcklein,Stöcklein,PROPN,nk,10543,Freund
10545,",",--,PUNCT,punct,10546,sehe
10546,sehe,sehen,VERB,ROOT,10546,sehe
10547,ich,ich,PRON,sb,10546,sehe
10548,mich,mich,PRON,oa,10555,verschlagen
10549,als,als,ADP,mo,10555,verschlagen
10550,einen,ein,DET,nk,10551,Robinson
10551,Robinson,Robinson,NOUN,nk,10549,als
10552,auf,auf,ADP,mo,10555,verschlagen
10553,diese,dieser,DET,nk,10554,Zuckerinsel
10554,Zuckerinsel,Zuckerinsel,NOUN,nk,10552,auf
10555,verschlagen,verschlagen,VERB,re,10557,da
10556,",",--,PUNCT,punct,10555,verschlagen
10557,da,da,SCONJ,ROOT,10557,da
10558,ich,ich,PRON,sb,10557,da
10559,Sie,sie,PRON,nk,10558,ich
10560,als,als,ADP,mnr,10558,ich
10561,meinen,meinen,VERB,ROOT,10561,meinen
10562,FreitagDer,FreitagDer,PROPN,nk,10564,Freund
10563,bekannte,bekannt,ADJ,nk,10564,Freund
10564,Freund,Freund,NOUN,ROOT,10564,Freund
10565,Robinsons,Robinson,PROPN,ag,10564,Freund
10566,.,--,PUNCT,punct,10564,Freund
10567,oder,oder,CCONJ,ROOT,10567,oder
10568,Charfreitag,Charfreitag,NOUN,cj,10567,oder
10569,hier,hier,ADV,mo,10568,Charfreitag
10570,unten,unten,ADV,mo,10568,Charfreitag
10571,antreffe,antreffen,VERB,ROOT,10571,antreffe
10572,!,--,PUNCT,punct,10571,antreffe
10573,–,--,PUNCT,punct,10575,antworten
10574,Und,und,CCONJ,ju,10575,antworten
10575,antworten,antworen,VERB,ROOT,10575,antworten
10576,Sie,sie,PRON,sb,10575,antworten
10577,mir,mir,PRON,da,10575,antworten
10578,",",--,PUNCT,punct,10575,antworten
10579,wer,wer,PRON,sb,10580,ist
10580,ist,sein,AUX,oc,10575,antworten
10581,außer,außer,ADP,mo,10580,ist
10582,St.,St.,PROPN,pnc,10583,Marino
10583,Marino,Marino,PROPN,nk,10581,außer
10584,noch,noch,ADV,mo,10580,ist
10585,so,so,ADV,mo,10586,frei
10586,frei,frei,ADV,pd,10580,ist
10587,als,als,ADP,mo,10575,antworten
10588,unser,unser,DET,nk,10589,Faß
10589,Faß,Faß,NOUN,ROOT,10589,Faß
10590,",",--,PUNCT,punct,10589,Faß
10591,ich,ich,PRON,sb,10592,bitte
10592,bitte,bitte,VERB,oc,10589,Faß
10593,?,--,PUNCT,punct,10589,Faß
10594,«,--,PUNCT,punct,10589,Faß
10595,»,--,PUNCT,punct,10597,höre
10596,Ich,ich,PRON,sb,10597,höre
10597,höre,hören,VERB,oc,10603,sagte
10598,gar,gar,ADV,mo,10599,nichts
10599,nichts,nichts,PRON,oa,10597,höre
10600,mehr,mehr,ADV,mo,10599,nichts
10601,",",--,PUNCT,punct,10597,höre
10602,«,--,PUNCT,punct,10597,höre
10603,sagte,sagen,VERB,ROOT,10603,sagte
10604,kalt,kalt,PROPN,sb,10603,sagte
10605,Stöcklein,Stöcklein,PROPN,sb,10603,sagte
10606,",",--,PUNCT,punct,10603,sagte
10607,mit,mit,ADP,mo,10603,sagte
10608,dem,der,DET,nk,10609,Ohr
10609,Ohr,Ohr,NOUN,nk,10607,mit
10610,am,an,ADP,mo,10603,sagte
10611,Fasse,Fasse,NOUN,nk,10610,am
10612,;,--,PUNCT,punct,10603,sagte
10613,er,er,PRON,ROOT,10613,er
10614,meinte,meinen,VERB,ROOT,10614,meinte
10615,aber,aber,ADV,mo,10614,meinte
10616,nicht,nicht,PART,ng,10618,Worte
10617,meine,mein,DET,nk,10618,Worte
10618,Worte,Wort,NOUN,oa,10614,meinte
10619,",",--,PUNCT,punct,10618,Worte
10620,sondern,sondern,CCONJ,cd,10618,Worte
10621,die,der,DET,nk,10622,Pferde
10622,Pferde,Pferd,NOUN,cj,10620,sondern
10623,.,--,PUNCT,punct,10614,meinte
10624,Es,es,PRON,sb,10625,war
10625,war,sein,AUX,ROOT,10625,war
10626,auffallend,auffallend,ADV,pd,10625,war
10627,",",--,PUNCT,punct,10625,war
10628,wie,wie,ADV,mo,10625,war
10629,frostig,frostig,ADV,ROOT,10629,frostig
10630,",",--,PUNCT,punct,10629,frostig
10631,ja,ja,ADV,mo,10632,unhöflich
10632,unhöflich,unhöflich,ADV,mo,10634,Mann
10633,der,der,DET,nk,10634,Mann
10634,Mann,Mann,NOUN,cj,10629,frostig
10635,sich,sich,PRON,oa,10638,gegen
10636,auf,auf,ADP,mo,10638,gegen
10637,einmal,einmal,ADV,nk,10636,auf
10638,gegen,gegen,ADP,mo,10629,frostig
10639,mich,mich,PRON,nk,10638,gegen
10640,in,in,ADP,mnr,10638,gegen
10641,der,der,DET,nk,10642,Zwischenzeit
10642,Zwischenzeit,Zwischenzeit,NOUN,nk,10640,in
10643,offenbarte,offenbaren,VERB,ROOT,10643,offenbarte
10644,",",--,PUNCT,punct,10643,offenbarte
10645,worin,worin,SCONJ,mo,10651,abgeschnitten
10646,ihm,ihm,PRON,da,10651,abgeschnitten
10647,sein,sein,DET,nk,10648,Schwanzartikel
10648,Schwanzartikel,Schwanzartikel,NOUN,oa,10651,abgeschnitten
10649,des,der,DET,nk,10650,Belagerheftes
10650,Belagerheftes,Belagerheft,NOUN,ag,10648,Schwanzartikel
10651,abgeschnitten,abschneiden,VERB,oc,10643,offenbarte
10652,wurde,werden,AUX,ROOT,10652,wurde
10653,.,--,PUNCT,punct,10652,wurde
10654,Man,man,PRON,sb,10655,hält
10655,hält,halten,VERB,ROOT,10655,hält
10656,71,71,NUM,da,10655,hält
10657,den,der,DET,nk,10658,Eigennützigen
10658,Eigennützigen,Eigennützigen,NOUN,da,10655,hält
10659,stets,stets,ADV,mo,10655,hält
10660,für,für,ADP,mo,10655,hält
10661,zu,zu,PART,mo,10662,höflich
10662,höflich,höflich,ADV,nk,10660,für
10663,",",--,PUNCT,punct,10662,höflich
10664,wie,wie,ADP,cm,10665,für
10665,für,für,ADV,mo,10667,grob
10666,zu,zu,PART,mo,10667,grob
10667,grob,grob,ADV,mo,10655,hält
10668,;,--,PUNCT,punct,10655,hält
10669,desto,desto,ADV,mo,10670,gleichgültiger
10670,gleichgültiger,gleichgültig,ADV,pd,10671,sei
10671,sei,sein,AUX,ROOT,10671,sei
10672,man,man,PRON,sb,10671,sei
10673,gegen,gegen,ADP,mo,10671,sei
10674,dessen,der,PRON,ag,10675,Erkalten
10675,Erkalten,Erkalt,NOUN,nk,10673,gegen
10676,und,und,CCONJ,cd,10675,Erkalten
10677,Erwärmen,Erwärme,NOUN,cj,10676,und
10678,.,--,PUNCT,punct,10671,sei
10679,–,--,PUNCT,ROOT,10679,–
10680,Ich,ich,PRON,sb,10681,machte
10681,machte,machen,VERB,ROOT,10681,machte
10682,nichts,nichts,PRON,oa,10681,machte
10683,daraus,daraus,ADV,svp,10681,machte
10684,.,--,PUNCT,punct,10681,machte
10685,Er,er,PRON,sb,10686,schrie
10686,schrie,schrie,VERB,ROOT,10686,schrie
10687,endlich,endlich,ADV,mo,10686,schrie
10688,Feuer,Feuer,NOUN,oa,10686,schrie
10689,",",--,PUNCT,punct,10686,schrie
10690,damit,damit,SCONJ,cp,10693,umgestürzt
10691,das,der,DET,nk,10692,Faß
10692,Faß,Faß,NOUN,sb,10693,umgestürzt
10693,umgestürzt,umgestürzen,VERB,mo,10686,schrie
10694,wurde,werden,AUX,ROOT,10694,wurde
10695,",",--,PUNCT,punct,10694,wurde
10696,und,und,CCONJ,cd,10694,wurde
10697,ich,ich,PRON,sb,10698,schrie
10698,schrie,schreien,VERB,cj,10696,und
10699,willig,willig,ADV,mo,10698,schrie
10700,mit,mit,ADP,svp,10698,schrie
10701,.,--,PUNCT,punct,10694,wurde
10702,Endlich,endlich,ADV,mo,10703,warfen
10703,warfen,werfen,VERB,ROOT,10703,warfen
10704,einige,einiger,DET,nk,10705,Lehrjungen
10705,Lehrjungen,Lehrjung,NOUN,sb,10703,warfen
10706,",",--,PUNCT,punct,10705,Lehrjungen
10707,die,der,PRON,oa,10703,warfen
10708,aus,aus,ADP,mnr,10707,die
10709,Neugier,Neugier,NOUN,pd,10714,waren
10710,auf,auf,ADP,mo,10713,gestiegen
10711,den,der,DET,nk,10712,Leiterwagen
10712,Leiterwagen,Leiterwage,NOUN,nk,10710,auf
10713,gestiegen,steigen,VERB,oc,10714,waren
10714,waren,sein,AUX,ROOT,10714,waren
10715,",",--,PUNCT,punct,10714,waren
10716,um,um,SCONJ,cp,10721,sehen
10717,ins,in,ADP,mo,10721,sehen
10718,laute,laut,ADJ,nk,10719,Faß
10719,Faß,Faß,NOUN,nk,10717,ins
10720,zu,zu,PART,pm,10721,sehen
10721,sehen,sehen,VERB,mo,10714,waren
10722,",",--,PUNCT,punct,10721,sehen
10723,dieses,dieser,PRON,sb,10714,waren
10724,boshaft,boshaft,ADV,ROOT,10724,boshaft
10725,um,um,ADP,svp,10724,boshaft
10726,",",--,PUNCT,punct,10724,boshaft
10727,und,und,CCONJ,cd,10724,boshaft
10728,wir,wir,PRON,sb,10729,krochen
10729,krochen,krochen,VERB,cj,10727,und
10730,ins,in,ADP,mo,10729,krochen
10731,Freie,freie,NOUN,nk,10730,ins
10732,",",--,PUNCT,punct,10729,krochen
10733,wie,wie,ADP,cm,10734,Höhlenforscher
10734,Höhlenforscher,Höhlenforscher,PROPN,mo,10729,krochen
10735,aus,aus,ADP,mnr,10734,Höhlenforscher
10736,dem,der,DET,nk,10737,Bauche
10737,Bauche,Bauche,NOUN,nk,10735,aus
10738,in,in,ADP,mo,10729,krochen
10739,die,der,DET,nk,10738,in
10740,schimmernden,schimmernden,VERB,ROOT,10740,schimmernden
10741,Höhlentempel,Höhlentempel,NOUN,sb,10740,schimmernden
10742,.,--,PUNCT,punct,10740,schimmernden
10743,–,--,PUNCT,ROOT,10743,–
10744,Aber,aber,CCONJ,ROOT,10744,Aber
10745,Empfindung,Empfindung,NOUN,cj,10744,Aber
10746,!,--,PUNCT,punct,10744,Aber
10747,Gibt,geben,VERB,ROOT,10747,Gibt
10748,es,es,PRON,ep,10747,Gibt
10749,etwas,etwas,DET,nk,10750,Eigensinnigeres
10750,Eigensinnigeres,Eigensinnigere,NOUN,oa,10747,Gibt
10751,–,--,PUNCT,punct,10750,Eigensinnigeres
10752,Starrköpfigeres,Starrköpfigeres,NOUN,app,10750,Eigensinnigeres
10753,–,--,PUNCT,punct,10750,Eigensinnigeres
10754,mehr,mehr,ADV,mo,10747,Gibt
10755,Wetterwendisches,Wetterwendisch,ADJ,ROOT,10755,Wetterwendisches
10756,und,und,CCONJ,cd,10755,Wetterwendisches
10757,Umwälzendes,Umwälzend,NOUN,cj,10756,und
10758,–,--,PUNCT,punct,10755,Wetterwendisches
10759,als,als,SCONJ,cp,10761,bist
10760,du,du,PRON,sb,10761,bist
10761,bist,sein,AUX,cc,10755,Wetterwendisches
10762,?,--,PUNCT,punct,10755,Wetterwendisches
10763,Denn,denn,CCONJ,ju,10765,war
10764,wer,wer,PRON,sb,10765,war
10765,war,sein,AUX,ROOT,10765,war
10766,es,es,PRON,sb,10765,war
10767,anders,anders,ADV,mo,10765,war
10768,",",--,PUNCT,punct,10765,war
10769,soviel,soviel,PRON,mo,10765,war
10770,ich,ich,PRON,sb,10771,weiß
10771,weiß,wissen,VERB,ROOT,10771,weiß
10772,",",--,PUNCT,punct,10771,weiß
10773,als,als,SCONJ,mo,10771,weiß
10774,du,du,PRON,nk,10773,als
10775,",",--,PUNCT,punct,10774,du
10776,die,der,PRON,sb,10778,plötzlich
10777,mich,mich,PRON,oa,10778,plötzlich
10778,plötzlich,plötzlich,ADV,mo,10773,als
10779,in,in,ADP,mo,10778,plötzlich
10780,einen,ein,DET,nk,10783,Mann
10781,ganz,ganz,ADV,mo,10782,anderen
10782,anderen,anderer,ADJ,nk,10783,Mann
10783,Mann,Mann,NOUN,nk,10779,in
10784,(,--,PUNCT,punct,10786,wäre
10785,als,als,SCONJ,cm,10786,wäre
10786,wäre,sein,AUX,mo,10778,plötzlich
10787,ich,ich,PRON,sb,10786,wäre
10788,ein,ein,DET,nk,10789,Federbuschpolyp
10789,Federbuschpolyp,Federbuschpolyp,NOUN,sb,10794,umstülpte
10790,),--,PUNCT,punct,10789,Federbuschpolyp
10791,auf,auf,ADP,mo,10794,umstülpte
10792,der,der,DET,nk,10793,Gasse
10793,Gasse,Gasse,NOUN,nk,10791,auf
10794,umstülpte,umstülpten,VERB,ROOT,10794,umstülpte
10795,",",--,PUNCT,punct,10794,umstülpte
10796,da,da,SCONJ,mo,10794,umstülpte
10797,ich,ich,PRON,dep,10794,umstülpte
10798,in,in,ADP,mnr,10797,ich
10799,dieselbe,derselbe,DET,nk,10798,in
10800,im,in,ADP,mo,10798,in
10801,tiefsten,tief,ADJ,nk,10800,im
10802,Bückling,Bückling,NOUN,ROOT,10802,Bückling
10803,und,und,CCONJ,cd,10802,Bückling
10804,engstem,engst,ADJ,nk,10805,Schritte
10805,Schritte,Schritt,NOUN,cj,10803,und
10806,aus,aus,ADP,mnr,10805,Schritte
10807,dem,der,DET,nk,10808,Fasse
10808,Fasse,Fasse,NOUN,nk,10806,aus
10809,herausging,herausging,VERB,pd,10802,Bückling
10810,?,--,PUNCT,punct,10802,Bückling
10811,–,--,PUNCT,punct,10813,Satt
10812,»,--,PUNCT,punct,10813,Satt
10813,Satt,satt,PROPN,ROOT,10813,Satt
10814,",",--,PUNCT,punct,10813,Satt
10815,matt,matt,ADV,par,10813,Satt
10816,",",--,PUNCT,punct,10813,Satt
10817,schal,schal,ADV,cj,10813,Satt
10818,",",--,PUNCT,punct,10813,Satt
10819,kahl,Kahl,NOUN,sb,10823,wiederholtest
10820,",",--,PUNCT,punct,10819,kahl
10821,«,--,PUNCT,punct,10819,kahl
10822,so,so,ADV,mo,10823,wiederholtest
10823,wiederholtest,wiederholtest,VERB,ROOT,10823,wiederholtest
10824,du,du,PRON,sb,10823,wiederholtest
10825,immer,immer,ADV,mo,10823,wiederholtest
10826,.,--,PUNCT,punct,10823,wiederholtest
10827,»,--,PUNCT,punct,10833,sagte
10828,Ganz,ganz,ADV,mo,10829,wahr
10829,wahr,wahr,ADV,mo,10833,sagte
10830,!,--,PUNCT,punct,10833,sagte
10831,«,--,PUNCT,punct,10833,sagte
10832,(,--,PUNCT,punct,10833,sagte
10833,sagte,sagen,VERB,ROOT,10833,sagte
10834,ich,ich,PRON,sb,10833,sagte
10835,endlich,endlich,ADV,mo,10833,sagte
10836,),--,PUNCT,punct,10833,sagte
10837,.,--,PUNCT,punct,10833,sagte
10838,Krieg,Krieg,NOUN,ROOT,10838,Krieg
10839,um,um,ADP,mnr,10838,Krieg
10840,Gänse,Gans,NOUN,ROOT,10840,Gänse
10841,",",--,PUNCT,punct,10840,Gänse
10842,von,von,ADP,sbp,10844,geführt
10843,Gänsen,Gäns,NOUN,nk,10842,von
10844,geführt,führen,VERB,par,10840,Gänse
10845,!,--,PUNCT,punct,10840,Gänse
10846,O,O,PROPN,sb,10849,ist
10847,wie,wie,ADP,cm,10848,gleichgültig
10848,gleichgültig,gleichgültig,ADV,pd,10849,ist
10849,ist,sein,AUX,ROOT,10849,ist
10850,es,es,PRON,sb,10849,ist
10851,mir,mir,PRON,da,10849,ist
10852,",",--,PUNCT,punct,10849,ist
10853,daß,daß,SCONJ,cp,10856,keinen
10854,ich,ich,PRON,sb,10853,daß
10855,72,72,NUM,nk,10856,keinen
10856,keinen,kein,PRON,re,10846,O
10857,einzigen,einzig,ADJ,nk,10858,Punkt
10858,Punkt,Punkt,NOUN,oa,10861,erfahren
10859,der,der,DET,nk,10860,Kapitulation
10860,Kapitulation,Kapitulation,NOUN,ag,10858,Punkt
10861,erfahren,erfahren,VERB,oc,10862,kann
10862,kann,können,AUX,ROOT,10862,kann
10863,!,--,PUNCT,punct,10862,kann
10864,Napoleon,Napoleon,PROPN,sb,10865,verlangte
10865,verlangte,verlangen,VERB,ROOT,10865,verlangte
10866,mit,mit,ADP,mo,10865,verlangte
10867,Recht,Recht,NOUN,nk,10866,mit
10868,die,der,DET,punct,10865,verlangte
10869,beiden,beide,DET,nk,10870,Reichsnester
10870,Reichsnester,Reichsnester,NOUN,ROOT,10870,Reichsnester
10871,gar,gar,ADV,mo,10872,nicht
10872,nicht,nicht,PART,ng,10870,Reichsnester
10873,.,--,PUNCT,punct,10870,Reichsnester
10874,Auch,auch,ADV,mo,10875,ich
10875,ich,ich,PRON,sb,10876,mag
10876,mag,mögen,AUX,ROOT,10876,mag
10877,sie,sie,PRON,oa,10876,mag
10878,nicht,nicht,PART,ng,10876,mag
10879,",",--,PUNCT,punct,10876,mag
10880,so,so,ADV,mo,10881,wenig
10881,wenig,wenig,PRON,cj,10876,mag
10882,als,als,ADP,mo,10881,wenig
10883,Kalender,Kalender,NOUN,nk,10882,als
10884,vom,von,ADP,mo,10888,wollte
10885,vorigen,vorig,ADJ,nk,10886,Jahre
10886,Jahre,Jahr,NOUN,nk,10884,vom
10887,",",--,PUNCT,punct,10888,wollte
10888,wollte,wollen,AUX,ROOT,10888,wollte
10889,sie,sie,PRON,sb,10888,wollte
10890,mir,mir,PRON,da,10895,herabgesetzte
10891,auch,auch,ADV,mo,10888,wollte
10892,ein,ein,DET,nk,10893,Buchhändler
10893,Buchhändler,Buchhändler,NOUN,sb,10888,wollte
10894,um,um,ADP,mo,10895,herabgesetzte
10895,herabgesetzte,herabgesetzen,VERB,oc,10888,wollte
10896,Bücherpreise,Bücherpreise,NOUN,oa,10897,lassen
10897,lassen,lassen,VERB,ROOT,10897,lassen
10898,!,--,PUNCT,punct,10897,lassen
10899,Stöcklein,Stöcklein,PROPN,pnc,10902,ich
10900,laß,laß,X,uc,10899,Stöcklein
10901,',--,PUNCT,punct,10899,Stöcklein
10902,ich,ich,PRON,sb,10904,sein
10903,Stöcklein,Stöcklein,PROPN,pd,10904,sein
10904,sein,sein,AUX,ROOT,10904,sein
10905,;,--,PUNCT,punct,10904,sein
10906,und,und,CCONJ,ROOT,10906,und
10907,der,der,DET,nk,10908,flachshaarige
10908,flachshaarige,Flachshaarige,NOUN,cj,10906,und
10909,»,--,PUNCT,punct,10911,sterbe
10910,Ich,ich,PRON,sb,10911,sterbe
10911,sterbe,sterben,VERB,sb,10917,kann
10912,täglich,täglich,ADV,mo,10911,sterbe
10913,und,und,CCONJ,cd,10912,täglich
10914,mein,mein,DET,nk,10915,Leben
10915,Leben,Leben,NOUN,cj,10913,und
10916,«,--,PUNCT,punct,10911,sterbe
10917,kann,können,AUX,ROOT,10917,kann
10918,meinetwegen,meinetwegen,ADV,mo,10920,sterben
10919,heute,heute,ADV,mo,10917,kann
10920,sterben,sterben,VERB,oc,10917,kann
10921,.,--,PUNCT,punct,10917,kann
10922,–,--,PUNCT,punct,10923,Hätte
10923,Hätte,haben,VERB,ROOT,10923,Hätte
10924,ich,ich,PRON,sb,10923,Hätte
10925,nur,nur,ADV,mo,10927,soviel
10926,nicht,nicht,PART,ng,10927,soviel
10927,soviel,soviel,DET,nk,10928,Worte
10928,Worte,Wort,NOUN,oa,10930,gemacht
10929,darüber,darüber,ADV,mo,10930,gemacht
10930,gemacht,machen,VERB,ROOT,10930,gemacht
10931,!,--,PUNCT,punct,10930,gemacht
10932,Aber,aber,CCONJ,ju,10936,soll
10933,auf,auf,ADP,mo,10936,soll
10934,der,der,DET,nk,10935,Stelle
10935,Stelle,Stelle,NOUN,nk,10933,auf
10936,soll,sollen,AUX,ROOT,10936,soll
10937,der,der,DET,nk,10938,Aufsatz
10938,Aufsatz,Aufsatz,NOUN,sb,10936,soll
10939,auf,auf,ADP,ROOT,10939,auf
10940,die,der,DET,nk,10941,Post
10941,Post,Post,NOUN,nk,10939,auf
10942,",",--,PUNCT,punct,10939,auf
10943,damit,damit,SCONJ,cp,10948,sage
10944,ich,ich,PRON,sb,10948,sage
10945,nur,nur,ADV,mo,10946,keins
10946,keins,Kein,ADJ,oa,10948,sage
10947,mehr,mehr,ADV,mo,10946,keins
10948,sage,sagen,VERB,mo,10939,auf
10949,.,--,PUNCT,punct,10939,auf
10950,«,--,PUNCT,ROOT,10950,«
10951,Dieses,dieser,DET,nk,10952,alles
10952,alles,alle,PRON,oa,10954,sagte
10953,aber,aber,ADV,mo,10954,sagte
10954,sagte,sagen,VERB,ROOT,10954,sagte
10955,ich,ich,PRON,sb,10954,sagte
10956,",",--,PUNCT,punct,10954,sagte
10957,wie,wie,SCONJ,mo,10958,gedacht
10958,gedacht,denken,VERB,mo,10954,sagte
10959,;,--,PUNCT,punct,10954,sagte
10960,so,so,ADV,mo,10961,sehr
10961,sehr,sehr,ADV,mo,10962,kann
10962,kann,können,AUX,ROOT,10962,kann
10963,die,der,DET,nk,10964,Empfindung
10964,Empfindung,Empfindung,NOUN,sb,10962,kann
10965,den,der,DET,punct,10962,kann
10966,nüchternsten,nüchternst,ADJ,nk,10967,Mann
10967,Mann,Mann,NOUN,oa,10968,hinreißen
10968,hinreißen,hinreißen,VERB,ROOT,10968,hinreißen
10969,.,--,PUNCT,punct,10968,hinreißen
