Idx,Token,Lemma,PoS,Dependency,Dependency_head_idx,Dependency_head_text
0,Ludwig,Ludwig,PROPN,pnc,1,Tieck
1,Tieck,Tieck,PROPN,ROOT,1,Tieck
2,Der,der,DET,nk,3,Pokal
3,Pokal,Pokal,NOUN,ROOT,3,Pokal
4,Vom,von,ADP,mo,7,erscholl
5,großen,groß,ADJ,nk,6,Dom
6,Dom,Dom,NOUN,nk,4,Vom
7,erscholl,erscholl,VERB,ROOT,7,erscholl
8,das,der,DET,nk,10,Geläute
9,vormittägige,vormittägig,ADJ,nk,10,Geläute
10,Geläute,Geläute,NOUN,sb,7,erscholl
11,.,--,PUNCT,punct,7,erscholl
12,Über,über,ADP,ROOT,12,Über
13,den,der,DET,nk,15,Platz
14,weiten,weit,ADJ,nk,15,Platz
15,Platz,Platz,NOUN,nk,12,Über
16,wandelten,wandeln,VERB,ROOT,16,wandelten
17,in,in,ADP,mo,16,wandelten
18,verschiedenen,verschieden,ADJ,nk,19,Richtungen
19,Richtungen,Richtung,NOUN,nk,17,in
20,Männer,Mann,NOUN,sb,16,wandelten
21,und,und,CCONJ,cd,20,Männer
22,Weiber,Weiber,NOUN,cj,21,und
23,",",--,PUNCT,punct,16,wandelten
24,Wagen,Wagen,NOUN,sb,25,fuhren
25,fuhren,fahren,VERB,cj,16,wandelten
26,vorüber,vorüber,ADV,mo,25,fuhren
27,und,und,CCONJ,cd,28,Priester
28,Priester,Priester,NOUN,sb,29,gingen
29,gingen,gehen,VERB,ROOT,29,gingen
30,nach,nach,ADP,mo,29,gingen
31,ihren,ihr,DET,nk,32,Kirchen
32,Kirchen,Kirche,NOUN,nk,30,nach
33,.,--,PUNCT,punct,29,gingen
34,Ferdinand,Ferdinand,PROPN,sb,35,stand
35,stand,stehen,VERB,ROOT,35,stand
36,auf,auf,ADP,mo,35,stand
37,der,der,DET,nk,39,Treppe
38,breiten,breit,ADJ,nk,39,Treppe
39,Treppe,Treppe,NOUN,nk,36,auf
40,",",--,PUNCT,punct,35,stand
41,den,der,DET,nk,42,Wandelnden
42,Wandelnden,Wandelnd,NOUN,da,43,nachsehend
43,nachsehend,nachsehend,ADV,ROOT,43,nachsehend
44,und,und,CCONJ,cd,43,nachsehend
45,diejenigen,derjenige,PRON,oa,46,betrachtend
46,betrachtend,betrachtend,ADV,cj,44,und
47,",",--,PUNCT,punct,46,betrachtend
48,welche,welcher,PRON,nk,49,heraufstiegen
49,heraufstiegen,heraufstiegen,NOUN,cj,44,und
50,",",--,PUNCT,punct,49,heraufstiegen
51,um,um,SCONJ,dep,43,nachsehend
52,dem,der,DET,nk,53,Hochamte
53,Hochamte,Hochamt,NOUN,da,54,beizuwohnen
54,beizuwohnen,beizuwohnen,VERB,ROOT,54,beizuwohnen
55,.,--,PUNCT,punct,54,beizuwohnen
56,Der,der,DET,nk,57,Sonnenschein
57,Sonnenschein,Sonnenschein,NOUN,sb,58,glänzte
58,glänzte,glänzen,VERB,ROOT,58,glänzte
59,auf,auf,ADP,mo,58,glänzte
60,den,der,DET,nk,62,Steinen
61,weißen,weiß,ADJ,nk,62,Steinen
62,Steinen,Stein,NOUN,nk,59,auf
63,",",--,PUNCT,punct,58,glänzte
64,alles,alle,PRON,sb,65,suchte
65,suchte,suchen,VERB,ROOT,65,suchte
66,den,der,DET,nk,67,Schatten
67,Schatten,Schatten,NOUN,oa,65,suchte
68,gegen,gegen,ADP,mo,65,suchte
69,die,der,DET,nk,70,Hitze
70,Hitze,Hitze,NOUN,nk,68,gegen
71,;,--,PUNCT,punct,65,suchte
72,nur,nur,ADV,mo,73,er
73,er,er,PRON,sb,74,stand
74,stand,stehen,VERB,ROOT,74,stand
75,schon,schon,ADV,mo,76,seit
76,seit,seit,ADP,mo,74,stand
77,lange,lange,ADV,nk,76,seit
78,sinnend,sinnend,ADV,mo,82,gelehnt
79,an,an,ADP,mo,82,gelehnt
80,einen,ein,DET,nk,81,Pfeiler
81,Pfeiler,Pfeiler,NOUN,nk,79,an
82,gelehnt,lehnen,VERB,ROOT,82,gelehnt
83,",",--,PUNCT,punct,82,gelehnt
84,in,in,ADP,mo,82,gelehnt
85,den,der,DET,nk,87,Strahlen
86,brennenden,brennend,ADJ,nk,87,Strahlen
87,Strahlen,Strahl,NOUN,nk,84,in
88,",",--,PUNCT,punct,82,gelehnt
89,ohne,ohne,SCONJ,mo,82,gelehnt
90,sie,sie,PRON,dep,82,gelehnt
91,zu,zu,ADP,svp,82,gelehnt
92,fühlen,fühlen,VERB,ROOT,92,fühlen
93,",",--,PUNCT,punct,92,fühlen
94,denn,denn,CCONJ,cd,92,fühlen
95,er,er,PRON,sb,96,verlor
96,verlor,verlieren,VERB,cj,94,denn
97,sich,sich,PRON,oa,96,verlor
98,in,in,ADP,mo,96,verlor
99,den,der,DET,nk,100,Erinnerungen
100,Erinnerungen,Erinnerung,NOUN,nk,98,in
101,",",--,PUNCT,punct,100,Erinnerungen
102,die,der,PRON,sb,103,in
103,in,in,ADP,rc,100,Erinnerungen
104,seinem,sein,DET,nk,105,Gedächtnisse
105,Gedächtnisse,Gedächtnisse,NOUN,nk,103,in
106,aufstiegen,aufstiegen,VERB,ROOT,106,aufstiegen
107,.,--,PUNCT,punct,106,aufstiegen
108,Er,er,PRON,sb,109,dachte
109,dachte,denken,VERB,ROOT,109,dachte
110,seinem,sein,DET,nk,111,Leben
111,Leben,Leben,NOUN,da,109,dachte
112,nach,nach,ADP,svp,109,dachte
113,",",--,PUNCT,punct,109,dachte
114,und,und,CCONJ,cd,109,dachte
115,begeisterte,begeisteren,VERB,cj,114,und
116,sich,sich,PRON,oa,115,begeisterte
117,an,an,ADP,mo,115,begeisterte
118,dem,der,DET,nk,119,Gefühl
119,Gefühl,Gefühl,NOUN,nk,117,an
120,",",--,PUNCT,punct,115,begeisterte
121,welches,welcher,PRON,sb,124,durchdrungen
122,sein,sein,DET,nk,123,Leben
123,Leben,Leben,NOUN,oa,124,durchdrungen
124,durchdrungen,durchdrungen,VERB,ROOT,124,durchdrungen
125,und,und,CCONJ,cd,124,durchdrungen
126,alle,aller,DET,nk,128,Wünsche
127,andern,anderer,ADJ,nk,128,Wünsche
128,Wünsche,Wunsch,NOUN,oa,131,ausgelöscht
129,in,in,ADP,mo,131,ausgelöscht
130,ihm,ihm,PRON,nk,129,in
131,ausgelöscht,auslöschen,VERB,cj,125,und
132,hatte,haben,AUX,ROOT,132,hatte
133,.,--,PUNCT,punct,132,hatte
134,In,in,ADP,mo,137,stand
135,derselben,derselbe,DET,nk,136,Stunde
136,Stunde,Stunde,NOUN,nk,134,In
137,stand,stehen,VERB,ROOT,137,stand
138,er,er,PRON,sb,137,stand
139,hier,hier,ADV,mo,137,stand
140,im,in,ADP,mo,137,stand
141,vorigen,vorig,ADJ,nk,142,Jahre
142,Jahre,Jahr,NOUN,nk,140,im
143,",",--,PUNCT,punct,137,stand
144,um,um,SCONJ,op,137,stand
145,Frauen,Frau,NOUN,nk,144,um
146,und,und,CCONJ,cd,144,um
147,Mädchen,Mädchen,NOUN,sb,150,kommen
148,zur,zu,ADP,mnr,147,Mädchen
149,Messe,Messe,NOUN,nk,148,zur
150,kommen,kommen,VERB,ROOT,150,kommen
151,zu,zu,ADP,mo,150,kommen
152,sehn,sehn,NUM,nk,151,zu
153,;,--,PUNCT,punct,150,kommen
154,mit,mit,ADP,ROOT,154,mit
155,gleichgültigem,gleichgültig,ADJ,nk,156,Herzen
156,Herzen,Herz,NOUN,nk,154,mit
157,und,und,CCONJ,cd,156,Herzen
158,lächelndem,lächelndem,ADJ,nk,159,Auge
159,Auge,Auge,NOUN,cj,157,und
160,hatte,haben,AUX,ROOT,160,hatte
161,er,er,PRON,sb,160,hatte
162,die,der,DET,nk,164,Gestalten
163,mannigfaltigen,mannigfaltig,ADJ,nk,164,Gestalten
164,Gestalten,Gestalt,NOUN,oa,165,betrachtet
165,betrachtet,betrachten,VERB,oc,160,hatte
166,",",--,PUNCT,punct,160,hatte
167,mancher,mancher,DET,nk,169,Blick
168,holde,hold,ADJ,nk,169,Blick
169,Blick,Blick,NOUN,sb,170,war
170,war,sein,AUX,cj,160,hatte
171,ihm,ihm,PRON,da,170,war
172,schalkhaft,schalkhaft,ADV,mo,173,begegnet
173,begegnet,begegnen,VERB,ROOT,173,begegnet
174,und,und,CCONJ,cd,173,begegnet
175,manche,mancher,PRON,nk,177,Wange
176,jungfräuliche,jungfräulicher,DET,nk,177,Wange
177,Wange,Wange,NOUN,sb,178,war
178,war,sein,AUX,cj,174,und
179,errötet,erröten,VERB,pd,178,war
180,;,--,PUNCT,punct,173,begegnet
181,sein,sein,DET,nk,182,spähendes
182,spähendes,spähend,ADJ,ROOT,182,spähendes
183,Auge,Auge,NOUN,sb,184,sah
184,sah,sehen,VERB,ROOT,184,sah
185,den,der,DET,nk,187,Füßchen
186,niedlichen,niedlich,ADJ,nk,187,Füßchen
187,Füßchen,Füßche,NOUN,oa,184,sah
188,nach,nach,ADP,svp,184,sah
189,",",--,PUNCT,punct,184,sah
190,wie,wie,SCONJ,mo,194,heraufschritten
191,sie,sie,PRON,sb,194,heraufschritten
192,die,der,DET,nk,193,Stufen
193,Stufen,Stufe,NOUN,oa,194,heraufschritten
194,heraufschritten,heraufschriten,VERB,mo,184,sah
195,",",--,PUNCT,punct,184,sah
196,und,und,CCONJ,cd,184,sah
197,wie,wie,SCONJ,mo,205,verschob
198,sich,sich,PRON,oa,205,verschob
199,das,der,DET,nk,201,Gewand
200,schwebende,schwebend,ADJ,nk,201,Gewand
201,Gewand,Gewand,NOUN,sb,205,verschob
202,mehr,mehr,ADV,mo,205,verschob
203,oder,oder,CCONJ,cd,202,mehr
204,weniger,weniger,ADV,cj,203,oder
205,verschob,verschieben,VERB,ROOT,205,verschob
206,",",--,PUNCT,punct,205,verschob
207,um,um,SCONJ,ROOT,207,um
208,die,der,DET,nk,209,feinen
209,feinen,fein,NOUN,nk,207,um
210,Knöchel,Knöchel,PROPN,oa,212,enthüllen
211,zu,zu,PART,pm,212,enthüllen
212,enthüllen,enthüllen,VERB,ROOT,212,enthüllen
213,.,--,PUNCT,punct,212,enthüllen
214,Da,da,ADV,mo,215,kam
215,kam,kommen,VERB,ROOT,215,kam
216,über,über,ADP,mo,215,kam
217,den,der,DET,nk,218,Markt
218,Markt,Markt,NOUN,nk,216,über
219,eine,ein,DET,nk,221,Gestalt
220,jugendliche,jugendlich,ADJ,nk,221,Gestalt
221,Gestalt,Gestalt,NOUN,sb,215,kam
222,",",--,PUNCT,punct,221,Gestalt
223,in,in,ADP,mo,215,kam
224,Schwarz,Schwarz,PROPN,mo,237,unbefangen
225,",",--,PUNCT,punct,224,Schwarz
226,schlank,Schlank,PROPN,cj,224,Schwarz
227,und,und,CCONJ,cd,226,schlank
228,edel,Edel,NOUN,cj,227,und
229,",",--,PUNCT,punct,224,Schwarz
230,die,der,DET,nk,231,Augen
231,Augen,Auge,NOUN,oa,235,hingeheftet
232,sittsam,sittsam,ADV,mo,235,hingeheftet
233,vor,vor,ADP,mo,235,hingeheftet
234,sich,sich,PRON,nk,233,vor
235,hingeheftet,hingeheften,VERB,rc,224,Schwarz
236,",",--,PUNCT,punct,237,unbefangen
237,unbefangen,unbefangen,VERB,ROOT,237,unbefangen
238,schwebte,schweben,VERB,ROOT,238,schwebte
239,sie,sie,PRON,sb,238,schwebte
240,die,der,DET,nk,241,Erhöhung
241,Erhöhung,Erhöhung,NOUN,oa,238,schwebte
242,hinauf,hinauf,ADV,mo,238,schwebte
243,mit,mit,ADP,mo,238,schwebte
244,lieblicher,lieblich,ADJ,nk,245,Anmut
245,Anmut,Anmut,NOUN,nk,243,mit
246,",",--,PUNCT,punct,245,Anmut
247,das,der,DET,nk,249,Gewand
248,seidene,seiden,ADJ,nk,249,Gewand
249,Gewand,Gewand,NOUN,oa,250,legte
250,legte,legen,VERB,oc,238,schwebte
251,sich,sich,PRON,ROOT,251,sich
252,um,um,ADP,mnr,251,sich
253,den,der,DET,nk,255,Körper
254,schönsten,schön,ADJ,nk,255,Körper
255,Körper,Körper,NOUN,nk,252,um
256,und,und,CCONJ,ROOT,256,und
257,wiegte,wiegen,VERB,cj,256,und
258,sich,sich,PRON,oa,257,wiegte
259,wie,wie,ADP,cm,260,in
260,in,in,ADP,mo,257,wiegte
261,Musik,Musik,NOUN,nk,260,in
262,um,um,ADP,op,257,wiegte
263,die,der,DET,nk,264,bewegten
264,bewegten,bewegt,NOUN,nk,262,um
265,Glieder,Glied,NOUN,ROOT,265,Glieder
266,;,--,PUNCT,punct,265,Glieder
267,jetzt,jetzt,ADV,mo,268,wollte
268,wollte,wollen,AUX,ROOT,268,wollte
269,sie,sie,PRON,sb,268,wollte
270,den,der,DET,nk,272,Schritt
271,letzten,letzter,ADJ,nk,272,Schritt
272,Schritt,Schritt,NOUN,oa,273,tun
273,tun,tun,VERB,oc,268,wollte
274,",",--,PUNCT,punct,268,wollte
275,und,und,CCONJ,cd,268,wollte
276,von,von,ADP,mo,278,erhob
277,ohngefähr,ohngefähr,ADV,nk,276,von
278,erhob,erheben,VERB,cj,275,und
279,sie,sie,PRON,sb,278,erhob
280,das,der,DET,nk,281,Auge
281,Auge,Auge,NOUN,ROOT,281,Auge
282,und,und,CCONJ,cd,281,Auge
283,traf,treffen,VERB,cj,282,und
284,mit,mit,ADP,mo,283,traf
285,dem,der,DET,nk,287,Strahle
286,blauesten,blauest,ADJ,nk,287,Strahle
287,Strahle,Strahle,NOUN,nk,284,mit
288,in,in,ADP,mo,283,traf
289,seinen,sein,DET,nk,290,Blick
290,Blick,Blick,NOUN,nk,288,in
291,.,--,PUNCT,punct,281,Auge
292,Er,er,PRON,sb,293,ward
293,ward,werden,VERB,ROOT,293,ward
294,wie,wie,ADP,cm,295,von
295,von,von,ADP,mo,293,ward
296,einem,ein,DET,nk,297,Blitz
297,Blitz,Blitz,NOUN,da,298,durchdrungen
298,durchdrungen,durchdrungen,VERB,ROOT,298,durchdrungen
299,.,--,PUNCT,punct,298,durchdrungen
300,Sie,sie,PRON,sb,301,strauchelte
301,strauchelte,strauchelen,VERB,ROOT,301,strauchelte
302,",",--,PUNCT,punct,301,strauchelte
303,und,und,CCONJ,cd,301,strauchelte
304,so,so,ADV,mo,305,schnell
305,schnell,schnell,ADV,cj,303,und
306,er,er,PRON,sb,305,schnell
307,auch,auch,ADV,mo,308,hinzusprang
308,hinzusprang,hinzuspringen,ADV,cj,303,und
309,",",--,PUNCT,punct,301,strauchelte
310,konnte,können,AUX,ROOT,310,konnte
311,er,er,PRON,sb,310,konnte
312,doch,doch,ADV,mo,310,konnte
313,nicht,nicht,PART,ng,310,konnte
314,verhindern,verhindern,VERB,oc,310,konnte
315,",",--,PUNCT,punct,314,verhindern
316,daß,daß,SCONJ,cp,320,Zeit
317,sie,sie,PRON,nk,320,Zeit
318,nicht,nicht,PART,ng,319,kurze
319,kurze,kurz,ADJ,nk,320,Zeit
320,Zeit,Zeit,NOUN,oc,314,verhindern
321,in,in,ADP,mnr,320,Zeit
322,der,der,DET,nk,323,reizendsten
323,reizendsten,reizendst,ADJ,nk,321,in
324,Stellung,Stellung,NOUN,sb,329,lag
325,knieend,knieend,ADV,mo,329,lag
326,vor,vor,ADP,mo,329,lag
327,seinen,sein,DET,nk,328,Füßen
328,Füßen,Fuß,NOUN,nk,326,vor
329,lag,liegen,VERB,ROOT,329,lag
330,.,--,PUNCT,punct,329,lag
331,Er,er,PRON,sb,332,hob
332,hob,heben,VERB,ROOT,332,hob
333,sie,sie,PRON,oa,332,hob
334,auf,auf,ADP,svp,332,hob
335,",",--,PUNCT,punct,332,hob
336,sie,sie,PRON,sb,337,sah
337,sah,sehen,VERB,cj,332,hob
338,ihn,ihn,PRON,oa,337,sah
339,nicht,nicht,PART,ng,337,sah
340,an,an,ADP,svp,337,sah
341,",",--,PUNCT,punct,332,hob
342,sondern,sondern,CCONJ,ju,343,war
343,war,sein,AUX,oc,347,antwortete
344,ganz,ganz,ADV,mo,345,Röte
345,Röte,Röte,NOUN,pd,343,war
346,",",--,PUNCT,punct,347,antwortete
347,antwortete,antworten,VERB,ROOT,347,antwortete
348,auch,auch,ADV,mo,347,antwortete
349,nicht,nicht,PART,ng,347,antwortete
350,auf,auf,ADP,op,347,antwortete
351,seine,sein,DET,nk,352,Frage
352,Frage,Frage,NOUN,nk,350,auf
353,",",--,PUNCT,punct,352,Frage
354,ob,ob,SCONJ,cp,356,sich
355,sie,sie,PRON,nk,354,ob
356,sich,sich,PRON,oc,352,Frage
357,beschädigst,Beschädigst,X,sb,358,habe
358,habe,haben,VERB,ROOT,358,habe
359,.,--,PUNCT,punct,358,habe
360,Er,er,PRON,sb,361,folgte
361,folgte,folgen,VERB,ROOT,361,folgte
362,ihr,ihr,PRON,da,361,folgte
363,in,in,ADP,mo,361,folgte
364,die,der,DET,nk,365,Kirche
365,Kirche,Kirche,NOUN,nk,363,in
366,und,und,CCONJ,cd,361,folgte
367,sah,sehen,VERB,cj,366,und
368,nur,nur,ADV,mo,370,Bildnis
369,das,der,DET,nk,370,Bildnis
370,Bildnis,Bildnis,NOUN,oa,367,sah
371,",",--,PUNCT,punct,370,Bildnis
372,wie,wie,SCONJ,cm,373,sie
373,sie,sie,PRON,cc,370,Bildnis
374,vor,vor,ADP,mo,376,gekniet
375,ihm,ihm,PRON,nk,374,vor
376,gekniet,geknaten,VERB,ROOT,376,gekniet
377,",",--,PUNCT,punct,376,gekniet
378,und,und,CCONJ,cd,376,gekniet
379,der,der,DET,nk,381,Busen
380,schönste,schön,ADJ,nk,381,Busen
381,Busen,Busen,NOUN,sb,383,entgegengewogt
382,ihm,ihm,PRON,da,383,entgegengewogt
383,entgegengewogt,Entgegengewogt,PROPN,cj,378,und
384,.,--,PUNCT,punct,376,gekniet
385,Am,an,ADP,ROOT,385,Am
386,folgenden,folgend,ADJ,nk,387,Tage
387,Tage,Tag,NOUN,nk,385,Am
388,besuchte,besuchen,VERB,ROOT,388,besuchte
389,er,er,PRON,sb,388,besuchte
390,die,der,DET,nk,391,Schwelle
391,Schwelle,Schwelle,NOUN,oa,388,besuchte
392,des,der,DET,nk,393,Tempels
393,Tempels,Tempel,NOUN,ag,391,Schwelle
394,wieder,wieder,ADV,svp,388,besuchte
395,;,--,PUNCT,punct,388,besuchte
396,die,der,DET,nk,397,Stätte
397,Stätte,Stätte,NOUN,sb,398,war
398,war,sein,AUX,ROOT,398,war
399,ihm,ihm,PRON,da,400,geweiht
400,geweiht,weihen,VERB,pd,398,war
401,.,--,PUNCT,punct,398,war
402,Er,er,PRON,ROOT,402,Er
403,hatte,haben,AUX,ROOT,403,hatte
404,abreisen,abreisen,VERB,oc,405,wollen
405,wollen,wollen,AUX,oc,403,hatte
406,",",--,PUNCT,punct,405,wollen
407,seine,sein,DET,nk,408,Freunde
408,Freunde,Freund,NOUN,sb,409,erwarteten
409,erwarteten,erwarten,VERB,cj,403,hatte
410,ihn,ihn,PRON,oa,409,erwarteten
411,ungeduldig,ungeduldig,ADV,mo,409,erwarteten
412,in,in,ADP,mo,409,erwarteten
413,seiner,sein,DET,ROOT,413,seiner
414,Heimat,Heimat,NOUN,ROOT,414,Heimat
415,;,--,PUNCT,punct,414,Heimat
416,aber,aber,CCONJ,ju,420,war
417,von,von,ADP,mo,420,war
418,nun,nun,ADV,nk,417,von
419,an,an,ADP,ac,417,von
420,war,sein,AUX,ROOT,420,war
421,hier,hier,ADV,mo,420,war
422,sein,sein,DET,nk,423,Vaterland
423,Vaterland,Vaterland,NOUN,sb,420,war
424,",",--,PUNCT,punct,420,war
425,sein,sein,DET,nk,426,Herz
426,Herz,Herz,NOUN,sb,427,war
427,war,sein,AUX,cj,420,war
428,umgewendet,umwenden,ADV,pd,427,war
429,.,--,PUNCT,punct,420,war
430,Er,er,PRON,ROOT,430,Er
431,sah,sehen,VERB,ROOT,431,sah
432,sie,sie,PRON,sb,431,sah
433,öfter,öfter,ADV,mo,431,sah
434,",",--,PUNCT,punct,431,sah
435,sie,sie,PRON,sb,436,vermied
436,vermied,vermeiden,VERB,cj,431,sah
437,ihn,ihn,PRON,oa,436,vermied
438,nicht,nicht,PART,ng,436,vermied
439,",",--,PUNCT,punct,436,vermied
440,doch,doch,CCONJ,cd,431,sah
441,waren,sein,AUX,cj,440,doch
442,es,es,PRON,sb,441,waren
443,nur,nur,ADV,mo,444,einzelne
444,einzelne,einzeln,ADJ,pd,441,waren
445,und,und,CCONJ,cd,444,einzelne
446,gestohlene,gestohlen,ADJ,cj,445,und
447,Augenblicke,Augenblick,NOUN,ROOT,447,Augenblicke
448,;,--,PUNCT,punct,447,Augenblicke
449,denn,denn,CCONJ,cd,453,bewachte
450,ihre,ihr,DET,nk,452,Familie
451,reiche,reich,ADJ,nk,452,Familie
452,Familie,Familie,NOUN,sb,453,bewachte
453,bewachte,bewachen,VERB,oc,447,Augenblicke
454,sie,sie,PRON,oa,453,bewachte
455,genau,genau,ADV,mo,453,bewachte
456,",",--,PUNCT,punct,453,bewachte
457,noch,noch,ADV,ROOT,457,noch
458,mehr,mehr,ADV,mo,457,noch
459,ein,ein,ADV,mo,457,noch
460,angesehener,angesehen,ADJ,nk,462,Bräutigam
461,eifersüchtiger,eifersüchtig,ADJ,nk,462,Bräutigam
462,Bräutigam,Bräutigam,NOUN,ROOT,462,Bräutigam
463,.,--,PUNCT,punct,462,Bräutigam
464,Sie,sie,PRON,sb,465,gestanden
465,gestanden,gestehen,VERB,oc,470,wußten
466,sich,sich,PRON,oa,465,gestanden
467,ihre,ihr,DET,nk,468,Liebe
468,Liebe,Liebe,NOUN,oa,465,gestanden
469,",",--,PUNCT,punct,470,wußten
470,wußten,wissen,VERB,ROOT,470,wußten
471,aber,aber,CCONJ,ROOT,471,aber
472,keinen,kein,DET,nk,473,Rat
473,Rat,Rat,NOUN,cj,471,aber
474,in,in,ADP,mnr,473,Rat
475,ihrer,ihr,DET,nk,476,Lage
476,Lage,Lage,NOUN,nk,474,in
477,;,--,PUNCT,ROOT,477,;
478,denn,denn,CCONJ,ju,480,war
479,er,er,PRON,sb,480,war
480,war,sein,AUX,ROOT,480,war
481,fremd,fremd,ADV,pd,480,war
482,und,und,CCONJ,cd,480,war
483,konnte,können,AUX,cj,482,und
484,seiner,sein,DET,nk,485,Geliebten
485,Geliebten,geliebter,NOUN,da,483,konnte
486,kein,kein,DET,nk,489,Glück
487,so,so,ADV,mo,488,großes
488,großes,groß,ADJ,nk,489,Glück
489,Glück,Glück,NOUN,oa,490,anbieten
490,anbieten,anbieten,VERB,ROOT,490,anbieten
491,",",--,PUNCT,punct,490,anbieten
492,als,als,SCONJ,cp,497,war
493,sie,sie,PRON,sb,497,war
494,zu,zu,PART,pm,495,erwarten
495,erwarten,erwarten,VERB,oc,496,berechtiget
496,berechtiget,berechtiget,ADV,oc,497,war
497,war,sein,AUX,mo,490,anbieten
498,.,--,PUNCT,punct,490,anbieten
499,Da,da,ADV,mo,500,fühlte
500,fühlte,fühlen,VERB,ROOT,500,fühlte
501,er,er,PRON,ROOT,501,er
502,seine,sein,DET,nk,503,Armut
503,Armut,Armut,NOUN,ROOT,503,Armut
504,;,--,PUNCT,punct,503,Armut
505,doch,doch,CCONJ,ju,514,dünkte
506,wenn,wenn,SCONJ,cp,512,dachte
507,er,er,PRON,sb,512,dachte
508,an,an,ADP,op,512,dachte
509,seine,sein,DET,nk,511,Lebensweise
510,vorige,vorig,ADJ,nk,511,Lebensweise
511,Lebensweise,Lebensweise,NOUN,nk,508,an
512,dachte,denken,VERB,mo,514,dünkte
513,",",--,PUNCT,punct,514,dünkte
514,dünkte,dünken,VERB,ROOT,514,dünkte
515,er,er,PRON,sb,514,dünkte
516,sich,sich,PRON,oa,514,dünkte
517,überschwenglich,überschwenglich,ADV,mo,518,reich
518,reich,reich,ADV,cj,523,war
519,",",--,PUNCT,punct,518,reich
520,denn,denn,CCONJ,cd,523,war
521,sein,sein,DET,nk,522,Dasein
522,Dasein,Dasein,NOUN,sb,523,war
523,war,sein,AUX,ROOT,523,war
524,geheiligt,heiligen,VERB,pd,523,war
525,",",--,PUNCT,punct,523,war
526,sein,sein,DET,nk,527,Herz
527,Herz,Herz,NOUN,sb,528,schwebte
528,schwebte,schweben,VERB,oc,522,Dasein
529,immerdar,Immerdar,PROPN,ROOT,529,immerdar
530,in,in,ADP,mo,529,immerdar
531,der,der,DET,nk,533,Rührung
532,schönsten,schön,ADJ,nk,533,Rührung
533,Rührung,Rührung,NOUN,nk,530,in
534,;,--,PUNCT,punct,529,immerdar
535,jetzt,jetzt,ADV,mo,536,war
536,war,sein,AUX,ROOT,536,war
537,ihm,ihm,PRON,da,536,war
538,die,der,DET,nk,539,Natur
539,Natur,Natur,NOUN,sb,536,war
540,befreundet,befreunden,ADV,pd,536,war
541,und,und,CCONJ,cd,536,war
542,ihre,ihr,DET,cj,541,und
543,Schönheit,Schönheit,NOUN,ROOT,543,Schönheit
544,seinen,sein,DET,nk,545,Sinnen
545,Sinnen,Sinn,NOUN,da,543,Schönheit
546,offenbar,offenbar,ADV,mo,543,Schönheit
547,",",--,PUNCT,punct,543,Schönheit
548,er,er,PRON,sb,549,fühlte
549,fühlte,fühlen,VERB,cj,543,Schönheit
550,sich,sich,PRON,oa,549,fühlte
551,der,der,DET,nk,552,Andacht
552,Andacht,Andacht,NOUN,da,549,fühlte
553,und,und,CCONJ,cd,552,Andacht
554,Religion,Religion,NOUN,cj,553,und
555,nicht,nicht,PART,ng,549,fühlte
556,mehr,mehr,ADV,mo,557,fremd
557,fremd,fremd,ADV,ROOT,557,fremd
558,",",--,PUNCT,punct,557,fremd
559,und,und,CCONJ,cd,557,fremd
560,betrat,betreten,VERB,cj,559,und
561,dieselbe,derselbe,DET,nk,562,Schwelle
562,Schwelle,Schwelle,NOUN,oa,560,betrat
563,",",--,PUNCT,punct,562,Schwelle
564,das,der,DET,nk,566,Dunkel
565,geheimnisvolle,geheimnisvoll,ADJ,nk,566,Dunkel
566,Dunkel,Dunkel,NOUN,cj,562,Schwelle
567,des,der,DET,nk,568,Tempels
568,Tempels,Tempel,NOUN,ag,566,Dunkel
569,jetzt,jetzt,ADV,ROOT,569,jetzt
570,mit,mit,ADP,mo,569,jetzt
571,ganz,ganz,ADV,mo,572,andern
572,andern,anderer,ADJ,nk,573,Gefühlen
573,Gefühlen,Gefühl,NOUN,nk,570,mit
574,",",--,PUNCT,punct,570,mit
575,als,als,SCONJ,cm,576,in
576,in,in,ADP,cc,570,mit
577,jenen,jener,DET,nk,578,Tagen
578,Tagen,Tag,NOUN,nk,576,in
579,des,der,DET,nk,580,Leichtsinns
580,Leichtsinns,Leichtsinn,NOUN,ag,578,Tagen
581,.,--,PUNCT,punct,569,jetzt
582,Er,er,PRON,sb,583,zog
583,zog,ziehen,VERB,ROOT,583,zog
584,sich,sich,PRON,oa,583,zog
585,von,von,ADP,ROOT,585,von
586,seinen,sein,DET,nk,587,Bekanntschaften
587,Bekanntschaften,Bekanntschaft,NOUN,nk,585,von
588,zurück,zurück,ADV,mo,585,von
589,und,und,CCONJ,ju,590,lebte
590,lebte,leben,VERB,ROOT,590,lebte
591,nur,nur,ADV,mo,593,Liebe
592,der,der,DET,nk,593,Liebe
593,Liebe,Liebe,NOUN,da,590,lebte
594,.,--,PUNCT,punct,590,lebte
595,Wenn,wenn,SCONJ,cp,596,er
596,er,er,PRON,ROOT,596,er
597,durch,durch,ADP,mnr,596,er
598,ihre,ihr,DET,nk,597,durch
599,Straße,Straße,NOUN,mo,600,ging
600,ging,gehen,VERB,mo,608,war
601,und,und,CCONJ,cd,600,ging
602,sie,sie,PRON,sb,606,sah
603,nur,nur,ADV,mo,604,am
604,am,an,ADP,mo,606,sah
605,Fenster,Fenster,NOUN,nk,604,am
606,sah,sehen,VERB,cj,601,und
607,",",--,PUNCT,punct,608,war
608,war,sein,AUX,ROOT,608,war
609,er,er,PRON,sb,608,war
610,für,für,ADP,mo,613,glücklich
611,diesen,dieser,DET,nk,612,Tag
612,Tag,Tag,NOUN,nk,610,für
613,glücklich,glücklich,ADV,pd,608,war
614,;,--,PUNCT,punct,608,war
615,er,er,PRON,ROOT,615,er
616,hatte,haben,AUX,ROOT,616,hatte
617,sie,sie,PRON,sb,616,hatte
618,in,in,ADP,mo,624,gesprochen
619,der,der,DET,nk,620,Dämmerung
620,Dämmerung,Dämmerung,NOUN,nk,618,in
621,des,der,DET,nk,622,Abends
622,Abends,Abend,NOUN,ag,620,Dämmerung
623,oftmals,oftmals,ADV,mo,624,gesprochen
624,gesprochen,sprechen,VERB,oc,616,hatte
625,",",--,PUNCT,punct,624,gesprochen
626,ihr,ihr,DET,nk,627,Garten
627,Garten,Garten,NOUN,sb,628,stieß
628,stieß,stoßen,VERB,cj,616,hatte
629,an,an,ADP,svp,628,stieß
630,den,der,PRON,ROOT,630,den
631,eines,ein,DET,nk,632,Freundes
632,Freundes,Freund,NOUN,ag,630,den
633,",",--,PUNCT,punct,632,Freundes
634,der,der,PRON,sb,639,wußte
635,aber,aber,ADV,mo,639,wußte
636,sein,sein,DET,nk,637,Geheimnis
637,Geheimnis,Geheimnis,NOUN,oa,639,wußte
638,nicht,nicht,PART,ng,639,wußte
639,wußte,wissen,VERB,rc,632,Freundes
640,.,--,PUNCT,punct,630,den
641,So,so,ADV,mo,642,war
642,war,sein,AUX,ROOT,642,war
643,ein,ein,DET,nk,644,Jahr
644,Jahr,Jahr,NOUN,pd,642,war
645,vorübergegangen,vorübergegangen,VERB,ROOT,645,vorübergegangen
646,.,--,PUNCT,punct,645,vorübergegangen
647,Alle,aller,DET,nk,649,Szenen
648,diese,dieser,DET,nk,649,Szenen
649,Szenen,Szene,NOUN,sb,653,zogen
650,seines,sein,DET,nk,652,Lebens
651,neuen,neu,ADJ,nk,652,Lebens
652,Lebens,Leben,NOUN,ag,649,Szenen
653,zogen,ziehen,VERB,ROOT,653,zogen
654,wieder,wieder,ADV,mo,653,zogen
655,durch,durch,ADP,mo,653,zogen
656,sein,sein,DET,nk,657,Gedächtnis
657,Gedächtnis,Gedächtnis,NOUN,nk,655,durch
658,.,--,PUNCT,punct,653,zogen
659,Er,er,PRON,ROOT,659,Er
660,erhob,erheben,VERB,ROOT,660,erhob
661,seinen,sein,DET,nk,662,Blick
662,Blick,Blick,NOUN,oa,660,erhob
663,",",--,PUNCT,punct,660,erhob
664,da,da,ADV,mo,665,schwebte
665,schwebte,schweben,VERB,cj,660,erhob
666,die,der,DET,nk,668,Gestalt
667,edle,edel,ADJ,nk,668,Gestalt
668,Gestalt,Gestalt,NOUN,sb,665,schwebte
669,schon,schon,ADV,mo,665,schwebte
670,über,über,ADP,op,665,schwebte
671,den,der,DET,nk,672,Platz
672,Platz,Platz,NOUN,nk,670,über
673,",",--,PUNCT,punct,672,Platz
674,sie,sie,PRON,oa,665,schwebte
675,leuchtete,leuchten,VERB,ROOT,675,leuchtete
676,ihm,ihm,PRON,da,675,leuchtete
677,wie,wie,ADP,cm,679,Sonne
678,eine,ein,DET,nk,679,Sonne
679,Sonne,Sonne,NOUN,mo,675,leuchtete
680,aus,aus,ADP,mnr,679,Sonne
681,der,der,DET,nk,683,Menge
682,verworrenen,verworren,ADJ,nk,683,Menge
683,Menge,Menge,NOUN,nk,680,aus
684,hervor,hervor,ADV,svp,675,leuchtete
685,.,--,PUNCT,punct,675,leuchtete
686,Ein,ein,DET,nk,687,lieblicher
687,lieblicher,lieblich,ADJ,ROOT,687,lieblicher
688,Gesang,Gesang,NOUN,sb,689,ertönte
689,ertönte,ertönen,VERB,ROOT,689,ertönte
690,in,in,ADP,mo,689,ertönte
691,seinem,sein,DET,nk,693,Herzen
692,sehnsüchtigen,sehnsüchtig,ADJ,nk,693,Herzen
693,Herzen,Herz,NOUN,nk,690,in
694,",",--,PUNCT,punct,689,ertönte
695,und,und,CCONJ,cd,689,ertönte
696,er,er,PRON,sb,697,trat
697,trat,treten,VERB,cj,695,und
698,",",--,PUNCT,punct,697,trat
699,wie,wie,SCONJ,mo,700,sie
700,sie,sie,PRON,mo,697,trat
701,sich,sich,PRON,oa,697,trat
702,annäherte,annähern,VERB,ROOT,702,annäherte
703,",",--,PUNCT,punct,702,annäherte
704,in,in,ADP,mo,702,annäherte
705,die,der,DET,nk,706,Kirche
706,Kirche,Kirche,NOUN,nk,704,in
707,zurück,zurück,ADV,svp,702,annäherte
708,.,--,PUNCT,punct,702,annäherte
709,Er,er,PRON,sb,710,hielt
710,hielt,halten,VERB,ROOT,710,hielt
711,ihr,ihr,PRON,da,710,hielt
712,das,der,DET,nk,714,Wasser
713,geweihte,geweiht,ADJ,nk,714,Wasser
714,Wasser,Wasser,NOUN,oa,710,hielt
715,entgegen,entgegen,ADP,svp,710,hielt
716,",",--,PUNCT,punct,710,hielt
717,ihre,ihr,DET,nk,719,Finger
718,weißen,weiß,ADJ,nk,719,Finger
719,Finger,Finger,NOUN,oa,720,zitterten
720,zitterten,zitteren,VERB,ROOT,720,zitterten
721,",",--,PUNCT,punct,720,zitterten
722,als,als,SCONJ,cp,726,berührte
723,sie,sie,PRON,sb,726,berührte
724,die,der,DET,nk,725,seinigen
725,seinigen,Seinige,NOUN,oa,726,berührte
726,berührte,berühren,VERB,mo,720,zitterten
727,",",--,PUNCT,punct,726,berührte
728,sie,sie,PRON,sb,729,neigte
729,neigte,neigen,VERB,oc,726,berührte
730,sich,sich,PRON,oa,729,neigte
731,holdselig,holdselig,ADV,ROOT,731,holdselig
732,.,--,PUNCT,punct,731,holdselig
733,Er,er,PRON,sb,734,folgte
734,folgte,folgen,VERB,ROOT,734,folgte
735,ihr,ihr,PRON,da,734,folgte
736,nach,nach,ADP,svp,734,folgte
737,",",--,PUNCT,punct,734,folgte
738,und,und,CCONJ,cd,734,folgte
739,kniete,knien,VERB,cj,738,und
740,in,in,ADP,mo,739,kniete
741,ihrer,ihr,DET,nk,742,Nähe
742,Nähe,Nähe,NOUN,nk,740,in
743,.,--,PUNCT,punct,734,folgte
744,Sein,sein,DET,nk,746,Herz
745,ganzes,ganz,ADJ,nk,746,Herz
746,Herz,Herz,NOUN,ROOT,746,Herz
747,zerschmolz,zerschmolz,ADV,mo,754,dünkte
748,in,in,ADP,mo,747,zerschmolz
749,Wehmut,Wehmut,NOUN,nk,748,in
750,und,und,CCONJ,cd,749,Wehmut
751,Liebe,Liebe,NOUN,cj,750,und
752,",",--,PUNCT,punct,754,dünkte
753,es,es,PRON,sb,754,dünkte
754,dünkte,dünken,VERB,ROOT,754,dünkte
755,ihm,ihm,PRON,da,754,dünkte
756,",",--,PUNCT,punct,754,dünkte
757,als,als,SCONJ,cm,759,aus
758,wenn,wenn,SCONJ,cp,759,aus
759,aus,aus,ADP,mo,754,dünkte
760,den,der,DET,nk,761,Wunden
761,Wunden,Wunde,NOUN,nk,759,aus
762,der,der,DET,dep,754,dünkte
763,Sehnsucht,Sehnsucht,NOUN,sb,769,dahinblutete
764,sein,sein,DET,nk,765,Wesen
765,Wesen,Wesen,NOUN,oa,769,dahinblutete
766,in,in,ADP,mnr,765,Wesen
767,andächtigen,andächtig,ADJ,nk,768,Gebeten
768,Gebeten,Gebet,NOUN,nk,766,in
769,dahinblutete,dahinbluten,VERB,ROOT,769,dahinblutete
770,;,--,PUNCT,punct,769,dahinblutete
771,jedes,jeder,DET,nk,772,Wort
772,Wort,Wort,NOUN,ROOT,772,Wort
773,des,der,DET,ag,772,Wort
774,Priesters,Priester,PROPN,mo,775,durchschauerte
775,durchschauerte,durchschaueren,VERB,ROOT,775,durchschauerte
776,ihn,ihn,PRON,oa,775,durchschauerte
777,",",--,PUNCT,punct,775,durchschauerte
778,jeder,jeder,DET,nk,779,Ton
779,Ton,Ton,NOUN,sb,775,durchschauerte
780,der,der,DET,nk,781,Musik
781,Musik,Musik,NOUN,ag,779,Ton
782,goß,goß,PROPN,mo,775,durchschauerte
783,Andacht,Andacht,NOUN,oa,775,durchschauerte
784,in,in,ADP,mnr,783,Andacht
785,seinen,sein,DET,nk,786,Busen
786,Busen,Busen,NOUN,nk,784,in
787,;,--,PUNCT,punct,775,durchschauerte
788,seine,sein,DET,nk,789,Lippen
789,Lippen,Lippe,NOUN,oa,790,bebten
790,bebten,bebten,VERB,ROOT,790,bebten
791,",",--,PUNCT,punct,790,bebten
792,als,als,SCONJ,cm,794,Schöne
793,die,der,DET,nk,794,Schöne
794,Schöne,Schöne,NOUN,ROOT,794,Schöne
795,das,der,DET,nk,796,Kruzifix
796,Kruzifix,Kruzifix,NOUN,oa,794,Schöne
797,ihres,ihr,DET,nk,798,Rosenkranzes
798,Rosenkranzes,Rosenkranz,NOUN,ag,796,Kruzifix
799,an,an,ADP,mnr,796,Kruzifix
800,den,der,DET,nk,799,an
801,brünstigen,brünstig,ADJ,nk,803,Mund
802,roten,rot,ADJ,nk,803,Mund
803,Mund,Mund,NOUN,da,804,drückte
804,drückte,drücken,VERB,ROOT,804,drückte
805,.,--,PUNCT,punct,804,drückte
806,Wie,wie,ADV,mo,807,hatte
807,hatte,haben,AUX,ROOT,807,hatte
808,er,er,PRON,sb,807,hatte
809,ehemals,ehemals,ADV,mo,807,hatte
810,diesen,dieser,DET,nk,811,Glauben
811,Glauben,Glaube,NOUN,oa,807,hatte
812,und,und,CCONJ,cd,811,Glauben
813,diese,dieser,PRON,cj,812,und
814,Liebe,Liebe,NOUN,oa,818,begreifen
815,so,so,ADV,mo,817,nicht
816,gar,gar,ADV,mo,817,nicht
817,nicht,nicht,PART,ng,819,können
818,begreifen,begreifen,VERB,oc,819,können
819,können,können,AUX,ROOT,819,können
820,.,--,PUNCT,punct,819,können
821,Da,da,ADV,mo,822,erhob
822,erhob,erheben,VERB,ROOT,822,erhob
823,der,der,DET,nk,824,Priester
824,Priester,Priester,NOUN,sb,822,erhob
825,die,der,DET,nk,826,Hostie
826,Hostie,Hostie,NOUN,oa,822,erhob
827,und,und,CCONJ,cd,826,Hostie
828,die,der,DET,cj,827,und
829,Glocke,Glocke,NOUN,sb,830,schallte
830,schallte,schallen,VERB,ROOT,830,schallte
831,",",--,PUNCT,punct,830,schallte
832,sie,sie,PRON,sb,833,neigte
833,neigte,neigen,VERB,cj,830,schallte
834,sich,sich,PRON,oa,833,neigte
835,demütiger,demütig,ADV,mo,833,neigte
836,und,und,CCONJ,cd,833,neigte
837,bekreuzte,bekreuzen,VERB,cj,836,und
838,ihre,ihr,DET,nk,839,Brust
839,Brust,Brust,NOUN,oa,837,bekreuzte
840,;,--,PUNCT,punct,830,schallte
841,und,und,CCONJ,ROOT,841,und
842,wie,wie,ADP,cj,841,und
843,ein,ein,DET,nk,844,Blitz
844,Blitz,Blitz,NOUN,sb,845,schlug
845,schlug,schlagen,VERB,ROOT,845,schlug
846,es,es,PRON,ep,845,schlug
847,durch,durch,ADP,mo,845,schlug
848,alle,aller,DET,nk,850,Kräfte
849,seine,sein,DET,nk,850,Kräfte
850,Kräfte,Kraft,NOUN,nk,847,durch
851,und,und,CCONJ,cd,850,Kräfte
852,Gefühle,Gefühl,NOUN,cj,851,und
853,",",--,PUNCT,punct,845,schlug
854,und,und,CCONJ,cd,845,schlug
855,das,der,DET,nk,856,Altarbild
856,Altarbild,Altarbild,NOUN,cj,854,und
857,dünkte,dünken,VERB,ROOT,857,dünkte
858,ihm,ihm,PRON,da,857,dünkte
859,lebendig,lebendig,ADV,mo,857,dünkte
860,und,und,CCONJ,cd,857,dünkte
861,die,der,DET,nk,863,Dämmerung
862,farbige,farbig,ADJ,nk,863,Dämmerung
863,Dämmerung,Dämmerung,NOUN,cj,860,und
864,der,der,DET,nk,865,Fenster
865,Fenster,Fenster,NOUN,ag,863,Dämmerung
866,wie,wie,ADP,cm,868,Licht
867,ein,ein,DET,nk,868,Licht
868,Licht,Licht,NOUN,mo,857,dünkte
869,des,der,DET,punct,857,dünkte
870,Paradieses,Paradieses,X,ROOT,870,Paradieses
871,;,--,PUNCT,punct,870,Paradieses
872,Tränen,Träne,NOUN,sb,873,strömten
873,strömten,strömen,VERB,ROOT,873,strömten
874,reichlich,reichlich,ADV,mo,873,strömten
875,aus,aus,ADP,mo,873,strömten
876,seinen,sein,DET,nk,877,Augen
877,Augen,Auge,NOUN,nk,875,aus
878,und,und,CCONJ,cd,873,strömten
879,linderten,linderten,VERB,cj,878,und
880,die,der,DET,oa,879,linderten
881,verzehrende,verzehrend,ADJ,nk,882,Inbrunst
882,Inbrunst,Inbrunst,NOUN,ROOT,882,Inbrunst
883,seines,sein,DET,nk,884,Herzens
884,Herzens,Herzens,NOUN,ag,882,Inbrunst
885,.,--,PUNCT,punct,882,Inbrunst
886,Der,der,DET,nk,887,Gottesdienst
887,Gottesdienst,Gottesdienst,NOUN,sb,888,war
888,war,sein,AUX,ROOT,888,war
889,geendigt,geendigen,VERB,oc,888,war
890,.,--,PUNCT,punct,888,war
891,Er,er,PRON,sb,892,bot
892,bot,bieten,VERB,ROOT,892,bot
893,ihr,ihr,PRON,da,892,bot
894,wieder,wieder,ADV,mo,892,bot
895,den,der,DET,nk,896,Weihbrunnen
896,Weihbrunnen,Weihbrunn,NOUN,da,892,bot
897,",",--,PUNCT,punct,892,bot
898,sie,sie,PRON,sb,899,sprachen
899,sprachen,sprechen,VERB,cj,892,bot
900,einige,einiger,DET,nk,901,Worte
901,Worte,Wort,NOUN,ROOT,901,Worte
902,und,und,CCONJ,cd,901,Worte
903,sie,sie,PRON,sb,904,entfernte
904,entfernte,entfernen,VERB,cj,902,und
905,sich,sich,PRON,oa,904,entfernte
906,.,--,PUNCT,punct,901,Worte
907,Er,er,PRON,sb,908,blieb
908,blieb,bleiben,VERB,ROOT,908,blieb
909,zurück,zurück,ADV,svp,908,blieb
910,",",--,PUNCT,punct,908,blieb
911,um,um,SCONJ,cp,913,Aufmerksamkeit
912,keine,kein,DET,nk,913,Aufmerksamkeit
913,Aufmerksamkeit,Aufmerksamkeit,NOUN,mo,908,blieb
914,zu,zu,PART,pm,915,erregen
915,erregen,erregen,VERB,ROOT,915,erregen
916,;,--,PUNCT,punct,915,erregen
917,er,er,PRON,sb,918,sah
918,sah,sehen,VERB,ROOT,918,sah
919,ihr,ihr,PRON,da,918,sah
920,nach,nach,ADP,svp,918,sah
921,",",--,PUNCT,punct,918,sah
922,bis,bis,SCONJ,cp,930,verschwand
923,der,der,DET,nk,924,Saum
924,Saum,Saum,NOUN,sb,930,verschwand
925,ihres,ihr,DET,nk,926,Kleides
926,Kleides,Kleid,NOUN,ag,924,Saum
927,um,um,ADP,mo,930,verschwand
928,die,der,DET,nk,929,Ecke
929,Ecke,Ecke,NOUN,nk,927,um
930,verschwand,verschwinden,VERB,mo,918,sah
931,.,--,PUNCT,punct,918,sah
932,Da,da,ADV,mo,933,war
933,war,sein,AUX,ROOT,933,war
934,ihm,ihm,PRON,da,933,war
935,wie,wie,ADP,cm,939,Wanderer
936,dem,der,DET,nk,939,Wanderer
937,müden,müden,ADJ,nk,939,Wanderer
938,verirrten,verirrt,ADJ,nk,939,Wanderer
939,Wanderer,Wanderer,NOUN,cc,934,ihm
940,",",--,PUNCT,punct,939,Wanderer
941,dem,der,PRON,nk,946,letzte
942,im,in,ADP,mo,946,letzte
943,dichten,dicht,ADJ,nk,944,Walde
944,Walde,Walde,NOUN,nk,942,im
945,der,der,DET,nk,946,letzte
946,letzte,letzter,ADJ,dep,933,war
947,Schein,Schein,NOUN,oa,951,erlischt
948,der,der,DET,nk,950,Sonne
949,untergehenden,untergehend,ADJ,nk,950,Sonne
950,Sonne,Sonne,NOUN,ag,947,Schein
951,erlischt,erlischen,VERB,ROOT,951,erlischt
952,.,--,PUNCT,punct,951,erlischt
953,Er,er,PRON,sb,954,erwachte
954,erwachte,erwachen,VERB,ROOT,954,erwachte
955,aus,aus,ADP,mo,954,erwachte
956,seiner,sein,DET,nk,957,Träumerei
957,Träumerei,Träumerei,NOUN,nk,955,aus
958,",",--,PUNCT,punct,954,erwachte
959,als,als,ADP,mo,954,erwachte
960,ihm,ihm,PRON,da,968,schlug
961,eine,ein,DET,nk,963,dürre
962,alte,alt,ADJ,nk,963,dürre
963,dürre,dürre,NOUN,nk,964,Hand
964,Hand,Hand,NOUN,sb,968,schlug
965,auf,auf,ADP,mo,968,schlug
966,die,der,DET,nk,967,Schulter
967,Schulter,Schulter,NOUN,nk,965,auf
968,schlug,schlagen,VERB,ROOT,968,schlug
969,",",--,PUNCT,punct,968,schlug
970,und,und,CCONJ,cd,968,schlug
971,ihn,ihn,PRON,oa,968,schlug
972,jemand,jemand,PRON,ROOT,972,jemand
973,bei,bei,ADP,mnr,972,jemand
974,Namen,Name,NOUN,nk,973,bei
975,nannte,nennen,VERB,ROOT,975,nannte
976,.,--,PUNCT,punct,975,nannte
977,Er,er,PRON,sb,978,fuhr
978,fuhr,fahren,VERB,ROOT,978,fuhr
979,zurück,zurück,ADV,svp,978,fuhr
980,",",--,PUNCT,punct,978,fuhr
981,und,und,CCONJ,cd,978,fuhr
982,erkannte,erkennen,VERB,cj,981,und
983,seinen,sein,DET,nk,984,Freund
984,Freund,Freund,NOUN,oa,982,erkannte
985,",",--,PUNCT,punct,984,Freund
986,den,der,DET,nk,988,Albert
987,mürrischen,mürrisch,ADJ,nk,988,Albert
988,Albert,Albert,PROPN,cj,984,Freund
989,",",--,PUNCT,punct,988,Albert
990,der,der,PRON,dep,978,fuhr
991,von,von,ADP,pg,990,der
992,allen,aller,DET,nk,993,Menschen
993,Menschen,Mensch,NOUN,da,995,zurückzog
994,sich,sich,PRON,oa,995,zurückzog
995,zurückzog,zurückziehen,VERB,ROOT,995,zurückzog
996,",",--,PUNCT,punct,995,zurückzog
997,und,und,CCONJ,cd,995,zurückzog
998,dessen,der,DET,ag,1000,Haus
999,einsames,einsam,ADJ,nk,1000,Haus
1000,Haus,Haus,NOUN,cj,997,und
1001,nur,nur,ADV,mo,1003,jungen
1002,dem,der,DET,nk,1003,jungen
1003,jungen,junge,ADJ,da,995,zurückzog
1004,Ferdinand,Ferdinand,NOUN,sb,1006,war
1005,geöffnet,öffnen,VERB,oc,1006,war
1006,war,sein,AUX,ROOT,1006,war
1007,.,--,PUNCT,punct,1006,war
1008,»,--,PUNCT,punct,1009,Seid
1009,Seid,Seid,AUX,ROOT,1009,Seid
1010,Ihr,ihr,DET,nk,1012,Abrede
1011,unsrer,unsr,ADJ,nk,1012,Abrede
1012,Abrede,Abrede,NOUN,sb,1017,fragte
1013,noch,noch,ADV,mo,1014,eingedenk
1014,eingedenk,eingedenk,ADV,oc,1012,Abrede
1015,?,--,PUNCT,punct,1017,fragte
1016,«,--,PUNCT,punct,1014,eingedenk
1017,fragte,fragen,VERB,ROOT,1017,fragte
1018,die,der,DET,dep,1017,fragte
1019,heisere,heisern,ADJ,nk,1020,Stimme
1020,Stimme,Stimme,NOUN,ROOT,1020,Stimme
1021,.,--,PUNCT,punct,1020,Stimme
1022,»,--,PUNCT,punct,1023,O
1023,O,O,PROPN,sb,1027,antwortete
1024,ja,ja,ADV,mo,1023,O
1025,«,--,PUNCT,punct,1023,O
1026,",",--,PUNCT,punct,1027,antwortete
1027,antwortete,antworten,VERB,ROOT,1027,antwortete
1028,Ferdinand,Ferdinand,PROPN,sb,1027,antwortete
1029,",",--,PUNCT,punct,1027,antwortete
1030,»,--,PUNCT,punct,1027,antwortete
1031,und,und,CCONJ,cd,1027,antwortete
1032,werdet,werden,VERB,cj,1031,und
1033,Ihr,ihr,DET,nk,1034,Euer
1034,Euer,euer,DET,nk,1035,Versprechen
1035,Versprechen,Versprechen,NOUN,oa,1032,werdet
1036,heut,heuen,ADV,ROOT,1036,heut
1037,noch,noch,ADV,mo,1038,halten
1038,halten,halten,VERB,oc,1036,heut
1039,?,--,PUNCT,punct,1036,heut
1040,«,--,PUNCT,punct,1036,heut
1041,»,--,PUNCT,punct,1045,Stunde
1042,Noch,noch,ADV,mo,1043,in
1043,in,in,ADP,mo,1048,antwortete
1044,dieser,dieser,DET,nk,1045,Stunde
1045,Stunde,Stunde,NOUN,nk,1043,in
1046,«,--,PUNCT,punct,1043,in
1047,",",--,PUNCT,punct,1048,antwortete
1048,antwortete,antworten,VERB,ROOT,1048,antwortete
1049,jener,jener,PRON,sb,1048,antwortete
1050,",",--,PUNCT,punct,1048,antwortete
1051,»,--,PUNCT,punct,1048,antwortete
1052,wenn,wenn,SCONJ,cp,1053,Ihr
1053,Ihr,ihr,PRON,sb,1048,antwortete
1054,mir,mir,PRON,dep,1053,Ihr
1055,folgen,folgen,VERB,oc,1056,wollt
1056,wollt,wollen,AUX,ROOT,1056,wollt
1057,.,--,PUNCT,punct,1056,wollt
1058,«,--,PUNCT,ROOT,1058,«
1059,Sie,sie,PRON,sb,1060,gingen
1060,gingen,gehen,VERB,ROOT,1060,gingen
1061,durch,durch,ADP,mo,1060,gingen
1062,die,der,DET,nk,1063,Stadt
1063,Stadt,Stadt,NOUN,nk,1061,durch
1064,und,und,CCONJ,cd,1061,durch
1065,in,in,ADP,cj,1064,und
1066,einer,ein,DET,nk,1068,Straße
1067,abgelegenen,abgelegen,ADJ,nk,1068,Straße
1068,Straße,Straße,NOUN,nk,1065,in
1069,in,in,ADP,mo,1060,gingen
1070,ein,ein,DET,nk,1071,großes
1071,großes,groß,ADJ,punct,1060,gingen
1072,Gebäude,Gebäude,NOUN,ROOT,1072,Gebäude
1073,.,--,PUNCT,punct,1072,Gebäude
1074,»,--,PUNCT,punct,1075,Heute
1075,Heute,heute,ADV,oc,1078,sagte
1076,«,--,PUNCT,punct,1075,Heute
1077,",",--,PUNCT,punct,1078,sagte
1078,sagte,sagen,VERB,ROOT,1078,sagte
1079,der,der,DET,nk,1080,Alte
1080,Alte,alt,NOUN,sb,1078,sagte
1081,",",--,PUNCT,punct,1078,sagte
1082,»,--,PUNCT,punct,1083,müßt
1083,müßt,müßn,VERB,oc,1078,sagte
1084,Ihr,ihr,PRON,sb,1083,müßt
1085,Euch,euch,PRON,oa,1083,müßt
1086,schon,schon,ADV,mo,1083,müßt
1087,mit,mit,ADP,mo,1083,müßt
1088,mir,mir,PRON,nk,1087,mit
1089,in,in,ADP,mo,1083,müßt
1090,das,der,DET,nk,1089,in
1091,Hinterhaus,Hinterhaus,PROPN,sb,1092,bemühn
1092,bemühn,bemühn,ADV,ROOT,1092,bemühn
1093,",",--,PUNCT,punct,1092,bemühn
1094,in,in,ADP,app,1092,bemühn
1095,mein,mein,DET,nk,1097,Zimmer
1096,einsamstes,einsamst,ADJ,nk,1097,Zimmer
1097,Zimmer,Zimmer,NOUN,nk,1094,in
1098,",",--,PUNCT,punct,1092,bemühn
1099,damit,damit,SCONJ,cp,1103,gestört
1100,wir,wir,PRON,sb,1103,gestört
1101,nicht,nicht,PART,ng,1103,gestört
1102,etwa,etwa,ADV,mo,1103,gestört
1103,gestört,stören,VERB,mo,1092,bemühn
1104,werden,werden,AUX,ROOT,1104,werden
1105,.,--,PUNCT,punct,1104,werden
1106,«,--,PUNCT,punct,1104,werden
1107,Sie,sie,PRON,sb,1108,gingen
1108,gingen,gehen,VERB,ROOT,1108,gingen
1109,durch,durch,ADP,mo,1108,gingen
1110,viele,vieler,DET,nk,1111,Gemächer
1111,Gemächer,Gemächer,NOUN,nk,1109,durch
1112,",",--,PUNCT,punct,1108,gingen
1113,dann,dann,ADV,mo,1108,gingen
1114,über,über,ADP,mo,1108,gingen
1115,einige,einiger,DET,nk,1116,Treppen
1116,Treppen,Treppe,NOUN,nk,1114,über
1117,;,--,PUNCT,punct,1108,gingen
1118,Gänge,Gang,NOUN,ROOT,1118,Gänge
1119,empfingen,empfingen,VERB,ROOT,1119,empfingen
1120,sie,sie,PRON,sb,1119,empfingen
1121,",",--,PUNCT,punct,1119,empfingen
1122,und,und,CCONJ,cd,1119,empfingen
1123,Ferdinand,Ferdinand,PROPN,sb,1132,mußte
1124,",",--,PUNCT,punct,1123,Ferdinand
1125,der,der,PRON,sb,1130,glaubte
1126,das,der,DET,nk,1127,Haus
1127,Haus,Haus,NOUN,oa,1129,kennen
1128,zu,zu,PART,pm,1129,kennen
1129,kennen,kennen,VERB,oc,1130,glaubte
1130,glaubte,glauben,VERB,rc,1123,Ferdinand
1131,",",--,PUNCT,punct,1132,mußte
1132,mußte,müssen,AUX,cj,1122,und
1133,sich,sich,PRON,oa,1129,kennen
1134,über,über,ADP,mo,1132,mußte
1135,die,der,DET,nk,1136,Menge
1136,Menge,Menge,NOUN,ROOT,1136,Menge
1137,der,der,DET,nk,1138,Zimmer
1138,Zimmer,Zimmer,NOUN,ag,1136,Menge
1139,",",--,PUNCT,punct,1136,Menge
1140,so,so,ADV,mo,1136,Menge
1141,wie,wie,ADP,cm,1142,über
1142,über,über,ADP,cc,1140,so
1143,die,der,DET,nk,1145,Einrichtung
1144,seltsame,seltsam,ADJ,nk,1145,Einrichtung
1145,Einrichtung,Einrichtung,NOUN,nk,1142,über
1146,des,der,DET,nk,1147,weitläufigen
1147,weitläufigen,weitläufig,ADJ,ag,1145,Einrichtung
1148,Gebäudes,Gebäude,NOUN,sb,1149,verwundern
1149,verwundern,verwundern,VERB,ROOT,1149,verwundern
1150,",",--,PUNCT,punct,1149,verwundern
1151,noch,noch,ADV,mo,1152,mehr
1152,mehr,mehr,ADV,mo,1154,darüber
1153,aber,aber,ADV,mo,1154,darüber
1154,darüber,darüber,ADV,op,1149,verwundern
1155,",",--,PUNCT,punct,1154,darüber
1156,daß,daß,SCONJ,re,1154,darüber
1157,der,der,DET,nk,1158,Alte
1158,Alte,alte,NOUN,pd,1149,verwundern
1159,",",--,PUNCT,punct,1158,Alte
1160,welcher,welcher,DET,dep,1149,verwundern
1161,unverheiratet,unverheiraten,VERB,pd,1162,war
1162,war,sein,AUX,ROOT,1162,war
1163,",",--,PUNCT,punct,1162,war
1164,der,der,PRON,sb,1168,hatte
1165,auch,auch,ADV,mo,1167,Familie
1166,keine,kein,DET,nk,1167,Familie
1167,Familie,Familie,NOUN,oa,1168,hatte
1168,hatte,haben,VERB,rc,1174,einzigen
1169,",",--,PUNCT,punct,1168,hatte
1170,es,es,PRON,oa,1172,mit
1171,allein,allein,ADV,mo,1172,mit
1172,mit,mit,ADP,dep,1162,war
1173,einem,ein,DET,nk,1174,einzigen
1174,einzigen,einzig,ADJ,nk,1172,mit
1175,Bedienten,Bedient,NOUN,sb,1176,bewohne
1176,bewohne,bewohnen,VERB,ROOT,1176,bewohne
1177,",",--,PUNCT,punct,1176,bewohne
1178,und,und,CCONJ,cd,1176,bewohne
1179,niemals,niemals,ADV,mo,1186,hatte
1180,an,an,ADP,mo,1186,hatte
1181,Fremde,Fremde,NOUN,nk,1180,an
1182,von,von,ADP,pg,1181,Fremde
1183,dem,der,DET,nk,1185,Raume
1184,überflüssigen,überflüssig,ADJ,nk,1185,Raume
1185,Raume,Raume,NOUN,nk,1182,von
1186,hatte,haben,AUX,cj,1178,und
1187,vermieten,vermieten,VERB,oc,1188,wollen
1188,wollen,wollen,AUX,ROOT,1188,wollen
1189,.,--,PUNCT,punct,1188,wollen
1190,Albert,Albert,PROPN,sb,1191,schloß
1191,schloß,schließen,VERB,ROOT,1191,schloß
1192,endlich,endlich,ADV,mo,1191,schloß
1193,auf,auf,ADP,svp,1191,schloß
1194,und,und,CCONJ,cd,1191,schloß
1195,sagte,sagen,VERB,cj,1194,und
1196,:,--,PUNCT,punct,1195,sagte
1197,»,--,PUNCT,punct,1199,sind
1198,Nun,nun,ADV,mo,1199,sind
1199,sind,sein,AUX,oc,1195,sagte
1200,wir,wir,PRON,sb,1199,sind
1201,zur,zu,ADP,pd,1199,sind
1202,Stelle,Stelle,NOUN,ROOT,1202,Stelle
1203,.,--,PUNCT,punct,1202,Stelle
1204,«,--,PUNCT,punct,1202,Stelle
1205,Ein,ein,DET,nk,1208,Zimmer
1206,großes,groß,ADJ,nk,1208,Zimmer
1207,hohes,hoch,ADJ,nk,1208,Zimmer
1208,Zimmer,Zimmer,NOUN,oa,1209,empfing
1209,empfing,empfangen,VERB,ROOT,1209,empfing
1210,sie,sie,PRON,sb,1209,empfing
1211,",",--,PUNCT,punct,1209,empfing
1212,das,der,PRON,dep,1209,empfing
1213,mit,mit,ADP,mnr,1212,das
1214,rotem,rot,ADJ,nk,1215,Damast
1215,Damast,Damast,NOUN,nk,1213,mit
1216,ausgeschlagen,ausschlagen,VERB,oc,1217,war
1217,war,sein,AUX,ROOT,1217,war
1218,",",--,PUNCT,punct,1217,war
1219,den,der,DET,nk,1221,Leisten
1220,goldene,golden,ADJ,nk,1221,Leisten
1221,Leisten,Leiste,NOUN,oa,1222,einfaßten
1222,einfaßten,einfaßten,VERB,sb,1217,war
1223,",",--,PUNCT,punct,1222,einfaßten
1224,die,der,DET,nk,1225,Sessel
1225,Sessel,Sessel,NOUN,sb,1226,waren
1226,waren,sein,AUX,sb,1217,war
1227,von,von,ADP,dep,1226,waren
1228,dem,der,DET,nk,1227,von
1229,nämlichen,nämlich,ADJ,nk,1230,Zeuge
1230,Zeuge,Zeuge,NOUN,ROOT,1230,Zeuge
1231,",",--,PUNCT,punct,1230,Zeuge
1232,und,und,CCONJ,cd,1230,Zeuge
1233,durch,durch,ADP,cj,1232,und
1234,rote,rot,ADJ,nk,1235,schwerseidne
1235,schwerseidne,Schwerseidne,NOUN,nk,1233,durch
1236,Vorhänge,Vorhang,NOUN,nk,1235,schwerseidne
1237,",",--,PUNCT,punct,1236,Vorhänge
1238,welche,welcher,PRON,sb,1239,niedergelassen
1239,niedergelassen,niederlassen,VERB,cj,1230,Zeuge
1240,waren,sein,AUX,mo,1242,schimmerte
1241,",",--,PUNCT,punct,1242,schimmerte
1242,schimmerte,schimmeren,VERB,ROOT,1242,schimmerte
1243,ein,ein,DET,nk,1245,Licht
1244,purpurnes,purpurn,ADJ,nk,1245,Licht
1245,Licht,Licht,NOUN,sb,1242,schimmerte
1246,.,--,PUNCT,punct,1242,schimmerte
1247,»,--,PUNCT,punct,1248,Verweilt
1248,Verweilt,Verweilt,VERB,oc,1253,sagte
1249,einen,ein,DET,nk,1250,Augenblick
1250,Augenblick,Augenblick,NOUN,oa,1248,Verweilt
1251,«,--,PUNCT,punct,1248,Verweilt
1252,",",--,PUNCT,punct,1253,sagte
1253,sagte,sagen,VERB,ROOT,1253,sagte
1254,der,der,DET,dep,1253,sagte
1255,Alte,alte,NOUN,sb,1263,ging
1256,",",--,PUNCT,punct,1263,ging
1257,indem,indem,SCONJ,cp,1263,ging
1258,er,er,PRON,sb,1263,ging
1259,in,in,ADP,mo,1263,ging
1260,ein,ein,DET,nk,1262,Gemach
1261,anderes,anderer,ADJ,nk,1262,Gemach
1262,Gemach,Gemach,NOUN,nk,1259,in
1263,ging,gehen,VERB,ROOT,1263,ging
1264,.,--,PUNCT,punct,1263,ging
1265,Ferdinand,Ferdinand,PROPN,sb,1266,betrachtete
1266,betrachtete,betrachten,VERB,ROOT,1266,betrachtete
1267,indes,indes,ADV,mo,1266,betrachtete
1268,einige,einiger,PRON,oa,1266,betrachtete
1269,Bücher,Buch,NOUN,ROOT,1269,Bücher
1270,",",--,PUNCT,punct,1269,Bücher
1271,in,in,ADP,mo,1276,Charaktere
1272,welchen,welcher,PRON,nk,1271,in
1273,er,er,PRON,sb,1276,Charaktere
1274,fremde,fremd,ADJ,nk,1276,Charaktere
1275,unverständliche,unverständlich,ADJ,nk,1276,Charaktere
1276,Charaktere,Charakter,NOUN,app,1269,Bücher
1277,",",--,PUNCT,punct,1276,Charaktere
1278,Kreise,Kreis,NOUN,cj,1276,Charaktere
1279,und,und,CCONJ,cd,1278,Kreise
1280,Linien,Linie,NOUN,cj,1279,und
1281,",",--,PUNCT,punct,1269,Bücher
1282,nebst,nebst,ADP,mo,1286,fand
1283,vielen,vieler,DET,nk,1285,Zeichnungen
1284,wunderlichen,wunderlich,ADJ,nk,1285,Zeichnungen
1285,Zeichnungen,Zeichnung,NOUN,nk,1282,nebst
1286,fand,finden,VERB,ROOT,1286,fand
1287,",",--,PUNCT,punct,1286,fand
1288,und,und,CCONJ,cd,1286,fand
1289,nach,nach,ADP,cj,1288,und
1290,dem,der,DET,nk,1291,wenigen
1291,wenigen,weniger,PRON,nk,1289,nach
1292,",",--,PUNCT,punct,1291,wenigen
1293,was,wer,PRON,oa,1295,lesen
1294,er,er,PRON,sb,1295,lesen
1295,lesen,lesen,VERB,rc,1291,wenigen
1296,konnte,können,AUX,mo,1298,schienen
1297,",",--,PUNCT,punct,1298,schienen
1298,schienen,scheinen,VERB,ROOT,1298,schienen
1299,es,es,PRON,sb,1298,schienen
1300,alchemistische,alchemistisch,ADJ,nk,1301,Schriften
1301,Schriften,Schrift,NOUN,oa,1298,schienen
1302,;,--,PUNCT,punct,1298,schienen
1303,er,er,PRON,sb,1304,wußte
1304,wußte,wissen,VERB,ROOT,1304,wußte
1305,auch,auch,ADV,mo,1304,wußte
1306,",",--,PUNCT,punct,1304,wußte
1307,daß,daß,SCONJ,cp,1309,Alte
1308,der,der,DET,nk,1309,Alte
1309,Alte,alte,NOUN,oc,1304,wußte
1310,im,in,ADP,mnr,1309,Alte
1311,Rufe,Rufe,NOUN,sb,1314,stand
1312,eines,ein,DET,nk,1313,Goldmachers
1313,Goldmachers,Goldmacher,NOUN,ag,1311,Rufe
1314,stand,stehen,VERB,ROOT,1314,stand
1315,.,--,PUNCT,punct,1314,stand
1316,Eine,ein,DET,nk,1317,Laute
1317,Laute,Laute,NOUN,sb,1318,lag
1318,lag,liegen,VERB,ROOT,1318,lag
1319,auf,auf,ADP,mo,1318,lag
1320,dem,der,DET,nk,1321,Tische
1321,Tische,Tisch,NOUN,nk,1319,auf
1322,",",--,PUNCT,punct,1321,Tische
1323,welche,welcher,PRON,sb,1324,seltsam
1324,seltsam,seltsam,ADV,rc,1321,Tische
1325,mit,mit,ADP,svp,1318,lag
1326,Perlmutter,Perlmutter,NOUN,mo,1330,ausgelegt
1327,und,und,CCONJ,cd,1326,Perlmutter
1328,farbigen,farbig,ADJ,nk,1329,Hölzern
1329,Hölzern,Hölz,NOUN,cj,1327,und
1330,ausgelegt,auslegen,VERB,pd,1331,war
1331,war,sein,AUX,ROOT,1331,war
1332,und,und,CCONJ,cd,1331,war
1333,in,in,ADP,cj,1332,und
1334,glänzenden,glänzend,ADJ,nk,1335,Gestalten
1335,Gestalten,Gestalt,NOUN,nk,1333,in
1336,Vögel,Vogel,NOUN,sb,1331,war
1337,und,und,CCONJ,ju,1339,darstellte
1338,Blumen,Blume,NOUN,oa,1339,darstellte
1339,darstellte,darstellen,VERB,ROOT,1339,darstellte
1340,",",--,PUNCT,punct,1339,darstellte
1341,der,der,DET,nk,1342,Stern
1342,Stern,Stern,NOUN,sb,1346,war
1343,in,in,ADP,mnr,1342,Stern
1344,der,der,DET,nk,1345,Mitte
1345,Mitte,Mitte,NOUN,nk,1343,in
1346,war,sein,AUX,oc,1339,darstellte
1347,ein,ein,DET,nk,1349,Stück
1348,großes,groß,ADJ,nk,1349,Stück
1349,Stück,Stück,NOUN,pd,1346,war
1350,Perlmutter,Perlmutter,NOUN,nk,1349,Stück
1351,",",--,PUNCT,punct,1346,war
1352,auf,auf,ADP,ROOT,1352,auf
1353,das,der,DET,nk,1354,kunstreichste
1354,kunstreichste,kunstreich,ADJ,nk,1352,auf
1355,in,in,ADP,mnr,1354,kunstreichste
1356,vielen,vieler,DET,nk,1358,Zirkelfiguren
1357,durchbrochenen,durchbrochen,ADJ,nk,1358,Zirkelfiguren
1358,Zirkelfiguren,Zirkelfigur,NOUN,nk,1355,in
1359,",",--,PUNCT,punct,1352,auf
1360,fast,fast,ADV,dep,1352,auf
1361,wie,wie,ADP,cm,1362,die
1362,die,der,PRON,cc,1360,fast
1363,Fensterrose,Fensterrose,NOUN,ROOT,1363,Fensterrose
1364,einer,ein,DET,nk,1366,Kirche
1365,gotischen,gotisch,ADJ,nk,1366,Kirche
1366,Kirche,Kirche,NOUN,ag,1363,Fensterrose
1367,",",--,PUNCT,punct,1368,ausgearbeitet
1368,ausgearbeitet,ausarbeiten,VERB,oc,1363,Fensterrose
1369,.,--,PUNCT,punct,1363,Fensterrose
1370,»,--,PUNCT,punct,1372,betrachtet
1371,Ihr,ihr,PRON,sb,1372,betrachtet
1372,betrachtet,betrachten,VERB,ROOT,1372,betrachtet
1373,da,da,ADV,mo,1372,betrachtet
1374,mein,mein,DET,punct,1372,betrachtet
1375,Instrument,Instrument,NOUN,sb,1382,zurückkehrte
1376,«,--,PUNCT,punct,1375,Instrument
1377,",",--,PUNCT,punct,1378,sagte
1378,sagte,sagen,VERB,ROOT,1378,sagte
1379,Albert,Albert,PROPN,sb,1378,sagte
1380,",",--,PUNCT,punct,1378,sagte
1381,welcher,welcher,PRON,sb,1382,zurückkehrte
1382,zurückkehrte,zurückkehren,VERB,oc,1378,sagte
1383,",",--,PUNCT,punct,1382,zurückkehrte
1384,»,--,PUNCT,punct,1386,ist
1385,es,es,PRON,sb,1386,ist
1386,ist,sein,AUX,oc,1382,zurückkehrte
1387,schon,schon,ADV,mo,1388,zweihundert
1388,zweihundert,zweihundert,VERB,pd,1386,ist
1389,Jahr,Jahr,NOUN,mo,1382,zurückkehrte
1390,alt,alt,ADV,ROOT,1390,alt
1391,",",--,PUNCT,punct,1390,alt
1392,und,und,CCONJ,cd,1390,alt
1393,ich,ich,PRON,sb,1394,habe
1394,habe,haben,AUX,cj,1392,und
1395,es,es,PRON,oa,1402,mitgebracht
1396,als,als,ADP,mo,1402,mitgebracht
1397,Andenken,Andenken,NOUN,nk,1396,als
1398,meiner,mein,DET,nk,1399,Reise
1399,Reise,Reise,NOUN,ag,1397,Andenken
1400,aus,aus,ADP,mnr,1399,Reise
1401,Spanien,Spanien,PROPN,nk,1400,aus
1402,mitgebracht,mitbringen,VERB,oc,1394,habe
1403,.,--,PUNCT,punct,1390,alt
1404,Doch,doch,CCONJ,ROOT,1404,Doch
1405,laßt,lassen,VERB,ROOT,1405,laßt
1406,das,der,PRON,nk,1407,alles
1407,alles,alle,PRON,oa,1405,laßt
1408,",",--,PUNCT,punct,1405,laßt
1409,und,und,CCONJ,cd,1405,laßt
1410,setzt,setzen,VERB,cj,1409,und
1411,Euch,euch,PRON,oa,1410,setzt
1412,jetzt,jetzt,ADV,mo,1410,setzt
1413,.,--,PUNCT,punct,1405,laßt
1414,«,--,PUNCT,punct,1405,laßt
1415,Sie,sie,PRON,sb,1416,setzten
1416,setzten,setzen,VERB,ROOT,1416,setzten
1417,sich,sich,PRON,oa,1416,setzten
1418,an,an,ADP,mo,1416,setzten
1419,den,der,DET,nk,1420,Tisch
1420,Tisch,Tisch,NOUN,nk,1418,an
1421,",",--,PUNCT,punct,1420,Tisch
1422,der,der,PRON,sb,1428,bedeckt
1423,ebenfalls,ebenfalls,ADV,mo,1428,bedeckt
1424,mit,mit,ADP,mo,1428,bedeckt
1425,einem,ein,DET,nk,1427,Teppiche
1426,roten,rot,ADJ,nk,1427,Teppiche
1427,Teppiche,Teppich,NOUN,nk,1424,mit
1428,bedeckt,bedeckt,ADV,mo,1416,setzten
1429,war,sein,AUX,ROOT,1429,war
1430,",",--,PUNCT,punct,1429,war
1431,und,und,CCONJ,cd,1429,war
1432,der,der,DET,nk,1433,Alte
1433,Alte,alte,NOUN,sb,1434,stellte
1434,stellte,stellen,VERB,cj,1431,und
1435,etwas,etwas,DET,nk,1436,Verhülltes
1436,Verhülltes,Verhüllt,NOUN,oa,1434,stellte
1437,auf,auf,ADP,mo,1434,stellte
1438,die,der,DET,nk,1439,Tafel
1439,Tafel,Tafel,NOUN,nk,1437,auf
1440,.,--,PUNCT,punct,1429,war
1441,»,--,PUNCT,punct,1442,Aus
1442,Aus,aus,ADP,ROOT,1442,Aus
1443,Mitleid,Mitleid,NOUN,nk,1442,Aus
1444,gegen,gegen,ADP,mnr,1443,Mitleid
1445,Eure,euer,DET,nk,1446,Jugend
1446,Jugend,Jugend,NOUN,sb,1454,habe
1447,«,--,PUNCT,punct,1446,Jugend
1448,",",--,PUNCT,punct,1449,fing
1449,fing,fing,VERB,ROOT,1449,fing
1450,er,er,PRON,sb,1449,fing
1451,an,an,ADP,svp,1449,fing
1452,",",--,PUNCT,punct,1449,fing
1453,»,--,PUNCT,punct,1454,habe
1454,habe,haben,AUX,oc,1449,fing
1455,ich,ich,PRON,sb,1454,habe
1456,Euch,Euch,PRON,oa,1458,versprochen
1457,neulich,neulich,ADV,mo,1458,versprochen
1458,versprochen,versprechen,VERB,oc,1454,habe
1459,",",--,PUNCT,punct,1458,versprochen
1460,Euch,euch,PRON,dep,1454,habe
1461,zu,zu,ADP,svp,1449,fing
1462,wahrsagen,wahrsagen,VERB,ROOT,1462,wahrsagen
1463,",",--,PUNCT,punct,1462,wahrsagen
1464,ob,ob,SCONJ,cp,1468,könnt
1465,Ihr,ihr,PRON,sb,1468,könnt
1466,glücklich,glücklich,ADV,oc,1467,werden
1467,werden,werden,AUX,oc,1468,könnt
1468,könnt,können,VERB,oc,1462,wahrsagen
1469,oder,oder,CCONJ,cd,1468,könnt
1470,nicht,nicht,PART,cj,1469,oder
1471,",",--,PUNCT,punct,1462,wahrsagen
1472,und,und,CCONJ,cd,1462,wahrsagen
1473,dieses,dieser,DET,nk,1474,Versprechen
1474,Versprechen,Versprechen,NOUN,cj,1472,und
1475,will,wollen,AUX,ROOT,1475,will
1476,ich,ich,PRON,sb,1475,will
1477,in,in,ADP,mo,1480,lösen
1478,gegenwärtiger,gegenwärtig,ADJ,nk,1479,Stunde
1479,Stunde,Stunde,NOUN,nk,1477,in
1480,lösen,lösen,VERB,oc,1475,will
1481,",",--,PUNCT,punct,1480,lösen
1482,ob,ob,SCONJ,cp,1489,für
1483,Ihr,ihr,PRON,nk,1482,ob
1484,gleich,gleich,ADV,mo,1486,Sache
1485,die,der,DET,nk,1486,Sache
1486,Sache,Sache,NOUN,oa,1489,für
1487,neulich,neulich,ADV,mo,1486,Sache
1488,nur,nur,ADV,mo,1489,für
1489,für,für,ADP,re,1475,will
1490,einen,ein,DET,nk,1491,Scherz
1491,Scherz,Scherz,NOUN,oa,1492,halten
1492,halten,halten,VERB,oc,1493,wolltet
1493,wolltet,wollten,VERB,ROOT,1493,wolltet
1494,.,--,PUNCT,punct,1493,wolltet
1495,Ihr,ihr,PRON,sb,1496,dürft
1496,dürft,dürfen,VERB,ROOT,1496,dürft
1497,Euch,euch,PRON,oa,1496,dürft
1498,nicht,nicht,PART,ng,1496,dürft
1499,entsetzen,entsetzen,VERB,oc,1496,dürft
1500,",",--,PUNCT,punct,1496,dürft
1501,denn,denn,CCONJ,cd,1496,dürft
1502,",",--,PUNCT,punct,1501,denn
1503,was,was,PRON,punct,1496,dürft
1504,ich,ich,PRON,sb,1496,dürft
1505,vorhabe,Vorhabe,VERB,sb,1507,kann
1506,",",--,PUNCT,punct,1507,kann
1507,kann,können,AUX,ROOT,1507,kann
1508,ohne,ohne,ADP,mo,1507,kann
1509,Gefahr,Gefahr,NOUN,nk,1508,ohne
1510,geschehn,geschehn,NUM,oc,1507,kann
1511,",",--,PUNCT,punct,1507,kann
1512,und,und,CCONJ,cd,1507,kann
1513,weder,weder,CCONJ,cd,1515,Zitationen
1514,furchtbare,furchtbar,ADJ,nk,1515,Zitationen
1515,Zitationen,Zitation,NOUN,sb,1516,sollen
1516,sollen,sollen,AUX,cj,1512,und
1517,von,von,ADP,sbp,1516,sollen
1518,mir,mir,PRON,da,1519,vorgenommen
1519,vorgenommen,vornehmen,VERB,oc,1520,werden
1520,werden,werden,AUX,ROOT,1520,werden
1521,",",--,PUNCT,punct,1520,werden
1522,noch,noch,ADV,mo,1523,soll
1523,soll,sollen,AUX,cj,1520,werden
1524,Euch,euch,PRON,sb,1523,soll
1525,eine,ein,DET,nk,1527,Erscheinung
1526,gräßliche,gräßlich,ADJ,nk,1527,Erscheinung
1527,Erscheinung,Erscheinung,NOUN,oa,1528,erschrecken
1528,erschrecken,erschrecken,VERB,oc,1523,soll
1529,.,--,PUNCT,punct,1520,werden
1530,Die,der,DET,nk,1531,Sache
1531,Sache,Sache,NOUN,sb,1538,kann
1532,",",--,PUNCT,punct,1531,Sache
1533,die,der,PRON,oa,1535,versuchen
1534,ich,ich,PRON,sb,1536,will
1535,versuchen,versuchen,VERB,oc,1536,will
1536,will,wollen,AUX,rc,1531,Sache
1537,",",--,PUNCT,punct,1538,kann
1538,kann,können,AUX,ROOT,1538,kann
1539,in,in,ADP,mo,1542,mißlingen
1540,zweien,zwei,ADJ,nk,1541,Fällen
1541,Fällen,Fall,NOUN,nk,1539,in
1542,mißlingen,mißlingen,VERB,oc,1538,kann
1543,:,--,PUNCT,punct,1538,kann
1544,wenn,wenn,SCONJ,cp,1545,Ihr
1545,Ihr,ihr,PRON,ROOT,1545,Ihr
1546,nämlich,nämlich,ADV,mo,1550,liebt
1547,nicht,nicht,PART,ng,1550,liebt
1548,so,so,ADV,mo,1549,wahrhaft
1549,wahrhaft,wahrhaft,ADV,mo,1550,liebt
1550,liebt,lieben,VERB,ROOT,1550,liebt
1551,",",--,PUNCT,punct,1550,liebt
1552,als,als,SCONJ,cp,1558,machen
1553,Ihr,ihr,PRON,sb,1556,wollen
1554,mich,sich,PRON,oa,1555,habt
1555,habt,haben,AUX,oc,1556,wollen
1556,wollen,wollen,AUX,oc,1557,glauben
1557,glauben,glauben,VERB,oc,1558,machen
1558,machen,machen,VERB,mo,1550,liebt
1559,",",--,PUNCT,punct,1550,liebt
1560,denn,denn,CCONJ,cd,1550,liebt
1561,alsdann,alsdann,NOUN,sb,1562,ist
1562,ist,sein,AUX,ROOT,1562,ist
1563,meine,mein,DET,nk,1564,Bemühung
1564,Bemühung,Bemühung,NOUN,sb,1562,ist
1565,umsonst,umsonst,ADV,mo,1562,ist
1566,und,und,CCONJ,cd,1562,ist
1567,es,es,PRON,sb,1568,zeigt
1568,zeigt,zeigen,VERB,cj,1566,und
1569,sich,sich,PRON,oa,1568,zeigt
1570,gar,gar,ADV,mo,1571,nichts
1571,nichts,nichts,PRON,sb,1568,zeigt
1572,;,--,PUNCT,punct,1562,ist
1573,oder,oder,CCONJ,dep,1575,Ihr
1574,daß,daß,SCONJ,cp,1575,Ihr
1575,Ihr,ihr,PRON,ROOT,1575,Ihr
1576,das,der,DET,nk,1577,Orakel
1577,Orakel,Orakel,NOUN,sb,1578,stört
1578,stört,stören,VERB,ROOT,1578,stört
1579,und,und,CCONJ,cd,1578,stört
1580,durch,durch,ADP,cj,1579,und
1581,eine,ein,DET,nk,1583,Frage
1582,unnütze,unnütz,ADJ,nk,1583,Frage
1583,Frage,Frage,NOUN,nk,1580,durch
1584,oder,oder,CCONJ,cd,1580,durch
1585,ein,ein,DET,nk,1587,Auffahren
1586,hastiges,hastig,ADJ,nk,1587,Auffahren
1587,Auffahren,Auffahren,NOUN,cj,1584,oder
1588,vernichtet,vernichten,VERB,ROOT,1588,vernichtet
1589,",",--,PUNCT,punct,1588,vernichtet
1590,indem,indem,SCONJ,cp,1594,verlaßt
1591,Ihr,ihr,PRON,sb,1594,verlaßt
1592,Euren,euer,DET,nk,1593,Sitz
1593,Sitz,Sitz,NOUN,oa,1594,verlaßt
1594,verlaßt,verlassen,VERB,mo,1588,vernichtet
1595,und,und,CCONJ,cd,1594,verlaßt
1596,das,der,DET,nk,1597,Bild
1597,Bild,Bild,NOUN,oa,1598,zertrümmert
1598,zertrümmert,zertrümmeren,VERB,cj,1595,und
1599,;,--,PUNCT,punct,1588,vernichtet
1600,Ihr,ihr,PRON,sb,1601,müßt
1601,müßt,müßen,VERB,ROOT,1601,müßt
1602,mir,mir,PRON,da,1601,müßt
1603,also,also,ADV,mo,1604,versprechen
1604,versprechen,versprechen,VERB,ROOT,1604,versprechen
1605,",",--,PUNCT,punct,1604,versprechen
1606,Euch,euch,PRON,oa,1610,verhalten
1607,ganz,ganz,ADV,mo,1608,ruhig
1608,ruhig,ruhig,ADV,mo,1610,verhalten
1609,zu,zu,PART,pm,1610,verhalten
1610,verhalten,verhalten,VERB,oc,1604,versprechen
1611,.,--,PUNCT,punct,1604,versprechen
1612,«,--,PUNCT,ROOT,1612,«
1613,Ferdinand,Ferdinand,PROPN,sb,1614,gab
1614,gab,geben,VERB,ROOT,1614,gab
1615,das,der,DET,nk,1616,Wort
1616,Wort,Wort,NOUN,oa,1614,gab
1617,",",--,PUNCT,punct,1614,gab
1618,und,und,CCONJ,cd,1614,gab
1619,der,der,DET,nk,1620,Alte
1620,Alte,alt,NOUN,sb,1621,wickelte
1621,wickelte,wickeln,VERB,cj,1618,und
1622,aus,aus,ADP,op,1621,wickelte
1623,den,der,DET,nk,1624,Tüchern
1624,Tüchern,Tücher,NOUN,nk,1622,aus
1625,das,der,PRON,oa,1621,wickelte
1626,",",--,PUNCT,punct,1621,wickelte
1627,was,wer,PRON,oa,1621,wickelte
1628,er,er,PRON,sb,1621,wickelte
1629,mitgebracht,mitbringen,VERB,oc,1630,hatte
1630,hatte,haben,AUX,ROOT,1630,hatte
1631,.,--,PUNCT,punct,1630,hatte
1632,Es,es,PRON,sb,1633,war
1633,war,sein,AUX,ROOT,1633,war
1634,ein,ein,DET,nk,1636,Pokal
1635,goldener,golden,ADJ,nk,1636,Pokal
1636,Pokal,Pokal,NOUN,pd,1633,war
1637,von,von,ADP,mnr,1636,Pokal
1638,sehr,sehr,ADV,mo,1639,künstlicher
1639,künstlicher,künstlich,ADJ,nk,1637,von
1640,und,und,CCONJ,cd,1639,künstlicher
1641,schöner,schön,ADJ,cj,1640,und
1642,Arbeit,Arbeit,NOUN,ROOT,1642,Arbeit
1643,.,--,PUNCT,punct,1642,Arbeit
1644,Um,um,SCONJ,mo,1648,lief
1645,den,der,DET,nk,1647,Fuß
1646,breiten,breit,ADJ,nk,1647,Fuß
1647,Fuß,Fuß,NOUN,nk,1644,Um
1648,lief,laufen,VERB,ROOT,1648,lief
1649,ein,ein,DET,nk,1650,Blumenkranz
1650,Blumenkranz,Blumenkranz,NOUN,sb,1648,lief
1651,mit,mit,ADP,mnr,1650,Blumenkranz
1652,Myrten,Myrt,NOUN,nk,1651,mit
1653,und,und,CCONJ,cd,1652,Myrten
1654,verschiedenem,verschieden,ADJ,cj,1653,und
1655,Laube,Laube,NOUN,ROOT,1655,Laube
1656,und,und,CCONJ,cd,1655,Laube
1657,Früchten,Frücht,NOUN,cj,1656,und
1658,gemischt,mischen,VERB,oc,1655,Laube
1659,",",--,PUNCT,punct,1655,Laube
1660,erhaben,erhaben,ADV,mo,1661,ausgeführt
1661,ausgeführt,ausführen,VERB,par,1655,Laube
1662,mit,mit,ADP,mo,1661,ausgeführt
1663,mattem,matt,ADJ,nk,1666,Golde
1664,oder,oder,CCONJ,cd,1663,mattem
1665,klarem,klar,ADJ,cj,1664,oder
1666,Golde,Golde,NOUN,nk,1662,mit
1667,.,--,PUNCT,punct,1655,Laube
1668,Ein,ein,DET,nk,1670,Band
1669,ähnliches,ähnlich,ADJ,nk,1670,Band
1670,Band,Band,NOUN,ROOT,1670,Band
1671,",",--,PUNCT,punct,1670,Band
1672,aber,aber,CCONJ,cd,1670,Band
1673,reicher,reich,ADV,cj,1672,aber
1674,",",--,PUNCT,punct,1673,reicher
1675,mit,mit,ADP,cj,1673,reicher
1676,kleinen,klein,ADJ,nk,1677,Figuren
1677,Figuren,Figur,NOUN,nk,1675,mit
1678,und,und,CCONJ,cd,1677,Figuren
1679,fliehenden,fliehend,ADJ,nk,1680,wilden
1680,wilden,wild,ADJ,cj,1678,und
1681,Tierchen,Tierchen,NOUN,sb,1694,zog
1682,",",--,PUNCT,punct,1681,Tierchen
1683,die,der,PRON,sb,1688,fürchteten
1684,sich,sich,PRON,oa,1688,fürchteten
1685,vor,vor,ADP,mo,1688,fürchteten
1686,den,der,DET,nk,1687,Kindern
1687,Kindern,Kind,NOUN,nk,1685,vor
1688,fürchteten,fürchten,VERB,rc,1681,Tierchen
1689,oder,oder,CCONJ,cd,1688,fürchteten
1690,mit,mit,ADP,mo,1692,spielten
1691,ihnen,ihnen,PRON,nk,1690,mit
1692,spielten,spielen,VERB,cj,1689,oder
1693,",",--,PUNCT,punct,1694,zog
1694,zog,ziehen,VERB,ROOT,1694,zog
1695,sich,sich,PRON,oa,1694,zog
1696,um,um,ADP,ROOT,1696,um
1697,die,der,DET,nk,1698,Mitte
1698,Mitte,Mitte,NOUN,nk,1696,um
1699,des,der,DET,nk,1700,Bechers
1700,Bechers,Becher,NOUN,ag,1698,Mitte
1701,.,--,PUNCT,punct,1696,um
1702,Der,der,DET,nk,1703,Kelch
1703,Kelch,Kelch,NOUN,sb,1704,war
1704,war,sein,AUX,ROOT,1704,war
1705,schön,schön,ADV,mo,1706,gewunden
1706,gewunden,wunden,VERB,pd,1704,war
1707,",",--,PUNCT,punct,1706,gewunden
1708,er,er,PRON,sb,1709,bog
1709,bog,bog,VERB,cj,1704,war
1710,sich,sich,PRON,oa,1709,bog
1711,oben,oben,ADV,mo,1709,bog
1712,zurück,zurück,ADV,ROOT,1712,zurück
1713,",",--,PUNCT,punct,1712,zurück
1714,den,der,DET,nk,1715,Lippen
1715,Lippen,Lippe,NOUN,nk,1716,entgegen
1716,entgegen,entgegen,ADP,ROOT,1716,entgegen
1717,",",--,PUNCT,punct,1720,funkelte
1718,und,und,CCONJ,ju,1720,funkelte
1719,inwendig,inwendig,ADV,mo,1720,funkelte
1720,funkelte,funkelen,VERB,ROOT,1720,funkelte
1721,das,der,DET,nk,1722,Gold
1722,Gold,Gold,NOUN,sb,1720,funkelte
1723,mit,mit,ADP,mo,1720,funkelte
1724,roter,rot,ADJ,nk,1725,Glut
1725,Glut,Glut,NOUN,nk,1723,mit
1726,.,--,PUNCT,punct,1720,funkelte
1727,Der,der,DET,ROOT,1727,Der
1728,Alte,alte,ADV,sb,1729,stellte
1729,stellte,stellen,VERB,ROOT,1729,stellte
1730,den,der,DET,nk,1731,Becher
1731,Becher,Becher,NOUN,oa,1729,stellte
1732,zwischen,zwischen,ADP,mnr,1731,Becher
1733,sich,sich,PRON,nk,1732,zwischen
1734,und,und,CCONJ,cd,1733,sich
1735,den,der,DET,nk,1736,Jüngling
1736,Jüngling,Jüngling,NOUN,cj,1734,und
1737,",",--,PUNCT,punct,1729,stellte
1738,und,und,CCONJ,cd,1729,stellte
1739,winkte,winken,VERB,cj,1738,und
1740,ihn,ihn,PRON,oa,1739,winkte
1741,näher,nah,ADV,mo,1739,winkte
1742,.,--,PUNCT,punct,1729,stellte
1743,»,--,PUNCT,punct,1744,Fühlt
1744,Fühlt,Fühlt,VERB,oc,1750,sprach
1745,Ihr,ihr,PRON,sb,1744,Fühlt
1746,nicht,nicht,PART,ng,1747,etwas
1747,etwas,etwas,PRON,oa,1744,Fühlt
1748,«,--,PUNCT,punct,1744,Fühlt
1749,",",--,PUNCT,punct,1750,sprach
1750,sprach,sprechen,VERB,ROOT,1750,sprach
1751,er,er,PRON,sb,1750,sprach
1752,",",--,PUNCT,punct,1750,sprach
1753,»,--,PUNCT,punct,1756,Auge
1754,wenn,wenn,SCONJ,cp,1756,Auge
1755,Euer,euer,DET,nk,1756,Auge
1756,Auge,Auge,NOUN,mo,1750,sprach
1757,sich,sich,PRON,oa,1756,Auge
1758,in,in,ADP,mo,1756,Auge
1759,diesem,dieser,DET,nk,1760,Glanz
1760,Glanz,Glanz,NOUN,nk,1758,in
1761,verliert,verlieren,VERB,ROOT,1761,verliert
1762,?,--,PUNCT,punct,1761,verliert
1763,«,--,PUNCT,punct,1761,verliert
1764,»,--,PUNCT,punct,1765,Ja
1765,Ja,ja,PART,dep,1768,sagte
1766,«,--,PUNCT,punct,1765,Ja
1767,",",--,PUNCT,punct,1768,sagte
1768,sagte,sagen,VERB,ROOT,1768,sagte
1769,Ferdinand,Ferdinand,PROPN,sb,1768,sagte
1770,",",--,PUNCT,punct,1768,sagte
1771,»,--,PUNCT,punct,1774,spiegelt
1772,dieser,dieser,DET,nk,1773,Schein
1773,Schein,Schein,NOUN,sb,1774,spiegelt
1774,spiegelt,spiegeln,VERB,oc,1768,sagte
1775,in,in,ADP,mo,1774,spiegelt
1776,mein,mein,DET,nk,1777,Innres
1777,Innres,Innr,NOUN,nk,1775,in
1778,hinein,hinein,ADV,mo,1781,möchte
1779,",",--,PUNCT,punct,1781,möchte
1780,ich,ich,PRON,sb,1781,möchte
1781,möchte,möchten,AUX,ROOT,1781,möchte
1782,sagen,sagen,VERB,oc,1781,möchte
1783,",",--,PUNCT,punct,1781,möchte
1784,ich,ich,PRON,sb,1785,fühle
1785,fühle,fühlen,VERB,cj,1781,möchte
1786,ihn,ihn,PRON,oa,1785,fühle
1787,wie,wie,ADP,cm,1789,Kuß
1788,einen,ein,DET,nk,1789,Kuß
1789,Kuß,Kuß,NOUN,mo,1785,fühle
1790,in,in,ADP,mnr,1789,Kuß
1791,meinem,mein,DET,nk,1792,sehnsüchtigen
1792,sehnsüchtigen,Sehnsüchtig,ADJ,nk,1790,in
1793,Busen,Busen,NOUN,ROOT,1793,Busen
1794,.,--,PUNCT,punct,1793,Busen
1795,«,--,PUNCT,punct,1793,Busen
1796,»,--,PUNCT,punct,1798,ist
1797,So,so,ADV,mo,1798,ist
1798,ist,sein,AUX,oc,1803,sagte
1799,es,es,PRON,sb,1798,ist
1800,recht,Recht,NOUN,pd,1798,ist
1801,!,--,PUNCT,punct,1803,sagte
1802,«,--,PUNCT,punct,1803,sagte
1803,sagte,sagen,VERB,ROOT,1803,sagte
1804,der,der,DET,nk,1805,Alte
1805,Alte,alt,NOUN,sb,1803,sagte
1806,;,--,PUNCT,punct,1803,sagte
1807,»,--,PUNCT,punct,1809,laßt
1808,nun,nun,ADV,mo,1809,laßt
1809,laßt,lassen,VERB,ROOT,1809,laßt
1810,Eure,euer,DET,nk,1811,Augen
1811,Augen,Auge,NOUN,sb,1809,laßt
1812,nicht,nicht,PART,ng,1809,laßt
1813,mehr,mehr,ADV,mo,1812,nicht
1814,herumschweifen,herumschweifen,VERB,ROOT,1814,herumschweifen
1815,",",--,PUNCT,punct,1814,herumschweifen
1816,sondern,sondern,CCONJ,cd,1814,herumschweifen
1817,haltet,halten,VERB,cj,1816,sondern
1818,sie,sie,PRON,oa,1817,haltet
1819,fest,fest,ADV,mo,1817,haltet
1820,auf,auf,ADP,mo,1817,haltet
1821,den,der,DET,nk,1822,Glanz
1822,Glanz,Glanz,NOUN,nk,1820,auf
1823,dieses,dieser,DET,nk,1824,Goldes
1824,Goldes,Gold,NOUN,ag,1822,Glanz
1825,",",--,PUNCT,punct,1814,herumschweifen
1826,und,und,CCONJ,cd,1814,herumschweifen
1827,denkt,denken,VERB,cj,1826,und
1828,so,so,ADV,mo,1829,lebhaft
1829,lebhaft,lebhaft,ADV,ROOT,1829,lebhaft
1830,wie,wie,ADP,cm,1831,möglich
1831,möglich,möglich,ADV,cc,1828,so
1832,an,an,ADP,mo,1829,lebhaft
1833,Eure,euer,DET,nk,1834,Geliebte
1834,Geliebte,Geliebte,VERB,nk,1832,an
1835,.,--,PUNCT,punct,1829,lebhaft
1836,«,--,PUNCT,ROOT,1836,«
1837,Beide,beide,PRON,sb,1838,saßen
1838,saßen,sitzen,VERB,ROOT,1838,saßen
1839,eine,ein,DET,nk,1840,Weile
1840,Weile,Weile,NOUN,mo,1838,saßen
1841,ruhig,ruhig,ADV,mo,1838,saßen
1842,",",--,PUNCT,punct,1838,saßen
1843,und,und,CCONJ,cd,1838,saßen
1844,schauten,schauen,VERB,cj,1843,und
1845,vertieft,vertiefen,VERB,mo,1844,schauten
1846,den,der,DET,nk,1848,Becher
1847,leuchtenden,leuchtend,ADJ,nk,1848,Becher
1848,Becher,Becher,NOUN,oa,1845,vertieft
1849,an,an,ADP,svp,1844,schauten
1850,.,--,PUNCT,punct,1838,saßen
1851,Bald,bald,ADV,mo,1853,fuhr
1852,aber,aber,ADV,mo,1853,fuhr
1853,fuhr,fahren,VERB,ROOT,1853,fuhr
1854,der,der,DET,nk,1855,Alte
1855,Alte,alte,NOUN,sb,1853,fuhr
1856,mit,mit,ADP,mo,1853,fuhr
1857,stummer,stumm,ADJ,nk,1858,Gebärde
1858,Gebärde,Gebärde,NOUN,nk,1856,mit
1859,",",--,PUNCT,punct,1853,fuhr
1860,erst,erst,ADV,mo,1861,langsam
1861,langsam,langsam,ADV,mo,1853,fuhr
1862,",",--,PUNCT,punct,1853,fuhr
1863,dann,dann,ADV,mo,1864,schneller
1864,schneller,schnell,ADV,mo,1853,fuhr
1865,",",--,PUNCT,punct,1853,fuhr
1866,endlich,endlich,ADV,mo,1878,in
1867,in,in,ADP,mo,1866,endlich
1868,eilender,eilend,ADJ,nk,1869,Bewegung
1869,Bewegung,Bewegung,NOUN,nk,1867,in
1870,mit,mit,ADP,mo,1867,in
1871,streichendem,streichend,ADJ,nk,1872,Finger
1872,Finger,Finger,NOUN,nk,1870,mit
1873,um,um,ADP,mo,1870,mit
1874,die,der,DET,nk,1875,Glut
1875,Glut,Glut,NOUN,nk,1873,um
1876,des,der,DET,nk,1877,Pokals
1877,Pokals,Pokal,NOUN,ag,1875,Glut
1878,in,in,ADP,ROOT,1878,in
1879,ebenmäßigen,ebenmäßig,ADJ,nk,1880,Kreisen
1880,Kreisen,Kreis,NOUN,ROOT,1880,Kreisen
1881,hin,hin,ADV,mnr,1880,Kreisen
1882,.,--,PUNCT,punct,1880,Kreisen
1883,Dann,dann,ADV,mo,1884,hielt
1884,hielt,halten,VERB,ROOT,1884,hielt
1885,er,er,PRON,sb,1884,hielt
1886,wieder,wieder,ADV,mo,1884,hielt
1887,inne,inne,ADV,svp,1884,hielt
1888,und,und,CCONJ,cd,1884,hielt
1889,legte,legen,VERB,cj,1888,und
1890,die,der,DET,nk,1891,Kreise
1891,Kreise,Kreis,NOUN,oa,1889,legte
1892,von,von,ADP,mo,1889,legte
1893,der,der,DET,nk,1892,von
1894,andern,anderer,VERB,nk,1895,Seite
1895,Seite,Seite,NOUN,ROOT,1895,Seite
1896,.,--,PUNCT,punct,1895,Seite
1897,Als,als,SCONJ,cp,1904,hatte
1898,er,er,PRON,sb,1904,hatte
1899,eine,ein,DET,nk,1900,Weile
1900,Weile,Weile,NOUN,oa,1903,fortgesetzt
1901,dies,dieser,PRON,mo,1903,fortgesetzt
1902,Beginnen,Beginn,NOUN,oa,1903,fortgesetzt
1903,fortgesetzt,fortsetzen,VERB,oc,1904,hatte
1904,hatte,haben,AUX,mo,1906,glaubte
1905,",",--,PUNCT,punct,1906,glaubte
1906,glaubte,glauben,VERB,ROOT,1906,glaubte
1907,Ferdinand,Ferdinand,PROPN,pnc,1908,Musik
1908,Musik,Musik,NOUN,oa,1910,hören
1909,zu,zu,PART,pm,1910,hören
1910,hören,hören,VERB,ROOT,1910,hören
1911,",",--,PUNCT,punct,1910,hören
1912,aber,aber,CCONJ,cd,1910,hören
1913,es,es,PRON,sb,1914,klang
1914,klang,klingen,VERB,cj,1912,aber
1915,wie,wie,ADP,cm,1916,draußen
1916,draußen,draußen,ADV,mo,1914,klang
1917,",",--,PUNCT,punct,1914,klang
1918,in,in,ADP,mo,1914,klang
1919,einer,ein,DET,nk,1921,Gasse
1920,fernen,fern,ADJ,nk,1921,Gasse
1921,Gasse,Gasse,NOUN,nk,1918,in
1922,;,--,PUNCT,punct,1910,hören
1923,doch,doch,CCONJ,ju,1925,kamen
1924,bald,bald,ADV,mo,1925,kamen
1925,kamen,kommen,VERB,ROOT,1925,kamen
1926,die,der,DET,nk,1927,Töne
1927,Töne,Ton,NOUN,sb,1925,kamen
1928,näher,nah,ADV,mo,1925,kamen
1929,",",--,PUNCT,punct,1925,kamen
1930,sie,sie,PRON,sb,1931,schlugen
1931,schlugen,schlagen,VERB,cj,1925,kamen
1932,lauter,lauter,PRON,mo,1931,schlugen
1933,und,und,CCONJ,cd,1932,lauter
1934,lauter,lauter,ADV,cj,1933,und
1935,an,an,ADP,svp,1931,schlugen
1936,",",--,PUNCT,punct,1931,schlugen
1937,sie,sie,PRON,ROOT,1937,sie
1938,zitterten,zitteren,VERB,ROOT,1938,zitterten
1939,bestimmter,bestimmt,NOUN,sb,1938,zitterten
1940,durch,durch,ADP,mo,1938,zitterten
1941,die,der,DET,nk,1942,Luft
1942,Luft,Luft,NOUN,nk,1940,durch
1943,",",--,PUNCT,punct,1938,zitterten
1944,und,und,CCONJ,cd,1938,zitterten
1945,es,es,PRON,sb,1946,blieb
1946,blieb,bleiben,VERB,cj,1944,und
1947,ihm,ihm,PRON,da,1946,blieb
1948,endlich,endlich,ADV,mo,1946,blieb
1949,kein,kein,DET,nk,1950,Zweifel
1950,Zweifel,Zweifel,NOUN,pd,1946,blieb
1951,",",--,PUNCT,punct,1946,blieb
1952,daß,daß,SCONJ,ROOT,1952,daß
1953,sie,sie,PRON,sb,1959,hervorquollen
1954,aus,aus,ADP,mo,1959,hervorquollen
1955,dem,der,DET,nk,1956,Innern
1956,Innern,innere,NOUN,nk,1954,aus
1957,des,der,DET,nk,1958,Bechers
1958,Bechers,Becher,NOUN,ag,1956,Innern
1959,hervorquollen,hervorquollen,VERB,ROOT,1959,hervorquollen
1960,.,--,PUNCT,punct,1959,hervorquollen
1961,Immer,immer,ADV,mo,1962,stärker
1962,stärker,stark,ADV,mo,1963,ward
1963,ward,werden,VERB,ROOT,1963,ward
1964,die,der,DET,nk,1965,Musik
1965,Musik,Musik,NOUN,sb,1963,ward
1966,",",--,PUNCT,punct,1963,ward
1967,und,und,CCONJ,cd,1963,ward
1968,von,von,ADP,ROOT,1968,von
1969,so,so,ADV,mo,1970,durchdringender
1970,durchdringender,durchdringend,ADJ,nk,1971,Kraft
1971,Kraft,Kraft,NOUN,nk,1968,von
1972,",",--,PUNCT,punct,1971,Kraft
1973,daß,daß,SCONJ,cp,1977,erzitterte
1974,des,der,DET,nk,1975,Jünglings
1975,Jünglings,Jüngling,NOUN,ag,1976,Herz
1976,Herz,Herz,NOUN,sb,1977,erzitterte
1977,erzitterte,erzittern,VERB,re,1969,so
1978,und,und,CCONJ,cd,1977,erzitterte
1979,ihm,ihm,PRON,da,1977,erzitterte
1980,die,der,DET,nk,1968,von
1981,Tränen,Träne,NOUN,sb,1985,stiegen
1982,in,in,ADP,mo,1985,stiegen
1983,die,der,DET,nk,1984,Augen
1984,Augen,Auge,NOUN,nk,1982,in
1985,stiegen,steigen,VERB,ROOT,1985,stiegen
1986,.,--,PUNCT,punct,1985,stiegen
1987,Eifrig,Eifrig,ADV,mo,1988,fuhr
1988,fuhr,fahren,VERB,ROOT,1988,fuhr
1989,die,der,DET,nk,1990,Hand
1990,Hand,Hand,NOUN,sb,1988,fuhr
1991,des,der,DET,nk,1992,Alten
1992,Alten,alte,NOUN,ag,1990,Hand
1993,in,in,ADP,mo,1988,fuhr
1994,verschiedenen,verschieden,ADJ,punct,1988,fuhr
1995,Richtungen,Richtung,NOUN,ROOT,1995,Richtungen
1996,über,über,ADP,op,1995,Richtungen
1997,die,der,DET,nk,1998,Mündung
1998,Mündung,Mündung,NOUN,nk,1996,über
1999,des,der,DET,nk,2000,Bechers
2000,Bechers,Becher,NOUN,ag,1998,Mündung
2001,",",--,PUNCT,punct,1995,Richtungen
2002,und,und,CCONJ,cd,1995,Richtungen
2003,es,es,PRON,sb,2004,schien
2004,schien,scheinen,VERB,cj,2002,und
2005,",",--,PUNCT,punct,2004,schien
2006,als,als,SCONJ,cm,2008,Funken
2007,wenn,wenn,SCONJ,cp,2008,Funken
2008,Funken,Funke,NOUN,ROOT,2008,Funken
2009,aus,aus,ADP,mnr,2008,Funken
2010,seinen,sein,DET,nk,2011,Fingern
2011,Fingern,Finger,NOUN,da,2012,fuhren
2012,fuhren,fahren,VERB,ROOT,2012,fuhren
2013,und,und,CCONJ,cd,2012,fuhren
2014,zuckend,zuckend,ADV,mo,2018,leuchtend
2015,gegen,gegen,ADP,mo,2018,leuchtend
2016,das,der,DET,nk,2017,Gold
2017,Gold,Gold,NOUN,nk,2015,gegen
2018,leuchtend,leuchtend,ADV,cj,2013,und
2019,und,und,CCONJ,cd,2018,leuchtend
2020,klingend,klingend,ADV,cj,2019,und
2021,zersprangen,zersprangen,VERB,ROOT,2021,zersprangen
2022,.,--,PUNCT,punct,2021,zersprangen
2023,Bald,bald,ADV,mo,2024,mehrten
2024,mehrten,mehren,VERB,ROOT,2024,mehrten
2025,sich,sich,PRON,oa,2024,mehrten
2026,die,der,DET,nk,2028,Punkte
2027,glänzenden,glänzend,ADJ,nk,2028,Punkte
2028,Punkte,Punkt,NOUN,sb,2024,mehrten
2029,und,und,CCONJ,cd,2024,mehrten
2030,folgten,folgen,VERB,cj,2029,und
2031,",",--,PUNCT,punct,2030,folgten
2032,wie,wie,SCONJ,cm,2033,auf
2033,auf,auf,ADP,mo,2030,folgten
2034,einen,ein,DET,dep,2024,mehrten
2035,Faden,Fade,NOUN,mo,2036,gereiht
2036,gereiht,reihen,VERB,ROOT,2036,gereiht
2037,",",--,PUNCT,punct,2036,gereiht
2038,der,der,DET,nk,2039,Bewegung
2039,Bewegung,Bewegung,NOUN,dep,2036,gereiht
2040,seines,sein,DET,nk,2041,Fingers
2041,Fingers,Finger,NOUN,ag,2039,Bewegung
2042,hin,hin,ADV,mo,2039,Bewegung
2043,und,und,CCONJ,cd,2042,hin
2044,wider,wider,ADV,cj,2043,und
2045,;,--,PUNCT,punct,2036,gereiht
2046,sie,sie,PRON,sb,2047,glänzten
2047,glänzten,glänzten,VERB,ROOT,2047,glänzten
2048,von,von,ADP,op,2047,glänzten
2049,verschiedenen,verschieden,ADJ,nk,2050,Farben
2050,Farben,Farbe,NOUN,ROOT,2050,Farben
2051,",",--,PUNCT,punct,2050,Farben
2052,und,und,CCONJ,cd,2050,Farben
2053,drängten,drängen,VERB,cj,2052,und
2054,sich,sich,PRON,oa,2053,drängten
2055,allgemach,allgemach,ADV,mo,2053,drängten
2056,dichter,Dichter,NOUN,oa,2053,drängten
2057,und,und,CCONJ,cd,2056,dichter
2058,dichter,dicht,NOUN,cj,2057,und
2059,aneinander,aneinander,ADV,mo,2065,zusammenschossen
2060,",",--,PUNCT,punct,2065,zusammenschossen
2061,bis,bis,SCONJ,cp,2065,zusammenschossen
2062,sie,sie,PRON,sb,2065,zusammenschossen
2063,in,in,ADP,mo,2065,zusammenschossen
2064,Linien,Linie,NOUN,nk,2063,in
2065,zusammenschossen,zusammenschossen,VERB,ROOT,2065,zusammenschossen
2066,.,--,PUNCT,punct,2065,zusammenschossen
2067,Nun,nun,ADV,mo,2068,schien
2068,schien,scheinen,VERB,ROOT,2068,schien
2069,es,es,PRON,sb,2068,schien
2070,",",--,PUNCT,punct,2068,schien
2071,als,als,SCONJ,cm,2072,wenn
2072,wenn,wenn,SCONJ,cc,2068,schien
2073,der,der,DET,sb,2068,schien
2074,Alte,alte,NOUN,ROOT,2074,Alte
2075,in,in,ADP,mnr,2074,Alte
2076,der,der,DET,nk,2078,Dämmerung
2077,roten,rot,ADJ,nk,2078,Dämmerung
2078,Dämmerung,Dämmerung,NOUN,nk,2075,in
2079,ein,ein,DET,nk,2081,Netz
2080,wundersames,wundersam,ADJ,nk,2081,Netz
2081,Netz,Netz,NOUN,pd,2074,Alte
2082,über,über,ADP,mnr,2081,Netz
2083,das,der,DET,nk,2085,Gold
2084,leuchtende,leuchtend,ADJ,nk,2085,Gold
2085,Gold,Gold,NOUN,nk,2082,über
2086,legte,legen,VERB,ROOT,2086,legte
2087,",",--,PUNCT,punct,2086,legte
2088,denn,denn,CCONJ,cd,2086,legte
2089,er,er,PRON,sb,2090,zog
2090,zog,ziehen,VERB,cj,2088,denn
2091,nach,nach,ADP,mo,2090,zog
2092,Willkür,Willkür,NOUN,nk,2091,nach
2093,die,der,DET,nk,2094,Strahlen
2094,Strahlen,Strahl,NOUN,oa,2090,zog
2095,hin,hin,ADV,svp,2090,zog
2096,und,und,CCONJ,cd,2095,hin
2097,wider,wider,ADV,cj,2096,und
2098,",",--,PUNCT,punct,2086,legte
2099,und,und,CCONJ,cd,2086,legte
2100,verwebte,verweben,VERB,cj,2099,und
2101,mit,mit,ADP,svp,2100,verwebte
2102,ihnen,ihnen,PRON,ROOT,2102,ihnen
2103,die,der,DET,nk,2104,Öffnung
2104,Öffnung,Öffnung,NOUN,ROOT,2104,Öffnung
2105,des,der,DET,nk,2106,Pokales
2106,Pokales,Pokal,NOUN,ag,2104,Öffnung
2107,;,--,PUNCT,punct,2104,Öffnung
2108,sie,sie,PRON,sb,2109,gehorchten
2109,gehorchten,gehorchen,VERB,ROOT,2109,gehorchten
2110,ihm,ihm,PRON,da,2109,gehorchten
2111,und,und,CCONJ,cd,2109,gehorchten
2112,blieben,bleiben,VERB,cj,2111,und
2113,",",--,PUNCT,punct,2112,blieben
2114,einer,ein,DET,nk,2115,Bedeckung
2115,Bedeckung,Bedeckung,NOUN,da,2109,gehorchten
2116,ähnlich,ähnlich,ADV,mo,2118,liegen
2117,",",--,PUNCT,punct,2118,liegen
2118,liegen,liegen,VERB,ROOT,2118,liegen
2119,",",--,PUNCT,punct,2118,liegen
2120,indem,indem,SCONJ,cp,2125,webten
2121,sie,sie,PRON,sb,2125,webten
2122,hin,hin,ADV,mo,2125,webten
2123,und,und,CCONJ,cd,2122,hin
2124,wider,wider,ADP,cj,2123,und
2125,webten,webten,NOUN,mo,2118,liegen
2126,und,und,CCONJ,cd,2125,webten
2127,in,in,ADP,mo,2130,schwankten
2128,sich,sich,PRON,nk,2127,in
2129,selber,selber,ADV,mo,2127,in
2130,schwankten,schwanken,VERB,cj,2126,und
2131,.,--,PUNCT,punct,2118,liegen
2132,Als,als,SCONJ,cp,2136,waren
2133,sie,sie,PRON,sb,2136,waren
2134,so,so,ADV,mo,2135,gefesselt
2135,gefesselt,fesseln,VERB,pd,2136,waren
2136,waren,sein,AUX,mo,2138,beschrieb
2137,",",--,PUNCT,punct,2138,beschrieb
2138,beschrieb,beschreiben,VERB,ROOT,2138,beschrieb
2139,er,er,PRON,sb,2138,beschrieb
2140,wieder,wieder,ADV,mo,2138,beschrieb
2141,die,der,DET,nk,2142,Kreise
2142,Kreise,Kreis,NOUN,oa,2138,beschrieb
2143,um,um,ADP,mnr,2142,Kreise
2144,den,der,DET,nk,2145,Rand
2145,Rand,Rand,NOUN,nk,2143,um
2146,",",--,PUNCT,punct,2145,Rand
2147,die,der,PRON,oa,2138,beschrieb
2148,Musik,Musik,NOUN,sb,2149,sank
2149,sank,sinken,VERB,ROOT,2149,sank
2150,wieder,wieder,ADV,mo,2149,sank
2151,zurück,zurück,ADV,svp,2149,sank
2152,und,und,CCONJ,cd,2149,sank
2153,wurde,werden,AUX,cj,2152,und
2154,leiser,leise,ADV,pd,2153,wurde
2155,und,und,CCONJ,cd,2154,leiser
2156,leiser,leise,ADV,cj,2155,und
2157,",",--,PUNCT,punct,2153,wurde
2158,bis,bis,SCONJ,cp,2159,sie
2159,sie,sie,PRON,mo,2153,wurde
2160,nicht,nicht,PART,ng,2159,sie
2161,mehr,mehr,ADV,mo,2160,nicht
2162,zu,zu,ADP,svp,2153,wurde
2163,vernehmen,vernehmen,VERB,oc,2164,war
2164,war,sein,AUX,ROOT,2164,war
2165,",",--,PUNCT,punct,2164,war
2166,das,der,DET,nk,2168,Netz
2167,leuchtende,leuchtend,ADJ,nk,2168,Netz
2168,Netz,Netz,NOUN,sb,2169,zitterte
2169,zitterte,zitteren,VERB,sb,2164,war
2170,wie,wie,ADP,cm,2171,beängstiget
2171,beängstiget,Beängstiget,PROPN,cc,2169,zitterte
2172,.,--,PUNCT,punct,2164,war
2173,Es,es,PRON,sb,2174,brach
2174,brach,brechen,VERB,ROOT,2174,brach
2175,im,in,ADP,mo,2174,brach
2176,zunehmenden,zunehmend,ADJ,nk,2177,Schwanken
2177,Schwanken,Schwank,NOUN,ROOT,2177,Schwanken
2178,",",--,PUNCT,punct,2177,Schwanken
2179,und,und,CCONJ,cd,2177,Schwanken
2180,die,der,DET,nk,2181,Strahlen
2181,Strahlen,Strahle,NOUN,sb,2182,regneten
2182,regneten,regneen,VERB,cj,2179,und
2183,tropfend,tropfend,ADV,mo,2182,regneten
2184,in,in,ADP,mo,2182,regneten
2185,den,der,DET,nk,2186,Kelch
2186,Kelch,Kelch,PROPN,nk,2184,in
2187,",",--,PUNCT,punct,2182,regneten
2188,doch,doch,CCONJ,cd,2182,regneten
2189,aus,aus,ADP,mo,2192,erhob
2190,den,der,DET,nk,2191,niedertropfenden
2191,niedertropfenden,niedertropfend,ADJ,nk,2189,aus
2192,erhob,erheben,VERB,ROOT,2192,erhob
2193,sich,sich,PRON,oa,2192,erhob
2194,wie,wie,ADP,cm,2197,Wolke
2195,eine,ein,DET,nk,2197,Wolke
2196,rötliche,rötlich,ADJ,nk,2197,Wolke
2197,Wolke,Wolke,NOUN,mo,2192,erhob
2198,",",--,PUNCT,punct,2197,Wolke
2199,die,der,PRON,sb,2192,erhob
2200,sich,sich,PRON,oa,2201,in
2201,in,in,ADP,mo,2192,erhob
2202,sich,sich,PRON,nk,2201,in
2203,selbst,selbst,ADV,mo,2204,in
2204,in,in,ADP,mo,2207,bewegte
2205,vielfachen,vielfach,ADJ,nk,2206,Kreisen
2206,Kreisen,Kreis,NOUN,nk,2204,in
2207,bewegte,bewegen,VERB,ROOT,2207,bewegte
2208,",",--,PUNCT,punct,2207,bewegte
2209,und,und,CCONJ,cd,2207,bewegte
2210,wie,wie,ADP,mo,2215,schwebte
2211,Schaum,Schaum,NOUN,nk,2210,wie
2212,über,über,ADP,mnr,2211,Schaum
2213,der,der,DET,nk,2214,Mündung
2214,Mündung,Mündung,NOUN,nk,2212,über
2215,schwebte,schweben,VERB,cj,2209,und
2216,.,--,PUNCT,punct,2207,bewegte
2217,Ein,ein,DET,nk,2219,Punkt
2218,hellerer,heller,ADJ,nk,2219,Punkt
2219,Punkt,Punkt,NOUN,sb,2220,schwang
2220,schwang,schwingen,VERB,ROOT,2220,schwang
2221,sich,sich,PRON,oa,2220,schwang
2222,mit,mit,ADP,op,2220,schwang
2223,der,der,DET,nk,2225,Schnelligkeit
2224,größten,groß,ADJ,nk,2225,Schnelligkeit
2225,Schnelligkeit,Schnelligkeit,NOUN,nk,2222,mit
2226,durch,durch,ADP,mnr,2225,Schnelligkeit
2227,die,der,DET,nk,2226,durch
2228,wolkigen,wolkig,ADJ,nk,2229,Kreise
2229,Kreise,Kreis,NOUN,ROOT,2229,Kreise
2230,.,--,PUNCT,punct,2229,Kreise
2231,Da,da,ADV,mo,2232,stand
2232,stand,stehen,VERB,ROOT,2232,stand
2233,das,der,DET,nk,2234,Gebild
2234,Gebild,Gebild,NOUN,sb,2232,stand
2235,",",--,PUNCT,punct,2232,stand
2236,und,und,CCONJ,cd,2232,stand
2237,wie,wie,ADV,cm,2239,Auge
2238,ein,ein,DET,nk,2239,Auge
2239,Auge,Auge,NOUN,mo,2240,schaute
2240,schaute,schauen,VERB,cj,2236,und
2241,es,es,PRON,oa,2240,schaute
2242,plötzlich,plötzlich,ADV,mo,2240,schaute
2243,aus,aus,ADP,svp,2240,schaute
2244,dem,der,DET,nk,2245,Duft
2245,Duft,Duft,NOUN,ROOT,2245,Duft
2246,",",--,PUNCT,punct,2245,Duft
2247,wie,wie,SCONJ,mo,2250,floß
2248,goldene,golden,ADJ,nk,2249,Locken
2249,Locken,Lock,NOUN,sb,2250,floß
2250,floß,fließen,VERB,oc,2245,Duft
2251,und,und,CCONJ,cd,2250,floß
2252,ringelte,ringelen,VERB,cj,2251,und
2253,es,es,PRON,oa,2252,ringelte
2254,oben,oben,ADV,mo,2252,ringelte
2255,",",--,PUNCT,punct,2252,ringelte
2256,und,und,CCONJ,cd,2252,ringelte
2257,alsbald,alsbald,ADV,mo,2258,ging
2258,ging,gehen,VERB,cj,2256,und
2259,ein,ein,DET,svp,2258,ging
2260,sanftes,sanftes,ADJ,nk,2261,Erröten
2261,Erröten,erröten,NOUN,cj,2272,erkannte
2262,in,in,ADP,mnr,2261,Erröten
2263,dem,der,DET,nk,2265,Schatten
2264,wankenden,wankender,ADJ,nk,2265,Schatten
2265,Schatten,Schatten,NOUN,nk,2262,in
2266,auf,auf,ADP,svp,2261,Erröten
2267,und,und,CCONJ,cd,2266,auf
2268,ab,ab,ADV,cj,2267,und
2269,",",--,PUNCT,punct,2261,Erröten
2270,und,und,CCONJ,cd,2272,erkannte
2271,Ferdinand,Ferdinand,PROPN,sb,2272,erkannte
2272,erkannte,erkennen,VERB,ROOT,2272,erkannte
2273,das,der,DET,nk,2275,Angesicht
2274,lächelnde,lächelnd,ADJ,nk,2275,Angesicht
2275,Angesicht,Angesicht,NOUN,ROOT,2275,Angesicht
2276,seiner,sein,DET,nk,2277,Geliebten
2277,Geliebten,geliebter,NOUN,ag,2275,Angesicht
2278,",",--,PUNCT,punct,2275,Angesicht
2279,die,der,DET,nk,2281,Augen
2280,blauen,blau,ADJ,nk,2281,Augen
2281,Augen,Auge,NOUN,cj,2275,Angesicht
2282,",",--,PUNCT,punct,2281,Augen
2283,die,der,DET,nk,2285,Wangen
2284,zarten,zart,ADJ,nk,2285,Wangen
2285,Wangen,Wang,NOUN,cj,2281,Augen
2286,",",--,PUNCT,punct,2275,Angesicht
2287,den,der,DET,nk,2290,Mund
2288,lieblich,lieblich,ADV,mo,2289,roten
2289,roten,rot,ADJ,nk,2290,Mund
2290,Mund,Mund,NOUN,ROOT,2290,Mund
2291,.,--,PUNCT,punct,2290,Mund
2292,Das,der,DET,nk,2293,Haupt
2293,Haupt,Haupt,NOUN,oa,2294,schwankte
2294,schwankte,schwanken,VERB,ROOT,2294,schwankte
2295,hin,hin,ADV,svp,2294,schwankte
2296,und,und,CCONJ,cd,2295,hin
2297,her,her,ADV,cj,2296,und
2298,",",--,PUNCT,punct,2299,hob
2299,hob,heben,VERB,cj,2294,schwankte
2300,sich,sich,PRON,oa,2299,hob
2301,deutlicher,deutlich,ADV,mo,2299,hob
2302,und,und,CCONJ,ROOT,2302,und
2303,sichtbarer,sichtbar,ADV,cj,2302,und
2304,auf,auf,ADP,mnr,2303,sichtbarer
2305,dem,der,DET,nk,2308,Halse
2306,schlanken,schlank,ADJ,nk,2308,Halse
2307,weißen,weiß,ADJ,nk,2308,Halse
2308,Halse,Hals,NOUN,nk,2304,auf
2309,hervor,hervor,ADV,cj,2302,und
2310,und,und,CCONJ,ROOT,2310,und
2311,neigte,neigen,VERB,cj,2310,und
2312,sich,sich,PRON,oa,2311,neigte
2313,zu,zu,ADP,mo,2311,neigte
2314,dem,der,DET,nk,2313,zu
2315,entzückten,entzückn,VERB,ROOT,2315,entzückten
2316,Jünglinge,Jünglinge,NOUN,oa,2315,entzückten
2317,hin,hin,ADV,svp,2315,entzückten
2318,.,--,PUNCT,punct,2315,entzückten
2319,Der,der,DET,nk,2320,Alte
2320,Alte,alt,ADJ,sb,2321,beschrieb
2321,beschrieb,beschreiben,VERB,ROOT,2321,beschrieb
2322,immer,immer,ADV,mo,2323,noch
2323,noch,noch,ADV,mo,2321,beschrieb
2324,die,der,DET,nk,2325,Kreise
2325,Kreise,Kreis,NOUN,oa,2321,beschrieb
2326,um,um,ADP,mnr,2325,Kreise
2327,den,der,DET,nk,2326,um
2328,Becher,Becher,NOUN,sb,2332,traten
2329,",",--,PUNCT,punct,2328,Becher
2330,und,und,CCONJ,cd,2328,Becher
2331,heraus,heraus,ADV,cj,2330,und
2332,traten,treten,VERB,ROOT,2332,traten
2333,die,der,DET,nk,2335,Schultern
2334,glänzenden,glänzend,ADJ,nk,2335,Schultern
2335,Schultern,Schulter,NOUN,sb,2332,traten
2336,",",--,PUNCT,punct,2332,traten
2337,und,und,CCONJ,cd,2332,traten
2338,so,so,ADV,cj,2337,und
2339,wie,wie,ADP,cm,2340,sich
2340,sich,sich,PRON,cc,2338,so
2341,die,der,DET,ROOT,2341,die
2342,liebliche,lieblich,ADJ,nk,2343,Bildung
2343,Bildung,Bildung,NOUN,sb,2349,hervordrängte
2344,aus,aus,ADP,mnr,2343,Bildung
2345,dem,der,DET,nk,2347,Bett
2346,goldenen,golden,ADJ,nk,2347,Bett
2347,Bett,Bett,NOUN,nk,2344,aus
2348,mehr,mehr,ADV,mo,2349,hervordrängte
2349,hervordrängte,hervordrängen,VERB,ROOT,2349,hervordrängte
2350,und,und,CCONJ,cd,2349,hervordrängte
2351,holdselig,holdselig,ADV,cj,2350,und
2352,hin,hin,ADV,svp,2349,hervordrängte
2353,und,und,CCONJ,ju,2358,erschienen
2354,wider,wider,ADV,cj,2353,und
2355,wiegte,wiegen,VERB,re,2357,so
2356,",",--,PUNCT,punct,2357,so
2357,so,so,ADV,mo,2358,erschienen
2358,erschienen,erscheinen,VERB,ROOT,2358,erschienen
2359,nun,nun,ADV,mo,2358,erschienen
2360,die,der,DET,nk,2362,zarten
2361,beiden,beide,DET,nk,2362,zarten
2362,zarten,zart,ADJ,sb,2358,erschienen
2363,",",--,PUNCT,punct,2362,zarten
2364,gewölbten,gewölbt,ADJ,cj,2362,zarten
2365,und,und,CCONJ,cd,2364,gewölbten
2366,getrennten,getrennt,ADJ,cj,2365,und
2367,Brüste,Brust,NOUN,ROOT,2367,Brüste
2368,",",--,PUNCT,punct,2367,Brüste
2369,auf,auf,ADP,par,2367,Brüste
2370,deren,der,DET,ag,2371,Spitze
2371,Spitze,Spitze,NOUN,nk,2369,auf
2372,die,der,DET,nk,2374,Rosenknospe
2373,feinste,fein,ADJ,nk,2374,Rosenknospe
2374,Rosenknospe,Rosenknospe,NOUN,pd,2367,Brüste
2375,mit,mit,ADP,mnr,2374,Rosenknospe
2376,süß,süß,ADV,mo,2377,verhüllter
2377,verhüllter,verhüllt,ADJ,nk,2378,Röte
2378,Röte,Röte,NOUN,nk,2375,mit
2379,schimmerte,schimmeren,VERB,ROOT,2379,schimmerte
2380,.,--,PUNCT,punct,2379,schimmerte
2381,Ferdinand,Ferdinand,PROPN,sb,2382,glaubte
2382,glaubte,glauben,VERB,ROOT,2382,glaubte
2383,den,der,DET,nk,2384,Atem
2384,Atem,Atem,NOUN,oa,2382,glaubte
2385,zu,zu,PART,pm,2386,fühlen
2386,fühlen,fühlen,VERB,oc,2382,glaubte
2387,",",--,PUNCT,punct,2386,fühlen
2388,indem,indem,SCONJ,cp,2391,Bild
2389,das,der,DET,nk,2391,Bild
2390,geliebte,geliebt,ADJ,nk,2391,Bild
2391,Bild,Bild,NOUN,mo,2382,glaubte
2392,wogend,wogend,ADV,mo,2395,neigte
2393,zu,zu,ADP,mo,2395,neigte
2394,ihm,ihm,PRON,nk,2393,zu
2395,neigte,neigen,VERB,ROOT,2395,neigte
2396,",",--,PUNCT,punct,2395,neigte
2397,und,und,CCONJ,cd,2395,neigte
2398,ihn,ihn,PRON,oa,2404,berührte
2399,fast,fast,ADV,mo,2400,mit
2400,mit,mit,ADP,mo,2404,berührte
2401,den,der,DET,nk,2403,Lippen
2402,brennenden,brennend,ADJ,nk,2403,Lippen
2403,Lippen,Lippe,NOUN,nk,2400,mit
2404,berührte,berühren,VERB,cj,2397,und
2405,;,--,PUNCT,punct,2395,neigte
2406,er,er,PRON,ROOT,2406,er
2407,konnte,können,AUX,ROOT,2407,konnte
2408,sich,sich,PRON,oa,2413,bewältigen
2409,im,in,ADP,mo,2413,bewältigen
2410,Taumel,Taumel,NOUN,nk,2409,im
2411,nicht,nicht,PART,ng,2407,konnte
2412,mehr,mehr,ADV,mo,2411,nicht
2413,bewältigen,bewältigen,VERB,oc,2407,konnte
2414,",",--,PUNCT,punct,2407,konnte
2415,sondern,sondern,CCONJ,cd,2407,konnte
2416,drängte,drängen,VERB,cj,2415,sondern
2417,sich,sich,PRON,oa,2416,drängte
2418,mit,mit,ADP,mo,2416,drängte
2419,einem,ein,DET,dep,2407,konnte
2420,Kusse,Kuß,NOUN,ROOT,2420,Kusse
2421,an,an,ADP,mnr,2420,Kusse
2422,den,der,DET,nk,2423,Mund
2423,Mund,Mund,NOUN,nk,2421,an
2424,",",--,PUNCT,punct,2420,Kusse
2425,und,und,CCONJ,cd,2420,Kusse
2426,wähnte,wähnen,VERB,cj,2425,und
2427,",",--,PUNCT,punct,2426,wähnte
2428,die,der,DET,nk,2430,Arme
2429,schönen,schön,ADJ,nk,2430,Arme
2430,Arme,Arm,NOUN,oa,2432,fassen
2431,zu,zu,PART,pm,2432,fassen
2432,fassen,fassen,VERB,oc,2426,wähnte
2433,",",--,PUNCT,punct,2432,fassen
2434,um,um,SCONJ,ROOT,2434,um
2435,die,der,DET,nk,2436,nackte
2436,nackte,nackte,NOUN,nk,2434,um
2437,Gestalt,Gestalt,NOUN,oa,2444,heben
2438,ganz,ganz,ADV,mo,2439,aus
2439,aus,aus,ADP,mo,2444,heben
2440,dem,der,DET,nk,2442,Gefängnis
2441,goldenen,golden,ADJ,nk,2442,Gefängnis
2442,Gefängnis,Gefängnis,NOUN,nk,2439,aus
2443,zu,zu,PART,pm,2444,heben
2444,heben,heben,VERB,ROOT,2444,heben
2445,.,--,PUNCT,punct,2444,heben
2446,Alsbald,alsbald,PROPN,pnc,2447,durchfuhr
2447,durchfuhr,Durchfuhr,VERB,ROOT,2447,durchfuhr
2448,ein,ein,DET,nk,2449,starkes
2449,starkes,stark,ADJ,sb,2447,durchfuhr
2450,Zittern,Zitter,NOUN,mo,2459,brach
2451,das,der,DET,nk,2453,Bild
2452,liebliche,lieblich,ADJ,nk,2453,Bild
2453,Bild,Bild,NOUN,oa,2459,brach
2454,",",--,PUNCT,punct,2453,Bild
2455,wie,wie,ADP,cm,2456,in
2456,in,in,ADP,mnr,2453,Bild
2457,tausend,tausend,NUM,nk,2458,Linien
2458,Linien,Linie,NOUN,nk,2456,in
2459,brach,brechen,VERB,ROOT,2459,brach
2460,das,der,DET,nk,2461,Haupt
2461,Haupt,Haupt,NOUN,sb,2459,brach
2462,und,und,CCONJ,cd,2461,Haupt
2463,der,der,DET,nk,2464,Leib
2464,Leib,Leib,NOUN,cj,2462,und
2465,zusammen,zusammen,ADV,ROOT,2465,zusammen
2466,",",--,PUNCT,punct,2465,zusammen
2467,und,und,CCONJ,cd,2465,zusammen
2468,eine,ein,DET,nk,2469,Rose
2469,Rose,Rose,NOUN,sb,2470,lag
2470,lag,liegen,VERB,cj,2467,und
2471,am,an,ADP,mo,2470,lag
2472,Fuß,Fuß,NOUN,nk,2471,am
2473,des,der,DET,nk,2474,Pokales
2474,Pokales,Pokal,NOUN,ag,2472,Fuß
2475,",",--,PUNCT,punct,2470,lag
2476,aus,aus,ADP,mo,2481,süße
2477,deren,der,DET,ag,2478,Röte
2478,Röte,Röte,NOUN,nk,2476,aus
2479,noch,noch,ADV,mo,2476,aus
2480,das,der,DET,nk,2481,süße
2481,süße,süß,ADJ,app,2469,Rose
2482,Lächeln,lächeln,NOUN,sb,2483,schien
2483,schien,scheinen,VERB,ROOT,2483,schien
2484,.,--,PUNCT,punct,2483,schien
2485,Sehnsüchtig,sehnsüchtig,ADV,mo,2486,ergriff
2486,ergriff,ergreifen,VERB,ROOT,2486,ergriff
2487,sie,sie,PRON,sb,2486,ergriff
2488,Ferdinand,Ferdinand,PROPN,oa,2486,ergriff
2489,",",--,PUNCT,punct,2490,drückte
2490,drückte,drücken,VERB,cj,2486,ergriff
2491,sie,sie,PRON,sb,2490,drückte
2492,an,an,ADP,mo,2490,drückte
2493,seinen,sein,DET,nk,2494,Mund
2494,Mund,Mund,NOUN,nk,2492,an
2495,",",--,PUNCT,punct,2490,drückte
2496,und,und,CCONJ,ju,2501,verwelkte
2497,an,an,ADP,mo,2501,verwelkte
2498,seinem,sein,DET,nk,2500,Verlangen
2499,brennenden,brennend,ADJ,nk,2500,Verlangen
2500,Verlangen,verlangen,NOUN,nk,2497,an
2501,verwelkte,verwelken,VERB,ROOT,2501,verwelkte
2502,sie,sie,PRON,sb,2501,verwelkte
2503,",",--,PUNCT,punct,2501,verwelkte
2504,und,und,CCONJ,cd,2501,verwelkte
2505,war,sein,AUX,cj,2504,und
2506,in,in,ADP,mo,2508,zerflossen
2507,Luft,Luft,NOUN,nk,2506,in
2508,zerflossen,zerflossen,VERB,oc,2505,war
2509,.,--,PUNCT,punct,2501,verwelkte
2510,»,--,PUNCT,punct,2512,hast
2511,Du,du,PRON,sb,2512,hast
2512,hast,haben,AUX,oc,2519,sagte
2513,schlecht,schlecht,ADV,mo,2516,gehalten
2514,dein,dein,DET,nk,2515,Wort
2515,Wort,Wort,NOUN,oa,2516,gehalten
2516,gehalten,halten,VERB,oc,2512,hast
2517,«,--,PUNCT,punct,2512,hast
2518,",",--,PUNCT,punct,2519,sagte
2519,sagte,sagen,VERB,ROOT,2519,sagte
2520,der,der,DET,nk,2521,Alte
2521,Alte,Alte,NOUN,sb,2519,sagte
2522,verdrüßlich,verdrüßlich,ADV,mo,2519,sagte
2523,",",--,PUNCT,punct,2519,sagte
2524,»,--,PUNCT,punct,2512,hast
2525,du,du,PRON,dep,2519,sagte
2526,kannst,Kannst,VERB,oc,2519,sagte
2527,dir,dir,PRON,sb,2532,beimessen
2528,nur,nur,ADV,mo,2532,beimessen
2529,selber,selber,ADV,mo,2528,nur
2530,die,der,DET,nk,2531,Schuld
2531,Schuld,Schuld,NOUN,oa,2532,beimessen
2532,beimessen,beimessen,VERB,ROOT,2532,beimessen
2533,.,--,PUNCT,punct,2532,beimessen
2534,«,--,PUNCT,punct,2532,beimessen
2535,Er,er,PRON,sb,2536,verhüllte
2536,verhüllte,verhülln,VERB,ROOT,2536,verhüllte
2537,seinen,sein,DET,nk,2538,Pokal
2538,Pokal,Pokal,NOUN,oa,2536,verhüllte
2539,wieder,wieder,ADV,svp,2536,verhüllte
2540,",",--,PUNCT,punct,2536,verhüllte
2541,zog,ziehen,VERB,cj,2536,verhüllte
2542,die,der,DET,oa,2541,zog
2543,Vorhänge,Vorhang,NOUN,ROOT,2543,Vorhänge
2544,auf,auf,ADP,svp,2543,Vorhänge
2545,und,und,CCONJ,cd,2543,Vorhänge
2546,eröffnete,eröffnen,VERB,cj,2545,und
2547,ein,ein,DET,nk,2548,Fenster
2548,Fenster,Fenster,NOUN,oa,2546,eröffnete
2549,;,--,PUNCT,punct,2546,eröffnete
2550,das,der,DET,nk,2552,Tageslicht
2551,helle,hell,ADJ,nk,2552,Tageslicht
2552,Tageslicht,Tageslicht,NOUN,sb,2553,brach
2553,brach,brechen,VERB,ROOT,2553,brach
2554,herein,herein,ADV,svp,2553,brach
2555,",",--,PUNCT,punct,2553,brach
2556,und,und,CCONJ,cd,2553,brach
2557,Ferdinand,Ferdinand,PROPN,sb,2558,verließ
2558,verließ,verlassen,VERB,ROOT,2558,verließ
2559,wehmütig,wehmütig,ADV,mo,2558,verließ
2560,und,und,CCONJ,cd,2559,wehmütig
2561,mit,mit,ADP,cj,2560,und
2562,vielen,vieler,DET,nk,2563,Entschuldigungen
2563,Entschuldigungen,Entschuldigung,NOUN,nk,2561,mit
2564,den,der,DET,nk,2566,Alten
2565,murrenden,murrend,ADJ,nk,2566,Alten
2566,Alten,alte,NOUN,oa,2558,verließ
2567,.,--,PUNCT,punct,2558,verließ
2568,Er,er,PRON,sb,2569,eilte
2569,eilte,eilen,VERB,ROOT,2569,eilte
2570,bewegt,bewegen,VERB,mo,2569,eilte
2571,durch,durch,ADP,mo,2570,bewegt
2572,die,der,DET,nk,2573,Straßen
2573,Straßen,Straße,NOUN,nk,2571,durch
2574,der,der,DET,nk,2575,Stadt
2575,Stadt,Stadt,NOUN,ag,2573,Straßen
2576,.,--,PUNCT,punct,2569,eilte
2577,Vor,vor,ADP,mo,2580,setzte
2578,dem,der,DET,nk,2579,Tore
2579,Tore,Tor,NOUN,nk,2577,Vor
2580,setzte,setzen,VERB,ROOT,2580,setzte
2581,er,er,PRON,sb,2580,setzte
2582,sich,sich,PRON,oa,2580,setzte
2583,unter,unter,ADP,svp,2580,setzte
2584,den,der,DET,nk,2585,Bäumen
2585,Bäumen,Baum,NOUN,ROOT,2585,Bäumen
2586,nieder,nieder,ADV,mo,2585,Bäumen
2587,.,--,PUNCT,punct,2585,Bäumen
2588,Sie,sie,PRON,sb,2589,hatte
2589,hatte,haben,AUX,ROOT,2589,hatte
2590,ihm,ihm,PRON,da,2593,gesagt
2591,am,an,ADP,mo,2593,gesagt
2592,Morgen,Morgen,NOUN,nk,2591,am
2593,gesagt,sagen,VERB,oc,2589,hatte
2594,",",--,PUNCT,punct,2593,gesagt
2595,daß,daß,SCONJ,cp,2596,sie
2596,sie,sie,PRON,dep,2589,hatte
2597,mit,mit,ADP,mnr,2596,sie
2598,einigen,einige,PRON,nk,2597,mit
2599,Verwandten,verwandte,NOUN,sb,2604,müsse
2600,abends,abends,ADV,mo,2603,fahren
2601,über,über,ADP,mo,2603,fahren
2602,Land,Land,NOUN,nk,2601,über
2603,fahren,fahren,VERB,oc,2604,müsse
2604,müsse,müssen,AUX,ROOT,2604,müsse
2605,.,--,PUNCT,punct,2604,müsse
2606,Bald,bald,ADV,mo,2607,saß
2607,saß,sitzen,VERB,oc,2610,wanderte
2608,",",--,PUNCT,punct,2609,bald
2609,bald,bald,ADV,mo,2610,wanderte
2610,wanderte,wanderen,VERB,ROOT,2610,wanderte
2611,er,er,PRON,sb,2610,wanderte
2612,liebetrunken,liebetrunken,VERB,ROOT,2612,liebetrunken
2613,im,in,ADP,mo,2612,liebetrunken
2614,Walde,Walde,NOUN,nk,2613,im
2615,;,--,PUNCT,punct,2612,liebetrunken
2616,immer,immer,ADV,mo,2617,sah
2617,sah,sehen,VERB,ROOT,2617,sah
2618,er,er,PRON,sb,2617,sah
2619,das,der,DET,nk,2621,Bild
2620,holdselige,holdselig,ADJ,nk,2621,Bild
2621,Bild,Bild,NOUN,oa,2617,sah
2622,",",--,PUNCT,punct,2621,Bild
2623,wie,wie,SCONJ,cm,2624,es
2624,es,es,PRON,cc,2621,Bild
2625,mehr,mehr,ADV,mo,2624,es
2626,und,und,CCONJ,cd,2625,mehr
2627,mehr,mehr,PRON,cj,2626,und
2628,aus,aus,ADP,mo,2632,quoll
2629,dem,der,DET,nk,2631,Golde
2630,glühenden,glühend,ADJ,nk,2631,Golde
2631,Golde,Golde,NOUN,nk,2628,aus
2632,quoll,quoll,ADV,ROOT,2632,quoll
2633,;,--,PUNCT,punct,2632,quoll
2634,jetzt,jetzt,ADV,mo,2635,erwartete
2635,erwartete,erwarten,VERB,ROOT,2635,erwartete
2636,er,er,PRON,sb,2635,erwartete
2637,",",--,PUNCT,punct,2635,erwartete
2638,sie,sie,PRON,sb,2639,herausschreiten
2639,herausschreiten,herausschreien,VERB,oc,2635,erwartete
2640,zu,zu,ADP,mo,2639,herausschreiten
2641,sehn,sehn,NUM,nk,2640,zu
2642,im,in,ADP,ROOT,2642,im
2643,Glanze,Glanze,NOUN,nk,2642,im
2644,ihrer,ihr,DET,nk,2645,Schönheit
2645,Schönheit,Schönheit,NOUN,ag,2643,Glanze
2646,",",--,PUNCT,punct,2642,im
2647,und,und,CCONJ,cd,2642,im
2648,dann,dann,ADV,mo,2649,zerbrach
2649,zerbrach,Zerbrach,ADV,cj,2647,und
2650,die,der,DET,nk,2652,Form
2651,schönste,schön,ADJ,nk,2652,Form
2652,Form,Form,NOUN,oa,2649,zerbrach
2653,vor,vor,ADP,mnr,2652,Form
2654,seinen,sein,DET,ROOT,2654,seinen
2655,Augen,Auge,NOUN,ROOT,2655,Augen
2656,",",--,PUNCT,punct,2655,Augen
2657,und,und,CCONJ,cd,2655,Augen
2658,er,er,PRON,sb,2659,zürnte
2659,zürnte,zürnte,VERB,cj,2657,und
2660,mit,mit,ADP,mo,2659,zürnte
2661,sich,sich,PRON,nk,2660,mit
2662,",",--,PUNCT,punct,2659,zürnte
2663,daß,daß,SCONJ,cp,2664,er
2664,er,er,PRON,oc,2659,zürnte
2665,durch,durch,ADP,mnr,2664,er
2666,seine,sein,DET,nk,2668,Liebe
2667,rastlose,rastlos,ADJ,nk,2668,Liebe
2668,Liebe,Liebe,NOUN,nk,2665,durch
2669,und,und,CCONJ,cd,2668,Liebe
2670,die,der,PRON,cj,2669,und
2671,Verwirrung,Verwirrung,NOUN,sb,2681,habe
2672,seiner,sein,DET,nk,2673,Sinne
2673,Sinne,Sinn,NOUN,ag,2671,Verwirrung
2674,das,der,DET,nk,2675,Bildnis
2675,Bildnis,Bildnis,NOUN,oa,2680,zerstört
2676,und,und,CCONJ,cd,2680,zerstört
2677,vielleicht,vielleicht,ADV,mo,2680,zerstört
2678,sein,sein,DET,nk,2679,Glück
2679,Glück,Glück,NOUN,oa,2680,zerstört
2680,zerstört,zerstören,VERB,oc,2681,habe
2681,habe,haben,AUX,ROOT,2681,habe
2682,.,--,PUNCT,punct,2681,habe
2683,Als,als,SCONJ,cp,2693,füllte
2684,nach,nach,ADP,mo,2693,füllte
2685,der,der,DET,nk,2686,Mittagsstunde
2686,Mittagsstunde,Mittagsstunde,NOUN,nk,2684,nach
2687,der,der,DET,nk,2688,Spaziergang
2688,Spaziergang,Spaziergang,NOUN,sb,2693,füllte
2689,sich,sich,PRON,oa,2693,füllte
2690,allgemach,allgemach,ADV,mo,2693,füllte
2691,mit,mit,ADP,mo,2693,füllte
2692,Menschen,Mensch,NOUN,nk,2691,mit
2693,füllte,füllen,VERB,ROOT,2693,füllte
2694,",",--,PUNCT,punct,2693,füllte
2695,zog,ziehen,VERB,ROOT,2695,zog
2696,er,er,PRON,sb,2695,zog
2697,sich,sich,PRON,oa,2695,zog
2698,tiefer,tief,ADV,mo,2695,zog
2699,in,in,ADP,mo,2695,zog
2700,das,der,DET,nk,2701,Gebüsch
2701,Gebüsch,Gebüsch,NOUN,nk,2699,in
2702,zurück,zurück,ADV,svp,2695,zog
2703,;,--,PUNCT,punct,2695,zog
2704,spähend,spähend,ADV,mo,2705,behielt
2705,behielt,behalten,VERB,ROOT,2705,behielt
2706,er,er,PRON,sb,2705,behielt
2707,aber,aber,ADV,mo,2705,behielt
2708,die,der,DET,nk,2709,ferne
2709,ferne,Ferne,NOUN,oa,2705,behielt
2710,Landstraße,Landstraße,NOUN,cj,2724,wurde
2711,im,in,ADP,mnr,2710,Landstraße
2712,Auge,Auge,NOUN,nk,2711,im
2713,",",--,PUNCT,punct,2710,Landstraße
2714,und,und,CCONJ,cd,2724,wurde
2715,jeder,jeder,DET,nk,2716,Wagen
2716,Wagen,Wagen,NOUN,sb,2724,wurde
2717,",",--,PUNCT,punct,2716,Wagen
2718,der,der,PRON,sb,2722,kam
2719,durch,durch,ADP,mo,2722,kam
2720,das,der,DET,nk,2721,Tor
2721,Tor,Tor,NOUN,nk,2719,durch
2722,kam,kommen,VERB,rc,2716,Wagen
2723,",",--,PUNCT,punct,2724,wurde
2724,wurde,werden,AUX,ROOT,2724,wurde
2725,aufmerksam,aufmerksam,ADV,pd,2724,wurde
2726,von,von,ADP,sbp,2728,geprüft
2727,ihm,ihm,PRON,nk,2726,von
2728,geprüft,prüfen,VERB,ROOT,2728,geprüft
2729,.,--,PUNCT,punct,2728,geprüft
2730,Es,es,PRON,sb,2731,näherte
2731,näherte,näheren,VERB,ROOT,2731,näherte
2732,sich,sich,PRON,oa,2731,näherte
2733,dem,der,DET,nk,2734,Abende
2734,Abende,Abende,NOUN,da,2731,näherte
2735,.,--,PUNCT,punct,2731,näherte
2736,Rote,rot,ADJ,nk,2737,Schimmer
2737,Schimmer,Schimmer,NOUN,sb,2738,warf
2738,warf,werfen,VERB,ROOT,2738,warf
2739,die,der,DET,nk,2741,Sonne
2740,untergehende,untergehend,ADJ,nk,2741,Sonne
2741,Sonne,Sonne,NOUN,oa,2738,warf
2742,",",--,PUNCT,punct,2738,warf
2743,da,da,ADV,mo,2744,flog
2744,flog,fliegen,VERB,mo,2738,warf
2745,aus,aus,ADP,ROOT,2745,aus
2746,dem,der,DET,nk,2747,Tor
2747,Tor,Tor,NOUN,nk,2745,aus
2748,der,der,DET,nk,2751,Wagen
2749,reiche,reich,ADJ,nk,2751,Wagen
2750,vergoldete,vergoldet,ADJ,nk,2751,Wagen
2751,Wagen,Wagen,NOUN,ag,2747,Tor
2752,",",--,PUNCT,punct,2751,Wagen
2753,der,der,PRON,sb,2757,leuchtete
2754,feurig,feurig,ADV,mo,2757,leuchtete
2755,im,in,ADP,mo,2757,leuchtete
2756,Abendglanze,Abendglanze,NOUN,nk,2755,im
2757,leuchtete,leuchten,VERB,rc,2751,Wagen
2758,.,--,PUNCT,punct,2745,aus
2759,Er,er,PRON,sb,2760,eilte
2760,eilte,eilen,VERB,ROOT,2760,eilte
2761,hinzu,hinzu,ADV,svp,2760,eilte
2762,.,--,PUNCT,punct,2760,eilte
2763,Ihr,ihr,DET,nk,2764,Auge
2764,Auge,Auge,NOUN,oa,2769,gesucht
2765,hatte,haben,AUX,ROOT,2765,hatte
2766,das,der,DET,nk,2767,seinige
2767,seinige,seiniger,NOUN,sb,2765,hatte
2768,schon,schon,ADV,mo,2769,gesucht
2769,gesucht,suchen,VERB,oc,2765,hatte
2770,.,--,PUNCT,punct,2765,hatte
2771,Freundlich,freundlich,ADV,ROOT,2771,Freundlich
2772,und,und,CCONJ,cd,2771,Freundlich
2773,lächelnd,lächelnd,ADV,mo,2774,lehnte
2774,lehnte,lehnen,VERB,ROOT,2774,lehnte
2775,sie,sie,PRON,sb,2774,lehnte
2776,den,der,DET,nk,2778,Busen
2777,glänzenden,glänzend,ADJ,nk,2778,Busen
2778,Busen,Busen,NOUN,oa,2774,lehnte
2779,aus,aus,ADP,mnr,2778,Busen
2780,dem,der,DET,nk,2781,Schlage
2781,Schlage,Schlage,NOUN,nk,2779,aus
2782,",",--,PUNCT,punct,2774,lehnte
2783,er,er,PRON,sb,2784,fing
2784,fing,fing,VERB,cj,2774,lehnte
2785,ihren,ihr,DET,oa,2784,fing
2786,liebevollen,liebevoll,ADJ,nk,2787,Gruß
2787,Gruß,Gruß,NOUN,ROOT,2787,Gruß
2788,und,und,CCONJ,cd,2787,Gruß
2789,Wink,Wink,NOUN,cj,2788,und
2790,auf,auf,ADP,ROOT,2790,auf
2791,;,--,PUNCT,punct,2790,auf
2792,jetzt,jetzt,ADV,mo,2793,stand
2793,stand,stehen,VERB,ROOT,2793,stand
2794,er,er,PRON,sb,2793,stand
2795,neben,neben,ADP,mo,2793,stand
2796,dem,der,DET,nk,2797,Wagen
2797,Wagen,Wagen,NOUN,nk,2795,neben
2798,",",--,PUNCT,punct,2793,stand
2799,ihr,ihr,DET,da,2800,voller
2800,voller,voll,ADJ,cj,2793,stand
2801,Blick,Blick,NOUN,nk,2800,voller
2802,fiel,fallen,VERB,ROOT,2802,fiel
2803,auf,auf,ADP,mo,2802,fiel
2804,ihn,ihn,PRON,nk,2803,auf
2805,",",--,PUNCT,punct,2802,fiel
2806,und,und,CCONJ,cd,2802,fiel
2807,indem,indem,SCONJ,cp,2812,zurückzog
2808,sie,sie,PRON,sb,2812,zurückzog
2809,sich,sich,PRON,oa,2812,zurückzog
2810,weiterfahrend,weiterfahrend,ADV,mo,2812,zurückzog
2811,wieder,wieder,ADV,mo,2812,zurückzog
2812,zurückzog,zurückziehen,VERB,mo,2814,flog
2813,",",--,PUNCT,punct,2814,flog
2814,flog,fliegen,VERB,cj,2806,und
2815,die,der,DET,nk,2816,Rose
2816,Rose,Rose,NOUN,sb,2814,flog
2817,",",--,PUNCT,punct,2814,flog
2818,welche,welcher,DET,sb,2821,zierte
2819,ihren,ihr,DET,nk,2820,Busen
2820,Busen,Busen,NOUN,oa,2821,zierte
2821,zierte,ziern,VERB,ROOT,2821,zierte
2822,",",--,PUNCT,punct,2821,zierte
2823,heraus,heraus,ADV,svp,2821,zierte
2824,",",--,PUNCT,punct,2821,zierte
2825,und,und,CCONJ,cd,2821,zierte
2826,lag,liegen,VERB,cj,2825,und
2827,zu,zu,ADP,mo,2826,lag
2828,seinen,sein,DET,nk,2829,Füßen
2829,Füßen,Fuß,NOUN,nk,2827,zu
2830,.,--,PUNCT,punct,2821,zierte
2831,Er,er,PRON,sb,2832,hob
2832,hob,heben,VERB,ROOT,2832,hob
2833,sie,sie,PRON,oa,2832,hob
2834,auf,auf,ADP,svp,2832,hob
2835,und,und,CCONJ,cd,2832,hob
2836,küßte,küssen,VERB,ROOT,2836,küßte
2837,sie,sie,PRON,sb,2836,küßte
2838,",",--,PUNCT,punct,2836,küßte
2839,und,und,CCONJ,cd,2836,küßte
2840,ihm,ihm,PRON,da,2841,war
2841,war,sein,AUX,cj,2839,und
2842,",",--,PUNCT,punct,2841,war
2843,als,als,SCONJ,cm,2844,weissage
2844,weissage,weissagen,VERB,sb,2841,war
2845,sie,sie,PRON,sb,2844,weissage
2846,ihm,ihm,PRON,da,2844,weissage
2847,",",--,PUNCT,punct,2844,weissage
2848,daß,daß,SCONJ,cp,2851,Geliebte
2849,er,er,PRON,sb,2851,Geliebte
2850,seine,sein,DET,nk,2851,Geliebte
2851,Geliebte,Geliebte,NOUN,oa,2844,weissage
2852,nicht,nicht,PART,ng,2844,weissage
2853,wiedersehn,wiedersehn,NUM,mo,2862,zerbrochen
2854,würde,werden,AUX,ROOT,2854,würde
2855,",",--,PUNCT,punct,2854,würde
2856,daß,daß,SCONJ,cp,2863,sei
2857,nun,nun,ADV,mo,2862,zerbrochen
2858,sein,sein,DET,nk,2859,Glück
2859,Glück,Glück,NOUN,sb,2863,sei
2860,auf,auf,ADP,mo,2862,zerbrochen
2861,immer,immer,ADV,nk,2860,auf
2862,zerbrochen,zerbrechen,VERB,oc,2863,sei
2863,sei,sein,AUX,sb,2854,würde
2864,.,--,PUNCT,punct,2854,würde
2865,Auf,auf,ADP,mo,2868,lief
2866,und,und,CCONJ,cd,2865,Auf
2867,ab,ab,ADV,cj,2866,und
2868,lief,laufen,VERB,ROOT,2868,lief
2869,man,man,PRON,sb,2868,lief
2870,die,der,DET,nk,2871,Treppen
2871,Treppen,Treppe,NOUN,oa,2868,lief
2872,",",--,PUNCT,punct,2871,Treppen
2873,das,der,DET,nk,2875,Haus
2874,ganze,ganz,ADJ,nk,2875,Haus
2875,Haus,Haus,NOUN,sb,2876,war
2876,war,sein,AUX,rc,2871,Treppen
2877,in,in,ADP,mo,2876,war
2878,Bewegung,Bewegung,NOUN,nk,2877,in
2879,",",--,PUNCT,punct,2868,lief
2880,alles,alle,PRON,oa,2881,machte
2881,machte,machen,VERB,cj,2868,lief
2882,Geschrei,Geschrei,ADV,ROOT,2882,Geschrei
2883,und,und,CCONJ,cd,2882,Geschrei
2884,Lärmen,lärmen,NOUN,cj,2883,und
2885,zum,zu,ADP,mo,2882,Geschrei
2886,morgenden,morgend,ADJ,nk,2888,Feste
2887,großen,groß,ADJ,nk,2888,Feste
2888,Feste,Feste,NOUN,nk,2885,zum
2889,.,--,PUNCT,punct,2882,Geschrei
2890,Die,der,DET,nk,2891,Mutter
2891,Mutter,Mutter,NOUN,sb,2892,war
2892,war,sein,AUX,ROOT,2892,war
2893,am,an,PART,pm,2894,tätigsten
2894,tätigsten,tätigst,ADV,mo,2892,war
2895,so,so,ADV,mo,2892,war
2896,wie,wie,SCONJ,cm,2897,am
2897,am,am,PART,pm,2898,freudigsten
2898,freudigsten,freudigsn,ADV,ROOT,2898,freudigsten
2899,;,--,PUNCT,punct,2898,freudigsten
2900,die,der,DET,nk,2901,Braut
2901,Braut,Braut,NOUN,sb,2902,ließ
2902,ließ,lassen,VERB,ROOT,2902,ließ
2903,alles,alle,PRON,oa,2902,ließ
2904,geschehn,geschehn,ADJ,mo,2902,ließ
2905,",",--,PUNCT,punct,2902,ließ
2906,und,und,CCONJ,cd,2902,ließ
2907,zog,ziehen,VERB,cj,2906,und
2908,sich,sich,PRON,oa,2907,zog
2909,",",--,PUNCT,punct,2907,zog
2910,ihrem,ihr,DET,dep,2902,ließ
2911,Schicksal,Schicksal,NOUN,ROOT,2911,Schicksal
2912,nachsinnend,nachsinnend,ADV,pd,2911,Schicksal
2913,",",--,PUNCT,punct,2912,nachsinnend
2914,in,in,ADP,mo,2912,nachsinnend
2915,ihr,ihr,DET,nk,2914,in
2916,Zimmer,Zimmer,NOUN,mo,2911,Schicksal
2917,zurück,zurück,ADV,mo,2911,Schicksal
2918,.,--,PUNCT,punct,2911,Schicksal
2919,Man,man,PRON,sb,2920,erwartete
2920,erwartete,erwarten,VERB,ROOT,2920,erwartete
2921,noch,noch,ADV,mo,2920,erwartete
2922,den,der,DET,nk,2923,Sohn
2923,Sohn,Sohn,NOUN,oa,2920,erwartete
2924,",",--,PUNCT,punct,2923,Sohn
2925,den,der,PRON,dep,2920,erwartete
2926,Hauptmann,Hauptmann,NOUN,ROOT,2926,Hauptmann
2927,mit,mit,ADP,mnr,2926,Hauptmann
2928,seiner,sein,DET,nk,2929,Frau
2929,Frau,Frau,NOUN,nk,2927,mit
2930,und,und,CCONJ,cd,2929,Frau
2931,zwei,zwei,NUM,nk,2933,Töchter
2932,ältere,alt,ADJ,nk,2933,Töchter
2933,Töchter,Tochter,NOUN,cj,2930,und
2934,mit,mit,ADP,mnr,2933,Töchter
2935,ihren,ihr,DET,nk,2936,Männern
2936,Männern,Mann,NOUN,nk,2934,mit
2937,;,--,PUNCT,punct,2926,Hauptmann
2938,Leopold,Leopold,PROPN,ROOT,2938,Leopold
2939,",",--,PUNCT,punct,2938,Leopold
2940,ein,ein,DET,nk,2942,Sohn
2941,jüngerer,jünger,ADJ,nk,2942,Sohn
2942,Sohn,Sohn,NOUN,sb,2944,war
2943,",",--,PUNCT,punct,2944,war
2944,war,sein,AUX,ROOT,2944,war
2945,mutwillig,mutwillig,ADV,mo,2946,beschäftigt
2946,beschäftigt,beschäftigen,VERB,oc,2944,war
2947,",",--,PUNCT,punct,2946,beschäftigt
2948,die,der,DET,nk,2949,Unordnung
2949,Unordnung,Unordnung,NOUN,oa,2951,vermehren
2950,zu,zu,PART,pm,2951,vermehren
2951,vermehren,vermehren,VERB,oc,2946,beschäftigt
2952,",",--,PUNCT,punct,2951,vermehren
2953,den,der,PRON,dep,2944,war
2954,Lärmen,lärmen,NOUN,oa,2956,vergrößern
2955,zu,zu,PART,pm,2956,vergrößern
2956,vergrößern,vergrößern,VERB,ROOT,2956,vergrößern
2957,",",--,PUNCT,punct,2956,vergrößern
2958,und,und,CCONJ,cd,2956,vergrößern
2959,alles,alle,PRON,oa,2961,verwirren
2960,zu,zu,PART,pm,2961,verwirren
2961,verwirren,verwirren,VERB,cj,2958,und
2962,",",--,PUNCT,punct,2961,verwirren
2963,indem,indem,SCONJ,cp,2967,betreiben
2964,er,er,PRON,sb,2967,betreiben
2965,alles,alle,PRON,oa,2967,betreiben
2966,zu,zu,PART,pm,2967,betreiben
2967,betreiben,betreiben,VERB,mo,2961,verwirren
2968,schien,scheinen,VERB,ROOT,2968,schien
2969,.,--,PUNCT,punct,2968,schien
2970,Agathe,Agathe,PROPN,sb,2977,wollte
2971,",",--,PUNCT,punct,2970,Agathe
2972,seine,sein,DET,nk,2975,Schwester
2973,noch,noch,ADV,mo,2974,unverheiratete
2974,unverheiratete,unverheiratet,ADJ,nk,2975,Schwester
2975,Schwester,Schwester,NOUN,app,2970,Agathe
2976,",",--,PUNCT,punct,2977,wollte
2977,wollte,wollen,AUX,ROOT,2977,wollte
2978,ihn,ihn,PRON,oa,2977,wollte
2979,zur,zu,ADP,mo,2977,wollte
2980,Vernunft,Vernunft,NOUN,nk,2979,zur
2981,bringen,bringen,VERB,ROOT,2981,bringen
2982,und,und,CCONJ,cd,2981,bringen
2983,dahin,dahin,ADV,mo,2984,bewegen
2984,bewegen,bewegen,VERB,cj,2982,und
2985,",",--,PUNCT,punct,2984,bewegen
2986,daß,daß,SCONJ,cp,2991,kümmere
2987,er,er,PRON,sb,2991,kümmere
2988,sich,sich,PRON,oa,2991,kümmere
2989,um,um,ADP,op,2991,kümmere
2990,nichts,nichts,PRON,nk,2989,um
2991,kümmere,kümmeren,VERB,oc,2984,bewegen
2992,",",--,PUNCT,punct,2981,bringen
2993,und,und,CCONJ,cd,2981,bringen
2994,nur,nur,ADV,mo,2996,andern
2995,die,der,DET,nk,2996,andern
2996,andern,anderer,PRON,cj,2993,und
2997,in,in,ADP,mnr,2996,andern
2998,Ruhe,Ruhe,NOUN,sb,2999,lasse
2999,lasse,lassen,VERB,ROOT,2999,lasse
3000,;,--,PUNCT,punct,2999,lasse
3001,aber,aber,CCONJ,ju,3004,sagte
3002,die,der,DET,nk,3003,Mutter
3003,Mutter,Mutter,NOUN,sb,3004,sagte
3004,sagte,sagen,VERB,ROOT,3004,sagte
3005,:,--,PUNCT,punct,3004,sagte
3006,»,--,PUNCT,punct,3004,sagte
3007,Störe,stör,NOUN,mo,3004,sagte
3008,ihn,ihn,PRON,oa,3007,Störe
3009,nicht,nicht,PART,ng,3007,Störe
3010,in,in,ADP,mo,3007,Störe
3011,seiner,sein,DET,nk,3012,Torheit
3012,Torheit,Torheit,NOUN,nk,3010,in
3013,",",--,PUNCT,punct,3004,sagte
3014,denn,denn,CCONJ,cd,3004,sagte
3015,heute,heute,ADV,mo,3016,kommt
3016,kommt,kommen,VERB,ROOT,3016,kommt
3017,es,es,PRON,ep,3016,kommt
3018,auf,auf,ADP,mo,3016,kommt
3019,etwas,etwas,ADV,mo,3020,mehr
3020,mehr,mehr,DET,nk,3018,auf
3021,oder,oder,CCONJ,cd,3020,mehr
3022,weniger,weniger,ADV,cj,3021,oder
3023,nicht,nicht,PART,ng,3016,kommt
3024,an,an,ADP,svp,3016,kommt
3025,;,--,PUNCT,punct,3016,kommt
3026,nur,nur,ADV,mo,3028,bitte
3027,darum,darum,ADV,mo,3028,bitte
3028,bitte,bitte,VERB,ROOT,3028,bitte
3029,ich,ich,PRON,sb,3028,bitte
3030,euch,euch,PRON,da,3028,bitte
3031,alle,alle,PRON,ROOT,3031,alle
3032,",",--,PUNCT,punct,3031,alle
3033,da,da,SCONJ,cp,3041,habe
3034,ich,ich,PRON,sb,3041,habe
3035,schon,schon,ADV,mo,3040,denken
3036,auf,auf,ADP,op,3040,denken
3037,so,so,ADV,mo,3038,viel
3038,viel,viel,PRON,nk,3036,auf
3039,zu,zu,PART,pm,3040,denken
3040,denken,denken,VERB,oc,3041,habe
3041,habe,haben,AUX,mo,3031,alle
3042,",",--,PUNCT,punct,3041,habe
3043,daß,daß,SCONJ,cp,3045,mich
3044,ihr,ihr,PRON,nk,3045,mich
3045,mich,mich,PRON,mo,3040,denken
3046,nicht,nicht,PART,ng,3048,irgend
3047,mit,mit,ADP,mnr,3045,mich
3048,irgend,irgend,ADV,nk,3047,mit
3049,etwas,etwas,PRON,oa,3050,behelligt
3050,behelligt,behelligen,VERB,ROOT,3050,behelligt
3051,",",--,PUNCT,punct,3050,behelligt
3052,was,wer,PRON,oa,3057,erfahren
3053,ich,ich,PRON,sb,3058,muß
3054,nicht,nicht,PART,ng,3058,muß
3055,höchst,höchst,ADV,mo,3056,nötig
3056,nötig,nötig,ADV,mo,3057,erfahren
3057,erfahren,erfahren,VERB,oc,3058,muß
3058,muß,müssen,AUX,oc,3050,behelligt
3059,;,--,PUNCT,punct,3050,behelligt
3060,ob,ob,SCONJ,cp,3062,Porzellan
3061,sie,sie,PRON,sb,3060,ob
3062,Porzellan,Porzellan,NOUN,ROOT,3062,Porzellan
3063,zerbrechen,zerbrechen,VERB,ROOT,3063,zerbrechen
3064,",",--,PUNCT,punct,3063,zerbrechen
3065,ob,ob,SCONJ,cp,3069,fehlen
3066,einige,einiger,DET,nk,3068,Löffel
3067,silberne,silbern,ADJ,nk,3068,Löffel
3068,Löffel,Löffel,NOUN,sb,3069,fehlen
3069,fehlen,fehlen,VERB,oc,3063,zerbrechen
3070,",",--,PUNCT,punct,3069,fehlen
3071,ob,ob,SCONJ,cp,3073,Gesinde
3072,das,der,DET,nk,3073,Gesinde
3073,Gesinde,Gesinde,NOUN,dep,3069,fehlen
3074,der,der,DET,nk,3075,Fremden
3075,Fremden,fremde,NOUN,ag,3073,Gesinde
3076,Scheiben,Scheibe,NOUN,sb,3077,entzweischlägt
3077,entzweischlägt,entzweischlagen,VERB,ROOT,3077,entzweischlägt
3078,",",--,PUNCT,punct,3082,ärgert
3079,mit,mit,ADP,mo,3082,ärgert
3080,solchen,solcher,DET,nk,3081,Possen
3081,Possen,Posse,NOUN,nk,3079,mit
3082,ärgert,ärgern,VERB,cj,3077,entzweischlägt
3083,mich,mich,PRON,oa,3082,ärgert
3084,nicht,nicht,PART,ng,3082,ärgert
3085,",",--,PUNCT,punct,3082,ärgert
3086,daß,daß,SCONJ,cp,3088,sie
3087,ihr,ihr,PRON,nk,3088,sie
3088,sie,sie,PRON,ROOT,3088,sie
3089,mir,mir,PRON,da,3088,sie
3090,wiedererzählt,wiedererzählt,VERB,ROOT,3090,wiedererzählt
3091,.,--,PUNCT,punct,3090,wiedererzählt
3092,Sind,sein,AUX,re,3099,dann
3093,diese,dieser,DET,nk,3094,Tage
3094,Tage,Tag,NOUN,sb,3092,Sind
3095,der,der,DET,nk,3096,Unruhe
3096,Unruhe,Unruhe,NOUN,ag,3094,Tage
3097,vorüber,vorüber,ADV,svp,3092,Sind
3098,",",--,PUNCT,punct,3099,dann
3099,dann,dann,ADV,mo,3100,wollen
3100,wollen,wollen,AUX,ROOT,3100,wollen
3101,wir,wir,PRON,sb,3100,wollen
3102,Rechnung,Rechnung,NOUN,oa,3100,wollen
3103,halten,halten,VERB,ROOT,3103,halten
3104,.,--,PUNCT,punct,3103,halten
3105,«,--,PUNCT,ROOT,3105,«
3106,»,--,PUNCT,punct,3107,Recht
3107,Recht,recht,NOUN,oc,3113,sagte
3108,so,so,ADV,mo,3107,Recht
3109,",",--,PUNCT,punct,3108,so
3110,Mutter,Mutter,NOUN,cj,3108,so
3111,!,--,PUNCT,punct,3113,sagte
3112,«,--,PUNCT,punct,3113,sagte
3113,sagte,sagen,VERB,ROOT,3113,sagte
3114,Leopold,Leopold,PROPN,sb,3113,sagte
3115,",",--,PUNCT,punct,3113,sagte
3116,»,--,PUNCT,punct,3107,Recht
3117,das,der,PRON,sb,3118,sind
3118,sind,sein,AUX,oc,3113,sagte
3119,Gesinnungen,Gesinnung,NOUN,pd,3118,sind
3120,eines,ein,DET,nk,3121,Regenten
3121,Regenten,regent,NOUN,ag,3119,Gesinnungen
3122,würdig,würdig,ADV,pd,3118,sind
3123,!,--,PUNCT,punct,3113,sagte
3124,Wenn,wenn,SCONJ,cp,3130,brechen
3125,auch,auch,ADV,mo,3130,brechen
3126,einige,einiger,DET,nk,3127,Mägde
3127,Mägde,Mägde,NOUN,sb,3130,brechen
3128,den,der,DET,nk,3129,Hals
3129,Hals,Hals,NOUN,oa,3130,brechen
3130,brechen,brechen,VERB,ROOT,3130,brechen
3131,",",--,PUNCT,punct,3130,brechen
3132,der,der,DET,nk,3133,Koch
3133,Koch,Koch,NOUN,sb,3135,betrinkt
3134,sich,sich,PRON,oa,3135,betrinkt
3135,betrinkt,betrinkt,ADV,cj,3130,brechen
3136,und,und,CCONJ,cd,3135,betrinkt
3137,den,der,DET,cj,3136,und
3138,Schornstein,schornstein,NOUN,oa,3139,anzündet
3139,anzündet,anzünden,VERB,ROOT,3139,anzündet
3140,",",--,PUNCT,punct,3139,anzündet
3141,der,der,DET,nk,3142,Kellermeister
3142,Kellermeister,Kellermeister,NOUN,cj,3139,anzündet
3143,vor,vor,ADP,mo,3147,auslaufen
3144,Freude,Freude,NOUN,nk,3143,vor
3145,den,der,DET,nk,3146,Malvasier
3146,Malvasier,Malvasier,NOUN,oa,3147,auslaufen
3147,auslaufen,auslaufen,VERB,oc,3142,Kellermeister
3148,oder,oder,CCONJ,cd,3142,Kellermeister
3149,aussaufen,aussaufen,VERB,oc,3150,läßt
3150,läßt,lassen,VERB,ROOT,3150,läßt
3151,",",--,PUNCT,punct,3153,sollen
3152,Sie,sie,PRON,sb,3153,sollen
3153,sollen,sollen,AUX,cj,3150,läßt
3154,von,von,ADP,mo,3158,erfahren
3155,dergleichen,dergleich,ADJ,nk,3156,Kindereien
3156,Kindereien,Kinderei,NOUN,nk,3154,von
3157,nichts,nichts,PRON,oa,3158,erfahren
3158,erfahren,erfahren,VERB,oc,3153,sollen
3159,.,--,PUNCT,punct,3150,läßt
3160,Es,es,PRON,sb,3161,müßte
3161,müßte,müssen,AUX,ROOT,3161,müßte
3162,denn,denn,CCONJ,mo,3163,sein
3163,sein,sein,AUX,ROOT,3163,sein
3164,",",--,PUNCT,punct,3163,sein
3165,daß,daß,SCONJ,cp,3170,umwürfe
3166,ein,ein,DET,nk,3167,Erdbeben
3167,Erdbeben,Erdbeben,NOUN,sb,3170,umwürfe
3168,das,der,DET,nk,3169,Haus
3169,Haus,Haus,NOUN,oa,3170,umwürfe
3170,umwürfe,umwürfen,VERB,sb,3163,sein
3171,;,--,PUNCT,punct,3163,sein
3172,Liebste,Liebste,NOUN,ROOT,3172,Liebste
3173,",",--,PUNCT,punct,3172,Liebste
3174,das,der,PRON,sb,3175,ließe
3175,ließe,lassen,VERB,rc,3172,Liebste
3176,sich,sich,PRON,oa,3175,ließe
3177,unmöglich,unmöglich,ADV,mo,3175,ließe
3178,verhehlen,verhehlen,VERB,ROOT,3178,verhehlen
3179,.,--,PUNCT,punct,3178,verhehlen
3180,«,--,PUNCT,ROOT,3180,«
3181,»,--,PUNCT,punct,3183,wird
3182,Wann,wann,ADV,mo,3188,werden
3183,wird,werden,AUX,oc,3191,sagte
3184,er,er,PRON,sb,3183,wird
3185,doch,doch,ADV,mo,3188,werden
3186,einmal,einmal,ADV,mo,3188,werden
3187,klüger,klug,ADV,pd,3188,werden
3188,werden,werden,AUX,oc,3183,wird
3189,!,--,PUNCT,punct,3191,sagte
3190,«,--,PUNCT,punct,3191,sagte
3191,sagte,sagen,VERB,ROOT,3191,sagte
3192,die,der,DET,nk,3193,Mutter
3193,Mutter,Mutter,NOUN,sb,3191,sagte
3194,;,--,PUNCT,punct,3191,sagte
3195,»,--,PUNCT,punct,3197,werden
3196,was,was,PRON,sb,3197,werden
3197,werden,werden,AUX,ROOT,3197,werden
3198,nur,nur,ADV,mo,3197,werden
3199,deine,dein,ADJ,nk,3200,Geschwister
3200,Geschwister,Geschwister,NOUN,sb,3201,denken
3201,denken,denken,VERB,ROOT,3201,denken
3202,",",--,PUNCT,punct,3201,denken
3203,wenn,wenn,SCONJ,cp,3208,wiederfinden
3204,sie,sie,PRON,sb,3208,wiederfinden
3205,dich,dich,PRON,oa,3208,wiederfinden
3206,ebenso,ebenso,ADV,mo,3207,unklug
3207,unklug,unklug,ADV,mo,3208,wiederfinden
3208,wiederfinden,wiederfinden,VERB,mo,3201,denken
3209,",",--,PUNCT,punct,3208,wiederfinden
3210,als,als,SCONJ,cm,3211,sie
3211,sie,sie,PRON,dep,3201,denken
3212,dich,dich,PRON,oa,3216,verlassen
3213,vor,vor,ADP,mo,3216,verlassen
3214,zwei,zwei,NUM,nk,3215,Jahren
3215,Jahren,Jahr,NOUN,nk,3213,vor
3216,verlassen,verlassen,VERB,oc,3217,haben
3217,haben,haben,AUX,ROOT,3217,haben
3218,.,--,PUNCT,punct,3217,haben
3219,«,--,PUNCT,punct,3216,verlassen
3220,»,--,PUNCT,punct,3222,müssen
3221,Sie,sie,PRON,sb,3222,müssen
3222,müssen,müssen,AUX,oc,3230,antwortete
3223,meinem,mein,DET,nk,3225,Gerechtigkeit
3224,Charakter,Charakter,NOUN,nk,3225,Gerechtigkeit
3225,Gerechtigkeit,Gerechtigkeit,NOUN,oa,3226,widerfahren
3226,widerfahren,widerfahren,VERB,oc,3227,lassen
3227,lassen,lassen,VERB,oc,3222,müssen
3228,«,--,PUNCT,punct,3222,müssen
3229,",",--,PUNCT,punct,3230,antwortete
3230,antwortete,antworten,VERB,ROOT,3230,antwortete
3231,der,der,DET,dep,3230,antwortete
3232,lebhafte,lebhaft,ADJ,nk,3233,Jüngling
3233,Jüngling,Jüngling,NOUN,ROOT,3233,Jüngling
3234,",",--,PUNCT,punct,3233,Jüngling
3235,»,--,PUNCT,punct,3241,bin
3236,daß,daß,SCONJ,cp,3241,bin
3237,ich,ich,PRON,sb,3241,bin
3238,nicht,nicht,PART,ng,3241,bin
3239,so,so,ADV,mo,3240,wandelbar
3240,wandelbar,wandelbar,ADV,pd,3241,bin
3241,bin,sein,AUX,oc,3233,Jüngling
3242,wie,wie,ADP,cm,3243,sie
3243,sie,sie,PRON,cc,3239,so
3244,oder,oder,CCONJ,cd,3243,sie
3245,ihre,ihr,DET,nk,3246,Männer
3246,Männer,Mann,NOUN,cj,3244,oder
3247,",",--,PUNCT,punct,3241,bin
3248,die,der,DET,sb,3262,verändert
3249,sich,sich,PRON,oa,3262,verändert
3250,in,in,ADP,mo,3262,verändert
3251,wenigen,weniger,DET,nk,3252,Jahren
3252,Jahren,Jahr,NOUN,nk,3250,in
3253,so,so,ADV,mo,3254,sehr
3254,sehr,sehr,ADV,mo,3250,in
3255,",",--,PUNCT,punct,3254,sehr
3256,und,und,CCONJ,avc,3257,zwar
3257,zwar,zwar,ADV,mo,3262,verändert
3258,nicht,nicht,PART,ng,3262,verändert
3259,zu,zu,ADP,mo,3262,verändert
3260,ihrem,ihr,DET,nk,3261,Vorteile
3261,Vorteile,Vorteil,NOUN,nk,3259,zu
3262,verändert,verändern,VERB,ROOT,3262,verändert
3263,haben,haben,AUX,ROOT,3263,haben
3264,.,--,PUNCT,punct,3263,haben
3265,«,--,PUNCT,punct,3263,haben
3266,Jetzt,jetzt,ADV,mo,3267,trat
3267,trat,treten,VERB,ROOT,3267,trat
3268,der,der,DET,nk,3269,Bräutigam
3269,Bräutigam,Bräutigam,NOUN,sb,3267,trat
3270,zu,zu,ADP,mo,3267,trat
3271,ihnen,ihnen,PRON,nk,3270,zu
3272,",",--,PUNCT,punct,3267,trat
3273,und,und,CCONJ,cd,3267,trat
3274,fragte,fragen,VERB,cj,3273,und
3275,nach,nach,ADP,mo,3274,fragte
3276,der,der,DET,nk,3277,Braut
3277,Braut,Braut,NOUN,nk,3275,nach
3278,.,--,PUNCT,punct,3267,trat
3279,Die,der,DET,nk,3280,Kammerjungfer
3280,Kammerjungfer,Kammerjungfer,NOUN,ROOT,3280,Kammerjungfer
3281,ward,werden,VERB,ROOT,3281,ward
3282,geschickt,schicken,VERB,mo,3281,ward
3283,",",--,PUNCT,punct,3282,geschickt
3284,sie,sie,PRON,oa,3286,rufen
3285,zu,zu,PART,pm,3286,rufen
3286,rufen,rufen,VERB,oc,3281,ward
3287,.,--,PUNCT,punct,3281,ward
3288,»,--,PUNCT,punct,3289,Hat
3289,Hat,haben,AUX,ROOT,3289,Hat
3290,Leopold,Leopold,PROPN,sb,3289,Hat
3291,Ihnen,ihnen,PRON,oa,3289,Hat
3292,",",--,PUNCT,punct,3289,Hat
3293,liebe,lieb,ADJ,nk,3294,Mutter
3294,Mutter,Mutter,NOUN,cj,3289,Hat
3295,",",--,PUNCT,punct,3289,Hat
3296,meine,mein,DET,nk,3297,Bitte
3297,Bitte,Bitte,NOUN,cj,3289,Hat
3298,vorgetragen,vortragen,VERB,mo,3301,fragte
3299,?,--,PUNCT,punct,3301,fragte
3300,«,--,PUNCT,punct,3301,fragte
3301,fragte,fragen,VERB,ROOT,3301,fragte
3302,der,der,DET,nk,3303,Verlobte
3303,Verlobte,verlobter,NOUN,sb,3301,fragte
3304,.,--,PUNCT,punct,3301,fragte
3305,»,--,PUNCT,punct,3309,wüßte
3306,Daß,daß,SCONJ,cp,3309,wüßte
3307,ich,ich,PRON,sb,3309,wüßte
3308,nicht,nicht,PART,ng,3309,wüßte
3309,wüßte,wissen,VERB,oc,3312,sagte
3310,«,--,PUNCT,punct,3309,wüßte
3311,",",--,PUNCT,punct,3312,sagte
3312,sagte,sagen,VERB,ROOT,3312,sagte
3313,diese,dieser,PRON,sb,3312,sagte
3314,;,--,PUNCT,punct,3312,sagte
3315,»,--,PUNCT,punct,3322,kann
3316,in,in,ADP,mo,3322,kann
3317,der,der,DET,nk,3318,Unordnung
3318,Unordnung,Unordnung,NOUN,nk,3316,in
3319,hier,hier,ADV,mo,3322,kann
3320,im,in,ADP,mo,3319,hier
3321,Hause,Haus,NOUN,nk,3320,im
3322,kann,können,AUX,oc,3312,sagte
3323,man,man,PRON,sb,3322,kann
3324,keinen,kein,DET,nk,3326,Gedanken
3325,vernünftigen,vernünftig,ADJ,nk,3326,Gedanken
3326,Gedanken,Gedanke,NOUN,oa,3327,fassen
3327,fassen,fassen,VERB,ROOT,3327,fassen
3328,.,--,PUNCT,punct,3327,fassen
3329,«,--,PUNCT,ROOT,3329,«
3330,Die,der,DET,nk,3331,Braut
3331,Braut,Braut,NOUN,sb,3332,trat
3332,trat,treten,VERB,ROOT,3332,trat
3333,herzu,herzu,ADV,mo,3332,trat
3334,",",--,PUNCT,punct,3332,trat
3335,und,und,CCONJ,cd,3332,trat
3336,die,der,DET,nk,3338,Leute
3337,jungen,jung,ADJ,nk,3338,Leute
3338,Leute,Leute,NOUN,sb,3339,begrüßten
3339,begrüßten,begrüßen,VERB,cj,3335,und
3340,sich,sich,PRON,oa,3339,begrüßten
3341,mit,mit,ADP,op,3339,begrüßten
3342,Freuden,Freude,NOUN,nk,3341,mit
3343,.,--,PUNCT,punct,3332,trat
3344,»,--,PUNCT,ROOT,3344,»
3345,Die,der,DET,ROOT,3345,Die
3346,Bitte,bitte,PART,dep,3353,fuhr
3347,",",--,PUNCT,punct,3346,Bitte
3348,deren,der,DET,oa,3350,erwähnte
3349,ich,ich,PRON,sb,3350,erwähnte
3350,erwähnte,erwähnen,VERB,oc,3346,Bitte
3351,«,--,PUNCT,punct,3350,erwähnte
3352,",",--,PUNCT,punct,3353,fuhr
3353,fuhr,fahren,VERB,ROOT,3353,fuhr
3354,dann,dann,ADV,mo,3353,fuhr
3355,der,der,DET,nk,3356,Bräutigam
3356,Bräutigam,Bräutigam,NOUN,sb,3353,fuhr
3357,fort,fort,ADV,svp,3353,fuhr
3358,",",--,PUNCT,punct,3353,fuhr
3359,»,--,PUNCT,punct,3360,ist
3360,ist,sein,AUX,oc,3353,fuhr
3361,",",--,PUNCT,punct,3360,ist
3362,daß,daß,SCONJ,mo,3360,ist
3363,Sie,sie,PRON,sb,3360,ist
3364,es,es,PRON,pd,3360,ist
3365,nicht,nicht,PART,ng,3368,mögen
3366,übel,übel,ADV,mo,3367,deuten
3367,deuten,deuten,VERB,oc,3368,mögen
3368,mögen,mögen,AUX,ROOT,3368,mögen
3369,",",--,PUNCT,punct,3368,mögen
3370,wenn,wenn,SCONJ,cp,3379,führe
3371,ich,ich,PRON,sb,3379,führe
3372,Ihnen,ihnen,PRON,da,3379,führe
3373,noch,noch,ADV,mo,3379,führe
3374,einen,ein,DET,nk,3375,Gast
3375,Gast,Gast,NOUN,oa,3379,führe
3376,in,in,ADP,mo,3379,führe
3377,Ihr,ihr,DET,nk,3378,Haus
3378,Haus,Haus,NOUN,nk,3376,in
3379,führe,führen,VERB,mo,3368,mögen
3380,",",--,PUNCT,punct,3379,führe
3381,das,der,PRON,sb,3368,mögen
3382,für,für,ADP,mo,3389,besetzt
3383,diese,dieser,DET,nk,3384,Tage
3384,Tage,Tag,NOUN,nk,3382,für
3385,nur,nur,ADV,mo,3389,besetzt
3386,schon,schon,ADV,mo,3385,nur
3387,zu,zu,PART,mo,3388,sehr
3388,sehr,sehr,ADV,mo,3389,besetzt
3389,besetzt,besetzen,VERB,pd,3390,ist
3390,ist,sein,AUX,ROOT,3390,ist
3391,.,--,PUNCT,punct,3390,ist
3392,«,--,PUNCT,punct,3390,ist
3393,»,--,PUNCT,punct,3395,wissen
3394,Sie,sie,PRON,sb,3395,wissen
3395,wissen,wissen,VERB,oc,3400,sagte
3396,es,es,PRON,oa,3395,wissen
3397,selbst,selbst,ADV,mo,3395,wissen
3398,«,--,PUNCT,punct,3395,wissen
3399,",",--,PUNCT,punct,3400,sagte
3400,sagte,sagen,VERB,ROOT,3400,sagte
3401,die,der,DET,nk,3402,Mutter
3402,Mutter,Mutter,NOUN,sb,3400,sagte
3403,",",--,PUNCT,punct,3400,sagte
3404,»,--,PUNCT,punct,3411,ist
3405,daß,daß,SCONJ,cp,3411,ist
3406,",",--,PUNCT,punct,3407,so
3407,so,so,ADV,mo,3408,geräumig
3408,geräumig,geräumig,ADV,pd,3411,ist
3409,es,es,PRON,sb,3411,ist
3410,auch,auch,ADV,mo,3411,ist
3411,ist,sein,AUX,oc,3395,wissen
3412,",",--,PUNCT,punct,3411,ist
3413,sich,sich,PRON,oa,3400,sagte
3414,schwerlich,schwerlich,ADV,mo,3418,lassen
3415,noch,noch,ADV,mo,3414,schwerlich
3416,Zimmer,Zimmer,NOUN,oa,3418,lassen
3417,einrichten,einrichten,VERB,oc,3418,lassen
3418,lassen,lassen,VERB,ROOT,3418,lassen
3419,.,--,PUNCT,punct,3418,lassen
3420,«,--,PUNCT,ROOT,3420,«
3421,»,--,PUNCT,punct,3422,Doch
3422,Doch,doch,CCONJ,oc,3425,rief
3423,«,--,PUNCT,punct,3422,Doch
3424,",",--,PUNCT,punct,3425,rief
3425,rief,rufen,VERB,ROOT,3425,rief
3426,Leopold,Leopold,PROPN,sb,3425,rief
3427,",",--,PUNCT,punct,3425,rief
3428,»,--,PUNCT,punct,3430,habe
3429,ich,ich,PRON,sb,3430,habe
3430,habe,haben,AUX,oc,3425,rief
3431,schon,schon,ADV,mo,3435,gesorgt
3432,zum,zu,ADP,op,3435,gesorgt
3433,Teil,Teil,NOUN,nk,3432,zum
3434,dafür,dafür,ADV,op,3435,gesorgt
3435,gesorgt,sorgen,VERB,oc,3430,habe
3436,",",--,PUNCT,punct,3435,gesorgt
3437,ich,ich,PRON,sb,3438,habe
3438,habe,haben,AUX,oc,3435,gesorgt
3439,die,der,DET,oa,3438,habe
3440,große,groß,ADJ,nk,3441,Stube
3441,Stube,Stube,NOUN,sb,3445,lassen
3442,im,in,ADP,mnr,3441,Stube
3443,Hinterhause,Hinterhause,NOUN,nk,3442,im
3444,aufräumen,aufräumen,VERB,oc,3445,lassen
3445,lassen,lassen,VERB,ROOT,3445,lassen
3446,.,--,PUNCT,punct,3445,lassen
3447,«,--,PUNCT,ROOT,3447,«
3448,»,--,PUNCT,punct,3449,Ei
3449,Ei,ei,NOUN,pd,3452,ist
3450,",",--,PUNCT,punct,3449,Ei
3451,die,der,PRON,sb,3452,ist
3452,ist,sein,AUX,oc,3458,sagte
3453,nicht,nicht,PART,ng,3452,ist
3454,anständig,anständig,ADV,pd,3452,ist
3455,genug,genug,ADV,mo,3454,anständig
3456,«,--,PUNCT,punct,3452,ist
3457,",",--,PUNCT,punct,3458,sagte
3458,sagte,sagen,VERB,ROOT,3458,sagte
3459,die,der,DET,nk,3460,Mutter
3460,Mutter,Mutter,NOUN,sb,3458,sagte
3461,",",--,PUNCT,punct,3458,sagte
3462,»,--,PUNCT,punct,3465,ist
3463,seit,seit,ADP,mo,3465,ist
3464,Jahren,Jahr,NOUN,nk,3463,seit
3465,ist,sein,AUX,cj,3452,ist
3466,sie,sie,PRON,sb,3465,ist
3467,ja,ja,ADV,mo,3465,ist
3468,fast,fast,ADV,mo,3470,zur
3469,nur,nur,ADV,mo,3470,zur
3470,zur,zu,ADP,mo,3472,gebraucht
3471,Polterkammer,Polterkammer,NOUN,nk,3470,zur
3472,gebraucht,brauchen,VERB,ROOT,3472,gebraucht
3473,.,--,PUNCT,punct,3472,gebraucht
3474,«,--,PUNCT,ROOT,3474,«
3475,»,--,PUNCT,punct,3477,ist
3476,Prächtig,Prächtig,ADV,mo,3477,ist
3477,ist,sein,AUX,oc,3482,sagte
3478,sie,sie,PRON,sb,3477,ist
3479,hergestellt,herstellen,VERB,pd,3477,ist
3480,«,--,PUNCT,punct,3477,ist
3481,",",--,PUNCT,punct,3482,sagte
3482,sagte,sagen,VERB,ROOT,3482,sagte
3483,Leopold,Leopold,PROPN,sb,3482,sagte
3484,",",--,PUNCT,punct,3482,sagte
3485,»,--,PUNCT,punct,3477,ist
3486,und,und,CCONJ,dep,3482,sagte
3487,der,der,DET,nk,3488,Freund
3488,Freund,Freund,NOUN,cj,3486,und
3489,",",--,PUNCT,punct,3488,Freund
3490,für,für,ADP,mnr,3488,Freund
3491,den,der,PRON,nk,3490,für
3492,sie,sie,PRON,oa,3488,Freund
3493,bestimmt,bestimmen,VERB,pd,3494,ist
3494,ist,sein,AUX,sb,3496,sieht
3495,",",--,PUNCT,punct,3496,sieht
3496,sieht,sehen,VERB,ROOT,3496,sieht
3497,auch,auch,ADV,mo,3496,sieht
3498,auf,auf,ADP,mo,3496,sieht
3499,dergleichen,dergleichen,PRON,nk,3498,auf
3500,nicht,nicht,PART,ng,3496,sieht
3501,",",--,PUNCT,punct,3496,sieht
3502,dem,der,PRON,da,3503,ist
3503,ist,sein,AUX,cj,3496,sieht
3504,es,es,PRON,sb,3503,ist
3505,nur,nur,ADV,mo,3506,um
3506,um,um,ADP,mo,3503,ist
3507,unsre,unsr,ADJ,nk,3508,Liebe
3508,Liebe,Liebe,NOUN,nk,3506,um
3509,zu,zu,PART,pm,3510,tun
3510,tun,tun,VERB,ROOT,3510,tun
3511,;,--,PUNCT,punct,3510,tun
3512,auch,auch,ADV,mo,3513,hat
3513,hat,haben,AUX,ROOT,3513,hat
3514,er,er,PRON,sb,3513,hat
3515,keine,kein,DET,nk,3516,Frau
3516,Frau,Frau,NOUN,oa,3513,hat
3517,und,und,CCONJ,cd,3513,hat
3518,befindet,befinden,VERB,cj,3517,und
3519,sich,sich,PRON,oa,3518,befindet
3520,gern,gern,ADV,mo,3518,befindet
3521,in,in,ADP,mo,3518,befindet
3522,der,der,DET,nk,3523,Einsamkeit
3523,Einsamkeit,Einsamkeit,NOUN,nk,3521,in
3524,",",--,PUNCT,punct,3518,befindet
3525,so,so,ADV,mo,3518,befindet
3526,daß,daß,SCONJ,ROOT,3526,daß
3527,sie,sie,PRON,sb,3532,wird
3528,ihm,ihm,PRON,da,3531,sein
3529,gerade,gerade,ADV,mo,3531,sein
3530,recht,recht,ADV,pd,3531,sein
3531,sein,sein,AUX,oc,3532,wird
3532,wird,werden,AUX,ROOT,3532,wird
3533,.,--,PUNCT,punct,3532,wird
3534,Wir,wir,PRON,sb,3535,haben
3535,haben,haben,VERB,ROOT,3535,haben
3536,Mühe,Mühe,NOUN,oa,3538,gehabt
3537,genug,genug,ADV,nk,3536,Mühe
3538,gehabt,haben,VERB,oc,3535,haben
3539,",",--,PUNCT,punct,3538,gehabt
3540,ihm,ihm,PRON,da,3541,zuzureden
3541,zuzureden,zuzured,VERB,cj,3538,gehabt
3542,und,und,CCONJ,cd,3541,zuzureden
3543,ihn,ihn,PRON,oa,3548,bringen
3544,wieder,wieder,ADV,mo,3548,bringen
3545,unter,unter,ADP,mo,3548,bringen
3546,Menschen,Mensch,NOUN,nk,3545,unter
3547,zu,zu,PART,pm,3548,bringen
3548,bringen,bringen,VERB,ROOT,3548,bringen
3549,.,--,PUNCT,punct,3548,bringen
3550,«,--,PUNCT,ROOT,3550,«
3551,»,--,PUNCT,punct,3557,Goldmacher
3552,Doch,doch,CCONJ,cd,3557,Goldmacher
3553,wohl,wohl,ADV,mo,3555,euer
3554,nicht,nicht,PART,ng,3555,euer
3555,euer,eu,ADV,nk,3557,Goldmacher
3556,trauriger,traurig,ADJ,nk,3557,Goldmacher
3557,Goldmacher,goldmache,NOUN,sb,3562,fragte
3558,und,und,CCONJ,cd,3557,Goldmacher
3559,Geisterbanner,Geisterbanner,NOUN,cj,3558,und
3560,?,--,PUNCT,punct,3562,fragte
3561,«,--,PUNCT,punct,3562,fragte
3562,fragte,fragen,VERB,ROOT,3562,fragte
3563,Agathe,Agathe,PROPN,sb,3562,fragte
3564,.,--,PUNCT,punct,3562,fragte
3565,»,--,PUNCT,punct,3567,andrer
3566,Kein,kein,DET,nk,3567,andrer
3567,andrer,andr,ADV,mo,3572,erwiderte
3568,als,als,ADP,cm,3569,der
3569,der,der,DET,cc,3567,andrer
3570,«,--,PUNCT,punct,3569,der
3571,",",--,PUNCT,punct,3572,erwiderte
3572,erwiderte,erwidern,VERB,ROOT,3572,erwiderte
3573,der,der,DET,nk,3574,Bräutigam
3574,Bräutigam,Bräutigam,NOUN,sb,3572,erwiderte
3575,",",--,PUNCT,punct,3572,erwiderte
3576,»,--,PUNCT,punct,3572,erwiderte
3577,wenn,wenn,SCONJ,cp,3582,nennen
3578,Sie,sie,PRON,sb,3582,nennen
3579,ihn,ihn,PRON,oa,3582,nennen
3580,einmal,einmal,ADV,mo,3582,nennen
3581,so,so,ADV,mo,3582,nennen
3582,nennen,nennen,VERB,mo,3572,erwiderte
3583,wollen,wollen,AUX,ROOT,3583,wollen
3584,.,--,PUNCT,punct,3583,wollen
3585,«,--,PUNCT,punct,3583,wollen
3586,»,--,PUNCT,punct,3588,erlauben
3587,Dann,dann,ADV,mo,3588,erlauben
3588,erlauben,erlauben,VERB,oc,3598,fuhr
3589,Sie,sie,PRON,sb,3588,erlauben
3590,es,es,PRON,oa,3588,erlauben
3591,nur,nur,ADV,mo,3592,nicht
3592,nicht,nicht,PART,ng,3588,erlauben
3593,",",--,PUNCT,punct,3588,erlauben
3594,liebe,lieb,ADJ,nk,3595,Mutter
3595,Mutter,Mutter,NOUN,cj,3588,erlauben
3596,«,--,PUNCT,punct,3588,erlauben
3597,",",--,PUNCT,punct,3598,fuhr
3598,fuhr,fahren,VERB,ROOT,3598,fuhr
3599,die,der,DET,nk,3600,Schwester
3600,Schwester,Schwester,NOUN,sb,3598,fuhr
3601,fort,fort,ADV,svp,3598,fuhr
3602,;,--,PUNCT,punct,3598,fuhr
3603,»,--,PUNCT,punct,3604,was
3604,was,was,PRON,ROOT,3604,was
3605,soll,sollen,AUX,ROOT,3605,soll
3606,ein,ein,DET,nk,3608,Mann
3607,solcher,solcher,DET,nk,3608,Mann
3608,Mann,Mann,NOUN,sb,3605,soll
3609,in,in,ADP,mo,3605,soll
3610,unserm,unserm,DET,nk,3611,Hause
3611,Hause,Haus,NOUN,nk,3609,in
3612,?,--,PUNCT,punct,3605,soll
3613,Ich,ich,PRON,sb,3614,habe
3614,habe,haben,AUX,ROOT,3614,habe
3615,ihn,ihn,PRON,oa,3614,habe
3616,einigemal,einigemal,ADV,mo,3617,mit
3617,mit,mit,ADP,mo,3614,habe
3618,Leopold,Leopold,PROPN,nk,3617,mit
3619,über,über,ADP,svp,3614,habe
3620,die,der,DET,nk,3621,Straße
3621,Straße,Straße,NOUN,sb,3622,gehen
3622,gehen,gehen,VERB,ROOT,3622,gehen
3623,sehn,sehn,NUM,sb,3622,gehen
3624,",",--,PUNCT,punct,3622,gehen
3625,und,und,CCONJ,cd,3622,gehen
3626,mir,mir,PRON,da,3632,geworden
3627,ist,sein,AUX,cj,3625,und
3628,vor,vor,ADP,mo,3632,geworden
3629,seinem,sein,DET,nk,3630,Gesicht
3630,Gesicht,Gesicht,NOUN,nk,3628,vor
3631,bange,bange,ADV,pd,3632,geworden
3632,geworden,werden,AUX,oc,3627,ist
3633,;,--,PUNCT,punct,3622,gehen
3634,auch,auch,ADV,ROOT,3634,auch
3635,besucht,besuchen,VERB,ROOT,3635,besucht
3636,der,der,DET,nk,3638,Sünder
3637,alte,alt,ADJ,nk,3638,Sünder
3638,Sünder,Sünder,NOUN,sb,3635,besucht
3639,fast,fast,ADV,mo,3640,niemals
3640,niemals,niemals,ADV,mo,3635,besucht
3641,die,der,DET,nk,3642,Kirche
3642,Kirche,Kirche,NOUN,oa,3635,besucht
3643,",",--,PUNCT,punct,3635,besucht
3644,er,er,PRON,sb,3645,liebt
3645,liebt,lieben,VERB,oc,3635,besucht
3646,weder,weder,CCONJ,cd,3647,Gott
3647,Gott,Gott,NOUN,oa,3645,liebt
3648,noch,noch,CCONJ,cd,3645,liebt
3649,Menschen,Mensch,NOUN,ROOT,3649,Menschen
3650,",",--,PUNCT,punct,3649,Menschen
3651,und,und,CCONJ,cd,3649,Menschen
3652,es,es,PRON,sb,3653,bringt
3653,bringt,bringen,VERB,cj,3651,und
3654,keinen,kein,DET,nk,3655,Segen
3655,Segen,Segen,NOUN,oa,3653,bringt
3656,",",--,PUNCT,punct,3649,Menschen
3657,dergleichen,dergleich,DET,nk,3658,Ungläubige
3658,Ungläubige,ungläubige,NOUN,cj,3649,Menschen
3659,bei,bei,ADP,mnr,3658,Ungläubige
3660,so,so,ADV,mo,3661,feierlicher
3661,feierlicher,feierlich,ADV,nk,3659,bei
3662,Gelegenheit,Gelegenheit,NOUN,oa,3666,einzuführen
3663,unter,unter,ADP,mnr,3662,Gelegenheit
3664,das,der,DET,nk,3665,Dach
3665,Dach,Dach,NOUN,nk,3663,unter
3666,einzuführen,einführen,VERB,ROOT,3666,einzuführen
3667,.,--,PUNCT,punct,3666,einzuführen
3668,Wer,wer,PRON,sb,3669,weiß
3669,weiß,wissen,VERB,ROOT,3669,weiß
3670,",",--,PUNCT,punct,3669,weiß
3671,was,wer,PRON,sb,3674,kann
3672,daraus,daraus,ADV,mo,3674,kann
3673,entstehn,entstehn,NUM,mo,3674,kann
3674,kann,können,AUX,oc,3669,weiß
3675,!,--,PUNCT,punct,3669,weiß
3676,«,--,PUNCT,punct,3669,weiß
3677,»,--,PUNCT,punct,3684,sagte
3678,Wie,wie,SCONJ,mo,3681,sprichst
3679,du,du,PRON,sb,3681,sprichst
3680,nun,nun,ADV,mo,3681,sprichst
3681,sprichst,sprichen,VERB,mo,3684,sagte
3682,!,--,PUNCT,punct,3684,sagte
3683,«,--,PUNCT,punct,3684,sagte
3684,sagte,sagen,VERB,re,3695,so
3685,Leopold,Leopold,PROPN,sb,3684,sagte
3686,erzürnt,erzürnen,VERB,oc,3684,sagte
3687,",",--,PUNCT,punct,3686,erzürnt
3688,»,--,PUNCT,punct,3686,erzürnt
3689,weil,weil,SCONJ,cp,3693,kennst
3690,du,du,PRON,sb,3693,kennst
3691,ihn,ihn,PRON,oa,3693,kennst
3692,nicht,nicht,PART,ng,3693,kennst
3693,kennst,kennst,ADV,mo,3684,sagte
3694,",",--,PUNCT,punct,3695,so
3695,so,so,ADV,ROOT,3695,so
3696,verurteilst,verurteilen,VERB,ROOT,3696,verurteilst
3697,du,du,PRON,sb,3696,verurteilst
3698,ihn,ihn,PRON,oa,3696,verurteilst
3699,",",--,PUNCT,punct,3696,verurteilst
3700,und,und,CCONJ,cd,3696,verurteilst
3701,weil,weil,SCONJ,cp,3706,gefällt
3702,dir,dir,PRON,sb,3706,gefällt
3703,seine,sein,DET,nk,3704,Nase
3704,Nase,Nase,NOUN,oa,3706,gefällt
3705,nicht,nicht,PART,ng,3706,gefällt
3706,gefällt,fällen,VERB,cj,3700,und
3707,",",--,PUNCT,punct,3696,verurteilst
3708,und,und,CCONJ,cd,3696,verurteilst
3709,er,er,PRON,cj,3708,und
3710,auch,auch,ADV,mo,3711,nicht
3711,nicht,nicht,PART,ng,3696,verurteilst
3712,mehr,mehr,ADV,mo,3713,jung
3713,jung,jung,ADV,pd,3716,ist
3714,und,und,CCONJ,cd,3713,jung
3715,reizend,reizend,ADV,cj,3714,und
3716,ist,sein,AUX,re,3718,so
3717,",",--,PUNCT,punct,3718,so
3718,so,so,ADV,mo,3719,muß
3719,muß,müssen,AUX,ROOT,3719,muß
3720,er,er,PRON,sb,3719,muß
3721,",",--,PUNCT,punct,3719,muß
3722,deinem,dein,DET,nk,3723,Sinne
3723,Sinne,Sinn,NOUN,nk,3724,nach
3724,nach,nach,ADP,svp,3719,muß
3725,",",--,PUNCT,punct,3719,muß
3726,ein,ein,DET,nk,3727,Geisterbanner
3727,Geisterbanner,Geisterbanner,ADJ,app,3720,er
3728,und,und,CCONJ,cd,3727,Geisterbanner
3729,verruchter,verrucht,ADJ,nk,3730,Mensch
3730,Mensch,Mensch,NOUN,pd,3731,sein
3731,sein,sein,AUX,ROOT,3731,sein
3732,.,--,PUNCT,punct,3731,sein
3733,«,--,PUNCT,ROOT,3733,«
3734,»,--,PUNCT,punct,3735,Gewähren
3735,Gewähren,gewähren,VERB,oc,3742,sagte
3736,Sie,sie,PRON,sb,3735,Gewähren
3737,",",--,PUNCT,punct,3736,Sie
3738,teure,teuer,ADJ,nk,3739,Mutter
3739,Mutter,Mutter,NOUN,oa,3735,Gewähren
3740,«,--,PUNCT,punct,3735,Gewähren
3741,",",--,PUNCT,punct,3742,sagte
3742,sagte,sagen,VERB,ROOT,3742,sagte
3743,der,der,DET,nk,3744,Bräutigam
3744,Bräutigam,Bräutigam,NOUN,sb,3742,sagte
3745,",",--,PUNCT,punct,3742,sagte
3746,»,--,PUNCT,dep,3742,sagte
3747,unserm,unser,ADP,nk,3749,Freunde
3748,alten,alt,ADJ,nk,3749,Freunde
3749,Freunde,Freund,NOUN,da,3742,sagte
3750,ein,ein,ADV,svp,3742,sagte
3751,Plätzchen,plätzchen,NOUN,ROOT,3751,Plätzchen
3752,in,in,ADP,mnr,3751,Plätzchen
3753,Ihrem,ihr,DET,nk,3754,Hause
3754,Hause,Haus,NOUN,nk,3752,in
3755,",",--,PUNCT,punct,3751,Plätzchen
3756,und,und,CCONJ,cd,3751,Plätzchen
3757,lassen,lassen,VERB,cj,3756,und
3758,Sie,sie,PRON,sb,3757,lassen
3759,ihn,ihn,PRON,oa,3757,lassen
3760,an,an,ADP,mo,3757,lassen
3761,unserer,unser,DET,nk,3763,Freude
3762,allgemeinen,allgemein,ADJ,nk,3763,Freude
3763,Freude,Freude,NOUN,nk,3760,an
3764,teilnehmen,teilnehmen,VERB,ROOT,3764,teilnehmen
3765,.,--,PUNCT,punct,3764,teilnehmen
3766,Er,er,PRON,sb,3767,scheint
3767,scheint,scheinen,VERB,ROOT,3767,scheint
3768,",",--,PUNCT,punct,3767,scheint
3769,liebe,lieb,ADJ,cj,3767,scheint
3770,Schwester,Schwester,NOUN,sb,3769,liebe
3771,Agathe,Agathe,PROPN,nk,3770,Schwester
3772,",",--,PUNCT,punct,3767,scheint
3773,viel,viel,DET,nk,3774,Unglück
3774,Unglück,Unglück,NOUN,oa,3775,erlebt
3775,erlebt,erleben,VERB,oc,3777,haben
3776,zu,zu,PART,pm,3777,haben
3777,haben,haben,AUX,oc,3767,scheint
3778,",",--,PUNCT,punct,3767,scheint
3779,welches,welcher,PRON,sb,3785,hat
3780,ihn,ihn,PRON,oa,3784,gemacht
3781,mißtrauisch,mißtrauisch,ADV,mo,3784,gemacht
3782,und,und,CCONJ,cd,3781,mißtrauisch
3783,menschenfeindlich,menschenfeindlich,ADV,cj,3782,und
3784,gemacht,machen,VERB,oc,3785,hat
3785,hat,haben,AUX,ROOT,3785,hat
3786,",",--,PUNCT,punct,3785,hat
3787,er,er,PRON,sb,3788,vermeidet
3788,vermeidet,vermeiden,VERB,cj,3785,hat
3789,alle,aller,PRON,oa,3788,vermeidet
3790,Gesellschaft,Gesellschaft,NOUN,ROOT,3790,Gesellschaft
3791,",",--,PUNCT,punct,3790,Gesellschaft
3792,und,und,CCONJ,cd,3790,Gesellschaft
3793,macht,machen,VERB,cj,3792,und
3794,nur,nur,ADV,mo,3793,macht
3795,eine,ein,DET,nk,3796,Ausnahme
3796,Ausnahme,Ausnahme,NOUN,oa,3793,macht
3797,mit,mit,ADP,mnr,3796,Ausnahme
3798,mir,mir,PRON,nk,3797,mit
3799,und,und,CCONJ,cd,3798,mir
3800,Leopold,Leopold,PROPN,cj,3799,und
3801,;,--,PUNCT,punct,3790,Gesellschaft
3802,ich,ich,PRON,sb,3803,habe
3803,habe,haben,AUX,ROOT,3803,habe
3804,ihm,ihm,PRON,da,3803,habe
3805,viel,viel,ADV,mo,3807,danken
3806,zu,zu,PART,pm,3807,danken
3807,danken,danken,VERB,ROOT,3807,danken
3808,",",--,PUNCT,punct,3807,danken
3809,er,er,PRON,sb,3810,hat
3810,hat,haben,AUX,oc,3807,danken
3811,zuerst,zuerst,ADV,mo,3817,gegeben
3812,meinem,mein,DET,nk,3813,Geiste
3813,Geiste,Geist,NOUN,da,3817,gegeben
3814,eine,ein,DET,nk,3816,Richtung
3815,bessere,gut,ADJ,nk,3816,Richtung
3816,Richtung,Richtung,NOUN,oa,3817,gegeben
3817,gegeben,geben,VERB,oc,3810,hat
3818,",",--,PUNCT,punct,3817,gegeben
3819,ja,ja,ADV,dep,3807,danken
3820,ich,ich,PRON,sb,3821,kann
3821,kann,können,AUX,ROOT,3821,kann
3822,sagen,sagen,VERB,oc,3821,kann
3823,",",--,PUNCT,punct,3822,sagen
3824,er,er,PRON,sb,3826,hat
3825,allein,allein,ADV,mo,3824,er
3826,hat,haben,AUX,oc,3822,sagen
3827,mich,mich,PRON,oa,3822,sagen
3828,vielleicht,vielleicht,ADV,mo,3827,mich
3829,der,der,DET,nk,3830,Liebe
3830,Liebe,Liebe,NOUN,og,3833,würdig
3831,meiner,mein,DET,nk,3832,Julie
3832,Julie,Julie,NOUN,ag,3830,Liebe
3833,würdig,würdig,ADV,pd,3827,mich
3834,gemacht,machen,VERB,ROOT,3834,gemacht
3835,.,--,PUNCT,punct,3834,gemacht
3836,«,--,PUNCT,ROOT,3836,«
3837,»,--,PUNCT,punct,3839,borgt
3838,Mir,mir,PRON,da,3839,borgt
3839,borgt,borgen,VERB,oc,3845,fuhr
3840,er,er,PRON,sb,3839,borgt
3841,alle,aller,DET,nk,3842,Bücher
3842,Bücher,Buch,NOUN,oa,3839,borgt
3843,«,--,PUNCT,punct,3839,borgt
3844,",",--,PUNCT,punct,3845,fuhr
3845,fuhr,fahren,VERB,ROOT,3845,fuhr
3846,Leopold,Leopold,PROPN,sb,3845,fuhr
3847,fort,fort,ADV,svp,3845,fuhr
3848,",",--,PUNCT,punct,3845,fuhr
3849,»,--,PUNCT,punct,3839,borgt
3850,und,und,CCONJ,cd,3845,fuhr
3851,",",--,PUNCT,punct,3845,fuhr
3852,was,was,PRON,oa,3854,sagen
3853,mehr,mehr,PRON,sb,3855,will
3854,sagen,sagen,VERB,oc,3855,will
3855,will,wollen,AUX,oc,3845,fuhr
3856,",",--,PUNCT,punct,3845,fuhr
3857,alte,alt,ADJ,dep,3845,fuhr
3858,Manuskripte,Manuskript,NOUN,ROOT,3858,Manuskripte
3859,",",--,PUNCT,punct,3858,Manuskripte
3860,und,und,CCONJ,cd,3858,Manuskripte
3861,",",--,PUNCT,punct,3860,und
3862,was,was,PRON,sb,3866,will
3863,noch,noch,ADV,mo,3865,sagen
3864,mehr,mehr,PRON,mo,3863,noch
3865,sagen,sagen,VERB,oc,3866,will
3866,will,wollen,AUX,rc,3858,Manuskripte
3867,",",--,PUNCT,punct,3866,will
3868,Geld,Geld,NOUN,cj,3858,Manuskripte
3869,",",--,PUNCT,punct,3858,Manuskripte
3870,auf,auf,ADP,cj,3868,Geld
3871,mein,mein,DET,nk,3873,Wort
3872,bloßes,bloß,ADJ,nk,3873,Wort
3873,Wort,Wort,NOUN,nk,3870,auf
3874,;,--,PUNCT,punct,3858,Manuskripte
3875,er,er,PRON,sb,3876,hat
3876,hat,haben,AUX,ROOT,3876,hat
3877,die,der,DET,nk,3879,Gesinnung
3878,christlichste,christlich,ADJ,nk,3879,Gesinnung
3879,Gesinnung,Gesinnung,NOUN,ROOT,3879,Gesinnung
3880,",",--,PUNCT,punct,3879,Gesinnung
3881,Schwesterchen,Schwesterche,NOUN,cj,3879,Gesinnung
3882,",",--,PUNCT,punct,3879,Gesinnung
3883,und,und,CCONJ,cd,3879,Gesinnung
3884,wer,wer,PRON,sb,3885,weiß
3885,weiß,wissen,VERB,cj,3883,und
3886,",",--,PUNCT,punct,3885,weiß
3887,wenn,wenn,SCONJ,cp,3890,näher
3888,du,du,PRON,sb,3887,wenn
3889,ihn,ihn,PRON,oa,3890,näher
3890,näher,nah,ADV,mo,3885,weiß
3891,kennenlernst,kennenlernst,ADV,ROOT,3891,kennenlernst
3892,",",--,PUNCT,punct,3891,kennenlernst
3893,ob,ob,SCONJ,cp,3898,fahrenlässest
3894,du,du,PRON,sb,3898,fahrenlässest
3895,nicht,nicht,PART,ng,3898,fahrenlässest
3896,deine,dein,ADJ,nk,3897,Sprödigkeit
3897,Sprödigkeit,Sprödigkeit,NOUN,oa,3898,fahrenlässest
3898,fahrenlässest,fahrenlässest,VERB,oc,3891,kennenlernst
3899,",",--,PUNCT,punct,3891,kennenlernst
3900,und,und,CCONJ,cd,3891,kennenlernst
3901,dich,dich,ADV,mo,3902,in
3902,in,in,ADP,cj,3900,und
3903,ihn,ihn,PRON,nk,3902,in
3904,verliebst,verliebst,ADV,mo,3907,häßlich
3905,",",--,PUNCT,punct,3906,so
3906,so,so,ADV,mo,3907,häßlich
3907,häßlich,häßlich,ADV,ROOT,3907,häßlich
3908,er,er,PRON,sb,3907,häßlich
3909,dir,dir,PRON,da,3912,vorkommt
3910,auch,auch,ADV,mo,3912,vorkommt
3911,jetzt,jetzt,ADV,mo,3912,vorkommt
3912,vorkommt,vorkommen,VERB,oc,3907,häßlich
3913,.,--,PUNCT,punct,3907,häßlich
3914,«,--,PUNCT,punct,3907,häßlich
3915,»,--,PUNCT,punct,3918,bringen
3916,Nun,nun,ADV,mo,3918,bringen
3917,so,so,ADV,mo,3918,bringen
3918,bringen,bringen,VERB,oc,3924,sagte
3919,Sie,sie,PRON,sb,3918,bringen
3920,ihn,ihn,PRON,oa,3918,bringen
3921,uns,uns,PRON,oa,3918,bringen
3922,«,--,PUNCT,punct,3918,bringen
3923,",",--,PUNCT,punct,3924,sagte
3924,sagte,sagen,VERB,ROOT,3924,sagte
3925,die,der,DET,nk,3926,Mutter
3926,Mutter,Mutter,NOUN,sb,3924,sagte
3927,",",--,PUNCT,punct,3924,sagte
3928,»,--,PUNCT,punct,3930,habe
3929,ich,ich,PRON,sb,3930,habe
3930,habe,haben,AUX,cj,3918,bringen
3931,schon,schon,ADV,mo,3932,sonst
3932,sonst,sonst,ADV,mo,3930,habe
3933,so,so,ADV,mo,3934,viel
3934,viel,viel,ADV,mo,3924,sagte
3935,aus,aus,ADP,mo,3941,müssen
3936,Leopolds,Leopold,PROPN,ag,3937,Munde
3937,Munde,Mund,NOUN,nk,3935,aus
3938,von,von,ADP,mo,3940,hören
3939,ihm,ihm,PRON,nk,3938,von
3940,hören,hören,VERB,oc,3941,müssen
3941,müssen,müssen,AUX,ROOT,3941,müssen
3942,",",--,PUNCT,punct,3941,müssen
3943,daß,daß,SCONJ,cp,3946,bin
3944,ich,ich,PRON,sb,3946,bin
3945,neugierig,neugierig,ADV,pd,3946,bin
3946,bin,sein,AUX,sb,3941,müssen
3947,",",--,PUNCT,punct,3946,bin
3948,seine,sein,DET,dep,3941,müssen
3949,Bekanntschaft,Bekanntschaft,NOUN,oa,3951,machen
3950,zu,zu,PART,pm,3951,machen
3951,machen,machen,VERB,ROOT,3951,machen
3952,.,--,PUNCT,punct,3951,machen
3953,Nur,nur,ADV,mo,3954,müssen
3954,müssen,müssen,AUX,ROOT,3954,müssen
3955,Sie,sie,PRON,sb,3954,müssen
3956,es,es,PRON,oa,3957,verantworten
3957,verantworten,verantworten,VERB,oc,3954,müssen
3958,",",--,PUNCT,punct,3957,verantworten
3959,daß,daß,SCONJ,cp,3962,keine
3960,wir,wir,PRON,sb,3962,keine
3961,ihm,ihm,PRON,da,3962,keine
3962,keine,kein,DET,dep,3954,müssen
3963,bessere,gut,ADJ,nk,3964,Wohnung
3964,Wohnung,Wohnung,NOUN,oa,3965,geben
3965,geben,geben,VERB,oc,3966,können
3966,können,können,AUX,ROOT,3966,können
3967,.,--,PUNCT,punct,3966,können
3968,«,--,PUNCT,ROOT,3968,«
3969,Indem,indem,ADV,mo,3970,kamen
3970,kamen,kommen,VERB,ROOT,3970,kamen
3971,Reisende,reisend,NOUN,sb,3970,kamen
3972,an,an,ADP,svp,3970,kamen
3973,.,--,PUNCT,punct,3970,kamen
3974,Es,es,PRON,ph,3975,waren
3975,waren,sein,AUX,ROOT,3975,waren
3976,die,der,DET,nk,3977,Mitglieder
3977,Mitglieder,Mitglied,NOUN,sb,3975,waren
3978,der,der,DET,nk,3979,Familie
3979,Familie,Familie,NOUN,ag,3977,Mitglieder
3980,;,--,PUNCT,punct,3975,waren
3981,die,der,DET,nk,3982,verheirateten
3982,verheirateten,verheirateter,NOUN,ROOT,3982,verheirateten
3983,Töchter,Tochter,NOUN,sb,3990,brachten
3984,",",--,PUNCT,punct,3983,Töchter
3985,so,so,ADV,mo,3983,Töchter
3986,wie,wie,ADP,cm,3988,Offizier
3987,der,der,DET,nk,3988,Offizier
3988,Offizier,Offizier,NOUN,cc,3985,so
3989,",",--,PUNCT,punct,3990,brachten
3990,brachten,bringen,VERB,ROOT,3990,brachten
3991,ihre,ihr,DET,nk,3992,Kinder
3992,Kinder,Kind,NOUN,oa,3990,brachten
3993,mit,mit,ADP,svp,3990,brachten
3994,.,--,PUNCT,punct,3990,brachten
3995,Die,der,DET,nk,3997,Alte
3996,gute,gut,ADJ,nk,3997,Alte
3997,Alte,alt,ADJ,sb,3998,freute
3998,freute,freuen,VERB,ROOT,3998,freute
3999,sich,sich,PRON,ROOT,3999,sich
4000,",",--,PUNCT,punct,3999,sich
4001,ihre,ihr,DET,nk,4002,Enkel
4002,Enkel,Enkel,NOUN,cj,3999,sich
4003,zu,zu,ADP,mnr,4002,Enkel
4004,sehn,sehn,NUM,nk,4003,zu
4005,;,--,PUNCT,punct,3999,sich
4006,alles,alle,PRON,sb,4007,war
4007,war,sein,AUX,ROOT,4007,war
4008,Bewillkommnung,Bewillkommnung,NOUN,pd,4007,war
4009,und,und,CCONJ,cd,4008,Bewillkommnung
4010,frohes,froh,ADJ,nk,4011,Gespräch
4011,Gespräch,Gespräch,NOUN,cj,4009,und
4012,",",--,PUNCT,punct,4007,war
4013,und,und,CCONJ,cd,4007,war
4014,als,als,ADP,cj,4013,und
4015,der,der,DET,nk,4016,Bräutigam
4016,Bräutigam,Bräutigam,NOUN,sb,4025,hatten
4017,und,und,CCONJ,cd,4016,Bräutigam
4018,Leopold,Leopold,PROPN,cj,4017,und
4019,auch,auch,ADV,mo,4021,Grüße
4020,ihre,ihr,DET,nk,4021,Grüße
4021,Grüße,Grüß,NOUN,oa,4022,empfangen
4022,empfangen,empfangen,VERB,oc,4025,hatten
4023,und,und,CCONJ,cd,4022,empfangen
4024,abgelegt,ablegen,VERB,cj,4023,und
4025,hatten,haben,AUX,ROOT,4025,hatten
4026,",",--,PUNCT,punct,4025,hatten
4027,entfernten,entfernen,VERB,ROOT,4027,entfernten
4028,sie,sie,PRON,sb,4027,entfernten
4029,sich,sich,PRON,oa,4027,entfernten
4030,",",--,PUNCT,punct,4027,entfernten
4031,um,um,SCONJ,cp,4036,aufzusuchen
4032,ihren,ihr,DET,nk,4035,Freund
4033,alten,alt,ADJ,nk,4035,Freund
4034,mürrischen,mürrisch,ADJ,nk,4035,Freund
4035,Freund,Freund,NOUN,oa,4036,aufzusuchen
4036,aufzusuchen,aufsuchen,VERB,mo,4027,entfernten
4037,.,--,PUNCT,punct,4027,entfernten
4038,Dieser,dieser,PRON,sb,4039,wohnte
4039,wohnte,wohnen,VERB,ROOT,4039,wohnte
4040,die,der,DET,nk,4042,Zeit
4041,meiste,meister,DET,nk,4042,Zeit
4042,Zeit,Zeit,NOUN,oa,4039,wohnte
4043,des,der,DET,nk,4044,Jahres
4044,Jahres,Jahr,NOUN,ag,4042,Zeit
4045,auf,auf,ADP,mo,4039,wohnte
4046,dem,der,DET,nk,4047,Lande
4047,Lande,Land,NOUN,nk,4045,auf
4048,",",--,PUNCT,punct,4039,wohnte
4049,eine,ein,DET,nk,4050,Meile
4050,Meile,Meile,NOUN,oa,4039,wohnte
4051,von,von,ADP,mnr,4050,Meile
4052,der,der,DET,nk,4051,von
4053,Stadt,Stadt,NOUN,ROOT,4053,Stadt
4054,",",--,PUNCT,punct,4053,Stadt
4055,aber,aber,CCONJ,cd,4053,Stadt
4056,eine,ein,DET,nk,4058,Wohnung
4057,kleine,klein,ADJ,nk,4058,Wohnung
4058,Wohnung,Wohnung,NOUN,oa,4059,behielt
4059,behielt,behalten,VERB,cj,4055,aber
4060,er,er,PRON,sb,4059,behielt
4061,sich,sich,PRON,oa,4059,behielt
4062,auch,auch,ADV,mo,4063,in
4063,in,in,ADP,mo,4059,behielt
4064,einem,ein,DET,nk,4065,Garten
4065,Garten,Garten,NOUN,nk,4063,in
4066,vor,vor,ADP,mnr,4065,Garten
4067,dem,der,DET,nk,4066,vor
4068,Tore,Tor,NOUN,ROOT,4068,Tore
4069,.,--,PUNCT,punct,4068,Tore
4070,Hier,hier,ADV,mo,4078,kennengelernt
4071,hatten,haben,AUX,ROOT,4071,hatten
4072,ihn,ihn,PRON,oa,4078,kennengelernt
4073,zufälligerweise,zufälligerweise,NOUN,mo,4078,kennengelernt
4074,die,der,DET,nk,4077,Leute
4075,beiden,beide,DET,nk,4077,Leute
4076,jungen,jung,ADJ,nk,4077,Leute
4077,Leute,Leute,NOUN,sb,4071,hatten
4078,kennengelernt,kennenlernen,VERB,oc,4071,hatten
4079,.,--,PUNCT,punct,4071,hatten
4080,Sie,sie,PRON,sb,4081,trafen
4081,trafen,treffen,VERB,ROOT,4081,trafen
4082,ihn,ihn,PRON,oa,4081,trafen
4083,jetzt,jetzt,ADV,mo,4081,trafen
4084,auf,auf,ADP,mo,4081,trafen
4085,einem,ein,DET,nk,4086,Kaffeehause
4086,Kaffeehause,Kaffeehause,NOUN,nk,4084,auf
4087,",",--,PUNCT,punct,4086,Kaffeehause
4088,wohin,wohin,SCONJ,mo,4091,bestellt
4089,sie,sie,PRON,sb,4092,hatten
4090,sich,sich,PRON,oa,4091,bestellt
4091,bestellt,bestellen,VERB,oc,4092,hatten
4092,hatten,haben,AUX,rc,4086,Kaffeehause
4093,.,--,PUNCT,punct,4081,trafen
4094,Da,da,SCONJ,ROOT,4094,Da
4095,es,es,PRON,sb,4099,war
4096,schon,schon,ADV,mo,4098,geworden
4097,Abend,Abend,NOUN,pd,4098,geworden
4098,geworden,werden,AUX,oc,4099,war
4099,war,sein,AUX,mo,4101,begaben
4100,",",--,PUNCT,punct,4101,begaben
4101,begaben,begeben,VERB,ROOT,4101,begaben
4102,sie,sie,PRON,sb,4101,begaben
4103,sich,sich,PRON,oa,4101,begaben
4104,nach,nach,ADP,mo,4101,begaben
4105,einigen,einiger,DET,nk,4106,Gesprächen
4106,Gesprächen,Gespräch,NOUN,nk,4104,nach
4107,in,in,ADP,mnr,4106,Gesprächen
4108,das,der,DET,nk,4107,in
4109,Haus,Haus,NOUN,ROOT,4109,Haus
4110,zurück,zurück,ADV,svp,4109,Haus
4111,.,--,PUNCT,punct,4109,Haus
4112,Die,der,DET,nk,4113,Mutter
4113,Mutter,Mutter,NOUN,sb,4114,nahm
4114,nahm,nehmen,VERB,ROOT,4114,nahm
4115,den,der,DET,nk,4116,Fremden
4116,Fremden,Fremden,NOUN,da,4114,nahm
4117,sehr,sehr,ADV,mo,4118,freundschaftlich
4118,freundschaftlich,freundschaftlich,ADV,mo,4114,nahm
4119,auf,auf,ADP,svp,4114,nahm
4120,;,--,PUNCT,punct,4114,nahm
4121,die,der,DET,nk,4122,Töchter
4122,Töchter,Tochter,NOUN,sb,4123,hielten
4123,hielten,halten,VERB,ROOT,4123,hielten
4124,sich,sich,PRON,oa,4123,hielten
4125,etwas,etwas,ADV,mo,4126,entfernt
4126,entfernt,entfernt,ADV,pd,4129,war
4127,",",--,PUNCT,punct,4126,entfernt
4128,besonders,besonders,ADV,mo,4131,schüchtern
4129,war,sein,AUX,ROOT,4129,war
4130,Agathe,Agathe,PROPN,sb,4129,war
4131,schüchtern,schüchtern,VERB,oc,4129,war
4132,und,und,CCONJ,cd,4129,war
4133,vermied,vermeiden,VERB,cj,4132,und
4134,seine,sein,DET,nk,4135,Blicke
4135,Blicke,Blick,NOUN,oa,4133,vermied
4136,sorgfältig,sorgfältig,ADV,ROOT,4136,sorgfältig
4137,.,--,PUNCT,punct,4136,sorgfältig
4138,Nach,nach,ADP,mo,4143,war
4139,den,der,DET,nk,4142,Gesprächen
4140,ersten,erster,ADJ,nk,4142,Gesprächen
4141,allgemeinen,allgemein,ADJ,nk,4142,Gesprächen
4142,Gesprächen,Gespräch,NOUN,nk,4138,Nach
4143,war,sein,AUX,ROOT,4143,war
4144,das,der,DET,nk,4145,Auge
4145,Auge,Auge,NOUN,sb,4143,war
4146,des,der,DET,nk,4147,Alten
4147,Alten,alte,ADJ,ag,4145,Auge
4148,aber,aber,ADV,mo,4143,war
4149,unverwandt,unverwandt,ADV,mo,4153,gerichtet
4150,auf,auf,ADP,mo,4153,gerichtet
4151,die,der,DET,nk,4152,Braut
4152,Braut,Braut,NOUN,nk,4150,auf
4153,gerichtet,richten,VERB,ROOT,4153,gerichtet
4154,",",--,PUNCT,punct,4153,gerichtet
4155,welche,welcher,PRON,oa,4159,getreten
4156,später,spät,ADV,mo,4159,getreten
4157,zur,zu,ADP,op,4159,getreten
4158,Gesellschaft,Gesellschaft,NOUN,nk,4157,zur
4159,getreten,treten,VERB,rc,4152,Braut
4160,war,sein,AUX,ROOT,4160,war
4161,;,--,PUNCT,punct,4160,war
4162,er,er,PRON,sb,4163,schien
4163,schien,scheinen,VERB,ROOT,4163,schien
4164,entzückt,entzückt,VERB,oc,4163,schien
4165,und,und,CCONJ,cd,4163,schien
4166,man,man,PRON,sb,4167,bemerkte
4167,bemerkte,bemerken,VERB,cj,4165,und
4168,",",--,PUNCT,punct,4167,bemerkte
4169,daß,daß,SCONJ,cp,4170,er
4170,er,er,PRON,oc,4167,bemerkte
4171,eine,ein,DET,nk,4172,Träne
4172,Träne,Träne,NOUN,oa,4173,heimlich
4173,heimlich,heimlich,ADV,mo,4167,bemerkte
4174,abzutrocknen,abzutrocknen,VERB,oc,4175,suchte
4175,suchte,suchen,VERB,ROOT,4175,suchte
4176,.,--,PUNCT,punct,4175,suchte
4177,Der,der,DET,nk,4178,Bräutigam
4178,Bräutigam,Bräutigam,NOUN,sb,4179,freute
4179,freute,freuen,VERB,ROOT,4179,freute
4180,sich,sich,PRON,oa,4179,freute
4181,an,an,ADP,mo,4179,freute
4182,seiner,sein,DET,nk,4183,Freude
4183,Freude,Freude,NOUN,nk,4181,an
4184,",",--,PUNCT,punct,4179,freute
4185,und,und,CCONJ,cd,4179,freute
4186,als,als,SCONJ,cj,4185,und
4187,sie,sie,PRON,nk,4186,als
4188,nach,nach,ADP,mo,4194,standen
4189,einiger,einiger,DET,nk,4190,Zeit
4190,Zeit,Zeit,NOUN,nk,4188,nach
4191,abseits,abseits,ADV,mo,4194,standen
4192,am,an,ADP,mo,4194,standen
4193,Fenster,Fenster,NOUN,nk,4192,am
4194,standen,stehen,VERB,mo,4196,nahm
4195,",",--,PUNCT,punct,4196,nahm
4196,nahm,nehmen,VERB,ROOT,4196,nahm
4197,er,er,PRON,sb,4196,nahm
4198,die,der,DET,nk,4199,Hand
4199,Hand,Hand,NOUN,oa,4196,nahm
4200,des,der,DET,nk,4201,Alten
4201,Alten,alte,ADJ,ag,4199,Hand
4202,und,und,CCONJ,cd,4196,nahm
4203,fragte,fragen,VERB,ROOT,4203,fragte
4204,ihn,ihn,PRON,oa,4203,fragte
4205,:,--,PUNCT,punct,4203,fragte
4206,»,--,PUNCT,punct,4208,sagen
4207,Was,was,PRON,oa,4208,sagen
4208,sagen,sagen,VERB,oc,4203,fragte
4209,Sie,sie,PRON,sb,4208,sagen
4210,von,von,ADP,mo,4208,sagen
4211,meiner,mein,DET,nk,4213,Julie
4212,geliebten,geliebt,ADJ,nk,4213,Julie
4213,Julie,Julie,NOUN,nk,4210,von
4214,?,--,PUNCT,punct,4203,fragte
4215,Ist,sein,AUX,ROOT,4215,Ist
4216,sie,sie,PRON,sb,4215,Ist
4217,nicht,nicht,PART,ng,4215,Ist
4218,ein,ein,DET,nk,4219,Engel
4219,Engel,Engel,NOUN,pd,4215,Ist
4220,?,--,PUNCT,punct,4215,Ist
4221,«,--,PUNCT,ROOT,4221,«
4222,–,--,PUNCT,punct,4224,O
4223,»,--,PUNCT,punct,4224,O
4224,O,O,PROPN,sb,4226,Freund
4225,mein,mein,DET,nk,4226,Freund
4226,Freund,Freund,NOUN,oc,4229,erwiderte
4227,«,--,PUNCT,punct,4226,Freund
4228,",",--,PUNCT,punct,4229,erwiderte
4229,erwiderte,erwidern,VERB,ROOT,4229,erwiderte
4230,der,der,DET,nk,4231,Alte
4231,Alte,alte,NOUN,sb,4229,erwiderte
4232,gerührt,rühren,VERB,mo,4229,erwiderte
4233,",",--,PUNCT,punct,4229,erwiderte
4234,»,--,PUNCT,punct,4237,Schönheit
4235,eine,ein,DET,nk,4237,Schönheit
4236,solche,solcher,DET,nk,4237,Schönheit
4237,Schönheit,Schönheit,NOUN,oa,4229,erwiderte
4238,und,und,CCONJ,cd,4237,Schönheit
4239,Anmut,Anmut,PROPN,oa,4244,gesehn
4240,habe,haben,VERB,ROOT,4240,habe
4241,ich,ich,PRON,sb,4240,habe
4242,noch,noch,ADV,mo,4243,niemals
4243,niemals,niemals,ADV,mo,4244,gesehn
4244,gesehn,gesehn,ADV,oc,4240,habe
4245,;,--,PUNCT,punct,4240,habe
4246,oder,oder,CCONJ,ju,4248,sollte
4247,ich,ich,PRON,sb,4248,sollte
4248,sollte,sollen,AUX,ROOT,4248,sollte
4249,vielmehr,vielmehr,ADV,mo,4248,sollte
4250,sagen,sagen,VERB,oc,4248,sollte
4251,",",--,PUNCT,punct,4250,sagen
4252,(,--,PUNCT,punct,4248,sollte
4253,denn,denn,CCONJ,cd,4248,sollte
4254,dieser,dieser,DET,nk,4255,Ausdruck
4255,Ausdruck,Ausdruck,NOUN,sb,4256,ist
4256,ist,sein,AUX,ROOT,4256,ist
4257,unrichtig,unrichtig,ADV,pd,4256,ist
4258,),--,PUNCT,punct,4256,ist
4259,sie,sie,PRON,sb,4260,ist
4260,ist,sein,AUX,ROOT,4260,ist
4261,so,so,ADV,mo,4262,schön
4262,schön,schön,ADV,pd,4260,ist
4263,",",--,PUNCT,punct,4260,ist
4264,so,so,ADV,mo,4265,bezaubernd
4265,bezaubernd,bezaubernd,ADV,mo,4268,himmlisch
4266,",",--,PUNCT,punct,4267,so
4267,so,so,ADV,mo,4268,himmlisch
4268,himmlisch,himmlisch,ADV,pd,4260,ist
4269,",",--,PUNCT,punct,4268,himmlisch
4270,daß,daß,SCONJ,cp,4272,ist
4271,mir,mir,PRON,da,4272,ist
4272,ist,sein,AUX,ROOT,4272,ist
4273,",",--,PUNCT,punct,4272,ist
4274,als,als,SCONJ,cm,4275,hätte
4275,hätte,haben,VERB,re,4285,so
4276,ich,ich,PRON,sb,4275,hätte
4277,sie,sie,PRON,oa,4279,gekannt
4278,längst,längst,ADV,mo,4279,gekannt
4279,gekannt,kennen,VERB,oc,4275,hätte
4280,",",--,PUNCT,punct,4279,gekannt
4281,als,als,SCONJ,cm,4282,wäre
4282,wäre,sein,AUX,cc,4278,längst
4283,sie,sie,PRON,sb,4282,wäre
4284,",",--,PUNCT,punct,4285,so
4285,so,so,ADV,mo,4286,fremd
4286,fremd,fremd,ADV,pd,4272,ist
4287,sie,sie,PRON,sb,4286,fremd
4288,mir,mir,PRON,da,4286,fremd
4289,ist,sein,AUX,ROOT,4289,ist
4290,",",--,PUNCT,punct,4289,ist
4291,das,der,DET,nk,4293,Bild
4292,vertrauteste,vertrautest,ADJ,nk,4293,Bild
4293,Bild,Bild,NOUN,sb,4289,ist
4294,meiner,mein,DET,nk,4295,Imagination
4295,Imagination,Imagination,NOUN,ag,4293,Bild
4296,",",--,PUNCT,punct,4295,Imagination
4297,das,der,PRON,app,4293,Bild
4298,meinem,mein,DET,nk,4299,Herzen
4299,Herzen,Herz,NOUN,nk,4300,stets
4300,stets,stets,ADV,mo,4289,ist
4301,einheimisch,einheimisch,ADV,pd,4302,gewesen
4302,gewesen,sein,AUX,ROOT,4302,gewesen
4303,.,--,PUNCT,punct,4302,gewesen
4304,«,--,PUNCT,ROOT,4304,«
4305,»,--,PUNCT,punct,4307,verstehe
4306,Ich,ich,PRON,sb,4307,verstehe
4307,verstehe,verstehen,VERB,oc,4311,sagte
4308,Sie,sie,PRON,oa,4307,verstehe
4309,«,--,PUNCT,punct,4307,verstehe
4310,",",--,PUNCT,punct,4311,sagte
4311,sagte,sagen,VERB,ROOT,4311,sagte
4312,der,der,DET,nk,4313,Jüngling
4313,Jüngling,Jüngling,NOUN,sb,4311,sagte
4314,;,--,PUNCT,punct,4311,sagte
4315,»,--,PUNCT,punct,4319,Schöne
4316,ja,ja,ADV,mo,4319,Schöne
4317,das,der,DET,nk,4319,Schöne
4318,wahrhaft,wahrhaft,ADV,mo,4319,Schöne
4319,Schöne,schön,NOUN,ROOT,4319,Schöne
4320,",",--,PUNCT,punct,4319,Schöne
4321,Große,große,NOUN,cj,4319,Schöne
4322,und,und,CCONJ,cd,4321,Große
4323,Erhabene,erhabene,NOUN,sb,4335,überrascht
4324,",",--,PUNCT,punct,4323,Erhabene
4325,so,so,ADV,mo,4323,Erhabene
4326,wie,wie,SCONJ,cm,4333,setzt
4327,es,es,PRON,ep,4333,setzt
4328,uns,uns,PRON,oa,4333,setzt
4329,in,in,ADP,mo,4333,setzt
4330,Erstaunen,erstaunen,NOUN,nk,4329,in
4331,und,und,CCONJ,cd,4330,Erstaunen
4332,Verwunderung,Verwunderung,NOUN,cj,4331,und
4333,setzt,setzen,VERB,cc,4325,so
4334,",",--,PUNCT,punct,4335,überrascht
4335,überrascht,überraschen,VERB,ROOT,4335,überrascht
4336,uns,uns,PRON,oa,4335,überrascht
4337,doch,doch,CCONJ,ROOT,4337,doch
4338,nicht,nicht,PART,ng,4341,Fremdes
4339,als,als,ADP,cj,4337,doch
4340,etwas,etwas,DET,nk,4341,Fremdes
4341,Fremdes,fremde,NOUN,nk,4339,als
4342,",",--,PUNCT,punct,4341,Fremdes
4343,Unerhörtes,Unerhört,NOUN,cj,4341,Fremdes
4344,und,und,CCONJ,cd,4343,Unerhörtes
4345,Niegesehenes,Niegesehen,NOUN,cj,4344,und
4346,",",--,PUNCT,punct,4341,Fremdes
4347,sondern,sondern,CCONJ,cd,4341,Fremdes
4348,unser,unser,DET,cj,4347,sondern
4349,eigenstes,eigenst,ADJ,nk,4350,Wesen
4350,Wesen,Wesen,NOUN,sb,4351,wird
4351,wird,werden,AUX,ROOT,4351,wird
4352,uns,uns,PRON,dep,4351,wird
4353,in,in,ADP,mo,4351,wird
4354,solchen,solcher,DET,nk,4355,Augenblicken
4355,Augenblicken,Augenblick,NOUN,nk,4353,in
4356,klar,klar,ADV,pd,4351,wird
4357,",",--,PUNCT,punct,4356,klar
4358,unsre,unsr,ADJ,cj,4356,klar
4359,tiefsten,Tiefste,NOUN,punct,4351,wird
4360,Erinnerungen,Erinnerung,NOUN,oc,4361,werden
4361,werden,werden,AUX,ROOT,4361,werden
4362,erweckt,erwecken,VERB,oc,4361,werden
4363,",",--,PUNCT,punct,4361,werden
4364,und,und,CCONJ,cd,4361,werden
4365,unsre,unsr,ADJ,nk,4367,Empfindungen
4366,nächsten,nächster,ADJ,nk,4367,Empfindungen
4367,Empfindungen,Empfindung,NOUN,cj,4364,und
4368,lebendig,lebendig,ADV,mo,4369,gemacht
4369,gemacht,machen,VERB,oc,4361,werden
4370,.,--,PUNCT,punct,4361,werden
4371,«,--,PUNCT,ROOT,4371,«
4372,Beim,bei,ADP,mo,4374,nahm
4373,Abendessen,Abendessen,NOUN,nk,4372,Beim
4374,nahm,nehmen,VERB,ROOT,4374,nahm
4375,der,der,DET,nk,4376,Fremde
4376,Fremde,Fremde,NOUN,sb,4374,nahm
4377,an,an,ADP,mo,4374,nahm
4378,den,der,DET,nk,4379,Gesprächen
4379,Gesprächen,Gespräch,NOUN,nk,4377,an
4380,nur,nur,ADV,mo,4381,wenigen
4381,wenigen,weniger,DET,nk,4382,Anteil
4382,Anteil,Anteil,NOUN,oa,4374,nahm
4383,;,--,PUNCT,punct,4374,nahm
4384,sein,sein,AUX,ROOT,4384,sein
4385,Blick,Blick,NOUN,sb,4386,war
4386,war,sein,AUX,ROOT,4386,war
4387,unverwandt,unverwandt,ADV,mo,4391,geheftet
4388,auf,auf,ADP,op,4391,geheftet
4389,die,der,DET,nk,4390,Braut
4390,Braut,Braut,NOUN,nk,4388,auf
4391,geheftet,heften,VERB,oc,4386,war
4392,",",--,PUNCT,punct,4386,war
4393,so,so,ADV,mo,4397,verlegen
4394,daß,daß,SCONJ,cp,4397,verlegen
4395,diese,dieser,PRON,sb,4397,verlegen
4396,endlich,endlich,ADV,mo,4397,verlegen
4397,verlegen,verlegen,ADV,mo,4386,war
4398,und,und,CCONJ,cd,4397,verlegen
4399,ängstlich,ängstlich,ADV,pd,4400,wurde
4400,wurde,werden,AUX,ROOT,4400,wurde
4401,.,--,PUNCT,punct,4400,wurde
4402,Der,der,DET,nk,4403,Offizier
4403,Offizier,Offizier,NOUN,sb,4404,erzählte
4404,erzählte,erzählen,VERB,ROOT,4404,erzählte
4405,von,von,ADP,mo,4404,erzählte
4406,einem,ein,DET,nk,4407,Feldzuge
4407,Feldzuge,Feldzug,NOUN,nk,4405,von
4408,",",--,PUNCT,punct,4407,Feldzuge
4409,dem,der,PRON,oa,4411,beigewohnt
4410,er,er,PRON,sb,4411,beigewohnt
4411,beigewohnt,beigewohnen,VERB,rc,4407,Feldzuge
4412,hatte,haben,AUX,ROOT,4412,hatte
4413,",",--,PUNCT,punct,4412,hatte
4414,der,der,DET,nk,4416,Kaufmann
4415,reiche,reich,ADJ,nk,4416,Kaufmann
4416,Kaufmann,Kaufmann,NOUN,sb,4417,sprach
4417,sprach,sprechen,VERB,cj,4412,hatte
4418,von,von,ADP,op,4417,sprach
4419,seinen,sein,DET,nk,4420,Geschäften
4420,Geschäften,Geschäft,NOUN,nk,4418,von
4421,und,und,CCONJ,cd,4420,Geschäften
4422,der,der,DET,nk,4423,schlechten
4423,schlechten,Schlecht,NOUN,cj,4421,und
4424,Zeit,Zeit,NOUN,ROOT,4424,Zeit
4425,",",--,PUNCT,punct,4424,Zeit
4426,und,und,CCONJ,cd,4424,Zeit
4427,der,der,DET,nk,4428,Gutsbesitzer
4428,Gutsbesitzer,Gutsbesitzer,NOUN,cj,4426,und
4429,von,von,ADP,ROOT,4429,von
4430,den,der,DET,nk,4431,Verbesserungen
4431,Verbesserungen,Verbesserung,NOUN,nk,4429,von
4432,",",--,PUNCT,punct,4431,Verbesserungen
4433,welche,welcher,PRON,ROOT,4433,welche
4434,er,er,PRON,nk,4433,welche
4435,in,in,ADP,mnr,4433,welche
4436,seiner,sein,DET,nk,4435,in
4437,Landwirtschaft,Landwirtschaft,NOUN,sb,4439,hatte
4438,angefangen,anfangen,VERB,oc,4439,hatte
4439,hatte,haben,AUX,ROOT,4439,hatte
4440,.,--,PUNCT,punct,4439,hatte
4441,Nach,nach,ADP,mo,4443,empfahl
4442,Tische,Tisch,NOUN,nk,4441,Nach
4443,empfahl,empfehlen,VERB,ROOT,4443,empfahl
4444,sich,sich,PRON,oa,4443,empfahl
4445,der,der,DET,nk,4446,Bräutigam
4446,Bräutigam,Bräutigam,NOUN,sb,4443,empfahl
4447,",",--,PUNCT,punct,4443,empfahl
4448,um,um,SCONJ,punct,4443,empfahl
4449,zum,zu,ADP,mo,4443,empfahl
4450,letztenmal,Letztenmal,NOUN,nk,4449,zum
4451,in,in,ADP,mnr,4450,letztenmal
4452,seine,sein,DET,nk,4453,einsame
4453,einsame,einsam,NOUN,nk,4451,in
4454,Wohnung,Wohnung,NOUN,oa,4455,zurückzukehren
4455,zurückzukehren,zurückkehren,VERB,ROOT,4455,zurückzukehren
4456,;,--,PUNCT,punct,4455,zurückzukehren
4457,denn,denn,CCONJ,ju,4459,sollte
4458,künftig,künftig,ADV,mo,4459,sollte
4459,sollte,sollen,AUX,ROOT,4459,sollte
4460,er,er,PRON,sb,4459,sollte
4461,mit,mit,ADP,mo,4459,sollte
4462,seiner,sein,DET,nk,4464,Frau
4463,jungen,jung,ADJ,nk,4464,Frau
4464,Frau,Frau,NOUN,nk,4461,mit
4465,im,in,ADP,mo,4459,sollte
4466,Hause,Haus,NOUN,nk,4465,im
4467,der,der,DET,nk,4468,Mutter
4468,Mutter,Mutter,NOUN,da,4469,wohnen
4469,wohnen,wohnen,VERB,ROOT,4469,wohnen
4470,",",--,PUNCT,punct,4469,wohnen
4471,ihre,ihr,DET,nk,4472,Zimmer
4472,Zimmer,Zimmer,NOUN,sb,4473,waren
4473,waren,sein,AUX,oc,4469,wohnen
4474,schon,schon,ADV,mo,4475,eingerichtet
4475,eingerichtet,einrichten,VERB,oc,4473,waren
4476,.,--,PUNCT,punct,4469,wohnen
4477,Die,der,DET,nk,4478,Gesellschaft
4478,Gesellschaft,Gesellschaft,NOUN,ROOT,4478,Gesellschaft
4479,zerstreute,zerstreuen,VERB,ROOT,4479,zerstreute
4480,sich,sich,PRON,oa,4479,zerstreute
4481,",",--,PUNCT,punct,4479,zerstreute
4482,und,und,CCONJ,cd,4479,zerstreute
4483,Leopold,Leopold,PROPN,sb,4484,führte
4484,führte,führen,VERB,cj,4482,und
4485,den,der,DET,nk,4486,Fremden
4486,Fremden,fremde,NOUN,da,4484,führte
4487,nach,nach,ADP,mo,4484,führte
4488,seinem,sein,DET,nk,4489,Gemach
4489,Gemach,Gemach,NOUN,nk,4487,nach
4490,.,--,PUNCT,punct,4479,zerstreute
4491,»,--,PUNCT,punct,4492,Ihr
4492,Ihr,ihr,PRON,ROOT,4492,Ihr
4493,entschuldigt,entschuldigen,VERB,mo,4498,fing
4494,es,es,PRON,oa,4493,entschuldigt
4495,wohl,wohl,ADV,mo,4493,entschuldigt
4496,«,--,PUNCT,punct,4493,entschuldigt
4497,",",--,PUNCT,punct,4498,fing
4498,fing,fing,VERB,ROOT,4498,fing
4499,er,er,PRON,sb,4498,fing
4500,auf,auf,ADP,mo,4498,fing
4501,dem,der,DET,nk,4502,Gange
4502,Gange,Gang,NOUN,nk,4500,auf
4503,an,an,ADP,svp,4498,fing
4504,",",--,PUNCT,punct,4498,fing
4505,»,--,PUNCT,punct,4510,hausen
4506,daß,daß,SCONJ,cp,4510,hausen
4507,Ihr,ihr,PRON,nk,4510,hausen
4508,etwas,etwas,PRON,oa,4509,entfernt
4509,entfernt,entfernt,ADV,mo,4510,hausen
4510,hausen,hausen,PROPN,dep,4498,fing
4511,müßt,müßen,VERB,ROOT,4511,müßt
4512,",",--,PUNCT,punct,4511,müßt
4513,und,und,CCONJ,cd,4511,müßt
4514,nicht,nicht,PART,ng,4516,bequem
4515,so,so,ADV,mo,4516,bequem
4516,bequem,bequem,ADV,cj,4513,und
4517,",",--,PUNCT,punct,4516,bequem
4518,als,als,SCONJ,cp,4521,wünscht
4519,die,der,DET,nk,4520,Mutter
4520,Mutter,Mutter,NOUN,sb,4521,wünscht
4521,wünscht,wünschen,VERB,cc,4515,so
4522,;,--,PUNCT,punct,4511,müßt
4523,aber,aber,CCONJ,ju,4525,seht
4524,Ihr,ihr,PRON,sb,4525,seht
4525,seht,sehen,VERB,ROOT,4525,seht
4526,selbst,selbst,ADV,mo,4525,seht
4527,",",--,PUNCT,punct,4525,seht
4528,wie,wie,ADV,mo,4525,seht
4529,zahlreich,zahlreich,ADV,mo,4530,unsre
4530,unsre,unsr,ADJ,nk,4531,Familie
4531,Familie,Familie,NOUN,pd,4532,ist
4532,ist,sein,AUX,ROOT,4532,ist
4533,",",--,PUNCT,punct,4532,ist
4534,und,und,CCONJ,cd,4532,ist
4535,morgen,morgen,ADV,cj,4534,und
4536,kommen,kommen,VERB,cj,4534,und
4537,noch,noch,ADV,mo,4539,Verwandte
4538,andre,andre,ADJ,nk,4539,Verwandte
4539,Verwandte,verwandte,NOUN,sb,4536,kommen
4540,.,--,PUNCT,punct,4532,ist
4541,Wenigstens,wenigstens,ADV,ROOT,4541,Wenigstens
4542,werdet,werden,VERB,ROOT,4542,werdet
4543,Ihr,ihr,PRON,sb,4542,werdet
4544,uns,sich,PRON,oa,4547,können
4545,nicht,nicht,PART,ng,4542,werdet
4546,entlaufen,entlaufen,VERB,oc,4547,können
4547,können,können,AUX,oc,4542,werdet
4548,",",--,PUNCT,punct,4542,werdet
4549,denn,denn,CCONJ,cd,4542,werdet
4550,Ihr,ihr,PRON,sb,4551,findet
4551,findet,finden,VERB,cj,4549,denn
4552,Euch,euch,PRON,oa,4551,findet
4553,gewiß,gewiß,ADV,mo,4551,findet
4554,nicht,nicht,PART,ng,4551,findet
4555,aus,aus,ADP,mo,4551,findet
4556,dem,der,DET,nk,4555,aus
4557,weitläufigen,weitläufig,ADJ,nk,4558,Gebäude
4558,Gebäude,Gebäude,NOUN,ROOT,4558,Gebäude
4559,heraus,heraus,ADV,mo,4558,Gebäude
4560,.,--,PUNCT,punct,4558,Gebäude
4561,«,--,PUNCT,ROOT,4561,«
4562,Sie,sie,PRON,sb,4563,gingen
4563,gingen,gehen,VERB,ROOT,4563,gingen
4564,noch,noch,ADV,mo,4563,gingen
4565,durch,durch,ADP,mo,4563,gingen
4566,einige,einiger,DET,nk,4567,Gänge
4567,Gänge,Gang,NOUN,nk,4565,durch
4568,;,--,PUNCT,punct,4563,gingen
4569,endlich,endlich,ADV,mo,4570,entfernte
4570,entfernte,entfernen,VERB,ROOT,4570,entfernte
4571,sich,sich,PRON,oa,4570,entfernte
4572,Leopold,Leopold,PROPN,sb,4570,entfernte
4573,und,und,CCONJ,cd,4570,entfernte
4574,wünschte,wünschen,VERB,cj,4573,und
4575,gute,gut,ADJ,nk,4576,Nacht
4576,Nacht,Nacht,NOUN,ROOT,4576,Nacht
4577,.,--,PUNCT,punct,4576,Nacht
4578,Der,der,DET,nk,4579,Bediente
4579,Bediente,Bediente,NOUN,sb,4580,stellte
4580,stellte,stellen,VERB,ROOT,4580,stellte
4581,zwei,zwei,NUM,nk,4582,Wachskerzen
4582,Wachskerzen,Wachskerz,NOUN,oa,4580,stellte
4583,hin,hin,ADV,svp,4580,stellte
4584,",",--,PUNCT,punct,4585,fragte
4585,fragte,fragen,VERB,cj,4580,stellte
4586,",",--,PUNCT,punct,4585,fragte
4587,ob,ob,SCONJ,mo,4585,fragte
4588,er,er,PRON,sb,4585,fragte
4589,den,der,DET,oa,4585,fragte
4590,Fremden,fremde,NOUN,oa,4591,entkleiden
4591,entkleiden,entkleiden,VERB,oc,4592,solle
4592,solle,sollen,AUX,ROOT,4592,solle
4593,",",--,PUNCT,punct,4592,solle
4594,und,und,CCONJ,cd,4592,solle
4595,da,da,SCONJ,cp,4599,verbat
4596,dieser,dieser,PRON,sb,4599,verbat
4597,jede,jeder,DET,nk,4598,Bedienung
4598,Bedienung,Bedienung,NOUN,oa,4599,verbat
4599,verbat,verbat,VERB,mo,4601,zog
4600,",",--,PUNCT,punct,4601,zog
4601,zog,ziehen,VERB,cj,4594,und
4602,sich,sich,PRON,oa,4601,zog
4603,jener,jener,PRON,sb,4601,zog
4604,zurück,zurück,ADV,ROOT,4604,zurück
4605,",",--,PUNCT,punct,4608,befand
4606,und,und,CCONJ,ju,4608,befand
4607,er,er,PRON,sb,4608,befand
4608,befand,befinden,VERB,ROOT,4608,befand
4609,sich,sich,PRON,oa,4608,befand
4610,allein,allein,ADV,mo,4608,befand
4611,.,--,PUNCT,punct,4608,befand
4612,»,--,PUNCT,punct,4614,muß
4613,Wie,wie,ADV,mo,4614,muß
4614,muß,müssen,AUX,oc,4621,sagte
4615,es,es,PRON,sb,4614,muß
4616,mir,mir,PRON,da,4618,begegnen
4617,denn,denn,ADV,mo,4614,muß
4618,begegnen,begegnen,VERB,oc,4614,muß
4619,«,--,PUNCT,punct,4614,muß
4620,",",--,PUNCT,punct,4621,sagte
4621,sagte,sagen,VERB,ROOT,4621,sagte
4622,er,er,PRON,sb,4621,sagte
4623,",",--,PUNCT,punct,4621,sagte
4624,indem,indem,SCONJ,cp,4629,ging
4625,er,er,PRON,sb,4629,ging
4626,auf,auf,ADP,mo,4629,ging
4627,und,und,CCONJ,cd,4626,auf
4628,nieder,nieder,ADV,cj,4627,und
4629,ging,gehen,VERB,ROOT,4629,ging
4630,",",--,PUNCT,punct,4629,ging
4631,»,--,PUNCT,punct,4637,heut
4632,daß,daß,SCONJ,cp,4637,heut
4633,jenes,jener,DET,nk,4634,Bildnis
4634,Bildnis,Bildnis,NOUN,sb,4637,heut
4635,so,so,ADV,mo,4636,lebhaft
4636,lebhaft,lebhaft,ADV,mo,4637,heut
4637,heut,heuen,ADV,mo,4629,ging
4638,aus,aus,ADP,mo,4637,heut
4639,meinem,mein,DET,nk,4638,aus
4640,Herzen,Herz,NOUN,oa,4641,quillt
4641,quillt,quillen,VERB,ROOT,4641,quillt
4642,?,--,PUNCT,punct,4641,quillt
4643,Ich,ich,PRON,sb,4644,vergaß
4644,vergaß,vergessen,VERB,ROOT,4644,vergaß
4645,die,der,DET,nk,4647,Vergangenheit
4646,ganze,ganz,ADJ,nk,4647,Vergangenheit
4647,Vergangenheit,Vergangenheit,NOUN,oa,4644,vergaß
4648,und,und,CCONJ,cd,4644,vergaß
4649,glaubte,glauben,VERB,cj,4648,und
4650,sie,sie,PRON,oa,4649,glaubte
4651,selbst,selbst,ADV,mo,4649,glaubte
4652,zu,zu,ADP,svp,4649,glaubte
4653,sehn,sehn,NUM,ROOT,4653,sehn
4654,.,--,PUNCT,punct,4653,sehn
4655,Ich,ich,PRON,sb,4656,war
4656,war,sein,AUX,ROOT,4656,war
4657,wieder,wieder,ADV,mo,4656,war
4658,jung,jung,ADV,pd,4656,war
4659,und,und,CCONJ,cd,4656,war
4660,ihr,ihr,DET,nk,4661,Ton
4661,Ton,Ton,NOUN,sb,4662,erklang
4662,erklang,erklingen,VERB,cj,4659,und
4663,wie,wie,ADP,cm,4664,damals
4664,damals,damals,ADV,cc,4662,erklang
4665,;,--,PUNCT,punct,4656,war
4666,mir,mir,PRON,da,4667,dünkte
4667,dünkte,dünken,VERB,ROOT,4667,dünkte
4668,",",--,PUNCT,punct,4667,dünkte
4669,ich,ich,PRON,sb,4670,sei
4670,sei,sein,AUX,oc,4667,dünkte
4671,aus,aus,ADP,mo,4675,erwacht
4672,einem,ein,DET,nk,4674,Traum
4673,schweren,schwer,ADJ,nk,4674,Traum
4674,Traum,Traum,NOUN,nk,4671,aus
4675,erwacht,erwachen,VERB,ROOT,4675,erwacht
4676,;,--,PUNCT,punct,4675,erwacht
4677,aber,aber,CCONJ,ju,4681,bin
4678,nein,nein,PART,dm,4681,bin
4679,",",--,PUNCT,punct,4681,bin
4680,jetzt,jetzt,ADV,mo,4681,bin
4681,bin,sein,AUX,ROOT,4681,bin
4682,ich,ich,PRON,sb,4681,bin
4683,erwacht,erwachen,VERB,pd,4681,bin
4684,",",--,PUNCT,punct,4681,bin
4685,und,und,CCONJ,cd,4681,bin
4686,die,der,PRON,ROOT,4686,die
4687,holde,Holde,ADJ,nk,4688,Täuschung
4688,Täuschung,Täuschung,NOUN,sb,4689,war
4689,war,sein,AUX,ROOT,4689,war
4690,nur,nur,ADV,mo,4693,Traum
4691,ein,ein,DET,nk,4693,Traum
4692,süßer,süß,ADJ,nk,4693,Traum
4693,Traum,Traum,NOUN,pd,4689,war
4694,.,--,PUNCT,punct,4689,war
4695,«,--,PUNCT,punct,4689,war
4696,Er,er,PRON,sb,4697,war
4697,war,sein,AUX,ROOT,4697,war
4698,zu,zu,PART,mo,4699,unruhig
4699,unruhig,unruhig,ADV,pd,4697,war
4700,",",--,PUNCT,punct,4699,unruhig
4701,um,um,SCONJ,cp,4703,schlafen
4702,zu,zu,PART,pm,4703,schlafen
4703,schlafen,schlafen,VERB,mo,4699,unruhig
4704,",",--,PUNCT,punct,4703,schlafen
4705,er,er,PRON,sb,4706,betrachtete
4706,betrachtete,betrachten,VERB,cj,4703,schlafen
4707,einige,einiger,DET,nk,4708,Zeichnungen
4708,Zeichnungen,Zeichnung,NOUN,oa,4706,betrachtete
4709,an,an,ADP,mnr,4708,Zeichnungen
4710,den,der,DET,nk,4709,an
4711,Wänden,Wände,NOUN,ROOT,4711,Wänden
4712,und,und,CCONJ,cd,4711,Wänden
4713,dann,dann,ADV,mo,4715,Zimmer
4714,das,der,DET,nk,4715,Zimmer
4715,Zimmer,Zimmer,NOUN,cj,4712,und
4716,.,--,PUNCT,punct,4711,Wänden
4717,»,--,PUNCT,punct,4719,ist
4718,Heute,heute,ADV,mo,4719,ist
4719,ist,sein,AUX,oc,4726,rief
4720,mir,mir,PRON,da,4719,ist
4721,alles,alle,PRON,sb,4719,ist
4722,so,so,ADV,mo,4723,bekannt
4723,bekannt,bekannt,ADV,pd,4719,ist
4724,«,--,PUNCT,punct,4719,ist
4725,",",--,PUNCT,punct,4726,rief
4726,rief,rufen,VERB,ROOT,4726,rief
4727,er,er,PRON,sb,4726,rief
4728,aus,aus,ADP,svp,4726,rief
4729,",",--,PUNCT,punct,4726,rief
4730,»,--,PUNCT,punct,4731,könnt
4731,könnt,können,VERB,ROOT,4731,könnt
4732,ich,ich,PRON,sb,4731,könnt
4733,mich,sich,PRON,oa,4731,könnt
4734,doch,doch,ADV,mo,4731,könnt
4735,fast,fast,ADV,mo,4736,so
4736,so,so,ADV,mo,4737,täuschen
4737,täuschen,täuschen,VERB,oc,4731,könnt
4738,",",--,PUNCT,punct,4737,täuschen
4739,daß,daß,SCONJ,cp,4742,einbildete
4740,ich,ich,PRON,sb,4742,einbildete
4741,mir,sich,PRON,da,4742,einbildete
4742,einbildete,einbilden,VERB,cc,4736,so
4743,",",--,PUNCT,punct,4742,einbildete
4744,dieses,dieser,DET,nk,4745,Haus
4745,Haus,Haus,NOUN,app,4732,ich
4746,und,und,CCONJ,cd,4745,Haus
4747,dieses,dieser,DET,nk,4748,Gemach
4748,Gemach,Gemach,NOUN,sb,4749,seien
4749,seien,sein,AUX,ROOT,4749,seien
4750,mir,mir,PRON,da,4752,fremd
4751,nicht,nicht,PART,ng,4749,seien
4752,fremd,fremd,ADV,pd,4749,seien
4753,.,--,PUNCT,punct,4749,seien
4754,«,--,PUNCT,punct,4749,seien
4755,Er,er,PRON,sb,4756,suchte
4756,suchte,suchen,VERB,ROOT,4756,suchte
4757,seine,sein,DET,nk,4758,Erinnerungen
4758,Erinnerungen,Erinnerung,NOUN,oa,4759,anzuknüpfen
4759,anzuknüpfen,anzuknüpfen,VERB,oc,4756,suchte
4760,",",--,PUNCT,punct,4756,suchte
4761,und,und,CCONJ,ju,4762,hob
4762,hob,heben,VERB,ROOT,4762,hob
4763,einige,einiger,DET,nk,4765,Bücher
4764,große,groß,ADJ,nk,4765,Bücher
4765,Bücher,Buch,NOUN,oa,4762,hob
4766,auf,auf,ADP,svp,4762,hob
4767,",",--,PUNCT,punct,4762,hob
4768,welche,welcher,PRON,sb,4772,standen
4769,in,in,ADP,mo,4772,standen
4770,der,der,DET,nk,4771,Ecke
4771,Ecke,Ecke,NOUN,nk,4769,in
4772,standen,stehen,VERB,rc,4763,einige
4773,.,--,PUNCT,punct,4762,hob
4774,Als,als,SCONJ,ROOT,4774,Als
4775,er,er,PRON,sb,4774,Als
4776,sie,sie,PRON,ROOT,4776,sie
4777,durchblättert,durchblättern,VERB,oc,4778,hatte
4778,hatte,haben,AUX,mo,4780,schüttelte
4779,",",--,PUNCT,punct,4780,schüttelte
4780,schüttelte,schütteln,VERB,ROOT,4780,schüttelte
4781,er,er,PRON,sb,4780,schüttelte
4782,mit,mit,ADP,mo,4780,schüttelte
4783,dem,der,DET,nk,4784,Kopfe
4784,Kopfe,Kopf,NOUN,nk,4782,mit
4785,.,--,PUNCT,punct,4780,schüttelte
4786,Ein,ein,DET,nk,4787,Lautenfutteral
4787,Lautenfutteral,Lautenfutteral,NOUN,sb,4788,lehnte
4788,lehnte,lehnen,VERB,ROOT,4788,lehnte
4789,an,an,ADP,svp,4788,lehnte
4790,der,der,DET,nk,4791,Mauer
4791,Mauer,Mauer,NOUN,ROOT,4791,Mauer
4792,;,--,PUNCT,punct,4791,Mauer
4793,er,er,PRON,sb,4794,eröffnete
4794,eröffnete,eröffnen,VERB,ROOT,4794,eröffnete
4795,es,es,PRON,oa,4794,eröffnete
4796,und,und,CCONJ,cd,4794,eröffnete
4797,nahm,nehmen,VERB,cj,4796,und
4798,ein,ein,DET,nk,4801,Instrument
4799,altes,alt,ADJ,nk,4801,Instrument
4800,seltsames,seltsam,ADJ,nk,4801,Instrument
4801,Instrument,Instrument,NOUN,oa,4797,nahm
4802,heraus,heraus,ADV,svp,4797,nahm
4803,",",--,PUNCT,punct,4797,nahm
4804,das,der,PRON,oa,4794,eröffnete
4805,beschädigt,beschädigen,VERB,pd,4806,war
4806,war,sein,AUX,ROOT,4806,war
4807,und,und,CCONJ,cd,4806,war
4808,dem,der,PRON,da,4811,fehlten
4809,die,der,DET,nk,4810,Saiten
4810,Saiten,Sait,NOUN,sb,4811,fehlten
4811,fehlten,fehlen,VERB,cj,4807,und
4812,.,--,PUNCT,punct,4806,war
4813,»,--,PUNCT,punct,4817,irre
4814,Nein,nein,PART,dm,4817,irre
4815,",",--,PUNCT,punct,4817,irre
4816,ich,ich,PRON,sb,4817,irre
4817,irre,irren,VERB,oc,4822,rief
4818,mich,sich,PRON,oa,4817,irre
4819,nicht,nicht,PART,ng,4817,irre
4820,«,--,PUNCT,punct,4817,irre
4821,",",--,PUNCT,punct,4822,rief
4822,rief,rufen,VERB,ROOT,4822,rief
4823,er,er,PRON,sb,4822,rief
4824,bestürzt,bestürzt,ADV,ROOT,4824,bestürzt
4825,:,--,PUNCT,punct,4824,bestürzt
4826,»,--,PUNCT,punct,4829,ist
4827,diese,dieser,DET,nk,4828,Laute
4828,Laute,laute,NOUN,sb,4829,ist
4829,ist,sein,AUX,rs,4824,bestürzt
4830,zu,zu,PART,mo,4831,kenntlich
4831,kenntlich,kenntlich,ADV,pd,4829,ist
4832,",",--,PUNCT,punct,4829,ist
4833,es,es,PRON,sb,4834,ist
4834,ist,sein,AUX,cj,4829,ist
4835,die,der,DET,nk,4836,spanische
4836,spanische,spanisch,ADJ,pd,4834,ist
4837,meines,Meines,DET,pd,4834,ist
4838,längst,längst,ADV,mo,4834,ist
4839,verstorbenen,verstorben,ADJ,nk,4840,Freundes
4840,Freundes,Freund,NOUN,ROOT,4840,Freundes
4841,Albert,Albert,PROPN,nk,4840,Freundes
4842,;,--,PUNCT,punct,4840,Freundes
4843,dort,dort,ADV,mo,4844,stehn
4844,stehn,stehn,NUM,ROOT,4844,stehn
4845,seine,sein,DET,nk,4847,Bücher
4846,magischen,magisch,ADJ,nk,4847,Bücher
4847,Bücher,Buch,NOUN,oa,4844,stehn
4848,",",--,PUNCT,punct,4844,stehn
4849,dies,dieser,PRON,sb,4850,ist
4850,ist,sein,AUX,cj,4844,stehn
4851,das,der,PRON,pd,4850,ist
4852,Zimmer,Zimmer,NOUN,ROOT,4852,Zimmer
4853,",",--,PUNCT,punct,4852,Zimmer
4854,in,in,ADP,mo,4862,wollte
4855,welchem,welcher,PRON,nk,4854,in
4856,er,er,PRON,sb,4862,wollte
4857,mir,mir,PRON,da,4861,erwecken
4858,jenes,jener,DET,nk,4860,Orakel
4859,holdselige,holdselig,ADJ,nk,4860,Orakel
4860,Orakel,Orakel,NOUN,oa,4861,erwecken
4861,erwecken,erwecken,VERB,oc,4862,wollte
4862,wollte,wollen,AUX,rc,4852,Zimmer
4863,;,--,PUNCT,punct,4852,Zimmer
4864,verblichen,verblichen,VERB,ROOT,4864,verblichen
4865,ist,sein,AUX,ROOT,4865,ist
4866,die,der,DET,nk,4867,Röte
4867,Röte,Rot,NOUN,sb,4865,ist
4868,des,der,DET,nk,4869,Teppichs
4869,Teppichs,Teppich,NOUN,ag,4867,Röte
4870,",",--,PUNCT,punct,4867,Röte
4871,die,der,DET,nk,4873,Einfassung
4872,goldene,golden,ADJ,nk,4873,Einfassung
4873,Einfassung,Einfassung,NOUN,oa,4874,ermattet
4874,ermattet,ermatten,VERB,oc,4865,ist
4875,",",--,PUNCT,punct,4865,ist
4876,aber,aber,CCONJ,cd,4865,ist
4877,wundersam,wundersam,ADV,mo,4865,ist
4878,lebhaft,lebhaft,ADV,pd,4879,ist
4879,ist,sein,AUX,ROOT,4879,ist
4880,alles,alle,PRON,sb,4879,ist
4881,",",--,PUNCT,punct,4880,alles
4882,alles,alle,PRON,sb,4879,ist
4883,aus,aus,ADP,mnr,4882,alles
4884,jenen,jener,DET,nk,4885,Stunden
4885,Stunden,Stunde,NOUN,nk,4883,aus
4886,in,in,ADP,mo,4879,ist
4887,meinem,mein,DET,nk,4888,Gemüt
4888,Gemüt,Gemüt,NOUN,nk,4886,in
4889,;,--,PUNCT,punct,4879,ist
4890,darum,darum,ADV,op,4891,schauerte
4891,schauerte,schaueren,VERB,ROOT,4891,schauerte
4892,mir,mir,PRON,da,4905,mich
4893,",",--,PUNCT,punct,4892,mir
4894,als,als,SCONJ,cp,4896,hieherging
4895,ich,ich,PRON,sb,4896,hieherging
4896,hieherging,hiehergehen,VERB,mnr,4892,mir
4897,",",--,PUNCT,punct,4896,hieherging
4898,auf,auf,ADP,op,4896,hieherging
4899,jenen,jener,DET,nk,4901,verwickelten
4900,langen,lang,ADJ,nk,4901,verwickelten
4901,verwickelten,verwickelt,ADJ,nk,4898,auf
4902,Gängen,Gäng,NOUN,nk,4901,verwickelten
4903,",",--,PUNCT,punct,4901,verwickelten
4904,welche,welcher,PRON,sb,4905,mich
4905,mich,mich,PRON,ROOT,4905,mich
4906,Leopold,Leopold,PROPN,sb,4907,führte
4907,führte,führen,VERB,ROOT,4907,führte
4908,;,--,PUNCT,punct,4907,führte
4909,o,o,X,nk,4910,Himmel
4910,Himmel,Himmel,NOUN,cj,4916,stieg
4911,",",--,PUNCT,punct,4910,Himmel
4912,hier,hier,ADV,mo,4913,auf
4913,auf,auf,ADP,mo,4916,stieg
4914,diesem,dieser,DET,nk,4915,Tische
4915,Tische,Tisch,NOUN,nk,4913,auf
4916,stieg,steigen,VERB,ROOT,4916,stieg
4917,das,der,DET,nk,4918,Bildnis
4918,Bildnis,Bildnis,NOUN,sb,4916,stieg
4919,quellend,quellend,ADV,mo,4916,stieg
4920,hervor,hervor,ADV,ROOT,4920,hervor
4921,",",--,PUNCT,punct,4920,hervor
4922,und,und,CCONJ,cd,4920,hervor
4923,wuchs,wachsen,VERB,cj,4922,und
4924,auf,auf,ADP,svp,4923,wuchs
4925,wie,wie,ADP,cm,4926,von
4926,von,von,ADP,sbp,4931,getränkt
4927,der,der,DET,nk,4928,Röte
4928,Röte,Röte,NOUN,nk,4926,von
4929,des,der,DET,nk,4930,Goldes
4930,Goldes,Gold,NOUN,ag,4928,Röte
4931,getränkt,tränken,VERB,oc,4923,wuchs
4932,und,und,CCONJ,cd,4931,getränkt
4933,erfrischt,erfrischen,VERB,cj,4932,und
4934,;,--,PUNCT,punct,4923,wuchs
4935,dasselbe,dasselbe,DET,nk,4936,Bild
4936,Bild,Bild,NOUN,sb,4937,lachte
4937,lachte,lachen,VERB,ROOT,4937,lachte
4938,hier,hier,ADV,mo,4937,lachte
4939,mich,mich,PRON,oa,4937,lachte
4940,an,an,ADP,svp,4937,lachte
4941,",",--,PUNCT,punct,4937,lachte
4942,welches,welcher,PRON,sb,4946,dorten
4943,mich,mich,PRON,oa,4946,dorten
4944,heut,heut,ADV,mo,4946,dorten
4945,abend,Abend,ADV,mo,4944,heut
4946,dorten,doren,VERB,rc,4939,mich
4947,im,in,ADP,mo,4946,dorten
4948,Saale,Saale,PROPN,nk,4947,im
4949,fast,fast,ADV,mo,4937,lachte
4950,wahnsinnig,wahnsinnig,ADV,mo,4951,gemacht
4951,gemacht,machen,VERB,oc,4952,hat
4952,hat,haben,AUX,ROOT,4952,hat
4953,",",--,PUNCT,punct,4952,hat
4954,in,in,ADP,mo,4951,gemacht
4955,jenem,jener,DET,nk,4956,Saale
4956,Saale,Saale,PROPN,nk,4954,in
4957,",",--,PUNCT,punct,4956,Saale
4958,in,in,ADP,mo,4960,ich
4959,welchem,welcher,PRON,nk,4958,in
4960,ich,ich,PRON,app,4956,Saale
4961,so,so,ADV,mo,4962,oft
4962,oft,oft,ADV,mo,4960,ich
4963,mit,mit,ADP,mo,4962,oft
4964,Albert,Albert,PROPN,nk,4963,mit
4965,in,in,ADP,mo,4951,gemacht
4966,vertrauten,vertraut,ADJ,nk,4967,Gesprächen
4967,Gesprächen,Gespräch,NOUN,da,4971,wandelte
4968,auf,auf,ADP,op,4967,Gesprächen
4969,und,und,CCONJ,cd,4968,auf
4970,nieder,nieder,ADV,cj,4969,und
4971,wandelte,wandelen,VERB,ROOT,4971,wandelte
4972,.,--,PUNCT,punct,4971,wandelte
4973,«,--,PUNCT,ROOT,4973,«
4974,Er,er,PRON,sb,4975,entkleidete
4975,entkleidete,entkleiden,VERB,ROOT,4975,entkleidete
4976,sich,sich,PRON,oa,4975,entkleidete
4977,",",--,PUNCT,punct,4975,entkleidete
4978,schlief,schlief,VERB,cj,4975,entkleidete
4979,aber,aber,ADV,mo,4978,schlief
4980,nur,nur,ADV,mo,4981,wenig
4981,wenig,wenig,PRON,oa,4978,schlief
4982,.,--,PUNCT,punct,4975,entkleidete
4983,Am,an,ADP,mo,4985,stand
4984,Morgen,Morgen,NOUN,nk,4983,Am
4985,stand,stehen,VERB,ROOT,4985,stand
4986,er,er,PRON,sb,4985,stand
4987,früh,früh,ADV,mo,4985,stand
4988,wieder,wieder,ADV,mo,4985,stand
4989,auf,auf,ADP,ROOT,4989,auf
4990,",",--,PUNCT,ROOT,4990,","
4991,und,und,CCONJ,ROOT,4991,und
4992,betrachtete,betrachten,VERB,cj,4991,und
4993,das,der,DET,nk,4994,Zimmer
4994,Zimmer,Zimmer,NOUN,oa,4992,betrachtete
4995,von,von,ADP,pg,4994,Zimmer
4996,neuem,neu,PRON,nk,4995,von
4997,;,--,PUNCT,punct,4992,betrachtete
4998,er,er,PRON,sb,4999,eröffnete
4999,eröffnete,eröffnen,VERB,ROOT,4999,eröffnete
5000,das,der,DET,nk,5001,Fenster
5001,Fenster,Fenster,NOUN,oa,4999,eröffnete
5002,",",--,PUNCT,punct,4999,eröffnete
5003,und,und,CCONJ,cd,4999,eröffnete
5004,sah,sehen,VERB,cj,5003,und
5005,dieselben,derselbe,DET,nk,5006,Gärten
5006,Gärten,Garten,NOUN,ROOT,5006,Gärten
5007,und,und,CCONJ,cd,5006,Gärten
5008,Gebäude,Gebäude,NOUN,cj,5007,und
5009,vor,vor,ADP,mnr,5006,Gärten
5010,sich,sich,PRON,nk,5009,vor
5011,",",--,PUNCT,punct,5016,waren
5012,wie,wie,ADP,cm,5013,damals
5013,damals,damals,ADV,mo,5016,waren
5014,",",--,PUNCT,punct,5016,waren
5015,nur,nur,ADV,mo,5016,waren
5016,waren,sein,AUX,par,5006,Gärten
5017,indes,indes,ADV,mo,5016,waren
5018,viele,vieler,DET,nk,5019,neue
5019,neue,neu,ADJ,sb,5016,waren
5020,Häuser,Haus,NOUN,ROOT,5020,Häuser
5021,hinzugebaut,hinzugebauen,VERB,oc,5022,worden
5022,worden,werden,AUX,oc,5020,Häuser
5023,.,--,PUNCT,punct,5020,Häuser
5024,»,--,PUNCT,punct,5027,sind
5025,Vierzig,vierzig,NUM,nk,5026,Jahre
5026,Jahre,Jahr,NOUN,sb,5027,sind
5027,sind,sein,AUX,oc,5032,seufzte
5028,seitdem,seitdem,ADV,mo,5029,verschwunden
5029,verschwunden,verschwinden,VERB,pd,5027,sind
5030,«,--,PUNCT,punct,5027,sind
5031,",",--,PUNCT,punct,5032,seufzte
5032,seufzte,seufzen,VERB,ROOT,5032,seufzte
5033,er,er,PRON,ROOT,5033,er
5034,",",--,PUNCT,punct,5033,er
5035,»,--,PUNCT,punct,5033,er
5036,und,und,CCONJ,cd,5033,er
5037,jeder,jeder,DET,nk,5038,Tag
5038,Tag,Tag,NOUN,cj,5036,und
5039,von,von,ADP,mo,5041,enthielt
5040,damals,damals,ADV,nk,5039,von
5041,enthielt,enthalten,X,nk,5043,Leben
5042,längeres,längeres,ADJ,nk,5043,Leben
5043,Leben,Leben,NOUN,nk,5038,Tag
5044,als,als,ADP,mnr,5038,Tag
5045,der,der,DET,nk,5047,übrige
5046,ganze,ganz,ADJ,nk,5047,übrige
5047,übrige,übrig,ADJ,nk,5044,als
5048,Zeitraum,Zeitraum,NOUN,ROOT,5048,Zeitraum
5049,.,--,PUNCT,punct,5048,Zeitraum
5050,«,--,PUNCT,punct,5048,Zeitraum
5051,Er,er,PRON,sb,5052,ward
5052,ward,werden,VERB,ROOT,5052,ward
5053,wieder,wieder,ADV,mo,5056,gerufen
5054,zur,zu,ADP,mo,5056,gerufen
5055,Gesellschaft,Gesellschaft,NOUN,nk,5054,zur
5056,gerufen,rufen,VERB,oc,5052,ward
5057,.,--,PUNCT,punct,5052,ward
5058,Der,der,DET,nk,5059,Morgen
5059,Morgen,Morgen,NOUN,sb,5060,verging
5060,verging,vergehen,VERB,ROOT,5060,verging
5061,unter,unter,ADP,svp,5060,verging
5062,mannigfaltigen,mannigfaltig,ADJ,nk,5063,Gesprächen
5063,Gesprächen,Gespräch,NOUN,ROOT,5063,Gesprächen
5064,",",--,PUNCT,punct,5063,Gesprächen
5065,endlich,endlich,ADV,mo,5066,trat
5066,trat,treten,VERB,cj,5063,Gesprächen
5067,die,der,DET,nk,5068,Braut
5068,Braut,Braut,NOUN,sb,5066,trat
5069,in,in,ADP,mo,5066,trat
5070,ihrem,ihr,DET,nk,5071,Schmucke
5071,Schmucke,Schmucke,NOUN,nk,5069,in
5072,herein,herein,ADV,svp,5066,trat
5073,.,--,PUNCT,punct,5063,Gesprächen
5074,Sowie,Sowie,CCONJ,ju,5079,ward
5075,der,der,DET,nk,5076,Alte
5076,Alte,Alte,NOUN,sb,5079,ward
5077,ihrer,ihr,DET,sb,5079,ward
5078,ansichtig,ansichtig,ADV,mo,5079,ward
5079,ward,ward,VERB,mo,5081,geriet
5080,",",--,PUNCT,punct,5081,geriet
5081,geriet,geraten,VERB,ROOT,5081,geriet
5082,er,er,PRON,sb,5081,geriet
5083,wie,wie,ADP,mo,5081,geriet
5084,außer,außer,ADP,cj,5083,wie
5085,sich,sich,PRON,nk,5084,außer
5086,",",--,PUNCT,punct,5081,geriet
5087,so,so,ADV,mo,5089,keinem
5088,daß,daß,SCONJ,punct,5087,so
5089,keinem,keiner,PRON,par,5081,geriet
5090,in,in,ADP,mnr,5089,keinem
5091,der,der,DET,nk,5092,Gesellschaft
5092,Gesellschaft,Gesellschaft,NOUN,da,5095,entging
5093,seine,sein,DET,nk,5094,Bewegung
5094,Bewegung,Bewegung,NOUN,oa,5095,entging
5095,entging,entging,VERB,ROOT,5095,entging
5096,.,--,PUNCT,punct,5095,entging
5097,Man,man,PRON,sb,5098,begab
5098,begab,begeben,VERB,ROOT,5098,begab
5099,sich,sich,PRON,oa,5098,begab
5100,zur,zu,ADP,mo,5098,begab
5101,Kirche,Kirche,NOUN,nk,5100,zur
5102,und,und,CCONJ,cd,5098,begab
5103,die,der,DET,cj,5102,und
5104,Trauung,Trauung,NOUN,sb,5105,ward
5105,ward,werden,VERB,ROOT,5105,ward
5106,vollzogen,vollziehen,VERB,oc,5105,ward
5107,.,--,PUNCT,punct,5105,ward
5108,Als,als,SCONJ,cp,5114,befanden
5109,sich,sich,PRON,oa,5114,befanden
5110,alle,alle,PRON,sb,5114,befanden
5111,wieder,wieder,ADV,mo,5114,befanden
5112,im,in,ADP,mo,5114,befanden
5113,Hause,Haus,NOUN,nk,5112,im
5114,befanden,befinden,VERB,mo,5116,fragte
5115,",",--,PUNCT,punct,5116,fragte
5116,fragte,fragen,VERB,ROOT,5116,fragte
5117,Leopold,Leopold,PROPN,sb,5116,fragte
5118,seine,sein,DET,nk,5119,Mutter
5119,Mutter,Mutter,NOUN,ROOT,5119,Mutter
5120,:,--,PUNCT,punct,5119,Mutter
5121,»,--,PUNCT,punct,5122,Nun
5122,Nun,nun,ADV,mo,5126,Ihnen
5123,",",--,PUNCT,punct,5122,Nun
5124,wie,wie,ADV,mo,5125,gefällt
5125,gefällt,fällen,VERB,cc,5122,Nun
5126,Ihnen,ihnen,PRON,cd,5128,Freund
5127,unser,unser,DET,nk,5128,Freund
5128,Freund,Freund,NOUN,ROOT,5128,Freund
5129,",",--,PUNCT,punct,5128,Freund
5130,der,der,DET,nk,5133,Alte
5131,gute,gut,ADJ,nk,5133,Alte
5132,mürrische,mürrisch,ADJ,nk,5133,Alte
5133,Alte,alte,NOUN,app,5128,Freund
5134,?,--,PUNCT,punct,5128,Freund
5135,«,--,PUNCT,punct,5128,Freund
5136,»,--,PUNCT,punct,5138,habe
5137,Ich,ich,PRON,sb,5138,habe
5138,habe,haben,AUX,oc,5143,antwortete
5139,ihn,ihn,PRON,oa,5138,habe
5140,mir,mir,PRON,dep,5138,habe
5141,«,--,PUNCT,punct,5138,habe
5142,",",--,PUNCT,punct,5143,antwortete
5143,antwortete,antworten,VERB,ROOT,5143,antwortete
5144,diese,dieser,PRON,sb,5143,antwortete
5145,",",--,PUNCT,punct,5143,antwortete
5146,»,--,PUNCT,punct,5149,Beschreibungen
5147,nach,nach,ADP,mo,5143,antwortete
5148,euren,euren,ADJ,nk,5149,Beschreibungen
5149,Beschreibungen,Beschreibung,NOUN,nk,5147,nach
5150,viel,viel,PRON,mo,5143,antwortete
5151,abschreckender,Abschreckender,ADJ,sb,5152,gedacht
5152,gedacht,denken,VERB,ROOT,5152,gedacht
5153,",",--,PUNCT,punct,5152,gedacht
5154,er,er,PRON,sb,5155,ist
5155,ist,sein,AUX,oc,5152,gedacht
5156,ja,ja,ADV,mo,5155,ist
5157,mild,mild,ADV,pd,5155,ist
5158,und,und,CCONJ,cd,5157,mild
5159,teilnehmend,teilnehmend,ADV,cj,5158,und
5160,",",--,PUNCT,punct,5155,ist
5161,man,man,PRON,sb,5162,könnte
5162,könnte,können,AUX,cj,5155,ist
5163,ein,ein,DET,nk,5164,rechtes
5164,rechtes,rechtes,ADJ,oa,5162,könnte
5165,Zutrauen,zutrauen,NOUN,oa,5168,gewinnen
5166,zu,zu,ADP,mnr,5165,Zutrauen
5167,ihm,ihm,PRON,nk,5166,zu
5168,gewinnen,gewinnen,VERB,ROOT,5168,gewinnen
5169,.,--,PUNCT,punct,5168,gewinnen
5170,«,--,PUNCT,ROOT,5170,«
5171,»,--,PUNCT,punct,5172,Zutrauen
5172,Zutrauen,zutrauen,NOUN,oa,5175,rief
5173,?,--,PUNCT,punct,5175,rief
5174,«,--,PUNCT,punct,5175,rief
5175,rief,rufen,VERB,ROOT,5175,rief
5176,Agathe,Agathe,PROPN,sb,5175,rief
5177,aus,aus,ADP,svp,5175,rief
5178,",",--,PUNCT,punct,5175,rief
5179,»,--,PUNCT,punct,5175,rief
5180,zu,zu,ADP,dep,5175,rief
5181,diesen,dieser,DET,nk,5184,Augen
5182,fürchterlich,fürchterlich,ADV,mo,5183,brennenden
5183,brennenden,brennend,ADJ,nk,5184,Augen
5184,Augen,Auge,NOUN,nk,5180,zu
5185,",",--,PUNCT,punct,5184,Augen
5186,diesen,dieser,DET,oa,5175,rief
5187,tausendfachen,tausendfach,ADJ,nk,5188,Runzeln
5188,Runzeln,Runzel,NOUN,ROOT,5188,Runzeln
5189,",",--,PUNCT,punct,5188,Runzeln
5190,dem,der,DET,nk,5193,Mund
5191,blassen,blasse,ADJ,nk,5193,Mund
5192,eingekniffenen,eingekniffen,ADJ,nk,5193,Mund
5193,Mund,Mund,NOUN,app,5188,Runzeln
5194,",",--,PUNCT,punct,5188,Runzeln
5195,und,und,CCONJ,cd,5188,Runzeln
5196,diesem,dieser,DET,nk,5197,seltsamen
5197,seltsamen,seltsam,ADJ,cj,5195,und
5198,Lachen,lachen,NOUN,ROOT,5198,Lachen
5199,",",--,PUNCT,punct,5198,Lachen
5200,das,der,PRON,sb,5203,klingt
5201,so,so,ADV,mo,5202,höhnisch
5202,höhnisch,höhnisch,ADV,mo,5203,klingt
5203,klingt,klingen,VERB,rc,5198,Lachen
5204,und,und,CCONJ,cd,5203,klingt
5205,aussieht,aussehen,VERB,cj,5204,und
5206,?,--,PUNCT,punct,5198,Lachen
5207,Nein,nein,PART,dm,5210,bewahr
5208,",",--,PUNCT,punct,5210,bewahr
5209,Gott,Gott,NOUN,oa,5210,bewahr
5210,bewahr,bewahr,VERB,ROOT,5210,bewahr
5211,mich,mich,PRON,oa,5210,bewahr
5212,vor,vor,ADP,mo,5210,bewahr
5213,solchem,solcher,DET,nk,5212,vor
5214,Freunde,Freund,NOUN,ROOT,5214,Freunde
5215,!,--,PUNCT,punct,5214,Freunde
5216,Wenn,wenn,SCONJ,cp,5223,wollen
5217,böse,böse,ADJ,nk,5218,Geister
5218,Geister,Geist,NOUN,sb,5223,wollen
5219,sich,sich,PRON,oa,5222,verkleiden
5220,in,in,ADP,mo,5222,verkleiden
5221,Menschen,Mensch,NOUN,nk,5220,in
5222,verkleiden,verkleiden,VERB,oc,5223,wollen
5223,wollen,wollen,AUX,mo,5225,müssen
5224,",",--,PUNCT,punct,5225,müssen
5225,müssen,müssen,AUX,ROOT,5225,müssen
5226,sie,sie,PRON,sb,5225,müssen
5227,eine,ein,PRON,oa,5222,verkleiden
5228,solche,solcher,DET,nk,5229,Gestalt
5229,Gestalt,Gestalt,NOUN,oa,5230,annehmen
5230,annehmen,annehmen,VERB,ROOT,5230,annehmen
5231,.,--,PUNCT,punct,5230,annehmen
5232,«,--,PUNCT,ROOT,5232,«
5233,»,--,PUNCT,punct,5242,antwortete
5234,Wahrscheinlich,wahrscheinlich,ADV,mo,5242,antwortete
5235,doch,doch,ADV,mo,5234,Wahrscheinlich
5236,eine,ein,DET,nk,5237,jüngere
5237,jüngere,jung,ADJ,pd,5234,Wahrscheinlich
5238,und,und,CCONJ,cd,5237,jüngere
5239,reizendere,reizender,ADJ,cj,5238,und
5240,«,--,PUNCT,dep,5234,Wahrscheinlich
5241,",",--,PUNCT,punct,5242,antwortete
5242,antwortete,antworten,VERB,ROOT,5242,antwortete
5243,die,der,DET,nk,5244,Mutter
5244,Mutter,Mutter,NOUN,sb,5242,antwortete
5245,;,--,PUNCT,punct,5242,antwortete
5246,»,--,PUNCT,punct,5242,antwortete
5247,aber,aber,CCONJ,cd,5242,antwortete
5248,ich,ich,PRON,sb,5249,kenne
5249,kenne,kennen,VERB,ROOT,5249,kenne
5250,auch,auch,ADV,mo,5253,Alten
5251,diesen,dieser,DET,nk,5253,Alten
5252,guten,gut,ADJ,nk,5253,Alten
5253,Alten,alte,NOUN,oa,5249,kenne
5254,in,in,ADP,mo,5249,kenne
5255,deiner,dein,DET,nk,5256,Beschreibung
5256,Beschreibung,Beschreibung,NOUN,nk,5254,in
5257,nicht,nicht,PART,ng,5249,kenne
5258,wieder,wieder,ADV,svp,5249,kenne
5259,.,--,PUNCT,punct,5249,kenne
5260,Man,man,PRON,ROOT,5260,Man
5261,sieht,sehen,VERB,ROOT,5261,sieht
5262,",",--,PUNCT,punct,5261,sieht
5263,daß,daß,SCONJ,cp,5268,ist
5264,er,er,PRON,sb,5268,ist
5265,von,von,ADP,mo,5268,ist
5266,heftigem,heftig,ADJ,nk,5267,Temperament
5267,Temperament,Temperament,NOUN,nk,5265,von
5268,ist,sein,AUX,oc,5261,sieht
5269,",",--,PUNCT,punct,5261,sieht
5270,und,und,CCONJ,cd,5261,sieht
5271,sich,sich,PRON,oa,5272,gewöhnt
5272,gewöhnt,gewöhnen,VERB,cj,5270,und
5273,hat,haben,AUX,cj,5270,und
5274,alle,aller,PRON,nk,5275,seine
5275,seine,sein,PRON,sb,5273,hat
5276,Empfindungen,Empfindung,NOUN,oa,5280,verschließen
5277,in,in,ADP,mo,5280,verschließen
5278,sich,sich,PRON,nk,5277,in
5279,zu,zu,PART,pm,5280,verschließen
5280,verschließen,verschließen,VERB,ROOT,5280,verschließen
5281,;,--,PUNCT,punct,5280,verschließen
5282,er,er,PRON,sb,5283,mag
5283,mag,mögen,AUX,ROOT,5283,mag
5284,",",--,PUNCT,punct,5283,mag
5285,wie,wie,SCONJ,mo,5287,sagt
5286,Leopold,Leopold,PROPN,sb,5287,sagt
5287,sagt,sagen,VERB,mo,5283,mag
5288,",",--,PUNCT,punct,5283,mag
5289,viel,viel,DET,nk,5290,Unglück
5290,Unglück,Unglück,NOUN,oa,5283,mag
5291,erlebt,erleben,VERB,oc,5292,haben
5292,haben,haben,AUX,re,5294,daher
5293,",",--,PUNCT,punct,5294,daher
5294,daher,daher,ADV,mo,5298,geworden
5295,ist,sein,AUX,ROOT,5295,ist
5296,er,er,PRON,sb,5295,ist
5297,mißtrauisch,mißtrauisch,ADV,pd,5298,geworden
5298,geworden,werden,AUX,oc,5295,ist
5299,",",--,PUNCT,punct,5295,ist
5300,und,und,CCONJ,cd,5295,ist
5301,hat,haben,AUX,cj,5300,und
5302,jene,jener,DET,nk,5303,einfache
5303,einfache,einfach,ADJ,oa,5301,hat
5304,Offenheit,Offenheit,NOUN,ROOT,5304,Offenheit
5305,verloren,verlieren,VERB,oc,5304,Offenheit
5306,",",--,PUNCT,punct,5305,verloren
5307,die,der,PRON,sb,5313,ist
5308,hauptsächlich,hauptsächlich,ADV,mo,5312,eigen
5309,nur,nur,ADV,mo,5311,Glücklichen
5310,den,der,DET,nk,5311,Glücklichen
5311,Glücklichen,Glücklich,NOUN,da,5312,eigen
5312,eigen,eigen,ADV,pd,5313,ist
5313,ist,sein,AUX,rc,5304,Offenheit
5314,.,--,PUNCT,punct,5304,Offenheit
5315,«,--,PUNCT,ROOT,5315,«
5316,Ihr,ihr,DET,nk,5317,Gespräch
5317,Gespräch,Gespräch,NOUN,sb,5318,wurde
5318,wurde,werden,AUX,ROOT,5318,wurde
5319,unterbrochen,unterbrechen,VERB,oc,5318,wurde
5320,",",--,PUNCT,punct,5318,wurde
5321,weil,weil,SCONJ,cp,5325,hinzutrat
5322,die,der,DET,nk,5324,Gesellschaft
5323,übrige,übrig,ADJ,nk,5324,Gesellschaft
5324,Gesellschaft,Gesellschaft,NOUN,sb,5325,hinzutrat
5325,hinzutrat,hinzutreten,VERB,mo,5318,wurde
5326,.,--,PUNCT,punct,5318,wurde
5327,Man,man,PRON,ROOT,5327,Man
5328,ging,gehen,VERB,ROOT,5328,ging
5329,zur,zu,ADP,mo,5328,ging
5330,Tafel,Tafel,NOUN,nk,5329,zur
5331,",",--,PUNCT,punct,5328,ging
5332,und,und,CCONJ,cd,5328,ging
5333,der,der,DET,nk,5334,Fremde
5334,Fremde,Fremde,NOUN,sb,5335,saß
5335,saß,sitzen,VERB,cj,5332,und
5336,neben,neben,ADP,mo,5335,saß
5337,Agathe,Agathe,PROPN,nk,5336,neben
5338,und,und,CCONJ,cd,5337,Agathe
5339,dem,der,DET,nk,5341,Kaufmanne
5340,reichen,reich,ADJ,nk,5341,Kaufmanne
5341,Kaufmanne,Kaufmanne,NOUN,cj,5338,und
5342,.,--,PUNCT,punct,5328,ging
5343,Als,als,ADP,ROOT,5343,Als
5344,man,man,PRON,sb,5345,anfing
5345,anfing,anfiengen,VERB,oc,5351,rief
5346,die,der,DET,nk,5347,Gesundheiten
5347,Gesundheiten,gesundheiter,NOUN,oa,5345,anfing
5348,zu,zu,PART,pm,5349,trinken
5349,trinken,trinken,VERB,mo,5345,anfing
5350,",",--,PUNCT,punct,5351,rief
5351,rief,rufen,VERB,ROOT,5351,rief
5352,Leopold,Leopold,PROPN,sb,5351,rief
5353,:,--,PUNCT,punct,5351,rief
5354,»,--,PUNCT,punct,5351,rief
5355,Haltet,haltet,VERB,mo,5351,rief
5356,noch,noch,CCONJ,cd,5355,Haltet
5357,inne,inne,ADV,cj,5356,noch
5358,",",--,PUNCT,punct,5351,rief
5359,meine,meinen,VERB,oc,5351,rief
5360,werten,wert,VERB,ROOT,5360,werten
5361,Freunde,Freund,NOUN,sb,5360,werten
5362,",",--,PUNCT,punct,5360,werten
5363,dazu,dazu,ADV,mo,5364,müssen
5364,müssen,müssen,AUX,cj,5360,werten
5365,wir,wir,PRON,sb,5364,müssen
5366,unsern,unsern,ADV,mo,5364,müssen
5367,Festpokal,Festpokal,NOUN,oa,5369,haben
5368,hier,hier,ADV,mo,5369,haben
5369,haben,haben,VERB,oc,5364,müssen
5370,",",--,PUNCT,punct,5369,haben
5371,der,der,PRON,sb,5364,müssen
5372,dann,dann,ADV,mo,5371,der
5373,rundum,rundum,ADV,mo,5364,müssen
5374,gehn,gehn,NUM,mo,5375,soll
5375,soll,sollen,AUX,ROOT,5375,soll
5376,!,--,PUNCT,punct,5375,soll
5377,«,--,PUNCT,punct,5375,soll
5378,Er,er,PRON,sb,5379,wollte
5379,wollte,wollen,AUX,ROOT,5379,wollte
5380,aufstehen,aufstehen,VERB,oc,5379,wollte
5381,",",--,PUNCT,punct,5379,wollte
5382,aber,aber,CCONJ,cd,5379,wollte
5383,die,der,DET,nk,5384,Mutter
5384,Mutter,Mutter,NOUN,sb,5385,winkte
5385,winkte,winken,VERB,cj,5382,aber
5386,ihm,ihm,PRON,oa,5385,winkte
5387,",",--,PUNCT,punct,5385,winkte
5388,sitzen,sitzen,VERB,oc,5390,bleiben
5389,zu,zu,PART,pm,5390,bleiben
5390,bleiben,bleiben,VERB,oc,5385,winkte
5391,;,--,PUNCT,punct,5379,wollte
5392,»,--,PUNCT,punct,5394,findest
5393,du,du,PRON,sb,5394,findest
5394,findest,Findest,VERB,oc,5400,sagte
5395,ihn,ihn,PRON,oa,5394,findest
5396,doch,doch,ADV,mo,5394,findest
5397,nicht,nicht,PART,ng,5394,findest
5398,«,--,PUNCT,punct,5394,findest
5399,",",--,PUNCT,punct,5400,sagte
5400,sagte,sagen,VERB,ROOT,5400,sagte
5401,sie,sie,PRON,sb,5400,sagte
5402,",",--,PUNCT,punct,5400,sagte
5403,»,--,PUNCT,punct,5394,findest
5404,denn,denn,CCONJ,cd,5400,sagte
5405,ich,ich,PRON,sb,5406,habe
5406,habe,haben,AUX,cj,5404,denn
5407,alles,alle,DET,nk,5408,Silberzeug
5408,Silberzeug,Silberzeug,NOUN,oa,5406,habe
5409,anders,anders,ADV,mo,5406,habe
5410,gepackt,packen,VERB,ROOT,5410,gepackt
5411,.,--,PUNCT,punct,5410,gepackt
5412,«,--,PUNCT,punct,5410,gepackt
5413,Sie,sie,PRON,sb,5414,ging
5414,ging,gehen,VERB,ROOT,5414,ging
5415,schnell,schnell,ADV,mo,5414,ging
5416,hinaus,hinaus,ADV,svp,5414,ging
5417,",",--,PUNCT,punct,5414,ging
5418,um,um,SCONJ,cp,5422,suchen
5419,ihn,ihn,PRON,oa,5422,suchen
5420,selber,selber,ADV,mnr,5419,ihn
5421,zu,zu,PART,pm,5422,suchen
5422,suchen,suchen,VERB,mo,5414,ging
5423,.,--,PUNCT,punct,5414,ging
5424,»,--,PUNCT,punct,5427,Alte
5425,Was,was,PRON,nk,5427,Alte
5426,unsre,unsr,ADJ,nk,5427,Alte
5427,Alte,alte,NOUN,ROOT,5427,Alte
5428,heut,heuen,VERB,mo,5432,ist
5429,geschäftig,geschäftig,ADV,pd,5432,ist
5430,und,und,CCONJ,cd,5429,geschäftig
5431,munter,munter,ADV,cj,5430,und
5432,ist,sein,AUX,oc,5435,sagte
5433,«,--,PUNCT,punct,5432,ist
5434,",",--,PUNCT,punct,5435,sagte
5435,sagte,sagen,VERB,ROOT,5435,sagte
5436,der,der,DET,nk,5437,Kaufmann
5437,Kaufmann,Kaufmann,NOUN,sb,5435,sagte
5438,",",--,PUNCT,punct,5435,sagte
5439,»,--,PUNCT,punct,5432,ist
5440,so,so,ADV,mo,5441,dick
5441,dick,dick,ADV,mo,5435,sagte
5442,und,und,CCONJ,cd,5441,dick
5443,breit,breit,ADV,cj,5442,und
5444,sie,sie,PRON,oa,5435,sagte
5445,ist,sein,AUX,ROOT,5445,ist
5446,",",--,PUNCT,punct,5447,so
5447,so,so,ADV,mo,5448,behende
5448,behende,behende,ADV,pd,5454,bewegen
5449,kann,können,AUX,cj,5445,ist
5450,sie,sie,PRON,sb,5449,kann
5451,sich,sich,PRON,oa,5454,bewegen
5452,doch,doch,ADV,mo,5449,kann
5453,noch,noch,ADV,mo,5449,kann
5454,bewegen,bewegen,VERB,oc,5449,kann
5455,",",--,PUNCT,punct,5454,bewegen
5456,obgleich,obgleich,SCONJ,cp,5459,sechzig
5457,sie,sie,PRON,sb,5459,sechzig
5458,schon,schon,ADV,mo,5459,sechzig
5459,sechzig,sechzig,NUM,punct,5445,ist
5460,zählt,zählen,VERB,ROOT,5460,zählt
5461,;,--,PUNCT,punct,5460,zählt
5462,ihr,ihr,DET,nk,5463,Gesicht
5463,Gesicht,Gesicht,NOUN,sb,5464,sieht
5464,sieht,sehen,VERB,ROOT,5464,sieht
5465,immer,immer,ADV,mo,5466,heiter
5466,heiter,heit,ADV,mo,5464,sieht
5467,und,und,CCONJ,cd,5466,heiter
5468,freudig,freudig,ADV,cj,5467,und
5469,aus,aus,ADP,svp,5464,sieht
5470,",",--,PUNCT,punct,5464,sieht
5471,und,und,CCONJ,cd,5464,sieht
5472,heut,heut,ADV,pd,5473,ist
5473,ist,sein,AUX,cj,5471,und
5474,sie,sie,PRON,sb,5473,ist
5475,besonders,besonders,ADV,mo,5476,glücklich
5476,glücklich,glücklich,ADV,ROOT,5476,glücklich
5477,",",--,PUNCT,punct,5476,glücklich
5478,weil,weil,SCONJ,cp,5486,wieder
5479,sie,sie,PRON,sb,5478,weil
5480,sich,sich,PRON,oa,5486,wieder
5481,in,in,ADP,mnr,5480,sich
5482,der,der,DET,nk,5483,Schönheit
5483,Schönheit,Schönheit,NOUN,nk,5481,in
5484,ihrer,ihr,DET,nk,5485,Tochter
5485,Tochter,Tochter,NOUN,ag,5483,Schönheit
5486,wieder,wieder,ADV,mo,5476,glücklich
5487,verjüngt,verjüngen,VERB,ROOT,5487,verjüngt
5488,.,--,PUNCT,punct,5487,verjüngt
5489,«,--,PUNCT,punct,5487,verjüngt
5490,Der,der,DET,nk,5491,Fremde
5491,Fremde,Fremde,NOUN,sb,5492,gab
5492,gab,geben,VERB,ROOT,5492,gab
5493,ihm,ihm,PRON,da,5492,gab
5494,Beifall,Beifall,NOUN,oa,5492,gab
5495,",",--,PUNCT,punct,5492,gab
5496,und,und,CCONJ,cd,5492,gab
5497,die,der,DET,nk,5498,Mutter
5498,Mutter,Mutter,NOUN,sb,5499,kam
5499,kam,kommen,VERB,cj,5496,und
5500,mit,mit,ADP,mo,5499,kam
5501,dem,der,DET,nk,5502,Pokal
5502,Pokal,Pokal,NOUN,nk,5500,mit
5503,zurück,zurück,ADV,svp,5499,kam
5504,.,--,PUNCT,punct,5492,gab
5505,Man,man,PRON,sb,5506,schenkte
5506,schenkte,schenken,VERB,ROOT,5506,schenkte
5507,ihn,ihn,PRON,oa,5506,schenkte
5508,voll,voll,ADP,mo,5506,schenkte
5509,Weins,Weins,PROPN,nk,5508,voll
5510,",",--,PUNCT,punct,5506,schenkte
5511,und,und,CCONJ,cd,5506,schenkte
5512,oben,oben,ADV,mo,5513,vom
5513,vom,von,ADP,mo,5515,fing
5514,Tisch,Tisch,NOUN,nk,5513,vom
5515,fing,fing,VERB,cj,5511,und
5516,er,er,PRON,sb,5515,fing
5517,an,an,ADP,mo,5515,fing
5518,herumzugehn,Herumzugehn,PROPN,nk,5517,an
5519,",",--,PUNCT,punct,5515,fing
5520,indem,indem,SCONJ,mo,5506,schenkte
5521,jeder,jeder,PRON,sb,5525,ausbrachte
5522,die,der,DET,nk,5523,Gesundheit
5523,Gesundheit,Gesundheit,NOUN,oa,5525,ausbrachte
5524,dessen,der,PRON,ag,5523,Gesundheit
5525,ausbrachte,ausbrachen,VERB,ROOT,5525,ausbrachte
5526,",",--,PUNCT,punct,5525,ausbrachte
5527,was,wer,PRON,oa,5530,Liebste
5528,ihm,ihm,PRON,da,5530,Liebste
5529,das,der,DET,nk,5530,Liebste
5530,Liebste,Liebste,NOUN,oa,5525,ausbrachte
5531,und,und,CCONJ,cd,5530,Liebste
5532,Erwünschteste,Erwünschteste,NOUN,cj,5531,und
5533,war,sein,AUX,ROOT,5533,war
5534,.,--,PUNCT,punct,5533,war
5535,Die,der,DET,nk,5536,Braut
5536,Braut,Braut,NOUN,sb,5537,trank
5537,trank,trank,VERB,ROOT,5537,trank
5538,das,der,DET,nk,5539,Wohlsein
5539,Wohlsein,Wohlsein,NOUN,oa,5537,trank
5540,ihres,ihr,DET,nk,5541,Gatten
5541,Gatten,Gatt,NOUN,ag,5539,Wohlsein
5542,",",--,PUNCT,punct,5541,Gatten
5543,dieser,dieser,PRON,sb,5545,Liebe
5544,die,der,DET,nk,5545,Liebe
5545,Liebe,Liebe,NOUN,oa,5537,trank
5546,seiner,sein,DET,nk,5547,schönen
5547,schönen,schön,ADJ,ag,5545,Liebe
5548,Julie,Julie,PROPN,ROOT,5548,Julie
5549,",",--,PUNCT,punct,5548,Julie
5550,und,und,CCONJ,cd,5548,Julie
5551,so,so,ADV,mo,5552,tat
5552,tat,tun,VERB,cj,5550,und
5553,jeder,jeder,PRON,sb,5552,tat
5554,nach,nach,ADP,mo,5552,tat
5555,der,der,DET,nk,5556,Reihe
5556,Reihe,Reihe,NOUN,nk,5554,nach
5557,.,--,PUNCT,punct,5548,Julie
5558,Die,der,DET,nk,5559,Mutter
5559,Mutter,Mutter,NOUN,sb,5560,zögerte
5560,zögerte,zögeren,VERB,ROOT,5560,zögerte
5561,",",--,PUNCT,punct,5560,zögerte
5562,als,als,SCONJ,cm,5564,Becher
5563,der,der,DET,nk,5564,Becher
5564,Becher,Becher,NOUN,mo,5560,zögerte
5565,zu,zu,ADP,svp,5560,zögerte
5566,ihr,ihr,PRON,da,5567,kam
5567,kam,kommen,VERB,ROOT,5567,kam
5568,.,--,PUNCT,punct,5567,kam
5569,»,--,PUNCT,punct,5574,sagte
5570,Nur,nur,ADV,mo,5571,dreist
5571,dreist,dreist,ADV,mo,5574,sagte
5572,!,--,PUNCT,punct,5574,sagte
5573,«,--,PUNCT,punct,5574,sagte
5574,sagte,sagen,VERB,ROOT,5574,sagte
5575,der,der,DET,nk,5576,Offizier
5576,Offizier,Offizier,NOUN,sb,5574,sagte
5577,etwas,etwas,DET,mo,5578,rauh
5578,rauh,rauh,ADV,mo,5574,sagte
5579,und,und,CCONJ,cd,5578,rauh
5580,voreilig,voreilig,ADV,cj,5579,und
5581,",",--,PUNCT,punct,5574,sagte
5582,»,--,PUNCT,punct,5584,wissen
5583,wir,wir,PRON,sb,5584,wissen
5584,wissen,wissen,VERB,oc,5574,sagte
5585,ja,ja,ADV,mo,5589,Sie
5586,doch,doch,ADV,mo,5585,ja
5587,",",--,PUNCT,punct,5585,ja
5588,daß,daß,SCONJ,cp,5589,Sie
5589,Sie,sie,PRON,ROOT,5589,Sie
5590,alle,aller,DET,nk,5591,Männer
5591,Männer,Mann,NOUN,ROOT,5591,Männer
5592,für,für,ADP,mnr,5591,Männer
5593,ungetreu,Ungetreu,NOUN,nk,5592,für
5594,und,und,CCONJ,cd,5593,ungetreu
5595,keinen,kein,DET,nk,5596,einzigen
5596,einzigen,einzig,ADJ,cj,5594,und
5597,der,der,DET,nk,5598,Liebe
5598,Liebe,Liebe,NOUN,ag,5596,einzigen
5599,einer,ein,DET,ag,5591,Männer
5600,Frau,Frau,NOUN,sb,5602,halten
5601,würdig,würdig,ADV,mo,5602,halten
5602,halten,halten,VERB,ROOT,5602,halten
5603,;,--,PUNCT,punct,5602,halten
5604,was,was,PRON,sb,5605,ist
5605,ist,sein,AUX,ROOT,5605,ist
5606,Ihnen,ihnen,PRON,da,5605,ist
5607,also,also,ADV,mo,5605,ist
5608,das,der,DET,nk,5609,Liebste
5609,Liebste,Liebste,NOUN,pd,5605,ist
5610,?,--,PUNCT,punct,5605,ist
5611,«,--,PUNCT,punct,5605,ist
5612,Die,der,DET,nk,5613,Mutter
5613,Mutter,Mutter,NOUN,sb,5614,sah
5614,sah,sehen,VERB,ROOT,5614,sah
5615,ihn,ihn,PRON,oa,5614,sah
5616,an,an,ADP,svp,5614,sah
5617,",",--,PUNCT,punct,5614,sah
5618,indem,indem,SCONJ,cp,5625,plötzlich
5619,sich,sich,PRON,oa,5625,plötzlich
5620,über,über,ADP,mo,5625,plötzlich
5621,die,der,DET,nk,5622,Milde
5622,Milde,Milde,NOUN,nk,5620,über
5623,ihres,ihr,DET,nk,5624,Antlitzes
5624,Antlitzes,Antlitz,NOUN,ag,5622,Milde
5625,plötzlich,plötzlich,ADV,ROOT,5625,plötzlich
5626,ein,ein,DET,nk,5628,Ernst
5627,zürnender,zürnend,ADJ,nk,5628,Ernst
5628,Ernst,Ernst,NOUN,sb,5625,plötzlich
5629,verbreitete,verbreiten,VERB,ROOT,5629,verbreitete
5630,.,--,PUNCT,punct,5629,verbreitete
5631,»,--,PUNCT,punct,5637,sagte
5632,Da,da,SCONJ,oc,5637,sagte
5633,mein,mein,DET,nk,5634,Sohn
5634,Sohn,Sohn,NOUN,sb,5632,Da
5635,«,--,PUNCT,punct,5634,Sohn
5636,",",--,PUNCT,punct,5637,sagte
5637,sagte,sagen,VERB,ROOT,5637,sagte
5638,sie,sie,PRON,sb,5637,sagte
5639,",",--,PUNCT,punct,5637,sagte
5640,»,--,PUNCT,punct,5644,kennt
5641,mich,mich,PRON,oa,5644,kennt
5642,so,so,ADV,mo,5643,genau
5643,genau,genau,ADV,mo,5644,kennt
5644,kennt,kennen,VERB,oc,5637,sagte
5645,",",--,PUNCT,punct,5637,sagte
5646,und,und,CCONJ,cd,5637,sagte
5647,so,so,ADV,mo,5648,strenge
5648,strenge,strenge,VERB,cj,5646,und
5649,meine,mein,DET,nk,5650,Gemütsart
5650,Gemütsart,Gemütsart,NOUN,sb,5651,tadelt
5651,tadelt,tadeln,VERB,re,5653,so
5652,",",--,PUNCT,punct,5653,so
5653,so,so,ADV,mo,5654,sei
5654,sei,sein,AUX,ROOT,5654,sei
5655,es,es,PRON,sb,5654,sei
5656,mir,mir,PRON,da,5658,erlaubt
5657,auch,auch,ADV,mo,5658,erlaubt
5658,erlaubt,erlauben,VERB,pd,5654,sei
5659,",",--,PUNCT,punct,5658,erlaubt
5660,nicht,nicht,PART,ng,5661,auszusprechen
5661,auszusprechen,aussprechen,VERB,re,5655,es
5662,",",--,PUNCT,punct,5661,auszusprechen
5663,was,wer,PRON,re,5655,es
5664,ich,ich,PRON,sb,5667,dachte
5665,jetzt,jetzt,ADV,mo,5667,dachte
5666,eben,eben,ADV,mo,5667,dachte
5667,dachte,denken,VERB,ROOT,5667,dachte
5668,",",--,PUNCT,punct,5667,dachte
5669,und,und,CCONJ,cd,5667,dachte
5670,suche,suchen,VERB,cj,5669,und
5671,er,er,PRON,sb,5670,suche
5672,nur,nur,ADV,mo,5670,suche
5673,dasjenige,dasjenig,ADJ,oa,5670,suche
5674,",",--,PUNCT,punct,5673,dasjenige
5675,was,wer,PRON,oa,5670,suche
5676,er,er,PRON,oa,5670,suche
5677,als,als,ADP,mnr,5676,er
5678,meine,mein,DET,nk,5679,Überzeugung
5679,Überzeugung,Überzeugung,NOUN,nk,5677,als
5680,kennen,kennen,VERB,oc,5681,will
5681,will,wollen,AUX,ROOT,5681,will
5682,",",--,PUNCT,punct,5681,will
5683,durch,durch,ADP,mo,5689,machen
5684,seine,sein,DET,nk,5686,Liebe
5685,ungefälschte,ungefälscht,ADJ,nk,5686,Liebe
5686,Liebe,Liebe,NOUN,nk,5683,durch
5687,unwahr,unwahr,ADV,mo,5689,machen
5688,zu,zu,PART,pm,5689,machen
5689,machen,machen,VERB,oc,5680,kennen
5690,.,--,PUNCT,punct,5681,will
5691,«,--,PUNCT,punct,5681,will
5692,Sie,sie,PRON,sb,5693,gab
5693,gab,geben,VERB,ROOT,5693,gab
5694,den,der,DET,oa,5693,gab
5695,Becher,Becher,NOUN,ROOT,5695,Becher
5696,",",--,PUNCT,punct,5695,Becher
5697,ohne,ohne,SCONJ,cp,5699,trinken
5698,zu,zu,PART,pm,5699,trinken
5699,trinken,trinken,VERB,mnr,5695,Becher
5700,",",--,PUNCT,punct,5695,Becher
5701,weiter,weiter,ADV,par,5695,Becher
5702,",",--,PUNCT,punct,5695,Becher
5703,und,und,CCONJ,cd,5695,Becher
5704,die,der,DET,nk,5705,Gesellschaft
5705,Gesellschaft,Gesellschaft,NOUN,sb,5706,war
5706,war,sein,AUX,cj,5703,und
5707,auf,auf,ADP,mo,5706,war
5708,einige,einiger,DET,nk,5709,Zeit
5709,Zeit,Zeit,NOUN,nk,5707,auf
5710,verstimmt,verstimmen,VERB,ROOT,5710,verstimmt
5711,.,--,PUNCT,punct,5710,verstimmt
5712,»,--,PUNCT,punct,5714,erzählt
5713,Man,man,PRON,sb,5714,erzählt
5714,erzählt,erzählen,VERB,oc,5718,sagte
5715,sich,sich,PRON,oa,5714,erzählt
5716,«,--,PUNCT,punct,5714,erzählt
5717,",",--,PUNCT,punct,5718,sagte
5718,sagte,sagen,VERB,ROOT,5718,sagte
5719,der,der,DET,nk,5720,Kaufmann
5720,Kaufmann,Kaufmann,NOUN,sb,5718,sagte
5721,leise,leise,ADV,mo,5718,sagte
5722,",",--,PUNCT,punct,5718,sagte
5723,indem,indem,SCONJ,cp,5728,neigte
5724,er,er,PRON,sb,5728,neigte
5725,sich,sich,PRON,oa,5728,neigte
5726,zum,zu,ADP,mo,5728,neigte
5727,Fremden,fremde,NOUN,nk,5726,zum
5728,neigte,neigen,VERB,mo,5718,sagte
5729,",",--,PUNCT,punct,5718,sagte
5730,»,--,PUNCT,punct,5737,habe
5731,daß,daß,SCONJ,cp,5737,habe
5732,sie,sie,PRON,sb,5737,habe
5733,ihren,ihr,DET,nk,5734,Mann
5734,Mann,Mann,NOUN,oa,5736,geliebt
5735,nicht,nicht,PART,ng,5736,geliebt
5736,geliebt,lieben,VERB,oc,5737,habe
5737,habe,haben,AUX,ROOT,5737,habe
5738,",",--,PUNCT,punct,5737,habe
5739,sondern,sondern,CCONJ,cd,5737,habe
5740,einen,ein,DET,nk,5741,andern
5741,andern,anderer,PRON,cj,5739,sondern
5742,",",--,PUNCT,punct,5741,andern
5743,der,der,PRON,nk,5744,ihr
5744,ihr,ihr,PRON,da,5745,aber
5745,aber,aber,ADV,mo,5737,habe
5746,ungetreu,Ungetreu,ADV,pd,5747,geworden
5747,geworden,werden,AUX,oc,5748,ist
5748,ist,sein,AUX,ROOT,5748,ist
5749,;,--,PUNCT,punct,5748,ist
5750,damals,damals,ADV,mo,5751,soll
5751,soll,sollen,AUX,ROOT,5751,soll
5752,sie,sie,PRON,sb,5751,soll
5753,das,der,DET,nk,5755,Mädchen
5754,schönste,schön,ADJ,nk,5755,Mädchen
5755,Mädchen,Mädchen,NOUN,oa,5751,soll
5756,in,in,ADP,mnr,5755,Mädchen
5757,der,der,DET,nk,5758,Stadt
5758,Stadt,Stadt,NOUN,nk,5756,in
5759,gewesen,sein,AUX,oc,5760,sein
5760,sein,sein,AUX,ROOT,5760,sein
5761,.,--,PUNCT,punct,5760,sein
5762,«,--,PUNCT,ROOT,5762,«
5763,Als,als,SCONJ,cp,5768,kam
5764,der,der,DET,nk,5765,Becher
5765,Becher,Becher,NOUN,sb,5768,kam
5766,zu,zu,ADP,mo,5768,kam
5767,Ferdinand,Ferdinand,PROPN,nk,5766,zu
5768,kam,kommen,VERB,mo,5770,betrachtete
5769,",",--,PUNCT,punct,5770,betrachtete
5770,betrachtete,betrachten,VERB,ROOT,5770,betrachtete
5771,ihn,ihn,PRON,oa,5770,betrachtete
5772,dieser,dieser,PRON,sb,5770,betrachtete
5773,mit,mit,ADP,mo,5770,betrachtete
5774,Erstaunen,erstaunen,NOUN,nk,5773,mit
5775,",",--,PUNCT,punct,5770,betrachtete
5776,denn,denn,CCONJ,cd,5770,betrachtete
5777,es,es,PRON,dep,5770,betrachtete
5778,war,sein,AUX,ROOT,5778,war
5779,derselbe,derselbe,PRON,pd,5778,war
5780,",",--,PUNCT,punct,5779,derselbe
5781,aus,aus,ADP,mo,5789,hervorgerufen
5782,welchem,welcher,PRON,nk,5781,aus
5783,ihm,ihm,PRON,da,5789,hervorgerufen
5784,Albert,Albert,PROPN,da,5789,hervorgerufen
5785,ehemals,ehemals,ADV,mo,5789,hervorgerufen
5786,das,der,DET,nk,5788,Bildnis
5787,schöne,schön,ADJ,nk,5788,Bildnis
5788,Bildnis,Bildnis,NOUN,oa,5789,hervorgerufen
5789,hervorgerufen,hervorrufen,VERB,rc,5779,derselbe
5790,hatte,haben,AUX,ROOT,5790,hatte
5791,.,--,PUNCT,punct,5790,hatte
5792,Er,er,PRON,sb,5793,schaute
5793,schaute,schauen,VERB,ROOT,5793,schaute
5794,in,in,ADP,mo,5793,schaute
5795,das,der,DET,nk,5796,Gold
5796,Gold,Gold,NOUN,nk,5794,in
5797,hinein,hinein,ADV,svp,5793,schaute
5798,und,und,CCONJ,cd,5793,schaute
5799,in,in,ADP,cj,5798,und
5800,die,der,DET,nk,5801,Welle
5801,Welle,Welle,NOUN,nk,5799,in
5802,des,der,DET,nk,5803,Weines
5803,Weines,Wein,NOUN,ag,5801,Welle
5804,",",--,PUNCT,punct,5793,schaute
5805,seine,sein,DET,nk,5806,Hand
5806,Hand,Hand,NOUN,oa,5793,schaute
5807,zitterte,zitteren,VERB,ROOT,5807,zitterte
5808,;,--,PUNCT,punct,5807,zitterte
5809,es,es,PRON,sb,5810,wurde
5810,wurde,werden,AUX,ROOT,5810,wurde
5811,ihn,ihn,PRON,oa,5813,verwundert
5812,nicht,nicht,PART,ng,5814,haben
5813,verwundert,verwundern,VERB,oc,5814,haben
5814,haben,haben,AUX,oc,5810,wurde
5815,",",--,PUNCT,punct,5814,haben
5816,wenn,wenn,SCONJ,cp,5817,aus
5817,aus,aus,ADP,mo,5810,wurde
5818,dem,der,DET,nk,5819,leuchtenden
5819,leuchtenden,leuchtend,ADJ,nk,5817,aus
5820,Zaubergefäße,Zaubergefäß,NOUN,mo,5826,wäre
5821,jetzt,jetzt,ADV,mo,5820,Zaubergefäße
5822,wieder,wieder,ADV,mo,5820,Zaubergefäße
5823,jene,jener,DET,nk,5824,Gestalt
5824,Gestalt,Gestalt,NOUN,sb,5826,wäre
5825,hervorgeblüht,hervorblühen,VERB,pd,5826,wäre
5826,wäre,sein,AUX,ROOT,5826,wäre
5827,und,und,CCONJ,cd,5826,wäre
5828,mit,mit,ADP,mo,5830,seine
5829,ihr,ihr,PRON,nk,5828,mit
5830,seine,sein,DET,cj,5827,und
5831,entschwundene,entschwunden,ADJ,nk,5832,Jugend
5832,Jugend,Jugend,NOUN,ROOT,5832,Jugend
5833,.,--,PUNCT,punct,5832,Jugend
5834,»,--,PUNCT,punct,5835,Nein
5835,Nein,nein,PART,dep,5838,sagte
5836,«,--,PUNCT,punct,5835,Nein
5837,",",--,PUNCT,punct,5838,sagte
5838,sagte,sagen,VERB,ROOT,5838,sagte
5839,er,er,PRON,sb,5838,sagte
5840,nach,nach,ADP,mo,5838,sagte
5841,einiger,einiger,DET,nk,5842,Zeit
5842,Zeit,Zeit,NOUN,nk,5840,nach
5843,halblaut,halblaut,ADV,mo,5838,sagte
5844,",",--,PUNCT,punct,5838,sagte
5845,»,--,PUNCT,punct,5847,ist
5846,es,es,PRON,sb,5847,ist
5847,ist,sein,AUX,oc,5838,sagte
5848,Wein,Wein,NOUN,ROOT,5848,Wein
5849,",",--,PUNCT,punct,5848,Wein
5850,was,wer,PRON,sb,5852,glüht
5851,hier,hier,ADV,mo,5852,glüht
5852,glüht,glüht,ADV,rc,5848,Wein
5853,!,--,PUNCT,punct,5848,Wein
5854,«,--,PUNCT,punct,5848,Wein
5855,»,--,PUNCT,punct,5857,soll
5856,Was,was,PRON,oa,5860,sein
5857,soll,sollen,AUX,oc,5863,sagte
5858,es,es,PRON,sb,5857,soll
5859,anders,anders,ADV,mo,5860,sein
5860,sein,sein,AUX,oc,5857,soll
5861,?,--,PUNCT,punct,5863,sagte
5862,«,--,PUNCT,punct,5857,soll
5863,sagte,sagen,VERB,ROOT,5863,sagte
5864,der,der,DET,nk,5865,Kaufmann
5865,Kaufmann,Kaufmann,NOUN,sb,5863,sagte
5866,lachend,lachend,ADV,mo,5863,sagte
5867,",",--,PUNCT,punct,5863,sagte
5868,»,--,PUNCT,punct,5869,trinken
5869,trinken,trinken,VERB,ROOT,5869,trinken
5870,Sie,sie,PRON,sb,5869,trinken
5871,getrost,getrost,ADV,mo,5869,trinken
5872,!,--,PUNCT,punct,5869,trinken
5873,«,--,PUNCT,punct,5869,trinken
5874,Ein,ein,DET,nk,5875,Zucken
5875,Zucken,Zucken,NOUN,sb,5878,durchfuhr
5876,des,der,DET,nk,5877,Schrecks
5877,Schrecks,Schreck,NOUN,ag,5875,Zucken
5878,durchfuhr,Durchfuhr,VERB,ROOT,5878,durchfuhr
5879,den,der,DET,nk,5880,Alten
5880,Alten,alte,NOUN,da,5878,durchfuhr
5881,",",--,PUNCT,punct,5878,durchfuhr
5882,er,er,PRON,sb,5883,sprach
5883,sprach,sprechen,VERB,oc,5878,durchfuhr
5884,den,der,DET,nk,5885,Namen
5885,Namen,Name,NOUN,ROOT,5885,Namen
5886,Franziska,Franziska,PROPN,nk,5885,Namen
5887,heftig,heftig,ADV,mnr,5885,Namen
5888,aus,aus,ADP,mo,5885,Namen
5889,",",--,PUNCT,punct,5885,Namen
5890,und,und,CCONJ,cd,5885,Namen
5891,setzte,setzen,VERB,cj,5890,und
5892,den,der,DET,nk,5893,Pokal
5893,Pokal,Pokal,NOUN,oa,5891,setzte
5894,an,an,ADP,mo,5891,setzte
5895,die,der,DET,nk,5897,Lippen
5896,brünstigen,brünstig,ADJ,nk,5897,Lippen
5897,Lippen,Lippe,NOUN,nk,5894,an
5898,.,--,PUNCT,punct,5885,Namen
5899,Die,der,DET,nk,5900,Mutter
5900,Mutter,Mutter,NOUN,sb,5901,warf
5901,warf,werfen,VERB,ROOT,5901,warf
5902,einen,ein,DET,nk,5903,fragenden
5903,fragenden,fragend,ADJ,nk,5906,Blick
5904,und,und,CCONJ,cd,5903,fragenden
5905,verwundernden,verwundernd,ADJ,cj,5904,und
5906,Blick,Blick,NOUN,oa,5901,warf
5907,hinüber,hinüber,ADV,svp,5901,warf
5908,.,--,PUNCT,punct,5901,warf
5909,»,--,PUNCT,punct,5911,dieser
5910,Woher,woher,SCONJ,mo,5911,dieser
5911,dieser,dieser,PRON,ROOT,5911,dieser
5912,schöne,schön,ADJ,nk,5913,Becher
5913,Becher,Becher,NOUN,sb,5916,sagte
5914,?,--,PUNCT,punct,5916,sagte
5915,«,--,PUNCT,punct,5916,sagte
5916,sagte,sagen,VERB,ROOT,5916,sagte
5917,Ferdinand,Ferdinand,PROPN,sb,5916,sagte
5918,",",--,PUNCT,punct,5917,Ferdinand
5919,der,der,PRON,sb,5923,schämte
5920,sich,sich,PRON,oa,5923,schämte
5921,seiner,sein,DET,nk,5922,Zerstreuung
5922,Zerstreuung,Zerstreuung,NOUN,da,5923,schämte
5923,schämte,schämen,VERB,rc,5917,Ferdinand
5924,.,--,PUNCT,punct,5916,sagte
5925,»,--,PUNCT,ROOT,5925,»
5926,Vor,vor,ADP,ROOT,5926,Vor
5927,vielen,vieler,DET,nk,5928,Jahren
5928,Jahren,Jahr,NOUN,oc,5932,antwortete
5929,schon,schon,ADV,mo,5928,Jahren
5930,«,--,PUNCT,punct,5932,antwortete
5931,",",--,PUNCT,punct,5932,antwortete
5932,antwortete,antworten,VERB,ROOT,5932,antwortete
5933,Leopold,Leopold,PROPN,sb,5932,antwortete
5934,",",--,PUNCT,punct,5932,antwortete
5935,»,--,PUNCT,punct,5932,antwortete
5936,noch,noch,ADV,mo,5940,war
5937,ehe,ehe,SCONJ,cp,5940,war
5938,ich,ich,PRON,sb,5940,war
5939,geboren,gebären,VERB,pd,5940,war
5940,war,sein,AUX,mo,5932,antwortete
5941,",",--,PUNCT,punct,5942,hat
5942,hat,haben,AUX,oc,5932,antwortete
5943,ihn,ihn,PRON,oa,5942,hat
5944,mein,mein,DET,nk,5945,Vater
5945,Vater,Vater,NOUN,ROOT,5945,Vater
5946,zugleich,zugleich,ADV,mo,5945,Vater
5947,mit,mit,ADP,mnr,5945,Vater
5948,diesem,dieser,DET,nk,5949,Hause
5949,Hause,Haus,NOUN,nk,5947,mit
5950,und,und,CCONJ,cd,5949,Hause
5951,allen,aller,DET,nk,5952,Mobilien
5952,Mobilien,Mobilie,NOUN,cj,5950,und
5953,von,von,ADP,pg,5945,Vater
5954,einem,ein,DET,nk,5955,alten
5955,alten,alt,ADJ,nk,5953,von
5956,einsamen,einsamen,ADJ,nk,5957,Hagestolz
5957,Hagestolz,Hagestolz,NOUN,oa,5958,gekauft
5958,gekauft,kaufen,VERB,ROOT,5958,gekauft
5959,",",--,PUNCT,punct,5958,gekauft
5960,einem,ein,DET,nk,5962,Menschen
5961,stillen,still,ADJ,nk,5962,Menschen
5962,Menschen,Mensch,NOUN,app,5956,einsamen
5963,",",--,PUNCT,punct,5962,Menschen
5964,den,der,PRON,oa,5966,Nachbarschaft
5965,die,der,DET,nk,5966,Nachbarschaft
5966,Nachbarschaft,Nachbarschaft,NOUN,ROOT,5966,Nachbarschaft
5967,umher,umh,ADV,mnr,5966,Nachbarschaft
5968,für,für,ADP,mo,5971,hielt
5969,einen,ein,DET,nk,5970,Zauberer
5970,Zauberer,Zauberer,NOUN,nk,5968,für
5971,hielt,halten,VERB,ROOT,5971,hielt
5972,.,--,PUNCT,punct,5971,hielt
5973,«,--,PUNCT,punct,5971,hielt
5974,Ferdinand,Ferdinand,PROPN,sb,5975,mochte
5975,mochte,mögen,VERB,ROOT,5975,mochte
5976,nicht,nicht,PART,ng,5975,mochte
5977,sagen,sagen,VERB,oc,5975,mochte
5978,",",--,PUNCT,punct,5977,sagen
5979,daß,daß,SCONJ,cp,5982,gekannt
5980,er,er,PRON,sb,5982,gekannt
5981,jenen,jener,PRON,oa,5982,gekannt
5982,gekannt,kennen,VERB,oc,5977,sagen
5983,hatte,haben,AUX,ROOT,5983,hatte
5984,",",--,PUNCT,punct,5983,hatte
5985,denn,denn,CCONJ,cd,5983,hatte
5986,sein,sein,DET,nk,5987,Dasein
5987,Dasein,Dasein,NOUN,sb,5988,war
5988,war,sein,AUX,cj,5985,denn
5989,ihm,ihm,PRON,da,5995,verwirrt
5990,zu,zu,PART,mo,5991,sehr
5991,sehr,sehr,ADV,mo,5995,verwirrt
5992,zum,zu,ADP,mo,5995,verwirrt
5993,seltsamen,seltsam,ADJ,nk,5994,Traum
5994,Traum,Traum,NOUN,nk,5992,zum
5995,verwirrt,verwirren,ADV,pd,5988,war
5996,",",--,PUNCT,punct,5995,verwirrt
5997,um,um,SCONJ,ROOT,5997,um
5998,auch,auch,ADV,mo,5997,um
5999,nur,nur,ADV,mo,6000,aus
6000,aus,aus,ADP,mo,6010,lassen
6001,der,der,DET,nk,6002,Ferne
6002,Ferne,Ferne,NOUN,nk,6000,aus
6003,die,der,DET,nk,6004,übrigen
6004,übrigen,übrig,ADJ,oa,6010,lassen
6005,in,in,ADP,mo,6008,schauen
6006,sein,sein,DET,nk,6007,Gemüt
6007,Gemüt,Gemüt,NOUN,nk,6005,in
6008,schauen,schauen,VERB,oc,6010,lassen
6009,zu,zu,PART,pm,6010,lassen
6010,lassen,lassen,VERB,ROOT,6010,lassen
6011,.,--,PUNCT,punct,6010,lassen
6012,Nach,nach,ADP,mo,6015,war
6013,aufgehobener,aufgehoben,ADJ,nk,6014,Tafel
6014,Tafel,Tafel,NOUN,nk,6012,Nach
6015,war,sein,AUX,ROOT,6015,war
6016,er,er,PRON,sb,6015,war
6017,mit,mit,ADP,mo,6015,war
6018,der,der,DET,nk,6019,Mutter
6019,Mutter,Mutter,NOUN,nk,6017,mit
6020,allein,allein,ADV,mo,6015,war
6021,",",--,PUNCT,punct,6015,war
6022,weil,weil,SCONJ,cp,6025,Leute
6023,die,der,DET,nk,6025,Leute
6024,jungen,jung,ADJ,nk,6025,Leute
6025,Leute,Leute,NOUN,mo,6015,war
6026,sich,sich,PRON,oa,6027,zurückgezogen
6027,zurückgezogen,zurückziehen,VERB,oc,6028,hatten
6028,hatten,haben,AUX,ROOT,6028,hatten
6029,",",--,PUNCT,punct,6028,hatten
6030,um,um,SCONJ,cp,6035,treffen
6031,Anstalten,Anstalt,NOUN,oa,6035,treffen
6032,zum,zu,ADP,op,6035,treffen
6033,Balle,Balle,NOUN,nk,6032,zum
6034,zu,zu,PART,pm,6035,treffen
6035,treffen,treffen,VERB,mo,6027,zurückgezogen
6036,.,--,PUNCT,punct,6028,hatten
6037,»,--,PUNCT,punct,6038,Setzen
6038,Setzen,setzen,VERB,ROOT,6038,Setzen
6039,Sie,sie,PRON,sb,6038,Setzen
6040,sich,sich,PRON,oa,6038,Setzen
6041,neben,neben,ADP,dep,6045,sagte
6042,mich,mich,PRON,nk,6041,neben
6043,«,--,PUNCT,punct,6041,neben
6044,",",--,PUNCT,punct,6045,sagte
6045,sagte,sagen,VERB,ROOT,6045,sagte
6046,die,der,DET,nk,6047,Mutter
6047,Mutter,Mutter,NOUN,sb,6045,sagte
6048,",",--,PUNCT,punct,6045,sagte
6049,»,--,PUNCT,punct,6051,wollen
6050,wir,wir,PRON,sb,6051,wollen
6051,wollen,wollen,AUX,oc,6045,sagte
6052,ausruhen,ausruhen,VERB,oc,6051,wollen
6053,",",--,PUNCT,punct,6045,sagte
6054,denn,denn,CCONJ,cd,6045,sagte
6055,wir,wir,PRON,sb,6056,sind
6056,sind,sein,AUX,cj,6054,denn
6057,über,über,ADP,mo,6056,sind
6058,die,der,PRON,nk,6057,über
6059,Jahre,Jahr,NOUN,cj,6074,sagen
6060,des,der,DET,nk,6061,Tanzes
6061,Tanzes,Tanz,NOUN,ag,6059,Jahre
6062,hinweg,hinweg,ADP,mo,6059,Jahre
6063,",",--,PUNCT,punct,6059,Jahre
6064,und,und,CCONJ,ju,6074,sagen
6065,wenn,wenn,SCONJ,cp,6069,ist
6066,es,es,PRON,sb,6069,ist
6067,nicht,nicht,PART,ng,6069,ist
6068,unbescheiden,unbescheiden,ADV,pd,6069,ist
6069,ist,sein,AUX,re,6073,so
6070,zu,zu,PART,pm,6071,fragen
6071,fragen,fragen,VERB,oc,6069,ist
6072,",",--,PUNCT,punct,6073,so
6073,so,so,ADV,mo,6074,sagen
6074,sagen,sagen,VERB,ROOT,6074,sagen
6075,Sie,sie,PRON,sb,6076,mir
6076,mir,mir,PRON,ROOT,6076,mir
6077,doch,doch,ADV,mo,6076,mir
6078,",",--,PUNCT,punct,6076,mir
6079,ob,ob,SCONJ,cp,6081,unsern
6080,Sie,sie,PRON,sb,6081,unsern
6081,unsern,unsern,VERB,mo,6086,haben
6082,Pokal,Pokal,PROPN,oa,6081,unsern
6083,schon,schon,ADV,mo,6085,gesehn
6084,sonstwo,sonstwo,NOUN,mo,6085,gesehn
6085,gesehn,sehn,VERB,oa,6086,haben
6086,haben,haben,VERB,oc,6076,mir
6087,",",--,PUNCT,punct,6086,haben
6088,oder,oder,CCONJ,cd,6076,mir
6089,was,was,PRON,pd,6091,war
6090,es,es,PRON,sb,6091,war
6091,war,sein,AUX,cj,6088,oder
6092,",",--,PUNCT,punct,6076,mir
6093,was,was,PRON,oa,6097,bewegte
6094,Sie,sie,PRON,sb,6097,bewegte
6095,so,so,ADV,mo,6096,innerlichst
6096,innerlichst,innerlichst,ADV,mo,6097,bewegte
6097,bewegte,bewegen,VERB,ROOT,6097,bewegte
6098,.,--,PUNCT,punct,6097,bewegte
6099,«,--,PUNCT,punct,6097,bewegte
6100,»,--,PUNCT,punct,6103,Frau
6101,O,O,PROPN,nk,6103,Frau
6102,gnädige,gnädig,ADJ,nk,6103,Frau
6103,Frau,Frau,NOUN,sb,6111,verzeihen
6104,«,--,PUNCT,punct,6103,Frau
6105,",",--,PUNCT,punct,6106,sagte
6106,sagte,sagen,VERB,ROOT,6106,sagte
6107,der,der,DET,nk,6108,Alte
6108,Alte,alt,NOUN,sb,6106,sagte
6109,",",--,PUNCT,punct,6106,sagte
6110,»,--,PUNCT,punct,6111,verzeihen
6111,verzeihen,verzeihen,VERB,oc,6106,sagte
6112,Sie,sie,PRON,sb,6111,verzeihen
6113,meiner,mein,DET,nk,6115,Heftigkeit
6114,törichten,töricht,ADJ,nk,6115,Heftigkeit
6115,Heftigkeit,Heftigkeit,NOUN,oa,6111,verzeihen
6116,und,und,CCONJ,dep,6119,aber
6117,Rührung,Rührung,NOUN,cj,6116,und
6118,;,--,PUNCT,punct,6116,und
6119,aber,aber,CCONJ,ju,6127,ist
6120,seit,seit,SCONJ,cp,6125,bin
6121,ich,ich,PRON,sb,6125,bin
6122,in,in,ADP,mo,6125,bin
6123,Ihrem,ihr,DET,nk,6124,Hause
6124,Hause,Haus,NOUN,nk,6122,in
6125,bin,sein,AUX,mo,6127,ist
6126,",",--,PUNCT,punct,6127,ist
6127,ist,sein,AUX,ROOT,6127,ist
6128,es,es,PRON,sb,6127,ist
6129,",",--,PUNCT,punct,6128,es
6130,als,als,SCONJ,cm,6131,gehöre
6131,gehöre,gehören,VERB,re,6128,es
6132,ich,ich,PRON,sb,6131,gehöre
6133,mir,mir,PRON,da,6131,gehöre
6134,nicht,nicht,PART,ng,6131,gehöre
6135,mehr,mehr,ADV,ROOT,6135,mehr
6136,an,an,ADP,ROOT,6136,an
6137,",",--,PUNCT,punct,6142,vergesse
6138,denn,denn,CCONJ,ju,6142,vergesse
6139,in,in,ADP,mo,6142,vergesse
6140,jedem,jeder,DET,nk,6141,Augenblicke
6141,Augenblicke,Augenblick,NOUN,nk,6139,in
6142,vergesse,vergessen,VERB,ROOT,6142,vergesse
6143,ich,ich,PRON,sb,6142,vergesse
6144,es,es,PRON,oa,6142,vergesse
6145,",",--,PUNCT,punct,6142,vergesse
6146,daß,daß,SCONJ,cp,6150,ist
6147,mein,mein,DET,nk,6148,Haar
6148,Haar,Haar,NOUN,sb,6150,ist
6149,grau,grau,ADV,pd,6150,ist
6150,ist,sein,AUX,oc,6142,vergesse
6151,",",--,PUNCT,punct,6150,ist
6152,daß,daß,SCONJ,punct,6142,vergesse
6153,meine,mein,DET,nk,6154,Geliebten
6154,Geliebten,geliebter,NOUN,sb,6156,sind
6155,gestorben,sterben,VERB,oc,6156,sind
6156,sind,sein,AUX,ROOT,6156,sind
6157,.,--,PUNCT,punct,6156,sind
6158,Ihre,ihr,DET,nk,6160,Tochter
6159,schöne,schön,ADJ,nk,6160,Tochter
6160,Tochter,Tochter,NOUN,ROOT,6160,Tochter
6161,",",--,PUNCT,punct,6160,Tochter
6162,die,der,PRON,sb,6165,frohesten
6163,heute,heute,ADV,mo,6165,frohesten
6164,den,der,DET,nk,6165,frohesten
6165,frohesten,frohester,ADJ,app,6160,Tochter
6166,Tag,Tag,NOUN,mo,6169,feiert
6167,ihres,ihr,DET,nk,6168,Lebens
6168,Lebens,Leben,NOUN,ag,6166,Tag
6169,feiert,feiern,VERB,sb,6171,ist
6170,",",--,PUNCT,punct,6171,ist
6171,ist,sein,AUX,ROOT,6171,ist
6172,einem,ein,DET,nk,6173,Mädchen
6173,Mädchen,Mädchen,NOUN,da,6171,ist
6174,",",--,PUNCT,punct,6173,Mädchen
6175,das,der,PRON,oa,6180,kannte
6176,ich,ich,PRON,sb,6180,kannte
6177,in,in,ADP,mo,6180,kannte
6178,meiner,mein,DET,nk,6179,Jugend
6179,Jugend,Jugend,NOUN,nk,6177,in
6180,kannte,kennen,VERB,rc,6173,Mädchen
6181,und,und,CCONJ,cd,6180,kannte
6182,anbetete,anbeten,VERB,ROOT,6182,anbetete
6183,",",--,PUNCT,punct,6184,so
6184,so,so,ADV,mo,6185,ähnlich
6185,ähnlich,ähnlich,ADV,mo,6182,anbetete
6186,",",--,PUNCT,punct,6185,ähnlich
6187,daß,daß,SCONJ,cp,6194,muß
6188,ich,ich,PRON,sb,6194,muß
6189,es,es,PRON,oa,6193,halten
6190,für,für,ADP,mo,6193,halten
6191,ein,ein,DET,nk,6192,Wunder
6192,Wunder,Wunder,NOUN,nk,6190,für
6193,halten,halten,VERB,oc,6194,muß
6194,muß,müssen,AUX,cc,6184,so
6195,;,--,PUNCT,punct,6182,anbetete
6196,nicht,nicht,PART,ng,6197,ähnlich
6197,ähnlich,ähnlich,ADV,ROOT,6197,ähnlich
6198,",",--,PUNCT,punct,6197,ähnlich
6199,nein,nein,PART,dm,6203,sagt
6200,",",--,PUNCT,punct,6203,sagt
6201,der,der,DET,nk,6202,Ausdruck
6202,Ausdruck,Ausdruck,NOUN,sb,6203,sagt
6203,sagt,sagen,VERB,ROOT,6203,sagt
6204,zu,zu,PART,mo,6205,wenig
6205,wenig,wenig,PRON,sb,6203,sagt
6206,",",--,PUNCT,punct,6203,sagt
6207,sie,sie,PRON,sb,6208,ist
6208,ist,sein,AUX,oc,6203,sagt
6209,es,es,PRON,pd,6208,ist
6210,selbst,selbst,ADV,mo,6208,ist
6211,!,--,PUNCT,punct,6203,sagt
6212,Auch,auch,ADV,mo,6213,hier
6213,hier,hier,ADV,mo,6214,im
6214,im,in,ADP,mo,6216,bin
6215,Hause,Haus,NOUN,nk,6214,im
6216,bin,sein,AUX,ROOT,6216,bin
6217,ich,ich,PRON,sb,6216,bin
6218,viel,viel,PRON,pd,6219,gewesen
6219,gewesen,sein,AUX,ROOT,6219,gewesen
6220,",",--,PUNCT,punct,6219,gewesen
6221,und,und,CCONJ,cd,6219,gewesen
6222,einmal,einmal,ADV,mo,6223,mit
6223,mit,mit,ADP,mo,6230,bekannt
6224,diesem,dieser,DET,nk,6225,Pokal
6225,Pokal,Pokal,NOUN,nk,6223,mit
6226,auf,auf,ADP,mo,6230,bekannt
6227,die,der,DET,nk,6229,Weise
6228,seltsamste,seltsam,ADJ,nk,6229,Weise
6229,Weise,Weise,NOUN,nk,6226,auf
6230,bekannt,bekannt,ADV,cj,6221,und
6231,geworden,werden,AUX,ROOT,6231,geworden
6232,.,--,PUNCT,punct,6231,geworden
6233,«,--,PUNCT,ROOT,6233,«
6234,Er,er,PRON,sb,6235,erzählte
6235,erzählte,erzählen,VERB,ROOT,6235,erzählte
6236,ihr,ihr,PRON,da,6235,erzählte
6237,hierauf,hierauf,ADV,mo,6235,erzählte
6238,sein,sein,DET,nk,6239,Abenteuer
6239,Abenteuer,Abenteuer,NOUN,oa,6235,erzählte
6240,.,--,PUNCT,punct,6235,erzählte
6241,»,--,PUNCT,punct,6244,Abend
6242,An,an,ADP,ROOT,6242,An
6243,dem,der,DET,nk,6244,Abend
6244,Abend,Abend,NOUN,nk,6242,An
6245,dieses,dieser,DET,nk,6246,Tages
6246,Tages,Tag,NOUN,ag,6244,Abend
6247,«,--,PUNCT,punct,6244,Abend
6248,",",--,PUNCT,punct,6242,An
6249,so,so,ADV,mo,6250,beschloß
6250,beschloß,beschließen,VERB,ROOT,6250,beschloß
6251,er,er,PRON,sb,6250,beschloß
6252,",",--,PUNCT,punct,6250,beschloß
6253,»,--,PUNCT,punct,6254,sah
6254,sah,sehen,VERB,oc,6250,beschloß
6255,ich,ich,PRON,sb,6254,sah
6256,draußen,draußen,ADV,mo,6254,sah
6257,im,in,ADP,mo,6254,sah
6258,Park,Park,NOUN,nk,6257,im
6259,meine,mein,DET,nk,6260,Geliebte
6260,Geliebte,Geliebte,NOUN,oa,6254,sah
6261,zum,zu,ADP,mo,6254,sah
6262,letztenmal,letztenmal,NOUN,nk,6261,zum
6263,",",--,PUNCT,punct,6254,sah
6264,indem,indem,SCONJ,dep,6250,beschloß
6265,sie,sie,PRON,sb,6268,fuhr
6266,über,über,ADP,mo,6268,fuhr
6267,Land,Land,NOUN,nk,6266,über
6268,fuhr,fahren,VERB,ROOT,6268,fuhr
6269,.,--,PUNCT,punct,6268,fuhr
6270,Eine,ein,DET,nk,6271,Rose
6271,Rose,Rose,NOUN,sb,6272,entfiel
6272,entfiel,entfallen,VERB,ROOT,6272,entfiel
6273,ihr,ihr,PRON,da,6272,entfiel
6274,",",--,PUNCT,punct,6272,entfiel
6275,diese,dieser,PRON,oa,6278,aufbewahrt
6276,habe,haben,AUX,cj,6272,entfiel
6277,ich,ich,PRON,sb,6276,habe
6278,aufbewahrt,aufbewahren,VERB,oc,6276,habe
6279,;,--,PUNCT,punct,6272,entfiel
6280,sie,sie,PRON,ROOT,6280,sie
6281,selbst,selbst,ADV,mo,6282,ging
6282,ging,gehen,VERB,ROOT,6282,ging
6283,mir,mir,PRON,da,6282,ging
6284,verloren,verloren,ADV,mo,6282,ging
6285,",",--,PUNCT,punct,6282,ging
6286,denn,denn,CCONJ,cd,6282,ging
6287,sie,sie,PRON,sb,6288,ward
6288,ward,werden,VERB,cj,6286,denn
6289,mir,mir,PRON,da,6290,ungetreu
6290,ungetreu,ungetreu,ADV,mo,6288,ward
6291,und,und,CCONJ,cd,6290,ungetreu
6292,bald,bald,ADV,mo,6294,vermählt
6293,darauf,darauf,ADV,op,6294,vermählt
6294,vermählt,vermählen,VERB,cj,6291,und
6295,.,--,PUNCT,punct,6282,ging
6296,«,--,PUNCT,punct,6282,ging
6297,»,--,PUNCT,punct,6298,Gott
6298,Gott,Gott,NOUN,sb,6303,rief
6299,im,in,ADP,mnr,6298,Gott
6300,Himmel,Himmel,NOUN,nk,6299,im
6301,!,--,PUNCT,punct,6303,rief
6302,«,--,PUNCT,punct,6303,rief
6303,rief,rufen,VERB,ROOT,6303,rief
6304,die,der,DET,nk,6305,Alte
6305,Alte,alt,ADJ,oa,6303,rief
6306,und,und,CCONJ,cd,6303,rief
6307,sprang,springen,VERB,cj,6306,und
6308,heftig,heftig,ADV,mo,6307,sprang
6309,bewegt,bewegen,VERB,mo,6307,sprang
6310,auf,auf,ADP,svp,6307,sprang
6311,",",--,PUNCT,punct,6307,sprang
6312,»,--,PUNCT,punct,6314,bist
6313,du,du,PRON,sb,6314,bist
6314,bist,sein,AUX,oc,6307,sprang
6315,doch,doch,ADV,mo,6314,bist
6316,nicht,nicht,PART,ng,6317,Ferdinand
6317,Ferdinand,Ferdinand,NOUN,ROOT,6317,Ferdinand
6318,?,--,PUNCT,punct,6317,Ferdinand
6319,«,--,PUNCT,punct,6317,Ferdinand
6320,»,--,PUNCT,punct,6322,ist
6321,So,so,ADV,mo,6322,ist
6322,ist,sein,AUX,oc,6327,sagte
6323,mein,mein,DET,nk,6324,Name
6324,Name,Name,NOUN,sb,6322,ist
6325,«,--,PUNCT,punct,6322,ist
6326,",",--,PUNCT,punct,6327,sagte
6327,sagte,sagen,VERB,ROOT,6327,sagte
6328,jener,jener,PRON,sb,6327,sagte
6329,.,--,PUNCT,punct,6327,sagte
6330,»,--,PUNCT,punct,6332,bin
6331,Ich,ich,PRON,sb,6332,bin
6332,bin,sein,AUX,oc,6336,antwortete
6333,Franziska,Franziska,PROPN,pd,6332,bin
6334,«,--,PUNCT,punct,6332,bin
6335,",",--,PUNCT,punct,6336,antwortete
6336,antwortete,antworten,VERB,ROOT,6336,antwortete
6337,die,der,DET,nk,6338,Mutter
6338,Mutter,Mutter,NOUN,sb,6336,antwortete
6339,.,--,PUNCT,punct,6336,antwortete
6340,Sie,sie,PRON,sb,6341,wollten
6341,wollten,wollen,AUX,ROOT,6341,wollten
6342,sich,sich,PRON,oa,6343,umarmen
6343,umarmen,umarmen,VERB,oc,6341,wollten
6344,",",--,PUNCT,punct,6341,wollten
6345,und,und,CCONJ,cd,6341,wollten
6346,fuhren,fahren,VERB,cj,6345,und
6347,schnell,schnell,ADV,mo,6346,fuhren
6348,zurück,zurück,ADV,svp,6346,fuhren
6349,.,--,PUNCT,punct,6341,wollten
6350,Beide,beide,PRON,sb,6351,betrachteten
6351,betrachteten,betrachten,VERB,ROOT,6351,betrachteten
6352,sich,sich,PRON,oa,6351,betrachteten
6353,mit,mit,ADP,mo,6358,suchten
6354,prüfenden,prüfend,ADJ,nk,6355,Blicken
6355,Blicken,Blick,NOUN,nk,6353,mit
6356,",",--,PUNCT,punct,6355,Blicken
6357,beide,beide,PRON,sb,6358,suchten
6358,suchten,suchen,VERB,ROOT,6358,suchten
6359,aus,aus,ADP,mo,6358,suchten
6360,dem,der,DET,nk,6361,Ruin
6361,Ruin,Ruin,NOUN,nk,6359,aus
6362,der,der,DET,nk,6363,Zeit
6363,Zeit,Zeit,NOUN,ag,6361,Ruin
6364,jene,jener,DET,nk,6365,Lineamente
6365,Lineamente,Lineament,NOUN,sb,6358,suchten
6366,wieder,wieder,ADV,mo,6368,entwickeln
6367,zu,zu,PART,pm,6368,entwickeln
6368,entwickeln,entwickeln,VERB,ROOT,6368,entwickeln
6369,",",--,PUNCT,punct,6368,entwickeln
6370,die,der,PRON,oa,6374,gekannt
6371,sie,sie,PRON,sb,6377,hatten
6372,ehemals,ehemals,ADV,mo,6374,gekannt
6373,aneinander,aneinander,ADV,mo,6374,gekannt
6374,gekannt,kennen,VERB,oc,6377,hatten
6375,und,und,CCONJ,cd,6374,gekannt
6376,geliebt,lieben,VERB,cj,6375,und
6377,hatten,haben,AUX,rc,6368,entwickeln
6378,",",--,PUNCT,punct,6368,entwickeln
6379,und,und,CCONJ,ROOT,6379,und
6380,wie,wie,ADP,cm,6381,in
6381,in,in,ADP,cj,6379,und
6382,dunkeln,dunkeln,ADJ,nk,6383,Gewitternächten
6383,Gewitternächten,Gewitternächte,NOUN,nk,6381,in
6384,unter,unter,ADP,mnr,6383,Gewitternächten
6385,dem,der,DET,nk,6386,Fluge
6386,Fluge,Flug,NOUN,nk,6384,unter
6387,schwarzer,schwarz,ADJ,nk,6388,Wolken
6388,Wolken,Wolke,NOUN,ag,6386,Fluge
6389,einzeln,einzeln,VERB,cj,6379,und
6390,in,in,ADP,mo,6389,einzeln
6391,flüchtigen,flüchtig,ADJ,nk,6392,Momenten
6392,Momenten,Moment,NOUN,da,6396,schimmern
6393,die,der,DET,nk,6394,Sterne
6394,Sterne,Stern,NOUN,oa,6396,schimmern
6395,rätselhaft,rätselhaft,ADV,mo,6396,schimmern
6396,schimmern,schimmern,VERB,ROOT,6396,schimmern
6397,",",--,PUNCT,punct,6396,schimmern
6398,um,um,SCONJ,cp,6399,schnell
6399,schnell,schnell,ADV,mo,6396,schimmern
6400,wieder,wieder,ADV,mo,6399,schnell
6401,zu,zu,ADP,svp,6396,schimmern
6402,erlöschen,erlöschen,VERB,mo,6405,schien
6403,",",--,PUNCT,punct,6404,so
6404,so,so,ADV,mo,6405,schien
6405,schien,scheinen,VERB,ROOT,6405,schien
6406,ihnen,ihnen,PRON,da,6405,schien
6407,aus,aus,ADP,mo,6405,schien
6408,den,der,DET,nk,6409,Augen
6409,Augen,Auge,NOUN,nk,6407,aus
6410,",",--,PUNCT,punct,6405,schien
6411,von,von,ADP,mo,6415,jezuweilen
6412,Stirn,Stirn,PROPN,nk,6411,von
6413,und,und,CCONJ,cd,6412,Stirn
6414,Mund,Mund,NOUN,cj,6413,und
6415,jezuweilen,jezuweilen,VERB,cj,6405,schien
6416,der,der,DET,dep,6405,schien
6417,wohlbekannte,wohlbekannt,VERB,ROOT,6417,wohlbekannte
6418,Zug,Zug,NOUN,sb,6417,wohlbekannte
6419,vorüberblitzend,vorüberblitzend,ADV,mo,6417,wohlbekannte
6420,",",--,PUNCT,punct,6417,wohlbekannte
6421,und,und,CCONJ,cd,6417,wohlbekannte
6422,es,es,PRON,sb,6423,war
6423,war,sein,AUX,cj,6421,und
6424,",",--,PUNCT,punct,6423,war
6425,als,als,SCONJ,cm,6428,Jugend
6426,wenn,wenn,SCONJ,cp,6428,Jugend
6427,ihre,ihr,DET,nk,6428,Jugend
6428,Jugend,Jugend,NOUN,mo,6423,war
6429,in,in,ADP,mnr,6428,Jugend
6430,der,der,DET,nk,6431,Ferne
6431,Ferne,Ferne,NOUN,nk,6429,in
6432,lächelnd,lächelnd,ADV,mo,6433,weinte
6433,weinte,weinen,VERB,ROOT,6433,weinte
6434,.,--,PUNCT,punct,6433,weinte
6435,Er,er,PRON,sb,6436,bog
6436,bog,bogn,VERB,ROOT,6436,bog
6437,sich,sich,PRON,oa,6436,bog
6438,nieder,nieder,ADV,svp,6436,bog
6439,und,und,CCONJ,cd,6436,bog
6440,küßte,küssen,VERB,cj,6439,und
6441,ihre,ihr,DET,nk,6442,Hand
6442,Hand,Hand,NOUN,oa,6440,küßte
6443,",",--,PUNCT,punct,6440,küßte
6444,indem,indem,SCONJ,cp,6446,große
6445,zwei,zwei,NUM,nk,6446,große
6446,große,groß,ADJ,cj,6440,küßte
6447,Tränen,Träne,NOUN,oa,6448,herabstürzten
6448,herabstürzten,herabstürzten,VERB,re,6450,dann
6449,",",--,PUNCT,punct,6450,dann
6450,dann,dann,ADV,mo,6451,umarmten
6451,umarmten,umarmen,VERB,ROOT,6451,umarmten
6452,sie,sie,PRON,sb,6451,umarmten
6453,sich,sich,PRON,oa,6451,umarmten
6454,herzlich,herzlich,ADV,mo,6451,umarmten
6455,.,--,PUNCT,punct,6451,umarmten
6456,»,--,PUNCT,punct,6457,Ist
6457,Ist,sein,AUX,oc,6463,fragte
6458,deine,dein,DET,nk,6459,Frau
6459,Frau,Frau,NOUN,sb,6457,Ist
6460,gestorben,sterben,VERB,oc,6457,Ist
6461,?,--,PUNCT,punct,6463,fragte
6462,«,--,PUNCT,punct,6457,Ist
6463,fragte,fragen,VERB,ROOT,6463,fragte
6464,die,der,DET,nk,6465,Mutter
6465,Mutter,Mutter,NOUN,sb,6463,fragte
6466,.,--,PUNCT,punct,6463,fragte
6467,»,--,PUNCT,punct,6469,war
6468,Ich,ich,PRON,sb,6469,war
6469,war,sein,AUX,oc,6474,schluchzte
6470,nie,nie,ADV,mo,6471,verheiratet
6471,verheiratet,verheiraten,VERB,pd,6469,war
6472,«,--,PUNCT,punct,6469,war
6473,",",--,PUNCT,punct,6474,schluchzte
6474,schluchzte,schluchzen,VERB,ROOT,6474,schluchzte
6475,Ferdinand,Ferdinand,PROPN,sb,6474,schluchzte
6476,.,--,PUNCT,punct,6474,schluchzte
6477,»,--,PUNCT,punct,6478,Himmel
6478,Himmel,Himmel,NOUN,sb,6491,bin
6479,!,--,PUNCT,punct,6481,sagte
6480,«,--,PUNCT,punct,6481,sagte
6481,sagte,sagen,VERB,ROOT,6481,sagte
6482,die,der,DET,nk,6483,Alte
6483,Alte,alt,NOUN,sb,6481,sagte
6484,",",--,PUNCT,punct,6481,sagte
6485,die,der,DET,nk,6486,Hände
6486,Hände,Hand,NOUN,cj,6481,sagte
6487,ringend,ringend,ADV,mo,6481,sagte
6488,",",--,PUNCT,punct,6481,sagte
6489,»,--,PUNCT,punct,6491,bin
6490,so,so,ADV,mo,6491,bin
6491,bin,sein,AUX,oc,6481,sagte
6492,ich,ich,PRON,sb,6491,bin
6493,die,der,DET,nk,6494,Ungetreue
6494,Ungetreue,Ungetreue,NOUN,pd,6495,gewesen
6495,gewesen,sein,AUX,oc,6491,bin
6496,!,--,PUNCT,punct,6481,sagte
6497,Doch,doch,CCONJ,ju,6501,ungetreu
6498,nein,nein,PART,dm,6501,ungetreu
6499,",",--,PUNCT,punct,6501,ungetreu
6500,nicht,nicht,PART,ng,6501,ungetreu
6501,ungetreu,ungetreu,ADV,ROOT,6501,ungetreu
6502,.,--,PUNCT,punct,6501,ungetreu
6503,Als,als,SCONJ,cp,6507,zurückkam
6504,ich,ich,PRON,sb,6507,zurückkam
6505,vom,von,ADP,mo,6507,zurückkam
6506,Lande,Land,NOUN,nk,6505,vom
6507,zurückkam,zurückkommen,VERB,ROOT,6507,zurückkam
6508,",",--,PUNCT,punct,6507,zurückkam
6509,wo,wo,SCONJ,mo,6510,ich
6510,ich,ich,PRON,sb,6507,zurückkam
6511,zwei,zwei,NUM,nk,6512,Monden
6512,Monden,Mond,NOUN,oa,6507,zurückkam
6513,gewesen,sein,AUX,oc,6514,war
6514,war,sein,AUX,oc,6516,hörte
6515,",",--,PUNCT,punct,6516,hörte
6516,hörte,hören,VERB,ROOT,6516,hörte
6517,ich,ich,PRON,sb,6516,hörte
6518,von,von,ADP,op,6516,hörte
6519,allen,aller,DET,nk,6520,Menschen
6520,Menschen,Mensch,NOUN,nk,6518,von
6521,",",--,PUNCT,punct,6516,hörte
6522,auch,auch,ADV,mo,6523,von
6523,von,von,ADP,mo,6516,hörte
6524,deinen,dein,DET,nk,6525,Freunden
6525,Freunden,Freund,NOUN,nk,6523,von
6526,",",--,PUNCT,punct,6516,hörte
6527,nicht,nicht,PART,ng,6528,bloß
6528,bloß,bloß,ADV,mo,6516,hörte
6529,den,der,DET,nk,6530,meinigen
6530,meinigen,Meinig,NOUN,ROOT,6530,meinigen
6531,",",--,PUNCT,punct,6530,meinigen
6532,du,du,PRON,sb,6533,seist
6533,seist,seisen,VERB,oc,6530,meinigen
6534,längst,längst,ADV,mo,6535,abgereist
6535,abgereist,abreisen,VERB,oc,6533,seist
6536,und,und,CCONJ,cd,6535,abgereist
6537,in,in,ADP,mo,6540,verheiratet
6538,deinem,dein,DET,nk,6539,Vaterlande
6539,Vaterlande,Vaterlande,NOUN,nk,6537,in
6540,verheiratet,verheiraten,VERB,cj,6536,und
6541,",",--,PUNCT,punct,6533,seist
6542,man,man,PRON,sb,6543,zeigte
6543,zeigte,zeigen,VERB,ROOT,6543,zeigte
6544,mir,mir,PRON,da,6543,zeigte
6545,die,der,DET,nk,6547,Briefe
6546,glaubwürdigsten,glaubwürdigst,ADJ,nk,6547,Briefe
6547,Briefe,Brief,NOUN,oa,6543,zeigte
6548,",",--,PUNCT,punct,6547,Briefe
6549,man,man,PRON,oa,6543,zeigte
6550,drang,drang,ADV,mo,6551,heftig
6551,heftig,heftig,ADV,mo,6543,zeigte
6552,in,in,ADP,mo,6551,heftig
6553,mich,mich,PRON,nk,6552,in
6554,",",--,PUNCT,punct,6543,zeigte
6555,man,man,PRON,dep,6543,zeigte
6556,benutzte,benutzen,VERB,ROOT,6556,benutzte
6557,meine,mein,DET,nk,6558,Trostlosigkeit
6558,Trostlosigkeit,Trostlosigkeit,NOUN,oa,6556,benutzte
6559,",",--,PUNCT,punct,6556,benutzte
6560,meinen,mein,DET,nk,6561,Zorn
6561,Zorn,Zorn,NOUN,oa,6556,benutzte
6562,",",--,PUNCT,punct,6556,benutzte
6563,und,und,CCONJ,cd,6556,benutzte
6564,so,so,ADV,mo,6565,geschah
6565,geschah,geschehen,VERB,cj,6563,und
6566,es,es,PRON,ep,6565,geschah
6567,",",--,PUNCT,punct,6565,geschah
6568,daß,daß,SCONJ,cp,6570,meine
6569,ich,ich,PRON,sb,6570,meine
6570,meine,meinen,VERB,oc,6565,geschah
6571,Hand,Hand,NOUN,sb,6575,gab
6572,dem,der,DET,nk,6574,Manne
6573,verdienstvollen,verdienstvoll,ADJ,nk,6574,Manne
6574,Manne,Manne,NOUN,da,6575,gab
6575,gab,geben,VERB,ROOT,6575,gab
6576,;,--,PUNCT,punct,6575,gab
6577,mein,mein,DET,nk,6578,Herz
6578,Herz,Herz,NOUN,ROOT,6578,Herz
6579,",",--,PUNCT,punct,6578,Herz
6580,meine,mein,DET,nk,6581,Gedanken
6581,Gedanken,Gedanke,NOUN,sb,6582,blieben
6582,blieben,bleiben,VERB,cj,6578,Herz
6583,dir,dir,PRON,da,6582,blieben
6584,immer,immer,ADV,mo,6582,blieben
6585,gewidmet,widmen,VERB,ROOT,6585,gewidmet
6586,.,--,PUNCT,punct,6585,gewidmet
6587,«,--,PUNCT,ROOT,6587,«
6588,»,--,PUNCT,punct,6590,habe
6589,Ich,ich,PRON,sb,6590,habe
6590,habe,haben,AUX,oc,6598,sagte
6591,mich,sich,PRON,oa,6595,entfernt
6592,nicht,nicht,PART,ng,6595,entfernt
6593,von,von,ADP,mo,6595,entfernt
6594,hier,hier,ADV,nk,6593,von
6595,entfernt,entfernt,ADV,oc,6590,habe
6596,«,--,PUNCT,punct,6590,habe
6597,",",--,PUNCT,punct,6598,sagte
6598,sagte,sagen,VERB,ROOT,6598,sagte
6599,Ferdinand,Ferdinand,PROPN,sb,6598,sagte
6600,",",--,PUNCT,punct,6598,sagte
6601,»,--,PUNCT,punct,6590,habe
6602,aber,aber,CCONJ,mo,6603,nach
6603,nach,nach,ADP,dep,6598,sagte
6604,einiger,einiger,DET,dep,6598,sagte
6605,Zeit,Zeit,NOUN,mo,6606,vernahm
6606,vernahm,vernehmen,VERB,ROOT,6606,vernahm
6607,ich,ich,PRON,sb,6606,vernahm
6608,deine,dein,DET,nk,6609,Vermählung
6609,Vermählung,Vermählung,NOUN,oa,6606,vernahm
6610,.,--,PUNCT,punct,6606,vernahm
6611,Man,man,PRON,sb,6612,wollte
6612,wollte,wollen,AUX,ROOT,6612,wollte
6613,uns,uns,PRON,oa,6614,trennen
6614,trennen,trennen,VERB,oc,6612,wollte
6615,",",--,PUNCT,punct,6612,wollte
6616,und,und,CCONJ,cd,6612,wollte
6617,es,es,PRON,sb,6618,ist
6618,ist,sein,AUX,cj,6616,und
6619,ihnen,ihnen,PRON,da,6618,ist
6620,gelungen,gelingen,VERB,ROOT,6620,gelungen
6621,.,--,PUNCT,punct,6620,gelungen
6622,Du,du,PRON,sb,6623,bist
6623,bist,sein,AUX,ROOT,6623,bist
6624,glückliche,glücklich,ADJ,nk,6625,Mutter
6625,Mutter,Mutter,NOUN,pd,6623,bist
6626,",",--,PUNCT,punct,6623,bist
6627,ich,ich,PRON,sb,6628,lebe
6628,lebe,leben,VERB,cj,6623,bist
6629,in,in,ADP,mo,6628,lebe
6630,der,der,DET,nk,6631,Vergangenheit
6631,Vergangenheit,Vergangenheit,NOUN,nk,6629,in
6632,",",--,PUNCT,punct,6623,bist
6633,und,und,CCONJ,cd,6623,bist
6634,alle,aller,PRON,cj,6633,und
6635,deine,dein,DET,nk,6636,Kinder
6636,Kinder,Kind,NOUN,oa,6642,lieben
6637,will,wollen,AUX,ROOT,6637,will
6638,ich,ich,PRON,sb,6637,will
6639,wie,wie,CCONJ,mo,6642,lieben
6640,die,der,DET,nk,6641,meinigen
6641,meinigen,Meinig,NOUN,cj,6639,wie
6642,lieben,lieben,VERB,oc,6637,will
6643,.,--,PUNCT,punct,6637,will
6644,Aber,aber,CCONJ,ju,6646,wunderbar
6645,wie,wie,ADV,mo,6646,wunderbar
6646,wunderbar,wunderbar,ADV,ROOT,6646,wunderbar
6647,",",--,PUNCT,punct,6646,wunderbar
6648,daß,daß,SCONJ,cp,6649,wir
6649,wir,wir,PRON,cc,6646,wunderbar
6650,uns,sich,PRON,oa,6649,wir
6651,seitdem,seitdem,ADV,mo,6653,wiedergesehen
6652,nie,nie,ADV,mo,6653,wiedergesehen
6653,wiedergesehen,wiedergesehen,VERB,oc,6654,haben
6654,haben,haben,AUX,ROOT,6654,haben
6655,.,--,PUNCT,punct,6654,haben
6656,«,--,PUNCT,ROOT,6656,«
6657,»,--,PUNCT,punct,6659,ging
6658,Ich,ich,PRON,sb,6659,ging
6659,ging,gehen,VERB,oc,6664,sagte
6660,wenig,wenig,PRON,mo,6659,ging
6661,aus,aus,ADP,svp,6659,ging
6662,«,--,PUNCT,punct,6659,ging
6663,",",--,PUNCT,punct,6664,sagte
6664,sagte,sagen,VERB,ROOT,6664,sagte
6665,die,der,DET,nk,6666,Mutter
6666,Mutter,Mutter,NOUN,sb,6664,sagte
6667,",",--,PUNCT,punct,6664,sagte
6668,»,--,PUNCT,punct,6659,ging
6669,und,und,CCONJ,cd,6664,sagte
6670,mein,mein,DET,nk,6671,Mann
6671,Mann,Mann,NOUN,cj,6669,und
6672,",",--,PUNCT,punct,6671,Mann
6673,der,der,PRON,sb,6676,einer
6674,bald,bald,ADV,mo,6675,darauf
6675,darauf,darauf,ADV,mnr,6676,einer
6676,einer,einer,PRON,dep,6664,sagte
6677,Erbschaft,Erbschaft,NOUN,oa,6682,annahm
6678,wegen,wegen,ADP,mo,6682,annahm
6679,einen,ein,DET,nk,6681,Namen
6680,andern,anderer,ADJ,nk,6681,Namen
6681,Namen,Name,NOUN,nk,6678,wegen
6682,annahm,annehmen,VERB,mo,6684,hat
6683,",",--,PUNCT,punct,6684,hat
6684,hat,haben,AUX,ROOT,6684,hat
6685,dir,dir,PRON,sb,6684,hat
6686,auch,auch,ADV,mo,6684,hat
6687,jeden,jeder,DET,nk,6688,Verdacht
6688,Verdacht,Verdacht,NOUN,oa,6684,hat
6689,dadurch,dadurch,ADV,mo,6684,hat
6690,entfernt,entfernt,ADV,ROOT,6690,entfernt
6691,",",--,PUNCT,punct,6690,entfernt
6692,daß,daß,SCONJ,cp,6698,könnten
6693,wir,wir,PRON,sb,6698,könnten
6694,in,in,ADP,mo,6697,wohnen
6695,derselben,derselbe,DET,nk,6696,Stadt
6696,Stadt,Stadt,NOUN,nk,6694,in
6697,wohnen,wohnen,VERB,oc,6698,könnten
6698,könnten,können,AUX,oc,6690,entfernt
6699,.,--,PUNCT,punct,6690,entfernt
6700,«,--,PUNCT,ROOT,6700,«
6701,»,--,PUNCT,punct,6703,vermied
6702,Ich,ich,PRON,sb,6703,vermied
6703,vermied,vermeiden,VERB,oc,6708,sagte
6704,die,der,DET,nk,6705,Menschen
6705,Menschen,Mensch,NOUN,oa,6703,vermied
6706,«,--,PUNCT,punct,6703,vermied
6707,",",--,PUNCT,punct,6708,sagte
6708,sagte,sagen,VERB,ROOT,6708,sagte
6709,Ferdinand,Ferdinand,PROPN,sb,6708,sagte
6710,",",--,PUNCT,punct,6708,sagte
6711,»,--,PUNCT,punct,6703,vermied
6712,und,und,CCONJ,cd,6708,sagte
6713,lebte,leben,VERB,cj,6712,und
6714,nur,nur,ADV,mo,6716,Einsamkeit
6715,der,der,DET,nk,6716,Einsamkeit
6716,Einsamkeit,Einsamkeit,NOUN,da,6713,lebte
6717,;,--,PUNCT,punct,6708,sagte
6718,Leopold,Leopold,PROPN,sb,6719,ist
6719,ist,sein,AUX,ROOT,6719,ist
6720,beinah,beinah,ADV,mo,6719,ist
6721,der,der,DET,nk,6722,einzige
6722,einzige,einzig,ADJ,pd,6719,ist
6723,",",--,PUNCT,punct,6722,einzige
6724,der,der,PRON,sb,6727,anzog
6725,mich,mich,PRON,oa,6727,anzog
6726,wieder,wieder,ADV,mo,6727,anzog
6727,anzog,anzog,ADJ,rc,6722,einzige
6728,und,und,CCONJ,cd,6727,anzog
6729,unter,unter,ADP,cj,6728,und
6730,Menschen,Mensch,NOUN,nk,6729,unter
6731,führte,führen,VERB,ROOT,6731,führte
6732,.,--,PUNCT,punct,6731,führte
6733,O,O,PROPN,sb,6734,geliebte
6734,geliebte,gelieben,VERB,ROOT,6734,geliebte
6735,Freundin,Freundin,NOUN,oa,6734,geliebte
6736,",",--,PUNCT,punct,6734,geliebte
6737,es,es,PRON,sb,6738,ist
6738,ist,sein,AUX,cj,6734,geliebte
6739,wie,wie,ADP,cm,6742,Geistergeschichte
6740,eine,ein,DET,nk,6742,Geistergeschichte
6741,schauerliche,schauerlich,ADJ,nk,6742,Geistergeschichte
6742,Geistergeschichte,Geistergeschichte,NOUN,pd,6738,ist
6743,",",--,PUNCT,punct,6738,ist
6744,wie,wie,SCONJ,mo,6747,verloren
6745,wir,wir,PRON,sb,6747,verloren
6746,uns,sich,PRON,oa,6747,verloren
6747,verloren,verlieren,VERB,oc,6750,haben
6748,und,und,CCONJ,cd,6747,verloren
6749,wiedergefunden,wiedergefunden,VERB,cj,6748,und
6750,haben,haben,AUX,ROOT,6750,haben
6751,.,--,PUNCT,punct,6750,haben
6752,«,--,PUNCT,punct,6750,haben
6753,Die,der,DET,nk,6755,Leute
6754,jungen,jung,ADJ,nk,6755,Leute
6755,Leute,Leute,NOUN,sb,6756,fanden
6756,fanden,finden,VERB,ROOT,6756,fanden
6757,die,der,DET,nk,6758,Alten
6758,Alten,alte,NOUN,oa,6756,fanden
6759,in,in,ADP,mo,6761,aufgelöst
6760,Tränen,Träne,NOUN,nk,6759,in
6761,aufgelöst,auflösen,VERB,oc,6756,fanden
6762,und,und,CCONJ,cd,6761,aufgelöst
6763,in,in,ADP,cj,6762,und
6764,tiefster,tiefst,ADJ,nk,6765,Bewegung
6765,Bewegung,Bewegung,NOUN,nk,6763,in
6766,.,--,PUNCT,punct,6756,fanden
6767,Keines,Keines,PRON,sb,6768,sagte
6768,sagte,sagen,VERB,ROOT,6768,sagte
6769,",",--,PUNCT,punct,6768,sagte
6770,was,was,PRON,sb,6772,war
6771,vorgefallen,vorgefallen,VERB,oc,6772,war
6772,war,sein,AUX,oc,6768,sagte
6773,",",--,PUNCT,punct,6772,war
6774,das,der,DET,nk,6775,Geheimnis
6775,Geheimnis,Geheimnis,NOUN,sb,6776,schien
6776,schien,scheinen,VERB,oc,6768,sagte
6777,ihnen,ihnen,PRON,da,6776,schien
6778,zu,zu,PART,mo,6779,heilig
6779,heilig,heilig,ADV,mo,6776,schien
6780,.,--,PUNCT,punct,6768,sagte
6781,Aber,aber,CCONJ,ROOT,6781,Aber
6782,seitdem,seitdem,ADV,mo,6783,war
6783,war,sein,AUX,ROOT,6783,war
6784,der,der,DET,nk,6785,Greis
6785,Greis,Greis,NOUN,sb,6783,war
6786,der,der,DET,nk,6787,Freund
6787,Freund,Freund,NOUN,ag,6785,Greis
6788,des,der,DET,nk,6789,Hauses
6789,Hauses,Haus,NOUN,ag,6787,Freund
6790,",",--,PUNCT,punct,6783,war
6791,und,und,CCONJ,cd,6783,war
6792,der,der,DET,nk,6793,Tod
6793,Tod,Tod,NOUN,cj,6791,und
6794,nur,nur,ADV,mo,6783,war
6795,schied,scheiden,VERB,pd,6783,war
6796,die,der,DET,nk,6797,beiden
6797,beiden,beide,PRON,sb,6795,schied
6798,Wesen,Wesen,NOUN,ROOT,6798,Wesen
6799,",",--,PUNCT,punct,6798,Wesen
6800,die,der,PRON,sb,6805,hatten
6801,sich,sich,PRON,oa,6804,wiedergefunden
6802,so,so,ADV,mo,6803,sonderbar
6803,sonderbar,sonderbar,ADV,mo,6804,wiedergefunden
6804,wiedergefunden,wiederfinden,VERB,oc,6805,hatten
6805,hatten,haben,AUX,rc,6798,Wesen
6806,",",--,PUNCT,punct,6805,hatten
6807,um,um,SCONJ,punct,6798,Wesen
6808,sie,sie,PRON,nk,6807,um
6809,kurze,kurz,ADJ,nk,6810,Zeit
6810,Zeit,Zeit,NOUN,oa,6798,Wesen
6811,nachher,nachher,ADV,mo,6798,Wesen
6812,wieder,wieder,ADV,mo,6814,vereinigen
6813,zu,zu,PART,pm,6814,vereinigen
6814,vereinigen,vereinigen,VERB,ROOT,6814,vereinigen
6815,.,--,PUNCT,punct,6814,vereinigen
